Date,Open,High,Low,Close,Volume,Adj Close
2007-08-03,271.4,289.5,258.74,258.74,15475,258.74
2007-08-06,255.12,255.12,245.18,245.18,11053,245.18
2007-08-13,262.35,262.35,262.35,262.35,1105,262.35
2007-08-14,270.5,270.5,270.5,270.5,5527,270.5
2007-08-27,272.3,272.3,272.3,272.3,5527,272.3
2007-09-05,253.31,253.31,253.31,253.31,1105,253.31
2007-09-11,247.87,247.87,247.87,247.87,2210,247.87
2007-09-13,249.69,253.31,249.69,253.31,2210,253.31
2007-09-14,253.31,253.31,253.31,253.31,5527,253.31
2007-09-26,248.79,248.79,248.79,248.79,2210,248.79
2007-10-02,239.74,239.74,239.74,239.74,1105,239.74
2007-10-09,244.26,244.26,244.26,244.26,1105,244.26
2007-10-10,246.08,246.08,246.08,246.08,2210,246.08
2007-10-11,248.79,248.79,248.79,248.79,2210,248.79
2007-10-12,248.79,248.79,248.79,248.79,1105,248.79
2007-10-15,252.4,252.4,252.4,252.4,6631,252.4
2007-10-25,252.4,252.4,252.4,252.4,1105,252.4
2007-10-26,252.4,252.4,252.4,252.4,1105,252.4
2007-11-08,231.61,231.61,231.61,231.61,1105,231.61
2007-11-09,238.83,238.83,238.83,238.83,1105,238.83
2007-11-12,229.79,229.79,228.88,228.88,2210,228.88
2007-11-13,242.45,242.45,242.45,242.45,1105,242.45
2007-11-14,252.4,252.4,252.4,252.4,5527,252.4
2007-11-26,248.79,248.79,248.79,248.79,1105,248.79
2007-12-10,248.79,248.79,245.18,245.18,2210,245.18
2007-12-11,252.4,252.4,252.4,252.4,3316,252.4
2007-12-12,249.69,249.69,249.69,249.69,2210,249.69
2007-12-14,253.31,253.31,253.31,253.31,6631,253.31
2007-12-26,253.31,253.31,253.31,253.31,2210,253.31
2008-01-07,241.56,241.56,241.56,241.56,1105,241.56
2008-01-08,241.56,241.56,241.56,241.56,1105,241.56
2008-01-11,253.31,253.31,245.18,245.18,4422,245.18
2008-01-15,241.56,241.56,241.56,241.56,5527,241.56
2008-01-22,196.32,196.32,196.32,196.32,2210,196.32
2008-01-23,218.92,227.98,218.92,227.98,2210,227.98
2008-01-28,238.83,238.83,238.83,238.83,1105,238.83
2008-01-29,216.22,216.22,216.22,216.22,1105,216.22
2008-02-01,212.6,212.6,212.6,212.6,1105,212.6
2008-02-05,213.51,213.51,213.51,213.51,4422,213.51
2008-02-06,231.61,231.61,231.61,231.61,2210,231.61
2008-02-12,226.17,226.17,226.17,226.17,2210,226.17
2008-02-13,226.17,227.08,224.36,226.17,4422,226.17
2008-02-14,221.65,221.65,221.65,221.65,7738,221.65
2008-02-20,204.45,205.36,204.45,205.36,2210,205.36
2008-02-22,201.75,201.75,201.75,201.75,1105,201.75
2008-02-26,210.79,210.79,210.79,210.79,1105,210.79
2008-03-03,206.26,206.26,206.26,206.26,2210,206.26
2008-03-05,208.08,208.08,208.08,208.08,2210,208.08
2008-03-11,213.51,213.51,213.51,213.51,1105,213.51
2008-03-12,214.41,214.41,214.41,214.41,1105,214.41
2008-03-13,218.92,218.92,216.22,216.22,3316,216.22
2008-03-14,216.22,216.22,216.22,216.22,7738,216.22
2008-03-26,218.92,218.92,218.92,218.92,1105,218.92
2008-04-09,210.79,210.79,210.79,210.79,1105,210.79
2008-04-10,212.6,212.6,212.6,212.6,1105,212.6
2008-04-11,217.13,217.13,199.94,199.94,11053,199.94
2008-04-14,199.03,199.03,199.03,199.03,7738,199.03
2008-04-15,189.98,189.98,189.98,189.98,1105,189.98
2008-04-17,189.98,190.88,189.98,190.88,2210,190.88
2008-04-25,199.94,204.45,199.94,204.45,2210,204.45
2008-04-28,208.08,208.08,199.03,199.03,3316,199.03
2008-04-30,195.41,195.41,195.41,195.41,1105,195.41
2008-05-01,199.03,199.03,199.03,199.03,1105,199.03
2008-05-09,198.13,198.13,190.88,190.88,3316,190.88
2008-05-14,204.45,204.45,204.45,204.45,8843,204.45
2008-05-26,204.45,204.45,204.45,204.45,1105,204.45
2008-05-28,203.56,203.56,203.56,203.56,1105,203.56
2008-06-10,203.56,203.56,199.03,199.03,7738,199.03
2008-06-11,203.56,203.56,199.03,199.03,8843,199.03
2008-06-12,203.56,217.13,199.03,203.56,8843,203.56
2008-06-16,221.65,221.65,221.65,221.65,7738,221.65
2008-06-19,221.65,225.27,221.65,225.27,2210,225.27
2008-06-25,231.61,231.61,230.69,230.69,5527,230.69
2008-06-27,295.82,295.82,295.82,295.82,14369,295.82
2008-07-01,254.21,254.21,254.21,254.21,1105,254.21
2008-07-09,263.26,263.26,257.83,257.83,3316,257.83
2008-07-14,257.83,257.83,257.83,257.83,7738,257.83
2008-07-15,227.08,227.08,227.08,227.08,1105,227.08
2008-08-07,223.45,223.45,223.45,223.45,1105,223.45
2008-08-11,223.45,223.45,223.45,223.45,1105,223.45
2008-08-13,224.36,224.36,224.36,224.36,1105,224.36
2008-08-14,226.17,226.17,226.17,226.17,7738,226.17
2008-08-26,237.03,237.03,237.03,237.03,12159,237.03
2008-09-03,218.92,218.92,218.92,218.92,1105,218.92
2008-09-09,224.36,224.36,224.36,224.36,1105,224.36
2008-09-12,246.98,246.98,244.26,244.26,2210,244.26
2008-09-16,259.65,259.65,259.65,259.65,5527,259.65
2008-10-09,226.17,226.17,226.17,226.17,2210,226.17
2008-10-10,226.17,226.17,226.17,226.17,1105,226.17
2008-10-14,226.17,226.17,226.17,226.17,7738,226.17
2008-10-16,226.17,226.17,226.17,226.17,1105,226.17
2008-10-21,217.13,217.13,216.22,216.22,2210,216.22
2008-10-27,221.65,221.65,221.65,221.65,4422,221.65
2008-11-10,221.65,221.65,221.65,221.65,1105,221.65
2008-11-11,221.65,221.65,221.65,221.65,2210,221.65
2008-11-12,212.6,212.6,212.6,212.6,1105,212.6
2008-11-13,216.22,216.22,216.22,216.22,2210,216.22
2008-11-14,217.13,217.13,217.13,217.13,7738,217.13
2008-11-18,199.03,217.13,199.03,217.13,4422,217.13
2008-11-19,217.13,217.13,217.13,217.13,2210,217.13
2008-11-21,220.74,220.74,220.74,220.74,1105,220.74
2008-11-26,220.74,220.74,220.74,220.74,2210,220.74
2008-12-03,207.18,207.18,207.18,207.18,1105,207.18
2008-12-05,202.64,202.64,202.64,202.64,1105,202.64
2008-12-08,180.93,180.93,180.93,180.93,4422,180.93
2008-12-11,180.93,180.93,180.93,180.93,5527,180.93
2008-12-12,180.93,180.93,180.93,180.93,1105,180.93
2008-12-15,203.56,203.56,203.56,203.56,8843,203.56
2008-12-17,199.03,199.03,199.03,199.03,1105,199.03
2008-12-26,189.98,189.98,189.98,189.98,1105,189.98
2009-01-08,199.03,199.03,199.03,199.03,2210,199.03
2009-01-09,185.46,199.03,185.46,199.03,12159,199.03
2009-01-13,199.03,199.94,199.03,199.03,4422,199.03
2009-01-14,189.98,189.98,189.98,189.98,8843,189.98
2009-01-22,189.98,189.98,189.98,189.98,1105,189.98
2009-01-26,199.03,199.03,199.03,199.03,1105,199.03
2009-02-02,185.46,185.46,180.93,180.93,2210,180.93
2009-02-12,180.93,189.98,180.93,189.98,11053,189.98
2009-02-13,189.98,194.5,189.98,194.5,2210,194.5
2009-02-16,216.22,216.22,189.07,189.07,9947,189.07
2009-02-26,193.61,193.61,193.61,193.61,2210,193.61
2009-03-05,185.46,185.46,185.46,185.46,2210,185.46
2009-03-06,189.98,189.98,185.46,185.46,3316,185.46
2009-03-09,192.69,192.69,192.69,192.69,2210,192.69
2009-03-10,189.98,189.98,189.98,189.98,2210,189.98
2009-03-11,189.98,189.98,189.98,189.98,3316,189.98
2009-03-12,185.46,189.98,181.84,189.98,6631,189.98
2009-03-13,190.88,190.88,181.84,185.46,3316,185.46
2009-03-16,176.41,176.41,176.41,176.41,13265,176.41
2009-03-17,171.89,171.89,167.36,167.36,2210,167.36
2009-03-18,163.75,163.75,163.75,163.75,2210,163.75
2009-03-26,173.7,173.7,173.7,173.7,2210,173.7
2009-04-03,176.41,176.41,176.41,176.41,2210,176.41
2009-04-09,180.93,186.37,180.93,186.37,1105,186.37
2009-04-10,177.31,180.93,176.41,180.93,4422,180.93
2009-04-13,185.46,185.46,185.46,185.46,1105,185.46
2009-04-14,189.07,189.07,180.93,180.93,8843,180.93
2009-04-17,180.03,191.79,170.09,170.09,38687,170.09
2009-04-20,174.6,174.6,174.6,174.6,4422,174.6
2009-04-21,165.56,165.56,165.56,165.56,4422,165.56
2009-04-22,166.46,166.46,166.46,166.46,1105,166.46
2009-04-24,167.36,167.36,167.36,167.36,1105,167.36
2009-04-27,171.89,171.89,171.89,171.89,1105,171.89
2009-04-28,172.79,172.79,172.79,172.79,2210,172.79
2009-05-01,171.89,171.89,171.89,171.89,2210,171.89
2009-05-08,171.89,171.89,171.89,171.89,1105,171.89
2009-05-11,173.7,173.7,172.79,172.79,2210,172.79
2009-05-12,174.6,174.6,174.6,174.6,1105,174.6
2009-05-13,174.6,174.6,173.7,174.6,3316,174.6
2009-05-14,167.36,176.41,167.36,176.41,12159,176.41
2009-05-26,179.13,179.13,179.13,179.13,2210,179.13
2009-06-02,174.6,174.6,174.6,174.6,1105,174.6
2009-06-03,178.22,180.03,178.22,180.03,6631,180.03
2009-06-04,177.31,177.31,177.31,177.31,1105,177.31
2009-06-08,182.75,182.75,180.93,180.93,4422,180.93
2009-06-10,182.75,182.75,182.75,182.75,1105,182.75
2009-06-11,187.26,187.26,180.93,180.93,15475,180.93
2009-06-12,185.46,186.37,185.46,186.37,2210,186.37
2009-06-15,178.22,180.03,178.22,180.03,11053,180.03
2009-06-16,180.93,180.93,180.93,180.93,4422,180.93
2009-06-25,180.93,185.46,180.93,180.93,16581,180.93
2009-06-26,189.98,189.98,189.98,189.98,33160,189.98
2009-06-29,197.22,197.22,197.22,197.22,1105,197.22
2009-06-30,197.22,197.22,197.22,197.22,1105,197.22
2009-07-01,184.56,197.22,184.56,197.22,3316,197.22
2009-07-10,197.22,197.22,197.22,197.22,1105,197.22
2009-07-13,208.08,208.08,208.08,208.08,1105,208.08
2009-07-14,208.08,208.08,208.08,208.08,7738,208.08
2009-07-24,208.08,244.26,208.08,244.26,5527,244.26
2009-07-27,256.03,256.03,256.03,256.03,6631,256.03
2009-08-05,255.12,255.12,255.12,255.12,1105,255.12
2009-08-06,232.5,232.5,201.75,217.13,30950,217.13
2009-08-07,225.27,225.27,220.74,223.45,5527,223.45
2009-08-10,227.08,227.08,227.08,227.08,1105,227.08
2009-08-11,228.88,232.5,228.88,232.5,14369,232.5
2009-08-13,235.22,237.92,235.22,237.92,5527,237.92
2009-08-14,246.98,246.98,246.98,246.98,6631,246.98
2009-08-17,246.98,246.98,246.98,246.98,1105,246.98
2009-08-25,244.26,244.26,244.26,244.26,1105,244.26
2009-08-26,253.31,253.31,253.31,253.31,1105,253.31
2009-08-27,235.22,235.22,235.22,235.22,2210,235.22
2009-09-01,235.22,235.22,235.22,235.22,1105,235.22
2009-09-07,232.5,232.5,232.5,232.5,1105,232.5
2009-09-08,232.5,232.5,232.5,232.5,1105,232.5
2009-09-10,244.26,244.26,244.26,244.26,2210,244.26
2009-09-11,244.26,244.26,244.26,244.26,1105,244.26
2009-09-14,239.74,239.74,239.74,239.74,6631,239.74
2009-09-15,230.69,230.69,230.69,230.69,1105,230.69
2009-09-18,227.98,227.98,227.98,227.98,1105,227.98
2009-09-28,238.83,238.83,238.83,238.83,1105,238.83
2009-10-01,229.79,229.79,229.79,229.79,1105,229.79
2009-10-07,230.69,230.69,230.69,230.69,1105,230.69
2009-10-09,244.26,248.79,231.61,240.64,7738,240.64
2009-10-13,240.64,240.64,240.64,240.64,1105,240.64
2009-10-14,245.18,245.18,245.18,245.18,6631,245.18
2009-10-26,249.69,249.69,249.69,249.69,2210,249.69
2009-11-02,230.69,230.69,230.69,230.69,1105,230.69
2009-11-11,240.64,240.64,240.64,240.64,1105,240.64
2009-11-12,241.56,241.56,241.56,241.56,3316,241.56
2009-11-13,245.18,245.18,244.26,244.26,2210,244.26
2009-11-16,242.45,242.45,242.45,242.45,6631,242.45
2009-11-19,228.88,228.88,226.17,226.17,2210,226.17
2009-11-26,229.79,230.69,229.79,230.69,2210,230.69
2009-12-02,208.08,208.08,178.22,183.66,13265,183.66
2009-12-03,183.66,183.66,183.66,183.66,2210,183.66
2009-12-08,183.66,183.66,183.66,183.66,1105,183.66
2009-12-10,200.84,200.84,200.84,200.84,1105,200.84
2009-12-11,205.36,205.36,199.03,199.03,6631,199.03
2009-12-14,203.56,203.56,203.56,203.56,8843,203.56
2010-01-14,265.98,265.98,265.98,265.98,7738,265.98
2010-01-25,217.13,217.13,217.13,217.13,1105,217.13
2010-01-27,222.55,222.55,220.74,220.74,3316,220.74
2010-02-03,238.83,238.83,238.83,238.83,1105,238.83
2010-02-08,236.12,236.12,236.12,236.12,2210,236.12
2010-02-12,238.83,238.83,238.83,238.83,1105,238.83
2010-02-15,252.4,252.4,252.4,252.4,6631,252.4
2010-02-16,227.08,232.5,227.08,232.5,2210,232.5
2010-02-26,243.36,243.36,243.36,243.36,4422,243.36
2010-03-11,239.74,239.74,239.74,239.74,6631,239.74
2010-03-12,240.64,244.26,240.64,244.26,2210,244.26
2010-03-15,237.03,252.4,237.03,252.4,7738,252.4
2010-03-25,249.69,249.69,249.69,249.69,1105,249.69
2010-03-26,250.59,250.59,250.59,250.59,1105,250.59
2010-04-07,244.26,244.26,244.26,244.26,3316,244.26
2010-04-13,244.26,244.26,244.26,244.26,4422,244.26
2010-04-14,241.56,241.56,241.56,241.56,6631,241.56
2010-04-16,248.79,313.92,248.79,313.92,34266,313.92
2010-04-19,312.11,312.11,241.56,241.56,22108,241.56
2010-04-20,240.64,240.64,235.22,239.74,26528,239.74
2010-04-21,239.74,239.74,209.88,226.17,29844,226.17
2010-04-22,229.79,234.3,229.79,234.3,5527,234.3
2010-04-23,236.12,236.12,226.17,226.17,7738,226.17
2010-04-26,226.17,234.3,212.6,234.3,44215,234.3
2010-04-27,226.17,226.17,218.92,218.92,16581,218.92
2010-05-10,214.41,214.41,213.51,213.51,4422,213.51
2010-05-11,214.41,217.13,214.41,215.32,4422,215.32
2010-05-12,214.41,217.13,214.41,216.22,3316,216.22
2010-05-13,219.83,219.83,217.13,217.13,4422,217.13
2010-05-14,215.32,215.32,215.32,215.32,8843,215.32
2010-05-17,215.32,215.32,215.32,215.32,1105,215.32
2010-05-18,215.32,215.32,215.32,215.32,1105,215.32
2010-05-26,215.32,215.32,215.32,215.32,1105,215.32
2010-06-04,212.6,212.6,206.26,206.26,9947,206.26
2010-06-10,208.97,211.7,208.97,211.7,2210,211.7
2010-06-11,217.13,217.13,212.6,215.32,12159,215.32
2010-06-14,214.41,214.41,214.41,214.41,6631,214.41
2010-06-15,207.18,210.79,207.18,210.79,2210,210.79
2010-06-17,225.27,225.27,225.27,225.27,2210,225.27
2010-06-21,229.79,232.5,229.79,232.5,3316,232.5
2010-06-24,231.61,238.83,231.61,238.83,5527,238.83
2010-06-25,246.08,246.08,246.08,246.08,33160,246.08
2010-06-28,235.22,235.22,235.22,235.22,1105,235.22
2010-06-29,220.74,220.74,220.74,220.74,1105,220.74
2010-07-08,232.5,232.5,232.5,232.5,1105,232.5
2010-07-09,235.22,235.22,235.22,235.22,1105,235.22
2010-07-13,242.45,245.18,241.56,241.56,7738,241.56
2010-07-14,234.3,234.3,234.3,234.3,6631,234.3
2010-07-23,234.3,234.3,234.3,234.3,1105,234.3
2010-07-26,234.3,234.3,230.69,230.69,3316,230.69
2010-08-04,237.03,237.03,237.03,237.03,1105,237.03
2010-08-09,237.92,237.92,237.92,237.92,2210,237.92
2010-08-10,238.83,238.83,238.83,238.83,1105,238.83
2010-08-13,242.45,245.18,242.45,245.18,2210,245.18
2010-08-16,252.4,252.4,252.4,252.4,5527,252.4
2010-08-17,223.45,227.08,223.45,227.08,2210,227.08
2010-08-18,227.08,227.08,227.08,227.08,1105,227.08
2010-08-26,237.92,237.92,237.92,237.92,2210,237.92
2010-08-30,224.36,224.36,224.36,224.36,2210,224.36
2010-08-31,225.27,226.17,225.27,226.17,2210,226.17
2010-09-01,211.7,211.7,211.7,211.7,6631,211.7
2010-09-06,213.51,213.51,212.6,212.6,2210,212.6
2010-09-08,218.92,219.83,218.03,219.83,4422,219.83
2010-09-09,216.22,216.22,216.22,216.22,1105,216.22
2010-09-10,218.03,218.03,218.03,218.03,1105,218.03
2010-09-13,221.65,221.65,219.83,220.74,3316,220.74
2010-09-14,213.51,213.51,213.51,213.51,6631,213.51
2010-09-27,213.51,213.51,213.51,213.51,2210,213.51
2010-10-01,208.08,208.08,208.08,208.08,5527,208.08
2010-10-04,208.08,208.08,208.08,208.08,1105,208.08
2010-10-07,208.97,211.7,208.97,211.7,2210,211.7
2010-10-12,208.97,219.83,208.97,219.83,4422,219.83
2010-10-13,220.74,220.74,219.83,219.83,2210,219.83
2010-10-14,218.03,218.03,218.03,218.03,6631,218.03
2010-10-15,210.79,210.79,210.79,210.79,1105,210.79
2010-10-20,208.08,208.08,208.08,208.08,1105,208.08
2010-10-22,215.32,215.32,215.32,215.32,3316,215.32
2010-10-25,203.56,204.45,203.56,204.45,4422,204.45
2010-10-26,210.79,210.79,210.79,210.79,2210,210.79
2010-10-29,208.08,208.08,208.08,208.08,2210,208.08
2010-11-10,211.7,214.41,211.7,214.41,4422,214.41
2010-11-11,217.13,217.13,215.32,216.22,4422,216.22
2010-11-12,214.41,214.41,214.41,214.41,3316,214.41
2010-11-15,214.41,214.41,214.41,214.41,6631,214.41
2010-11-18,210.79,210.79,210.79,210.79,1105,210.79
2010-11-25,204.45,204.45,204.45,204.45,1105,204.45
2010-11-26,204.45,204.45,204.45,204.45,1105,204.45
2010-12-06,204.45,204.45,199.03,199.03,21002,199.03
2010-12-07,199.03,199.03,199.03,199.03,2210,199.03
2010-12-10,203.56,217.13,203.56,211.7,8843,211.7
2010-12-13,211.7,211.7,209.88,211.7,8843,211.7
2010-12-14,217.13,217.13,208.08,217.13,48637,217.13
2010-12-15,218.92,218.92,218.92,218.92,1105,218.92
2010-12-22,206.26,206.26,206.26,206.26,2210,206.26
2010-12-27,212.6,212.6,209.88,209.88,3316,209.88
2011-01-07,210.79,210.79,210.79,210.79,1105,210.79
2011-01-11,208.08,208.08,208.08,208.08,2210,208.08
2011-01-13,216.22,218.92,216.22,218.92,2210,218.92
2011-01-14,222.55,222.55,222.55,222.55,7738,222.55
2011-01-20,222.55,222.55,215.32,215.32,2210,215.32
2011-01-25,218.92,218.92,218.92,218.92,2210,218.92
2011-01-26,224.36,224.36,224.36,224.36,2210,224.36
2011-02-04,221.65,221.65,221.65,221.65,1105,221.65
2011-02-08,221.65,221.65,221.65,221.65,4422,221.65
2011-02-10,219.83,219.83,216.22,216.22,6631,216.22
2011-02-14,216.22,216.22,216.22,216.22,6631,216.22
2011-02-17,216.22,216.22,208.08,208.08,9947,208.08
2011-02-18,207.18,207.18,207.18,207.18,1105,207.18
2011-02-21,207.18,207.18,207.18,207.18,2210,207.18
2011-02-22,208.08,208.08,208.08,208.08,3316,208.08
2011-02-25,208.97,208.97,208.97,208.97,2210,208.97
2011-02-28,208.97,208.97,208.97,208.97,2210,208.97
2011-03-01,205.36,208.08,205.36,208.08,2210,208.08
2011-03-02,208.97,208.97,208.97,208.97,1105,208.97
2011-03-03,208.97,211.7,208.97,211.7,3316,211.7
2011-03-07,211.7,211.7,211.7,211.7,2210,211.7
2011-03-09,215.32,215.32,215.32,215.32,1105,215.32
2011-03-10,211.7,211.7,211.7,211.7,1105,211.7
2011-03-11,211.7,211.7,209.88,209.88,2210,209.88
2011-03-14,210.79,210.79,210.79,210.79,7738,210.79
2011-03-15,180.93,180.93,180.93,180.93,11053,180.93
2011-03-22,191.79,191.79,191.79,191.79,1105,191.79
2011-03-23,199.03,203.56,199.03,203.56,5527,203.56
2011-03-24,203.56,215.32,203.56,215.32,6631,215.32
2011-03-25,215.32,219.83,215.32,215.32,5527,215.32
2011-03-28,215.32,215.32,215.32,215.32,1105,215.32
2011-04-04,201.75,201.75,201.75,201.75,2210,201.75
2011-04-05,203.56,203.56,203.56,203.56,1105,203.56
2011-04-06,208.08,208.08,208.08,208.08,3316,208.08
2011-04-13,218.92,219.83,218.92,219.83,3316,219.83
2011-04-14,226.17,226.17,226.17,226.17,6631,226.17
2011-04-18,211.7,211.7,211.7,211.7,1105,211.7
2011-04-25,210.79,210.79,210.79,210.79,1105,210.79
2011-04-26,214.41,214.41,214.41,214.41,2210,214.41
2011-04-27,211.7,211.7,211.7,211.7,1105,211.7
2011-05-09,217.13,217.13,214.41,214.41,3316,214.41
2011-05-13,219.83,219.83,219.83,219.83,1105,219.83
2011-05-16,232.5,232.5,232.5,232.5,6631,232.5
2011-05-19,217.13,217.13,217.13,217.13,1105,217.13
2011-05-20,221.65,221.65,221.65,221.65,1105,221.65
2011-05-23,217.13,217.13,217.13,217.13,2210,217.13
2011-05-24,225.27,225.27,225.27,225.27,2210,225.27
2011-05-26,224.36,224.36,224.36,224.36,1105,224.36
2011-06-02,217.13,217.13,217.13,217.13,1105,217.13
2011-06-06,212.6,212.6,212.6,212.6,1105,212.6
2011-06-07,219.83,219.83,218.92,219.83,4422,219.83
2011-06-08,218.92,218.92,218.92,218.92,1105,218.92
2011-06-09,219.83,219.83,219.83,219.83,2210,219.83
2011-06-10,219.83,220.74,219.83,219.83,4422,219.83
2011-06-13,221.65,221.65,219.83,219.83,7738,219.83
2011-06-14,218.92,218.92,218.92,218.92,7738,218.92
2011-06-17,219.83,219.83,219.83,219.83,2210,219.83
2011-06-20,221.65,223.45,221.65,223.45,5527,223.45
2011-06-21,222.55,223.45,222.55,223.45,4422,223.45
2011-06-22,224.36,224.36,222.55,222.55,2210,222.55
2011-06-23,222.55,225.27,222.55,225.27,4422,225.27
2011-06-27,221.65,225.27,221.65,225.27,11053,225.27
2011-06-28,226.17,226.17,226.17,226.17,37582,226.17
2011-06-30,217.13,217.13,217.13,217.13,3316,217.13
2011-07-01,217.13,217.13,217.13,217.13,1105,217.13
2011-07-12,220.74,222.55,220.74,222.55,3316,222.55
2011-07-13,224.36,224.36,224.36,224.36,2210,224.36
2011-07-14,218.03,218.03,218.03,218.03,7738,218.03
2011-07-15,206.26,206.26,206.26,206.26,1105,206.26
2011-07-22,207.18,207.18,207.18,207.18,11053,207.18
2011-07-25,211.7,211.7,211.7,211.7,1105,211.7
2011-07-26,216.22,216.22,216.22,216.22,1105,216.22
2011-07-27,212.6,212.6,212.6,212.6,1105,212.6
2011-08-04,212.6,212.6,212.6,212.6,2210,212.6
2011-08-05,212.6,212.6,212.6,212.6,1105,212.6
2011-08-10,212.6,212.6,212.6,212.6,1105,212.6
2011-08-11,212.6,212.6,212.6,212.6,2210,212.6
2011-08-12,212.6,221.65,212.6,221.65,6631,221.65
2011-08-15,214.41,214.41,214.41,214.41,7738,214.41
2011-08-16,213.51,213.51,208.08,208.08,3316,208.08
2011-08-23,200.84,200.84,200.84,200.84,5527,200.84
2011-08-25,199.94,200.84,199.94,200.84,6631,200.84
2011-08-26,206.26,206.26,206.26,206.26,2210,206.26
2011-09-05,207.18,207.18,199.94,199.94,12159,199.94
2011-09-06,203.56,203.56,203.56,203.56,3316,203.56
2011-09-07,201.75,202.64,201.75,202.64,2210,202.64
2011-09-13,197.22,198.13,197.22,198.13,6631,198.13
2011-09-14,203.56,203.56,203.56,203.56,7738,203.56
2011-09-26,202.64,202.64,202.64,202.64,1105,202.64
2011-10-11,199.03,199.03,199.03,199.03,2210,199.03
2011-10-12,199.03,199.03,199.03,199.03,2210,199.03
2011-10-13,198.13,198.13,197.22,198.13,3316,198.13
2011-10-14,196.32,196.32,196.32,196.32,6631,196.32
2011-10-19,198.13,198.13,198.13,198.13,5527,198.13
2011-10-26,204.45,204.45,204.45,204.45,2210,204.45
2011-10-31,202.64,202.64,202.64,202.64,1105,202.64
2011-11-08,199.94,199.94,199.94,199.94,2210,199.94
2011-11-11,202.64,202.64,200.84,200.84,4422,200.84
2011-11-14,199.03,199.03,199.03,199.03,7738,199.03
2011-11-15,192.69,192.69,192.69,192.69,5527,192.69
2011-11-16,192.69,192.69,192.69,192.69,5527,192.69
2011-11-24,188.17,188.17,188.17,188.17,1105,188.17
2011-11-25,192.69,192.69,192.69,192.69,1105,192.69
2011-11-28,198.13,198.13,198.13,198.13,2210,198.13
2011-12-01,199.03,200.84,199.03,200.84,2210,200.84
2011-12-02,201.75,201.75,201.75,201.75,1105,201.75
2011-12-07,194.5,194.5,187.26,187.26,8843,187.26
2011-12-09,181.84,197.22,181.84,197.22,9947,197.22
2011-12-12,199.03,199.03,199.03,199.03,4422,199.03
2011-12-13,199.03,199.03,199.03,199.03,1105,199.03
2011-12-14,192.69,192.69,192.69,192.69,8843,192.69
2011-12-22,190.88,192.69,190.88,192.69,2210,192.69
2011-12-26,198.13,198.13,189.98,189.98,4422,189.98
2011-12-28,189.98,189.98,189.98,189.98,3316,189.98
2012-01-06,192.69,195.41,192.69,195.41,3316,195.41
2012-01-11,198.13,198.13,197.22,197.22,4422,197.22
2012-01-13,198.13,198.13,198.13,198.13,1105,198.13
2012-01-16,197.22,197.22,197.22,197.22,7738,197.22
2012-01-17,204.45,204.45,204.45,204.45,1105,204.45
2012-01-18,204.45,204.45,204.45,204.45,1105,204.45
2012-01-26,201.75,201.75,201.75,201.75,1105,201.75
2012-02-01,201.75,201.75,201.75,201.75,1105,201.75
2012-02-02,194.5,194.5,194.5,194.5,3316,194.5
2012-02-06,200.84,200.84,200.84,200.84,1105,200.84
2012-02-07,200.84,200.84,200.84,200.84,1105,200.84
2012-02-13,202.64,202.64,202.64,202.64,2210,202.64
2012-02-14,197.22,197.22,197.22,197.22,6631,197.22
2012-02-15,204.45,204.45,204.45,204.45,1105,204.45
2012-02-16,204.45,204.45,204.45,204.45,1105,204.45
2012-02-22,199.94,199.94,199.94,199.94,1105,199.94
2012-02-24,200.84,200.84,200.84,200.84,1105,200.84
2012-02-27,206.26,206.26,206.26,206.26,2210,206.26
2012-03-01,205.36,205.36,205.36,205.36,5527,205.36
2012-03-08,203.56,203.56,203.56,203.56,3316,203.56
2012-03-13,201.75,208.97,201.75,208.97,3316,208.97
2012-03-14,207.18,207.18,207.18,207.18,8843,207.18
2012-03-15,201.75,201.75,201.75,201.75,1105,201.75
2012-03-23,207.18,207.18,207.18,207.18,1105,207.18
2012-03-26,207.18,207.18,207.18,207.18,1105,207.18
2012-03-27,210.79,210.79,210.79,210.79,1105,210.79
2012-04-02,197.22,197.22,197.22,197.22,1105,197.22
2012-04-04,203.56,203.56,203.56,203.56,1105,203.56
2012-04-05,203.56,203.56,203.56,203.56,1105,203.56
2012-04-09,199.94,199.94,199.03,199.03,3316,199.03
2012-04-10,199.03,199.03,199.03,199.03,1105,199.03
2012-04-11,200.84,201.75,200.84,201.75,2210,201.75
2012-04-12,197.22,197.22,197.22,197.22,4422,197.22
2012-04-16,200.84,200.84,197.22,197.22,7738,197.22
2012-04-18,225.27,225.27,225.27,225.27,3316,225.27
2012-04-19,210.79,217.13,209.88,217.13,3316,217.13
2012-04-20,217.13,217.13,217.13,217.13,1105,217.13
2012-04-25,218.92,218.92,218.92,218.92,1105,218.92
2012-04-26,226.17,226.17,211.7,211.7,3316,211.7
2012-05-02,209.88,209.88,209.88,209.88,1105,209.88
2012-05-09,211.7,211.7,211.7,211.7,2210,211.7
2012-05-10,211.7,211.7,209.88,209.88,4422,209.88
2012-05-11,215.32,215.32,213.51,213.51,3316,213.51
2012-05-14,215.32,215.32,215.32,215.32,6631,215.32
2012-06-11,227.08,227.08,225.27,225.27,6631,225.27
2012-06-12,226.17,227.08,226.17,227.08,4422,227.08
2012-06-13,227.08,227.08,226.17,226.17,2210,226.17
2012-06-14,226.17,226.17,226.17,226.17,6631,226.17
2012-06-18,227.08,227.08,226.17,227.08,5527,227.08
2012-06-20,227.08,227.08,227.08,227.08,2210,227.08
2012-06-21,227.08,227.08,227.08,227.08,4422,227.08
2012-06-22,227.08,227.08,227.08,227.08,5527,227.08
2012-06-25,227.08,227.08,227.08,227.08,5527,227.08
2012-06-26,227.98,228.88,226.17,227.08,12159,227.08
2012-06-27,234.3,234.3,226.17,226.17,36478,226.17
2012-07-04,227.08,227.08,227.08,227.08,1105,227.08
2012-07-10,227.08,227.08,227.08,227.08,2210,227.08
2012-07-11,227.08,227.08,227.08,227.08,1105,227.08
2012-07-12,227.08,227.08,227.08,227.08,2210,227.08
2012-07-13,227.08,227.08,227.08,227.08,1105,227.08
2012-07-17,225.27,225.27,225.27,225.27,6631,225.27
2012-07-23,211.7,211.7,211.7,211.7,1105,211.7
2012-07-26,221.65,221.65,221.65,221.65,1105,221.65
2012-08-07,218.03,218.03,217.13,217.13,2210,217.13
2012-08-08,217.13,217.13,217.13,217.13,1105,217.13
2012-08-10,221.65,223.45,221.65,222.55,3316,222.55
2012-08-13,225.27,225.27,225.27,225.27,2210,225.27
2012-08-14,224.36,224.36,224.36,224.36,6631,224.36
2012-08-27,224.36,224.36,224.36,224.36,1105,224.36
2012-08-31,224.36,224.36,224.36,224.36,1105,224.36
2012-09-05,224.36,224.36,224.36,224.36,1105,224.36
2012-09-07,227.08,227.08,227.08,227.08,2210,227.08
2012-09-10,227.08,227.08,227.08,227.08,1105,227.08
2012-09-12,227.08,227.08,227.08,227.08,2210,227.08
2012-09-13,227.08,227.08,227.08,227.08,3316,227.08
2012-09-14,227.08,227.08,227.08,227.08,7738,227.08
2012-09-18,227.08,227.08,227.08,227.08,2210,227.08
2012-09-19,227.08,227.08,227.08,227.08,1105,227.08
2012-09-20,227.08,227.08,227.08,227.08,1105,227.08
2012-09-21,227.08,227.08,227.08,227.08,1105,227.08
2012-09-24,227.08,227.08,227.08,227.08,2210,227.08
2012-09-25,227.08,227.08,227.08,227.08,2210,227.08
2012-09-26,233.4,233.4,233.4,233.4,2210,233.4
2012-09-27,227.08,227.08,227.08,227.08,2210,227.08
2012-09-28,227.08,227.08,227.08,227.08,2210,227.08
2012-10-01,221.65,227.08,221.65,227.08,2210,227.08
2012-10-02,227.08,227.08,227.08,227.08,2210,227.08
2012-10-03,227.08,227.08,227.08,227.08,1105,227.08
2012-10-04,235.22,235.22,235.22,235.22,1105,235.22
2012-10-05,235.22,235.22,235.22,235.22,3316,235.22
2012-10-09,227.98,227.98,227.98,227.98,1105,227.98
2012-10-11,233.4,233.4,230.69,230.69,2210,230.69
2012-10-12,228.88,228.88,227.08,227.08,2210,227.08
2012-10-15,252.4,252.4,252.4,252.4,6631,252.4
2012-10-16,226.17,226.17,226.17,226.17,2210,226.17
2012-10-22,218.92,226.17,218.92,226.17,3316,226.17
2012-10-23,220.74,220.74,215.32,215.32,4422,215.32
2012-10-25,215.32,215.32,215.32,215.32,1105,215.32
2012-10-26,221.65,221.65,214.41,214.41,4422,214.41
2012-11-07,217.13,217.13,216.22,217.13,3316,217.13
2012-11-08,218.03,218.03,218.03,218.03,1105,218.03
2012-11-12,217.13,217.13,217.13,217.13,1105,217.13
2012-11-13,216.22,216.22,216.22,216.22,2210,216.22
2012-11-14,211.7,211.7,204.45,204.45,8843,204.45
2012-11-16,204.45,204.45,204.45,204.45,1105,204.45
2012-11-22,205.36,205.36,205.36,205.36,1105,205.36
2012-11-26,215.32,215.32,215.32,215.32,2210,215.32
2012-11-27,215.32,215.32,215.32,215.32,1105,215.32
2012-12-05,221.65,221.65,221.65,221.65,1105,221.65
2012-12-10,223.45,223.45,223.45,223.45,1105,223.45
2012-12-11,230.69,230.69,230.69,230.69,4422,230.69
2012-12-12,230.69,230.69,230.69,230.69,2210,230.69
2012-12-13,230.69,230.69,230.69,230.69,2210,230.69
2012-12-14,227.08,227.08,227.08,227.08,6631,227.08
2012-12-25,226.17,226.17,226.17,226.17,1105,226.17
2012-12-26,232.5,232.5,232.5,232.5,1105,232.5
2013-01-10,237.92,237.92,237.92,237.92,1105,237.92
2013-01-11,243.36,244.26,243.36,244.26,2210,244.26
2013-01-15,244.26,244.26,244.26,244.26,5527,244.26
2013-01-23,235.22,235.22,235.22,235.22,1105,235.22
2013-01-24,231.61,231.61,231.61,231.61,1105,231.61
2013-01-28,242.45,242.45,242.45,242.45,2210,242.45
2013-02-01,242.45,242.45,235.22,235.22,3316,235.22
2013-02-06,242.45,242.45,242.45,242.45,1105,242.45
2013-02-12,245.18,245.18,245.18,245.18,1105,245.18
2013-02-14,271.4,271.4,271.4,271.4,6631,271.4
2013-02-20,240.64,240.64,240.64,240.64,2210,240.64
2013-02-25,254.21,254.21,254.21,254.21,1105,254.21
2013-02-26,265.98,265.98,265.98,265.98,1105,265.98
2013-03-01,256.03,256.03,256.03,256.03,1105,256.03
2013-03-06,252.4,252.4,239.74,239.74,6631,239.74
2013-03-07,245.18,246.08,245.18,246.08,2210,246.08
2013-03-11,248.79,248.79,248.79,248.79,2210,248.79
2013-03-12,246.08,246.08,244.26,244.26,5527,244.26
2013-03-13,246.98,246.98,244.26,244.26,2210,244.26
2013-03-14,244.26,244.26,244.26,244.26,6631,244.26
2013-03-22,244.26,244.26,244.26,244.26,1105,244.26
2013-03-25,244.26,244.26,244.26,244.26,1105,244.26
2013-03-26,243.36,243.36,243.36,243.36,1105,243.36
2013-04-05,239.74,239.74,239.74,239.74,3316,239.74
2013-04-08,239.74,239.74,239.74,239.74,1105,239.74
2013-04-11,239.74,239.74,239.74,239.74,3316,239.74
2013-04-12,239.74,239.74,239.74,239.74,3316,239.74
2013-04-15,236.12,236.12,236.12,236.12,6631,236.12
2013-04-17,243.36,248.79,239.74,246.98,16581,246.98
2013-04-18,243.36,243.36,238.83,238.83,6631,238.83
2013-04-19,231.61,231.61,227.98,230.69,4422,230.69
2013-04-22,234.3,234.3,233.4,233.4,2210,233.4
2013-04-23,232.5,234.3,227.98,234.3,4422,234.3
2013-04-24,230.69,230.69,228.88,228.88,3316,228.88
2013-04-25,229.79,230.69,226.17,227.98,6631,227.98
2013-04-26,228.88,228.88,228.88,228.88,3316,228.88
2013-04-30,228.88,228.88,227.98,227.98,2210,227.98
2013-05-01,227.98,228.88,227.98,228.88,2210,228.88
2013-05-02,229.79,236.12,229.79,236.12,3316,236.12
2013-05-07,237.03,237.03,237.03,237.03,1105,237.03
2013-05-08,232.5,235.22,232.5,235.22,4422,235.22
2013-05-09,235.22,235.22,233.4,233.4,9947,233.4
2013-05-10,233.4,236.12,233.4,236.12,2210,236.12
2013-05-13,235.22,235.22,235.22,235.22,2210,235.22
2013-05-14,237.03,237.03,233.4,233.4,8843,233.4
2013-05-15,231.61,231.61,231.61,231.61,1105,231.61
2013-05-16,230.69,230.69,229.79,229.79,2210,229.79
2013-05-17,222.55,222.55,222.55,222.55,3316,222.55
2013-05-20,230.69,230.69,230.69,230.69,2210,230.69
2013-05-21,237.03,238.83,237.03,238.83,5527,238.83
2013-05-22,231.61,231.61,231.61,231.61,1105,231.61
2013-05-23,232.5,232.5,230.69,230.69,3316,230.69
2013-05-27,236.12,236.12,236.12,236.12,2210,236.12
2013-05-29,235.22,235.22,235.22,235.22,2210,235.22
2013-06-03,228.88,228.88,228.88,228.88,1105,228.88
2013-06-06,234.3,235.22,234.3,235.22,2210,235.22
2013-06-07,230.69,230.69,230.69,230.69,2210,230.69
2013-06-10,234.3,235.22,234.3,235.22,2210,235.22
2013-06-11,242.45,242.45,242.45,242.45,4422,242.45
2013-06-12,239.74,241.56,239.74,241.56,3316,241.56
2013-06-13,241.56,241.56,241.56,241.56,4422,241.56
2013-06-14,241.56,242.45,240.64,240.64,7738,240.64
2013-06-21,243.36,243.36,242.45,242.45,2210,242.45
2013-06-24,249.69,249.69,245.18,245.18,2210,245.18
2013-06-25,247.87,247.87,247.87,247.87,1105,247.87
2013-06-26,255.12,257.83,254.21,257.83,6631,257.83
2013-06-27,270.5,270.5,270.5,270.5,32056,270.5
2013-07-03,270.5,270.5,248.79,248.79,3316,248.79
2013-07-04,271.4,271.4,234.3,238.83,12159,238.83
2013-07-05,238.83,239.74,238.83,239.74,2210,239.74
2013-07-08,238.83,239.74,238.83,239.74,14369,239.74
2013-07-10,242.45,242.45,242.45,242.45,1105,242.45
2013-07-11,244.26,244.26,244.26,244.26,2210,244.26
2013-07-16,251.5,251.5,251.5,251.5,5527,251.5
2013-07-17,251.5,251.5,244.26,244.26,2210,244.26
2013-07-25,248.79,248.79,248.79,248.79,1105,248.79
2013-07-26,253.31,253.31,253.31,253.31,2210,253.31
2013-07-30,231.61,238.83,231.61,234.3,4422,234.3
2013-08-07,234.3,234.3,234.3,234.3,1105,234.3
2013-08-08,235.22,235.22,235.22,235.22,2210,235.22
2013-08-09,235.22,235.22,235.22,235.22,1105,235.22
2013-08-13,238.83,238.83,238.83,238.83,2210,238.83
2013-08-14,239.74,239.74,239.74,239.74,6631,239.74
2013-08-15,239.74,239.74,239.74,239.74,2210,239.74
2013-08-19,235.22,235.22,235.22,235.22,1105,235.22
2013-08-26,246.98,246.98,246.98,246.98,1105,246.98
2013-08-29,253.31,253.31,253.31,253.31,1105,253.31
2013-09-02,244.26,244.26,244.26,244.26,1105,244.26
2013-09-03,244.26,244.26,230.69,230.69,7738,230.69
2013-09-09,235.22,235.22,235.22,235.22,1105,235.22
2013-09-11,237.92,237.92,235.22,235.22,3316,235.22
2013-09-17,240.64,270.5,240.64,270.5,11053,270.5
2013-09-18,252.4,252.4,252.4,252.4,2210,252.4
2013-09-19,244.26,244.26,244.26,244.26,2210,244.26
2013-09-20,248.79,248.79,248.79,248.79,2210,248.79
2013-09-24,246.08,246.08,245.18,245.18,2210,245.18
2013-09-25,246.98,246.98,246.98,246.98,1105,246.98
2013-09-26,251.5,251.5,251.5,251.5,1105,251.5
2013-09-30,247.87,247.87,240.64,240.64,5527,240.64
2013-10-02,237.03,237.03,237.03,237.03,2210,237.03
2013-10-03,231.61,234.3,231.61,234.3,3316,234.3
2013-10-04,235.22,235.22,235.22,235.22,2210,235.22
2013-10-10,238.83,238.83,238.83,238.83,1105,238.83
2013-10-11,239.74,239.74,239.74,239.74,1105,239.74
2013-10-15,238.83,238.83,238.83,238.83,5527,238.83
2013-10-16,238.83,238.83,237.92,237.92,2210,237.92
2013-10-23,241.56,241.56,241.56,241.56,1105,241.56
2013-10-28,244.26,246.08,237.92,246.08,13265,246.08
2013-10-29,248.79,248.79,248.79,248.79,2210,248.79
2013-10-30,248.79,248.79,248.79,248.79,1105,248.79
2013-10-31,249.69,249.69,249.69,249.69,1105,249.69
2013-11-06,242.45,242.45,242.45,242.45,1105,242.45
2013-11-07,248.79,248.79,248.79,248.79,2210,248.79
2013-11-08,252.4,253.31,252.4,253.31,5527,253.31
2013-11-11,251.5,253.31,250.59,250.59,6631,250.59
2013-11-12,249.69,249.69,249.69,249.69,2210,249.69
2013-11-14,249.69,249.69,248.79,248.79,5527,248.79
2013-11-19,244.26,244.26,242.45,242.45,3316,242.45
2013-11-22,247.87,247.87,247.87,247.87,1105,247.87
2013-11-25,244.26,244.26,244.26,244.26,2210,244.26
2013-11-26,246.08,246.08,246.08,246.08,1105,246.08
2013-11-27,248.79,249.69,248.79,249.69,5527,249.69
2013-12-03,242.45,242.45,235.22,235.22,8843,235.22
2013-12-10,244.26,244.26,244.26,244.26,1105,244.26
2013-12-11,246.98,246.98,244.26,244.26,5527,244.26
2013-12-13,250.59,258.74,250.59,258.74,2210,258.74
2013-12-16,265.98,265.98,251.5,251.5,8843,251.5
2013-12-17,253.31,253.31,248.79,248.79,2210,248.79
2013-12-20,265.98,265.98,265.98,265.98,2210,265.98
2013-12-24,265.98,269.6,259.65,269.6,17686,269.6
2013-12-25,270.5,294.93,245.18,253.31,42004,253.31
2013-12-26,254.21,254.21,253.31,254.21,6631,254.21
2013-12-27,257.83,257.83,257.83,257.83,1105,257.83
2013-12-30,262.35,262.35,262.35,262.35,2210,262.35
2014-01-08,269.6,269.6,269.6,269.6,2210,269.6
2014-01-09,289.5,289.5,289.5,289.5,1105,289.5
2014-01-10,282.25,282.25,282.25,282.25,1105,282.25
2014-01-14,289.5,302.16,289.5,302.16,6631,302.16
2014-01-15,282.25,282.25,282.25,282.25,1105,282.25
2014-01-16,298.55,298.55,298.55,298.55,5527,298.55
2014-01-17,286.79,286.79,286.79,286.79,1105,286.79
2014-01-20,294.02,294.02,294.02,294.02,1105,294.02
2014-01-21,286.79,286.79,286.79,286.79,1105,286.79
2014-01-22,293.11,293.11,293.11,293.11,1105,293.11
2014-01-24,285.87,285.87,285.87,285.87,2210,285.87
2014-01-27,288.6,288.6,277.73,284.07,4422,284.07
2014-01-28,280.45,284.07,277.73,277.73,3316,277.73
2014-01-29,284.07,295.82,284.07,295.82,5527,295.82
2014-02-04,284.98,284.98,284.98,284.98,1105,284.98
2014-02-06,284.98,284.98,284.98,284.98,1105,284.98
2014-02-13,291.31,291.31,291.31,291.31,4422,291.31
2014-02-14,287.69,287.69,284.98,284.98,6631,284.98
2014-02-18,280.45,280.45,280.45,280.45,1105,280.45
2014-02-26,293.11,293.11,293.11,293.11,1105,293.11
2014-02-28,285.87,285.87,285.87,285.87,1105,285.87
2014-03-04,278.64,278.64,278.64,278.64,1105,278.64
2014-03-06,275.93,275.93,271.4,271.4,3316,271.4
2014-03-10,277.73,277.73,277.73,277.73,1105,277.73
2014-03-12,277.73,277.73,277.73,277.73,3316,277.73
2014-03-13,280.45,280.45,280.45,280.45,3316,280.45
2014-03-14,288.6,288.6,288.6,288.6,5527,288.6
2014-03-20,274.12,274.12,274.12,274.12,1105,274.12
2014-03-24,274.12,274.12,274.12,274.12,1105,274.12
2014-03-25,276.84,276.84,276.84,276.84,1105,276.84
2014-03-26,272.3,272.3,272.3,272.3,2210,272.3
2014-03-27,271.4,271.4,265.98,265.98,11053,265.98
2014-03-28,265.98,265.98,256.03,259.65,8843,259.65
2014-03-31,259.65,265.98,259.65,265.98,3316,265.98
2014-04-02,265.98,265.98,265.98,265.98,1105,265.98
2014-04-07,266.88,266.88,266.88,266.88,1105,266.88
2014-04-08,261.46,261.46,260.55,260.55,3316,260.55
2014-04-09,261.46,261.46,261.46,261.46,1105,261.46
2014-04-11,262.35,262.35,262.35,262.35,1105,262.35
2014-04-14,262.35,262.35,262.35,262.35,5527,262.35
2014-04-16,256.03,256.03,256.03,256.03,1105,256.03
2014-04-17,258.74,258.74,258.74,258.74,1105,258.74
2014-04-21,264.16,264.16,264.16,264.16,1105,264.16
2014-04-22,336.55,336.55,288.6,288.6,169122,288.6
2014-04-23,289.5,289.5,272.3,275.93,57479,275.93
2014-04-24,276.84,276.84,272.3,272.3,8843,272.3
2014-04-25,275.93,277.73,274.12,277.73,8843,277.73
2014-04-28,273.22,273.22,270.5,273.22,13265,273.22
2014-04-30,269.6,273.22,269.6,273.22,6631,273.22
2014-05-02,273.22,273.22,270.5,270.5,3316,270.5
2014-05-07,266.88,266.88,266.88,266.88,3316,266.88
2014-05-08,270.5,272.3,270.5,271.4,9947,271.4
2014-05-09,271.4,271.4,253.31,265.07,18792,265.07
2014-05-12,269.6,269.6,244.26,248.79,12159,248.79
2014-05-13,250.59,252.4,248.79,252.4,7738,252.4
2014-05-14,249.69,249.69,249.69,249.69,7738,249.69
2014-05-16,247.87,262.35,247.87,262.35,4422,262.35
2014-05-20,260.55,261.46,260.55,261.46,2210,261.46
2014-05-21,259.65,259.65,259.65,259.65,2210,259.65
2014-05-22,259.65,259.65,259.65,259.65,3316,259.65
2014-05-23,259.65,259.65,259.65,259.65,1105,259.65
2014-05-26,266.88,266.88,266.88,266.88,2210,266.88
2014-05-29,259.65,259.65,257.83,257.83,2210,257.83
2014-05-30,253.31,253.31,253.31,253.31,6631,253.31
2014-06-04,248.79,251.5,248.79,251.5,7738,251.5
2014-06-06,253.31,253.31,253.31,253.31,1105,253.31
2014-06-09,256.03,256.03,256.03,256.03,3316,256.03
2014-06-10,256.93,263.26,256.93,263.26,7738,263.26
2014-06-11,261.46,261.46,254.21,254.21,6631,254.21
2014-06-12,251.5,253.31,246.08,253.31,16581,253.31
2014-06-13,254.21,254.21,254.21,254.21,1105,254.21
2014-06-16,258.74,258.74,250.59,253.31,11053,253.31
2014-06-19,260.55,260.55,258.74,260.55,4422,260.55
2014-06-20,261.46,264.16,261.46,264.16,6631,264.16
2014-06-23,268.69,273.22,268.69,273.22,11053,273.22
2014-06-24,272.3,273.22,272.3,273.22,2210,273.22
2014-06-25,275.03,277.73,270.5,271.4,61900,271.4
2014-06-26,273.22,273.22,266.88,272.3,19897,272.3
2014-06-27,271.4,271.4,271.4,271.4,29844,271.4
2014-06-30,275.93,275.93,275.93,275.93,44215,275.93
2014-07-11,273.22,273.22,272.3,272.3,2210,272.3
2014-07-14,272.3,272.3,272.3,272.3,4422,272.3
2014-07-18,269.6,269.6,269.6,269.6,1105,269.6
2014-07-22,262.35,262.35,262.35,262.35,1105,262.35
2014-07-24,275.93,275.93,275.93,275.93,1105,275.93
2014-07-25,279.54,279.54,271.4,271.4,2210,271.4
2014-07-28,274.12,274.12,274.12,274.12,1105,274.12
2014-07-30,269.6,269.6,269.6,269.6,1105,269.6
2014-08-06,266.88,266.88,266.88,266.88,2210,266.88
2014-08-07,275.93,275.93,275.93,275.93,2210,275.93
2014-08-11,275.93,275.93,275.93,275.93,2210,275.93
2014-08-13,275.03,275.93,275.03,275.93,3316,275.93
2014-08-14,275.93,275.93,275.93,275.93,6631,275.93
2014-08-15,275.93,275.93,275.93,275.93,4422,275.93
2014-08-18,275.93,275.93,275.93,275.93,5527,275.93
2014-08-19,269.6,269.6,268.69,268.69,2210,268.69
2014-08-22,275.93,275.93,271.4,271.4,6631,271.4
2014-08-25,273.22,273.22,273.22,273.22,1105,273.22
2014-08-26,275.93,275.93,275.93,275.93,1105,275.93
2014-08-27,279.54,279.54,279.54,279.54,4422,279.54
2014-08-28,272.3,272.3,271.4,271.4,12159,271.4
2014-08-29,275.03,275.03,275.03,275.03,1105,275.03
2014-09-01,289.5,293.11,284.07,284.07,7738,284.07
2014-09-02,298.55,298.55,298.55,298.55,4422,298.55
2014-09-03,284.07,287.69,284.07,287.69,3316,287.69
2014-09-04,284.07,287.69,284.07,287.69,2210,287.69
2014-09-05,287.69,287.69,287.69,287.69,1105,287.69
2014-09-08,289.5,289.5,289.5,289.5,1105,289.5
2014-09-09,282.25,282.25,282.25,282.25,7738,282.25
2014-09-12,287.69,287.69,287.69,287.69,1105,287.69
2014-09-16,294.93,294.93,294.93,294.93,4422,294.93
2014-09-18,294.93,294.93,294.93,294.93,1105,294.93
2014-09-19,294.93,294.93,294.93,294.93,3316,294.93
2014-09-22,295.82,295.82,295.82,295.82,1105,295.82
2014-09-24,295.82,299.45,295.82,299.45,3316,299.45
2014-09-25,296.73,306.69,296.73,306.69,2210,306.69
2014-09-26,294.93,294.93,294.93,294.93,2210,294.93
2014-10-01,294.93,294.93,294.93,294.93,3316,294.93
2014-10-02,294.02,294.93,294.02,294.93,3316,294.93
2014-10-09,296.73,296.73,296.73,296.73,1105,296.73
2014-10-14,303.97,303.97,303.07,303.07,6631,303.07
2014-10-16,278.64,278.64,278.64,278.64,1105,278.64
2014-10-20,278.64,278.64,278.64,278.64,2210,278.64
2014-10-21,285.87,285.87,285.87,285.87,1105,285.87
2014-10-22,282.25,282.25,282.25,282.25,1105,282.25
2014-10-23,289.5,289.5,289.5,289.5,1105,289.5
2014-10-24,288.6,289.5,288.6,289.5,4422,289.5
2014-10-27,289.5,289.5,289.5,289.5,2210,289.5
2014-10-30,293.11,294.02,293.11,294.02,4422,294.02
2014-10-31,294.02,294.02,290.4,290.4,3316,290.4
2014-11-04,290.4,290.4,290.4,290.4,1105,290.4
2014-11-05,289.5,289.5,289.5,289.5,7738,289.5
2014-11-06,290.4,298.55,290.4,294.02,13265,294.02
2014-11-07,294.02,294.02,291.31,291.31,2210,291.31
2014-11-10,287.69,291.31,287.69,291.31,4422,291.31
2014-11-11,289.5,289.5,289.5,289.5,5527,289.5
2014-11-12,289.5,289.5,284.07,284.07,6631,284.07
2014-11-13,284.98,284.98,284.98,284.98,1105,284.98
2014-11-14,284.98,284.98,276.84,276.84,9947,276.84
2014-11-17,277.73,279.54,276.84,279.54,5527,279.54
2014-11-20,280.45,280.45,280.45,280.45,1105,280.45
2014-11-25,278.64,298.55,276.84,298.55,23213,298.55
2014-11-26,305.78,305.78,302.16,302.16,2210,302.16
2014-11-27,298.55,298.55,298.55,298.55,3316,298.55
2014-12-03,297.64,303.97,297.64,303.97,17686,303.97
2014-12-04,318.46,332.02,299.45,299.45,17686,299.45
2014-12-05,299.45,299.45,290.4,290.4,3316,290.4
2014-12-08,289.5,289.5,289.5,289.5,3316,289.5
2014-12-09,294.02,294.02,294.02,294.02,1105,294.02
2014-12-10,294.93,298.55,294.93,298.55,5527,298.55
2014-12-11,298.55,298.55,298.55,298.55,3316,298.55
2014-12-12,302.16,305.78,302.16,305.78,3316,305.78
2014-12-15,304.88,304.88,304.88,304.88,5527,304.88
2014-12-16,303.07,303.07,303.07,303.07,1105,303.07
2014-12-17,295.82,295.82,295.82,295.82,1105,295.82
2014-12-18,295.82,295.82,293.11,293.11,3316,293.11
2014-12-19,314.83,314.83,297.64,297.64,2210,297.64
2014-12-22,291.31,291.31,291.31,291.31,3316,291.31
2014-12-24,298.55,298.55,298.55,298.55,1105,298.55
2014-12-25,296.73,296.73,296.73,296.73,2210,296.73
2014-12-26,294.02,294.02,294.02,294.02,2210,294.02
2014-12-30,292.2,292.2,286.79,286.79,4422,286.79
2015-01-05,289.5,294.02,289.5,294.02,2210,294.02
2015-01-06,286.79,286.79,286.79,286.79,2210,286.79
2015-01-07,286.79,286.79,281.35,281.35,5527,281.35
2015-01-08,318.46,318.46,289.5,289.5,9947,289.5
2015-01-13,294.93,294.93,294.02,294.02,4422,294.02
2015-01-14,315.73,315.73,298.55,298.55,9947,298.55
2015-01-15,305.78,305.78,305.78,305.78,1105,305.78
2015-01-16,305.78,305.78,305.78,305.78,1105,305.78
2015-01-19,320.26,321.16,320.26,320.26,4422,320.26
2015-01-20,316.64,316.64,316.64,316.64,5527,316.64
2015-01-21,316.64,316.64,316.64,316.64,3316,316.64
2015-01-22,332.93,332.93,332.93,332.93,1105,332.93
2015-01-23,325.68,325.68,325.68,325.68,1105,325.68
2015-01-26,332.93,332.93,325.68,325.68,4422,325.68
2015-01-27,325.68,325.68,319.35,319.35,2210,319.35
2015-01-30,325.68,325.68,325.68,325.68,2210,325.68
2015-02-02,325.68,325.68,325.68,325.68,2210,325.68
2015-02-03,334.73,334.73,325.68,325.68,2210,325.68
2015-02-05,342.88,349.21,342.88,349.21,5527,349.21
2015-02-06,349.21,360.07,349.21,357.35,5527,357.35
2015-02-09,361.88,361.88,361.88,361.88,4422,361.88
2015-02-10,354.63,361.88,354.63,361.88,3316,361.88
2015-02-12,405.3,411.63,405.3,411.63,26528,411.63
2015-02-13,411.63,411.63,402.58,402.58,14369,402.58
2015-02-16,409.83,410.72,409.83,410.72,6631,410.72
2015-02-17,410.72,417.96,410.72,416.15,12159,416.15
2015-02-18,416.15,440.58,416.15,440.58,11053,440.58
2015-02-19,440.58,487.61,440.58,487.61,18792,487.61
2015-02-20,520.19,531.94,434.25,448.72,25423,448.72
2015-02-23,452.34,455.06,434.25,434.25,26528,434.25
2015-02-24,435.15,435.15,435.15,435.15,2210,435.15
2015-02-25,435.15,442.38,435.15,435.15,13265,435.15
2015-02-26,440.58,440.58,439.68,439.68,5527,439.68
2015-02-27,439.68,439.68,439.68,439.68,1105,439.68
2015-03-02,469.53,493.05,450.53,450.53,19897,450.53
2015-03-03,451.44,465.91,451.44,465.91,21002,465.91
2015-03-04,465.91,468.62,465.01,468.62,13265,468.62
2015-03-05,477.67,479.48,477.67,479.48,12159,479.48
2015-03-06,479.48,479.48,477.67,477.67,13265,477.67
2015-03-09,477.67,484.0,473.14,484.0,12159,484.0
2015-03-10,479.48,481.3,479.48,479.48,8843,479.48
2015-03-11,479.48,479.48,476.77,477.67,13265,477.67
2015-03-12,480.38,480.38,478.57,478.57,9947,478.57
2015-03-13,478.57,478.57,478.57,478.57,4422,478.57
2015-03-16,479.48,487.61,479.48,482.2,13265,482.2
2015-03-17,488.52,497.57,488.52,497.57,13265,497.57
2015-03-18,497.57,515.67,497.57,515.67,18792,515.67
2015-03-19,515.67,550.04,512.04,529.24,22108,529.24
2015-03-20,529.24,529.24,529.24,529.24,12159,529.24
2015-03-23,537.38,537.38,533.76,533.76,7738,533.76
2015-03-24,488.52,488.52,479.48,479.48,3316,479.48
2015-03-25,485.82,506.62,484.0,493.05,12159,493.05
2015-03-26,484.0,484.0,479.48,479.48,6631,479.48
2015-03-27,477.67,477.67,477.67,477.67,1105,477.67
2015-03-31,479.48,479.48,469.53,469.53,4422,469.53
2015-04-01,469.53,469.53,422.49,455.06,8401,455.06
2015-04-02,455.06,455.06,443.3,446.0,4974,446.0
2015-04-03,446.0,446.0,427.91,430.62,1105,430.62
2015-04-06,452.34,452.34,438.77,446.0,12381,446.0
2015-04-07,438.77,438.77,424.3,438.77,2431,438.77
2015-04-08,442.38,442.38,442.38,442.38,1547,442.38
2015-04-09,449.62,449.62,449.62,449.62,110,449.62
2015-04-10,449.62,449.62,444.19,447.82,885,447.82
2015-04-13,455.06,469.53,452.34,465.91,7628,465.91
2015-04-14,493.05,493.05,468.62,480.38,17464,480.38
2015-04-15,488.52,488.52,465.91,479.48,4090,479.48
2015-04-16,479.48,479.48,470.43,479.48,2653,479.48
2015-04-17,479.48,479.48,466.81,470.43,2431,470.43
2015-04-20,461.39,461.39,444.19,444.19,6631,444.19
2015-04-21,456.86,461.39,456.86,461.39,2431,461.39
2015-04-22,551.85,551.85,551.85,551.85,81355,551.85
2015-04-23,642.32,642.32,635.99,642.32,188576,642.32
2015-04-24,574.47,590.76,550.04,564.52,270152,564.52
2015-04-27,578.09,580.8,564.52,565.42,49852,565.42
2015-04-28,569.95,572.67,560.9,567.23,24539,567.23
2015-04-30,563.61,567.23,560.0,562.71,21443,562.71
2015-05-01,565.42,567.23,560.9,565.42,13044,565.42
2015-05-07,567.23,575.38,560.0,573.56,23987,573.56
2015-05-08,578.09,578.09,562.71,566.33,9947,566.33
2015-05-11,560.9,561.8,556.38,558.2,16803,558.2
2015-05-12,558.2,560.0,554.57,557.28,4864,557.28
2015-05-13,560.0,560.0,552.76,555.47,10169,555.47
2015-05-14,556.38,556.38,550.95,553.66,13817,553.66
2015-05-15,553.66,554.57,549.14,550.04,5416,550.04
2015-05-18,552.76,552.76,549.14,550.04,2985,550.04
2015-05-19,550.04,550.95,549.14,549.14,2874,549.14
2015-05-20,551.85,556.38,550.04,555.47,4864,555.47
2015-05-21,556.38,556.38,552.76,554.57,2321,554.57
2015-05-22,554.57,554.57,551.85,553.66,1769,553.66
2015-05-25,554.57,554.57,553.66,553.66,4531,553.66
2015-05-26,554.57,555.47,553.66,555.47,4752,555.47
2015-05-27,556.38,558.2,549.14,556.38,9175,556.38
2015-05-28,556.38,556.38,543.72,549.14,8732,549.14
2015-05-29,548.24,549.14,548.24,549.14,4752,549.14
2015-06-01,549.14,551.85,548.24,551.85,2431,551.85
2015-06-02,554.57,554.57,550.04,550.04,2321,550.04
2015-06-03,550.95,550.95,544.63,544.63,13044,544.63
2015-06-04,545.52,547.33,541.0,545.52,12381,545.52
2015-06-05,546.42,547.33,541.9,547.33,5085,547.33
2015-06-08,548.24,549.14,542.81,547.33,3980,547.33
2015-06-09,542.81,546.42,542.81,542.81,6190,542.81
2015-06-10,542.81,545.52,542.81,544.63,3980,544.63
2015-06-11,542.81,544.63,541.9,542.81,15033,542.81
2015-06-12,542.81,542.81,541.0,542.81,5748,542.81
2015-06-15,542.81,547.33,542.81,544.63,9286,544.63
2015-06-16,545.52,547.33,542.81,543.72,1879,543.72
2015-06-17,543.72,547.33,542.81,546.42,5085,546.42
2015-06-18,546.42,547.33,544.63,544.63,2543,544.63
2015-06-19,544.63,545.52,542.81,545.52,3537,545.52
2015-06-22,546.42,547.33,544.63,547.33,4531,547.33
2015-06-23,549.14,551.85,547.33,551.85,7074,551.85
2015-06-24,555.47,555.47,551.85,554.57,6190,554.57
2015-06-25,555.47,559.09,553.66,559.09,6964,559.09
2015-06-26,559.09,559.09,555.47,559.09,6300,559.09
2015-06-29,556.38,556.38,542.81,546.42,23655,546.42
2015-06-30,554.57,555.47,548.24,548.24,2764,548.24
2015-07-01,547.33,555.47,547.33,555.47,3980,555.47
2015-07-02,555.47,556.38,553.66,556.38,2764,556.38
2015-07-03,556.38,556.38,549.14,556.38,4422,556.38
2015-07-06,556.38,556.38,552.76,552.76,2874,552.76
2015-07-07,553.66,556.38,553.66,555.47,1326,555.47
2015-07-08,555.47,555.47,548.24,548.24,4642,548.24
2015-07-09,544.63,550.95,542.81,550.95,9507,550.95
2015-07-10,550.95,553.66,550.04,550.04,1879,550.04
2015-07-13,553.66,554.57,551.85,551.85,4311,551.85
2015-07-14,556.38,556.38,551.85,553.66,5416,553.66
2015-07-15,555.47,556.38,554.57,556.38,3095,556.38
2015-07-16,556.38,556.38,553.66,556.38,2543,556.38
2015-07-17,558.2,581.7,555.47,569.95,15364,569.95
2015-07-21,570.85,575.38,568.15,568.15,9947,568.15
2015-07-22,570.85,571.76,567.23,569.95,2431,569.95
2015-07-23,569.95,570.85,567.23,569.95,3316,569.95
2015-07-24,570.85,571.76,568.15,571.76,5527,571.76
2015-07-27,572.67,574.47,569.95,569.95,2431,569.95
2015-07-28,571.76,571.76,568.15,570.85,3095,570.85
2015-07-29,570.85,575.38,569.95,574.47,4531,574.47
2015-07-30,574.47,574.47,571.76,572.67,1658,572.67
2015-07-31,575.38,575.38,572.67,573.56,2985,573.56
2015-08-03,575.38,575.38,573.56,575.38,5195,575.38
2015-08-04,575.38,578.99,571.76,577.18,6742,577.18
2015-08-05,577.18,578.09,576.28,577.18,2431,577.18
2015-08-06,578.99,582.62,578.09,578.99,4864,578.99
2015-08-07,579.9,583.51,578.09,578.09,4422,578.09
2015-08-10,579.9,584.42,578.99,582.62,4531,582.62
2015-08-11,586.24,588.04,582.62,588.04,8843,588.04
2015-08-12,578.99,582.62,560.9,569.04,19123,569.04
2015-08-13,565.42,568.15,541.9,548.24,34487,548.24
2015-08-14,550.04,557.28,549.14,556.38,9728,556.38
2015-08-17,560.0,561.8,545.52,553.66,9947,553.66
2015-08-18,560.0,560.9,558.2,559.09,3759,559.09
2015-08-19,564.52,564.52,556.38,562.71,2543,562.71
2015-08-20,564.52,564.52,556.38,556.38,3980,556.38
2015-08-21,556.38,558.2,552.76,553.66,4422,553.66
2015-08-24,549.14,549.14,524.72,524.72,18128,524.72
2015-08-25,498.47,528.34,462.29,524.72,14481,524.72
2015-08-26,538.29,542.81,529.24,538.29,4422,538.29
2015-08-27,541.9,557.28,541.9,550.04,6521,550.04
2015-08-28,551.85,559.09,550.95,557.28,7074,557.28
2015-08-31,562.71,566.33,558.2,561.8,4422,561.8
2015-09-01,560.9,566.33,555.47,555.47,5085,555.47
2015-09-02,553.66,560.9,552.76,559.09,4531,559.09
2015-09-03,552.76,558.2,550.95,558.2,3537,558.2
2015-09-04,558.2,558.2,542.81,546.42,3648,546.42
2015-09-07,548.24,567.23,548.24,560.9,11496,560.9
2015-09-08,561.8,563.61,551.85,552.76,7074,552.76
2015-09-09,566.33,578.09,560.9,578.09,29623,578.09
2015-09-10,570.85,574.47,563.61,565.42,8070,565.42
2015-09-11,550.04,550.04,546.42,546.42,52727,546.42
2015-09-14,549.14,549.14,544.63,544.63,16359,544.63
2015-09-15,546.42,548.24,542.81,543.72,13706,543.72
2015-09-16,544.63,547.33,542.81,547.33,7848,547.33
2015-09-17,547.33,547.33,544.63,546.42,5085,546.42
2015-09-18,548.24,548.24,546.42,547.33,6300,547.33
2015-09-24,547.33,549.14,546.42,549.14,12712,549.14
2015-09-25,549.14,550.95,547.33,550.95,22660,550.95
2015-09-28,533.76,539.19,515.67,535.56,32277,535.56
2015-09-29,526.53,530.15,506.62,513.86,17464,513.86
2015-09-30,516.57,517.47,508.43,512.04,11826,512.04
2015-10-01,512.04,514.77,508.43,514.77,8732,514.77
2015-10-02,509.34,516.57,509.34,516.57,4642,516.57
2015-10-05,516.57,523.81,515.67,518.38,5195,518.38
2015-10-06,518.38,518.38,514.77,514.77,3427,514.77
2015-10-07,516.57,521.99,516.57,519.28,9837,519.28
2015-10-08,519.28,521.99,517.47,521.09,3427,521.09
2015-10-09,521.99,522.91,518.38,519.28,4090,519.28
2015-10-13,518.38,520.19,518.38,520.19,2543,520.19
2015-10-14,521.99,521.99,518.38,518.38,4642,518.38
2015-10-15,516.57,519.28,515.67,518.38,4752,518.38
2015-10-16,515.67,518.38,513.86,513.86,2321,513.86
2015-10-19,513.86,516.57,513.86,515.67,2543,515.67
2015-10-20,515.67,517.47,513.86,514.77,3980,514.77
2015-10-21,518.38,518.38,513.86,515.67,7407,515.67
2015-10-22,521.09,532.85,521.09,532.85,8511,532.85
2015-10-23,535.56,545.52,533.76,544.63,19454,544.63
2015-10-26,547.33,547.33,544.63,544.63,4422,544.63
2015-10-27,545.52,545.52,541.9,543.72,2874,543.72
2015-10-28,543.72,544.63,542.81,543.72,3759,543.72
2015-10-29,543.72,544.63,541.0,541.0,3759,541.0
2015-10-30,542.81,548.24,541.0,545.52,14591,545.52
2015-11-02,546.42,547.33,541.0,542.81,5306,542.81
2015-11-04,542.81,544.63,540.08,543.72,4422,543.72
2015-11-05,543.72,543.72,541.9,542.81,8070,542.81
2015-11-06,543.72,545.52,542.81,545.52,6080,545.52
2015-11-09,547.33,547.33,544.63,546.42,7959,546.42
2015-11-10,546.42,546.42,544.63,546.42,1769,546.42
2015-11-11,546.42,554.57,546.42,553.66,21664,553.66
2015-11-12,554.57,556.38,550.04,553.66,15585,553.66
2015-11-13,548.24,551.85,548.24,550.04,3759,550.04
2015-11-16,542.81,545.52,542.81,543.72,11607,543.72
2015-11-17,543.72,545.52,538.29,538.29,4090,538.29
2015-11-18,538.29,546.42,538.29,544.63,3648,544.63
2015-11-19,544.63,544.63,541.9,542.81,1547,542.81
2015-11-20,542.81,548.24,542.81,548.24,4201,548.24
2015-11-24,550.95,550.95,545.52,549.14,3427,549.14
2015-11-25,549.14,550.04,547.33,550.04,4090,550.04
2015-11-26,550.04,550.04,545.52,546.42,5195,546.42
2015-11-27,546.42,546.42,542.81,544.63,4311,544.63
2015-11-30,546.42,550.04,542.81,550.04,6410,550.04
2015-12-01,550.04,550.04,547.33,549.14,3316,549.14
2015-12-02,547.33,547.33,540.08,546.42,12491,546.42
2015-12-03,540.08,543.72,540.08,543.72,6080,543.72
2015-12-04,540.08,543.72,540.08,542.81,1658,542.81
2015-12-07,541.9,542.81,530.15,541.9,14038,541.9
2015-12-08,539.19,541.0,538.29,540.08,1215,540.08
2015-12-09,541.0,541.9,540.08,541.0,885,541.0
2015-12-10,539.19,541.0,538.29,540.08,1769,540.08
2015-12-11,543.72,544.63,541.9,544.63,4422,544.63
2015-12-14,546.42,556.38,539.19,551.85,26750,551.85
2015-12-15,553.66,553.66,544.63,544.63,6852,544.63
2015-12-16,548.24,551.85,541.9,548.24,6190,548.24
2015-12-17,550.04,553.66,547.33,552.76,11164,552.76
2015-12-18,548.24,552.76,548.24,549.14,4752,549.14
2015-12-21,549.14,550.95,542.81,547.33,7848,547.33
2015-12-22,548.24,549.14,547.33,548.24,2321,548.24
2015-12-24,547.33,548.24,544.63,544.63,7186,544.63
2015-12-25,544.63,552.76,541.0,552.76,7407,552.76
2015-12-28,553.66,554.57,547.33,547.33,2874,547.33
2015-12-29,544.63,545.52,542.81,542.81,6410,542.81
2015-12-30,543.72,548.24,543.72,545.52,6080,545.52
2016-01-04,548.24,550.95,548.24,548.24,2543,548.24
2016-01-05,546.42,549.14,545.52,548.24,2653,548.24
2016-01-06,549.14,551.85,548.24,551.85,2985,551.85
2016-01-07,551.85,551.85,548.24,548.24,1879,548.24
2016-01-08,549.14,550.04,549.14,549.14,1326,549.14
2016-01-12,549.14,550.95,547.33,547.33,5195,547.33
2016-01-13,547.33,550.95,542.81,549.14,14369,549.14
2016-01-14,551.85,551.85,537.38,542.81,12047,542.81
2016-01-15,543.72,543.72,540.08,542.81,1436,542.81
2016-01-18,536.47,536.47,526.53,536.47,5969,536.47
2016-01-19,537.38,538.29,533.76,533.76,664,533.76
2016-01-20,539.19,539.19,519.28,528.34,13376,528.34
2016-01-21,511.14,516.57,489.43,489.43,6080,489.43
2016-01-22,504.81,514.77,498.47,506.62,2653,506.62
2016-01-25,511.14,520.19,510.24,515.67,1436,515.67
2016-01-26,517.47,530.15,515.67,521.09,1658,521.09
2016-01-27,530.15,538.29,530.15,538.29,1105,538.29
2016-01-28,530.15,531.94,529.24,531.94,885,531.94
2016-01-29,536.47,536.47,526.53,533.76,1105,533.76
2016-02-01,542.81,542.81,535.56,541.9,3427,541.9
2016-02-02,541.9,546.42,541.9,546.42,1105,546.42
2016-02-03,537.38,547.33,529.24,545.52,5306,545.52
2016-02-04,557.28,557.28,550.04,553.66,17244,553.66
2016-02-05,553.66,562.71,553.66,562.71,18570,562.71
2016-02-08,560.9,560.9,555.47,557.28,4974,557.28
2016-02-09,557.28,557.28,551.85,553.66,4531,553.66
2016-02-10,553.66,553.66,532.85,533.76,11386,533.76
2016-02-12,524.72,524.72,499.39,505.72,11826,505.72
2016-02-15,532.85,532.85,511.14,511.14,7407,511.14
2016-02-16,512.04,517.47,512.04,515.67,5748,515.67
2016-02-17,516.57,522.91,515.67,516.57,7517,516.57
2016-02-18,517.47,521.09,515.67,521.09,5969,521.09
2016-02-19,521.09,521.09,519.28,519.28,331,519.28
2016-02-22,515.67,523.81,515.67,523.81,3206,523.81
2016-02-23,524.72,529.24,522.91,529.24,3537,529.24
2016-02-24,527.43,529.24,527.43,529.24,221,529.24
2016-02-25,531.94,531.94,531.94,531.94,221,531.94
2016-02-26,522.91,530.15,522.91,530.15,3206,530.15
2016-02-29,535.56,535.56,526.53,530.15,1879,530.15
2016-03-01,530.15,530.15,512.04,521.09,4752,521.09
2016-03-02,524.72,524.72,521.99,521.99,774,521.99
2016-03-03,531.05,531.94,531.05,531.94,1436,531.94
2016-03-04,531.94,552.76,525.61,543.72,10832,543.72
2016-03-07,542.81,542.81,532.85,536.47,3537,536.47
2016-03-08,534.67,536.47,533.76,536.47,885,536.47
2016-03-09,536.47,542.81,531.94,536.47,1989,536.47
2016-03-10,537.38,538.29,537.38,538.29,553,538.29
2016-03-11,536.47,544.63,536.47,544.63,994,544.63
2016-03-14,550.04,550.04,544.63,544.63,3980,544.63
2016-03-15,550.04,550.04,542.81,542.81,442,542.81
2016-03-16,549.14,549.14,546.42,546.42,1105,546.42
2016-03-17,618.8,636.88,607.04,636.88,207698,636.88
2016-03-18,622.41,634.19,610.66,634.19,150108,634.19
2016-03-22,654.08,696.6,632.37,682.12,161715,682.12
2016-03-23,696.6,722.84,655.89,673.99,145467,673.99
2016-03-24,670.36,670.36,620.62,665.85,91856,665.85
2016-03-25,667.65,668.55,642.32,649.57,31061,649.57
2016-03-28,642.32,642.32,617.9,618.8,27193,618.8
2016-03-29,624.23,651.37,624.23,635.99,27635,635.99
2016-03-30,663.14,666.74,638.7,654.08,25865,654.08
2016-03-31,678.51,686.65,643.22,670.36,33492,670.36
2016-04-01,688.46,688.46,664.04,678.51,12602,678.51
2016-04-04,664.93,688.46,660.41,688.46,22992,688.46
2016-04-05,678.51,678.51,651.37,657.7,17133,657.7
2016-04-06,669.47,671.27,653.18,654.99,18460,654.99
2016-04-07,647.75,661.32,643.22,643.22,17354,643.22
2016-04-08,633.27,633.27,613.37,622.41,36920,622.41
2016-04-11,622.41,631.47,620.62,624.23,8622,624.23
2016-04-12,633.27,651.37,624.23,646.84,16581,646.84
2016-04-13,657.7,657.7,635.09,650.46,9947,650.46
2016-04-14,648.66,648.66,635.09,644.13,18682,644.13
2016-04-15,647.75,647.75,635.99,640.51,4642,640.51
2016-04-18,632.37,637.8,616.99,617.9,18239,617.9
2016-04-19,621.52,639.61,621.52,627.85,7186,627.85
2016-04-20,633.27,638.7,621.52,621.52,18018,621.52
2016-04-21,624.23,642.32,621.52,642.32,18128,642.32
2016-04-22,648.66,648.66,632.37,639.61,24760,639.61
2016-04-25,632.37,635.09,625.13,626.93,12047,626.93
2016-04-26,624.23,630.57,592.57,592.57,27082,592.57
2016-04-27,574.47,583.51,551.85,572.67,231685,572.67
2016-04-28,566.33,572.67,519.28,519.28,112526,519.28
2016-05-02,518.38,542.81,517.47,521.09,46315,521.09
2016-05-06,541.0,542.81,528.34,542.81,29071,542.81
2016-05-09,499.39,511.14,497.57,505.72,51399,505.72
2016-05-10,503.0,509.34,499.39,506.62,15253,506.62
2016-05-11,510.24,517.47,506.62,517.47,11826,517.47
2016-05-12,513.86,519.28,511.14,515.67,9065,515.67
2016-05-13,519.28,519.28,510.24,517.47,7407,517.47
2016-05-16,523.81,524.72,516.57,519.28,8732,519.28
2016-05-17,510.24,519.28,506.62,513.86,11053,513.86
2016-05-18,515.67,516.57,509.34,512.04,5195,512.04
2016-05-19,511.14,521.09,511.14,520.19,5195,520.19
2016-05-20,514.77,516.57,510.24,515.67,4201,515.67
2016-05-23,521.99,521.99,515.67,516.57,5416,516.57
2016-05-24,519.28,530.15,519.28,529.24,7628,529.24
2016-05-25,529.24,532.85,524.72,527.43,4201,527.43
2016-05-26,533.76,533.76,527.43,530.15,1658,530.15
2016-05-27,532.85,532.85,526.53,530.15,1547,530.15
2016-05-30,530.15,530.15,524.72,527.43,4090,527.43
2016-05-31,528.34,528.34,525.61,525.61,1658,525.61
2016-06-01,525.61,532.85,523.81,528.34,5859,528.34
2016-06-02,524.72,531.05,523.81,527.43,2321,527.43
2016-06-03,525.61,533.76,524.72,533.76,2431,533.76
2016-06-06,533.76,540.08,530.15,540.08,3537,540.08
2016-06-07,533.76,541.0,530.15,530.15,4311,530.15
2016-06-08,529.24,530.15,526.53,528.34,1547,528.34
2016-06-09,525.61,528.34,522.91,523.81,5195,523.81
2016-06-10,523.81,528.34,522.91,527.43,5416,527.43
2016-06-13,536.47,536.47,488.52,490.33,20228,490.33
2016-06-14,514.77,514.77,492.14,503.0,9396,503.0
2016-06-16,521.09,521.09,505.72,505.72,3206,505.72
2016-06-17,499.39,511.14,499.39,502.09,4752,502.09
2016-06-20,502.09,514.77,502.09,511.14,1658,511.14
2016-06-21,513.86,523.81,511.14,523.81,3759,523.81
2016-06-22,523.81,523.81,516.57,521.09,3206,521.09
2016-06-23,521.99,521.99,518.38,521.09,2431,521.09
2016-06-24,521.09,521.09,465.91,493.05,16581,493.05
2016-06-27,502.09,512.04,496.68,505.72,6190,505.72
2016-06-28,530.15,531.05,525.61,530.15,29181,530.15
2016-06-29,530.15,531.94,522.91,528.34,4864,528.34
2016-06-30,531.94,531.94,525.61,527.43,3427,527.43
2016-07-01,529.24,529.24,527.43,529.24,2764,529.24
2016-07-04,529.24,530.15,527.43,529.24,2100,529.24
2016-07-05,529.24,529.24,527.43,528.34,1105,528.34
2016-07-06,529.24,530.15,524.72,525.61,3316,525.61
2016-07-07,524.72,532.85,523.81,523.81,1326,523.81
2016-07-08,527.43,531.05,525.61,525.61,2653,525.61
2016-07-11,533.76,535.56,531.94,535.56,3980,535.56
2016-07-12,538.29,540.08,537.38,539.19,2985,539.19
2016-07-13,542.81,542.81,539.19,541.9,4864,541.9
2016-07-14,544.63,545.52,541.9,545.52,3980,545.52
2016-07-15,545.52,545.52,542.81,542.81,664,542.81
2016-07-19,542.81,545.52,541.0,544.63,2543,544.63
2016-07-20,542.81,548.24,542.81,548.24,1989,548.24
2016-07-21,549.14,553.66,546.42,553.66,3537,553.66
2016-07-22,553.66,553.66,550.04,551.85,1215,551.85
2016-07-25,552.76,556.38,551.85,552.76,2210,552.76
2016-07-26,560.0,560.0,553.66,555.47,2321,555.47
2016-07-27,555.47,560.0,555.47,558.2,1769,558.2
2016-07-28,557.28,560.9,553.66,558.2,2100,558.2
2016-07-29,558.2,560.9,552.76,560.9,4090,560.9
2016-08-01,568.15,568.15,559.09,559.09,2321,559.09
2016-08-02,553.66,564.52,553.66,564.52,553,564.52
2016-08-03,560.0,560.0,553.66,555.47,1436,555.47
2016-08-04,563.61,563.61,555.47,556.38,2210,556.38
2016-08-05,564.52,564.52,548.24,548.24,2543,548.24
2016-08-08,548.24,549.14,542.81,544.63,3427,544.63
2016-08-09,545.52,552.76,545.52,550.04,1215,550.04
2016-08-10,547.33,550.95,546.42,547.33,1658,547.33
2016-08-12,564.52,564.52,554.57,560.9,2764,560.9
2016-08-15,578.99,578.99,564.52,568.15,4311,568.15
2016-08-16,573.56,573.56,558.2,558.2,1879,558.2
2016-08-17,555.47,560.9,549.14,552.76,2431,552.76
2016-08-18,550.04,560.9,550.04,558.2,3316,558.2
2016-08-19,550.04,563.61,550.04,551.85,1215,551.85
2016-08-22,550.04,551.85,550.04,551.85,2543,551.85
2016-08-23,551.85,569.04,547.33,567.23,3759,567.23
2016-08-24,556.38,567.23,556.38,560.9,2431,560.9
2016-08-25,560.9,560.9,552.76,560.9,885,560.9
2016-08-26,560.9,565.42,556.38,560.9,1769,560.9
2016-08-29,561.8,566.33,559.09,560.9,5637,560.9
2016-08-30,560.9,560.9,552.76,553.66,3427,553.66
2016-08-31,553.66,556.38,550.95,550.95,3759,550.95
2016-09-01,558.2,559.09,551.85,552.76,5195,552.76
2016-09-02,552.76,558.2,550.04,551.85,4422,551.85
2016-09-05,560.0,562.71,556.38,556.38,2985,556.38
2016-09-06,560.0,562.71,553.66,557.28,4974,557.28
2016-09-07,566.33,569.95,558.2,564.52,5637,564.52
2016-09-08,569.95,569.95,566.33,569.04,3648,569.04
2016-09-09,572.67,574.47,569.95,574.47,27303,574.47
2016-09-12,574.47,574.47,570.85,572.67,4864,572.67
2016-09-13,574.47,578.99,573.56,578.99,15917,578.99
2016-09-14,585.32,588.04,580.8,583.51,24981,583.51
2016-09-15,578.09,579.9,574.47,578.99,5969,578.99
2016-09-16,578.99,579.9,574.47,577.18,5195,577.18
2016-09-20,578.99,586.24,578.09,584.42,9617,584.42
2016-09-21,584.42,587.14,578.09,586.24,5969,586.24
2016-09-23,588.04,594.37,586.24,594.37,19012,594.37
2016-09-26,595.27,604.33,595.27,600.71,9065,600.71
2016-09-27,602.51,602.51,592.57,597.99,26971,597.99
2016-09-28,577.18,577.18,561.8,562.71,31835,562.71
2016-09-29,570.85,570.85,561.8,564.52,7628,564.52
2016-09-30,561.8,561.8,557.28,559.09,5085,559.09
2016-10-03,558.2,558.2,554.57,556.38,3648,556.38
2016-10-04,555.47,557.28,555.47,557.28,3759,557.28
2016-10-05,555.47,559.09,555.47,559.09,4752,559.09
2016-10-06,559.09,562.71,559.09,560.9,9507,560.9
2016-10-07,560.9,560.9,556.38,560.9,3648,560.9
2016-10-11,560.9,563.61,558.2,560.9,4642,560.9
2016-10-12,561.8,562.71,557.28,557.28,4090,557.28
2016-10-13,561.8,563.61,559.09,563.61,3648,563.61
2016-10-14,564.52,564.52,557.28,558.2,7296,558.2
2016-10-17,554.57,556.38,553.66,553.66,4752,553.66
2016-10-18,552.76,552.76,547.33,550.95,4090,550.95
2016-10-19,550.95,560.9,550.95,559.09,7074,559.09
2016-10-20,559.09,560.9,554.57,559.09,4422,559.09
2016-10-21,553.66,560.0,553.66,557.28,5969,557.28
2016-10-24,553.66,560.0,553.66,559.09,2764,559.09
2016-10-25,560.0,560.9,557.28,560.0,3206,560.0
2016-10-26,562.71,564.52,560.0,564.52,3537,564.52
2016-10-27,567.23,567.23,561.8,561.8,8953,561.8
2016-10-28,567.23,572.67,562.71,568.15,20118,568.15
2016-10-31,560.9,561.8,551.85,554.57,14259,554.57
2016-11-01,562.71,562.71,556.38,560.0,2100,560.0
2016-11-02,556.38,560.0,554.57,556.38,2764,556.38
2016-11-04,553.66,557.28,553.66,554.57,1769,554.57
2016-11-07,550.95,553.66,550.95,552.76,1769,552.76
2016-11-08,550.95,554.57,550.95,554.57,1658,554.57
2016-11-09,556.38,557.28,542.81,554.57,6631,554.57
2016-11-10,554.57,560.0,547.33,556.38,6852,556.38
2016-11-11,555.47,561.8,555.47,560.0,2431,560.0
2016-11-14,563.61,566.33,558.2,558.2,7738,558.2
2016-11-15,568.15,568.15,560.9,562.71,1658,562.71
2016-11-16,566.33,566.33,555.47,562.71,1989,562.71
2016-11-17,562.71,566.33,556.38,562.71,2210,562.71
2016-11-18,553.66,559.09,553.66,555.47,3427,555.47
2016-11-21,556.38,560.9,555.47,557.28,2431,557.28
2016-11-22,560.9,561.8,551.85,556.38,3980,556.38
2016-11-24,560.9,560.9,556.38,557.28,1879,557.28
2016-11-25,557.28,560.0,556.38,558.2,1989,558.2
2016-11-28,566.33,566.33,559.09,563.61,2653,563.61
2016-11-29,565.42,567.23,561.8,566.33,2764,566.33
2016-11-30,566.33,566.33,560.0,561.8,2653,561.8
2016-12-01,559.09,566.33,559.09,563.61,1769,563.61
2016-12-02,560.0,566.33,560.0,564.52,1879,564.52
2016-12-05,567.23,569.95,564.52,564.52,2100,564.52
2016-12-06,564.52,568.15,563.61,567.23,1658,567.23
2016-12-07,567.23,568.15,561.8,568.15,2874,568.15
2016-12-08,569.04,569.04,563.61,563.61,3206,563.61
2016-12-09,562.71,562.71,557.28,561.8,7628,561.8
2016-12-12,569.04,569.04,563.61,565.42,3316,565.42
2016-12-13,565.42,567.23,562.71,567.23,6410,567.23
2016-12-14,569.04,569.04,565.42,568.15,3648,568.15
2016-12-15,568.15,568.15,563.61,565.42,1436,565.42
2016-12-16,565.42,568.15,565.42,567.23,1989,567.23
2016-12-19,568.15,568.15,565.42,567.23,2653,567.23
2016-12-20,567.23,567.23,566.33,567.23,1105,567.23
2016-12-21,565.42,567.23,565.42,565.42,1105,565.42
2016-12-22,568.15,568.15,556.38,559.09,4201,559.09
2016-12-26,566.33,567.23,560.0,567.23,6190,567.23
2016-12-27,566.33,566.33,560.0,562.71,2543,562.71
2016-12-28,562.71,569.04,562.71,569.04,1326,569.04
2016-12-29,568.15,568.15,561.8,568.15,2985,568.15
2016-12-30,561.8,568.15,561.8,568.15,2210,568.15
2017-01-04,565.42,569.04,565.42,569.04,2543,569.04
2017-01-05,569.95,576.28,569.95,575.38,4090,575.38
2017-01-06,575.38,575.38,571.76,575.38,3095,575.38
2017-01-10,580.8,581.7,572.67,575.38,3759,575.38
2017-01-11,575.38,578.09,575.38,578.09,885,578.09
2017-01-12,578.99,578.99,574.47,578.09,3427,578.09
2017-01-13,575.38,579.9,572.67,578.09,3537,578.09
2017-01-16,573.56,575.38,572.67,572.67,4201,572.67
2017-01-17,569.95,573.56,569.04,569.95,4752,569.95
2017-01-18,569.95,572.67,566.33,572.67,1436,572.67
2017-01-19,572.67,572.67,569.95,571.76,885,571.76
2017-01-20,575.38,575.38,571.76,574.47,1769,574.47
2017-01-23,576.28,576.28,571.76,572.67,1658,572.67
2017-01-24,572.67,574.47,571.76,571.76,1436,571.76
2017-01-25,574.47,574.47,572.67,573.56,885,573.56
2017-01-26,574.47,574.47,565.42,568.15,3537,568.15
2017-01-27,572.67,572.67,566.33,567.23,2210,567.23
2017-01-30,566.33,566.33,559.09,560.9,10832,560.9
2017-01-31,559.09,568.15,559.09,562.71,4642,562.71
2017-02-01,561.8,564.52,557.28,561.8,2431,561.8
2017-02-02,569.04,569.04,562.71,568.15,3870,568.15
2017-02-03,567.23,568.15,565.42,565.42,2764,565.42
2017-02-06,569.04,571.76,562.71,571.76,5306,571.76
2017-02-07,562.71,570.85,561.8,569.95,4974,569.95
2017-02-08,573.56,573.56,571.76,572.67,994,572.67
2017-02-09,576.28,578.09,575.38,578.09,2321,578.09
2017-02-10,578.09,581.7,566.33,579.9,8070,579.9
2017-02-13,577.18,581.7,577.18,579.9,4864,579.9
2017-02-14,602.51,602.51,582.62,583.51,7517,583.51
2017-02-15,597.09,601.61,583.51,589.86,11937,589.86
2017-02-16,592.57,596.19,588.04,588.95,2764,588.95
2017-02-17,597.09,597.09,568.15,576.28,19344,576.28
2017-02-20,588.04,590.76,585.32,588.04,2210,588.04
2017-02-21,588.95,589.86,578.99,585.32,6300,585.32
2017-02-22,588.95,595.27,574.47,588.95,9286,588.95
2017-02-23,597.09,597.09,591.65,595.27,1436,595.27
2017-02-24,596.19,597.09,590.76,592.57,2653,592.57
2017-02-27,597.09,597.09,594.37,595.27,2653,595.27
2017-02-28,595.27,595.27,592.57,593.46,3316,593.46
2017-03-01,593.46,597.09,592.57,595.27,1989,595.27
2017-03-02,592.57,597.09,590.76,595.27,4974,595.27
2017-03-03,592.57,594.37,592.57,593.46,2210,593.46
2017-03-06,593.46,602.51,593.46,597.99,3427,597.99
2017-03-07,602.51,602.51,594.37,597.09,1436,597.09
2017-03-08,597.99,601.61,597.09,600.71,7296,600.71
2017-03-09,602.51,603.42,600.71,600.71,1547,600.71
2017-03-10,605.23,606.14,600.71,603.42,7738,603.42
2017-03-13,604.33,610.66,603.42,610.66,4974,610.66
2017-03-14,615.18,615.18,609.76,615.18,6190,615.18
2017-03-15,609.76,612.46,609.76,612.46,1326,612.46
2017-03-16,612.46,617.9,612.46,617.9,1547,617.9
2017-03-17,617.9,627.85,617.9,626.04,8290,626.04
2017-03-21,632.37,633.27,627.85,628.75,3870,628.75
2017-03-22,633.27,638.7,626.93,633.27,19344,633.27
2017-03-23,630.57,636.88,624.23,632.37,4531,632.37
2017-03-24,636.88,639.61,634.19,636.88,2543,636.88
2017-03-27,638.7,643.22,637.8,637.8,9837,637.8
2017-03-28,640.51,646.84,637.8,646.84,8070,646.84
2017-03-29,636.88,637.8,634.19,635.09,5748,635.09
2017-03-30,635.09,635.09,625.13,634.19,3095,634.19
2017-03-31,634.19,641.42,617.9,617.9,6410,617.9
2017-04-03,626.93,631.47,620.62,620.62,5969,620.62
2017-04-04,620.62,626.04,612.46,614.28,3648,614.28
2017-04-05,605.23,608.84,602.51,602.51,4311,602.51
2017-04-06,611.57,611.57,595.27,595.27,3095,595.27
2017-04-07,604.33,604.33,587.14,590.76,2210,590.76
2017-04-10,581.7,585.32,581.7,583.51,2543,583.51
2017-04-11,583.51,597.09,583.51,583.51,2764,583.51
2017-04-12,584.42,584.42,573.56,573.56,2874,573.56
2017-04-13,572.67,580.8,567.23,576.28,3648,576.28
2017-04-14,569.04,573.56,568.15,572.67,5748,572.67
2017-04-17,573.56,576.28,573.56,574.47,1989,574.47
2017-04-18,583.51,583.51,576.28,582.62,2431,582.62
2017-04-19,582.62,585.32,579.9,579.9,2653,579.9
2017-04-20,585.32,587.14,581.7,584.42,2431,584.42
2017-04-21,588.04,588.04,584.42,588.04,1989,588.04
2017-04-24,588.95,602.51,588.04,595.27,3095,595.27
2017-04-25,593.46,599.81,593.46,597.99,2210,597.99
2017-04-26,606.14,606.14,595.27,599.81,5637,599.81
2017-04-27,617.9,631.47,607.94,627.85,20669,627.85
2017-04-28,626.93,626.93,614.28,623.31,5859,623.31
2017-05-01,623.31,623.31,609.76,619.71,3316,619.71
2017-05-02,610.66,625.13,610.66,623.31,4752,623.31
2017-05-08,622.41,631.47,622.41,626.04,11716,626.04
2017-05-09,629.66,630.57,625.13,630.57,8622,630.57
2017-05-10,631.47,638.7,631.47,638.7,9065,638.7
2017-05-11,637.8,637.8,635.99,637.8,4201,637.8
2017-05-12,637.8,644.13,636.88,644.13,6410,644.13
2017-05-15,645.94,647.75,636.88,645.04,9507,645.04
2017-05-16,642.32,642.32,630.57,632.37,7628,632.37
2017-05-17,635.99,636.88,629.66,636.88,1436,636.88
2017-05-18,635.99,636.88,632.37,636.88,1989,636.88
2017-05-19,637.8,638.7,629.66,638.7,2985,638.7
2017-05-22,642.32,642.32,635.99,640.51,10501,640.51
2017-05-23,650.46,683.04,650.46,678.51,24207,678.51
2017-05-24,676.7,677.61,665.85,675.8,10832,675.8
2017-05-25,677.61,678.51,672.18,672.18,7407,672.18
2017-05-26,676.7,676.7,660.41,668.55,8180,668.55
2017-05-29,668.55,673.09,665.85,671.27,5416,671.27
2017-05-30,677.61,678.51,669.47,673.99,4752,673.99
2017-05-31,674.88,678.51,670.36,672.18,10058,672.18
2017-06-01,672.18,677.61,672.18,674.88,3095,674.88
2017-06-02,678.51,678.51,673.99,676.7,6521,676.7
2017-06-05,678.51,687.56,675.8,683.04,10722,683.04
2017-06-06,683.93,692.99,683.93,686.65,6410,686.65
2017-06-07,690.27,690.27,679.42,682.12,7628,682.12
2017-06-08,685.74,689.36,682.12,683.93,5195,683.93
2017-06-09,683.93,692.99,683.93,691.18,6631,691.18
2017-06-12,696.6,696.6,687.56,690.27,8732,690.27
2017-06-13,687.56,703.84,687.56,698.4,9837,698.4
2017-06-14,708.36,711.98,697.51,697.51,7848,697.51
2017-06-15,697.51,725.56,697.51,711.98,13486,711.98
2017-06-16,721.94,724.66,712.88,717.42,5527,717.42
2017-06-19,717.42,723.74,714.7,723.74,7186,723.74
2017-06-20,723.74,727.35,720.12,723.74,5195,723.74
2017-06-21,723.74,723.74,718.31,719.22,4864,719.22
2017-06-22,720.12,721.04,716.5,718.31,7186,718.31
2017-06-23,716.5,723.74,713.78,721.94,7186,721.94
2017-06-26,723.74,724.66,714.7,721.04,8070,721.04
2017-06-27,728.26,731.88,715.6,731.88,33271,731.88
2017-06-28,731.88,732.79,728.26,732.79,5859,732.79
2017-06-29,732.79,732.79,723.74,732.79,4642,732.79
2017-06-30,732.79,743.64,732.79,741.83,7296,741.83
2017-07-03,768.07,768.07,749.08,754.51,11607,754.51
2017-07-04,755.41,764.46,739.13,739.13,7738,739.13
2017-07-05,739.13,753.6,738.22,747.26,5859,747.26
2017-07-06,759.03,759.03,746.36,752.7,4090,752.7
2017-07-07,750.89,750.89,741.83,746.36,3427,746.36
2017-07-10,749.98,750.89,742.74,744.55,4752,744.55
2017-07-11,749.08,759.03,746.36,755.41,5748,755.41
2017-07-12,761.73,763.55,748.16,750.89,6080,750.89
2017-07-13,751.78,754.51,749.98,751.78,4422,751.78
2017-07-14,751.78,751.78,742.74,749.08,4974,749.08
2017-07-18,749.98,749.98,717.42,745.46,22329,745.46
2017-07-19,742.74,742.74,732.79,733.69,4201,733.69
2017-07-20,733.69,736.41,730.07,733.69,8401,733.69
2017-07-21,729.17,736.41,729.17,736.41,3648,736.41
2017-07-24,736.41,736.41,729.17,732.79,5306,732.79
2017-07-25,729.17,731.88,728.26,731.88,2985,731.88
2017-07-26,731.88,731.88,729.17,730.98,3316,730.98
2017-07-27,730.98,731.88,725.56,728.26,3648,728.26
2017-07-28,728.26,730.07,726.45,727.35,2874,727.35
2017-07-31,723.74,723.74,705.65,721.04,10390,721.04
2017-08-01,719.22,727.35,714.7,726.45,8401,726.45
2017-08-02,720.12,722.84,716.5,720.12,3316,720.12
2017-08-03,719.22,729.17,719.22,725.56,3206,725.56
2017-08-04,731.88,731.88,728.26,730.98,3206,730.98
2017-08-07,734.6,736.41,732.79,732.79,4531,732.79
2017-08-08,732.79,735.51,728.26,733.69,1879,733.69
2017-08-09,735.51,736.41,732.79,734.6,3759,734.6
2017-08-10,734.6,735.51,729.17,730.07,3206,730.07
2017-08-14,732.79,732.79,725.56,727.35,7186,727.35
2017-08-15,727.35,727.35,726.45,727.35,3870,727.35
2017-08-16,725.56,727.35,725.56,726.45,2431,726.45
2017-08-17,730.98,735.51,729.17,731.88,3316,731.88
2017-08-18,731.88,731.88,724.66,725.56,2985,725.56
2017-08-21,719.22,726.45,719.22,724.66,8401,724.66
2017-08-22,730.07,730.98,724.66,727.35,2431,727.35
2017-08-23,730.98,732.79,723.74,730.07,6631,730.07
2017-08-24,730.07,733.69,729.17,730.98,2764,730.98
2017-08-25,732.79,739.13,732.79,738.22,3095,738.22
2017-08-28,750.89,754.51,741.83,741.83,11164,741.83
2017-08-29,741.83,753.6,740.03,748.16,6631,748.16
2017-08-30,753.6,760.83,752.7,753.6,7848,753.6
2017-08-31,754.51,759.03,750.89,758.11,6852,758.11
2017-09-01,746.36,760.83,741.83,759.93,10943,759.93
2017-09-04,759.93,761.73,746.36,753.6,10058,753.6
2017-09-05,753.6,758.11,746.36,749.08,4311,749.08
2017-09-06,746.36,754.51,742.74,750.89,4864,750.89
2017-09-07,757.21,761.73,754.51,761.73,4642,761.73
2017-09-08,764.46,766.27,761.73,764.46,7407,764.46
2017-09-11,768.98,768.98,764.46,765.36,5969,765.36
2017-09-12,767.17,772.59,764.46,768.07,6631,768.07
2017-09-13,768.98,771.68,766.27,768.98,6300,768.98
2017-09-14,771.68,772.59,766.27,768.98,9065,768.98
2017-09-15,768.98,776.21,768.07,771.68,22219,771.68
2017-09-19,783.46,792.5,778.02,790.69,15033,790.69
2017-09-20,796.12,803.35,795.21,799.73,12270,799.73
2017-09-21,794.31,802.45,792.5,798.84,17686,798.84
2017-09-22,797.94,799.73,793.4,793.4,29403,793.4
2017-09-25,798.84,803.35,795.21,800.64,25534,800.64
2017-09-26,805.16,818.73,781.64,796.12,99042,796.12
2017-09-27,761.73,803.35,751.78,798.84,73396,798.84
2017-09-28,801.54,804.26,780.74,797.94,10611,797.94
2017-09-29,796.12,804.26,788.88,795.21,9507,795.21
2017-10-02,790.69,799.73,782.55,797.02,8622,797.02
2017-10-03,789.77,795.21,779.83,789.77,6410,789.77
2017-10-04,783.46,792.5,778.93,789.77,5748,789.77
2017-10-05,787.98,787.98,781.64,787.07,4974,787.07
2017-10-06,787.07,787.98,778.02,779.83,5195,779.83
2017-10-10,778.02,791.59,778.02,788.88,8511,788.88
2017-10-11,791.59,791.59,783.46,785.26,9947,785.26
2017-10-12,783.46,790.69,783.46,787.07,8180,787.07
2017-10-13,787.98,789.77,783.46,787.07,3427,787.07
2017-10-16,781.64,787.07,778.93,785.26,7186,785.26
2017-10-17,785.26,785.26,780.74,783.46,2431,783.46
2017-10-18,781.64,783.46,776.21,778.02,2543,778.02
2017-10-19,778.02,782.55,776.21,777.12,3537,777.12
2017-10-20,768.07,773.5,765.36,773.5,9507,773.5
2017-10-23,774.41,780.74,774.41,778.93,3427,778.93
2017-10-24,782.55,788.88,774.41,787.07,5748,787.07
2017-10-25,791.59,796.12,778.93,787.07,6964,787.07
2017-10-26,788.88,788.88,773.5,782.55,4642,782.55
2017-10-27,782.55,782.55,768.98,778.02,5195,778.02
2017-10-30,769.89,790.69,768.98,790.69,11275,790.69
2017-10-31,793.4,793.4,779.83,789.77,4642,789.77
2017-11-01,789.77,789.77,779.83,787.07,4311,787.07
2017-11-02,776.21,791.59,776.21,791.59,3648,791.59
2017-11-06,780.74,784.37,769.89,780.74,6300,780.74
2017-11-07,769.89,776.21,768.07,774.41,2764,774.41
2017-11-08,768.07,773.5,751.78,766.27,5306,766.27
2017-11-09,759.93,766.27,753.6,762.65,6410,762.65
2017-11-10,752.7,754.51,744.55,754.51,3537,754.51
2017-11-13,741.83,741.83,730.98,733.69,7628,733.69
2017-11-14,730.98,733.69,724.66,726.45,6742,726.45
2017-11-15,726.45,726.45,708.36,708.36,3980,708.36
2017-11-16,701.13,702.03,696.6,700.22,4642,700.22
2017-11-17,705.65,732.79,689.36,693.89,7074,693.89
2017-11-20,692.08,693.89,683.93,693.89,5859,693.89
2017-11-21,695.7,717.42,690.27,717.42,5748,717.42
2017-11-22,717.42,719.22,715.6,715.6,1989,715.6
2017-11-24,723.74,727.35,719.22,721.04,3980,721.04
2017-11-27,731.88,735.51,728.26,735.51,1879,735.51
2017-11-28,736.41,736.41,724.66,726.45,2100,726.45
2017-11-29,736.41,736.41,727.35,731.88,994,731.88
2017-11-30,723.74,730.07,721.94,725.56,1436,725.56
2017-12-01,717.42,722.84,717.42,722.84,2543,722.84
2017-12-04,717.42,721.94,714.7,714.7,2431,714.7
2017-12-05,721.94,723.74,715.6,723.74,3095,723.74
2017-12-06,733.69,735.51,723.74,724.66,3980,724.66
2017-12-07,735.51,737.31,729.17,737.31,2874,737.31
2017-12-08,730.98,740.93,730.98,740.93,6190,740.93
2017-12-11,741.83,747.26,741.83,747.26,4642,747.26
2017-12-12,747.26,749.98,718.31,722.84,10501,722.84
2017-12-13,723.74,738.22,723.74,738.22,7186,738.22
2017-12-14,745.46,746.36,739.13,746.36,5195,746.36
2017-12-15,740.03,746.36,730.98,746.36,4090,746.36
2017-12-18,746.36,746.36,732.79,737.31,1879,737.31
2017-12-19,740.93,740.93,734.6,737.31,1547,737.31
2017-12-20,737.31,737.31,726.45,731.88,1105,731.88
2017-12-21,740.93,740.93,733.69,738.22,1105,738.22
2017-12-22,729.17,737.31,729.17,737.31,885,737.31
2017-12-25,740.03,740.03,727.35,734.6,2764,734.6
2017-12-26,738.22,749.08,738.22,743.64,3316,743.64
2017-12-27,743.64,745.46,738.22,741.83,1436,741.83
2017-12-28,747.26,747.26,734.6,738.22,1215,738.22
2017-12-29,738.22,740.03,736.41,738.22,1436,738.22
2018-01-04,740.03,749.08,740.03,745.46,2653,745.46
2018-01-05,745.46,745.46,740.03,742.74,1547,742.74
2018-01-09,750.89,750.89,744.55,748.16,2210,748.16
2018-01-10,750.89,758.11,748.16,748.16,2874,748.16
2018-01-11,747.26,754.51,743.64,747.26,2100,747.26
2018-01-12,748.16,753.6,748.16,748.16,2210,748.16
2018-01-15,753.6,753.6,750.89,751.78,2874,751.78
2018-01-16,752.7,752.7,750.89,751.78,1105,751.78
2018-01-17,748.16,752.7,748.16,750.89,1989,750.89
2018-01-18,749.98,749.98,745.46,745.46,1658,745.46
2018-01-19,750.89,750.89,744.55,749.08,994,749.08
2018-01-22,749.08,754.51,748.16,748.16,1769,748.16
2018-01-23,753.6,753.6,749.08,752.7,994,752.7
2018-01-24,752.7,752.7,748.16,751.78,2874,751.78
2018-01-25,748.16,752.7,748.16,750.89,994,750.89
2018-01-26,753.6,754.51,745.46,748.16,3206,748.16
2018-01-29,748.16,755.41,741.83,744.55,4090,744.55
2018-01-30,751.78,751.78,739.13,740.03,4090,740.03
2018-01-31,740.03,741.83,737.31,737.31,5748,737.31
2018-02-01,739.13,741.83,737.31,740.03,2764,740.03
2018-02-02,740.03,744.55,740.03,742.74,1326,742.74
2018-02-05,740.03,740.03,726.45,726.45,4201,726.45
2018-02-06,699.31,707.47,684.84,688.46,9507,688.46
2018-02-07,701.13,709.27,693.89,693.89,4974,693.89
2018-02-08,706.55,722.84,700.22,718.31,5306,718.31
2018-02-09,713.78,713.78,699.31,706.55,4642,706.55
2018-02-13,717.42,724.66,708.36,708.36,4090,708.36
2018-02-14,705.65,705.65,695.7,696.6,5195,696.6
2018-02-15,699.31,702.94,691.18,691.18,2210,691.18
2018-02-16,704.75,709.27,697.51,705.65,2100,705.65
2018-02-19,706.55,706.55,700.22,700.22,2210,700.22
2018-02-20,711.98,711.98,704.75,705.65,1215,705.65
2018-02-21,704.75,710.17,704.75,704.75,1547,704.75
2018-02-22,709.27,709.27,702.94,702.94,774,702.94
2018-02-23,705.65,711.98,705.65,710.17,2100,710.17
2018-02-26,710.17,713.78,710.17,712.88,1436,712.88
2018-02-27,709.27,717.42,709.27,714.7,1326,714.7
2018-02-28,709.27,713.78,706.55,706.55,1769,706.55
2018-03-01,705.65,705.65,696.6,696.6,2985,696.6
2018-03-02,696.6,696.6,688.46,690.27,2321,690.27
2018-03-05,688.46,688.46,683.04,683.04,2210,683.04
2018-03-06,690.27,695.7,686.65,686.65,1879,686.65
2018-03-07,700.22,702.94,696.6,696.6,2431,696.6
2018-03-08,693.89,702.94,693.89,700.22,2431,700.22
2018-03-09,702.94,702.94,696.6,696.6,2985,696.6
2018-03-12,702.94,702.94,699.31,702.94,1547,702.94
2018-03-13,702.94,703.84,701.13,702.94,1658,702.94
2018-03-14,704.75,704.75,701.13,702.03,2874,702.03
2018-03-15,704.75,704.75,702.94,704.75,1215,704.75
2018-03-16,704.75,705.65,702.94,702.94,1769,702.94
2018-03-19,705.65,711.08,702.94,702.94,3759,702.94
2018-03-20,704.75,704.75,697.51,699.31,2874,699.31
2018-03-22,698.4,710.17,698.4,710.17,2985,710.17
2018-03-23,699.31,699.31,681.22,685.74,3759,685.74
2018-03-26,696.6,696.6,680.32,684.84,3537,684.84
2018-03-27,689.36,702.94,689.36,702.94,5859,702.94
2018-03-28,691.18,714.7,691.18,703.84,2543,703.84
2018-03-29,704.75,706.55,679.42,699.31,2543,699.31
2018-03-30,706.55,707.47,698.4,700.22,1547,700.22
2018-04-02,704.75,704.75,691.18,692.08,1879,692.08
2018-04-03,678.51,678.51,673.99,677.61,4531,677.61
2018-04-04,678.51,693.89,676.7,693.89,5637,693.89
2018-04-05,693.89,699.31,693.89,698.4,1989,698.4
2018-04-06,698.4,705.65,692.99,695.7,1436,695.7
2018-04-09,695.7,705.65,694.79,702.03,1879,702.03
2018-04-10,702.03,703.84,699.31,703.84,2764,703.84
2018-04-11,701.13,706.55,701.13,706.55,1769,706.55
2018-04-12,704.75,705.65,702.94,705.65,1436,705.65
2018-04-13,705.65,707.47,703.84,706.55,1547,706.55
2018-04-16,705.65,705.65,701.13,705.65,3537,705.65
2018-04-17,702.94,709.27,702.94,705.65,2210,705.65
2018-04-18,701.13,705.65,701.13,705.65,1105,705.65
2018-04-19,702.03,706.55,702.03,706.55,1326,706.55
2018-04-20,702.03,704.75,702.03,704.75,1105,704.75
2018-04-23,701.13,702.03,700.22,702.03,2100,702.03
2018-04-24,701.13,705.65,701.13,702.94,1879,702.94
2018-04-25,702.03,709.27,702.03,709.27,2431,709.27
2018-04-26,706.55,732.79,706.55,732.79,10832,732.79
2018-04-27,727.35,727.35,714.7,717.42,3980,717.42
2018-05-01,719.22,722.84,718.31,719.22,6300,719.22
2018-05-02,719.22,730.07,717.42,728.26,1769,728.26
2018-05-07,732.79,732.79,714.7,718.31,5748,718.31
2018-05-08,731.88,731.88,715.6,722.84,4752,722.84
2018-05-09,732.79,752.7,724.66,748.16,23987,748.16
2018-05-10,751.78,766.27,742.74,765.36,9947,765.36
2018-05-11,768.07,768.98,761.73,768.07,4090,768.07
2018-05-14,772.59,773.5,768.98,768.98,7407,768.98
2018-05-15,773.5,773.5,768.07,769.89,4422,769.89
2018-05-16,768.98,768.98,765.36,766.27,1658,766.27
2018-05-17,762.65,762.65,731.88,749.98,9396,749.98
2018-05-18,750.89,756.31,749.98,749.98,885,749.98
2018-05-21,751.78,762.65,751.78,762.65,1658,762.65
2018-05-22,764.46,767.17,760.83,764.46,2210,764.46
2018-05-23,764.46,768.07,759.93,764.46,2210,764.46
2018-05-24,764.46,764.46,754.51,754.51,1436,754.51
2018-05-25,749.98,757.21,737.31,754.51,2764,754.51
2018-05-28,754.51,757.21,750.89,752.7,2431,752.7
2018-05-29,745.46,753.6,742.74,753.6,2210,753.6
2018-05-30,748.16,754.51,743.64,743.64,2100,743.64
2018-05-31,733.69,733.69,729.17,730.07,3648,730.07
2018-06-01,730.07,740.03,729.17,737.31,2431,737.31
2018-06-04,749.08,750.89,748.16,749.08,1326,749.08
2018-06-05,753.6,755.41,750.89,750.89,553,750.89
2018-06-06,750.89,752.7,745.46,751.78,1989,751.78
2018-06-07,751.78,759.03,751.78,757.21,1989,757.21
2018-06-08,755.41,755.41,754.51,755.41,3537,755.41
2018-06-11,759.93,764.46,759.03,764.46,3316,764.46
2018-06-12,767.17,768.98,767.17,768.07,2210,768.07
2018-06-13,770.79,772.59,770.79,772.59,2653,772.59
2018-06-14,774.41,776.21,772.59,774.41,4752,774.41
2018-06-15,778.02,778.93,771.68,771.68,3206,771.68
2018-06-18,777.12,777.12,773.5,775.3,2653,775.3
2018-06-19,778.02,778.02,771.68,771.68,3759,771.68
2018-06-20,771.68,771.68,758.11,761.73,2985,761.73
2018-06-21,761.73,777.12,759.93,767.17,3095,767.17
2018-06-22,768.98,775.3,768.07,775.3,1769,775.3
2018-06-25,775.3,805.16,775.3,805.16,11716,805.16
2018-06-26,791.59,797.02,784.37,796.12,22992,796.12
2018-06-27,806.97,857.64,806.97,856.73,48857,856.73
2018-06-28,868.49,879.35,824.16,836.83,31281,836.83
2018-06-29,825.98,845.88,824.16,839.55,6190,839.55
2018-07-02,849.5,849.5,823.25,825.98,14148,825.98
2018-07-03,823.25,823.25,768.98,785.26,17354,785.26
2018-07-04,782.55,783.46,769.89,781.64,5969,781.64
2018-07-05,771.68,772.59,765.36,766.27,6300,766.27
2018-07-06,771.68,772.59,761.73,772.59,3980,772.59
2018-07-09,773.5,779.83,768.98,775.3,5085,775.3
2018-07-10,777.12,788.88,777.12,782.55,7186,782.55
2018-07-11,787.98,795.21,783.46,785.26,6410,785.26
2018-07-12,787.98,793.4,786.16,787.07,2210,787.07
2018-07-13,787.98,791.59,787.98,791.59,3648,791.59
2018-07-17,803.35,812.41,800.64,805.16,7186,805.16
2018-07-18,813.31,814.21,799.73,799.73,4201,799.73
2018-07-19,802.45,806.97,800.64,800.64,3206,800.64
2018-07-20,794.31,797.02,792.5,794.31,3316,794.31
2018-07-23,794.31,800.64,788.88,797.94,4090,797.94
2018-07-24,796.12,805.16,796.12,805.16,2543,805.16
2018-07-25,805.16,812.41,805.16,806.07,3759,806.07
2018-07-26,814.21,817.83,802.45,815.12,6190,815.12
2018-07-27,821.44,828.69,816.02,818.73,7738,818.73
2018-07-30,832.31,835.01,818.73,820.54,8622,820.54
2018-07-31,827.79,834.11,823.25,829.59,7738,829.59
2018-08-01,828.69,831.39,816.92,816.92,4974,816.92
2018-08-02,830.5,831.39,816.02,816.02,4422,816.02
2018-08-03,814.21,818.73,798.84,804.26,4642,804.26
2018-08-06,804.26,814.21,804.26,805.16,4311,805.16
2018-08-07,805.16,805.16,773.5,782.55,11716,782.55
2018-08-08,786.16,798.84,786.16,791.59,4642,791.59
2018-08-09,798.84,798.84,783.46,783.46,4752,783.46
2018-08-10,773.5,773.5,752.7,752.7,15364,752.7
2018-08-13,768.07,768.07,750.89,750.89,6410,750.89
2018-08-14,766.27,767.17,756.31,759.93,4642,759.93
2018-08-15,768.98,776.21,759.93,763.55,7628,763.55
2018-08-16,762.65,770.79,754.51,754.51,7738,754.51
2018-08-17,761.73,770.79,761.73,766.27,1879,766.27
2018-08-20,768.98,774.41,768.98,771.68,4752,771.68
2018-08-21,771.68,771.68,760.83,764.46,2321,764.46
2018-08-22,759.93,770.79,759.93,769.89,1879,769.89
2018-08-23,776.21,780.74,770.79,774.41,2321,774.41
2018-08-24,782.55,787.07,765.36,787.07,3095,787.07
2018-08-27,768.98,783.46,768.98,778.02,9947,778.02
2018-08-28,795.21,795.21,772.59,773.5,7517,773.5
2018-08-29,778.02,784.37,775.3,775.3,9065,775.3
2018-08-30,779.83,779.83,770.79,772.59,8290,772.59
2018-08-31,769.89,772.59,767.17,768.07,7628,768.07
2018-09-03,772.59,772.59,766.27,767.17,6300,767.17
2018-09-04,775.3,775.3,767.17,769.89,7296,769.89
2018-09-05,772.59,773.5,769.89,770.79,5637,770.79
2018-09-06,770.79,770.79,767.17,768.07,6410,768.07
2018-09-07,768.07,768.98,766.27,768.98,4974,768.98
2018-09-10,770.79,770.79,767.17,767.17,8290,767.17
2018-09-11,768.07,768.98,767.17,768.98,4422,768.98
2018-09-12,768.98,768.98,766.27,768.98,6852,768.98
2018-09-13,768.98,769.89,765.36,768.98,8070,768.98
2018-09-14,769.89,772.59,768.07,769.89,12270,769.89
2018-09-18,773.5,778.02,770.79,778.02,13596,778.02
2018-09-19,781.64,787.07,778.93,779.83,19786,779.83
2018-09-20,787.07,788.88,781.64,787.07,9947,787.07
2018-09-21,785.26,793.4,785.26,789.77,18570,789.77
2018-09-25,789.77,797.94,789.77,796.12,92408,796.12
2018-09-26,772.59,783.46,772.59,778.02,65216,778.02
2018-09-27,776.21,776.21,766.27,773.5,12159,773.5
2018-09-28,768.07,771.68,765.36,768.98,5306,768.98
2018-10-01,770.79,770.79,764.46,765.36,5416,765.36
2018-10-02,759.93,764.46,759.03,760.83,4974,760.83
2018-10-03,760.83,760.83,753.6,753.6,3537,753.6
2018-10-04,753.6,753.6,730.07,730.07,13154,730.07
2018-10-05,730.07,734.6,729.17,733.69,4422,733.69
2018-10-09,733.69,733.69,708.36,708.36,6410,708.36
2018-10-10,709.27,726.45,709.27,716.5,7738,716.5
2018-10-11,710.17,710.17,682.12,684.84,13706,684.84
2018-10-12,693.89,693.89,680.32,691.18,8290,691.18
2018-10-15,696.6,696.6,680.32,683.93,9837,683.93
2018-10-16,684.84,684.84,680.32,682.12,5085,682.12
2018-10-17,692.99,693.89,685.74,693.89,3316,693.89
2018-10-18,694.79,694.79,683.93,684.84,4422,684.84
2018-10-19,684.84,685.74,681.22,683.93,1769,683.93
2018-10-22,688.46,688.46,683.04,683.04,3759,683.04
2018-10-23,684.84,688.46,678.51,678.51,6964,678.51
2018-10-24,678.51,682.12,678.51,682.12,2874,682.12
2018-10-25,673.99,673.99,660.41,664.04,6742,664.04
2018-10-26,670.36,670.36,635.99,641.42,9617,641.42
2018-10-29,641.42,647.75,641.42,645.04,4864,645.04
2018-10-30,645.04,697.51,644.13,697.51,11716,697.51
2018-10-31,697.51,702.03,675.8,678.51,4642,678.51
2018-11-01,678.51,687.56,671.27,675.8,5416,675.8
2018-11-02,675.8,681.22,667.65,669.47,4311,669.47
2018-11-05,669.47,676.7,668.55,671.27,2653,671.27
2018-11-06,671.27,682.12,671.27,678.51,3648,678.51
2018-11-07,683.04,691.18,678.51,678.51,3427,678.51
2018-11-08,682.12,690.27,682.12,688.46,3648,688.46
2018-11-09,688.46,710.17,688.46,697.51,8180,697.51
2018-11-12,711.08,722.84,707.47,715.6,3648,715.6
2018-11-13,715.6,715.6,697.51,699.31,6410,699.31
2018-11-14,707.47,710.17,700.22,708.36,6300,708.36
2018-11-15,702.94,707.47,698.4,701.13,2100,701.13
2018-11-16,697.51,700.22,697.51,700.22,1215,700.22
2018-11-19,711.08,711.08,694.79,695.7,1215,695.7
2018-11-20,695.7,702.94,695.7,702.03,2321,702.03
2018-11-21,696.6,706.55,695.7,695.7,3427,695.7
2018-11-22,695.7,702.03,695.7,702.03,1326,702.03
2018-11-26,702.03,711.98,697.51,711.98,2321,711.98
2018-11-27,711.98,711.98,704.75,707.47,2100,707.47
2018-11-28,706.55,706.55,702.94,703.84,2210,703.84
2018-11-29,710.17,711.08,706.55,706.55,664,706.55
2018-11-30,706.55,706.55,702.03,703.84,664,703.84
2018-12-03,703.84,711.08,703.84,706.55,1547,706.55
2018-12-04,706.55,710.17,678.51,692.99,4752,692.99
2018-12-05,692.99,692.99,691.18,691.18,2653,691.18
2018-12-06,685.74,691.18,680.32,680.32,3537,680.32
2018-12-07,680.32,689.36,680.32,680.32,3316,680.32
2018-12-10,683.93,689.36,682.12,682.12,1658,682.12
2018-12-11,692.99,692.99,681.22,682.12,5637,682.12
2018-12-12,682.12,688.46,682.12,684.84,2321,684.84
2018-12-13,684.84,705.65,684.84,702.94,5195,702.94
2018-12-14,702.94,704.75,691.18,696.6,7517,696.6
2018-12-17,696.6,701.13,687.56,687.56,3095,687.56
2018-12-18,685.74,690.27,685.74,688.46,2431,688.46
2018-12-19,687.56,690.27,686.65,688.46,1769,688.46
2018-12-20,674.88,687.56,643.22,643.22,5969,643.22
2018-12-21,633.27,641.42,597.09,607.94,10501,607.94
2018-12-25,607.04,627.85,561.8,563.61,8843,563.61
2018-12-26,626.93,626.93,591.65,594.37,3980,594.37
2018-12-27,623.31,633.27,609.76,631.47,4422,631.47
2018-12-28,633.27,644.13,631.47,644.13,2764,644.13
2019-01-04,638.7,647.75,638.7,647.75,3759,647.75
2019-01-07,647.75,654.99,642.32,654.99,4974,654.99
2019-01-08,654.99,657.7,652.27,657.7,3206,657.7
2019-01-09,664.04,666.74,664.04,664.93,2653,664.93
2019-01-10,664.93,678.51,664.93,673.09,1215,673.09
2019-01-11,673.09,679.42,664.93,675.8,3648,675.8
2019-01-15,673.09,673.09,655.89,655.89,3870,655.89
2019-01-16,651.37,653.18,648.66,648.66,2321,648.66
2019-01-17,654.99,654.99,633.27,644.13,7628,644.13
2019-01-18,644.13,645.04,634.19,638.7,2653,638.7
2019-01-21,643.22,646.84,626.93,634.19,9507,634.19
2019-01-22,627.85,636.88,627.85,634.19,1547,634.19
2019-01-23,622.41,638.7,622.41,636.88,1547,636.88
2019-01-24,640.51,641.42,635.99,636.88,1879,636.88
2019-01-25,634.19,637.8,630.57,634.19,2543,634.19
2019-01-28,647.75,647.75,632.37,632.37,2764,632.37
2019-01-29,632.37,635.09,630.57,635.09,2100,635.09
2019-01-30,648.66,648.66,623.31,623.31,4752,623.31
2019-01-31,617.9,635.99,615.18,615.18,5085,615.18
2019-02-01,615.18,626.93,615.18,620.62,1989,620.62
2019-02-04,638.7,638.7,623.31,623.31,2985,623.31
2019-02-05,641.42,641.42,628.75,628.75,1658,628.75
2019-02-06,645.94,645.94,633.27,635.99,2764,635.99
2019-02-07,635.99,635.99,629.66,632.37,1326,632.37
2019-02-08,641.42,641.42,632.37,637.8,2874,637.8
2019-02-12,651.37,651.37,626.04,643.22,9728,643.22
2019-02-13,636.88,645.04,633.27,638.7,3537,638.7
2019-02-14,663.14,663.14,636.88,637.8,5748,637.8
2019-02-15,637.8,640.51,635.99,640.51,2100,640.51
2019-02-18,663.14,663.14,639.61,640.51,2543,640.51
2019-02-19,645.04,651.37,642.32,645.04,3648,645.04
2019-02-20,645.94,647.75,645.94,647.75,1105,647.75
2019-02-21,645.94,656.79,645.94,654.08,3095,654.08
2019-02-22,655.89,657.7,654.08,654.08,1989,654.08
2019-02-25,649.57,653.18,641.42,651.37,6080,651.37
2019-02-26,654.08,656.79,649.57,655.89,2210,655.89
2019-02-27,649.57,657.7,649.57,651.37,2653,651.37
2019-02-28,656.79,661.32,652.27,655.89,2764,655.89
2019-03-01,654.99,658.61,652.27,653.18,2985,653.18
2019-03-04,668.55,668.55,652.27,652.27,3427,652.27
2019-03-05,653.18,663.14,653.18,654.99,3427,654.99
2019-03-06,659.52,659.52,653.18,658.61,2764,658.61
2019-03-07,654.08,658.61,654.08,658.61,2210,658.61
2019-03-08,653.18,653.18,640.51,645.04,6742,645.04
2019-03-11,645.04,651.37,645.04,648.66,1326,648.66
2019-03-12,648.66,660.41,648.66,651.37,6300,651.37
2019-03-13,646.84,653.18,646.84,653.18,1436,653.18
2019-03-14,659.52,659.52,649.57,651.37,4311,651.37
2019-03-15,651.37,655.89,650.46,650.46,2210,650.46
2019-03-18,655.89,660.41,655.89,658.61,2321,658.61
2019-03-19,651.37,653.18,647.75,648.66,3206,648.66
2019-03-20,647.75,650.46,647.75,649.57,1658,649.57
2019-03-22,651.37,656.79,649.57,656.79,2321,656.79
2019-03-25,635.99,645.94,635.99,645.94,5306,645.94
2019-03-26,652.27,658.61,648.66,658.61,8953,658.61
2019-03-27,673.39,673.39,665.07,668.77,3248,668.77
2019-03-28,665.07,667.84,661.37,661.37,3898,661.37
2019-03-29,665.07,665.07,663.23,664.15,975,664.15
2019-04-01,665.07,672.46,665.07,670.61,3573,670.61
2019-04-02,672.46,677.08,671.53,673.39,3032,673.39
2019-04-03,668.77,672.46,667.84,671.53,1406,671.53
2019-04-04,669.69,669.69,665.99,666.92,2381,666.92
2019-04-05,666.92,668.77,661.37,667.84,1623,667.84
2019-04-08,665.99,666.92,665.07,665.07,1300,665.07
2019-04-09,665.07,669.69,665.07,668.77,1840,668.77
2019-04-10,668.77,672.46,663.23,663.23,1732,663.23
2019-04-11,663.23,667.84,663.23,665.99,1083,665.99
2019-04-12,669.69,671.53,668.77,668.77,1300,668.77
2019-04-15,679.85,679.85,667.84,670.61,5413,670.61
2019-04-16,670.61,678.93,670.61,675.23,1515,675.23
2019-04-17,676.15,679.85,675.23,675.23,2273,675.23
2019-04-18,675.23,680.77,675.23,676.15,758,676.15
2019-04-19,676.15,678.93,676.15,676.15,1623,676.15
2019-04-22,678.01,680.77,676.15,676.15,1515,676.15
2019-04-23,676.15,678.01,676.15,678.01,866,678.01
2019-04-24,678.01,679.85,675.23,676.15,3573,676.15
2019-04-25,681.7,681.7,677.08,679.85,2923,679.85
2019-04-26,680.77,686.32,680.77,685.39,3139,685.39
2019-05-07,691.86,697.4,689.09,697.4,7253,697.4
2019-05-08,695.55,695.55,679.85,679.85,7470,679.85
2019-05-09,675.23,675.23,641.98,644.75,17862,644.75
2019-05-10,647.52,652.13,646.6,646.6,5196,646.6
2019-05-13,657.68,681.7,657.68,658.61,9634,658.61
2019-05-14,650.3,663.23,641.98,662.3,9527,662.3
2019-05-15,668.77,678.93,668.77,678.01,4655,678.01
2019-05-16,678.01,687.24,678.01,684.47,2923,684.47
2019-05-17,684.47,691.86,678.93,691.86,5521,691.86
2019-05-20,679.85,690.94,679.85,682.63,5196,682.63
2019-05-21,678.93,687.24,678.93,685.39,1840,685.39
2019-05-22,685.39,685.39,681.7,682.63,1515,682.63
2019-05-23,678.01,678.01,664.15,664.15,4006,664.15
2019-05-24,660.45,679.85,660.45,670.61,1840,670.61
2019-05-27,675.23,683.54,675.23,683.54,975,683.54
2019-05-28,675.23,676.15,674.31,674.31,1732,674.31
2019-05-29,669.69,680.77,668.77,675.23,1515,675.23
2019-05-30,675.23,679.85,675.23,679.85,2057,679.85
2019-05-31,680.77,683.54,679.85,679.85,2490,679.85
2019-06-03,680.77,708.49,680.77,708.49,7362,708.49
2019-06-04,707.56,707.56,683.54,687.24,6819,687.24
2019-06-05,690.94,690.94,685.39,690.01,1949,690.01
2019-06-06,690.01,694.64,690.01,692.78,1406,692.78
2019-06-07,692.78,700.17,692.78,697.4,1083,697.4
2019-06-10,697.4,715.87,697.4,714.95,4979,714.95
2019-06-11,717.73,717.73,703.87,710.34,8336,710.34
2019-06-12,715.87,720.49,715.87,715.87,3139,715.87
2019-06-13,715.87,715.87,712.18,714.95,2598,714.95
2019-06-14,720.49,722.35,718.65,721.42,5305,721.42
2019-06-17,722.35,724.19,722.35,722.35,3464,722.35
2019-06-18,726.04,727.88,724.19,726.04,3139,726.04
2019-06-19,726.04,726.04,721.42,721.42,4006,721.42
2019-06-20,723.26,727.88,717.73,726.96,9310,726.96
2019-06-21,726.96,726.96,719.57,720.49,2598,720.49
2019-06-24,716.8,716.8,712.18,712.18,3790,712.18
2019-06-25,711.25,714.95,711.25,714.95,6605,714.95
2019-06-26,712.18,731.58,712.18,731.58,12882,731.58
2019-06-27,767.61,780.53,750.06,765.76,58677,765.76
2019-06-28,758.36,762.99,753.75,753.75,8877,753.75
2019-07-01,748.2,753.75,722.35,724.19,15264,724.19
2019-07-02,735.27,735.27,689.09,692.78,18620,692.78
2019-07-03,695.55,714.95,695.55,714.95,8769,714.95
2019-07-04,719.57,727.88,709.41,716.8,6496,716.8
2019-07-05,719.57,726.04,716.8,719.57,4113,719.57
2019-07-08,726.04,726.96,721.42,726.04,3139,726.04
2019-07-09,726.04,736.2,726.04,736.2,3356,736.2
2019-07-10,735.27,751.9,735.27,741.74,8228,741.74
2019-07-11,746.36,747.28,742.66,747.28,1840,747.28
2019-07-12,751.9,751.9,746.36,750.06,2490,750.06
2019-07-16,751.9,751.9,747.28,747.28,3464,747.28
2019-07-17,743.58,748.2,743.58,744.51,3356,744.51
2019-07-18,742.66,742.66,730.65,733.43,4438,733.43
2019-07-19,733.43,738.96,731.58,738.96,3356,738.96
2019-07-22,747.28,749.13,745.44,745.44,2381,745.44
2019-07-23,745.44,748.2,744.51,744.51,2707,744.51
2019-07-24,745.44,746.36,745.44,745.44,1623,745.44
2019-07-25,745.44,747.28,745.44,745.44,1515,745.44
2019-07-26,746.36,746.36,741.74,742.66,2273,742.66
2019-07-29,740.82,746.36,740.82,746.36,1406,746.36
2019-07-30,746.36,746.36,744.51,745.44,2165,745.44
2019-07-31,745.44,745.44,741.74,742.66,1840,742.66
2019-08-01,742.66,749.13,740.82,749.13,3139,749.13
2019-08-02,749.13,750.06,739.89,739.89,2273,739.89
2019-08-05,741.74,742.66,738.05,741.74,3898,741.74
2019-08-06,738.05,738.05,735.27,737.12,3681,737.12
2019-08-07,737.12,762.06,734.35,762.06,11692,762.06
2019-08-08,752.82,759.29,746.36,746.36,3356,746.36
2019-08-09,759.29,761.14,745.44,756.52,3356,756.52
2019-08-13,756.52,762.06,748.2,762.06,9851,762.06
2019-08-14,739.89,771.29,739.89,768.53,13316,768.53
2019-08-15,764.84,764.84,747.28,760.22,3573,760.22
2019-08-16,760.22,760.22,754.67,756.52,4113,756.52
2019-08-19,756.52,759.29,756.52,757.44,1192,757.44
2019-08-20,759.29,761.14,759.29,761.14,2165,761.14
2019-08-21,759.29,774.07,758.36,770.37,6171,770.37
2019-08-22,770.37,785.15,770.37,785.15,7362,785.15
2019-08-23,788.85,792.55,777.77,777.77,6712,777.77
2019-08-26,779.61,795.32,753.75,768.53,16672,768.53
2019-08-27,769.46,769.46,755.6,756.52,4871,756.52
2019-08-28,769.46,784.23,753.75,784.23,11476,784.23
2019-08-29,771.29,780.53,762.99,776.85,19812,776.85
2019-08-30,776.85,782.38,776.85,782.38,22085,782.38
2019-09-02,785.15,825.79,781.47,819.33,23600,819.33
2019-09-03,818.41,837.8,804.56,810.09,31719,810.09
2019-09-04,808.25,814.71,808.25,813.79,11259,813.79
2019-09-05,814.71,817.48,812.87,813.79,9203,813.79
2019-09-06,813.79,814.71,806.4,806.4,7903,806.4
2019-09-09,806.4,806.4,804.56,806.4,3898,806.4
2019-09-10,805.47,811.94,804.56,811.94,3681,811.94
2019-09-11,812.87,813.79,805.47,805.47,7470,805.47
2019-09-12,817.48,817.48,803.63,804.56,15914,804.56
2019-09-13,811.94,811.94,808.25,811.02,9419,811.02
2019-09-17,811.94,815.64,811.02,813.79,9743,813.79
2019-09-18,817.48,817.48,810.09,815.64,6279,815.64
2019-09-19,817.48,820.26,815.64,820.26,26306,820.26
2019-09-20,820.26,823.95,820.26,821.17,21544,821.17
2019-09-24,823.03,825.79,819.33,819.33,17105,819.33
2019-09-25,822.1,822.1,813.79,813.79,18946,813.79
2019-09-26,809.18,815.64,785.15,786.08,100140,786.08
2019-09-27,788.85,807.32,787.0,798.08,62573,798.08
2019-09-30,798.08,798.08,777.77,796.24,9851,796.24
2019-10-01,794.38,794.38,781.47,784.23,6279,784.23
2019-10-02,775.91,785.15,771.29,779.61,4330,779.61
2019-10-03,771.29,775.91,754.67,765.76,5305,765.76
2019-10-04,752.82,764.84,752.82,762.06,3573,762.06
2019-10-07,761.14,765.76,757.44,758.36,2273,758.36
2019-10-08,761.14,766.67,753.75,762.99,6279,762.99
2019-10-09,760.22,762.06,750.98,757.44,11150,757.44
2019-10-10,754.67,754.67,751.9,754.67,1840,754.67
2019-10-11,755.6,765.76,755.6,765.76,2923,765.76
2019-10-15,774.99,783.31,769.46,783.31,6388,783.31
2019-10-16,787.0,790.7,779.61,779.61,10501,779.61
2019-10-17,771.29,779.61,771.29,776.85,2165,776.85
2019-10-18,773.15,775.91,772.23,772.23,2057,772.23
2019-10-21,772.23,774.07,768.53,774.07,1515,774.07
2019-10-23,774.07,776.85,768.53,771.29,3356,771.29
2019-10-24,771.29,775.91,768.53,774.99,1949,774.99
2019-10-25,772.23,774.07,770.37,774.07,1406,774.07
2019-10-28,785.15,790.7,776.85,781.47,7577,781.47
2019-10-29,780.53,794.38,780.53,791.62,4547,791.62
2019-10-30,796.24,798.08,792.55,798.08,9310,798.08
2019-10-31,798.08,806.4,794.38,803.63,9851,803.63
2019-11-01,794.38,802.7,794.38,800.86,3139,800.86
2019-11-05,787.0,799.94,765.76,790.7,21544,790.7
2019-11-06,790.7,790.7,772.23,774.07,7577,774.07
2019-11-07,774.99,777.77,773.15,774.99,1949,774.99
2019-11-08,769.46,776.85,765.76,765.76,4221,765.76
2019-11-11,765.76,769.46,741.74,749.13,9634,749.13
2019-11-12,742.66,756.52,741.74,751.9,7362,751.9
2019-11-13,750.98,753.75,749.13,751.9,2923,751.9
2019-11-14,751.9,753.75,747.28,751.9,4113,751.9
2019-11-15,754.67,765.76,748.2,750.98,7794,750.98
2019-11-18,752.82,755.6,747.28,748.2,1623,748.2
2019-11-19,747.28,747.28,741.74,741.74,3573,741.74
2019-11-20,741.74,762.99,739.89,762.06,6496,762.06
2019-11-21,762.06,762.06,744.51,744.51,5630,744.51
2019-11-22,744.51,750.98,729.73,731.58,14399,731.58
2019-11-25,732.5,734.35,731.58,731.58,3248,731.58
2019-11-26,745.44,745.44,734.35,734.35,6712,734.35
2019-11-27,737.12,740.82,735.27,738.05,2923,738.05
2019-11-28,740.82,742.66,738.96,741.74,1949,741.74
2019-11-29,738.05,738.05,737.12,737.12,758,737.12
2019-12-02,738.96,746.36,738.96,745.44,2815,745.44
2019-12-03,744.51,750.06,744.51,746.36,3464,746.36
2019-12-04,751.9,754.67,750.06,753.75,3898,753.75
2019-12-05,757.44,760.22,753.75,754.67,1949,754.67
2019-12-06,757.44,762.99,755.6,762.99,4547,762.99
2019-12-09,771.29,774.07,759.29,759.29,6605,759.29
2019-12-10,767.61,767.61,743.58,744.51,5846,744.51
2019-12-11,781.47,781.47,750.06,750.06,8986,750.06
2019-12-12,749.13,750.98,746.36,749.13,3573,749.13
2019-12-13,755.6,758.36,749.13,757.44,4438,757.44
2019-12-16,745.44,751.9,745.44,750.98,4764,750.98
2019-12-17,749.13,759.29,749.13,756.52,3139,756.52
2019-12-18,756.52,756.52,747.28,752.82,1840,752.82
2019-12-19,752.82,762.06,752.82,761.14,3790,761.14
2019-12-20,762.06,764.84,762.06,764.84,1515,764.84
2019-12-23,771.29,771.29,765.76,765.76,2490,765.76
2019-12-24,766.67,767.61,762.99,762.99,975,762.99
2019-12-25,767.61,769.46,762.99,762.99,2165,762.99
2019-12-26,783.31,783.31,770.37,781.47,4438,781.47
2019-12-27,777.77,781.47,774.07,778.69,1949,778.69
2019-12-30,781.47,789.76,770.37,773.15,4655,773.15
2020-01-06,761.14,771.29,752.82,770.37,3032,770.37
2020-01-07,762.06,777.77,762.06,777.77,2490,777.77
2020-01-08,767.61,771.29,759.29,759.29,3356,759.29
2020-01-09,768.53,771.29,752.82,762.99,4221,762.99
2020-01-10,766.67,767.61,761.14,765.76,2057,765.76
2020-01-14,769.46,773.15,761.14,761.14,3898,761.14
2020-01-15,761.14,761.14,747.28,749.13,4871,749.13
2020-01-16,750.98,750.98,746.36,746.36,2381,746.36
2020-01-17,746.36,747.28,745.44,746.36,1406,746.36
2020-01-20,741.74,760.22,741.74,751.9,2273,751.9
2020-01-21,751.9,752.82,745.44,749.13,2923,749.13
2020-01-22,751.9,755.6,748.2,750.06,1840,750.06
2020-01-23,750.06,754.67,747.28,749.13,1083,749.13
2020-01-24,746.36,749.13,745.44,745.44,1732,745.44
2020-01-27,773.15,773.15,748.2,748.2,3356,748.2
2020-01-28,744.51,745.44,738.96,738.96,3898,738.96
2020-01-29,739.89,745.44,739.89,739.89,758,739.89
2020-01-30,741.74,742.66,737.12,740.82,3356,740.82
2020-01-31,742.66,746.36,737.12,742.66,975,742.66
2020-02-03,737.12,740.82,737.12,737.12,1083,737.12
2020-02-04,738.96,738.96,734.35,736.2,1840,736.2
2020-02-05,738.96,745.44,738.96,741.74,1300,741.74
2020-02-06,741.74,746.36,741.74,742.66,2273,742.66
2020-02-07,742.66,747.28,742.66,745.44,2923,745.44
2020-02-10,745.44,748.2,742.66,743.58,1192,743.58
2020-02-12,743.58,743.58,734.35,734.35,2815,734.35
2020-02-13,729.73,729.73,703.87,724.19,9419,724.19
2020-02-14,738.05,738.05,727.88,731.58,4330,731.58
2020-02-17,731.58,731.58,720.49,720.49,1732,720.49
2020-02-18,725.11,725.11,706.64,706.64,2165,706.64
2020-02-19,706.64,706.64,696.48,697.4,3790,697.4
2020-02-20,699.25,701.1,697.4,697.4,3139,697.4
2020-02-21,696.48,701.1,692.78,695.55,3573,695.55
2020-02-25,666.92,677.08,665.07,666.92,11584,666.92
2020-02-26,694.64,696.48,656.75,661.37,9203,661.37
2020-02-27,689.09,689.09,646.6,646.6,5413,646.6
2020-02-28,597.64,620.73,593.02,596.71,13424,596.71
2020-03-02,593.02,614.27,593.02,602.26,8986,602.26
2020-03-03,639.21,639.21,599.49,599.49,9851,599.49
2020-03-04,600.42,605.03,589.32,603.18,4655,603.18
2020-03-05,603.18,609.65,592.1,592.1,6928,592.1
2020-03-06,592.1,599.49,566.23,566.23,12125,566.23
2020-03-09,555.15,562.54,535.76,535.76,10934,535.76
2020-03-10,517.29,536.68,473.87,536.68,15481,536.68
2020-03-11,543.14,553.3,536.68,537.59,5305,537.59
2020-03-12,531.14,531.14,515.43,520.05,7686,520.05
2020-03-13,477.56,508.05,473.87,482.18,12882,482.18
2020-03-16,495.11,520.97,487.72,504.35,9851,504.35
2020-03-17,484.95,517.29,480.33,508.05,5196,508.05
2020-03-18,524.67,535.76,523.74,523.74,6928,523.74
2020-03-19,513.59,534.82,508.05,534.82,6388,534.82
2020-03-23,522.82,553.3,512.67,553.3,5738,553.3
2020-03-24,553.3,596.71,548.68,562.54,2598,562.54
2020-03-25,607.8,619.81,580.09,619.81,12017,619.81
2020-03-26,627.21,629.04,599.49,629.04,9203,629.04
2020-03-27,644.75,660.45,637.36,660.45,9203,660.45
2020-03-30,669.95,669.95,627.2,629.09,6735,629.09
2020-03-31,629.09,668.06,629.09,668.06,5893,668.06
2020-04-01,636.7,636.7,619.59,620.54,5998,620.54
2020-04-02,598.69,598.69,571.12,576.83,5472,576.83
2020-04-03,576.83,576.83,568.27,570.18,1473,570.18
2020-04-06,570.18,583.48,560.68,573.97,6420,573.97
2020-04-07,578.73,600.58,578.73,600.58,2420,600.58
2020-04-08,610.09,658.55,610.09,658.55,4209,658.55
2020-04-09,670.91,675.66,657.6,675.66,3789,675.66
2020-04-10,675.66,675.66,646.2,660.45,2420,660.45
2020-04-13,661.4,670.91,653.8,668.06,2105,668.06
2020-04-14,677.56,677.56,661.4,673.76,5051,673.76
2020-04-15,673.76,674.71,669.01,669.95,1684,669.95
2020-04-16,667.1,678.51,667.1,677.56,2420,677.56
2020-04-17,677.56,684.21,676.61,681.36,3367,681.36
2020-04-20,652.85,669.01,652.85,655.7,3157,655.7
2020-04-21,649.05,649.05,636.7,648.1,2105,648.1
2020-04-22,648.1,649.05,642.4,642.4,1368,642.4
2020-04-23,642.4,651.9,642.4,650.95,1894,650.95
2020-04-24,650.95,663.3,650.95,663.3,2525,663.3
2020-04-27,687.06,687.06,669.01,687.06,3683,687.06
2020-04-28,687.06,707.96,687.06,700.37,4104,700.37
2020-04-30,700.37,700.37,693.72,697.52,2315,697.52
2020-05-01,697.52,698.46,688.96,693.72,1263,693.72
2020-05-07,657.6,677.56,657.6,677.56,2209,677.56
2020-05-08,691.81,691.81,676.61,684.21,1684,684.21
2020-05-11,706.07,723.18,704.17,723.18,3367,723.18
2020-05-12,722.22,736.47,720.32,732.68,2947,732.68
2020-05-13,732.68,764.04,732.68,764.04,3893,764.04
2020-05-14,771.63,771.63,747.88,750.73,4946,750.73
2020-05-15,750.73,758.34,744.08,745.98,2315,745.98
2020-05-18,745.98,746.93,743.13,745.98,736,745.98
2020-05-19,745.98,758.34,745.98,756.43,1263,756.43
2020-05-20,758.34,758.34,746.93,752.63,2842,752.63
2020-05-21,748.84,756.43,747.88,753.58,736,753.58
2020-05-22,751.69,756.43,748.84,755.48,842,755.48
2020-05-25,749.78,764.98,749.78,764.98,1368,764.98
2020-05-26,787.79,788.74,774.48,780.19,7156,780.19
2020-05-27,780.19,780.19,770.69,773.54,3998,773.54
2020-05-28,772.59,779.24,767.84,773.54,3893,773.54
2020-05-29,778.29,779.24,769.74,774.48,1894,774.48
2020-06-01,778.29,778.29,774.48,778.29,1263,778.29
2020-06-02,778.29,781.14,772.59,778.29,2631,778.29
2020-06-03,786.85,786.85,769.74,781.14,2947,781.14
2020-06-04,783.99,786.85,777.34,777.34,2000,777.34
2020-06-05,779.24,783.04,779.24,783.04,1368,783.04
2020-06-08,783.04,790.64,775.44,790.64,3893,790.64
2020-06-09,780.19,784.94,780.19,784.94,2209,784.94
2020-06-10,787.79,798.25,780.19,796.35,8734,796.35
2020-06-11,798.25,798.25,789.7,797.29,8734,797.29
2020-06-12,795.4,797.29,792.55,794.44,3262,794.44
2020-06-15,795.4,796.35,764.04,770.69,9260,770.69
2020-06-16,783.99,791.59,779.24,786.85,3683,786.85
2020-06-17,794.44,798.25,794.44,798.25,3473,798.25
2020-06-18,798.25,798.25,790.64,797.29,2000,797.29
2020-06-19,797.29,798.25,795.4,798.25,2631,798.25
2020-06-22,798.25,802.99,789.7,794.44,7261,794.44
2020-06-23,798.25,801.1,798.25,801.1,1263,801.1
2020-06-24,806.8,816.3,802.05,816.3,11154,816.3
2020-06-25,807.75,816.3,802.99,816.3,5578,816.3
2020-06-26,807.75,814.4,801.1,802.05,18836,802.05
2020-06-29,798.25,798.25,777.34,780.19,31359,780.19
2020-06-30,780.19,784.94,775.44,775.44,4840,775.44
2020-07-01,761.19,764.04,730.77,732.68,9049,732.68
2020-07-02,745.98,745.98,720.32,720.32,10313,720.32
2020-07-03,748.84,748.84,723.18,725.07,22835,725.07
2020-07-06,725.07,737.43,725.07,737.43,6420,737.43
2020-07-07,741.23,749.78,740.28,749.78,9576,749.78
2020-07-08,749.78,757.39,749.78,749.78,3998,749.78
2020-07-09,749.78,755.48,747.88,747.88,1578,747.88
2020-07-10,733.62,745.98,733.62,745.03,33358,745.03
2020-07-13,745.98,749.78,745.98,749.78,4525,749.78
2020-07-14,756.43,764.98,746.93,746.93,5367,746.93
2020-07-15,746.93,756.43,746.93,755.48,1789,755.48
2020-07-16,763.08,763.08,744.08,744.08,4946,744.08
2020-07-17,742.18,747.88,741.23,747.88,9576,747.88
2020-07-20,745.03,755.48,745.03,750.73,1473,750.73
2020-07-21,750.73,750.73,749.78,750.73,947,750.73
2020-07-22,750.73,753.58,747.88,748.84,3157,748.84
2020-07-27,785.89,788.74,748.84,780.19,5262,780.19
2020-07-28,784.94,784.94,760.24,763.08,6735,763.08
2020-07-29,773.54,775.44,760.24,766.89,9681,766.89
2020-07-30,773.54,773.54,753.58,766.89,7261,766.89
2020-07-31,766.89,795.4,756.43,774.48,17363,774.48
2020-08-03,778.29,778.29,762.13,769.74,5156,769.74
2020-08-04,770.69,770.69,762.13,770.69,1368,770.69
2020-08-05,769.74,771.63,762.13,766.89,2105,766.89
2020-08-06,769.74,769.74,762.13,762.13,2209,762.13
2020-08-07,762.13,765.93,760.24,765.93,2105,765.93
2020-08-11,769.74,774.48,764.98,774.48,4631,774.48
2020-08-12,779.24,779.24,771.63,779.24,5051,779.24
2020-08-13,778.29,788.74,778.29,788.74,7892,788.74
2020-08-14,793.49,798.25,788.74,788.74,6420,788.74
2020-08-17,788.74,793.49,778.29,778.29,4420,778.29
2020-08-18,774.48,778.29,769.74,772.59,2000,772.59
2020-08-19,772.59,783.99,769.74,778.29,2631,778.29
2020-08-20,780.19,780.19,774.48,779.24,3262,779.24
2020-08-21,785.89,789.7,775.44,776.39,4840,776.39
2020-08-24,784.94,790.64,784.94,788.74,2842,788.74
2020-08-25,791.59,793.49,787.79,793.49,3789,793.49
2020-08-26,798.25,798.25,788.74,789.7,4525,789.7
2020-08-27,797.29,797.29,789.7,795.4,4525,795.4
2020-08-28,795.4,798.25,791.59,793.49,7261,793.49
2020-08-31,796.35,798.25,793.49,797.29,4840,797.29
2020-09-01,798.25,798.25,795.4,798.25,3893,798.25
2020-09-02,798.25,801.1,798.25,800.14,4631,800.14
2020-09-03,805.85,805.85,800.14,800.14,5262,800.14
2020-09-04,798.25,800.14,795.4,798.25,8840,798.25
2020-09-07,798.25,802.99,798.25,802.99,22940,802.99
2020-09-08,802.99,810.6,801.1,810.6,8945,810.6
2020-09-09,811.55,815.36,804.9,815.36,7156,815.36
2020-09-10,818.21,848.61,818.21,844.81,10734,844.81
2020-09-11,849.56,849.56,838.15,845.76,8524,845.76
2020-09-14,855.26,855.26,842.91,853.37,12627,853.37
2020-09-15,854.31,854.31,846.71,850.52,5051,850.52
2020-09-16,855.26,855.26,848.61,851.46,5262,851.46
2020-09-17,848.61,850.52,846.71,850.52,4631,850.52
2020-09-18,850.52,855.26,849.56,852.41,7682,852.41
2020-09-23,855.26,855.26,847.66,852.41,12838,852.41
2020-09-24,847.66,852.41,845.76,852.41,17258,852.41
2020-09-25,852.41,854.31,849.56,849.56,20205,849.56
2020-09-28,849.56,862.87,849.56,858.11,169527,858.11
2020-09-29,849.56,849.56,811.55,821.06,57982,821.06
2020-09-30,825.8,845.76,822.0,845.76,15153,845.76
2020-10-02,844.81,844.81,822.95,822.95,5998,822.95
2020-10-05,826.75,826.75,822.95,826.75,4314,826.75
2020-10-06,826.75,828.65,822.95,828.65,1789,828.65
2020-10-07,828.65,828.65,822.95,822.95,3578,822.95
2020-10-08,821.06,822.0,816.3,816.3,4525,816.3
2020-10-09,819.15,824.86,816.3,822.95,5156,822.95
2020-10-12,822.0,822.95,822.0,822.0,1368,822.0
2020-10-13,822.0,822.0,818.21,822.0,1684,822.0
2020-10-14,821.06,821.06,808.7,818.21,4736,818.21
2020-10-15,817.25,817.25,804.9,804.9,3051,804.9
2020-10-16,802.99,803.95,799.2,799.2,2947,799.2
2020-10-19,807.75,811.55,798.25,802.99,1789,802.99
2020-10-20,802.99,803.95,798.25,801.1,1578,801.1
2020-10-21,802.05,802.05,795.4,797.29,1789,797.29
2020-10-22,797.29,802.05,797.29,801.1,1578,801.1
2020-10-23,797.29,802.05,795.4,802.05,1158,802.05
2020-10-26,830.56,831.51,818.21,828.65,8629,828.65
2020-10-27,822.95,830.56,814.4,830.56,2209,830.56
2020-10-28,822.0,823.9,798.25,798.25,1263,798.25
2020-10-29,804.9,804.9,799.2,801.1,1263,801.1
2020-10-30,799.2,808.7,799.2,802.05,631,802.05
2020-11-02,802.99,812.5,802.99,812.5,1578,812.5
2020-11-04,817.25,822.95,812.5,819.15,1578,819.15
2020-11-05,823.9,824.86,816.3,822.0,1263,822.0
2020-11-06,826.75,826.75,816.3,820.1,1789,820.1
2020-11-09,816.3,827.71,815.36,827.71,2000,827.71
2020-11-10,828.65,828.65,805.85,809.65,6945,809.65
2020-11-11,813.45,826.75,813.45,817.25,3262,817.25
2020-11-12,822.0,822.95,818.21,822.95,2209,822.95
2020-11-13,808.7,814.4,796.35,814.4,2000,814.4
2020-11-16,798.25,821.06,798.25,815.36,4946,815.36
2020-11-17,817.25,817.25,800.14,808.7,1368,808.7
2020-11-18,818.21,818.21,808.7,818.21,1789,818.21
2020-11-19,817.25,817.25,812.5,817.25,1053,817.25
2020-11-20,810.6,813.45,808.7,813.45,736,813.45
2020-11-24,822.95,822.95,817.25,822.0,1368,822.0
2020-11-25,822.0,825.8,812.5,825.8,2736,825.8
2020-11-26,826.75,826.75,820.1,823.9,2315,823.9
2020-11-27,825.8,828.65,822.0,828.65,3789,828.65
2020-11-30,828.65,828.65,822.95,822.95,842,822.95
2020-12-01,808.7,812.5,808.7,812.5,2000,812.5
2020-12-02,817.25,821.06,810.6,817.25,2209,817.25
2020-12-03,810.6,820.1,810.6,818.21,1053,818.21
2020-12-04,815.36,816.3,815.36,816.3,526,816.3
2020-12-07,815.36,815.36,814.4,815.36,947,815.36
2020-12-08,815.36,823.9,815.36,823.9,1894,823.9
2020-12-09,831.51,831.51,825.8,828.65,3051,828.65
2020-12-10,832.45,834.36,831.51,833.41,3789,833.41
2020-12-11,835.3,849.56,834.36,849.56,9155,849.56
2020-12-14,850.52,850.52,844.81,850.52,5472,850.52
2020-12-15,846.71,850.52,845.76,849.56,2209,849.56
2020-12-16,849.56,849.56,828.65,828.65,4631,828.65
2020-12-17,826.75,829.6,821.06,829.6,1578,829.6
2020-12-18,829.6,829.6,820.1,823.9,1158,823.9
2020-12-21,823.9,830.56,821.06,830.56,1053,830.56
2020-12-22,830.56,833.41,816.3,821.06,2947,821.06
2020-12-23,835.3,835.3,821.06,827.71,1894,827.71
2020-12-24,836.26,836.26,833.41,836.26,2000,836.26
2020-12-25,831.51,838.15,831.51,838.15,1684,838.15
2020-12-28,845.76,845.76,828.65,841.96,3157,841.96
2020-12-29,827.71,829.6,823.9,829.6,631,829.6
2020-12-30,829.6,833.41,818.21,823.9,1263,823.9
2021-01-04,823.9,824.86,818.21,818.21,1789,818.21
2021-01-05,818.21,832.45,818.21,825.8,631,825.8
2021-01-06,825.8,826.75,825.8,826.75,631,826.75
2021-01-07,818.21,827.71,818.21,824.86,2420,824.86
2021-01-08,826.75,830.56,809.65,830.56,9576,830.56
2021-01-12,830.56,830.56,827.71,829.6,1473,829.6
2021-01-13,827.71,831.51,799.2,814.4,12733,814.4
2021-01-14,808.7,813.45,807.75,813.45,3367,813.45
2021-01-15,806.8,820.1,806.8,814.4,3683,814.4
2021-01-18,790.64,802.05,790.64,801.1,4209,801.1
2021-01-19,801.1,814.4,800.14,806.8,2842,806.8
2021-01-20,806.8,812.5,806.8,809.65,736,809.65
2021-01-21,809.65,814.4,809.65,809.65,1473,809.65
2021-01-22,809.65,812.5,809.65,810.6,736,810.6
2021-01-25,809.65,823.9,807.75,822.95,5156,822.95
2021-01-26,837.21,837.21,788.74,794.44,22625,794.44
2021-01-27,794.44,794.44,760.24,780.19,9471,780.19
2021-01-28,780.19,780.19,765.93,767.84,15469,767.84
2021-01-29,768.78,768.78,766.89,768.78,1053,768.78
2021-02-01,768.78,773.54,765.93,767.84,3157,767.84
2021-02-02,772.59,772.59,772.59,772.59,1158,772.59
2021-02-03,780.19,780.19,770.69,774.48,2420,774.48
2021-02-04,772.59,774.48,771.63,772.59,1894,772.59
2021-02-05,774.48,780.19,770.69,772.59,6735,772.59
2021-02-08,779.24,779.24,771.63,777.34,4631,777.34
2021-02-09,774.48,774.48,771.63,774.48,3262,774.48
2021-02-10,780.19,783.99,774.48,780.19,4840,780.19
2021-02-12,792.55,796.35,782.09,786.85,13049,786.85
2021-02-15,787.79,792.55,783.99,792.55,6735,792.55
2021-02-16,796.35,796.35,785.89,791.59,4314,791.59
2021-02-17,788.74,791.59,786.85,786.85,2525,786.85
2021-02-18,786.85,791.59,784.94,784.94,3367,784.94
2021-02-19,784.94,788.74,784.94,788.74,842,788.74
2021-02-22,792.55,792.55,788.74,790.64,2000,790.64
2021-02-24,792.55,792.55,788.74,790.64,1368,790.64
2021-02-25,791.59,792.55,787.79,787.79,2842,787.79
2021-02-26,795.4,795.4,790.64,792.55,5262,792.55
2021-03-01,798.25,798.25,788.74,793.49,3473,793.49
2021-03-02,793.49,793.49,788.74,789.7,2000,789.7
2021-03-03,789.7,798.25,789.7,798.25,2420,798.25
2021-03-04,798.25,803.95,789.7,803.95,5262,803.95
2021-03-05,802.05,802.05,795.4,802.05,2525,802.05
2021-03-08,799.2,807.75,799.2,807.75,3367,807.75
2021-03-09,813.45,826.75,813.45,826.75,3578,826.75
2021-03-10,826.75,826.75,820.1,822.0,2420,822.0
2021-03-11,822.0,826.75,822.0,822.95,2525,822.95
2021-03-12,822.95,822.95,807.75,817.25,9681,817.25
2021-03-15,813.45,824.86,813.45,821.06,6314,821.06
2021-03-16,825.8,825.8,808.7,810.6,6840,810.6
2021-03-17,809.65,816.3,809.65,816.3,2947,816.3
2021-03-18,822.0,828.65,822.0,828.65,3157,828.65
2021-03-19,825.8,827.71,818.21,822.95,4946,822.95
2021-03-22,819.15,819.15,810.6,819.15,8208,819.15
2021-03-23,817.25,817.25,810.6,810.6,3262,810.6
2021-03-24,813.45,813.45,802.99,804.9,5262,804.9
2021-03-25,808.7,827.71,805.85,827.71,3893,827.71
2021-03-26,827.71,827.71,808.7,826.75,8103,826.75
2021-03-29,826.75,826.75,822.0,826.75,5262,826.75
2021-03-30,827.73,828.7,817.03,820.92,5449,820.92
2021-03-31,821.89,829.67,821.89,829.67,2776,829.67
2021-04-01,826.75,834.54,826.75,829.67,1542,829.67
2021-04-02,829.67,837.45,829.67,831.62,514,831.62
2021-04-05,831.62,835.51,831.62,834.54,2467,834.54
2021-04-06,837.45,837.45,820.92,821.89,4215,821.89
2021-04-07,826.75,827.73,822.86,825.78,2570,825.78
2021-04-08,823.84,830.65,821.89,821.89,3804,821.89
2021-04-09,821.89,825.78,820.92,824.81,2879,824.81
2021-04-12,824.81,829.67,824.81,829.67,1131,829.67
2021-04-13,838.43,841.34,834.54,841.34,3084,841.34
2021-04-14,842.32,842.32,836.48,836.48,2673,836.48
2021-04-15,835.51,836.48,835.51,836.48,308,836.48
2021-04-16,833.56,835.51,833.56,835.51,206,835.51
2021-04-19,835.51,837.45,834.54,837.45,1028,837.45
2021-04-20,833.56,839.4,833.56,835.51,1851,835.51
2021-04-21,832.59,839.4,831.62,835.51,1439,835.51
2021-04-22,830.65,836.48,822.86,822.86,3290,822.86
2021-04-23,833.56,833.56,825.78,825.78,1851,825.78
2021-04-26,875.39,881.22,840.37,853.02,48013,853.02
2021-04-27,853.02,853.02,837.45,839.4,8225,839.4
2021-04-28,840.37,844.26,839.4,839.4,3187,839.4
2021-04-30,845.24,853.99,842.32,853.99,4318,853.99
2021-05-06,855.93,859.82,853.99,859.82,5038,859.82
2021-05-07,859.82,865.66,847.18,865.66,7711,865.66
2021-05-10,880.25,914.29,880.25,910.4,33825,910.4
2021-05-11,901.65,910.4,897.76,898.73,10076,898.73
2021-05-12,896.79,896.79,888.03,888.03,5552,888.03
2021-05-13,886.09,886.09,878.31,879.28,5860,879.28
2021-05-14,877.33,889.0,877.33,889.0,4935,889.0
2021-05-17,889.0,901.65,889.0,899.7,5449,899.7
2021-05-18,899.7,899.7,888.03,891.92,2365,891.92
2021-05-19,892.9,899.7,891.92,893.87,2159,893.87
2021-05-20,894.84,897.76,892.9,892.9,1542,892.9
2021-05-21,898.73,901.65,894.84,901.65,3187,901.65
2021-05-24,904.57,904.57,899.7,904.57,2879,904.57
2021-05-25,899.7,899.7,885.11,894.84,3804,894.84
2021-05-26,901.65,901.65,889.98,892.9,3804,892.9
2021-05-27,892.9,892.9,886.09,886.09,1645,886.09
2021-05-28,886.09,894.84,886.09,894.84,2673,894.84
2021-05-31,894.84,894.84,887.06,887.06,2365,887.06
2021-06-01,897.76,897.76,875.39,880.25,8225,880.25
2021-06-02,880.25,880.25,877.33,880.25,2159,880.25
2021-06-03,877.33,886.09,877.33,886.09,2467,886.09
2021-06-04,886.09,902.62,886.09,902.62,6683,902.62
2021-06-07,904.57,914.29,904.57,911.38,5346,911.38
2021-06-08,914.29,932.77,914.29,932.77,4627,932.77
2021-06-09,961.95,961.95,939.58,942.5,7608,942.5
2021-06-10,941.53,941.53,933.75,938.61,6991,938.61
2021-06-11,941.53,941.53,938.61,939.58,7814,939.58
2021-06-14,940.56,942.5,936.66,936.66,4524,936.66
2021-06-15,936.66,943.47,936.66,943.47,2673,943.47
2021-06-16,944.45,945.42,938.61,939.58,2056,939.58
2021-06-17,942.5,947.36,941.53,943.47,1337,943.47
2021-06-18,947.36,950.28,943.47,950.28,5243,950.28
2021-06-21,951.25,953.2,939.58,940.56,11309,940.56
2021-06-22,949.31,950.28,941.53,946.39,4421,946.39
2021-06-23,953.2,970.71,953.2,970.71,7814,970.71
2021-06-24,964.87,1003.78,944.45,947.36,30843,947.36
2021-06-25,949.31,961.95,933.75,957.09,19740,957.09
2021-06-28,952.23,982.38,952.23,982.38,11823,982.38
2021-06-29,1011.56,1012.53,987.24,989.19,43078,989.19
2021-06-30,999.89,1001.83,954.17,965.84,20871,965.84
2021-07-01,973.63,989.19,973.63,980.43,9870,980.43
2021-07-02,993.08,994.05,985.3,994.05,15113,994.05
2021-07-05,986.27,996.97,969.73,969.73,11309,969.73
2021-07-06,973.63,984.32,972.65,984.32,4729,984.32
2021-07-07,974.6,986.27,974.6,986.27,6477,986.27
2021-07-08,986.27,986.27,972.65,972.65,4010,972.65
2021-07-09,977.52,978.49,961.95,973.63,25292,973.63
2021-07-12,983.35,988.22,972.65,988.22,12337,988.22
2021-07-13,993.08,1021.29,978.49,1021.29,13468,1021.29
2021-07-14,1019.34,1063.11,1005.72,1063.11,18917,1063.11
2021-07-15,1063.11,1067.97,1011.56,1020.31,14702,1020.31
2021-07-16,1033.93,1043.66,1022.26,1023.23,17889,1023.23
2021-07-19,1023.23,1026.15,984.32,994.05,18300,994.05
2021-07-20,994.05,1016.42,994.05,994.05,7300,994.05
2021-07-21,1005.72,1005.72,980.43,1000.86,21282,1000.86
2021-07-26,1001.83,1055.33,1001.83,1054.36,21385,1054.36
2021-07-27,1068.95,1068.95,1029.07,1059.22,11206,1059.22
2021-07-28,1039.77,1053.38,1039.77,1052.41,4524,1052.41
2021-07-29,1052.41,1064.08,1052.41,1062.14,6991,1062.14
2021-07-30,1069.92,1106.88,1064.08,1083.54,35264,1083.54
2021-08-02,1097.15,1143.84,1097.15,1125.36,20048,1125.36
2021-08-03,1137.03,1160.37,1137.03,1160.37,12954,1160.37
2021-08-04,1162.32,1234.3,1162.32,1227.49,37115,1227.49
2021-08-05,1243.05,1293.63,1128.28,1128.28,78034,1128.28
2021-08-06,1140.92,1224.57,1129.25,1129.25,68164,1129.25
2021-08-10,1138.98,1162.32,1137.03,1142.87,17170,1142.87
2021-08-11,1148.7,1186.64,1148.7,1177.88,7711,1177.88
2021-08-12,1128.28,1176.91,1031.98,1031.98,39480,1031.98
2021-08-13,1049.49,1085.48,1049.49,1081.59,29610,1081.59
2021-08-16,1093.26,1154.54,1073.81,1135.09,20974,1135.09
2021-08-17,1135.09,1135.09,1062.14,1062.14,14702,1062.14
2021-08-18,1062.14,1083.54,1040.74,1073.81,10898,1073.81
2021-08-19,1075.75,1085.48,1073.81,1077.7,5243,1077.7
2021-08-20,1074.78,1075.75,1066.03,1073.81,9459,1073.81
2021-08-23,1086.45,1100.07,1072.84,1084.51,6477,1084.51
2021-08-24,1083.54,1089.37,1083.54,1087.43,2776,1087.43
2021-08-25,1087.43,1088.4,1078.67,1083.54,3598,1083.54
2021-08-26,1093.26,1093.26,1038.79,1046.57,12543,1046.57
2021-08-27,1042.68,1064.08,1042.68,1047.55,8328,1047.55
2021-08-30,1049.49,1067.97,1049.49,1067.97,7916,1067.97
2021-08-31,1069.92,1079.64,1067.97,1077.7,5346,1077.7
2021-09-01,1083.54,1085.48,1079.64,1085.48,4935,1085.48
2021-09-02,1085.48,1087.43,1082.56,1087.43,2982,1087.43
2021-09-03,1087.43,1090.34,1080.62,1085.48,10898,1085.48
2021-09-06,1089.37,1106.88,1089.37,1104.93,8431,1104.93
2021-09-07,1105.91,1127.3,1105.91,1127.3,7916,1127.3
2021-09-08,1138.0,1142.87,1127.3,1142.87,7505,1142.87
2021-09-09,1145.78,1149.68,1132.17,1138.0,8328,1138.0
2021-09-10,1138.0,1139.95,1116.61,1123.41,12440,1123.41
2021-09-13,1123.41,1136.06,1118.55,1124.39,13982,1124.39
2021-09-14,1136.06,1137.03,1104.93,1117.58,17581,1117.58
2021-09-15,1111.74,1113.69,1105.91,1109.8,6169,1109.8
2021-09-16,1108.82,1109.8,1100.07,1102.02,8636,1102.02
2021-09-17,1100.07,1100.07,1092.29,1095.21,6683,1095.21
2021-09-21,1091.32,1102.99,1090.34,1099.1,9459,1099.1
2021-09-22,1090.34,1098.12,1089.37,1090.34,8739,1090.34
2021-09-24,1092.29,1105.91,1086.45,1089.37,14188,1089.37
2021-09-27,1090.34,1113.69,1089.37,1092.29,35470,1092.29
2021-09-28,1085.48,1089.37,1074.78,1078.67,103120,1078.67
2021-09-29,1049.49,1079.64,1043.66,1068.95,65799,1068.95
2021-09-30,1068.95,1103.96,1067.97,1089.37,21796,1089.37
2021-10-01,1094.23,1094.23,1073.81,1086.45,8019,1086.45
2021-10-04,1089.37,1089.37,1070.89,1070.89,4832,1070.89
2021-10-05,1071.86,1072.84,1002.8,1031.01,18095,1031.01
2021-10-06,1031.98,1056.3,1028.09,1055.33,6272,1055.33
2021-10-07,1054.36,1060.19,1027.12,1028.09,5141,1028.09
2021-10-08,1034.9,1060.19,1034.9,1053.38,2879,1053.38
2021-10-11,1053.38,1056.3,1050.46,1054.36,2056,1054.36
2021-10-12,1055.33,1055.33,1041.71,1042.68,1542,1042.68
2021-10-13,1044.63,1057.27,1044.63,1057.27,2982,1057.27
2021-10-14,1065.05,1065.05,1055.33,1058.25,3907,1058.25
2021-10-15,1067.0,1067.0,1059.22,1060.19,1542,1060.19
2021-10-18,1060.19,1060.19,1052.41,1057.27,5346,1057.27
2021-10-19,1056.3,1066.03,1056.3,1057.27,822,1057.27
2021-10-20,1057.27,1068.95,1057.27,1065.05,2056,1065.05
2021-10-21,1066.03,1069.92,1045.6,1045.6,4935,1045.6
2021-10-22,1045.6,1050.46,1045.6,1048.52,720,1048.52
2021-10-25,1048.52,1054.36,1048.52,1053.38,1131,1053.38
2021-10-26,1053.38,1053.38,1036.85,1042.68,4729,1042.68
2021-10-27,1038.79,1042.68,1035.88,1035.88,720,1035.88
2021-10-28,1035.88,1035.88,1017.39,1017.39,2056,1017.39
2021-10-29,1014.48,1014.48,1007.67,1007.67,1028,1007.67
2021-11-01,1012.53,1027.12,1007.67,1020.31,5038,1020.31
2021-11-02,1020.31,1025.18,1020.31,1022.26,1337,1022.26
2021-11-04,1071.86,1071.86,1018.37,1043.66,4524,1043.66
2021-11-05,1031.98,1046.57,1028.09,1042.68,1337,1042.68
2021-11-08,1042.68,1053.38,1040.74,1053.38,1748,1053.38
2021-11-09,1061.16,1061.16,1023.23,1023.23,1748,1023.23
2021-11-10,972.65,1068.95,972.65,1058.25,8431,1058.25
2021-11-11,1044.63,1070.89,1044.63,1061.16,3701,1061.16
2021-11-12,1051.44,1068.95,1051.44,1060.19,5963,1060.19
2021-11-15,1067.97,1067.97,1045.6,1045.6,4010,1045.6
2021-11-16,1045.6,1045.6,972.65,1007.67,1953,1007.67
2021-11-17,990.16,1024.2,990.16,1009.61,8431,1009.61
2021-11-18,1001.83,1001.83,972.65,986.27,4215,986.27
2021-11-19,986.27,986.27,972.65,972.65,1439,972.65
2021-11-22,965.84,985.3,960.98,982.38,4215,982.38
2021-11-24,972.65,972.65,962.93,966.82,925,966.82
2021-11-25,971.68,981.41,971.68,975.57,2673,975.57
2021-11-26,979.46,979.46,965.84,965.84,3187,965.84
2021-11-29,955.14,977.52,955.14,973.63,1953,973.63
2021-11-30,973.63,973.63,957.09,957.09,3187,957.09
2021-12-01,957.09,959.04,931.8,931.8,3907,931.8
2021-12-02,931.8,938.61,929.86,929.86,2159,929.86
2021-12-03,927.91,962.93,905.54,962.93,6786,962.93
2021-12-06,962.93,977.52,957.09,975.57,2467,975.57
2021-12-07,975.57,982.38,969.73,982.38,2982,982.38
2021-12-08,970.71,982.38,969.73,978.49,4729,978.49
2021-12-09,978.49,990.16,965.84,970.71,4318,970.71
2021-12-10,962.93,989.19,962.93,989.19,4627,989.19
2021-12-13,1002.8,1014.48,963.9,963.9,10384,963.9
2021-12-14,966.82,1001.83,966.82,996.97,5449,996.97
2021-12-15,996.97,996.97,983.35,983.35,2570,983.35
2021-12-16,982.38,982.38,978.49,978.49,411,978.49
2021-12-17,977.52,987.24,975.57,978.49,1953,978.49
2021-12-20,977.52,977.52,967.79,971.68,1953,971.68
2021-12-21,976.54,978.49,976.54,978.49,925,978.49
2021-12-22,975.57,977.52,974.6,977.52,1028,977.52
2021-12-23,977.52,980.43,977.52,980.43,822,980.43
2021-12-24,980.43,988.22,977.52,979.46,4421,979.46
2021-12-27,979.46,979.46,957.09,960.01,5860,960.01
2021-12-28,960.98,995.02,960.98,978.49,1851,978.49
2021-12-29,987.24,987.24,971.68,979.46,5449,979.46
2021-12-30,975.57,976.54,967.79,967.79,1234,967.79
2022-01-04,967.79,986.27,967.79,986.27,1953,986.27
2022-01-05,996.0,1007.67,996.0,1003.78,4318,1003.78
2022-01-06,998.91,998.91,983.35,992.11,9973,992.11
2022-01-07,999.89,1006.7,992.11,993.08,4318,993.08
2022-01-11,995.02,1000.86,977.52,988.22,6066,988.22
2022-01-12,989.19,996.97,989.19,993.08,2879,993.08
2022-01-13,997.94,997.94,990.16,997.94,1234,997.94
2022-01-14,999.89,999.89,992.11,999.89,3290,999.89
2022-01-17,999.89,1020.31,995.02,1019.34,8328,1019.34
2022-01-18,1019.34,1019.34,1012.53,1016.42,1542,1016.42
2022-01-19,1014.48,1014.48,990.16,990.16,1953,990.16
2022-01-20,990.16,1018.37,989.19,994.05,1645,994.05
2022-01-21,994.05,998.91,991.13,998.91,925,998.91
2022-01-24,1001.83,1001.83,998.91,1000.86,617,1000.86
2022-01-25,1000.86,1000.86,993.08,997.94,1028,997.94
2022-01-26,1027.12,1027.12,1008.64,1013.5,3496,1013.5
2022-01-27,1015.45,1015.45,997.94,997.94,1645,997.94
2022-01-28,1012.53,1012.53,1002.8,1012.53,1748,1012.53
2022-01-31,1012.53,1031.98,1010.59,1019.34,3907,1019.34
2022-02-01,1016.42,1016.42,1002.8,1002.8,1131,1002.8
2022-02-02,1002.8,1006.7,998.91,1005.72,2159,1005.72
2022-02-03,996.0,1001.83,994.05,999.89,1748,999.89
2022-02-04,999.89,1004.75,994.05,1004.75,1851,1004.75
2022-02-07,1004.75,1008.64,1000.86,1000.86,1234,1000.86
2022-02-08,995.02,1009.61,995.02,1009.61,2879,1009.61
2022-02-09,1012.53,1025.18,1012.53,1025.18,1439,1025.18
2022-02-10,1016.42,1021.29,1002.8,1005.72,7402,1005.72
2022-02-14,1013.5,1013.5,975.57,983.35,5243,983.35
2022-02-15,989.19,999.89,980.43,987.24,2467,987.24
2022-02-16,998.91,999.89,997.94,999.89,1234,999.89
2022-02-17,999.89,1005.72,999.89,1002.8,1337,1002.8
2022-02-18,1003.78,1003.78,1002.8,1002.8,411,1002.8
2022-02-21,995.02,1007.67,995.02,1001.83,1234,1001.83
2022-02-22,995.02,996.97,995.02,996.0,822,996.0
2022-02-24,994.05,994.05,990.16,992.11,1028,992.11
2022-02-25,985.3,994.05,966.82,983.35,5757,983.35
2022-02-28,1012.53,1012.53,984.32,984.32,3804,984.32
2022-03-01,984.32,984.32,984.32,984.32,720,984.32
2022-03-02,984.32,984.32,965.84,965.84,3084,965.84
2022-03-03,967.79,985.3,967.79,985.3,2159,985.3
2022-03-04,971.68,971.68,971.68,971.68,411,971.68
2022-03-07,971.68,986.27,970.71,976.54,3496,976.54
2022-03-08,975.57,975.57,972.65,975.57,1748,975.57
2022-03-09,970.71,980.43,970.71,970.71,822,970.71
2022-03-10,977.52,986.27,977.52,986.27,3907,986.27
2022-03-11,972.65,987.24,972.65,987.24,2159,987.24
2022-03-14,988.22,990.16,982.38,988.22,6477,988.22
2022-03-15,992.11,1001.83,989.19,1001.83,1645,1001.83
2022-03-16,1001.83,1016.42,1001.83,1006.7,5141,1006.7
2022-03-17,1010.59,1024.2,1005.72,1024.2,2262,1024.2
2022-03-18,1025.18,1027.12,1012.53,1023.23,1542,1023.23
2022-03-22,1022.26,1026.15,1017.39,1026.15,2159,1026.15
2022-03-23,1024.2,1027.12,1016.42,1016.42,3804,1016.42
2022-03-24,1016.42,1038.79,1012.53,1038.79,2776,1038.79
2022-03-25,1034.9,1037.82,1023.23,1034.9,1645,1034.9
2022-03-28,1052.41,1054.36,1022.26,1054.36,2776,1054.36
2022-03-29,1053.38,1067.0,1031.01,1067.0,4112,1067.0
2022-03-30,1021.0,1079.0,1021.0,1075.0,6000,1075.0
2022-03-31,1056.0,1079.0,1056.0,1076.0,2100,1076.0
2022-04-01,1076.0,1080.0,1051.0,1054.0,1900,1054.0
2022-04-04,1043.0,1081.0,1042.0,1050.0,1600,1050.0
2022-04-05,1050.0,1050.0,1041.0,1041.0,2800,1041.0
2022-04-06,1044.0,1050.0,1024.0,1049.0,3700,1049.0
2022-04-07,1029.0,1036.0,1020.0,1026.0,3300,1026.0
2022-04-08,1036.0,1039.0,1025.0,1039.0,2700,1039.0
2022-04-11,1012.0,1023.0,1012.0,1015.0,3100,1015.0
2022-04-12,1015.0,1025.0,1015.0,1018.0,1600,1018.0
2022-04-13,1019.0,1032.0,1013.0,1032.0,2200,1032.0
2022-04-14,1051.0,1055.0,1045.0,1055.0,2500,1055.0
2022-04-15,1055.0,1055.0,1039.0,1040.0,1100,1040.0
2022-04-18,1034.0,1040.0,1025.0,1025.0,1700,1025.0
2022-04-19,1025.0,1036.0,1019.0,1023.0,2500,1023.0
2022-04-20,1021.0,1026.0,1015.0,1018.0,1800,1018.0
2022-04-21,1018.0,1024.0,1011.0,1022.0,1400,1022.0
2022-04-22,1010.0,1010.0,980.0,990.0,7000,990.0
2022-04-25,970.0,992.0,970.0,992.0,4800,992.0
2022-04-26,992.0,992.0,984.0,984.0,3000,984.0
2022-04-27,1000.0,1011.0,996.0,1011.0,6900,1011.0
2022-04-28,1011.0,1011.0,996.0,1000.0,7500,1000.0
2022-05-02,1000.0,1016.0,1000.0,1016.0,500,1016.0
2022-05-06,1004.0,1010.0,1004.0,1005.0,1800,1005.0
2022-05-09,990.0,993.0,977.0,993.0,4300,993.0
2022-05-10,984.0,1004.0,984.0,1004.0,1100,1004.0
2022-05-11,996.0,998.0,991.0,991.0,1500,991.0
2022-05-12,989.0,1000.0,987.0,990.0,1800,990.0
2022-05-13,990.0,1014.0,990.0,1014.0,2100,1014.0
2022-05-16,1015.0,1015.0,1003.0,1003.0,2500,1003.0
2022-05-17,1012.0,1018.0,1006.0,1018.0,1300,1018.0
2022-05-18,1009.0,1016.0,1008.0,1011.0,1000,1011.0
2022-05-19,1008.0,1011.0,1006.0,1011.0,600,1011.0
2022-05-20,1010.0,1019.0,1010.0,1015.0,1900,1015.0
2022-05-23,1013.0,1018.0,1009.0,1018.0,1700,1018.0
2022-05-24,1009.0,1009.0,998.0,998.0,4600,998.0
2022-05-25,998.0,998.0,990.0,996.0,4100,996.0
2022-05-26,1004.0,1004.0,992.0,999.0,5200,999.0
2022-05-27,1000.0,1001.0,994.0,998.0,4300,998.0
2022-05-30,998.0,1008.0,998.0,1008.0,7200,1008.0
2022-05-31,1000.0,1007.0,1000.0,1007.0,1700,1007.0
2022-06-01,1001.0,1010.0,1000.0,1000.0,1400,1000.0
2022-06-02,1002.0,1005.0,1000.0,1005.0,1000,1005.0
2022-06-03,1001.0,1008.0,1001.0,1006.0,2100,1006.0
2022-06-06,1001.0,1002.0,1001.0,1001.0,1400,1001.0
2022-06-07,1002.0,1010.0,1001.0,1001.0,5900,1001.0
2022-06-08,1002.0,1017.0,1002.0,1015.0,3000,1015.0
2022-06-09,1015.0,1021.0,1015.0,1018.0,2400,1018.0
2022-06-10,1010.0,1016.0,1010.0,1016.0,2100,1016.0
2022-06-13,1019.0,1024.0,1016.0,1020.0,9300,1020.0
2022-06-14,1024.0,1026.0,1017.0,1021.0,4900,1021.0
2022-06-15,1022.0,1022.0,1016.0,1016.0,1400,1016.0
2022-06-16,1024.0,1040.0,1024.0,1040.0,4400,1040.0
2022-06-17,1012.0,1012.0,1000.0,1006.0,5200,1006.0
2022-06-20,1006.0,1006.0,996.0,997.0,2300,997.0
2022-06-21,997.0,999.0,997.0,999.0,1300,999.0
2022-06-22,1009.0,1042.0,1009.0,1042.0,3300,1042.0
2022-06-23,1044.0,1046.0,1039.0,1046.0,2400,1046.0
2022-06-24,1042.0,1069.0,1041.0,1069.0,5700,1069.0
2022-06-27,1079.0,1100.0,1072.0,1100.0,7800,1100.0
2022-06-28,1155.0,1174.0,1112.0,1137.0,35000,1137.0
2022-06-29,1100.0,1100.0,1087.0,1100.0,12900,1100.0
2022-06-30,1082.0,1087.0,1073.0,1073.0,8500,1073.0
2022-07-01,1016.0,1030.0,1016.0,1017.0,16600,1017.0
2022-07-04,1017.0,1041.0,1011.0,1011.0,5700,1011.0
2022-07-05,1011.0,1023.0,1010.0,1018.0,4800,1018.0
2022-07-06,1021.0,1037.0,1021.0,1026.0,3900,1026.0
2022-07-07,1026.0,1031.0,1025.0,1031.0,4000,1031.0
2022-07-08,1037.0,1037.0,999.0,999.0,22100,999.0
2022-07-11,1000.0,1008.0,1000.0,1006.0,8100,1006.0
2022-07-12,1000.0,1007.0,999.0,1002.0,6300,1002.0
2022-07-13,1000.0,1006.0,1000.0,1001.0,3600,1001.0
2022-07-14,1002.0,1008.0,1000.0,1008.0,6600,1008.0
2022-07-15,1004.0,1004.0,986.0,986.0,62300,986.0
2022-07-19,989.0,991.0,980.0,982.0,13400,982.0
2022-07-20,983.0,997.0,983.0,985.0,5200,985.0
2022-07-21,992.0,994.0,983.0,994.0,2400,994.0
2022-07-22,999.0,1003.0,990.0,990.0,36700,990.0
2022-07-25,991.0,1002.0,991.0,1002.0,4000,1002.0
2022-07-26,1010.0,1010.0,1001.0,1004.0,5100,1004.0
2022-07-27,1011.0,1012.0,1007.0,1009.0,1200,1009.0
2022-07-28,1011.0,1025.0,1009.0,1017.0,6500,1017.0
2022-07-29,1025.0,1030.0,1010.0,1010.0,15000,1010.0
2022-08-01,1009.0,1010.0,1005.0,1005.0,4600,1005.0
2022-08-02,1004.0,1008.0,999.0,999.0,4400,999.0
2022-08-03,1000.0,1006.0,999.0,1000.0,2600,1000.0
2022-08-04,1000.0,1010.0,1000.0,1001.0,3600,1001.0
2022-08-05,1000.0,1007.0,998.0,1004.0,6400,1004.0
2022-08-08,1000.0,1006.0,1000.0,1006.0,1700,1006.0
2022-08-09,1006.0,1006.0,995.0,997.0,4200,997.0
2022-08-10,1001.0,1016.0,1001.0,1016.0,5500,1016.0
2022-08-12,1016.0,1024.0,1015.0,1023.0,5200,1023.0
2022-08-15,1030.0,1030.0,1021.0,1023.0,3500,1023.0
2022-08-16,1030.0,1030.0,1021.0,1023.0,3600,1023.0
2022-08-17,1020.0,1025.0,1015.0,1018.0,3000,1018.0
2022-08-18,1018.0,1022.0,1016.0,1017.0,2000,1017.0
2022-08-19,1017.0,1022.0,1017.0,1022.0,2200,1022.0
2022-08-22,1022.0,1023.0,1017.0,1020.0,2500,1020.0
2022-08-23,1020.0,1026.0,1020.0,1020.0,900,1020.0
2022-08-24,1021.0,1028.0,1021.0,1024.0,1200,1024.0
2022-08-25,1025.0,1026.0,1021.0,1026.0,3700,1026.0
2022-08-26,1028.0,1031.0,1028.0,1030.0,5300,1030.0
2022-08-29,1030.0,1030.0,1024.0,1029.0,4700,1029.0
2022-08-30,1030.0,1031.0,1027.0,1031.0,6100,1031.0
2022-08-31,1027.0,1034.0,1027.0,1032.0,4200,1032.0
2022-09-01,1037.0,1037.0,1032.0,1032.0,2500,1032.0
2022-09-02,1038.0,1042.0,1031.0,1042.0,2400,1042.0
2022-09-05,1040.0,1042.0,1033.0,1042.0,2300,1042.0
2022-09-06,1038.0,1045.0,1037.0,1045.0,3800,1045.0
2022-09-07,1045.0,1050.0,1045.0,1050.0,7900,1050.0
2022-09-08,1050.0,1059.0,1041.0,1059.0,5100,1059.0
2022-09-09,1050.0,1060.0,1050.0,1055.0,6100,1055.0
2022-09-12,1050.0,1052.0,1035.0,1035.0,7400,1035.0
2022-09-13,1035.0,1046.0,1035.0,1043.0,3300,1043.0
2022-09-14,1040.0,1040.0,1031.0,1037.0,7800,1037.0
2022-09-15,1035.0,1036.0,1025.0,1028.0,4100,1028.0
2022-09-16,1026.0,1028.0,1020.0,1021.0,4300,1021.0
2022-09-20,1027.0,1027.0,1020.0,1023.0,4600,1023.0
2022-09-21,1025.0,1027.0,1015.0,1015.0,6300,1015.0
2022-09-22,1016.0,1023.0,1010.0,1020.0,9800,1020.0
2022-09-26,1018.0,1018.0,1010.0,1011.0,16700,1011.0
2022-09-27,1008.0,1014.0,1005.0,1007.0,12300,1007.0
2022-09-28,1001.0,1007.0,1000.0,1000.0,70100,1000.0
2022-09-29,970.0,988.0,955.0,967.0,57600,967.0
2022-09-30,964.0,976.0,963.0,970.0,7000,970.0
2022-10-03,963.0,986.0,957.0,979.0,6500,979.0
2022-10-04,976.0,992.0,968.0,991.0,6800,991.0
2022-10-05,991.0,998.0,985.0,985.0,6100,985.0
2022-10-06,985.0,991.0,984.0,984.0,4700,984.0
2022-10-07,980.0,980.0,961.0,961.0,10900,961.0
2022-10-11,961.0,965.0,956.0,958.0,2900,958.0
2022-10-12,961.0,961.0,945.0,947.0,5400,947.0
2022-10-13,948.0,948.0,931.0,939.0,2700,939.0
2022-10-14,947.0,953.0,941.0,946.0,5800,946.0
2022-10-17,946.0,949.0,940.0,944.0,3500,944.0
2022-10-18,944.0,944.0,937.0,943.0,3900,943.0
2022-10-19,943.0,943.0,935.0,943.0,3200,943.0
2022-10-20,943.0,957.0,935.0,938.0,6400,938.0
2022-10-21,942.0,942.0,937.0,938.0,1500,938.0
2022-10-24,945.0,954.0,944.0,953.0,2900,953.0
2022-10-25,956.0,959.0,943.0,954.0,5300,954.0
2022-10-26,966.0,966.0,955.0,955.0,3500,955.0
2022-10-27,955.0,957.0,953.0,956.0,1900,956.0
2022-10-28,959.0,959.0,930.0,930.0,16100,930.0
2022-10-31,955.0,957.0,930.0,932.0,17500,932.0
2022-11-01,933.0,934.0,929.0,934.0,6600,934.0
2022-11-02,941.0,941.0,922.0,923.0,6200,923.0
2022-11-04,923.0,925.0,914.0,914.0,5900,914.0
2022-11-07,914.0,918.0,914.0,918.0,4200,918.0
2022-11-08,920.0,921.0,919.0,920.0,1600,920.0
2022-11-09,925.0,926.0,919.0,925.0,2000,925.0
2022-11-10,925.0,925.0,918.0,918.0,2600,918.0
2022-11-11,918.0,923.0,916.0,922.0,4900,922.0
2022-11-14,922.0,928.0,922.0,924.0,3200,924.0
2022-11-15,930.0,931.0,926.0,930.0,2500,930.0
2022-11-16,930.0,930.0,920.0,922.0,2000,922.0
2022-11-17,922.0,928.0,922.0,928.0,800,928.0
2022-11-18,929.0,934.0,929.0,932.0,1900,932.0
2022-11-21,938.0,947.0,931.0,940.0,4100,940.0
2022-11-22,946.0,961.0,942.0,961.0,4600,961.0
2022-11-24,963.0,981.0,963.0,981.0,6600,981.0
2022-11-25,981.0,981.0,959.0,975.0,5200,975.0
2022-11-28,975.0,980.0,964.0,975.0,3100,975.0
2022-11-29,965.0,975.0,965.0,969.0,2900,969.0
2022-11-30,973.0,973.0,964.0,964.0,1400,964.0
2022-12-01,961.0,977.0,957.0,977.0,1900,977.0
2022-12-02,966.0,966.0,953.0,953.0,3600,953.0
2022-12-05,962.0,962.0,953.0,962.0,1100,962.0
2022-12-06,956.0,973.0,956.0,964.0,1800,964.0
2022-12-07,969.0,975.0,960.0,975.0,4500,975.0
2022-12-08,975.0,975.0,962.0,962.0,2200,962.0
2022-12-09,962.0,969.0,962.0,966.0,2400,966.0
2022-12-12,973.0,973.0,958.0,960.0,6500,960.0
2022-12-13,960.0,969.0,955.0,961.0,2000,961.0
2022-12-14,965.0,968.0,955.0,966.0,4400,966.0
2022-12-15,966.0,975.0,961.0,975.0,2400,975.0
2022-12-16,975.0,975.0,958.0,960.0,2200,960.0
2022-12-19,954.0,959.0,954.0,954.0,1000,954.0
2022-12-20,955.0,970.0,953.0,958.0,4100,958.0
2022-12-21,958.0,967.0,951.0,951.0,3000,951.0
2022-12-22,951.0,954.0,951.0,953.0,1200,953.0
2022-12-23,953.0,954.0,944.0,948.0,4400,948.0
2022-12-26,975.0,975.0,937.0,941.0,5800,941.0
2022-12-27,945.0,955.0,940.0,942.0,5100,942.0
2022-12-28,939.0,946.0,939.0,942.0,2100,942.0
2022-12-29,940.0,947.0,929.0,929.0,3400,929.0
2022-12-30,929.0,939.0,929.0,935.0,2100,935.0
2023-01-04,943.0,945.0,938.0,938.0,1300,938.0
2023-01-05,940.0,940.0,930.0,930.0,2500,930.0
2023-01-06,931.0,942.0,930.0,942.0,1500,942.0
2023-01-10,942.0,946.0,936.0,937.0,3300,937.0
2023-01-11,943.0,944.0,939.0,939.0,1600,939.0
2023-01-12,942.0,947.0,940.0,940.0,3200,940.0
2023-01-13,933.0,937.0,932.0,933.0,3600,933.0
2023-01-16,937.0,937.0,930.0,930.0,5300,930.0
2023-01-17,939.0,939.0,931.0,938.0,1400,938.0
2023-01-18,939.0,940.0,931.0,932.0,3000,932.0
2023-01-19,939.0,943.0,939.0,942.0,2600,942.0
2023-01-20,941.0,945.0,941.0,942.0,2100,942.0
2023-01-23,942.0,949.0,942.0,949.0,2700,949.0
2023-01-24,945.0,948.0,945.0,946.0,2500,946.0
2023-01-25,949.0,957.0,945.0,956.0,6600,956.0
2023-01-26,947.0,957.0,947.0,957.0,3000,957.0
2023-01-27,951.0,951.0,942.0,948.0,3900,948.0
2023-01-30,948.0,954.0,928.0,930.0,22700,930.0
2023-01-31,930.0,943.0,930.0,932.0,3600,932.0
2023-02-01,942.0,944.0,937.0,943.0,1000,943.0
2023-02-02,943.0,943.0,935.0,937.0,3000,937.0
2023-02-03,943.0,948.0,943.0,948.0,1500,948.0
2023-02-06,944.0,954.0,942.0,942.0,3500,942.0
2023-02-07,948.0,949.0,940.0,945.0,1900,945.0
2023-02-08,942.0,948.0,942.0,944.0,1400,944.0
2023-02-09,948.0,951.0,942.0,942.0,3200,942.0
2023-02-10,950.0,954.0,949.0,949.0,4000,949.0
2023-02-13,949.0,949.0,947.0,948.0,900,948.0
2023-02-14,948.0,950.0,945.0,949.0,5600,949.0
2023-02-15,949.0,955.0,946.0,946.0,2700,946.0
2023-02-16,949.0,950.0,948.0,950.0,3500,950.0
2023-02-17,946.0,957.0,946.0,951.0,4700,951.0
2023-02-20,957.0,958.0,950.0,958.0,2000,958.0
2023-02-21,958.0,965.0,958.0,960.0,2600,960.0
2023-02-22,960.0,968.0,960.0,964.0,3500,964.0
2023-02-24,964.0,971.0,963.0,970.0,4400,970.0
2023-02-27,974.0,980.0,965.0,979.0,4900,979.0
2023-02-28,988.0,988.0,965.0,965.0,4300,965.0
2023-03-01,961.0,980.0,960.0,969.0,5500,969.0
2023-03-02,965.0,975.0,961.0,969.0,3800,969.0
2023-03-03,977.0,981.0,973.0,981.0,4600,981.0
2023-03-06,985.0,1020.0,983.0,1010.0,12400,1010.0
2023-03-07,1004.0,1014.0,1001.0,1014.0,5900,1014.0
2023-03-08,1007.0,1020.0,1000.0,1020.0,5800,1020.0
2023-03-09,1011.0,1016.0,998.0,1006.0,8100,1006.0
2023-03-10,1007.0,1007.0,1000.0,1005.0,5700,1005.0
2023-03-13,1005.0,1005.0,990.0,1002.0,4600,1002.0
2023-03-14,995.0,995.0,978.0,978.0,3800,978.0
2023-03-15,987.0,994.0,976.0,976.0,8600,976.0
2023-03-16,976.0,985.0,976.0,985.0,2600,985.0
2023-03-17,990.0,992.0,965.0,971.0,11500,971.0
2023-03-20,970.0,971.0,965.0,965.0,3400,965.0
2023-03-22,967.0,987.0,967.0,987.0,2500,987.0
2023-03-23,987.0,987.0,982.0,987.0,1100,987.0
2023-03-24,987.0,997.0,987.0,997.0,2200,997.0
2023-03-27,997.0,997.0,988.0,988.0,6100,988.0
2023-03-28,988.0,997.0,981.0,997.0,2100,997.0
2023-03-29,997.0,999.0,976.0,999.0,6900,999.0
2023-03-30,979.0,1005.0,973.0,1005.0,6900,1005.0
2023-03-31,999.0,1000.0,984.0,1000.0,5300,1000.0
2023-04-03,986.0,990.0,975.0,975.0,4800,975.0
2023-04-04,975.0,976.0,962.0,972.0,6100,972.0
2023-04-05,972.0,972.0,956.0,962.0,5200,962.0
2023-04-06,962.0,968.0,955.0,957.0,4500,957.0
2023-04-07,951.0,966.0,950.0,954.0,2900,954.0
2023-04-10,954.0,962.0,952.0,953.0,3700,953.0
2023-04-11,962.0,969.0,953.0,969.0,4600,969.0
2023-04-12,969.0,978.0,962.0,978.0,3000,978.0
2023-04-13,980.0,982.0,978.0,982.0,3300,982.0
2023-04-14,994.0,994.0,973.0,974.0,6300,974.0
2023-04-17,983.0,983.0,970.0,972.0,2900,972.0
2023-04-18,984.0,984.0,969.0,976.0,2300,976.0
2023-04-19,969.0,975.0,965.0,975.0,4700,975.0
2023-04-20,978.0,985.0,975.0,975.0,1900,975.0
2023-04-21,975.0,978.0,973.0,975.0,2900,975.0
2023-04-24,975.0,979.0,960.0,965.0,6800,965.0
2023-04-25,965.0,982.0,965.0,979.0,3500,979.0
2023-04-26,982.0,988.0,975.0,988.0,4900,988.0
2023-04-27,975.0,983.0,962.0,962.0,25800,962.0
2023-04-28,962.0,992.0,959.0,973.0,17400,973.0
2023-05-01,973.0,992.0,970.0,992.0,7100,992.0
2023-05-02,992.0,996.0,986.0,990.0,3200,990.0
2023-05-08,990.0,1008.0,990.0,994.0,6500,994.0
2023-05-09,991.0,991.0,976.0,981.0,6700,981.0
2023-05-10,981.0,981.0,977.0,977.0,2400,977.0
2023-05-11,977.0,982.0,975.0,975.0,2600,975.0
2023-05-12,983.0,985.0,977.0,985.0,2000,985.0
2023-05-15,985.0,985.0,981.0,985.0,2700,985.0
2023-05-16,983.0,987.0,983.0,987.0,2000,987.0
2023-05-17,987.0,990.0,978.0,979.0,4300,979.0
2023-05-18,979.0,985.0,977.0,977.0,2100,977.0
2023-05-19,985.0,985.0,972.0,981.0,3200,981.0
2023-05-22,980.0,980.0,976.0,976.0,1500,976.0
2023-05-23,976.0,976.0,966.0,974.0,5100,974.0
2023-05-24,974.0,974.0,967.0,973.0,1300,973.0
2023-05-25,973.0,988.0,973.0,975.0,4900,975.0
2023-05-26,975.0,985.0,970.0,970.0,4600,970.0
2023-05-29,975.0,975.0,973.0,973.0,1200,973.0
2023-05-30,978.0,979.0,963.0,963.0,4600,963.0
2023-05-31,969.0,969.0,963.0,963.0,3600,963.0
2023-06-01,970.0,971.0,963.0,963.0,2600,963.0
2023-06-02,963.0,975.0,962.0,962.0,4700,962.0
2023-06-05,962.0,983.0,962.0,978.0,4800,978.0
2023-06-06,971.0,981.0,971.0,976.0,3500,976.0
2023-06-07,976.0,987.0,968.0,969.0,5300,969.0
2023-06-08,969.0,969.0,958.0,960.0,7100,960.0
2023-06-09,973.0,973.0,959.0,968.0,8600,968.0
2023-06-12,983.0,983.0,974.0,982.0,6000,982.0
2023-06-13,982.0,986.0,975.0,975.0,6200,975.0
2023-06-14,985.0,985.0,976.0,982.0,4900,982.0
2023-06-15,978.0,989.0,978.0,980.0,2500,980.0
2023-06-16,981.0,1000.0,978.0,982.0,7500,982.0
2023-06-19,993.0,998.0,980.0,985.0,2300,985.0
2023-06-20,985.0,998.0,983.0,998.0,2100,998.0
2023-06-21,998.0,998.0,984.0,996.0,2800,996.0
2023-06-22,998.0,1003.0,995.0,998.0,4600,998.0
2023-06-23,1006.0,1006.0,989.0,1003.0,4500,1003.0
2023-06-26,999.0,999.0,955.0,968.0,84100,968.0
2023-06-27,968.0,975.0,965.0,971.0,37100,971.0
2023-06-28,973.0,974.0,968.0,974.0,5100,974.0
2023-06-29,974.0,974.0,963.0,974.0,5800,974.0
2023-06-30,970.0,973.0,960.0,965.0,7200,965.0
2023-07-03,969.0,973.0,969.0,973.0,3000,973.0
2023-07-04,975.0,976.0,968.0,969.0,6100,969.0
2023-07-05,969.0,974.0,969.0,971.0,2200,971.0
2023-07-06,971.0,977.0,970.0,972.0,5900,972.0
2023-07-07,972.0,975.0,971.0,971.0,2600,971.0
2023-07-10,975.0,980.0,971.0,971.0,6600,971.0
2023-07-11,976.0,976.0,967.0,967.0,5700,967.0
2023-07-12,969.0,970.0,965.0,967.0,2500,967.0
2023-07-13,968.0,972.0,968.0,969.0,1100,969.0
2023-07-14,969.0,970.0,965.0,965.0,5500,965.0
2023-07-18,965.0,972.0,962.0,966.0,7200,966.0
2023-07-19,968.0,969.0,966.0,966.0,2200,966.0
2023-07-20,969.0,970.0,968.0,968.0,2500,968.0
2023-07-21,968.0,969.0,967.0,969.0,2600,969.0
2023-07-24,970.0,971.0,965.0,968.0,4600,968.0
2023-07-25,973.0,973.0,971.0,973.0,1700,973.0
2023-07-26,973.0,975.0,972.0,975.0,4800,975.0
2023-07-27,972.0,977.0,972.0,974.0,3800,974.0
2023-07-28,974.0,974.0,952.0,956.0,36500,956.0
2023-07-31,965.0,965.0,958.0,959.0,4100,959.0
2023-08-01,961.0,966.0,961.0,966.0,2000,966.0
2023-08-02,966.0,969.0,965.0,965.0,5500,965.0
2023-08-03,965.0,969.0,963.0,963.0,5700,963.0
2023-08-04,963.0,967.0,963.0,964.0,3300,964.0
2023-08-07,964.0,968.0,962.0,968.0,2500,968.0
2023-08-08,968.0,970.0,960.0,968.0,4700,968.0
2023-08-09,968.0,971.0,968.0,968.0,2600,968.0
2023-08-10,968.0,971.0,964.0,971.0,3800,971.0
2023-08-14,971.0,978.0,971.0,975.0,6100,975.0
2023-08-15,979.0,980.0,977.0,979.0,2400,979.0
2023-08-16,979.0,979.0,974.0,974.0,4200,974.0
2023-08-17,977.0,977.0,971.0,971.0,2800,971.0
2023-08-18,974.0,974.0,967.0,967.0,3300,967.0
2023-08-21,967.0,979.0,967.0,974.0,3500,974.0
2023-08-22,975.0,976.0,973.0,973.0,1200,973.0
2023-08-23,973.0,973.0,970.0,973.0,3800,973.0
2023-08-24,973.0,978.0,972.0,975.0,4700,975.0
2023-08-25,978.0,980.0,977.0,980.0,3800,980.0
2023-08-28,980.0,987.0,980.0,987.0,5400,987.0
2023-08-29,987.0,991.0,985.0,988.0,3500,988.0
2023-08-30,991.0,999.0,990.0,997.0,7700,997.0
2023-08-31,1000.0,1002.0,998.0,999.0,3100,999.0
2023-09-01,999.0,1010.0,999.0,1010.0,6200,1010.0
2023-09-04,1009.0,1011.0,1006.0,1008.0,4900,1008.0
2023-09-05,1010.0,1010.0,1005.0,1008.0,3600,1008.0
2023-09-06,1008.0,1008.0,1002.0,1003.0,5600,1003.0
2023-09-07,1010.0,1010.0,1005.0,1006.0,15400,1006.0
2023-09-08,1005.0,1010.0,1005.0,1010.0,6300,1010.0
2023-09-11,1010.0,1012.0,1008.0,1012.0,5100,1012.0
2023-09-12,1012.0,1015.0,1010.0,1015.0,3400,1015.0
2023-09-13,1015.0,1019.0,1010.0,1019.0,5400,1019.0
2023-09-14,1019.0,1025.0,1019.0,1020.0,8200,1020.0
2023-09-15,1020.0,1025.0,1003.0,1003.0,6800,1003.0
2023-09-19,1008.0,1017.0,1006.0,1013.0,5500,1013.0
2023-09-20,1013.0,1013.0,995.0,1000.0,12600,1000.0
2023-09-21,1000.0,1007.0,1000.0,1002.0,4800,1002.0
2023-09-22,1002.0,1009.0,998.0,999.0,9000,999.0
2023-09-25,1006.0,1006.0,997.0,998.0,15900,998.0
2023-09-26,1007.0,1008.0,1001.0,1008.0,12400,1008.0
2023-09-27,1008.0,1019.0,1005.0,1018.0,61600,1018.0
2023-09-28,988.0,1000.0,972.0,984.0,34500,984.0
2023-09-29,977.0,981.0,970.0,970.0,11700,970.0
2023-10-02,977.0,977.0,964.0,965.0,11300,965.0
2023-10-03,966.0,972.0,963.0,964.0,4600,964.0
2023-10-04,964.0,968.0,963.0,963.0,5600,963.0
2023-10-05,963.0,973.0,963.0,969.0,5600,969.0
2023-10-06,969.0,976.0,966.0,973.0,4800,973.0
2023-10-10,970.0,973.0,969.0,969.0,4900,969.0
2023-10-11,969.0,970.0,961.0,962.0,6700,962.0
2023-10-12,965.0,972.0,962.0,968.0,5200,968.0
2023-10-13,968.0,968.0,961.0,961.0,4100,961.0
2023-10-16,960.0,960.0,944.0,946.0,13700,946.0
2023-10-17,947.0,957.0,946.0,952.0,4100,952.0
2023-10-18,950.0,957.0,949.0,957.0,6300,957.0
2023-10-19,955.0,957.0,952.0,953.0,2100,953.0
2023-10-20,953.0,957.0,953.0,953.0,4700,953.0
2023-10-23,953.0,958.0,953.0,954.0,2300,954.0
2023-10-24,954.0,959.0,944.0,951.0,7200,951.0
2023-10-25,950.0,959.0,946.0,959.0,9600,959.0
2023-10-26,960.0,968.0,959.0,962.0,3700,962.0
2023-10-27,962.0,962.0,951.0,955.0,3900,955.0
2023-10-30,952.0,956.0,931.0,931.0,34500,931.0
2023-10-31,937.0,941.0,934.0,938.0,6200,938.0
2023-11-01,938.0,940.0,934.0,940.0,7100,940.0
2023-11-02,940.0,949.0,939.0,949.0,4100,949.0
2023-11-06,952.0,952.0,943.0,949.0,1400,949.0
2023-11-07,949.0,955.0,949.0,954.0,3000,954.0
2023-11-08,949.0,955.0,949.0,950.0,7000,950.0
2023-11-09,950.0,952.0,950.0,952.0,1200,952.0
2023-11-10,956.0,956.0,943.0,943.0,2900,943.0
2023-11-13,950.0,954.0,946.0,949.0,2100,949.0
2023-11-14,953.0,953.0,950.0,952.0,2000,952.0
2023-11-15,953.0,958.0,950.0,955.0,1800,955.0
2023-11-16,955.0,955.0,949.0,949.0,800,949.0
2023-11-17,955.0,963.0,947.0,955.0,4000,955.0
2023-11-20,955.0,960.0,953.0,953.0,1600,953.0
2023-11-21,957.0,957.0,953.0,957.0,1200,957.0
2023-11-22,957.0,957.0,952.0,953.0,1600,953.0
2023-11-24,953.0,956.0,953.0,955.0,2700,955.0
2023-11-27,957.0,957.0,950.0,950.0,4400,950.0
2023-11-28,950.0,950.0,948.0,948.0,2800,948.0
2023-11-29,949.0,951.0,948.0,951.0,1700,951.0
2023-11-30,952.0,953.0,947.0,952.0,2100,952.0
2023-12-01,952.0,956.0,951.0,951.0,2200,951.0
2023-12-04,952.0,952.0,946.0,948.0,3700,948.0
2023-12-05,948.0,951.0,947.0,950.0,1600,950.0
2023-12-06,951.0,952.0,948.0,951.0,2000,951.0
2023-12-07,952.0,953.0,950.0,952.0,1900,952.0
2023-12-08,951.0,954.0,950.0,950.0,3300,950.0
2023-12-11,958.0,959.0,953.0,955.0,7200,955.0
2023-12-12,958.0,958.0,956.0,957.0,2400,957.0
2023-12-13,958.0,958.0,956.0,957.0,2000,957.0
2023-12-14,955.0,957.0,951.0,951.0,4700,951.0
2023-12-15,950.0,957.0,950.0,953.0,2300,953.0
2023-12-18,953.0,953.0,950.0,953.0,2500,953.0
2023-12-19,951.0,951.0,948.0,951.0,3700,951.0
2023-12-20,951.0,952.0,948.0,949.0,4000,949.0
2023-12-21,950.0,950.0,947.0,948.0,1500,948.0
2023-12-22,949.0,950.0,947.0,948.0,3600,948.0
2023-12-25,948.0,948.0,937.0,944.0,10400,944.0
2023-12-26,944.0,944.0,940.0,940.0,5100,940.0
2023-12-27,940.0,944.0,940.0,943.0,5000,943.0
2023-12-28,943.0,948.0,943.0,947.0,2100,947.0
2023-12-29,948.0,950.0,945.0,945.0,3600,945.0
2024-01-04,947.0,953.0,946.0,951.0,6100,951.0
2024-01-05,951.0,956.0,950.0,956.0,4600,956.0
2024-01-09,957.0,970.0,957.0,970.0,5800,970.0
2024-01-10,970.0,970.0,950.0,956.0,14700,956.0
2024-01-11,958.0,959.0,943.0,955.0,15400,955.0
2024-01-12,957.0,957.0,948.0,948.0,5100,948.0
2024-01-15,950.0,954.0,948.0,952.0,9100,952.0
2024-01-16,956.0,957.0,945.0,945.0,7800,945.0
2024-01-17,945.0,951.0,944.0,948.0,7900,948.0
2024-01-18,951.0,951.0,944.0,944.0,6500,944.0
2024-01-19,944.0,946.0,941.0,942.0,9600,942.0
2024-01-22,942.0,947.0,942.0,944.0,5800,944.0
2024-01-23,944.0,947.0,944.0,944.0,5000,944.0
2024-01-24,944.0,946.0,942.0,944.0,5400,944.0
2024-01-25,944.0,948.0,944.0,948.0,4000,948.0
2024-01-26,952.0,952.0,944.0,945.0,5600,945.0
2024-01-29,949.0,953.0,946.0,953.0,4600,953.0
2024-01-30,953.0,953.0,940.0,940.0,33000,940.0
2024-01-31,944.0,945.0,940.0,944.0,6500,944.0
2024-02-01,949.0,949.0,940.0,940.0,9200,940.0
2024-02-02,942.0,945.0,942.0,945.0,1600,945.0
2024-02-05,945.0,945.0,942.0,942.0,4900,942.0
2024-02-06,945.0,949.0,944.0,948.0,5400,948.0
2024-02-07,947.0,951.0,945.0,946.0,4800,946.0
2024-02-08,946.0,947.0,940.0,946.0,14600,946.0
2024-02-09,937.0,942.0,929.0,932.0,27100,932.0
2024-02-13,933.0,939.0,932.0,939.0,7200,939.0
2024-02-14,938.0,940.0,933.0,936.0,8100,936.0
2024-02-15,936.0,937.0,929.0,932.0,10300,932.0
2024-02-16,932.0,937.0,928.0,937.0,7900,937.0
2024-02-19,937.0,937.0,920.0,927.0,15600,927.0
2024-02-20,932.0,932.0,922.0,925.0,8500,925.0
2024-02-21,937.0,937.0,928.0,928.0,11900,928.0
2024-02-22,937.0,937.0,929.0,936.0,4300,936.0
2024-02-26,937.0,941.0,933.0,935.0,9200,935.0
2024-02-27,933.0,935.0,930.0,932.0,3800,932.0
2024-02-28,930.0,938.0,930.0,931.0,6800,931.0
2024-02-29,931.0,935.0,931.0,932.0,3100,932.0
2024-03-01,932.0,938.0,932.0,934.0,2600,934.0
2024-03-04,934.0,937.0,930.0,930.0,4400,930.0
2024-03-05,930.0,932.0,930.0,931.0,3500,931.0
2024-03-06,931.0,938.0,931.0,935.0,3300,935.0
2024-03-07,938.0,940.0,933.0,937.0,3000,937.0
2024-03-08,937.0,938.0,932.0,933.0,3800,933.0
2024-03-11,933.0,938.0,933.0,935.0,3100,935.0
2024-03-12,935.0,935.0,932.0,935.0,1900,935.0
2024-03-13,938.0,938.0,935.0,936.0,2200,936.0
2024-03-14,936.0,936.0,931.0,935.0,6700,935.0
2024-03-15,933.0,935.0,933.0,935.0,1700,935.0
2024-03-18,935.0,938.0,933.0,934.0,1800,934.0
2024-03-19,934.0,943.0,934.0,940.0,3200,940.0
2024-03-21,943.0,946.0,943.0,945.0,4700,945.0
2024-03-22,946.0,946.0,936.0,943.0,5300,943.0
2024-03-25,943.0,946.0,942.0,944.0,5100,944.0
2024-03-26,946.0,946.0,936.0,941.0,8000,941.0
2024-03-27,941.0,950.0,941.0,947.0,8700,947.0
2024-03-28,916.0,942.0,915.0,932.0,9900,932.0
2024-03-29,932.0,943.0,930.0,939.0,7100,939.0
2024-04-01,939.0,939.0,929.0,935.0,5700,935.0
2024-04-02,935.0,937.0,928.0,931.0,2700,931.0
2024-04-03,930.0,944.0,927.0,932.0,3400,932.0
2024-04-04,935.0,936.0,935.0,936.0,2700,936.0
2024-04-05,940.0,941.0,931.0,937.0,2100,937.0
2024-04-08,940.0,940.0,934.0,935.0,3600,935.0
2024-04-09,935.0,939.0,935.0,939.0,1700,939.0
2024-04-10,938.0,944.0,936.0,936.0,3000,936.0
2024-04-11,936.0,943.0,933.0,937.0,3600,937.0
2024-04-12,938.0,939.0,932.0,932.0,3500,932.0
2024-04-15,932.0,932.0,928.0,928.0,5100,928.0
2024-04-16,928.0,930.0,925.0,925.0,3300,925.0
2024-04-17,925.0,926.0,922.0,922.0,4400,922.0
2024-04-18,923.0,927.0,923.0,926.0,1100,926.0
2024-04-19,926.0,930.0,920.0,921.0,3800,921.0
2024-04-22,925.0,926.0,921.0,921.0,5700,921.0
2024-04-23,926.0,926.0,923.0,923.0,1500,923.0
2024-04-24,925.0,929.0,925.0,929.0,3400,929.0
2024-04-25,929.0,929.0,927.0,929.0,3000,929.0
2024-04-26,929.0,929.0,914.0,914.0,23800,914.0
2024-04-30,915.0,924.0,915.0,924.0,3900,924.0
2024-05-01,924.0,929.0,916.0,924.0,4300,924.0
2024-05-02,926.0,930.0,922.0,924.0,4100,924.0
2024-05-07,924.0,928.0,923.0,923.0,3700,923.0
2024-05-08,923.0,930.0,923.0,926.0,7600,926.0
2024-05-09,934.0,934.0,930.0,931.0,3000,931.0
2024-05-10,930.0,930.0,927.0,927.0,1700,927.0
2024-05-13,927.0,935.0,927.0,935.0,2200,935.0
2024-05-14,936.0,936.0,934.0,934.0,3800,934.0
2024-05-15,934.0,934.0,930.0,932.0,2500,932.0
2024-05-16,932.0,935.0,924.0,924.0,7600,924.0
2024-05-17,924.0,930.0,920.0,925.0,7600,925.0
2024-05-20,929.0,931.0,925.0,931.0,6000,931.0
2024-05-21,929.0,931.0,925.0,927.0,3800,927.0
2024-05-22,926.0,934.0,925.0,926.0,10500,926.0
2024-05-23,929.0,930.0,927.0,930.0,1500,930.0
2024-05-24,932.0,932.0,928.0,932.0,1800,932.0
2024-05-27,935.0,935.0,929.0,933.0,4100,933.0
2024-05-28,930.0,933.0,928.0,931.0,1100,931.0
2024-05-29,927.0,934.0,925.0,925.0,4400,925.0
2024-05-30,925.0,927.0,919.0,919.0,6600,919.0
2024-05-31,924.0,924.0,917.0,921.0,5200,921.0
2024-06-03,927.0,927.0,918.0,923.0,4100,923.0
2024-06-04,921.0,925.0,920.0,923.0,2500,923.0
2024-06-05,925.0,932.0,923.0,929.0,4700,929.0
2024-06-06,929.0,933.0,922.0,930.0,2300,930.0
2024-06-07,932.0,935.0,929.0,933.0,4000,933.0
2024-06-10,930.0,937.0,930.0,937.0,3900,937.0
2024-06-11,941.0,941.0,937.0,941.0,5900,941.0
2024-06-12,941.0,942.0,935.0,938.0,3800,938.0
2024-06-13,943.0,943.0,934.0,943.0,2900,943.0
2024-06-14,943.0,943.0,935.0,941.0,4200,941.0
2024-06-17,944.0,944.0,936.0,941.0,3400,941.0
2024-06-18,941.0,941.0,937.0,937.0,2500,937.0
2024-06-19,936.0,948.0,935.0,944.0,4800,944.0
2024-06-20,944.0,944.0,941.0,942.0,1800,942.0
2024-06-21,941.0,946.0,941.0,944.0,2100,944.0
2024-06-24,944.0,949.0,944.0,949.0,7900,949.0
2024-06-25,949.0,954.0,945.0,954.0,6500,954.0
2024-06-26,955.0,962.0,953.0,958.0,9800,958.0
2024-06-27,973.0,975.0,963.0,968.0,40900,968.0
2024-06-28,965.0,967.0,960.0,963.0,3400,963.0
2024-07-01,967.0,967.0,963.0,964.0,1300,964.0
2024-07-02,964.0,965.0,962.0,962.0,2900,962.0
2024-07-03,962.0,965.0,960.0,960.0,3700,960.0
2024-07-04,963.0,965.0,960.0,960.0,2400,960.0
2024-07-05,962.0,965.0,960.0,960.0,2100,960.0
2024-07-08,962.0,962.0,952.0,954.0,3500,954.0
2024-07-09,954.0,961.0,950.0,950.0,4400,950.0
2024-07-10,950.0,951.0,943.0,943.0,5900,943.0
2024-07-11,943.0,950.0,943.0,949.0,3200,949.0
2024-07-12,949.0,956.0,948.0,953.0,1900,953.0
2024-07-16,953.0,953.0,950.0,953.0,5100,953.0
2024-07-17,951.0,953.0,950.0,952.0,2300,952.0
2024-07-18,949.0,953.0,940.0,948.0,8200,948.0
2024-07-19,950.0,952.0,939.0,941.0,3700,941.0
2024-07-22,950.0,952.0,947.0,952.0,2900,952.0
2024-07-23,950.0,952.0,943.0,952.0,3500,952.0
2024-07-24,953.0,953.0,943.0,945.0,2300,945.0
2024-07-25,946.0,948.0,945.0,946.0,1400,946.0
2024-07-26,950.0,954.0,949.0,950.0,4200,950.0
2024-07-29,954.0,954.0,950.0,954.0,1900,954.0
2024-07-30,954.0,954.0,918.0,918.0,26900,918.0
2024-07-31,930.0,938.0,926.0,937.0,5400,937.0
2024-08-01,937.0,937.0,924.0,929.0,5900,929.0
2024-08-02,929.0,929.0,920.0,921.0,9600,921.0
2024-08-05,922.0,922.0,842.0,842.0,16800,842.0
2024-08-06,856.0,911.0,856.0,904.0,8300,904.0
2024-08-07,895.0,908.0,888.0,908.0,7500,908.0
2024-08-08,908.0,914.0,902.0,910.0,3300,910.0
2024-08-09,913.0,920.0,907.0,918.0,7400,918.0
2024-08-13,918.0,929.0,917.0,925.0,5800,925.0
2024-08-14,930.0,930.0,929.0,929.0,2700,929.0
2024-08-15,931.0,933.0,929.0,929.0,1800,929.0
2024-08-16,936.0,936.0,920.0,920.0,6400,920.0
2024-08-19,919.0,920.0,917.0,918.0,1600,918.0
2024-08-20,918.0,928.0,917.0,928.0,3200,928.0
2024-08-21,928.0,943.0,927.0,932.0,6200,932.0
2024-08-22,930.0,939.0,930.0,938.0,2900,938.0
2024-08-23,940.0,940.0,931.0,938.0,3200,938.0
2024-08-26,938.0,940.0,933.0,940.0,3200,940.0
2024-08-27,940.0,943.0,939.0,942.0,1500,942.0
2024-08-28,942.0,945.0,939.0,943.0,4300,943.0
2024-08-29,944.0,947.0,944.0,945.0,3000,945.0
2024-08-30,948.0,950.0,946.0,949.0,4800,949.0
2024-09-02,949.0,951.0,946.0,951.0,3800,951.0
2024-09-03,951.0,953.0,945.0,947.0,7100,947.0
2024-09-04,945.0,950.0,938.0,942.0,8500,942.0
2024-09-05,942.0,945.0,936.0,936.0,23400,936.0
2024-09-06,936.0,940.0,936.0,939.0,3300,939.0
2024-09-09,931.0,935.0,923.0,929.0,5600,929.0
2024-09-10,931.0,931.0,926.0,931.0,4000,931.0
2024-09-11,931.0,932.0,926.0,929.0,5700,929.0
2024-09-12,930.0,935.0,930.0,931.0,4900,931.0
2024-09-13,931.0,931.0,928.0,929.0,4100,929.0
2024-09-17,930.0,930.0,924.0,927.0,6100,927.0
2024-09-18,927.0,935.0,925.0,928.0,8300,928.0
2024-09-19,924.0,928.0,924.0,927.0,6400,927.0
2024-09-20,925.0,930.0,925.0,929.0,6100,929.0
2024-09-24,932.0,932.0,925.0,932.0,15800,932.0
2024-09-25,932.0,933.0,926.0,926.0,19300,926.0
2024-09-26,926.0,930.0,915.0,919.0,101100,919.0
2024-09-27,919.0,928.0,919.0,927.0,46000,927.0
2024-09-30,912.0,926.0,912.0,923.0,6700,923.0
2024-10-01,923.0,926.0,919.0,926.0,6200,926.0
2024-10-02,926.0,929.0,920.0,920.0,6300,920.0
2024-10-03,921.0,925.0,920.0,921.0,5100,921.0
2024-10-04,921.0,923.0,917.0,917.0,2700,917.0
2024-10-07,918.0,918.0,915.0,915.0,2400,915.0
2024-10-08,915.0,919.0,915.0,915.0,2600,915.0
2024-10-09,915.0,915.0,910.0,910.0,4800,910.0
2024-10-10,912.0,912.0,898.0,899.0,7100,899.0
2024-10-11,899.0,901.0,878.0,880.0,11700,880.0
2024-10-15,880.0,886.0,876.0,876.0,9400,876.0
2024-10-16,876.0,900.0,876.0,893.0,5600,893.0
2024-10-17,892.0,893.0,883.0,884.0,3400,884.0
2024-10-18,884.0,887.0,881.0,881.0,2000,881.0
2024-10-21,881.0,883.0,881.0,883.0,1100,883.0
2024-10-22,884.0,891.0,884.0,884.0,3500,884.0
2024-10-23,884.0,884.0,878.0,878.0,3000,878.0
2024-10-24,879.0,880.0,873.0,875.0,4700,875.0
2024-10-25,873.0,873.0,868.0,868.0,2300,868.0
2024-10-28,866.0,869.0,856.0,860.0,8700,860.0
2024-10-29,858.0,864.0,858.0,863.0,3300,863.0
2024-10-30,859.0,861.0,831.0,831.0,43300,831.0
2024-10-31,832.0,842.0,820.0,839.0,15600,839.0
2024-11-01,839.0,839.0,828.0,834.0,6700,834.0
2024-11-05,832.0,835.0,827.0,833.0,3700,833.0
2024-11-06,834.0,850.0,834.0,842.0,4700,842.0
2024-11-07,840.0,840.0,832.0,835.0,4500,835.0
2024-11-08,837.0,851.0,837.0,851.0,3500,851.0
2024-11-11,851.0,851.0,841.0,851.0,8000,851.0
2024-11-12,852.0,857.0,852.0,855.0,1600,855.0
2024-11-13,855.0,857.0,851.0,855.0,1800,855.0
2024-11-14,856.0,857.0,855.0,856.0,3900,856.0
2024-11-15,854.0,857.0,851.0,856.0,2700,856.0
2024-11-18,851.0,852.0,850.0,852.0,1400,852.0
2024-11-19,855.0,855.0,850.0,851.0,2100,851.0
2024-11-20,851.0,853.0,849.0,852.0,5700,852.0
2024-11-21,854.0,861.0,852.0,859.0,3600,859.0
2024-11-22,861.0,861.0,860.0,860.0,1200,860.0
2024-11-25,856.0,870.0,855.0,857.0,7900,857.0
2024-11-26,857.0,860.0,842.0,851.0,8600,851.0
2024-11-27,847.0,847.0,838.0,845.0,5700,845.0
2024-11-28,839.0,845.0,836.0,841.0,4300,841.0
2024-11-29,840.0,843.0,830.0,835.0,10000,835.0
2024-12-02,836.0,837.0,834.0,835.0,4100,835.0
2024-12-03,835.0,843.0,835.0,838.0,6800,838.0
2024-12-04,838.0,843.0,835.0,843.0,7900,843.0
2024-12-05,843.0,850.0,843.0,850.0,2600,850.0
2024-12-06,846.0,846.0,843.0,845.0,2600,845.0
2024-12-09,845.0,848.0,842.0,842.0,4500,842.0
2024-12-10,841.0,842.0,834.0,842.0,8400,842.0
2024-12-11,845.0,846.0,832.0,834.0,12700,834.0
2024-12-12,833.0,834.0,820.0,825.0,17200,825.0
2024-12-13,824.0,828.0,823.0,823.0,9500,823.0
2024-12-16,823.0,835.0,823.0,833.0,9100,833.0
2024-12-17,832.0,836.0,832.0,835.0,13800,835.0
2024-12-18,835.0,836.0,830.0,833.0,6000,833.0
2024-12-19,833.0,836.0,830.0,835.0,6900,835.0
2024-12-20,835.0,839.0,835.0,839.0,2700,839.0
2024-12-23,839.0,840.0,835.0,835.0,6200,835.0
2024-12-24,835.0,837.0,827.0,832.0,4900,832.0
2024-12-25,832.0,835.0,831.0,835.0,4000,835.0
2024-12-26,835.0,839.0,832.0,839.0,7300,839.0
2024-12-27,834.0,844.0,834.0,840.0,3200,840.0
2024-12-30,840.0,844.0,840.0,844.0,1700,844.0
2025-01-06,844.0,844.0,842.0,842.0,3500,842.0
2025-01-07,843.0,845.0,841.0,841.0,2200,841.0
2025-01-08,843.0,845.0,842.0,844.0,1700,844.0
2025-01-09,844.0,847.0,843.0,846.0,2900,846.0
2025-01-10,846.0,847.0,843.0,843.0,2800,843.0
2025-01-14,846.0,850.0,845.0,850.0,6000,850.0
2025-01-15,849.0,849.0,844.0,844.0,1600,844.0
2025-01-16,844.0,852.0,834.0,845.0,9100,845.0
2025-01-17,841.0,841.0,833.0,834.0,3300,834.0
2025-01-20,835.0,838.0,831.0,833.0,3000,833.0
2025-01-21,835.0,849.0,834.0,838.0,2800,838.0
2025-01-22,843.0,847.0,836.0,838.0,3100,838.0
2025-01-23,840.0,841.0,837.0,839.0,1600,839.0
2025-01-24,837.0,839.0,834.0,839.0,3600,839.0
2025-01-27,843.0,844.0,841.0,843.0,2800,843.0
2025-01-28,843.0,851.0,843.0,844.0,4300,844.0
2025-01-29,844.0,851.0,838.0,841.0,5000,841.0
2025-01-30,836.0,838.0,820.0,820.0,55600,820.0
2025-01-31,829.0,833.0,827.0,829.0,7400,829.0
2025-02-03,829.0,830.0,826.0,829.0,4900,829.0
2025-02-04,829.0,835.0,827.0,834.0,3200,834.0
2025-02-05,835.0,841.0,834.0,841.0,2400,841.0
2025-02-06,834.0,840.0,831.0,838.0,6100,838.0
2025-02-07,839.0,841.0,838.0,838.0,1500,838.0
2025-02-10,848.0,855.0,845.0,853.0,8700,853.0
2025-02-12,853.0,855.0,852.0,855.0,4100,855.0
2025-02-13,855.0,858.0,855.0,858.0,1600,858.0
2025-02-14,862.0,865.0,858.0,862.0,3900,862.0
2025-02-17,862.0,862.0,860.0,860.0,2300,860.0
2025-02-18,866.0,866.0,848.0,861.0,5700,861.0
2025-02-19,858.0,861.0,857.0,861.0,600,861.0
2025-02-20,861.0,861.0,855.0,856.0,1200,856.0
2025-02-21,856.0,856.0,843.0,854.0,4500,854.0
2025-02-25,854.0,862.0,852.0,861.0,3900,861.0
2025-02-26,861.0,861.0,837.0,848.0,6100,848.0
2025-02-27,850.0,858.0,848.0,858.0,1300,858.0
2025-02-28,860.0,864.0,852.0,852.0,3900,852.0
2025-03-03,852.0,860.0,850.0,851.0,2400,851.0
2025-03-04,850.0,855.0,850.0,855.0,900,855.0
2025-03-05,855.0,866.0,855.0,864.0,6200,864.0
2025-03-06,866.0,866.0,859.0,864.0,1200,864.0
2025-03-07,863.0,863.0,850.0,858.0,3800,858.0
2025-03-10,858.0,860.0,849.0,859.0,3000,859.0
2025-03-11,859.0,859.0,850.0,859.0,2000,859.0
2025-03-12,853.0,856.0,850.0,850.0,3700,850.0
2025-03-13,854.0,855.0,851.0,855.0,2000,855.0
2025-03-14,855.0,859.0,855.0,859.0,2900,859.0
2025-03-17,863.0,863.0,860.0,860.0,1500,860.0
2025-03-18,860.0,862.0,860.0,861.0,1200,861.0
2025-03-19,861.0,865.0,857.0,857.0,4000,857.0
2025-03-21,866.0,867.0,859.0,864.0,3500,864.0
2025-03-24,864.0,864.0,858.0,861.0,2700,861.0
2025-03-25,864.0,865.0,859.0,865.0,2100,865.0
2025-03-26,865.0,871.0,863.0,871.0,4000,871.0
2025-03-27,871.0,871.0,860.0,868.0,6300,868.0
2025-03-28,838.0,859.0,838.0,849.0,11700,849.0
2025-03-31,847.0,855.0,847.0,849.0,3200,849.0
2025-04-01,849.0,854.0,849.0,849.0,3600,849.0
2025-04-02,847.0,847.0,838.0,838.0,6000,838.0
2025-04-03,836.0,850.0,835.0,836.0,3500,836.0
2025-04-04,836.0,838.0,833.0,833.0,3500,833.0
2025-04-07,823.0,858.0,820.0,837.0,11700,837.0
2025-04-08,840.0,844.0,834.0,837.0,4000,837.0
2025-04-09,835.0,835.0,808.0,814.0,8100,814.0
2025-04-10,838.0,847.0,838.0,840.0,3400,840.0
2025-04-11,839.0,841.0,831.0,841.0,3900,841.0
2025-04-14,850.0,850.0,839.0,840.0,6400,840.0
2025-04-15,840.0,849.0,832.0,836.0,2400,836.0
2025-04-16,835.0,875.0,830.0,857.0,115300,857.0
2025-04-17,857.0,857.0,845.0,848.0,3300,848.0
2025-04-18,848.0,854.0,845.0,852.0,1100,852.0
2025-04-21,851.0,880.0,822.0,842.0,81600,842.0
2025-04-22,843.0,867.0,822.0,830.0,53100,830.0
2025-04-23,830.0,838.0,828.0,838.0,5000,838.0
2025-04-24,837.0,843.0,837.0,843.0,1700,843.0
2025-04-25,844.0,844.0,830.0,841.0,3700,841.0
2025-04-28,845.0,874.0,832.0,839.0,98600,839.0
2025-04-30,839.0,854.0,838.0,842.0,5000,842.0
2025-05-01,843.0,847.0,839.0,839.0,2400,839.0
2025-05-02,839.0,842.0,832.0,835.0,7700,835.0
2025-05-07,832.0,845.0,832.0,845.0,5400,845.0
2025-05-08,846.0,854.0,839.0,854.0,12200,854.0
2025-05-09,891.0,915.0,891.0,905.0,92000,905.0
2025-05-12,899.0,899.0,881.0,890.0,23000,890.0
2025-05-13,889.0,895.0,872.0,873.0,32800,873.0
2025-05-14,888.0,910.0,860.0,871.0,58300,871.0
2025-05-15,871.0,875.0,861.0,862.0,4100,862.0
2025-05-16,862.0,868.0,860.0,863.0,3400,863.0
2025-05-19,863.0,876.0,863.0,871.0,4900,871.0
2025-05-20,873.0,875.0,873.0,875.0,800,875.0
2025-05-21,876.0,876.0,870.0,873.0,1400,873.0
2025-05-22,869.0,874.0,866.0,872.0,2400,872.0
2025-05-23,872.0,878.0,872.0,878.0,1000,878.0
2025-05-26,887.0,888.0,881.0,883.0,3800,883.0
2025-05-27,883.0,888.0,878.0,886.0,3600,886.0
2025-05-28,886.0,886.0,883.0,885.0,1300,885.0
2025-05-29,884.0,886.0,884.0,886.0,800,886.0
2025-05-30,883.0,891.0,882.0,891.0,5200,891.0
2025-06-02,893.0,895.0,891.0,891.0,2700,891.0
2025-06-03,890.0,891.0,888.0,890.0,1000,890.0
2025-06-04,894.0,896.0,889.0,896.0,2500,896.0
2025-06-05,897.0,902.0,897.0,899.0,3300,899.0
2025-06-06,904.0,904.0,899.0,902.0,3100,902.0
2025-06-09,908.0,909.0,899.0,900.0,3900,900.0
2025-06-10,896.0,898.0,894.0,898.0,1400,898.0
2025-06-11,906.0,906.0,892.0,893.0,6200,893.0
2025-06-12,890.0,898.0,890.0,898.0,1800,898.0
2025-06-13,900.0,907.0,893.0,897.0,3400,897.0
2025-06-16,897.0,905.0,897.0,905.0,4600,905.0
2025-06-17,908.0,908.0,905.0,905.0,1500,905.0
2025-06-18,905.0,909.0,905.0,906.0,1500,906.0
2025-06-19,909.0,910.0,902.0,908.0,1600,908.0
2025-06-20,911.0,917.0,911.0,912.0,8400,912.0
2025-06-23,912.0,914.0,906.0,912.0,4500,912.0
2025-06-24,917.0,917.0,911.0,917.0,4700,917.0
2025-06-25,917.0,929.0,917.0,929.0,7800,929.0
2025-06-26,929.0,944.0,929.0,940.0,13900,940.0
2025-06-27,970.0,970.0,913.0,935.0,46500,935.0
2025-06-30,940.0,942.0,937.0,940.0,7400,940.0
2025-07-01,939.0,939.0,927.0,927.0,2400,927.0
2025-07-02,928.0,928.0,915.0,918.0,3700,918.0
2025-07-03,918.0,918.0,914.0,914.0,1500,914.0
2025-07-04,914.0,918.0,904.0,904.0,3300,904.0
2025-07-07,900.0,903.0,869.0,875.0,30500,875.0
2025-07-08,878.0,889.0,876.0,886.0,9600,886.0
2025-07-09,888.0,896.0,875.0,887.0,7500,887.0
2025-07-10,894.0,907.0,894.0,903.0,4600,903.0
2025-07-11,904.0,907.0,904.0,904.0,2000,904.0
2025-07-14,909.0,909.0,891.0,895.0,9900,895.0
2025-07-15,895.0,898.0,892.0,893.0,1600,893.0
2025-07-16,893.0,898.0,893.0,898.0,1300,898.0
2025-07-17,898.0,899.0,893.0,893.0,4500,893.0
2025-07-18,898.0,900.0,890.0,890.0,2000,890.0
2025-07-22,890.0,908.0,890.0,908.0,5800,908.0
2025-07-23,910.0,915.0,907.0,914.0,2300,914.0
2025-07-24,914.0,914.0,910.0,910.0,1800,910.0
2025-07-25,920.0,930.0,912.0,930.0,4500,930.0
2025-07-28,934.0,944.0,930.0,944.0,10100,944.0
2025-07-29,943.0,943.0,935.0,937.0,5700,937.0
2025-07-30,937.0,942.0,937.0,942.0,1900,942.0
2025-07-31,944.0,955.0,941.0,955.0,7400,955.0
2025-08-01,964.0,965.0,960.0,963.0,5800,963.0
2025-08-04,962.0,963.0,951.0,963.0,7500,963.0
2025-08-05,970.0,970.0,959.0,963.0,7600,963.0
2025-08-06,961.0,961.0,956.0,959.0,6900,959.0
2025-08-07,959.0,981.0,959.0,981.0,15300,981.0
2025-08-08,1000.0,1000.0,980.0,1000.0,22800,1000.0
2025-08-12,1010.0,1020.0,967.0,973.0,49600,973.0
2025-08-13,975.0,975.0,961.0,961.0,14700,961.0
2025-08-14,964.0,967.0,951.0,962.0,14900,962.0
2025-08-15,962.0,962.0,957.0,962.0,6100,962.0
2025-08-18,970.0,976.0,968.0,976.0,11600,976.0
2025-08-19,981.0,985.0,977.0,978.0,11800,978.0
2025-08-20,984.0,985.0,980.0,984.0,4800,984.0
2025-08-21,990.0,998.0,986.0,998.0,6800,998.0
2025-08-22,1000.0,1000.0,994.0,999.0,7200,999.0
2025-08-25,1000.0,1007.0,999.0,1001.0,6800,1001.0
2025-08-26,1003.0,1003.0,995.0,999.0,5700,999.0
2025-08-27,1000.0,1000.0,992.0,992.0,6200,992.0
2025-08-28,990.0,999.0,985.0,999.0,5700,999.0
2025-08-29,995.0,999.0,994.0,999.0,4300,999.0
2025-09-01,999.0,1020.0,999.0,1003.0,9300,1003.0
2025-09-02,1000.0,1012.0,998.0,1007.0,6900,1007.0
2025-09-03,1010.0,1017.0,1000.0,1008.0,10700,1008.0
2025-09-04,1008.0,1015.0,1008.0,1015.0,4900,1015.0
2025-09-05,1008.0,1022.0,1008.0,1019.0,8000,1019.0
2025-09-08,1019.0,1019.0,1012.0,1019.0,8900,1019.0
2025-09-09,1015.0,1018.0,1013.0,1014.0,3200,1014.0
2025-09-10,1010.0,1015.0,1004.0,1008.0,5800,1008.0
2025-09-11,1008.0,1018.0,1002.0,1002.0,6300,1002.0
2025-09-12,1003.0,1014.0,1002.0,1002.0,6400,1002.0
2025-09-16,1004.0,1004.0,996.0,999.0,12400,999.0
2025-09-17,1000.0,1001.0,993.0,994.0,7000,994.0
2025-09-18,994.0,999.0,993.0,999.0,7000,999.0
2025-09-19,995.0,1002.0,992.0,1002.0,7300,1002.0
2025-09-22,1002.0,1011.0,1001.0,1011.0,13100,1011.0
2025-09-24,1011.0,1014.0,1008.0,1013.0,17500,1013.0
2025-09-25,1013.0,1013.0,1000.0,1002.0,20700,1002.0
2025-09-26,1004.0,1008.0,1002.0,1005.0,69800,1005.0
2025-09-29,992.0,994.0,982.0,982.0,28000,982.0
2025-09-30,981.0,992.0,981.0,986.0,4800,986.0
2025-10-01,984.0,990.0,980.0,980.0,9500,980.0
2025-10-02,983.0,983.0,975.0,975.0,6500,975.0
2025-10-03,975.0,977.0,974.0,976.0,6500,976.0
2025-10-06,991.0,993.0,981.0,985.0,6400,985.0
2025-10-07,987.0,992.0,985.0,986.0,8100,986.0
2025-10-08,987.0,992.0,987.0,987.0,3300,987.0
2025-10-09,993.0,993.0,990.0,991.0,3800,991.0
2025-10-10,992.0,992.0,987.0,988.0,5300,988.0
2025-10-14,985.0,992.0,984.0,992.0,4400,992.0
2025-10-15,992.0,992.0,988.0,990.0,2700,990.0
2025-10-16,995.0,999.0,992.0,994.0,4400,994.0
2025-10-17,999.0,999.0,981.0,982.0,6600,982.0
2025-10-20,993.0,999.0,992.0,998.0,6900,998.0
2025-10-21,997.0,997.0,994.0,997.0,2100,997.0
2025-10-22,998.0,1009.0,997.0,1003.0,16600,1003.0
2025-10-23,1006.0,1006.0,997.0,997.0,7100,997.0
2025-10-24,1000.0,1014.0,1000.0,1012.0,16800,1012.0
2025-10-27,1029.0,1041.0,1016.0,1041.0,19400,1041.0
2025-10-28,1036.0,1041.0,1021.0,1041.0,13000,1041.0
2025-10-29,1030.0,1030.0,1000.0,1010.0,16200,1010.0
2025-10-30,1001.0,1028.0,1001.0,1028.0,5600,1028.0
