Date,Open,High,Low,Close,Volume,Adj Close
2005-03-22,236.05,239.47,232.63,237.75,49109,237.75
2005-03-23,236.05,237.75,236.05,236.05,32156,236.05
2005-03-24,236.05,236.05,232.63,234.34,21046,234.34
2005-03-25,232.63,232.63,230.93,230.93,32739,230.93
2005-03-28,222.37,227.5,215.5,227.5,28062,227.5
2005-03-29,227.5,234.34,224.07,230.93,28062,230.93
2005-03-30,227.5,230.93,215.5,217.24,26893,217.24
2005-03-31,218.94,229.2,218.94,222.37,16954,222.37
2005-04-01,222.37,222.37,215.5,217.24,9354,217.24
2005-04-04,217.24,217.24,210.39,210.39,15785,210.39
2005-04-05,210.39,212.1,210.39,212.1,5848,212.1
2005-04-06,217.24,220.64,217.24,220.64,18707,220.64
2005-04-07,220.64,220.64,217.24,217.24,8186,217.24
2005-04-08,217.24,217.24,215.5,217.24,2338,217.24
2005-04-11,215.5,217.24,215.5,215.5,9940,215.5
2005-04-12,217.24,217.24,215.5,215.5,7599,215.5
2005-04-13,217.24,217.24,215.5,215.5,8186,215.5
2005-04-14,215.5,215.5,210.39,212.1,16369,212.1
2005-04-15,210.39,210.39,206.96,208.69,16369,208.69
2005-04-18,191.57,193.3,188.17,188.17,18707,188.17
2005-04-19,191.57,201.86,191.57,201.86,12278,201.86
2005-04-20,200.13,210.39,200.13,208.69,40339,208.69
2005-04-21,203.56,203.56,198.41,203.56,25724,203.56
2005-04-22,205.26,206.96,201.86,201.86,21046,201.86
2005-04-25,201.86,201.86,200.13,200.13,12863,200.13
2005-04-26,200.13,200.13,200.13,200.13,4092,200.13
2005-04-27,198.41,201.86,198.41,201.86,12863,201.86
2005-04-28,200.13,201.86,200.13,200.13,6431,200.13
2005-05-02,201.86,201.86,201.86,201.86,5848,201.86
2005-05-06,201.86,213.81,201.86,213.81,47941,213.81
2005-05-09,213.81,222.37,213.81,222.37,20463,222.37
2005-05-10,222.37,222.37,217.24,217.24,18707,217.24
2005-05-11,220.64,220.64,212.1,212.1,7599,212.1
2005-05-12,210.39,210.39,210.39,210.39,10525,210.39
2005-05-13,212.1,212.1,212.1,212.1,1170,212.1
2005-05-16,210.39,210.39,208.69,210.39,14031,210.39
2005-05-17,203.56,203.56,201.86,201.86,7599,201.86
2005-05-18,201.86,201.86,196.71,200.13,16954,200.13
2005-05-19,205.26,213.81,205.26,212.1,15785,212.1
2005-05-20,203.56,213.81,203.56,205.26,16954,205.26
2005-05-23,205.26,206.96,205.26,206.96,2338,206.96
2005-05-24,208.69,210.39,206.96,210.39,4092,210.39
2005-05-25,212.1,212.1,212.1,212.1,2923,212.1
2005-05-26,212.1,212.1,198.41,198.41,12863,198.41
2005-05-27,200.13,222.37,200.13,217.24,298161,217.24
2005-05-30,222.37,229.2,218.94,220.64,181235,220.64
2005-05-31,215.5,217.24,205.26,206.96,35661,206.96
2005-06-01,212.1,220.64,210.39,212.1,53201,212.1
2005-06-02,217.24,217.24,212.1,212.1,22801,212.1
2005-06-03,213.81,215.5,212.1,212.1,9940,212.1
2005-06-06,212.1,212.1,205.26,206.96,21046,206.96
2005-06-07,210.39,212.1,206.96,210.39,18124,210.39
2005-06-08,210.39,212.1,208.69,210.39,15785,210.39
2005-06-09,206.96,222.37,206.96,215.5,182405,215.5
2005-06-10,217.24,217.24,212.1,215.5,38587,215.5
2005-06-13,217.24,217.24,212.1,213.81,14031,213.81
2005-06-14,217.24,217.24,212.1,212.1,11108,212.1
2005-06-15,212.1,213.81,212.1,213.81,5848,213.81
2005-06-16,213.81,222.37,213.81,222.37,33324,222.37
2005-06-17,222.37,222.37,217.24,220.64,12863,220.64
2005-06-20,218.94,220.64,217.24,220.64,18707,220.64
2005-06-21,220.64,222.37,215.5,222.37,38587,222.37
2005-06-22,217.24,220.64,217.24,218.94,8186,218.94
2005-06-23,217.24,224.07,217.24,222.37,68986,222.37
2005-06-24,230.93,260.0,229.2,236.05,648936,236.05
2005-06-27,237.75,237.75,229.2,229.2,71909,229.2
2005-06-28,229.2,230.93,225.8,227.5,45016,227.5
2005-06-29,227.5,229.2,224.07,225.8,28647,225.8
2005-06-30,229.2,229.2,224.07,225.8,25724,225.8
2005-07-01,225.8,227.5,224.07,227.5,37417,227.5
2005-07-04,229.2,230.93,229.2,230.93,38000,230.93
2005-07-05,230.93,232.63,229.2,232.63,30400,232.63
2005-07-06,241.19,254.86,234.34,236.05,208128,236.05
2005-07-07,236.05,239.47,234.34,237.75,43847,237.75
2005-07-08,236.05,236.05,230.93,232.63,19293,232.63
2005-07-11,232.63,236.05,230.93,236.05,23971,236.05
2005-07-12,234.34,237.75,234.34,236.05,49693,236.05
2005-07-13,234.34,236.05,230.93,234.34,35661,234.34
2005-07-14,232.63,234.34,229.2,229.2,30400,229.2
2005-07-15,229.2,229.2,229.2,229.2,8186,229.2
2005-07-19,227.5,230.93,227.5,227.5,17540,227.5
2005-07-20,227.5,241.19,227.5,237.75,106403,237.75
2005-07-21,236.05,237.75,230.93,230.93,35077,230.93
2005-07-22,232.63,234.34,230.93,230.93,9354,230.93
2005-07-25,232.63,236.05,230.93,232.63,33324,232.63
2005-07-26,239.47,253.16,236.05,253.16,355454,253.16
2005-07-27,248.02,265.13,241.19,263.4,647768,263.4
2005-07-28,282.23,282.23,254.86,254.86,727277,254.86
2005-07-29,256.57,273.69,256.57,258.27,201112,258.27
2005-08-01,256.57,263.4,248.02,254.86,91787,254.86
2005-08-02,256.57,258.27,248.02,253.16,97049,253.16
2005-08-03,253.16,258.27,248.02,248.02,79510,248.02
2005-08-04,251.44,251.44,241.19,241.19,71324,241.19
2005-08-05,241.19,244.6,241.19,241.19,59048,241.19
2005-08-08,239.47,239.47,234.34,237.75,40339,237.75
2005-08-09,239.47,246.31,239.47,244.6,24554,244.6
2005-08-10,244.6,277.09,244.6,263.4,456594,263.4
2005-08-11,273.69,273.69,258.27,260.0,278283,260.0
2005-08-12,263.4,263.4,253.16,258.27,73078,258.27
2005-08-15,256.57,256.57,246.31,253.16,31570,253.16
2005-08-16,260.0,289.07,260.0,268.56,539612,268.56
2005-08-17,263.4,268.56,261.72,261.72,91787,261.72
2005-08-18,263.4,268.56,261.72,263.4,67233,263.4
2005-08-19,266.82,266.82,256.57,261.72,70156,261.72
2005-08-22,261.72,261.72,258.27,261.72,42678,261.72
2005-08-23,265.13,265.13,261.72,263.4,45602,263.4
2005-08-24,261.72,273.69,260.0,266.82,129204,266.82
2005-08-25,268.56,271.97,260.0,263.4,112832,263.4
2005-08-26,265.13,273.69,258.27,266.82,142064,266.82
2005-08-29,268.56,270.28,260.0,261.72,57293,261.72
2005-08-30,265.13,266.82,261.72,263.4,32739,263.4
2005-08-31,265.13,282.23,265.13,268.56,333822,268.56
2005-09-01,273.69,275.38,270.28,270.28,70156,270.28
2005-09-02,273.69,275.38,271.97,273.69,29232,273.69
2005-09-05,273.69,302.78,273.69,302.78,725523,302.78
2005-09-06,306.19,321.57,277.09,283.94,1380892,283.94
2005-09-07,285.64,289.07,275.38,275.38,149080,275.38
2005-09-08,278.8,282.23,275.38,280.51,100556,280.51
2005-09-09,282.23,282.23,275.38,280.51,52618,280.51
2005-09-12,283.94,283.94,280.51,282.23,52618,282.23
2005-09-13,283.94,367.75,283.94,367.75,4377693,367.75
2005-09-14,376.32,470.36,367.75,388.28,8004726,388.28
2005-09-15,379.72,425.92,371.17,376.32,2735474,376.32
2005-09-16,379.72,393.43,354.08,357.49,763524,357.49
2005-09-20,366.04,369.48,345.53,352.36,401639,352.36
2005-09-21,386.56,408.79,372.88,378.02,2216326,378.02
2005-09-22,360.92,371.17,359.21,364.33,306345,364.33
2005-09-26,369.48,372.88,354.08,357.49,240866,357.49
2005-09-27,357.49,357.49,307.9,338.66,231512,338.66
2005-09-28,338.66,338.66,324.99,330.12,98218,330.12
2005-09-29,324.99,331.85,316.45,330.12,155513,330.12
2005-09-30,333.55,336.98,330.12,335.26,64894,335.26
2005-10-03,335.26,335.26,321.57,328.41,81848,328.41
2005-10-04,328.41,395.11,326.69,371.17,1812932,371.17
2005-10-05,396.85,413.94,367.75,369.48,2429129,369.48
2005-10-06,355.78,364.33,347.2,354.08,195267,354.08
2005-10-07,350.65,355.78,342.09,347.2,105233,347.2
2005-10-11,347.2,374.6,345.53,357.49,177727,357.49
2005-10-12,357.49,364.33,350.65,357.49,84771,357.49
2005-10-13,359.21,359.21,352.36,354.08,59048,354.08
2005-10-14,355.78,381.43,352.36,352.36,744817,352.36
2005-10-17,359.21,376.32,359.21,372.88,329732,372.88
2005-10-18,369.48,386.56,366.04,376.32,248467,376.32
2005-10-19,383.15,391.71,376.32,376.32,267175,376.32
2005-10-20,376.32,383.15,371.17,371.17,117509,371.17
2005-10-21,372.88,391.71,362.62,367.75,225667,367.75
2005-10-24,367.75,369.48,350.65,350.65,178311,350.65
2005-10-25,359.21,359.21,352.36,357.49,118096,357.49
2005-10-26,355.78,362.62,355.78,360.92,68402,360.92
2005-10-27,367.75,374.6,357.49,360.92,216897,360.92
2005-10-28,360.92,364.33,360.92,362.62,47941,362.62
2005-10-31,369.48,369.48,366.04,369.48,92957,369.48
2005-11-01,367.75,372.88,367.75,369.48,42678,369.48
2005-11-02,371.17,374.6,367.75,371.17,107571,371.17
2005-11-04,376.32,389.99,374.6,389.99,595152,389.99
2005-11-07,403.67,408.79,395.11,400.25,619122,400.25
2005-11-08,401.98,405.39,388.28,389.99,356039,389.99
2005-11-09,393.43,401.98,391.71,393.43,159019,393.43
2005-11-10,398.55,400.25,374.6,374.6,150249,374.6
2005-11-11,383.15,389.99,376.32,386.56,94125,386.56
2005-11-14,386.56,395.11,386.56,389.99,125111,389.99
2005-11-15,391.71,391.71,378.02,378.02,54371,378.02
2005-11-16,378.02,381.43,366.04,378.02,50863,378.02
2005-11-17,376.32,376.32,360.92,372.88,64308,372.88
2005-11-18,376.32,376.32,367.75,372.88,76586,372.88
2005-11-21,374.6,381.43,374.6,376.32,61388,376.32
2005-11-22,381.43,383.15,372.88,378.02,84187,378.02
2005-11-24,383.15,398.55,372.88,372.88,222743,372.88
2005-11-25,371.17,372.88,362.62,369.48,63140,369.48
2005-11-28,364.33,367.75,359.21,359.21,77171,359.21
2005-11-29,359.21,359.21,333.55,354.08,113417,354.08
2005-11-30,352.36,355.78,347.2,348.95,48524,348.95
2005-12-01,348.95,355.78,348.95,354.08,52032,354.08
2005-12-02,359.21,381.43,359.21,369.48,290561,369.48
2005-12-05,372.88,374.6,364.33,366.04,90033,366.04
2005-12-06,367.75,372.88,364.33,367.75,74248,367.75
2005-12-07,374.6,376.32,367.75,369.48,103480,369.48
2005-12-08,371.17,372.88,367.75,367.75,61388,367.75
2005-12-09,371.17,371.17,360.92,362.62,56710,362.62
2005-12-12,359.21,362.62,355.78,357.49,86525,357.49
2005-12-13,360.92,362.62,354.08,357.49,77755,357.49
2005-12-14,359.21,362.62,357.49,360.92,63140,360.92
2005-12-15,360.92,360.92,357.49,359.21,37417,359.21
2005-12-16,359.21,359.21,352.36,352.36,61969,352.36
2005-12-19,352.36,352.36,347.2,352.36,40924,352.36
2005-12-20,348.95,350.65,347.2,350.65,20463,350.65
2005-12-21,350.65,350.65,343.81,345.53,81848,345.53
2005-12-22,345.53,345.53,340.39,342.09,47354,342.09
2005-12-26,347.2,347.2,342.09,345.53,71909,345.53
2005-12-27,343.81,355.78,342.09,348.95,76003,348.95
2005-12-28,347.2,348.95,342.09,345.53,44432,345.53
2005-12-29,348.95,350.65,345.53,347.2,47354,347.2
2005-12-30,347.2,347.2,343.81,343.81,18707,343.81
2006-01-04,342.09,345.53,340.39,342.09,30400,342.09
2006-01-05,342.09,345.53,338.66,345.53,84187,345.53
2006-01-06,345.53,359.21,345.53,359.21,136803,359.21
2006-01-10,372.88,372.88,366.04,371.17,251390,371.17
2006-01-11,403.67,403.67,386.56,398.55,905003,398.55
2006-01-12,412.23,412.23,401.98,407.1,477057,407.1
2006-01-13,401.98,401.98,393.43,398.55,184744,398.55
2006-01-16,393.43,415.65,381.43,410.51,389363,410.51
2006-01-17,401.98,407.1,381.43,381.43,182988,381.43
2006-01-18,378.02,378.02,336.98,352.36,217483,352.36
2006-01-19,335.26,381.43,335.26,372.88,128618,372.88
2006-01-20,369.48,393.43,369.48,379.72,98802,379.72
2006-01-23,372.88,372.88,355.78,357.49,70156,357.49
2006-01-24,352.36,362.62,350.65,360.92,34495,360.92
2006-01-25,369.48,372.88,366.04,371.17,33324,371.17
2006-01-26,371.17,389.99,371.17,389.99,52032,389.99
2006-01-27,384.87,391.71,379.72,383.15,75417,383.15
2006-01-30,393.43,393.43,383.15,388.28,98218,388.28
2006-01-31,388.28,388.28,383.15,383.15,66647,383.15
2006-02-01,379.72,379.72,366.04,371.17,94125,371.17
2006-02-02,369.48,374.6,369.48,372.88,40924,372.88
2006-02-03,369.48,374.6,367.75,374.6,24554,374.6
2006-02-06,369.48,372.88,367.75,369.48,29232,369.48
2006-02-07,374.6,398.55,374.6,393.43,389948,393.43
2006-02-08,395.11,405.39,384.87,395.11,330315,395.11
2006-02-09,393.43,395.11,384.87,384.87,68986,384.87
2006-02-10,384.87,391.71,345.53,369.48,76586,369.48
2006-02-13,374.6,374.6,328.41,347.2,119849,347.2
2006-02-14,345.53,350.65,336.98,343.81,66647,343.81
2006-02-15,352.36,362.62,350.65,350.65,23385,350.65
2006-02-16,350.65,350.65,348.95,348.95,1170,348.95
2006-02-17,345.53,350.65,330.12,330.12,49109,330.12
2006-02-20,311.32,311.32,289.07,289.07,128034,289.07
2006-02-21,280.51,311.32,280.51,302.78,61388,302.78
2006-02-22,311.32,313.0,299.35,299.35,40924,299.35
2006-02-23,314.74,316.45,307.9,314.74,29232,314.74
2006-02-24,318.13,331.85,316.45,331.85,36832,331.85
2006-02-27,340.39,348.95,330.12,330.12,24554,330.12
2006-02-28,330.12,333.55,326.69,328.41,18707,328.41
2006-03-01,324.99,324.99,316.45,319.86,11692,319.86
2006-03-02,324.99,324.99,307.9,311.32,13446,311.32
2006-03-03,307.9,307.9,304.45,304.45,12863,304.45
2006-03-06,299.35,306.19,299.35,306.19,8769,306.19
2006-03-07,309.57,309.57,309.57,309.57,2923,309.57
2006-03-08,307.9,307.9,297.62,302.78,10525,302.78
2006-03-09,316.45,340.39,313.0,340.39,87696,340.39
2006-03-10,333.55,333.55,323.29,326.69,28647,326.69
2006-03-13,331.85,331.85,323.29,326.69,12863,326.69
2006-03-14,330.12,330.12,324.99,328.41,21046,328.41
2006-03-15,330.12,331.85,326.69,326.69,11108,326.69
2006-03-16,326.69,326.69,316.45,316.45,15785,316.45
2006-03-17,311.32,350.65,311.32,343.81,111665,343.81
2006-03-20,319.86,342.09,319.86,333.55,106989,333.55
2006-03-22,331.85,338.66,330.12,335.26,32156,335.26
2006-03-23,335.26,335.26,331.85,331.85,13446,331.85
2006-03-24,331.85,331.85,324.99,328.41,6431,328.41
2006-03-28,328.41,335.26,328.41,335.26,5848,335.26
2006-03-29,330.12,342.09,330.12,342.09,21046,342.09
2006-03-30,342.09,342.09,338.66,340.39,18124,340.39
2006-03-31,342.09,342.09,338.66,340.39,4677,340.39
2006-04-03,338.66,340.39,333.55,340.39,14031,340.39
2006-04-04,343.81,357.49,343.81,348.95,67817,348.95
2006-04-05,343.81,345.53,340.39,340.39,47354,340.39
2006-04-06,343.81,348.95,342.09,342.09,19878,342.09
2006-04-07,343.81,345.53,324.99,336.98,38587,336.98
2006-04-10,336.98,336.98,333.55,336.98,15785,336.98
2006-04-11,340.39,340.39,335.26,335.26,7016,335.26
2006-04-12,335.26,338.66,335.26,338.66,8769,338.66
2006-04-13,342.09,342.09,333.55,333.55,16369,333.55
2006-04-14,331.85,331.85,330.12,331.85,9354,331.85
2006-04-17,331.85,331.85,316.45,319.86,29232,319.86
2006-04-18,318.13,326.69,318.13,326.69,6431,326.69
2006-04-19,330.12,330.12,323.29,326.69,21046,326.69
2006-04-20,326.69,328.41,319.86,324.99,22801,324.99
2006-04-21,324.99,324.99,314.74,316.45,26308,316.45
2006-04-24,311.32,313.0,302.78,304.45,23385,304.45
2006-04-25,307.9,309.57,307.9,309.57,11108,309.57
2006-04-26,307.9,309.57,304.45,309.57,21632,309.57
2006-04-27,311.32,311.32,302.78,304.45,31570,304.45
2006-04-28,304.45,304.45,302.78,302.78,13446,302.78
2006-05-01,302.78,309.57,302.78,307.9,4092,307.9
2006-05-02,306.19,307.9,302.78,302.78,23385,302.78
2006-05-08,302.78,307.9,302.78,307.9,17540,307.9
2006-05-09,307.9,307.9,304.45,307.9,8769,307.9
2006-05-10,304.45,306.19,299.35,302.78,43263,302.78
2006-05-11,302.78,302.78,302.78,302.78,1754,302.78
2006-05-12,299.35,301.03,297.62,297.62,6431,297.62
2006-05-15,290.79,290.79,289.07,289.07,17540,289.07
2006-05-16,285.64,285.64,275.38,275.38,32739,275.38
2006-05-17,273.69,273.69,266.82,268.56,11692,268.56
2006-05-18,270.28,287.36,268.56,275.38,12278,275.38
2006-05-19,266.82,277.09,261.72,271.97,46771,271.97
2006-05-22,278.8,278.8,266.82,266.82,14616,266.82
2006-05-23,273.69,273.69,266.82,266.82,11692,266.82
2006-05-24,273.69,273.69,268.56,268.56,7016,268.56
2006-05-25,273.69,273.69,273.69,273.69,586,273.69
2006-05-26,265.13,268.56,265.13,266.82,19293,266.82
2006-05-29,270.28,270.28,261.72,261.72,8769,261.72
2006-05-30,258.27,258.27,246.31,246.31,16369,246.31
2006-05-31,246.31,246.31,234.34,234.34,20463,234.34
2006-06-01,234.34,241.19,234.34,236.05,17540,236.05
2006-06-02,241.19,241.19,224.07,239.47,40924,239.47
2006-06-05,230.93,244.6,230.93,244.6,12863,244.6
2006-06-06,229.2,253.16,229.2,230.93,16369,230.93
2006-06-07,225.8,230.93,222.37,222.37,39170,222.37
2006-06-08,222.37,224.07,213.81,222.37,31570,222.37
2006-06-09,213.81,227.5,213.81,227.5,16954,227.5
2006-06-12,224.07,234.34,224.07,234.34,4677,234.34
2006-06-13,225.8,232.63,222.37,224.07,18124,224.07
2006-06-14,227.5,229.2,222.37,225.8,8186,225.8
2006-06-15,232.63,236.05,232.63,232.63,5848,232.63
2006-06-16,236.05,246.31,236.05,242.88,9940,242.88
2006-06-19,241.19,253.16,239.47,241.19,12863,241.19
2006-06-20,244.6,244.6,239.47,239.47,5848,239.47
2006-06-21,237.75,242.88,237.75,239.47,6431,239.47
2006-06-22,239.47,249.73,239.47,246.31,12278,246.31
2006-06-23,241.19,246.31,241.19,242.88,4677,242.88
2006-06-26,249.73,323.29,248.02,282.23,719678,282.23
2006-06-27,282.23,282.23,260.0,266.82,140897,266.82
2006-06-28,266.82,266.82,263.4,263.4,23385,263.4
2006-06-29,263.4,268.56,260.0,260.0,16369,260.0
2006-06-30,263.4,265.13,258.27,261.72,22801,261.72
2006-07-03,258.27,292.49,258.27,268.56,65479,268.56
2006-07-04,268.56,271.97,266.82,266.82,6431,266.82
2006-07-05,260.0,270.28,260.0,261.72,8186,261.72
2006-07-06,265.13,265.13,258.27,258.27,17540,258.27
2006-07-07,258.27,260.0,258.27,258.27,9354,258.27
2006-07-10,256.57,256.57,236.05,241.19,122772,241.19
2006-07-11,239.47,244.6,239.47,241.19,43263,241.19
2006-07-12,239.47,239.47,224.07,225.8,27478,225.8
2006-07-13,227.5,263.4,225.8,241.19,122187,241.19
2006-07-14,230.93,242.88,227.5,229.2,30986,229.2
2006-07-18,224.07,224.07,208.69,208.69,48524,208.69
2006-07-19,212.1,215.5,206.96,206.96,20463,206.96
2006-07-20,215.5,220.64,212.1,220.64,40924,220.64
2006-07-21,210.39,222.37,210.39,222.37,14031,222.37
2006-07-24,218.94,218.94,213.81,213.81,4092,213.81
2006-07-25,218.94,218.94,213.81,213.81,25724,213.81
2006-07-26,215.5,215.5,212.1,213.81,14031,213.81
2006-07-27,210.39,213.81,205.26,213.81,17540,213.81
2006-07-28,213.81,215.5,212.1,215.5,18124,215.5
2006-07-31,217.24,217.24,212.1,215.5,26308,215.5
2006-08-01,215.5,217.24,213.81,217.24,3508,217.24
2006-08-02,215.5,215.5,210.39,215.5,14616,215.5
2006-08-03,217.24,230.93,217.24,230.93,43263,230.93
2006-08-04,229.2,229.2,218.94,220.64,19878,220.64
2006-08-07,220.64,220.64,215.5,218.94,16369,218.94
2006-08-08,212.1,218.94,212.1,218.94,33324,218.94
2006-08-09,213.81,218.94,213.81,218.94,8769,218.94
2006-08-10,218.94,218.94,213.81,217.24,38000,217.24
2006-08-11,218.94,218.94,217.24,218.94,7016,218.94
2006-08-14,218.94,232.63,218.94,224.07,49109,224.07
2006-08-15,224.07,230.93,224.07,225.8,14031,225.8
2006-08-16,230.93,232.63,224.07,229.2,29818,229.2
2006-08-17,232.63,237.75,227.5,229.2,60802,229.2
2006-08-18,232.63,234.34,227.5,229.2,21632,229.2
2006-08-21,232.63,244.6,230.93,236.05,52618,236.05
2006-08-22,239.47,263.4,239.47,242.88,296992,242.88
2006-08-23,246.31,246.31,242.88,242.88,29232,242.88
2006-08-24,244.6,244.6,237.75,237.75,15785,237.75
2006-08-25,239.47,248.02,237.75,237.75,30986,237.75
2006-08-28,241.19,244.6,232.63,237.75,29818,237.75
2006-08-29,239.47,244.6,232.63,236.05,26308,236.05
2006-08-30,236.05,236.05,225.8,227.5,35661,227.5
2006-08-31,229.2,234.34,225.8,230.93,13446,230.93
2006-09-01,234.34,234.34,229.2,230.93,12863,230.93
2006-09-04,236.05,237.75,234.34,236.05,11108,236.05
2006-09-05,237.75,237.75,236.05,236.05,3508,236.05
2006-09-06,236.05,241.19,230.93,230.93,22801,230.93
2006-09-07,232.63,234.34,230.93,232.63,11692,232.63
2006-09-08,227.5,236.05,227.5,236.05,21632,236.05
2006-09-11,236.05,236.05,227.5,236.05,19293,236.05
2006-09-12,236.05,239.47,230.93,239.47,25724,239.47
2006-09-13,242.88,244.6,232.63,232.63,50279,232.63
2006-09-14,232.63,234.34,229.2,234.34,29232,234.34
2006-09-15,234.34,234.34,225.8,227.5,15202,227.5
2006-09-19,229.2,230.93,227.5,230.93,62555,230.93
2006-09-20,225.8,232.63,222.37,222.37,14616,222.37
2006-09-21,225.8,225.8,222.37,224.07,8769,224.07
2006-09-22,220.64,224.07,220.64,220.64,6431,220.64
2006-09-25,222.37,222.37,213.81,215.5,16369,215.5
2006-09-26,218.94,218.94,213.81,215.5,4092,215.5
2006-09-27,217.24,217.24,217.24,217.24,1754,217.24
2006-09-28,215.5,217.24,215.5,217.24,12863,217.24
2006-09-29,218.94,220.64,215.5,220.64,9940,220.64
2006-10-02,225.8,249.73,222.37,225.8,62555,225.8
2006-10-03,225.8,225.8,220.64,222.37,12278,222.37
2006-10-04,220.64,220.64,217.24,217.24,8186,217.24
2006-10-05,217.24,218.94,217.24,217.24,9354,217.24
2006-10-06,217.24,217.24,194.98,205.26,109911,205.26
2006-10-10,201.86,203.56,200.13,203.56,43263,203.56
2006-10-11,203.56,203.56,198.41,200.13,19293,200.13
2006-10-12,198.41,200.13,191.57,198.41,31570,198.41
2006-10-13,198.41,203.56,198.41,203.56,20463,203.56
2006-10-16,205.26,210.39,205.26,206.96,28647,206.96
2006-10-17,208.69,213.81,206.96,206.96,20463,206.96
2006-10-18,208.69,208.69,203.56,206.96,11108,206.96
2006-10-19,212.1,212.1,203.56,208.69,8769,208.69
2006-10-20,208.69,212.1,208.69,210.39,8186,210.39
2006-10-23,212.1,213.81,210.39,213.81,12863,213.81
2006-10-24,213.81,213.81,208.69,210.39,15202,210.39
2006-10-25,210.39,212.1,196.71,196.71,46771,196.71
2006-10-26,210.39,210.39,203.56,210.39,21046,210.39
2006-10-27,206.96,210.39,205.26,208.69,22215,208.69
2006-10-30,206.96,206.96,201.86,203.56,12278,203.56
2006-10-31,203.56,205.26,203.56,205.26,7599,205.26
2006-11-01,206.96,206.96,205.26,205.26,2923,205.26
2006-11-02,205.26,208.69,203.56,203.56,14031,203.56
2006-11-06,203.56,203.56,201.86,203.56,8769,203.56
2006-11-07,201.86,205.26,200.13,200.13,3508,200.13
2006-11-08,203.56,203.56,198.41,200.13,6431,200.13
2006-11-09,200.13,200.13,196.71,196.71,12278,196.71
2006-11-10,196.71,203.56,196.71,203.56,9940,203.56
2006-11-13,200.13,200.13,194.98,194.98,23385,194.98
2006-11-14,194.98,198.41,194.98,198.41,9354,198.41
2006-11-15,201.86,201.86,198.41,198.41,9940,198.41
2006-11-16,196.71,200.13,196.71,198.41,7016,198.41
2006-11-17,198.41,198.41,194.98,196.71,11692,196.71
2006-11-20,201.86,201.86,186.43,186.43,15785,186.43
2006-11-21,181.29,186.43,179.62,181.29,14616,181.29
2006-11-22,181.29,184.74,179.62,184.74,11108,184.74
2006-11-24,176.19,181.29,176.19,181.29,26893,181.29
2006-11-27,179.62,181.29,177.89,181.29,5261,181.29
2006-11-28,179.62,184.74,177.89,184.74,7599,184.74
2006-11-29,186.43,189.85,186.43,189.85,14616,189.85
2006-11-30,189.85,191.57,189.85,191.57,7016,191.57
2006-12-01,188.17,194.98,186.43,191.57,9940,191.57
2006-12-04,194.98,194.98,191.57,191.57,2923,191.57
2006-12-05,188.17,189.85,188.17,188.17,3508,188.17
2006-12-06,188.17,188.17,188.17,188.17,6431,188.17
2006-12-07,188.17,191.57,183.03,186.43,10525,186.43
2006-12-08,191.57,193.3,186.43,186.43,11692,186.43
2006-12-11,188.17,189.85,186.43,189.85,4092,189.85
2006-12-12,186.43,186.43,184.74,186.43,11108,186.43
2006-12-13,184.74,188.17,184.74,184.74,11692,184.74
2006-12-14,186.43,186.43,183.03,186.43,9354,186.43
2006-12-15,188.17,188.17,186.43,186.43,6431,186.43
2006-12-18,186.43,191.57,184.74,184.74,12863,184.74
2006-12-19,186.43,186.43,184.74,184.74,4092,184.74
2006-12-20,188.17,188.17,179.62,181.29,26893,181.29
2006-12-21,181.29,181.29,179.62,179.62,8186,179.62
2006-12-22,179.62,181.29,177.89,179.62,18707,179.62
2006-12-25,174.47,179.62,174.47,176.19,18124,176.19
2006-12-26,174.47,176.19,172.76,174.47,22215,174.47
2006-12-27,176.19,177.89,176.19,176.19,19293,176.19
2006-12-28,179.62,181.29,177.89,179.62,12278,179.62
2006-12-29,181.29,191.57,181.29,189.85,23385,189.85
2007-01-04,188.17,188.17,184.74,188.17,8186,188.17
2007-01-05,188.17,188.17,183.03,184.74,5848,184.74
2007-01-09,181.29,186.43,181.29,184.74,5261,184.74
2007-01-10,183.03,184.74,181.29,181.29,10525,181.29
2007-01-11,181.29,189.85,181.29,184.74,25724,184.74
2007-01-12,184.74,189.85,184.74,189.85,5848,189.85
2007-01-15,186.43,188.17,184.74,184.74,9940,184.74
2007-01-16,188.17,188.17,186.43,186.43,7016,186.43
2007-01-17,188.17,189.85,184.74,189.85,9354,189.85
2007-01-18,189.85,194.98,189.85,189.85,21632,189.85
2007-01-19,193.3,194.98,191.57,191.57,22215,191.57
2007-01-22,194.98,205.26,194.98,198.41,39755,198.41
2007-01-23,198.41,208.69,198.41,201.86,62555,201.86
2007-01-24,206.96,213.81,205.26,212.1,90033,212.1
2007-01-25,218.94,218.94,203.56,203.56,67817,203.56
2007-01-26,203.56,203.56,200.13,201.86,17540,201.86
2007-01-29,200.13,203.56,200.13,200.13,11692,200.13
2007-01-30,200.13,203.56,198.41,198.41,15785,198.41
2007-01-31,198.41,198.41,196.71,198.41,11692,198.41
2007-02-01,198.41,201.86,196.71,201.86,10525,201.86
2007-02-02,200.13,200.13,194.98,196.71,26893,196.71
2007-02-05,196.71,200.13,196.71,200.13,11108,200.13
2007-02-06,198.41,200.13,196.71,198.41,8769,198.41
2007-02-07,198.41,198.41,196.71,196.71,22801,196.71
2007-02-08,196.71,198.41,191.57,193.3,33324,193.3
2007-02-09,194.98,194.98,188.17,193.3,14031,193.3
2007-02-13,193.3,194.98,188.17,191.57,62555,191.57
2007-02-14,191.57,191.57,184.74,191.57,47941,191.57
2007-02-15,189.85,194.98,188.17,194.98,33909,194.98
2007-02-16,196.71,206.96,194.98,206.96,86525,206.96
2007-02-19,206.96,206.96,203.56,205.26,42094,205.26
2007-02-20,205.26,205.26,200.13,205.26,32156,205.26
2007-02-21,205.26,205.26,203.56,203.56,10525,203.56
2007-02-22,208.69,212.1,203.56,212.1,43847,212.1
2007-02-23,212.1,212.1,206.96,210.39,27478,210.39
2007-02-26,212.1,220.64,212.1,213.81,35661,213.81
2007-02-27,217.24,217.24,213.81,213.81,25140,213.81
2007-02-28,201.86,208.69,196.71,208.69,40339,208.69
2007-03-01,205.26,208.69,203.56,205.26,21632,205.26
2007-03-02,205.26,205.26,201.86,205.26,3508,205.26
2007-03-05,198.41,198.41,188.17,193.3,25140,193.3
2007-03-06,188.17,196.71,188.17,196.71,9354,196.71
2007-03-07,198.41,200.13,194.98,200.13,9940,200.13
2007-03-08,198.41,200.13,196.71,200.13,11692,200.13
2007-03-09,200.13,200.13,196.71,196.71,9940,196.71
2007-03-12,200.13,206.96,200.13,206.96,16369,206.96
2007-03-13,205.26,206.96,203.56,206.96,4677,206.96
2007-03-14,201.86,201.86,198.41,198.41,11692,198.41
2007-03-15,200.13,203.56,200.13,201.86,5261,201.86
2007-03-16,205.26,205.26,196.71,200.13,25724,200.13
2007-03-19,198.41,200.13,196.71,200.13,8769,200.13
2007-03-20,205.26,205.26,201.86,201.86,20463,201.86
2007-03-22,201.86,201.86,201.86,201.86,1754,201.86
2007-03-23,201.86,201.86,198.41,198.41,10525,198.41
2007-03-26,198.41,203.56,198.41,200.13,10525,200.13
2007-03-27,200.13,200.13,198.41,200.13,6431,200.13
2007-03-28,200.13,200.13,200.13,200.13,586,200.13
2007-03-29,198.41,198.41,196.71,198.41,6431,198.41
2007-03-30,200.13,200.13,196.71,198.41,11692,198.41
2007-04-02,203.56,203.56,198.41,198.41,3508,198.41
2007-04-03,198.41,198.41,198.41,198.41,4677,198.41
2007-04-04,198.41,205.26,198.41,205.26,16369,205.26
2007-04-05,205.26,205.26,200.13,200.13,5848,200.13
2007-04-06,198.41,200.13,193.3,193.3,19293,193.3
2007-04-10,196.71,198.41,196.71,198.41,1754,198.41
2007-04-11,198.41,198.41,196.71,196.71,1170,196.71
2007-04-12,193.3,194.98,193.3,194.98,5848,194.98
2007-04-13,198.41,198.41,196.71,196.71,2338,196.71
2007-04-16,194.98,196.71,194.98,196.71,4092,196.71
2007-04-17,196.71,196.71,193.3,194.98,7016,194.98
2007-04-18,193.3,194.98,191.57,194.98,4092,194.98
2007-04-19,194.98,194.98,183.03,191.57,41509,191.57
2007-04-20,189.85,189.85,188.17,188.17,6431,188.17
2007-04-23,188.17,188.17,183.03,183.03,9354,183.03
2007-04-24,181.29,181.29,179.62,179.62,13446,179.62
2007-04-25,181.29,183.03,181.29,183.03,9940,183.03
2007-04-26,183.03,184.74,183.03,183.03,15202,183.03
2007-04-27,183.03,184.74,183.03,184.74,5261,184.74
2007-05-01,189.85,189.85,186.43,186.43,9354,186.43
2007-05-02,188.17,189.85,186.43,189.85,8186,189.85
2007-05-07,193.3,193.3,193.3,193.3,7599,193.3
2007-05-08,194.98,194.98,189.85,189.85,9354,189.85
2007-05-09,191.57,194.98,191.57,193.3,15785,193.3
2007-05-10,194.98,194.98,193.3,194.98,3508,194.98
2007-05-11,194.98,194.98,191.57,194.98,8186,194.98
2007-05-14,194.98,194.98,191.57,193.3,10525,193.3
2007-05-15,191.57,191.57,189.85,189.85,4677,189.85
2007-05-16,189.85,189.85,189.85,189.85,22215,189.85
2007-05-17,189.85,189.85,188.17,188.17,27478,188.17
2007-05-18,188.17,188.17,176.19,179.62,18707,179.62
2007-05-21,181.29,181.29,181.29,181.29,3508,181.29
2007-05-22,183.03,183.03,183.03,183.03,4092,183.03
2007-05-23,184.74,184.74,183.03,183.03,8769,183.03
2007-05-24,184.74,184.74,183.03,184.74,7016,184.74
2007-05-25,184.74,184.74,184.74,184.74,586,184.74
2007-05-28,184.74,184.74,184.74,184.74,586,184.74
2007-05-29,184.74,186.43,184.74,186.43,3508,186.43
2007-05-30,184.74,184.74,184.74,184.74,586,184.74
2007-05-31,184.74,184.74,184.74,184.74,586,184.74
2007-06-01,184.74,186.43,184.74,186.43,2923,186.43
2007-06-04,186.43,188.17,184.74,188.17,5261,188.17
2007-06-05,186.43,188.17,186.43,188.17,7016,188.17
2007-06-06,189.85,196.71,188.17,196.71,22801,196.71
2007-06-07,194.98,198.41,193.3,198.41,38000,198.41
2007-06-08,194.98,270.28,193.3,227.5,1328274,227.5
2007-06-11,236.05,268.56,213.81,230.93,1656836,230.93
2007-06-12,248.02,249.73,205.26,212.1,421518,212.1
2007-06-13,210.39,224.07,205.26,224.07,186497,224.07
2007-06-14,229.2,229.2,212.1,217.24,104063,217.24
2007-06-15,218.94,218.94,206.96,215.5,153757,215.5
2007-06-18,213.81,215.5,208.69,213.81,101142,213.81
2007-06-19,215.5,225.8,215.5,218.94,131542,218.94
2007-06-20,215.5,217.24,205.26,208.69,106989,208.69
2007-06-21,208.69,212.1,206.96,212.1,49693,212.1
2007-06-22,212.1,212.1,206.96,206.96,46771,206.96
2007-06-25,208.69,210.39,205.26,205.26,50863,205.26
2007-06-26,208.69,208.69,205.26,206.96,21046,206.96
2007-06-27,206.96,206.96,200.13,201.86,37417,201.86
2007-06-28,203.56,208.69,203.56,206.96,37417,206.96
2007-06-29,205.26,206.96,205.26,206.96,22801,206.96
2007-07-02,210.39,236.05,210.39,220.64,896234,220.64
2007-07-03,217.24,217.24,210.39,212.1,122772,212.1
2007-07-04,208.69,213.81,206.96,206.96,114003,206.96
2007-07-05,208.69,217.24,208.69,212.1,106403,212.1
2007-07-06,213.81,217.24,210.39,212.1,81263,212.1
2007-07-09,213.81,242.88,212.1,222.37,827834,222.37
2007-07-10,230.93,241.19,225.8,225.8,403978,225.8
2007-07-11,229.2,229.2,218.94,222.37,64308,222.37
2007-07-12,225.8,225.8,213.81,220.64,70741,220.64
2007-07-13,218.94,227.5,215.5,222.37,76586,222.37
2007-07-17,237.75,237.75,227.5,232.63,192342,232.63
2007-07-18,230.93,234.34,227.5,227.5,63726,227.5
2007-07-19,229.2,236.05,227.5,232.63,87696,232.63
2007-07-20,236.05,236.05,232.63,232.63,86525,232.63
2007-07-23,229.2,229.2,225.8,229.2,35077,229.2
2007-07-24,229.2,232.63,220.64,227.5,70741,227.5
2007-07-25,224.07,227.5,215.5,220.64,77755,220.64
2007-07-26,222.37,224.07,217.24,218.94,43263,218.94
2007-07-27,217.24,217.24,210.39,212.1,34495,212.1
2007-07-30,210.39,218.94,206.96,218.94,18124,218.94
2007-07-31,225.8,225.8,215.5,217.24,9940,217.24
2007-08-01,213.81,215.5,210.39,210.39,12278,210.39
2007-08-02,210.39,210.39,189.85,205.26,106989,205.26
2007-08-03,203.56,205.26,201.86,201.86,7599,201.86
2007-08-06,198.41,198.41,191.57,196.71,26893,196.71
2007-08-07,198.41,200.13,194.98,196.71,19878,196.71
2007-08-08,198.41,198.41,194.98,196.71,5261,196.71
2007-08-09,200.13,201.86,193.3,196.71,23385,196.71
2007-08-10,193.3,194.98,188.17,188.17,46771,188.17
2007-08-13,193.3,193.3,189.85,189.85,14616,189.85
2007-08-14,189.85,194.98,189.85,193.3,7016,193.3
2007-08-15,189.85,189.85,188.17,189.85,4677,189.85
2007-08-16,188.17,188.17,177.89,177.89,43263,177.89
2007-08-17,176.19,186.43,176.19,177.89,54371,177.89
2007-08-20,179.62,183.03,176.19,183.03,33909,183.03
2007-08-21,183.03,183.03,181.29,181.29,4092,181.29
2007-08-22,179.62,181.29,177.89,181.29,6431,181.29
2007-08-23,183.03,186.43,183.03,186.43,15202,186.43
2007-08-24,188.17,188.17,186.43,186.43,12278,186.43
2007-08-27,186.43,186.43,183.03,183.03,12278,183.03
2007-08-28,186.43,186.43,184.74,184.74,4677,184.74
2007-08-29,181.29,184.74,179.62,183.03,19293,183.03
2007-08-30,183.03,183.03,179.62,179.62,19293,179.62
2007-08-31,179.62,179.62,172.76,177.89,39170,177.89
2007-09-03,181.29,181.29,179.62,179.62,12278,179.62
2007-09-04,179.62,179.62,176.19,177.89,3508,177.89
2007-09-05,179.62,179.62,177.89,177.89,8186,177.89
2007-09-06,174.47,181.29,174.47,181.29,15202,181.29
2007-09-07,176.19,181.29,176.19,181.29,7599,181.29
2007-09-10,174.47,176.19,171.06,174.47,7016,174.47
2007-09-11,176.19,177.89,172.76,172.76,7599,172.76
2007-09-12,172.76,174.47,172.76,174.47,2923,174.47
2007-09-13,165.92,171.06,164.21,167.63,24554,167.63
2007-09-14,165.92,169.33,155.66,164.21,40339,164.21
2007-09-18,159.08,160.78,157.36,160.78,4677,160.78
2007-09-19,165.92,167.63,162.5,162.5,23971,162.5
2007-09-20,162.5,164.21,159.08,159.08,27478,159.08
2007-09-21,152.23,159.08,152.23,152.23,25724,152.23
2007-09-25,152.23,152.23,147.1,152.23,23971,152.23
2007-09-26,153.94,160.78,153.94,160.78,19293,160.78
2007-09-27,164.21,169.33,164.21,167.63,24554,167.63
2007-09-28,169.33,172.76,167.63,167.63,23385,167.63
2007-10-01,169.33,169.33,165.92,165.92,4677,165.92
2007-10-02,169.33,171.06,164.21,164.21,12278,164.21
2007-10-03,165.92,172.76,165.92,172.76,8186,172.76
2007-10-04,171.06,171.06,171.06,171.06,2338,171.06
2007-10-05,172.76,172.76,172.76,172.76,586,172.76
2007-10-09,174.47,183.03,172.76,177.89,21632,177.89
2007-10-10,186.43,186.43,179.62,181.29,13446,181.29
2007-10-11,176.19,177.89,176.19,177.89,3508,177.89
2007-10-12,179.62,181.29,179.62,179.62,22801,179.62
2007-10-15,179.62,186.43,179.62,183.03,14031,183.03
2007-10-16,181.29,181.29,171.06,172.76,24554,172.76
2007-10-17,174.47,177.89,172.76,172.76,11108,172.76
2007-10-18,174.47,174.47,172.76,174.47,9354,174.47
2007-10-19,174.47,174.47,174.47,174.47,2923,174.47
2007-10-22,160.78,169.33,160.78,165.92,12863,165.92
2007-10-23,165.92,167.63,164.21,165.92,10525,165.92
2007-10-24,165.92,169.33,162.5,162.5,21046,162.5
2007-10-25,165.92,191.57,165.92,167.63,77171,167.63
2007-10-26,164.21,218.94,164.21,198.41,352531,198.41
2007-10-29,194.98,194.98,177.89,181.29,64308,181.29
2007-10-30,179.62,183.03,179.62,181.29,12278,181.29
2007-10-31,181.29,181.29,177.89,177.89,4677,177.89
2007-11-01,177.89,179.62,177.89,179.62,11692,179.62
2007-11-02,181.29,212.1,181.29,188.17,367732,188.17
2007-11-05,188.17,188.17,177.89,179.62,36832,179.62
2007-11-06,176.19,183.03,172.76,183.03,29818,183.03
2007-11-07,183.03,183.03,176.19,176.19,6431,176.19
2007-11-08,176.19,176.19,172.76,174.47,14616,174.47
2007-11-09,172.76,172.76,169.33,172.76,8186,172.76
2007-11-12,167.63,171.06,167.63,169.33,12278,169.33
2007-11-13,169.33,177.89,169.33,171.06,16369,171.06
2007-11-14,174.47,176.19,169.33,172.76,28647,172.76
2007-11-15,176.19,176.19,174.47,174.47,6431,174.47
2007-11-16,174.47,174.47,169.33,171.06,8769,171.06
2007-11-19,174.47,174.47,169.33,171.06,10525,171.06
2007-11-20,169.33,169.33,165.92,167.63,20463,167.63
2007-11-21,164.21,171.06,159.08,159.08,13446,159.08
2007-11-22,159.08,162.5,157.36,162.5,9940,162.5
2007-11-26,164.21,164.21,164.21,164.21,3508,164.21
2007-11-27,162.5,162.5,159.08,162.5,18707,162.5
2007-11-28,164.21,167.63,162.5,167.63,16954,167.63
2007-11-29,177.89,177.89,171.06,172.76,19878,172.76
2007-11-30,172.76,176.19,172.76,174.47,16369,174.47
2007-12-03,172.76,172.76,171.06,171.06,2338,171.06
2007-12-04,171.06,171.06,165.92,167.63,14616,167.63
2007-12-05,165.92,169.33,165.92,169.33,8186,169.33
2007-12-06,171.06,171.06,171.06,171.06,3508,171.06
2007-12-07,171.06,171.06,169.33,169.33,6431,169.33
2007-12-10,167.63,169.33,167.63,169.33,1754,169.33
2007-12-11,167.63,169.33,165.92,169.33,8186,169.33
2007-12-12,165.92,169.33,165.92,169.33,2338,169.33
2007-12-13,169.33,169.33,169.33,169.33,586,169.33
2007-12-14,165.92,165.92,130.0,157.36,148496,157.36
2007-12-17,160.78,160.78,155.66,157.36,17540,157.36
2007-12-18,155.66,159.08,155.66,155.66,10525,155.66
2007-12-19,153.94,155.66,150.52,152.23,22215,152.23
2007-12-20,155.66,155.66,148.81,148.81,25140,148.81
2007-12-21,147.1,148.81,143.69,145.38,38000,145.38
2007-12-25,153.94,153.94,145.38,148.81,16954,148.81
2007-12-26,145.38,147.1,143.69,145.38,22801,145.38
2007-12-27,145.38,147.1,143.69,147.1,12278,147.1
2007-12-28,145.38,145.38,145.38,145.38,2923,145.38
2008-01-04,141.98,141.98,140.26,140.26,5848,140.26
2008-01-07,138.55,140.26,138.55,140.26,8186,140.26
2008-01-08,140.26,140.26,136.84,140.26,6431,140.26
2008-01-09,133.43,136.84,133.43,136.84,7599,136.84
2008-01-10,136.84,138.55,136.84,138.55,3508,138.55
2008-01-11,135.13,135.13,135.13,135.13,6431,135.13
2008-01-15,133.43,133.43,121.44,121.44,11692,121.44
2008-01-16,114.59,116.31,92.37,106.05,28647,106.05
2008-01-17,116.31,124.88,109.47,124.88,22215,124.88
2008-01-18,118.03,126.58,118.03,126.58,15785,126.58
2008-01-21,126.58,126.58,123.15,123.15,6431,123.15
2008-01-22,119.72,119.72,119.72,119.72,21046,119.72
2008-01-23,119.72,123.15,119.72,119.72,13446,119.72
2008-01-24,123.15,128.28,121.44,126.58,10525,126.58
2008-01-25,128.28,133.43,128.28,130.0,4092,130.0
2008-01-28,128.28,128.28,124.88,126.58,9940,126.58
2008-01-29,128.28,128.28,126.58,126.58,1170,126.58
2008-01-30,126.58,135.13,126.58,135.13,4677,135.13
2008-01-31,126.58,131.7,126.58,131.7,5261,131.7
2008-02-01,128.28,128.28,128.28,128.28,586,128.28
2008-02-04,130.0,131.7,130.0,131.7,2923,131.7
2008-02-05,133.43,133.43,133.43,133.43,1170,133.43
2008-02-06,131.7,133.43,128.28,133.43,5848,133.43
2008-02-07,130.0,140.26,130.0,136.84,15202,136.84
2008-02-08,138.55,138.55,135.13,135.13,6431,135.13
2008-02-12,135.13,135.13,128.28,130.0,5261,130.0
2008-02-13,133.43,133.43,133.43,133.43,4092,133.43
2008-02-14,133.43,133.43,130.0,133.43,5848,133.43
2008-02-15,131.7,131.7,130.0,130.0,4092,130.0
2008-02-18,130.0,131.7,130.0,131.7,4092,131.7
2008-02-19,135.13,135.13,135.13,135.13,1170,135.13
2008-02-20,136.84,136.84,133.43,133.43,4092,133.43
2008-02-21,140.26,140.26,130.0,135.13,9940,135.13
2008-02-22,135.13,136.84,135.13,136.84,2338,136.84
2008-02-25,136.84,141.98,136.84,141.98,8186,141.98
2008-02-26,141.98,141.98,140.26,141.98,4677,141.98
2008-02-28,143.69,150.52,143.69,150.52,10525,150.52
2008-02-29,145.38,145.38,140.26,140.26,5261,140.26
2008-03-03,138.55,138.55,138.55,138.55,1754,138.55
2008-03-04,136.84,136.84,136.84,136.84,586,136.84
2008-03-05,136.84,136.84,136.84,136.84,1170,136.84
2008-03-07,136.84,138.55,136.84,138.55,1754,138.55
2008-03-10,135.13,135.13,135.13,135.13,586,135.13
2008-03-11,131.7,131.7,128.28,128.28,4677,128.28
2008-03-12,141.98,141.98,133.43,135.13,12863,135.13
2008-03-13,135.13,135.13,135.13,135.13,586,135.13
2008-03-14,136.84,136.84,135.13,135.13,1170,135.13
2008-03-17,131.7,131.7,128.28,128.28,7599,128.28
2008-03-18,128.28,128.28,123.15,123.15,7599,123.15
2008-03-19,124.88,130.0,124.88,130.0,2923,130.0
2008-03-21,121.44,123.15,121.44,123.15,9940,123.15
2008-03-24,121.44,123.15,121.44,123.15,9354,123.15
2008-03-25,123.15,123.15,123.15,123.15,1754,123.15
2008-03-27,123.15,123.15,123.15,123.15,1754,123.15
2008-03-31,123.15,123.15,123.15,123.15,586,123.15
2008-04-01,119.72,123.15,119.72,123.15,1170,123.15
2008-04-02,123.15,126.58,123.15,126.58,1754,126.58
2008-04-03,123.15,123.15,123.15,123.15,1170,123.15
2008-04-04,124.88,124.88,124.88,124.88,1170,124.88
2008-04-07,124.88,126.58,124.88,126.58,2923,126.58
2008-04-08,155.66,177.89,153.94,177.89,440226,177.89
2008-04-09,186.43,198.41,155.66,162.5,769371,162.5
2008-04-10,160.78,160.78,145.38,152.23,88279,152.23
2008-04-11,150.52,153.94,141.98,148.81,77755,148.81
2008-04-14,150.52,171.06,150.52,157.36,412747,157.36
2008-04-15,155.66,155.66,141.98,147.1,103480,147.1
2008-04-16,143.69,145.38,141.98,145.38,30986,145.38
2008-04-17,147.1,153.94,145.38,145.38,74248,145.38
2008-04-18,147.1,148.81,143.69,147.1,43847,147.1
2008-04-21,150.52,152.23,147.1,147.1,31570,147.1
2008-04-22,147.1,147.1,145.38,145.38,22801,145.38
2008-04-23,145.38,147.1,145.38,145.38,24554,145.38
2008-04-24,147.1,147.1,143.69,145.38,22215,145.38
2008-04-25,147.1,150.52,145.38,147.1,16954,147.1
2008-04-28,148.81,198.41,147.1,167.63,475302,167.63
2008-04-30,162.5,164.21,157.36,162.5,74833,162.5
2008-05-01,165.92,165.92,160.78,162.5,29232,162.5
2008-05-02,162.5,162.5,159.08,162.5,21632,162.5
2008-05-07,162.5,162.5,159.08,162.5,16369,162.5
2008-05-08,162.5,165.92,162.5,162.5,37417,162.5
2008-05-09,164.21,165.92,162.5,165.92,17540,165.92
2008-05-12,164.21,174.47,164.21,171.06,42678,171.06
2008-05-13,172.76,176.19,169.33,172.76,38000,172.76
2008-05-14,172.76,172.76,169.33,172.76,19293,172.76
2008-05-15,176.19,176.19,160.78,162.5,112832,162.5
2008-05-16,164.21,165.92,162.5,162.5,20463,162.5
2008-05-19,160.78,165.92,160.78,162.5,5848,162.5
2008-05-20,164.21,179.62,164.21,167.63,126279,167.63
2008-05-21,174.47,174.47,164.21,171.06,25724,171.06
2008-05-22,167.63,169.33,164.21,167.63,14616,167.63
2008-05-23,169.33,169.33,165.92,167.63,2923,167.63
2008-05-26,167.63,167.63,165.92,165.92,8186,165.92
2008-05-27,165.92,165.92,164.21,164.21,9354,164.21
2008-05-28,160.78,164.21,155.66,162.5,18707,162.5
2008-05-29,160.78,160.78,159.08,160.78,4092,160.78
2008-05-30,159.08,164.21,159.08,164.21,1754,164.21
2008-06-02,165.92,165.92,155.66,159.08,14616,159.08
2008-06-03,160.78,164.21,159.08,160.78,15202,160.78
2008-06-04,160.78,160.78,159.08,159.08,1754,159.08
2008-06-05,162.5,167.63,162.5,167.63,11108,167.63
2008-06-06,167.63,167.63,165.92,165.92,22801,165.92
2008-06-09,162.5,164.21,159.08,164.21,12863,164.21
2008-06-10,159.08,164.21,159.08,164.21,3508,164.21
2008-06-11,160.78,160.78,160.78,160.78,586,160.78
2008-06-13,159.08,169.33,159.08,162.5,12278,162.5
2008-06-16,171.06,201.86,171.06,179.62,504534,179.62
2008-06-17,181.29,184.74,174.47,177.89,57878,177.89
2008-06-18,177.89,183.03,172.76,174.47,35077,174.47
2008-06-19,172.76,177.89,172.76,174.47,16369,174.47
2008-06-20,177.89,177.89,169.33,171.06,10525,171.06
2008-06-23,167.63,169.33,164.21,169.33,7599,169.33
2008-06-24,165.92,167.63,164.21,165.92,5261,165.92
2008-06-25,167.63,167.63,162.5,165.92,19293,165.92
2008-06-26,169.33,171.06,165.92,165.92,12863,165.92
2008-06-27,162.5,162.5,162.5,162.5,1170,162.5
2008-06-30,157.36,162.5,153.94,162.5,15202,162.5
2008-07-01,162.5,171.06,155.66,159.08,13446,159.08
2008-07-02,159.08,159.08,159.08,159.08,2923,159.08
2008-07-03,157.36,160.78,157.36,160.78,5848,160.78
2008-07-04,155.66,159.08,155.66,159.08,3508,159.08
2008-07-07,159.08,159.08,159.08,159.08,586,159.08
2008-07-08,157.36,157.36,147.1,150.52,16954,150.52
2008-07-09,148.81,150.52,148.81,150.52,3508,150.52
2008-07-11,153.94,153.94,153.94,153.94,1754,153.94
2008-07-14,155.66,155.66,153.94,153.94,5261,153.94
2008-07-15,159.08,159.08,153.94,159.08,7599,159.08
2008-07-16,162.5,179.62,162.5,164.21,65479,164.21
2008-07-17,169.33,169.33,164.21,164.21,2338,164.21
2008-07-18,160.78,160.78,159.08,159.08,1170,159.08
2008-07-22,165.92,165.92,162.5,164.21,5261,164.21
2008-07-23,160.78,167.63,160.78,164.21,5848,164.21
2008-07-24,167.63,167.63,165.92,167.63,5848,167.63
2008-07-25,167.63,167.63,167.63,167.63,586,167.63
2008-07-30,159.08,164.21,159.08,164.21,8186,164.21
2008-07-31,162.5,162.5,162.5,162.5,1754,162.5
2008-08-01,162.5,162.5,153.94,162.5,5261,162.5
2008-08-05,150.52,152.23,150.52,152.23,7016,152.23
2008-08-06,159.08,159.08,143.69,147.1,8186,147.1
2008-08-07,152.23,153.94,152.23,153.94,5848,153.94
2008-08-08,152.23,152.23,152.23,152.23,1170,152.23
2008-08-13,147.1,147.1,147.1,147.1,1170,147.1
2008-08-14,147.1,147.1,145.38,145.38,4092,145.38
2008-08-15,143.69,150.52,141.98,148.81,16369,148.81
2008-08-19,140.26,140.26,140.26,140.26,1754,140.26
2008-08-20,141.98,145.38,141.98,145.38,5261,145.38
2008-08-21,152.23,152.23,145.38,145.38,1170,145.38
2008-08-22,150.52,150.52,145.38,145.38,1754,145.38
2008-08-25,150.52,150.52,141.98,150.52,2338,150.52
2008-08-26,145.38,145.38,143.69,145.38,2338,145.38
2008-08-27,145.38,145.38,141.98,141.98,6431,141.98
2008-08-28,143.69,143.69,143.69,143.69,586,143.69
2008-08-29,145.38,145.38,141.98,141.98,1754,141.98
2008-09-01,141.98,141.98,141.98,141.98,586,141.98
2008-09-02,141.98,145.38,141.98,145.38,2923,145.38
2008-09-03,130.0,133.43,130.0,133.43,2338,133.43
2008-09-04,124.88,133.43,124.88,133.43,12278,133.43
2008-09-08,124.88,133.43,124.88,133.43,2923,133.43
2008-09-09,131.7,135.13,128.28,133.43,4092,133.43
2008-09-11,135.13,135.13,135.13,135.13,1754,135.13
2008-09-12,135.13,135.13,135.13,135.13,586,135.13
2008-09-16,126.58,126.58,116.31,119.72,13446,119.72
2008-09-17,126.58,126.58,124.88,124.88,3508,124.88
2008-09-18,118.03,118.03,118.03,118.03,3508,118.03
2008-09-19,124.88,124.88,121.44,121.44,3508,121.44
2008-09-22,121.44,121.44,114.59,116.31,7599,116.31
2008-09-24,118.03,124.88,118.03,124.88,8769,124.88
2008-09-29,131.7,145.38,130.0,136.84,24554,136.84
2008-09-30,126.58,136.84,126.58,136.84,16369,136.84
2008-10-01,130.0,136.84,128.28,133.43,11692,133.43
2008-10-02,128.28,128.28,126.58,126.58,8186,126.58
2008-10-03,124.88,131.7,124.88,131.7,1754,131.7
2008-10-06,121.44,121.44,111.19,112.9,19293,112.9
2008-10-07,109.47,112.9,107.76,111.19,19878,111.19
2008-10-08,107.76,107.76,100.92,100.92,29818,100.92
2008-10-09,102.63,102.63,88.945,92.37,35077,92.37
2008-10-10,88.945,92.37,68.418,70.13,91787,70.13
2008-10-14,94.074,112.9,87.236,112.9,69572,112.9
2008-10-15,107.76,107.76,92.37,107.76,22215,107.76
2008-10-16,102.63,102.63,94.074,99.211,7599,99.211
2008-10-17,100.92,100.92,99.211,99.211,6431,99.211
2008-10-20,106.05,106.05,95.784,95.784,5261,95.784
2008-10-21,104.35,107.76,102.63,107.76,11108,107.76
2008-10-22,109.47,109.47,106.05,106.05,7016,106.05
2008-10-23,99.211,104.35,99.211,104.35,2923,104.35
2008-10-24,97.499,97.499,97.499,97.499,2338,97.499
2008-10-27,88.945,95.784,88.945,94.074,7016,94.074
2008-10-28,94.074,94.074,90.659,90.659,2923,90.659
2008-10-29,109.47,109.47,94.074,94.074,4092,94.074
2008-10-30,95.784,97.499,95.784,97.499,1754,97.499
2008-10-31,102.63,106.05,102.63,106.05,1170,106.05
2008-11-04,109.47,109.47,109.47,109.47,2923,109.47
2008-11-05,111.19,116.31,111.19,111.19,5848,111.19
2008-11-06,111.19,111.19,106.05,106.05,5848,106.05
2008-11-07,104.35,111.19,104.35,111.19,2923,111.19
2008-11-10,85.524,100.92,85.524,94.074,59632,94.074
2008-11-11,100.92,102.63,100.92,102.63,1754,102.63
2008-11-12,94.074,94.074,94.074,94.074,1170,94.074
2008-11-13,94.074,94.074,92.37,94.074,2923,94.074
2008-11-14,94.074,94.074,94.074,94.074,4092,94.074
2008-11-17,90.659,94.074,87.236,92.37,3508,92.37
2008-11-18,90.659,90.659,87.236,88.945,3508,88.945
2008-11-19,94.074,94.074,92.37,94.074,5848,94.074
2008-11-20,95.784,95.784,94.074,95.784,8769,95.784
2008-11-21,95.784,97.499,95.784,97.499,1170,97.499
2008-11-25,97.499,97.499,92.37,97.499,2338,97.499
2008-11-26,97.499,97.499,97.499,97.499,1170,97.499
2008-11-28,92.37,92.37,92.37,92.37,6431,92.37
2008-12-01,92.37,94.074,92.37,92.37,2338,92.37
2008-12-02,95.784,95.784,95.784,95.784,586,95.784
2008-12-03,92.37,92.37,92.37,92.37,2338,92.37
2008-12-04,92.37,92.37,88.945,88.945,7016,88.945
2008-12-05,87.236,87.236,85.524,87.236,3508,87.236
2008-12-09,87.236,92.37,87.236,92.37,2338,92.37
2008-12-10,90.659,94.074,90.659,92.37,6431,92.37
2008-12-11,94.074,94.074,94.074,94.074,4092,94.074
2008-12-12,88.945,88.945,78.682,85.524,21046,85.524
2008-12-15,85.524,88.945,85.524,87.236,4677,87.236
2008-12-16,87.236,92.37,87.236,92.37,8769,92.37
2008-12-17,92.37,94.074,88.945,90.659,15202,90.659
2008-12-19,88.945,88.945,88.945,88.945,1170,88.945
2008-12-22,99.211,99.211,92.37,94.074,8769,94.074
2008-12-24,95.784,107.76,88.945,90.659,37417,90.659
2008-12-25,94.074,102.63,94.074,95.784,19293,95.784
2008-12-26,97.499,99.211,97.499,97.499,3508,97.499
2008-12-29,95.784,95.784,94.074,94.074,2923,94.074
2008-12-30,92.37,95.784,92.37,95.784,2923,95.784
2009-01-05,97.499,99.211,95.784,95.784,1754,95.784
2009-01-06,95.784,95.784,95.784,95.784,586,95.784
2009-01-07,97.499,99.211,95.784,95.784,4092,95.784
2009-01-08,95.784,106.05,95.784,102.63,15785,102.63
2009-01-13,99.211,100.92,97.499,97.499,2923,97.499
2009-01-14,97.499,97.499,97.499,97.499,4677,97.499
2009-01-16,99.211,104.35,99.211,104.35,8769,104.35
2009-01-19,102.63,106.05,102.63,106.05,5261,106.05
2009-01-20,107.76,107.76,102.63,102.63,5261,102.63
2009-01-21,104.35,106.05,104.35,106.05,2338,106.05
2009-01-22,97.499,104.35,97.499,104.35,10525,104.35
2009-01-23,99.211,99.211,97.499,97.499,2338,97.499
2009-01-27,97.499,97.499,95.784,97.499,5848,97.499
2009-01-28,97.499,97.499,97.499,97.499,1170,97.499
2009-01-29,97.499,97.499,97.499,97.499,1754,97.499
2009-02-02,95.784,99.211,95.784,99.211,4092,99.211
2009-02-04,100.92,100.92,100.92,100.92,586,100.92
2009-02-10,94.074,94.074,90.659,90.659,4092,90.659
2009-02-12,90.659,90.659,90.659,90.659,586,90.659
2009-02-13,90.659,90.659,90.659,90.659,586,90.659
2009-02-16,90.659,90.659,87.236,87.236,2338,87.236
2009-02-17,87.236,90.659,85.524,90.659,4677,90.659
2009-02-19,90.659,90.659,90.659,90.659,586,90.659
2009-02-20,90.659,90.659,90.659,90.659,3508,90.659
2009-02-23,78.682,87.236,76.971,87.236,26893,87.236
2009-02-24,85.524,88.945,85.524,88.945,1170,88.945
2009-02-25,76.971,78.682,76.971,78.682,1754,78.682
2009-02-26,83.815,83.815,83.815,83.815,1170,83.815
2009-02-27,80.393,82.105,80.393,82.105,2338,82.105
2009-03-03,82.105,82.105,80.393,80.393,8186,80.393
2009-03-04,82.105,82.105,78.682,82.105,16954,82.105
2009-03-05,85.524,85.524,85.524,85.524,1754,85.524
2009-03-09,78.682,82.105,78.682,82.105,1170,82.105
2009-03-11,82.105,82.105,82.105,82.105,1170,82.105
2009-03-12,82.105,85.524,76.971,82.105,12863,82.105
2009-03-13,83.815,83.815,82.105,82.105,2923,82.105
2009-03-16,80.393,82.105,78.682,78.682,8186,78.682
2009-03-17,82.105,85.524,82.105,85.524,1170,85.524
2009-03-18,85.524,85.524,78.682,83.815,8186,83.815
2009-03-23,85.524,85.524,85.524,85.524,2923,85.524
2009-03-24,136.84,136.84,121.44,135.13,139726,135.13
2009-03-25,133.43,140.26,123.15,131.7,129204,131.7
2009-03-26,126.58,126.58,114.59,116.31,36247,116.31
2009-03-27,121.44,128.28,119.72,121.44,37417,121.44
2009-03-30,112.9,114.59,112.9,112.9,9940,112.9
2009-03-31,111.19,114.59,109.47,109.47,9940,109.47
2009-04-01,112.9,112.9,112.9,112.9,1170,112.9
2009-04-02,112.9,112.9,109.47,109.47,7016,109.47
2009-04-03,109.47,114.59,107.76,114.59,23385,114.59
2009-04-06,114.59,114.59,112.9,114.59,14616,114.59
2009-04-07,119.72,119.72,118.03,118.03,12278,118.03
2009-04-08,121.44,131.7,119.72,119.72,54955,119.72
2009-04-09,126.58,126.58,124.88,124.88,8186,124.88
2009-04-10,124.88,124.88,124.88,124.88,1754,124.88
2009-04-13,124.88,128.28,123.15,123.15,8186,123.15
2009-04-14,119.72,121.44,118.03,119.72,21632,119.72
2009-04-15,121.44,123.15,121.44,121.44,7599,121.44
2009-04-16,121.44,121.44,118.03,118.03,8769,118.03
2009-04-17,119.72,119.72,119.72,119.72,586,119.72
2009-04-20,121.44,126.58,119.72,119.72,5848,119.72
2009-04-21,118.03,118.03,118.03,118.03,7599,118.03
2009-04-22,119.72,119.72,116.31,116.31,4677,116.31
2009-04-23,119.72,119.72,114.59,114.59,7016,114.59
2009-04-24,133.43,164.21,126.58,145.38,743646,145.38
2009-04-27,141.98,145.38,131.7,135.13,123357,135.13
2009-04-28,136.84,136.84,126.58,126.58,45016,126.58
2009-04-30,130.0,143.69,130.0,135.13,31570,135.13
2009-05-01,135.13,135.13,131.7,135.13,14031,135.13
2009-05-07,136.84,138.55,133.43,135.13,22215,135.13
2009-05-08,136.84,136.84,133.43,135.13,5848,135.13
2009-05-11,135.13,135.13,133.43,133.43,18707,133.43
2009-05-12,133.43,133.43,133.43,133.43,7016,133.43
2009-05-13,133.43,135.13,131.7,135.13,13446,135.13
2009-05-14,133.43,140.26,133.43,135.13,17540,135.13
2009-05-15,138.55,147.1,133.43,136.84,73662,136.84
2009-05-18,136.84,136.84,133.43,135.13,14616,135.13
2009-05-19,136.84,136.84,135.13,136.84,4092,136.84
2009-05-20,138.55,138.55,135.13,136.84,9940,136.84
2009-05-21,138.55,138.55,135.13,135.13,9354,135.13
2009-05-22,138.55,138.55,136.84,138.55,15202,138.55
2009-05-25,141.98,141.98,138.55,138.55,8186,138.55
2009-05-26,140.26,143.69,138.55,140.26,16369,140.26
2009-05-27,140.26,143.69,140.26,141.98,22215,141.98
2009-05-28,141.98,145.38,140.26,141.98,32156,141.98
2009-05-29,141.98,141.98,140.26,141.98,5261,141.98
2009-06-01,140.26,141.98,138.55,141.98,7599,141.98
2009-06-02,141.98,141.98,138.55,138.55,11108,138.55
2009-06-03,138.55,140.26,138.55,138.55,5261,138.55
2009-06-04,138.55,140.26,138.55,140.26,2923,140.26
2009-06-05,141.98,147.1,141.98,145.38,19878,145.38
2009-06-08,147.1,160.78,147.1,153.94,79510,153.94
2009-06-09,155.66,155.66,150.52,150.52,23385,150.52
2009-06-10,152.23,152.23,150.52,150.52,8769,150.52
2009-06-11,153.94,155.66,148.81,152.23,32739,152.23
2009-06-12,153.94,155.66,152.23,155.66,26893,155.66
2009-06-15,155.66,162.5,155.66,159.08,30986,159.08
2009-06-16,159.08,159.08,157.36,157.36,7016,157.36
2009-06-17,155.66,164.21,155.66,160.78,15202,160.78
2009-06-18,160.78,160.78,155.66,157.36,11692,157.36
2009-06-19,160.78,160.78,153.94,157.36,33909,157.36
2009-06-22,155.66,157.36,153.94,157.36,16369,157.36
2009-06-23,153.94,155.66,152.23,155.66,7016,155.66
2009-06-24,155.66,155.66,153.94,153.94,4677,153.94
2009-06-25,153.94,157.36,153.94,157.36,1170,157.36
2009-06-26,159.08,159.08,159.08,159.08,1170,159.08
2009-06-29,159.08,159.08,155.66,155.66,4092,155.66
2009-06-30,160.78,160.78,160.78,160.78,3508,160.78
2009-07-01,159.08,164.21,157.36,159.08,31570,159.08
2009-07-02,160.78,160.78,159.08,159.08,7016,159.08
2009-07-03,157.36,159.08,157.36,159.08,8186,159.08
2009-07-06,160.78,160.78,155.66,155.66,3508,155.66
2009-07-07,155.66,155.66,153.94,153.94,6431,153.94
2009-07-08,152.23,152.23,148.81,150.52,10525,150.52
2009-07-09,148.81,148.81,148.81,148.81,4092,148.81
2009-07-10,148.81,150.52,147.1,147.1,4677,147.1
2009-07-13,147.1,147.1,138.55,138.55,21046,138.55
2009-07-14,141.98,141.98,141.98,141.98,1170,141.98
2009-07-15,148.81,150.52,148.81,150.52,2923,150.52
2009-07-17,145.38,145.38,145.38,145.38,1170,145.38
2009-07-21,153.94,153.94,150.52,150.52,5261,150.52
2009-07-22,145.38,145.38,145.38,145.38,586,145.38
2009-07-23,147.1,147.1,147.1,147.1,586,147.1
2009-07-24,153.94,153.94,148.81,148.81,9354,148.81
2009-07-29,148.81,148.81,148.81,148.81,1170,148.81
2009-07-30,145.38,145.38,145.38,145.38,3508,145.38
2009-07-31,148.81,148.81,148.81,148.81,586,148.81
2009-08-03,150.52,150.52,150.52,150.52,1170,150.52
2009-08-04,150.52,150.52,150.52,150.52,2923,150.52
2009-08-05,148.81,153.94,148.81,153.94,4092,153.94
2009-08-06,150.52,152.23,150.52,152.23,7016,152.23
2009-08-07,150.52,150.52,150.52,150.52,1170,150.52
2009-08-10,150.52,150.52,150.52,150.52,1170,150.52
2009-08-11,153.94,159.08,153.94,153.94,17540,153.94
2009-08-12,155.66,159.08,153.94,153.94,9354,153.94
2009-08-13,155.66,155.66,155.66,155.66,586,155.66
2009-08-14,157.36,159.08,152.23,155.66,14616,155.66
2009-08-17,153.94,153.94,150.52,150.52,1754,150.52
2009-08-18,155.66,155.66,153.94,153.94,1754,153.94
2009-08-19,153.94,153.94,152.23,152.23,3508,152.23
2009-08-20,159.08,159.08,159.08,159.08,6431,159.08
2009-08-21,155.66,155.66,155.66,155.66,1170,155.66
2009-08-24,153.94,155.66,153.94,155.66,2923,155.66
2009-08-25,153.94,153.94,153.94,153.94,5848,153.94
2009-08-27,153.94,153.94,150.52,150.52,4092,150.52
2009-08-28,152.23,186.43,152.23,155.66,340253,155.66
2009-08-31,153.94,155.66,152.23,155.66,28647,155.66
2009-09-01,152.23,153.94,152.23,153.94,9354,153.94
2009-09-02,155.66,155.66,152.23,153.94,9354,153.94
2009-09-03,150.52,152.23,150.52,150.52,13446,150.52
2009-09-04,152.23,152.23,152.23,152.23,2923,152.23
2009-09-07,148.81,150.52,148.81,148.81,5261,148.81
2009-09-08,150.52,150.52,135.13,145.38,15785,145.38
2009-09-09,145.38,145.38,145.38,145.38,3508,145.38
2009-09-10,148.81,152.23,148.81,152.23,1754,152.23
2009-09-11,150.52,150.52,150.52,150.52,586,150.52
2009-09-16,150.52,150.52,150.52,150.52,586,150.52
2009-09-17,145.38,147.1,145.38,147.1,4092,147.1
2009-09-18,147.1,147.1,147.1,147.1,586,147.1
2009-09-24,152.23,152.23,147.1,147.1,2923,147.1
2009-09-25,147.1,147.1,143.69,143.69,4092,143.69
2009-09-28,138.55,140.26,138.55,140.26,1170,140.26
2009-09-29,143.69,153.94,143.69,150.52,8186,150.52
2009-09-30,143.69,143.69,143.69,143.69,1754,143.69
2009-10-01,136.84,140.26,136.84,140.26,3508,140.26
2009-10-02,147.1,147.1,138.55,138.55,4092,138.55
2009-10-06,140.26,140.26,138.55,138.55,1170,138.55
2009-10-07,136.84,136.84,136.84,136.84,1754,136.84
2009-10-08,136.84,136.84,136.84,136.84,586,136.84
2009-10-09,136.84,136.84,136.84,136.84,1170,136.84
2009-10-13,138.55,138.55,138.55,138.55,1170,138.55
2009-10-14,136.84,136.84,136.84,136.84,586,136.84
2009-10-15,138.55,138.55,136.84,136.84,1754,136.84
2009-10-16,136.84,136.84,135.13,136.84,3508,136.84
2009-10-19,135.13,135.13,131.7,133.43,4677,133.43
2009-10-20,136.84,136.84,136.84,136.84,1754,136.84
2009-10-21,136.84,136.84,136.84,136.84,1170,136.84
2009-10-22,136.84,136.84,136.84,136.84,2923,136.84
2009-10-23,136.84,136.84,135.13,135.13,4092,135.13
2009-10-27,135.13,135.13,135.13,135.13,1170,135.13
2009-10-28,133.43,133.43,133.43,133.43,586,133.43
2009-10-30,138.55,138.55,136.84,138.55,7016,138.55
2009-11-02,136.84,136.84,136.84,136.84,586,136.84
2009-11-04,140.26,140.26,136.84,138.55,8769,138.55
2009-11-05,136.84,138.55,136.84,138.55,3508,138.55
2009-11-06,138.55,138.55,136.84,136.84,9354,136.84
2009-11-09,135.13,135.13,131.7,131.7,11108,131.7
2009-11-10,133.43,133.43,131.7,131.7,4677,131.7
2009-11-11,128.28,130.0,128.28,130.0,7016,130.0
2009-11-12,133.43,133.43,130.0,130.0,3508,130.0
2009-11-13,121.44,133.43,121.44,133.43,7599,133.43
2009-11-16,130.0,130.0,123.15,123.15,7599,123.15
2009-11-17,126.58,131.7,126.58,128.28,5848,128.28
2009-11-18,131.7,174.47,131.7,171.06,463025,171.06
2009-11-19,164.21,179.62,135.13,135.13,756509,135.13
2009-11-20,128.28,133.43,123.15,128.28,199357,128.28
2009-11-24,128.28,128.28,109.47,118.03,91201,118.03
2009-11-25,118.03,118.03,114.59,116.31,22801,116.31
2009-11-26,118.03,118.03,112.9,116.31,30986,116.31
2009-11-27,114.59,118.03,112.9,114.59,30400,114.59
2009-11-30,114.59,119.72,114.59,118.03,14031,118.03
2009-12-01,119.72,119.72,118.03,118.03,12278,118.03
2009-12-02,119.72,123.15,119.72,121.44,12278,121.44
2009-12-03,121.44,123.15,119.72,121.44,16369,121.44
2009-12-04,123.15,123.15,121.44,123.15,8769,123.15
2009-12-07,126.58,128.28,119.72,121.44,45016,121.44
2009-12-08,121.44,121.44,119.72,121.44,5848,121.44
2009-12-09,119.72,119.72,118.03,118.03,4677,118.03
2009-12-10,121.44,121.44,118.03,118.03,12278,118.03
2009-12-11,119.72,119.72,118.03,118.03,6431,118.03
2009-12-14,119.72,119.72,118.03,118.03,5261,118.03
2009-12-15,119.72,121.44,119.72,121.44,8186,121.44
2009-12-16,116.31,121.44,116.31,121.44,11108,121.44
2009-12-17,121.44,123.15,121.44,123.15,1170,123.15
2009-12-18,119.72,123.15,119.72,121.44,5261,121.44
2009-12-21,124.88,126.58,123.15,126.58,16369,126.58
2009-12-22,126.58,128.28,126.58,126.58,4677,126.58
2009-12-24,128.28,135.13,128.28,133.43,8769,133.43
2009-12-25,131.7,131.7,126.58,131.7,16954,131.7
2009-12-28,131.7,131.7,128.28,128.28,22801,128.28
2009-12-29,130.0,130.0,126.58,126.58,17540,126.58
2009-12-30,126.58,126.58,119.72,124.88,34495,124.88
2010-01-04,126.58,128.28,126.58,128.28,8186,128.28
2010-01-05,130.0,133.43,128.28,130.0,25724,130.0
2010-01-06,130.0,133.43,128.28,130.0,9354,130.0
2010-01-07,133.43,133.43,130.0,130.0,3508,130.0
2010-01-08,131.7,133.43,130.0,133.43,5261,133.43
2010-01-12,136.84,141.98,131.7,136.84,40924,136.84
2010-01-13,140.26,145.38,140.26,140.26,22801,140.26
2010-01-14,145.38,145.38,138.55,141.98,28062,141.98
2010-01-15,143.69,143.69,140.26,140.26,11692,140.26
2010-01-18,140.26,140.26,140.26,140.26,5848,140.26
2010-01-19,140.26,141.98,140.26,140.26,4092,140.26
2010-01-20,143.69,145.38,141.98,141.98,14031,141.98
2010-01-21,141.98,141.98,140.26,141.98,4677,141.98
2010-01-22,141.98,141.98,141.98,141.98,1754,141.98
2010-01-25,136.84,143.69,136.84,140.26,7016,140.26
2010-01-26,140.26,141.98,140.26,141.98,5261,141.98
2010-01-27,140.26,140.26,130.0,133.43,34495,133.43
2010-01-28,133.43,136.84,133.43,136.84,4677,136.84
2010-01-29,138.55,138.55,138.55,138.55,5848,138.55
2010-02-01,135.13,135.13,135.13,135.13,9940,135.13
2010-02-02,138.55,140.26,135.13,140.26,6431,140.26
2010-02-03,138.55,140.26,138.55,140.26,3508,140.26
2010-02-04,140.26,140.26,140.26,140.26,2923,140.26
2010-02-05,138.55,138.55,138.55,138.55,586,138.55
2010-02-08,141.98,141.98,140.26,140.26,2338,140.26
2010-02-09,141.98,155.66,141.98,150.52,109326,150.52
2010-02-10,152.23,155.66,140.26,155.66,62555,155.66
2010-02-12,155.66,159.08,150.52,159.08,49109,159.08
2010-02-15,155.66,155.66,148.81,150.52,50863,150.52
2010-02-16,152.23,152.23,147.1,147.1,23971,147.1
2010-02-17,148.81,150.52,148.81,148.81,7016,148.81
2010-02-18,150.52,150.52,148.81,148.81,5848,148.81
2010-02-19,148.81,152.23,148.81,148.81,14031,148.81
2010-02-22,150.52,176.19,150.52,171.06,271852,171.06
2010-02-23,169.33,171.06,155.66,167.63,112249,167.63
2010-02-24,162.5,183.03,160.78,174.47,326807,174.47
2010-02-25,174.47,174.47,167.63,171.06,73078,171.06
2010-02-26,164.21,167.63,162.5,162.5,34495,162.5
2010-03-01,164.21,165.92,159.08,165.92,30986,165.92
2010-03-02,169.33,169.33,159.08,162.5,18707,162.5
2010-03-03,160.78,165.92,155.66,164.21,14616,164.21
2010-03-04,162.5,162.5,157.36,157.36,24554,157.36
2010-03-05,159.08,159.08,157.36,159.08,6431,159.08
2010-03-08,160.78,160.78,159.08,160.78,6431,160.78
2010-03-09,160.78,160.78,157.36,159.08,19878,159.08
2010-03-10,157.36,159.08,157.36,159.08,9354,159.08
2010-03-11,160.78,162.5,159.08,160.78,7599,160.78
2010-03-12,162.5,162.5,159.08,160.78,16954,160.78
2010-03-15,162.5,162.5,159.08,159.08,18124,159.08
2010-03-16,159.08,160.78,159.08,159.08,10525,159.08
2010-03-17,160.78,162.5,159.08,160.78,19878,160.78
2010-03-18,160.78,162.5,159.08,159.08,20463,159.08
2010-03-19,159.08,169.33,159.08,169.33,53785,169.33
2010-03-23,169.33,169.33,165.92,165.92,11692,165.92
2010-03-24,165.92,165.92,162.5,164.21,20463,164.21
2010-03-25,164.21,164.21,160.78,160.78,22215,160.78
2010-03-26,162.5,162.5,160.78,160.78,7599,160.78
2010-03-29,160.78,160.78,160.78,160.78,5261,160.78
2010-03-30,160.78,160.78,159.08,160.78,9940,160.78
2010-03-31,160.78,160.78,157.36,159.08,8186,159.08
2010-04-01,157.36,159.08,157.36,157.36,7599,157.36
2010-04-02,159.08,160.78,159.08,159.08,4677,159.08
2010-04-05,159.08,159.08,157.36,157.36,8769,157.36
2010-04-06,159.08,159.08,159.08,159.08,8186,159.08
2010-04-07,159.08,162.5,159.08,160.78,14031,160.78
2010-04-08,159.08,159.08,159.08,159.08,7016,159.08
2010-04-09,160.78,162.5,160.78,162.5,9940,162.5
2010-04-12,162.5,167.63,162.5,165.92,62555,165.92
2010-04-13,167.63,171.06,164.21,165.92,33324,165.92
2010-04-14,165.92,169.33,165.92,169.33,13446,169.33
2010-04-15,167.63,169.33,167.63,167.63,10525,167.63
2010-04-16,171.06,171.06,165.92,165.92,39755,165.92
2010-04-19,159.08,162.5,159.08,159.08,12278,159.08
2010-04-20,159.08,162.5,159.08,159.08,25724,159.08
2010-04-21,160.78,164.21,160.78,164.21,6431,164.21
2010-04-22,162.5,215.5,160.78,215.5,689277,215.5
2010-04-23,203.56,203.56,189.85,193.3,491673,193.3
2010-04-26,193.3,193.3,188.17,189.85,54955,189.85
2010-04-27,194.98,194.98,184.74,194.98,41509,194.98
2010-04-28,186.43,191.57,186.43,188.17,30400,188.17
2010-04-30,189.85,189.85,186.43,189.85,22215,189.85
2010-05-06,186.43,188.17,181.29,181.29,20463,181.29
2010-05-07,172.76,181.29,165.92,181.29,68402,181.29
2010-05-10,176.19,184.74,174.47,184.74,19293,184.74
2010-05-11,186.43,188.17,169.33,186.43,85940,186.43
2010-05-12,184.74,184.74,179.62,183.03,12278,183.03
2010-05-13,184.74,184.74,179.62,181.29,8186,181.29
2010-05-14,181.29,181.29,174.47,177.89,16369,177.89
2010-05-17,172.76,177.89,165.92,171.06,23971,171.06
2010-05-18,167.63,171.06,160.78,162.5,25140,162.5
2010-05-19,159.08,162.5,152.23,162.5,35661,162.5
2010-05-20,162.5,162.5,155.66,157.36,24554,157.36
2010-05-21,152.23,153.94,152.23,152.23,16954,152.23
2010-05-24,155.66,159.08,153.94,157.36,8186,157.36
2010-05-25,157.36,157.36,153.94,153.94,6431,153.94
2010-05-26,153.94,153.94,152.23,152.23,8186,152.23
2010-05-27,147.1,159.08,147.1,153.94,19293,153.94
2010-05-28,159.08,159.08,157.36,157.36,2338,157.36
2010-05-31,157.36,159.08,155.66,159.08,5848,159.08
2010-06-01,162.5,169.33,160.78,164.21,16954,164.21
2010-06-02,164.21,164.21,160.78,162.5,5848,162.5
2010-06-03,164.21,167.63,159.08,162.5,7016,162.5
2010-06-04,164.21,164.21,164.21,164.21,586,164.21
2010-06-07,159.08,159.08,157.36,159.08,7016,159.08
2010-06-08,159.08,160.78,157.36,159.08,7016,159.08
2010-06-09,159.08,159.08,157.36,157.36,4677,157.36
2010-06-10,157.36,159.08,157.36,159.08,2338,159.08
2010-06-11,160.78,160.78,159.08,159.08,4092,159.08
2010-06-14,159.08,159.08,157.36,159.08,9940,159.08
2010-06-15,160.78,160.78,159.08,159.08,1754,159.08
2010-06-16,164.21,164.21,159.08,160.78,15785,160.78
2010-06-17,159.08,159.08,159.08,159.08,7016,159.08
2010-06-18,160.78,162.5,159.08,159.08,15785,159.08
2010-06-21,159.08,160.78,159.08,160.78,6431,160.78
2010-06-22,160.78,160.78,159.08,159.08,9354,159.08
2010-06-23,159.08,159.08,159.08,159.08,1754,159.08
2010-06-24,159.08,159.08,157.36,159.08,11692,159.08
2010-06-25,159.08,159.08,157.36,157.36,6431,157.36
2010-06-28,155.66,155.66,153.94,155.66,2923,155.66
2010-06-29,155.66,155.66,153.94,153.94,8186,153.94
2010-06-30,150.52,153.94,150.52,153.94,5261,153.94
2010-07-01,147.1,148.81,147.1,148.81,8769,148.81
2010-07-02,148.81,150.52,147.1,150.52,5261,150.52
2010-07-05,147.1,152.23,147.1,152.23,2338,152.23
2010-07-06,148.81,150.52,148.81,150.52,7016,150.52
2010-07-07,150.52,152.23,150.52,150.52,7016,150.52
2010-07-08,153.94,153.94,153.94,153.94,1170,153.94
2010-07-09,155.66,155.66,153.94,155.66,2338,155.66
2010-07-12,153.94,153.94,153.94,153.94,586,153.94
2010-07-13,147.1,148.81,147.1,148.81,19878,148.81
2010-07-14,148.81,150.52,148.81,150.52,7599,150.52
2010-07-15,150.52,153.94,148.81,153.94,7599,153.94
2010-07-16,150.52,153.94,147.1,148.81,12278,148.81
2010-07-20,150.52,150.52,150.52,150.52,3508,150.52
2010-07-21,150.52,150.52,147.1,147.1,3508,147.1
2010-07-22,148.81,148.81,145.38,145.38,3508,145.38
2010-07-23,143.69,143.69,140.26,143.69,14031,143.69
2010-07-26,143.69,143.69,143.69,143.69,1754,143.69
2010-07-27,145.38,145.38,145.38,145.38,1754,145.38
2010-07-28,147.1,147.1,147.1,147.1,1170,147.1
2010-07-29,147.1,147.1,147.1,147.1,586,147.1
2010-07-30,148.81,148.81,141.98,143.69,22215,143.69
2010-08-02,141.98,141.98,141.98,141.98,1170,141.98
2010-08-03,145.38,145.38,145.38,145.38,3508,145.38
2010-08-04,141.98,141.98,141.98,141.98,586,141.98
2010-08-05,141.98,141.98,141.98,141.98,4092,141.98
2010-08-06,141.98,141.98,141.98,141.98,586,141.98
2010-08-09,140.26,140.26,140.26,140.26,1170,140.26
2010-08-10,141.98,143.69,141.98,143.69,4092,143.69
2010-08-11,140.26,141.98,140.26,141.98,2338,141.98
2010-08-12,140.26,140.26,140.26,140.26,586,140.26
2010-08-13,140.26,140.26,140.26,140.26,2338,140.26
2010-08-16,140.26,140.26,138.55,138.55,2338,138.55
2010-08-17,138.55,138.55,138.55,138.55,1170,138.55
2010-08-18,140.26,140.26,138.55,138.55,2923,138.55
2010-08-19,140.26,140.26,140.26,140.26,2338,140.26
2010-08-20,148.81,148.81,140.26,140.26,12863,140.26
2010-08-23,140.26,140.26,138.55,138.55,2923,138.55
2010-08-24,138.55,138.55,138.55,138.55,1170,138.55
2010-08-25,135.13,135.13,133.43,133.43,9940,133.43
2010-08-26,133.43,133.43,133.43,133.43,5848,133.43
2010-08-27,135.13,135.13,135.13,135.13,586,135.13
2010-08-30,138.55,138.55,136.84,136.84,3508,136.84
2010-08-31,136.84,136.84,136.84,136.84,586,136.84
2010-09-01,136.84,138.55,133.43,138.55,2923,138.55
2010-09-02,138.55,138.55,136.84,136.84,4677,136.84
2010-09-08,136.84,136.84,136.84,136.84,1170,136.84
2010-09-09,136.84,136.84,136.84,136.84,2338,136.84
2010-09-10,136.84,136.84,136.84,136.84,1754,136.84
2010-09-15,136.84,136.84,136.84,136.84,2338,136.84
2010-09-16,138.55,138.55,138.55,138.55,1170,138.55
2010-09-17,138.55,140.26,138.55,140.26,1754,140.26
2010-09-21,140.26,140.26,140.26,140.26,2338,140.26
2010-09-22,141.98,141.98,135.13,136.84,5261,136.84
2010-09-24,136.84,136.84,136.84,136.84,1754,136.84
2010-09-27,136.84,136.84,135.13,136.84,5261,136.84
2010-09-28,136.84,136.84,136.84,136.84,1170,136.84
2010-09-30,135.13,135.13,135.13,135.13,1170,135.13
2010-10-01,135.13,136.84,133.43,136.84,9354,136.84
2010-10-04,140.26,140.26,136.84,136.84,5261,136.84
2010-10-05,135.13,140.26,135.13,140.26,6431,140.26
2010-10-06,135.13,143.69,135.13,143.69,4092,143.69
2010-10-07,140.26,140.26,138.55,138.55,3508,138.55
2010-10-12,138.55,138.55,138.55,138.55,2923,138.55
2010-10-13,136.84,140.26,133.43,133.43,12278,133.43
2010-10-14,133.43,136.84,133.43,133.43,2338,133.43
2010-10-15,128.28,133.43,128.28,133.43,4677,133.43
2010-10-18,131.7,131.7,131.7,131.7,586,131.7
2010-10-19,133.43,135.13,133.43,133.43,1754,133.43
2010-10-20,133.43,135.13,133.43,135.13,3508,135.13
2010-10-21,133.43,133.43,131.7,131.7,2338,131.7
2010-10-22,131.7,131.7,131.7,131.7,6431,131.7
2010-10-25,130.0,131.7,130.0,130.0,2338,130.0
2010-10-26,130.0,131.7,130.0,131.7,8186,131.7
2010-10-27,131.7,131.7,131.7,131.7,6431,131.7
2010-11-01,128.28,128.28,126.58,128.28,4092,128.28
2010-11-02,135.13,135.13,130.0,130.0,2923,130.0
2010-11-04,130.0,130.0,130.0,130.0,2923,130.0
2010-11-05,124.88,128.28,124.88,126.58,28062,126.58
2010-11-08,130.0,130.0,128.28,128.28,5261,128.28
2010-11-09,135.13,135.13,128.28,130.0,8186,130.0
2010-11-10,128.28,131.7,128.28,131.7,1170,131.7
2010-11-12,130.0,130.0,128.28,128.28,11108,128.28
2010-11-16,128.28,131.7,124.88,126.58,10525,126.58
2010-11-17,126.58,126.58,126.58,126.58,2338,126.58
2010-11-18,130.0,130.0,130.0,130.0,2923,130.0
2010-11-19,131.7,131.7,128.28,130.0,4677,130.0
2010-11-22,133.43,135.13,133.43,133.43,5261,133.43
2010-11-24,131.7,135.13,130.0,135.13,5848,135.13
2010-11-25,135.13,138.55,135.13,138.55,6431,138.55
2010-11-26,138.55,141.98,136.84,138.55,7599,138.55
2010-11-29,138.55,141.98,136.84,138.55,15785,138.55
2010-11-30,138.55,138.55,138.55,138.55,2923,138.55
2010-12-01,138.55,140.26,138.55,140.26,1170,140.26
2010-12-02,141.98,141.98,141.98,141.98,5848,141.98
2010-12-03,143.69,145.38,143.69,145.38,4092,145.38
2010-12-06,145.38,145.38,145.38,145.38,2923,145.38
2010-12-07,140.26,140.26,140.26,140.26,4677,140.26
2010-12-08,141.98,145.38,140.26,140.26,15202,140.26
2010-12-09,140.26,140.26,138.55,138.55,3508,138.55
2010-12-10,140.26,143.69,140.26,143.69,7016,143.69
2010-12-13,143.69,145.38,141.98,143.69,6431,143.69
2010-12-14,143.69,143.69,141.98,141.98,6431,141.98
2010-12-15,141.98,143.69,141.98,141.98,4092,141.98
2010-12-16,141.98,141.98,141.98,141.98,1754,141.98
2010-12-17,140.26,141.98,138.55,140.26,12278,140.26
2010-12-20,141.98,141.98,140.26,141.98,8186,141.98
2010-12-21,141.98,141.98,141.98,141.98,1170,141.98
2010-12-22,145.38,145.38,140.26,140.26,25140,140.26
2010-12-24,140.26,141.98,140.26,141.98,9940,141.98
2010-12-27,140.26,140.26,138.55,140.26,9354,140.26
2010-12-28,140.26,140.26,140.26,140.26,1754,140.26
2010-12-29,136.84,140.26,136.84,140.26,9354,140.26
2010-12-30,140.26,140.26,140.26,140.26,586,140.26
2011-01-04,138.55,141.98,138.55,141.98,4092,141.98
2011-01-05,141.98,145.38,141.98,145.38,15785,145.38
2011-01-06,147.1,147.1,143.69,145.38,13446,145.38
2011-01-07,147.1,153.94,147.1,148.81,11692,148.81
2011-01-11,148.81,148.81,148.81,148.81,4677,148.81
2011-01-12,148.81,148.81,148.81,148.81,10525,148.81
2011-01-13,150.52,169.33,150.52,162.5,146158,162.5
2011-01-14,169.33,174.47,159.08,164.21,156681,164.21
2011-01-17,164.21,164.21,153.94,159.08,43263,159.08
2011-01-18,159.08,164.21,155.66,164.21,29232,164.21
2011-01-19,162.5,162.5,157.36,157.36,8769,157.36
2011-01-20,162.5,162.5,160.78,160.78,5848,160.78
2011-01-21,159.08,159.08,153.94,153.94,13446,153.94
2011-01-24,155.66,155.66,153.94,153.94,7016,153.94
2011-01-25,157.36,157.36,155.66,155.66,7016,155.66
2011-01-26,159.08,159.08,155.66,159.08,5848,159.08
2011-01-27,159.08,159.08,157.36,159.08,2338,159.08
2011-01-28,159.08,159.08,157.36,157.36,11108,157.36
2011-01-31,155.66,157.36,155.66,157.36,1754,157.36
2011-02-01,157.36,157.36,152.23,155.66,4677,155.66
2011-02-02,155.66,159.08,155.66,159.08,21632,159.08
2011-02-03,157.36,160.78,155.66,155.66,9940,155.66
2011-02-04,155.66,157.36,155.66,157.36,9940,157.36
2011-02-07,157.36,162.5,157.36,162.5,5848,162.5
2011-02-08,160.78,160.78,157.36,159.08,10525,159.08
2011-02-09,159.08,159.08,157.36,157.36,11692,157.36
2011-02-10,159.08,159.08,157.36,159.08,6431,159.08
2011-02-14,159.08,159.08,155.66,159.08,12863,159.08
2011-02-15,160.78,160.78,157.36,160.78,5848,160.78
2011-02-16,157.36,157.36,155.66,157.36,13446,157.36
2011-02-17,157.36,157.36,157.36,157.36,6431,157.36
2011-02-18,159.08,159.08,157.36,159.08,5261,159.08
2011-02-21,165.92,165.92,159.08,160.78,31570,160.78
2011-02-22,162.5,162.5,160.78,160.78,6431,160.78
2011-02-23,159.08,159.08,157.36,157.36,14031,157.36
2011-02-24,159.08,159.08,157.36,159.08,2923,159.08
2011-02-25,157.36,157.36,155.66,155.66,4092,155.66
2011-02-28,157.36,159.08,157.36,157.36,7016,157.36
2011-03-01,157.36,157.36,153.94,157.36,11692,157.36
2011-03-02,157.36,159.08,157.36,159.08,4092,159.08
2011-03-03,159.08,159.08,157.36,159.08,11692,159.08
2011-03-04,157.36,160.78,157.36,159.08,3508,159.08
2011-03-07,159.08,159.08,159.08,159.08,5261,159.08
2011-03-08,159.08,160.78,159.08,160.78,7599,160.78
2011-03-09,160.78,162.5,160.78,162.5,7599,162.5
2011-03-10,162.5,169.33,162.5,162.5,33324,162.5
2011-03-11,162.5,162.5,159.08,160.78,7016,160.78
2011-03-14,212.1,212.1,212.1,212.1,126279,212.1
2011-03-15,196.71,203.56,153.94,174.47,325638,174.47
2011-03-16,172.76,183.03,171.06,176.19,87696,176.19
2011-03-17,153.94,177.89,153.94,172.76,97633,172.76
2011-03-18,179.62,194.98,179.62,186.43,60802,186.43
2011-03-22,203.56,229.2,203.56,220.64,296407,220.64
2011-03-23,229.2,256.57,222.37,248.02,398717,248.02
2011-03-24,265.13,302.78,265.13,299.35,393455,299.35
2011-03-25,316.45,323.29,273.69,280.51,327394,280.51
2011-03-28,280.51,280.51,244.6,246.31,147327,246.31
2011-03-29,234.34,249.73,229.2,248.02,91201,248.02
2011-03-30,244.6,254.86,239.47,239.47,50863,239.47
2011-03-31,241.19,244.6,236.05,239.47,50863,239.47
2011-04-01,239.47,241.19,230.93,236.05,40924,236.05
2011-04-04,237.75,246.31,237.75,242.88,55540,242.88
2011-04-05,251.44,253.16,237.75,239.47,62555,239.47
2011-04-06,234.34,236.05,222.37,222.37,48524,222.37
2011-04-07,222.37,230.93,217.24,217.24,38000,217.24
2011-04-08,217.24,222.37,210.39,218.94,54371,218.94
2011-04-11,218.94,242.88,217.24,230.93,38587,230.93
2011-04-12,232.63,236.05,229.2,232.63,18707,232.63
2011-04-13,232.63,232.63,224.07,225.8,14031,225.8
2011-04-14,225.8,227.5,222.37,227.5,29818,227.5
2011-04-15,232.63,234.34,225.8,227.5,20463,227.5
2011-04-18,225.8,225.8,220.64,222.37,17540,222.37
2011-04-19,218.94,220.64,215.5,217.24,16369,217.24
2011-04-20,217.24,218.94,210.39,210.39,29818,210.39
2011-04-21,210.39,254.86,206.96,239.47,405732,239.47
2011-04-22,222.37,225.8,215.5,220.64,92957,220.64
2011-04-25,220.64,220.64,210.39,215.5,17540,215.5
2011-04-26,215.5,215.5,206.96,208.69,27478,208.69
2011-04-27,208.69,210.39,208.69,208.69,4677,208.69
2011-04-28,208.69,212.1,205.26,205.26,11692,205.26
2011-05-02,208.69,213.81,205.26,210.39,18707,210.39
2011-05-06,210.39,222.37,206.96,222.37,34495,222.37
2011-05-09,225.8,230.93,218.94,218.94,26893,218.94
2011-05-10,222.37,222.37,212.1,213.81,12278,213.81
2011-05-11,212.1,215.5,212.1,212.1,19293,212.1
2011-05-12,210.39,212.1,210.39,212.1,5261,212.1
2011-05-13,212.1,220.64,212.1,215.5,23971,215.5
2011-05-16,210.39,212.1,203.56,205.26,11108,205.26
2011-05-17,205.26,205.26,196.71,198.41,12863,198.41
2011-05-18,196.71,200.13,196.71,200.13,4092,200.13
2011-05-19,200.13,201.86,200.13,201.86,3508,201.86
2011-05-20,200.13,203.56,200.13,200.13,4677,200.13
2011-05-23,198.41,198.41,177.89,179.62,26308,179.62
2011-05-24,171.06,179.62,171.06,174.47,38000,174.47
2011-05-25,174.47,179.62,174.47,177.89,26893,177.89
2011-05-26,174.47,181.29,174.47,179.62,15202,179.62
2011-05-27,179.62,181.29,177.89,181.29,5261,181.29
2011-05-30,181.29,189.85,179.62,189.85,7016,189.85
2011-05-31,189.85,189.85,189.85,189.85,586,189.85
2011-06-01,191.57,194.98,189.85,194.98,7016,194.98
2011-06-02,188.17,200.13,186.43,198.41,21632,198.41
2011-06-03,191.57,193.3,191.57,193.3,4677,193.3
2011-06-06,193.3,193.3,191.57,191.57,2923,191.57
2011-06-07,189.85,189.85,186.43,186.43,4092,186.43
2011-06-08,184.74,184.74,174.47,177.89,8186,177.89
2011-06-09,177.89,177.89,176.19,176.19,5261,176.19
2011-06-10,179.62,179.62,177.89,177.89,2923,177.89
2011-06-13,177.89,183.03,177.89,179.62,5261,179.62
2011-06-14,179.62,186.43,179.62,186.43,4677,186.43
2011-06-15,186.43,188.17,179.62,183.03,9354,183.03
2011-06-16,181.29,183.03,181.29,181.29,5848,181.29
2011-06-17,183.03,184.74,181.29,183.03,9354,183.03
2011-06-20,183.03,183.03,183.03,183.03,2338,183.03
2011-06-21,184.74,186.43,184.74,186.43,3508,186.43
2011-06-22,188.17,193.3,188.17,191.57,6431,191.57
2011-06-23,191.57,196.71,186.43,194.98,23971,194.98
2011-06-24,191.57,191.57,186.43,189.85,6431,189.85
2011-06-27,188.17,188.17,186.43,186.43,2338,186.43
2011-06-28,186.43,186.43,186.43,186.43,1754,186.43
2011-06-29,188.17,189.85,186.43,186.43,4677,186.43
2011-06-30,186.43,188.17,186.43,188.17,5261,188.17
2011-07-01,191.57,191.57,188.17,188.17,4677,188.17
2011-07-04,188.17,191.57,186.43,189.85,7599,189.85
2011-07-05,189.85,189.85,188.17,188.17,7599,188.17
2011-07-06,188.17,191.57,188.17,191.57,8186,191.57
2011-07-07,193.3,200.13,191.57,196.71,25724,196.71
2011-07-08,196.71,196.71,193.3,194.98,9354,194.98
2011-07-11,194.98,194.98,193.3,194.98,2923,194.98
2011-07-12,193.3,193.3,189.85,191.57,16954,191.57
2011-07-13,189.85,194.98,188.17,193.3,16369,193.3
2011-07-14,193.3,193.3,189.85,189.85,2338,189.85
2011-07-15,191.57,191.57,188.17,191.57,28647,191.57
2011-07-19,189.85,194.98,189.85,194.98,8186,194.98
2011-07-20,191.57,193.3,189.85,191.57,12278,191.57
2011-07-21,189.85,191.57,189.85,191.57,2338,191.57
2011-07-22,191.57,191.57,186.43,188.17,9354,188.17
2011-07-25,188.17,189.85,186.43,186.43,9940,186.43
2011-07-26,186.43,186.43,186.43,186.43,4092,186.43
2011-07-27,184.74,186.43,183.03,183.03,5261,183.03
2011-07-28,181.29,183.03,179.62,179.62,8186,179.62
2011-07-29,177.89,177.89,176.19,177.89,14616,177.89
2011-08-01,181.29,181.29,179.62,179.62,2338,179.62
2011-08-02,183.03,183.03,179.62,181.29,5848,181.29
2011-08-03,183.03,183.03,176.19,176.19,5261,176.19
2011-08-04,174.47,176.19,172.76,176.19,9354,176.19
2011-08-05,172.76,172.76,167.63,171.06,18707,171.06
2011-08-08,162.5,169.33,159.08,159.08,24554,159.08
2011-08-09,145.38,152.23,136.84,152.23,104063,152.23
2011-08-10,155.66,155.66,152.23,155.66,26308,155.66
2011-08-11,147.1,164.21,147.1,160.78,29232,160.78
2011-08-12,164.21,169.33,160.78,167.63,18707,167.63
2011-08-15,167.63,167.63,165.92,165.92,4677,165.92
2011-08-16,167.63,167.63,164.21,165.92,7599,165.92
2011-08-17,162.5,164.21,162.5,164.21,7016,164.21
2011-08-18,167.63,167.63,164.21,164.21,10525,164.21
2011-08-19,160.78,162.5,159.08,162.5,2923,162.5
2011-08-22,167.63,167.63,159.08,162.5,23971,162.5
2011-08-23,162.5,162.5,162.5,162.5,2923,162.5
2011-08-24,162.5,162.5,160.78,160.78,1170,160.78
2011-08-25,159.08,159.08,159.08,159.08,2338,159.08
2011-08-26,160.78,160.78,160.78,160.78,1754,160.78
2011-08-29,164.21,164.21,164.21,164.21,1170,164.21
2011-08-30,165.92,171.06,165.92,167.63,8769,167.63
2011-08-31,171.06,171.06,165.92,165.92,9940,165.92
2011-09-01,164.21,164.21,164.21,164.21,586,164.21
2011-09-02,165.92,165.92,164.21,165.92,5848,165.92
2011-09-05,165.92,167.63,165.92,167.63,8186,167.63
2011-09-06,169.33,169.33,164.21,164.21,16954,164.21
2011-09-07,167.63,181.29,165.92,169.33,37417,169.33
2011-09-08,165.92,167.63,165.92,167.63,5261,167.63
2011-09-09,167.63,167.63,162.5,165.92,12863,165.92
2011-09-12,162.5,162.5,162.5,162.5,4677,162.5
2011-09-13,164.21,164.21,159.08,160.78,5848,160.78
2011-09-14,160.78,160.78,159.08,159.08,9354,159.08
2011-09-15,155.66,157.36,155.66,155.66,10525,155.66
2011-09-16,159.08,164.21,157.36,162.5,13446,162.5
2011-09-20,162.5,164.21,160.78,164.21,16369,164.21
2011-09-21,165.92,184.74,165.92,181.29,106403,181.29
2011-09-22,183.03,205.26,183.03,196.71,149080,196.71
2011-09-26,201.86,201.86,183.03,193.3,102895,193.3
2011-09-27,194.98,217.24,189.85,213.81,218066,213.81
2011-09-28,213.81,224.07,205.26,212.1,103480,212.1
2011-09-29,203.56,212.1,203.56,210.39,55540,210.39
2011-09-30,206.96,210.39,196.71,205.26,74833,205.26
2011-10-03,193.3,198.41,179.62,198.41,87696,198.41
2011-10-04,194.98,196.71,189.85,191.57,35661,191.57
2011-10-05,193.3,193.3,188.17,189.85,34495,189.85
2011-10-06,188.17,193.3,188.17,191.57,16954,191.57
2011-10-07,188.17,193.3,188.17,191.57,16954,191.57
2011-10-11,194.98,201.86,194.98,196.71,18124,196.71
2011-10-12,196.71,213.81,196.71,208.69,109326,208.69
2011-10-13,208.69,220.64,208.69,220.64,75417,220.64
2011-10-14,222.37,224.07,215.5,220.64,60217,220.64
2011-10-17,222.37,222.37,208.69,218.94,99972,218.94
2011-10-18,217.24,218.94,212.1,217.24,81263,217.24
2011-10-19,218.94,225.8,215.5,218.94,147327,218.94
2011-10-20,218.94,218.94,212.1,212.1,60217,212.1
2011-10-21,212.1,213.81,205.26,213.81,46186,213.81
2011-10-24,215.5,215.5,208.69,208.69,19293,208.69
2011-10-25,212.1,212.1,206.96,206.96,9940,206.96
2011-10-26,206.96,210.39,206.96,210.39,13446,210.39
2011-10-27,206.96,212.1,206.96,212.1,26893,212.1
2011-10-28,210.39,210.39,205.26,206.96,22215,206.96
2011-10-31,210.39,210.39,206.96,208.69,5261,208.69
2011-11-01,208.69,208.69,205.26,205.26,15785,205.26
2011-11-02,200.13,201.86,196.71,201.86,16954,201.86
2011-11-04,200.13,200.13,191.57,193.3,35077,193.3
2011-11-07,193.3,193.3,193.3,193.3,5261,193.3
2011-11-08,189.85,191.57,188.17,189.85,11108,189.85
2011-11-09,188.17,191.57,188.17,191.57,13446,191.57
2011-11-10,189.85,189.85,181.29,181.29,5261,181.29
2011-11-11,181.29,181.29,181.29,181.29,1754,181.29
2011-11-14,183.03,188.17,181.29,188.17,9940,188.17
2011-11-15,196.71,196.71,188.17,193.3,12278,193.3
2011-11-16,189.85,193.3,188.17,188.17,4677,188.17
2011-11-17,183.03,189.85,181.29,188.17,9354,188.17
2011-11-18,184.74,184.74,179.62,181.29,9940,181.29
2011-11-21,177.89,179.62,174.47,174.47,11692,174.47
2011-11-22,172.76,172.76,171.06,172.76,8186,172.76
2011-11-24,171.06,172.76,171.06,172.76,7599,172.76
2011-11-25,171.06,176.19,171.06,176.19,2923,176.19
2011-11-28,171.06,177.89,171.06,174.47,8769,174.47
2011-11-29,176.19,176.19,176.19,176.19,2338,176.19
2011-11-30,176.19,181.29,176.19,181.29,3508,181.29
2011-12-01,184.74,196.71,184.74,193.3,29818,193.3
2011-12-02,196.71,196.71,191.57,194.98,5848,194.98
2011-12-05,193.3,198.41,191.57,196.71,40924,196.71
2011-12-06,196.71,198.41,194.98,194.98,23385,194.98
2011-12-07,191.57,194.98,188.17,189.85,17540,189.85
2011-12-08,198.41,198.41,193.3,196.71,16954,196.71
2011-12-09,194.98,194.98,193.3,193.3,5261,193.3
2011-12-12,193.3,194.98,191.57,193.3,11108,193.3
2011-12-13,196.71,196.71,189.85,191.57,22801,191.57
2011-12-14,189.85,193.3,189.85,193.3,12863,193.3
2011-12-15,191.57,191.57,189.85,191.57,7016,191.57
2011-12-16,191.57,191.57,188.17,188.17,14031,188.17
2011-12-19,184.74,184.74,176.19,176.19,28647,176.19
2011-12-20,174.47,179.62,174.47,179.62,27478,179.62
2011-12-21,183.03,183.03,176.19,177.89,8186,177.89
2011-12-22,176.19,177.89,176.19,177.89,1754,177.89
2011-12-26,177.89,179.62,176.19,179.62,18707,179.62
2011-12-27,179.62,179.62,177.89,179.62,6431,179.62
2011-12-28,183.03,183.03,179.62,181.29,2923,181.29
2011-12-29,181.29,181.29,179.62,179.62,2338,179.62
2011-12-30,179.62,179.62,177.89,179.62,8186,179.62
2012-01-04,177.89,191.57,177.89,186.43,13446,186.43
2012-01-05,193.3,206.96,188.17,201.86,282375,201.86
2012-01-06,200.13,200.13,189.85,193.3,120435,193.3
2012-01-10,198.41,217.24,196.71,212.1,206958,212.1
2012-01-11,220.64,222.37,206.96,210.39,182988,210.39
2012-01-12,210.39,210.39,203.56,205.26,46771,205.26
2012-01-13,208.69,213.81,206.96,206.96,21632,206.96
2012-01-16,210.39,277.09,206.96,261.72,982175,261.72
2012-01-17,338.66,347.2,328.41,347.2,805033,347.2
2012-01-18,388.28,400.25,292.49,316.45,1556280,316.45
2012-01-19,318.13,350.65,299.35,319.86,778724,319.86
2012-01-20,321.57,323.29,278.8,294.22,396378,294.22
2012-01-23,292.49,306.19,283.94,295.9,281208,295.9
2012-01-24,295.9,297.62,285.64,294.22,155513,294.22
2012-01-25,287.36,302.78,285.64,294.22,240866,294.22
2012-01-26,290.79,294.22,275.38,277.09,156681,277.09
2012-01-27,285.64,301.03,275.38,282.23,277699,282.23
2012-01-30,282.23,297.62,280.51,292.49,90033,292.49
2012-01-31,290.79,314.74,290.79,309.57,328561,309.57
2012-02-01,321.57,333.55,314.74,330.12,616199,330.12
2012-02-02,333.55,336.98,319.86,323.29,327394,323.29
2012-02-03,328.41,333.55,321.57,323.29,123357,323.29
2012-02-06,330.12,331.85,323.29,330.12,159604,330.12
2012-02-07,330.12,330.12,318.13,321.57,92957,321.57
2012-02-08,328.41,371.17,326.69,357.49,1079808,357.49
2012-02-09,350.65,354.08,336.98,345.53,250805,345.53
2012-02-10,338.66,343.81,333.55,333.55,109911,333.55
2012-02-13,333.55,336.98,311.32,319.86,118679,319.86
2012-02-14,311.32,313.0,306.19,311.32,88863,311.32
2012-02-15,318.13,318.13,307.9,311.32,60217,311.32
2012-02-16,316.45,316.45,307.9,307.9,45602,307.9
2012-02-17,306.19,311.32,304.45,311.32,38587,311.32
2012-02-20,306.19,307.9,292.49,294.22,80680,294.22
2012-02-21,295.9,302.78,294.22,302.78,49693,302.78
2012-02-22,306.19,324.99,306.19,323.29,92371,323.29
2012-02-23,316.45,323.29,311.32,316.45,40924,316.45
2012-02-24,316.45,316.45,311.32,313.0,25724,313.0
2012-02-27,316.45,316.45,304.45,307.9,14616,307.9
2012-02-28,299.35,304.45,299.35,299.35,18124,299.35
2012-02-29,307.9,307.9,301.03,301.03,32739,301.03
2012-03-01,301.03,301.03,290.79,290.79,56710,290.79
2012-03-02,283.94,294.22,283.94,290.79,27478,290.79
2012-03-05,290.79,304.45,290.79,302.78,36832,302.78
2012-03-06,309.57,336.98,307.9,330.12,353116,330.12
2012-03-07,318.13,326.69,309.57,321.57,106403,321.57
2012-03-08,319.86,319.86,311.32,316.45,21632,316.45
2012-03-09,316.45,321.57,311.32,314.74,22215,314.74
2012-03-12,314.74,321.57,304.45,309.57,20463,309.57
2012-03-13,307.9,318.13,307.9,316.45,8769,316.45
2012-03-14,316.45,318.13,309.57,313.0,38000,313.0
2012-03-15,313.0,314.74,304.45,306.19,25140,306.19
2012-03-16,304.45,306.19,304.45,304.45,12278,304.45
2012-03-19,302.78,307.9,301.03,307.9,16954,307.9
2012-03-21,301.03,306.19,301.03,304.45,17540,304.45
2012-03-22,304.45,328.41,304.45,319.86,84771,319.86
2012-03-23,313.0,321.57,313.0,314.74,21046,314.74
2012-03-26,314.74,314.74,306.19,306.19,24554,306.19
2012-03-27,307.9,313.0,307.9,313.0,19293,313.0
2012-03-28,307.9,313.0,307.9,313.0,15785,313.0
2012-03-29,311.32,326.69,307.9,324.99,124526,324.99
2012-03-30,326.69,326.69,319.86,319.86,25140,319.86
2012-04-02,324.99,324.99,309.57,314.74,16954,314.74
2012-04-03,311.32,313.0,309.57,309.57,16369,309.57
2012-04-04,313.0,314.74,309.57,309.57,15785,309.57
2012-04-05,311.32,316.45,309.57,316.45,14031,316.45
2012-04-06,314.74,314.74,307.9,313.0,9354,313.0
2012-04-09,316.45,316.45,309.57,314.74,22215,314.74
2012-04-10,319.86,323.29,299.35,313.0,36832,313.0
2012-04-11,302.78,321.57,302.78,321.57,57293,321.57
2012-04-12,321.57,323.29,314.74,321.57,24554,321.57
2012-04-13,321.57,324.99,304.45,323.29,39170,323.29
2012-04-16,321.57,333.55,321.57,331.85,102895,331.85
2012-04-17,333.55,333.55,323.29,330.12,59048,330.12
2012-04-18,331.85,338.66,328.41,338.66,50863,338.66
2012-04-19,335.26,335.26,326.69,328.41,12863,328.41
2012-04-20,330.12,333.55,328.41,333.55,18124,333.55
2012-04-23,336.98,336.98,324.99,324.99,19878,324.99
2012-04-24,321.57,326.69,313.0,319.86,18707,319.86
2012-04-25,326.69,326.69,316.45,323.29,7599,323.29
2012-04-26,324.99,324.99,318.13,318.13,8769,318.13
2012-04-27,313.0,314.74,306.19,307.9,20463,307.9
2012-05-01,307.9,307.9,297.62,302.78,18707,302.78
2012-05-02,306.19,306.19,290.79,290.79,12278,290.79
2012-05-07,283.94,289.07,260.0,268.56,57293,268.56
2012-05-08,278.8,278.8,265.13,266.82,7599,266.82
2012-05-09,266.82,266.82,253.16,265.13,19293,265.13
2012-05-10,258.27,280.51,258.27,270.28,33324,270.28
2012-05-11,261.72,263.4,232.63,234.34,58463,234.34
2012-05-14,237.75,244.6,236.05,241.19,37417,241.19
2012-05-15,224.07,241.19,220.64,241.19,23385,241.19
2012-05-16,232.63,244.6,227.5,237.75,13446,237.75
2012-05-17,236.05,239.47,227.5,239.47,21632,239.47
2012-05-18,229.2,246.31,227.5,242.88,19878,242.88
2012-05-21,237.75,251.44,237.75,244.6,8186,244.6
2012-05-22,251.44,260.0,248.02,251.44,61388,251.44
2012-05-23,251.44,253.16,251.44,251.44,4677,251.44
2012-05-24,242.88,254.86,242.88,253.16,5261,253.16
2012-05-25,253.16,254.86,246.31,246.31,5848,246.31
2012-05-28,237.75,242.88,237.75,237.75,5261,237.75
2012-05-29,232.63,239.47,224.07,239.47,14616,239.47
2012-05-30,234.34,234.34,232.63,232.63,6431,232.63
2012-05-31,222.37,225.8,222.37,225.8,18124,225.8
2012-06-01,220.64,220.64,201.86,205.26,39755,205.26
2012-06-04,196.71,196.71,186.43,186.43,67817,186.43
2012-06-05,193.3,193.3,188.17,193.3,43847,193.3
2012-06-06,196.71,203.56,194.98,198.41,13446,198.41
2012-06-07,200.13,206.96,196.71,201.86,50863,201.86
2012-06-08,206.96,206.96,198.41,201.86,22215,201.86
2012-06-11,208.69,210.39,206.96,206.96,12863,206.96
2012-06-12,205.26,212.1,201.86,212.1,14031,212.1
2012-06-13,213.81,227.5,213.81,213.81,36247,213.81
2012-06-14,208.69,212.1,206.96,206.96,15785,206.96
2012-06-15,210.39,213.81,210.39,210.39,9354,210.39
2012-06-18,213.81,218.94,213.81,217.24,5848,217.24
2012-06-19,217.24,224.07,213.81,213.81,8186,213.81
2012-06-20,218.94,218.94,218.94,218.94,5261,218.94
2012-06-21,220.64,220.64,218.94,218.94,5848,218.94
2012-06-22,220.64,242.88,213.81,239.47,55540,239.47
2012-06-25,246.31,253.16,246.31,248.02,20463,248.02
2012-06-26,248.02,251.44,237.75,237.75,8769,237.75
2012-06-27,239.47,241.19,227.5,237.75,15202,237.75
2012-06-28,239.47,241.19,227.5,232.63,21046,232.63
2012-06-29,241.19,244.6,236.05,242.88,20463,242.88
2012-07-02,249.73,249.73,244.6,244.6,14616,244.6
2012-07-03,251.44,251.44,246.31,249.73,9354,249.73
2012-07-04,248.02,248.02,242.88,242.88,9940,242.88
2012-07-05,242.88,242.88,241.19,241.19,4677,241.19
2012-07-06,239.47,244.6,230.93,242.88,29232,242.88
2012-07-09,237.75,239.47,236.05,236.05,2338,236.05
2012-07-10,236.05,239.47,236.05,237.75,16369,237.75
2012-07-11,237.75,237.75,234.34,234.34,23971,234.34
2012-07-12,230.93,232.63,227.5,227.5,19878,227.5
2012-07-13,224.07,225.8,218.94,225.8,13446,225.8
2012-07-17,225.8,230.93,225.8,227.5,9940,227.5
2012-07-18,224.07,224.07,212.1,212.1,33909,212.1
2012-07-19,212.1,217.24,212.1,217.24,42094,217.24
2012-07-20,217.24,225.8,217.24,220.64,14616,220.64
2012-07-23,220.64,220.64,212.1,213.81,13446,213.81
2012-07-24,210.39,212.1,206.96,212.1,11108,212.1
2012-07-25,206.96,206.96,203.56,205.26,11108,205.26
2012-07-26,205.26,212.1,203.56,212.1,8769,212.1
2012-07-27,212.1,212.1,212.1,212.1,1170,212.1
2012-07-30,213.81,213.81,205.26,205.26,7016,205.26
2012-07-31,203.56,208.69,203.56,208.69,1754,208.69
2012-08-01,208.69,208.69,206.96,208.69,7016,208.69
2012-08-02,212.1,212.1,205.26,205.26,4092,205.26
2012-08-03,198.41,200.13,198.41,200.13,8186,200.13
2012-08-06,203.56,203.56,191.57,196.71,11108,196.71
2012-08-07,193.3,193.3,191.57,193.3,7599,193.3
2012-08-08,194.98,194.98,186.43,186.43,19293,186.43
2012-08-09,186.43,189.85,184.74,188.17,17540,188.17
2012-08-10,186.43,193.3,186.43,193.3,20463,193.3
2012-08-13,189.85,194.98,189.85,193.3,5261,193.3
2012-08-14,194.98,201.86,191.57,200.13,20463,200.13
2012-08-15,200.13,212.1,198.41,203.56,22215,203.56
2012-08-16,206.96,227.5,206.96,224.07,34495,224.07
2012-08-17,241.19,241.19,229.2,230.93,53201,230.93
2012-08-20,239.47,239.47,230.93,239.47,32156,239.47
2012-08-21,241.19,241.19,234.34,239.47,20463,239.47
2012-08-22,239.47,239.47,236.05,237.75,11108,237.75
2012-08-23,229.2,230.93,224.07,230.93,16369,230.93
2012-08-24,222.37,227.5,220.64,227.5,30400,227.5
2012-08-27,224.07,230.93,224.07,230.93,4677,230.93
2012-08-28,230.93,230.93,224.07,230.93,9940,230.93
2012-08-29,225.8,232.63,225.8,230.93,6431,230.93
2012-08-30,230.93,230.93,224.07,225.8,7599,225.8
2012-08-31,218.94,220.64,217.24,220.64,21632,220.64
2012-09-03,225.8,225.8,225.8,225.8,4092,225.8
2012-09-04,229.2,229.2,218.94,220.64,8769,220.64
2012-09-05,218.94,220.64,212.1,212.1,7599,212.1
2012-09-06,208.69,208.69,208.69,208.69,1170,208.69
2012-09-07,212.1,212.1,208.69,210.39,5261,210.39
2012-09-10,208.69,210.39,206.96,208.69,4092,208.69
2012-09-11,208.69,210.39,205.26,208.69,11692,208.69
2012-09-12,212.1,213.81,205.26,205.26,5848,205.26
2012-09-13,212.1,213.81,210.39,210.39,4092,210.39
2012-09-14,213.81,213.81,212.1,213.81,12278,213.81
2012-09-18,213.81,213.81,212.1,212.1,7016,212.1
2012-09-19,210.39,218.94,210.39,213.81,39755,213.81
2012-09-20,215.5,220.64,215.5,217.24,35661,217.24
2012-09-21,218.94,218.94,217.24,217.24,9354,217.24
2012-09-24,217.24,217.24,212.1,217.24,7599,217.24
2012-09-25,215.5,215.5,213.81,213.81,1754,213.81
2012-09-26,218.94,218.94,218.94,218.94,15202,218.94
2012-09-27,217.24,217.24,217.24,217.24,586,217.24
2012-09-28,218.94,218.94,213.81,213.81,4092,213.81
2012-10-01,215.5,215.5,212.1,212.1,1754,212.1
2012-10-02,215.5,215.5,208.69,208.69,10525,208.69
2012-10-03,208.69,212.1,206.96,212.1,4677,212.1
2012-10-04,210.39,210.39,210.39,210.39,4677,210.39
2012-10-05,208.69,212.1,208.69,210.39,3508,210.39
2012-10-09,210.39,210.39,210.39,210.39,5261,210.39
2012-10-10,210.39,210.39,210.39,210.39,2923,210.39
2012-10-11,210.39,210.39,208.69,210.39,7016,210.39
2012-10-12,212.1,213.81,210.39,210.39,7599,210.39
2012-10-15,212.1,212.1,208.69,210.39,10525,210.39
2012-10-16,208.69,213.81,208.69,212.1,4677,212.1
2012-10-17,212.1,213.81,212.1,213.81,2338,213.81
2012-10-18,215.5,215.5,215.5,215.5,5848,215.5
2012-10-19,213.81,213.81,213.81,213.81,4092,213.81
2012-10-22,213.81,218.94,212.1,217.24,12863,217.24
2012-10-23,220.64,230.93,217.24,222.37,64308,222.37
2012-10-24,222.37,227.5,222.37,227.5,15785,227.5
2012-10-25,236.05,242.88,232.63,241.19,81263,241.19
2012-10-26,237.75,237.75,229.2,234.34,25724,234.34
2012-10-29,232.63,234.34,229.2,234.34,19878,234.34
2012-10-30,232.63,236.05,225.8,227.5,15785,227.5
2012-10-31,232.63,232.63,227.5,232.63,11108,232.63
2012-11-01,232.63,234.34,230.93,234.34,14616,234.34
2012-11-02,241.19,242.88,234.34,234.34,43263,234.34
2012-11-05,230.93,230.93,217.24,222.37,54371,222.37
2012-11-06,220.64,225.8,220.64,220.64,35077,220.64
2012-11-07,222.37,227.5,222.37,227.5,5261,227.5
2012-11-08,222.37,227.5,222.37,225.8,8186,225.8
2012-11-09,220.64,229.2,220.64,222.37,15785,222.37
2012-11-12,222.37,222.37,217.24,218.94,11108,218.94
2012-11-13,224.07,224.07,220.64,220.64,7016,220.64
2012-11-14,220.64,224.07,220.64,224.07,2338,224.07
2012-11-15,232.63,237.75,230.93,237.75,38000,237.75
2012-11-16,239.47,246.31,236.05,244.6,40924,244.6
2012-11-20,251.44,251.44,237.75,246.31,28647,246.31
2012-11-21,237.75,242.88,237.75,241.19,40924,241.19
2012-11-22,241.19,248.02,241.19,244.6,15785,244.6
2012-11-26,248.02,248.02,239.47,242.88,19878,242.88
2012-11-27,241.19,248.02,239.47,248.02,42678,248.02
2012-11-28,256.57,256.57,249.73,253.16,47354,253.16
2012-11-29,256.57,263.4,254.86,263.4,27478,263.4
2012-11-30,266.82,266.82,253.16,258.27,19878,258.27
2012-12-03,265.13,289.07,263.4,271.97,139142,271.97
2012-12-04,273.69,287.36,273.69,278.8,105233,278.8
2012-12-05,277.09,287.36,273.69,278.8,52032,278.8
2012-12-06,278.8,283.94,278.8,282.23,27478,282.23
2012-12-07,289.07,299.35,283.94,299.35,74833,299.35
2012-12-10,304.45,307.9,290.79,297.62,198774,297.62
2012-12-11,295.9,297.62,280.51,295.9,39170,295.9
2012-12-12,289.07,292.49,289.07,289.07,29818,289.07
2012-12-13,289.07,294.22,285.64,290.79,28062,290.79
2012-12-14,287.36,295.9,283.94,292.49,39755,292.49
2012-12-17,297.62,306.19,295.9,295.9,63140,295.9
2012-12-18,301.03,307.9,297.62,307.9,99387,307.9
2012-12-19,319.86,355.78,316.45,343.81,409241,343.81
2012-12-20,345.53,348.95,326.69,330.12,205205,330.12
2012-12-21,333.55,345.53,306.19,319.86,241452,319.86
2012-12-25,333.55,345.53,330.12,343.81,304006,343.81
2012-12-26,348.95,367.75,347.2,359.21,416255,359.21
2012-12-27,372.88,379.72,355.78,355.78,218066,355.78
2012-12-28,352.36,354.08,338.66,347.2,154342,347.2
2013-01-04,355.78,355.78,345.53,348.95,83602,348.95
2013-01-07,352.36,355.78,331.85,343.81,136219,343.81
2013-01-08,342.09,352.36,340.39,350.65,70741,350.65
2013-01-09,350.65,364.33,343.81,364.33,130373,364.33
2013-01-10,372.88,374.6,362.62,362.62,128034,362.62
2013-01-11,362.62,364.33,352.36,357.49,83018,357.49
2013-01-15,362.62,362.62,354.08,359.21,68402,359.21
2013-01-16,362.62,383.15,359.21,371.17,348439,371.17
2013-01-17,367.75,372.88,343.81,359.21,116341,359.21
2013-01-18,360.92,362.62,352.36,357.49,60217,357.49
2013-01-21,360.92,362.62,348.95,350.65,85940,350.65
2013-01-22,352.36,360.92,352.36,355.78,45016,355.78
2013-01-23,357.49,357.49,328.41,336.98,85357,336.98
2013-01-24,350.65,350.65,336.98,342.09,40924,342.09
2013-01-25,342.09,343.81,333.55,336.98,64894,336.98
2013-01-28,345.53,345.53,328.41,336.98,55540,336.98
2013-01-29,335.26,338.66,326.69,333.55,69572,333.55
2013-01-30,333.55,345.53,333.55,340.39,85357,340.39
2013-01-31,342.09,342.09,333.55,338.66,21046,338.66
2013-02-01,335.26,340.39,335.26,335.26,32156,335.26
2013-02-04,340.39,342.09,335.26,340.39,32156,340.39
2013-02-05,336.98,338.66,335.26,336.98,17540,336.98
2013-02-06,342.09,367.75,335.26,367.75,232682,367.75
2013-02-07,367.75,367.75,352.36,362.62,129204,362.62
2013-02-08,367.75,372.88,359.21,359.21,187665,359.21
2013-02-12,396.85,401.98,367.75,371.17,588720,371.17
2013-02-13,366.04,366.04,347.2,352.36,124526,352.36
2013-02-14,343.81,355.78,343.81,348.95,38000,348.95
2013-02-15,347.2,347.2,318.13,333.55,93540,333.55
2013-02-18,333.55,343.81,326.69,338.66,41509,338.66
2013-02-19,342.09,357.49,342.09,354.08,52032,354.08
2013-02-20,348.95,355.78,347.2,352.36,47354,352.36
2013-02-21,352.36,355.78,347.2,347.2,9940,347.2
2013-02-22,354.08,354.08,336.98,343.81,25140,343.81
2013-02-25,348.95,348.95,342.09,345.53,32739,345.53
2013-02-26,340.39,343.81,338.66,342.09,31570,342.09
2013-02-27,343.81,357.49,343.81,352.36,83602,352.36
2013-02-28,352.36,362.62,352.36,355.78,80095,355.78
2013-03-01,355.78,362.62,355.78,360.92,49693,360.92
2013-03-04,367.75,367.75,360.92,362.62,42678,362.62
2013-03-05,362.62,364.33,348.95,357.49,81848,357.49
2013-03-06,357.49,357.49,348.95,354.08,53785,354.08
2013-03-07,359.21,359.21,352.36,354.08,33324,354.08
2013-03-08,352.36,357.49,352.36,352.36,24554,352.36
2013-03-11,355.78,359.21,352.36,357.49,33909,357.49
2013-03-12,359.21,362.62,354.08,354.08,43847,354.08
2013-03-13,357.49,362.62,350.65,360.92,63726,360.92
2013-03-14,360.92,366.04,357.49,362.62,26893,362.62
2013-03-15,362.62,362.62,357.49,359.21,34495,359.21
2013-03-18,360.92,367.75,357.49,366.04,70156,366.04
2013-03-19,367.75,367.75,360.92,366.04,47941,366.04
2013-03-21,362.62,364.33,359.21,362.62,54955,362.62
2013-03-22,360.92,362.62,357.49,360.92,45016,360.92
2013-03-25,360.92,360.92,355.78,359.21,37417,359.21
2013-03-26,359.21,359.21,354.08,354.08,29232,354.08
2013-03-27,354.08,357.49,352.36,352.36,17540,352.36
2013-03-28,350.65,352.36,342.09,343.81,90033,343.81
2013-03-29,343.81,343.81,328.41,331.85,43263,331.85
2013-04-01,340.39,340.39,318.13,321.57,53201,321.57
2013-04-02,321.57,323.29,304.45,319.86,33324,319.86
2013-04-03,319.86,336.98,319.86,335.26,18707,335.26
2013-04-04,326.69,333.55,326.69,333.55,12863,333.55
2013-04-05,336.98,342.09,319.86,333.55,36247,333.55
2013-04-08,333.55,343.81,331.85,342.09,32739,342.09
2013-04-09,348.95,352.36,342.09,350.65,40924,350.65
2013-04-10,350.65,389.99,350.65,381.43,403978,381.43
2013-04-11,391.71,391.71,371.17,371.17,152004,371.17
2013-04-12,362.62,369.48,362.62,366.04,45016,366.04
2013-04-15,364.33,372.88,357.49,366.04,50279,366.04
2013-04-16,359.21,362.62,352.36,357.49,28062,357.49
2013-04-17,364.33,367.75,357.49,359.21,34495,359.21
2013-04-18,359.21,362.62,357.49,360.92,23385,360.92
2013-04-19,360.92,360.92,355.78,359.21,11108,359.21
2013-04-22,364.33,383.15,362.62,383.15,94125,383.15
2013-04-23,384.87,425.92,378.02,420.78,604506,420.78
2013-04-24,461.82,461.82,405.39,413.94,319207,413.94
2013-04-25,410.51,417.37,400.25,410.51,133295,410.51
2013-04-26,425.92,453.28,420.78,427.63,229175,427.63
2013-04-30,429.32,437.88,419.07,432.74,65479,432.74
2013-05-01,424.19,431.06,422.5,425.92,34495,425.92
2013-05-02,432.74,432.74,417.37,424.19,25724,424.19
2013-05-07,431.06,437.88,427.63,437.88,68986,437.88
2013-05-08,443.02,458.43,436.18,456.7,150834,456.7
2013-05-09,451.57,456.7,439.6,444.73,77755,444.73
2013-05-10,444.73,444.73,429.32,434.48,40339,434.48
2013-05-13,432.74,437.88,429.32,432.74,59632,432.74
2013-05-14,432.74,460.13,429.32,451.57,77171,451.57
2013-05-15,451.57,451.57,410.51,410.51,85940,410.51
2013-05-16,420.78,422.5,357.49,388.28,161357,388.28
2013-05-17,401.98,419.07,391.71,415.65,43263,415.65
2013-05-20,419.07,427.63,408.79,415.65,26893,415.65
2013-05-21,420.78,420.78,401.98,412.23,26893,412.23
2013-05-22,412.23,412.23,398.55,407.1,50279,407.1
2013-05-23,405.39,408.79,386.56,386.56,70156,386.56
2013-05-24,393.43,405.39,389.99,398.55,43847,398.55
2013-05-27,389.99,389.99,381.43,383.15,7016,383.15
2013-05-28,386.56,393.43,386.56,393.43,14616,393.43
2013-05-29,396.85,396.85,384.87,386.56,9940,386.56
2013-05-30,384.87,384.87,367.75,367.75,16369,367.75
2013-05-31,367.75,376.32,367.75,371.17,16369,371.17
2013-06-03,379.72,379.72,347.2,359.21,20463,359.21
2013-06-04,367.75,367.75,352.36,364.33,7016,364.33
2013-06-05,364.33,391.71,364.33,381.43,35077,381.43
2013-06-06,372.88,372.88,354.08,362.62,10525,362.62
2013-06-07,350.65,355.78,336.98,342.09,24554,342.09
2013-06-10,359.21,369.48,352.36,352.36,4092,352.36
2013-06-11,366.04,366.04,360.92,360.92,3508,360.92
2013-06-12,362.62,364.33,350.65,362.62,7599,362.62
2013-06-13,371.17,371.17,350.65,367.75,4677,367.75
2013-06-14,366.04,366.04,359.21,366.04,7599,366.04
2013-06-17,355.78,366.04,355.78,366.04,9354,366.04
2013-06-18,366.04,367.75,359.21,367.75,7599,367.75
2013-06-19,360.92,366.04,357.49,362.62,14616,362.62
2013-06-20,360.92,362.62,355.78,362.62,6431,362.62
2013-06-21,355.78,355.78,343.81,348.95,6431,348.95
2013-06-24,352.36,352.36,348.95,352.36,20463,352.36
2013-06-25,352.36,352.36,326.69,340.39,30986,340.39
2013-06-26,343.81,347.2,333.55,343.81,6431,343.81
2013-06-27,333.55,342.09,328.41,338.66,26893,338.66
2013-06-28,335.26,357.49,335.26,345.53,21046,345.53
2013-07-01,355.78,355.78,345.53,354.08,9354,354.08
2013-07-02,360.92,360.92,350.65,357.49,13446,357.49
2013-07-03,362.62,362.62,354.08,357.49,22215,357.49
2013-07-04,362.62,371.17,355.78,371.17,19878,371.17
2013-07-05,372.88,391.71,371.17,389.99,46186,389.99
2013-07-08,403.67,403.67,384.87,384.87,29818,384.87
2013-07-09,388.28,388.28,369.48,378.02,13446,378.02
2013-07-10,369.48,376.32,369.48,374.6,7599,374.6
2013-07-11,374.6,381.43,374.6,381.43,26308,381.43
2013-07-12,383.15,389.99,376.32,376.32,11108,376.32
2013-07-16,393.43,393.43,374.6,376.32,26893,376.32
2013-07-17,374.6,376.32,372.88,376.32,9940,376.32
2013-07-18,378.02,383.15,378.02,381.43,7599,381.43
2013-07-19,389.99,389.99,381.43,389.99,49693,389.99
2013-07-22,389.99,396.85,388.28,391.71,12863,391.71
2013-07-23,389.99,389.99,386.56,386.56,9354,386.56
2013-07-24,388.28,389.99,386.56,386.56,2923,386.56
2013-07-25,384.87,384.87,379.72,379.72,9940,379.72
2013-07-26,378.02,378.02,367.75,367.75,5261,367.75
2013-07-29,354.08,359.21,347.2,352.36,24554,352.36
2013-07-30,355.78,367.75,355.78,367.75,5261,367.75
2013-07-31,362.62,384.87,354.08,354.08,14031,354.08
2013-08-01,348.95,354.08,348.95,354.08,3508,354.08
2013-08-02,374.6,374.6,360.92,364.33,7016,364.33
2013-08-05,378.02,378.02,367.75,369.48,12278,369.48
2013-08-06,378.02,384.87,369.48,378.02,45602,378.02
2013-08-07,371.17,376.32,371.17,372.88,9354,372.88
2013-08-08,371.17,372.88,362.62,367.75,11108,367.75
2013-08-09,374.6,378.02,369.48,374.6,88279,374.6
2013-08-12,357.49,357.49,326.69,348.95,38000,348.95
2013-08-13,350.65,357.49,350.65,357.49,1170,357.49
2013-08-14,354.08,355.78,347.2,355.78,2338,355.78
2013-08-15,355.78,355.78,355.78,355.78,1754,355.78
2013-08-16,354.08,354.08,348.95,350.65,54371,350.65
2013-08-19,354.08,386.56,354.08,386.56,51448,386.56
2013-08-20,384.87,384.87,360.92,360.92,21632,360.92
2013-08-21,367.75,378.02,362.62,364.33,9940,364.33
2013-08-22,366.04,366.04,364.33,364.33,5848,364.33
2013-08-23,374.6,374.6,366.04,366.04,2338,366.04
2013-08-26,372.88,372.88,367.75,367.75,2923,367.75
2013-08-27,372.88,372.88,366.04,366.04,1170,366.04
2013-08-28,359.21,359.21,352.36,354.08,6431,354.08
2013-08-29,355.78,366.04,355.78,366.04,3508,366.04
2013-09-02,359.21,367.75,359.21,364.33,4092,364.33
2013-09-03,374.6,384.87,374.6,384.87,25724,384.87
2013-09-04,376.32,384.87,376.32,376.32,9940,376.32
2013-09-05,389.99,393.43,376.32,376.32,32156,376.32
2013-09-06,384.87,388.28,381.43,384.87,36832,384.87
2013-09-09,427.63,441.29,410.51,427.63,174219,427.63
2013-09-10,439.6,477.23,434.48,449.86,435548,449.86
2013-09-11,477.23,478.94,424.19,424.19,192928,424.19
2013-09-12,420.78,444.73,412.23,443.02,74248,443.02
2013-09-13,443.02,453.28,439.6,446.44,127449,446.44
2013-09-17,456.7,468.67,453.28,456.7,124526,456.7
2013-09-18,525.14,525.14,436.18,451.57,389363,451.57
2013-09-19,458.43,490.9,451.57,473.81,140311,473.81
2013-09-20,475.51,475.51,466.97,468.67,43847,468.67
2013-09-24,461.82,466.97,455.0,458.43,37417,458.43
2013-09-25,448.14,448.14,422.5,425.92,220405,425.92
2013-09-26,431.06,443.02,420.78,441.29,71909,441.29
2013-09-27,437.88,443.02,417.37,432.74,90618,432.74
2013-09-30,424.19,439.6,422.5,432.74,34495,432.74
2013-10-01,432.74,441.29,427.63,431.06,26308,431.06
2013-10-02,431.06,434.48,419.07,420.78,63726,420.78
2013-10-03,417.37,425.92,415.65,417.37,18124,417.37
2013-10-04,415.65,417.37,413.94,413.94,10525,413.94
2013-10-07,413.94,415.65,395.11,396.85,23385,396.85
2013-10-08,384.87,407.1,384.87,403.67,33324,403.67
2013-10-09,395.11,408.79,395.11,408.79,16954,408.79
2013-10-10,413.94,424.19,412.23,415.65,22215,415.65
2013-10-11,424.19,424.19,419.07,422.5,28647,422.5
2013-10-15,422.5,424.19,420.78,420.78,12863,420.78
2013-10-16,424.19,424.19,417.37,420.78,21046,420.78
2013-10-17,422.5,427.63,410.51,415.65,60217,415.65
2013-10-18,417.37,425.92,413.94,420.78,23385,420.78
2013-10-21,424.19,434.48,424.19,429.32,38587,429.32
2013-10-22,427.63,431.06,425.92,431.06,37417,431.06
2013-10-23,436.18,437.88,425.92,425.92,22215,425.92
2013-10-24,420.78,431.06,419.07,429.32,25724,429.32
2013-10-25,431.06,431.06,424.19,429.32,10525,429.32
2013-10-28,429.32,439.6,425.92,437.88,44432,437.88
2013-10-29,461.82,485.77,453.28,463.55,246129,463.55
2013-10-30,466.97,466.97,437.88,453.28,88279,453.28
2013-10-31,455.0,458.43,437.88,437.88,45602,437.88
2013-11-01,436.18,451.57,425.92,436.18,67817,436.18
2013-11-05,437.88,437.88,429.32,431.06,10525,431.06
2013-11-06,429.32,437.88,429.32,436.18,8186,436.18
2013-11-07,439.6,441.29,427.63,429.32,18124,429.32
2013-11-08,432.74,434.48,425.92,434.48,17540,434.48
2013-11-11,427.63,437.88,427.63,434.48,30400,434.48
2013-11-12,432.74,453.28,419.07,425.92,80095,425.92
2013-11-13,425.92,432.74,420.78,429.32,16954,429.32
2013-11-14,427.63,432.74,427.63,431.06,6431,431.06
2013-11-15,427.63,432.74,424.19,425.92,23971,425.92
2013-11-18,429.32,441.29,429.32,436.18,42094,436.18
2013-11-19,434.48,439.6,434.48,437.88,15202,437.88
2013-11-20,437.88,437.88,431.06,436.18,10525,436.18
2013-11-21,436.18,436.18,431.06,431.06,8186,431.06
2013-11-22,432.74,432.74,427.63,427.63,25724,427.63
2013-11-25,427.63,434.48,424.19,431.06,30400,431.06
2013-11-26,431.06,432.74,425.92,431.06,11108,431.06
2013-11-27,425.92,425.92,424.19,424.19,29818,424.19
2013-11-28,424.19,427.63,422.5,424.19,7599,424.19
2013-11-29,424.19,424.19,420.78,422.5,15785,422.5
2013-12-02,422.5,429.32,422.5,429.32,13446,429.32
2013-12-03,436.18,436.18,427.63,431.06,27478,431.06
2013-12-04,429.32,429.32,429.32,429.32,6431,429.32
2013-12-05,429.32,429.32,427.63,427.63,8769,427.63
2013-12-06,424.19,424.19,420.78,422.5,8186,422.5
2013-12-09,425.92,425.92,413.94,419.07,46186,419.07
2013-12-10,412.23,413.94,410.51,410.51,29232,410.51
2013-12-11,408.79,415.65,408.79,415.65,29818,415.65
2013-12-12,412.23,412.23,410.51,410.51,9940,410.51
2013-12-13,412.23,412.23,408.79,410.51,14616,410.51
2013-12-16,407.1,408.79,401.98,401.98,5261,401.98
2013-12-17,400.25,410.51,389.99,410.51,23385,410.51
2013-12-18,401.98,410.51,398.55,407.1,21632,407.1
2013-12-19,405.39,412.23,405.39,410.51,19293,410.51
2013-12-20,413.94,413.94,401.98,403.67,16954,403.67
2013-12-24,403.67,403.67,396.85,400.25,15785,400.25
2013-12-25,400.25,415.65,400.25,415.65,21046,415.65
2013-12-26,436.18,449.86,436.18,441.29,127449,441.29
2013-12-27,441.29,443.02,431.06,431.06,26308,431.06
2013-12-30,443.02,453.28,436.18,453.28,95295,453.28
2014-01-06,455.0,455.0,441.29,449.86,56124,449.86
2014-01-07,449.86,451.57,439.6,444.73,29232,444.73
2014-01-08,448.14,449.86,448.14,448.14,14031,448.14
2014-01-09,444.73,444.73,441.29,444.73,10525,444.73
2014-01-10,448.14,448.14,439.6,446.44,21046,446.44
2014-01-14,443.02,446.44,439.6,443.02,41509,443.02
2014-01-15,444.73,453.28,444.73,448.14,43847,448.14
2014-01-16,455.0,455.0,448.14,453.28,16369,453.28
2014-01-17,449.86,453.28,449.86,449.86,20463,449.86
2014-01-20,449.86,455.0,449.86,455.0,29232,455.0
2014-01-21,455.0,455.0,451.57,451.57,16369,451.57
2014-01-22,460.13,460.13,453.28,453.28,14031,453.28
2014-01-23,461.82,466.97,453.28,455.0,50863,455.0
2014-01-24,448.14,449.86,444.73,446.44,23971,446.44
2014-01-27,443.02,443.02,427.63,432.74,29232,432.74
2014-01-28,432.74,441.29,432.74,432.74,14031,432.74
2014-01-29,437.88,444.73,437.88,443.02,14031,443.02
2014-01-30,434.48,443.02,432.74,432.74,18124,432.74
2014-01-31,444.73,444.73,431.06,431.06,4092,431.06
2014-02-03,427.63,431.06,419.07,422.5,21632,422.5
2014-02-04,420.78,420.78,379.72,388.28,54371,388.28
2014-02-05,395.11,412.23,371.17,400.25,36247,400.25
2014-02-06,429.32,429.32,403.67,413.94,11692,413.94
2014-02-07,412.23,424.19,407.1,413.94,9354,413.94
2014-02-10,419.07,422.5,419.07,419.07,1754,419.07
2014-02-12,427.63,432.74,427.63,431.06,5261,431.06
2014-02-13,431.06,434.48,412.23,412.23,12278,412.23
2014-02-14,403.67,407.1,386.56,391.71,30986,391.71
2014-02-17,396.85,396.85,389.99,391.71,5848,391.71
2014-02-18,393.43,400.25,393.43,400.25,4092,400.25
2014-02-19,403.67,405.39,403.67,405.39,5261,405.39
2014-02-20,400.25,400.25,400.25,400.25,2338,400.25
2014-02-21,395.11,400.25,395.11,400.25,7016,400.25
2014-02-24,408.79,408.79,405.39,405.39,2338,405.39
2014-02-25,405.39,408.79,405.39,408.79,2338,408.79
2014-02-26,401.98,401.98,396.85,400.25,2923,400.25
2014-02-27,408.79,408.79,398.55,398.55,2923,398.55
2014-02-28,398.55,398.55,395.11,395.11,1754,395.11
2014-03-03,393.43,393.43,386.56,393.43,8769,393.43
2014-03-04,379.72,386.56,376.32,384.87,11108,384.87
2014-03-05,388.28,393.43,388.28,389.99,5261,389.99
2014-03-06,389.99,393.43,389.99,393.43,5261,393.43
2014-03-07,393.43,398.55,389.99,393.43,12278,393.43
2014-03-10,386.56,398.55,386.56,396.85,9940,396.85
2014-03-11,396.85,398.55,396.85,398.55,5848,398.55
2014-03-12,400.25,400.25,393.43,398.55,5261,398.55
2014-03-13,400.25,400.25,400.25,400.25,9354,400.25
2014-03-14,388.28,398.55,386.56,388.28,4677,388.28
2014-03-17,384.87,386.56,384.87,386.56,1170,386.56
2014-03-18,401.98,401.98,401.98,401.98,12278,401.98
2014-03-19,401.98,401.98,384.87,389.99,16369,389.99
2014-03-20,393.43,393.43,384.87,384.87,19878,384.87
2014-03-24,383.15,400.25,360.92,360.92,105818,360.92
2014-03-25,367.75,374.6,364.33,374.6,35077,374.6
2014-03-26,374.6,374.6,366.04,369.48,9940,369.48
2014-03-27,362.62,367.75,362.62,366.04,7599,366.04
2014-03-28,367.75,367.75,364.33,364.33,11692,364.33
2014-03-31,367.75,367.75,364.33,367.75,12278,367.75
2014-04-01,366.04,379.72,366.04,374.6,22801,374.6
2014-04-02,378.02,384.87,376.32,376.32,18707,376.32
2014-04-03,376.32,381.43,376.32,379.72,13446,379.72
2014-04-04,378.02,389.99,378.02,389.99,11692,389.99
2014-04-07,388.28,388.28,378.02,384.87,2923,384.87
2014-04-08,378.02,379.72,374.6,374.6,19293,374.6
2014-04-09,374.6,374.6,369.48,369.48,5848,369.48
2014-04-10,371.17,371.17,354.08,355.78,26893,355.78
2014-04-11,348.95,357.49,347.2,355.78,15202,355.78
2014-04-14,357.49,357.49,357.49,357.49,2338,357.49
2014-04-15,367.75,369.48,359.21,364.33,10525,364.33
2014-04-16,367.75,376.32,366.04,372.88,13446,372.88
2014-04-17,376.32,391.71,372.88,391.71,23385,391.71
2014-04-18,391.71,391.71,384.87,386.56,7016,386.56
2014-04-21,386.56,389.99,381.43,381.43,11692,381.43
2014-04-22,386.56,395.11,383.15,393.43,22215,393.43
2014-04-23,393.43,475.51,386.56,434.48,292315,434.48
2014-04-24,432.74,444.73,427.63,436.18,113417,436.18
2014-04-25,437.88,443.02,432.74,432.74,40339,432.74
2014-04-28,425.92,432.74,424.19,432.74,28062,432.74
2014-04-30,434.48,434.48,427.63,432.74,8769,432.74
2014-05-01,432.74,439.6,424.19,437.88,29818,437.88
2014-05-02,437.88,437.88,436.18,437.88,7599,437.88
2014-05-07,441.29,441.29,429.32,434.48,12863,434.48
2014-05-08,436.18,436.18,427.63,427.63,3508,427.63
2014-05-09,427.63,427.63,422.5,422.5,5848,422.5
2014-05-12,422.5,425.92,389.99,395.11,38587,395.11
2014-05-13,401.98,434.48,393.43,395.11,39170,395.11
2014-05-14,388.28,398.55,381.43,389.99,26893,389.99
2014-05-15,384.87,386.56,384.87,386.56,2923,386.56
2014-05-16,386.56,396.85,386.56,386.56,2923,386.56
2014-05-19,389.99,389.99,386.56,386.56,3508,386.56
2014-05-20,389.99,389.99,379.72,379.72,4092,379.72
2014-05-21,367.75,374.6,367.75,374.6,15202,374.6
2014-05-22,376.32,384.87,376.32,383.15,4092,383.15
2014-05-23,386.56,388.28,386.56,388.28,2338,388.28
2014-05-26,391.71,391.71,391.71,391.71,1170,391.71
2014-05-27,466.97,466.97,424.19,431.06,261329,431.06
2014-05-28,436.18,436.18,429.32,429.32,40924,429.32
2014-05-29,427.63,427.63,425.92,427.63,28062,427.63
2014-05-30,427.63,429.32,424.19,427.63,8186,427.63
2014-06-02,425.92,437.88,424.19,436.18,18707,436.18
2014-06-03,441.29,441.29,434.48,441.29,18707,441.29
2014-06-04,436.18,439.6,434.48,434.48,12863,434.48
2014-06-05,431.06,432.74,429.32,431.06,8186,431.06
2014-06-06,427.63,434.48,419.07,434.48,18707,434.48
2014-06-09,434.48,434.48,431.06,432.74,10525,432.74
2014-06-10,432.74,432.74,431.06,431.06,15785,431.06
2014-06-11,431.06,431.06,431.06,431.06,14031,431.06
2014-06-12,429.32,434.48,429.32,434.48,10525,434.48
2014-06-13,434.48,436.18,434.48,434.48,9940,434.48
2014-06-16,432.74,432.74,431.06,431.06,7016,431.06
2014-06-17,434.48,436.18,434.48,436.18,9940,436.18
2014-06-18,437.88,439.6,437.88,439.6,5261,439.6
2014-06-19,439.6,448.14,439.6,444.73,31570,444.73
2014-06-20,444.73,446.44,439.6,439.6,18124,439.6
2014-06-23,448.14,451.57,448.14,451.57,16954,451.57
2014-06-24,448.14,448.14,446.44,448.14,6431,448.14
2014-06-25,451.57,455.0,451.57,455.0,3508,455.0
2014-06-26,444.73,444.73,437.88,444.73,9940,444.73
2014-06-27,448.14,448.14,443.02,443.02,2338,443.02
2014-06-30,434.48,434.48,431.06,432.74,2923,432.74
2014-07-01,432.74,441.29,431.06,441.29,10525,441.29
2014-07-02,437.88,437.88,431.06,437.88,14031,437.88
2014-07-03,437.88,439.6,434.48,434.48,9940,434.48
2014-07-04,427.63,439.6,427.63,439.6,42678,439.6
2014-07-07,448.14,448.14,436.18,439.6,35077,439.6
2014-07-08,437.88,444.73,434.48,444.73,16954,444.73
2014-07-09,443.02,443.02,434.48,443.02,9940,443.02
2014-07-10,443.02,443.02,436.18,436.18,8769,436.18
2014-07-11,436.18,436.18,436.18,436.18,5848,436.18
2014-07-14,436.18,436.18,432.74,434.48,18124,434.48
2014-07-15,434.48,434.48,434.48,434.48,1170,434.48
2014-07-16,434.48,436.18,427.63,434.48,12863,434.48
2014-07-17,434.48,443.02,434.48,434.48,14616,434.48
2014-07-18,439.6,444.73,439.6,441.29,33909,441.29
2014-07-22,444.73,449.86,443.02,449.86,32739,449.86
2014-07-23,449.86,451.57,448.14,451.57,11108,451.57
2014-07-24,446.44,446.44,444.73,446.44,6431,446.44
2014-07-25,451.57,451.57,439.6,439.6,12278,439.6
2014-07-28,443.02,446.44,432.74,443.02,6431,443.02
2014-07-29,443.02,444.73,443.02,444.73,5848,444.73
2014-07-30,441.29,441.29,441.29,441.29,586,441.29
2014-07-31,448.14,448.14,443.02,444.73,14031,444.73
2014-08-01,437.88,437.88,437.88,437.88,1754,437.88
2014-08-04,439.6,439.6,437.88,437.88,2923,437.88
2014-08-05,449.86,449.86,443.02,444.73,18124,444.73
2014-08-06,439.6,439.6,434.48,436.18,9354,436.18
2014-08-07,446.44,446.44,439.6,439.6,4677,439.6
2014-08-08,439.6,439.6,425.92,425.92,8769,425.92
2014-08-11,427.63,427.63,427.63,427.63,4677,427.63
2014-08-12,424.19,424.19,410.51,419.07,16369,419.07
2014-08-13,424.19,424.19,422.5,422.5,1170,422.5
2014-08-14,425.92,432.74,422.5,432.74,8769,432.74
2014-08-15,434.48,434.48,434.48,434.48,1170,434.48
2014-08-18,444.73,444.73,432.74,434.48,5848,434.48
2014-08-19,439.6,439.6,431.06,431.06,8769,431.06
2014-08-20,437.88,437.88,432.74,432.74,4677,432.74
2014-08-21,432.74,441.29,432.74,434.48,7599,434.48
2014-08-22,436.18,436.18,432.74,432.74,5848,432.74
2014-08-25,432.74,432.74,432.74,432.74,1170,432.74
2014-08-26,436.18,439.6,436.18,437.88,11108,437.88
2014-08-27,441.29,448.14,441.29,448.14,17540,448.14
2014-08-28,446.44,449.86,441.29,449.86,12278,449.86
2014-08-29,449.86,449.86,443.02,449.86,20463,449.86
2014-09-01,446.44,461.82,446.44,461.82,43847,461.82
2014-09-02,475.51,475.51,453.28,456.7,67233,456.7
2014-09-03,461.82,461.82,455.0,455.0,4677,455.0
2014-09-04,455.0,455.0,446.44,451.57,15202,451.57
2014-09-05,453.28,453.28,444.73,444.73,16369,444.73
2014-09-08,448.14,451.57,448.14,451.57,7599,451.57
2014-09-09,451.57,458.43,449.86,455.0,8769,455.0
2014-09-10,456.7,456.7,443.02,451.57,14616,451.57
2014-09-11,456.7,456.7,448.14,449.86,11692,449.86
2014-09-12,448.14,448.14,444.73,444.73,19293,444.73
2014-09-16,443.02,453.28,443.02,443.02,29818,443.02
2014-09-17,443.02,443.02,443.02,443.02,4677,443.02
2014-09-18,443.02,443.02,443.02,443.02,586,443.02
2014-09-19,446.44,448.14,446.44,448.14,2338,448.14
2014-09-22,448.14,448.14,448.14,448.14,1170,448.14
2014-09-24,446.44,449.86,444.73,444.73,7599,444.73
2014-09-25,451.57,451.57,441.29,446.44,5261,446.44
2014-09-26,446.44,446.44,444.73,444.73,1170,444.73
2014-09-29,443.02,443.02,443.02,443.02,11692,443.02
2014-09-30,443.02,443.02,441.29,443.02,5848,443.02
2014-10-01,439.6,439.6,439.6,439.6,2338,439.6
2014-10-02,439.6,439.6,424.19,432.74,4092,432.74
2014-10-03,432.74,437.88,432.74,437.88,2923,437.88
2014-10-06,443.02,446.44,441.29,441.29,10525,441.29
2014-10-07,441.29,465.26,441.29,446.44,8769,446.44
2014-10-08,439.6,461.82,437.88,451.57,8769,451.57
2014-10-09,451.57,451.57,432.74,432.74,7599,432.74
2014-10-10,431.06,436.18,417.37,422.5,9354,422.5
2014-10-14,422.5,436.18,419.07,419.07,30986,419.07
2014-10-15,419.07,432.74,419.07,432.74,11692,432.74
2014-10-16,427.63,431.06,427.63,431.06,23385,431.06
2014-10-17,427.63,427.63,415.65,415.65,6431,415.65
2014-10-20,429.32,439.6,417.37,431.06,3508,431.06
2014-10-21,424.19,424.19,417.37,417.37,9354,417.37
2014-10-22,422.5,429.32,417.37,427.63,18707,427.63
2014-10-23,427.63,427.63,427.63,427.63,586,427.63
2014-10-24,427.63,437.88,427.63,429.32,6431,429.32
2014-10-27,429.32,443.02,429.32,439.6,4092,439.6
2014-10-28,439.6,439.6,439.6,439.6,1754,439.6
2014-10-29,441.29,441.29,436.18,439.6,1754,439.6
2014-10-30,441.29,444.73,441.29,443.02,11692,443.02
2014-10-31,443.02,453.28,420.78,453.28,19293,453.28
2014-11-04,461.82,461.82,436.18,441.29,19293,441.29
2014-11-05,443.02,455.0,443.02,453.28,23971,453.28
2014-11-06,448.14,451.57,446.44,446.44,10525,446.44
2014-11-07,446.44,446.44,437.88,437.88,15202,437.88
2014-11-10,443.02,448.14,443.02,446.44,7016,446.44
2014-11-11,451.57,455.0,448.14,451.57,16954,451.57
2014-11-12,458.43,460.13,453.28,453.28,17540,453.28
2014-11-13,453.28,453.28,448.14,448.14,8769,448.14
2014-11-14,444.73,449.86,443.02,449.86,7016,449.86
2014-11-17,449.86,449.86,444.73,446.44,4092,446.44
2014-11-18,446.44,451.57,446.44,451.57,6431,451.57
2014-11-19,451.57,453.28,449.86,453.28,22215,453.28
2014-11-20,453.28,455.0,451.57,451.57,32156,451.57
2014-11-21,456.7,461.82,451.57,453.28,50279,453.28
2014-11-25,456.7,482.36,456.7,461.82,74248,461.82
2014-11-26,470.36,470.36,461.82,461.82,20463,461.82
2014-11-27,460.13,466.97,458.43,466.97,16369,466.97
2014-11-28,465.26,465.26,460.13,460.13,14031,460.13
2014-12-01,460.13,460.13,460.13,460.13,586,460.13
2014-12-02,468.67,468.67,460.13,460.13,18707,460.13
2014-12-03,458.43,470.36,458.43,470.36,40339,470.36
2014-12-04,463.55,463.55,461.82,461.82,5261,461.82
2014-12-05,461.82,461.82,458.43,458.43,7599,458.43
2014-12-08,458.43,458.43,456.7,456.7,4677,456.7
2014-12-09,453.28,456.7,444.73,444.73,7016,444.73
2014-12-10,449.86,449.86,441.29,441.29,5261,441.29
2014-12-11,432.74,437.88,429.32,437.88,11692,437.88
2014-12-12,444.73,487.5,444.73,446.44,62555,446.44
2014-12-15,460.13,460.13,458.43,458.43,2338,458.43
2014-12-16,451.57,455.0,441.29,441.29,4677,441.29
2014-12-17,455.0,455.0,455.0,455.0,586,455.0
2014-12-18,455.0,455.0,449.86,449.86,2923,449.86
2014-12-19,455.0,455.0,436.18,449.86,21632,449.86
2014-12-22,451.57,451.57,444.73,444.73,2923,444.73
2014-12-24,444.73,444.73,441.29,444.73,11108,444.73
2014-12-25,437.88,444.73,429.32,444.73,39755,444.73
2014-12-26,449.86,461.82,441.29,461.82,16954,461.82
2014-12-29,461.82,465.26,453.28,465.26,15785,465.26
2014-12-30,461.82,461.82,455.0,460.13,8186,460.13
2015-01-05,460.13,477.23,455.0,477.23,21632,477.23
2015-01-06,477.23,477.23,461.82,465.26,8769,465.26
2015-01-07,463.55,465.26,456.7,461.82,9354,461.82
2015-01-08,460.13,480.65,460.13,480.65,30986,480.65
2015-01-09,472.09,478.94,470.36,470.36,7016,470.36
2015-01-13,478.94,478.94,463.55,463.55,4092,463.55
2015-01-14,477.23,477.23,455.0,455.0,3508,455.0
2015-01-15,475.51,475.51,470.36,470.36,1754,470.36
2015-01-16,473.81,473.81,461.82,472.09,4677,472.09
2015-01-19,466.97,466.97,431.06,451.57,24554,451.57
2015-01-20,451.57,451.57,451.57,451.57,2338,451.57
2015-01-21,451.57,451.57,451.57,451.57,1170,451.57
2015-01-22,453.28,455.0,453.28,453.28,3508,453.28
2015-01-23,451.57,453.28,451.57,451.57,2923,451.57
2015-01-26,451.57,451.57,449.86,449.86,2923,449.86
2015-01-27,449.86,449.86,449.86,449.86,586,449.86
2015-01-28,449.86,449.86,446.44,448.14,8186,448.14
2015-01-29,449.86,449.86,441.29,441.29,4092,441.29
2015-01-30,461.82,461.82,446.44,446.44,3508,446.44
2015-02-02,443.02,446.44,443.02,446.44,1754,446.44
2015-02-03,437.88,439.6,432.74,436.18,11108,436.18
2015-02-04,434.48,437.88,434.48,437.88,2923,437.88
2015-02-05,451.57,451.57,434.48,434.48,4092,434.48
2015-02-06,436.18,436.18,436.18,436.18,586,436.18
2015-02-09,436.18,437.88,434.48,436.18,4677,436.18
2015-02-10,446.44,449.86,443.02,443.02,3508,443.02
2015-02-12,444.73,449.86,434.48,437.88,7599,437.88
2015-02-13,444.73,458.43,441.29,458.43,30400,458.43
2015-02-16,437.88,451.57,437.88,451.57,25724,451.57
2015-02-17,451.57,451.57,444.73,444.73,4092,444.73
2015-02-18,444.73,444.73,434.48,434.48,31570,434.48
2015-02-19,434.48,436.18,431.06,432.74,100556,432.74
2015-02-20,434.48,439.6,432.74,434.48,28062,434.48
2015-02-23,437.88,443.02,432.74,434.48,35661,434.48
2015-02-24,432.74,443.02,432.74,432.74,21046,432.74
2015-02-25,437.88,444.73,437.88,443.02,19293,443.02
2015-02-26,443.02,444.73,437.88,439.6,17540,439.6
2015-02-27,443.02,443.02,441.29,443.02,5848,443.02
2015-03-02,444.73,444.73,437.88,441.29,18707,441.29
2015-03-03,441.29,443.02,437.88,439.6,28647,439.6
2015-03-04,437.88,439.6,432.74,439.6,46186,439.6
2015-03-05,437.88,443.02,437.88,441.29,9940,441.29
2015-03-06,443.02,446.44,441.29,444.73,9940,444.73
2015-03-09,446.44,446.44,441.29,444.73,15202,444.73
2015-03-10,441.29,443.02,436.18,436.18,32739,436.18
2015-03-11,436.18,443.02,436.18,436.18,32739,436.18
2015-03-12,437.88,441.29,437.88,439.6,16369,439.6
2015-03-13,441.29,443.02,439.6,439.6,15202,439.6
2015-03-16,441.29,444.73,439.6,441.29,15785,441.29
2015-03-17,441.29,441.29,441.29,441.29,2338,441.29
2015-03-18,437.88,441.29,437.88,439.6,8769,439.6
2015-03-19,441.29,441.29,439.6,439.6,7016,439.6
2015-03-20,441.29,441.29,436.18,437.88,5261,437.88
2015-03-23,448.14,448.14,439.6,441.29,9354,441.29
2015-03-24,441.29,441.29,439.6,439.6,2338,439.6
2015-03-25,439.6,439.6,437.88,437.88,11692,437.88
2015-03-26,437.88,444.73,437.88,444.73,9354,444.73
2015-03-27,434.48,439.6,434.48,436.18,13446,436.18
2015-03-30,436.18,436.18,434.48,434.48,13446,434.48
2015-03-31,436.18,436.18,436.18,436.18,4092,436.18
2015-04-01,434.48,434.48,432.74,432.74,56124,432.74
2015-04-02,436.18,436.18,436.18,436.18,4092,436.18
2015-04-03,434.48,436.18,434.48,436.18,1170,436.18
2015-04-06,436.18,437.88,436.18,437.88,1754,437.88
2015-04-07,434.48,436.18,434.48,436.18,13446,436.18
2015-04-08,436.18,437.88,434.48,434.48,4092,434.48
2015-04-09,436.18,436.18,436.18,436.18,10525,436.18
2015-04-10,436.18,437.88,436.18,436.18,1754,436.18
2015-04-13,436.18,436.18,434.48,434.48,11692,434.48
2015-04-14,434.48,443.02,434.48,437.88,46186,437.88
2015-04-15,441.29,443.02,441.29,443.02,4677,443.02
2015-04-16,443.02,443.02,441.29,441.29,2923,441.29
2015-04-17,441.29,441.29,432.74,439.6,80680,439.6
2015-04-20,436.18,443.02,436.18,441.29,22801,441.29
2015-04-21,443.02,444.73,443.02,444.73,12278,444.73
2015-04-22,444.73,444.73,443.02,443.02,2923,443.02
2015-04-23,443.02,444.73,443.02,444.73,5848,444.73
2015-04-24,443.02,508.02,443.02,478.94,458348,478.94
2015-04-27,484.07,513.14,482.36,482.36,180066,482.36
2015-04-28,490.9,490.9,470.36,470.36,50279,470.36
2015-04-30,466.97,466.97,460.13,460.13,12863,460.13
2015-05-01,460.13,460.13,444.73,449.86,38000,449.86
2015-05-07,451.57,451.57,444.73,444.73,4677,444.73
2015-05-08,444.73,449.86,444.73,448.14,13446,448.14
2015-05-11,448.14,451.57,448.14,451.57,4677,451.57
2015-05-12,451.57,473.81,451.57,463.55,39755,463.55
2015-05-13,461.82,478.94,448.14,470.36,70741,470.36
2015-05-14,456.7,461.82,451.57,451.57,42678,451.57
2015-05-15,451.57,455.0,449.86,451.57,29818,451.57
2015-05-18,451.57,451.57,449.86,449.86,2923,449.86
2015-05-19,449.86,449.86,448.14,449.86,8186,449.86
2015-05-20,449.86,460.13,449.86,456.7,18124,456.7
2015-05-21,458.43,458.43,455.0,456.7,7599,456.7
2015-05-22,456.7,456.7,453.28,453.28,24554,453.28
2015-05-25,455.0,460.13,453.28,453.28,15785,453.28
2015-05-26,455.0,455.0,455.0,455.0,3508,455.0
2015-05-27,458.43,460.13,455.0,458.43,6431,458.43
2015-05-28,458.43,460.13,456.7,456.7,8769,456.7
2015-05-29,458.43,458.43,456.7,456.7,5261,456.7
2015-06-01,458.43,458.43,453.28,453.28,17540,453.28
2015-06-02,453.28,456.7,453.28,456.7,13446,456.7
2015-06-03,455.0,458.43,455.0,458.43,6431,458.43
2015-06-04,456.7,458.43,456.7,458.43,5261,458.43
2015-06-05,456.7,458.43,456.7,456.7,4092,456.7
2015-06-08,458.43,463.55,458.43,463.55,7016,463.55
2015-06-09,460.13,460.13,455.0,455.0,17540,455.0
2015-06-10,455.0,455.0,446.44,453.28,38587,453.28
2015-06-11,453.28,453.28,449.86,453.28,8186,453.28
2015-06-12,451.57,451.57,449.86,451.57,6431,451.57
2015-06-15,448.14,449.86,448.14,448.14,9354,448.14
2015-06-16,448.14,448.14,446.44,448.14,6431,448.14
2015-06-17,446.44,448.14,446.44,448.14,1754,448.14
2015-06-18,448.14,449.86,448.14,448.14,25724,448.14
2015-06-19,448.14,448.14,448.14,448.14,1170,448.14
2015-06-22,449.86,449.86,449.86,449.86,4677,449.86
2015-06-23,449.86,449.86,448.14,448.14,5848,448.14
2015-06-24,449.86,449.86,448.14,449.86,4677,449.86
2015-06-25,449.86,449.86,449.86,449.86,1754,449.86
2015-06-26,449.86,449.86,449.86,449.86,586,449.86
2015-06-29,444.73,446.44,439.6,446.44,14616,446.44
2015-06-30,446.44,446.44,443.02,443.02,1754,443.02
2015-07-01,437.88,449.86,437.88,449.86,15202,449.86
2015-07-02,451.57,451.57,446.44,446.44,4677,446.44
2015-07-03,444.73,446.44,444.73,446.44,2338,446.44
2015-07-06,444.73,446.44,443.02,446.44,5848,446.44
2015-07-07,446.44,448.14,444.73,444.73,3508,444.73
2015-07-08,441.29,441.29,427.63,427.63,34495,427.63
2015-07-09,425.92,425.92,396.85,419.07,13446,419.07
2015-07-10,419.07,425.92,419.07,419.07,10525,419.07
2015-07-13,422.5,432.74,422.5,432.74,1170,432.74
2015-07-14,434.48,439.6,434.48,439.6,2923,439.6
2015-07-15,444.73,444.73,441.29,444.73,2923,444.73
2015-07-16,444.73,444.73,441.29,441.29,1170,441.29
2015-07-17,444.73,444.73,444.73,444.73,1170,444.73
2015-07-21,449.86,449.86,449.86,449.86,4677,449.86
2015-07-22,441.29,443.02,441.29,443.02,2338,443.02
2015-07-23,439.6,439.6,439.6,439.6,7016,439.6
2015-07-24,439.6,439.6,439.6,439.6,586,439.6
2015-07-27,437.88,437.88,437.88,437.88,2338,437.88
2015-07-28,436.18,436.18,434.48,436.18,4092,436.18
2015-07-30,436.18,436.18,436.18,436.18,586,436.18
2015-07-31,434.48,434.48,432.74,434.48,4092,434.48
2015-08-03,432.74,434.48,432.74,434.48,1754,434.48
2015-08-04,434.48,434.48,432.74,432.74,23385,432.74
2015-08-05,431.06,434.48,429.32,434.48,52618,434.48
2015-08-06,437.88,458.43,419.07,422.5,111665,422.5
2015-08-07,424.19,429.32,422.5,422.5,22215,422.5
2015-08-10,424.19,431.06,424.19,429.32,10525,429.32
2015-08-11,424.19,427.63,422.5,422.5,9354,422.5
2015-08-12,422.5,425.92,420.78,420.78,12863,420.78
2015-08-13,419.07,424.19,419.07,424.19,41509,424.19
2015-08-14,422.5,424.19,422.5,424.19,3508,424.19
2015-08-17,424.19,425.92,424.19,424.19,11692,424.19
2015-08-18,424.19,429.32,424.19,429.32,18124,429.32
2015-08-19,429.32,429.32,425.92,425.92,3508,425.92
2015-08-20,432.74,432.74,427.63,427.63,15785,427.63
2015-08-21,424.19,424.19,413.94,413.94,7016,413.94
2015-08-24,403.67,405.39,391.71,391.71,49109,391.71
2015-08-25,364.33,374.6,340.39,340.39,133295,340.39
2015-08-26,331.85,366.04,331.85,357.49,110494,357.49
2015-08-27,366.04,371.17,348.95,360.92,110494,360.92
2015-08-28,374.6,393.43,371.17,388.28,98802,388.28
2015-08-31,391.71,391.71,384.87,386.56,16369,386.56
2015-09-01,383.15,383.15,372.88,372.88,9354,372.88
2015-09-02,359.21,374.6,355.78,360.92,54371,360.92
2015-09-03,366.04,369.48,366.04,369.48,22801,369.48
2015-09-04,359.21,362.62,354.08,355.78,60802,355.78
2015-09-07,359.21,359.21,350.65,350.65,1170,350.65
2015-09-08,364.33,364.33,364.33,364.33,586,364.33
2015-09-09,366.04,372.88,364.33,371.17,26308,371.17
2015-09-10,366.04,386.56,364.33,386.56,25140,386.56
2015-09-11,386.56,393.43,384.87,393.43,9940,393.43
2015-09-14,393.43,393.43,383.15,383.15,3508,383.15
2015-09-15,384.87,386.56,383.15,384.87,3508,384.87
2015-09-16,386.56,386.56,384.87,384.87,2923,384.87
2015-09-17,388.28,389.99,388.28,389.99,5261,389.99
2015-09-18,386.56,389.99,386.56,389.99,1754,389.99
2015-09-24,388.28,388.28,384.87,384.87,4677,384.87
2015-09-25,383.15,383.15,379.72,381.43,4092,381.43
2015-09-28,383.15,383.15,383.15,383.15,1170,383.15
2015-09-29,381.43,381.43,381.43,381.43,586,381.43
2015-09-30,381.43,383.15,378.02,383.15,4092,383.15
2015-10-01,391.71,410.51,389.99,400.25,29232,400.25
2015-10-02,403.67,403.67,395.11,398.55,13446,398.55
2015-10-05,398.55,401.98,396.85,401.98,5848,401.98
2015-10-06,401.98,410.51,401.98,410.51,1754,410.51
2015-10-07,410.51,410.51,405.39,408.79,3508,408.79
2015-10-08,405.39,408.79,405.39,405.39,3508,405.39
2015-10-09,405.39,420.78,405.39,420.78,12863,420.78
2015-10-13,419.07,419.07,415.65,415.65,3508,415.65
2015-10-14,408.79,408.79,395.11,395.11,23971,395.11
2015-10-15,395.11,403.67,395.11,403.67,12863,403.67
2015-10-16,401.98,401.98,401.98,401.98,2338,401.98
2015-10-19,396.85,396.85,396.85,396.85,1754,396.85
2015-10-20,405.39,405.39,400.25,400.25,1754,400.25
2015-10-21,393.43,400.25,393.43,396.85,7016,396.85
2015-10-22,393.43,396.85,393.43,395.11,9940,395.11
2015-10-23,396.85,400.25,396.85,400.25,11108,400.25
2015-10-26,400.25,400.25,400.25,400.25,1170,400.25
2015-10-27,395.11,396.85,393.43,396.85,7599,396.85
2015-10-28,398.55,432.74,398.55,431.06,69572,431.06
2015-10-29,420.78,420.78,415.65,415.65,10525,415.65
2015-10-30,410.51,410.51,395.11,401.98,12278,401.98
2015-11-02,396.85,396.85,393.43,395.11,19878,395.11
2015-11-04,400.25,400.25,400.25,400.25,7599,400.25
2015-11-05,400.25,400.25,395.11,396.85,6431,396.85
2015-11-06,400.25,401.98,398.55,398.55,4092,398.55
2015-11-09,400.25,403.67,400.25,403.67,5848,403.67
2015-11-10,403.67,407.1,401.98,407.1,12278,407.1
2015-11-11,408.79,420.78,396.85,415.65,44432,415.65
2015-11-12,413.94,415.65,403.67,408.79,19293,408.79
2015-11-13,405.39,410.51,405.39,408.79,2923,408.79
2015-11-16,403.67,403.67,401.98,403.67,4092,403.67
2015-11-17,407.1,407.1,407.1,407.1,1170,407.1
2015-11-18,405.39,405.39,398.55,401.98,8186,401.98
2015-11-19,401.98,405.39,401.98,405.39,1754,405.39
2015-11-20,405.39,408.79,405.39,408.79,8186,408.79
2015-11-25,405.39,407.1,405.39,407.1,1170,407.1
2015-11-26,408.79,410.51,408.79,410.51,1754,410.51
2015-11-27,412.23,412.23,412.23,412.23,1754,412.23
2015-12-01,408.79,412.23,408.79,412.23,1754,412.23
2015-12-02,412.23,412.23,407.1,407.1,3508,407.1
2015-12-03,405.39,405.39,403.67,405.39,9940,405.39
2015-12-04,405.39,405.39,405.39,405.39,1754,405.39
2015-12-07,405.39,405.39,398.55,398.55,5848,398.55
2015-12-08,398.55,398.55,398.55,398.55,1754,398.55
2015-12-09,398.55,398.55,396.85,396.85,8769,396.85
2015-12-10,395.11,398.55,395.11,398.55,1170,398.55
2015-12-11,393.43,393.43,391.71,391.71,1754,391.71
2015-12-14,391.71,391.71,388.28,388.28,16369,388.28
2015-12-15,388.28,388.28,388.28,388.28,19878,388.28
2015-12-16,388.28,388.28,388.28,388.28,586,388.28
2015-12-17,386.56,393.43,386.56,391.71,10525,391.71
2015-12-18,386.56,391.71,386.56,391.71,5261,391.71
2015-12-21,389.99,389.99,378.02,381.43,35077,381.43
2015-12-22,376.32,376.32,374.6,374.6,1754,374.6
2015-12-24,376.32,376.32,371.17,371.17,29232,371.17
2015-12-25,372.88,372.88,360.92,362.62,26893,362.62
2015-12-28,364.33,371.17,364.33,371.17,4092,371.17
2015-12-29,374.6,376.32,371.17,374.6,5848,374.6
2015-12-30,374.6,374.6,374.6,374.6,2923,374.6
2016-01-04,369.48,376.32,369.48,372.88,4092,372.88
2016-01-05,376.32,376.32,374.6,374.6,2338,374.6
2016-01-06,369.48,381.43,369.48,381.43,18707,381.43
2016-01-07,383.15,383.15,381.43,381.43,2923,381.43
2016-01-08,376.32,376.32,376.32,376.32,1170,376.32
2016-01-12,376.32,376.32,376.32,376.32,586,376.32
2016-01-14,376.32,376.32,366.04,366.04,5848,366.04
2016-01-18,364.33,364.33,352.36,355.78,33909,355.78
2016-01-20,369.48,369.48,348.95,348.95,4677,348.95
2016-01-21,348.95,348.95,342.09,342.09,4677,342.09
2016-01-22,340.39,357.49,324.99,343.81,24554,343.81
2016-01-25,348.95,348.95,336.98,345.53,30400,345.53
2016-01-26,357.49,357.49,355.78,355.78,22801,355.78
2016-01-27,350.65,352.36,345.53,347.2,30986,347.2
2016-01-28,347.2,347.2,347.2,347.2,34495,347.2
2016-01-29,347.2,350.65,343.81,347.2,10525,347.2
2016-02-01,352.36,357.49,352.36,354.08,4092,354.08
2016-02-02,360.92,360.92,360.92,360.92,1754,360.92
2016-02-03,347.2,348.95,345.53,345.53,30400,345.53
2016-02-04,350.65,350.65,350.65,350.65,1170,350.65
2016-02-08,348.95,350.65,347.2,350.65,21046,350.65
2016-02-09,342.09,343.81,338.66,338.66,17540,338.66
2016-02-10,342.09,342.09,318.13,330.12,41509,330.12
2016-02-12,324.99,324.99,309.57,321.57,25724,321.57
2016-02-15,336.98,347.2,333.55,347.2,32156,347.2
2016-02-16,347.2,350.65,347.2,350.65,14616,350.65
2016-02-17,352.36,352.36,342.09,342.09,22215,342.09
2016-02-18,343.81,359.21,343.81,359.21,22215,359.21
2016-02-19,357.49,357.49,350.65,352.36,21046,352.36
2016-02-22,354.08,354.08,348.95,354.08,15785,354.08
2016-02-23,359.21,359.21,345.53,345.53,19878,345.53
2016-02-24,345.53,347.2,345.53,345.53,19878,345.53
2016-02-25,345.53,352.36,345.53,352.36,11108,352.36
2016-02-26,352.36,352.36,345.53,345.53,9354,345.53
2016-02-29,347.2,352.36,347.2,352.36,14031,352.36
2016-03-01,352.36,352.36,348.95,348.95,6431,348.95
2016-03-02,348.95,350.65,348.95,350.65,11692,350.65
2016-03-03,352.36,359.21,352.36,359.21,7599,359.21
2016-03-04,359.21,364.33,355.78,359.21,8186,359.21
2016-03-07,354.08,354.08,354.08,354.08,586,354.08
2016-03-08,354.08,360.92,354.08,360.92,1170,360.92
2016-03-09,364.33,364.33,354.08,354.08,5261,354.08
2016-03-10,354.08,360.92,352.36,360.92,8186,360.92
2016-03-11,360.92,362.62,360.92,362.62,1170,362.62
2016-03-14,364.33,367.75,357.49,359.21,12863,359.21
2016-03-15,371.17,371.17,359.21,360.92,4677,360.92
2016-03-16,357.49,362.62,357.49,357.49,2338,357.49
2016-03-17,367.75,367.75,367.75,367.75,586,367.75
2016-03-22,367.75,372.88,367.75,372.88,4677,372.88
2016-03-23,372.88,372.88,366.04,366.04,4092,366.04
2016-03-24,366.04,374.6,366.04,372.88,5848,372.88
2016-03-25,372.88,372.88,372.88,372.88,5848,372.88
2016-03-28,367.75,367.75,366.04,366.04,1754,366.04
2016-03-29,369.51,369.51,369.51,369.51,1730,369.51
2016-03-31,364.32,364.32,362.56,362.56,2306,362.56
2016-04-01,362.56,362.56,357.36,357.36,1730,357.36
2016-04-04,367.77,400.75,348.7,385.12,85889,385.12
2016-04-05,385.12,385.12,352.16,355.64,17870,355.64
2016-04-06,341.75,360.84,340.03,360.84,6341,360.84
2016-04-08,360.84,372.98,360.84,372.98,2882,372.98
2016-04-11,379.93,400.75,379.93,400.75,9224,400.75
2016-04-12,383.38,399.01,383.38,388.59,5189,388.59
2016-04-13,397.26,397.26,386.86,395.55,2306,395.55
2016-04-14,383.38,399.01,374.72,399.01,6341,399.01
2016-04-15,405.95,423.3,395.55,409.42,46692,409.42
2016-04-18,430.24,452.78,428.48,437.18,199447,437.18
2016-04-19,433.69,433.69,419.82,425.02,35738,425.02
2016-04-20,421.58,425.02,419.82,419.82,7494,419.82
2016-04-21,416.35,416.35,397.26,407.67,33433,407.67
2016-04-22,407.67,416.35,400.75,416.35,8647,416.35
2016-04-25,416.35,430.24,416.35,428.48,19599,428.48
2016-04-26,418.09,428.48,402.47,411.15,16717,411.15
2016-04-27,409.42,409.42,397.26,407.67,14411,407.67
2016-04-28,402.47,407.67,390.35,393.81,10951,393.81
2016-05-02,383.38,383.38,357.36,379.93,47267,379.93
2016-05-06,385.12,385.12,372.98,374.72,10951,374.72
2016-05-09,372.98,379.93,372.98,376.44,8647,376.44
2016-05-10,379.93,383.38,372.98,379.93,21327,379.93
2016-05-11,379.93,383.38,371.24,374.72,14411,374.72
2016-05-12,371.24,374.72,366.04,371.24,11529,371.24
2016-05-13,367.77,372.98,366.04,371.24,25364,371.24
2016-05-16,364.32,364.32,357.36,357.36,29975,357.36
2016-05-17,355.64,366.04,353.9,360.84,6341,360.84
2016-05-18,355.64,355.64,350.44,352.16,18446,352.16
2016-05-19,352.16,352.16,348.7,350.44,11529,350.44
2016-05-20,352.16,352.16,350.44,350.44,13836,350.44
2016-05-23,352.16,359.1,350.44,359.1,20751,359.1
2016-05-24,357.36,359.1,355.64,359.1,8071,359.1
2016-05-25,359.1,364.32,359.1,364.32,6341,364.32
2016-05-26,362.56,362.56,359.1,360.84,3459,360.84
2016-05-27,364.32,369.51,362.56,364.32,9800,364.32
2016-05-30,366.04,367.77,366.04,367.77,2306,367.77
2016-05-31,364.32,367.77,360.84,367.77,19599,367.77
2016-06-01,364.32,364.32,360.84,362.56,1730,362.56
2016-06-02,362.56,362.56,359.1,359.1,3459,359.1
2016-06-03,355.64,355.64,352.16,353.9,7494,353.9
2016-06-06,353.9,353.9,352.16,352.16,1730,352.16
2016-06-07,352.16,352.16,352.16,352.16,577,352.16
2016-06-08,352.16,353.9,352.16,353.9,1153,353.9
2016-06-10,355.64,355.64,355.64,355.64,1153,355.64
2016-06-13,357.36,357.36,348.7,353.9,8071,353.9
2016-06-14,346.96,348.7,341.75,341.75,8071,341.75
2016-06-16,341.75,341.75,320.93,320.93,35163,320.93
2016-06-17,343.49,343.49,317.47,336.54,19022,336.54
2016-06-20,341.75,341.75,340.03,340.03,57644,340.03
2016-06-21,340.03,340.03,340.03,340.03,15566,340.03
2016-06-22,340.03,340.03,340.03,340.03,577,340.03
2016-06-23,338.3,340.03,338.3,340.03,1153,340.03
2016-06-24,341.75,341.75,315.73,315.73,10377,315.73
2016-06-27,317.47,319.2,317.47,317.47,100876,317.47
2016-06-28,324.43,333.09,324.43,333.09,6917,333.09
2016-06-29,341.75,360.84,334.83,355.64,58220,355.64
2016-06-30,346.96,346.96,346.96,346.96,1730,346.96
2016-07-01,346.96,348.7,346.96,348.7,1730,348.7
2016-07-04,366.04,366.04,360.84,360.84,11529,360.84
2016-07-05,352.16,353.9,352.16,352.16,4035,352.16
2016-07-06,348.7,348.7,341.75,341.75,1730,341.75
2016-07-07,341.75,341.75,341.75,341.75,1153,341.75
2016-07-08,343.49,343.49,334.83,334.83,2882,334.83
2016-07-11,336.54,345.22,336.54,345.22,44962,345.22
2016-07-12,352.16,353.9,346.96,346.96,1730,346.96
2016-07-13,348.7,348.7,345.22,345.22,4612,345.22
2016-07-14,350.44,350.44,350.44,350.44,2882,350.44
2016-07-15,352.16,355.64,352.16,355.64,3459,355.64
2016-07-19,357.36,357.36,350.44,352.16,3459,352.16
2016-07-20,359.1,359.1,352.16,359.1,11529,359.1
2016-07-21,357.36,364.32,357.36,357.36,11529,357.36
2016-07-22,353.9,355.64,353.9,353.9,2882,353.9
2016-07-25,362.56,362.56,341.75,350.44,148143,350.44
2016-07-26,350.44,350.44,346.96,346.96,2306,346.96
2016-07-27,353.9,355.64,353.9,355.64,1730,355.64
2016-07-28,355.64,355.64,346.96,350.44,7494,350.44
2016-07-29,350.44,350.44,348.7,350.44,2882,350.44
2016-08-01,348.7,348.7,348.7,348.7,1730,348.7
2016-08-02,352.16,353.9,350.44,350.44,5765,350.44
2016-08-03,345.22,345.22,345.22,345.22,17292,345.22
2016-08-05,346.96,346.96,346.96,346.96,1730,346.96
2016-08-08,341.75,345.22,341.75,345.22,16140,345.22
2016-08-09,345.22,346.96,345.22,346.96,4612,346.96
2016-08-10,346.96,485.73,346.96,390.35,220197,390.35
2016-08-12,393.81,393.81,366.04,374.72,44385,374.72
2016-08-15,372.98,385.12,371.24,383.38,33433,383.38
2016-08-16,383.38,386.86,381.67,383.38,8647,383.38
2016-08-17,383.38,383.38,383.38,383.38,577,383.38
2016-08-18,378.19,378.19,369.51,369.51,25940,369.51
2016-08-19,371.24,372.98,371.24,371.24,4612,371.24
2016-08-22,376.44,376.44,369.51,369.51,5765,369.51
2016-08-23,369.51,369.51,369.51,369.51,5189,369.51
2016-08-24,366.04,508.3,364.32,437.18,1122314,437.18
2016-08-25,423.3,423.3,409.42,411.15,63984,411.15
2016-08-26,407.67,416.35,402.47,402.47,28821,402.47
2016-08-29,404.22,416.35,395.55,399.01,38045,399.01
2016-08-30,404.22,407.67,400.75,402.47,9800,402.47
2016-08-31,405.95,416.35,405.95,416.35,12105,416.35
2016-09-01,418.09,425.02,418.09,423.3,15566,423.3
2016-09-02,425.02,425.02,412.89,412.89,8071,412.89
2016-09-05,414.62,414.62,409.42,409.42,8647,409.42
2016-09-06,409.42,440.64,409.42,425.02,34010,425.02
2016-09-07,430.24,430.24,423.3,426.77,18446,426.77
2016-09-08,430.24,430.24,414.62,421.58,9800,421.58
2016-09-09,428.48,428.48,421.58,421.58,6341,421.58
2016-09-12,409.42,411.15,409.42,411.15,1730,411.15
2016-09-13,412.89,414.62,407.67,411.15,20751,411.15
2016-09-14,412.89,425.02,412.89,425.02,2306,425.02
2016-09-15,435.45,435.45,418.09,421.58,8647,421.58
2016-09-16,421.58,421.58,407.67,418.09,10377,418.09
2016-09-20,418.09,418.09,416.35,416.35,3459,416.35
2016-09-21,416.35,416.35,407.67,407.67,9224,407.67
2016-09-23,412.89,412.89,390.35,390.35,29397,390.35
2016-09-26,399.01,402.47,395.55,402.47,29975,402.47
2016-09-27,407.67,421.58,399.01,400.75,14987,400.75
2016-09-28,412.89,423.3,397.26,411.15,20751,411.15
2016-09-29,404.22,411.15,402.47,411.15,4035,411.15
2016-09-30,409.42,409.42,407.67,407.67,2306,407.67
2016-10-03,405.95,405.95,399.01,399.01,5189,399.01
2016-10-04,404.22,404.22,393.81,393.81,14411,393.81
2016-10-05,392.07,393.81,388.59,388.59,63984,388.59
2016-10-06,390.35,392.07,388.59,388.59,12105,388.59
2016-10-07,390.35,395.55,390.35,393.81,12681,393.81
2016-10-11,393.81,399.01,393.81,393.81,12681,393.81
2016-10-12,393.81,397.26,393.81,397.26,4035,397.26
2016-10-13,399.01,400.75,392.07,392.07,17870,392.07
2016-10-14,390.35,390.35,390.35,390.35,1730,390.35
2016-10-17,390.35,392.07,390.35,392.07,2306,392.07
2016-10-18,392.07,395.55,392.07,395.55,4035,395.55
2016-10-19,397.26,407.67,397.26,407.67,9224,407.67
2016-10-20,407.67,407.67,400.75,402.47,6341,402.47
2016-10-21,402.47,405.95,399.01,404.22,4612,404.22
2016-10-24,400.75,404.22,400.75,402.47,2882,402.47
2016-10-25,402.47,405.95,399.01,399.01,12681,399.01
2016-10-26,400.75,419.82,400.75,409.42,43232,409.42
2016-10-27,414.62,414.62,407.67,409.42,12105,409.42
2016-10-28,407.67,409.42,407.67,407.67,5189,407.67
2016-10-31,404.22,404.22,402.47,404.22,11529,404.22
2016-11-01,404.22,407.67,404.22,405.95,4035,405.95
2016-11-02,405.95,405.95,400.75,400.75,5765,400.75
2016-11-04,395.55,399.01,393.81,393.81,8647,393.81
2016-11-07,395.55,395.55,395.55,395.55,577,395.55
2016-11-08,395.55,397.26,395.55,397.26,2882,397.26
2016-11-09,395.55,399.01,367.77,381.67,35163,381.67
2016-11-10,392.07,392.07,383.38,386.86,27092,386.86
2016-11-11,393.81,393.81,385.12,393.81,39197,393.81
2016-11-14,393.81,393.81,388.59,392.07,4612,392.07
2016-11-16,392.07,405.95,392.07,405.95,48998,405.95
2016-11-17,404.22,404.22,397.26,399.01,31128,399.01
2016-11-18,400.75,404.22,400.75,404.22,19022,404.22
2016-11-21,400.75,404.22,399.01,399.01,24787,399.01
2016-11-22,399.01,404.22,399.01,404.22,26517,404.22
2016-11-24,405.95,407.67,400.75,400.75,17870,400.75
2016-11-25,407.67,407.67,397.26,397.26,19599,397.26
2016-11-28,397.26,402.47,392.07,393.81,56490,393.81
2016-11-29,400.75,400.75,393.81,395.55,12681,395.55
2016-11-30,397.26,402.47,397.26,400.75,5189,400.75
2016-12-01,402.47,402.47,399.01,400.75,10951,400.75
2016-12-02,402.47,402.47,400.75,402.47,16717,402.47
2016-12-05,397.26,400.75,397.26,400.75,38622,400.75
2016-12-06,402.47,404.22,402.47,404.22,9800,404.22
2016-12-07,404.22,405.95,404.22,405.95,5765,405.95
2016-12-08,407.67,407.67,404.22,404.22,9800,404.22
2016-12-09,405.95,412.89,405.95,412.89,20176,412.89
2016-12-12,412.89,425.02,412.89,416.35,33433,416.35
2016-12-13,421.58,428.48,416.35,421.58,18446,421.58
2016-12-14,423.3,423.3,421.58,421.58,6917,421.58
2016-12-15,421.58,421.58,416.35,416.35,8647,416.35
2016-12-16,418.09,423.3,416.35,416.35,10951,416.35
2016-12-19,416.35,419.82,416.35,416.35,8647,416.35
2016-12-20,421.58,421.58,419.82,421.58,8647,421.58
2016-12-21,421.58,421.58,418.09,418.09,4612,418.09
2016-12-22,418.09,418.09,414.62,414.62,20751,414.62
2016-12-26,412.89,412.89,405.95,407.67,68595,407.67
2016-12-27,412.89,414.62,407.67,411.15,20176,411.15
2016-12-28,409.42,409.42,407.67,407.67,6341,407.67
2016-12-29,411.15,411.15,402.47,402.47,5765,402.47
2016-12-30,400.75,405.95,400.75,404.22,12105,404.22
2017-01-04,407.67,414.62,407.67,411.15,5765,411.15
2017-01-05,412.89,412.89,411.15,412.89,7494,412.89
2017-01-06,411.15,414.62,411.15,411.15,38045,411.15
2017-01-10,412.89,414.62,412.89,414.62,17292,414.62
2017-01-11,416.35,416.35,411.15,416.35,32280,416.35
2017-01-12,416.35,416.35,411.15,411.15,30550,411.15
2017-01-13,409.42,411.15,407.67,409.42,10377,409.42
2017-01-16,412.89,412.89,404.22,404.22,23635,404.22
2017-01-17,404.22,409.42,404.22,404.22,34586,404.22
2017-01-18,400.75,407.67,400.75,407.67,10951,407.67
2017-01-19,407.67,407.67,404.22,404.22,6341,404.22
2017-01-20,411.15,416.35,411.15,416.35,12681,416.35
2017-01-23,416.35,416.35,411.15,416.35,5189,416.35
2017-01-24,412.89,423.3,412.89,414.62,9224,414.62
2017-01-25,414.62,419.82,414.62,414.62,10377,414.62
2017-01-26,416.35,416.35,412.89,412.89,6917,412.89
2017-01-27,414.62,414.62,411.15,411.15,5765,411.15
2017-01-30,412.89,412.89,411.15,412.89,14987,412.89
2017-01-31,412.89,412.89,409.42,409.42,36316,409.42
2017-02-01,412.89,412.89,411.15,411.15,3459,411.15
2017-02-02,412.89,412.89,412.89,412.89,2882,412.89
2017-02-03,409.42,411.15,407.67,409.42,14411,409.42
2017-02-06,409.42,409.42,409.42,409.42,577,409.42
2017-02-07,407.67,407.67,407.67,407.67,5765,407.67
2017-02-08,407.67,414.62,404.22,414.62,16140,414.62
2017-02-09,411.15,411.15,409.42,409.42,2306,409.42
2017-02-10,411.15,412.89,409.42,411.15,4035,411.15
2017-02-13,412.89,412.89,409.42,411.15,8071,411.15
2017-02-14,412.89,414.62,411.15,412.89,12681,412.89
2017-02-15,414.62,418.09,409.42,412.89,12105,412.89
2017-02-16,414.62,418.09,409.42,416.35,10951,416.35
2017-02-17,416.35,419.82,414.62,419.82,12105,419.82
2017-02-20,421.58,421.58,412.89,419.82,12105,419.82
2017-02-21,419.82,419.82,412.89,414.62,4612,414.62
2017-02-22,418.09,418.09,414.62,414.62,4035,414.62
2017-02-23,419.82,426.77,418.09,423.3,44385,423.3
2017-02-24,423.3,426.77,423.3,425.02,8071,425.02
2017-02-27,423.3,426.77,421.58,421.58,5189,421.58
2017-02-28,426.77,428.48,425.02,428.48,16140,428.48
2017-03-01,428.48,433.69,423.3,433.69,36892,433.69
2017-03-02,433.69,437.18,433.69,437.18,14987,437.18
2017-03-03,431.97,440.64,425.02,435.45,16140,435.45
2017-03-06,438.9,438.9,435.45,438.9,5189,438.9
2017-03-07,438.9,438.9,438.9,438.9,577,438.9
2017-03-08,435.45,438.9,435.45,438.9,5189,438.9
2017-03-09,430.24,437.18,430.24,437.18,4035,437.18
2017-03-10,438.9,438.9,431.97,431.97,4612,431.97
2017-03-13,433.69,433.69,433.69,433.69,4612,433.69
2017-03-15,433.69,433.69,430.24,431.97,10951,431.97
2017-03-16,431.97,433.69,426.77,431.97,10377,431.97
2017-03-17,433.69,433.69,431.97,431.97,38045,431.97
2017-03-21,433.69,438.9,431.97,438.9,17870,438.9
2017-03-22,438.9,438.9,433.69,433.69,8071,433.69
2017-03-23,433.69,438.9,433.69,435.45,14411,435.45
2017-03-24,433.69,437.18,430.24,435.45,6917,435.45
2017-03-27,438.9,438.9,433.69,438.9,6341,438.9
2017-03-28,433.69,438.9,431.97,431.97,14411,431.97
2017-03-29,439.02,440.78,430.2,439.02,15881,439.02
2017-03-30,440.78,440.78,431.97,431.97,3403,431.97
2017-03-31,435.5,440.78,435.5,437.26,4537,437.26
2017-04-03,440.78,440.78,431.97,435.5,4537,435.5
2017-04-04,437.26,437.26,431.97,437.26,4537,437.26
2017-04-05,435.5,437.26,426.68,435.5,10209,435.5
2017-04-06,426.68,431.97,421.38,421.38,13613,421.38
2017-04-07,423.14,431.97,423.14,424.92,55016,424.92
2017-04-10,426.68,426.68,426.68,426.68,1135,426.68
2017-04-11,423.14,423.14,421.38,421.38,3970,421.38
2017-04-12,428.43,428.43,396.71,426.68,20418,426.68
2017-04-13,424.92,424.92,416.1,416.1,3970,416.1
2017-04-14,416.1,417.86,414.34,414.34,3970,414.34
2017-04-17,414.34,433.73,414.34,426.68,11344,426.68
2017-04-18,423.14,430.2,419.63,419.63,9075,419.63
2017-04-19,423.14,423.14,416.1,421.38,3403,421.38
2017-04-20,419.63,424.92,416.1,424.92,8508,424.92
2017-04-21,424.92,424.92,417.86,423.14,18718,423.14
2017-04-24,424.92,424.92,417.86,419.63,10209,419.63
2017-04-25,421.38,423.14,421.38,423.14,1702,423.14
2017-04-26,421.38,467.23,421.38,440.78,76001,440.78
2017-04-27,444.31,446.06,430.2,433.73,56149,433.73
2017-04-28,437.26,437.26,428.43,431.97,20986,431.97
2017-05-01,435.5,435.5,433.73,433.73,1702,433.73
2017-05-02,435.5,437.26,433.73,433.73,17583,433.73
2017-05-08,437.26,442.55,437.26,440.78,26090,440.78
2017-05-09,440.78,446.06,440.78,446.06,6806,446.06
2017-05-10,446.06,451.36,442.55,444.31,15314,444.31
2017-05-11,449.59,451.36,447.84,447.84,10209,447.84
2017-05-12,446.06,460.19,446.06,460.19,66360,460.19
2017-05-15,460.19,465.47,453.12,465.47,41404,465.47
2017-05-16,467.23,477.82,465.47,477.82,74300,477.82
2017-05-17,476.05,483.1,458.43,472.52,58419,472.52
2017-05-18,461.93,467.23,460.19,467.23,13045,467.23
2017-05-19,470.76,479.57,468.98,479.57,8508,479.57
2017-05-22,484.86,484.86,476.05,476.05,17016,476.05
2017-05-23,477.82,477.82,468.98,468.98,10209,468.98
2017-05-24,470.76,479.57,470.76,479.57,8508,479.57
2017-05-25,476.05,483.1,456.65,474.27,27790,474.27
2017-05-26,481.34,481.34,474.27,474.27,7374,474.27
2017-05-29,476.05,477.82,476.05,477.82,10777,477.82
2017-05-30,477.82,483.1,476.05,483.1,20418,483.1
2017-05-31,483.1,483.1,474.27,483.1,31195,483.1
2017-06-01,483.1,486.63,481.34,486.63,18150,486.63
2017-06-02,488.39,493.68,484.86,493.68,26657,493.68
2017-06-05,488.39,490.14,484.86,490.14,6806,490.14
2017-06-06,490.14,493.68,484.86,491.91,13613,491.91
2017-06-07,493.68,495.43,493.68,493.68,11344,493.68
2017-06-08,493.68,509.55,493.68,504.27,28927,504.27
2017-06-09,495.43,504.27,493.68,498.98,13613,498.98
2017-06-12,507.78,509.55,497.19,497.19,6806,497.19
2017-06-13,497.19,497.19,497.19,497.19,3970,497.19
2017-06-14,495.43,495.43,493.68,493.68,6239,493.68
2017-06-15,488.39,495.43,488.39,493.68,9642,493.68
2017-06-16,493.68,497.19,493.68,493.68,13613,493.68
2017-06-19,493.68,493.68,491.91,493.68,2835,493.68
2017-06-20,497.19,497.19,493.68,495.43,3403,495.43
2017-06-21,493.68,493.68,488.39,490.14,2269,490.14
2017-06-22,491.91,497.19,488.39,497.19,51047,497.19
2017-06-23,498.98,498.98,498.98,498.98,1702,498.98
2017-06-26,495.43,497.19,495.43,497.19,3403,497.19
2017-06-27,497.19,497.19,490.14,490.14,7374,490.14
2017-06-28,490.14,490.14,484.86,484.86,5672,484.86
2017-06-29,491.91,502.49,491.91,502.49,11344,502.49
2017-06-30,498.98,500.74,498.98,500.74,4537,500.74
2017-07-03,497.19,498.98,497.19,498.98,9075,498.98
2017-07-04,500.74,502.49,498.98,498.98,7374,498.98
2017-07-05,497.19,504.27,497.19,500.74,3403,500.74
2017-07-06,502.49,502.49,500.74,500.74,6239,500.74
2017-07-07,502.49,502.49,498.98,498.98,2269,498.98
2017-07-10,498.98,506.02,498.98,500.74,12477,500.74
2017-07-11,507.78,511.32,507.78,511.32,25523,511.32
2017-07-12,511.32,511.32,511.32,511.32,1135,511.32
2017-07-13,513.06,513.06,511.32,511.32,10209,511.32
2017-07-14,511.32,516.6,504.27,516.6,5106,516.6
2017-07-18,516.6,516.6,516.6,516.6,4537,516.6
2017-07-19,516.6,516.6,511.32,514.82,5672,514.82
2017-07-20,516.6,516.6,513.06,513.06,3403,513.06
2017-07-21,513.06,513.06,513.06,513.06,567,513.06
2017-07-24,516.6,516.6,516.6,516.6,1702,516.6
2017-07-25,516.6,516.6,516.6,516.6,4537,516.6
2017-07-26,514.82,520.12,513.06,513.06,13613,513.06
2017-07-27,513.06,523.65,507.78,514.82,19851,514.82
2017-07-28,514.82,514.82,514.82,514.82,2835,514.82
2017-07-31,514.82,525.41,514.82,521.89,9642,521.89
2017-08-01,520.12,520.12,518.36,520.12,2835,520.12
2017-08-02,525.41,527.19,523.65,527.19,12477,527.19
2017-08-03,527.19,527.19,523.65,523.65,5672,523.65
2017-08-04,523.65,528.93,523.65,528.93,3970,528.93
2017-08-07,528.93,530.7,523.65,530.7,26657,530.7
2017-08-08,532.48,543.04,528.93,539.52,60688,539.52
2017-08-09,537.76,537.76,514.82,514.82,17583,514.82
2017-08-10,527.19,527.19,527.19,527.19,567,527.19
2017-08-14,527.19,527.19,511.32,511.32,3970,511.32
2017-08-15,504.27,509.55,504.27,509.55,6806,509.55
2017-08-16,506.02,506.02,502.49,502.49,3970,502.49
2017-08-17,504.27,511.32,500.74,511.32,6239,511.32
2017-08-21,513.06,513.06,509.55,509.55,5672,509.55
2017-08-23,507.78,507.78,504.27,504.27,8508,504.27
2017-08-24,514.82,514.82,514.82,514.82,2269,514.82
2017-08-25,511.32,511.32,504.27,511.32,6239,511.32
2017-08-28,507.78,507.78,502.49,502.49,9642,502.49
2017-08-29,509.55,513.06,506.02,513.06,7374,513.06
2017-08-30,513.06,516.6,511.32,516.6,10777,516.6
2017-08-31,516.6,518.36,513.06,518.36,3970,518.36
2017-09-01,521.89,528.93,521.89,528.93,4537,528.93
2017-09-04,528.93,530.7,523.65,528.93,21553,528.93
2017-09-05,521.89,521.89,518.36,518.36,7942,518.36
2017-09-07,523.65,523.65,523.65,523.65,567,523.65
2017-09-08,523.65,523.65,521.89,521.89,1702,521.89
2017-09-11,518.36,523.65,518.36,523.65,2269,523.65
2017-09-12,528.93,528.93,525.41,525.41,13045,525.41
2017-09-13,528.93,528.93,525.41,525.41,5106,525.41
2017-09-14,525.41,528.93,521.89,528.93,4537,528.93
2017-09-15,528.93,528.93,528.93,528.93,1135,528.93
2017-09-19,528.93,528.93,525.41,527.19,17583,527.19
2017-09-20,528.93,534.23,527.19,534.23,10777,534.23
2017-09-21,535.99,537.76,530.7,530.7,10209,530.7
2017-09-22,530.7,530.7,530.7,530.7,1702,530.7
2017-09-25,530.7,530.7,528.93,528.93,7374,528.93
2017-09-26,528.93,535.99,528.93,535.99,1135,535.99
2017-09-27,535.99,539.52,532.48,535.99,7374,535.99
2017-09-28,539.52,539.52,539.52,539.52,3970,539.52
2017-09-29,543.04,544.82,537.76,544.82,15314,544.82
2017-10-02,546.57,551.87,543.04,548.33,25523,548.33
2017-10-03,551.87,555.39,551.87,555.39,19286,555.39
2017-10-04,557.15,557.15,551.87,557.15,10777,557.15
2017-10-05,557.15,558.91,553.62,558.91,8508,558.91
2017-10-06,558.91,558.91,555.39,555.39,3970,555.39
2017-10-10,557.15,558.91,555.39,558.91,2835,558.91
2017-10-11,562.43,562.43,558.91,558.91,5106,558.91
2017-10-12,562.43,562.43,562.43,562.43,5106,562.43
2017-10-13,562.43,562.43,557.15,562.43,6239,562.43
2017-10-16,562.43,564.2,560.68,564.2,23821,564.2
2017-10-17,565.96,565.96,564.2,564.2,2269,564.2
2017-10-18,564.2,564.2,564.2,564.2,567,564.2
2017-10-19,557.15,557.15,557.15,557.15,3970,557.15
2017-10-20,560.68,560.68,541.27,555.39,11911,555.39
2017-10-23,555.39,565.96,555.39,565.96,3970,565.96
2017-10-24,557.15,632.96,553.62,597.7,216093,597.7
2017-10-25,592.42,592.42,557.15,580.07,62390,580.07
2017-10-26,578.32,587.13,578.32,580.07,6806,580.07
2017-10-27,585.36,592.42,585.36,592.42,11344,592.42
2017-10-30,595.95,599.46,595.95,599.46,26657,599.46
2017-10-31,599.46,615.33,599.46,615.33,40837,615.33
2017-11-01,613.57,622.37,608.28,620.62,38568,620.62
2017-11-02,624.16,625.91,618.87,625.91,23821,625.91
2017-11-06,627.67,631.2,627.67,631.2,26657,631.2
2017-11-07,620.62,627.67,618.87,627.67,16448,627.67
2017-11-08,613.57,632.96,613.57,631.2,30060,631.2
2017-11-09,629.44,636.49,620.62,636.49,107763,636.49
2017-11-10,636.49,636.49,631.2,631.2,4537,631.2
2017-11-13,643.54,654.13,631.2,654.13,40270,654.13
2017-11-14,654.13,654.13,647.07,647.07,5106,647.07
2017-11-15,645.3,647.07,615.33,615.33,13045,615.33
2017-11-16,613.57,643.54,613.57,641.78,9075,641.78
2017-11-17,643.54,643.54,634.74,634.74,3403,634.74
2017-11-20,624.16,629.44,624.16,629.44,4537,629.44
2017-11-21,624.16,650.59,624.16,648.82,6239,648.82
2017-11-22,636.49,647.07,632.96,638.26,9642,638.26
2017-11-24,631.2,634.74,631.2,634.74,3970,634.74
2017-11-27,631.2,631.2,625.91,625.91,11344,625.91
2017-11-28,625.91,625.91,625.91,625.91,1135,625.91
2017-11-29,625.91,631.2,624.16,624.16,7374,624.16
2017-11-30,618.87,618.87,618.87,618.87,1702,618.87
2017-12-01,618.87,624.16,618.87,622.37,2835,622.37
2017-12-04,622.37,631.2,618.87,629.44,14746,629.44
2017-12-05,627.67,643.54,620.62,643.54,20418,643.54
2017-12-06,641.78,643.54,638.26,638.26,6806,638.26
2017-12-07,643.54,648.82,643.54,645.3,11344,645.3
2017-12-08,648.82,652.36,645.3,645.3,14746,645.3
2017-12-11,650.59,650.59,622.37,638.26,11344,638.26
2017-12-12,645.3,647.07,636.49,638.26,2835,638.26
2017-12-13,641.78,641.78,634.74,641.78,5672,641.78
2017-12-14,636.49,641.78,636.49,641.78,2835,641.78
2017-12-15,641.78,641.78,634.74,640.01,9075,640.01
2017-12-18,641.78,643.54,611.83,632.96,38000,632.96
2017-12-19,625.91,638.26,625.91,638.26,2835,638.26
2017-12-20,641.78,652.36,625.91,640.01,43106,640.01
2017-12-21,627.67,627.67,627.67,627.67,5672,627.67
2017-12-22,641.78,650.59,636.49,647.07,9642,647.07
2017-12-25,648.82,661.17,648.82,661.17,25523,661.17
2017-12-26,661.17,664.7,655.88,661.17,10777,661.17
2017-12-27,661.17,661.17,643.54,643.54,6239,643.54
2017-12-28,645.3,657.66,645.3,652.36,12477,652.36
2017-12-29,652.36,652.36,643.54,643.54,10777,643.54
2018-01-04,643.54,655.88,643.54,655.88,10209,655.88
2018-01-05,657.66,659.42,645.3,659.42,15881,659.42
2018-01-09,657.66,673.5,657.66,666.46,17016,666.46
2018-01-10,680.58,703.5,669.99,703.5,35165,703.5
2018-01-11,703.5,703.5,687.63,694.67,11344,694.67
2018-01-12,694.67,694.67,694.67,694.67,1135,694.67
2018-01-15,694.67,694.67,687.63,689.37,6806,689.37
2018-01-16,689.37,696.42,689.37,696.42,3970,696.42
2018-01-17,696.42,699.97,689.37,689.37,3970,689.37
2018-01-18,687.63,689.37,678.81,678.81,8508,678.81
2018-01-19,675.28,682.33,675.28,678.81,7942,678.81
2018-01-22,685.87,687.63,678.81,685.87,5106,685.87
2018-01-23,687.63,694.67,675.28,675.28,18718,675.28
2018-01-24,680.58,696.42,671.76,671.76,19286,671.76
2018-01-25,675.28,685.87,675.28,685.87,11911,685.87
2018-01-26,687.63,687.63,671.76,677.04,18718,677.04
2018-01-29,677.04,687.63,677.04,680.58,7942,680.58
2018-01-30,680.58,682.33,680.58,682.33,2835,682.33
2018-01-31,680.58,682.33,680.58,682.33,3970,682.33
2018-02-01,678.81,684.1,678.81,684.1,2269,684.1
2018-02-02,689.37,689.37,680.58,682.33,3403,682.33
2018-02-05,673.5,680.58,673.5,678.81,7374,678.81
2018-02-06,643.54,643.54,581.82,613.57,48209,613.57
2018-02-07,627.67,648.82,625.91,627.67,21553,627.67
2018-02-08,629.44,643.54,625.91,625.91,7374,625.91
2018-02-09,617.09,622.37,601.23,622.37,6806,622.37
2018-02-13,634.74,643.54,622.37,631.2,7374,631.2
2018-02-14,638.26,640.01,617.09,617.09,7942,617.09
2018-02-15,629.44,629.44,629.44,629.44,567,629.44
2018-02-16,631.2,634.74,629.44,634.74,6239,634.74
2018-02-19,640.01,650.59,634.74,650.59,5106,650.59
2018-02-20,648.82,648.82,648.82,648.82,3403,648.82
2018-02-21,648.82,650.59,647.07,647.07,7374,647.07
2018-02-22,643.54,650.59,636.49,650.59,3403,650.59
2018-02-23,650.59,650.59,650.59,650.59,567,650.59
2018-02-26,650.59,650.59,650.59,650.59,6239,650.59
2018-02-27,648.82,650.59,638.26,650.59,6239,650.59
2018-03-01,643.54,650.59,643.54,650.59,2269,650.59
2018-03-02,650.59,652.36,648.82,652.36,2835,652.36
2018-03-05,650.59,650.59,647.07,647.07,1702,647.07
2018-03-06,648.82,648.82,627.67,648.82,4537,648.82
2018-03-07,648.82,648.82,631.2,634.74,7942,634.74
2018-03-08,634.74,634.74,634.74,634.74,1702,634.74
2018-03-09,636.49,636.49,632.96,636.49,2835,636.49
2018-03-12,636.49,638.26,636.49,638.26,2269,638.26
2018-03-13,638.26,638.26,638.26,638.26,2269,638.26
2018-03-14,638.26,640.01,636.49,640.01,8508,640.01
2018-03-15,640.01,640.01,640.01,640.01,4537,640.01
2018-03-16,645.3,645.3,634.74,640.01,14179,640.01
2018-03-19,629.44,640.01,629.44,640.01,1135,640.01
2018-03-20,640.01,640.01,640.01,640.01,8508,640.01
2018-03-22,640.01,640.01,640.01,640.01,8508,640.01
2018-03-23,634.74,634.74,617.09,620.62,26090,620.62
2018-03-26,620.62,625.91,611.83,617.09,7942,617.09
2018-03-27,625.91,625.91,625.91,625.91,9075,625.91
2018-03-28,634.88,634.88,634.88,634.88,558,634.88
2018-03-29,634.88,672.54,634.88,663.58,15613,663.58
2018-03-30,663.58,663.58,634.88,649.22,23418,649.22
2018-04-02,647.43,649.22,638.46,638.46,5575,638.46
2018-04-03,638.46,638.46,631.29,631.29,8363,631.29
2018-04-04,633.09,643.85,625.91,638.46,62449,638.46
2018-04-05,638.46,642.04,631.29,640.26,7805,640.26
2018-04-06,640.26,642.04,640.26,642.04,4461,642.04
2018-04-09,643.85,656.4,643.85,656.4,1672,656.4
2018-04-10,647.43,652.82,645.64,652.82,2230,652.82
2018-04-11,645.64,645.64,645.64,645.64,558,645.64
2018-04-12,647.43,647.43,647.43,647.43,558,647.43
2018-04-13,647.43,647.43,647.43,647.43,558,647.43
2018-04-16,647.43,647.43,647.43,647.43,558,647.43
2018-04-17,647.43,647.43,636.67,645.64,2230,645.64
2018-04-18,647.43,647.43,633.09,638.46,6134,638.46
2018-04-19,640.26,658.19,640.26,645.64,6691,645.64
2018-04-20,649.22,656.4,649.22,656.4,22304,656.4
2018-04-23,656.4,656.4,645.64,645.64,10038,645.64
2018-04-24,645.64,645.64,645.64,645.64,1672,645.64
2018-04-25,645.64,651.02,645.64,651.02,3903,651.02
2018-04-26,651.02,651.02,651.02,651.02,4461,651.02
2018-04-27,651.02,651.02,643.85,643.85,2230,643.85
2018-05-01,642.04,642.04,636.67,636.67,5575,636.67
2018-05-02,642.04,642.04,638.46,638.46,2230,638.46
2018-05-07,636.67,642.04,636.67,642.04,4461,642.04
2018-05-08,642.04,642.04,638.46,638.46,2788,638.46
2018-05-10,638.46,638.46,638.46,638.46,1672,638.46
2018-05-14,638.46,663.58,633.09,649.22,26205,649.22
2018-05-15,654.61,654.61,638.46,649.22,8363,649.22
2018-05-16,647.43,647.43,640.26,640.26,9478,640.26
2018-05-17,640.26,645.64,638.46,642.04,6134,642.04
2018-05-18,638.46,638.46,636.67,636.67,2230,636.67
2018-05-21,640.26,654.61,638.46,638.46,7249,638.46
2018-05-22,645.64,645.64,640.26,640.26,5017,640.26
2018-05-23,640.26,640.26,640.26,640.26,3346,640.26
2018-05-25,636.67,636.67,636.67,636.67,7805,636.67
2018-05-28,636.67,640.26,636.67,638.46,2230,638.46
2018-05-29,634.88,636.67,634.88,634.88,4461,634.88
2018-05-30,633.09,636.67,633.09,634.88,2230,634.88
2018-05-31,634.88,636.67,634.88,636.67,5575,636.67
2018-06-01,636.67,636.67,625.91,625.91,2788,625.91
2018-06-04,627.71,631.29,625.91,631.29,6691,631.29
2018-06-05,634.88,636.67,631.29,633.09,29552,633.09
2018-06-06,633.09,638.46,633.09,638.46,1672,638.46
2018-06-07,642.04,642.04,638.46,638.46,5017,638.46
2018-06-08,631.29,640.26,631.29,640.26,3346,640.26
2018-06-11,638.46,640.26,633.09,638.46,4461,638.46
2018-06-12,640.26,642.04,640.26,642.04,1672,642.04
2018-06-14,645.64,645.64,633.09,633.09,6134,633.09
2018-06-15,634.88,640.26,629.49,640.26,8921,640.26
2018-06-18,647.43,658.19,631.29,652.82,12267,652.82
2018-06-19,645.64,645.64,645.64,645.64,558,645.64
2018-06-20,643.85,643.85,643.85,643.85,3346,643.85
2018-06-21,636.67,649.22,636.67,647.43,5017,647.43
2018-06-22,640.26,640.26,636.67,636.67,5575,636.67
2018-06-25,651.02,651.02,651.02,651.02,2788,651.02
2018-06-27,649.22,649.22,647.43,649.22,3346,649.22
2018-06-29,645.64,645.64,645.64,645.64,558,645.64
2018-07-02,651.02,651.02,651.02,651.02,1115,651.02
2018-07-03,647.43,647.43,647.43,647.43,2230,647.43
2018-07-04,640.26,645.64,638.46,638.46,1672,638.46
2018-07-06,634.88,634.88,625.91,627.71,9478,627.71
2018-07-09,636.67,636.67,627.71,631.29,6134,631.29
2018-07-10,634.88,636.67,631.29,633.09,8921,633.09
2018-07-11,638.46,638.46,638.46,638.46,1672,638.46
2018-07-12,640.26,642.04,634.88,636.67,6691,636.67
2018-07-13,638.46,638.46,629.49,636.67,5017,636.67
2018-07-17,636.67,636.67,636.67,636.67,558,636.67
2018-07-18,638.46,642.04,627.71,634.88,10595,634.88
2018-07-19,634.88,634.88,634.88,634.88,558,634.88
2018-07-20,642.04,642.04,633.09,633.09,9478,633.09
2018-07-23,631.29,631.29,631.29,631.29,1115,631.29
2018-07-24,634.88,634.88,634.88,634.88,558,634.88
2018-07-25,638.46,640.26,633.09,633.09,7805,633.09
2018-07-26,634.88,638.46,634.88,638.46,4461,638.46
2018-07-27,642.04,642.04,640.26,640.26,1672,640.26
2018-07-30,640.26,640.26,640.26,640.26,6691,640.26
2018-07-31,640.26,643.85,640.26,642.04,7249,642.04
2018-08-01,643.85,643.85,643.85,643.85,1115,643.85
2018-08-02,645.64,645.64,645.64,645.64,2230,645.64
2018-08-03,645.64,654.61,645.64,645.64,2788,645.64
2018-08-06,647.43,661.77,647.43,649.22,13383,649.22
2018-08-07,647.43,659.98,647.43,654.61,6134,654.61
2018-08-08,654.61,659.98,651.02,654.61,11152,654.61
2018-08-09,645.64,652.82,645.64,651.02,6134,651.02
2018-08-10,651.02,658.19,651.02,656.4,12825,656.4
2018-08-13,654.61,654.61,651.02,652.82,2788,652.82
2018-08-14,651.02,656.4,651.02,652.82,3903,652.82
2018-08-15,652.82,658.19,652.82,658.19,4461,658.19
2018-08-16,652.82,652.82,643.85,652.82,5575,652.82
2018-08-17,651.02,661.77,651.02,654.61,15055,654.61
2018-08-20,670.75,670.75,654.61,654.61,6134,654.61
2018-08-21,652.82,652.82,652.82,652.82,1115,652.82
2018-08-22,654.61,654.61,654.61,654.61,1672,654.61
2018-08-23,652.82,654.61,652.82,654.61,1115,654.61
2018-08-24,654.61,654.61,654.61,654.61,1115,654.61
2018-08-27,652.82,665.36,652.82,656.4,8363,656.4
2018-08-28,663.58,672.54,658.19,659.98,25091,659.98
2018-08-29,659.98,663.58,658.19,659.98,5575,659.98
2018-08-30,663.58,670.75,658.19,663.58,12825,663.58
2018-08-31,668.95,668.95,663.58,663.58,6691,663.58
2018-09-03,658.19,670.75,658.19,659.98,10595,659.98
2018-09-04,670.75,670.75,661.77,667.16,6691,667.16
2018-09-05,661.77,668.95,661.77,667.16,6134,667.16
2018-09-06,674.34,697.65,670.75,685.09,34571,685.09
2018-09-07,683.3,683.3,676.13,681.51,17842,681.51
2018-09-10,679.71,679.71,677.92,677.92,4461,677.92
2018-09-11,677.92,685.09,676.13,685.09,11710,685.09
2018-09-12,683.3,683.3,676.13,679.71,5017,679.71
2018-09-13,674.34,674.34,665.36,667.16,7805,667.16
2018-09-14,663.58,676.13,663.58,663.58,14498,663.58
2018-09-18,661.77,672.54,661.77,663.58,13939,663.58
2018-09-19,663.58,670.75,663.58,665.36,9478,665.36
2018-09-20,663.58,665.36,661.77,663.58,5575,663.58
2018-09-21,661.77,663.58,661.77,661.77,12267,661.77
2018-09-25,661.77,667.16,661.77,663.58,6134,663.58
2018-09-26,660.89,663.58,656.4,663.58,6580,663.58
2018-09-27,663.58,663.58,656.4,662.68,3346,662.68
2018-09-28,662.68,662.68,661.77,661.77,1895,661.77
2018-10-01,660.89,668.06,656.4,661.77,5463,661.77
2018-10-02,655.51,663.58,655.51,659.98,8363,659.98
2018-10-03,659.1,667.16,659.1,659.1,2900,659.1
2018-10-04,659.1,659.1,655.51,655.51,3011,655.51
2018-10-05,655.51,655.51,649.22,654.61,3346,654.61
2018-10-09,645.64,650.12,645.64,645.64,3234,645.64
2018-10-10,656.4,656.4,648.34,654.61,6914,654.61
2018-10-11,642.04,650.12,638.46,647.43,3011,647.43
2018-10-12,647.43,647.43,639.37,641.16,892,641.16
2018-10-15,637.57,645.64,637.57,638.46,1672,638.46
2018-10-16,638.46,641.16,631.29,641.16,3568,641.16
2018-10-17,635.78,640.26,627.71,634.88,7805,634.88
2018-10-18,635.78,637.57,630.4,637.57,3122,637.57
2018-10-19,634.88,636.67,633.98,636.67,1338,636.67
2018-10-22,661.77,661.77,634.88,642.04,3792,642.04
2018-10-23,642.04,642.96,638.46,638.46,7471,638.46
2018-10-24,638.46,647.43,623.22,642.04,5909,642.04
2018-10-25,641.16,641.16,624.12,624.12,892,624.12
2018-10-26,633.98,633.98,627.71,627.71,1115,627.71
2018-10-29,627.71,628.61,627.71,627.71,1115,627.71
2018-10-30,626.8,626.8,624.12,624.12,892,624.12
2018-10-31,636.67,657.3,606.18,657.3,8251,657.3
2018-11-01,646.53,646.53,630.4,630.4,892,630.4
2018-11-02,655.51,655.51,629.49,642.96,5575,642.96
2018-11-05,634.88,649.22,634.88,649.22,1338,649.22
2018-11-07,642.96,642.96,642.96,642.96,112,642.96
2018-11-08,633.09,640.26,632.19,640.26,4237,640.26
2018-11-09,639.37,642.96,633.98,639.37,8363,639.37
2018-11-12,639.37,641.16,632.19,633.09,5129,633.09
2018-11-13,633.09,633.98,629.49,633.09,446,633.09
2018-11-14,633.09,633.09,627.71,628.61,5909,628.61
2018-11-15,626.8,629.49,619.65,629.49,8363,629.49
2018-11-16,629.49,629.49,625.91,627.71,1003,627.71
2018-11-19,627.71,629.49,618.73,627.71,2008,627.71
2018-11-20,627.71,634.88,627.71,627.71,7249,627.71
2018-11-21,621.43,628.61,621.43,627.71,1784,627.71
2018-11-22,625.91,625.91,618.73,618.73,7360,618.73
2018-11-26,619.65,626.8,618.73,618.73,1784,618.73
2018-11-27,620.53,620.53,611.55,618.73,13605,618.73
2018-11-28,612.47,630.4,612.47,612.47,6245,612.47
2018-11-29,612.47,622.32,610.67,618.73,4683,618.73
2018-11-30,627.71,627.71,619.65,625.91,3680,625.91
2018-12-03,634.88,634.88,614.25,614.25,2454,614.25
2018-12-04,623.22,623.22,615.15,615.15,9702,615.15
2018-12-05,606.18,614.25,606.18,614.25,780,614.25
2018-12-06,618.73,619.65,608.88,608.88,13047,608.88
2018-12-07,609.77,626.8,609.77,609.77,1449,609.77
2018-12-10,610.67,619.65,602.59,605.29,5241,605.29
2018-12-11,614.25,614.25,601.71,608.88,20296,608.88
2018-12-12,609.77,619.65,609.77,619.65,2676,619.65
2018-12-14,619.65,634.88,612.47,619.65,10706,619.65
2018-12-17,616.94,619.65,616.05,616.05,669,616.05
2018-12-18,616.05,618.73,610.67,610.67,4126,610.67
2018-12-19,618.73,619.65,616.05,616.05,10149,616.05
2018-12-20,616.05,616.05,607.08,608.88,11598,608.88
2018-12-21,590.94,608.88,587.35,599.91,5017,599.91
2018-12-25,589.16,593.63,573.9,582.86,10484,582.86
2018-12-26,578.38,582.86,545.2,550.59,22080,550.59
2018-12-27,578.38,615.15,561.34,592.74,2342,592.74
2018-12-28,593.63,607.97,579.28,607.97,4014,607.97
2019-01-04,607.97,607.97,596.31,600.8,558,600.8
2019-01-07,608.88,609.77,591.83,600.8,6021,600.8
2019-01-08,591.83,602.59,591.83,602.59,558,602.59
2019-01-09,596.31,610.67,596.31,599.0,2342,599.0
2019-01-10,607.97,613.36,605.29,613.36,5241,613.36
2019-01-11,611.55,621.43,611.55,612.47,9255,612.47
2019-01-15,620.53,620.53,609.77,612.47,3234,612.47
2019-01-16,612.47,619.65,611.55,611.55,1561,611.55
2019-01-17,612.47,617.84,611.55,611.55,2008,611.55
2019-01-18,614.25,618.73,612.47,613.36,2454,613.36
2019-01-21,618.73,618.73,600.8,612.47,4907,612.47
2019-01-22,613.36,620.53,613.36,616.05,7137,616.05
2019-01-23,616.05,622.32,615.15,615.15,1115,615.15
2019-01-24,616.05,616.05,615.15,616.05,3568,616.05
2019-01-28,618.73,623.22,615.15,623.22,4572,623.22
2019-01-29,618.73,627.71,618.73,624.12,2788,624.12
2019-01-30,627.71,629.49,624.12,625.02,1226,625.02
2019-01-31,627.71,641.16,627.71,640.26,446,640.26
2019-02-01,636.67,651.02,636.67,639.37,4572,639.37
2019-02-04,651.92,652.82,651.02,651.92,7249,651.92
2019-02-05,645.64,662.68,645.64,653.71,5017,653.71
2019-02-06,651.92,670.75,651.92,662.68,11264,662.68
2019-02-07,664.47,670.75,663.58,667.16,11152,667.16
2019-02-08,667.16,671.65,657.3,664.47,8475,664.47
2019-02-12,659.1,664.47,639.37,639.37,5575,639.37
2019-02-13,652.82,659.98,652.82,659.98,446,659.98
2019-02-14,659.1,659.1,659.1,659.1,112,659.1
2019-02-15,659.98,659.98,655.51,655.51,780,655.51
2019-02-18,655.51,663.58,655.51,663.58,3234,663.58
2019-02-19,663.58,667.16,642.96,666.27,2008,666.27
2019-02-20,672.54,675.23,655.51,666.27,12379,666.27
2019-02-21,668.06,671.65,668.06,668.06,2676,668.06
2019-02-22,667.16,668.06,663.58,667.16,3903,667.16
2019-02-25,667.16,669.86,659.98,669.86,6803,669.86
2019-02-26,669.86,671.65,660.89,660.89,7025,660.89
2019-02-27,663.58,672.54,662.68,663.58,4572,663.58
2019-02-28,663.58,667.16,659.98,659.98,1115,659.98
2019-03-01,661.77,668.95,659.1,668.06,4683,668.06
2019-03-04,668.06,668.06,665.36,668.06,3568,668.06
2019-03-05,663.58,676.13,663.58,674.34,9478,674.34
2019-03-06,672.54,674.34,663.58,668.95,3457,668.95
2019-03-07,670.75,671.65,665.36,671.65,1115,671.65
2019-03-08,670.75,670.75,659.98,668.06,7249,668.06
2019-03-11,668.06,676.13,668.06,668.06,446,668.06
2019-03-12,680.61,685.09,667.16,684.2,20742,684.2
2019-03-13,685.09,685.09,665.36,677.92,7249,677.92
2019-03-14,677.92,677.92,665.36,673.44,1449,673.44
2019-03-15,672.54,673.44,672.54,673.44,1561,673.44
2019-03-18,669.86,678.83,665.36,665.36,2342,665.36
2019-03-19,667.16,670.75,667.16,670.75,223,670.75
2019-03-20,683.3,683.3,669.86,677.03,3122,677.03
2019-03-22,677.92,684.2,677.92,677.92,558,677.92
2019-03-25,677.03,677.03,677.03,677.03,223,677.03
2019-03-26,674.34,681.51,673.44,677.03,3680,677.03
2019-03-27,699.13,700.05,677.03,690.84,5862,690.84
2019-03-28,689.93,689.93,689.93,689.93,1411,689.93
2019-03-29,690.84,690.84,675.18,690.84,1302,690.84
2019-04-01,690.84,691.76,677.03,677.95,2823,677.95
2019-04-02,691.76,691.76,681.63,681.63,1846,681.63
2019-04-03,678.87,682.55,669.65,669.65,3257,669.65
2019-04-04,669.65,689.93,669.65,680.71,1085,680.71
2019-04-05,680.71,680.71,668.74,677.03,7599,677.03
2019-04-08,677.03,686.24,633.73,665.96,11182,665.96
2019-04-09,672.42,673.34,672.42,673.34,217,673.34
2019-04-10,669.65,669.65,650.31,662.29,1302,662.29
2019-04-12,669.65,669.65,667.81,667.81,1628,667.81
2019-04-15,672.42,675.18,671.49,675.18,1954,675.18
2019-04-16,670.58,676.1,670.58,676.1,1520,676.1
2019-04-17,676.1,682.55,676.1,677.95,3040,677.95
2019-04-18,681.63,681.63,677.95,677.95,217,677.95
2019-04-19,677.95,682.55,677.95,682.55,5862,682.55
2019-04-22,685.31,685.31,675.18,675.18,1954,675.18
2019-04-23,675.18,675.18,674.26,674.26,652,674.26
2019-04-24,681.63,681.63,680.71,681.63,2823,681.63
2019-04-25,681.63,684.4,675.18,684.4,8359,684.4
2019-04-26,685.31,685.31,680.71,680.71,4995,680.71
2019-05-07,686.24,686.24,684.4,686.24,1737,686.24
2019-05-08,681.63,689.93,677.95,682.55,5645,682.55
2019-05-09,677.95,677.95,673.34,673.34,3148,673.34
2019-05-10,673.34,679.79,672.42,677.95,1194,677.95
2019-05-13,677.95,678.87,677.95,678.87,435,678.87
2019-05-14,668.74,673.34,665.96,671.49,5319,671.49
2019-05-15,670.58,670.58,662.29,662.29,4886,662.29
2019-05-16,671.49,677.95,666.9,677.95,5210,677.95
2019-05-17,678.87,678.87,669.65,670.58,5210,670.58
2019-05-20,684.4,684.4,674.26,681.63,2606,681.63
2019-05-21,681.63,681.63,677.03,677.03,760,677.03
2019-05-22,690.84,690.84,677.03,677.95,5210,677.95
2019-05-23,678.87,689.93,678.87,686.24,1846,686.24
2019-05-24,685.31,686.24,679.79,680.71,1085,680.71
2019-05-27,688.99,688.99,678.87,678.87,2388,678.87
2019-05-28,680.71,688.08,680.71,688.08,326,688.08
2019-05-29,683.47,683.47,672.42,673.34,8576,673.34
2019-05-30,681.63,681.63,677.95,677.95,869,677.95
2019-05-31,672.42,672.42,672.42,672.42,869,672.42
2019-06-03,677.03,677.03,674.26,676.1,2279,676.1
2019-06-04,682.55,683.47,678.87,679.79,3365,679.79
2019-06-05,679.79,679.79,674.26,674.26,652,674.26
2019-06-06,679.79,684.4,665.96,681.63,16828,681.63
2019-06-07,669.65,686.24,669.65,680.71,3474,680.71
2019-06-10,680.71,681.63,680.71,681.63,977,681.63
2019-06-11,675.18,677.03,669.65,672.42,8794,672.42
2019-06-12,676.1,682.55,675.18,679.79,543,679.79
2019-06-13,675.18,684.4,675.18,684.4,869,684.4
2019-06-14,677.03,677.03,677.03,677.03,109,677.03
2019-06-17,673.34,673.34,673.34,673.34,109,673.34
2019-06-18,673.34,673.34,670.58,670.58,760,670.58
2019-06-19,672.42,675.18,667.81,672.42,6080,672.42
2019-06-20,680.71,680.71,674.26,674.26,2172,674.26
2019-06-21,671.49,677.95,671.49,677.95,326,677.95
2019-06-24,673.34,673.34,673.34,673.34,109,673.34
2019-06-25,673.34,676.1,673.34,676.1,977,676.1
2019-06-26,672.42,680.71,665.96,670.58,9336,670.58
2019-06-27,672.42,677.95,670.58,675.18,5971,675.18
2019-06-28,672.42,675.18,668.74,672.42,3799,672.42
2019-07-01,673.34,675.18,665.05,672.42,5754,672.42
2019-07-02,667.81,677.95,667.81,671.49,3908,671.49
2019-07-03,670.58,674.26,670.58,674.26,1302,674.26
2019-07-04,674.26,682.55,674.26,677.03,1085,677.03
2019-07-05,677.03,683.47,677.03,679.79,435,679.79
2019-07-08,679.79,682.55,678.87,682.55,1520,682.55
2019-07-09,686.24,686.24,683.47,685.31,2714,685.31
2019-07-10,685.31,687.15,677.95,683.47,2063,683.47
2019-07-11,683.47,699.13,681.63,699.13,7273,699.13
2019-07-12,702.82,704.66,698.21,704.66,8359,704.66
2019-07-16,703.74,706.49,700.05,705.58,7166,705.58
2019-07-17,705.58,705.58,700.97,703.74,977,703.74
2019-07-18,704.66,709.27,696.38,708.34,5645,708.34
2019-07-19,710.18,712.03,705.58,708.34,2388,708.34
2019-07-22,712.03,712.03,704.66,706.49,4125,706.49
2019-07-23,706.49,709.27,701.9,702.82,2497,702.82
2019-07-24,701.9,701.9,694.53,694.53,326,694.53
2019-07-25,694.53,706.49,692.68,698.21,1520,698.21
2019-07-29,690.84,704.66,677.95,696.38,1628,696.38
2019-07-30,708.34,709.27,700.05,700.05,7491,700.05
2019-08-01,700.97,709.27,700.97,709.27,435,709.27
2019-08-02,712.03,712.03,704.66,707.43,1737,707.43
2019-08-05,695.45,700.97,695.45,696.38,760,696.38
2019-08-07,700.05,717.56,696.38,708.34,15417,708.34
2019-08-08,702.82,713.88,702.82,712.03,3908,712.03
2019-08-09,708.34,709.27,706.49,709.27,4017,709.27
2019-08-13,705.58,707.43,701.9,707.43,543,707.43
2019-08-14,702.82,702.82,697.29,699.13,977,699.13
2019-08-15,692.68,696.38,688.99,696.38,2606,696.38
2019-08-16,696.38,699.13,689.93,695.45,3908,695.45
2019-08-19,701.9,704.66,701.9,704.66,1085,704.66
2019-08-20,715.72,715.72,704.66,708.34,20192,708.34
2019-08-22,700.05,700.05,700.05,700.05,109,700.05
2019-08-23,704.66,716.63,695.45,701.9,9661,701.9
2019-08-26,697.29,697.29,697.29,697.29,109,697.29
2019-08-28,698.21,707.43,697.29,704.66,2388,704.66
2019-08-29,700.05,710.18,700.05,708.34,1954,708.34
2019-08-30,706.49,709.27,706.49,709.27,326,709.27
2019-09-02,709.27,716.63,709.27,712.95,4995,712.95
2019-09-03,709.27,715.72,709.27,712.03,3040,712.03
2019-09-04,703.74,716.63,703.74,709.27,8685,709.27
2019-09-05,709.27,713.88,709.27,710.18,4777,710.18
2019-09-06,707.43,707.43,707.43,707.43,109,707.43
2019-09-09,697.29,705.58,695.45,700.05,1628,700.05
2019-09-10,700.05,704.66,697.29,700.05,2932,700.05
2019-09-11,703.74,703.74,703.74,703.74,326,703.74
2019-09-12,703.74,703.74,703.74,703.74,109,703.74
2019-09-13,701.9,705.58,699.13,704.66,4125,704.66
2019-09-17,701.9,709.27,700.05,709.27,1411,709.27
2019-09-18,704.66,704.66,704.66,704.66,109,704.66
2019-09-19,700.05,704.66,693.6,703.74,2063,703.74
2019-09-20,711.11,711.11,701.9,703.74,2823,703.74
2019-09-24,703.74,703.74,703.74,703.74,326,703.74
2019-09-25,702.82,703.74,702.82,703.74,435,703.74
2019-09-26,700.97,715.72,700.97,707.43,1085,707.43
2019-09-27,700.97,700.97,700.97,700.97,435,700.97
2019-09-30,710.18,711.11,710.18,710.18,760,710.18
2019-10-01,706.49,712.95,706.49,710.18,8685,710.18
2019-10-02,715.72,715.72,705.58,706.49,1954,706.49
2019-10-03,700.97,716.63,700.97,705.58,2279,705.58
2019-10-04,709.27,709.27,708.34,709.27,4125,709.27
2019-10-07,709.27,709.27,705.58,705.58,1302,705.58
2019-10-08,701.9,705.58,701.9,703.74,4451,703.74
2019-10-09,704.66,706.49,702.82,702.82,3365,702.82
2019-10-10,702.82,708.34,702.82,708.34,326,708.34
2019-10-11,704.66,709.27,702.82,704.66,2172,704.66
2019-10-15,711.11,713.88,705.58,707.43,4777,707.43
2019-10-16,713.88,714.79,705.58,709.27,13028,709.27
2019-10-17,709.27,709.27,709.27,709.27,326,709.27
2019-10-18,709.27,709.27,704.66,709.27,3365,709.27
2019-10-21,712.03,712.95,705.58,705.58,7382,705.58
2019-10-23,705.58,712.95,704.66,705.58,5536,705.58
2019-10-24,701.9,709.27,701.9,703.74,1628,703.74
2019-10-25,702.82,711.11,697.29,700.05,8794,700.05
2019-10-28,706.49,709.27,700.97,707.43,3257,707.43
2019-10-29,705.58,708.34,703.74,703.74,977,703.74
2019-10-30,703.74,707.43,702.82,702.82,1085,702.82
2019-10-31,758.08,758.08,710.18,716.63,61664,716.63
2019-11-01,718.47,724.0,712.95,719.4,14221,719.4
2019-11-05,727.68,727.68,714.79,722.16,16611,722.16
2019-11-06,718.47,726.77,716.63,721.24,11073,721.24
2019-11-07,719.4,724.93,716.63,723.08,1737,723.08
2019-11-08,724.93,724.93,718.47,723.08,3583,723.08
2019-11-11,723.08,733.22,723.08,723.08,4125,723.08
2019-11-12,721.24,735.97,716.63,720.32,3690,720.32
2019-11-13,735.97,742.43,723.08,724.0,15091,724.0
2019-11-14,734.13,734.13,721.24,723.08,5862,723.08
2019-11-15,723.08,733.22,723.08,725.84,869,725.84
2019-11-18,712.03,721.24,712.03,713.88,7491,713.88
2019-11-19,703.74,717.56,703.74,716.63,5971,716.63
2019-11-20,720.32,720.32,713.88,715.72,1846,715.72
2019-11-21,715.72,720.32,713.88,715.72,3583,715.72
2019-11-22,714.79,715.72,712.03,712.03,1302,712.03
2019-11-25,718.47,718.47,700.05,709.27,6406,709.27
2019-11-26,710.18,714.79,709.27,710.18,977,710.18
2019-11-27,709.27,714.79,709.27,712.95,1737,712.95
2019-11-28,716.63,717.56,713.88,717.56,2497,717.56
2019-11-29,717.56,718.47,713.88,714.79,8034,714.79
2019-12-02,718.47,720.32,715.72,720.32,4669,720.32
2019-12-03,719.4,723.08,716.63,719.4,4669,719.4
2019-12-04,717.56,726.77,717.56,724.0,7273,724.0
2019-12-05,725.84,755.32,724.0,755.32,39408,755.32
2019-12-06,759.0,762.69,749.8,752.56,6080,752.56
2019-12-09,759.93,763.61,737.82,757.16,7273,757.16
2019-12-10,759.0,762.69,750.72,750.72,5971,750.72
2019-12-11,761.77,768.22,756.25,765.45,11942,765.45
2019-12-12,765.45,769.14,759.0,759.0,33872,759.0
2019-12-13,763.61,773.75,755.32,759.0,48962,759.0
2019-12-16,759.0,787.56,759.0,787.56,18673,787.56
2019-12-17,787.56,787.56,782.03,787.56,6188,787.56
2019-12-18,789.41,789.41,773.75,779.27,9229,779.27
2019-12-19,779.27,787.56,779.27,781.11,6839,781.11
2019-12-20,774.66,785.72,772.82,785.72,18564,785.72
2019-12-23,790.32,790.32,778.35,779.27,8468,779.27
2019-12-24,779.27,790.32,779.27,782.03,6188,782.03
2019-12-25,786.64,786.64,781.11,781.11,3148,781.11
2019-12-26,781.11,785.72,778.35,785.72,2388,785.72
2019-12-27,787.56,792.16,758.08,773.75,16936,773.75
2019-12-30,775.59,783.88,775.59,781.11,5645,781.11
2020-01-06,774.66,795.85,773.75,795.85,5645,795.85
2020-01-07,799.53,802.3,793.09,796.77,13028,796.77
2020-01-08,797.69,825.33,797.69,825.33,14982,825.33
2020-01-09,807.83,836.38,805.06,831.78,22147,831.78
2020-01-10,838.23,870.46,833.62,867.7,11942,867.7
2020-01-14,867.7,867.7,847.43,865.86,6948,865.86
2020-01-15,851.12,869.53,844.67,859.41,13679,859.41
2020-01-16,843.75,847.43,829.0,847.43,11833,847.43
2020-01-17,840.98,840.98,817.95,820.73,10314,820.73
2020-01-20,836.38,900.86,819.8,876.91,36477,876.91
2020-01-21,870.46,957.04,862.17,928.49,51676,928.49
2020-01-22,900.86,916.51,839.14,840.98,80662,840.98
2020-01-23,847.43,872.31,843.75,865.86,30397,865.86
2020-01-24,874.15,874.15,856.64,874.15,11942,874.15
2020-01-27,875.07,879.67,840.98,841.9,27358,841.9
2020-01-28,830.85,868.62,822.56,858.48,27358,858.48
2020-01-29,869.53,881.51,853.88,860.33,18455,860.33
2020-01-30,876.91,876.91,818.88,819.8,20736,819.8
2020-01-31,847.43,855.73,831.78,855.73,7491,855.73
2020-02-03,822.56,870.46,822.56,870.46,9445,870.46
2020-02-04,886.12,957.97,880.6,956.13,60579,956.13
2020-02-05,922.04,948.76,905.46,943.23,36911,943.23
2020-02-06,901.78,934.94,893.49,931.26,30506,931.26
2020-02-07,926.65,930.34,910.07,925.73,12810,925.73
2020-02-10,925.73,942.31,880.6,908.23,22147,908.23
2020-02-12,901.78,956.13,875.07,875.07,89347,875.07
2020-02-13,878.76,892.57,862.17,865.86,24210,865.86
2020-02-14,864.93,874.15,852.03,852.03,7166,852.03
2020-02-17,847.43,870.46,823.48,864.93,32351,864.93
2020-02-18,872.31,872.31,862.17,862.17,5862,862.17
2020-02-19,862.17,872.31,852.03,853.88,8685,853.88
2020-02-20,852.03,862.17,844.67,845.59,11291,845.59
2020-02-21,854.8,859.41,847.43,848.35,6839,848.35
2020-02-25,806.91,824.41,792.16,824.41,16067,824.41
2020-02-26,810.59,814.28,797.69,798.61,9336,798.61
2020-02-27,798.61,819.8,796.77,799.53,17044,799.53
2020-02-28,792.16,798.61,757.16,798.61,22038,798.61
2020-03-02,798.61,867.7,798.61,844.67,26163,844.67
2020-03-03,871.38,871.38,824.41,827.17,11507,827.17
2020-03-04,824.41,842.83,815.19,832.69,5645,832.69
2020-03-05,832.69,832.69,791.25,796.77,25622,796.77
2020-03-06,772.82,782.03,730.45,739.66,91302,739.66
2020-03-09,705.58,713.88,681.63,682.55,35827,682.55
2020-03-10,663.21,724.93,632.81,712.95,41037,712.95
2020-03-11,712.95,724.93,691.76,698.21,18239,698.21
2020-03-12,688.08,708.34,677.95,693.6,21929,693.6
2020-03-13,665.96,682.55,650.31,663.21,14982,663.21
2020-03-16,671.49,722.16,650.31,707.43,5536,707.43
2020-03-17,700.05,804.14,676.1,782.95,4451,782.95
2020-03-18,817.95,817.95,775.59,775.59,2063,775.59
2020-03-19,747.95,759.0,695.45,725.84,15632,725.84
2020-03-23,766.38,766.38,728.61,735.06,3040,735.06
2020-03-24,759.93,766.38,735.97,736.91,11616,736.91
2020-03-25,770.06,770.06,736.91,738.74,9879,738.74
2020-03-26,737.82,766.38,700.05,760.85,9445,760.85
2020-03-27,755.32,756.25,735.97,745.18,11942,745.18
2020-03-30,699.68,719.59,690.2,719.59,18881,719.59
2020-03-31,748.03,748.03,707.26,720.54,4430,720.54
2020-04-01,720.54,738.55,712.95,726.22,8017,726.22
2020-04-02,724.33,724.33,692.1,692.1,5696,692.1
2020-04-03,694.94,703.47,656.07,663.65,19935,663.65
2020-04-06,660.81,667.44,652.28,666.5,2953,666.5
2020-04-07,670.29,675.03,653.22,670.29,8438,670.29
2020-04-08,670.29,676.93,663.65,668.4,5062,668.4
2020-04-09,677.87,706.32,677.87,705.37,4747,705.37
2020-04-10,691.15,703.47,687.36,693.04,7067,693.04
2020-04-13,693.04,699.68,692.1,699.68,2109,699.68
2020-04-14,697.79,698.73,690.2,696.83,3480,696.83
2020-04-15,696.83,696.83,690.2,692.1,1688,692.1
2020-04-16,683.56,683.56,677.87,677.87,6118,677.87
2020-04-17,675.03,690.2,653.22,663.65,32065,663.65
2020-04-20,682.62,684.51,675.03,684.51,6750,684.51
2020-04-21,684.51,684.51,665.55,680.72,7278,680.72
2020-04-22,680.72,696.83,674.08,677.87,3903,677.87
2020-04-23,682.62,692.1,676.93,677.87,7067,677.87
2020-04-24,682.62,682.62,679.77,679.77,527,679.77
2020-04-27,665.55,678.83,665.55,676.93,4324,676.93
2020-04-28,682.62,689.25,682.62,689.25,950,689.25
2020-04-30,703.47,703.47,689.25,699.68,2742,699.68
2020-05-01,699.68,715.79,684.51,715.79,2532,715.79
2020-05-07,730.02,730.02,712.01,724.33,4114,724.33
2020-05-08,710.11,721.49,710.11,720.54,1265,720.54
2020-05-11,725.28,744.24,725.28,739.5,5062,739.5
2020-05-12,741.4,772.69,741.4,772.69,2953,772.69
2020-05-13,763.2,767.94,716.75,748.03,16455,748.03
2020-05-14,719.59,730.97,719.59,727.18,2215,727.18
2020-05-15,723.38,723.38,703.47,706.32,8227,706.32
2020-05-18,706.32,730.97,706.32,720.54,633,720.54
2020-05-19,741.4,741.4,725.28,740.45,1793,740.45
2020-05-20,747.08,748.98,730.02,730.97,6645,730.97
2020-05-21,739.5,739.5,730.02,730.02,1265,730.02
2020-05-22,735.71,748.98,735.71,748.98,1477,748.98
2020-05-25,752.77,752.77,740.45,740.45,3059,740.45
2020-05-26,751.83,751.83,743.3,748.98,844,748.98
2020-05-27,748.98,750.88,745.18,750.88,2109,750.88
2020-05-28,750.88,750.88,747.08,750.88,1688,750.88
2020-05-29,750.88,781.22,736.65,776.47,11919,776.47
2020-06-01,786.9,823.88,765.1,769.84,7594,769.84
2020-06-02,792.59,810.61,779.32,803.97,6118,803.97
2020-06-03,795.43,811.55,764.15,780.27,5906,780.27
2020-06-04,780.27,803.02,773.63,773.63,3903,773.63
2020-06-05,773.63,785.0,764.15,768.89,2637,768.89
2020-06-08,778.37,793.54,765.1,793.54,6540,793.54
2020-06-09,793.54,805.86,787.85,787.85,2848,787.85
2020-06-10,778.37,792.59,778.37,781.22,2320,781.22
2020-06-11,781.22,789.75,769.84,770.79,2320,770.79
2020-06-12,764.15,764.15,730.02,736.65,3797,736.65
2020-06-15,735.71,744.24,730.97,735.71,6223,735.71
2020-06-16,736.65,765.1,736.65,752.77,2742,752.77
2020-06-17,749.93,759.41,748.98,757.51,1371,757.51
2020-06-18,765.1,765.1,750.88,761.3,633,761.3
2020-06-19,766.04,767.0,760.36,767.0,2637,767.0
2020-06-22,767.0,767.0,752.77,756.57,2742,756.57
2020-06-23,769.84,769.84,759.41,759.41,1265,759.41
2020-06-24,757.51,757.51,756.57,757.51,527,757.51
2020-06-25,768.89,768.89,755.61,758.46,1265,758.46
2020-06-26,757.51,760.36,756.57,759.41,1055,759.41
2020-06-29,755.61,758.46,752.77,752.77,950,752.77
2020-06-30,752.77,752.77,742.34,747.08,4958,747.08
2020-07-01,748.98,755.61,746.14,751.83,2109,751.83
2020-07-02,758.46,758.46,740.45,740.45,3903,740.45
2020-07-03,740.45,743.3,740.45,742.34,1793,742.34
2020-07-06,756.57,757.51,748.98,748.98,2532,748.98
2020-07-07,763.2,771.73,762.26,767.94,2848,767.94
2020-07-08,767.94,773.63,766.04,768.89,3059,768.89
2020-07-09,767.94,775.53,767.94,775.53,633,775.53
2020-07-10,775.53,775.53,767.0,767.0,527,767.0
2020-07-13,762.26,767.94,762.26,767.94,633,767.94
2020-07-14,762.26,762.26,756.57,756.57,2109,756.57
2020-07-15,757.51,757.51,744.24,744.24,8438,744.24
2020-07-16,744.24,756.57,743.3,743.3,4747,743.3
2020-07-17,750.88,754.67,738.55,738.55,7489,738.55
2020-07-20,738.55,740.45,730.97,731.91,16982,731.91
2020-07-21,730.02,732.87,728.12,728.12,4958,728.12
2020-07-22,723.38,729.07,713.9,713.9,7489,713.9
2020-07-27,726.22,734.76,726.22,734.76,1477,734.76
2020-07-28,741.4,747.08,736.65,744.24,1371,744.24
2020-07-29,739.5,742.34,733.81,733.81,3164,733.81
2020-07-30,736.65,738.55,711.06,712.01,3797,712.01
2020-07-31,712.01,717.69,688.3,688.3,4114,688.3
2020-08-03,686.4,703.47,682.62,693.99,4430,693.99
2020-08-04,722.44,733.81,697.79,733.81,13396,733.81
2020-08-05,719.59,759.41,712.01,758.46,15716,758.46
2020-08-06,758.46,846.63,753.73,794.49,72990,794.49
2020-08-07,780.27,781.22,730.02,732.87,20779,732.87
2020-08-11,733.81,755.61,720.54,740.45,11814,740.45
2020-08-12,730.02,738.55,730.02,733.81,6434,733.81
2020-08-13,734.76,735.71,729.07,729.07,8227,729.07
2020-08-14,730.02,733.81,726.22,733.81,5696,733.81
2020-08-17,739.5,739.5,722.44,725.28,6329,725.28
2020-08-18,729.07,737.61,727.18,730.97,5062,730.97
2020-08-19,736.65,736.65,733.81,735.71,1055,735.71
2020-08-20,749.93,750.88,740.45,742.34,8332,742.34
2020-08-21,739.5,753.73,739.5,752.77,3480,752.77
2020-08-24,749.93,752.77,744.24,744.24,2004,744.24
2020-08-25,744.24,744.24,735.71,738.55,4641,738.55
2020-08-26,737.61,738.55,733.81,734.76,2320,734.76
2020-08-27,735.71,741.4,734.76,737.61,1055,737.61
2020-08-28,737.61,757.51,733.81,733.81,13501,733.81
2020-08-31,737.61,747.08,737.61,744.24,1371,744.24
2020-09-01,744.24,748.98,744.24,748.98,1265,748.98
2020-09-02,753.73,756.57,742.34,750.88,6856,750.88
2020-09-03,746.14,750.88,745.18,750.88,4641,750.88
2020-09-04,749.93,753.73,749.93,751.83,2426,751.83
2020-09-07,751.83,755.61,744.24,751.83,3376,751.83
2020-09-08,754.67,754.67,753.73,754.67,1899,754.67
2020-09-09,754.67,757.51,753.73,757.51,1371,757.51
2020-09-10,757.51,762.26,755.61,762.26,2320,762.26
2020-09-11,762.26,762.26,758.46,761.3,1477,761.3
2020-09-14,769.84,786.9,757.51,786.9,4747,786.9
2020-09-15,791.65,791.65,774.57,778.37,2532,778.37
2020-09-16,775.53,775.53,765.1,765.1,1582,765.1
2020-09-17,766.04,780.27,760.36,760.36,1477,760.36
2020-09-18,774.57,774.57,757.51,758.46,3797,758.46
2020-09-23,780.27,780.27,761.3,764.15,2109,764.15
2020-09-24,762.26,775.53,756.57,756.57,5062,756.57
2020-09-25,765.1,767.0,761.3,761.3,12552,761.3
2020-09-28,772.69,786.9,765.1,779.32,6961,779.32
2020-09-29,789.75,789.75,780.27,782.16,1371,782.16
2020-09-30,783.12,785.96,770.79,770.79,950,770.79
2020-10-02,792.59,792.59,771.73,771.73,4324,771.73
2020-10-05,782.16,789.75,782.16,789.75,6329,789.75
2020-10-06,789.75,790.69,782.16,790.69,4535,790.69
2020-10-07,790.69,844.74,790.69,841.9,25420,841.9
2020-10-08,853.27,948.07,842.84,858.01,48941,858.01
2020-10-09,852.32,895.94,847.58,893.09,9599,893.09
2020-10-12,893.09,893.09,857.06,857.06,4220,857.06
2020-10-13,854.22,865.59,847.58,859.9,4852,859.9
2020-10-14,860.86,861.8,843.79,851.37,4958,851.37
2020-10-15,850.43,856.11,818.19,856.11,6961,856.11
2020-10-16,858.96,860.86,840.0,850.43,3903,850.43
2020-10-19,850.43,850.43,835.26,847.58,2004,847.58
2020-10-20,850.43,850.43,835.26,836.2,3164,836.2
2020-10-21,837.15,837.15,821.04,825.78,25737,825.78
2020-10-22,821.98,834.31,821.98,829.57,9493,829.57
2020-10-23,829.57,853.27,829.57,836.2,5168,836.2
2020-10-26,836.2,852.32,836.2,852.32,3376,852.32
2020-10-27,852.32,853.27,848.53,848.53,5485,848.53
2020-10-28,876.97,876.97,843.79,851.37,7067,851.37
2020-10-29,844.74,846.63,835.26,837.15,2637,837.15
2020-10-30,841.9,854.22,837.15,840.0,1688,840.0
2020-11-02,841.9,848.53,840.0,840.94,1371,840.94
2020-11-04,869.39,869.39,841.9,841.9,2004,841.9
2020-11-05,841.9,864.65,841.9,864.65,1899,864.65
2020-11-06,864.65,866.54,846.63,851.37,1793,851.37
2020-11-09,853.27,858.96,853.27,853.27,2848,853.27
2020-11-10,862.75,862.75,855.16,860.86,2742,860.86
2020-11-11,860.86,922.48,860.86,882.66,22994,882.66
2020-11-12,872.23,872.23,836.2,836.2,6118,836.2
2020-11-13,837.15,849.47,817.24,821.04,4324,821.04
2020-11-16,822.93,831.47,821.98,824.83,25842,824.83
2020-11-17,824.83,824.83,816.29,821.98,4324,821.98
2020-11-18,821.04,828.62,821.04,823.88,5906,823.88
2020-11-19,826.72,826.72,811.55,820.08,2953,820.08
2020-11-20,833.36,833.36,815.35,821.04,2426,821.04
2020-11-24,821.04,830.51,821.04,824.83,1055,824.83
2020-11-25,821.98,831.47,821.98,824.83,3059,824.83
2020-11-26,824.83,840.94,824.83,832.41,3270,832.41
2020-11-27,846.63,848.53,833.36,841.9,4747,841.9
2020-11-30,842.84,850.43,840.0,850.43,3059,850.43
2020-12-01,839.04,849.47,836.2,840.0,5696,840.0
2020-12-02,852.32,852.32,840.0,840.0,3586,840.0
2020-12-03,839.04,850.43,837.15,840.0,6856,840.0
2020-12-04,840.0,844.74,838.1,839.04,1161,839.04
2020-12-07,839.04,850.43,833.36,835.26,6961,835.26
2020-12-08,834.31,834.31,834.31,834.31,106,834.31
2020-12-09,823.88,847.58,823.88,846.63,1688,846.63
2020-12-10,836.2,845.69,836.2,839.04,1161,839.04
2020-12-11,836.2,840.94,836.2,840.94,317,840.94
2020-12-14,842.84,844.74,838.1,844.74,2953,844.74
2020-12-15,840.94,845.69,830.51,836.2,2426,836.2
2020-12-16,836.2,852.32,836.2,840.94,3376,840.94
2020-12-17,851.37,852.32,840.0,844.74,5062,844.74
2020-12-18,844.74,848.53,844.74,845.69,2848,845.69
2020-12-21,853.27,854.22,843.79,843.79,14240,843.79
2020-12-22,843.79,844.74,821.98,827.67,5485,827.67
2020-12-23,821.98,829.57,818.19,824.83,4641,824.83
2020-12-24,819.14,834.31,819.14,824.83,3059,824.83
2020-12-25,834.31,852.32,834.31,852.32,3059,852.32
2020-12-28,858.96,858.96,838.1,853.27,5802,853.27
2020-12-29,861.8,861.8,851.37,853.27,5906,853.27
2020-12-30,844.74,862.75,844.74,857.06,6012,857.06
2021-01-04,867.49,872.23,858.96,871.29,9388,871.29
2021-01-05,885.51,885.51,869.39,869.39,5485,869.39
2021-01-06,873.18,882.66,871.29,875.08,2637,875.08
2021-01-07,881.71,892.14,873.18,876.02,3480,876.02
2021-01-08,876.02,879.82,862.75,862.75,12341,862.75
2021-01-12,860.86,873.18,858.96,873.18,8649,873.18
2021-01-13,867.49,870.33,858.96,858.96,4535,858.96
2021-01-14,858.96,858.96,847.58,858.01,6434,858.01
2021-01-15,858.96,867.49,856.11,864.65,1161,864.65
2021-01-18,864.65,870.33,863.7,865.59,3270,865.59
2021-01-19,869.39,900.67,869.39,900.67,5274,900.67
2021-01-20,897.82,897.82,880.76,881.71,7383,881.71
2021-01-21,882.66,884.55,877.92,881.71,3059,881.71
2021-01-22,881.71,881.71,853.27,863.7,10337,863.7
2021-01-25,864.65,869.39,853.27,861.8,6856,861.8
2021-01-26,861.8,875.08,858.96,859.9,2426,859.9
2021-01-27,860.86,867.49,860.86,864.65,3376,864.65
2021-01-28,858.96,871.29,858.96,864.65,3903,864.65
2021-01-29,864.65,870.33,863.7,863.7,5168,863.7
2021-02-01,859.9,876.97,859.9,864.65,4535,864.65
2021-02-02,874.13,879.82,861.8,867.49,1793,867.49
2021-02-03,867.49,881.71,865.59,867.49,5590,867.49
2021-02-04,878.86,878.86,869.39,869.39,1688,869.39
2021-02-05,872.23,872.23,869.39,870.33,2320,870.33
2021-02-08,870.33,887.4,870.33,873.18,5485,873.18
2021-02-09,885.51,891.19,879.82,890.25,12235,890.25
2021-02-10,900.67,943.33,885.51,899.72,37022,899.72
2021-02-12,900.67,908.25,886.45,902.57,18037,902.57
2021-02-15,913.94,923.43,902.57,902.57,9493,902.57
2021-02-16,905.41,915.84,903.52,904.47,4430,904.47
2021-02-17,904.47,909.21,902.57,905.41,5062,905.41
2021-02-18,917.74,919.64,899.72,906.37,14872,906.37
2021-02-19,917.74,917.74,903.52,912.05,3480,912.05
2021-02-22,918.68,957.56,911.1,929.11,38289,929.11
2021-02-24,919.64,929.11,907.31,927.22,12446,927.22
2021-02-25,929.11,929.11,913.0,913.94,5802,913.94
2021-02-26,926.27,926.27,907.31,910.15,4008,910.15
2021-03-01,911.1,936.7,911.1,916.8,11602,916.8
2021-03-02,918.68,938.6,911.1,912.05,11602,912.05
2021-03-03,912.05,923.43,912.05,921.53,1899,921.53
2021-03-04,927.22,927.22,914.9,926.27,7911,926.27
2021-03-05,926.27,939.54,921.53,930.06,9703,930.06
2021-03-08,946.18,976.52,942.39,955.66,12341,955.66
2021-03-09,957.56,1004.01,948.07,1004.01,18142,1004.01
2021-03-10,1004.01,1004.01,966.09,966.09,10443,966.09
2021-03-11,969.88,977.47,956.61,957.56,4430,957.56
2021-03-12,957.56,971.78,949.97,963.25,5906,963.25
2021-03-15,961.35,990.74,958.5,984.11,5802,984.11
2021-03-16,984.11,1015.39,977.47,989.79,23943,989.79
2021-03-17,1008.75,1008.75,982.21,989.79,11181,989.79
2021-03-18,976.52,1004.96,976.52,980.31,11391,980.31
2021-03-19,981.26,1013.5,981.26,1007.81,4114,1007.81
2021-03-22,1007.81,1030.56,1003.07,1003.07,10020,1003.07
2021-03-23,1003.07,1018.23,948.07,963.25,27108,963.25
2021-03-24,949.03,967.04,949.03,953.76,13712,953.76
2021-03-25,957.56,973.68,957.56,962.3,12762,962.3
2021-03-26,964.19,980.31,964.19,967.04,10864,967.04
2021-03-29,971.78,976.52,959.45,967.99,12973,967.99
2021-03-30,988.42,988.42,974.8,984.52,5242,984.52
2021-03-31,984.52,1021.49,971.88,1021.49,14288,1021.49
2021-04-01,1001.06,1011.76,993.28,999.12,5756,999.12
2021-04-02,1027.33,1027.33,1007.87,1011.76,4626,1011.76
2021-04-05,1003.01,1011.76,997.17,999.12,2467,999.12
2021-04-06,999.12,1015.66,977.71,978.69,8737,978.69
2021-04-07,972.85,983.55,958.26,969.93,18194,969.93
2021-04-08,955.34,963.12,952.42,957.29,9971,957.29
2021-04-09,954.37,980.63,954.37,980.63,3906,980.63
2021-04-12,980.63,994.25,972.85,979.66,1439,979.66
2021-04-13,973.82,997.17,972.85,977.71,6681,977.71
2021-04-14,977.71,990.36,977.71,977.71,1233,977.71
2021-04-15,987.44,987.44,983.55,987.44,617,987.44
2021-04-16,984.52,992.31,984.52,992.31,617,992.31
2021-04-19,1010.79,1010.79,994.25,1005.93,1542,1005.93
2021-04-20,1005.93,1005.93,982.58,992.31,2878,992.31
2021-04-21,979.66,1007.87,968.96,972.85,10587,972.85
2021-04-22,975.77,996.2,972.85,983.55,4214,983.55
2021-04-23,977.71,981.61,977.71,978.69,1131,978.69
2021-04-26,979.66,1006.9,978.69,990.36,7195,990.36
2021-04-27,990.36,1008.85,986.47,994.25,514,994.25
2021-04-28,991.33,991.33,971.88,972.85,4626,972.85
2021-04-30,972.85,990.36,972.85,981.61,2673,981.61
2021-05-06,981.61,997.17,974.8,992.31,2878,992.31
2021-05-07,1009.82,1009.82,1004.95,1009.82,4831,1009.82
2021-05-10,1002.04,1007.87,984.52,994.25,3084,994.25
2021-05-11,991.33,1007.87,988.42,1004.95,5037,1004.95
2021-05-12,1003.98,1043.87,972.85,975.77,38855,975.77
2021-05-13,971.88,971.88,909.62,956.31,27856,956.31
2021-05-14,951.45,968.96,951.45,968.96,1336,968.96
2021-05-17,974.8,981.61,968.96,970.9,2159,970.9
2021-05-18,981.61,981.61,972.85,980.63,1336,980.63
2021-05-19,989.39,989.39,974.8,979.66,7093,979.66
2021-05-20,988.42,1003.98,985.5,1003.01,6887,1003.01
2021-05-21,984.52,993.28,984.52,986.47,308,986.47
2021-05-24,984.52,993.28,982.58,983.55,1850,983.55
2021-05-25,984.52,995.23,984.52,992.31,514,992.31
2021-05-26,988.42,989.39,975.77,975.77,3084,975.77
2021-05-27,981.61,985.5,979.66,985.5,514,985.5
2021-05-28,987.44,992.31,984.52,984.52,1336,984.52
2021-05-31,984.52,991.33,982.58,987.44,2159,987.44
2021-06-01,991.33,991.33,980.63,980.63,1233,980.63
2021-06-02,980.63,989.39,975.77,975.77,5859,975.77
2021-06-03,975.77,987.44,974.8,975.77,1439,975.77
2021-06-04,975.77,981.61,973.82,973.82,1645,973.82
2021-06-07,970.9,978.69,969.93,969.93,2159,969.93
2021-06-08,967.01,974.8,967.01,968.96,1131,968.96
2021-06-09,967.99,984.52,967.01,972.85,1131,972.85
2021-06-10,968.96,972.85,968.96,972.85,925,972.85
2021-06-11,970.9,978.69,970.9,978.69,2981,978.69
2021-06-15,983.55,983.55,973.82,973.82,411,973.82
2021-06-16,973.82,978.69,973.82,978.69,2775,978.69
2021-06-17,978.69,978.69,978.69,978.69,1439,978.69
2021-06-18,982.58,984.52,972.85,980.63,4420,980.63
2021-06-21,982.58,982.58,973.82,973.82,2673,973.82
2021-06-22,973.82,980.63,973.82,980.63,206,980.63
2021-06-23,974.8,975.77,974.8,975.77,411,975.77
2021-06-24,976.74,976.74,976.74,976.74,411,976.74
2021-06-25,974.8,977.71,973.82,974.8,1131,974.8
2021-06-28,973.82,974.8,941.72,966.04,10896,966.04
2021-06-29,966.04,967.99,955.34,965.07,2775,965.07
2021-06-30,962.15,971.88,962.15,971.88,308,971.88
2021-07-01,972.85,981.61,971.88,972.85,1747,972.85
2021-07-02,981.61,981.61,972.85,980.63,1747,980.63
2021-07-05,972.85,981.61,972.85,977.71,2364,977.71
2021-07-06,977.71,977.71,967.99,968.96,1131,968.96
2021-07-07,977.71,977.71,972.85,972.85,514,972.85
2021-07-08,969.93,970.9,953.39,962.15,6167,962.15
2021-07-09,957.29,971.88,957.29,966.04,1336,966.04
2021-07-12,974.8,974.8,971.88,972.85,411,972.85
2021-07-13,972.85,990.36,971.88,990.36,4214,990.36
2021-07-14,990.36,993.28,972.85,972.85,2878,972.85
2021-07-15,978.69,979.66,967.99,972.85,4214,972.85
2021-07-16,974.8,981.61,974.8,981.61,720,981.61
2021-07-19,980.63,980.63,973.82,973.82,1850,973.82
2021-07-20,990.36,990.36,967.99,973.82,5653,973.82
2021-07-21,973.82,988.42,973.82,973.82,1439,973.82
2021-07-26,972.85,980.63,972.85,973.82,1233,973.82
2021-07-27,976.74,977.71,970.9,970.9,1028,970.9
2021-07-28,970.9,975.77,970.9,972.85,1233,972.85
2021-07-29,972.85,972.85,970.9,972.85,3187,972.85
2021-07-30,972.85,980.63,971.88,973.82,3187,973.82
2021-08-02,979.66,979.66,976.74,976.74,720,976.74
2021-08-03,980.63,980.63,975.77,975.77,2056,975.77
2021-08-04,973.82,981.61,973.82,975.77,822,975.77
2021-08-05,975.77,982.58,972.85,973.82,1953,973.82
2021-08-06,969.93,982.58,967.99,967.99,5756,967.99
2021-08-10,966.04,967.99,963.12,967.01,16035,967.01
2021-08-11,967.99,971.88,963.12,968.96,3187,968.96
2021-08-12,978.69,978.69,964.1,964.1,514,964.1
2021-08-13,964.1,967.99,963.12,963.12,514,963.12
2021-08-16,963.12,969.93,963.12,969.93,1747,969.93
2021-08-17,972.85,972.85,959.23,959.23,1850,959.23
2021-08-18,963.12,963.12,954.37,957.29,1336,957.29
2021-08-19,957.29,971.88,957.29,970.9,1850,970.9
2021-08-20,970.9,979.66,891.13,909.62,60544,909.62
2021-08-23,909.62,938.8,904.75,934.91,8634,934.91
2021-08-24,934.91,937.83,920.32,937.83,1233,937.83
2021-08-25,939.77,944.64,939.77,944.64,206,944.64
2021-08-27,933.94,939.77,933.94,936.86,1747,936.86
2021-08-30,934.91,939.77,934.91,939.77,411,939.77
2021-08-31,939.77,939.77,924.21,929.07,720,929.07
2021-09-01,929.07,948.53,929.07,948.53,1233,948.53
2021-09-02,959.23,959.23,948.53,952.42,1850,952.42
2021-09-03,942.69,948.53,942.69,948.53,2261,948.53
2021-09-06,948.53,948.53,929.07,943.67,1131,943.67
2021-09-07,939.77,947.56,938.8,947.56,514,947.56
2021-09-08,937.83,945.61,937.83,945.61,617,945.61
2021-09-09,948.53,961.18,948.53,953.39,7709,953.39
2021-09-10,958.26,958.26,953.39,953.39,206,953.39
2021-09-13,950.48,951.45,950.48,951.45,308,951.45
2021-09-14,959.23,959.23,951.45,951.45,1850,951.45
2021-09-15,958.26,962.15,953.39,953.39,1542,953.39
2021-09-16,961.18,963.12,956.31,959.23,1233,959.23
2021-09-17,963.12,963.12,952.42,962.15,3187,962.15
2021-09-21,953.39,955.34,938.8,952.42,5448,952.42
2021-09-22,944.64,946.58,944.64,946.58,1131,946.58
2021-09-24,942.69,958.26,942.69,951.45,1336,951.45
2021-09-27,961.18,971.88,953.39,953.39,822,953.39
2021-09-28,953.39,955.34,953.39,954.37,925,954.37
2021-09-29,954.37,956.31,953.39,954.37,3803,954.37
2021-10-01,963.12,963.12,962.15,962.15,308,962.15
2021-10-04,976.74,976.74,952.42,953.39,7504,953.39
2021-10-05,948.53,969.93,948.53,959.23,1542,959.23
2021-10-07,956.31,969.93,956.31,960.2,3084,960.2
2021-10-08,960.2,960.2,960.2,960.2,103,960.2
2021-10-11,963.12,963.12,945.61,962.15,1850,962.15
2021-10-12,963.12,963.12,963.12,963.12,206,963.12
2021-10-13,959.23,964.1,958.26,958.26,1747,958.26
2021-10-14,965.07,965.07,961.18,964.1,617,964.1
2021-10-15,965.07,967.01,964.1,964.1,2261,964.1
2021-10-18,966.04,967.01,966.04,967.01,514,967.01
2021-10-19,967.99,978.69,967.01,978.69,5859,978.69
2021-10-20,976.74,976.74,967.01,974.8,2878,974.8
2021-10-21,972.85,975.77,967.99,967.99,10896,967.99
2021-10-25,972.85,972.85,972.85,972.85,103,972.85
2021-10-26,963.12,964.1,963.12,964.1,617,964.1
2021-10-27,965.07,965.07,964.1,964.1,514,964.1
2021-10-28,971.88,977.71,967.01,967.01,1028,967.01
2021-10-29,971.88,971.88,964.1,964.1,308,964.1
2021-11-01,969.93,975.77,967.01,975.77,720,975.77
2021-11-02,982.58,1005.93,963.12,985.5,6373,985.5
2021-11-04,985.5,995.23,985.5,985.5,1850,985.5
2021-11-05,989.39,989.39,975.77,976.74,1233,976.74
2021-11-08,975.77,986.47,975.77,983.55,3803,983.55
2021-11-09,987.44,991.33,974.8,975.77,7195,975.77
2021-11-10,975.77,976.74,965.07,965.07,3392,965.07
2021-11-11,969.93,969.93,949.5,962.15,1028,962.15
2021-11-12,961.18,969.93,961.18,969.93,720,969.93
2021-11-15,968.96,982.58,967.01,970.9,2775,970.9
2021-11-16,967.99,967.99,955.34,963.12,1336,963.12
2021-11-17,959.23,967.01,954.37,954.37,1336,954.37
2021-11-18,956.31,959.23,943.67,945.61,3495,945.61
2021-11-19,952.42,969.93,947.56,969.93,1747,969.93
2021-11-22,969.93,969.93,962.15,962.15,1645,962.15
2021-11-24,964.1,968.96,948.53,951.45,1439,951.45
2021-11-25,945.61,966.04,945.61,952.42,2159,952.42
2021-11-26,950.48,965.07,943.67,958.26,2570,958.26
2021-11-29,958.26,966.04,945.61,945.61,1439,945.61
2021-11-30,945.61,967.01,945.61,967.01,1645,967.01
2021-12-01,964.1,982.58,957.29,982.58,4831,982.58
2021-12-02,1000.09,1000.09,974.8,987.44,5551,987.44
2021-12-03,982.58,991.33,972.85,987.44,4420,987.44
2021-12-06,973.82,1099.32,973.82,1028.3,25184,1028.3
2021-12-07,1011.76,1049.71,993.28,1008.85,10485,1008.85
2021-12-08,1005.93,1070.14,1005.93,1070.14,6167,1070.14
2021-12-09,1063.33,1070.14,1033.17,1034.14,4214,1034.14
2021-12-10,1022.47,1038.03,1012.74,1012.74,617,1012.74
2021-12-13,1014.68,1099.32,1014.68,1099.32,12746,1099.32
2021-12-14,1098.35,1098.35,1039.98,1059.43,7504,1059.43
2021-12-15,1053.6,1065.27,1026.36,1049.71,3906,1049.71
2021-12-16,1067.22,1078.89,1040.95,1078.89,4523,1078.89
2021-12-17,1070.14,1079.86,1057.49,1077.92,4009,1077.92
2021-12-20,1077.92,1077.92,1004.95,1022.47,5551,1022.47
2021-12-21,1022.47,1022.47,936.86,991.33,15727,991.33
2021-12-22,992.31,1017.6,984.52,1010.79,2878,1010.79
2021-12-23,1004.95,1008.85,972.85,998.14,3392,998.14
2021-12-24,1006.9,1019.55,973.82,994.25,14185,994.25
2021-12-27,997.17,1055.54,997.17,1054.57,10382,1054.57
2021-12-28,1038.03,1104.19,1038.03,1067.22,11410,1067.22
2021-12-29,1067.22,1069.16,1016.63,1048.73,5859,1048.73
2021-12-30,1055.54,1070.14,1048.73,1070.14,2775,1070.14
2022-01-04,1071.11,1087.65,1071.11,1073.05,6579,1073.05
2022-01-05,1078.89,1079.86,1065.27,1073.05,9251,1073.05
2022-01-06,1065.27,1096.4,1064.3,1065.27,10485,1065.27
2022-01-07,1066.24,1084.73,1066.24,1084.73,720,1084.73
2022-01-11,1083.76,1118.78,1083.76,1109.05,8223,1109.05
2022-01-12,1105.16,1109.05,1050.68,1084.73,11615,1084.73
2022-01-13,1113.91,1113.91,1099.32,1105.16,1747,1105.16
2022-01-14,1111.0,1111.0,1082.78,1094.46,2467,1094.46
2022-01-17,1097.38,1098.35,1087.65,1094.46,2467,1094.46
2022-01-18,1105.16,1105.16,1073.05,1075.97,2570,1075.97
2022-01-19,1075.0,1080.84,1065.27,1075.97,5140,1075.97
2022-01-20,1082.78,1098.35,1077.92,1078.89,2261,1078.89
2022-01-21,1078.89,1078.89,1043.87,1059.43,11101,1059.43
2022-01-24,1040.95,1059.43,1040.95,1052.62,2159,1052.62
2022-01-25,1046.79,1096.4,1042.9,1061.38,3187,1061.38
2022-01-26,1055.54,1067.22,1038.03,1056.52,2570,1056.52
2022-01-28,1061.38,1069.16,1061.38,1069.16,617,1069.16
2022-01-31,1069.16,1081.81,1060.41,1060.41,1439,1060.41
2022-02-01,1070.14,1084.73,1026.36,1060.41,6167,1060.41
2022-02-02,1080.84,1080.84,1060.41,1062.35,2775,1062.35
2022-02-03,1062.35,1084.73,1062.35,1071.11,1233,1071.11
2022-02-04,1098.35,1098.35,1060.41,1068.19,3598,1068.19
2022-02-07,1097.38,1114.89,1074.03,1107.1,8532,1107.1
2022-02-08,1107.1,1118.78,1095.43,1109.05,5140,1109.05
2022-02-09,1123.64,1124.62,1041.92,1089.59,29295,1089.59
2022-02-10,1060.41,1069.16,1049.71,1057.49,13877,1057.49
2022-02-14,1042.9,1056.52,1026.36,1056.52,6681,1056.52
2022-02-15,1027.33,1050.68,1027.33,1050.68,3289,1050.68
2022-02-16,1050.68,1073.05,1050.68,1072.08,1953,1072.08
2022-02-17,1079.86,1084.73,1056.52,1084.73,1645,1084.73
2022-02-18,1084.73,1115.86,1068.19,1115.86,4317,1115.86
2022-02-21,1131.43,1131.43,1104.19,1118.78,3598,1118.78
2022-02-22,1134.34,1135.32,1102.24,1135.32,2364,1135.32
2022-02-24,1138.24,1138.24,1061.38,1074.03,9765,1074.03
2022-02-25,1079.86,1116.83,1076.95,1081.81,8737,1081.81
2022-02-28,1054.57,1103.21,1054.57,1098.35,4112,1098.35
2022-03-01,1106.13,1106.13,1079.86,1099.32,2878,1099.32
2022-03-02,1099.32,1105.16,1079.86,1098.35,3598,1098.35
2022-03-03,1083.76,1109.05,1083.76,1105.16,822,1105.16
2022-03-04,1096.4,1120.72,1096.4,1120.72,308,1120.72
2022-03-07,1111.0,1111.0,1079.86,1079.86,2673,1079.86
2022-03-08,1065.27,1071.11,1025.38,1028.3,7504,1028.3
2022-03-09,1026.36,1062.35,1024.41,1060.41,1439,1060.41
2022-03-10,1061.38,1070.14,1055.54,1055.54,925,1055.54
2022-03-11,1053.6,1062.35,1046.79,1047.76,1645,1047.76
2022-03-14,1047.76,1064.3,1047.76,1056.52,1747,1056.52
2022-03-15,1058.46,1085.7,1046.79,1050.68,4523,1050.68
2022-03-16,1047.76,1056.52,1040.95,1040.95,2878,1040.95
2022-03-17,1050.68,1073.05,1045.81,1047.76,7195,1047.76
2022-03-18,1047.76,1070.14,1040.95,1070.14,7195,1070.14
2022-03-22,1078.89,1078.89,1041.92,1049.71,13568,1049.71
2022-03-23,1047.76,1067.22,1032.19,1048.73,14493,1048.73
2022-03-24,1048.73,1070.14,1034.14,1041.92,20764,1041.92
2022-03-25,1042.9,1066.24,1042.9,1054.57,6887,1054.57
2022-03-28,1047.76,1078.89,1047.76,1073.05,2981,1073.05
2022-03-29,1062.35,1083.76,1062.35,1075.0,2570,1075.0
2022-03-30,1104.0,1104.0,1070.0,1082.0,7400,1082.0
2022-03-31,1076.0,1090.0,1065.0,1076.0,4000,1076.0
2022-04-01,1075.0,1085.0,1073.0,1080.0,1300,1080.0
2022-04-04,1087.0,1087.0,1074.0,1074.0,3800,1074.0
2022-04-05,1074.0,1084.0,1074.0,1078.0,1500,1078.0
2022-04-06,1075.0,1083.0,1074.0,1074.0,1000,1074.0
2022-04-07,1061.0,1079.0,1061.0,1066.0,6700,1066.0
2022-04-08,1065.0,1065.0,1065.0,1065.0,100,1065.0
2022-04-11,1065.0,1079.0,1060.0,1065.0,2400,1065.0
2022-04-12,1065.0,1079.0,1063.0,1063.0,2300,1063.0
2022-04-13,1063.0,1070.0,1063.0,1063.0,1200,1063.0
2022-04-14,1063.0,1067.0,1063.0,1065.0,2100,1065.0
2022-04-15,1065.0,1065.0,1062.0,1062.0,1000,1062.0
2022-04-18,1065.0,1068.0,1060.0,1061.0,1000,1061.0
2022-04-19,1070.0,1080.0,1068.0,1080.0,1400,1080.0
2022-04-20,1080.0,1085.0,1078.0,1082.0,4000,1082.0
2022-04-21,1082.0,1085.0,1080.0,1080.0,2300,1080.0
2022-04-22,1075.0,1084.0,1075.0,1076.0,1200,1076.0
2022-04-25,1067.0,1074.0,1067.0,1068.0,1300,1068.0
2022-04-26,1067.0,1067.0,1045.0,1045.0,5400,1045.0
2022-04-27,1045.0,1045.0,1037.0,1037.0,3100,1037.0
2022-04-28,1045.0,1064.0,1030.0,1063.0,5700,1063.0
2022-05-02,1035.0,1048.0,1035.0,1042.0,4400,1042.0
2022-05-06,1042.0,1042.0,1004.0,1024.0,4700,1024.0
2022-05-09,1011.0,1011.0,973.0,995.0,19100,995.0
2022-05-10,985.0,985.0,960.0,975.0,12000,975.0
2022-05-11,975.0,987.0,952.0,964.0,14300,964.0
2022-05-12,960.0,966.0,950.0,952.0,4600,952.0
2022-05-13,950.0,959.0,944.0,954.0,9000,954.0
2022-05-16,954.0,958.0,945.0,949.0,12500,949.0
2022-05-17,945.0,949.0,938.0,944.0,11700,944.0
2022-05-18,942.0,956.0,940.0,945.0,4600,945.0
2022-05-19,945.0,949.0,934.0,942.0,5200,942.0
2022-05-20,966.0,966.0,950.0,950.0,1900,950.0
2022-05-23,964.0,970.0,961.0,970.0,1300,970.0
2022-05-24,970.0,972.0,963.0,969.0,1000,969.0
2022-05-25,963.0,985.0,963.0,979.0,1200,979.0
2022-05-26,979.0,993.0,978.0,980.0,2100,980.0
2022-05-27,980.0,995.0,980.0,992.0,2700,992.0
2022-05-30,997.0,1025.0,995.0,995.0,1800,995.0
2022-05-31,1001.0,1014.0,998.0,1012.0,1500,1012.0
2022-06-01,1012.0,1029.0,1012.0,1029.0,2400,1029.0
2022-06-02,1029.0,1030.0,1012.0,1030.0,2200,1030.0
2022-06-03,1011.0,1030.0,1007.0,1008.0,6100,1008.0
2022-06-07,1012.0,1012.0,973.0,973.0,7000,973.0
2022-06-08,973.0,1020.0,973.0,1015.0,5400,1015.0
2022-06-09,986.0,999.0,985.0,986.0,3600,986.0
2022-06-10,986.0,986.0,977.0,977.0,1600,977.0
2022-06-13,976.0,976.0,963.0,967.0,4300,967.0
2022-06-14,964.0,972.0,958.0,959.0,3400,959.0
2022-06-15,988.0,1028.0,980.0,993.0,11200,993.0
2022-06-16,1013.0,1034.0,1013.0,1021.0,4200,1021.0
2022-06-17,1011.0,1011.0,951.0,988.0,8800,988.0
2022-06-20,982.0,997.0,978.0,985.0,3100,985.0
2022-06-21,978.0,983.0,978.0,983.0,800,983.0
2022-06-22,983.0,993.0,983.0,987.0,1000,987.0
2022-06-23,983.0,990.0,983.0,990.0,1700,990.0
2022-06-24,990.0,1014.0,990.0,1001.0,3500,1001.0
2022-06-27,1010.0,1010.0,1003.0,1003.0,1100,1003.0
2022-06-28,1003.0,1005.0,1003.0,1005.0,1500,1005.0
2022-06-29,1000.0,1005.0,990.0,1005.0,3000,1005.0
2022-06-30,1000.0,1011.0,997.0,997.0,3100,997.0
2022-07-01,997.0,1002.0,994.0,1002.0,2700,1002.0
2022-07-04,1000.0,1000.0,991.0,994.0,5200,994.0
2022-07-05,1009.0,1009.0,1003.0,1006.0,4100,1006.0
2022-07-06,1000.0,1012.0,1000.0,1011.0,1100,1011.0
2022-07-07,1010.0,1010.0,1000.0,1003.0,2400,1003.0
2022-07-08,1001.0,1005.0,987.0,990.0,4100,990.0
2022-07-11,990.0,999.0,989.0,993.0,1900,993.0
2022-07-12,998.0,1007.0,989.0,1007.0,2200,1007.0
2022-07-13,999.0,999.0,988.0,988.0,6900,988.0
2022-07-14,987.0,989.0,986.0,989.0,1700,989.0
2022-07-15,989.0,989.0,989.0,989.0,200,989.0
2022-07-19,983.0,990.0,983.0,990.0,4500,990.0
2022-07-20,990.0,990.0,986.0,986.0,4800,986.0
2022-07-21,986.0,987.0,976.0,976.0,6800,976.0
2022-07-22,980.0,980.0,973.0,973.0,5300,973.0
2022-07-25,973.0,975.0,962.0,969.0,3000,969.0
2022-07-26,964.0,976.0,964.0,975.0,2700,975.0
2022-07-27,975.0,975.0,964.0,964.0,800,964.0
2022-07-28,967.0,979.0,957.0,959.0,3800,959.0
2022-07-29,960.0,965.0,953.0,953.0,2000,953.0
2022-08-01,954.0,956.0,941.0,953.0,14300,953.0
2022-08-02,953.0,953.0,945.0,948.0,2000,948.0
2022-08-03,944.0,944.0,938.0,938.0,5800,938.0
2022-08-04,937.0,950.0,937.0,938.0,5200,938.0
2022-08-05,938.0,941.0,935.0,936.0,4200,936.0
2022-08-08,935.0,946.0,935.0,939.0,1700,939.0
2022-08-09,939.0,944.0,922.0,922.0,15900,922.0
2022-08-10,923.0,924.0,902.0,906.0,13100,906.0
2022-08-12,905.0,910.0,903.0,906.0,7000,906.0
2022-08-15,907.0,920.0,907.0,910.0,14100,910.0
2022-08-16,921.0,921.0,907.0,911.0,2800,911.0
2022-08-17,912.0,916.0,911.0,912.0,2700,912.0
2022-08-18,912.0,919.0,912.0,919.0,3400,919.0
2022-08-19,922.0,935.0,915.0,935.0,8300,935.0
2022-08-22,950.0,950.0,931.0,937.0,8100,937.0
2022-08-23,930.0,931.0,922.0,923.0,8800,923.0
2022-08-24,923.0,923.0,913.0,914.0,13400,914.0
2022-08-25,914.0,918.0,912.0,912.0,6300,912.0
2022-08-26,914.0,915.0,912.0,912.0,5000,912.0
2022-08-29,911.0,914.0,909.0,911.0,2000,911.0
2022-08-30,911.0,923.0,910.0,914.0,2700,914.0
2022-08-31,911.0,913.0,909.0,913.0,6900,913.0
2022-09-01,928.0,928.0,914.0,920.0,7800,920.0
2022-09-02,920.0,920.0,910.0,910.0,2000,910.0
2022-09-05,910.0,913.0,906.0,908.0,4000,908.0
2022-09-06,908.0,909.0,902.0,909.0,4800,909.0
2022-09-07,903.0,910.0,894.0,896.0,11600,896.0
2022-09-08,908.0,908.0,891.0,892.0,6300,892.0
2022-09-09,898.0,898.0,892.0,892.0,4800,892.0
2022-09-12,893.0,897.0,890.0,892.0,6300,892.0
2022-09-13,892.0,896.0,889.0,892.0,8900,892.0
2022-09-14,889.0,890.0,886.0,889.0,11000,889.0
2022-09-15,889.0,891.0,888.0,888.0,1500,888.0
2022-09-16,888.0,889.0,884.0,886.0,10000,886.0
2022-09-20,886.0,889.0,884.0,887.0,6800,887.0
2022-09-21,882.0,886.0,879.0,881.0,10900,881.0
2022-09-22,879.0,881.0,878.0,881.0,3600,881.0
2022-09-26,881.0,881.0,878.0,880.0,2000,880.0
2022-09-27,880.0,883.0,877.0,879.0,5200,879.0
2022-09-28,878.0,886.0,875.0,875.0,3500,875.0
2022-09-29,881.0,883.0,877.0,877.0,3000,877.0
2022-09-30,871.0,873.0,871.0,872.0,4800,872.0
2022-10-03,873.0,888.0,870.0,880.0,5300,880.0
2022-10-04,880.0,885.0,873.0,884.0,7600,884.0
2022-10-05,882.0,887.0,882.0,885.0,2700,885.0
2022-10-06,887.0,887.0,878.0,883.0,2200,883.0
2022-10-07,885.0,887.0,871.0,887.0,11900,887.0
2022-10-11,873.0,876.0,871.0,872.0,3800,872.0
2022-10-12,875.0,879.0,873.0,879.0,800,879.0
2022-10-13,879.0,879.0,866.0,869.0,3600,869.0
2022-10-14,869.0,871.0,868.0,869.0,1000,869.0
2022-10-17,867.0,869.0,864.0,866.0,2500,866.0
2022-10-18,866.0,869.0,866.0,867.0,1000,867.0
2022-10-19,868.0,880.0,867.0,875.0,8800,875.0
2022-10-20,867.0,870.0,865.0,868.0,2800,868.0
2022-10-21,868.0,868.0,864.0,868.0,2400,868.0
2022-10-24,865.0,870.0,865.0,865.0,3300,865.0
2022-10-25,865.0,866.0,864.0,866.0,1800,866.0
2022-10-26,864.0,867.0,863.0,865.0,3300,865.0
2022-10-27,865.0,866.0,862.0,865.0,3600,865.0
2022-10-28,865.0,865.0,862.0,862.0,1700,862.0
2022-10-31,864.0,867.0,863.0,864.0,700,864.0
2022-11-01,866.0,866.0,858.0,861.0,7800,861.0
2022-11-02,855.0,865.0,830.0,844.0,21100,844.0
2022-11-04,844.0,844.0,834.0,835.0,9100,835.0
2022-11-07,834.0,837.0,831.0,834.0,6200,834.0
2022-11-08,831.0,841.0,827.0,832.0,20900,832.0
2022-11-09,833.0,851.0,831.0,839.0,26500,839.0
2022-11-10,827.0,831.0,815.0,826.0,19600,826.0
2022-11-11,802.0,820.0,801.0,808.0,61300,808.0
2022-11-14,823.0,823.0,812.0,814.0,6200,814.0
2022-11-15,814.0,815.0,805.0,807.0,8100,807.0
2022-11-16,807.0,809.0,806.0,808.0,6300,808.0
2022-11-17,806.0,809.0,805.0,807.0,5300,807.0
2022-11-18,803.0,806.0,800.0,803.0,66900,803.0
2022-11-21,812.0,815.0,810.0,812.0,18000,812.0
2022-11-22,812.0,818.0,808.0,816.0,4200,816.0
2022-11-24,819.0,825.0,816.0,822.0,17100,822.0
2022-11-25,825.0,830.0,823.0,828.0,20800,828.0
2022-11-28,832.0,833.0,828.0,830.0,27300,830.0
2022-11-29,837.0,837.0,830.0,835.0,9700,835.0
2022-11-30,835.0,835.0,831.0,835.0,5700,835.0
2022-12-01,833.0,845.0,832.0,839.0,5200,839.0
2022-12-02,845.0,845.0,831.0,839.0,18000,839.0
2022-12-05,839.0,839.0,827.0,830.0,46000,830.0
2022-12-06,820.0,820.0,816.0,820.0,54600,820.0
2022-12-07,811.0,820.0,808.0,815.0,18100,815.0
2022-12-08,815.0,818.0,811.0,818.0,32800,818.0
2022-12-09,818.0,819.0,816.0,816.0,2700,816.0
2022-12-12,817.0,819.0,815.0,816.0,4300,816.0
2022-12-13,814.0,814.0,812.0,814.0,8300,814.0
2022-12-14,815.0,815.0,810.0,810.0,26400,810.0
2022-12-15,810.0,814.0,809.0,812.0,4800,812.0
2022-12-16,811.0,813.0,810.0,810.0,6700,810.0
2022-12-19,813.0,817.0,810.0,817.0,5600,817.0
2022-12-20,820.0,820.0,807.0,809.0,16100,809.0
2022-12-21,814.0,814.0,809.0,811.0,22100,811.0
2022-12-22,818.0,821.0,815.0,818.0,10100,818.0
2022-12-23,813.0,820.0,812.0,818.0,15900,818.0
2022-12-26,821.0,821.0,815.0,817.0,18800,817.0
2022-12-27,815.0,817.0,815.0,816.0,7500,816.0
2022-12-28,816.0,816.0,811.0,815.0,13300,815.0
2022-12-29,815.0,816.0,811.0,811.0,14100,811.0
2022-12-30,812.0,816.0,811.0,812.0,48500,812.0
2023-01-04,813.0,821.0,813.0,815.0,15900,815.0
2023-01-05,815.0,823.0,815.0,819.0,8300,819.0
2023-01-06,816.0,826.0,816.0,820.0,52600,820.0
2023-01-10,830.0,860.0,827.0,831.0,8300,831.0
2023-01-11,835.0,860.0,835.0,847.0,22200,847.0
2023-01-12,848.0,865.0,848.0,864.0,15500,864.0
2023-01-13,873.0,875.0,865.0,867.0,19400,867.0
2023-01-16,875.0,875.0,838.0,850.0,10500,850.0
2023-01-17,850.0,860.0,843.0,852.0,14800,852.0
2023-01-18,863.0,863.0,850.0,851.0,7800,851.0
2023-01-19,852.0,852.0,844.0,848.0,10400,848.0
2023-01-20,850.0,850.0,848.0,849.0,5600,849.0
2023-01-23,850.0,857.0,846.0,849.0,13100,849.0
2023-01-24,851.0,852.0,850.0,851.0,3900,851.0
2023-01-25,857.0,860.0,853.0,858.0,10500,858.0
2023-01-26,860.0,860.0,855.0,858.0,1800,858.0
2023-01-27,855.0,859.0,855.0,856.0,4000,856.0
2023-01-30,856.0,865.0,855.0,862.0,15200,862.0
2023-01-31,862.0,866.0,859.0,863.0,5400,863.0
2023-02-01,863.0,867.0,860.0,860.0,5700,860.0
2023-02-02,867.0,867.0,861.0,861.0,5700,861.0
2023-02-03,867.0,878.0,865.0,876.0,10700,876.0
2023-02-06,883.0,896.0,879.0,893.0,22300,893.0
2023-02-07,893.0,917.0,893.0,912.0,37300,912.0
2023-02-08,916.0,935.0,908.0,928.0,69400,928.0
2023-02-09,920.0,923.0,900.0,913.0,48600,913.0
2023-02-10,903.0,913.0,890.0,892.0,35900,892.0
2023-02-13,897.0,902.0,889.0,900.0,12600,900.0
2023-02-14,901.0,907.0,900.0,902.0,6400,902.0
2023-02-15,901.0,903.0,892.0,894.0,9600,894.0
2023-02-16,896.0,905.0,896.0,904.0,12900,904.0
2023-02-17,899.0,906.0,896.0,900.0,11100,900.0
2023-02-20,901.0,902.0,898.0,901.0,13500,901.0
2023-02-21,902.0,908.0,901.0,904.0,17900,904.0
2023-02-22,909.0,909.0,902.0,904.0,4000,904.0
2023-02-24,901.0,903.0,896.0,898.0,16500,898.0
2023-02-27,908.0,912.0,901.0,909.0,12500,909.0
2023-02-28,913.0,915.0,908.0,913.0,5000,913.0
2023-03-01,902.0,908.0,902.0,905.0,10400,905.0
2023-03-02,911.0,912.0,906.0,911.0,5800,911.0
2023-03-03,911.0,912.0,908.0,909.0,5600,909.0
2023-03-06,920.0,928.0,908.0,926.0,49400,926.0
2023-03-07,921.0,925.0,916.0,921.0,28800,921.0
2023-03-08,920.0,927.0,919.0,920.0,22700,920.0
2023-03-09,924.0,931.0,922.0,927.0,27100,927.0
2023-03-10,921.0,926.0,915.0,917.0,14700,917.0
2023-03-13,910.0,911.0,890.0,898.0,23900,898.0
2023-03-14,886.0,887.0,862.0,873.0,25300,873.0
2023-03-15,888.0,888.0,875.0,883.0,12800,883.0
2023-03-16,879.0,880.0,866.0,877.0,19600,877.0
2023-03-17,879.0,889.0,876.0,877.0,15800,877.0
2023-03-20,874.0,878.0,850.0,851.0,24400,851.0
2023-03-22,863.0,865.0,851.0,855.0,10100,855.0
2023-03-23,851.0,852.0,845.0,850.0,19600,850.0
2023-03-24,847.0,863.0,846.0,853.0,16400,853.0
2023-03-27,877.0,877.0,856.0,862.0,5300,862.0
2023-03-28,862.0,864.0,841.0,855.0,10800,855.0
2023-03-29,856.0,863.0,855.0,862.0,10600,862.0
2023-03-30,829.0,856.0,829.0,856.0,15500,856.0
2023-03-31,855.0,867.0,849.0,859.0,9500,859.0
2023-04-03,859.0,862.0,856.0,860.0,11200,860.0
2023-04-04,860.0,868.0,859.0,866.0,6400,866.0
2023-04-05,866.0,868.0,858.0,859.0,4100,859.0
2023-04-06,863.0,863.0,848.0,849.0,5800,849.0
2023-04-07,849.0,858.0,849.0,858.0,1600,858.0
2023-04-10,856.0,859.0,854.0,855.0,5900,855.0
2023-04-11,858.0,858.0,851.0,853.0,4200,853.0
2023-04-12,854.0,858.0,847.0,856.0,6800,856.0
2023-04-13,853.0,858.0,852.0,858.0,4200,858.0
2023-04-14,860.0,860.0,854.0,859.0,4000,859.0
2023-04-17,860.0,866.0,860.0,861.0,2600,861.0
2023-04-18,864.0,882.0,864.0,879.0,13500,879.0
2023-04-19,883.0,883.0,869.0,880.0,4700,880.0
2023-04-20,880.0,880.0,873.0,875.0,3400,875.0
2023-04-21,878.0,878.0,872.0,875.0,5000,875.0
2023-04-24,877.0,877.0,863.0,874.0,4400,874.0
2023-04-25,873.0,875.0,870.0,870.0,1100,870.0
2023-04-26,870.0,870.0,855.0,858.0,11000,858.0
2023-04-27,854.0,865.0,854.0,858.0,1800,858.0
2023-04-28,864.0,881.0,862.0,863.0,7800,863.0
2023-05-01,870.0,874.0,864.0,873.0,10100,873.0
2023-05-02,881.0,881.0,865.0,873.0,4500,873.0
2023-05-08,884.0,886.0,870.0,876.0,10000,876.0
2023-05-09,876.0,895.0,876.0,890.0,11000,890.0
2023-05-10,900.0,915.0,881.0,911.0,40500,911.0
2023-05-11,896.0,907.0,891.0,905.0,17800,905.0
2023-05-12,898.0,903.0,897.0,900.0,7000,900.0
2023-05-15,903.0,903.0,890.0,899.0,6400,899.0
2023-05-16,899.0,900.0,889.0,900.0,7500,900.0
2023-05-17,898.0,901.0,891.0,897.0,5900,897.0
2023-05-18,901.0,901.0,894.0,899.0,7800,899.0
2023-05-19,900.0,900.0,892.0,900.0,5700,900.0
2023-05-22,896.0,902.0,894.0,902.0,5100,902.0
2023-05-23,905.0,910.0,897.0,898.0,18500,898.0
2023-05-24,902.0,903.0,893.0,899.0,8600,899.0
2023-05-25,903.0,906.0,896.0,903.0,9900,903.0
2023-05-26,900.0,906.0,897.0,904.0,5000,904.0
2023-05-29,906.0,906.0,897.0,902.0,8000,902.0
2023-05-30,897.0,910.0,896.0,904.0,7700,904.0
2023-05-31,900.0,901.0,891.0,893.0,8500,893.0
2023-06-01,898.0,906.0,893.0,900.0,12000,900.0
2023-06-02,900.0,901.0,894.0,899.0,8900,899.0
2023-06-05,898.0,903.0,898.0,902.0,5700,902.0
2023-06-06,902.0,904.0,900.0,904.0,1700,904.0
2023-06-07,905.0,905.0,895.0,896.0,13300,896.0
2023-06-08,896.0,903.0,896.0,897.0,9300,897.0
2023-06-09,903.0,903.0,894.0,900.0,9500,900.0
2023-06-12,900.0,908.0,899.0,908.0,4900,908.0
2023-06-13,908.0,915.0,905.0,915.0,4900,915.0
2023-06-14,915.0,919.0,910.0,915.0,7600,915.0
2023-06-15,915.0,919.0,903.0,908.0,5700,908.0
2023-06-16,915.0,916.0,908.0,915.0,1600,915.0
2023-06-19,921.0,965.0,920.0,954.0,23900,954.0
2023-06-20,950.0,961.0,935.0,953.0,9600,953.0
2023-06-21,950.0,968.0,942.0,956.0,11000,956.0
2023-06-22,953.0,962.0,938.0,952.0,6000,952.0
2023-06-23,952.0,953.0,940.0,947.0,5200,947.0
2023-06-26,962.0,963.0,954.0,960.0,14100,960.0
2023-06-27,965.0,965.0,951.0,960.0,8800,960.0
2023-06-28,960.0,993.0,956.0,981.0,23800,981.0
2023-06-29,987.0,987.0,970.0,971.0,9800,971.0
2023-06-30,976.0,979.0,961.0,970.0,7700,970.0
2023-07-03,976.0,984.0,963.0,971.0,13200,971.0
2023-07-04,973.0,982.0,970.0,972.0,9000,972.0
2023-07-05,970.0,972.0,967.0,971.0,5600,971.0
2023-07-06,974.0,974.0,952.0,964.0,10400,964.0
2023-07-07,970.0,970.0,962.0,970.0,6600,970.0
2023-07-10,971.0,971.0,955.0,965.0,20300,965.0
2023-07-11,960.0,969.0,956.0,963.0,18100,963.0
2023-07-12,960.0,960.0,950.0,950.0,15200,950.0
2023-07-13,950.0,959.0,950.0,953.0,3100,953.0
2023-07-14,952.0,952.0,907.0,948.0,15300,948.0
2023-07-18,948.0,950.0,945.0,950.0,2700,950.0
2023-07-19,948.0,965.0,948.0,965.0,5800,965.0
2023-07-20,966.0,969.0,956.0,969.0,7000,969.0
2023-07-21,969.0,969.0,961.0,962.0,4000,962.0
2023-07-24,969.0,998.0,965.0,977.0,14800,977.0
2023-07-25,977.0,985.0,967.0,973.0,11300,973.0
2023-07-26,971.0,975.0,970.0,973.0,2800,973.0
2023-07-27,975.0,980.0,974.0,980.0,6700,980.0
2023-07-28,979.0,988.0,965.0,976.0,5100,976.0
2023-07-31,974.0,978.0,967.0,968.0,5700,968.0
2023-08-01,968.0,984.0,968.0,978.0,11700,978.0
2023-08-02,979.0,980.0,968.0,978.0,6400,978.0
2023-08-03,972.0,972.0,954.0,956.0,11200,956.0
2023-08-04,955.0,965.0,955.0,963.0,2300,963.0
2023-08-07,952.0,963.0,930.0,949.0,11600,949.0
2023-08-08,952.0,969.0,952.0,959.0,3000,959.0
2023-08-09,973.0,985.0,956.0,968.0,21600,968.0
2023-08-10,976.0,976.0,944.0,952.0,12800,952.0
2023-08-14,952.0,961.0,948.0,950.0,6400,950.0
2023-08-15,948.0,957.0,946.0,950.0,14200,950.0
2023-08-16,950.0,972.0,950.0,959.0,2500,959.0
2023-08-17,966.0,966.0,949.0,963.0,6900,963.0
2023-08-18,954.0,978.0,948.0,978.0,21100,978.0
2023-08-21,989.0,989.0,964.0,968.0,12000,968.0
2023-08-22,968.0,980.0,968.0,973.0,5400,973.0
2023-08-23,979.0,987.0,970.0,978.0,4600,978.0
2023-08-24,985.0,988.0,978.0,986.0,3200,986.0
2023-08-25,980.0,987.0,980.0,983.0,2500,983.0
2023-08-28,982.0,987.0,965.0,980.0,9000,980.0
2023-08-29,980.0,983.0,975.0,982.0,2200,982.0
2023-08-30,982.0,995.0,978.0,980.0,9100,980.0
2023-08-31,986.0,994.0,981.0,989.0,8200,989.0
2023-09-01,996.0,997.0,977.0,997.0,10000,997.0
2023-09-04,1000.0,1005.0,993.0,997.0,19300,997.0
2023-09-05,1004.0,1008.0,995.0,1008.0,9900,1008.0
2023-09-06,1001.0,1015.0,995.0,1010.0,13800,1010.0
2023-09-07,1010.0,1014.0,995.0,1003.0,10000,1003.0
2023-09-08,1003.0,1011.0,997.0,1003.0,4600,1003.0
2023-09-11,1011.0,1011.0,991.0,997.0,6300,997.0
2023-09-12,999.0,1004.0,993.0,1004.0,6700,1004.0
2023-09-13,996.0,1000.0,988.0,995.0,6200,995.0
2023-09-14,995.0,1010.0,991.0,1001.0,4200,1001.0
2023-09-15,1015.0,1026.0,991.0,1025.0,13100,1025.0
2023-09-19,1024.0,1084.0,1024.0,1082.0,24300,1082.0
2023-09-20,1083.0,1094.0,1050.0,1066.0,18600,1066.0
2023-09-21,1065.0,1065.0,1045.0,1058.0,4800,1058.0
2023-09-22,1048.0,1058.0,1024.0,1054.0,5700,1054.0
2023-09-25,1066.0,1082.0,1052.0,1074.0,4700,1074.0
2023-09-26,1067.0,1085.0,1066.0,1081.0,3900,1081.0
2023-09-27,1081.0,1082.0,1041.0,1061.0,9400,1061.0
2023-09-28,1061.0,1086.0,1061.0,1086.0,5700,1086.0
2023-09-29,1086.0,1086.0,1060.0,1075.0,3100,1075.0
2023-10-02,1086.0,1086.0,1060.0,1084.0,8000,1084.0
2023-10-03,1084.0,1084.0,1014.0,1020.0,17600,1020.0
2023-10-04,975.0,997.0,971.0,984.0,21200,984.0
2023-10-05,986.0,1033.0,986.0,1029.0,10700,1029.0
2023-10-06,1030.0,1031.0,1025.0,1025.0,1700,1025.0
2023-10-10,1036.0,1037.0,1022.0,1035.0,1300,1035.0
2023-10-11,1017.0,1031.0,1017.0,1021.0,3300,1021.0
2023-10-12,1030.0,1030.0,1015.0,1025.0,1600,1025.0
2023-10-13,1022.0,1022.0,1004.0,1004.0,6300,1004.0
2023-10-16,1004.0,1024.0,999.0,1000.0,3000,1000.0
2023-10-17,1006.0,1020.0,1001.0,1012.0,2100,1012.0
2023-10-18,1018.0,1021.0,1010.0,1010.0,1600,1010.0
2023-10-19,1027.0,1027.0,1007.0,1025.0,3400,1025.0
2023-10-20,1026.0,1026.0,1007.0,1020.0,3400,1020.0
2023-10-23,1020.0,1020.0,1000.0,1004.0,2700,1004.0
2023-10-24,1004.0,1005.0,975.0,1005.0,6900,1005.0
2023-10-25,1005.0,1013.0,996.0,1009.0,1100,1009.0
2023-10-26,1001.0,1001.0,994.0,1000.0,1300,1000.0
2023-10-27,995.0,1015.0,995.0,1011.0,800,1011.0
2023-10-30,1015.0,1051.0,1010.0,1035.0,7200,1035.0
2023-10-31,1049.0,1049.0,1028.0,1029.0,1600,1029.0
2023-11-01,1029.0,1045.0,1019.0,1024.0,4100,1024.0
2023-11-02,1045.0,1045.0,1023.0,1023.0,2000,1023.0
2023-11-06,1025.0,1027.0,976.0,1019.0,8500,1019.0
2023-11-07,1019.0,1019.0,1001.0,1001.0,800,1001.0
2023-11-08,1016.0,1046.0,1002.0,1046.0,12800,1046.0
2023-11-09,1016.0,1040.0,1010.0,1010.0,28800,1010.0
2023-11-10,1010.0,1034.0,1006.0,1028.0,3500,1028.0
2023-11-13,1031.0,1032.0,1025.0,1025.0,22800,1025.0
2023-11-14,1028.0,1031.0,1009.0,1029.0,23600,1029.0
2023-11-15,1032.0,1032.0,1015.0,1015.0,3600,1015.0
2023-11-16,1021.0,1021.0,1012.0,1017.0,1900,1017.0
2023-11-17,1006.0,1024.0,1006.0,1019.0,3100,1019.0
2023-11-20,1025.0,1025.0,1008.0,1012.0,10200,1012.0
2023-11-21,1012.0,1015.0,1001.0,1001.0,4600,1001.0
2023-11-22,1003.0,1015.0,1000.0,1000.0,36900,1000.0
2023-11-24,1000.0,1010.0,1000.0,1005.0,5800,1005.0
2023-11-27,1005.0,1022.0,1003.0,1012.0,4800,1012.0
2023-11-28,1012.0,1020.0,1010.0,1012.0,2100,1012.0
2023-11-29,1010.0,1012.0,999.0,1001.0,18000,1001.0
2023-11-30,1001.0,1005.0,1000.0,1000.0,5400,1000.0
2023-12-01,1007.0,1007.0,990.0,995.0,14400,995.0
2023-12-04,1001.0,1007.0,997.0,1003.0,7300,1003.0
2023-12-05,1003.0,1010.0,1000.0,1010.0,8400,1010.0
2023-12-06,1005.0,1019.0,1002.0,1019.0,7500,1019.0
2023-12-07,1019.0,1019.0,1002.0,1007.0,9200,1007.0
2023-12-08,1001.0,1006.0,998.0,1005.0,10800,1005.0
2023-12-11,1005.0,1018.0,1003.0,1018.0,6800,1018.0
2023-12-12,1018.0,1025.0,1007.0,1014.0,17200,1014.0
2023-12-13,1012.0,1020.0,1012.0,1019.0,6500,1019.0
2023-12-14,1018.0,1023.0,1003.0,1009.0,16500,1009.0
2023-12-15,1012.0,1023.0,1008.0,1019.0,5100,1019.0
2023-12-18,1019.0,1027.0,1010.0,1016.0,5800,1016.0
2023-12-19,1016.0,1020.0,1010.0,1019.0,5200,1019.0
2023-12-20,1019.0,1020.0,1012.0,1020.0,5400,1020.0
2023-12-21,1019.0,1019.0,1007.0,1012.0,7700,1012.0
2023-12-22,1012.0,1012.0,1010.0,1010.0,11300,1010.0
2023-12-25,1010.0,1045.0,1010.0,1020.0,23600,1020.0
2023-12-26,1031.0,1050.0,1020.0,1028.0,15500,1028.0
2023-12-27,1028.0,1033.0,1012.0,1025.0,20900,1025.0
2023-12-28,1043.0,1043.0,1017.0,1025.0,16900,1025.0
2023-12-29,1038.0,1038.0,1022.0,1022.0,19000,1022.0
2024-01-04,1082.0,1098.0,1036.0,1039.0,158500,1039.0
2024-01-05,1041.0,1056.0,1041.0,1042.0,36100,1042.0
2024-01-09,1065.0,1124.0,1059.0,1098.0,85900,1098.0
2024-01-10,1095.0,1118.0,1089.0,1091.0,28600,1091.0
2024-01-11,1100.0,1100.0,1079.0,1084.0,17900,1084.0
2024-01-12,1103.0,1113.0,1090.0,1113.0,32600,1113.0
2024-01-15,1115.0,1123.0,1090.0,1104.0,30600,1104.0
2024-01-16,1104.0,1137.0,1100.0,1113.0,21200,1113.0
2024-01-17,1111.0,1130.0,1111.0,1128.0,15600,1128.0
2024-01-18,1130.0,1134.0,1107.0,1119.0,13100,1119.0
2024-01-19,1119.0,1124.0,1086.0,1093.0,24600,1093.0
2024-01-22,1093.0,1126.0,1092.0,1109.0,39500,1109.0
2024-01-23,1120.0,1123.0,1109.0,1123.0,10100,1123.0
2024-01-24,1120.0,1120.0,1106.0,1107.0,6200,1107.0
2024-01-25,1122.0,1131.0,1108.0,1126.0,23600,1126.0
2024-01-26,1127.0,1148.0,1127.0,1143.0,20100,1143.0
2024-01-29,1147.0,1149.0,1130.0,1142.0,14600,1142.0
2024-01-30,1142.0,1148.0,1133.0,1136.0,8700,1136.0
2024-01-31,1136.0,1166.0,1134.0,1166.0,22100,1166.0
2024-02-01,1162.0,1195.0,1155.0,1192.0,26000,1192.0
2024-02-02,1196.0,1197.0,1174.0,1191.0,34500,1191.0
2024-02-05,1191.0,1193.0,1175.0,1185.0,10200,1185.0
2024-02-06,1185.0,1219.0,1180.0,1209.0,77500,1209.0
2024-02-07,1215.0,1224.0,1188.0,1193.0,116000,1193.0
2024-02-08,1188.0,1208.0,1162.0,1176.0,64500,1176.0
2024-02-09,1171.0,1175.0,1130.0,1142.0,29400,1142.0
2024-02-13,1142.0,1168.0,1141.0,1166.0,9700,1166.0
2024-02-14,1163.0,1175.0,1156.0,1173.0,13100,1173.0
2024-02-15,1173.0,1173.0,1145.0,1148.0,9000,1148.0
2024-02-16,1150.0,1179.0,1150.0,1159.0,8200,1159.0
2024-02-19,1169.0,1220.0,1169.0,1204.0,39700,1204.0
2024-02-20,1216.0,1216.0,1196.0,1200.0,13300,1200.0
2024-02-21,1212.0,1223.0,1196.0,1223.0,24600,1223.0
2024-02-22,1223.0,1223.0,1202.0,1213.0,13100,1213.0
2024-02-26,1212.0,1213.0,1190.0,1201.0,9300,1201.0
2024-02-27,1201.0,1214.0,1193.0,1203.0,6200,1203.0
2024-02-28,1205.0,1239.0,1205.0,1228.0,33300,1228.0
2024-02-29,1227.0,1254.0,1223.0,1245.0,21200,1245.0
2024-03-01,1244.0,1255.0,1232.0,1245.0,8500,1245.0
2024-03-04,1245.0,1280.0,1213.0,1235.0,30100,1235.0
2024-03-05,1237.0,1300.0,1215.0,1241.0,35200,1241.0
2024-03-06,1241.0,1273.0,1239.0,1239.0,25300,1239.0
2024-03-07,1245.0,1262.0,1244.0,1255.0,17600,1255.0
2024-03-08,1243.0,1264.0,1243.0,1244.0,19000,1244.0
2024-03-11,1225.0,1242.0,1206.0,1212.0,26500,1212.0
2024-03-12,1200.0,1207.0,1180.0,1200.0,19600,1200.0
2024-03-13,1200.0,1224.0,1200.0,1205.0,8700,1205.0
2024-03-14,1208.0,1208.0,1191.0,1204.0,5700,1204.0
2024-03-15,1200.0,1200.0,1190.0,1190.0,6800,1190.0
2024-03-18,1193.0,1223.0,1193.0,1210.0,9200,1210.0
2024-03-19,1211.0,1240.0,1208.0,1238.0,10500,1238.0
2024-03-21,1242.0,1257.0,1211.0,1240.0,15800,1240.0
2024-03-22,1244.0,1261.0,1228.0,1261.0,15700,1261.0
2024-03-25,1285.0,1285.0,1234.0,1234.0,21000,1234.0
2024-03-26,1223.0,1243.0,1223.0,1232.0,7600,1232.0
2024-03-27,1228.0,1245.0,1225.0,1226.0,15700,1226.0
2024-03-28,1215.0,1219.0,1152.0,1185.0,11700,1185.0
2024-03-29,1186.0,1187.0,1140.0,1170.0,27200,1170.0
2024-04-01,1165.0,1169.0,1143.0,1158.0,14600,1158.0
2024-04-02,1158.0,1158.0,1120.0,1126.0,13100,1126.0
2024-04-03,1115.0,1135.0,1112.0,1117.0,11700,1117.0
2024-04-04,1119.0,1120.0,1110.0,1111.0,6000,1111.0
2024-04-05,1108.0,1115.0,1100.0,1100.0,8500,1100.0
2024-04-08,1100.0,1125.0,1091.0,1122.0,10200,1122.0
2024-04-09,1128.0,1140.0,1115.0,1121.0,5900,1121.0
2024-04-10,1120.0,1132.0,1108.0,1126.0,3700,1126.0
2024-04-11,1118.0,1142.0,1118.0,1129.0,5900,1129.0
2024-04-12,1130.0,1130.0,1095.0,1108.0,12700,1108.0
2024-04-15,1110.0,1111.0,1051.0,1095.0,10200,1095.0
2024-04-16,1095.0,1095.0,1058.0,1058.0,15300,1058.0
2024-04-17,1060.0,1061.0,1036.0,1050.0,12800,1050.0
2024-04-18,1046.0,1087.0,1046.0,1063.0,8800,1063.0
2024-04-19,1073.0,1080.0,1046.0,1064.0,8400,1064.0
2024-04-22,1067.0,1067.0,1041.0,1066.0,16100,1066.0
2024-04-23,1066.0,1096.0,1066.0,1096.0,3700,1096.0
2024-04-24,1093.0,1112.0,1090.0,1109.0,4300,1109.0
2024-04-25,1100.0,1105.0,1090.0,1105.0,1000,1105.0
2024-04-26,1101.0,1120.0,1086.0,1106.0,2400,1106.0
2024-04-30,1110.0,1120.0,1097.0,1097.0,4600,1097.0
2024-05-01,1094.0,1108.0,1081.0,1108.0,3000,1108.0
2024-05-02,1104.0,1109.0,1086.0,1103.0,3500,1103.0
2024-05-07,1092.0,1114.0,1092.0,1096.0,3200,1096.0
2024-05-08,1096.0,1109.0,1091.0,1100.0,4700,1100.0
2024-05-09,1100.0,1126.0,1100.0,1123.0,9800,1123.0
2024-05-10,1128.0,1140.0,1056.0,1061.0,49400,1061.0
2024-05-13,1061.0,1061.0,1030.0,1059.0,25900,1059.0
2024-05-14,1059.0,1059.0,1045.0,1059.0,8300,1059.0
2024-05-15,1060.0,1060.0,1047.0,1058.0,4400,1058.0
2024-05-16,1058.0,1061.0,1045.0,1052.0,5700,1052.0
2024-05-17,1052.0,1056.0,1049.0,1050.0,3900,1050.0
2024-05-20,1054.0,1054.0,1034.0,1037.0,23100,1037.0
2024-05-21,1038.0,1040.0,1027.0,1033.0,7000,1033.0
2024-05-22,1034.0,1039.0,1023.0,1025.0,4900,1025.0
2024-05-23,1025.0,1032.0,1022.0,1032.0,3900,1032.0
2024-05-24,1031.0,1040.0,1031.0,1037.0,3700,1037.0
2024-05-27,1039.0,1050.0,1037.0,1049.0,4700,1049.0
2024-05-28,1050.0,1057.0,1048.0,1054.0,3600,1054.0
2024-05-29,1055.0,1055.0,1037.0,1043.0,2500,1043.0
2024-05-30,1033.0,1034.0,1024.0,1028.0,6600,1028.0
2024-05-31,1028.0,1050.0,1027.0,1043.0,4200,1043.0
2024-06-03,1042.0,1050.0,1042.0,1045.0,2100,1045.0
2024-06-04,1050.0,1050.0,1037.0,1049.0,3900,1049.0
2024-06-05,1036.0,1040.0,1030.0,1039.0,5500,1039.0
2024-06-06,1039.0,1047.0,1033.0,1036.0,3300,1036.0
2024-06-07,1040.0,1045.0,1025.0,1045.0,13800,1045.0
2024-06-10,1055.0,1055.0,1038.0,1044.0,14200,1044.0
2024-06-11,1044.0,1058.0,1042.0,1051.0,7900,1051.0
2024-06-12,1061.0,1079.0,1051.0,1069.0,17800,1069.0
2024-06-13,1077.0,1077.0,1061.0,1061.0,9100,1061.0
2024-06-14,1061.0,1073.0,1056.0,1062.0,6600,1062.0
2024-06-17,1062.0,1069.0,1051.0,1051.0,6200,1051.0
2024-06-18,1065.0,1065.0,1042.0,1050.0,15200,1050.0
2024-06-19,1056.0,1056.0,1042.0,1044.0,12400,1044.0
2024-06-20,1046.0,1063.0,1043.0,1058.0,4600,1058.0
2024-06-21,1058.0,1061.0,1047.0,1061.0,9700,1061.0
2024-06-24,1062.0,1062.0,1040.0,1052.0,9600,1052.0
2024-06-25,1069.0,1077.0,1059.0,1065.0,13500,1065.0
2024-06-26,1078.0,1082.0,1067.0,1074.0,19900,1074.0
2024-06-27,1082.0,1082.0,1062.0,1067.0,5800,1067.0
2024-06-28,1067.0,1075.0,1067.0,1069.0,4600,1069.0
2024-07-01,1069.0,1080.0,1056.0,1056.0,21200,1056.0
2024-07-02,1068.0,1081.0,1060.0,1076.0,11900,1076.0
2024-07-03,1071.0,1115.0,1068.0,1102.0,14700,1102.0
2024-07-04,1108.0,1125.0,1084.0,1115.0,25700,1115.0
2024-07-05,1115.0,1143.0,1115.0,1121.0,16500,1121.0
2024-07-08,1115.0,1154.0,1099.0,1101.0,22500,1101.0
2024-07-09,1098.0,1150.0,1098.0,1099.0,6900,1099.0
2024-07-10,1105.0,1105.0,1086.0,1086.0,6300,1086.0
2024-07-11,1099.0,1111.0,1087.0,1087.0,6600,1087.0
2024-07-12,1087.0,1109.0,1085.0,1088.0,6900,1088.0
2024-07-16,1101.0,1110.0,1090.0,1100.0,3300,1100.0
2024-07-17,1100.0,1111.0,1100.0,1111.0,1900,1111.0
2024-07-18,1113.0,1114.0,1102.0,1111.0,9100,1111.0
2024-07-19,1111.0,1123.0,1111.0,1121.0,3700,1121.0
2024-07-22,1129.0,1129.0,1105.0,1119.0,10200,1119.0
2024-07-23,1124.0,1129.0,1113.0,1126.0,9300,1126.0
2024-07-24,1114.0,1120.0,1110.0,1112.0,6200,1112.0
2024-07-25,1103.0,1103.0,1081.0,1082.0,13000,1082.0
2024-07-26,1082.0,1090.0,1069.0,1085.0,5700,1085.0
2024-07-29,1098.0,1099.0,1088.0,1097.0,4700,1097.0
2024-07-30,1097.0,1097.0,1073.0,1086.0,6400,1086.0
2024-07-31,1086.0,1089.0,1078.0,1088.0,2100,1088.0
2024-08-01,1089.0,1089.0,1072.0,1085.0,3400,1085.0
2024-08-02,1061.0,1061.0,1011.0,1021.0,37100,1021.0
2024-08-05,976.0,981.0,875.0,880.0,44463600,880.0
2024-08-06,901.0,975.0,901.0,965.0,22300,965.0
2024-08-07,932.0,970.0,932.0,952.0,14600,952.0
2024-08-08,940.0,975.0,940.0,967.0,7700,967.0
2024-08-09,978.0,1024.0,969.0,1004.0,38900,1004.0
2024-08-13,964.0,1001.0,963.0,1001.0,18300,1001.0
2024-08-14,1002.0,1020.0,980.0,991.0,7900,991.0
2024-08-15,994.0,997.0,975.0,981.0,7200,981.0
2024-08-16,996.0,1000.0,985.0,990.0,16600,990.0
2024-08-19,989.0,990.0,976.0,985.0,21000,985.0
2024-08-20,990.0,990.0,981.0,983.0,20600,983.0
2024-08-21,983.0,987.0,976.0,983.0,8800,983.0
2024-08-22,983.0,988.0,977.0,978.0,10800,978.0
2024-08-23,980.0,987.0,980.0,986.0,9100,986.0
2024-08-26,971.0,986.0,971.0,986.0,10300,986.0
2024-08-27,990.0,999.0,985.0,997.0,11600,997.0
2024-08-28,997.0,1011.0,997.0,1011.0,12100,1011.0
2024-08-29,1023.0,1023.0,1005.0,1013.0,5200,1013.0
2024-08-30,1013.0,1013.0,1000.0,1004.0,6700,1004.0
2024-09-02,1017.0,1020.0,999.0,1012.0,16300,1012.0
2024-09-03,1013.0,1013.0,1001.0,1007.0,5100,1007.0
2024-09-04,993.0,999.0,979.0,981.0,15100,981.0
2024-09-05,981.0,996.0,978.0,989.0,8300,989.0
2024-09-06,989.0,1000.0,982.0,983.0,5000,983.0
2024-09-09,981.0,981.0,954.0,978.0,14700,978.0
2024-09-10,978.0,988.0,971.0,985.0,3600,985.0
2024-09-11,980.0,985.0,969.0,978.0,7100,978.0
2024-09-12,975.0,990.0,972.0,973.0,3700,973.0
2024-09-13,974.0,990.0,973.0,983.0,21000,983.0
2024-09-17,989.0,1008.0,984.0,1008.0,13400,1008.0
2024-09-18,1018.0,1039.0,1015.0,1032.0,14400,1032.0
2024-09-19,1033.0,1042.0,1032.0,1042.0,6600,1042.0
2024-09-20,1056.0,1068.0,1046.0,1056.0,9700,1056.0
2024-09-24,1066.0,1078.0,1043.0,1055.0,27000,1055.0
2024-09-25,1069.0,1074.0,1061.0,1062.0,11700,1062.0
2024-09-26,1070.0,1077.0,1047.0,1050.0,22500,1050.0
2024-09-27,1040.0,1054.0,1030.0,1044.0,6900,1044.0
2024-09-30,1014.0,1058.0,1014.0,1041.0,20100,1041.0
2024-10-01,1054.0,1089.0,1051.0,1069.0,23600,1069.0
2024-10-02,1069.0,1079.0,1040.0,1061.0,8100,1061.0
2024-10-03,1062.0,1062.0,1035.0,1050.0,4600,1050.0
2024-10-04,1040.0,1047.0,1040.0,1040.0,2800,1040.0
2024-10-07,1040.0,1048.0,1040.0,1046.0,3400,1046.0
2024-10-08,1045.0,1050.0,1043.0,1047.0,4700,1047.0
2024-10-09,1050.0,1061.0,1050.0,1054.0,5700,1054.0
2024-10-10,1055.0,1056.0,1047.0,1053.0,3600,1053.0
2024-10-11,1053.0,1060.0,1053.0,1060.0,2600,1060.0
2024-10-15,1060.0,1060.0,1053.0,1060.0,5400,1060.0
2024-10-16,1055.0,1058.0,1051.0,1054.0,3600,1054.0
2024-10-17,1057.0,1070.0,1057.0,1065.0,9300,1065.0
2024-10-18,1070.0,1075.0,1061.0,1071.0,2600,1071.0
2024-10-21,1076.0,1078.0,1055.0,1056.0,10200,1056.0
2024-10-22,1066.0,1066.0,1053.0,1055.0,4600,1055.0
2024-10-23,1062.0,1062.0,1049.0,1058.0,2200,1058.0
2024-10-24,1055.0,1058.0,1047.0,1049.0,3800,1049.0
2024-10-25,1050.0,1050.0,1037.0,1050.0,12800,1050.0
2024-10-28,1051.0,1070.0,1051.0,1063.0,3200,1063.0
2024-10-29,1063.0,1073.0,1063.0,1073.0,1300,1073.0
2024-10-30,1073.0,1093.0,1071.0,1093.0,10200,1093.0
2024-10-31,1093.0,1102.0,1085.0,1098.0,7400,1098.0
2024-11-01,1096.0,1099.0,1085.0,1089.0,3100,1089.0
2024-11-05,1111.0,1130.0,1083.0,1126.0,36000,1126.0
2024-11-06,1117.0,1131.0,1092.0,1094.0,23100,1094.0
2024-11-07,1095.0,1125.0,1095.0,1125.0,9400,1125.0
2024-11-08,1126.0,1143.0,1067.0,1110.0,60800,1110.0
2024-11-11,1120.0,1140.0,1119.0,1132.0,12500,1132.0
2024-11-12,1133.0,1149.0,1070.0,1105.0,45900,1105.0
2024-11-13,1086.0,1086.0,1055.0,1062.0,19100,1062.0
2024-11-14,1064.0,1070.0,1045.0,1062.0,8800,1062.0
2024-11-15,1060.0,1069.0,1060.0,1068.0,2300,1068.0
2024-11-18,1071.0,1071.0,1050.0,1069.0,3200,1069.0
2024-11-19,1069.0,1077.0,1061.0,1077.0,1100,1077.0
2024-11-20,1077.0,1085.0,1058.0,1060.0,10700,1060.0
2024-11-21,1060.0,1073.0,1050.0,1063.0,10100,1063.0
2024-11-22,1066.0,1074.0,1060.0,1072.0,2400,1072.0
2024-11-25,1102.0,1102.0,1083.0,1090.0,10900,1090.0
2024-11-26,1091.0,1092.0,1081.0,1090.0,3100,1090.0
2024-11-27,1082.0,1088.0,1063.0,1063.0,9700,1063.0
2024-11-28,1062.0,1065.0,1051.0,1051.0,10900,1051.0
2024-11-29,1052.0,1069.0,1050.0,1069.0,9200,1069.0
2024-12-02,1070.0,1074.0,1058.0,1074.0,2800,1074.0
2024-12-03,1074.0,1074.0,1055.0,1061.0,4600,1061.0
2024-12-04,1045.0,1059.0,1043.0,1052.0,8000,1052.0
2024-12-05,1048.0,1050.0,1036.0,1046.0,4100,1046.0
2024-12-06,1046.0,1059.0,1046.0,1059.0,14600,1059.0
2024-12-09,1063.0,1076.0,1050.0,1076.0,10900,1076.0
2024-12-10,1080.0,1081.0,1063.0,1063.0,10000,1063.0
2024-12-11,1063.0,1064.0,1054.0,1064.0,17900,1064.0
2024-12-12,1062.0,1062.0,1055.0,1060.0,4800,1060.0
2024-12-13,1058.0,1058.0,1042.0,1048.0,12300,1048.0
2024-12-16,1048.0,1057.0,1043.0,1055.0,8800,1055.0
2024-12-17,1053.0,1073.0,1053.0,1072.0,7200,1072.0
2024-12-18,1072.0,1080.0,1071.0,1076.0,3600,1076.0
2024-12-19,1046.0,1066.0,1044.0,1066.0,13500,1066.0
2024-12-20,1068.0,1070.0,1052.0,1064.0,6600,1064.0
2024-12-23,1063.0,1066.0,1056.0,1066.0,2500,1066.0
2024-12-24,1092.0,1092.0,1069.0,1070.0,4700,1070.0
2024-12-25,1070.0,1080.0,1058.0,1080.0,4900,1080.0
2024-12-26,1077.0,1080.0,1061.0,1064.0,9400,1064.0
2024-12-27,1064.0,1084.0,1061.0,1065.0,3300,1065.0
2024-12-30,1071.0,1071.0,1060.0,1069.0,3000,1069.0
2025-01-06,1065.0,1085.0,1065.0,1068.0,16400,1068.0
2025-01-07,1075.0,1075.0,1060.0,1062.0,12800,1062.0
2025-01-08,1058.0,1064.0,1056.0,1060.0,2500,1060.0
2025-01-09,1061.0,1061.0,1052.0,1052.0,3700,1052.0
2025-01-10,1052.0,1061.0,1051.0,1061.0,5700,1061.0
2025-01-14,1061.0,1065.0,1045.0,1055.0,7000,1055.0
2025-01-15,1051.0,1052.0,1047.0,1048.0,5400,1048.0
2025-01-16,1047.0,1071.0,1047.0,1063.0,8100,1063.0
2025-01-17,1063.0,1080.0,1060.0,1080.0,6900,1080.0
2025-01-20,1087.0,1087.0,1069.0,1069.0,16800,1069.0
2025-01-21,1077.0,1195.0,1074.0,1140.0,37700,1140.0
2025-01-22,1144.0,1145.0,1098.0,1123.0,16700,1123.0
2025-01-23,1117.0,1139.0,1111.0,1139.0,39700,1139.0
2025-01-24,1135.0,1135.0,1120.0,1124.0,23800,1124.0
2025-01-27,1148.0,1148.0,1126.0,1143.0,6000,1143.0
2025-01-28,1140.0,1148.0,1128.0,1147.0,6400,1147.0
2025-01-29,1149.0,1165.0,1140.0,1165.0,11400,1165.0
2025-01-30,1160.0,1167.0,1157.0,1166.0,4100,1166.0
2025-01-31,1159.0,1160.0,1149.0,1152.0,8000,1152.0
2025-02-03,1152.0,1177.0,1146.0,1150.0,13200,1150.0
2025-02-04,1177.0,1195.0,1155.0,1179.0,10200,1179.0
2025-02-05,1179.0,1192.0,1179.0,1188.0,3300,1188.0
2025-02-06,1191.0,1218.0,1191.0,1201.0,16600,1201.0
2025-02-07,1202.0,1254.0,1202.0,1231.0,15800,1231.0
2025-02-10,1231.0,1274.0,1230.0,1274.0,15200,1274.0
2025-02-12,1294.0,1294.0,1134.0,1250.0,111600,1250.0
2025-02-13,1248.0,1280.0,1198.0,1270.0,51100,1270.0
2025-02-14,1267.0,1278.0,1210.0,1217.0,14900,1217.0
2025-02-17,1212.0,1298.0,1212.0,1275.0,27300,1275.0
2025-02-18,1275.0,1315.0,1270.0,1291.0,22400,1291.0
2025-02-19,1292.0,1310.0,1289.0,1290.0,6500,1290.0
2025-02-20,1290.0,1290.0,1249.0,1255.0,20100,1255.0
2025-02-21,1255.0,1255.0,1228.0,1228.0,9200,1228.0
2025-02-25,1201.0,1227.0,1196.0,1215.0,11700,1215.0
2025-02-26,1211.0,1215.0,1201.0,1205.0,5400,1205.0
2025-02-27,1198.0,1216.0,1198.0,1208.0,4400,1208.0
2025-02-28,1200.0,1208.0,1185.0,1185.0,11100,1185.0
2025-03-03,1189.0,1298.0,1189.0,1284.0,33200,1284.0
2025-03-04,1290.0,1296.0,1271.0,1282.0,17800,1282.0
2025-03-05,1270.0,1289.0,1270.0,1281.0,7600,1281.0
2025-03-06,1292.0,1308.0,1281.0,1293.0,14400,1293.0
2025-03-07,1293.0,1297.0,1260.0,1271.0,11600,1271.0
2025-03-10,1271.0,1369.0,1271.0,1351.0,40200,1351.0
2025-03-11,1351.0,1378.0,1325.0,1335.0,71200,1335.0
2025-03-12,1357.0,1369.0,1328.0,1330.0,20900,1330.0
2025-03-13,1320.0,1350.0,1316.0,1323.0,20100,1323.0
2025-03-14,1323.0,1364.0,1323.0,1348.0,8500,1348.0
2025-03-17,1350.0,1359.0,1345.0,1346.0,5300,1346.0
2025-03-18,1357.0,1359.0,1345.0,1345.0,4300,1345.0
2025-03-19,1347.0,1358.0,1333.0,1358.0,5400,1358.0
2025-03-21,1358.0,1369.0,1345.0,1361.0,7900,1361.0
2025-03-24,1361.0,1361.0,1340.0,1340.0,12600,1340.0
2025-03-25,1343.0,1373.0,1339.0,1343.0,5800,1343.0
2025-03-26,1339.0,1353.0,1339.0,1353.0,2200,1353.0
2025-03-27,1350.0,1350.0,1311.0,1317.0,28500,1317.0
2025-03-28,1270.0,1304.0,1259.0,1293.0,8800,1293.0
2025-03-31,1291.0,1331.0,1280.0,1330.0,18900,1330.0
2025-04-01,1358.0,1365.0,1328.0,1353.0,18300,1353.0
2025-04-02,1443.0,1443.0,1360.0,1369.0,241500,1369.0
2025-04-03,1354.0,1385.0,1344.0,1350.0,63900,1350.0
2025-04-04,1337.0,1390.0,1305.0,1355.0,89900,1355.0
2025-04-07,1265.0,1332.0,1246.0,1265.0,43600,1265.0
2025-04-08,1325.0,1346.0,1302.0,1333.0,24100,1333.0
2025-04-09,1310.0,1358.0,1310.0,1326.0,27800,1326.0
2025-04-10,1356.0,1383.0,1346.0,1367.0,33100,1367.0
2025-04-11,1344.0,1422.0,1344.0,1402.0,40800,1402.0
2025-04-14,1410.0,1463.0,1410.0,1426.0,32900,1426.0
2025-04-15,1448.0,1465.0,1413.0,1450.0,34500,1450.0
2025-04-16,1462.0,1491.0,1434.0,1448.0,65900,1448.0
2025-04-17,1439.0,1475.0,1439.0,1446.0,36300,1446.0
2025-04-18,1453.0,1463.0,1419.0,1422.0,11400,1422.0
2025-04-21,1424.0,1478.0,1421.0,1454.0,45200,1454.0
2025-04-22,1430.0,1445.0,1416.0,1423.0,21800,1423.0
2025-04-23,1430.0,1430.0,1407.0,1415.0,14600,1415.0
2025-04-24,1411.0,1419.0,1372.0,1372.0,27500,1372.0
2025-04-25,1373.0,1393.0,1369.0,1374.0,10400,1374.0
2025-04-28,1363.0,1374.0,1298.0,1338.0,34200,1338.0
2025-04-30,1339.0,1362.0,1335.0,1361.0,18700,1361.0
2025-05-01,1360.0,1360.0,1340.0,1343.0,5100,1343.0
2025-05-02,1343.0,1343.0,1313.0,1321.0,12700,1321.0
2025-05-07,1321.0,1368.0,1321.0,1362.0,26300,1362.0
2025-05-08,1349.0,1359.0,1300.0,1338.0,55400,1338.0
2025-05-09,1358.0,1382.0,1357.0,1366.0,22600,1366.0
2025-05-12,1382.0,1438.0,1350.0,1401.0,153700,1401.0
2025-05-13,1407.0,1416.0,1388.0,1412.0,21900,1412.0
2025-05-14,1422.0,1450.0,1313.0,1435.0,204000,1435.0
2025-05-15,1479.0,1479.0,1361.0,1362.0,108600,1362.0
2025-05-16,1363.0,1421.0,1363.0,1418.0,40400,1418.0
2025-05-19,1424.0,1470.0,1388.0,1442.0,40600,1442.0
2025-05-20,1456.0,1476.0,1428.0,1440.0,32800,1440.0
2025-05-21,1438.0,1477.0,1438.0,1460.0,28100,1460.0
2025-05-22,1450.0,1458.0,1442.0,1457.0,6900,1457.0
2025-05-23,1448.0,1462.0,1422.0,1448.0,17800,1448.0
2025-05-26,1460.0,1460.0,1435.0,1438.0,7200,1438.0
2025-05-27,1436.0,1437.0,1414.0,1414.0,7900,1414.0
2025-05-28,1417.0,1426.0,1400.0,1407.0,16100,1407.0
2025-05-29,1421.0,1433.0,1400.0,1415.0,8900,1415.0
2025-05-30,1421.0,1445.0,1417.0,1445.0,11800,1445.0
2025-06-02,1441.0,1499.0,1441.0,1489.0,48500,1489.0
2025-06-03,1495.0,1499.0,1474.0,1496.0,19400,1496.0
2025-06-04,1500.0,1533.0,1494.0,1506.0,36600,1506.0
2025-06-05,1506.0,1535.0,1455.0,1461.0,28600,1461.0
2025-06-06,1465.0,1494.0,1449.0,1490.0,7400,1490.0
2025-06-09,1507.0,1507.0,1463.0,1466.0,11800,1466.0
2025-06-10,1466.0,1502.0,1466.0,1496.0,10100,1496.0
2025-06-11,1496.0,1496.0,1472.0,1475.0,3200,1475.0
2025-06-12,1475.0,1475.0,1453.0,1454.0,8100,1454.0
2025-06-13,1455.0,1455.0,1403.0,1426.0,30800,1426.0
2025-06-16,1429.0,1451.0,1416.0,1450.0,8500,1450.0
2025-06-17,1480.0,1492.0,1457.0,1482.0,13500,1482.0
2025-06-18,1482.0,1484.0,1455.0,1465.0,11200,1465.0
2025-06-19,1468.0,1490.0,1464.0,1490.0,14400,1490.0
2025-06-20,1497.0,1497.0,1465.0,1465.0,6600,1465.0
2025-06-23,1465.0,1474.0,1429.0,1461.0,11700,1461.0
2025-06-24,1483.0,1499.0,1463.0,1468.0,11600,1468.0
2025-06-25,1462.0,1529.0,1462.0,1519.0,34100,1519.0
2025-06-26,1519.0,1519.0,1490.0,1518.0,15500,1518.0
2025-06-27,1550.0,1554.0,1506.0,1510.0,25400,1510.0
2025-06-30,1517.0,1548.0,1501.0,1521.0,22700,1521.0
2025-07-01,1548.0,1623.0,1543.0,1574.0,44100,1574.0
2025-07-02,1540.0,1581.0,1531.0,1560.0,36200,1560.0
2025-07-03,1548.0,1574.0,1520.0,1531.0,16600,1531.0
2025-07-04,1542.0,1585.0,1540.0,1557.0,23200,1557.0
2025-07-07,1557.0,1580.0,1546.0,1556.0,6800,1556.0
2025-07-08,1572.0,1589.0,1526.0,1548.0,35800,1548.0
2025-07-09,1565.0,1571.0,1533.0,1541.0,19900,1541.0
2025-07-10,1545.0,1546.0,1511.0,1527.0,31400,1527.0
2025-07-11,1543.0,1543.0,1504.0,1504.0,30200,1504.0
2025-07-14,1508.0,1520.0,1478.0,1494.0,34100,1494.0
2025-07-15,1499.0,1568.0,1497.0,1548.0,54200,1548.0
2025-07-16,1547.0,1565.0,1533.0,1560.0,26200,1560.0
2025-07-17,1560.0,1560.0,1531.0,1548.0,12800,1548.0
2025-07-18,1546.0,1546.0,1502.0,1513.0,26700,1513.0
2025-07-22,1511.0,1522.0,1495.0,1505.0,22100,1505.0
2025-07-23,1515.0,1528.0,1506.0,1524.0,21800,1524.0
2025-07-24,1524.0,1540.0,1504.0,1534.0,23300,1534.0
2025-07-25,1540.0,1561.0,1540.0,1548.0,33700,1548.0
2025-07-28,1561.0,1587.0,1517.0,1581.0,48800,1581.0
2025-07-29,1583.0,1608.0,1560.0,1563.0,22000,1563.0
2025-07-30,1562.0,1577.0,1533.0,1552.0,16300,1552.0
2025-07-31,1552.0,1570.0,1537.0,1553.0,12200,1553.0
2025-08-01,1564.0,1575.0,1538.0,1563.0,24500,1563.0
2025-08-04,1553.0,1553.0,1525.0,1542.0,14600,1542.0
2025-08-05,1550.0,1582.0,1550.0,1582.0,27000,1582.0
2025-08-06,1582.0,1628.0,1502.0,1546.0,103200,1546.0
2025-08-07,1532.0,1573.0,1503.0,1530.0,53500,1530.0
2025-08-08,1525.0,1531.0,1500.0,1504.0,40500,1504.0
2025-08-12,1505.0,1524.0,1500.0,1514.0,16400,1514.0
2025-08-13,1512.0,1532.0,1498.0,1503.0,41600,1503.0
2025-08-14,1501.0,1509.0,1488.0,1503.0,29700,1503.0
2025-08-15,1500.0,1507.0,1468.0,1480.0,50300,1480.0
2025-08-18,1486.0,1513.0,1470.0,1498.0,30900,1498.0
2025-08-19,1513.0,1574.0,1511.0,1537.0,55700,1537.0
2025-08-20,1532.0,1532.0,1508.0,1514.0,29100,1514.0
2025-08-21,1514.0,1527.0,1508.0,1509.0,14900,1509.0
2025-08-22,1510.0,1527.0,1504.0,1510.0,24000,1510.0
2025-08-25,1524.0,1524.0,1494.0,1503.0,23100,1503.0
2025-08-26,1503.0,1503.0,1477.0,1477.0,24100,1477.0
2025-08-27,1478.0,1487.0,1470.0,1485.0,20900,1485.0
2025-08-28,1485.0,1487.0,1468.0,1473.0,11200,1473.0
2025-08-29,1481.0,1481.0,1468.0,1469.0,11400,1469.0
2025-09-01,1460.0,1470.0,1452.0,1460.0,15800,1460.0
2025-09-02,1458.0,1474.0,1458.0,1472.0,9500,1472.0
2025-09-03,1463.0,1473.0,1459.0,1465.0,7100,1465.0
2025-09-04,1462.0,1479.0,1462.0,1473.0,5200,1473.0
2025-09-05,1481.0,1481.0,1467.0,1473.0,5600,1473.0
2025-09-08,1473.0,1479.0,1468.0,1478.0,3700,1478.0
2025-09-09,1478.0,1489.0,1473.0,1484.0,13200,1484.0
2025-09-10,1476.0,1485.0,1476.0,1485.0,3900,1485.0
2025-09-11,1484.0,1502.0,1484.0,1486.0,14900,1486.0
2025-09-12,1490.0,1490.0,1458.0,1460.0,12000,1460.0
2025-09-16,1460.0,1500.0,1456.0,1490.0,17000,1490.0
2025-09-17,1490.0,1490.0,1465.0,1468.0,7400,1468.0
2025-09-18,1468.0,1468.0,1451.0,1453.0,13300,1453.0
2025-09-19,1469.0,1473.0,1451.0,1470.0,12900,1470.0
2025-09-22,1470.0,1488.0,1464.0,1466.0,10500,1466.0
2025-09-24,1466.0,1469.0,1448.0,1469.0,12400,1469.0
2025-09-25,1469.0,1470.0,1453.0,1459.0,19500,1459.0
2025-09-26,1458.0,1475.0,1458.0,1464.0,5400,1464.0
2025-09-29,1464.0,1473.0,1444.0,1473.0,5900,1473.0
2025-09-30,1473.0,1473.0,1438.0,1451.0,6300,1451.0
2025-10-01,1450.0,1451.0,1420.0,1427.0,11900,1427.0
2025-10-02,1435.0,1435.0,1400.0,1405.0,19100,1405.0
2025-10-03,1402.0,1448.0,1402.0,1436.0,6000,1436.0
2025-10-06,1466.0,1466.0,1431.0,1461.0,19000,1461.0
2025-10-07,1461.0,1461.0,1426.0,1439.0,13500,1439.0
2025-10-08,1429.0,1455.0,1429.0,1441.0,6300,1441.0
2025-10-09,1440.0,1452.0,1438.0,1452.0,6100,1452.0
2025-10-10,1445.0,1445.0,1431.0,1436.0,4800,1436.0
2025-10-14,1430.0,1434.0,1407.0,1422.0,11300,1422.0
2025-10-15,1436.0,1457.0,1420.0,1440.0,18500,1440.0
2025-10-16,1433.0,1479.0,1433.0,1471.0,9100,1471.0
2025-10-17,1489.0,1489.0,1455.0,1471.0,12600,1471.0
2025-10-20,1471.0,1478.0,1440.0,1456.0,14400,1456.0
2025-10-21,1451.0,1456.0,1447.0,1453.0,4200,1453.0
2025-10-22,1445.0,1461.0,1440.0,1451.0,7400,1451.0
2025-10-23,1440.0,1460.0,1440.0,1460.0,2600,1460.0
2025-10-24,1463.0,1463.0,1445.0,1455.0,1300,1455.0
2025-10-27,1452.0,1475.0,1445.0,1473.0,11800,1473.0
2025-10-28,1474.0,1474.0,1456.0,1456.0,3300,1456.0
2025-10-29,1457.0,1460.0,1442.0,1442.0,3500,1442.0
2025-10-30,1452.0,1469.0,1441.0,1469.0,9600,1469.0
