Date,Open,High,Low,Close,Volume,Adj Close
2005-03-22,1089.69,1101.83,1077.62,1085.68,30228,1085.68
2005-03-23,1089.69,1089.69,1053.4,1053.4,18334,1053.4
2005-03-24,1061.46,1061.46,1053.4,1053.4,13627,1053.4
2005-03-25,1053.4,1073.57,1029.19,1061.46,38157,1061.46
2005-03-28,1057.45,1057.45,1037.25,1057.45,9415,1057.45
2005-03-29,1045.3,1057.45,1021.12,1049.39,19326,1049.39
2005-03-30,1033.2,1037.25,1004.97,1033.2,19326,1033.2
2005-03-31,1013.06,1033.2,996.86,1009.01,33696,1009.01
2005-04-01,996.86,996.86,976.7,992.86,43608,992.86
2005-04-04,1000.95,1009.01,984.76,1009.01,16105,1009.01
2005-04-05,1009.01,1021.12,1009.01,1017.07,17096,1017.07
2005-04-06,1037.25,1037.25,1021.12,1025.13,40138,1025.13
2005-04-07,1029.19,1033.2,1021.12,1025.13,22052,1025.13
2005-04-08,1029.19,1029.19,1000.95,1009.01,31963,1009.01
2005-04-11,1009.01,1009.01,992.86,1009.01,11645,1009.01
2005-04-12,980.75,992.86,980.75,984.76,27503,984.76
2005-04-13,984.76,988.81,972.68,988.81,30475,988.81
2005-04-14,972.68,988.81,948.44,968.64,26262,968.64
2005-04-15,964.63,964.63,948.44,948.44,21803,948.44
2005-04-18,920.21,920.21,811.22,851.56,190783,851.56
2005-04-19,883.88,883.88,847.55,859.67,159068,859.67
2005-04-20,879.87,879.87,859.67,867.76,45839,867.76
2005-04-21,843.5,855.62,827.38,855.62,30972,855.62
2005-04-22,908.13,908.13,867.76,875.82,41874,875.82
2005-04-25,879.87,879.87,867.76,867.76,12140,867.76
2005-04-26,875.82,879.87,867.76,879.87,23042,879.87
2005-04-27,867.76,875.82,855.62,867.76,15857,867.76
2005-04-28,867.76,867.76,851.56,867.76,11892,867.76
2005-05-02,867.76,875.82,855.62,875.82,13380,875.82
2005-05-06,863.71,879.87,863.71,867.76,20813,867.76
2005-05-09,871.76,883.88,867.76,883.88,19326,883.88
2005-05-10,895.99,904.06,887.93,887.93,23787,887.93
2005-05-11,887.93,887.93,867.76,867.76,27503,867.76
2005-05-12,867.76,867.76,847.55,847.55,21061,847.55
2005-05-13,851.56,904.06,851.56,895.99,55748,895.99
2005-05-16,912.15,952.48,887.93,916.2,78048,916.2
2005-05-17,916.2,920.21,859.67,859.67,20813,859.67
2005-05-18,863.71,863.71,831.44,843.5,14618,843.5
2005-05-19,863.71,883.88,855.62,863.71,10901,863.71
2005-05-20,875.82,887.93,867.76,887.93,11892,887.93
2005-05-23,871.76,883.88,867.76,883.88,5452,883.88
2005-05-24,863.71,887.93,863.71,871.76,14370,871.76
2005-05-25,871.76,871.76,827.38,839.49,16105,839.49
2005-05-26,819.32,843.5,811.22,823.33,14618,823.33
2005-05-27,815.28,815.28,718.37,766.81,62685,766.81
2005-05-30,746.68,774.94,730.5,762.79,24776,762.79
2005-05-31,783.0,783.0,762.79,774.94,11399,774.94
2005-06-01,778.95,819.32,778.95,819.32,20318,819.32
2005-06-02,827.38,839.49,803.17,811.22,13627,811.22
2005-06-03,823.33,823.33,787.01,795.08,13627,795.08
2005-06-06,799.11,803.17,766.81,803.17,20566,803.17
2005-06-07,799.11,803.17,787.01,795.08,31963,795.08
2005-06-08,795.08,795.08,778.95,787.01,12140,787.01
2005-06-09,783.0,791.06,770.9,774.94,20069,774.94
2005-06-10,770.9,783.0,770.9,770.9,34688,770.9
2005-06-13,770.9,770.9,746.68,766.81,25769,766.81
2005-06-14,766.81,783.0,766.81,774.94,12883,774.94
2005-06-15,778.95,891.94,778.95,803.17,415014,803.17
2005-06-16,831.44,835.45,799.11,799.11,75073,799.11
2005-06-17,811.22,819.32,795.08,803.17,44351,803.17
2005-06-20,803.17,803.17,791.06,791.06,29732,791.06
2005-06-21,807.18,811.22,795.08,799.11,29732,799.11
2005-06-22,807.18,807.18,795.08,807.18,14868,807.18
2005-06-23,807.18,807.18,799.11,799.11,15113,799.11
2005-06-24,791.06,803.17,791.06,803.17,13380,803.17
2005-06-27,795.08,799.11,783.0,783.0,18583,783.0
2005-06-28,799.11,799.11,770.9,787.01,33202,787.01
2005-06-29,799.11,799.11,766.81,783.0,16601,783.0
2005-06-30,791.06,791.06,770.9,783.0,24530,783.0
2005-07-01,774.94,783.0,766.81,783.0,27751,783.0
2005-07-04,787.01,787.01,770.9,783.0,11399,783.0
2005-07-05,778.95,851.56,774.94,811.22,165510,811.22
2005-07-06,811.22,815.28,791.06,815.28,50298,815.28
2005-07-07,799.11,807.18,783.0,783.0,36918,783.0
2005-07-08,783.0,815.28,783.0,791.06,33449,791.06
2005-07-11,791.06,799.11,787.01,787.01,25025,787.01
2005-07-12,791.06,807.18,791.06,791.06,33944,791.06
2005-07-13,795.08,799.11,791.06,799.11,18334,799.11
2005-07-14,799.11,799.11,787.01,799.11,42864,799.11
2005-07-15,795.08,799.11,791.06,795.08,42121,795.08
2005-07-19,795.08,835.45,795.08,835.45,108028,835.45
2005-07-20,847.55,855.62,811.22,819.32,113975,819.32
2005-07-21,843.5,867.76,831.44,863.71,267097,863.71
2005-07-22,859.67,863.71,831.44,851.56,87709,851.56
2005-07-25,859.67,936.36,843.5,928.27,299305,928.27
2005-07-26,968.64,980.75,895.99,920.21,625371,920.21
2005-07-27,916.2,964.63,916.2,940.38,256938,940.38
2005-07-28,956.54,960.58,912.15,928.27,190783,928.27
2005-07-29,932.31,932.31,875.82,883.88,124627,883.88
2005-08-01,887.93,895.99,855.62,895.99,104806,895.99
2005-08-02,904.06,908.13,883.88,895.99,61942,895.99
2005-08-03,895.99,895.99,811.22,843.5,178146,843.5
2005-08-04,831.44,835.45,819.32,819.32,55748,819.32
2005-08-05,815.28,855.62,811.22,839.49,58969,839.49
2005-08-08,839.49,839.49,791.06,823.33,93410,823.33
2005-08-09,831.44,1045.3,827.38,1000.95,3080028,1000.95
2005-08-10,972.68,992.86,928.27,936.36,782952,936.36
2005-08-11,944.42,988.81,940.38,960.58,501734,960.58
2005-08-12,984.76,984.76,952.48,964.63,183846,964.63
2005-08-15,972.68,1013.06,964.63,1000.95,507185,1000.95
2005-08-16,1013.06,1073.57,1009.01,1025.13,670960,1025.13
2005-08-17,992.86,1097.82,988.81,1081.63,841674,1081.63
2005-08-18,1113.95,1130.06,1069.55,1073.57,718286,1073.57
2005-08-19,1061.46,1065.51,1013.06,1017.07,201933,1017.07
2005-08-22,1025.13,1057.45,1021.12,1029.19,115710,1029.19
2005-08-23,1049.39,1049.39,988.81,996.86,157581,996.86
2005-08-24,996.86,1037.25,980.75,1009.01,112241,1009.01
2005-08-25,992.86,1004.97,980.75,980.75,58969,980.75
2005-08-26,988.81,1017.07,984.76,988.81,55253,988.81
2005-08-29,984.76,988.81,964.63,972.68,41377,972.68
2005-08-30,972.68,988.81,956.54,960.58,72102,960.58
2005-08-31,976.7,1089.69,976.7,1037.25,915262,1037.25
2005-09-01,1041.29,1057.45,1017.07,1029.19,134292,1029.19
2005-09-02,1009.01,1021.12,988.81,992.86,83498,992.86
2005-09-05,1004.97,1004.97,980.75,988.81,48809,988.81
2005-09-06,996.86,1013.06,992.86,1009.01,50298,1009.01
2005-09-07,1017.07,1017.07,988.81,996.86,60456,996.86
2005-09-08,996.86,1000.95,988.81,992.86,31466,992.86
2005-09-09,992.86,992.86,972.68,992.86,65164,992.86
2005-09-12,1004.97,1033.2,980.75,988.81,81765,988.81
2005-09-13,992.86,996.86,984.76,988.81,45342,988.81
2005-09-14,1000.95,1033.2,1000.95,1013.06,143706,1013.06
2005-09-15,1004.97,1013.06,1000.95,1009.01,57730,1009.01
2005-09-16,1009.01,1025.13,1000.95,1013.06,79782,1013.06
2005-09-20,1021.12,1041.29,1013.06,1041.29,116453,1041.29
2005-09-21,1045.3,1045.3,1017.07,1017.07,65906,1017.07
2005-09-22,1004.97,1017.07,988.81,1009.01,54263,1009.01
2005-09-26,1025.13,1025.13,1000.95,1004.97,28740,1004.97
2005-09-27,1000.95,1004.97,988.81,1000.95,47077,1000.95
2005-09-28,988.81,996.86,960.58,964.63,83746,964.63
2005-09-29,960.58,968.64,944.42,948.44,63181,948.44
2005-09-30,960.58,964.63,948.44,948.44,48066,948.44
2005-10-03,948.44,968.64,932.31,968.64,36174,968.64
2005-10-04,972.68,984.76,936.36,952.48,39148,952.48
2005-10-05,952.48,952.48,932.31,944.42,25769,944.42
2005-10-06,940.38,984.76,936.36,948.44,68137,948.44
2005-10-07,948.44,968.64,944.42,956.54,28246,956.54
2005-10-11,952.48,972.68,952.48,968.64,42121,968.64
2005-10-12,964.63,980.75,952.48,960.58,33202,960.58
2005-10-13,964.63,968.64,944.42,948.44,26512,948.44
2005-10-14,956.54,956.54,912.15,932.31,44597,932.31
2005-10-17,936.36,968.64,936.36,948.44,42616,948.44
2005-10-18,952.48,956.54,936.36,952.48,13380,952.48
2005-10-19,956.54,960.58,952.48,956.54,40138,956.54
2005-10-20,948.44,984.76,948.44,984.76,69870,984.76
2005-10-21,968.64,1004.97,964.63,1004.97,52031,1004.97
2005-10-24,1017.07,1025.13,976.7,984.76,57730,984.76
2005-10-25,996.86,996.86,964.63,972.68,26512,972.68
2005-10-26,984.76,984.76,972.68,980.75,21308,980.75
2005-10-27,992.86,1081.63,968.64,1077.62,341427,1077.62
2005-10-28,1113.95,1130.06,1085.68,1097.82,967542,1097.82
2005-10-31,1138.12,1218.87,1105.88,1210.81,846134,1210.81
2005-11-01,1202.76,1368.18,1166.38,1279.42,702924,1279.42
2005-11-02,1279.42,1327.85,1235.03,1255.2,458623,1255.2
2005-11-04,1283.47,1303.63,1239.08,1243.09,306987,1243.09
2005-11-07,1243.09,1263.26,1190.65,1222.87,148662,1222.87
2005-11-08,1202.76,1210.81,1166.38,1190.65,204907,1190.65
2005-11-09,1170.44,1182.55,1134.11,1158.33,113975,1158.33
2005-11-10,1154.32,1190.65,1150.27,1170.44,78048,1170.44
2005-11-11,1178.5,1202.76,1174.49,1190.65,56988,1190.65
2005-11-14,1352.07,1424.72,1307.69,1352.07,1796084,1352.07
2005-11-15,1412.6,1658.83,1396.45,1477.21,5079531,1477.21
2005-11-16,1557.87,1658.83,1452.94,1509.43,3820364,1509.43
2005-11-17,1489.27,1509.43,1424.72,1440.88,550297,1440.88
2005-11-18,1461.0,1590.18,1461.0,1501.37,1243310,1501.37
2005-11-21,1537.7,1537.7,1469.15,1509.43,353321,1509.43
2005-11-22,1493.32,1517.53,1432.78,1444.88,219523,1444.88
2005-11-24,1440.88,1448.93,1339.96,1352.07,250248,1352.07
2005-11-25,1339.96,1428.77,1299.57,1384.33,302279,1384.33
2005-11-28,1368.18,1384.33,1323.8,1344.01,108275,1344.01
2005-11-29,1323.8,1368.18,1323.8,1360.13,89447,1360.13
2005-11-30,1360.13,1380.34,1331.9,1348.01,54013,1348.01
2005-12-01,1352.07,1412.6,1344.01,1400.5,163281,1400.5
2005-12-02,1392.44,1424.72,1360.13,1392.44,117442,1392.44
2005-12-05,1392.44,1412.6,1376.29,1384.33,85234,1384.33
2005-12-06,1376.29,1392.44,1360.13,1360.13,63925,1360.13
2005-12-07,1364.17,1384.33,1352.07,1372.23,73091,1372.23
2005-12-08,1364.17,1372.23,1307.69,1327.85,93162,1327.85
2005-12-09,1348.01,1380.34,1331.9,1368.18,72348,1368.18
2005-12-12,1372.23,1388.39,1352.07,1360.13,81268,1360.13
2005-12-13,1364.17,1372.23,1344.01,1348.01,71854,1348.01
2005-12-14,1348.01,1356.07,1319.74,1348.01,95392,1348.01
2005-12-15,1344.01,1344.01,1315.75,1323.8,32952,1323.8
2005-12-16,1311.69,1319.74,1279.42,1295.57,52031,1295.57
2005-12-19,1279.42,1291.53,1239.08,1259.25,75073,1259.25
2005-12-20,1243.09,1287.52,1243.09,1271.31,56740,1271.31
2005-12-21,1271.31,1283.47,1251.16,1283.47,56491,1283.47
2005-12-22,1287.52,1323.8,1283.47,1287.52,82755,1287.52
2005-12-26,1295.57,1303.63,1287.52,1299.57,34194,1299.57
2005-12-27,1299.57,1299.57,1259.25,1291.53,50298,1291.53
2005-12-28,1283.47,1291.53,1267.3,1287.52,18334,1287.52
2005-12-29,1291.53,1295.57,1271.31,1271.31,33202,1271.31
2005-12-30,1412.6,1570.02,1412.6,1525.63,574082,1525.63
2006-01-04,1747.6,1824.25,1687.06,1735.48,1078790,1735.48
2006-01-05,1634.57,1666.89,1565.97,1594.19,548811,1594.19
2006-01-06,1578.08,1654.78,1533.7,1634.57,330277,1634.57
2006-01-10,1666.89,1683.01,1582.12,1606.34,239346,1606.34
2006-01-11,1586.13,1602.3,1541.75,1582.12,157333,1582.12
2006-01-12,1586.13,1586.13,1537.7,1557.87,111000,1557.87
2006-01-13,1537.7,1570.02,1533.7,1549.82,52776,1549.82
2006-01-16,1517.53,1545.8,1501.37,1501.37,116699,1501.37
2006-01-17,1501.37,1594.19,1456.99,1461.0,170962,1461.0
2006-01-18,1432.78,1440.88,1271.31,1331.9,114718,1331.9
2006-01-19,1291.53,1477.21,1291.53,1448.93,111991,1448.93
2006-01-20,1493.32,1497.36,1364.17,1416.61,76313,1416.61
2006-01-23,1376.29,1424.72,1335.96,1348.01,49058,1348.01
2006-01-24,1348.01,1456.99,1348.01,1436.82,64916,1436.82
2006-01-25,1456.99,1473.14,1392.44,1412.6,82259,1412.6
2006-01-26,1452.94,1452.94,1420.71,1440.88,18334,1440.88
2006-01-27,1465.05,1485.26,1408.55,1424.72,52278,1424.72
2006-01-30,1444.88,1565.97,1440.88,1545.8,129831,1545.8
2006-01-31,1541.75,1582.12,1497.36,1557.87,133794,1557.87
2006-02-01,1565.97,1565.97,1485.26,1501.37,56988,1501.37
2006-02-02,1501.37,1549.82,1493.32,1501.37,33202,1501.37
2006-02-03,1521.58,1654.78,1521.58,1561.96,615214,1561.96
2006-02-06,1557.87,1586.13,1493.32,1545.8,124875,1545.8
2006-02-07,1561.96,1561.96,1513.54,1541.75,42368,1541.75
2006-02-08,1541.75,1545.8,1493.32,1493.32,52527,1493.32
2006-02-09,1473.14,1525.63,1473.14,1497.36,51535,1497.36
2006-02-10,1497.36,1497.36,1392.44,1440.88,95143,1440.88
2006-02-13,1461.0,1461.0,1323.8,1327.85,83498,1327.85
2006-02-14,1287.52,1368.18,1150.27,1368.18,123637,1368.18
2006-02-15,1380.34,1392.44,1315.75,1348.01,62438,1348.01
2006-02-16,1339.96,1356.07,1291.53,1303.63,46580,1303.63
2006-02-17,1344.01,1344.01,1235.03,1251.16,57978,1251.16
2006-02-20,1150.27,1190.65,1109.9,1122.01,81516,1122.01
2006-02-21,1126.05,1214.82,1126.05,1190.65,84490,1190.65
2006-02-22,1170.44,1263.26,1170.44,1243.09,63181,1243.09
2006-02-23,1275.36,1295.57,1247.14,1291.53,39395,1291.53
2006-02-24,1303.63,1372.23,1267.3,1372.23,48066,1372.23
2006-02-27,1331.9,1364.17,1291.53,1291.53,59959,1291.53
2006-02-28,1307.69,1331.9,1275.36,1275.36,26512,1275.36
2006-03-01,1275.36,1315.75,1251.16,1275.36,27503,1275.36
2006-03-02,1271.31,1283.47,1255.2,1259.25,16848,1259.25
2006-03-03,1255.2,1279.42,1218.87,1218.87,17345,1218.87
2006-03-06,1255.2,1255.2,1230.99,1251.16,10901,1251.16
2006-03-07,1251.16,1251.16,1218.87,1222.87,8919,1222.87
2006-03-08,1222.87,1235.03,1214.82,1218.87,11892,1218.87
2006-03-09,1222.87,1267.3,1222.87,1251.16,11149,1251.16
2006-03-10,1267.3,1307.69,1267.3,1275.36,23290,1275.36
2006-03-13,1331.9,1331.9,1279.42,1307.69,12636,1307.69
2006-03-14,1291.53,1303.63,1271.31,1283.47,20566,1283.47
2006-03-15,1271.31,1307.69,1271.31,1279.42,21061,1279.42
2006-03-16,1283.47,1283.47,1251.16,1263.26,16105,1263.26
2006-03-17,1263.26,1267.3,1239.08,1259.25,19573,1259.25
2006-03-20,1259.25,1263.26,1251.16,1251.16,14124,1251.16
2006-03-22,1263.26,1283.47,1218.87,1255.2,26016,1255.2
2006-03-23,1255.2,1271.31,1243.09,1247.14,24034,1247.14
2006-03-24,1267.3,1267.3,1247.14,1267.3,10406,1267.3
2006-03-27,1271.31,1275.36,1247.14,1259.25,10406,1259.25
2006-03-28,1247.14,1267.3,1243.09,1259.25,8177,1259.25
2006-03-29,1267.3,1299.57,1263.26,1287.52,22299,1287.52
2006-03-30,1303.63,1303.63,1287.52,1299.57,19822,1299.57
2006-03-31,1299.57,1303.63,1275.36,1291.53,15362,1291.53
2006-04-03,1299.57,1493.32,1299.57,1440.88,293608,1440.88
2006-04-04,1481.21,1485.26,1408.55,1444.88,112488,1444.88
2006-04-05,1444.88,1444.88,1388.39,1396.45,67393,1396.45
2006-04-06,1388.39,1404.52,1372.23,1380.34,37908,1380.34
2006-04-07,1388.39,1473.14,1388.39,1428.77,87463,1428.77
2006-04-10,1428.77,1428.77,1380.34,1404.52,41377,1404.52
2006-04-11,1420.71,1420.71,1376.29,1384.33,33449,1384.33
2006-04-12,1380.34,1380.34,1339.96,1348.01,45342,1348.01
2006-04-13,1372.23,1372.23,1339.96,1344.01,14868,1344.01
2006-04-14,1348.01,1356.07,1344.01,1344.01,6936,1344.01
2006-04-17,1344.01,1344.01,1271.31,1287.52,29981,1287.52
2006-04-18,1247.14,1319.74,1247.14,1299.57,31466,1299.57
2006-04-19,1319.74,1319.74,1299.57,1299.57,11645,1299.57
2006-04-20,1283.47,1295.57,1279.42,1291.53,9415,1291.53
2006-04-21,1295.57,1311.69,1255.2,1263.26,20813,1263.26
2006-04-24,1243.09,1259.25,1210.81,1218.87,49554,1218.87
2006-04-25,1239.08,1311.69,1230.99,1247.14,27751,1247.14
2006-04-26,1259.25,1271.31,1251.16,1255.2,6194,1255.2
2006-04-27,1271.31,1271.31,1255.2,1267.3,9912,1267.3
2006-04-28,1259.25,1259.25,1230.99,1243.09,14868,1243.09
2006-05-01,1230.99,1251.16,1222.87,1235.03,13627,1235.03
2006-05-02,1243.09,1243.09,1218.87,1230.99,28246,1230.99
2006-05-08,1291.53,1295.57,1243.09,1247.14,27998,1247.14
2006-05-09,1255.2,1259.25,1243.09,1243.09,8424,1243.09
2006-05-10,1243.09,1243.09,1150.27,1214.82,52527,1214.82
2006-05-11,1214.82,1230.99,1210.81,1214.82,15362,1214.82
2006-05-12,1190.65,1226.94,1174.49,1198.71,22299,1198.71
2006-05-15,1174.49,1190.65,1158.33,1182.55,27503,1182.55
2006-05-16,1198.71,1202.76,1138.12,1162.39,35184,1162.39
2006-05-17,1138.12,1150.27,1085.68,1109.9,42864,1109.9
2006-05-18,1069.55,1109.9,1045.3,1101.83,29238,1101.83
2006-05-19,1081.63,1089.69,1061.46,1081.63,26758,1081.63
2006-05-22,1089.69,1138.12,1089.69,1101.83,20318,1101.83
2006-05-23,1109.9,1134.11,1093.77,1097.82,17345,1097.82
2006-05-24,1085.68,1101.83,1077.62,1101.83,13876,1101.83
2006-05-25,1101.83,1101.83,1085.68,1089.69,10158,1089.69
2006-05-26,1093.77,1093.77,1069.55,1093.77,9168,1093.77
2006-05-29,1113.95,1117.96,1093.77,1097.82,20566,1097.82
2006-05-30,1097.82,1097.82,1017.07,1049.39,26512,1049.39
2006-05-31,1017.07,1029.19,944.42,960.58,38900,960.58
2006-06-01,960.58,1045.3,952.48,968.64,59464,968.64
2006-06-02,948.44,968.64,847.55,968.64,46334,968.64
2006-06-05,928.27,968.64,928.27,952.48,28246,952.48
2006-06-06,891.94,928.27,891.94,912.15,11399,912.15
2006-06-07,900.0,968.64,891.94,916.2,25025,916.2
2006-06-08,912.15,912.15,847.55,879.87,35679,879.87
2006-06-09,871.76,924.25,867.76,924.25,25273,924.25
2006-06-12,908.13,992.86,904.06,988.81,17345,988.81
2006-06-13,980.75,984.76,948.44,948.44,12636,948.44
2006-06-14,932.31,964.63,920.21,964.63,6194,964.63
2006-06-15,976.7,984.76,968.64,976.7,9168,976.7
2006-06-16,1033.2,1033.2,1009.01,1013.06,24282,1013.06
2006-06-19,1041.29,1041.29,1029.19,1037.25,17839,1037.25
2006-06-20,1037.25,1037.25,1009.01,1009.01,10158,1009.01
2006-06-21,1000.95,1025.13,948.44,948.44,13627,948.44
2006-06-22,1009.01,1271.31,1009.01,1142.21,1397668,1142.21
2006-06-23,1182.55,1388.39,1178.5,1226.94,2239592,1226.94
2006-06-26,1206.77,1218.87,1150.27,1154.32,233399,1154.32
2006-06-27,1186.6,1222.87,1117.96,1122.01,137760,1122.01
2006-06-28,1122.01,1315.75,1122.01,1263.26,1273536,1263.26
2006-06-29,1283.47,1420.71,1247.14,1255.2,2408076,1255.2
2006-06-30,1315.75,1319.74,1222.87,1239.08,245788,1239.08
2006-07-03,1255.2,1255.2,1198.71,1226.94,98116,1226.94
2006-07-04,1251.16,1251.16,1214.82,1226.94,71854,1226.94
2006-07-05,1206.77,1218.87,1182.55,1202.76,90685,1202.76
2006-07-06,1198.71,1198.71,1162.39,1174.49,67890,1174.49
2006-07-07,1194.65,1194.65,1138.12,1146.26,41625,1146.26
2006-07-10,1097.82,1146.26,1069.55,1146.26,80524,1146.26
2006-07-11,1166.38,1166.38,1101.83,1117.96,37414,1117.96
2006-07-12,1101.83,1105.88,1069.55,1081.63,34936,1081.63
2006-07-13,1045.3,1130.06,1029.19,1073.57,58969,1073.57
2006-07-14,1073.57,1085.68,1041.29,1057.45,25769,1057.45
2006-07-18,1061.46,1061.46,976.7,996.86,46334,996.86
2006-07-19,976.7,1009.01,940.38,952.48,51288,952.48
2006-07-20,972.68,1021.12,972.68,1021.12,40633,1021.12
2006-07-21,992.86,1004.97,976.7,984.76,47572,984.76
2006-07-24,952.48,980.75,944.42,952.48,27007,952.48
2006-07-25,988.81,992.86,948.44,948.44,34936,948.44
2006-07-26,968.64,976.7,948.44,952.48,27751,952.48
2006-07-27,956.54,960.58,936.36,956.54,9912,956.54
2006-07-28,960.58,988.81,956.54,984.76,18334,984.76
2006-07-31,1025.13,1025.13,1009.01,1013.06,30726,1013.06
2006-08-01,992.86,1025.13,992.86,1000.95,20566,1000.95
2006-08-02,1004.97,1009.01,988.81,1009.01,21803,1009.01
2006-08-03,1013.06,1013.06,1000.95,1000.95,33202,1000.95
2006-08-04,1000.95,1017.07,988.81,1000.95,26016,1000.95
2006-08-07,1000.95,1009.01,968.64,972.68,22052,972.68
2006-08-08,956.54,972.68,952.48,960.58,22794,960.58
2006-08-09,960.58,980.75,952.48,980.75,10406,980.75
2006-08-10,960.58,980.75,960.58,968.64,14124,968.64
2006-08-11,964.63,1013.06,964.63,996.86,26512,996.86
2006-08-14,1013.06,1025.13,1000.95,1025.13,37165,1025.13
2006-08-15,1033.2,1101.83,1029.19,1101.83,92915,1101.83
2006-08-16,1122.01,1122.01,1069.55,1109.9,74827,1109.9
2006-08-17,1089.69,1101.83,1073.57,1073.57,39148,1073.57
2006-08-18,1085.68,1101.83,1077.62,1085.68,28494,1085.68
2006-08-21,1101.83,1101.83,1081.63,1081.63,19077,1081.63
2006-08-22,1077.62,1105.88,1069.55,1093.77,35679,1093.77
2006-08-23,1097.82,1186.6,1093.77,1146.26,296087,1146.26
2006-08-24,1162.39,1166.38,1122.01,1122.01,58474,1122.01
2006-08-25,1126.05,1138.12,1109.9,1122.01,21556,1122.01
2006-08-28,1113.95,1117.96,1049.39,1053.4,35184,1053.4
2006-08-29,1065.51,1077.62,1061.46,1069.55,9415,1069.55
2006-08-30,1093.77,1093.77,1065.51,1065.51,8919,1065.51
2006-08-31,1085.68,1085.68,1065.51,1073.57,10901,1073.57
2006-09-01,1065.51,1065.51,1057.45,1065.51,6936,1065.51
2006-09-04,1073.57,1081.63,1061.46,1077.62,20566,1077.62
2006-09-05,1097.82,1138.12,1085.68,1138.12,37660,1138.12
2006-09-06,1130.06,1130.06,1089.69,1105.88,23290,1105.88
2006-09-07,1101.83,1101.83,1089.69,1097.82,9663,1097.82
2006-09-08,1073.57,1101.83,1069.55,1093.77,15362,1093.77
2006-09-11,1089.69,1101.83,1077.62,1081.63,8919,1081.63
2006-09-12,1085.68,1089.69,1077.62,1085.68,22052,1085.68
2006-09-13,1077.62,1126.05,1077.62,1101.83,91673,1101.83
2006-09-14,1109.9,1113.95,1085.68,1097.82,23042,1097.82
2006-09-15,1089.69,1109.9,1069.55,1105.88,34439,1105.88
2006-09-19,1089.69,1130.06,1089.69,1113.95,27255,1113.95
2006-09-20,1122.01,1194.65,1073.57,1073.57,545837,1073.57
2006-09-21,1081.63,1089.69,1049.39,1057.45,56491,1057.45
2006-09-22,1041.29,1045.3,1009.01,1017.07,35927,1017.07
2006-09-25,1009.01,1013.06,968.64,984.76,40387,984.76
2006-09-26,976.7,992.86,972.68,972.68,15609,972.68
2006-09-27,968.64,1017.07,968.64,996.86,13627,996.86
2006-09-28,1013.06,1017.07,1000.95,1013.06,12636,1013.06
2006-09-29,1017.07,1049.39,1013.06,1049.39,19822,1049.39
2006-10-02,1053.4,1073.57,1045.3,1045.3,27503,1045.3
2006-10-03,1041.29,1045.3,1021.12,1045.3,32705,1045.3
2006-10-04,1037.25,1041.29,1000.95,1000.95,20069,1000.95
2006-10-05,1009.01,1021.12,1009.01,1013.06,11399,1013.06
2006-10-06,1004.97,1004.97,976.7,996.86,14618,996.86
2006-10-10,976.7,992.86,976.7,984.76,11645,984.76
2006-10-11,988.81,992.86,968.64,968.64,16848,968.64
2006-10-12,976.7,1000.95,968.64,988.81,14618,988.81
2006-10-13,992.86,1013.06,992.86,1013.06,10655,1013.06
2006-10-16,1017.07,1029.19,1013.06,1029.19,19326,1029.19
2006-10-17,1037.25,1037.25,1013.06,1013.06,14124,1013.06
2006-10-18,996.86,1004.97,992.86,1000.95,16354,1000.95
2006-10-19,1004.97,1029.19,992.86,992.86,43359,992.86
2006-10-20,996.86,1013.06,996.86,1000.95,9663,1000.95
2006-10-23,1009.01,1021.12,1009.01,1017.07,13380,1017.07
2006-10-24,1025.13,1029.19,1013.06,1021.12,47077,1021.12
2006-10-25,1037.25,1049.39,1029.19,1041.29,34936,1041.29
2006-10-26,1041.29,1117.96,1037.25,1037.25,202923,1037.25
2006-10-27,1025.13,1057.45,1013.06,1025.13,54757,1025.13
2006-10-30,1013.06,1021.12,1000.95,1000.95,18334,1000.95
2006-10-31,1000.95,1004.97,992.86,1000.95,12388,1000.95
2006-11-01,1004.97,1004.97,996.86,1000.95,6194,1000.95
2006-11-02,996.86,1004.97,992.86,1004.97,12140,1004.97
2006-11-06,1000.95,1000.95,996.86,1000.95,3221,1000.95
2006-11-07,1000.95,1004.97,996.86,996.86,6936,996.86
2006-11-08,996.86,996.86,976.7,976.7,17345,976.7
2006-11-09,972.68,996.86,972.68,972.68,18830,972.68
2006-11-10,976.7,984.76,976.7,980.75,13133,980.75
2006-11-13,996.86,996.86,980.75,980.75,18334,980.75
2006-11-14,996.86,1009.01,996.86,996.86,9912,996.86
2006-11-15,1004.97,1004.97,932.31,936.36,63427,936.36
2006-11-16,928.27,968.64,924.25,956.54,53023,956.54
2006-11-17,948.44,948.44,887.93,904.06,27007,904.06
2006-11-20,1004.97,1045.3,960.58,1021.12,231913,1021.12
2006-11-21,960.58,976.7,928.27,944.42,143706,944.42
2006-11-22,948.44,972.68,928.27,964.63,44597,964.63
2006-11-24,960.58,960.58,924.25,936.36,25769,936.36
2006-11-27,936.36,956.54,932.31,948.44,36422,948.44
2006-11-28,944.42,972.68,944.42,960.58,20566,960.58
2006-11-29,976.7,996.86,976.7,980.75,36422,980.75
2006-11-30,992.86,1000.95,984.76,988.81,15609,988.81
2006-12-01,988.81,1004.97,988.81,1004.97,10406,1004.97
2006-12-04,1013.06,1109.9,1013.06,1109.9,290386,1109.9
2006-12-05,1113.95,1142.21,1073.57,1073.57,119425,1073.57
2006-12-06,1093.77,1105.88,1077.62,1101.83,50298,1101.83
2006-12-07,1109.9,1113.95,1073.57,1101.83,36174,1101.83
2006-12-08,1093.77,1126.05,1093.77,1105.88,53270,1105.88
2006-12-11,1117.96,1142.21,1113.95,1138.12,58969,1138.12
2006-12-12,1150.27,1154.32,1101.83,1113.95,98612,1113.95
2006-12-13,1101.83,1122.01,1101.83,1122.01,21308,1122.01
2006-12-14,1130.06,1198.71,1130.06,1198.71,130326,1198.71
2006-12-15,1194.65,1222.87,1186.6,1214.82,173934,1214.82
2006-12-18,1235.03,1287.52,1214.82,1255.2,170713,1255.2
2006-12-19,1251.16,1263.26,1222.87,1247.14,91922,1247.14
2006-12-20,1263.26,1339.96,1263.26,1335.96,211348,1335.96
2006-12-21,1376.29,1392.44,1344.01,1356.07,156839,1356.07
2006-12-22,1360.13,1376.29,1315.75,1339.96,69624,1339.96
2006-12-25,1323.8,1323.8,1251.16,1267.3,91180,1267.3
2006-12-26,1226.94,1315.75,1226.94,1295.57,73589,1295.57
2006-12-27,1299.57,1319.74,1271.31,1279.42,47077,1279.42
2006-12-28,1287.52,1287.52,1239.08,1243.09,66154,1243.09
2006-12-29,1226.94,1259.25,1222.87,1235.03,35679,1235.03
2007-01-04,1255.2,1255.2,1239.08,1243.09,19573,1243.09
2007-01-05,1255.2,1263.26,1235.03,1239.08,35679,1239.08
2007-01-09,1235.03,1279.42,1222.87,1271.31,39892,1271.31
2007-01-10,1267.3,1271.31,1235.03,1251.16,48315,1251.16
2007-01-11,1263.26,1275.36,1251.16,1251.16,20318,1251.16
2007-01-12,1271.31,1344.01,1255.2,1323.8,92417,1323.8
2007-01-15,1380.34,1388.39,1348.01,1360.13,111744,1360.13
2007-01-16,1344.01,1360.13,1319.74,1335.96,46829,1335.96
2007-01-17,1335.96,1376.29,1323.8,1356.07,73589,1356.07
2007-01-18,1376.29,1412.6,1364.17,1412.6,156839,1412.6
2007-01-19,1412.6,1444.88,1380.34,1424.72,91922,1424.72
2007-01-22,1440.88,1481.21,1432.78,1473.14,109019,1473.14
2007-01-23,1461.0,1481.21,1440.88,1481.21,83498,1481.21
2007-01-24,1501.37,1505.43,1436.82,1444.88,89693,1444.88
2007-01-25,1448.93,1452.94,1384.33,1396.45,77799,1396.45
2007-01-26,1376.29,1473.14,1372.23,1473.14,70366,1473.14
2007-01-29,1444.88,1473.14,1444.88,1452.94,36670,1452.94
2007-01-30,1436.82,1452.94,1416.61,1424.72,44845,1424.72
2007-01-31,1432.78,1432.78,1404.52,1420.71,23537,1420.71
2007-02-01,1448.93,1448.93,1404.52,1420.71,27503,1420.71
2007-02-02,1428.77,1428.77,1408.55,1416.61,15609,1416.61
2007-02-05,1408.55,1408.55,1372.23,1372.23,48066,1372.23
2007-02-06,1396.45,1396.45,1380.34,1396.45,31715,1396.45
2007-02-07,1400.5,1412.6,1380.34,1392.44,22794,1392.44
2007-02-08,1392.44,1392.44,1356.07,1364.17,29732,1364.17
2007-02-09,1356.07,1368.18,1327.85,1356.07,49058,1356.07
2007-02-13,1396.45,1400.5,1372.23,1400.5,55005,1400.5
2007-02-14,1432.78,1432.78,1392.44,1392.44,41129,1392.44
2007-02-15,1404.52,1420.71,1400.5,1416.61,36670,1416.61
2007-02-16,1412.6,1440.88,1396.45,1436.82,45588,1436.82
2007-02-19,1424.72,1444.88,1424.72,1444.88,38652,1444.88
2007-02-20,1432.78,1432.78,1412.6,1420.71,34439,1420.71
2007-02-21,1420.71,1444.88,1412.6,1424.72,39395,1424.72
2007-02-22,1420.71,1440.88,1416.61,1436.82,50050,1436.82
2007-02-23,1436.82,1440.88,1412.6,1428.77,29483,1428.77
2007-02-26,1428.77,1440.88,1416.61,1416.61,61942,1416.61
2007-02-27,1416.61,1428.77,1396.45,1404.52,46580,1404.52
2007-02-28,1323.8,1352.07,1303.63,1348.01,68383,1348.01
2007-03-01,1339.96,1344.01,1295.57,1319.74,49307,1319.74
2007-03-02,1311.69,1323.8,1295.57,1303.63,31963,1303.63
2007-03-05,1263.26,1271.31,1198.71,1202.76,86721,1202.76
2007-03-06,1182.55,1283.47,1182.55,1283.47,84984,1283.47
2007-03-07,1344.01,1344.01,1263.26,1263.26,63678,1263.26
2007-03-08,1255.2,1311.69,1255.2,1311.69,26758,1311.69
2007-03-09,1331.9,1344.01,1319.74,1335.96,39148,1335.96
2007-03-12,1348.01,1372.23,1348.01,1372.23,26016,1372.23
2007-03-13,1372.23,1376.29,1360.13,1368.18,34194,1368.18
2007-03-14,1331.9,1352.07,1303.63,1307.69,41129,1307.69
2007-03-15,1327.85,1335.96,1311.69,1311.69,32459,1311.69
2007-03-16,1315.75,1315.75,1275.36,1295.57,25273,1295.57
2007-03-19,1279.42,1303.63,1279.42,1303.63,16848,1303.63
2007-03-20,1295.57,1299.57,1279.42,1291.53,20069,1291.53
2007-03-22,1311.69,1319.74,1291.53,1307.69,31963,1307.69
2007-03-23,1307.69,1323.8,1299.57,1311.69,25769,1311.69
2007-03-26,1311.69,1323.8,1303.63,1323.8,28246,1323.8
2007-03-27,1291.53,1299.57,1263.26,1271.31,36174,1271.31
2007-03-28,1263.26,1263.26,1222.87,1222.87,40882,1222.87
2007-03-29,1206.77,1210.81,1154.32,1210.81,65906,1210.81
2007-03-30,1218.87,1230.99,1194.65,1202.76,30475,1202.76
2007-04-02,1210.81,1222.87,1150.27,1158.33,26016,1158.33
2007-04-03,1150.27,1166.38,1134.11,1154.32,24776,1154.32
2007-04-04,1162.39,1202.76,1162.39,1182.55,21556,1182.55
2007-04-05,1190.65,1190.65,1166.38,1178.5,20813,1178.5
2007-04-06,1178.5,1186.6,1166.38,1182.55,9415,1182.55
2007-04-09,1178.5,1182.55,1170.44,1178.5,14370,1178.5
2007-04-10,1198.71,1198.71,1166.38,1182.55,13380,1182.55
2007-04-11,1202.76,1202.76,1186.6,1186.6,5947,1186.6
2007-04-12,1186.6,1186.6,1170.44,1170.44,5202,1170.44
2007-04-13,1182.55,1186.6,1162.39,1162.39,10406,1162.39
2007-04-16,1178.5,1178.5,1150.27,1150.27,19326,1150.27
2007-04-17,1162.39,1162.39,1093.77,1113.95,37414,1113.95
2007-04-18,1101.83,1113.95,1097.82,1113.95,25519,1113.95
2007-04-19,1113.95,1113.95,1093.77,1101.83,17839,1101.83
2007-04-20,1109.9,1109.9,1065.51,1073.57,22299,1073.57
2007-04-23,1061.46,1073.57,1021.12,1029.19,32952,1029.19
2007-04-24,1013.06,1029.19,980.75,1013.06,56988,1013.06
2007-04-25,1033.2,1037.25,1013.06,1013.06,23290,1013.06
2007-04-26,1025.13,1041.29,1025.13,1037.25,20318,1037.25
2007-04-27,1037.25,1085.68,1033.2,1041.29,27503,1041.29
2007-05-01,1041.29,1085.68,1037.25,1081.63,20069,1081.63
2007-05-02,1069.55,1081.63,1057.45,1065.51,15857,1065.51
2007-05-07,1081.63,1101.83,1081.63,1101.83,11892,1101.83
2007-05-08,1109.9,1130.06,1101.83,1126.05,32952,1126.05
2007-05-09,1117.96,1126.05,1109.9,1126.05,10901,1126.05
2007-05-10,1126.05,1126.05,1117.96,1122.01,16848,1122.01
2007-05-11,1113.95,1113.95,1093.77,1101.83,11892,1101.83
2007-05-14,1105.88,1126.05,1101.83,1113.95,20069,1113.95
2007-05-15,1134.11,1150.27,1097.82,1097.82,19077,1097.82
2007-05-16,1109.9,1109.9,1069.55,1069.55,17839,1069.55
2007-05-17,1065.51,1073.57,1053.4,1053.4,6194,1053.4
2007-05-18,1037.25,1045.3,1021.12,1021.12,11892,1021.12
2007-05-21,1000.95,1029.19,1000.95,1021.12,16848,1021.12
2007-05-22,1033.2,1057.45,1033.2,1057.45,17592,1057.45
2007-05-23,1069.55,1117.96,1069.55,1109.9,25519,1109.9
2007-05-24,1130.06,1130.06,1085.68,1105.88,46580,1105.88
2007-05-25,1126.05,1222.87,1109.9,1218.87,134292,1218.87
2007-05-28,1259.25,1299.57,1214.82,1243.09,210853,1243.09
2007-05-29,1255.2,1263.26,1230.99,1230.99,43856,1230.99
2007-05-30,1230.99,1235.03,1182.55,1190.65,46334,1190.65
2007-05-31,1202.76,1202.76,1170.44,1178.5,36918,1178.5
2007-06-01,1174.49,1186.6,1162.39,1162.39,32459,1162.39
2007-06-04,1170.44,1174.49,1122.01,1122.01,57978,1122.01
2007-06-05,1142.21,1182.55,1126.05,1178.5,44845,1178.5
2007-06-06,1198.71,1206.77,1166.38,1186.6,55996,1186.6
2007-06-07,1174.49,1174.49,1150.27,1170.44,36918,1170.44
2007-06-08,1166.38,1178.5,1162.39,1170.44,26016,1170.44
2007-06-11,1190.65,1194.65,1166.38,1166.38,21061,1166.38
2007-06-12,1174.49,1174.49,1138.12,1138.12,20069,1138.12
2007-06-13,1134.11,1138.12,1130.06,1138.12,10655,1138.12
2007-06-14,1154.32,1162.39,1138.12,1142.21,11892,1142.21
2007-06-15,1150.27,1150.27,1126.05,1150.27,23537,1150.27
2007-06-18,1162.39,1162.39,1138.12,1150.27,30228,1150.27
2007-06-19,1150.27,1150.27,1138.12,1138.12,12636,1138.12
2007-06-20,1134.11,1146.26,1093.77,1117.96,38652,1117.96
2007-06-21,1105.88,1130.06,1101.83,1126.05,12636,1126.05
2007-06-22,1117.96,1126.05,1113.95,1113.95,10158,1113.95
2007-06-25,1126.05,1372.23,1126.05,1263.26,898166,1263.26
2007-06-26,1283.47,1295.57,1190.65,1194.65,229435,1194.65
2007-06-27,1190.65,1214.82,1182.55,1206.77,53023,1206.77
2007-06-28,1222.87,1230.99,1190.65,1206.77,53766,1206.77
2007-06-29,1202.76,1222.87,1190.65,1198.71,26512,1198.71
2007-07-02,1210.81,1210.81,1190.65,1198.71,28989,1198.71
2007-07-03,1210.81,1214.82,1206.77,1206.77,31219,1206.77
2007-07-04,1218.87,1299.57,1206.77,1255.2,265857,1255.2
2007-07-05,1255.2,1267.3,1214.82,1222.87,47077,1222.87
2007-07-06,1243.09,1247.14,1194.65,1218.87,30228,1218.87
2007-07-09,1206.77,1230.99,1202.76,1218.87,21556,1218.87
2007-07-10,1230.99,1295.57,1230.99,1247.14,94895,1247.14
2007-07-11,1247.14,1251.16,1226.94,1226.94,19573,1226.94
2007-07-12,1239.08,1243.09,1222.87,1230.99,18830,1230.99
2007-07-13,1243.09,1243.09,1226.94,1226.94,15857,1226.94
2007-07-17,1226.94,1235.03,1218.87,1218.87,22794,1218.87
2007-07-18,1218.87,1230.99,1194.65,1194.65,26016,1194.65
2007-07-19,1202.76,1206.77,1138.12,1146.26,55253,1146.26
2007-07-20,1166.38,1186.6,1154.32,1162.39,40138,1162.39
2007-07-23,1150.27,1178.5,1109.9,1113.95,46829,1113.95
2007-07-24,1117.96,1154.32,1117.96,1146.26,42616,1146.26
2007-07-25,1138.12,1158.33,1130.06,1138.12,31219,1138.12
2007-07-26,1134.11,1150.27,1130.06,1134.11,15362,1134.11
2007-07-27,1113.95,1130.06,1041.29,1130.06,62685,1130.06
2007-07-30,1093.77,1158.33,1077.62,1138.12,27751,1138.12
2007-07-31,1154.32,1158.33,1130.06,1146.26,36670,1146.26
2007-08-01,1150.27,1150.27,1117.96,1130.06,28494,1130.06
2007-08-02,1138.12,1138.12,1093.77,1122.01,33944,1122.01
2007-08-03,1117.96,1130.06,1101.83,1122.01,13133,1122.01
2007-08-06,1101.83,1126.05,1101.83,1126.05,7433,1126.05
2007-08-07,1126.05,1142.21,1097.82,1097.82,18334,1097.82
2007-08-08,1105.88,1122.01,1069.55,1077.62,38404,1077.62
2007-08-09,1089.69,1097.82,1017.07,1045.3,58721,1045.3
2007-08-10,1021.12,1033.2,1009.01,1009.01,48809,1009.01
2007-08-13,1077.62,1138.12,1033.2,1065.51,121406,1065.51
2007-08-14,1073.57,1085.68,1033.2,1049.39,41625,1049.39
2007-08-15,1029.19,1045.3,1025.13,1025.13,29732,1025.13
2007-08-16,1025.13,1029.19,988.81,1025.13,44351,1025.13
2007-08-17,1029.19,1029.19,928.27,940.38,85480,940.38
2007-08-20,980.75,1009.01,972.68,980.75,57483,980.75
2007-08-21,968.64,1000.95,960.58,1000.95,36670,1000.95
2007-08-22,980.75,1000.95,976.7,976.7,22547,976.7
2007-08-23,1004.97,1081.63,1000.95,1045.3,69127,1045.3
2007-08-24,1057.45,1089.69,1057.45,1069.55,43856,1069.55
2007-08-27,1077.62,1093.77,1073.57,1073.57,20566,1073.57
2007-08-28,1065.51,1073.57,1053.4,1061.46,10655,1061.46
2007-08-29,1021.12,1089.69,1000.95,1065.51,52527,1065.51
2007-08-30,1105.88,1109.9,1081.63,1109.9,44102,1109.9
2007-08-31,1101.83,1117.96,1089.69,1117.96,17345,1117.96
2007-09-03,1126.05,1130.06,1109.9,1122.01,24282,1122.01
2007-09-04,1122.01,1122.01,1097.82,1101.83,11149,1101.83
2007-09-05,1113.95,1122.01,1089.69,1109.9,28246,1109.9
2007-09-06,1081.63,1109.9,1077.62,1105.88,11399,1105.88
2007-09-07,1122.01,1122.01,1077.62,1081.63,9912,1081.63
2007-09-10,1081.63,1109.9,1053.4,1109.9,53270,1109.9
2007-09-11,1097.82,1109.9,1069.55,1109.9,13627,1109.9
2007-09-12,1109.9,1113.95,1081.63,1081.63,18583,1081.63
2007-09-13,1065.51,1089.69,1065.51,1081.63,18583,1081.63
2007-09-14,1077.62,1097.82,1077.62,1089.69,15609,1089.69
2007-09-18,1101.83,1101.83,1077.62,1093.77,17839,1093.77
2007-09-19,1097.82,1130.06,1097.82,1130.06,29981,1130.06
2007-09-20,1146.26,1170.44,1109.9,1158.33,72596,1158.33
2007-09-21,1138.12,1158.33,1130.06,1146.26,23290,1146.26
2007-09-25,1150.27,1150.27,1117.96,1142.21,16105,1142.21
2007-09-26,1142.21,1142.21,1073.57,1117.96,18089,1117.96
2007-09-27,1138.12,1170.44,1138.12,1162.39,25769,1162.39
2007-09-28,1166.38,1170.44,1146.26,1170.44,21556,1170.44
2007-10-01,1174.49,1202.76,1158.33,1202.76,35184,1202.76
2007-10-02,1214.82,1226.94,1202.76,1206.77,43359,1206.77
2007-10-03,1206.77,1210.81,1194.65,1206.77,13627,1206.77
2007-10-04,1198.71,1206.77,1178.5,1178.5,20069,1178.5
2007-10-05,1190.65,1190.65,1158.33,1186.6,18583,1186.6
2007-10-09,1206.77,1226.94,1202.76,1210.81,27751,1210.81
2007-10-10,1210.81,1222.87,1202.76,1206.77,19573,1206.77
2007-10-11,1210.81,1210.81,1190.65,1210.81,23290,1210.81
2007-10-12,1190.65,1206.77,1190.65,1198.71,7927,1198.71
2007-10-15,1186.6,1198.71,1186.6,1190.65,10655,1190.65
2007-10-16,1178.5,1178.5,1154.32,1158.33,17096,1158.33
2007-10-17,1138.12,1158.33,1113.95,1122.01,24282,1122.01
2007-10-18,1101.83,1146.26,1101.83,1146.26,11892,1146.26
2007-10-19,1126.05,1134.11,1117.96,1117.96,6443,1117.96
2007-10-22,1085.68,1101.83,1081.63,1089.69,19326,1089.69
2007-10-23,1105.88,1105.88,1081.63,1093.77,7433,1093.77
2007-10-24,1101.83,1117.96,1101.83,1113.95,13380,1113.95
2007-10-25,1113.95,1113.95,1093.77,1097.82,11645,1097.82
2007-10-26,1105.88,1113.95,1097.82,1105.88,8177,1105.88
2007-10-29,1105.88,1122.01,1105.88,1113.95,7433,1113.95
2007-10-30,1109.9,1134.11,1109.9,1122.01,8919,1122.01
2007-10-31,1222.87,1226.94,1190.65,1202.76,87959,1202.76
2007-11-01,1190.65,1198.71,1170.44,1182.55,35184,1182.55
2007-11-02,1162.39,1182.55,1150.27,1178.5,12636,1178.5
2007-11-05,1174.49,1182.55,1134.11,1146.26,20069,1146.26
2007-11-06,1138.12,1174.49,1138.12,1166.38,11399,1166.38
2007-11-07,1162.39,1174.49,1138.12,1146.26,19077,1146.26
2007-11-08,1126.05,1150.27,1113.95,1150.27,27255,1150.27
2007-11-09,1138.12,1170.44,1130.06,1134.11,25769,1134.11
2007-11-12,1113.95,1113.95,1081.63,1093.77,27007,1093.77
2007-11-13,1077.62,1130.06,1077.62,1126.05,9912,1126.05
2007-11-14,1166.38,1170.44,1150.27,1150.27,13876,1150.27
2007-11-15,1158.33,1206.77,1158.33,1206.77,26512,1206.77
2007-11-16,1146.26,1166.38,1130.06,1158.33,34194,1158.33
2007-11-19,1138.12,1146.26,1109.9,1117.96,16848,1117.96
2007-11-20,1069.55,1089.69,1049.39,1089.69,41377,1089.69
2007-11-21,1089.69,1109.9,1053.4,1065.51,25769,1065.51
2007-11-22,1045.3,1101.83,1045.3,1101.83,25025,1101.83
2007-11-26,1085.68,1113.95,1085.68,1113.95,17096,1113.95
2007-11-27,1089.69,1101.83,1077.62,1097.82,13876,1097.82
2007-11-28,1085.68,1130.06,1085.68,1130.06,24282,1130.06
2007-11-29,1134.11,1162.39,1126.05,1162.39,19326,1162.39
2007-11-30,1154.32,1190.65,1146.26,1190.65,31466,1190.65
2007-12-03,1178.5,1178.5,1158.33,1170.44,12883,1170.44
2007-12-04,1166.38,1166.38,1113.95,1113.95,19326,1113.95
2007-12-05,1097.82,1126.05,1089.69,1113.95,28494,1113.95
2007-12-06,1134.11,1150.27,1109.9,1122.01,17839,1122.01
2007-12-07,1134.11,1138.12,1093.77,1122.01,20813,1122.01
2007-12-10,1146.26,1146.26,1126.05,1126.05,11645,1126.05
2007-12-11,1126.05,1146.26,1117.96,1130.06,13627,1130.06
2007-12-12,1122.01,1134.11,1117.96,1126.05,5947,1126.05
2007-12-13,1113.95,1130.06,1105.88,1105.88,11149,1105.88
2007-12-14,1126.05,1126.05,1105.88,1105.88,15609,1105.88
2007-12-17,1093.77,1101.83,1029.19,1053.4,22794,1053.4
2007-12-18,1033.2,1073.57,1033.2,1061.46,21308,1061.46
2007-12-19,1077.62,1081.63,1057.45,1061.46,14370,1061.46
2007-12-20,1041.29,1061.46,1009.01,1009.01,25273,1009.01
2007-12-21,1013.06,1037.25,992.86,1037.25,31466,1037.25
2007-12-25,1053.4,1085.68,1037.25,1049.39,24530,1049.39
2007-12-26,1057.45,1069.55,1045.3,1069.55,25025,1069.55
2007-12-27,1065.51,1065.51,1049.39,1053.4,11399,1053.4
2007-12-28,1037.25,1049.39,1037.25,1037.25,12140,1037.25
2008-01-04,1021.12,1021.12,976.7,976.7,19822,976.7
2008-01-07,968.64,1013.06,964.63,988.81,17096,988.81
2008-01-08,980.75,996.86,980.75,992.86,12388,992.86
2008-01-09,988.81,1037.25,988.81,1037.25,18334,1037.25
2008-01-10,1033.2,1037.25,1009.01,1017.07,6194,1017.07
2008-01-11,1000.95,1017.07,988.81,988.81,13876,988.81
2008-01-15,976.7,992.86,928.27,932.31,33449,932.31
2008-01-16,887.93,908.13,839.49,863.71,41625,863.71
2008-01-17,891.94,924.25,867.76,908.13,25519,908.13
2008-01-18,859.67,988.81,859.67,968.64,26262,968.64
2008-01-21,936.36,956.54,908.13,908.13,13380,908.13
2008-01-22,827.38,871.76,815.28,839.49,40633,839.49
2008-01-23,863.71,891.94,851.56,851.56,29981,851.56
2008-01-24,887.93,895.99,859.67,883.88,20813,883.88
2008-01-25,908.13,924.25,904.06,924.25,22052,924.25
2008-01-28,904.06,920.21,863.71,867.76,30972,867.76
2008-01-29,895.99,908.13,891.94,904.06,8671,904.06
2008-01-30,908.13,928.27,908.13,912.15,16601,912.15
2008-01-31,891.94,924.25,883.88,924.25,12140,924.25
2008-02-01,928.27,932.31,912.15,916.2,16105,916.2
2008-02-04,952.48,956.54,916.2,940.38,17839,940.38
2008-02-05,944.42,952.48,940.38,952.48,10655,952.48
2008-02-06,928.27,936.36,916.2,920.21,15113,920.21
2008-02-07,912.15,928.27,908.13,912.15,12636,912.15
2008-02-08,924.25,944.42,904.06,904.06,21061,904.06
2008-02-12,900.0,900.0,855.62,871.76,23290,871.76
2008-02-13,883.88,912.15,879.87,904.06,45094,904.06
2008-02-14,924.25,924.25,900.0,912.15,17345,912.15
2008-02-15,883.88,908.13,883.88,904.06,17592,904.06
2008-02-18,912.15,912.15,900.0,900.0,13380,900.0
2008-02-19,908.13,928.27,904.06,908.13,18830,908.13
2008-02-20,920.21,932.31,908.13,916.2,15857,916.2
2008-02-21,920.21,952.48,920.21,948.44,18334,948.44
2008-02-22,936.36,976.7,936.36,972.68,16105,972.68
2008-02-25,972.68,976.7,932.31,972.68,15362,972.68
2008-02-26,988.81,988.81,948.44,948.44,14124,948.44
2008-02-27,948.44,968.64,948.44,956.54,12636,956.54
2008-02-28,960.58,964.63,932.31,956.54,8671,956.54
2008-02-29,936.36,956.54,936.36,944.42,5947,944.42
2008-03-03,908.13,932.31,908.13,916.2,12636,916.2
2008-03-04,916.2,936.36,912.15,916.2,10901,916.2
2008-03-05,916.2,932.31,916.2,916.2,7433,916.2
2008-03-06,932.31,944.42,920.21,936.36,8919,936.36
2008-03-07,904.06,916.2,904.06,904.06,14868,904.06
2008-03-10,883.88,891.94,867.76,879.87,21308,879.87
2008-03-11,863.71,887.93,863.71,875.82,10901,875.82
2008-03-12,916.2,920.21,895.99,895.99,11149,895.99
2008-03-13,904.06,904.06,871.76,871.76,13133,871.76
2008-03-14,871.76,883.88,851.56,859.67,21556,859.67
2008-03-17,831.44,863.71,831.44,843.5,21556,843.5
2008-03-18,851.56,875.82,851.56,875.82,12883,875.82
2008-03-19,900.0,908.13,867.76,867.76,16354,867.76
2008-03-21,887.93,904.06,883.88,895.99,26016,895.99
2008-03-24,895.99,908.13,891.94,908.13,14370,908.13
2008-03-25,908.13,924.25,895.99,908.13,21061,908.13
2008-03-26,859.67,891.94,859.67,891.94,7680,891.94
2008-03-27,863.71,891.94,847.55,851.56,16354,851.56
2008-03-28,859.67,871.76,855.62,871.76,15113,871.76
2008-03-31,867.76,867.76,851.56,851.56,8671,851.56
2008-04-01,851.56,859.67,843.5,847.55,9663,847.55
2008-04-02,851.56,867.76,843.5,851.56,18089,851.56
2008-04-03,859.67,863.71,839.49,863.71,17839,863.71
2008-04-04,855.62,859.67,847.55,847.55,12140,847.55
2008-04-07,847.55,867.76,831.44,867.76,15113,867.76
2008-04-08,867.76,867.76,859.67,859.67,3716,859.67
2008-04-09,851.56,851.56,847.55,847.55,2974,847.55
2008-04-10,847.55,847.55,831.44,835.45,12636,835.45
2008-04-11,847.55,851.56,843.5,847.55,20069,847.55
2008-04-14,847.55,847.55,827.38,831.44,12883,831.44
2008-04-15,827.38,831.44,819.32,827.38,10406,827.38
2008-04-16,867.76,908.13,851.56,851.56,50544,851.56
2008-04-17,871.76,883.88,855.62,855.62,24282,855.62
2008-04-18,875.82,875.82,847.55,859.67,5947,859.67
2008-04-21,875.82,883.88,867.76,871.76,10901,871.76
2008-04-22,879.87,883.88,863.71,871.76,12883,871.76
2008-04-23,871.76,887.93,871.76,883.88,6443,883.88
2008-04-24,879.87,883.88,867.76,867.76,19573,867.76
2008-04-25,871.76,879.87,863.71,867.76,7927,867.76
2008-04-28,871.76,891.94,871.76,887.93,29238,887.93
2008-04-30,891.94,924.25,883.88,904.06,16601,904.06
2008-05-01,891.94,891.94,883.88,891.94,7186,891.94
2008-05-02,900.0,916.2,891.94,908.13,13876,908.13
2008-05-07,920.21,920.21,908.13,912.15,14868,912.15
2008-05-08,912.15,920.21,908.13,912.15,7433,912.15
2008-05-09,916.2,916.2,879.87,895.99,17345,895.99
2008-05-12,875.82,887.93,875.82,887.93,10158,887.93
2008-05-13,887.93,895.99,879.87,895.99,13876,895.99
2008-05-14,904.06,920.21,895.99,920.21,28494,920.21
2008-05-15,920.21,948.44,920.21,924.25,21556,924.25
2008-05-16,932.31,980.75,928.27,960.58,31219,960.58
2008-05-19,988.81,1009.01,964.63,1009.01,45342,1009.01
2008-05-20,1009.01,1037.25,996.86,1033.2,52278,1033.2
2008-05-21,992.86,1041.29,992.86,1009.01,60952,1009.01
2008-05-22,887.93,916.2,867.76,912.15,129337,912.15
2008-05-23,928.27,928.27,879.87,879.87,76313,879.87
2008-05-26,887.93,887.93,855.62,863.71,34688,863.71
2008-05-27,867.76,871.76,851.56,851.56,24282,851.56
2008-05-28,855.62,859.67,815.28,819.32,70614,819.32
2008-05-29,815.28,843.5,815.28,843.5,39644,843.5
2008-05-30,847.55,851.56,819.32,819.32,53270,819.32
2008-06-02,819.32,843.5,819.32,839.49,44845,839.49
2008-06-03,823.33,835.45,823.33,823.33,23290,823.33
2008-06-04,827.38,831.44,823.33,831.44,20318,831.44
2008-06-05,835.45,867.76,831.44,867.76,27007,867.76
2008-06-06,867.76,867.76,847.55,847.55,21061,847.55
2008-06-09,819.32,843.5,819.32,839.49,20813,839.49
2008-06-10,835.45,839.49,823.33,823.33,26016,823.33
2008-06-11,823.33,831.44,783.0,803.17,46829,803.17
2008-06-12,799.11,819.32,791.06,815.28,35184,815.28
2008-06-13,811.22,823.33,799.11,807.18,37165,807.18
2008-06-16,811.22,827.38,811.22,819.32,11399,819.32
2008-06-17,827.38,831.44,819.32,819.32,14124,819.32
2008-06-18,815.28,831.44,811.22,815.28,9663,815.28
2008-06-19,807.18,815.28,799.11,803.17,15609,803.17
2008-06-20,803.17,811.22,787.01,787.01,26758,787.01
2008-06-23,766.81,787.01,750.69,766.81,17839,766.81
2008-06-24,770.9,783.0,758.75,758.75,29238,758.75
2008-06-25,766.81,770.9,746.68,758.75,19822,758.75
2008-06-26,754.72,766.81,754.72,762.79,8424,762.79
2008-06-27,742.63,758.75,738.57,738.57,28740,738.57
2008-06-30,730.5,734.57,673.98,714.36,50298,714.36
2008-07-01,754.72,770.9,706.3,722.46,29981,722.46
2008-07-02,742.63,742.63,694.19,694.19,21556,694.19
2008-07-03,690.14,722.46,690.14,722.46,19077,722.46
2008-07-04,722.46,722.46,702.24,718.37,14370,718.37
2008-07-07,710.3,710.3,690.14,694.19,16354,694.19
2008-07-08,694.19,698.24,678.07,678.07,15609,678.07
2008-07-09,690.14,694.19,678.07,678.07,11892,678.07
2008-07-10,678.07,698.24,678.07,686.14,12140,686.14
2008-07-11,694.19,702.24,686.14,686.14,11645,686.14
2008-07-14,698.24,698.24,645.75,649.8,48809,649.8
2008-07-15,657.87,665.92,653.81,661.88,20318,661.88
2008-07-16,661.88,661.88,649.8,649.8,8919,649.8
2008-07-17,649.8,661.88,645.75,645.75,15857,645.75
2008-07-18,649.8,649.8,625.54,633.66,14868,633.66
2008-07-22,637.7,637.7,593.32,629.64,25769,629.64
2008-07-23,617.49,629.64,613.48,617.49,27998,617.49
2008-07-24,613.48,641.75,613.48,641.75,11149,641.75
2008-07-25,633.66,637.7,625.54,629.64,12883,629.64
2008-07-28,637.7,637.7,629.64,633.66,5202,633.66
2008-07-29,633.66,633.66,621.53,629.64,6690,629.64
2008-07-30,629.64,633.66,625.54,633.66,3964,633.66
2008-07-31,625.54,629.64,621.53,621.53,5698,621.53
2008-08-01,621.53,625.54,516.62,536.83,138257,536.83
2008-08-04,548.89,548.89,524.68,524.68,41874,524.68
2008-08-05,524.68,524.68,492.4,520.62,34439,520.62
2008-08-06,508.56,532.73,504.5,516.62,23537,516.62
2008-08-07,508.56,528.68,508.56,512.56,30972,512.56
2008-08-08,504.5,528.68,504.5,524.68,22794,524.68
2008-08-11,536.83,536.83,524.68,532.73,17345,532.73
2008-08-12,524.68,532.73,520.62,520.62,10158,520.62
2008-08-13,516.62,516.62,508.56,508.56,4213,508.56
2008-08-14,496.44,508.56,492.4,492.4,17096,492.4
2008-08-15,484.3,496.44,484.3,492.4,11645,492.4
2008-08-18,484.3,512.56,484.3,508.56,13876,508.56
2008-08-19,496.44,508.56,492.4,500.45,12388,500.45
2008-08-20,500.45,520.62,500.45,520.62,6936,520.62
2008-08-21,508.56,516.62,504.5,504.5,13627,504.5
2008-08-22,504.5,512.56,504.5,508.56,5947,508.56
2008-08-25,520.62,520.62,508.56,508.56,16105,508.56
2008-08-26,500.45,512.56,496.44,508.56,6690,508.56
2008-08-27,508.56,508.56,500.45,508.56,6443,508.56
2008-08-28,500.45,508.56,496.44,496.44,10158,496.44
2008-08-29,500.45,512.56,500.45,508.56,8177,508.56
2008-09-01,500.45,524.68,500.45,508.56,10158,508.56
2008-09-02,508.56,512.56,500.45,500.45,7680,500.45
2008-09-03,500.45,500.45,492.4,492.4,24282,492.4
2008-09-04,492.4,492.4,456.07,460.12,25273,460.12
2008-09-05,443.96,443.96,419.75,435.87,20813,435.87
2008-09-08,443.96,456.07,435.87,452.01,7433,452.01
2008-09-09,452.01,452.01,439.92,452.01,15113,452.01
2008-09-10,431.85,443.96,431.85,435.87,15362,435.87
2008-09-11,439.92,439.92,423.75,427.8,14618,427.8
2008-09-12,427.8,431.85,415.68,431.85,15113,431.85
2008-09-16,391.49,464.14,391.49,427.8,31466,427.8
2008-09-17,427.8,448.01,427.8,448.01,10655,448.01
2008-09-18,431.85,439.92,419.75,431.85,27751,431.85
2008-09-19,452.01,464.14,443.96,460.12,23042,460.12
2008-09-22,472.18,484.3,468.18,476.23,14124,476.23
2008-09-24,484.3,484.3,476.23,484.3,11399,484.3
2008-09-25,484.3,488.35,476.23,488.35,13627,488.35
2008-09-26,488.35,488.35,460.12,480.29,17096,480.29
2008-09-29,464.14,480.29,464.14,476.23,16354,476.23
2008-09-30,435.87,468.18,431.85,464.14,27255,464.14
2008-10-01,472.18,480.29,472.18,476.23,18334,476.23
2008-10-02,464.14,476.23,464.14,476.23,25025,476.23
2008-10-03,472.18,472.18,448.01,464.14,28740,464.14
2008-10-06,464.14,464.14,363.24,427.8,38652,427.8
2008-10-07,347.1,387.45,343.05,387.45,34936,387.45
2008-10-08,363.24,379.39,359.2,367.27,60456,367.27
2008-10-09,355.17,383.42,355.17,375.35,23290,375.35
2008-10-10,347.1,375.35,347.1,375.35,24776,375.35
2008-10-14,411.68,443.96,411.68,431.85,22794,431.85
2008-10-15,423.75,423.75,407.63,423.75,7680,423.75
2008-10-16,395.52,395.52,371.31,395.52,58474,395.52
2008-10-17,415.68,415.68,399.57,403.59,10158,403.59
2008-10-20,419.75,419.75,399.57,415.68,6443,415.68
2008-10-21,419.75,423.75,407.63,415.68,10406,415.68
2008-10-22,415.68,415.68,399.57,407.63,11892,407.63
2008-10-23,387.45,399.57,379.39,399.57,25025,399.57
2008-10-24,399.57,399.57,375.35,399.57,18334,399.57
2008-10-27,395.52,399.57,379.39,387.45,27751,387.45
2008-10-28,375.35,395.52,371.31,395.52,16105,395.52
2008-10-29,399.57,427.8,387.45,399.57,18583,399.57
2008-10-30,399.57,407.63,379.39,379.39,15362,379.39
2008-10-31,395.52,411.68,395.52,407.63,15609,407.63
2008-11-04,403.59,415.68,403.59,415.68,5452,415.68
2008-11-05,423.75,464.14,419.75,460.12,22299,460.12
2008-11-06,452.01,460.12,431.85,460.12,5947,460.12
2008-11-07,435.87,460.12,435.87,443.96,5947,443.96
2008-11-10,456.07,460.12,443.96,443.96,8177,443.96
2008-11-11,456.07,456.07,435.87,435.87,7433,435.87
2008-11-12,435.87,443.96,427.8,443.96,8177,443.96
2008-11-13,427.8,439.92,407.63,435.87,10901,435.87
2008-11-14,443.96,443.96,407.63,435.87,10158,435.87
2008-11-17,423.75,423.75,407.63,407.63,7433,407.63
2008-11-18,427.8,427.8,407.63,407.63,7680,407.63
2008-11-19,411.68,419.75,399.57,415.68,5947,415.68
2008-11-20,395.52,403.59,383.42,391.49,19573,391.49
2008-11-21,383.42,403.59,379.39,403.59,14124,403.59
2008-11-25,407.63,415.68,391.49,391.49,10901,391.49
2008-11-26,395.52,407.63,391.49,403.59,3964,403.59
2008-11-27,403.59,411.68,395.52,403.59,12883,403.59
2008-11-28,407.63,407.63,395.52,403.59,4458,403.59
2008-12-01,403.59,403.59,387.45,403.59,13133,403.59
2008-12-02,383.42,387.45,379.39,383.42,13133,383.42
2008-12-03,375.35,379.39,375.35,375.35,10655,375.35
2008-12-04,383.42,387.45,347.1,355.17,16848,355.17
2008-12-05,355.17,371.31,339.02,355.17,16848,355.17
2008-12-08,359.2,359.2,334.99,347.1,14868,347.1
2008-12-09,359.2,359.2,334.99,347.1,21803,347.1
2008-12-10,347.1,371.31,347.1,371.31,13876,371.31
2008-12-11,383.42,383.42,355.17,383.42,15362,383.42
2008-12-12,383.42,383.42,355.17,355.17,23787,355.17
2008-12-15,379.39,379.39,363.24,367.27,7927,367.27
2008-12-16,363.24,379.39,363.24,379.39,10158,379.39
2008-12-17,375.35,379.39,363.24,367.27,20069,367.27
2008-12-18,375.35,375.35,359.2,367.27,7186,367.27
2008-12-19,371.31,371.31,367.27,371.31,8919,371.31
2008-12-22,367.27,371.31,363.24,371.31,4955,371.31
2008-12-24,363.24,379.39,363.24,379.39,12388,379.39
2008-12-25,379.39,379.39,367.27,367.27,12140,367.27
2008-12-26,379.39,379.39,371.31,371.31,1733,371.31
2008-12-29,383.42,395.52,379.39,379.39,8919,379.39
2008-12-30,379.39,395.52,379.39,391.49,7927,391.49
2009-01-05,403.59,407.63,387.45,391.49,8424,391.49
2009-01-06,391.49,403.59,387.45,403.59,6690,403.59
2009-01-07,403.59,415.68,395.52,407.63,11645,407.63
2009-01-08,399.57,415.68,399.57,415.68,10901,415.68
2009-01-09,411.68,431.85,411.68,431.85,17096,431.85
2009-01-13,423.75,427.8,407.63,407.63,13133,407.63
2009-01-14,407.63,415.68,403.59,403.59,5202,403.59
2009-01-15,403.59,403.59,387.45,387.45,12388,387.45
2009-01-16,395.52,399.57,391.49,395.52,5452,395.52
2009-01-19,403.59,403.59,383.42,383.42,9415,383.42
2009-01-20,395.52,395.52,383.42,395.52,6936,395.52
2009-01-21,391.49,391.49,383.42,387.45,7680,387.45
2009-01-22,391.49,391.49,383.42,383.42,6690,383.42
2009-01-23,383.42,383.42,375.35,379.39,8424,379.39
2009-01-26,363.24,379.39,363.24,371.31,8424,371.31
2009-01-27,379.39,383.42,367.27,383.42,2726,383.42
2009-01-28,375.35,379.39,367.27,379.39,4213,379.39
2009-01-29,379.39,387.45,375.35,387.45,10158,387.45
2009-01-30,387.45,387.45,375.35,383.42,3716,383.42
2009-02-02,379.39,427.8,379.39,423.75,38157,423.75
2009-02-03,415.68,439.92,415.68,419.75,27503,419.75
2009-02-04,427.8,439.92,411.68,423.75,11892,423.75
2009-02-05,435.87,435.87,423.75,423.75,7927,423.75
2009-02-06,419.75,419.75,411.68,415.68,13380,415.68
2009-02-09,403.59,415.68,395.52,399.57,8671,399.57
2009-02-10,403.59,403.59,395.52,395.52,3964,395.52
2009-02-12,375.35,411.68,375.35,411.68,48563,411.68
2009-02-13,411.68,411.68,399.57,403.59,3469,403.59
2009-02-16,411.68,411.68,391.49,403.59,5202,403.59
2009-02-17,399.57,399.57,391.49,391.49,2726,391.49
2009-02-18,387.45,403.59,387.45,399.57,5452,399.57
2009-02-19,407.63,407.63,391.49,395.52,5202,395.52
2009-02-20,399.57,399.57,387.45,391.49,4707,391.49
2009-02-23,391.49,395.52,387.45,395.52,2477,395.52
2009-02-24,387.45,387.45,379.39,387.45,6194,387.45
2009-02-25,391.49,391.49,387.45,391.49,4707,391.49
2009-02-26,395.52,395.52,391.49,395.52,3964,395.52
2009-02-27,395.52,403.59,395.52,403.59,7433,403.59
2009-03-02,391.49,399.57,391.49,399.57,3716,399.57
2009-03-03,395.52,395.52,387.45,395.52,4707,395.52
2009-03-04,391.49,391.49,387.45,387.45,3221,387.45
2009-03-05,395.52,399.57,395.52,399.57,6194,399.57
2009-03-06,399.57,399.57,391.49,391.49,7433,391.49
2009-03-09,403.59,403.59,391.49,395.52,3469,395.52
2009-03-10,391.49,391.49,387.45,387.45,6194,387.45
2009-03-11,395.52,403.59,395.52,395.52,11645,395.52
2009-03-12,399.57,403.59,391.49,399.57,7680,399.57
2009-03-13,399.57,419.75,399.57,415.68,22052,415.68
2009-03-16,423.75,427.8,403.59,415.68,13380,415.68
2009-03-17,427.8,435.87,423.75,431.85,14370,431.85
2009-03-18,439.92,443.96,431.85,435.87,8177,435.87
2009-03-19,435.87,435.87,427.8,427.8,9415,427.8
2009-03-23,431.85,443.96,427.8,439.92,22299,439.92
2009-03-24,472.18,476.23,431.85,431.85,40387,431.85
2009-03-25,452.01,464.14,439.92,464.14,27503,464.14
2009-03-26,452.01,452.01,423.75,431.85,31715,431.85
2009-03-27,427.8,427.8,415.68,419.75,9912,419.75
2009-03-30,427.8,427.8,419.75,419.75,4458,419.75
2009-03-31,411.68,423.75,407.63,419.75,12388,419.75
2009-04-01,423.75,423.75,407.63,407.63,1983,407.63
2009-04-02,407.63,415.68,387.45,399.57,33449,399.57
2009-04-03,407.63,419.75,399.57,403.59,16105,403.59
2009-04-06,403.59,411.68,403.59,411.68,6443,411.68
2009-04-07,411.68,415.68,403.59,415.68,12636,415.68
2009-04-08,415.68,419.75,411.68,415.68,11149,415.68
2009-04-09,411.68,435.87,411.68,435.87,15113,435.87
2009-04-10,439.92,439.92,423.75,431.85,12388,431.85
2009-04-13,431.85,435.87,427.8,431.85,19573,431.85
2009-04-14,439.92,448.01,435.87,443.96,13876,443.96
2009-04-15,456.07,472.18,452.01,452.01,20813,452.01
2009-04-16,452.01,460.12,431.85,435.87,15113,435.87
2009-04-17,435.87,448.01,435.87,439.92,12140,439.92
2009-04-20,439.92,448.01,439.92,448.01,8424,448.01
2009-04-21,439.92,439.92,431.85,435.87,7186,435.87
2009-04-22,431.85,435.87,427.8,427.8,3964,427.8
2009-04-23,415.68,423.75,407.63,415.68,11399,415.68
2009-04-24,415.68,419.75,415.68,415.68,3469,415.68
2009-04-27,419.75,423.75,415.68,419.75,7927,419.75
2009-04-28,419.75,427.8,411.68,415.68,17839,415.68
2009-04-30,427.8,427.8,415.68,415.68,4955,415.68
2009-05-01,419.75,427.8,415.68,427.8,7186,427.8
2009-05-07,435.87,435.87,427.8,431.85,5202,431.85
2009-05-08,431.85,435.87,427.8,435.87,3964,435.87
2009-05-11,435.87,439.92,435.87,439.92,6194,439.92
2009-05-12,439.92,439.92,431.85,435.87,5452,435.87
2009-05-13,427.8,435.87,427.8,435.87,2726,435.87
2009-05-14,431.85,431.85,419.75,419.75,8919,419.75
2009-05-15,419.75,431.85,415.68,423.75,6690,423.75
2009-05-18,423.75,427.8,419.75,427.8,5452,427.8
2009-05-19,431.85,435.87,431.85,435.87,7927,435.87
2009-05-20,439.92,492.4,439.92,480.29,111497,480.29
2009-05-21,480.29,492.4,452.01,484.3,83251,484.3
2009-05-22,472.18,492.4,468.18,480.29,23042,480.29
2009-05-25,484.3,504.5,484.3,496.44,14868,496.44
2009-05-26,492.4,500.45,472.18,496.44,31466,496.44
2009-05-27,488.35,496.44,484.3,484.3,14370,484.3
2009-05-28,480.29,484.3,476.23,484.3,12883,484.3
2009-05-29,476.23,480.29,468.18,468.18,20318,468.18
2009-06-01,468.18,472.18,443.96,468.18,24034,468.18
2009-06-02,476.23,476.23,460.12,464.14,16354,464.14
2009-06-03,464.14,480.29,464.14,480.29,18583,480.29
2009-06-04,480.29,484.3,476.23,476.23,11892,476.23
2009-06-05,484.3,504.5,480.29,488.35,18334,488.35
2009-06-08,496.44,520.62,496.44,512.56,30972,512.56
2009-06-09,520.62,524.68,504.5,512.56,19573,512.56
2009-06-10,520.62,524.68,508.56,516.62,10406,516.62
2009-06-11,520.62,528.68,504.5,504.5,23042,504.5
2009-06-12,504.5,524.68,504.5,520.62,15609,520.62
2009-06-15,524.68,552.95,524.68,540.83,22794,540.83
2009-06-16,540.83,540.83,508.56,512.56,59714,512.56
2009-06-17,512.56,532.73,512.56,528.68,14868,528.68
2009-06-18,524.68,540.83,516.62,528.68,8671,528.68
2009-06-19,524.68,528.68,512.56,516.62,9415,516.62
2009-06-22,520.62,520.62,512.56,516.62,13133,516.62
2009-06-23,508.56,508.56,492.4,500.45,23787,500.45
2009-06-24,508.56,508.56,492.4,492.4,5452,492.4
2009-06-25,496.44,516.62,496.44,512.56,15113,512.56
2009-06-26,512.56,512.56,496.44,512.56,8919,512.56
2009-06-29,512.56,512.56,504.5,504.5,6690,504.5
2009-06-30,504.5,516.62,500.45,516.62,4955,516.62
2009-07-01,500.45,512.56,500.45,512.56,2726,512.56
2009-07-02,508.56,512.56,500.45,504.5,6194,504.5
2009-07-03,496.44,500.45,492.4,496.44,6690,496.44
2009-07-06,496.44,500.45,496.44,496.44,5698,496.44
2009-07-07,500.45,500.45,480.29,484.3,11892,484.3
2009-07-08,484.3,484.3,472.18,476.23,10406,476.23
2009-07-09,476.23,480.29,472.18,476.23,3469,476.23
2009-07-10,484.3,492.4,476.23,480.29,8424,480.29
2009-07-13,488.35,488.35,452.01,460.12,25025,460.12
2009-07-14,452.01,456.07,452.01,452.01,10655,452.01
2009-07-15,460.12,464.14,456.07,460.12,9415,460.12
2009-07-16,476.23,480.29,468.18,468.18,2726,468.18
2009-07-17,480.29,480.29,460.12,460.12,2974,460.12
2009-07-21,468.18,472.18,468.18,468.18,2231,468.18
2009-07-22,476.23,476.23,472.18,476.23,3964,476.23
2009-07-23,476.23,476.23,468.18,468.18,7433,468.18
2009-07-24,472.18,488.35,468.18,488.35,8919,488.35
2009-07-27,488.35,488.35,472.18,476.23,3716,476.23
2009-07-28,476.23,488.35,476.23,480.29,11645,480.29
2009-07-29,488.35,488.35,476.23,488.35,4955,488.35
2009-07-30,476.23,484.3,472.18,484.3,1487,484.3
2009-07-31,484.3,484.3,476.23,480.29,2477,480.29
2009-08-03,484.3,484.3,480.29,484.3,1733,484.3
2009-08-04,484.3,488.35,476.23,480.29,7680,480.29
2009-08-05,480.29,484.3,472.18,484.3,6690,484.3
2009-08-06,468.18,480.29,468.18,472.18,4458,472.18
2009-08-07,484.3,484.3,468.18,476.23,4707,476.23
2009-08-10,476.23,480.29,472.18,472.18,5947,472.18
2009-08-11,472.18,480.29,472.18,480.29,1983,480.29
2009-08-12,476.23,476.23,472.18,472.18,7680,472.18
2009-08-13,476.23,476.23,472.18,472.18,7680,472.18
2009-08-14,472.18,480.29,472.18,476.23,11645,476.23
2009-08-17,476.23,476.23,468.18,468.18,15609,468.18
2009-08-18,468.18,468.18,468.18,468.18,3964,468.18
2009-08-19,468.18,468.18,464.14,468.18,2974,468.18
2009-08-20,472.18,476.23,468.18,476.23,4458,476.23
2009-08-21,476.23,476.23,468.18,468.18,14124,468.18
2009-08-24,476.23,476.23,464.14,472.18,12883,472.18
2009-08-25,472.18,476.23,468.18,468.18,6690,468.18
2009-08-26,472.18,476.23,468.18,472.18,10901,472.18
2009-08-27,476.23,476.23,472.18,476.23,1983,476.23
2009-08-28,464.14,472.18,464.14,468.18,9168,468.18
2009-08-31,468.18,472.18,468.18,472.18,8671,472.18
2009-09-01,468.18,468.18,464.14,468.18,3469,468.18
2009-09-02,464.14,464.14,460.12,464.14,9663,464.14
2009-09-03,460.12,464.14,460.12,460.12,4458,460.12
2009-09-04,460.12,464.14,456.07,456.07,3964,456.07
2009-09-07,464.14,464.14,448.01,448.01,4213,448.01
2009-09-08,452.01,456.07,448.01,456.07,3964,456.07
2009-09-09,456.07,456.07,452.01,456.07,1487,456.07
2009-09-10,452.01,460.12,452.01,460.12,1237,460.12
2009-09-11,480.29,496.44,468.18,472.18,27007,472.18
2009-09-14,464.14,464.14,460.12,464.14,2974,464.14
2009-09-15,464.14,464.14,460.12,460.12,1983,460.12
2009-09-16,460.12,460.12,443.96,456.07,6936,456.07
2009-09-17,456.07,460.12,456.07,460.12,3469,460.12
2009-09-18,460.12,464.14,460.12,464.14,3964,464.14
2009-09-24,476.23,476.23,464.14,476.23,7186,476.23
2009-09-25,480.29,480.29,464.14,464.14,9168,464.14
2009-09-28,460.12,460.12,456.07,456.07,2477,456.07
2009-09-29,460.12,460.12,448.01,452.01,3964,452.01
2009-09-30,452.01,460.12,448.01,460.12,4707,460.12
2009-10-01,460.12,460.12,448.01,448.01,1733,448.01
2009-10-02,427.8,439.92,423.75,423.75,4458,423.75
2009-10-05,427.8,427.8,423.75,423.75,991,423.75
2009-10-06,419.75,419.75,403.59,415.68,5452,415.68
2009-10-07,415.68,431.85,407.63,431.85,7186,431.85
2009-10-08,427.8,439.92,419.75,439.92,3469,439.92
2009-10-09,431.85,443.96,431.85,439.92,2477,439.92
2009-10-13,431.85,460.12,431.85,460.12,9168,460.12
2009-10-14,464.14,464.14,448.01,464.14,3221,464.14
2009-10-15,464.14,464.14,456.07,456.07,743,456.07
2009-10-16,456.07,460.12,452.01,460.12,2726,460.12
2009-10-19,472.18,472.18,452.01,468.18,4707,468.18
2009-10-20,468.18,480.29,468.18,476.23,9663,476.23
2009-10-21,476.23,476.23,456.07,472.18,11399,472.18
2009-10-22,456.07,476.23,456.07,468.18,2477,468.18
2009-10-23,468.18,476.23,468.18,468.18,4458,468.18
2009-10-26,472.18,476.23,468.18,472.18,4458,472.18
2009-10-27,476.23,476.23,468.18,476.23,4955,476.23
2009-10-28,476.23,476.23,476.23,476.23,1237,476.23
2009-10-29,472.18,484.3,468.18,480.29,24034,480.29
2009-10-30,480.29,504.5,480.29,504.5,17839,504.5
2009-11-02,488.35,577.12,472.18,528.68,52527,528.68
2009-11-04,504.5,573.11,504.5,565.05,109019,565.05
2009-11-05,565.05,565.05,516.62,524.68,53270,524.68
2009-11-06,528.68,528.68,484.3,492.4,23042,492.4
2009-11-09,484.3,504.5,484.3,500.45,9912,500.45
2009-11-10,500.45,500.45,484.3,484.3,8424,484.3
2009-11-11,488.35,524.68,488.35,516.62,30726,516.62
2009-11-12,516.62,516.62,488.35,488.35,7927,488.35
2009-11-13,508.56,508.56,484.3,488.35,8919,488.35
2009-11-16,492.4,496.44,488.35,496.44,2726,496.44
2009-11-17,504.5,504.5,452.01,496.44,11399,496.44
2009-11-18,484.3,484.3,456.07,464.14,8671,464.14
2009-11-19,468.18,468.18,431.85,456.07,8424,456.07
2009-11-20,456.07,456.07,407.63,427.8,27998,427.8
2009-11-24,431.85,431.85,407.63,415.68,19077,415.68
2009-11-25,423.75,423.75,415.68,419.75,6443,419.75
2009-11-26,423.75,431.85,419.75,431.85,5202,431.85
2009-11-27,431.85,443.96,419.75,419.75,7680,419.75
2009-11-30,439.92,443.96,435.87,435.87,7680,435.87
2009-12-01,443.96,443.96,423.75,423.75,14618,423.75
2009-12-02,431.85,435.87,427.8,431.85,14124,431.85
2009-12-03,435.87,443.96,431.85,443.96,7927,443.96
2009-12-04,443.96,452.01,435.87,448.01,4955,448.01
2009-12-07,452.01,452.01,448.01,448.01,2477,448.01
2009-12-08,439.92,448.01,435.87,439.92,8177,439.92
2009-12-09,448.01,452.01,443.96,448.01,3964,448.01
2009-12-10,448.01,448.01,435.87,439.92,12883,439.92
2009-12-11,443.96,443.96,431.85,443.96,8919,443.96
2009-12-14,443.96,443.96,439.92,443.96,2477,443.96
2009-12-15,443.96,443.96,435.87,435.87,2477,435.87
2009-12-16,435.87,439.92,419.75,435.87,9663,435.87
2009-12-17,435.87,439.92,427.8,431.85,6690,431.85
2009-12-18,427.8,439.92,423.75,439.92,3716,439.92
2009-12-21,439.92,443.96,427.8,435.87,10406,435.87
2009-12-22,439.92,439.92,431.85,435.87,3221,435.87
2009-12-24,435.87,435.87,431.85,435.87,7927,435.87
2009-12-25,435.87,439.92,431.85,431.85,16601,431.85
2009-12-28,423.75,435.87,423.75,427.8,7927,427.8
2009-12-29,423.75,431.85,419.75,427.8,9415,427.8
2009-12-30,423.75,427.8,419.75,423.75,6690,423.75
2010-01-04,415.68,423.75,415.68,419.75,8919,419.75
2010-01-05,415.68,423.75,415.68,419.75,5452,419.75
2010-01-06,415.68,427.8,415.68,427.8,9663,427.8
2010-01-07,419.75,427.8,419.75,427.8,8671,427.8
2010-01-08,423.75,435.87,423.75,435.87,7680,435.87
2010-01-12,431.85,439.92,431.85,439.92,10406,439.92
2010-01-13,431.85,439.92,431.85,439.92,7186,439.92
2010-01-14,435.87,456.07,435.87,443.96,12388,443.96
2010-01-15,435.87,456.07,431.85,456.07,9415,456.07
2010-01-18,439.92,448.01,439.92,443.96,10901,443.96
2010-01-19,439.92,443.96,439.92,443.96,5452,443.96
2010-01-20,443.96,448.01,443.96,443.96,11149,443.96
2010-01-21,443.96,443.96,435.87,435.87,14370,435.87
2010-01-22,435.87,439.92,431.85,439.92,4458,439.92
2010-01-25,439.92,439.92,435.87,435.87,6443,435.87
2010-01-26,443.96,443.96,435.87,443.96,7186,443.96
2010-01-27,435.87,439.92,435.87,435.87,4458,435.87
2010-01-28,435.87,439.92,391.49,427.8,25273,427.8
2010-01-29,427.8,427.8,415.68,419.75,7186,419.75
2010-02-01,427.8,427.8,411.68,415.68,13380,415.68
2010-02-02,419.75,427.8,419.75,423.75,5947,423.75
2010-02-03,431.85,431.85,423.75,423.75,4707,423.75
2010-02-04,427.8,431.85,423.75,431.85,3964,431.85
2010-02-05,427.8,427.8,423.75,427.8,2477,427.8
2010-02-08,427.8,427.8,423.75,423.75,3469,423.75
2010-02-09,419.75,431.85,411.68,431.85,5202,431.85
2010-02-10,468.18,468.18,443.96,452.01,26262,452.01
2010-02-12,456.07,460.12,452.01,452.01,7680,452.01
2010-02-15,464.14,464.14,448.01,452.01,4213,452.01
2010-02-16,452.01,452.01,443.96,452.01,5947,452.01
2010-02-17,460.12,460.12,448.01,456.07,6690,456.07
2010-02-18,456.07,456.07,448.01,448.01,4707,448.01
2010-02-19,448.01,460.12,448.01,448.01,3964,448.01
2010-02-22,452.01,464.14,452.01,464.14,5452,464.14
2010-02-23,476.23,476.23,464.14,468.18,10901,468.18
2010-02-24,468.18,468.18,464.14,468.18,7927,468.18
2010-02-25,468.18,476.23,468.18,476.23,7186,476.23
2010-02-26,480.29,480.29,476.23,480.29,5452,480.29
2010-03-01,480.29,496.44,480.29,492.4,12883,492.4
2010-03-02,504.5,504.5,492.4,504.5,15113,504.5
2010-03-03,496.44,500.45,488.35,500.45,11399,500.45
2010-03-04,500.45,500.45,488.35,488.35,6443,488.35
2010-03-05,488.35,492.4,488.35,492.4,8424,492.4
2010-03-08,488.35,496.44,488.35,488.35,5452,488.35
2010-03-09,492.4,504.5,492.4,500.45,10901,500.45
2010-03-10,504.5,508.56,496.44,504.5,19326,504.5
2010-03-11,504.5,508.56,504.5,504.5,19326,504.5
2010-03-12,504.5,504.5,496.44,504.5,21308,504.5
2010-03-15,504.5,504.5,496.44,504.5,12883,504.5
2010-03-16,504.5,508.56,496.44,496.44,9663,496.44
2010-03-17,500.45,508.56,500.45,508.56,16354,508.56
2010-03-18,516.62,520.62,512.56,516.62,29483,516.62
2010-03-19,512.56,520.62,512.56,516.62,17592,516.62
2010-03-23,520.62,524.68,516.62,520.62,24282,520.62
2010-03-24,524.68,536.83,520.62,536.83,34194,536.83
2010-03-25,536.83,540.83,528.68,540.83,43608,540.83
2010-03-26,532.73,540.83,528.68,540.83,23042,540.83
2010-03-29,504.5,516.62,504.5,508.56,32952,508.56
2010-03-30,508.56,508.56,488.35,504.5,19077,504.5
2010-03-31,504.5,508.56,500.45,500.45,11399,500.45
2010-04-01,500.45,500.45,492.4,492.4,5947,492.4
2010-04-02,500.45,500.45,492.4,496.44,7433,496.44
2010-04-05,504.5,504.5,496.44,504.5,7680,504.5
2010-04-06,496.44,500.45,492.4,492.4,8177,492.4
2010-04-07,500.45,504.5,496.44,496.44,9663,496.44
2010-04-08,496.44,500.45,492.4,496.44,17839,496.44
2010-04-09,500.45,508.56,496.44,504.5,24530,504.5
2010-04-12,508.56,512.56,504.5,504.5,16354,504.5
2010-04-13,512.56,512.56,508.56,508.56,11645,508.56
2010-04-14,508.56,516.62,504.5,516.62,11149,516.62
2010-04-15,516.62,516.62,504.5,516.62,13380,516.62
2010-04-16,516.62,516.62,508.56,508.56,6443,508.56
2010-04-19,492.4,500.45,484.3,484.3,27503,484.3
2010-04-20,492.4,504.5,492.4,492.4,16105,492.4
2010-04-21,496.44,508.56,496.44,508.56,12636,508.56
2010-04-22,508.56,516.62,504.5,512.56,27007,512.56
2010-04-23,512.56,524.68,508.56,516.62,18334,516.62
2010-04-26,528.68,573.11,528.68,561.0,111497,561.0
2010-04-27,552.95,556.94,548.89,556.94,32705,556.94
2010-04-28,540.83,544.89,536.83,536.83,35431,536.83
2010-04-30,540.83,552.95,540.83,544.89,29732,544.89
2010-05-06,540.83,544.89,532.73,532.73,20813,532.73
2010-05-07,508.56,524.68,504.5,512.56,21803,512.56
2010-05-10,512.56,524.68,512.56,524.68,10406,524.68
2010-05-11,536.83,536.83,512.56,512.56,12140,512.56
2010-05-12,508.56,520.62,504.5,508.56,9912,508.56
2010-05-13,516.62,516.62,508.56,516.62,3964,516.62
2010-05-14,512.56,512.56,508.56,512.56,6936,512.56
2010-05-17,508.56,512.56,464.14,468.18,18830,468.18
2010-05-18,476.23,484.3,452.01,468.18,12140,468.18
2010-05-19,460.12,468.18,452.01,468.18,6443,468.18
2010-05-20,468.18,476.23,468.18,476.23,4955,476.23
2010-05-21,460.12,460.12,443.96,452.01,12388,452.01
2010-05-24,452.01,460.12,452.01,456.07,8177,456.07
2010-05-25,456.07,464.14,452.01,452.01,11149,452.01
2010-05-26,452.01,456.07,448.01,456.07,9663,456.07
2010-05-27,456.07,456.07,448.01,448.01,11645,448.01
2010-05-28,456.07,476.23,448.01,468.18,22299,468.18
2010-05-31,456.07,464.14,456.07,460.12,10901,460.12
2010-06-01,464.14,468.18,460.12,464.14,2726,464.14
2010-06-02,460.12,468.18,460.12,468.18,4458,468.18
2010-06-03,476.23,476.23,468.18,472.18,3469,472.18
2010-06-04,472.18,472.18,464.14,464.14,5947,464.14
2010-06-07,452.01,460.12,452.01,452.01,4458,452.01
2010-06-08,464.14,464.14,443.96,460.12,7680,460.12
2010-06-09,464.14,464.14,435.87,439.92,8177,439.92
2010-06-10,448.01,460.12,435.87,439.92,9663,439.92
2010-06-11,448.01,460.12,443.96,452.01,19326,452.01
2010-06-14,452.01,456.07,452.01,452.01,3469,452.01
2010-06-15,452.01,460.12,452.01,460.12,3716,460.12
2010-06-16,456.07,460.12,452.01,460.12,7186,460.12
2010-06-17,464.14,464.14,452.01,452.01,9912,452.01
2010-06-18,452.01,456.07,452.01,456.07,4707,456.07
2010-06-21,456.07,460.12,448.01,452.01,11892,452.01
2010-06-22,460.12,460.12,452.01,452.01,2974,452.01
2010-06-23,452.01,456.07,452.01,452.01,5698,452.01
2010-06-24,452.01,456.07,452.01,456.07,1983,456.07
2010-06-25,456.07,456.07,443.96,443.96,9663,443.96
2010-06-28,443.96,443.96,439.92,443.96,2231,443.96
2010-06-29,439.92,448.01,439.92,439.92,1487,439.92
2010-06-30,435.87,435.87,423.75,435.87,5947,435.87
2010-07-01,427.8,431.85,419.75,431.85,5452,431.85
2010-07-02,431.85,439.92,431.85,431.85,3221,431.85
2010-07-05,427.8,435.87,427.8,435.87,1983,435.87
2010-07-06,423.75,439.92,419.75,439.92,6690,439.92
2010-07-07,431.85,431.85,423.75,431.85,2726,431.85
2010-07-08,423.75,435.87,423.75,431.85,8671,431.85
2010-07-09,431.85,443.96,423.75,423.75,15113,423.75
2010-07-12,423.75,427.8,423.75,427.8,495,427.8
2010-07-13,431.85,431.85,423.75,423.75,5202,423.75
2010-07-14,427.8,427.8,427.8,427.8,4707,427.8
2010-07-15,435.87,435.87,427.8,427.8,3469,427.8
2010-07-16,435.87,443.96,431.85,431.85,10406,431.85
2010-07-20,431.85,439.92,423.75,423.75,13876,423.75
2010-07-21,427.8,431.85,423.75,423.75,4458,423.75
2010-07-22,423.75,427.8,419.75,419.75,7927,419.75
2010-07-23,423.75,427.8,419.75,427.8,6443,427.8
2010-07-26,427.8,431.85,423.75,431.85,4458,431.85
2010-07-27,431.85,431.85,423.75,427.8,1487,427.8
2010-07-28,423.75,443.96,423.75,443.96,6443,443.96
2010-07-29,443.96,443.96,431.85,431.85,3221,431.85
2010-07-30,435.87,435.87,431.85,431.85,1983,431.85
2010-08-02,431.85,435.87,431.85,431.85,4458,431.85
2010-08-03,427.8,439.92,427.8,427.8,2231,427.8
2010-08-04,423.75,427.8,423.75,423.75,2726,423.75
2010-08-05,423.75,431.85,415.68,419.75,11645,419.75
2010-08-06,419.75,427.8,419.75,427.8,3716,427.8
2010-08-09,431.85,431.85,415.68,423.75,1733,423.75
2010-08-10,423.75,423.75,407.63,407.63,17096,407.63
2010-08-11,411.68,411.68,399.57,403.59,40882,403.59
2010-08-12,403.59,403.59,399.57,403.59,18089,403.59
2010-08-13,399.57,407.63,399.57,407.63,3716,407.63
2010-08-16,399.57,407.63,399.57,403.59,6443,403.59
2010-08-17,411.68,411.68,403.59,403.59,1733,403.59
2010-08-18,411.68,411.68,407.63,411.68,2477,411.68
2010-08-19,403.59,411.68,403.59,407.63,3221,407.63
2010-08-20,411.68,411.68,403.59,403.59,9168,403.59
2010-08-23,411.68,411.68,407.63,407.63,991,407.63
2010-08-24,403.59,407.63,399.57,407.63,6936,407.63
2010-08-25,407.63,411.68,399.57,403.59,5947,403.59
2010-08-26,403.59,411.68,399.57,403.59,2477,403.59
2010-08-27,399.57,403.59,399.57,403.59,5698,403.59
2010-08-30,407.63,411.68,403.59,411.68,4955,411.68
2010-08-31,403.59,407.63,403.59,403.59,3716,403.59
2010-09-01,403.59,403.59,399.57,399.57,3716,399.57
2010-09-02,403.59,407.63,403.59,407.63,1983,407.63
2010-09-03,407.63,407.63,399.57,399.57,4213,399.57
2010-09-06,411.68,411.68,403.59,407.63,2726,407.63
2010-09-07,403.59,407.63,403.59,407.63,9663,407.63
2010-09-08,403.59,411.68,403.59,403.59,4458,403.59
2010-09-09,403.59,407.63,403.59,407.63,2231,407.63
2010-09-10,411.68,411.68,403.59,407.63,15113,407.63
2010-09-13,411.68,411.68,403.59,403.59,3221,403.59
2010-09-14,407.63,419.75,403.59,415.68,9168,415.68
2010-09-15,407.63,411.68,403.59,407.63,5202,407.63
2010-09-16,411.68,411.68,407.63,407.63,4213,407.63
2010-09-17,411.68,411.68,407.63,407.63,4458,407.63
2010-09-21,407.63,407.63,407.63,407.63,8919,407.63
2010-09-22,415.68,415.68,403.59,403.59,8919,403.59
2010-09-24,403.59,407.63,403.59,403.59,14370,403.59
2010-09-27,407.63,411.68,407.63,411.68,4458,411.68
2010-09-28,415.68,415.68,403.59,403.59,5202,403.59
2010-09-29,403.59,407.63,403.59,407.63,4213,407.63
2010-09-30,411.68,411.68,407.63,407.63,6690,407.63
2010-10-01,407.63,407.63,403.59,403.59,2974,403.59
2010-10-04,403.59,407.63,399.57,403.59,7186,403.59
2010-10-05,399.57,403.59,399.57,403.59,4707,403.59
2010-10-06,403.59,403.59,399.57,403.59,3469,403.59
2010-10-07,407.63,407.63,403.59,407.63,7433,407.63
2010-10-08,407.63,407.63,407.63,407.63,5698,407.63
2010-10-12,407.63,407.63,391.49,395.52,10655,395.52
2010-10-13,395.52,399.57,387.45,391.49,8424,391.49
2010-10-14,387.45,395.52,387.45,387.45,6194,387.45
2010-10-15,391.49,395.52,371.31,383.42,25769,383.42
2010-10-18,383.42,387.45,383.42,383.42,5452,383.42
2010-10-19,387.45,391.49,383.42,391.49,3469,391.49
2010-10-20,391.49,395.52,391.49,391.49,9415,391.49
2010-10-21,399.57,399.57,395.52,399.57,4955,399.57
2010-10-22,399.57,403.59,395.52,395.52,7927,395.52
2010-10-25,395.52,395.52,391.49,391.49,8671,391.49
2010-10-26,391.49,395.52,387.45,391.49,11399,391.49
2010-10-27,391.49,391.49,383.42,383.42,13380,383.42
2010-10-28,383.42,399.57,379.39,399.57,17096,399.57
2010-10-29,387.45,399.57,387.45,387.45,10158,387.45
2010-11-01,387.45,395.52,387.45,395.52,3716,395.52
2010-11-02,395.52,399.57,395.52,399.57,2477,399.57
2010-11-04,403.59,403.59,399.57,399.57,7433,399.57
2010-11-05,399.57,399.57,395.52,399.57,4955,399.57
2010-11-08,395.52,403.59,395.52,399.57,4955,399.57
2010-11-09,407.63,407.63,399.57,403.59,2231,403.59
2010-11-10,395.52,407.63,395.52,407.63,12636,407.63
2010-11-11,407.63,419.75,403.59,419.75,16354,419.75
2010-11-12,419.75,419.75,411.68,411.68,3716,411.68
2010-11-15,415.68,419.75,411.68,411.68,4458,411.68
2010-11-16,419.75,419.75,407.63,411.68,4213,411.68
2010-11-17,403.59,411.68,403.59,411.68,3716,411.68
2010-11-18,411.68,419.75,411.68,419.75,9415,419.75
2010-11-19,419.75,423.75,407.63,407.63,7433,407.63
2010-11-22,411.68,423.75,411.68,423.75,4955,423.75
2010-11-24,427.8,431.85,423.75,423.75,15113,423.75
2010-11-25,431.85,431.85,427.8,427.8,15609,427.8
2010-11-26,439.92,439.92,431.85,431.85,5452,431.85
2010-11-29,431.85,435.87,423.75,431.85,9663,431.85
2010-11-30,431.85,431.85,423.75,431.85,4458,431.85
2010-12-01,423.75,431.85,423.75,423.75,15113,423.75
2010-12-02,423.75,435.87,423.75,431.85,26016,431.85
2010-12-03,431.85,435.87,427.8,427.8,4458,427.8
2010-12-06,427.8,431.85,427.8,427.8,3716,427.8
2010-12-07,435.87,439.92,431.85,435.87,6690,435.87
2010-12-08,439.92,452.01,435.87,448.01,20069,448.01
2010-12-09,452.01,452.01,448.01,452.01,10158,452.01
2010-12-10,452.01,452.01,448.01,452.01,18583,452.01
2010-12-13,443.96,460.12,443.96,456.07,23042,456.07
2010-12-14,456.07,460.12,456.07,456.07,15857,456.07
2010-12-15,456.07,464.14,456.07,460.12,11149,460.12
2010-12-16,472.18,472.18,460.12,464.14,14370,464.14
2010-12-17,468.18,468.18,460.12,464.14,17096,464.14
2010-12-20,464.14,468.18,460.12,464.14,14124,464.14
2010-12-21,456.07,464.14,456.07,464.14,14370,464.14
2010-12-22,464.14,464.14,456.07,456.07,13133,456.07
2010-12-24,460.12,464.14,460.12,460.12,5202,460.12
2010-12-27,460.12,464.14,460.12,460.12,7433,460.12
2010-12-28,460.12,460.12,452.01,456.07,5698,456.07
2010-12-29,460.12,468.18,460.12,468.18,10655,468.18
2010-12-30,468.18,484.3,468.18,476.23,28494,476.23
2011-01-04,476.23,480.29,476.23,476.23,14370,476.23
2011-01-05,484.3,484.3,476.23,484.3,12883,484.3
2011-01-06,488.35,488.35,484.3,488.35,7927,488.35
2011-01-07,492.4,492.4,488.35,488.35,17592,488.35
2011-01-11,492.4,496.44,488.35,492.4,12636,492.4
2011-01-12,492.4,496.44,488.35,496.44,22052,496.44
2011-01-13,492.4,496.44,492.4,492.4,5947,492.4
2011-01-14,492.4,496.44,484.3,492.4,21556,492.4
2011-01-17,492.4,492.4,480.29,484.3,23537,484.3
2011-01-18,484.3,488.35,480.29,480.29,11892,480.29
2011-01-19,480.29,484.3,480.29,480.29,9168,480.29
2011-01-20,480.29,480.29,472.18,472.18,21061,472.18
2011-01-21,476.23,524.68,472.18,480.29,79286,480.29
2011-01-24,492.4,492.4,480.29,488.35,18830,488.35
2011-01-25,492.4,492.4,484.3,492.4,19077,492.4
2011-01-26,492.4,492.4,484.3,484.3,12140,484.3
2011-01-27,480.29,484.3,476.23,480.29,12636,480.29
2011-01-28,480.29,484.3,476.23,476.23,7186,476.23
2011-01-31,472.18,476.23,472.18,476.23,4458,476.23
2011-02-01,468.18,472.18,468.18,468.18,16848,468.18
2011-02-02,472.18,480.29,472.18,480.29,5698,480.29
2011-02-03,484.3,484.3,476.23,476.23,2726,476.23
2011-02-04,480.29,484.3,476.23,484.3,7927,484.3
2011-02-07,488.35,500.45,488.35,492.4,21308,492.4
2011-02-08,496.44,496.44,492.4,492.4,8424,492.4
2011-02-09,472.18,480.29,460.12,468.18,108523,468.18
2011-02-10,472.18,476.23,468.18,476.23,28494,476.23
2011-02-14,480.29,480.29,468.18,472.18,24282,472.18
2011-02-15,472.18,472.18,468.18,472.18,15113,472.18
2011-02-16,476.23,476.23,472.18,476.23,9415,476.23
2011-02-17,476.23,476.23,472.18,476.23,19326,476.23
2011-02-18,476.23,476.23,472.18,472.18,6936,472.18
2011-02-21,476.23,480.29,476.23,476.23,12140,476.23
2011-02-22,476.23,480.29,472.18,476.23,9168,476.23
2011-02-23,472.18,476.23,468.18,468.18,10406,468.18
2011-02-24,468.18,472.18,464.14,464.14,14618,464.14
2011-02-25,468.18,468.18,464.14,468.18,9912,468.18
2011-02-28,468.18,476.23,468.18,476.23,14618,476.23
2011-03-01,480.29,480.29,472.18,476.23,15362,476.23
2011-03-02,476.23,480.29,468.18,468.18,16601,468.18
2011-03-03,472.18,476.23,472.18,476.23,6443,476.23
2011-03-04,480.29,492.4,480.29,484.3,61447,484.3
2011-03-07,484.3,492.4,484.3,488.35,16848,488.35
2011-03-08,488.35,496.44,488.35,492.4,31715,492.4
2011-03-09,492.4,528.68,492.4,512.56,343905,512.56
2011-03-10,520.62,605.38,512.56,524.68,1568135,524.68
2011-03-11,520.62,520.62,492.4,504.5,156590,504.5
2011-03-14,464.14,496.44,427.8,435.87,151636,435.87
2011-03-15,443.96,460.12,322.88,383.42,142715,383.42
2011-03-16,403.59,423.75,387.45,399.57,105055,399.57
2011-03-17,391.49,443.96,383.42,439.92,68137,439.92
2011-03-18,439.92,468.18,439.92,468.18,64420,468.18
2011-03-22,504.5,520.62,480.29,512.56,103816,512.56
2011-03-23,520.62,536.83,496.44,512.56,120663,512.56
2011-03-24,524.68,544.89,516.62,536.83,136521,536.83
2011-03-25,556.94,569.06,524.68,561.0,186571,561.0
2011-03-28,556.94,556.94,516.62,524.68,79039,524.68
2011-03-29,464.14,504.5,464.14,492.4,95886,492.4
2011-03-30,500.45,516.62,500.45,516.62,61198,516.62
2011-03-31,520.62,524.68,496.44,524.68,37660,524.68
2011-04-01,516.62,516.62,500.45,500.45,35679,500.45
2011-04-04,496.44,500.45,488.35,492.4,25769,492.4
2011-04-05,488.35,492.4,464.14,492.4,37165,492.4
2011-04-06,492.4,492.4,468.18,476.23,13380,476.23
2011-04-07,480.29,480.29,468.18,468.18,16601,468.18
2011-04-08,468.18,488.35,468.18,484.3,18583,484.3
2011-04-11,476.23,484.3,476.23,476.23,14370,476.23
2011-04-12,476.23,476.23,460.12,464.14,20318,464.14
2011-04-13,460.12,468.18,460.12,464.14,9168,464.14
2011-04-14,464.14,468.18,456.07,464.14,7927,464.14
2011-04-15,464.14,464.14,456.07,456.07,13380,456.07
2011-04-18,456.07,464.14,456.07,464.14,4955,464.14
2011-04-19,456.07,456.07,456.07,456.07,7927,456.07
2011-04-20,456.07,456.07,448.01,448.01,9912,448.01
2011-04-21,452.01,456.07,435.87,439.92,16848,439.92
2011-04-22,435.87,443.96,435.87,439.92,10901,439.92
2011-04-25,443.96,443.96,439.92,439.92,495,439.92
2011-04-26,443.96,443.96,431.85,431.85,15857,431.85
2011-04-27,439.92,439.92,435.87,435.87,11892,435.87
2011-04-28,435.87,448.01,435.87,448.01,10901,448.01
2011-05-02,456.07,456.07,452.01,452.01,5698,452.01
2011-05-06,452.01,460.12,427.8,456.07,20318,456.07
2011-05-09,452.01,452.01,443.96,452.01,9663,452.01
2011-05-10,443.96,448.01,439.92,439.92,8424,439.92
2011-05-11,448.01,448.01,439.92,439.92,5698,439.92
2011-05-12,439.92,443.96,435.87,435.87,4707,435.87
2011-05-13,435.87,443.96,427.8,427.8,10406,427.8
2011-05-16,427.8,443.96,423.75,443.96,10655,443.96
2011-05-17,443.96,443.96,423.75,431.85,5452,431.85
2011-05-18,439.92,439.92,427.8,427.8,3964,427.8
2011-05-19,427.8,439.92,427.8,439.92,8177,439.92
2011-05-20,439.92,439.92,431.85,431.85,12140,431.85
2011-05-23,431.85,431.85,423.75,427.8,18334,427.8
2011-05-24,427.8,427.8,423.75,427.8,4707,427.8
2011-05-25,427.8,427.8,423.75,423.75,7433,423.75
2011-05-26,427.8,427.8,423.75,423.75,7433,423.75
2011-05-27,427.8,427.8,415.68,423.75,11399,423.75
2011-05-30,415.68,419.75,415.68,419.75,5202,419.75
2011-05-31,415.68,419.75,415.68,419.75,1983,419.75
2011-06-01,423.75,423.75,419.75,423.75,4955,423.75
2011-06-02,415.68,423.75,415.68,423.75,2726,423.75
2011-06-03,419.75,423.75,415.68,415.68,4458,415.68
2011-06-06,415.68,419.75,411.68,411.68,4458,411.68
2011-06-07,411.68,419.75,411.68,419.75,1487,419.75
2011-06-08,419.75,419.75,411.68,415.68,2726,415.68
2011-06-09,415.68,415.68,411.68,411.68,991,411.68
2011-06-10,415.68,419.75,411.68,419.75,7927,419.75
2011-06-13,411.68,415.68,411.68,411.68,1983,411.68
2011-06-14,415.68,419.75,415.68,419.75,991,419.75
2011-06-15,419.75,419.75,415.68,415.68,1237,415.68
2011-06-16,407.63,415.68,407.63,411.68,7186,411.68
2011-06-17,411.68,419.75,411.68,419.75,12388,419.75
2011-06-20,419.75,419.75,407.63,407.63,13876,407.63
2011-06-21,415.68,419.75,411.68,419.75,6194,419.75
2011-06-22,411.68,427.8,411.68,427.8,16105,427.8
2011-06-23,427.8,427.8,419.75,419.75,8424,419.75
2011-06-24,427.8,427.8,423.75,427.8,15857,427.8
2011-06-27,427.8,431.85,427.8,427.8,5698,427.8
2011-06-28,423.75,427.8,419.75,423.75,6443,423.75
2011-06-29,427.8,427.8,423.75,427.8,4458,427.8
2011-06-30,423.75,423.75,415.68,419.75,29483,419.75
2011-07-01,419.75,423.75,419.75,419.75,5698,419.75
2011-07-04,423.75,431.85,419.75,431.85,21803,431.85
2011-07-05,435.87,439.92,435.87,439.92,13627,439.92
2011-07-06,439.92,439.92,431.85,435.87,11892,435.87
2011-07-07,431.85,431.85,423.75,427.8,24034,427.8
2011-07-08,431.85,435.87,431.85,431.85,18334,431.85
2011-07-11,435.87,452.01,431.85,443.96,27007,443.96
2011-07-12,443.96,443.96,439.92,443.96,27503,443.96
2011-07-13,435.87,452.01,435.87,443.96,9912,443.96
2011-07-14,443.96,452.01,443.96,452.01,4955,452.01
2011-07-15,448.01,448.01,439.92,443.96,11399,443.96
2011-07-19,448.01,448.01,443.96,448.01,6936,448.01
2011-07-20,452.01,460.12,448.01,452.01,30726,452.01
2011-07-21,452.01,452.01,443.96,443.96,8424,443.96
2011-07-22,448.01,456.07,448.01,456.07,5452,456.07
2011-07-25,456.07,460.12,452.01,456.07,8177,456.07
2011-07-26,456.07,456.07,452.01,452.01,2726,452.01
2011-07-27,456.07,456.07,448.01,448.01,5202,448.01
2011-07-28,443.96,443.96,439.92,443.96,10901,443.96
2011-07-29,431.85,435.87,431.85,435.87,10406,435.87
2011-08-01,431.85,443.96,431.85,439.92,3716,439.92
2011-08-02,439.92,443.96,439.92,443.96,3716,443.96
2011-08-03,439.92,439.92,423.75,427.8,18583,427.8
2011-08-04,435.87,435.87,427.8,427.8,4707,427.8
2011-08-05,419.75,419.75,415.68,415.68,20069,415.68
2011-08-08,415.68,419.75,411.68,415.68,12140,415.68
2011-08-09,403.59,411.68,395.52,411.68,20813,411.68
2011-08-10,415.68,415.68,411.68,411.68,7927,411.68
2011-08-11,407.63,427.8,399.57,423.75,22052,423.75
2011-08-12,443.96,443.96,427.8,431.85,28246,431.85
2011-08-15,435.87,435.87,427.8,427.8,5947,427.8
2011-08-16,435.87,448.01,435.87,443.96,63181,443.96
2011-08-17,448.01,472.18,443.96,468.18,109267,468.18
2011-08-18,472.18,472.18,456.07,460.12,44845,460.12
2011-08-19,443.96,448.01,439.92,443.96,25025,443.96
2011-08-22,443.96,443.96,435.87,435.87,16848,435.87
2011-08-23,443.96,443.96,435.87,439.92,4707,439.92
2011-08-24,443.96,443.96,435.87,443.96,20318,443.96
2011-08-25,448.01,448.01,443.96,443.96,8177,443.96
2011-08-26,443.96,443.96,439.92,443.96,3469,443.96
2011-08-29,443.96,443.96,435.87,443.96,11399,443.96
2011-08-30,452.01,456.07,448.01,452.01,9415,452.01
2011-08-31,452.01,456.07,448.01,452.01,5698,452.01
2011-09-01,456.07,456.07,452.01,456.07,6936,456.07
2011-09-02,448.01,452.01,448.01,452.01,8424,452.01
2011-09-05,439.92,452.01,439.92,452.01,5452,452.01
2011-09-06,452.01,460.12,448.01,456.07,28740,456.07
2011-09-07,452.01,464.14,448.01,456.07,17839,456.07
2011-09-08,452.01,452.01,443.96,452.01,15609,452.01
2011-09-09,452.01,456.07,452.01,456.07,24282,456.07
2011-09-12,443.96,452.01,443.96,443.96,18089,443.96
2011-09-13,443.96,448.01,443.96,448.01,5202,448.01
2011-09-14,443.96,443.96,435.87,439.92,10158,439.92
2011-09-15,443.96,443.96,435.87,439.92,21308,439.92
2011-09-16,439.92,443.96,439.92,443.96,5947,443.96
2011-09-20,443.96,443.96,431.85,431.85,18334,431.85
2011-09-21,435.87,448.01,431.85,448.01,31963,448.01
2011-09-22,435.87,443.96,435.87,439.92,45342,439.92
2011-09-26,435.87,443.96,423.75,423.75,30475,423.75
2011-09-27,427.8,431.85,427.8,431.85,13133,431.85
2011-09-28,427.8,443.96,427.8,443.96,24776,443.96
2011-09-29,435.87,443.96,431.85,443.96,26512,443.96
2011-09-30,443.96,443.96,439.92,439.92,9663,439.92
2011-10-03,439.92,443.96,435.87,435.87,5698,435.87
2011-10-04,435.87,443.96,435.87,443.96,8671,443.96
2011-10-05,439.92,443.96,435.87,443.96,18334,443.96
2011-10-06,443.96,468.18,439.92,460.12,79535,460.12
2011-10-07,456.07,460.12,452.01,460.12,20566,460.12
2011-10-11,456.07,460.12,456.07,460.12,5452,460.12
2011-10-12,456.07,460.12,448.01,452.01,8671,452.01
2011-10-13,452.01,456.07,452.01,456.07,7927,456.07
2011-10-14,452.01,468.18,452.01,460.12,27503,460.12
2011-10-17,468.18,468.18,460.12,464.14,21803,464.14
2011-10-18,464.14,464.14,460.12,460.12,6936,460.12
2011-10-19,460.12,460.12,452.01,456.07,15857,456.07
2011-10-20,456.07,464.14,456.07,464.14,23787,464.14
2011-10-21,468.18,520.62,468.18,520.62,217789,520.62
2011-10-24,524.68,536.83,512.56,512.56,131567,512.56
2011-10-25,540.83,552.95,512.56,516.62,283450,516.62
2011-10-26,504.5,512.56,484.3,484.3,119919,484.3
2011-10-27,492.4,508.56,476.23,504.5,161298,504.5
2011-10-28,500.45,504.5,492.4,492.4,43856,492.4
2011-10-31,492.4,492.4,476.23,484.3,35679,484.3
2011-11-01,484.3,484.3,476.23,476.23,52527,476.23
2011-11-02,472.18,480.29,468.18,480.29,53520,480.29
2011-11-04,480.29,500.45,472.18,500.45,58969,500.45
2011-11-07,512.56,520.62,508.56,512.56,111744,512.56
2011-11-08,500.45,504.5,484.3,484.3,29483,484.3
2011-11-09,484.3,488.35,468.18,484.3,52776,484.3
2011-11-10,476.23,480.29,464.14,472.18,25519,472.18
2011-11-11,472.18,476.23,464.14,468.18,27503,468.18
2011-11-14,468.18,472.18,464.14,472.18,19822,472.18
2011-11-15,468.18,480.29,468.18,476.23,25519,476.23
2011-11-16,476.23,476.23,443.96,448.01,44845,448.01
2011-11-17,448.01,452.01,443.96,452.01,32209,452.01
2011-11-18,448.01,464.14,448.01,460.12,25519,460.12
2011-11-21,460.12,464.14,452.01,456.07,16105,456.07
2011-11-22,452.01,456.07,443.96,452.01,21556,452.01
2011-11-24,452.01,452.01,443.96,443.96,10901,443.96
2011-11-25,443.96,452.01,443.96,443.96,10901,443.96
2011-11-28,448.01,452.01,443.96,452.01,14618,452.01
2011-11-29,460.12,488.35,456.07,488.35,65660,488.35
2011-11-30,488.35,512.56,484.3,508.56,96384,508.56
2011-12-01,524.68,536.83,500.45,532.73,160306,532.73
2011-12-02,544.89,544.89,524.68,532.73,141476,532.73
2011-12-05,544.89,565.05,544.89,565.05,119674,565.05
2011-12-06,565.05,565.05,540.83,540.83,102080,540.83
2011-12-07,548.89,589.27,536.83,585.21,142220,585.21
2011-12-08,585.21,601.37,569.06,597.33,139000,597.33
2011-12-09,593.32,597.33,577.12,593.32,92170,593.32
2011-12-12,605.38,617.49,585.21,593.32,107780,593.32
2011-12-13,577.12,589.27,544.89,552.95,106293,552.95
2011-12-14,561.0,565.05,524.68,532.73,64916,532.73
2011-12-15,528.68,528.68,512.56,516.62,57730,516.62
2011-12-16,504.5,512.56,500.45,500.45,76313,500.45
2011-12-19,504.5,512.56,500.45,504.5,37660,504.5
2011-12-20,504.5,528.68,500.45,528.68,44597,528.68
2011-12-21,536.83,536.83,516.62,520.62,51288,520.62
2011-12-22,520.62,520.62,504.5,508.56,28246,508.56
2011-12-26,504.5,504.5,492.4,500.45,30726,500.45
2011-12-27,500.45,504.5,496.44,500.45,8424,500.45
2011-12-28,500.45,508.56,496.44,496.44,24530,496.44
2011-12-29,500.45,508.56,496.44,504.5,12883,504.5
2011-12-30,504.5,520.62,504.5,512.56,39892,512.56
2012-01-04,516.62,516.62,508.56,512.56,36174,512.56
2012-01-05,512.56,552.95,508.56,544.89,93657,544.89
2012-01-06,544.89,548.89,528.68,544.89,29732,544.89
2012-01-10,544.89,556.94,536.83,552.95,55500,552.95
2012-01-11,556.94,561.0,528.68,548.89,92170,548.89
2012-01-12,548.89,552.95,544.89,548.89,21061,548.89
2012-01-13,548.89,548.89,540.83,548.89,48315,548.89
2012-01-16,548.89,548.89,532.73,540.83,39148,540.83
2012-01-17,540.83,565.05,536.83,556.94,87463,556.94
2012-01-18,569.06,585.21,556.94,556.94,127354,556.94
2012-01-19,561.0,569.06,548.89,561.0,52278,561.0
2012-01-20,565.05,569.06,532.73,544.89,80773,544.89
2012-01-23,544.89,552.95,536.83,548.89,25025,548.89
2012-01-24,548.89,548.89,540.83,544.89,18583,544.89
2012-01-25,544.89,552.95,544.89,552.95,16105,552.95
2012-01-26,561.0,561.0,552.95,561.0,31963,561.0
2012-01-27,561.0,577.12,561.0,573.11,78544,573.11
2012-01-30,577.12,613.48,565.05,581.17,190783,581.17
2012-01-31,593.32,597.33,585.21,593.32,39644,593.32
2012-02-01,589.27,593.32,581.17,585.21,25769,585.21
2012-02-02,585.21,589.27,569.06,569.06,44597,569.06
2012-02-03,573.11,593.32,569.06,585.21,33202,585.21
2012-02-06,589.27,653.81,589.27,625.54,572844,625.54
2012-02-07,641.75,645.75,621.53,625.54,152627,625.54
2012-02-08,625.54,629.64,613.48,621.53,54013,621.53
2012-02-09,621.53,621.53,605.38,613.48,59959,613.48
2012-02-10,625.54,629.64,605.38,613.48,49554,613.48
2012-02-13,617.49,617.49,593.32,597.33,54013,597.33
2012-02-14,597.33,601.37,589.27,593.32,24776,593.32
2012-02-15,601.37,605.38,593.32,601.37,44597,601.37
2012-02-16,613.48,649.8,613.48,641.75,206889,641.75
2012-02-17,637.7,637.7,617.49,625.54,92666,625.54
2012-02-20,625.54,625.54,605.38,609.44,61942,609.44
2012-02-21,609.44,613.48,601.37,609.44,25769,609.44
2012-02-22,617.49,641.75,617.49,629.64,57234,629.64
2012-02-23,621.53,641.75,621.53,629.64,36174,629.64
2012-02-24,633.66,633.66,625.54,625.54,20813,625.54
2012-02-27,641.75,661.88,633.66,657.87,117690,657.87
2012-02-28,657.87,665.92,645.75,657.87,80029,657.87
2012-02-29,661.88,702.24,657.87,678.07,318384,678.07
2012-03-01,686.14,726.51,673.98,673.98,380574,673.98
2012-03-02,673.98,706.3,673.98,706.3,99108,706.3
2012-03-05,714.36,734.57,706.3,734.57,161794,734.57
2012-03-06,742.63,770.9,734.57,770.9,199703,770.9
2012-03-07,762.79,762.79,706.3,750.69,150149,750.69
2012-03-08,758.75,770.9,738.57,742.63,106541,742.63
2012-03-09,742.63,750.69,734.57,734.57,81765,734.57
2012-03-12,726.51,730.5,698.24,702.24,130574,702.24
2012-03-13,710.3,722.46,706.3,706.3,73091,706.3
2012-03-14,718.37,722.46,706.3,710.3,61198,710.3
2012-03-15,706.3,706.3,694.19,698.24,38652,698.24
2012-03-16,694.19,706.3,694.19,706.3,22052,706.3
2012-03-19,710.3,742.63,706.3,738.57,87463,738.57
2012-03-21,746.68,746.68,734.57,734.57,72846,734.57
2012-03-22,726.51,730.5,718.37,726.51,22299,726.51
2012-03-23,718.37,722.46,714.36,718.37,22052,718.37
2012-03-26,714.36,718.37,694.19,694.19,39644,694.19
2012-03-27,702.24,714.36,702.24,714.36,32459,714.36
2012-03-28,694.19,698.24,690.14,694.19,24530,694.19
2012-03-29,694.19,702.24,690.14,698.24,18089,698.24
2012-03-30,702.24,730.5,694.19,730.5,51785,730.5
2012-04-02,722.46,754.72,718.37,750.69,106788,750.69
2012-04-03,758.75,762.79,730.5,746.68,56740,746.68
2012-04-04,742.63,742.63,702.24,710.3,51785,710.3
2012-04-05,698.24,706.3,694.19,706.3,19573,706.3
2012-04-06,698.24,702.24,694.19,702.24,17096,702.24
2012-04-09,694.19,698.24,690.14,698.24,13876,698.24
2012-04-10,690.14,694.19,678.07,678.07,19077,678.07
2012-04-11,653.81,657.87,633.66,645.75,48563,645.75
2012-04-12,649.8,682.09,641.75,673.98,33202,673.98
2012-04-13,682.09,686.14,673.98,673.98,11399,673.98
2012-04-16,661.88,665.92,653.81,665.92,13876,665.92
2012-04-17,653.81,661.88,645.75,649.8,12636,649.8
2012-04-18,669.97,669.97,653.81,657.87,18583,657.87
2012-04-19,657.87,657.87,649.8,657.87,6194,657.87
2012-04-20,657.87,657.87,649.8,653.81,10406,653.81
2012-04-23,649.8,653.81,617.49,621.53,41377,621.53
2012-04-24,621.53,621.53,601.37,621.53,25769,621.53
2012-04-25,625.54,633.66,621.53,629.64,6443,629.64
2012-04-26,629.64,633.66,617.49,621.53,10406,621.53
2012-04-27,645.75,661.88,625.54,625.54,36422,625.54
2012-05-01,621.53,625.54,617.49,621.53,5947,621.53
2012-05-02,617.49,617.49,569.06,597.33,25769,597.33
2012-05-07,577.12,581.17,544.89,548.89,41874,548.89
2012-05-08,565.05,585.21,548.89,585.21,37165,585.21
2012-05-09,581.17,581.17,565.05,569.06,13380,569.06
2012-05-10,561.0,577.12,561.0,577.12,14370,577.12
2012-05-11,573.11,585.21,552.95,552.95,25025,552.95
2012-05-14,548.89,548.89,532.73,548.89,17345,548.89
2012-05-15,528.68,532.73,500.45,524.68,22299,524.68
2012-05-16,516.62,524.68,512.56,520.62,14124,520.62
2012-05-17,516.62,569.06,516.62,561.0,23042,561.0
2012-05-18,548.89,548.89,528.68,532.73,17592,532.73
2012-05-21,532.73,548.89,532.73,548.89,18830,548.89
2012-05-22,565.05,581.17,561.0,561.0,21061,561.0
2012-05-23,561.0,573.11,556.94,556.94,14370,556.94
2012-05-24,552.95,552.95,540.83,540.83,30228,540.83
2012-05-25,544.89,544.89,536.83,540.83,3469,540.83
2012-05-28,536.83,544.89,532.73,544.89,9415,544.89
2012-05-29,544.89,544.89,536.83,544.89,4458,544.89
2012-05-30,536.83,544.89,536.83,544.89,7680,544.89
2012-05-31,532.73,544.89,532.73,544.89,12883,544.89
2012-06-01,544.89,552.95,536.83,548.89,24776,548.89
2012-06-04,548.89,548.89,536.83,540.83,17839,540.83
2012-06-05,536.83,540.83,532.73,540.83,4213,540.83
2012-06-06,540.83,548.89,536.83,540.83,10406,540.83
2012-06-07,552.95,565.05,544.89,556.94,15113,556.94
2012-06-08,565.05,565.05,552.95,561.0,15113,561.0
2012-06-11,565.05,569.06,556.94,561.0,23537,561.0
2012-06-12,569.06,653.81,561.0,625.54,70614,625.54
2012-06-13,645.75,645.75,629.64,633.66,42616,633.66
2012-06-14,633.66,673.98,621.53,673.98,58226,673.98
2012-06-15,673.98,698.24,657.87,665.92,81268,665.92
2012-06-18,661.88,678.07,653.81,669.97,20318,669.97
2012-06-19,657.87,661.88,645.75,661.88,12140,661.88
2012-06-20,661.88,669.97,661.88,665.92,16105,665.92
2012-06-21,678.07,718.37,678.07,718.37,104559,718.37
2012-06-22,706.3,726.51,698.24,718.37,109267,718.37
2012-06-25,726.51,726.51,673.98,710.3,74827,710.3
2012-06-26,694.19,698.24,673.98,686.14,39644,686.14
2012-06-27,686.14,698.24,686.14,698.24,10406,698.24
2012-06-28,690.14,714.36,686.14,714.36,46334,714.36
2012-06-29,698.24,710.3,694.19,694.19,16354,694.19
2012-07-02,694.19,694.19,669.97,682.09,47572,682.09
2012-07-03,694.19,702.24,690.14,702.24,30475,702.24
2012-07-04,710.3,710.3,694.19,702.24,22052,702.24
2012-07-05,702.24,702.24,698.24,698.24,25519,698.24
2012-07-06,694.19,698.24,686.14,694.19,27751,694.19
2012-07-09,694.19,694.19,678.07,682.09,24282,682.09
2012-07-10,682.09,686.14,665.92,673.98,33944,673.98
2012-07-11,682.09,682.09,649.8,653.81,21061,653.81
2012-07-12,653.81,653.81,625.54,629.64,20318,629.64
2012-07-13,625.54,645.75,625.54,645.75,11645,645.75
2012-07-17,629.64,645.75,629.64,637.7,4458,637.7
2012-07-18,641.75,641.75,609.44,609.44,14370,609.44
2012-07-19,621.53,621.53,589.27,601.37,34936,601.37
2012-07-20,613.48,613.48,601.37,605.38,13876,605.38
2012-07-23,609.44,617.49,605.38,605.38,15362,605.38
2012-07-24,605.38,641.75,605.38,633.66,36670,633.66
2012-07-25,633.66,637.7,625.54,629.64,13627,629.64
2012-07-26,637.7,637.7,625.54,629.64,10406,629.64
2012-07-27,637.7,637.7,621.53,629.64,9415,629.64
2012-07-30,637.7,637.7,621.53,633.66,9415,633.66
2012-07-31,625.54,625.54,609.44,621.53,25025,621.53
2012-08-01,625.54,633.66,625.54,633.66,2231,633.66
2012-08-02,633.66,633.66,625.54,625.54,3221,625.54
2012-08-03,633.66,637.7,621.53,625.54,9912,625.54
2012-08-06,625.54,637.7,621.53,637.7,4707,637.7
2012-08-07,649.8,661.88,641.75,661.88,13380,661.88
2012-08-08,669.97,678.07,665.92,665.92,20813,665.92
2012-08-09,673.98,673.98,665.92,665.92,9168,665.92
2012-08-10,625.54,645.75,625.54,633.66,36918,633.66
2012-08-13,633.66,649.8,629.64,629.64,24034,629.64
2012-08-14,629.64,653.81,629.64,653.81,36670,653.81
2012-08-15,653.81,653.81,645.75,649.8,5452,649.8
2012-08-16,653.81,653.81,629.64,633.66,22299,633.66
2012-08-17,641.75,645.75,637.7,637.7,4707,637.7
2012-08-20,645.75,645.75,637.7,637.7,6936,637.7
2012-08-21,653.81,783.0,653.81,657.87,567888,657.87
2012-08-22,661.88,661.88,637.7,637.7,70118,637.7
2012-08-23,641.75,649.8,637.7,649.8,35184,649.8
2012-08-24,645.75,645.75,641.75,645.75,19822,645.75
2012-08-27,645.75,653.81,645.75,645.75,15362,645.75
2012-08-28,645.75,653.81,641.75,653.81,27751,653.81
2012-08-29,649.8,653.81,645.75,649.8,30475,649.8
2012-08-30,649.8,649.8,637.7,641.75,51785,641.75
2012-08-31,645.75,645.75,617.49,625.54,51041,625.54
2012-09-03,625.54,625.54,613.48,613.48,30475,613.48
2012-09-04,613.48,613.48,601.37,613.48,26512,613.48
2012-09-05,613.48,629.64,601.37,625.54,33696,625.54
2012-09-06,625.54,625.54,609.44,621.53,13380,621.53
2012-09-07,625.54,625.54,613.48,613.48,14618,613.48
2012-09-10,613.48,617.49,605.38,605.38,23290,605.38
2012-09-11,601.37,605.38,597.33,601.37,19077,601.37
2012-09-12,597.33,605.38,597.33,605.38,4458,605.38
2012-09-13,601.37,609.44,601.37,605.38,9663,605.38
2012-09-14,609.44,609.44,605.38,605.38,8177,605.38
2012-09-18,605.38,609.44,593.32,593.32,11399,593.32
2012-09-19,589.27,601.37,585.21,601.37,23787,601.37
2012-09-20,605.38,605.38,597.33,597.33,12388,597.33
2012-09-21,597.33,597.33,589.27,593.32,3469,593.32
2012-09-24,593.32,593.32,581.17,593.32,22547,593.32
2012-09-25,593.32,593.32,581.17,589.27,16848,589.27
2012-09-26,577.12,589.27,577.12,585.21,21556,585.21
2012-09-27,581.17,597.33,581.17,581.17,28740,581.17
2012-09-28,585.21,585.21,569.06,573.11,24530,573.11
2012-10-01,573.11,573.11,552.95,552.95,17592,552.95
2012-10-02,552.95,556.94,540.83,544.89,19822,544.89
2012-10-03,544.89,556.94,516.62,548.89,72102,548.89
2012-10-04,552.95,565.05,548.89,565.05,19326,565.05
2012-10-05,565.05,577.12,552.95,577.12,22052,577.12
2012-10-09,581.17,593.32,577.12,593.32,29981,593.32
2012-10-10,589.27,589.27,573.11,581.17,21061,581.17
2012-10-11,585.21,589.27,573.11,573.11,14618,573.11
2012-10-12,589.27,589.27,544.89,581.17,46085,581.17
2012-10-15,577.12,589.27,565.05,589.27,19573,589.27
2012-10-16,577.12,581.17,569.06,569.06,25519,569.06
2012-10-17,565.05,581.17,561.0,569.06,27007,569.06
2012-10-18,569.06,581.17,569.06,581.17,3964,581.17
2012-10-19,573.11,581.17,573.11,581.17,5947,581.17
2012-10-22,581.17,585.21,577.12,585.21,14618,585.21
2012-10-23,585.21,589.27,585.21,585.21,10901,585.21
2012-10-24,581.17,585.21,573.11,585.21,14124,585.21
2012-10-25,589.27,609.44,585.21,601.37,55253,601.37
2012-10-26,609.44,609.44,589.27,589.27,25273,589.27
2012-10-29,593.32,605.38,589.27,605.38,23537,605.38
2012-10-30,597.33,601.37,573.11,585.21,89693,585.21
2012-10-31,593.32,609.44,585.21,601.37,74084,601.37
2012-11-01,613.48,641.75,609.44,633.66,108275,633.66
2012-11-02,641.75,641.75,625.54,637.7,50792,637.7
2012-11-05,637.7,661.88,633.66,661.88,56491,661.88
2012-11-06,661.88,661.88,641.75,641.75,49058,641.75
2012-11-07,645.75,653.81,625.54,637.7,34439,637.7
2012-11-08,633.66,645.75,621.53,633.66,44597,633.66
2012-11-09,629.64,641.75,544.89,577.12,93162,577.12
2012-11-12,581.17,581.17,569.06,569.06,28494,569.06
2012-11-13,577.12,577.12,524.68,544.89,75073,544.89
2012-11-14,540.83,548.89,532.73,544.89,32705,544.89
2012-11-15,552.95,565.05,548.89,565.05,43608,565.05
2012-11-16,573.11,593.32,556.94,593.32,63427,593.32
2012-11-20,597.33,597.33,581.17,585.21,51041,585.21
2012-11-21,585.21,585.21,577.12,581.17,21061,581.17
2012-11-22,585.21,585.21,577.12,585.21,25769,585.21
2012-11-26,589.27,589.27,581.17,581.17,14868,581.17
2012-11-27,581.17,585.21,577.12,581.17,31219,581.17
2012-11-28,581.17,581.17,569.06,569.06,25025,569.06
2012-11-29,573.11,585.21,573.11,585.21,24776,585.21
2012-11-30,585.21,593.32,577.12,593.32,31219,593.32
2012-12-03,597.33,613.48,593.32,609.44,45839,609.44
2012-12-04,613.48,621.53,597.33,601.37,57978,601.37
2012-12-05,601.37,609.44,597.33,609.44,22547,609.44
2012-12-06,613.48,613.48,605.38,609.44,25519,609.44
2012-12-07,609.44,625.54,605.38,617.49,72102,617.49
2012-12-10,625.54,629.64,605.38,605.38,90930,605.38
2012-12-11,601.37,609.44,597.33,601.37,36670,601.37
2012-12-12,605.38,609.44,597.33,605.38,20813,605.38
2012-12-13,613.48,613.48,605.38,609.44,11892,609.44
2012-12-14,601.37,609.44,597.33,601.37,42368,601.37
2012-12-17,609.44,613.48,605.38,605.38,22299,605.38
2012-12-18,605.38,617.49,605.38,617.49,42864,617.49
2012-12-19,621.53,645.75,621.53,645.75,98612,645.75
2012-12-20,641.75,641.75,617.49,633.66,71110,633.66
2012-12-21,629.64,629.64,605.38,617.49,48315,617.49
2012-12-25,621.53,637.7,617.49,629.64,52776,629.64
2012-12-26,637.7,665.92,629.64,657.87,199207,657.87
2012-12-27,678.07,678.07,653.81,657.87,147671,657.87
2012-12-28,657.87,669.97,653.81,657.87,79286,657.87
2013-01-04,665.92,669.97,657.87,661.88,64668,661.88
2013-01-07,669.97,686.14,661.88,665.92,95392,665.92
2013-01-08,673.98,694.19,665.92,678.07,141972,678.07
2013-01-09,682.09,690.14,673.98,690.14,76809,690.14
2013-01-10,698.24,706.3,690.14,694.19,114221,694.19
2013-01-11,694.19,694.19,673.98,690.14,70118,690.14
2013-01-15,694.19,702.24,690.14,694.19,68633,694.19
2013-01-16,694.19,702.24,673.98,678.07,57730,678.07
2013-01-17,673.98,686.14,657.87,665.92,51041,665.92
2013-01-18,673.98,682.09,661.88,682.09,19822,682.09
2013-01-21,682.09,702.24,673.98,698.24,45342,698.24
2013-01-22,698.24,698.24,686.14,690.14,27255,690.14
2013-01-23,690.14,694.19,673.98,678.07,27007,678.07
2013-01-24,673.98,694.19,673.98,686.14,24776,686.14
2013-01-25,686.14,694.19,678.07,682.09,27007,682.09
2013-01-28,702.24,726.51,698.24,722.46,205649,722.46
2013-01-29,710.3,710.3,698.24,706.3,39644,706.3
2013-01-30,710.3,722.46,702.24,718.37,62190,718.37
2013-01-31,718.37,758.75,710.3,750.69,119178,750.69
2013-02-01,754.72,766.81,722.46,738.57,169970,738.57
2013-02-04,734.57,742.63,730.5,738.57,29238,738.57
2013-02-05,738.57,738.57,714.36,718.37,46085,718.37
2013-02-06,718.37,730.5,718.37,726.51,33696,726.51
2013-02-07,730.5,738.57,730.5,734.57,28740,734.57
2013-02-08,730.5,730.5,718.37,718.37,16354,718.37
2013-02-12,718.37,726.51,698.24,710.3,40633,710.3
2013-02-13,714.36,726.51,702.24,710.3,73834,710.3
2013-02-14,702.24,702.24,690.14,694.19,15362,694.19
2013-02-15,678.07,682.09,649.8,669.97,38652,669.97
2013-02-18,673.98,706.3,673.98,698.24,16848,698.24
2013-02-19,690.14,706.3,690.14,698.24,23042,698.24
2013-02-20,702.24,706.3,702.24,706.3,12883,706.3
2013-02-21,706.3,710.3,702.24,702.24,15857,702.24
2013-02-22,702.24,710.3,694.19,710.3,22299,710.3
2013-02-25,714.36,718.37,706.3,714.36,23787,714.36
2013-02-26,714.36,718.37,702.24,710.3,26758,710.3
2013-02-27,718.37,722.46,710.3,722.46,15362,722.46
2013-02-28,726.51,746.68,718.37,730.5,125125,730.5
2013-03-01,734.57,746.68,730.5,742.63,35927,742.63
2013-03-04,738.57,750.69,738.57,746.68,43856,746.68
2013-03-05,746.68,762.79,746.68,750.69,45342,750.69
2013-03-06,750.69,766.81,750.69,758.75,57730,758.75
2013-03-07,766.81,770.9,754.72,758.75,58969,758.75
2013-03-08,758.75,758.75,746.68,750.69,48315,750.69
2013-03-11,754.72,754.72,734.57,750.69,81268,750.69
2013-03-12,746.68,750.69,726.51,738.57,92170,738.57
2013-03-13,730.5,734.57,722.46,726.51,42864,726.51
2013-03-14,722.46,750.69,722.46,742.63,51041,742.63
2013-03-15,750.69,787.01,750.69,770.9,236372,770.9
2013-03-18,774.94,774.94,766.81,766.81,34936,766.81
2013-03-19,774.94,783.0,738.57,762.79,119674,762.79
2013-03-21,766.81,770.9,754.72,770.9,62685,770.9
2013-03-22,762.79,766.81,762.79,762.79,27503,762.79
2013-03-25,770.9,774.94,762.79,762.79,52278,762.79
2013-03-26,770.9,770.9,758.75,766.81,52278,766.81
2013-03-27,758.75,758.75,738.57,742.63,23042,742.63
2013-03-28,734.57,734.57,706.3,722.46,42864,722.46
2013-03-29,710.3,718.37,694.19,698.24,34439,698.24
2013-04-01,694.19,698.24,673.98,686.14,39892,686.14
2013-04-02,669.97,686.14,665.92,678.07,22794,678.07
2013-04-03,669.97,690.14,665.92,678.07,38652,678.07
2013-04-04,669.97,686.14,665.92,686.14,11149,686.14
2013-04-05,710.3,710.3,669.97,686.14,32209,686.14
2013-04-08,690.14,706.3,686.14,706.3,23290,706.3
2013-04-09,710.3,718.37,706.3,714.36,19077,714.36
2013-04-10,710.3,722.46,706.3,722.46,22299,722.46
2013-04-11,726.51,726.51,698.24,714.36,37908,714.36
2013-04-12,702.24,706.3,698.24,702.24,9912,702.24
2013-04-15,714.36,718.37,702.24,702.24,12636,702.24
2013-04-16,702.24,702.24,694.19,702.24,15857,702.24
2013-04-17,702.24,706.3,690.14,698.24,14370,698.24
2013-04-18,706.3,706.3,694.19,698.24,15609,698.24
2013-04-19,698.24,706.3,694.19,702.24,13133,702.24
2013-04-22,702.24,726.51,702.24,726.51,71854,726.51
2013-04-23,746.68,754.72,726.51,746.68,175668,746.68
2013-04-24,754.72,770.9,746.68,762.79,283450,762.79
2013-04-25,766.81,770.9,738.57,758.75,83003,758.75
2013-04-26,774.94,867.76,726.51,758.75,841180,758.75
2013-04-30,791.06,819.32,746.68,766.81,556739,766.81
2013-05-01,770.9,770.9,738.57,738.57,133548,738.57
2013-05-02,738.57,746.68,734.57,738.57,40138,738.57
2013-05-07,754.72,754.72,746.68,750.69,62934,750.69
2013-05-08,750.69,762.79,746.68,754.72,77304,754.72
2013-05-09,758.75,762.79,738.57,742.63,46334,742.63
2013-05-10,746.68,750.69,734.57,742.63,41625,742.63
2013-05-13,746.68,746.68,738.57,746.68,35679,746.68
2013-05-14,746.68,754.72,742.63,754.72,53520,754.72
2013-05-15,758.75,758.75,726.51,730.5,108771,730.5
2013-05-16,730.5,730.5,702.24,730.5,88702,730.5
2013-05-17,718.37,742.63,718.37,742.63,62934,742.63
2013-05-20,762.79,770.9,754.72,758.75,134292,758.75
2013-05-21,762.79,762.79,722.46,742.63,119425,742.63
2013-05-22,750.69,750.69,734.57,738.57,46334,738.57
2013-05-23,734.57,738.57,690.14,694.19,122151,694.19
2013-05-24,694.19,706.3,690.14,694.19,82259,694.19
2013-05-27,686.14,690.14,682.09,682.09,47322,682.09
2013-05-28,678.07,694.19,673.98,690.14,29732,690.14
2013-05-29,694.19,706.3,690.14,694.19,18334,694.19
2013-05-30,698.24,698.24,669.97,669.97,25769,669.97
2013-05-31,678.07,686.14,678.07,678.07,14618,678.07
2013-06-03,673.98,694.19,673.98,678.07,32952,678.07
2013-06-04,669.97,678.07,657.87,678.07,55748,678.07
2013-06-05,678.07,690.14,669.97,669.97,39148,669.97
2013-06-06,657.87,665.92,641.75,641.75,85234,641.75
2013-06-07,637.7,645.75,585.21,625.54,107532,625.54
2013-06-10,633.66,645.75,633.66,641.75,30475,641.75
2013-06-11,645.75,653.81,625.54,637.7,29981,637.7
2013-06-12,641.75,649.8,621.53,641.75,16601,641.75
2013-06-13,649.8,653.81,625.54,625.54,17592,625.54
2013-06-14,629.64,637.7,629.64,629.64,25273,629.64
2013-06-17,633.66,645.75,625.54,641.75,10406,641.75
2013-06-18,641.75,645.75,637.7,645.75,3716,645.75
2013-06-19,653.81,653.81,633.66,633.66,20813,633.66
2013-06-20,637.7,637.7,625.54,633.66,22547,633.66
2013-06-21,621.53,629.64,617.49,629.64,9168,629.64
2013-06-24,629.64,633.66,617.49,617.49,34194,617.49
2013-06-25,617.49,617.49,581.17,613.48,36918,613.48
2013-06-26,613.48,617.49,573.11,581.17,57234,581.17
2013-06-27,581.17,589.27,569.06,585.21,53023,585.21
2013-06-28,597.33,605.38,593.32,601.37,39148,601.37
2013-07-01,617.49,625.54,613.48,621.53,28740,621.53
2013-07-02,621.53,653.81,621.53,653.81,65411,653.81
2013-07-03,641.75,653.81,633.66,649.8,45342,649.8
2013-07-04,653.81,653.81,645.75,649.8,8671,649.8
2013-07-05,645.75,661.88,641.75,657.87,22052,657.87
2013-07-08,665.92,665.92,641.75,641.75,42121,641.75
2013-07-09,649.8,673.98,645.75,673.98,78544,673.98
2013-07-10,682.09,722.46,673.98,710.3,504460,710.3
2013-07-11,710.3,722.46,702.24,722.46,90436,722.46
2013-07-12,710.3,726.51,710.3,718.37,77055,718.37
2013-07-16,718.37,722.46,698.24,706.3,43359,706.3
2013-07-17,706.3,706.3,694.19,698.24,27503,698.24
2013-07-18,702.24,706.3,690.14,690.14,31219,690.14
2013-07-19,694.19,698.24,678.07,686.14,25519,686.14
2013-07-22,714.36,714.36,686.14,710.3,72102,710.3
2013-07-23,698.24,706.3,698.24,702.24,21061,702.24
2013-07-24,698.24,698.24,686.14,694.19,20069,694.19
2013-07-25,698.24,698.24,690.14,690.14,5452,690.14
2013-07-26,686.14,686.14,661.88,669.97,48066,669.97
2013-07-29,653.81,653.81,637.7,637.7,31466,637.7
2013-07-30,637.7,653.81,637.7,649.8,16105,649.8
2013-07-31,649.8,653.81,645.75,649.8,23787,649.8
2013-08-01,633.66,657.87,633.66,657.87,23290,657.87
2013-08-02,657.87,665.92,657.87,661.88,17096,661.88
2013-08-05,657.87,673.98,657.87,669.97,7927,669.97
2013-08-06,661.88,661.88,625.54,641.75,70862,641.75
2013-08-07,625.54,637.7,617.49,625.54,60952,625.54
2013-08-08,629.64,645.75,629.64,629.64,18583,629.64
2013-08-09,633.66,637.7,629.64,633.66,11645,633.66
2013-08-12,625.54,633.66,621.53,625.54,10655,625.54
2013-08-13,637.7,637.7,629.64,633.66,2231,633.66
2013-08-14,629.64,633.66,625.54,633.66,11399,633.66
2013-08-15,633.66,637.7,625.54,629.64,13133,629.64
2013-08-16,629.64,629.64,621.53,625.54,15113,625.54
2013-08-19,621.53,625.54,621.53,625.54,4707,625.54
2013-08-20,629.64,633.66,625.54,625.54,17345,625.54
2013-08-21,625.54,629.64,625.54,625.54,6443,625.54
2013-08-22,625.54,633.66,625.54,629.64,6443,629.64
2013-08-23,633.66,633.66,629.64,633.66,7186,633.66
2013-08-26,633.66,641.75,633.66,637.7,7433,637.7
2013-08-27,633.66,633.66,625.54,629.64,7927,629.64
2013-08-28,617.49,625.54,617.49,625.54,17839,625.54
2013-08-29,621.53,621.53,613.48,617.49,9168,617.49
2013-08-30,617.49,621.53,617.49,621.53,5947,621.53
2013-09-02,613.48,637.7,613.48,629.64,17839,629.64
2013-09-03,633.66,645.75,633.66,645.75,10901,645.75
2013-09-04,637.7,661.88,633.66,661.88,23042,661.88
2013-09-05,657.87,661.88,645.75,657.87,8424,657.87
2013-09-06,657.87,657.87,645.75,657.87,8424,657.87
2013-09-09,698.24,702.24,669.97,686.14,43359,686.14
2013-09-10,686.14,714.36,686.14,714.36,127105,714.36
2013-09-11,742.63,750.69,714.36,722.46,202676,722.46
2013-09-12,722.46,742.63,718.37,734.57,82755,734.57
2013-09-13,714.36,718.37,694.19,714.36,89941,714.36
2013-09-17,742.63,758.75,722.46,734.57,232656,734.57
2013-09-18,738.57,803.17,738.57,795.08,631814,795.08
2013-09-19,783.0,791.06,762.79,783.0,266104,783.0
2013-09-20,770.9,783.0,766.81,770.9,84984,770.9
2013-09-24,770.9,770.9,726.51,746.68,141972,746.68
2013-09-25,754.72,758.75,730.5,734.57,82259,734.57
2013-09-26,726.51,758.75,718.37,754.72,99605,754.72
2013-09-27,758.75,758.75,738.57,750.69,54263,750.69
2013-09-30,738.57,742.63,730.5,734.57,37660,734.57
2013-10-01,734.57,742.63,730.5,730.5,25769,730.5
2013-10-02,730.5,738.57,706.3,710.3,51785,710.3
2013-10-03,710.3,718.37,702.24,714.36,25025,714.36
2013-10-04,702.24,702.24,690.14,694.19,37414,694.19
2013-10-07,694.19,694.19,669.97,669.97,35184,669.97
2013-10-08,669.97,698.24,665.92,694.19,41874,694.19
2013-10-09,690.14,706.3,682.09,702.24,19573,702.24
2013-10-10,698.24,714.36,698.24,714.36,26512,714.36
2013-10-11,722.46,746.68,718.37,734.57,32209,734.57
2013-10-15,742.63,762.79,726.51,762.79,107036,762.79
2013-10-16,754.72,758.75,718.37,738.57,80524,738.57
2013-10-17,746.68,750.69,726.51,742.63,27751,742.63
2013-10-18,726.51,738.57,726.51,738.57,24034,738.57
2013-10-21,742.63,746.68,738.57,746.68,28989,746.68
2013-10-22,746.68,754.72,746.68,750.69,33202,750.69
2013-10-23,754.72,754.72,722.46,730.5,50298,730.5
2013-10-24,730.5,754.72,730.5,754.72,70118,754.72
2013-10-25,754.72,754.72,726.51,734.57,66898,734.57
2013-10-28,742.63,746.68,738.57,746.68,16848,746.68
2013-10-29,750.69,758.75,746.68,758.75,68880,758.75
2013-10-30,758.75,770.9,750.69,758.75,101834,758.75
2013-10-31,766.81,770.9,746.68,754.72,45839,754.72
2013-11-01,750.69,754.72,718.37,738.57,65660,738.57
2013-11-05,746.68,746.68,726.51,726.51,31219,726.51
2013-11-06,726.51,746.68,718.37,746.68,29483,746.68
2013-11-07,750.69,750.69,738.57,742.63,19326,742.63
2013-11-08,734.57,750.69,734.57,742.63,15362,742.63
2013-11-11,754.72,754.72,738.57,750.69,22547,750.69
2013-11-12,750.69,795.08,746.68,762.79,290634,762.79
2013-11-13,758.75,758.75,718.37,742.63,114221,742.63
2013-11-14,750.69,750.69,738.57,746.68,24034,746.68
2013-11-15,754.72,758.75,746.68,754.72,35679,754.72
2013-11-18,762.79,770.9,750.69,754.72,39644,754.72
2013-11-19,758.75,758.75,750.69,754.72,17839,754.72
2013-11-20,758.75,758.75,750.69,754.72,18830,754.72
2013-11-21,758.75,762.79,750.69,758.75,18334,758.75
2013-11-22,758.75,758.75,746.68,754.72,27255,754.72
2013-11-25,754.72,758.75,746.68,746.68,28740,746.68
2013-11-26,746.68,746.68,738.57,746.68,23290,746.68
2013-11-27,742.63,746.68,734.57,734.57,36918,734.57
2013-11-28,746.68,746.68,738.57,738.57,21308,738.57
2013-11-29,742.63,754.72,742.63,750.69,59714,750.69
2013-12-02,762.79,778.95,754.72,770.9,135530,770.9
2013-12-03,783.0,783.0,762.79,762.79,66154,762.79
2013-12-04,762.79,762.79,750.69,754.72,30726,754.72
2013-12-05,754.72,766.81,746.68,746.68,46829,746.68
2013-12-06,746.68,750.69,742.63,742.63,32952,742.63
2013-12-09,746.68,754.72,742.63,746.68,26758,746.68
2013-12-10,746.68,746.68,742.63,746.68,24034,746.68
2013-12-11,742.63,750.69,738.57,742.63,19326,742.63
2013-12-12,746.68,746.68,738.57,742.63,22794,742.63
2013-12-13,738.57,742.63,730.5,730.5,46829,730.5
2013-12-16,730.5,734.57,722.46,722.46,23537,722.46
2013-12-17,726.51,730.5,718.37,718.37,24776,718.37
2013-12-18,718.37,722.46,714.36,718.37,25273,718.37
2013-12-19,726.51,730.5,718.37,722.46,24034,722.46
2013-12-20,722.46,726.51,706.3,718.37,44351,718.37
2013-12-24,726.51,726.51,690.14,694.19,39644,694.19
2013-12-25,698.24,714.36,698.24,706.3,47077,706.3
2013-12-26,710.3,730.5,710.3,730.5,38157,730.5
2013-12-27,730.5,730.5,722.46,726.51,26016,726.51
2013-12-30,730.5,742.63,722.46,738.57,40633,738.57
2014-01-06,738.57,742.63,718.37,738.57,36422,738.57
2014-01-07,738.57,746.68,734.57,738.57,31715,738.57
2014-01-08,738.57,746.68,734.57,742.63,10406,742.63
2014-01-09,746.68,746.68,730.5,738.57,45588,738.57
2014-01-10,734.57,742.63,734.57,742.63,19326,742.63
2014-01-14,738.57,738.57,730.5,730.5,19573,730.5
2014-01-15,738.57,746.68,734.57,742.63,41874,742.63
2014-01-16,746.68,746.68,730.5,738.57,45839,738.57
2014-01-17,730.5,746.68,730.5,738.57,18334,738.57
2014-01-20,742.63,754.72,738.57,750.69,29981,750.69
2014-01-21,750.69,750.69,742.63,750.69,22547,750.69
2014-01-22,746.68,750.69,742.63,746.68,26512,746.68
2014-01-23,750.69,750.69,734.57,738.57,21308,738.57
2014-01-24,730.5,734.57,726.51,730.5,43856,730.5
2014-01-27,722.46,722.46,710.3,714.36,63427,714.36
2014-01-28,722.46,726.51,714.36,714.36,46085,714.36
2014-01-29,718.37,726.51,718.37,722.46,28989,722.46
2014-01-30,714.36,714.36,702.24,702.24,47077,702.24
2014-01-31,710.3,710.3,698.24,706.3,22052,706.3
2014-02-03,690.14,698.24,682.09,682.09,29483,682.09
2014-02-04,641.75,645.75,621.53,633.66,71359,633.66
2014-02-05,649.8,653.81,633.66,645.75,33944,645.75
2014-02-06,649.8,665.92,645.75,657.87,14868,657.87
2014-02-07,661.88,710.3,661.88,682.09,17345,682.09
2014-02-10,686.14,702.24,678.07,686.14,14868,686.14
2014-02-12,686.14,698.24,686.14,694.19,11399,694.19
2014-02-13,718.37,718.37,698.24,698.24,31466,698.24
2014-02-14,714.36,714.36,673.98,686.14,30475,686.14
2014-02-17,686.14,694.19,682.09,694.19,7433,694.19
2014-02-18,702.24,706.3,694.19,702.24,15609,702.24
2014-02-19,702.24,706.3,690.14,690.14,5947,690.14
2014-02-20,690.14,694.19,678.07,682.09,18089,682.09
2014-02-21,690.14,702.24,690.14,702.24,6443,702.24
2014-02-24,706.3,710.3,698.24,698.24,8177,698.24
2014-02-25,706.3,714.36,698.24,714.36,15113,714.36
2014-02-26,714.36,718.37,706.3,706.3,11399,706.3
2014-02-27,706.3,710.3,702.24,702.24,9912,702.24
2014-02-28,714.36,714.36,669.97,686.14,32209,686.14
2014-03-03,673.98,682.09,669.97,682.09,7433,682.09
2014-03-04,673.98,686.14,673.98,686.14,5947,686.14
2014-03-05,694.19,694.19,686.14,686.14,5452,686.14
2014-03-06,678.07,694.19,678.07,694.19,8671,694.19
2014-03-07,698.24,702.24,694.19,702.24,7927,702.24
2014-03-10,702.24,706.3,694.19,698.24,10158,698.24
2014-03-11,702.24,702.24,694.19,702.24,7927,702.24
2014-03-12,694.19,698.24,686.14,698.24,14124,698.24
2014-03-13,690.14,714.36,690.14,706.3,41129,706.3
2014-03-14,694.19,698.24,678.07,682.09,54757,682.09
2014-03-17,682.09,686.14,669.97,669.97,27255,669.97
2014-03-18,678.07,682.09,678.07,682.09,15113,682.09
2014-03-19,682.09,682.09,673.98,673.98,19573,673.98
2014-03-20,678.07,678.07,669.97,669.97,25025,669.97
2014-03-24,669.97,698.24,669.97,690.14,15362,690.14
2014-03-25,698.24,698.24,678.07,682.09,25025,682.09
2014-03-26,690.14,698.24,682.09,698.24,27503,698.24
2014-03-27,657.87,686.14,657.87,686.14,33696,686.14
2014-03-28,669.97,682.09,665.92,682.09,47820,682.09
2014-03-31,690.14,694.19,682.09,686.14,11149,686.14
2014-04-01,678.07,686.14,673.98,678.07,25273,678.07
2014-04-02,678.07,682.09,673.98,682.09,14124,682.09
2014-04-03,682.09,682.09,673.98,682.09,9912,682.09
2014-04-04,673.98,682.09,673.98,682.09,9663,682.09
2014-04-07,673.98,678.07,673.98,673.98,7433,673.98
2014-04-08,673.98,678.07,669.97,669.97,11892,669.97
2014-04-09,669.97,673.98,665.92,669.97,12636,669.97
2014-04-10,669.97,678.07,665.92,665.92,19077,665.92
2014-04-11,661.88,673.98,657.87,665.92,15609,665.92
2014-04-14,661.88,669.97,661.88,665.92,2974,665.92
2014-04-15,665.92,673.98,665.92,673.98,2974,673.98
2014-04-16,673.98,694.19,673.98,690.14,15857,690.14
2014-04-17,690.14,690.14,682.09,682.09,10901,682.09
2014-04-18,682.09,710.3,682.09,706.3,70118,706.3
2014-04-21,710.3,714.36,702.24,706.3,25769,706.3
2014-04-22,698.24,702.24,682.09,686.14,27751,686.14
2014-04-23,690.14,694.19,690.14,694.19,7186,694.19
2014-04-24,690.14,694.19,682.09,690.14,24282,690.14
2014-04-25,690.14,702.24,690.14,702.24,17096,702.24
2014-04-28,706.3,706.3,686.14,690.14,19573,690.14
2014-04-30,694.19,698.24,682.09,682.09,19573,682.09
2014-05-01,678.07,682.09,673.98,682.09,21308,682.09
2014-05-02,678.07,686.14,673.98,682.09,11892,682.09
2014-05-07,673.98,678.07,669.97,669.97,11645,669.97
2014-05-08,669.97,678.07,665.92,669.97,11149,669.97
2014-05-09,665.92,669.97,657.87,661.88,32209,661.88
2014-05-12,661.88,661.88,657.87,657.87,8671,657.87
2014-05-13,649.8,657.87,649.8,653.81,25769,653.81
2014-05-14,653.81,661.88,649.8,657.87,13380,657.87
2014-05-15,665.92,678.07,661.88,673.98,21803,673.98
2014-05-16,669.97,669.97,653.81,661.88,32705,661.88
2014-05-19,682.09,682.09,661.88,669.97,29483,669.97
2014-05-20,669.97,669.97,637.7,637.7,28494,637.7
2014-05-21,637.7,645.75,637.7,641.75,11149,641.75
2014-05-22,641.75,645.75,637.7,645.75,2974,645.75
2014-05-23,645.75,665.92,645.75,653.81,10406,653.81
2014-05-26,665.92,669.97,657.87,661.88,10901,661.88
2014-05-27,661.88,665.92,653.81,661.88,13133,661.88
2014-05-28,661.88,678.07,661.88,673.98,22794,673.98
2014-05-29,678.07,686.14,673.98,678.07,23537,678.07
2014-05-30,678.07,678.07,669.97,669.97,14370,669.97
2014-06-02,678.07,682.09,669.97,669.97,18583,669.97
2014-06-03,673.98,694.19,673.98,690.14,28989,690.14
2014-06-04,686.14,690.14,686.14,686.14,35927,686.14
2014-06-05,686.14,690.14,678.07,678.07,20813,678.07
2014-06-06,678.07,682.09,669.97,682.09,14618,682.09
2014-06-09,682.09,690.14,678.07,678.07,6936,678.07
2014-06-10,694.19,694.19,678.07,678.07,21803,678.07
2014-06-11,678.07,690.14,678.07,678.07,11892,678.07
2014-06-12,678.07,682.09,673.98,678.07,15113,678.07
2014-06-13,686.14,702.24,682.09,698.24,38404,698.24
2014-06-16,698.24,706.3,698.24,698.24,28246,698.24
2014-06-17,698.24,714.36,694.19,710.3,34688,710.3
2014-06-18,710.3,726.51,706.3,722.46,84241,722.46
2014-06-19,722.46,722.46,714.36,722.46,31715,722.46
2014-06-20,722.46,722.46,710.3,710.3,28740,710.3
2014-06-23,722.46,722.46,706.3,710.3,20069,710.3
2014-06-24,702.24,718.37,702.24,714.36,20813,714.36
2014-06-25,718.37,718.37,706.3,706.3,23042,706.3
2014-06-26,710.3,710.3,702.24,706.3,11892,706.3
2014-06-27,714.36,714.36,702.24,710.3,12388,710.3
2014-06-30,718.37,722.46,698.24,714.36,33944,714.36
2014-07-01,718.37,730.5,718.37,726.51,35927,726.51
2014-07-02,730.5,730.5,722.46,722.46,16601,722.46
2014-07-03,722.46,726.51,710.3,710.3,24530,710.3
2014-07-04,722.46,722.46,714.36,718.37,6194,718.37
2014-07-07,726.51,734.57,722.46,730.5,35679,730.5
2014-07-08,730.5,730.5,722.46,722.46,7680,722.46
2014-07-09,722.46,726.51,718.37,722.46,6936,722.46
2014-07-10,722.46,722.46,714.36,714.36,17345,714.36
2014-07-11,710.3,710.3,702.24,706.3,10901,706.3
2014-07-14,706.3,706.3,702.24,702.24,7186,702.24
2014-07-15,706.3,714.36,702.24,706.3,8919,706.3
2014-07-16,710.3,714.36,702.24,706.3,6194,706.3
2014-07-17,706.3,734.57,706.3,722.46,33944,722.46
2014-07-18,710.3,722.46,710.3,718.37,14618,718.37
2014-07-22,722.46,734.57,722.46,726.51,37908,726.51
2014-07-23,734.57,738.57,726.51,730.5,32952,730.5
2014-07-24,738.57,738.57,730.5,730.5,8919,730.5
2014-07-25,738.57,750.69,734.57,734.57,108275,734.57
2014-07-28,766.81,936.36,766.81,936.36,2267095,936.36
2014-07-29,1202.76,1259.25,996.86,1009.01,4317638,1009.01
2014-07-30,980.75,984.76,944.42,952.48,442270,952.48
2014-07-31,932.31,948.44,863.71,871.76,427899,871.76
2014-08-01,879.87,1101.83,879.87,964.63,2576064,964.63
2014-08-04,948.44,1065.51,948.44,984.76,851338,984.76
2014-08-05,1041.29,1041.29,968.64,972.68,229930,972.68
2014-08-06,964.63,972.68,920.21,928.27,212586,928.27
2014-08-07,932.31,1009.01,932.31,976.7,207878,976.7
2014-08-08,956.54,972.68,912.15,944.42,180377,944.42
2014-08-11,912.15,936.36,900.0,904.06,159068,904.06
2014-08-12,956.54,976.7,920.21,932.31,160060,932.31
2014-08-13,960.58,960.58,932.31,936.36,71605,936.36
2014-08-14,940.38,1000.95,940.38,964.63,229930,964.63
2014-08-15,984.76,1041.29,968.64,1013.06,590436,1013.06
2014-08-18,1049.39,1109.9,1025.13,1101.83,960604,1101.83
2014-08-19,1166.38,1400.5,1154.32,1226.94,7466052,1226.94
2014-08-20,1190.65,1218.87,1138.12,1166.38,1320614,1166.38
2014-08-21,1150.27,1392.44,1134.11,1230.99,4685577,1230.99
2014-08-22,1230.99,1352.07,1218.87,1307.69,2831266,1307.69
2014-08-25,1311.69,1630.57,1307.69,1549.82,7991324,1549.82
2014-08-26,1533.7,1598.25,1461.0,1513.54,1841922,1513.54
2014-08-27,1570.02,1816.2,1557.87,1699.16,3140979,1699.16
2014-08-28,1634.57,1739.49,1614.4,1658.83,1613229,1658.83
2014-08-29,1626.51,1654.78,1456.99,1654.78,673439,1654.78
2014-09-01,1626.51,1666.89,1586.13,1606.34,347622,1606.34
2014-09-02,1634.57,1642.62,1469.15,1509.43,541378,1509.43
2014-09-03,1529.65,1594.19,1489.27,1513.54,366947,1513.54
2014-09-04,1533.7,1545.8,1440.88,1456.99,228443,1456.99
2014-09-05,1456.99,1473.14,1396.45,1444.88,218532,1444.88
2014-09-08,1440.88,1501.37,1404.52,1481.21,170218,1481.21
2014-09-09,1465.05,1501.37,1436.82,1440.88,103568,1440.88
2014-09-10,1412.6,1452.94,1376.29,1420.71,178644,1420.71
2014-09-11,1428.77,1481.21,1404.52,1473.14,247769,1473.14
2014-09-12,1489.27,1509.43,1465.05,1493.32,193259,1493.32
2014-09-16,1513.54,1525.63,1473.14,1509.43,194501,1509.43
2014-09-17,1489.27,1493.32,1396.45,1452.94,297324,1452.94
2014-09-18,1440.88,1448.93,1412.6,1424.72,112984,1424.72
2014-09-19,1436.82,1444.88,1404.52,1416.61,115710,1416.61
2014-09-22,1404.52,1412.6,1348.01,1412.6,168979,1412.6
2014-09-24,1412.6,1598.25,1412.6,1582.12,1237611,1582.12
2014-09-25,1565.97,1610.39,1517.53,1570.02,662537,1570.02
2014-09-26,1574.07,1683.01,1545.8,1674.95,926658,1674.95
2014-09-29,1755.65,1804.09,1683.01,1691.06,2016103,1691.06
2014-09-30,1691.06,1715.32,1561.96,1634.57,622151,1634.57
2014-10-01,1634.57,1662.83,1553.86,1553.86,402874,1553.86
2014-10-02,1481.21,1529.65,1461.0,1477.21,438306,1477.21
2014-10-03,1477.21,1525.63,1473.14,1497.36,203914,1497.36
2014-10-06,1533.7,1634.57,1517.53,1594.19,444252,1594.19
2014-10-07,1582.12,1590.18,1525.63,1533.7,203668,1533.7
2014-10-08,1493.32,1549.82,1481.21,1541.75,183846,1541.75
2014-10-09,1557.87,1561.96,1432.78,1436.82,232160,1436.82
2014-10-10,1376.29,1428.77,1372.23,1396.45,145193,1396.45
2014-10-14,1348.01,1428.77,1344.01,1380.34,140238,1380.34
2014-10-15,1376.29,1452.94,1376.29,1436.82,101834,1436.82
2014-10-16,1380.34,1416.61,1352.07,1356.07,142220,1356.07
2014-10-17,1376.29,1396.45,1311.69,1335.96,119919,1335.96
2014-10-20,1392.44,1408.55,1327.85,1388.39,122151,1388.39
2014-10-21,1388.39,1392.44,1331.9,1348.01,91673,1348.01
2014-10-22,1364.17,1372.23,1315.75,1335.96,135530,1335.96
2014-10-23,1323.8,1323.8,1190.65,1255.2,260902,1255.2
2014-10-24,1271.31,1283.47,1222.87,1226.94,92170,1226.94
2014-10-27,1235.03,1235.03,1174.49,1182.55,149157,1182.55
2014-10-28,1226.94,1226.94,1182.55,1218.87,117938,1218.87
2014-10-29,1222.87,1251.16,1210.81,1218.87,73589,1218.87
2014-10-30,1202.76,1279.42,1202.76,1275.36,147919,1275.36
2014-10-31,1299.57,1331.9,1283.47,1303.63,144202,1303.63
2014-11-04,1323.8,1327.85,1255.2,1279.42,151140,1279.42
2014-11-05,1251.16,1541.75,1247.14,1440.88,1005945,1440.88
2014-11-06,1388.39,1444.88,1335.96,1364.17,437563,1364.17
2014-11-07,1356.07,1368.18,1291.53,1295.57,132557,1295.57
2014-11-10,1271.31,1291.53,1243.09,1247.14,114221,1247.14
2014-11-11,1267.3,1279.42,1259.25,1271.31,64172,1271.31
2014-11-12,1267.3,1271.31,1243.09,1255.2,77055,1255.2
2014-11-13,1251.16,1251.16,1222.87,1222.87,64668,1222.87
2014-11-14,1226.94,1239.08,1222.87,1235.03,54013,1235.03
2014-11-17,1251.16,1251.16,1210.81,1210.81,48315,1210.81
2014-11-18,1210.81,1243.09,1210.81,1235.03,59959,1235.03
2014-11-19,1226.94,1295.57,1226.94,1267.3,128097,1267.3
2014-11-20,1283.47,1335.96,1263.26,1271.31,174677,1271.31
2014-11-21,1303.63,1303.63,1263.26,1267.3,62934,1267.3
2014-11-25,1267.3,1287.52,1259.25,1279.42,30972,1279.42
2014-11-26,1283.47,1331.9,1271.31,1303.63,132060,1303.63
2014-11-27,1299.57,1307.69,1271.31,1275.36,71605,1275.36
2014-11-28,1299.57,1323.8,1295.57,1299.57,102080,1299.57
2014-12-01,1331.9,1331.9,1307.69,1327.85,65411,1327.85
2014-12-02,1335.96,1420.71,1323.8,1420.71,316153,1420.71
2014-12-03,1452.94,1452.94,1360.13,1372.23,210357,1372.23
2014-12-04,1400.5,1412.6,1352.07,1360.13,143706,1360.13
2014-12-05,1344.01,1344.01,1311.69,1323.8,66154,1323.8
2014-12-08,1339.96,1368.18,1335.96,1352.07,51535,1352.07
2014-12-09,1344.01,1348.01,1323.8,1323.8,37165,1323.8
2014-12-10,1315.75,1352.07,1303.63,1348.01,49058,1348.01
2014-12-11,1295.57,1331.9,1291.53,1327.85,61447,1327.85
2014-12-12,1331.9,1372.23,1331.9,1372.23,81765,1372.23
2014-12-15,1372.23,1412.6,1348.01,1388.39,143209,1388.39
2014-12-16,1376.29,1380.34,1295.57,1315.75,89447,1315.75
2014-12-17,1303.63,1331.9,1279.42,1287.52,62190,1287.52
2014-12-18,1311.69,1311.69,1295.57,1303.63,32952,1303.63
2014-12-19,1307.69,1319.74,1299.57,1307.69,32209,1307.69
2014-12-22,1307.69,1319.74,1287.52,1287.52,53766,1287.52
2014-12-24,1299.57,1307.69,1263.26,1271.31,54263,1271.31
2014-12-25,1259.25,1283.47,1230.99,1235.03,106541,1235.03
2014-12-26,1259.25,1315.75,1255.2,1311.69,55253,1311.69
2014-12-29,1311.69,1352.07,1307.69,1335.96,78048,1335.96
2014-12-30,1356.07,1356.07,1319.74,1327.85,25273,1327.85
2015-01-05,1352.07,1360.13,1327.85,1352.07,37414,1352.07
2015-01-06,1327.85,1339.96,1319.74,1323.8,33944,1323.8
2015-01-07,1323.8,1323.8,1311.69,1311.69,17096,1311.69
2015-01-08,1315.75,1323.8,1299.57,1319.74,26758,1319.74
2015-01-09,1311.69,1323.8,1295.57,1299.57,22299,1299.57
2015-01-13,1283.47,1291.53,1275.36,1279.42,18089,1279.42
2015-01-14,1283.47,1283.47,1271.31,1271.31,16105,1271.31
2015-01-15,1275.36,1303.63,1271.31,1299.57,18334,1299.57
2015-01-16,1299.57,1299.57,1271.31,1283.47,18583,1283.47
2015-01-19,1295.57,1295.57,1275.36,1295.57,18583,1295.57
2015-01-20,1295.57,1303.63,1279.42,1291.53,25769,1291.53
2015-01-21,1303.63,1303.63,1279.42,1287.52,13627,1287.52
2015-01-22,1279.42,1335.96,1271.31,1307.69,104559,1307.69
2015-01-23,1327.85,1327.85,1291.53,1303.63,28246,1303.63
2015-01-26,1287.52,1303.63,1283.47,1291.53,13876,1291.53
2015-01-27,1315.75,1344.01,1315.75,1319.74,91180,1319.74
2015-01-28,1315.75,1327.85,1311.69,1327.85,25273,1327.85
2015-01-29,1315.75,1327.85,1279.42,1279.42,29732,1279.42
2015-01-30,1311.69,1311.69,1291.53,1303.63,15362,1303.63
2015-02-02,1283.47,1299.57,1283.47,1287.52,17839,1287.52
2015-02-03,1283.47,1287.52,1259.25,1263.26,48066,1263.26
2015-02-04,1263.26,1279.42,1259.25,1259.25,26512,1259.25
2015-02-05,1259.25,1271.31,1239.08,1255.2,45839,1255.2
2015-02-06,1251.16,1251.16,1239.08,1247.14,18830,1247.14
2015-02-09,1247.14,1251.16,1239.08,1243.09,13627,1243.09
2015-02-10,1255.2,1255.2,1239.08,1247.14,11645,1247.14
2015-02-12,1344.01,1360.13,1303.63,1327.85,224728,1327.85
2015-02-13,1339.96,1339.96,1303.63,1319.74,42616,1319.74
2015-02-16,1331.9,1331.9,1307.69,1307.69,28246,1307.69
2015-02-17,1307.69,1331.9,1307.69,1327.85,37414,1327.85
2015-02-18,1327.85,1331.9,1315.75,1315.75,22547,1315.75
2015-02-19,1412.6,1420.71,1372.23,1384.33,322596,1384.33
2015-02-20,1392.44,1392.44,1352.07,1356.07,83746,1356.07
2015-02-23,1372.23,1372.23,1356.07,1364.17,24530,1364.17
2015-02-24,1352.07,1372.23,1339.96,1364.17,44597,1364.17
2015-02-25,1352.07,1380.34,1352.07,1360.13,32705,1360.13
2015-02-26,1352.07,1356.07,1344.01,1348.01,28740,1348.01
2015-02-27,1331.9,1348.01,1331.9,1335.96,59217,1335.96
2015-03-02,1339.96,1344.01,1303.63,1311.69,57978,1311.69
2015-03-03,1311.69,1323.8,1295.57,1299.57,19822,1299.57
2015-03-04,1299.57,1299.57,1279.42,1299.57,22547,1299.57
2015-03-05,1295.57,1307.69,1291.53,1303.63,12636,1303.63
2015-03-06,1303.63,1323.8,1299.57,1323.8,17839,1323.8
2015-03-09,1319.74,1327.85,1303.63,1315.75,32952,1315.75
2015-03-10,1315.75,1319.74,1311.69,1319.74,25769,1319.74
2015-03-11,1307.69,1323.8,1303.63,1315.75,11149,1315.75
2015-03-12,1323.8,1335.96,1319.74,1327.85,27007,1327.85
2015-03-13,1344.01,1344.01,1323.8,1335.96,32459,1335.96
2015-03-16,1335.96,1335.96,1315.75,1319.74,23290,1319.74
2015-03-17,1311.69,1319.74,1311.69,1315.75,23537,1315.75
2015-03-18,1315.75,1315.75,1299.57,1307.69,38404,1307.69
2015-03-19,1299.57,1299.57,1291.53,1295.57,19326,1295.57
2015-03-20,1295.57,1295.57,1283.47,1287.52,18830,1287.52
2015-03-23,1335.96,1344.01,1319.74,1323.8,91673,1323.8
2015-03-24,1323.8,1331.9,1295.57,1331.9,65164,1331.9
2015-03-25,1327.85,1339.96,1311.69,1323.8,58226,1323.8
2015-03-26,1311.69,1319.74,1311.69,1319.74,45588,1319.74
2015-03-27,1279.42,1311.69,1279.42,1283.47,106788,1283.47
2015-03-30,1279.42,1279.42,1247.14,1259.25,42368,1259.25
2015-03-31,1263.26,1279.42,1255.2,1267.3,31715,1267.3
2015-04-01,1255.2,1259.25,1235.03,1235.03,57234,1235.03
2015-04-02,1218.87,1267.3,1218.87,1243.09,49307,1243.09
2015-04-03,1243.09,1243.09,1235.03,1239.08,28246,1239.08
2015-04-06,1214.82,1235.03,1214.82,1226.94,30726,1226.94
2015-04-07,1226.94,1243.09,1222.87,1235.03,28246,1235.03
2015-04-08,1239.08,1255.2,1230.99,1243.09,19573,1243.09
2015-04-09,1255.2,1255.2,1235.03,1243.09,18583,1243.09
2015-04-10,1255.2,1255.2,1230.99,1251.16,37165,1251.16
2015-04-13,1255.2,1271.31,1243.09,1255.2,14370,1255.2
2015-04-14,1255.2,1263.26,1243.09,1259.25,20813,1259.25
2015-04-15,1271.31,1291.53,1271.31,1279.42,47820,1279.42
2015-04-16,1287.52,1287.52,1243.09,1271.31,48315,1271.31
2015-04-17,1271.31,1271.31,1239.08,1259.25,56491,1259.25
2015-04-20,1279.42,1291.53,1251.16,1251.16,86472,1251.16
2015-04-21,1263.26,1263.26,1251.16,1259.25,32952,1259.25
2015-04-22,1267.3,1271.31,1251.16,1263.26,41625,1263.26
2015-04-23,1279.42,1279.42,1259.25,1267.3,19077,1267.3
2015-04-24,1275.36,1275.36,1259.25,1275.36,42121,1275.36
2015-04-27,1287.52,1335.96,1259.25,1327.85,168732,1327.85
2015-04-28,1331.9,1335.96,1295.57,1307.69,81516,1307.69
2015-04-30,1291.53,1291.53,1259.25,1263.26,47820,1263.26
2015-05-01,1243.09,1259.25,1239.08,1251.16,48315,1251.16
2015-05-07,1235.03,1247.14,1235.03,1235.03,27007,1235.03
2015-05-08,1235.03,1247.14,1235.03,1243.09,15362,1243.09
2015-05-11,1243.09,1247.14,1235.03,1239.08,18830,1239.08
2015-05-12,1226.94,1239.08,1226.94,1235.03,24776,1235.03
2015-05-13,1239.08,1243.09,1230.99,1243.09,14618,1243.09
2015-05-14,1247.14,1247.14,1222.87,1235.03,27255,1235.03
2015-05-15,1243.09,1243.09,1218.87,1230.99,41625,1230.99
2015-05-18,1251.16,1263.26,1239.08,1259.25,51288,1259.25
2015-05-19,1263.26,1295.57,1263.26,1295.57,76809,1295.57
2015-05-20,1299.57,1303.63,1230.99,1239.08,180871,1239.08
2015-05-21,1235.03,1235.03,1210.81,1214.82,123389,1214.82
2015-05-22,1218.87,1222.87,1214.82,1214.82,42121,1214.82
2015-05-25,1218.87,1218.87,1206.77,1210.81,72846,1210.81
2015-05-26,1210.81,1210.81,1170.44,1186.6,120911,1186.6
2015-05-27,1174.49,1186.6,1166.38,1174.49,50298,1174.49
2015-05-28,1186.6,1186.6,1174.49,1174.49,37165,1174.49
2015-05-29,1174.49,1178.5,1170.44,1170.44,24034,1170.44
2015-06-01,1166.38,1186.6,1162.39,1186.6,30228,1186.6
2015-06-02,1186.6,1190.65,1174.49,1178.5,31466,1178.5
2015-06-03,1174.49,1206.77,1174.49,1194.65,47077,1194.65
2015-06-04,1194.65,1194.65,1170.44,1178.5,46334,1178.5
2015-06-05,1178.5,1194.65,1170.44,1178.5,29981,1178.5
2015-06-08,1178.5,1194.65,1178.5,1182.55,18089,1182.55
2015-06-09,1190.65,1190.65,1166.38,1166.38,32705,1166.38
2015-06-10,1166.38,1186.6,1166.38,1170.44,39395,1170.44
2015-06-11,1174.49,1182.55,1158.33,1166.38,43856,1166.38
2015-06-12,1166.38,1170.44,1162.39,1166.38,28740,1166.38
2015-06-15,1158.33,1162.39,1150.27,1158.33,41377,1158.33
2015-06-16,1162.39,1162.39,1146.26,1146.26,30228,1146.26
2015-06-17,1146.26,1186.6,1146.26,1170.44,35927,1170.44
2015-06-18,1182.55,1182.55,1130.06,1130.06,59714,1130.06
2015-06-19,1138.12,1146.26,1134.11,1138.12,34688,1138.12
2015-06-22,1146.26,1146.26,1126.05,1138.12,24530,1138.12
2015-06-23,1134.11,1150.27,1130.06,1146.26,22299,1146.26
2015-06-24,1154.32,1182.55,1154.32,1182.55,51535,1182.55
2015-06-25,1178.5,1178.5,1142.21,1142.21,41377,1142.21
2015-06-26,1146.26,1146.26,1134.11,1134.11,13876,1134.11
2015-06-29,1117.96,1117.96,1085.68,1085.68,46334,1085.68
2015-06-30,1065.51,1105.88,1065.51,1097.82,47572,1097.82
2015-07-01,1109.9,1146.26,1101.83,1138.12,28989,1138.12
2015-07-02,1142.21,1142.21,1105.88,1113.95,42368,1113.95
2015-07-03,1117.96,1117.96,1093.77,1093.77,17345,1093.77
2015-07-06,1089.69,1097.82,1045.3,1057.45,52031,1057.45
2015-07-07,1069.55,1093.77,1065.51,1089.69,83003,1089.69
2015-07-08,1073.57,1081.63,1037.25,1037.25,44102,1037.25
2015-07-09,1009.01,1033.2,928.27,1013.06,91673,1013.06
2015-07-10,1029.19,1029.19,1004.97,1009.01,19326,1009.01
2015-07-13,1029.19,1037.25,1025.13,1025.13,10158,1025.13
2015-07-14,1057.45,1069.55,1045.3,1061.46,18583,1061.46
2015-07-15,1061.46,1105.88,1061.46,1105.88,45588,1105.88
2015-07-16,1138.12,1142.21,1109.9,1126.05,46580,1126.05
2015-07-17,1130.06,1130.06,1117.96,1122.01,14124,1122.01
2015-07-21,1122.01,1126.05,1113.95,1113.95,9415,1113.95
2015-07-22,1093.77,1101.83,1089.69,1089.69,13876,1089.69
2015-07-23,1081.63,1093.77,1077.62,1085.68,11645,1085.68
2015-07-24,1077.62,1085.68,1069.55,1081.63,13380,1081.63
2015-07-27,1081.63,1081.63,1065.51,1069.55,11645,1069.55
2015-07-28,1061.46,1077.62,1049.39,1065.51,7927,1065.51
2015-07-29,1057.45,1069.55,1053.4,1053.4,15857,1053.4
2015-07-30,1053.4,1073.57,1037.25,1045.3,19573,1045.3
2015-07-31,1041.29,1045.3,1029.19,1045.3,12883,1045.3
2015-08-03,1021.12,1057.45,1021.12,1029.19,14868,1029.19
2015-08-04,1041.29,1041.29,1009.01,1021.12,21803,1021.12
2015-08-05,1021.12,1057.45,1021.12,1041.29,56245,1041.29
2015-08-06,1041.29,1065.51,1037.25,1041.29,33202,1041.29
2015-08-07,1069.55,1356.07,1041.29,1287.52,1044103,1287.52
2015-08-10,1352.07,1384.33,1299.57,1344.01,828791,1344.01
2015-08-11,1344.01,1444.88,1315.75,1400.5,615956,1400.5
2015-08-12,1388.39,1440.88,1356.07,1408.55,395687,1408.55
2015-08-13,1408.55,1469.15,1408.55,1448.93,325570,1448.93
2015-08-14,1465.05,1485.26,1432.78,1477.21,255449,1477.21
2015-08-17,1529.65,1574.07,1513.54,1570.02,358523,1570.02
2015-08-18,1590.18,1598.25,1561.96,1578.08,213330,1578.08
2015-08-19,1574.07,1574.07,1444.88,1553.86,323587,1553.86
2015-08-20,1553.86,1561.96,1493.32,1509.43,134292,1509.43
2015-08-21,1452.94,1493.32,1432.78,1465.05,132310,1465.05
2015-08-24,1416.61,1444.88,1323.8,1327.85,182607,1327.85
2015-08-25,1263.26,1376.29,1198.71,1307.69,237859,1307.69
2015-08-26,1469.15,1630.57,1412.6,1630.57,697969,1630.57
2015-08-27,1695.1,1719.33,1493.32,1598.25,546333,1598.25
2015-08-28,1650.68,1695.1,1553.86,1594.19,335482,1594.19
2015-08-31,1610.39,1852.53,1561.96,1779.86,542369,1779.86
2015-09-01,1739.49,1808.14,1699.16,1743.54,353567,1743.54
2015-09-02,1679.0,1751.65,1626.51,1646.67,277502,1646.67
2015-09-03,1642.62,1691.06,1602.3,1602.3,118681,1602.3
2015-09-04,1654.78,1731.44,1582.12,1638.62,223736,1638.62
2015-09-07,1614.4,1634.57,1549.82,1602.3,84490,1602.3
2015-09-08,1610.39,1610.39,1493.32,1509.43,77799,1509.43
2015-09-09,1582.12,1646.67,1549.82,1642.62,70862,1642.62
2015-09-10,1590.18,1642.62,1570.02,1634.57,55500,1634.57
2015-09-11,1634.57,1674.95,1626.51,1654.78,71110,1654.78
2015-09-14,1674.95,1695.1,1610.39,1670.88,62934,1670.88
2015-09-15,1666.89,1666.89,1606.34,1622.47,54013,1622.47
2015-09-16,1654.78,1654.78,1578.08,1590.18,52031,1590.18
2015-09-17,1614.4,1670.88,1602.3,1662.83,59714,1662.83
2015-09-18,1654.78,1666.89,1614.4,1666.89,40882,1666.89
2015-09-24,1654.78,1654.78,1614.4,1622.47,37908,1622.47
2015-09-25,1658.83,1687.06,1622.47,1674.95,59959,1674.95
2015-09-28,1679.0,1771.81,1662.83,1763.76,110754,1763.76
2015-09-29,1759.7,1759.7,1646.67,1666.89,70614,1666.89
2015-09-30,1674.95,1711.27,1650.68,1687.06,45094,1687.06
2015-10-01,1699.16,1707.27,1662.83,1691.06,33202,1691.06
2015-10-02,1691.06,1707.27,1674.95,1699.16,32459,1699.16
2015-10-05,1699.16,1715.32,1670.88,1691.06,27998,1691.06
2015-10-06,1691.06,1703.22,1658.83,1670.88,38404,1670.88
2015-10-07,1666.89,1695.1,1630.57,1695.1,30475,1695.1
2015-10-08,1674.95,1707.27,1666.89,1674.95,24034,1674.95
2015-10-09,1674.95,1739.49,1662.83,1731.44,60456,1731.44
2015-10-13,1747.6,1767.76,1727.39,1767.76,72102,1767.76
2015-10-14,1751.65,1755.65,1703.22,1719.33,33202,1719.33
2015-10-15,1707.27,1779.86,1707.27,1771.81,79286,1771.81
2015-10-16,1771.81,1796.03,1727.39,1747.6,32952,1747.6
2015-10-19,1747.6,1755.65,1703.22,1739.49,30228,1739.49
2015-10-20,1751.65,1824.25,1719.33,1816.2,126858,1816.2
2015-10-21,1800.09,1884.84,1800.09,1824.25,169970,1824.25
2015-10-22,1792.03,1844.46,1763.76,1808.14,59464,1808.14
2015-10-23,1820.24,1836.36,1779.86,1816.2,50298,1816.2
2015-10-26,1848.51,1848.51,1820.24,1828.31,44102,1828.31
2015-10-27,1828.31,1840.46,1775.83,1783.87,43359,1783.87
2015-10-28,1800.09,1804.09,1763.76,1787.92,42121,1787.92
2015-10-29,1804.09,1808.14,1759.7,1767.76,31963,1767.76
2015-10-30,1763.76,1779.86,1707.27,1779.86,36670,1779.86
2015-11-02,1775.83,1775.83,1739.49,1771.81,16105,1771.81
2015-11-04,1759.7,1767.76,1626.51,1634.57,90187,1634.57
2015-11-05,1570.02,1650.68,1570.02,1630.57,46334,1630.57
2015-11-06,1646.67,1674.95,1630.57,1662.83,31466,1662.83
2015-11-09,1691.06,1707.27,1666.89,1707.27,33202,1707.27
2015-11-10,1687.06,1719.33,1683.01,1703.22,22794,1703.22
2015-11-11,1703.22,1953.44,1703.22,1836.36,283944,1836.36
2015-11-12,1836.36,1840.46,1792.03,1820.24,93410,1820.24
2015-11-13,1787.92,1892.89,1779.86,1844.46,70614,1844.46
2015-11-16,1852.53,1945.38,1844.46,1884.84,162289,1884.84
2015-11-17,1921.12,1933.27,1864.62,1868.67,68137,1868.67
2015-11-18,1864.62,1864.62,1779.86,1804.09,69127,1804.09
2015-11-19,1804.09,1824.25,1796.03,1804.09,40138,1804.09
2015-11-20,1804.09,1812.19,1783.87,1787.92,24776,1787.92
2015-11-24,1787.92,1820.24,1787.92,1804.09,28740,1804.09
2015-11-25,1804.09,1804.09,1783.87,1796.03,35927,1796.03
2015-11-26,1812.19,1812.19,1787.92,1796.03,33449,1796.03
2015-11-27,1796.03,1796.03,1703.22,1723.38,78544,1723.38
2015-11-30,1723.38,1792.03,1723.38,1787.92,50298,1787.92
2015-12-01,1783.87,1787.92,1747.6,1779.86,29238,1779.86
2015-12-02,1779.86,1779.86,1731.44,1743.54,43113,1743.54
2015-12-03,1727.39,1767.76,1727.39,1763.76,25519,1763.76
2015-12-04,1743.54,1755.65,1735.48,1755.65,22794,1755.65
2015-12-07,1739.49,1771.81,1735.48,1735.48,23042,1735.48
2015-12-08,1739.49,1739.49,1699.16,1711.27,49802,1711.27
2015-12-09,1699.16,1699.16,1666.89,1687.06,35927,1687.06
2015-12-10,1687.06,1743.54,1674.95,1715.32,28246,1715.32
2015-12-11,1715.32,1743.54,1715.32,1731.44,21308,1731.44
2015-12-14,1711.27,1783.87,1687.06,1779.86,59217,1779.86
2015-12-15,1783.87,1783.87,1703.22,1723.38,33202,1723.38
2015-12-16,1719.33,1731.44,1715.32,1715.32,17345,1715.32
2015-12-17,1763.76,1775.83,1739.49,1739.49,23042,1739.49
2015-12-18,1739.49,1739.49,1715.32,1719.33,15362,1719.33
2015-12-21,1719.33,1727.39,1699.16,1707.27,19573,1707.27
2015-12-22,1703.22,1707.27,1695.1,1699.16,20813,1699.16
2015-12-24,1699.16,1703.22,1614.4,1618.45,35431,1618.45
2015-12-25,1618.45,1642.62,1606.34,1618.45,19077,1618.45
2015-12-28,1650.68,1650.68,1622.47,1630.57,7927,1630.57
2015-12-29,1618.45,1683.01,1606.34,1683.01,12883,1683.01
2015-12-30,1695.1,1703.22,1670.88,1674.95,6443,1674.95
2016-01-04,1707.27,1727.39,1654.78,1666.89,33449,1666.89
2016-01-05,1666.89,1687.06,1646.67,1666.89,18830,1666.89
2016-01-06,1674.95,1687.06,1666.89,1683.01,15857,1683.01
2016-01-07,1683.01,1691.06,1634.57,1634.57,15609,1634.57
2016-01-08,1630.57,1634.57,1594.19,1606.34,15362,1606.34
2016-01-12,1606.34,1606.34,1497.36,1537.7,29981,1537.7
2016-01-13,1545.8,1590.18,1545.8,1582.12,15609,1582.12
2016-01-14,1549.82,1549.82,1477.21,1513.54,32459,1513.54
2016-01-15,1557.87,1565.97,1505.43,1517.53,21308,1517.53
2016-01-18,1481.21,1481.21,1440.88,1469.15,20069,1469.15
2016-01-19,1493.32,1517.53,1477.21,1509.43,15857,1509.43
2016-01-20,1533.7,1557.87,1440.88,1465.05,20813,1465.05
2016-01-21,1432.78,1505.43,1412.6,1481.21,33449,1481.21
2016-01-22,1513.54,1541.75,1473.14,1541.75,13380,1541.75
2016-01-25,1541.75,1574.07,1497.36,1529.65,14124,1529.65
2016-01-26,1533.7,1565.97,1473.14,1537.7,12636,1537.7
2016-01-27,1537.7,1565.97,1525.63,1549.82,6690,1549.82
2016-01-28,1557.87,1574.07,1533.7,1541.75,12883,1541.75
2016-01-29,1541.75,1570.02,1513.54,1561.96,20813,1561.96
2016-02-01,1614.4,1654.78,1565.97,1654.78,34439,1654.78
2016-02-02,1634.57,1646.67,1590.18,1606.34,14124,1606.34
2016-02-03,1574.07,1586.13,1545.8,1549.82,20069,1549.82
2016-02-04,1545.8,1553.86,1489.27,1501.37,17592,1501.37
2016-02-05,1461.0,1497.36,1452.94,1469.15,22052,1469.15
2016-02-08,1465.05,1489.27,1461.0,1465.05,24282,1465.05
2016-02-09,1452.94,1452.94,1344.01,1380.34,27255,1380.34
2016-02-10,1364.17,1384.33,1218.87,1287.52,26512,1287.52
2016-02-12,1210.81,1235.03,1134.11,1138.12,47572,1138.12
2016-02-15,1198.71,1230.99,1170.44,1214.82,82508,1214.82
2016-02-16,1218.87,1247.14,1182.55,1186.6,64420,1186.6
2016-02-17,1154.32,1174.49,1077.62,1122.01,98116,1122.01
2016-02-18,1166.38,1166.38,1130.06,1142.21,83251,1142.21
2016-02-19,1158.33,1182.55,1142.21,1174.49,55500,1174.49
2016-02-22,1182.55,1210.81,1182.55,1202.76,39395,1202.76
2016-02-23,1222.87,1230.99,1158.33,1158.33,55996,1158.33
2016-02-24,1150.27,1178.5,1130.06,1162.39,29981,1162.39
2016-02-25,1162.39,1182.55,1146.26,1174.49,36174,1174.49
2016-02-26,1190.65,1198.71,1170.44,1186.6,39148,1186.6
2016-02-29,1210.81,1218.87,1190.65,1198.71,26016,1198.71
2016-03-01,1198.71,1210.81,1182.55,1190.65,27503,1190.65
2016-03-02,1226.94,1226.94,1202.76,1206.77,27503,1206.77
2016-03-03,1202.76,1218.87,1202.76,1210.81,18583,1210.81
2016-03-04,1206.77,1251.16,1198.71,1247.14,45342,1247.14
2016-03-07,1279.42,1279.42,1235.03,1255.2,43359,1255.2
2016-03-08,1255.2,1255.2,1206.77,1243.09,47322,1243.09
2016-03-09,1222.87,1226.94,1206.77,1218.87,21061,1218.87
2016-03-10,1218.87,1263.26,1218.87,1263.26,36918,1263.26
2016-03-11,1259.25,1287.52,1243.09,1287.52,49802,1287.52
2016-03-14,1287.52,1295.57,1271.31,1279.42,130823,1279.42
2016-03-15,1279.42,1287.52,1263.26,1267.3,45839,1267.3
2016-03-16,1271.31,1279.42,1267.3,1267.3,23042,1267.3
2016-03-17,1283.47,1287.52,1267.3,1275.36,45839,1275.36
2016-03-18,1275.36,1283.47,1259.25,1263.26,34688,1263.26
2016-03-22,1263.26,1299.57,1255.2,1291.53,40138,1291.53
2016-03-23,1295.57,1344.01,1295.57,1327.85,105302,1327.85
2016-03-24,1319.74,1344.01,1307.69,1339.96,72102,1339.96
2016-03-25,1344.01,1364.17,1295.57,1364.17,114221,1364.17
2016-03-28,1380.34,1380.34,1319.74,1331.9,111991,1331.9
2016-03-29,1336.02,1389.78,1331.9,1364.97,64551,1364.97
2016-03-30,1360.84,1360.84,1340.16,1348.44,41825,1348.44
2016-03-31,1360.84,1360.84,1327.76,1331.9,28287,1331.9
2016-04-01,1323.62,1331.9,1265.7,1265.7,74705,1265.7
2016-04-04,1257.43,1278.1,1236.75,1240.89,42550,1240.89
2016-04-05,1228.49,1240.89,1158.15,1162.29,62375,1162.29
2016-04-06,1149.89,1195.38,1141.62,1158.15,43518,1158.15
2016-04-07,1166.43,1182.96,1149.89,1149.89,36749,1149.89
2016-04-08,1137.48,1166.43,1112.68,1166.43,59957,1166.43
2016-04-11,1166.43,1166.43,1141.62,1154.03,24660,1154.03
2016-04-12,1154.03,1187.1,1154.03,1170.56,26110,1170.56
2016-04-13,1178.83,1195.38,1174.71,1195.38,19342,1195.38
2016-04-14,1220.22,1245.02,1211.92,1240.89,95255,1240.89
2016-04-15,1240.89,1245.02,1228.49,1236.75,40133,1236.75
2016-04-18,1220.22,1228.49,1187.1,1220.22,54638,1220.22
2016-04-19,1240.89,1245.02,1220.22,1236.75,34572,1236.75
2016-04-20,1236.75,1240.89,1224.35,1224.35,33847,1224.35
2016-04-21,1236.75,1240.89,1220.22,1236.75,40375,1236.75
2016-04-22,1224.35,1236.75,1211.92,1232.62,34813,1232.62
2016-04-25,1232.62,1232.62,1216.07,1224.35,37957,1224.35
2016-04-26,1207.78,1211.92,1170.56,1182.96,68178,1182.96
2016-04-27,1182.96,1207.78,1170.56,1207.78,55123,1207.78
2016-04-28,1207.78,1207.78,1158.15,1162.29,53672,1162.29
2016-05-02,1145.76,1149.89,1104.36,1112.68,74705,1112.68
2016-05-06,1112.68,1125.08,1104.36,1116.81,42792,1116.81
2016-05-09,1125.08,1133.36,1112.68,1116.81,33122,1116.81
2016-05-10,1116.81,1120.94,1104.36,1112.68,84617,1112.68
2016-05-11,1125.08,1149.89,1108.54,1133.36,69628,1133.36
2016-05-12,1129.21,1162.29,1120.94,1149.89,39892,1149.89
2016-05-13,1158.15,1158.15,1104.36,1108.54,71078,1108.54
2016-05-16,1104.36,1133.36,1083.69,1096.1,91145,1096.1
2016-05-17,1096.1,1137.48,1096.1,1120.94,74705,1120.94
2016-05-18,1133.36,1154.03,1112.68,1149.89,63099,1149.89
2016-05-19,1158.15,1174.71,1158.15,1162.29,88244,1162.29
2016-05-20,1187.1,1216.07,1079.56,1133.36,286006,1133.36
2016-05-23,1125.08,1145.76,1091.97,1141.62,104685,1141.62
2016-05-24,1137.48,1162.29,1137.48,1149.89,48595,1149.89
2016-05-25,1162.29,1191.24,1162.29,1178.83,38923,1178.83
2016-05-26,1191.24,1207.78,1170.56,1199.5,48835,1199.5
2016-05-27,1207.78,1257.43,1203.64,1253.3,90662,1253.3
2016-05-30,1257.43,1302.92,1257.43,1294.65,72529,1294.65
2016-05-31,1307.04,1323.62,1257.43,1282.24,75431,1282.24
2016-06-01,1269.83,1298.77,1257.43,1290.51,48112,1290.51
2016-06-02,1282.24,1282.24,1236.75,1265.7,51253,1265.7
2016-06-03,1261.56,1273.98,1228.49,1249.16,58507,1249.16
2016-06-06,1216.07,1228.49,1207.78,1207.78,55123,1207.78
2016-06-07,1207.78,1245.02,1207.78,1224.35,22726,1224.35
2016-06-08,1240.89,1278.1,1232.62,1257.43,59474,1257.43
2016-06-09,1253.3,1269.83,1240.89,1265.7,28528,1265.7
2016-06-10,1265.7,1265.7,1228.49,1232.62,33606,1232.62
2016-06-13,1220.22,1220.22,1178.83,1195.38,37232,1195.38
2016-06-14,1174.71,1178.83,1133.36,1158.15,49319,1158.15
2016-06-16,1154.03,1154.03,1096.1,1100.24,47627,1100.24
2016-06-17,1125.08,1125.08,1096.1,1100.24,29011,1100.24
2016-06-20,1116.81,1162.29,1116.81,1158.15,19099,1158.15
2016-06-21,1158.15,1162.29,1137.48,1154.03,27319,1154.03
2016-06-22,1154.03,1154.03,1125.08,1129.21,23693,1129.21
2016-06-23,1116.81,1133.36,1108.54,1120.94,35539,1120.94
2016-06-24,1158.15,1158.15,955.47,1054.76,77605,1054.76
2016-06-27,1083.69,1083.69,1054.76,1071.3,35296,1071.3
2016-06-28,1071.3,1079.56,1025.81,1071.3,32155,1071.3
2016-06-29,1091.97,1100.24,1079.56,1091.97,27803,1091.97
2016-06-30,1125.08,1125.08,1079.56,1083.69,19583,1083.69
2016-07-01,1083.69,1091.97,1063.02,1083.69,22968,1083.69
2016-07-04,1083.69,1091.97,1071.3,1091.97,24660,1091.97
2016-07-05,1091.97,1091.97,1067.16,1075.42,17649,1075.42
2016-07-06,1063.02,1067.16,1038.21,1046.48,35539,1046.48
2016-07-07,1046.48,1050.62,1009.26,1017.53,22483,1017.53
2016-07-08,1017.53,1029.94,1005.14,1013.41,23451,1013.41
2016-07-11,1042.34,1104.36,1034.09,1075.42,55606,1075.42
2016-07-12,1120.94,1182.96,1112.68,1158.15,79541,1158.15
2016-07-13,1178.83,1182.96,1112.68,1125.08,45209,1125.08
2016-07-14,1129.21,1149.89,1116.81,1120.94,22243,1120.94
2016-07-15,1137.48,1137.48,1120.94,1125.08,22726,1125.08
2016-07-19,1125.08,1137.48,1116.81,1133.36,14023,1133.36
2016-07-20,1133.36,1154.03,1120.94,1145.76,23209,1145.76
2016-07-21,1166.43,1360.84,1162.29,1323.62,336776,1323.62
2016-07-22,1340.16,1381.51,1261.56,1294.65,259654,1294.65
2016-07-25,1311.18,1319.49,1253.3,1265.7,63099,1265.7
2016-07-26,1232.62,1236.75,1178.83,1187.1,55364,1187.1
2016-07-27,1187.1,1216.07,1162.29,1207.78,59957,1207.78
2016-07-28,1195.38,1195.38,1174.71,1178.83,33847,1178.83
2016-07-29,1191.24,1249.16,1174.71,1245.02,84859,1245.02
2016-08-01,1228.49,1323.62,1195.38,1282.24,143607,1282.24
2016-08-02,1290.51,1290.51,1216.07,1220.22,74462,1220.22
2016-08-03,1203.64,1203.64,1178.83,1182.96,43275,1182.96
2016-08-04,1203.64,1228.49,1182.96,1224.35,41825,1224.35
2016-08-05,1228.49,1236.75,1178.83,1187.1,47870,1187.1
2016-08-08,1182.96,1211.92,1182.96,1195.38,38199,1195.38
2016-08-09,1216.07,1240.89,1203.64,1224.35,56331,1224.35
2016-08-10,1224.35,1257.43,1182.96,1207.78,90177,1207.78
2016-08-12,1203.64,1203.64,1187.1,1191.24,44485,1191.24
2016-08-15,1191.24,1216.07,1182.96,1187.1,44485,1187.1
2016-08-16,1182.96,1191.24,1170.56,1170.56,24418,1170.56
2016-08-17,1170.56,1191.24,1149.89,1187.1,40133,1187.1
2016-08-18,1166.43,1170.56,1145.76,1145.76,48112,1145.76
2016-08-19,1170.56,1178.83,1158.15,1166.43,23451,1166.43
2016-08-22,1166.43,1166.43,1149.89,1158.15,33847,1158.15
2016-08-23,1158.15,1203.64,1158.15,1178.83,98156,1178.83
2016-08-24,1166.43,1178.83,1158.15,1166.43,29011,1166.43
2016-08-25,1166.43,1174.71,1154.03,1166.43,12814,1166.43
2016-08-26,1166.43,1166.43,1141.62,1145.76,36749,1145.76
2016-08-29,1158.15,1178.83,1149.89,1149.89,28770,1149.89
2016-08-30,1154.03,1170.56,1141.62,1149.89,35296,1149.89
2016-08-31,1158.15,1187.1,1145.76,1187.1,46903,1187.1
2016-09-01,1191.24,1191.24,1170.56,1187.1,25869,1187.1
2016-09-02,1191.24,1203.64,1182.96,1203.64,29011,1203.64
2016-09-05,1216.07,1220.22,1199.5,1203.64,27319,1203.64
2016-09-06,1203.64,1236.75,1195.38,1236.75,32638,1236.75
2016-09-07,1232.62,1236.75,1216.07,1228.49,40133,1228.49
2016-09-08,1228.49,1236.75,1220.22,1228.49,42550,1228.49
2016-09-09,1240.89,1240.89,1224.35,1236.75,30462,1236.75
2016-09-12,1224.35,1232.62,1191.24,1199.5,45934,1199.5
2016-09-13,1207.78,1207.78,1191.24,1199.5,11363,1199.5
2016-09-14,1199.5,1203.64,1187.1,1187.1,21999,1187.1
2016-09-15,1174.71,1174.71,1162.29,1166.43,21759,1166.43
2016-09-16,1174.71,1187.1,1162.29,1187.1,11846,1187.1
2016-09-20,1187.1,1195.38,1178.83,1191.24,15714,1191.24
2016-09-21,1195.38,1211.92,1182.96,1203.64,26110,1203.64
2016-09-23,1199.5,1236.75,1187.1,1232.62,54155,1232.62
2016-09-26,1249.16,1265.7,1216.07,1220.22,84374,1220.22
2016-09-27,1211.92,1236.75,1195.38,1236.75,29737,1236.75
2016-09-28,1236.75,1245.02,1216.07,1228.49,26836,1228.49
2016-09-29,1245.02,1269.83,1236.75,1257.43,66727,1257.43
2016-09-30,1236.75,1278.1,1228.49,1245.02,112903,1245.02
2016-10-03,1278.1,1311.18,1261.56,1278.1,125233,1278.1
2016-10-04,1261.56,1269.83,1232.62,1257.43,49319,1257.43
2016-10-05,1261.56,1261.56,1249.16,1257.43,26110,1257.43
2016-10-06,1261.56,1273.98,1253.3,1261.56,36990,1261.56
2016-10-07,1253.3,1286.38,1245.02,1286.38,48835,1286.38
2016-10-11,1311.18,1315.33,1269.83,1278.1,75672,1278.1
2016-10-12,1269.83,1273.98,1236.75,1236.75,57055,1236.75
2016-10-13,1249.16,1273.98,1249.16,1261.56,59716,1261.56
2016-10-14,1249.16,1261.56,1245.02,1253.3,21759,1253.3
2016-10-17,1253.3,1265.7,1236.75,1245.02,30220,1245.02
2016-10-18,1249.16,1249.16,1232.62,1240.89,43275,1240.89
2016-10-19,1245.02,1257.43,1236.75,1249.16,36264,1249.16
2016-10-20,1249.16,1253.3,1236.75,1245.02,49803,1245.02
2016-10-21,1249.16,1249.16,1240.89,1245.02,23693,1245.02
2016-10-24,1253.3,1278.1,1249.16,1278.1,55123,1278.1
2016-10-25,1278.1,1278.1,1261.56,1269.83,25385,1269.83
2016-10-26,1265.7,1286.38,1257.43,1282.24,36749,1282.24
2016-10-27,1447.7,1592.46,1443.57,1559.38,1357985,1559.38
2016-10-28,1613.13,1650.4,1513.86,1559.38,742455,1559.38
2016-10-31,1654.53,1687.59,1588.33,1633.81,389722,1633.81
2016-11-01,1613.13,1613.13,1559.38,1584.19,184706,1584.19
2016-11-02,1600.73,1600.73,1542.85,1596.6,155938,1596.6
2016-11-04,1584.19,1613.13,1567.65,1596.6,119674,1596.6
2016-11-07,1613.13,1625.53,1542.85,1571.79,133212,1571.79
2016-11-08,1580.05,1584.19,1551.12,1580.05,66001,1580.05
2016-11-09,1571.79,1575.92,1414.6,1460.11,238378,1460.11
2016-11-10,1538.71,1559.38,1518.0,1530.44,108068,1530.44
2016-11-11,1522.13,1559.38,1455.98,1468.38,103717,1468.38
2016-11-14,1509.74,1571.79,1505.59,1563.52,105167,1563.52
2016-11-15,1567.65,1629.68,1538.71,1629.68,139497,1629.68
2016-11-16,1633.81,1633.81,1600.73,1609.0,92112,1609.0
2016-11-17,1609.0,1695.88,1600.73,1687.59,249741,1687.59
2016-11-18,1662.8,1675.2,1642.12,1646.26,89694,1646.26
2016-11-21,1671.06,1683.46,1629.68,1675.2,110244,1675.2
2016-11-22,1675.2,1708.27,1650.4,1708.27,145300,1708.27
2016-11-24,1712.41,1799.27,1699.99,1774.48,211301,1774.48
2016-11-25,1782.74,1791.01,1654.53,1679.32,176729,1679.32
2016-11-28,1712.41,1745.52,1671.06,1728.95,166575,1728.95
2016-11-29,1728.95,1753.8,1720.67,1728.95,127651,1728.95
2016-11-30,1749.67,1811.68,1737.22,1795.14,247324,1795.14
2016-12-01,1848.94,1898.57,1819.94,1828.21,274885,1828.21
2016-12-02,1882.01,1985.42,1848.94,1857.21,487636,1857.21
2016-12-05,1853.08,1853.08,1762.06,1791.01,128859,1791.01
2016-12-06,1824.08,1828.21,1786.88,1803.41,107343,1803.41
2016-12-07,1811.68,1811.68,1770.34,1782.74,116531,1782.74
2016-12-08,1795.14,1799.27,1757.93,1770.34,87518,1770.34
2016-12-09,1766.2,1766.2,1728.95,1753.8,98156,1753.8
2016-12-12,1778.6,1778.6,1741.4,1762.06,62133,1762.06
2016-12-13,1774.48,1807.54,1774.48,1795.14,61891,1795.14
2016-12-14,1819.94,1824.08,1774.48,1778.6,98638,1778.6
2016-12-15,1770.34,1770.34,1733.08,1741.4,91386,1741.4
2016-12-16,1753.8,1753.8,1728.95,1741.4,57782,1741.4
2016-12-19,1745.52,1749.67,1691.73,1733.08,99848,1733.08
2016-12-20,1737.22,1815.82,1733.08,1807.54,128377,1807.54
2016-12-21,1807.54,1807.54,1728.95,1745.52,79057,1745.52
2016-12-22,1745.52,1757.93,1716.54,1749.67,65276,1749.67
2016-12-26,1749.67,1753.8,1691.73,1708.27,70836,1708.27
2016-12-27,1708.27,1737.22,1708.27,1724.81,68661,1724.81
2016-12-28,1737.22,1778.6,1737.22,1770.34,51013,1770.34
2016-12-29,1762.06,1807.54,1745.52,1803.41,87761,1803.41
2016-12-30,1803.41,1803.41,1762.06,1774.48,49319,1774.48
2017-01-04,1766.2,1861.34,1766.2,1853.08,148443,1853.08
2017-01-05,1857.21,1935.76,1828.21,1931.63,152311,1931.63
2017-01-06,1898.57,1948.16,1882.01,1931.63,102991,1931.63
2017-01-10,1919.22,1919.22,1877.89,1898.57,74947,1898.57
2017-01-11,1898.57,1902.68,1840.62,1873.74,81716,1873.74
2017-01-12,1882.01,1882.01,1836.49,1882.01,61409,1882.01
2017-01-13,1877.89,1890.29,1853.08,1869.62,64067,1869.62
2017-01-16,1869.62,1877.89,1832.35,1857.21,33847,1857.21
2017-01-17,1857.21,1857.21,1791.01,1811.68,46903,1811.68
2017-01-18,1807.54,1836.49,1766.2,1828.21,28287,1828.21
2017-01-19,1848.94,1853.08,1819.94,1836.49,28528,1836.49
2017-01-20,1844.76,1869.62,1828.21,1861.34,39406,1861.34
2017-01-23,1848.94,1848.94,1811.68,1828.21,27803,1828.21
2017-01-24,1828.21,1828.21,1791.01,1799.27,26110,1799.27
2017-01-25,1824.08,1836.49,1811.68,1832.35,21516,1832.35
2017-01-26,1848.94,1857.21,1840.62,1848.94,20067,1848.94
2017-01-27,1857.21,1898.57,1853.08,1886.14,84617,1886.14
2017-01-30,1902.68,1902.68,1865.47,1877.89,51013,1877.89
2017-01-31,1877.89,1915.09,1848.94,1915.09,98156,1915.09
2017-02-01,1931.63,1944.03,1902.68,1927.49,132727,1927.49
2017-02-02,1935.76,1939.89,1906.82,1910.95,52945,1910.95
2017-02-03,1906.82,1923.35,1869.62,1869.62,47386,1869.62
2017-02-06,1894.42,1935.76,1890.29,1923.35,96948,1923.35
2017-02-07,1919.22,1931.63,1906.82,1927.49,56572,1927.49
2017-02-08,1906.82,1923.35,1894.42,1923.35,46903,1923.35
2017-02-09,1910.95,1931.63,1886.14,1915.09,59957,1915.09
2017-02-10,1935.76,2006.09,1931.63,1960.61,214686,1960.61
2017-02-13,1989.56,1989.56,1898.57,1915.09,123541,1915.09
2017-02-14,1960.61,2010.24,1944.03,1956.48,155454,1956.48
2017-02-15,1989.56,1989.56,1952.34,1952.34,52945,1952.34
2017-02-16,1964.75,2010.24,1964.75,1993.69,110001,1993.69
2017-02-17,1981.28,2018.51,1981.28,2010.24,49319,2010.24
2017-02-20,2018.51,2018.51,1997.83,2014.36,57782,2014.36
2017-02-21,2014.36,2146.71,2014.36,2092.96,257237,2092.96
2017-02-22,2088.83,2121.9,2064.02,2064.02,108793,2064.02
2017-02-23,2068.15,2088.83,2022.63,2084.7,81716,2084.7
2017-02-24,2072.3,2121.9,2068.15,2080.55,95255,2080.55
2017-02-27,2064.02,2084.7,2059.87,2068.15,53188,2068.15
2017-02-28,2072.3,2105.36,2064.02,2068.15,52945,2068.15
2017-03-01,2055.71,2064.02,2018.51,2059.87,81716,2059.87
2017-03-02,2059.87,2059.87,2026.76,2039.18,67210,2039.18
2017-03-03,2039.18,2043.29,2006.09,2022.63,42067,2022.63
2017-03-06,2014.36,2022.63,2001.96,2010.24,31671,2010.24
2017-03-07,2001.96,2010.24,1977.16,1993.69,97430,1993.69
2017-03-08,1993.69,2030.9,1993.69,2022.63,65036,2022.63
2017-03-09,2039.18,2068.15,2035.03,2043.29,63584,2043.29
2017-03-10,2059.87,2076.43,2030.9,2059.87,79541,2059.87
2017-03-13,2068.15,2068.15,2014.36,2026.76,42792,2026.76
2017-03-14,2026.76,2030.9,2006.09,2018.51,41342,2018.51
2017-03-15,2026.76,2026.76,1968.88,1977.16,88485,1977.16
2017-03-16,1977.16,2018.51,1968.88,2014.36,63826,2014.36
2017-03-17,2018.51,2022.63,1981.28,1993.69,34090,1993.69
2017-03-21,1993.69,1993.69,1968.88,1985.42,26594,1985.42
2017-03-22,1956.48,1960.61,1915.09,1919.22,66968,1919.22
2017-03-23,1923.35,1956.48,1910.95,1948.16,80508,1948.16
2017-03-24,1948.16,1956.48,1927.49,1956.48,25869,1956.48
2017-03-27,1939.89,1939.89,1873.74,1877.89,84134,1877.89
2017-03-28,1894.42,1902.68,1869.62,1898.57,55123,1898.57
2017-03-29,1928.08,1928.08,1902.77,1919.64,26073,1919.64
2017-03-30,1919.64,1919.64,1869.02,1869.02,42900,1869.02
2017-03-31,1898.57,1902.77,1856.37,1856.37,52145,1856.37
2017-04-03,1856.37,1856.37,1814.17,1826.83,63285,1826.83
2017-04-04,1852.14,1852.14,1759.33,1793.07,61152,1793.07
2017-04-05,1793.07,1801.51,1767.76,1788.86,53093,1788.86
2017-04-06,1767.76,1776.19,1721.36,1734.01,61626,1734.01
2017-04-07,1746.67,1788.86,1746.67,1780.42,49538,1780.42
2017-04-10,1788.86,1809.96,1771.99,1797.3,32472,1797.3
2017-04-11,1784.64,1793.07,1763.55,1771.99,18961,1771.99
2017-04-12,1755.1,1755.1,1725.57,1738.23,41953,1738.23
2017-04-13,1721.36,1721.36,1691.83,1704.48,29627,1704.48
2017-04-14,1687.59,1708.69,1679.16,1679.16,25835,1679.16
2017-04-17,1653.85,1717.13,1653.85,1704.48,30101,1704.48
2017-04-18,1725.57,1750.88,1700.26,1700.26,35553,1700.26
2017-04-19,1691.83,1734.01,1691.83,1734.01,18725,1734.01
2017-04-20,1712.92,1734.01,1712.92,1712.92,18961,1712.92
2017-04-21,1738.23,1742.45,1729.79,1734.01,21568,1734.01
2017-04-24,1750.88,1750.88,1729.79,1729.79,39108,1729.79
2017-04-25,1729.79,1784.64,1729.79,1771.99,63047,1771.99
2017-04-26,1780.42,1797.3,1776.19,1788.86,37450,1788.86
2017-04-27,1788.86,1793.07,1755.1,1755.1,27494,1755.1
2017-04-28,1750.88,1788.86,1750.88,1771.99,55227,1771.99
2017-05-01,1784.64,1784.64,1755.1,1767.76,23940,1767.76
2017-05-02,1784.64,1793.07,1771.99,1780.42,52382,1780.42
2017-05-08,1793.07,1843.7,1788.86,1826.83,70870,1826.83
2017-05-09,1831.06,1839.49,1809.96,1809.96,35080,1809.96
2017-05-10,1818.39,1826.83,1814.17,1814.17,29627,1814.17
2017-05-11,1835.27,1835.27,1793.07,1797.3,41006,1797.3
2017-05-12,1793.07,1793.07,1776.19,1784.64,37686,1784.64
2017-05-15,1780.42,1793.07,1776.19,1784.64,42427,1784.64
2017-05-16,1793.07,1814.17,1788.86,1809.96,44087,1809.96
2017-05-17,1814.17,1843.7,1801.51,1831.06,85328,1831.06
2017-05-18,1826.83,1852.14,1738.23,1742.45,197440,1742.45
2017-05-19,1767.76,1784.64,1708.69,1725.57,124200,1725.57
2017-05-22,1734.01,1742.45,1696.04,1734.01,112586,1734.01
2017-05-23,1721.36,1738.23,1708.69,1729.79,56886,1729.79
2017-05-24,1729.79,1734.01,1708.69,1729.79,68500,1729.79
2017-05-25,1729.79,1742.45,1717.13,1738.23,44087,1738.23
2017-05-26,1734.01,1742.45,1721.36,1721.36,39108,1721.36
2017-05-29,1725.57,1729.79,1687.59,1696.04,87462,1696.04
2017-05-30,1700.26,1721.36,1696.04,1717.13,43612,1717.13
2017-05-31,1721.36,1721.36,1674.95,1683.38,63285,1683.38
2017-06-01,1696.04,1700.26,1683.38,1683.38,26546,1683.38
2017-06-02,1683.38,1691.83,1670.72,1670.72,90069,1670.72
2017-06-05,1674.95,1679.16,1666.51,1666.51,25598,1666.51
2017-06-06,1683.38,1683.38,1645.41,1645.41,70633,1645.41
2017-06-07,1645.41,1653.85,1620.08,1649.63,105713,1649.63
2017-06-08,1658.06,1662.28,1632.75,1632.75,40766,1632.75
2017-06-09,1636.97,1649.63,1628.54,1632.75,32234,1632.75
2017-06-12,1645.41,1666.51,1641.19,1662.28,30577,1662.28
2017-06-13,1670.72,1691.83,1666.51,1679.16,36028,1679.16
2017-06-14,1687.59,1712.92,1687.59,1708.69,47878,1708.69
2017-06-15,1717.13,1734.01,1700.26,1712.92,48116,1712.92
2017-06-16,1725.57,1729.79,1696.04,1708.69,20858,1708.69
2017-06-19,1708.69,1717.13,1700.26,1712.92,22517,1712.92
2017-06-20,1725.57,1729.79,1708.69,1717.13,31051,1717.13
2017-06-21,1725.57,1725.57,1704.48,1712.92,23227,1712.92
2017-06-22,1717.13,1717.13,1687.59,1696.04,20621,1696.04
2017-06-23,1696.04,1712.92,1687.59,1696.04,30340,1696.04
2017-06-26,1696.04,1704.48,1670.72,1670.72,20621,1670.72
2017-06-27,1687.59,1687.59,1666.51,1670.72,17065,1670.72
2017-06-28,1670.72,1679.16,1666.51,1666.51,18961,1666.51
2017-06-29,1670.72,1674.95,1662.28,1670.72,18014,1670.72
2017-06-30,1670.72,1670.72,1653.85,1666.51,44561,1666.51
2017-07-03,1666.51,1687.59,1666.51,1679.16,31997,1679.16
2017-07-04,1696.04,1704.48,1687.59,1691.83,31761,1691.83
2017-07-05,1687.59,1712.92,1687.59,1708.69,23701,1708.69
2017-07-06,1708.69,1746.67,1708.69,1721.36,53567,1721.36
2017-07-07,1717.13,1729.79,1708.69,1712.92,18251,1712.92
2017-07-10,1721.36,1759.33,1717.13,1755.1,49538,1755.1
2017-07-11,1759.33,1788.86,1759.33,1780.42,48591,1780.42
2017-07-12,1784.64,1788.86,1755.1,1755.1,31761,1755.1
2017-07-13,1767.76,1767.76,1725.57,1734.01,23465,1734.01
2017-07-14,1721.36,1742.45,1721.36,1738.23,37450,1738.23
2017-07-18,1742.45,1746.67,1721.36,1734.01,9006,1734.01
2017-07-19,1729.79,1738.23,1721.36,1734.01,13747,1734.01
2017-07-20,1734.01,1759.33,1734.01,1738.23,21806,1738.23
2017-07-21,1738.23,1738.23,1725.57,1734.01,13747,1734.01
2017-07-24,1734.01,1750.88,1729.79,1750.88,13274,1750.88
2017-07-25,1750.88,1750.88,1729.79,1738.23,13985,1738.23
2017-07-26,1742.45,1742.45,1717.13,1734.01,32234,1734.01
2017-07-27,1738.23,1742.45,1725.57,1742.45,20385,1742.45
2017-07-28,1742.45,1746.67,1725.57,1729.79,30813,1729.79
2017-07-31,1729.79,1729.79,1712.92,1725.57,27020,1725.57
2017-08-01,1721.36,1759.33,1721.36,1759.33,40058,1759.33
2017-08-02,1767.76,1767.76,1746.67,1755.1,18725,1755.1
2017-08-03,1750.88,1767.76,1746.67,1767.76,11378,1767.76
2017-08-04,1750.88,1759.33,1742.45,1746.67,9954,1746.67
2017-08-07,1759.33,1780.42,1755.1,1767.76,18487,1767.76
2017-08-08,1767.76,1771.99,1759.33,1767.76,8770,1767.76
2017-08-09,1771.99,1771.99,1729.79,1746.67,35080,1746.67
2017-08-10,1734.01,2050.43,1721.36,1970.27,368335,1970.27
2017-08-14,1970.27,1999.8,1928.08,1970.27,109268,1970.27
2017-08-15,1966.05,1978.7,1940.73,1961.84,59967,1961.84
2017-08-16,1982.92,2046.21,1966.05,2046.21,107135,2046.21
2017-08-17,2050.43,2058.87,2004.02,2004.02,65418,2004.02
2017-08-18,1970.27,2025.12,1966.05,2004.02,64233,2004.02
2017-08-21,2004.02,2016.67,1982.92,2004.02,24177,2004.02
2017-08-22,2004.02,2020.9,1982.92,2008.24,29392,2008.24
2017-08-23,2016.67,2016.67,1974.49,1991.36,34606,1991.36
2017-08-24,1982.92,2016.67,1982.92,2004.02,32472,2004.02
2017-08-25,2004.02,2020.9,2004.02,2012.47,18014,2012.47
2017-08-28,2020.9,2117.94,2012.47,2109.5,145058,2109.5
2017-08-29,2088.41,2172.78,2071.53,2168.58,121594,2168.58
2017-08-30,2177.01,2278.26,2177.01,2248.72,155250,2248.72
2017-08-31,2257.17,2299.35,2214.98,2282.49,66129,2282.49
2017-09-01,2278.26,2299.35,2210.75,2290.92,98602,2290.92
2017-09-04,2269.83,2295.15,2198.1,2223.41,55463,2223.41
2017-09-05,2210.75,2244.52,2088.41,2126.38,107609,2126.38
2017-09-06,2096.84,2189.66,2058.87,2147.47,65656,2147.47
2017-09-07,2164.34,2189.66,2122.16,2168.58,38634,2168.58
2017-09-08,2143.25,2181.22,2122.16,2134.81,36975,2134.81
2017-09-11,2164.34,2210.75,2147.47,2164.34,27258,2164.34
2017-09-12,2164.34,2202.32,2164.34,2181.22,27494,2181.22
2017-09-13,2193.89,2193.89,2139.03,2185.44,45508,2185.44
2017-09-14,2160.13,2172.78,2113.72,2122.16,66604,2122.16
2017-09-15,2113.72,2189.66,2113.72,2189.66,35553,2189.66
2017-09-19,2181.22,2223.41,2181.22,2219.2,29154,2219.2
2017-09-20,2219.2,2257.17,2202.32,2252.95,47405,2252.95
2017-09-21,2257.17,2278.26,2236.08,2252.95,40058,2252.95
2017-09-22,2227.64,2257.17,2198.1,2206.54,43375,2206.54
2017-09-25,2210.75,2223.41,2185.44,2219.2,17065,2219.2
2017-09-26,2193.89,2274.04,2193.89,2274.04,32946,2274.04
2017-09-27,2312.02,2312.02,2193.89,2256.32,17777,2256.32
2017-09-28,2241.13,2256.32,2210.75,2230.16,32472,2230.16
2017-09-29,2209.07,2272.36,2209.07,2265.61,42664,2265.61
2017-10-02,2278.26,2328.05,2260.54,2322.99,27376,2322.99
2017-10-03,2308.64,2317.93,2273.2,2283.33,31643,2283.33
2017-10-04,2295.15,2295.15,2229.33,2254.65,28443,2254.65
2017-10-05,2257.17,2258.01,2197.26,2222.57,23465,2222.57
2017-10-06,2236.08,2236.08,2202.32,2218.35,14103,2218.35
2017-10-10,2219.2,2278.26,2219.2,2268.14,19435,2268.14
2017-10-11,2278.26,2278.26,2242.82,2274.89,17540,2274.89
2017-10-12,2278.26,2303.59,2270.67,2281.63,34250,2281.63
2017-10-13,2267.29,2285.02,2252.95,2273.2,17185,2273.2
2017-10-16,2258.01,2268.98,2251.26,2253.8,10547,2253.8
2017-10-17,2261.39,2261.39,2227.64,2244.52,24768,2244.52
2017-10-18,2241.98,2258.85,2207.39,2219.2,26783,2219.2
2017-10-19,2210.75,2251.26,2210.75,2220.88,25005,2220.88
2017-10-20,2220.88,2231.85,2195.57,2210.75,19199,2210.75
2017-10-23,2255.48,2260.54,2227.64,2255.48,27494,2255.48
2017-10-24,2255.48,2306.95,2254.65,2303.59,31761,2303.59
2017-10-25,2307.8,2317.07,2295.15,2315.39,37094,2315.39
2017-10-26,2315.39,2354.19,2295.98,2354.19,45390,2354.19
2017-10-27,2357.57,2404.82,2322.99,2400.61,39583,2400.61
2017-10-30,2393.86,2393.86,2336.48,2385.42,37094,2385.42
2017-10-31,2385.42,2398.92,2347.44,2397.23,13392,2397.23
2017-11-01,2377.82,2387.11,2337.32,2357.57,31286,2357.57
2017-11-02,2347.44,2389.64,2339.02,2387.94,18014,2387.94
2017-11-06,2394.7,2396.39,2349.98,2369.39,32234,2369.39
2017-11-07,2369.39,2369.39,2340.71,2349.98,21451,2349.98
2017-11-08,2349.98,2349.98,2312.02,2333.96,31526,2333.96
2017-11-09,2328.9,2336.48,2270.67,2306.95,64707,2306.95
2017-11-10,2264.77,2341.54,2050.43,2071.53,139252,2071.53
2017-11-13,2113.72,2163.51,2088.41,2124.68,154065,2124.68
2017-11-14,2160.13,2160.13,2071.53,2075.75,74189,2075.75
2017-11-15,2067.3,2067.3,1961.84,2007.39,110572,2007.39
2017-11-16,1994.75,2025.12,1986.3,2008.24,59611,2008.24
2017-11-17,2008.24,2009.93,1961.84,1987.15,57833,1987.15
2017-11-20,1987.99,2018.36,1969.43,1998.95,74306,1998.95
2017-11-21,2001.49,2009.93,1981.24,2001.49,21095,2001.49
2017-11-22,2025.12,2025.12,1969.43,1978.7,31643,1978.7
2017-11-24,1979.55,2003.18,1959.3,1999.8,35909,1999.8
2017-11-27,2007.39,2007.39,1982.08,1995.59,21332,1995.59
2017-11-28,1994.75,1996.42,1979.55,1988.83,10192,1988.83
2017-11-29,1994.75,2017.52,1982.92,1993.05,25005,1993.05
2017-11-30,1993.05,2021.74,1982.08,2018.36,40886,2018.36
2017-12-01,2029.34,2040.31,1998.12,2006.54,28206,2006.54
2017-12-04,2009.08,2024.27,1975.33,1978.7,25126,1978.7
2017-12-05,1998.95,2008.24,1970.27,1990.52,31526,1990.52
2017-12-06,1987.99,1991.36,1950.85,1969.43,44204,1969.43
2017-12-07,1968.57,2048.74,1968.57,2047.05,64114,2047.05
2017-12-08,2028.49,2062.25,2014.99,2052.12,22992,2052.12
2017-12-11,2052.12,2063.1,2030.19,2047.91,14221,2047.91
2017-12-12,2063.1,2066.46,2036.93,2053.81,13511,2053.81
2017-12-13,2065.62,2065.62,2014.15,2019.21,17777,2019.21
2017-12-14,2045.37,2045.37,2015.83,2028.49,9245,2028.49
2017-12-15,2028.49,2028.49,1995.59,2005.71,15407,2005.71
2017-12-18,2016.67,2017.52,2005.71,2016.67,18014,2016.67
2017-12-19,2031.03,2031.03,1987.15,1987.99,17422,1987.99
2017-12-20,1987.99,1989.68,1959.3,1983.77,29984,1983.77
2017-12-21,1987.99,2042.84,1983.77,2038.62,20027,2038.62
2017-12-22,2048.74,2060.56,2016.67,2026.8,25835,2026.8
2017-12-25,2029.34,2030.19,1996.42,1999.8,18961,1999.8
2017-12-26,1999.8,1999.8,1960.14,1967.73,52382,1967.73
2017-12-27,1968.57,2037.78,1968.57,2031.03,43375,2031.03
2017-12-28,2025.96,2047.91,2009.93,2037.78,17540,2037.78
2017-12-29,2035.24,2038.62,2016.67,2020.06,14932,2020.06
2018-01-04,2033.56,2057.17,2025.96,2055.5,21924,2055.5
2018-01-05,2060.56,2074.05,2052.12,2069.0,21213,2069.0
2018-01-09,2086.72,2112.03,2079.98,2096.84,29747,2096.84
2018-01-10,2097.69,2102.75,2077.44,2080.82,17065,2080.82
2018-01-11,2076.59,2076.59,2057.17,2064.77,25718,2064.77
2018-01-12,2065.62,2075.75,2056.33,2057.17,27494,2057.17
2018-01-15,2066.46,2070.69,2052.97,2054.65,14577,2054.65
2018-01-16,2056.33,2085.87,2051.28,2084.18,27020,2084.18
2018-01-17,2085.87,2085.87,2053.81,2060.56,18844,2060.56
2018-01-18,2063.1,2071.53,2031.03,2033.56,28443,2033.56
2018-01-19,2033.56,2045.37,2025.96,2031.86,13747,2031.86
2018-01-22,2045.37,2049.58,2032.71,2039.46,15761,2039.46
2018-01-23,2048.74,2056.33,2041.99,2045.37,9954,2045.37
2018-01-24,2054.65,2065.62,2045.37,2049.58,10073,2049.58
2018-01-25,2050.43,2067.3,2037.78,2052.12,23110,2052.12
2018-01-26,2064.77,2090.1,2063.93,2074.05,25598,2074.05
2018-01-29,2104.44,2107.82,2080.82,2084.18,23348,2084.18
2018-01-30,2084.18,2089.25,2044.52,2066.46,25361,2066.46
2018-01-31,2061.41,2061.41,2041.99,2047.91,21332,2047.91
2018-02-01,2047.91,2085.03,2046.21,2070.69,18844,2070.69
2018-02-02,2063.93,2084.18,2057.17,2075.75,17301,2075.75
2018-02-05,2040.31,2058.87,2028.49,2055.5,23585,2055.5
2018-02-06,1961.84,1972.81,1846.24,1898.57,65418,1898.57
2018-02-07,1982.08,1982.08,1899.39,1899.39,18251,1899.39
2018-02-08,1898.57,1991.36,1872.39,1974.49,86987,1974.49
2018-02-09,1847.93,2030.19,1796.45,2014.15,63166,2014.15
2018-02-13,2044.52,2075.75,2017.52,2035.24,41834,2035.24
2018-02-14,2035.24,2035.24,1971.11,1977.86,27494,1977.86
2018-02-15,2008.24,2013.31,1976.18,1999.8,14932,1999.8
2018-02-16,2012.47,2067.3,2012.47,2050.43,25598,2050.43
2018-02-19,2054.65,2104.44,2054.65,2102.75,27731,2102.75
2018-02-20,2102.75,2102.75,2075.75,2099.37,12561,2099.37
2018-02-21,2099.37,2124.68,2091.78,2101.07,20147,2101.07
2018-02-22,2096.84,2096.84,2059.71,2076.59,5452,2076.59
2018-02-23,2085.03,2199.78,2085.03,2176.17,46219,2176.17
2018-02-26,2180.37,2180.37,2135.66,2148.32,11140,2148.32
2018-02-27,2150.0,2155.07,2117.09,2122.16,18369,2122.16
2018-02-28,2123.0,2147.47,2122.16,2124.68,12325,2124.68
2018-03-01,2122.16,2122.16,2075.75,2100.22,22635,2100.22
2018-03-02,2069.0,2106.12,2060.56,2086.72,28443,2086.72
2018-03-05,2080.82,2085.03,1993.9,2007.39,37450,2007.39
2018-03-06,2032.71,2103.59,2032.71,2069.84,18961,2069.84
2018-03-07,2070.69,2103.59,2063.93,2070.69,16118,2070.69
2018-03-08,2082.5,2111.19,2081.65,2095.16,14103,2095.16
2018-03-09,2109.5,2139.88,2103.59,2128.07,22043,2128.07
2018-03-12,2150.0,2208.23,2149.16,2192.19,68380,2192.19
2018-03-13,2176.17,2188.82,2160.13,2171.95,15524,2171.95
2018-03-14,2171.95,2172.78,2105.29,2112.03,25126,2112.03
2018-03-15,2100.22,2115.41,2072.38,2101.07,21095,2101.07
2018-03-16,2133.13,2133.13,2105.29,2117.09,12207,2117.09
2018-03-19,2139.88,2139.88,2076.59,2088.41,19319,2088.41
2018-03-20,2088.41,2181.22,2058.87,2166.04,151339,2166.04
2018-03-22,2181.22,2199.78,2151.69,2197.26,76322,2197.26
2018-03-23,2153.38,2171.1,2096.84,2150.0,67434,2150.0
2018-03-26,2127.22,2140.73,2083.34,2140.73,38161,2140.73
2018-03-27,2141.56,2183.76,2141.56,2176.17,40413,2176.17
2018-03-28,2177.04,2185.73,2109.98,2157.87,36631,2157.87
2018-03-29,2176.17,2183.13,2114.33,2125.65,30546,2125.65
2018-03-30,2144.82,2144.82,2076.02,2082.11,78432,2082.11
2018-04-02,2085.6,2098.65,2085.6,2088.21,21819,2088.21
2018-04-03,2070.8,2073.41,2031.6,2039.43,38469,2039.43
2018-04-04,2058.59,2058.59,2037.71,2048.16,18718,2048.16
2018-04-05,2072.53,2104.76,2060.34,2096.05,32154,2096.05
2018-04-06,2111.72,2121.3,2046.4,2047.28,28135,2047.28
2018-04-09,2034.22,2034.22,1978.48,1995.03,89801,1995.03
2018-04-10,1990.68,2011.57,1957.59,1999.38,126318,1999.38
2018-04-11,2008.09,2061.21,1976.75,2057.74,70623,2057.74
2018-04-12,2054.24,2055.12,2006.35,2013.32,30201,2013.32
2018-04-13,2022.9,2082.11,2015.93,2058.59,46392,2058.59
2018-04-16,2070.8,2099.53,2050.77,2088.21,26297,2088.21
2018-04-17,2074.27,2083.85,2014.18,2029.87,28364,2029.87
2018-04-18,2056.87,2099.53,2026.38,2092.57,43523,2092.57
2018-04-19,2092.57,2148.3,2081.24,2130.01,45016,2130.01
2018-04-20,2124.79,2129.14,2104.76,2122.17,16077,2122.17
2018-04-23,2111.72,2198.81,2111.72,2169.2,49723,2169.2
2018-04-24,2162.23,2179.64,2136.98,2163.97,18488,2163.97
2018-04-25,2130.88,2167.45,2129.14,2143.07,15732,2143.07
2018-04-26,2135.23,2162.23,2115.21,2150.03,41226,2150.03
2018-04-27,2136.98,2149.17,2115.21,2133.49,33302,2133.49
2018-05-01,2123.05,2141.33,2116.08,2128.26,18260,2128.26
2018-05-02,2108.24,2184.0,2108.24,2175.29,29627,2175.29
2018-05-07,2180.51,2203.15,2157.01,2192.71,28939,2192.71
2018-05-08,2192.71,2204.03,2170.06,2188.35,23197,2188.35
2018-05-09,2187.48,2187.48,2166.58,2182.26,12402,2182.26
2018-05-10,2174.42,2178.77,2155.26,2168.33,12860,2168.33
2018-05-11,2168.33,2178.77,2150.91,2177.9,16881,2177.9
2018-05-14,2181.38,2203.15,2170.94,2198.81,16307,2198.81
2018-05-15,2194.44,2219.7,2187.48,2218.83,25837,2218.83
2018-05-16,2237.12,2254.53,2219.7,2228.41,83140,2228.41
2018-05-17,2237.99,2269.34,2109.12,2185.73,198666,2185.73
2018-05-18,2204.91,2307.65,2196.19,2307.65,288926,2307.65
2018-05-21,2309.39,2368.62,2301.56,2368.62,79465,2368.62
2018-05-22,2344.23,2409.53,2319.84,2406.92,50757,2406.92
2018-05-23,2418.25,2506.2,2402.57,2427.83,125171,2427.83
2018-05-24,2420.86,2458.31,2374.7,2394.73,38929,2394.73
2018-05-25,2383.42,2399.1,2353.8,2391.26,19522,2391.26
2018-05-28,2395.6,2395.6,2334.65,2360.78,32498,2360.78
2018-05-29,2360.78,2361.64,2286.75,2297.21,31235,2297.21
2018-05-30,2255.4,2271.96,2224.93,2241.47,60403,2241.47
2018-05-31,2255.4,2255.4,2204.03,2211.87,21015,2211.87
2018-06-01,2209.25,2271.08,2199.67,2251.93,44096,2251.93
2018-06-04,2286.75,2379.93,2281.52,2355.55,54547,2355.55
2018-06-05,2368.62,2368.62,2239.72,2247.56,27905,2247.56
2018-06-06,2326.81,2403.44,2288.5,2352.07,43293,2352.07
2018-06-07,2356.42,2365.13,2322.45,2333.77,17914,2333.77
2018-06-08,2311.14,2352.07,2310.27,2324.21,20900,2324.21
2018-06-11,2339.01,2359.03,2330.29,2332.05,15848,2332.05
2018-06-12,2338.13,2348.59,2312.01,2322.45,10451,2322.45
2018-06-13,2324.21,2324.21,2285.02,2293.72,16995,2293.72
2018-06-14,2308.53,2320.72,2285.88,2296.34,13895,2296.34
2018-06-15,2310.27,2332.05,2310.27,2325.08,11484,2325.08
2018-06-18,2309.39,2311.14,2259.76,2266.72,19177,2266.72
2018-06-19,2260.63,2305.91,2256.28,2275.43,16422,2275.43
2018-06-20,2276.31,2276.31,2203.15,2270.2,21130,2270.2
2018-06-21,2264.12,2298.95,2241.47,2268.47,25609,2268.47
2018-06-22,2264.12,2281.52,2219.7,2223.18,25953,2223.18
2018-06-25,2236.25,2255.4,2224.06,2224.06,17570,2224.06
2018-06-26,2224.06,2237.12,2194.44,2231.9,18488,2231.9
2018-06-27,2220.58,2251.05,2209.25,2230.15,9302,2230.15
2018-06-28,2228.41,2272.82,2216.22,2258.02,15043,2258.02
2018-06-29,2257.16,2257.16,2196.19,2219.7,20900,2219.7
2018-07-02,2217.96,2219.7,2156.13,2157.01,18604,2157.01
2018-07-03,2161.36,2182.26,2094.3,2135.23,51102,2135.23
2018-07-04,2126.52,2151.78,2126.52,2142.19,41800,2142.19
2018-07-05,2142.19,2150.03,2117.82,2139.58,23427,2139.58
2018-07-06,2147.42,2186.6,2144.82,2185.73,10795,2185.73
2018-07-09,2212.74,2272.82,2197.93,2264.99,12288,2264.99
2018-07-10,2307.65,2307.65,2237.99,2239.72,10910,2239.72
2018-07-11,2221.45,2230.15,2199.67,2220.58,22852,2220.58
2018-07-12,2220.58,2227.54,2184.88,2190.97,25149,2190.97
2018-07-13,2193.58,2226.67,2192.71,2213.6,7693,2213.6
2018-07-17,2230.15,2230.15,2194.44,2204.03,17454,2204.03
2018-07-18,2231.9,2279.79,2210.12,2269.34,13436,2269.34
2018-07-19,2273.69,2273.69,2232.76,2246.69,10451,2246.69
2018-07-20,2249.32,2298.95,2213.6,2266.72,37091,2266.72
2018-07-23,2287.63,2306.78,2248.44,2254.53,15618,2254.53
2018-07-24,2284.14,2286.75,2237.99,2259.76,22278,2259.76
2018-07-25,2293.72,2293.72,2255.4,2259.76,11139,2259.76
2018-07-26,2248.44,2292.85,2244.09,2263.24,24805,2263.24
2018-07-27,2283.27,2291.98,2257.16,2268.47,12402,2268.47
2018-07-30,2285.02,2305.05,2267.59,2287.63,14355,2287.63
2018-07-31,2258.02,2282.4,2248.44,2278.04,13320,2278.04
2018-08-01,2270.2,2298.95,2250.18,2295.46,13895,2295.46
2018-08-02,2268.47,2278.04,2244.09,2247.56,13436,2247.56
2018-08-03,2250.18,2260.63,2216.22,2220.58,18260,2220.58
2018-08-06,2244.09,2258.02,2174.42,2174.42,19522,2174.42
2018-08-07,2182.26,2259.76,2159.62,2245.82,21015,2245.82
2018-08-08,2246.69,2262.37,2204.91,2233.63,10336,2233.63
2018-08-09,2211.87,2224.06,2203.15,2204.03,14010,2204.03
2018-08-10,2205.76,2217.96,1966.29,1986.31,109552,1986.31
2018-08-13,1984.59,1987.19,1907.95,1908.83,94511,1908.83
2018-08-14,1952.36,1952.36,1864.41,1890.53,50298,1890.53
2018-08-15,1923.63,1923.63,1828.71,1840.9,91408,1840.9
2018-08-16,1840.9,1840.9,1773.85,1782.55,42948,1782.55
2018-08-17,1793.0,1840.9,1793.0,1826.1,64996,1826.1
2018-08-20,1827.83,1886.18,1827.83,1881.83,47082,1881.83
2018-08-21,1883.57,1883.57,1833.06,1836.55,26642,1836.55
2018-08-22,1901.86,1901.86,1852.21,1876.61,13320,1876.61
2018-08-23,1878.34,1888.79,1864.41,1868.77,11024,1868.77
2018-08-24,1872.24,1880.96,1868.77,1872.24,21015,1872.24
2018-08-27,1876.61,1885.31,1866.15,1875.73,26183,1875.73
2018-08-28,1881.83,1899.24,1868.77,1875.73,16191,1875.73
2018-08-29,1876.61,1880.96,1872.24,1874.85,16995,1874.85
2018-08-30,1873.99,1894.89,1872.24,1884.44,29398,1884.44
2018-08-31,1880.96,1883.57,1869.64,1872.24,11368,1872.24
2018-09-03,1872.24,1880.08,1837.41,1874.85,28595,1874.85
2018-09-04,1881.83,1889.67,1833.94,1867.02,99562,1867.02
2018-09-05,1872.24,1887.92,1865.28,1873.99,52709,1873.99
2018-09-06,1873.99,1885.31,1870.51,1872.24,39503,1872.24
2018-09-07,1881.83,1889.67,1854.83,1880.08,57647,1880.08
2018-09-10,1891.4,1893.15,1878.34,1880.08,36404,1880.08
2018-09-11,1881.83,1887.92,1879.21,1887.92,70509,1887.92
2018-09-12,1889.67,1900.11,1878.34,1880.96,40652,1880.96
2018-09-13,1894.02,1921.89,1881.83,1899.24,25493,1899.24
2018-09-14,1900.11,1933.2,1889.67,1919.26,69017,1919.26
2018-09-18,1918.39,1939.3,1907.08,1937.57,23312,1937.57
2018-09-19,1951.49,1969.78,1943.66,1950.62,29168,1950.62
2018-09-20,1954.1,1957.59,1930.59,1941.04,30087,1941.04
2018-09-21,1941.04,1972.38,1939.3,1963.68,31004,1963.68
2018-09-25,1975.88,1981.11,1950.62,1981.11,39389,1981.11
2018-09-26,1976.75,1984.59,1961.94,1983.71,25034,1983.71
2018-09-27,1986.31,2002.87,1970.65,1973.27,31120,1973.27
2018-09-28,1972.38,2002.87,1972.38,1976.75,13550,1976.75
2018-10-01,1982.84,1982.84,1975.88,1981.11,15388,1981.11
2018-10-02,1985.45,2009.84,1961.07,1961.07,31464,1961.07
2018-10-03,1969.78,1978.48,1952.36,1963.68,23771,1963.68
2018-10-04,1981.97,1989.81,1942.78,1950.62,17225,1950.62
2018-10-05,1950.62,1950.62,1920.14,1934.94,14813,1934.94
2018-10-09,1935.82,1935.82,1910.56,1915.79,16651,1915.79
2018-10-10,1959.33,1959.33,1909.7,1919.26,10105,1919.26
2018-10-11,1853.09,1869.64,1839.16,1849.61,25493,1849.61
2018-10-12,1831.32,1869.64,1831.32,1857.45,11484,1857.45
2018-10-15,1860.05,1872.24,1846.13,1860.93,14929,1860.93
2018-10-16,1854.83,1871.37,1846.99,1865.28,16651,1865.28
2018-10-17,1893.15,1912.3,1893.15,1907.95,33991,1907.95
2018-10-18,1900.99,1915.79,1887.05,1895.76,12057,1895.76
2018-10-19,1894.89,1914.92,1875.73,1898.37,11598,1898.37
2018-10-22,1898.37,1910.56,1895.76,1905.33,12747,1905.33
2018-10-23,1902.72,1907.95,1889.67,1900.11,22852,1900.11
2018-10-24,1898.37,1927.98,1891.4,1925.37,12517,1925.37
2018-10-25,1873.12,1916.66,1873.12,1900.99,29627,1900.99
2018-10-26,1900.99,1921.02,1887.05,1900.11,26067,1900.11
2018-10-29,1919.26,1936.7,1871.37,1872.24,47427,1872.24
2018-10-30,1915.79,1930.59,1872.24,1912.3,97725,1912.3
2018-10-31,1917.54,1944.52,1899.24,1913.18,18144,1913.18
2018-11-01,1899.24,1934.94,1887.92,1926.23,85782,1926.23
2018-11-02,1925.37,2013.32,1915.79,1996.78,34910,1996.78
2018-11-05,1976.75,1983.71,1962.81,1967.17,27905,1967.17
2018-11-06,1960.2,1964.55,1941.91,1943.66,37666,1943.66
2018-11-07,1943.66,1957.59,1926.23,1938.42,18488,1938.42
2018-11-08,1938.42,1975.0,1938.42,1945.4,39273,1945.4
2018-11-09,1944.52,1954.1,1934.94,1936.7,4019,1936.7
2018-11-12,1934.94,1956.72,1914.92,1921.02,26527,1921.02
2018-11-13,1915.79,1915.79,1880.08,1887.05,28020,1887.05
2018-11-14,1897.51,1901.86,1880.96,1889.67,31120,1889.67
2018-11-15,1889.67,1901.86,1871.37,1892.28,23656,1892.28
2018-11-16,1889.67,1894.89,1850.48,1854.83,35369,1854.83
2018-11-19,1873.99,1873.99,1827.83,1841.77,24460,1841.77
2018-11-20,1843.51,1844.37,1820.87,1827.83,43064,1827.83
2018-11-21,1845.25,1845.25,1813.9,1830.44,45360,1830.44
2018-11-22,1849.61,1851.34,1826.96,1838.28,16881,1838.28
2018-11-26,1915.79,1917.54,1851.34,1860.05,29972,1860.05
2018-11-27,1860.93,1870.51,1850.48,1857.45,27102,1857.45
2018-11-28,1855.7,1867.89,1846.99,1866.15,27215,1866.15
2018-11-29,1863.54,1874.85,1849.61,1851.34,26527,1851.34
2018-11-30,1854.83,1893.15,1849.61,1885.31,10795,1885.31
2018-12-03,1886.18,1895.76,1874.85,1878.34,14239,1878.34
2018-12-04,1878.34,1878.34,1820.0,1823.48,16766,1823.48
2018-12-05,1823.48,1823.48,1759.04,1764.27,32957,1764.27
2018-12-06,1807.8,1807.8,1752.95,1757.3,43523,1757.3
2018-12-07,1775.59,1775.59,1736.41,1757.3,46050,1757.3
2018-12-10,1751.2,1762.52,1731.17,1743.37,22508,1743.37
2018-12-11,1731.17,1744.23,1686.76,1698.09,188560,1698.09
2018-12-12,1707.66,1795.62,1689.38,1768.62,61321,1768.62
2018-12-13,1752.95,1851.34,1752.95,1848.74,53513,1848.74
2018-12-14,1848.74,1848.74,1785.16,1793.88,46050,1793.88
2018-12-17,1787.78,1794.75,1738.14,1743.37,21475,1743.37
2018-12-18,1786.91,1804.32,1731.17,1735.53,48346,1735.53
2018-12-19,1735.53,1767.75,1725.95,1736.41,10680,1736.41
2018-12-20,1729.44,1759.04,1690.25,1712.02,39273,1712.02
2018-12-21,1699.83,1765.14,1641.49,1726.82,122070,1726.82
2018-12-25,1709.41,1730.3,1654.55,1705.05,66145,1705.05
2018-12-26,1687.63,1750.34,1687.63,1741.63,24115,1741.63
2018-12-27,1785.16,1847.87,1766.88,1829.58,48575,1829.58
2018-12-28,1810.42,1818.26,1781.69,1798.23,8958,1798.23
2019-01-04,1778.2,1784.29,1747.72,1776.46,16077,1776.46
2019-01-07,1794.75,1833.06,1764.27,1771.23,67294,1771.23
2019-01-08,1774.71,1813.03,1770.36,1781.69,33647,1781.69
2019-01-09,1772.98,1793.0,1757.3,1773.85,25264,1773.85
2019-01-10,1773.85,1784.29,1754.68,1781.69,16995,1781.69
2019-01-11,1776.46,1776.46,1751.2,1758.17,13320,1758.17
2019-01-15,1749.47,1766.01,1738.14,1750.34,34679,1750.34
2019-01-16,1752.07,1752.07,1717.24,1717.24,28479,1717.24
2019-01-17,1733.79,1742.5,1713.77,1724.2,12977,1724.2
2019-01-18,1731.17,1777.32,1731.17,1759.04,26527,1759.04
2019-01-21,1759.91,1799.96,1753.82,1761.66,65456,1761.66
2019-01-22,1761.66,1761.66,1745.98,1750.34,5971,1750.34
2019-01-23,1741.63,1760.78,1740.75,1752.07,11139,1752.07
2019-01-24,1763.39,1765.14,1734.66,1740.75,19522,1740.75
2019-01-25,1740.75,1772.1,1736.41,1736.41,68442,1736.41
2019-01-28,1745.11,1753.82,1733.79,1735.53,15043,1735.53
2019-01-29,1735.53,1738.14,1723.34,1736.41,17914,1736.41
2019-01-30,1736.41,1736.41,1714.63,1714.63,17341,1714.63
2019-01-31,1714.63,1726.82,1705.05,1705.05,8727,1705.05
2019-02-01,1705.05,1711.14,1692.86,1706.79,25609,1706.79
2019-02-04,1706.79,1765.14,1706.79,1739.01,22852,1739.01
2019-02-05,1738.14,1769.5,1707.66,1760.78,26871,1760.78
2019-02-06,1751.2,1760.78,1738.14,1744.23,12057,1744.23
2019-02-07,1742.5,1757.3,1713.77,1730.3,10451,1730.3
2019-02-08,1728.57,1745.11,1707.66,1734.66,16077,1734.66
2019-02-12,1723.34,1723.34,1691.11,1691.99,16422,1691.99
2019-02-13,1696.34,1697.22,1631.03,1688.5,34795,1688.5
2019-02-14,1688.5,1716.37,1683.29,1689.38,9992,1689.38
2019-02-15,1671.08,1694.6,1670.22,1693.73,6316,1693.73
2019-02-18,1693.73,1708.54,1691.11,1708.54,10680,1708.54
2019-02-19,1685.02,1712.89,1685.02,1700.7,13895,1700.7
2019-02-20,1700.7,1705.05,1690.25,1696.34,17454,1696.34
2019-02-21,1693.73,1705.93,1686.76,1688.5,10795,1688.5
2019-02-22,1695.47,1695.47,1669.36,1685.9,10680,1685.9
2019-02-25,1689.38,1707.66,1684.15,1706.79,23771,1706.79
2019-02-26,1705.93,1706.79,1684.15,1686.76,9302,1686.76
2019-02-27,1700.7,1710.27,1686.76,1705.93,10680,1705.93
2019-02-28,1696.34,1709.41,1691.99,1699.83,7464,1699.83
2019-03-01,1699.83,1703.31,1686.76,1692.86,13206,1692.86
2019-03-04,1693.73,1696.34,1685.9,1694.6,9416,1694.6
2019-03-05,1690.25,1697.22,1685.9,1690.25,14698,1690.25
2019-03-06,1685.9,1719.86,1685.9,1719.86,14929,1719.86
2019-03-07,1718.11,1718.11,1686.76,1702.44,13780,1702.44
2019-03-08,1691.11,1691.11,1632.77,1636.26,32383,1636.26
2019-03-11,1621.45,1645.84,1611.0,1642.36,20900,1642.36
2019-03-12,1638.87,1670.22,1638.87,1664.99,9992,1664.99
2019-03-13,1652.81,1673.7,1644.08,1647.58,14355,1647.58
2019-03-14,1647.58,1666.73,1634.52,1635.38,13206,1635.38
2019-03-15,1660.64,1674.57,1638.87,1662.39,11943,1662.39
2019-03-18,1663.25,1682.42,1663.25,1675.45,12057,1675.45
2019-03-19,1672.83,1672.83,1646.7,1646.7,15388,1646.7
2019-03-20,1646.7,1647.58,1631.03,1637.13,15273,1637.13
2019-03-22,1642.36,1659.77,1634.52,1653.68,16881,1653.68
2019-03-25,1651.93,1651.93,1630.16,1644.08,18373,1644.08
2019-03-26,1655.42,1705.05,1655.42,1686.76,43407,1686.76
2019-03-27,1713.11,1727.64,1684.94,1721.28,21688,1721.28
2019-03-28,1723.09,1723.09,1702.21,1712.2,13872,1712.2
2019-03-29,1704.92,1735.81,1689.49,1712.2,18165,1712.2
2019-04-01,1727.64,1743.08,1697.67,1710.38,38203,1710.38
2019-04-02,1713.11,1719.46,1699.48,1704.92,15302,1704.92
2019-04-03,1699.48,1713.11,1682.21,1708.57,16514,1708.57
2019-04-04,1719.46,1719.46,1700.38,1704.92,11670,1704.92
2019-04-05,1721.28,1742.17,1705.84,1726.73,10238,1726.73
2019-04-08,1729.46,1733.09,1694.03,1702.21,9689,1702.21
2019-04-09,1707.65,1714.01,1694.03,1708.57,5394,1708.57
2019-04-10,1712.2,1712.2,1694.94,1702.21,5614,1702.21
2019-04-11,1703.11,1704.02,1691.3,1695.85,9467,1695.85
2019-04-12,1698.57,1707.65,1670.42,1674.96,15523,1674.96
2019-04-15,1676.78,1688.58,1664.96,1676.78,13101,1676.78
2019-04-16,1677.68,1695.85,1677.68,1686.76,5174,1686.76
2019-04-17,1687.67,1700.38,1674.05,1678.59,10128,1678.59
2019-04-18,1678.59,1678.59,1654.07,1655.88,9138,1655.88
2019-04-19,1681.31,1681.31,1661.34,1673.14,8697,1673.14
2019-04-22,1673.14,1699.48,1661.34,1691.3,15413,1691.3
2019-04-23,1691.3,1711.29,1682.21,1703.11,5726,1703.11
2019-04-24,1699.48,1746.72,1668.59,1718.55,43707,1718.55
2019-04-25,1718.55,1769.43,1715.84,1769.43,45137,1769.43
2019-04-26,1767.61,1785.78,1738.54,1773.05,14422,1773.05
2019-05-07,1773.05,1805.76,1716.73,1721.28,23120,1721.28
2019-05-08,1710.38,1710.38,1657.7,1669.5,31046,1669.5
2019-05-09,1663.14,1663.14,1607.74,1626.81,41615,1626.81
2019-05-10,1626.81,1652.25,1602.29,1639.53,24220,1639.53
2019-05-13,1654.07,1654.07,1611.37,1611.37,16184,1611.37
2019-05-14,1600.47,1615.0,1574.13,1615.0,34459,1615.0
2019-05-15,1615.0,1624.09,1612.28,1623.18,17725,1623.18
2019-05-16,1619.55,1646.79,1595.93,1633.17,35340,1633.17
2019-05-17,1633.17,1689.49,1628.63,1639.53,40404,1639.53
2019-05-20,1639.53,1639.53,1599.57,1614.09,20257,1614.09
2019-05-21,1590.49,1608.65,1557.78,1595.93,29725,1595.93
2019-05-22,1598.65,1601.38,1569.59,1591.38,14091,1591.38
2019-05-23,1589.58,1589.58,1559.59,1579.58,17285,1579.58
2019-05-24,1576.86,1576.86,1534.17,1547.79,17835,1547.79
2019-05-27,1548.7,1548.7,1530.53,1545.97,8808,1545.97
2019-05-28,1545.97,1545.97,1525.08,1545.07,13101,1545.07
2019-05-29,1544.15,1544.15,1526.9,1528.72,15853,1528.72
2019-05-30,1523.26,1552.34,1512.36,1547.79,9579,1547.79
2019-05-31,1525.99,1530.53,1504.19,1523.26,23561,1523.26
2019-06-03,1498.74,1512.36,1478.76,1502.37,14643,1502.37
2019-06-04,1504.19,1540.52,1500.56,1521.44,19266,1521.44
2019-06-05,1541.43,1549.61,1518.72,1541.43,22680,1541.43
2019-06-06,1545.97,1547.79,1524.17,1525.99,9357,1525.99
2019-06-07,1526.9,1539.61,1506.0,1532.35,14753,1532.35
2019-06-10,1496.01,1546.88,1496.01,1535.99,18275,1535.99
2019-06-11,1530.53,1534.17,1510.55,1516.01,16184,1516.01
2019-06-12,1519.63,1529.63,1499.65,1516.91,20477,1516.91
2019-06-13,1516.91,1526.9,1494.2,1506.0,11450,1506.0
2019-06-14,1506.92,1517.82,1499.65,1499.65,24000,1499.65
2019-06-17,1500.56,1501.46,1484.21,1486.02,13761,1486.02
2019-06-18,1483.29,1484.21,1436.07,1436.07,48220,1436.07
2019-06-19,1453.32,1491.47,1447.87,1482.39,39303,1482.39
2019-06-20,1482.39,1493.3,1461.51,1488.75,16184,1488.75
2019-06-21,1485.11,1520.54,1476.94,1508.73,63963,1508.73
2019-06-24,1508.73,1510.55,1491.47,1499.65,17285,1499.65
2019-06-25,1500.56,1515.09,1496.01,1499.65,4845,1499.65
2019-06-26,1497.84,1508.73,1488.75,1494.2,6826,1494.2
2019-06-27,1485.11,1515.09,1485.11,1514.18,6275,1514.18
2019-06-28,1500.56,1513.28,1498.74,1506.0,4293,1506.0
2019-07-01,1507.82,1524.17,1506.92,1519.63,11560,1519.63
2019-07-02,1517.82,1536.88,1517.82,1528.72,8587,1528.72
2019-07-03,1527.8,1532.35,1519.63,1532.35,3853,1532.35
2019-07-04,1535.99,1575.94,1535.99,1564.14,23009,1564.14
2019-07-05,1571.41,1582.3,1559.59,1567.78,7486,1567.78
2019-07-08,1565.05,1565.96,1549.61,1552.34,5835,1552.34
2019-07-09,1553.24,1560.5,1541.43,1547.79,9689,1547.79
2019-07-10,1549.61,1563.23,1547.79,1551.43,6935,1551.43
2019-07-11,1553.24,1573.21,1553.24,1568.68,7486,1568.68
2019-07-12,1569.59,1571.41,1546.88,1548.7,12991,1548.7
2019-07-16,1550.51,1575.94,1548.7,1562.32,19486,1562.32
2019-07-17,1557.78,1572.32,1545.07,1565.05,12000,1565.05
2019-07-18,1565.05,1565.05,1512.36,1523.26,13211,1523.26
2019-07-19,1534.17,1552.34,1534.17,1544.15,16624,1544.15
2019-07-22,1544.15,1563.23,1533.26,1541.43,16514,1541.43
2019-07-23,1541.43,1566.86,1541.43,1544.15,4734,1544.15
2019-07-24,1543.25,1554.15,1540.52,1548.7,6826,1548.7
2019-07-25,1550.51,1563.23,1550.51,1553.24,5285,1553.24
2019-07-26,1553.24,1555.96,1532.35,1554.15,6496,1554.15
2019-07-29,1558.69,1558.69,1541.43,1545.97,14862,1545.97
2019-07-30,1545.97,1553.24,1545.07,1553.24,2862,1553.24
2019-07-31,1553.24,1565.96,1551.43,1555.05,4293,1555.05
2019-08-01,1545.07,1547.79,1543.25,1546.88,2862,1546.88
2019-08-02,1542.34,1542.34,1495.11,1509.64,46349,1509.64
2019-08-05,1507.82,1507.82,1448.78,1480.58,40515,1480.58
2019-08-06,1454.23,1471.49,1435.15,1467.86,13320,1467.86
2019-08-07,1462.41,1462.41,1432.43,1439.7,44257,1439.7
2019-08-08,1444.24,1453.32,1419.72,1432.43,47670,1432.43
2019-08-09,1432.43,1473.3,1413.36,1441.51,47009,1441.51
2019-08-13,1435.15,1451.5,1421.53,1441.51,12880,1441.51
2019-08-14,1458.78,1460.59,1441.51,1442.43,8478,1442.43
2019-08-15,1418.8,1424.26,1398.82,1424.26,17945,1424.26
2019-08-16,1413.36,1427.89,1411.54,1420.63,7816,1420.63
2019-08-19,1430.61,1460.59,1430.61,1450.59,13320,1450.59
2019-08-20,1450.59,1462.41,1438.8,1459.68,11670,1459.68
2019-08-21,1444.24,1455.14,1441.51,1444.24,4845,1444.24
2019-08-22,1445.15,1453.32,1426.99,1427.89,4954,1427.89
2019-08-23,1429.71,1435.15,1420.63,1422.44,17174,1422.44
2019-08-26,1408.82,1408.82,1398.82,1398.82,7486,1398.82
2019-08-27,1407.91,1410.64,1397.0,1397.0,3633,1397.0
2019-08-28,1390.66,1423.35,1385.2,1414.26,42605,1414.26
2019-08-29,1406.09,1416.08,1389.74,1406.09,39083,1406.09
2019-08-30,1407.91,1442.43,1407.91,1432.43,11009,1432.43
2019-09-02,1426.08,1433.34,1409.72,1429.71,4183,1429.71
2019-09-03,1425.17,1445.15,1413.36,1427.89,11339,1427.89
2019-09-04,1427.89,1434.25,1413.36,1426.99,10349,1426.99
2019-09-05,1426.99,1446.96,1426.99,1443.34,14531,1443.34
2019-09-06,1452.42,1464.22,1441.51,1462.41,6275,1462.41
2019-09-09,1462.41,1471.49,1462.41,1471.49,3853,1471.49
2019-09-10,1472.4,1496.01,1472.4,1485.11,9357,1485.11
2019-09-11,1487.84,1499.65,1484.21,1499.65,20697,1499.65
2019-09-12,1505.09,1513.28,1496.01,1504.19,10568,1504.19
2019-09-13,1506.92,1506.92,1477.85,1499.65,13872,1499.65
2019-09-17,1506.0,1514.18,1479.67,1486.93,10349,1486.93
2019-09-18,1491.47,1500.56,1467.86,1476.94,10459,1476.94
2019-09-19,1470.58,1506.0,1470.58,1496.01,12771,1496.01
2019-09-20,1496.01,1501.46,1485.11,1492.38,7816,1492.38
2019-09-24,1503.28,1516.01,1490.57,1496.01,8368,1496.01
2019-09-25,1496.01,1511.46,1487.84,1503.28,6056,1503.28
2019-09-26,1512.36,1531.44,1511.46,1528.72,17945,1528.72
2019-09-27,1515.09,1532.35,1495.11,1520.54,12991,1520.54
2019-09-30,1506.0,1512.36,1499.65,1502.37,7376,1502.37
2019-10-01,1503.28,1516.91,1498.74,1501.46,18716,1501.46
2019-10-02,1498.74,1511.46,1490.57,1496.01,4293,1496.01
2019-10-03,1484.21,1486.02,1472.4,1479.67,7707,1479.67
2019-10-04,1473.3,1497.84,1471.49,1497.84,4954,1497.84
2019-10-07,1493.3,1506.92,1490.57,1504.19,4624,1504.19
2019-10-08,1507.82,1524.17,1505.09,1515.09,10459,1515.09
2019-10-09,1514.18,1530.53,1514.18,1526.9,6826,1526.9
2019-10-10,1526.9,1542.34,1520.54,1525.99,4624,1525.99
2019-10-11,1530.53,1541.43,1517.82,1521.44,8037,1521.44
2019-10-15,1528.72,1551.43,1528.72,1537.79,9579,1537.79
2019-10-16,1538.71,1541.43,1525.99,1536.88,66055,1536.88
2019-10-17,1516.91,1544.15,1516.91,1534.17,146973,1534.17
2019-10-18,1526.9,1559.59,1526.9,1544.15,122972,1544.15
2019-10-21,1542.34,1557.78,1540.52,1547.79,61982,1547.79
2019-10-23,1555.96,1561.42,1536.88,1552.34,30056,1552.34
2019-10-24,1553.24,1572.32,1547.79,1553.24,29614,1553.24
2019-10-25,1556.87,1559.59,1543.25,1557.78,12109,1557.78
2019-10-28,1557.78,1565.05,1550.51,1565.05,19927,1565.05
2019-10-29,1571.41,1577.76,1564.14,1567.78,21909,1567.78
2019-10-30,1565.96,1568.68,1555.96,1557.78,33467,1557.78
2019-10-31,1565.05,1573.21,1559.59,1561.42,10789,1561.42
2019-11-01,1553.24,1557.78,1540.52,1557.78,8587,1557.78
2019-11-05,1573.21,1608.65,1565.96,1600.47,30166,1600.47
2019-11-06,1600.47,1609.55,1591.38,1596.84,19927,1596.84
2019-11-07,1602.29,1602.29,1589.58,1598.65,11779,1598.65
2019-11-08,1612.28,1619.55,1607.74,1608.65,24331,1608.65
2019-11-11,1589.58,1662.24,1589.58,1650.42,30276,1650.42
2019-11-12,1650.42,1666.78,1631.36,1648.61,37762,1648.61
2019-11-13,1641.35,1661.34,1641.35,1644.08,23670,1644.08
2019-11-14,1635.9,1654.97,1618.64,1620.46,30606,1620.46
2019-11-15,1622.28,1664.96,1622.28,1662.24,24661,1662.24
2019-11-18,1663.14,1663.14,1634.99,1641.35,8146,1641.35
2019-11-19,1652.25,1662.24,1623.18,1638.63,19486,1638.63
2019-11-20,1638.63,1646.79,1624.09,1627.71,17064,1627.71
2019-11-21,1625.01,1636.8,1606.84,1624.09,22128,1624.09
2019-11-22,1620.46,1631.36,1612.28,1613.19,12109,1613.19
2019-11-25,1646.79,1646.79,1606.84,1606.84,15083,1606.84
2019-11-26,1615.92,1631.36,1608.65,1608.65,11339,1608.65
2019-11-27,1624.09,1635.9,1616.82,1629.54,15964,1629.54
2019-11-28,1630.44,1639.53,1620.46,1620.46,15413,1620.46
2019-11-29,1620.46,1629.54,1612.28,1615.92,7707,1615.92
2019-12-02,1646.79,1646.79,1622.28,1624.09,8256,1624.09
2019-12-03,1622.28,1626.81,1609.55,1615.0,22459,1615.0
2019-12-04,1607.74,1631.36,1602.29,1624.09,15083,1624.09
2019-12-05,1625.91,1639.53,1622.28,1636.8,10568,1636.8
2019-12-06,1636.8,1645.88,1632.26,1642.26,9138,1642.26
2019-12-09,1660.43,1662.24,1644.98,1650.42,12331,1650.42
2019-12-10,1650.42,1653.15,1637.72,1646.79,8037,1646.79
2019-12-11,1658.61,1659.51,1638.63,1644.08,21248,1644.08
2019-12-12,1644.98,1650.42,1641.35,1644.98,10349,1644.98
2019-12-13,1659.51,1662.24,1639.53,1642.26,27192,1642.26
2019-12-16,1650.42,1650.42,1636.8,1645.88,11890,1645.88
2019-12-17,1648.61,1654.97,1634.99,1643.17,18275,1643.17
2019-12-18,1644.08,1646.79,1632.26,1634.99,17615,1634.99
2019-12-19,1634.99,1642.26,1632.26,1634.99,11230,1634.99
2019-12-20,1645.88,1645.88,1631.36,1634.08,14753,1634.08
2019-12-23,1634.99,1635.9,1627.71,1627.71,9909,1627.71
2019-12-24,1628.63,1632.26,1625.91,1626.81,6715,1626.81
2019-12-25,1630.44,1631.36,1620.46,1624.09,9027,1624.09
2019-12-26,1621.36,1636.8,1616.82,1633.17,13872,1633.17
2019-12-27,1643.17,1646.79,1631.36,1636.8,6275,1636.8
2019-12-30,1641.35,1647.71,1631.36,1635.9,7267,1635.9
2020-01-06,1635.9,1638.63,1617.73,1623.18,17835,1623.18
2020-01-07,1625.91,1642.26,1625.91,1636.8,5835,1636.8
2020-01-08,1628.63,1630.44,1607.74,1615.0,21798,1615.0
2020-01-09,1635.9,1645.88,1621.36,1635.9,15523,1635.9
2020-01-10,1644.08,1644.08,1635.9,1636.8,4845,1636.8
2020-01-14,1638.63,1642.26,1634.08,1634.99,6826,1634.99
2020-01-15,1634.99,1645.88,1632.26,1645.88,9248,1645.88
2020-01-16,1638.63,1644.08,1627.71,1633.17,7816,1633.17
2020-01-17,1633.17,1638.63,1627.71,1627.71,6715,1627.71
2020-01-20,1628.63,1639.53,1628.63,1632.26,10789,1632.26
2020-01-21,1633.17,1648.61,1633.17,1648.61,9138,1648.61
2020-01-22,1648.61,1665.87,1642.26,1660.43,22238,1660.43
2020-01-23,1660.43,1665.87,1652.25,1652.25,6496,1652.25
2020-01-24,1653.15,1659.51,1633.17,1633.17,11779,1633.17
2020-01-27,1622.28,1625.91,1608.65,1608.65,15743,1608.65
2020-01-28,1608.65,1610.46,1588.67,1604.11,26862,1604.11
2020-01-29,1609.55,1629.54,1601.38,1612.28,16073,1612.28
2020-01-30,1613.19,1617.73,1587.76,1598.65,12880,1598.65
2020-01-31,1609.55,1616.82,1603.2,1606.84,8146,1606.84
2020-02-03,1589.58,1607.74,1586.85,1601.38,11120,1601.38
2020-02-04,1591.38,1605.93,1589.58,1605.01,6935,1605.01
2020-02-05,1608.65,1628.63,1608.65,1622.28,6826,1622.28
2020-02-06,1634.99,1648.61,1626.81,1631.36,25542,1631.36
2020-02-07,1632.26,1651.34,1631.36,1641.35,11009,1641.35
2020-02-10,1641.35,1652.25,1634.08,1641.35,6826,1641.35
2020-02-12,1641.35,1641.35,1627.71,1628.63,54936,1628.63
2020-02-13,1623.18,1647.71,1618.64,1630.44,16734,1630.44
2020-02-14,1627.71,1628.63,1610.46,1619.55,12109,1619.55
2020-02-17,1614.09,1614.09,1601.38,1603.2,9467,1603.2
2020-02-18,1602.29,1602.29,1581.4,1581.4,14643,1581.4
2020-02-19,1578.67,1585.03,1555.96,1555.96,25102,1555.96
2020-02-20,1559.59,1567.78,1532.35,1535.99,25981,1535.99
2020-02-21,1522.36,1551.43,1522.36,1537.79,17064,1537.79
2020-02-25,1498.74,1513.28,1480.58,1480.58,33028,1480.58
2020-02-26,1466.04,1498.74,1454.23,1481.49,25981,1481.49
2020-02-27,1481.49,1481.49,1451.5,1457.86,32478,1457.86
2020-02-28,1435.15,1435.15,1394.28,1394.28,53945,1394.28
2020-03-02,1418.8,1488.75,1418.8,1474.22,70459,1474.22
2020-03-03,1520.54,1520.54,1455.14,1455.14,31817,1455.14
2020-03-04,1454.23,1489.65,1443.34,1471.49,32257,1471.49
2020-03-05,1492.38,1494.2,1473.3,1476.94,17285,1476.94
2020-03-06,1467.86,1469.67,1435.15,1435.15,56697,1435.15
2020-03-09,1398.82,1407.91,1380.65,1380.65,62313,1380.65
2020-03-10,1344.32,1371.58,1300.72,1371.58,69469,1371.58
2020-03-11,1377.02,1401.55,1377.02,1379.75,87413,1379.75
2020-03-12,1344.32,1344.32,1283.47,1302.55,127487,1302.55
2020-03-13,1193.55,1263.49,1146.3,1252.58,212038,1252.58
2020-03-16,1248.05,1289.82,1204.44,1204.44,37211,1204.44
2020-03-17,1180.82,1277.11,1162.65,1271.65,44148,1271.65
2020-03-18,1279.84,1315.26,1181.73,1181.73,45689,1181.73
2020-03-19,1208.08,1215.34,1146.3,1163.57,32147,1163.57
2020-03-23,1181.73,1218.97,1155.39,1215.34,46900,1215.34
2020-03-24,1234.42,1262.58,1212.62,1253.49,61102,1253.49
2020-03-25,1262.58,1300.72,1248.95,1290.73,88294,1290.73
2020-03-26,1290.73,1290.73,1208.08,1253.49,84331,1253.49
2020-03-27,1271.65,1280.74,1227.16,1267.12,121542,1267.12
2020-03-30,1178.37,1178.37,1105.19,1148.18,100122,1148.18
2020-03-31,1164.65,1171.97,1094.21,1100.61,64708,1100.61
2020-04-01,1097.86,1103.35,1031.99,1035.65,60116,1035.65
2020-04-02,1055.78,1063.09,1015.52,1021.01,34759,1021.01
2020-04-03,1021.93,1031.99,988.08,988.08,50280,988.08
2020-04-06,960.63,1009.12,929.52,987.16,299382,987.16
2020-04-07,1045.72,1074.99,1005.46,1061.26,113238,1061.26
2020-04-08,1039.31,1054.86,1018.27,1044.8,44049,1044.8
2020-04-09,1048.46,1067.67,1044.8,1060.36,24047,1060.36
2020-04-10,1060.36,1070.42,1042.05,1060.36,16176,1060.36
2020-04-13,1067.67,1067.67,1027.41,1037.49,25250,1037.49
2020-04-14,1016.43,1034.74,1010.03,1032.91,42957,1032.91
2020-04-15,1022.84,1029.24,1013.7,1013.7,20439,1013.7
2020-04-16,1009.12,1020.1,1007.29,1020.1,11586,1020.1
2020-04-17,1020.1,1047.55,1016.43,1037.49,36071,1037.49
2020-04-20,1064.93,1093.29,1048.46,1080.48,78698,1080.48
2020-04-21,1076.82,1076.82,1048.46,1061.26,30277,1061.26
2020-04-22,1061.26,1077.74,1042.97,1058.53,28528,1058.53
2020-04-23,1055.78,1104.27,1055.78,1104.27,21096,1104.27
2020-04-24,1104.27,1104.27,1078.65,1081.4,13990,1081.4
2020-04-27,1071.34,1102.44,1071.34,1095.12,23282,1095.12
2020-04-28,1080.48,1102.44,1073.16,1102.44,20330,1102.44
2020-04-30,1103.35,1125.31,1099.69,1121.65,27654,1121.65
2020-05-01,1111.59,1111.59,1088.71,1088.71,21861,1088.71
2020-05-07,1088.71,1109.75,1075.9,1085.05,18691,1085.05
2020-05-08,1097.86,1115.25,1085.05,1108.84,21424,1108.84
2020-05-11,1128.06,1162.82,1128.06,1162.82,15849,1162.82
2020-05-12,1162.82,1162.82,1130.8,1144.52,24812,1144.52
2020-05-13,1144.52,1158.25,1125.31,1152.75,15630,1152.75
2020-05-14,1152.75,1160.99,1118.9,1120.73,15849,1120.73
2020-05-15,1118.0,1122.56,1093.29,1114.33,26342,1114.33
2020-05-18,1114.33,1116.16,1098.78,1114.33,16176,1114.33
2020-05-19,1120.73,1279.01,1112.5,1257.05,172371,1257.05
2020-05-20,1276.27,1407.09,1276.27,1399.78,175978,1399.78
2020-05-21,1414.42,1429.05,1328.41,1354.03,112036,1354.03
2020-05-22,1339.39,1371.41,1339.39,1346.72,27107,1346.72
2020-05-25,1369.59,1369.59,1348.54,1365.01,18363,1365.01
2020-05-26,1365.93,1389.71,1355.86,1389.71,34322,1389.71
2020-05-27,1375.07,1416.24,1372.33,1416.24,31808,1416.24
2020-05-28,1415.33,1422.65,1352.2,1378.74,64488,1378.74
2020-05-29,1386.97,1407.09,1374.16,1376.9,29731,1376.9
2020-06-01,1386.05,1403.44,1378.74,1381.48,20221,1381.48
2020-06-02,1391.54,1399.78,1381.48,1393.37,27436,1393.37
2020-06-03,1398.86,1440.03,1396.11,1436.37,41972,1436.37
2020-06-04,1436.37,1444.6,1395.2,1405.26,34431,1405.26
2020-06-05,1408.01,1431.8,1408.01,1420.82,14100,1420.82
2020-06-08,1427.23,1462.9,1427.23,1462.9,33774,1462.9
2020-06-09,1454.67,1469.31,1451.0,1463.81,28637,1463.81
2020-06-10,1458.33,1470.22,1455.58,1462.9,17816,1462.9
2020-06-11,1451.0,1463.81,1415.33,1425.4,43612,1425.4
2020-06-12,1378.74,1415.33,1365.01,1412.59,40114,1412.59
2020-06-15,1398.86,1408.92,1334.82,1342.14,50280,1342.14
2020-06-16,1350.37,1411.67,1350.37,1408.01,54215,1408.01
2020-06-17,1413.5,1415.33,1389.71,1397.94,11149,1397.94
2020-06-18,1390.63,1402.52,1367.76,1392.46,31151,1392.46
2020-06-19,1389.71,1415.33,1381.48,1381.48,10056,1381.48
2020-06-22,1385.14,1395.2,1385.14,1385.14,7323,1385.14
2020-06-23,1386.97,1399.78,1377.82,1385.14,11149,1385.14
2020-06-24,1385.14,1387.88,1375.99,1376.9,6340,1376.9
2020-06-25,1376.9,1377.82,1337.56,1351.28,14647,1351.28
2020-06-26,1397.03,1397.03,1361.35,1368.67,8744,1368.67
2020-06-29,1386.05,1395.2,1368.67,1390.63,11258,1390.63
2020-06-30,1409.84,1410.75,1382.39,1382.39,6886,1382.39
2020-07-01,1391.54,1391.54,1346.72,1346.72,13444,1346.72
2020-07-02,1350.37,1377.82,1343.05,1344.88,12461,1344.88
2020-07-03,1364.09,1380.57,1354.95,1375.07,15193,1375.07
2020-07-06,1381.48,1398.86,1380.57,1387.88,16615,1387.88
2020-07-07,1384.22,1399.78,1368.67,1397.94,19128,1397.94
2020-07-08,1404.35,1404.35,1381.48,1381.48,9072,1381.48
2020-07-09,1381.48,1381.48,1354.95,1363.18,15849,1363.18
2020-07-10,1365.01,1367.76,1337.56,1337.56,20987,1337.56
2020-07-13,1341.22,1368.67,1338.48,1368.67,13116,1368.67
2020-07-14,1379.65,1387.88,1365.93,1386.97,9509,1386.97
2020-07-15,1397.03,1405.26,1378.74,1401.61,9947,1401.61
2020-07-16,1401.61,1401.61,1373.24,1373.24,10056,1373.24
2020-07-17,1397.94,1397.94,1375.99,1378.74,10821,1378.74
2020-07-20,1383.3,1397.03,1380.57,1390.63,6777,1390.63
2020-07-21,1391.54,1415.33,1390.63,1415.33,16505,1415.33
2020-07-22,1415.33,1415.33,1392.46,1397.03,19128,1397.03
2020-07-27,1397.94,1409.84,1379.65,1409.84,9181,1409.84
2020-07-28,1408.01,1408.01,1387.88,1399.78,7979,1399.78
2020-07-29,1402.52,1402.52,1378.74,1383.3,7652,1383.3
2020-07-30,1384.22,1390.63,1363.18,1385.14,12352,1385.14
2020-07-31,1358.61,1361.35,1307.37,1309.2,27982,1309.2
2020-08-03,1311.03,1311.95,1280.84,1292.73,13335,1292.73
2020-08-04,1293.65,1310.12,1285.42,1304.63,9072,1304.63
2020-08-05,1304.63,1328.41,1304.63,1311.95,4372,1311.95
2020-08-06,1315.6,1343.05,1313.77,1343.05,8963,1343.05
2020-08-07,1343.05,1355.86,1317.43,1346.72,8963,1346.72
2020-08-11,1347.62,1385.14,1347.62,1365.93,18144,1365.93
2020-08-12,1368.67,1439.12,1364.09,1413.5,50170,1413.5
2020-08-13,1435.46,1435.46,1418.07,1435.46,14647,1435.46
2020-08-14,1433.63,1433.63,1419.9,1433.63,6995,1433.63
2020-08-17,1433.63,1458.33,1433.63,1442.77,13007,1442.77
2020-08-18,1454.67,1454.67,1429.05,1429.96,10056,1429.96
2020-08-19,1430.88,1440.03,1417.15,1418.07,8307,1418.07
2020-08-20,1432.71,1441.86,1409.84,1413.5,14319,1413.5
2020-08-21,1426.31,1429.96,1415.33,1421.73,16176,1421.73
2020-08-24,1443.69,1443.69,1403.44,1413.5,5575,1413.5
2020-08-25,1414.42,1422.65,1410.75,1420.82,6121,1420.82
2020-08-26,1418.07,1435.46,1418.07,1431.8,12133,1431.8
2020-08-27,1438.2,1438.2,1420.82,1428.13,5575,1428.13
2020-08-28,1428.13,1434.54,1404.35,1408.01,9947,1408.01
2020-08-31,1416.24,1455.58,1408.01,1432.71,13772,1432.71
2020-09-01,1432.71,1447.35,1432.71,1440.03,8854,1440.03
2020-09-02,1440.03,1446.44,1433.63,1441.86,3389,1441.86
2020-09-03,1448.27,1487.6,1445.52,1447.35,24812,1447.35
2020-09-04,1438.2,1455.58,1426.31,1432.71,10275,1432.71
2020-09-07,1436.37,1451.92,1426.31,1429.05,13226,1429.05
2020-09-08,1443.69,1444.6,1428.13,1439.12,10603,1439.12
2020-09-09,1440.03,1452.84,1409.84,1422.65,34212,1422.65
2020-09-10,1442.77,1442.77,1418.99,1434.54,8307,1434.54
2020-09-11,1444.6,1444.6,1425.4,1437.29,17598,1437.29
2020-09-14,1432.71,1444.6,1405.26,1417.15,32354,1417.15
2020-09-15,1423.56,1423.56,1385.14,1412.59,22735,1412.59
2020-09-16,1412.59,1425.4,1405.26,1419.9,13553,1419.9
2020-09-17,1419.9,1429.05,1415.33,1420.82,14975,1420.82
2020-09-18,1432.71,1466.56,1428.13,1463.81,33119,1463.81
2020-09-23,1465.65,1476.62,1453.75,1473.88,19675,1473.88
2020-09-24,1479.37,1479.37,1453.75,1468.39,34212,1468.39
2020-09-25,1468.39,1517.8,1457.41,1509.56,50061,1509.56
2020-09-28,1513.22,1596.48,1513.22,1596.48,66019,1596.48
2020-09-29,1583.67,1585.5,1531.51,1567.2,30277,1567.2
2020-09-30,1582.75,1582.75,1518.71,1534.26,21970,1534.26
2020-10-02,1530.61,1533.35,1472.05,1472.97,28637,1472.97
2020-10-05,1487.6,1553.48,1487.6,1553.48,18691,1553.48
2020-10-06,1566.28,1585.5,1558.97,1558.97,15739,1558.97
2020-10-07,1556.22,1580.01,1546.16,1573.61,10930,1573.61
2020-10-08,1583.67,1583.67,1540.67,1548.9,15412,1548.9
2020-10-09,1575.44,1575.44,1526.03,1547.07,20330,1547.07
2020-10-12,1537.92,1551.65,1532.43,1551.65,10603,1551.65
2020-10-13,1569.03,1569.03,1529.69,1548.9,12570,1548.9
2020-10-14,1545.24,1562.63,1539.76,1556.22,7761,1556.22
2020-10-15,1554.39,1554.39,1534.26,1544.32,2295,1544.32
2020-10-16,1541.59,1544.32,1513.22,1513.22,11914,1513.22
2020-10-19,1515.05,1576.35,1515.05,1570.86,15412,1570.86
2020-10-20,1563.54,1567.2,1542.49,1546.16,10603,1546.16
2020-10-21,1556.22,1577.26,1555.3,1577.26,10603,1577.26
2020-10-22,1560.8,1560.8,1531.51,1541.59,9618,1541.59
2020-10-23,1549.82,1549.82,1523.28,1529.69,5903,1529.69
2020-10-26,1529.69,1540.67,1514.14,1517.8,6667,1517.8
2020-10-27,1517.8,1558.97,1515.05,1538.84,6777,1538.84
2020-10-28,1538.84,1539.76,1518.71,1539.76,7104,1539.76
2020-10-29,1537.01,1537.01,1514.14,1525.11,3826,1525.11
2020-10-30,1551.65,1551.65,1474.79,1478.45,13335,1478.45
2020-11-02,1477.54,1508.64,1477.54,1504.99,9838,1504.99
2020-11-04,1504.99,1521.45,1489.43,1517.8,11258,1517.8
2020-11-05,1527.86,1527.86,1483.03,1483.95,17707,1483.95
2020-11-06,1493.1,1537.01,1463.81,1489.43,28419,1489.43
2020-11-09,1489.43,1500.41,1483.03,1487.6,10603,1487.6
2020-11-10,1515.05,1537.01,1483.95,1533.35,15521,1533.35
2020-11-11,1540.67,1578.17,1540.67,1578.17,28419,1578.17
2020-11-12,1578.17,1587.33,1561.71,1569.03,22079,1569.03
2020-11-13,1567.2,1578.17,1547.99,1573.61,13444,1573.61
2020-11-16,1573.61,1603.79,1566.28,1587.33,15521,1587.33
2020-11-17,1587.33,1587.33,1561.71,1565.37,21314,1565.37
2020-11-18,1559.88,1564.46,1547.07,1559.88,13663,1559.88
2020-11-19,1559.88,1591.9,1547.07,1591.9,12352,1591.9
2020-11-20,1590.98,1601.05,1573.61,1601.05,10056,1601.05
2020-11-24,1599.22,1619.35,1582.75,1582.75,14538,1582.75
2020-11-25,1608.37,1608.37,1568.11,1581.84,17161,1581.84
2020-11-26,1570.86,1644.97,1569.94,1644.97,22953,1644.97
2020-11-27,1623.92,1636.73,1602.88,1630.33,27325,1630.33
2020-11-30,1644.05,1644.05,1594.65,1605.62,16724,1605.62
2020-12-01,1622.1,1660.52,1621.18,1642.22,21096,1642.22
2020-12-02,1633.08,1673.33,1633.08,1657.77,22188,1657.77
2020-12-03,1657.77,1666.93,1650.45,1660.52,6777,1660.52
2020-12-04,1659.6,1659.6,1644.05,1653.2,26233,1653.2
2020-12-07,1654.12,1663.26,1625.75,1640.39,29731,1640.39
2020-12-08,1640.39,1654.12,1635.81,1642.22,16176,1642.22
2020-12-09,1642.22,1651.37,1633.99,1647.71,25030,1647.71
2020-12-10,1655.95,1655.95,1617.52,1624.83,26998,1624.83
2020-12-11,1624.83,1636.73,1611.12,1619.35,19238,1619.35
2020-12-14,1635.81,1676.07,1633.99,1635.81,29184,1635.81
2020-12-15,1635.81,1657.77,1633.99,1654.12,12024,1654.12
2020-12-16,1654.12,1674.24,1646.79,1673.33,18581,1673.33
2020-12-17,1674.24,1677.9,1657.77,1675.16,13553,1675.16
2020-12-18,1673.33,1687.05,1651.37,1687.05,28528,1687.05
2020-12-21,1687.05,1690.71,1663.26,1690.71,20767,1690.71
2020-12-22,1683.39,1683.39,1609.29,1639.48,36071,1639.48
2020-12-23,1633.99,1638.56,1605.62,1627.58,17052,1627.58
2020-12-24,1627.58,1632.16,1619.35,1623.0,8417,1623.0
2020-12-25,1630.33,1653.2,1630.33,1648.62,28528,1648.62
2020-12-28,1648.62,1654.12,1623.92,1647.71,31260,1647.71
2020-12-29,1644.97,1679.74,1634.9,1674.24,22516,1674.24
2020-12-30,1665.09,1674.24,1648.62,1666.01,7541,1666.01
2021-01-04,1665.09,1665.09,1629.41,1650.45,18910,1650.45
2021-01-05,1649.54,1649.54,1616.6,1641.31,19128,1641.31
2021-01-06,1629.41,1636.73,1612.94,1627.58,18691,1627.58
2021-01-07,1629.41,1655.95,1629.41,1643.14,22188,1643.14
2021-01-08,1643.14,1660.52,1633.99,1654.12,24265,1654.12
2021-01-12,1664.18,1668.75,1641.31,1660.52,27107,1660.52
2021-01-13,1665.09,1709.92,1665.09,1705.34,34977,1705.34
2021-01-14,1715.41,1717.24,1683.39,1692.53,24702,1692.53
2021-01-15,1693.45,1693.45,1670.58,1676.99,14647,1676.99
2021-01-18,1676.99,1724.56,1656.86,1718.15,33447,1718.15
2021-01-19,1727.3,1731.88,1717.24,1731.88,20549,1731.88
2021-01-20,1731.88,1743.77,1710.84,1724.56,21205,1724.56
2021-01-21,1724.56,1733.71,1712.67,1722.73,10603,1722.73
2021-01-22,1717.24,1751.09,1713.59,1725.48,19675,1725.48
2021-01-25,1742.86,1746.52,1730.05,1737.36,7870,1737.36
2021-01-26,1738.28,1738.28,1715.41,1731.88,17816,1731.88
2021-01-27,1724.56,1732.79,1720.9,1729.13,11586,1729.13
2021-01-28,1715.41,1739.19,1710.84,1729.13,18363,1729.13
2021-01-29,1726.39,1734.63,1712.67,1721.82,18691,1721.82
2021-02-01,1721.82,1746.52,1716.32,1732.79,15521,1732.79
2021-02-02,1732.79,1746.52,1732.79,1741.94,11477,1741.94
2021-02-03,1750.17,1752.92,1741.03,1750.17,12024,1750.17
2021-02-04,1740.11,1784.02,1738.28,1784.02,32135,1784.02
2021-02-05,1783.12,1787.69,1765.73,1777.62,15302,1777.62
2021-02-08,1779.45,1824.28,1777.62,1818.79,33447,1818.79
2021-02-09,1829.77,1843.49,1820.62,1843.49,20330,1843.49
2021-02-10,1848.07,1860.88,1824.28,1824.28,41754,1824.28
2021-02-12,1853.56,1898.38,1831.6,1831.6,42300,1831.6
2021-02-15,1867.28,1875.51,1837.09,1870.94,21751,1870.94
2021-02-16,1879.17,1884.67,1835.26,1845.32,31370,1845.32
2021-02-17,1863.62,1889.24,1848.07,1885.58,23828,1885.58
2021-02-18,1889.24,1898.38,1839.84,1841.66,31370,1841.66
2021-02-19,1841.66,1841.66,1797.75,1819.7,58259,1819.7
2021-02-22,1864.53,1915.77,1842.58,1914.86,47219,1914.86
2021-02-24,1921.26,1932.23,1911.19,1928.58,32791,1928.58
2021-02-25,1935.9,2001.77,1925.83,2001.77,44924,2001.77
2021-02-26,1982.56,1982.56,1895.65,1899.3,77059,1899.3
2021-03-01,1932.23,1939.56,1895.65,1936.81,30277,1936.81
2021-03-02,1948.71,1948.71,1885.58,1924.92,33994,1924.92
2021-03-03,1906.62,1906.62,1884.67,1902.96,15958,1902.96
2021-03-04,1898.38,1909.36,1875.51,1909.36,19675,1909.36
2021-03-05,1902.05,1938.64,1875.51,1921.26,61865,1921.26
2021-03-08,1953.28,1974.33,1917.6,1937.73,37600,1937.73
2021-03-09,1941.39,1958.77,1930.41,1938.64,31917,1938.64
2021-03-10,1941.39,1943.22,1901.13,1939.56,30277,1939.56
2021-03-11,1948.71,1988.05,1948.71,1988.05,28637,1988.05
2021-03-12,1986.22,2009.09,1970.66,2003.6,25905,2003.6
2021-03-15,2017.32,2081.36,2017.32,2057.58,49952,2057.58
2021-03-16,2058.49,2058.49,2040.19,2055.75,15412,2055.75
2021-03-17,2062.15,2070.38,2050.26,2070.38,22188,2070.38
2021-03-18,2069.48,2069.48,2037.45,2055.75,25359,2055.75
2021-03-19,2055.75,2071.3,2010.92,2071.3,50935,2071.3
2021-03-22,2064.9,2090.52,2041.11,2080.45,36180,2080.45
2021-03-23,2074.96,2074.96,2043.86,2044.77,20002,2044.77
2021-03-24,2032.88,2032.88,1960.6,1974.33,55854,1974.33
2021-03-25,1977.07,2012.74,1977.07,2009.09,21096,2009.09
2021-03-26,2009.09,2023.73,1989.87,2017.32,32791,2017.32
2021-03-29,2022.82,2037.45,1989.87,2018.24,44049,2018.24
2021-03-30,2000.12,2016.33,1974.36,1982.95,50220,1982.95
2021-03-31,1979.13,2001.07,1955.29,1958.15,34179,1958.15
2021-04-01,1958.15,1958.15,1906.64,1907.6,37849,1907.6
2021-04-02,1908.55,1944.8,1894.24,1943.84,32711,1943.84
2021-04-05,1943.84,1960.06,1913.32,1940.98,27469,1940.98
2021-04-06,1940.98,1952.43,1915.23,1938.12,21493,1938.12
2021-04-07,1921.9,1957.2,1920.0,1956.24,26630,1956.24
2021-04-08,1931.44,1958.15,1909.51,1911.41,27050,1911.41
2021-04-09,1911.41,1933.35,1902.83,1920.0,19501,1920.0
2021-04-12,1920.0,1937.17,1912.37,1927.63,8807,1927.63
2021-04-13,1927.63,1963.87,1927.63,1940.03,14783,1940.03
2021-04-14,1920.95,1921.9,1894.24,1911.41,19711,1911.41
2021-04-15,1914.27,1917.14,1899.01,1910.46,13735,1910.46
2021-04-16,1907.6,1925.72,1899.01,1901.87,11952,1901.87
2021-04-19,1907.6,1910.46,1877.08,1885.66,15727,1885.66
2021-04-20,1885.66,1886.61,1859.91,1859.91,20654,1859.91
2021-04-21,1856.09,1856.09,1797.91,1797.91,30090,1797.91
2021-04-22,1813.17,1831.29,1802.68,1818.89,14678,1818.89
2021-04-23,1818.89,1830.34,1807.45,1816.99,12791,1816.99
2021-04-26,1849.42,1849.42,1808.4,1814.13,8597,1814.13
2021-04-27,1816.99,1828.43,1808.4,1810.31,29356,1810.31
2021-04-28,1813.17,1822.71,1794.1,1798.86,14049,1798.86
2021-04-30,1802.68,1815.08,1785.51,1793.14,22227,1793.14
2021-05-06,1794.1,1833.2,1794.1,1812.22,14364,1812.22
2021-05-07,1816.03,1848.46,1816.03,1837.97,8807,1837.97
2021-05-10,1855.14,1855.14,1835.11,1844.65,8702,1844.65
2021-05-11,1837.02,1844.65,1815.08,1817.94,10065,1817.94
2021-05-12,1844.65,1844.65,1793.14,1819.85,17194,1819.85
2021-05-13,1803.63,1818.89,1787.42,1788.37,12791,1788.37
2021-05-14,1794.1,1843.69,1794.1,1816.99,19082,1816.99
2021-05-17,1815.08,1823.66,1803.63,1815.08,17194,1815.08
2021-05-18,1824.62,1890.43,1801.73,1861.82,116901,1861.82
2021-05-19,1824.62,1858.0,1819.85,1834.16,31034,1834.16
2021-05-20,1837.02,1862.77,1803.63,1810.31,21703,1810.31
2021-05-21,1821.76,1825.57,1797.91,1798.86,25267,1798.86
2021-05-24,1816.03,1817.94,1795.05,1796.96,19711,1796.96
2021-05-25,1802.68,1807.45,1786.47,1788.37,20130,1788.37
2021-05-26,1788.37,1788.37,1759.76,1760.71,26735,1760.71
2021-05-27,1764.53,1764.53,1737.82,1737.82,19186,1737.82
2021-05-28,1742.59,1752.13,1726.38,1734.96,29251,1734.96
2021-05-31,1745.45,1758.8,1728.28,1736.87,21808,1736.87
2021-06-01,1736.87,1744.5,1723.51,1734.96,15307,1734.96
2021-06-02,1746.41,1755.94,1715.88,1717.79,52946,1717.79
2021-06-03,1722.56,1728.28,1705.39,1724.47,20130,1724.47
2021-06-04,1724.47,1752.13,1724.47,1734.01,20864,1734.01
2021-06-07,1741.64,1771.2,1739.73,1758.8,11638,1758.8
2021-06-08,1760.71,1796.0,1760.71,1792.19,15517,1792.19
2021-06-09,1788.37,1788.37,1769.3,1771.2,8702,1771.2
2021-06-10,1771.2,1771.2,1749.27,1753.08,12057,1753.08
2021-06-11,1755.94,1764.53,1746.41,1758.8,10904,1758.8
2021-06-14,1764.53,1766.44,1747.36,1757.85,9331,1757.85
2021-06-15,1755.94,1766.44,1755.94,1758.8,8702,1758.8
2021-06-16,1759.76,1767.39,1749.27,1749.27,5766,1749.27
2021-06-17,1749.27,1749.27,1737.82,1737.82,8807,1737.82
2021-06-18,1738.78,1744.5,1728.28,1740.68,13315,1740.68
2021-06-21,1740.68,1744.5,1711.11,1713.02,26421,1713.02
2021-06-22,1721.61,1737.82,1721.61,1734.96,12896,1734.96
2021-06-23,1725.42,1736.87,1721.61,1723.51,14888,1723.51
2021-06-24,1730.19,1744.5,1723.51,1723.51,17194,1723.51
2021-06-25,1737.82,1737.82,1719.7,1733.05,12162,1733.05
2021-06-28,1745.45,1802.68,1743.54,1794.1,53470,1794.1
2021-06-29,1788.37,1788.37,1749.27,1751.17,17090,1751.17
2021-06-30,1754.99,1808.4,1754.99,1808.4,22646,1808.4
2021-07-01,1800.77,1800.77,1762.62,1763.57,29566,1763.57
2021-07-02,1768.34,1773.11,1755.94,1765.48,8178,1765.48
2021-07-05,1766.44,1784.56,1766.44,1772.16,11533,1772.16
2021-07-06,1774.07,1785.51,1773.11,1782.65,7863,1782.65
2021-07-07,1765.48,1780.74,1764.53,1768.34,16356,1768.34
2021-07-08,1772.16,1782.65,1748.31,1748.31,5976,1748.31
2021-07-09,1748.31,1793.14,1745.45,1778.83,22856,1778.83
2021-07-12,1793.14,1795.05,1770.25,1781.7,12162,1781.7
2021-07-13,1781.7,1812.22,1781.7,1812.22,27155,1812.22
2021-07-14,1811.26,1833.2,1805.54,1811.26,15727,1811.26
2021-07-15,1819.85,1820.8,1809.36,1813.17,13420,1813.17
2021-07-16,1816.03,1820.8,1807.45,1809.36,10170,1809.36
2021-07-19,1813.17,1813.17,1779.79,1788.37,7654,1788.37
2021-07-20,1788.37,1816.03,1788.37,1794.1,14259,1794.1
2021-07-21,1800.77,1808.4,1778.83,1784.56,17404,1784.56
2021-07-26,1798.86,1800.77,1775.02,1799.82,5662,1799.82
2021-07-27,1806.49,1817.94,1796.0,1817.94,7025,1817.94
2021-07-28,1812.22,1821.76,1811.26,1816.99,7339,1816.99
2021-07-29,1808.4,1822.71,1804.59,1822.71,6395,1822.71
2021-07-30,1813.17,1845.6,1813.17,1836.06,13105,1836.06
2021-08-02,1836.06,1844.65,1824.62,1843.69,8492,1843.69
2021-08-03,1837.02,1843.69,1828.43,1837.97,5662,1837.97
2021-08-04,1823.66,1836.06,1816.99,1833.2,8597,1833.2
2021-08-05,1815.08,1836.06,1811.26,1824.62,8073,1824.62
2021-08-06,1822.71,1836.06,1813.17,1828.43,4718,1828.43
2021-08-10,1823.66,1841.79,1796.96,1825.57,11952,1825.57
2021-08-11,1842.74,1878.03,1841.79,1874.21,16985,1874.21
2021-08-12,1874.21,1898.06,1871.35,1892.34,11743,1892.34
2021-08-13,1892.34,1892.34,1844.65,1849.42,9960,1849.42
2021-08-16,1849.42,1849.42,1806.49,1811.26,16775,1811.26
2021-08-17,1838.92,1838.92,1794.1,1798.86,11218,1798.86
2021-08-18,1816.99,1840.83,1805.54,1838.92,9646,1838.92
2021-08-19,1826.52,1845.6,1816.99,1836.06,9226,1836.06
2021-08-20,1836.06,1837.02,1800.77,1809.36,10799,1809.36
2021-08-23,1806.49,1818.89,1801.73,1814.13,7968,1814.13
2021-08-24,1814.13,1845.6,1814.13,1845.6,9960,1845.6
2021-08-25,1844.65,1849.42,1837.97,1849.42,11428,1849.42
2021-08-26,1850.37,1855.14,1848.46,1855.14,7968,1855.14
2021-08-27,1850.37,1850.37,1837.97,1838.92,5452,1838.92
2021-08-30,1844.65,1845.6,1832.25,1841.79,3670,1841.79
2021-08-31,1826.52,1833.2,1825.57,1826.52,3355,1826.52
2021-09-01,1818.89,1831.29,1818.89,1826.52,5242,1826.52
2021-09-02,1825.57,1831.29,1821.76,1821.76,4403,1821.76
2021-09-03,1843.69,1843.69,1831.29,1839.88,7339,1839.88
2021-09-06,1858.0,1858.0,1830.34,1833.2,33236,1833.2
2021-09-07,1844.65,1856.09,1834.16,1852.28,12686,1852.28
2021-09-08,1854.18,1859.91,1840.83,1858.0,20130,1858.0
2021-09-09,1858.0,1858.0,1839.88,1855.14,8912,1855.14
2021-09-10,1855.14,1872.31,1843.69,1871.35,15517,1871.35
2021-09-13,1872.31,1894.24,1863.72,1894.24,11743,1894.24
2021-09-14,1898.06,1904.74,1883.75,1898.06,20969,1898.06
2021-09-15,1888.52,1888.52,1858.0,1878.98,31977,1878.98
2021-09-16,1878.98,1883.75,1864.68,1877.08,11952,1877.08
2021-09-17,1876.12,1876.12,1859.91,1873.26,19186,1873.26
2021-09-21,1860.86,1864.68,1846.55,1846.55,16775,1846.55
2021-09-22,1846.55,1846.55,1819.85,1819.85,12791,1819.85
2021-09-24,1826.52,1870.4,1826.52,1870.4,19920,1870.4
2021-09-27,1870.4,1874.21,1851.32,1857.05,18348,1857.05
2021-09-28,1869.45,1869.45,1838.92,1869.45,12896,1869.45
2021-09-29,1859.91,1880.89,1833.2,1878.98,17928,1878.98
2021-09-30,1874.21,1891.38,1858.0,1858.0,10694,1858.0
2021-10-01,1847.51,1853.23,1835.11,1844.65,20340,1844.65
2021-10-04,1858.95,1858.95,1831.29,1836.06,4718,1836.06
2021-10-05,1834.16,1839.88,1815.08,1828.43,11323,1828.43
2021-10-06,1834.16,1850.37,1823.66,1844.65,7234,1844.65
2021-10-07,1830.34,1844.65,1830.34,1833.2,5033,1833.2
2021-10-08,1852.28,1852.28,1831.29,1844.65,26421,1844.65
2021-10-11,1855.14,1879.94,1845.6,1870.4,28308,1870.4
2021-10-12,1877.08,1877.08,1854.18,1854.18,7444,1854.18
2021-10-13,1854.18,1854.18,1829.39,1837.97,9436,1837.97
2021-10-14,1850.37,1850.37,1814.13,1831.29,5871,1831.29
2021-10-15,1832.25,1849.42,1820.8,1841.79,5452,1841.79
2021-10-18,1841.79,1849.42,1840.83,1847.51,8388,1847.51
2021-10-19,1842.74,1864.68,1842.74,1852.28,9750,1852.28
2021-10-20,1855.14,1860.86,1839.88,1846.55,14678,1846.55
2021-10-21,1857.05,1857.05,1841.79,1845.6,3355,1845.6
2021-10-22,1845.6,1846.55,1833.2,1837.97,5347,1837.97
2021-10-25,1842.74,1843.69,1833.2,1835.11,3879,1835.11
2021-10-26,1836.06,1840.83,1836.06,1840.83,734,1840.83
2021-10-27,1844.65,1844.65,1834.16,1836.06,2097,1836.06
2021-10-28,1829.39,1842.74,1821.76,1838.92,4508,1838.92
2021-10-29,1839.88,1839.88,1826.52,1832.25,2621,1832.25
2021-11-01,1826.52,1859.91,1826.52,1854.18,11847,1854.18
2021-11-02,1839.88,1856.09,1838.92,1847.51,2411,1847.51
2021-11-04,1847.51,1863.72,1842.74,1862.77,5662,1862.77
2021-11-05,1853.23,1853.23,1822.71,1822.71,22122,1822.71
2021-11-08,1841.79,1841.79,1816.99,1819.85,16356,1819.85
2021-11-09,1826.52,1830.34,1813.17,1818.89,5347,1818.89
2021-11-10,1829.39,1829.39,1802.68,1808.4,9121,1808.4
2021-11-11,1818.89,1841.79,1818.89,1835.11,7549,1835.11
2021-11-12,1839.88,1844.65,1837.02,1839.88,2411,1839.88
2021-11-15,1844.65,1851.32,1839.88,1842.74,6710,1842.74
2021-11-16,1848.46,1848.46,1827.48,1827.48,3984,1827.48
2021-11-17,1827.48,1827.48,1802.68,1802.68,5347,1802.68
2021-11-18,1796.96,1813.17,1775.97,1780.74,10065,1780.74
2021-11-19,1767.39,1775.97,1767.39,1770.25,4089,1770.25
2021-11-22,1770.25,1794.1,1770.25,1788.37,1782,1788.37
2021-11-24,1788.37,1794.1,1775.02,1775.02,9226,1775.02
2021-11-25,1775.02,1781.7,1775.02,1781.7,419,1781.7
2021-11-26,1781.7,1788.37,1766.44,1782.65,7025,1782.65
2021-11-29,1762.62,1770.25,1724.47,1724.47,15936,1724.47
2021-11-30,1800.77,1800.77,1726.38,1726.38,27364,1726.38
2021-12-01,1726.38,1751.17,1726.38,1739.73,31873,1739.73
2021-12-02,1731.14,1773.11,1731.14,1752.13,12791,1752.13
2021-12-03,1771.2,1788.37,1764.53,1788.37,5871,1788.37
2021-12-06,1788.37,1788.37,1765.48,1766.44,18348,1766.44
2021-12-07,1774.07,1800.77,1760.71,1793.14,11323,1793.14
2021-12-08,1793.14,1802.68,1788.37,1802.68,4823,1802.68
2021-12-09,1807.45,1827.48,1802.68,1827.48,10484,1827.48
2021-12-10,1827.48,1836.06,1791.23,1800.77,13944,1800.77
2021-12-13,1804.59,1804.59,1751.17,1777.88,8492,1777.88
2021-12-14,1784.56,1794.1,1762.62,1794.1,5557,1794.1
2021-12-15,1775.97,1802.68,1771.2,1802.68,5347,1802.68
2021-12-16,1787.42,1796.0,1748.31,1767.39,12896,1767.39
2021-12-17,1769.3,1819.85,1769.3,1817.94,11323,1817.94
2021-12-20,1816.99,1816.99,1752.13,1752.13,10589,1752.13
2021-12-21,1754.04,1795.05,1754.04,1767.39,5347,1767.39
2021-12-22,1750.22,1768.34,1745.45,1753.08,29042,1753.08
2021-12-23,1751.17,1772.16,1751.17,1771.2,8178,1771.2
2021-12-24,1771.2,1780.74,1755.94,1776.93,16880,1776.93
2021-12-27,1754.99,1761.67,1744.5,1750.22,20130,1750.22
2021-12-28,1746.41,1754.99,1730.19,1742.59,37639,1742.59
2021-12-29,1742.59,1805.54,1742.59,1802.68,23171,1802.68
2021-12-30,1802.68,1802.68,1779.79,1789.33,4718,1789.33
2022-01-04,1791.23,1802.68,1775.02,1790.28,6605,1790.28
2022-01-05,1790.28,1805.54,1783.6,1805.54,6395,1805.54
2022-01-06,1785.51,1796.0,1774.07,1782.65,10589,1782.65
2022-01-07,1775.97,1789.33,1762.62,1773.11,14993,1773.11
2022-01-11,1766.44,1771.2,1754.99,1763.57,12686,1763.57
2022-01-12,1756.9,1779.79,1756.9,1779.79,13735,1779.79
2022-01-13,1780.74,1811.26,1774.07,1806.49,27784,1806.49
2022-01-14,1791.23,1821.76,1789.33,1806.49,9331,1806.49
2022-01-17,1806.49,1819.85,1795.05,1798.86,6291,1798.86
2022-01-18,1816.99,1816.99,1766.44,1774.07,10484,1774.07
2022-01-19,1774.07,1788.37,1761.67,1761.67,15622,1761.67
2022-01-20,1761.67,1775.02,1745.45,1754.99,9960,1754.99
2022-01-21,1754.99,1759.76,1735.91,1753.08,11952,1753.08
2022-01-24,1763.57,1765.48,1747.36,1764.53,6291,1764.53
2022-01-25,1761.67,1761.67,1738.78,1751.17,11638,1751.17
2022-01-26,1751.17,1754.99,1735.91,1754.99,9331,1754.99
2022-01-27,1764.53,1764.53,1726.38,1726.38,10065,1726.38
2022-01-28,1753.08,1753.08,1728.28,1747.36,4089,1747.36
2022-01-31,1747.36,1774.07,1747.36,1774.07,9541,1774.07
2022-02-01,1774.07,1781.7,1769.3,1776.93,7129,1776.93
2022-02-02,1779.79,1806.49,1775.97,1803.63,8807,1803.63
2022-02-03,1803.63,1803.63,1779.79,1781.7,6081,1781.7
2022-02-04,1782.65,1789.33,1772.16,1785.51,12581,1785.51
2022-02-07,1785.51,1811.26,1777.88,1796.96,9855,1796.96
2022-02-08,1793.14,1798.86,1786.47,1798.86,4718,1798.86
2022-02-09,1810.31,1834.16,1729.24,1834.16,73600,1834.16
2022-02-10,1835.11,1883.75,1828.43,1881.84,56196,1881.84
2022-02-14,1846.55,1877.08,1839.88,1861.82,25582,1861.82
2022-02-15,1856.09,1865.63,1837.97,1837.97,30300,1837.97
2022-02-16,1856.09,1856.09,1844.65,1847.51,18557,1847.51
2022-02-17,1858.0,1859.91,1844.65,1849.42,25687,1849.42
2022-02-18,1825.57,1831.29,1789.33,1812.22,65527,1812.22
2022-02-21,1783.6,1790.28,1755.94,1758.8,188614,1758.8
2022-02-22,1782.65,1820.8,1761.67,1797.91,208325,1797.91
2022-02-24,1793.14,1837.02,1787.42,1812.22,48019,1812.22
2022-02-25,1819.85,1831.29,1797.91,1831.29,25896,1831.29
2022-02-28,1832.25,1856.09,1832.25,1849.42,30510,1849.42
2022-03-01,1850.37,1865.63,1842.74,1856.09,20969,1856.09
2022-03-02,1850.37,1858.95,1837.97,1840.83,18453,1840.83
2022-03-03,1841.79,1867.54,1841.79,1857.05,15307,1857.05
2022-03-04,1863.72,1874.21,1855.14,1855.14,20340,1855.14
2022-03-07,1854.18,1854.18,1811.26,1813.17,37220,1813.17
2022-03-08,1798.86,1809.36,1765.48,1778.83,40260,1778.83
2022-03-09,1778.83,1812.22,1774.07,1782.65,14259,1782.65
2022-03-10,1816.03,1826.52,1804.59,1821.76,15412,1821.76
2022-03-11,1807.45,1834.16,1807.45,1834.16,17404,1834.16
2022-03-14,1829.39,1840.83,1827.48,1828.43,10065,1828.43
2022-03-15,1830.34,1845.6,1824.62,1834.16,9960,1834.16
2022-03-16,1835.11,1835.11,1821.76,1827.48,9226,1827.48
2022-03-17,1829.39,1838.92,1819.85,1829.39,26945,1829.39
2022-03-18,1829.39,1834.16,1818.89,1824.62,18557,1824.62
2022-03-22,1835.11,1855.14,1831.29,1854.18,24429,1854.18
2022-03-23,1859.91,1871.35,1852.28,1870.4,26735,1870.4
2022-03-24,1864.68,1864.68,1845.6,1859.91,15412,1859.91
2022-03-25,1866.58,1878.03,1849.42,1869.45,24219,1869.45
2022-03-28,1876.12,1876.12,1858.0,1868.49,16041,1868.49
2022-03-29,1873.26,1873.26,1848.46,1858.0,33445,1858.0
2022-03-30,1849.0,1861.0,1840.0,1861.0,42500,1861.0
2022-03-31,1863.0,1868.0,1843.0,1860.0,14300,1860.0
2022-04-01,1855.0,1864.0,1830.0,1864.0,10500,1864.0
2022-04-04,1864.0,1865.0,1856.0,1857.0,7700,1857.0
2022-04-05,1858.0,1860.0,1835.0,1840.0,14600,1840.0
2022-04-06,1832.0,1832.0,1822.0,1829.0,15100,1829.0
2022-04-07,1823.0,1828.0,1810.0,1828.0,14700,1828.0
2022-04-08,1854.0,1854.0,1823.0,1837.0,29000,1837.0
2022-04-11,1831.0,1847.0,1823.0,1830.0,11000,1830.0
2022-04-12,1828.0,1838.0,1821.0,1834.0,6800,1834.0
2022-04-13,1826.0,1833.0,1816.0,1833.0,14800,1833.0
2022-04-14,1846.0,1847.0,1830.0,1831.0,11000,1831.0
2022-04-15,1835.0,1850.0,1818.0,1845.0,13100,1845.0
2022-04-18,1847.0,1847.0,1827.0,1844.0,5300,1844.0
2022-04-19,1836.0,1851.0,1836.0,1850.0,5700,1850.0
2022-04-20,1850.0,1854.0,1837.0,1846.0,16600,1846.0
2022-04-21,1838.0,1842.0,1823.0,1830.0,9100,1830.0
2022-04-22,1826.0,1831.0,1818.0,1831.0,9100,1831.0
2022-04-25,1830.0,1830.0,1814.0,1815.0,6800,1815.0
2022-04-26,1815.0,1823.0,1812.0,1818.0,2900,1818.0
2022-04-27,1802.0,1821.0,1795.0,1821.0,28400,1821.0
2022-04-28,1806.0,1837.0,1806.0,1831.0,10300,1831.0
2022-05-02,1830.0,1851.0,1830.0,1844.0,10200,1844.0
2022-05-06,1837.0,1850.0,1837.0,1837.0,20800,1837.0
2022-05-09,1833.0,1860.0,1829.0,1829.0,17800,1829.0
2022-05-10,1820.0,1835.0,1769.0,1777.0,105600,1777.0
2022-05-11,1792.0,1792.0,1770.0,1787.0,19000,1787.0
2022-05-12,1774.0,1798.0,1774.0,1786.0,10400,1786.0
2022-05-13,1807.0,1824.0,1796.0,1824.0,12800,1824.0
2022-05-16,1826.0,1859.0,1808.0,1859.0,25900,1859.0
2022-05-17,1853.0,1887.0,1800.0,1812.0,75600,1812.0
2022-05-18,1816.0,1838.0,1812.0,1822.0,31700,1822.0
2022-05-19,1811.0,1826.0,1791.0,1814.0,11400,1814.0
2022-05-20,1815.0,1827.0,1815.0,1827.0,5600,1827.0
2022-05-23,1834.0,1846.0,1833.0,1845.0,8400,1845.0
2022-05-24,1845.0,1845.0,1818.0,1819.0,7200,1819.0
2022-05-25,1820.0,1842.0,1818.0,1835.0,15100,1835.0
2022-05-26,1835.0,1845.0,1822.0,1824.0,6100,1824.0
2022-05-27,1824.0,1838.0,1824.0,1838.0,12600,1838.0
2022-05-30,1838.0,1859.0,1829.0,1859.0,16900,1859.0
2022-05-31,1848.0,1857.0,1840.0,1857.0,11200,1857.0
2022-06-01,1857.0,1862.0,1844.0,1860.0,10100,1860.0
2022-06-02,1860.0,1861.0,1854.0,1856.0,3200,1856.0
2022-06-03,1865.0,1865.0,1843.0,1846.0,7600,1846.0
2022-06-06,1840.0,1850.0,1835.0,1839.0,26200,1839.0
2022-06-07,1840.0,1857.0,1840.0,1855.0,8900,1855.0
2022-06-08,1856.0,1865.0,1853.0,1863.0,9700,1863.0
2022-06-09,1862.0,1872.0,1860.0,1861.0,10300,1861.0
2022-06-10,1864.0,1864.0,1838.0,1838.0,12900,1838.0
2022-06-13,1835.0,1845.0,1815.0,1823.0,13100,1823.0
2022-06-14,1811.0,1831.0,1811.0,1814.0,7200,1814.0
2022-06-15,1814.0,1821.0,1811.0,1814.0,8000,1814.0
2022-06-16,1815.0,1824.0,1811.0,1813.0,7300,1813.0
2022-06-17,1800.0,1820.0,1791.0,1810.0,17800,1810.0
2022-06-20,1810.0,1810.0,1792.0,1804.0,9400,1804.0
2022-06-21,1806.0,1820.0,1801.0,1814.0,7300,1814.0
2022-06-22,1821.0,1821.0,1807.0,1820.0,4400,1820.0
2022-06-23,1811.0,1822.0,1810.0,1816.0,3900,1816.0
2022-06-24,1825.0,1826.0,1819.0,1825.0,5500,1825.0
2022-06-27,1825.0,1835.0,1825.0,1832.0,2400,1832.0
2022-06-28,1832.0,1839.0,1826.0,1839.0,5400,1839.0
2022-06-29,1823.0,1840.0,1823.0,1840.0,9600,1840.0
2022-06-30,1833.0,1843.0,1823.0,1823.0,4800,1823.0
2022-07-01,1836.0,1836.0,1809.0,1819.0,6500,1819.0
2022-07-04,1821.0,1837.0,1812.0,1824.0,6500,1824.0
2022-07-05,1819.0,1819.0,1809.0,1816.0,13900,1816.0
2022-07-06,1816.0,1818.0,1801.0,1801.0,9800,1801.0
2022-07-07,1802.0,1806.0,1791.0,1803.0,13800,1803.0
2022-07-08,1803.0,1816.0,1794.0,1794.0,21500,1794.0
2022-07-11,1816.0,1819.0,1799.0,1816.0,15000,1816.0
2022-07-12,1806.0,1813.0,1797.0,1808.0,18900,1808.0
2022-07-13,1801.0,1815.0,1801.0,1815.0,8200,1815.0
2022-07-14,1815.0,1815.0,1803.0,1810.0,6200,1810.0
2022-07-15,1800.0,1809.0,1796.0,1800.0,11900,1800.0
2022-07-19,1802.0,1812.0,1802.0,1804.0,5500,1804.0
2022-07-20,1810.0,1816.0,1810.0,1813.0,10100,1813.0
2022-07-21,1813.0,1819.0,1813.0,1819.0,6800,1819.0
2022-07-22,1819.0,1823.0,1819.0,1819.0,11000,1819.0
2022-07-25,1840.0,1840.0,1814.0,1815.0,22300,1815.0
2022-07-26,1817.0,1827.0,1817.0,1827.0,3700,1827.0
2022-07-27,1827.0,1827.0,1818.0,1820.0,4300,1820.0
2022-07-28,1820.0,1838.0,1815.0,1838.0,13200,1838.0
2022-07-29,1843.0,1843.0,1827.0,1833.0,11300,1833.0
2022-08-01,1834.0,1839.0,1833.0,1839.0,7600,1839.0
2022-08-02,1833.0,1839.0,1833.0,1833.0,23200,1833.0
2022-08-03,1839.0,1839.0,1815.0,1815.0,13200,1815.0
2022-08-04,1824.0,1824.0,1815.0,1816.0,3800,1816.0
2022-08-05,1817.0,1826.0,1816.0,1816.0,3700,1816.0
2022-08-08,1810.0,1820.0,1810.0,1814.0,12900,1814.0
2022-08-09,1812.0,1815.0,1809.0,1809.0,4600,1809.0
2022-08-10,1810.0,1818.0,1796.0,1803.0,29500,1803.0
2022-08-12,1804.0,1817.0,1799.0,1803.0,55000,1803.0
2022-08-15,1801.0,1807.0,1794.0,1800.0,28500,1800.0
2022-08-16,1804.0,1814.0,1801.0,1809.0,15500,1809.0
2022-08-17,1809.0,1816.0,1804.0,1805.0,35300,1805.0
2022-08-18,1801.0,1810.0,1801.0,1810.0,9500,1810.0
2022-08-19,1810.0,1811.0,1806.0,1808.0,11000,1808.0
2022-08-22,1801.0,1813.0,1801.0,1813.0,25900,1813.0
2022-08-23,1803.0,1816.0,1802.0,1811.0,10100,1811.0
2022-08-24,1810.0,1816.0,1806.0,1816.0,12200,1816.0
2022-08-25,1816.0,1820.0,1812.0,1814.0,13500,1814.0
2022-08-26,1814.0,1833.0,1814.0,1827.0,13000,1827.0
2022-08-29,1811.0,1817.0,1810.0,1815.0,16800,1815.0
2022-08-30,1815.0,1823.0,1815.0,1818.0,18000,1818.0
2022-08-31,1816.0,1823.0,1816.0,1816.0,12700,1816.0
2022-09-01,1813.0,1815.0,1809.0,1813.0,15800,1813.0
2022-09-02,1812.0,1812.0,1808.0,1812.0,15200,1812.0
2022-09-05,1812.0,1817.0,1812.0,1815.0,7200,1815.0
2022-09-06,1815.0,1820.0,1811.0,1817.0,10500,1817.0
2022-09-07,1815.0,1816.0,1809.0,1812.0,8500,1812.0
2022-09-08,1811.0,1819.0,1811.0,1817.0,12800,1817.0
2022-09-09,1820.0,1822.0,1814.0,1814.0,14100,1814.0
2022-09-12,1818.0,1822.0,1811.0,1817.0,15400,1817.0
2022-09-13,1812.0,1832.0,1812.0,1828.0,16700,1828.0
2022-09-14,1817.0,1823.0,1813.0,1816.0,15300,1816.0
2022-09-15,1814.0,1821.0,1814.0,1818.0,8000,1818.0
2022-09-16,1820.0,1820.0,1811.0,1812.0,13100,1812.0
2022-09-20,1813.0,1823.0,1812.0,1815.0,18000,1815.0
2022-09-21,1816.0,1822.0,1813.0,1817.0,16900,1817.0
2022-09-22,1816.0,1821.0,1812.0,1816.0,17500,1816.0
2022-09-26,1820.0,1822.0,1807.0,1807.0,45400,1807.0
2022-09-27,1809.0,1811.0,1805.0,1811.0,25700,1811.0
2022-09-28,1807.0,1831.0,1801.0,1831.0,26600,1831.0
2022-09-29,1800.0,1810.0,1792.0,1805.0,22900,1805.0
2022-09-30,1794.0,1799.0,1778.0,1781.0,19100,1781.0
2022-10-03,1785.0,1785.0,1765.0,1783.0,40300,1783.0
2022-10-04,1792.0,1811.0,1792.0,1802.0,21900,1802.0
2022-10-05,1802.0,1811.0,1799.0,1800.0,15700,1800.0
2022-10-06,1800.0,1815.0,1798.0,1807.0,12000,1807.0
2022-10-07,1795.0,1819.0,1795.0,1813.0,20600,1813.0
2022-10-11,1800.0,1810.0,1794.0,1796.0,18200,1796.0
2022-10-12,1793.0,1801.0,1781.0,1801.0,20300,1801.0
2022-10-13,1792.0,1793.0,1782.0,1788.0,13300,1788.0
2022-10-14,1794.0,1806.0,1790.0,1793.0,39300,1793.0
2022-10-17,1787.0,1796.0,1786.0,1789.0,19200,1789.0
2022-10-18,1795.0,1802.0,1787.0,1801.0,16500,1801.0
2022-10-19,1799.0,1809.0,1796.0,1803.0,11500,1803.0
2022-10-20,1799.0,1812.0,1795.0,1802.0,16100,1802.0
2022-10-21,1792.0,1802.0,1789.0,1792.0,15300,1792.0
2022-10-24,1800.0,1803.0,1789.0,1789.0,14500,1789.0
2022-10-25,1790.0,1806.0,1790.0,1806.0,15700,1806.0
2022-10-26,1806.0,1810.0,1800.0,1805.0,14600,1805.0
2022-10-27,1805.0,1805.0,1798.0,1798.0,7900,1798.0
2022-10-28,1798.0,1801.0,1789.0,1794.0,64900,1794.0
2022-10-31,1798.0,1803.0,1795.0,1796.0,12600,1796.0
2022-11-01,1792.0,1798.0,1786.0,1788.0,7200,1788.0
2022-11-02,1793.0,1794.0,1786.0,1786.0,10800,1786.0
2022-11-04,1783.0,1793.0,1778.0,1779.0,14200,1779.0
2022-11-07,1790.0,1790.0,1779.0,1780.0,8000,1780.0
2022-11-08,1788.0,1790.0,1781.0,1781.0,11100,1781.0
2022-11-09,1780.0,1795.0,1780.0,1781.0,11700,1781.0
2022-11-10,1781.0,1794.0,1765.0,1766.0,39200,1766.0
2022-11-11,1770.0,1774.0,1765.0,1768.0,46200,1768.0
2022-11-14,1770.0,1770.0,1740.0,1741.0,52400,1741.0
2022-11-15,1745.0,1748.0,1737.0,1744.0,29500,1744.0
2022-11-16,1753.0,1764.0,1752.0,1756.0,44100,1756.0
2022-11-17,1756.0,1775.0,1756.0,1774.0,19400,1774.0
2022-11-18,1776.0,1777.0,1765.0,1766.0,23600,1766.0
2022-11-21,1778.0,1780.0,1767.0,1773.0,20700,1773.0
2022-11-22,1774.0,1783.0,1773.0,1781.0,30500,1781.0
2022-11-24,1785.0,1790.0,1782.0,1790.0,31700,1790.0
2022-11-25,1794.0,1804.0,1788.0,1797.0,19900,1797.0
2022-11-28,1806.0,1807.0,1797.0,1799.0,10200,1799.0
2022-11-29,1800.0,1817.0,1791.0,1804.0,39600,1804.0
2022-11-30,1800.0,1805.0,1797.0,1801.0,10500,1801.0
2022-12-01,1814.0,1814.0,1783.0,1783.0,21700,1783.0
2022-12-02,1789.0,1789.0,1765.0,1766.0,26700,1766.0
2022-12-05,1778.0,1778.0,1761.0,1763.0,22300,1763.0
2022-12-06,1760.0,1773.0,1756.0,1762.0,12900,1762.0
2022-12-07,1762.0,1767.0,1760.0,1761.0,19000,1761.0
2022-12-08,1760.0,1764.0,1753.0,1761.0,12700,1761.0
2022-12-09,1768.0,1768.0,1762.0,1767.0,20300,1767.0
2022-12-12,1767.0,1769.0,1757.0,1762.0,25100,1762.0
2022-12-13,1762.0,1774.0,1762.0,1762.0,22500,1762.0
2022-12-14,1761.0,1770.0,1761.0,1763.0,34700,1763.0
2022-12-15,1760.0,1774.0,1760.0,1774.0,14600,1774.0
2022-12-16,1769.0,1780.0,1768.0,1773.0,23000,1773.0
2022-12-19,1770.0,1776.0,1766.0,1771.0,14600,1771.0
2022-12-20,1771.0,1784.0,1754.0,1761.0,70200,1761.0
2022-12-21,1761.0,1770.0,1743.0,1750.0,55000,1750.0
2022-12-22,1758.0,1764.0,1751.0,1763.0,8700,1763.0
2022-12-23,1763.0,1769.0,1759.0,1765.0,19000,1765.0
2022-12-26,1770.0,1783.0,1769.0,1778.0,9400,1778.0
2022-12-27,1790.0,1794.0,1782.0,1788.0,9700,1788.0
2022-12-28,1784.0,1791.0,1780.0,1788.0,14000,1788.0
2022-12-29,1776.0,1791.0,1772.0,1791.0,13200,1791.0
2022-12-30,1793.0,1796.0,1785.0,1785.0,7900,1785.0
2023-01-04,1789.0,1789.0,1775.0,1776.0,7100,1776.0
2023-01-05,1780.0,1780.0,1767.0,1768.0,11800,1768.0
2023-01-06,1773.0,1774.0,1767.0,1770.0,8100,1770.0
2023-01-10,1775.0,1779.0,1764.0,1768.0,15900,1768.0
2023-01-11,1773.0,1781.0,1769.0,1781.0,10300,1781.0
2023-01-12,1776.0,1780.0,1771.0,1774.0,8700,1774.0
2023-01-13,1771.0,1781.0,1767.0,1771.0,13900,1771.0
2023-01-16,1770.0,1785.0,1768.0,1778.0,14300,1778.0
2023-01-17,1771.0,1782.0,1771.0,1782.0,10700,1782.0
2023-01-18,1784.0,1785.0,1773.0,1781.0,10000,1781.0
2023-01-19,1782.0,1790.0,1780.0,1786.0,15800,1786.0
2023-01-20,1784.0,1791.0,1778.0,1790.0,9800,1790.0
2023-01-23,1797.0,1802.0,1794.0,1800.0,12900,1800.0
2023-01-24,1807.0,1808.0,1797.0,1808.0,9800,1808.0
2023-01-25,1808.0,1809.0,1790.0,1808.0,21100,1808.0
2023-01-26,1808.0,1810.0,1801.0,1806.0,16600,1806.0
2023-01-27,1805.0,1810.0,1801.0,1806.0,13000,1806.0
2023-01-30,1811.0,1811.0,1800.0,1806.0,33300,1806.0
2023-01-31,1801.0,1815.0,1801.0,1812.0,15300,1812.0
2023-02-01,1810.0,1815.0,1808.0,1813.0,10500,1813.0
2023-02-02,1810.0,1810.0,1805.0,1807.0,11000,1807.0
2023-02-03,1809.0,1813.0,1803.0,1813.0,8100,1813.0
2023-02-06,1812.0,1815.0,1811.0,1814.0,7400,1814.0
2023-02-07,1814.0,1814.0,1808.0,1808.0,15000,1808.0
2023-02-08,1808.0,1814.0,1806.0,1813.0,11700,1813.0
2023-02-09,1810.0,1822.0,1810.0,1817.0,13900,1817.0
2023-02-10,1820.0,1827.0,1788.0,1788.0,50500,1788.0
2023-02-13,1788.0,1795.0,1778.0,1791.0,35800,1791.0
2023-02-14,1791.0,1807.0,1791.0,1803.0,16200,1803.0
2023-02-15,1805.0,1808.0,1798.0,1798.0,16000,1798.0
2023-02-16,1798.0,1804.0,1798.0,1803.0,13300,1803.0
2023-02-17,1803.0,1813.0,1802.0,1805.0,11700,1805.0
2023-02-20,1807.0,1815.0,1807.0,1813.0,10200,1813.0
2023-02-21,1818.0,1829.0,1818.0,1825.0,26000,1825.0
2023-02-22,1823.0,1827.0,1817.0,1820.0,14300,1820.0
2023-02-24,1825.0,1829.0,1824.0,1824.0,13800,1824.0
2023-02-27,1827.0,1836.0,1827.0,1831.0,21500,1831.0
2023-02-28,1832.0,1840.0,1832.0,1837.0,14900,1837.0
2023-03-01,1842.0,1854.0,1842.0,1854.0,20300,1854.0
2023-03-02,1854.0,1862.0,1850.0,1850.0,20100,1850.0
2023-03-03,1849.0,1863.0,1836.0,1862.0,25600,1862.0
2023-03-06,1866.0,1870.0,1855.0,1860.0,23400,1860.0
2023-03-07,1860.0,1865.0,1859.0,1864.0,17600,1864.0
2023-03-08,1855.0,1869.0,1852.0,1866.0,19600,1866.0
2023-03-09,1866.0,1875.0,1866.0,1869.0,24000,1869.0
2023-03-10,1867.0,1872.0,1860.0,1860.0,20800,1860.0
2023-03-13,1848.0,1848.0,1835.0,1840.0,34700,1840.0
2023-03-14,1830.0,1830.0,1804.0,1814.0,40300,1814.0
2023-03-15,1825.0,1834.0,1820.0,1830.0,15200,1830.0
2023-03-16,1806.0,1818.0,1802.0,1810.0,24000,1810.0
2023-03-17,1814.0,1816.0,1804.0,1812.0,23700,1812.0
2023-03-20,1801.0,1817.0,1799.0,1808.0,55300,1808.0
2023-03-22,1810.0,1813.0,1803.0,1811.0,27600,1811.0
2023-03-23,1799.0,1811.0,1797.0,1809.0,29000,1809.0
2023-03-24,1809.0,1809.0,1802.0,1806.0,21900,1806.0
2023-03-27,1814.0,1820.0,1811.0,1820.0,21700,1820.0
2023-03-28,1819.0,1823.0,1809.0,1809.0,22400,1809.0
2023-03-29,1813.0,1826.0,1809.0,1824.0,43700,1824.0
2023-03-30,1772.0,1791.0,1772.0,1784.0,63200,1784.0
2023-03-31,1790.0,1790.0,1777.0,1781.0,81200,1781.0
2023-04-03,1786.0,1797.0,1783.0,1797.0,27900,1797.0
2023-04-04,1795.0,1802.0,1792.0,1802.0,18200,1802.0
2023-04-05,1793.0,1793.0,1786.0,1786.0,25400,1786.0
2023-04-06,1789.0,1795.0,1785.0,1791.0,13400,1791.0
2023-04-07,1784.0,1793.0,1784.0,1786.0,14700,1786.0
2023-04-10,1791.0,1796.0,1790.0,1792.0,9000,1792.0
2023-04-11,1797.0,1797.0,1785.0,1792.0,24100,1792.0
2023-04-12,1803.0,1811.0,1794.0,1810.0,33500,1810.0
2023-04-13,1814.0,1843.0,1812.0,1832.0,60500,1832.0
2023-04-14,1840.0,1846.0,1830.0,1845.0,43900,1845.0
2023-04-17,1853.0,1853.0,1840.0,1844.0,35500,1844.0
2023-04-18,1847.0,1863.0,1840.0,1859.0,47700,1859.0
2023-04-19,1868.0,1870.0,1856.0,1867.0,44100,1867.0
2023-04-20,1867.0,1880.0,1853.0,1855.0,36100,1855.0
2023-04-21,1860.0,1877.0,1848.0,1871.0,25700,1871.0
2023-04-24,1873.0,1880.0,1873.0,1879.0,22500,1879.0
2023-04-25,1879.0,1895.0,1878.0,1887.0,25500,1887.0
2023-04-26,1886.0,1905.0,1880.0,1905.0,36100,1905.0
2023-04-27,1900.0,1914.0,1894.0,1909.0,55500,1909.0
2023-04-28,1916.0,1926.0,1909.0,1920.0,27700,1920.0
2023-05-01,1925.0,1929.0,1907.0,1907.0,24000,1907.0
2023-05-02,1921.0,1930.0,1910.0,1929.0,27600,1929.0
2023-05-08,1930.0,1969.0,1930.0,1965.0,35000,1965.0
2023-05-09,1965.0,1970.0,1938.0,1960.0,35200,1960.0
2023-05-10,1960.0,1960.0,1936.0,1948.0,16200,1948.0
2023-05-11,1940.0,1962.0,1934.0,1954.0,12800,1954.0
2023-05-12,1954.0,1957.0,1931.0,1951.0,15400,1951.0
2023-05-15,1951.0,1960.0,1948.0,1960.0,12600,1960.0
2023-05-16,1958.0,1958.0,1937.0,1952.0,17500,1952.0
2023-05-17,1960.0,1960.0,1940.0,1950.0,19900,1950.0
2023-05-18,1950.0,1986.0,1914.0,1950.0,87700,1950.0
2023-05-19,1937.0,1937.0,1907.0,1911.0,42500,1911.0
2023-05-22,1911.0,1938.0,1898.0,1936.0,31400,1936.0
2023-05-23,1926.0,1930.0,1901.0,1904.0,30500,1904.0
2023-05-24,1897.0,1916.0,1895.0,1898.0,13300,1898.0
2023-05-25,1898.0,1905.0,1898.0,1900.0,12400,1900.0
2023-05-26,1895.0,1904.0,1887.0,1887.0,17600,1887.0
2023-05-29,1916.0,1916.0,1887.0,1887.0,11900,1887.0
2023-05-30,1893.0,1893.0,1877.0,1882.0,14000,1882.0
2023-05-31,1891.0,1891.0,1863.0,1863.0,17500,1863.0
2023-06-01,1865.0,1886.0,1865.0,1869.0,9600,1869.0
2023-06-02,1879.0,1880.0,1867.0,1880.0,13500,1880.0
2023-06-05,1890.0,1898.0,1885.0,1887.0,11100,1887.0
2023-06-06,1890.0,1890.0,1881.0,1886.0,9300,1886.0
2023-06-07,1889.0,1893.0,1872.0,1875.0,20400,1875.0
2023-06-08,1876.0,1890.0,1871.0,1878.0,17700,1878.0
2023-06-09,1873.0,1883.0,1873.0,1879.0,16100,1879.0
2023-06-12,1886.0,1906.0,1881.0,1906.0,19700,1906.0
2023-06-13,1911.0,1914.0,1897.0,1902.0,10000,1902.0
2023-06-14,1913.0,1913.0,1898.0,1903.0,12400,1903.0
2023-06-15,1901.0,1907.0,1891.0,1904.0,7900,1904.0
2023-06-16,1912.0,1919.0,1904.0,1910.0,19400,1910.0
2023-06-19,1916.0,1916.0,1905.0,1906.0,11000,1906.0
2023-06-20,1906.0,1913.0,1901.0,1910.0,9700,1910.0
2023-06-21,1912.0,1935.0,1910.0,1931.0,25500,1931.0
2023-06-22,1932.0,1947.0,1928.0,1936.0,21200,1936.0
2023-06-23,1945.0,1945.0,1905.0,1913.0,11100,1913.0
2023-06-26,1929.0,1929.0,1915.0,1924.0,10100,1924.0
2023-06-27,1929.0,1932.0,1921.0,1928.0,7000,1928.0
2023-06-28,1934.0,1941.0,1926.0,1941.0,11500,1941.0
2023-06-29,1956.0,1957.0,1944.0,1947.0,14500,1947.0
2023-06-30,1952.0,1961.0,1947.0,1956.0,16500,1956.0
2023-07-03,1965.0,1971.0,1957.0,1957.0,11700,1957.0
2023-07-04,1957.0,1972.0,1953.0,1963.0,13200,1963.0
2023-07-05,1953.0,1978.0,1953.0,1963.0,21300,1963.0
2023-07-06,1963.0,1968.0,1946.0,1958.0,15900,1958.0
2023-07-07,1958.0,1966.0,1941.0,1955.0,18500,1955.0
2023-07-10,1955.0,1980.0,1955.0,1965.0,21400,1965.0
2023-07-11,1965.0,1968.0,1957.0,1957.0,13300,1957.0
2023-07-12,1957.0,1964.0,1937.0,1937.0,24900,1937.0
2023-07-13,1931.0,1950.0,1930.0,1949.0,13600,1949.0
2023-07-14,1949.0,1957.0,1932.0,1936.0,8500,1936.0
2023-07-18,1932.0,1948.0,1932.0,1934.0,11600,1934.0
2023-07-19,1934.0,1950.0,1934.0,1950.0,15200,1950.0
2023-07-20,1957.0,1968.0,1954.0,1968.0,15300,1968.0
2023-07-21,1970.0,2003.0,1968.0,2002.0,36300,2002.0
2023-07-24,2000.0,2003.0,1984.0,1998.0,24100,1998.0
2023-07-25,2004.0,2057.0,2003.0,2048.0,60000,2048.0
2023-07-26,2050.0,2050.0,2023.0,2048.0,19900,2048.0
2023-07-27,2048.0,2048.0,2022.0,2028.0,17500,2028.0
2023-07-28,2020.0,2048.0,2009.0,2048.0,51600,2048.0
2023-07-31,2054.0,2056.0,2037.0,2046.0,15300,2046.0
2023-08-01,2045.0,2048.0,2037.0,2044.0,8900,2044.0
2023-08-02,2044.0,2044.0,2019.0,2019.0,16500,2019.0
2023-08-03,2010.0,2036.0,2002.0,2026.0,18800,2026.0
2023-08-04,2026.0,2065.0,2021.0,2062.0,22800,2062.0
2023-08-07,2062.0,2088.0,2050.0,2084.0,16100,2084.0
2023-08-08,2088.0,2097.0,2074.0,2074.0,16600,2074.0
2023-08-09,2074.0,2074.0,2040.0,2054.0,28100,2054.0
2023-08-10,2031.0,2076.0,2016.0,2066.0,17100,2066.0
2023-08-14,2066.0,2082.0,2064.0,2082.0,11800,2082.0
2023-08-15,2084.0,2089.0,2067.0,2074.0,17100,2074.0
2023-08-16,2060.0,2060.0,2044.0,2051.0,13100,2051.0
2023-08-17,2054.0,2054.0,2015.0,2040.0,15400,2040.0
2023-08-18,2025.0,2041.0,2017.0,2018.0,14400,2018.0
2023-08-21,2020.0,2038.0,2019.0,2025.0,8600,2025.0
2023-08-22,2038.0,2038.0,2011.0,2011.0,14600,2011.0
2023-08-23,2005.0,2034.0,2004.0,2034.0,9800,2034.0
2023-08-24,2037.0,2054.0,2030.0,2048.0,14300,2048.0
2023-08-25,2047.0,2055.0,2039.0,2055.0,10100,2055.0
2023-08-28,2055.0,2068.0,2049.0,2063.0,10300,2063.0
2023-08-29,2063.0,2066.0,2052.0,2061.0,6800,2061.0
2023-08-30,2061.0,2061.0,2050.0,2060.0,11200,2060.0
2023-08-31,2056.0,2068.0,2050.0,2055.0,5700,2055.0
2023-09-01,2055.0,2075.0,2055.0,2073.0,10900,2073.0
2023-09-04,2082.0,2094.0,2074.0,2094.0,21100,2094.0
2023-09-05,2094.0,2094.0,2076.0,2088.0,14200,2088.0
2023-09-06,2088.0,2099.0,2088.0,2090.0,12900,2090.0
2023-09-07,2076.0,2097.0,2076.0,2082.0,15100,2082.0
2023-09-08,2078.0,2094.0,2078.0,2090.0,9300,2090.0
2023-09-11,2090.0,2130.0,2090.0,2119.0,21000,2119.0
2023-09-12,2118.0,2118.0,2101.0,2117.0,9600,2117.0
2023-09-13,2116.0,2117.0,2093.0,2107.0,12300,2107.0
2023-09-14,2114.0,2115.0,2095.0,2113.0,10700,2113.0
2023-09-15,2113.0,2145.0,2113.0,2139.0,26700,2139.0
2023-09-19,2145.0,2150.0,2136.0,2150.0,18400,2150.0
2023-09-20,2150.0,2160.0,2123.0,2125.0,37800,2125.0
2023-09-21,2125.0,2159.0,2120.0,2158.0,21800,2158.0
2023-09-22,2150.0,2150.0,2126.0,2140.0,19900,2140.0
2023-09-25,2159.0,2160.0,2141.0,2149.0,13400,2149.0
2023-09-26,2150.0,2158.0,2111.0,2129.0,20600,2129.0
2023-09-27,2121.0,2144.0,2110.0,2144.0,13600,2144.0
2023-09-28,2110.0,2142.0,2104.0,2115.0,19000,2115.0
2023-09-29,2147.0,2147.0,2082.0,2087.0,40600,2087.0
2023-10-02,2088.0,2122.0,2081.0,2084.0,24400,2084.0
2023-10-03,2105.0,2105.0,2033.0,2038.0,24100,2038.0
2023-10-04,2004.0,2016.0,1982.0,1982.0,30900,1982.0
2023-10-05,2000.0,2040.0,2000.0,2028.0,14400,2028.0
2023-10-06,2052.0,2062.0,2035.0,2036.0,11700,2036.0
2023-10-10,2040.0,2071.0,2040.0,2063.0,15100,2063.0
2023-10-11,2089.0,2090.0,2053.0,2063.0,15400,2063.0
2023-10-12,2082.0,2082.0,2041.0,2051.0,10700,2051.0
2023-10-13,2035.0,2048.0,2014.0,2026.0,15400,2026.0
2023-10-16,2015.0,2040.0,2012.0,2024.0,8900,2024.0
2023-10-17,2025.0,2045.0,2023.0,2030.0,12500,2030.0
2023-10-18,2030.0,2058.0,2030.0,2049.0,10100,2049.0
2023-10-19,2028.0,2044.0,2023.0,2035.0,6600,2035.0
2023-10-20,2035.0,2050.0,2029.0,2033.0,10600,2033.0
2023-10-23,2024.0,2038.0,2014.0,2014.0,9100,2014.0
2023-10-24,2014.0,2017.0,1983.0,2007.0,23100,2007.0
2023-10-25,2010.0,2039.0,2007.0,2023.0,8100,2023.0
2023-10-26,2010.0,2022.0,2009.0,2013.0,7200,2013.0
2023-10-27,2030.0,2043.0,2020.0,2043.0,21400,2043.0
2023-10-30,2014.0,2026.0,1996.0,1996.0,39400,1996.0
2023-10-31,2009.0,2024.0,1999.0,2024.0,12300,2024.0
2023-11-01,2150.0,2186.0,2144.0,2175.0,86800,2175.0
2023-11-02,2175.0,2175.0,2138.0,2147.0,32500,2147.0
2023-11-06,2162.0,2165.0,2143.0,2160.0,26800,2160.0
2023-11-07,2154.0,2164.0,2142.0,2146.0,23600,2146.0
2023-11-08,2146.0,2156.0,2120.0,2156.0,34200,2156.0
2023-11-09,2159.0,2187.0,2139.0,2187.0,33600,2187.0
2023-11-10,2180.0,2233.0,2178.0,2229.0,46200,2229.0
2023-11-13,2229.0,2310.0,2226.0,2292.0,51200,2292.0
2023-11-14,2299.0,2324.0,2270.0,2275.0,12700,2275.0
2023-11-15,2276.0,2281.0,2242.0,2261.0,22800,2261.0
2023-11-16,2246.0,2297.0,2246.0,2273.0,17700,2273.0
2023-11-17,2273.0,2301.0,2270.0,2293.0,8800,2293.0
2023-11-20,2295.0,2309.0,2257.0,2259.0,18700,2259.0
2023-11-21,2252.0,2306.0,2235.0,2303.0,21600,2303.0
2023-11-22,2287.0,2307.0,2277.0,2290.0,10300,2290.0
2023-11-24,2294.0,2310.0,2290.0,2296.0,8800,2296.0
2023-11-27,2313.0,2313.0,2287.0,2297.0,5500,2297.0
2023-11-28,2299.0,2300.0,2278.0,2295.0,6500,2295.0
2023-11-29,2296.0,2298.0,2285.0,2294.0,6500,2294.0
2023-11-30,2295.0,2311.0,2286.0,2300.0,13400,2300.0
2023-12-01,2302.0,2310.0,2285.0,2285.0,13800,2285.0
2023-12-04,2290.0,2290.0,2272.0,2286.0,17000,2286.0
2023-12-05,2283.0,2283.0,2260.0,2264.0,12600,2264.0
2023-12-06,2260.0,2272.0,2260.0,2263.0,7700,2263.0
2023-12-07,2259.0,2262.0,2252.0,2257.0,10300,2257.0
2023-12-08,2257.0,2257.0,2220.0,2233.0,16000,2233.0
2023-12-11,2248.0,2248.0,2227.0,2234.0,13300,2234.0
2023-12-12,2240.0,2249.0,2237.0,2246.0,7600,2246.0
2023-12-13,2232.0,2264.0,2232.0,2245.0,6000,2245.0
2023-12-14,2248.0,2248.0,2230.0,2230.0,7300,2230.0
2023-12-15,2233.0,2233.0,2216.0,2222.0,16000,2222.0
2023-12-18,2249.0,2249.0,2202.0,2219.0,14800,2219.0
2023-12-19,2225.0,2230.0,2211.0,2220.0,9000,2220.0
2023-12-20,2222.0,2239.0,2220.0,2228.0,10700,2228.0
2023-12-21,2228.0,2228.0,2203.0,2212.0,13100,2212.0
2023-12-22,2219.0,2232.0,2219.0,2232.0,6300,2232.0
2023-12-25,2233.0,2255.0,2225.0,2240.0,10100,2240.0
2023-12-26,2235.0,2241.0,2223.0,2241.0,7600,2241.0
2023-12-27,2249.0,2258.0,2241.0,2257.0,22300,2257.0
2023-12-28,2256.0,2297.0,2250.0,2286.0,18300,2286.0
2023-12-29,2276.0,2290.0,2276.0,2290.0,6800,2290.0
2024-01-04,2300.0,2325.0,2298.0,2311.0,33600,2311.0
2024-01-05,2311.0,2319.0,2299.0,2319.0,21400,2319.0
2024-01-09,2320.0,2334.0,2306.0,2328.0,28200,2328.0
2024-01-10,2339.0,2339.0,2321.0,2334.0,9500,2334.0
2024-01-11,2337.0,2358.0,2331.0,2345.0,16400,2345.0
2024-01-12,2336.0,2336.0,2286.0,2303.0,26500,2303.0
2024-01-15,2290.0,2326.0,2290.0,2321.0,20000,2321.0
2024-01-16,2326.0,2326.0,2305.0,2307.0,12200,2307.0
2024-01-17,2306.0,2324.0,2303.0,2305.0,12500,2305.0
2024-01-18,2311.0,2318.0,2301.0,2318.0,13100,2318.0
2024-01-19,2318.0,2328.0,2300.0,2325.0,16700,2325.0
2024-01-22,2325.0,2331.0,2311.0,2331.0,10700,2331.0
2024-01-23,2336.0,2336.0,2312.0,2315.0,14000,2315.0
2024-01-24,2310.0,2326.0,2300.0,2321.0,13300,2321.0
2024-01-25,2293.0,2324.0,2293.0,2309.0,20000,2309.0
2024-01-26,2309.0,2318.0,2300.0,2305.0,11700,2305.0
2024-01-29,2310.0,2320.0,2309.0,2320.0,7900,2320.0
2024-01-30,2315.0,2338.0,2310.0,2326.0,49100,2326.0
2024-01-31,2330.0,2379.0,2325.0,2362.0,21100,2362.0
2024-02-01,2357.0,2390.0,2340.0,2376.0,18200,2376.0
2024-02-02,2376.0,2420.0,2372.0,2415.0,22300,2415.0
2024-02-05,2420.0,2436.0,2408.0,2410.0,13700,2410.0
2024-02-06,2413.0,2430.0,2413.0,2413.0,6900,2413.0
2024-02-07,2406.0,2437.0,2401.0,2409.0,9600,2409.0
2024-02-08,2420.0,2455.0,2372.0,2418.0,40900,2418.0
2024-02-09,2438.0,2494.0,2427.0,2472.0,33200,2472.0
2024-02-13,2490.0,2490.0,2455.0,2481.0,26300,2481.0
2024-02-14,2481.0,2481.0,2447.0,2447.0,15600,2447.0
2024-02-15,2441.0,2450.0,2401.0,2405.0,18200,2405.0
2024-02-16,2405.0,2425.0,2405.0,2406.0,13200,2406.0
2024-02-19,2400.0,2431.0,2380.0,2428.0,16800,2428.0
2024-02-20,2443.0,2464.0,2428.0,2428.0,12000,2428.0
2024-02-21,2428.0,2432.0,2406.0,2406.0,10100,2406.0
2024-02-22,2429.0,2458.0,2407.0,2447.0,17100,2447.0
2024-02-26,2450.0,2467.0,2450.0,2452.0,9700,2452.0
2024-02-27,2453.0,2474.0,2452.0,2470.0,16200,2470.0
2024-02-28,2470.0,2474.0,2458.0,2465.0,9200,2465.0
2024-02-29,2465.0,2465.0,2443.0,2465.0,10900,2465.0
2024-03-01,2466.0,2485.0,2462.0,2470.0,24200,2470.0
2024-03-04,2470.0,2470.0,2430.0,2442.0,16600,2442.0
2024-03-05,2435.0,2477.0,2430.0,2477.0,10600,2477.0
2024-03-06,2452.0,2491.0,2450.0,2474.0,13300,2474.0
2024-03-07,2474.0,2485.0,2452.0,2452.0,10500,2452.0
2024-03-08,2441.0,2496.0,2440.0,2495.0,16400,2495.0
2024-03-11,2484.0,2502.0,2410.0,2432.0,36900,2432.0
2024-03-12,2430.0,2447.0,2410.0,2447.0,9400,2447.0
2024-03-13,2460.0,2468.0,2430.0,2447.0,9400,2447.0
2024-03-14,2438.0,2454.0,2438.0,2454.0,4500,2454.0
2024-03-15,2454.0,2480.0,2454.0,2480.0,12700,2480.0
2024-03-18,2486.0,2487.0,2464.0,2467.0,12700,2467.0
2024-03-19,2476.0,2476.0,2452.0,2462.0,14300,2462.0
2024-03-21,2473.0,2526.0,2465.0,2526.0,38000,2526.0
2024-03-22,2533.0,2533.0,2495.0,2506.0,16200,2506.0
2024-03-25,2507.0,2519.0,2490.0,2500.0,18700,2500.0
2024-03-26,2490.0,2549.0,2480.0,2517.0,25000,2517.0
2024-03-27,2530.0,2657.0,2530.0,2580.0,50700,2580.0
2024-03-28,2503.0,2533.0,2496.0,2496.0,20300,2496.0
2024-03-29,2518.0,2534.0,2494.0,2514.0,9900,2514.0
2024-04-01,2517.0,2517.0,2435.0,2440.0,20000,2440.0
2024-04-02,2443.0,2471.0,2434.0,2465.0,18600,2465.0
2024-04-03,2437.0,2465.0,2434.0,2448.0,6000,2448.0
2024-04-04,2443.0,2464.0,2435.0,2436.0,8500,2436.0
2024-04-05,2430.0,2444.0,2402.0,2426.0,9500,2426.0
2024-04-08,2426.0,2460.0,2420.0,2425.0,10300,2425.0
2024-04-09,2423.0,2435.0,2415.0,2418.0,12400,2418.0
2024-04-10,2416.0,2429.0,2413.0,2418.0,9100,2418.0
2024-04-11,2410.0,2412.0,2375.0,2399.0,34800,2399.0
2024-04-12,2405.0,2420.0,2394.0,2407.0,12800,2407.0
2024-04-15,2377.0,2415.0,2376.0,2391.0,10400,2391.0
2024-04-16,2375.0,2387.0,2358.0,2360.0,19400,2360.0
2024-04-17,2360.0,2376.0,2333.0,2342.0,25400,2342.0
2024-04-18,2335.0,2365.0,2333.0,2364.0,7800,2364.0
2024-04-19,2355.0,2355.0,2300.0,2321.0,25600,2321.0
2024-04-22,2330.0,2349.0,2330.0,2348.0,13400,2348.0
2024-04-23,2349.0,2365.0,2338.0,2354.0,11700,2354.0
2024-04-24,2343.0,2362.0,2343.0,2351.0,9400,2351.0
2024-04-25,2357.0,2378.0,2353.0,2361.0,11000,2361.0
2024-04-26,2361.0,2361.0,2336.0,2357.0,52700,2357.0
2024-04-30,2347.0,2400.0,2347.0,2400.0,12200,2400.0
2024-05-01,2398.0,2398.0,2355.0,2363.0,7600,2363.0
2024-05-02,2367.0,2374.0,2347.0,2374.0,13500,2374.0
2024-05-07,2370.0,2382.0,2362.0,2362.0,9500,2362.0
2024-05-08,2357.0,2371.0,2357.0,2362.0,3500,2362.0
2024-05-09,2362.0,2399.0,2356.0,2383.0,6000,2383.0
2024-05-10,2383.0,2387.0,2367.0,2387.0,10600,2387.0
2024-05-13,2382.0,2399.0,2377.0,2399.0,6700,2399.0
2024-05-14,2378.0,2399.0,2376.0,2399.0,9800,2399.0
2024-05-15,2408.0,2408.0,2383.0,2388.0,11200,2388.0
2024-05-16,2410.0,2424.0,2383.0,2410.0,28900,2410.0
2024-05-17,2426.0,2494.0,2365.0,2447.0,162400,2447.0
2024-05-20,2485.0,2547.0,2454.0,2521.0,65700,2521.0
2024-05-21,2540.0,2649.0,2539.0,2576.0,67800,2576.0
2024-05-22,2556.0,2585.0,2534.0,2537.0,20600,2537.0
2024-05-23,2522.0,2603.0,2495.0,2603.0,27400,2603.0
2024-05-24,2576.0,2576.0,2517.0,2517.0,20100,2517.0
2024-05-27,2530.0,2530.0,2506.0,2507.0,7900,2507.0
2024-05-28,2542.0,2638.0,2542.0,2624.0,46400,2624.0
2024-05-29,2632.0,2632.0,2550.0,2550.0,11300,2550.0
2024-05-30,2541.0,2577.0,2514.0,2571.0,19200,2571.0
2024-05-31,2590.0,2591.0,2562.0,2587.0,9200,2587.0
2024-06-03,2587.0,2600.0,2581.0,2591.0,5500,2591.0
2024-06-04,2582.0,2600.0,2564.0,2565.0,7400,2565.0
2024-06-05,2576.0,2576.0,2529.0,2538.0,7300,2538.0
2024-06-06,2528.0,2536.0,2515.0,2516.0,6300,2516.0
2024-06-07,2525.0,2528.0,2508.0,2516.0,6700,2516.0
2024-06-10,2512.0,2566.0,2511.0,2562.0,8200,2562.0
2024-06-11,2569.0,2572.0,2537.0,2537.0,4400,2537.0
2024-06-12,2536.0,2568.0,2536.0,2552.0,5200,2552.0
2024-06-13,2552.0,2552.0,2501.0,2501.0,6700,2501.0
2024-06-14,2492.0,2540.0,2483.0,2534.0,10000,2534.0
2024-06-17,2540.0,2559.0,2502.0,2502.0,13600,2502.0
2024-06-18,2552.0,2608.0,2532.0,2602.0,31600,2602.0
2024-06-19,2613.0,2632.0,2600.0,2600.0,15500,2600.0
2024-06-20,2600.0,2600.0,2565.0,2599.0,12600,2599.0
2024-06-21,2614.0,2619.0,2595.0,2602.0,6200,2602.0
2024-06-24,2619.0,2695.0,2603.0,2692.0,30300,2692.0
2024-06-25,2699.0,2711.0,2661.0,2666.0,17600,2666.0
2024-06-26,2670.0,2680.0,2666.0,2679.0,9200,2679.0
2024-06-27,2695.0,2775.0,2663.0,2666.0,40000,2666.0
2024-06-28,2748.0,2752.0,2657.0,2666.0,30300,2666.0
2024-07-01,2701.0,2717.0,2637.0,2665.0,20500,2665.0
2024-07-02,2687.0,2687.0,2636.0,2669.0,11300,2669.0
2024-07-03,2669.0,2681.0,2650.0,2664.0,6000,2664.0
2024-07-04,2670.0,2690.0,2670.0,2690.0,6400,2690.0
2024-07-05,2687.0,2699.0,2637.0,2637.0,13300,2637.0
2024-07-08,2651.0,2689.0,2620.0,2621.0,18200,2621.0
2024-07-09,2621.0,2621.0,2568.0,2587.0,21400,2587.0
2024-07-10,2587.0,2587.0,2541.0,2550.0,25900,2550.0
2024-07-11,2563.0,2583.0,2550.0,2579.0,14300,2579.0
2024-07-12,2570.0,2595.0,2556.0,2594.0,9500,2594.0
2024-07-16,2597.0,2613.0,2586.0,2598.0,17900,2598.0
2024-07-17,2609.0,2628.0,2609.0,2628.0,8500,2628.0
2024-07-18,2623.0,2623.0,2603.0,2620.0,7000,2620.0
2024-07-19,2615.0,2615.0,2582.0,2592.0,17200,2592.0
2024-07-22,2592.0,2625.0,2577.0,2597.0,21900,2597.0
2024-07-23,2597.0,2617.0,2597.0,2599.0,6800,2599.0
2024-07-24,2600.0,2600.0,2565.0,2566.0,12300,2566.0
2024-07-25,2566.0,2590.0,2541.0,2569.0,14300,2569.0
2024-07-26,2564.0,2564.0,2541.0,2554.0,11400,2554.0
2024-07-29,2554.0,2570.0,2545.0,2553.0,10700,2553.0
2024-07-30,2554.0,2554.0,2489.0,2505.0,60400,2505.0
2024-07-31,2505.0,2548.0,2505.0,2547.0,8500,2547.0
2024-08-01,2564.0,2564.0,2491.0,2494.0,16600,2494.0
2024-08-02,2444.0,2449.0,2400.0,2405.0,39300,2405.0
2024-08-05,2309.0,2309.0,1981.0,2031.0,96900,2031.0
2024-08-06,2222.0,2285.0,2100.0,2161.0,90100,2161.0
2024-08-07,2139.0,2308.0,2133.0,2261.0,29800,2261.0
2024-08-08,2250.0,2315.0,2226.0,2296.0,27500,2296.0
2024-08-09,2315.0,2419.0,2251.0,2377.0,55000,2377.0
2024-08-13,2450.0,2492.0,2428.0,2471.0,27500,2471.0
2024-08-14,2490.0,2503.0,2404.0,2456.0,31200,2456.0
2024-08-15,2473.0,2489.0,2431.0,2449.0,13100,2449.0
2024-08-16,2497.0,2499.0,2455.0,2497.0,18300,2497.0
2024-08-19,2497.0,2538.0,2488.0,2517.0,16800,2517.0
2024-08-20,2529.0,2536.0,2505.0,2505.0,14600,2505.0
2024-08-21,2501.0,2504.0,2480.0,2488.0,8200,2488.0
2024-08-22,2508.0,2508.0,2484.0,2484.0,8500,2484.0
2024-08-23,2484.0,2533.0,2484.0,2502.0,19000,2502.0
2024-08-26,2538.0,2538.0,2503.0,2513.0,7800,2513.0
2024-08-27,2536.0,2550.0,2523.0,2550.0,6700,2550.0
2024-08-28,2566.0,2566.0,2523.0,2557.0,9700,2557.0
2024-08-29,2559.0,2617.0,2557.0,2602.0,15100,2602.0
2024-08-30,2617.0,2633.0,2578.0,2612.0,17000,2612.0
2024-09-02,2659.0,2679.0,2635.0,2660.0,26600,2660.0
2024-09-03,2662.0,2681.0,2633.0,2644.0,15200,2644.0
2024-09-04,2598.0,2600.0,2536.0,2552.0,37400,2552.0
2024-09-05,2552.0,2604.0,2527.0,2569.0,19400,2569.0
2024-09-06,2552.0,2579.0,2535.0,2537.0,10900,2537.0
2024-09-09,2490.0,2577.0,2486.0,2546.0,33000,2546.0
2024-09-10,2545.0,2565.0,2528.0,2541.0,8600,2541.0
2024-09-11,2522.0,2549.0,2469.0,2490.0,27800,2490.0
2024-09-12,2515.0,2537.0,2506.0,2535.0,10300,2535.0
2024-09-13,2535.0,2552.0,2522.0,2532.0,6600,2532.0
2024-09-17,2540.0,2563.0,2521.0,2556.0,15400,2556.0
2024-09-18,2561.0,2580.0,2540.0,2555.0,9800,2555.0
2024-09-19,2562.0,2572.0,2551.0,2562.0,13200,2562.0
2024-09-20,2566.0,2580.0,2557.0,2572.0,12600,2572.0
2024-09-24,2585.0,2610.0,2565.0,2565.0,21500,2565.0
2024-09-25,2565.0,2579.0,2540.0,2550.0,26000,2550.0
2024-09-26,2550.0,2589.0,2550.0,2579.0,11600,2579.0
2024-09-27,2545.0,2580.0,2535.0,2555.0,12000,2555.0
2024-09-30,2502.0,2535.0,2480.0,2485.0,19700,2485.0
2024-10-01,2530.0,2530.0,2510.0,2512.0,3900,2512.0
2024-10-02,2510.0,2512.0,2480.0,2484.0,28000,2484.0
2024-10-03,2502.0,2537.0,2492.0,2504.0,8300,2504.0
2024-10-04,2504.0,2527.0,2485.0,2513.0,11200,2513.0
2024-10-07,2530.0,2530.0,2494.0,2495.0,7500,2495.0
2024-10-08,2488.0,2491.0,2475.0,2478.0,11400,2478.0
2024-10-09,2480.0,2480.0,2446.0,2464.0,22500,2464.0
2024-10-10,2463.0,2463.0,2440.0,2445.0,13800,2445.0
2024-10-11,2445.0,2469.0,2445.0,2460.0,7100,2460.0
2024-10-15,2464.0,2474.0,2450.0,2464.0,8900,2464.0
2024-10-16,2461.0,2473.0,2450.0,2460.0,9100,2460.0
2024-10-17,2460.0,2473.0,2455.0,2466.0,6000,2466.0
2024-10-18,2467.0,2473.0,2450.0,2450.0,10100,2450.0
2024-10-21,2450.0,2460.0,2445.0,2454.0,16200,2454.0
2024-10-22,2460.0,2471.0,2426.0,2442.0,18100,2442.0
2024-10-23,2437.0,2441.0,2412.0,2415.0,24700,2415.0
2024-10-24,2412.0,2418.0,2395.0,2407.0,16600,2407.0
2024-10-25,2407.0,2413.0,2380.0,2391.0,19900,2391.0
2024-10-28,2390.0,2441.0,2390.0,2435.0,18200,2435.0
2024-10-29,2427.0,2446.0,2427.0,2444.0,6200,2444.0
2024-10-30,2460.0,2477.0,2441.0,2447.0,40600,2447.0
2024-10-31,2463.0,2499.0,2455.0,2487.0,20600,2487.0
2024-11-01,2500.0,2556.0,2487.0,2500.0,59000,2500.0
2024-11-05,2530.0,2537.0,2520.0,2537.0,10100,2537.0
2024-11-06,2545.0,2548.0,2520.0,2521.0,20800,2521.0
2024-11-07,2532.0,2575.0,2532.0,2566.0,12700,2566.0
2024-11-08,2568.0,2586.0,2553.0,2586.0,13800,2586.0
2024-11-11,2565.0,2583.0,2560.0,2583.0,10900,2583.0
2024-11-12,2586.0,2586.0,2566.0,2567.0,8100,2567.0
2024-11-13,2589.0,2624.0,2565.0,2569.0,41000,2569.0
2024-11-14,2557.0,2591.0,2525.0,2540.0,14600,2540.0
2024-11-15,2540.0,2547.0,2515.0,2547.0,14400,2547.0
2024-11-18,2547.0,2560.0,2534.0,2556.0,11500,2556.0
2024-11-19,2571.0,2571.0,2532.0,2534.0,10200,2534.0
2024-11-20,2535.0,2542.0,2518.0,2523.0,10900,2523.0
2024-11-21,2537.0,2539.0,2505.0,2520.0,11400,2520.0
2024-11-22,2515.0,2545.0,2515.0,2539.0,5700,2539.0
2024-11-25,2539.0,2547.0,2522.0,2534.0,11300,2534.0
2024-11-26,2534.0,2534.0,2504.0,2511.0,14600,2511.0
2024-11-27,2513.0,2533.0,2497.0,2533.0,16900,2533.0
2024-11-28,2520.0,2539.0,2520.0,2524.0,6500,2524.0
2024-11-29,2523.0,2558.0,2523.0,2544.0,10900,2544.0
2024-12-02,2558.0,2558.0,2525.0,2540.0,7800,2540.0
2024-12-03,2540.0,2549.0,2534.0,2543.0,10100,2543.0
2024-12-04,2550.0,2550.0,2524.0,2535.0,9600,2535.0
2024-12-05,2549.0,2549.0,2524.0,2528.0,11600,2528.0
2024-12-06,2528.0,2528.0,2512.0,2512.0,7600,2512.0
2024-12-09,2512.0,2531.0,2512.0,2517.0,10900,2517.0
2024-12-10,2517.0,2530.0,2517.0,2528.0,7000,2528.0
2024-12-11,2530.0,2545.0,2530.0,2532.0,6400,2532.0
2024-12-12,2543.0,2550.0,2533.0,2533.0,8000,2533.0
2024-12-13,2544.0,2544.0,2529.0,2542.0,7900,2542.0
2024-12-16,2545.0,2545.0,2526.0,2530.0,8700,2530.0
2024-12-17,2538.0,2538.0,2521.0,2530.0,13600,2530.0
2024-12-18,2535.0,2539.0,2530.0,2539.0,2900,2539.0
2024-12-19,2521.0,2534.0,2521.0,2534.0,2800,2534.0
2024-12-20,2534.0,2559.0,2534.0,2556.0,10600,2556.0
2024-12-23,2569.0,2587.0,2561.0,2580.0,11400,2580.0
2024-12-24,2581.0,2582.0,2559.0,2559.0,10800,2559.0
2024-12-25,2559.0,2570.0,2543.0,2570.0,6500,2570.0
2024-12-26,2575.0,2584.0,2556.0,2572.0,12500,2572.0
2024-12-27,2583.0,2588.0,2573.0,2577.0,12100,2577.0
2024-12-30,2578.0,2634.0,2578.0,2582.0,20700,2582.0
2025-01-06,2622.0,2646.0,2602.0,2644.0,17900,2644.0
2025-01-07,2645.0,2655.0,2625.0,2633.0,10700,2633.0
2025-01-08,2632.0,2632.0,2606.0,2609.0,11900,2609.0
2025-01-09,2606.0,2622.0,2600.0,2606.0,5800,2606.0
2025-01-10,2599.0,2605.0,2590.0,2591.0,9500,2591.0
2025-01-14,2590.0,2638.0,2550.0,2555.0,21800,2555.0
2025-01-15,2557.0,2562.0,2528.0,2532.0,19000,2532.0
2025-01-16,2533.0,2545.0,2506.0,2509.0,29700,2509.0
2025-01-17,2505.0,2522.0,2485.0,2499.0,28600,2499.0
2025-01-20,2512.0,2549.0,2512.0,2546.0,14500,2546.0
2025-01-21,2566.0,2568.0,2526.0,2540.0,9100,2540.0
2025-01-22,2540.0,2557.0,2524.0,2545.0,11400,2545.0
2025-01-23,2540.0,2540.0,2517.0,2526.0,12700,2526.0
2025-01-24,2527.0,2527.0,2503.0,2507.0,24800,2507.0
2025-01-27,2518.0,2524.0,2504.0,2507.0,12400,2507.0
2025-01-28,2502.0,2522.0,2500.0,2512.0,18900,2512.0
2025-01-29,2512.0,2527.0,2506.0,2519.0,13100,2519.0
2025-01-30,2519.0,2527.0,2492.0,2496.0,124900,2496.0
2025-01-31,2514.0,2547.0,2508.0,2538.0,22800,2538.0
2025-02-03,2544.0,2544.0,2514.0,2515.0,17500,2515.0
2025-02-04,2546.0,2551.0,2520.0,2520.0,13600,2520.0
2025-02-05,2531.0,2550.0,2526.0,2526.0,6600,2526.0
2025-02-06,2537.0,2573.0,2537.0,2571.0,10800,2571.0
2025-02-07,2580.0,2610.0,2568.0,2594.0,21400,2594.0
2025-02-10,2605.0,2646.0,2602.0,2646.0,22400,2646.0
2025-02-12,2658.0,2690.0,2658.0,2690.0,23300,2690.0
2025-02-13,2712.0,2880.0,2663.0,2847.0,112900,2847.0
2025-02-14,2828.0,2880.0,2811.0,2880.0,45500,2880.0
2025-02-17,2888.0,2969.0,2888.0,2969.0,56900,2969.0
2025-02-18,2969.0,2990.0,2900.0,2900.0,30900,2900.0
2025-02-19,2918.0,2944.0,2913.0,2920.0,11200,2920.0
2025-02-20,2920.0,2936.0,2850.0,2855.0,23600,2855.0
2025-02-21,2855.0,2876.0,2835.0,2870.0,8700,2870.0
2025-02-25,2870.0,2890.0,2854.0,2854.0,11600,2854.0
2025-02-26,2853.0,2861.0,2798.0,2837.0,11100,2837.0
2025-02-27,2837.0,2847.0,2783.0,2807.0,37800,2807.0
2025-02-28,2788.0,2795.0,2753.0,2790.0,38100,2790.0
2025-03-03,2815.0,2850.0,2799.0,2799.0,36900,2799.0
2025-03-04,2782.0,2797.0,2752.0,2776.0,28000,2776.0
2025-03-05,2776.0,2803.0,2775.0,2803.0,8900,2803.0
2025-03-06,2818.0,2840.0,2813.0,2830.0,8900,2830.0
2025-03-07,2816.0,2846.0,2810.0,2836.0,10300,2836.0
2025-03-10,2867.0,2876.0,2832.0,2850.0,11500,2850.0
2025-03-11,2820.0,2830.0,2796.0,2830.0,17600,2830.0
2025-03-12,2842.0,2842.0,2814.0,2819.0,6000,2819.0
2025-03-13,2820.0,2831.0,2800.0,2814.0,12800,2814.0
2025-03-14,2814.0,2835.0,2810.0,2835.0,6900,2835.0
2025-03-17,2869.0,2878.0,2845.0,2878.0,12500,2878.0
2025-03-18,2908.0,2918.0,2894.0,2916.0,19600,2916.0
2025-03-19,2916.0,2933.0,2901.0,2907.0,15100,2907.0
2025-03-21,2910.0,2941.0,2885.0,2898.0,22500,2898.0
2025-03-24,2878.0,2894.0,2865.0,2868.0,16300,2868.0
2025-03-25,2899.0,2899.0,2869.0,2881.0,19400,2881.0
2025-03-26,2881.0,2889.0,2881.0,2888.0,5900,2888.0
2025-03-27,2878.0,2884.0,2853.0,2861.0,15800,2861.0
2025-03-28,2771.0,2819.0,2763.0,2796.0,22400,2796.0
2025-03-31,2750.0,2764.0,2681.0,2757.0,28700,2757.0
2025-04-01,2758.0,2767.0,2719.0,2719.0,13500,2719.0
2025-04-02,2748.0,2748.0,2686.0,2711.0,13100,2711.0
2025-04-03,2640.0,2683.0,2621.0,2676.0,38800,2676.0
2025-04-04,2626.0,2635.0,2530.0,2600.0,84500,2600.0
2025-04-07,2423.0,2512.0,2402.0,2447.0,109800,2447.0
2025-04-08,2546.0,2651.0,2546.0,2588.0,35600,2588.0
2025-04-09,2541.0,2552.0,2479.0,2530.0,26600,2530.0
2025-04-10,2695.0,2716.0,2622.0,2635.0,31600,2635.0
2025-04-11,2605.0,2635.0,2566.0,2628.0,10200,2628.0
2025-04-14,2678.0,2689.0,2662.0,2689.0,11300,2689.0
2025-04-15,2689.0,2697.0,2670.0,2692.0,13700,2692.0
2025-04-16,2692.0,2692.0,2657.0,2666.0,7700,2666.0
2025-04-17,2677.0,2682.0,2654.0,2676.0,6200,2676.0
2025-04-18,2683.0,2729.0,2683.0,2704.0,6300,2704.0
2025-04-21,2704.0,2715.0,2677.0,2690.0,11200,2690.0
2025-04-22,2709.0,2725.0,2696.0,2705.0,4600,2705.0
2025-04-23,2724.0,2725.0,2697.0,2702.0,6700,2702.0
2025-04-24,2722.0,2750.0,2720.0,2726.0,20600,2726.0
2025-04-25,2732.0,2768.0,2732.0,2768.0,7500,2768.0
2025-04-28,2773.0,2805.0,2771.0,2776.0,14600,2776.0
2025-04-30,2788.0,2838.0,2780.0,2831.0,20700,2831.0
2025-05-01,2862.0,2862.0,2805.0,2822.0,19200,2822.0
2025-05-02,2822.0,2830.0,2798.0,2802.0,13700,2802.0
2025-05-07,2805.0,2829.0,2802.0,2809.0,7800,2809.0
2025-05-08,2800.0,2809.0,2785.0,2807.0,10300,2807.0
2025-05-09,2805.0,2834.0,2805.0,2816.0,12700,2816.0
2025-05-12,2830.0,2846.0,2819.0,2823.0,13400,2823.0
2025-05-13,2849.0,2849.0,2742.0,2776.0,29200,2776.0
2025-05-14,2780.0,2794.0,2764.0,2778.0,16400,2778.0
2025-05-15,2763.0,2793.0,2758.0,2758.0,11400,2758.0
2025-05-16,2771.0,2912.0,2771.0,2842.0,113200,2842.0
2025-05-19,2885.0,2930.0,2861.0,2917.0,67400,2917.0
2025-05-20,2935.0,3050.0,2912.0,2980.0,224700,2980.0
2025-05-21,3200.0,3245.0,3080.0,3140.0,421600,3140.0
2025-05-22,3105.0,3125.0,3060.0,3060.0,82100,3060.0
2025-05-23,3070.0,3085.0,3055.0,3065.0,38300,3065.0
2025-05-26,3070.0,3090.0,3055.0,3070.0,30300,3070.0
2025-05-27,3075.0,3080.0,3050.0,3050.0,22500,3050.0
2025-05-28,3050.0,3060.0,3025.0,3045.0,35600,3045.0
2025-05-29,3055.0,3060.0,3030.0,3030.0,14200,3030.0
2025-05-30,3030.0,3055.0,3025.0,3040.0,15600,3040.0
2025-06-02,3050.0,3080.0,3040.0,3045.0,35000,3045.0
2025-06-03,3055.0,3055.0,3025.0,3025.0,21100,3025.0
2025-06-04,3030.0,3055.0,3020.0,3045.0,40700,3045.0
2025-06-05,3045.0,3070.0,3035.0,3035.0,19400,3035.0
2025-06-06,3050.0,3055.0,3030.0,3030.0,16900,3030.0
2025-06-09,3040.0,3125.0,3040.0,3100.0,42100,3100.0
2025-06-10,3130.0,3160.0,3070.0,3070.0,21900,3070.0
2025-06-11,3110.0,3110.0,3070.0,3080.0,8200,3080.0
2025-06-12,3100.0,3115.0,3075.0,3110.0,34200,3110.0
2025-06-13,3120.0,3125.0,3075.0,3075.0,22500,3075.0
2025-06-16,3080.0,3080.0,3050.0,3055.0,13300,3055.0
2025-06-17,3055.0,3115.0,3030.0,3110.0,26800,3110.0
2025-06-18,3105.0,3110.0,3085.0,3095.0,13900,3095.0
2025-06-19,3090.0,3120.0,3085.0,3105.0,25900,3105.0
2025-06-20,3105.0,3105.0,3080.0,3085.0,13900,3085.0
2025-06-23,3070.0,3125.0,3050.0,3085.0,14800,3085.0
2025-06-24,3090.0,3140.0,3090.0,3115.0,15400,3115.0
2025-06-25,3135.0,3135.0,3040.0,3040.0,26900,3040.0
2025-06-26,2971.0,3020.0,2962.0,2983.0,100300,2983.0
2025-06-27,2980.0,3025.0,2965.0,3000.0,70700,3000.0
2025-06-30,3020.0,3160.0,3020.0,3130.0,54700,3130.0
2025-07-01,3130.0,3170.0,3115.0,3115.0,20300,3115.0
2025-07-02,3110.0,3115.0,3055.0,3055.0,13600,3055.0
2025-07-03,3055.0,3075.0,3050.0,3050.0,11100,3050.0
2025-07-04,3065.0,3095.0,3060.0,3065.0,8200,3065.0
2025-07-07,3060.0,3085.0,3060.0,3070.0,6700,3070.0
2025-07-08,3055.0,3130.0,3055.0,3080.0,9900,3080.0
2025-07-09,3090.0,3105.0,3080.0,3080.0,6900,3080.0
2025-07-10,3100.0,3105.0,3080.0,3095.0,8600,3095.0
2025-07-11,3095.0,3120.0,3095.0,3100.0,8400,3100.0
2025-07-14,3100.0,3115.0,3065.0,3065.0,16800,3065.0
2025-07-15,3095.0,3095.0,3070.0,3070.0,5900,3070.0
2025-07-16,3070.0,3080.0,3050.0,3055.0,7900,3055.0
2025-07-17,3060.0,3080.0,3050.0,3065.0,7200,3065.0
2025-07-18,3065.0,3080.0,3040.0,3055.0,11800,3055.0
2025-07-22,3060.0,3085.0,3055.0,3060.0,16900,3060.0
2025-07-23,3100.0,3105.0,3060.0,3085.0,10200,3085.0
2025-07-24,3100.0,3125.0,3085.0,3090.0,21100,3090.0
2025-07-25,3110.0,3110.0,3085.0,3085.0,11900,3085.0
2025-07-28,3125.0,3125.0,3090.0,3090.0,4800,3090.0
2025-07-29,3100.0,3110.0,3075.0,3085.0,11400,3085.0
2025-07-30,3115.0,3120.0,3095.0,3100.0,11700,3100.0
2025-07-31,3120.0,3145.0,3115.0,3130.0,41200,3130.0
2025-08-01,3130.0,3195.0,3130.0,3195.0,25500,3195.0
2025-08-04,3160.0,3230.0,3135.0,3220.0,11100,3220.0
2025-08-05,3245.0,3315.0,3245.0,3295.0,24800,3295.0
2025-08-06,3340.0,3400.0,3335.0,3355.0,29600,3355.0
2025-08-07,3395.0,3535.0,3390.0,3480.0,85500,3480.0
2025-08-08,3460.0,3460.0,3320.0,3405.0,54800,3405.0
2025-08-12,3390.0,3455.0,3380.0,3430.0,26000,3430.0
2025-08-13,3450.0,3500.0,3440.0,3470.0,32700,3470.0
2025-08-14,3450.0,3505.0,3430.0,3490.0,17200,3490.0
2025-08-15,3460.0,3570.0,3460.0,3560.0,25600,3560.0
2025-08-18,3580.0,3580.0,3510.0,3520.0,34600,3520.0
2025-08-19,3520.0,3540.0,3510.0,3515.0,10500,3515.0
2025-08-20,3515.0,3535.0,3470.0,3520.0,16300,3520.0
2025-08-21,3520.0,3530.0,3505.0,3520.0,9000,3520.0
2025-08-22,3520.0,3570.0,3515.0,3530.0,10400,3530.0
2025-08-25,3560.0,3610.0,3560.0,3605.0,13500,3605.0
2025-08-26,3605.0,3650.0,3565.0,3580.0,16400,3580.0
2025-08-27,3565.0,3640.0,3565.0,3575.0,10800,3575.0
2025-08-28,3590.0,3605.0,3575.0,3575.0,5800,3575.0
2025-08-29,3600.0,3605.0,3575.0,3575.0,7600,3575.0
2025-09-01,3575.0,3635.0,3570.0,3590.0,5900,3590.0
2025-09-02,3580.0,3610.0,3580.0,3595.0,5100,3595.0
2025-09-03,3595.0,3645.0,3590.0,3615.0,14300,3615.0
2025-09-04,3645.0,3720.0,3645.0,3695.0,23200,3695.0
2025-09-05,3705.0,3745.0,3650.0,3670.0,12200,3670.0
2025-09-08,3655.0,3710.0,3655.0,3700.0,11200,3700.0
2025-09-09,3720.0,3740.0,3685.0,3700.0,12200,3700.0
2025-09-10,3700.0,3750.0,3700.0,3700.0,8500,3700.0
2025-09-11,3740.0,3750.0,3700.0,3720.0,5600,3720.0
2025-09-12,3740.0,3740.0,3690.0,3710.0,9300,3710.0
2025-09-16,3685.0,3705.0,3640.0,3680.0,18600,3680.0
2025-09-17,3700.0,3725.0,3645.0,3690.0,10100,3690.0
2025-09-18,3730.0,3730.0,3665.0,3675.0,9200,3675.0
2025-09-19,3700.0,3700.0,3650.0,3660.0,19000,3660.0
2025-09-22,3660.0,3740.0,3660.0,3665.0,10600,3665.0
2025-09-24,3690.0,3700.0,3665.0,3665.0,4300,3665.0
2025-09-25,3665.0,3695.0,3665.0,3685.0,5000,3685.0
2025-09-26,3695.0,3695.0,3650.0,3670.0,16000,3670.0
2025-09-29,3655.0,3720.0,3620.0,3700.0,15400,3700.0
2025-09-30,3700.0,3725.0,3630.0,3710.0,12000,3710.0
2025-10-01,3685.0,3740.0,3555.0,3585.0,17200,3585.0
2025-10-02,3565.0,3625.0,3550.0,3560.0,14100,3560.0
2025-10-03,3520.0,3600.0,3510.0,3570.0,24700,3570.0
2025-10-06,3670.0,3670.0,3570.0,3635.0,12500,3635.0
2025-10-07,3620.0,3680.0,3600.0,3680.0,27600,3680.0
2025-10-08,3680.0,3715.0,3610.0,3655.0,21200,3655.0
2025-10-09,3670.0,3670.0,3610.0,3635.0,15800,3635.0
2025-10-10,3635.0,3645.0,3585.0,3635.0,18300,3635.0
2025-10-14,3565.0,3600.0,3510.0,3510.0,14100,3510.0
2025-10-15,3565.0,3620.0,3545.0,3595.0,9600,3595.0
2025-10-16,3610.0,3665.0,3610.0,3665.0,9300,3665.0
2025-10-17,3665.0,3675.0,3605.0,3630.0,7900,3630.0
2025-10-20,3695.0,3720.0,3680.0,3680.0,11800,3680.0
2025-10-21,3750.0,3750.0,3705.0,3705.0,8300,3705.0
2025-10-22,3705.0,3785.0,3705.0,3770.0,8800,3770.0
2025-10-23,3785.0,3785.0,3750.0,3765.0,7800,3765.0
2025-10-24,3765.0,3785.0,3750.0,3785.0,7400,3785.0
2025-10-27,3800.0,3930.0,3800.0,3865.0,17200,3865.0
2025-10-28,3865.0,3895.0,3810.0,3810.0,20600,3810.0
2025-10-29,3845.0,3880.0,3815.0,3820.0,34000,3820.0
2025-10-30,3850.0,3880.0,3810.0,3845.0,15400,3845.0
