Date,Open,High,Low,Close,Volume,Adj Close
2005-03-22,345.542,346.409,342.939,346.409,145357.0,346.409
2005-03-23,346.409,346.409,330.791,336.845,88000.5,336.845
2005-03-24,336.845,336.845,330.791,330.791,55055.0,330.791
2005-03-25,332.536,332.536,299.525,320.359,183597.0,320.359
2005-03-28,313.438,316.021,308.212,312.55,60354.2,312.55
2005-03-29,308.212,311.683,306.467,310.815,70260.0,310.815
2005-03-30,307.334,312.55,307.334,312.55,37087.4,312.55
2005-03-31,311.683,325.585,311.683,325.585,53444.5,325.585
2005-04-01,321.227,324.718,321.227,321.227,38471.8,321.227
2005-04-04,312.55,321.227,312.55,319.482,35936.3,319.482
2005-04-05,321.227,321.227,316.889,316.889,22804.3,316.889
2005-04-06,316.889,318.614,316.021,318.614,48377.5,318.614
2005-04-07,319.482,321.227,319.482,321.227,44230.4,321.227
2005-04-08,321.227,324.718,320.359,324.718,83390.9,324.718
2005-04-11,317.756,323.84,317.756,321.227,31562.0,321.227
2005-04-12,317.756,321.227,317.756,318.614,18889.5,318.614
2005-04-13,317.756,320.359,316.021,317.756,53215.3,317.756
2005-04-14,314.296,314.296,309.937,310.815,42846.0,310.815
2005-04-15,305.599,308.212,304.722,307.334,95139.4,307.334
2005-04-18,293.452,301.271,293.452,297.79,129231.0,297.79
2005-04-19,291.736,300.403,291.736,300.403,82237.7,300.403
2005-04-20,314.296,314.296,302.128,309.937,70719.4,309.937
2005-04-21,308.212,312.55,303.854,307.334,77171.8,307.334
2005-04-22,316.021,329.914,316.021,319.482,240034.0,319.482
2005-04-25,331.669,345.542,316.021,316.021,67725.5,316.021
2005-04-26,311.683,328.169,311.683,324.718,30637.0,324.718
2005-04-27,324.718,324.718,314.296,324.718,35704.0,324.718
2005-04-28,323.84,329.914,321.227,325.585,47222.3,325.585
2005-05-02,316.889,321.227,316.021,321.227,60586.5,321.227
2005-05-06,319.482,322.992,319.482,321.227,27642.1,321.227
2005-05-09,329.914,329.914,322.115,329.914,56209.2,329.914
2005-05-10,333.394,335.139,329.914,334.262,40773.0,334.262
2005-05-11,329.914,335.997,328.169,335.997,70719.4,335.997
2005-05-12,328.169,338.6,328.169,331.669,33402.8,331.669
2005-05-13,329.914,332.536,326.453,329.914,26262.8,329.914
2005-05-16,326.453,329.914,323.84,325.585,40543.8,325.585
2005-05-17,321.227,322.992,319.482,320.359,54826.8,320.359
2005-05-18,319.482,319.482,316.021,316.889,67725.5,316.889
2005-05-19,319.482,325.585,319.482,324.718,67956.7,324.718
2005-05-20,324.718,324.718,319.482,321.227,23033.5,321.227
2005-05-23,316.889,322.992,316.889,322.992,29947.4,322.992
2005-05-24,319.482,319.482,317.756,318.614,25340.9,318.614
2005-05-25,316.889,317.756,315.153,315.153,22575.1,315.153
2005-05-26,312.55,321.227,312.55,316.021,28793.2,316.021
2005-05-27,316.021,319.482,312.55,314.296,15895.6,314.296
2005-05-30,314.296,322.992,314.296,322.115,38009.3,322.115
2005-05-31,316.889,320.359,316.021,316.889,117714.0,316.889
2005-06-01,325.585,325.585,317.756,323.84,75329.0,323.84
2005-06-02,328.169,331.669,319.482,331.669,80165.7,331.669
2005-06-03,334.262,336.845,329.914,331.669,118866.0,331.669
2005-06-06,335.139,335.139,328.169,335.139,79474.0,335.139
2005-06-07,338.6,338.6,332.536,336.845,84773.3,336.845
2005-06-08,337.733,359.434,336.845,356.841,296933.0,356.841
2005-06-09,365.518,380.288,364.65,378.533,578205.0,378.533
2005-06-10,384.617,398.509,382.891,398.509,557701.0,398.509
2005-06-13,398.509,441.913,398.509,441.913,1614828.0,441.913
2005-06-14,467.963,473.189,442.781,458.418,1370874.0,458.418
2005-06-15,441.055,464.502,434.971,463.615,961293.0,463.615
2005-06-16,456.683,458.418,451.477,456.683,415110.0,456.683
2005-06-17,458.418,480.988,458.418,461.889,478228.0,461.889
2005-06-20,467.105,477.517,449.742,462.747,315824.0,462.747
2005-06-21,468.821,468.821,457.551,460.164,154109.0,460.164
2005-06-22,454.928,470.566,453.183,469.708,266296.0,469.708
2005-06-23,468.821,480.988,465.37,474.046,302002.0,474.046
2005-06-24,472.321,474.046,467.105,473.189,86847.3,473.189
2005-06-27,473.189,473.189,468.821,472.321,94218.5,472.321
2005-06-28,470.566,519.185,467.105,500.086,535818.0,500.086
2005-06-29,520.921,536.558,519.185,534.784,903012.0,534.784
2005-06-30,538.284,541.755,510.489,522.646,565764.0,522.646
2005-07-01,523.524,533.926,520.921,524.391,238882.0,524.391
2005-07-04,527.852,529.607,525.259,528.72,138446.0,528.72
2005-07-05,528.72,529.607,517.44,518.308,245566.0,518.308
2005-07-06,517.44,517.44,494.871,505.312,326420.0,505.312
2005-07-07,482.733,496.616,482.733,491.41,293016.0,491.41
2005-07-08,484.468,503.557,484.468,500.944,252938.0,500.944
2005-07-11,505.312,512.234,505.312,507.028,202025.0,507.028
2005-07-12,512.234,512.234,494.871,500.086,159410.0,500.086
2005-07-13,488.807,500.086,488.807,499.209,93524.8,499.209
2005-07-14,495.719,503.557,494.013,503.557,72334.0,503.557
2005-07-15,503.557,505.312,494.871,503.557,118175.0,503.557
2005-07-19,501.802,512.234,501.802,503.557,131766.0,503.557
2005-07-20,502.69,510.489,502.69,505.312,81086.6,505.312
2005-07-21,505.312,516.582,500.086,513.989,239343.0,513.989
2005-07-22,512.234,512.234,501.802,506.17,118636.0,506.17
2005-07-25,520.921,520.921,510.489,512.234,124854.0,512.234
2005-07-26,515.724,515.724,508.783,515.724,76710.3,515.724
2005-07-27,512.234,527.852,512.234,525.259,158257.0,525.259
2005-07-28,541.755,550.441,529.607,545.235,326884.0,545.235
2005-07-29,545.235,553.912,534.784,549.564,217461.0,549.564
2005-08-01,548.716,573.011,546.971,570.408,318356.0,570.408
2005-08-02,574.756,578.236,555.647,557.402,222298.0,557.402
2005-08-03,554.78,555.647,527.852,529.607,260998.0,529.607
2005-08-04,519.185,519.185,510.489,514.847,157567.0,514.847
2005-08-05,510.489,512.234,505.312,506.17,127852.0,506.17
2005-08-08,480.988,503.557,480.988,503.557,284956.0,503.557
2005-08-09,505.312,520.921,505.312,506.17,81547.1,506.17
2005-08-10,513.989,515.724,507.896,509.641,213545.0,509.641
2005-08-11,518.308,523.524,512.234,521.778,112645.0,521.778
2005-08-12,539.152,539.152,519.185,519.185,106656.0,519.185
2005-08-15,515.724,525.259,510.489,515.724,81778.3,515.724
2005-08-16,518.308,520.053,513.102,520.053,85002.5,520.053
2005-08-17,512.234,520.921,504.425,508.783,97444.7,508.783
2005-08-18,504.425,512.234,504.425,507.028,87075.5,507.028
2005-08-19,508.783,510.489,505.312,506.17,37549.9,506.17
2005-08-22,505.312,511.366,505.312,507.028,60124.0,507.028
2005-08-23,510.489,510.489,505.312,507.028,53444.5,507.028
2005-08-24,505.312,507.028,494.871,498.341,91222.6,498.341
2005-08-25,501.802,501.802,486.184,494.871,87307.7,494.871
2005-08-26,494.871,494.871,489.665,489.665,69798.5,489.665
2005-08-29,489.665,493.135,483.601,487.919,71642.3,487.919
2005-08-30,489.665,497.483,489.665,495.719,76018.6,495.719
2005-08-31,495.719,497.483,493.135,496.616,40773.0,496.616
2005-09-01,495.719,507.896,495.719,505.312,53444.5,505.312
2005-09-02,506.17,515.724,501.802,503.557,64960.8,503.557
2005-09-05,503.557,507.028,489.665,496.616,106656.0,496.616
2005-09-06,496.616,512.234,496.616,503.557,116563.0,503.557
2005-09-07,506.17,506.17,489.665,496.616,111263.0,496.616
2005-09-08,496.616,496.616,482.733,486.184,138446.0,486.184
2005-09-09,487.919,494.871,482.733,489.665,258002.0,489.665
2005-09-12,490.532,500.086,489.665,491.41,72564.3,491.41
2005-09-13,500.086,500.086,492.277,493.135,55055.0,493.135
2005-09-14,493.135,498.341,487.052,492.277,50678.7,492.277
2005-09-15,489.665,493.135,487.919,491.41,60354.2,491.41
2005-09-16,465.37,484.468,465.37,483.601,281040.0,483.601
2005-09-20,482.733,487.919,482.733,485.316,110574.0,485.316
2005-09-21,493.135,494.871,482.733,482.733,93524.8,482.733
2005-09-22,482.733,487.919,473.189,474.046,140982.0,474.046
2005-09-26,477.517,496.616,470.566,496.616,148352.0,496.616
2005-09-27,498.341,507.896,494.871,507.028,98824.0,507.028
2005-09-28,506.17,513.989,505.312,510.489,70952.7,510.489
2005-09-29,512.234,525.259,499.209,524.391,198801.0,524.391
2005-09-30,518.308,536.558,508.783,534.784,334252.0,534.784
2005-10-03,543.49,555.647,512.234,529.607,131996.0,529.607
2005-10-04,520.921,526.136,508.783,513.989,86615.0,513.989
2005-10-05,513.989,513.989,488.807,494.871,137985.0,494.871
2005-10-06,477.517,491.41,477.517,480.988,108269.0,480.988
2005-10-07,480.988,494.871,478.385,487.052,92835.2,487.052
2005-10-11,487.052,495.719,486.184,494.871,66572.3,494.871
2005-10-12,494.871,504.425,492.277,492.277,99977.2,492.277
2005-10-13,492.277,500.086,482.733,489.665,79935.5,489.665
2005-10-14,489.665,489.665,479.243,484.468,66803.6,484.468
2005-10-17,487.919,487.919,478.385,479.243,93757.1,479.243
2005-10-18,478.385,493.135,471.424,472.321,101588.0,472.321
2005-10-19,480.988,482.733,474.046,477.517,116794.0,477.517
2005-10-20,484.468,484.468,467.105,468.821,63348.2,468.821
2005-10-21,460.164,466.227,411.515,457.551,494354.0,457.551
2005-10-24,472.321,472.321,460.164,461.889,175993.0,461.889
2005-10-25,465.37,468.821,458.418,460.164,104811.0,460.164
2005-10-26,464.502,477.517,461.889,474.914,107117.0,474.914
2005-10-27,486.184,498.341,486.184,489.665,184058.0,489.665
2005-10-28,487.919,515.724,487.919,515.724,228976.0,515.724
2005-10-31,525.259,541.755,518.308,528.72,329646.0,528.72
2005-11-01,540.009,540.009,505.312,522.646,73945.6,522.646
2005-11-02,522.646,523.524,510.489,514.847,83851.3,514.847
2005-11-04,520.921,528.72,514.847,516.582,89841.2,516.582
2005-11-07,520.921,524.391,515.724,518.308,74865.5,518.308
2005-11-08,520.921,524.391,499.209,500.944,55516.5,500.944
2005-11-09,508.783,512.234,493.135,503.557,40082.3,503.557
2005-11-10,510.489,510.489,498.341,498.341,44458.6,498.341
2005-11-11,501.802,503.557,493.135,494.871,74175.8,494.871
2005-11-14,493.135,499.209,488.807,489.665,67033.8,489.665
2005-11-15,489.665,492.277,483.601,487.052,67265.0,487.052
2005-11-16,481.875,486.184,477.517,477.517,70491.2,477.517
2005-11-17,479.243,484.468,474.046,482.733,73253.9,482.733
2005-11-18,482.733,498.341,477.517,492.277,82928.4,492.277
2005-11-21,500.944,501.802,481.875,482.733,96061.3,482.733
2005-11-22,481.875,489.665,479.243,484.468,101128.0,484.468
2005-11-24,484.468,484.468,468.821,484.468,137985.0,484.468
2005-11-25,484.468,484.468,474.914,479.243,85924.4,479.243
2005-11-28,477.517,486.184,472.321,475.772,79704.3,475.772
2005-11-29,475.772,489.665,473.189,489.665,160330.0,489.665
2005-11-30,493.135,520.921,488.807,508.783,204559.0,508.783
2005-12-01,510.489,510.489,499.209,507.896,87534.9,507.896
2005-12-02,500.086,500.086,494.871,498.341,83620.1,498.341
2005-12-05,480.988,490.532,480.988,484.468,152961.0,484.468
2005-12-06,482.733,483.601,475.772,476.649,209627.0,476.649
2005-12-07,479.243,484.468,468.821,473.189,158949.0,473.189
2005-12-08,469.708,473.189,460.164,460.164,125086.0,460.164
2005-12-09,454.928,461.889,452.345,460.164,247176.0,460.164
2005-12-12,461.031,468.821,451.477,453.183,247869.0,453.183
2005-12-13,461.889,465.37,454.041,461.889,126468.0,461.889
2005-12-14,464.502,469.708,461.889,461.889,135683.0,461.889
2005-12-15,461.889,468.821,461.889,467.963,84311.8,467.963
2005-12-16,468.821,469.708,461.889,467.105,102050.0,467.105
2005-12-19,468.821,493.135,467.105,487.919,281960.0,487.919
2005-12-20,486.184,511.366,486.184,511.366,328494.0,511.366
2005-12-21,512.234,512.234,501.802,508.783,146970.0,508.783
2005-12-22,507.028,511.366,505.312,507.896,189585.0,507.896
2005-12-26,505.312,510.489,503.557,507.028,129231.0,507.028
2005-12-27,504.425,507.896,501.802,503.557,89611.0,503.557
2005-12-28,506.17,507.896,503.557,504.425,44690.9,504.425
2005-12-29,507.028,591.242,507.028,557.402,787601.0,557.402
2005-12-30,566.937,635.513,566.079,633.807,1170459.0,633.807
2006-01-04,630.307,633.807,566.937,586.036,393684.0,586.036
2006-01-05,606.002,625.101,593.845,602.531,237041.0,602.531
2006-01-06,586.913,607.757,586.036,598.213,105274.0,598.213
2006-01-10,594.722,594.722,542.612,559.128,222298.0,559.128
2006-01-11,560.853,574.756,551.309,568.682,113798.0,568.682
2006-01-12,559.996,560.853,553.054,557.402,81086.6,557.402
2006-01-13,548.716,559.128,543.49,546.113,146970.0,546.113
2006-01-16,546.971,564.324,546.971,546.971,247638.0,546.971
2006-01-17,552.177,562.608,542.612,542.612,217692.0,542.612
2006-01-18,542.612,542.612,455.805,491.41,443213.0,491.41
2006-01-19,474.046,538.284,474.046,527.852,313289.0,527.852
2006-01-20,531.343,536.558,486.184,500.944,186593.0,500.944
2006-01-23,486.184,510.489,479.243,491.41,149734.0,491.41
2006-01-24,499.209,516.582,481.875,509.641,156874.0,509.641
2006-01-25,529.607,529.607,507.028,512.234,115871.0,512.234
2006-01-26,520.921,529.607,513.102,524.391,70260.0,524.391
2006-01-27,522.646,526.136,518.308,522.646,116563.0,522.646
2006-01-30,523.524,536.558,520.921,529.607,156416.0,529.607
2006-01-31,535.691,537.406,526.136,537.406,164937.0,537.406
2006-02-01,536.558,536.558,520.921,533.068,132226.0,533.068
2006-02-02,520.053,528.72,515.724,522.646,155955.0,522.646
2006-02-03,522.646,534.784,515.724,525.259,100901.0,525.259
2006-02-06,531.343,542.612,527.852,540.009,111725.0,540.009
2006-02-07,548.716,562.608,536.558,545.235,135223.0,545.235
2006-02-08,545.235,558.26,533.926,533.926,121398.0,533.926
2006-02-09,536.558,544.368,527.852,537.406,106887.0,537.406
2006-02-10,533.926,536.558,520.921,522.646,93757.1,522.646
2006-02-13,499.209,514.847,492.277,493.135,105044.0,493.135
2006-02-14,492.277,520.921,477.517,512.234,142590.0,512.234
2006-02-15,514.847,514.847,494.871,500.086,83851.3,500.086
2006-02-16,493.135,512.234,484.468,499.209,92835.2,499.209
2006-02-17,516.582,520.053,487.052,493.135,188894.0,493.135
2006-02-20,491.41,507.028,478.385,491.41,196499.0,491.41
2006-02-21,499.209,507.028,491.41,495.719,65652.5,495.719
2006-02-22,496.616,510.489,484.468,490.532,103429.0,490.532
2006-02-23,490.532,513.989,490.532,508.783,73253.9,508.783
2006-02-24,508.783,517.44,497.483,508.783,61506.4,508.783
2006-02-27,507.028,516.582,482.733,482.733,141902.0,482.733
2006-02-28,484.468,551.309,484.468,546.971,161943.0,546.971
2006-03-01,512.234,520.921,500.086,520.921,298086.0,520.921
2006-03-02,520.921,527.852,501.802,501.802,150195.0,501.802
2006-03-03,498.341,509.641,487.919,491.41,78553.1,491.41
2006-03-06,491.41,507.028,491.41,503.557,37087.4,503.557
2006-03-07,500.086,507.896,493.135,493.135,46531.7,493.135
2006-03-08,494.871,494.871,487.919,489.665,60586.5,489.665
2006-03-09,489.665,503.557,487.919,503.557,27412.9,503.557
2006-03-10,503.557,515.724,497.483,501.802,90531.9,501.802
2006-03-13,520.053,529.607,510.489,522.646,77631.2,522.646
2006-03-14,557.402,577.369,553.912,566.079,656758.0,566.079
2006-03-15,569.54,576.501,569.54,571.275,281731.0,571.275
2006-03-16,573.011,573.011,560.853,566.079,141902.0,566.079
2006-03-17,564.324,573.011,564.324,566.937,91453.8,566.937
2006-03-20,567.824,573.011,567.824,571.275,130155.0,571.275
2006-03-22,571.275,571.275,564.324,566.937,98592.8,566.937
2006-03-23,571.275,571.275,566.079,567.824,73945.6,567.824
2006-03-24,564.324,564.324,543.49,555.647,183826.0,555.647
2006-03-27,559.996,567.824,559.128,562.608,105044.0,562.608
2006-03-28,543.49,596.458,529.607,586.913,132915.0,586.913
2006-03-29,581.687,598.213,573.878,593.845,165976.0,593.845
2006-03-30,597.335,612.086,587.781,591.242,127504.0,591.242
2006-03-31,606.002,606.88,588.649,588.649,70260.0,588.649
2006-04-03,588.649,595.59,577.369,582.545,111839.0,582.545
2006-04-04,578.236,589.536,577.369,583.423,72104.8,583.423
2006-04-05,583.423,586.913,566.937,567.824,68299.5,567.824
2006-04-06,564.324,585.168,564.324,575.614,94334.2,575.614
2006-04-07,579.084,579.084,565.211,567.824,57474.9,567.824
2006-04-10,568.682,573.878,556.525,566.079,76710.3,566.079
2006-04-11,566.937,568.682,549.564,556.525,90876.7,556.525
2006-04-12,556.525,558.26,550.441,550.441,79013.6,550.441
2006-04-13,551.309,551.309,526.136,533.068,101702.0,533.068
2006-04-14,539.152,550.441,530.485,539.152,113453.0,539.152
2006-04-17,542.612,550.441,534.784,534.784,68879.7,534.784
2006-04-18,543.49,550.441,532.22,535.691,84887.9,535.691
2006-04-19,536.558,541.755,533.926,533.926,70835.0,533.926
2006-04-20,534.784,537.406,521.778,526.136,89841.2,526.136
2006-04-21,533.926,536.558,526.136,527.852,57937.4,527.852
2006-04-24,534.784,534.784,501.802,501.802,78669.8,501.802
2006-04-25,510.489,529.607,503.557,516.582,60238.6,516.582
2006-04-26,522.646,533.926,521.778,526.136,67956.7,526.136
2006-04-27,534.784,534.784,529.607,531.343,65191.0,531.343
2006-04-28,530.485,606.88,508.783,606.88,421788.0,606.88
2006-05-01,555.647,589.536,555.647,570.408,357173.0,570.408
2006-05-02,561.721,571.275,555.647,566.937,99861.6,566.937
2006-05-08,577.369,586.036,566.937,570.408,93295.6,570.408
2006-05-09,579.084,579.084,551.309,561.721,96174.9,561.721
2006-05-10,570.408,570.408,545.235,550.441,102855.0,550.441
2006-05-11,544.368,553.054,542.612,547.848,42384.6,547.848
2006-05-12,538.284,556.525,529.607,538.284,54480.0,538.284
2006-05-15,538.284,544.368,529.607,539.152,69798.5,539.152
2006-05-16,532.22,537.406,515.724,520.053,81432.5,520.053
2006-05-17,511.366,522.646,510.489,520.921,45727.4,520.921
2006-05-18,510.489,536.558,510.489,519.185,91914.3,519.185
2006-05-19,521.778,564.324,521.778,559.996,254892.0,559.996
2006-05-22,559.996,559.996,530.485,532.22,67841.1,532.22
2006-05-23,532.22,539.152,521.778,525.259,78438.5,525.259
2006-05-24,521.778,527.852,520.921,523.524,43077.3,523.524
2006-05-25,524.391,525.259,501.802,516.582,99977.2,516.582
2006-05-26,529.607,555.647,521.778,555.647,73600.8,555.647
2006-05-29,538.284,545.235,519.185,527.004,104698.0,527.004
2006-05-30,521.778,530.485,516.582,519.185,61851.2,519.185
2006-05-31,512.234,548.716,508.783,546.971,155492.0,546.971
2006-06-01,534.784,538.284,507.028,515.724,64617.0,515.724
2006-06-02,507.896,520.921,495.719,518.308,116333.0,518.308
2006-06-05,517.44,517.44,501.802,509.641,69681.9,509.641
2006-06-06,501.802,504.425,488.807,492.277,89264.1,492.277
2006-06-07,492.277,497.483,474.914,478.385,61391.8,478.385
2006-06-08,452.345,460.164,434.114,455.805,65423.2,455.805
2006-06-09,434.971,447.119,421.069,442.781,135796.0,442.781
2006-06-12,446.251,467.963,442.781,460.164,61734.6,460.164
2006-06-13,468.821,480.1,456.683,467.105,80051.1,467.105
2006-06-14,464.502,477.517,460.164,471.424,60238.6,471.424
2006-06-15,480.1,485.316,474.914,480.1,32134.0,480.1
2006-06-16,497.483,497.483,487.919,490.532,38354.1,490.532
2006-06-19,482.733,489.665,479.243,487.919,29600.5,487.919
2006-06-20,479.243,480.1,470.566,473.189,23842.9,473.189
2006-06-21,479.243,481.875,462.747,468.821,55288.3,468.821
2006-06-22,469.708,480.988,469.708,480.988,30637.0,480.988
2006-06-23,472.321,473.189,463.615,473.189,38815.6,473.189
2006-06-26,467.963,474.046,465.37,474.046,18889.5,474.046
2006-06-27,471.424,473.189,468.821,473.189,19121.8,473.189
2006-06-28,465.37,471.424,464.502,467.105,47108.7,467.105
2006-06-29,460.164,467.963,447.119,455.805,133495.0,455.805
2006-06-30,464.502,485.316,460.164,474.046,144552.0,474.046
2006-07-03,465.37,478.385,465.37,473.189,54480.0,473.189
2006-07-04,474.046,474.914,467.105,470.566,32020.4,470.566
2006-07-05,471.424,471.424,463.615,467.105,36164.5,467.105
2006-07-06,467.105,467.105,458.418,461.031,34210.1,461.031
2006-07-07,466.227,472.321,460.164,460.164,33288.2,460.164
2006-07-10,442.781,467.963,441.055,458.418,49989.1,458.418
2006-07-11,458.418,461.031,450.609,456.683,18429.1,456.683
2006-07-12,456.683,477.517,448.864,452.345,46301.4,452.345
2006-07-13,447.119,449.742,425.437,436.707,92373.7,436.707
2006-07-14,430.623,435.829,421.937,428.898,33746.6,428.898
2006-07-18,415.883,416.75,403.715,405.441,51254.8,405.441
2006-07-19,409.789,412.392,390.681,401.97,44345.0,401.97
2006-07-20,428.03,467.963,416.75,454.041,343349.0,454.041
2006-07-21,445.393,468.821,445.393,461.889,152497.0,461.889
2006-07-24,461.031,461.031,449.742,454.928,38123.9,454.928
2006-07-25,476.649,476.649,458.418,461.889,44918.1,461.889
2006-07-26,455.805,458.418,438.442,442.781,59778.2,442.781
2006-07-27,442.781,446.251,433.236,436.707,68647.4,436.707
2006-07-28,434.971,455.805,421.937,454.928,118983.0,454.928
2006-07-31,452.345,492.277,441.055,491.41,175765.0,491.41
2006-08-01,469.708,476.649,466.227,467.963,53788.3,467.963
2006-08-02,461.889,464.502,452.345,461.889,61160.5,461.889
2006-08-03,479.243,479.243,454.928,454.928,49989.1,454.928
2006-08-04,455.805,461.031,454.041,457.551,13705.9,457.551
2006-08-07,455.805,460.164,442.781,442.781,19005.1,442.781
2006-08-08,441.055,451.477,441.055,446.251,21769.9,446.251
2006-08-09,443.648,455.805,443.648,455.805,22575.1,455.805
2006-08-10,456.683,461.031,452.345,459.276,22575.1,459.276
2006-08-11,453.183,465.37,453.183,461.031,53560.1,461.031
2006-08-14,461.031,475.772,456.683,474.914,52289.3,474.914
2006-08-15,469.708,489.665,467.963,482.733,67841.1,482.733
2006-08-16,488.807,488.807,479.243,484.468,31445.4,484.468
2006-08-17,485.316,490.532,480.988,480.988,36049.9,480.988
2006-08-18,481.875,488.807,480.988,486.184,22459.5,486.184
2006-08-21,477.517,481.875,471.424,477.517,41235.5,477.517
2006-08-22,481.875,487.052,460.164,470.566,78784.4,470.566
2006-08-23,470.566,480.1,468.821,471.424,14972.7,471.424
2006-08-24,473.189,473.189,460.164,461.889,38009.3,461.889
2006-08-25,468.821,474.914,462.747,463.615,17854.0,463.615
2006-08-28,456.683,462.747,453.183,454.041,35704.0,454.041
2006-08-29,455.805,465.37,455.805,465.37,27990.0,465.37
2006-08-30,472.321,483.601,468.821,475.772,62777.2,475.772
2006-08-31,484.468,490.532,480.1,486.184,47568.2,486.184
2006-09-01,490.532,490.532,481.875,484.468,26724.2,484.468
2006-09-04,485.316,490.532,478.385,483.601,27066.0,483.601
2006-09-05,477.517,482.733,474.046,476.649,16585.2,476.649
2006-09-06,476.649,486.184,476.649,479.243,8869.21,479.243
2006-09-07,477.517,484.468,467.105,469.708,21886.5,469.708
2006-09-08,472.321,476.649,468.821,471.424,54017.5,471.424
2006-09-11,473.189,474.914,468.821,468.821,36742.6,468.821
2006-09-12,467.963,470.566,455.805,461.031,23266.8,461.031
2006-09-13,461.031,461.889,448.864,451.477,34438.3,451.477
2006-09-14,459.276,460.164,451.477,454.928,23381.4,454.928
2006-09-15,454.041,460.164,449.742,457.551,30868.3,457.551
2006-09-19,461.889,473.189,455.805,459.276,35244.6,459.276
2006-09-20,458.418,465.37,450.609,454.041,26030.5,454.041
2006-09-21,462.747,472.321,461.889,462.747,49873.5,462.747
2006-09-22,467.963,475.772,464.502,471.424,38240.5,471.424
2006-09-25,460.164,476.649,452.345,476.649,30521.4,476.649
2006-09-26,474.046,474.046,461.031,464.502,22343.9,464.502
2006-09-27,460.164,489.665,460.164,473.189,53215.3,473.189
2006-09-28,473.189,485.316,468.821,474.046,28103.6,474.046
2006-09-29,473.189,491.41,468.821,490.532,92257.1,490.532
2006-10-02,490.532,490.532,477.517,484.468,51254.8,484.468
2006-10-03,482.733,482.733,475.772,479.243,15318.5,479.243
2006-10-04,476.649,480.1,467.105,467.963,20042.7,467.963
2006-10-05,465.37,479.243,465.37,478.385,23381.4,478.385
2006-10-06,475.772,485.316,473.189,485.316,42384.6,485.316
2006-10-10,484.468,493.135,474.914,484.468,49413.0,484.468
2006-10-11,485.316,485.316,472.321,473.189,19695.8,473.189
2006-10-12,467.963,477.517,465.37,468.821,18658.3,468.821
2006-10-13,463.615,477.517,463.615,477.517,45493.1,477.517
2006-10-16,476.649,490.532,475.772,485.316,36513.3,485.316
2006-10-17,480.1,496.616,479.243,493.135,51139.2,493.135
2006-10-18,499.209,502.69,490.532,499.209,48836.9,499.209
2006-10-19,503.557,503.557,497.483,500.944,42272.0,500.944
2006-10-20,499.209,500.086,481.875,497.483,30750.6,497.483
2006-10-23,498.341,504.425,490.532,502.69,57821.8,502.69
2006-10-24,507.028,508.783,488.807,498.341,55402.9,498.341
2006-10-25,492.277,500.086,492.277,495.719,48377.5,495.719
2006-10-26,495.719,503.557,494.871,501.802,42156.4,501.802
2006-10-27,502.69,502.69,489.665,498.341,117368.0,498.341
2006-10-30,493.135,497.483,487.052,490.532,34784.1,490.532
2006-10-31,499.209,501.802,487.919,500.944,83390.9,500.944
2006-11-01,491.41,494.871,488.807,493.135,19695.8,493.135
2006-11-02,486.184,497.483,481.875,488.807,23266.8,488.807
2006-11-06,484.468,492.277,478.385,490.532,23381.4,490.532
2006-11-07,489.665,490.532,485.316,488.807,34438.3,488.807
2006-11-08,483.601,485.316,470.566,476.649,36972.8,476.649
2006-11-09,475.772,483.601,465.37,472.321,23842.9,472.321
2006-11-10,477.517,477.517,463.615,467.963,31562.0,467.963
2006-11-13,468.821,473.189,464.502,468.821,30750.6,468.821
2006-11-14,467.963,477.517,467.105,475.772,31675.6,475.772
2006-11-15,472.321,487.919,466.227,486.184,69681.9,486.184
2006-11-16,487.052,489.665,466.227,477.517,49529.6,477.517
2006-11-17,474.914,475.772,469.708,473.189,9099.44,473.189
2006-11-20,473.189,477.517,460.164,460.164,32248.6,460.164
2006-11-21,460.164,466.227,460.164,460.164,17966.6,460.164
2006-11-22,460.164,464.502,440.187,458.418,47915.0,458.418
2006-11-24,467.963,467.963,453.183,461.031,31562.0,461.031
2006-11-27,461.889,469.708,461.031,463.615,35474.8,463.615
2006-11-28,461.031,469.708,456.683,468.821,21769.9,468.821
2006-11-29,471.424,499.209,467.105,498.341,64270.1,498.341
2006-11-30,489.665,498.341,486.184,498.341,93870.7,498.341
2006-12-01,498.341,501.802,494.871,499.209,93411.2,499.209
2006-12-04,495.719,496.616,487.052,493.135,43653.3,493.135
2006-12-05,494.871,496.616,488.807,492.277,56209.2,492.277
2006-12-06,485.316,495.719,485.316,494.013,24187.7,494.013
2006-12-07,497.483,499.209,493.135,497.483,29141.1,497.483
2006-12-08,488.807,498.341,488.807,495.719,70143.4,495.719
2006-12-11,493.135,503.557,492.277,500.086,64960.8,500.086
2006-12-12,502.69,507.028,501.802,502.69,133032.0,502.69
2006-12-13,505.312,513.989,501.802,509.641,154342.0,509.641
2006-12-14,524.391,533.926,520.921,532.22,130845.0,532.22
2006-12-15,533.068,533.068,520.921,525.259,58395.8,525.259
2006-12-18,525.259,527.852,520.921,526.136,41349.1,526.136
2006-12-19,520.921,527.004,516.582,520.921,73600.8,520.921
2006-12-20,521.778,525.259,518.308,524.391,59548.0,524.391
2006-12-21,524.391,527.852,520.921,525.259,16354.0,525.259
2006-12-22,520.921,523.524,516.582,520.921,18774.9,520.921
2006-12-25,529.607,529.607,516.582,520.921,27066.0,520.921
2006-12-26,520.921,525.259,520.921,523.524,22115.7,523.524
2006-12-27,525.259,538.284,525.259,535.691,65768.1,535.691
2006-12-28,538.284,570.408,535.691,564.324,317091.0,564.324
2006-12-29,563.466,564.324,555.647,557.402,66113.9,557.402
2007-01-04,557.402,567.824,557.402,564.324,33632.0,564.324
2007-01-05,567.824,567.824,553.054,556.525,44690.9,556.525
2007-01-09,557.402,566.079,557.402,564.324,29831.8,564.324
2007-01-10,559.128,559.128,542.612,544.368,65883.7,544.368
2007-01-11,543.49,554.78,540.009,541.755,34899.7,541.755
2007-01-12,538.284,546.113,531.343,542.612,40197.9,542.612
2007-01-15,559.996,564.324,553.912,563.466,59087.5,563.466
2007-01-16,559.996,560.853,553.912,560.853,16470.6,560.853
2007-01-17,552.177,569.54,552.177,566.079,68647.4,566.079
2007-01-18,565.211,569.54,563.466,565.211,36626.9,565.211
2007-01-19,568.682,569.54,563.466,568.682,31328.7,568.682
2007-01-22,567.824,573.878,563.466,573.878,46074.2,573.878
2007-01-23,573.011,583.423,572.143,582.545,106424.0,582.545
2007-01-24,583.423,585.168,568.682,578.236,41235.5,578.236
2007-01-25,583.423,583.423,573.011,573.011,37318.6,573.011
2007-01-26,570.408,574.756,558.26,570.408,17737.4,570.408
2007-01-29,571.275,575.614,568.682,573.011,24073.1,573.011
2007-01-30,581.687,581.687,573.878,577.369,26836.8,577.369
2007-01-31,578.236,578.236,565.211,566.079,14167.4,566.079
2007-02-01,564.324,602.531,564.324,600.816,156069.0,600.816
2007-02-02,584.3,594.722,584.3,592.119,81200.2,592.119
2007-02-05,592.987,594.722,584.3,589.536,54709.2,589.536
2007-02-06,587.781,595.59,586.036,590.394,30521.4,590.394
2007-02-07,594.722,594.722,583.423,586.913,26376.4,586.913
2007-02-08,588.649,593.845,584.3,585.168,34438.3,585.168
2007-02-09,590.394,590.394,571.275,586.913,55976.9,586.913
2007-02-13,583.423,586.036,576.501,582.545,32941.3,582.545
2007-02-14,577.369,579.952,546.971,561.721,54366.4,561.721
2007-02-15,562.608,572.143,562.608,569.54,29141.1,569.54
2007-02-16,567.824,567.824,556.525,565.211,13591.3,565.211
2007-02-19,558.26,567.824,557.402,567.824,25225.2,567.824
2007-02-20,565.211,568.682,559.996,566.079,10134.9,566.079
2007-02-21,562.608,564.324,555.647,559.128,16585.2,559.128
2007-02-22,556.525,576.501,556.525,576.501,42042.8,576.501
2007-02-23,574.756,574.756,569.54,570.408,53215.3,570.408
2007-02-26,570.408,574.756,565.211,570.408,36164.5,570.408
2007-02-27,564.324,572.143,564.324,571.275,40197.9,571.275
2007-02-28,555.647,561.721,546.971,548.716,145702.0,548.716
2007-03-01,540.009,553.912,533.926,548.716,46531.7,548.716
2007-03-02,545.235,549.564,531.343,541.755,39852.1,541.755
2007-03-05,524.391,539.152,514.847,517.44,50448.5,517.44
2007-03-06,500.086,532.22,495.719,527.004,76710.3,527.004
2007-03-07,530.485,536.558,520.053,528.72,51487.1,528.72
2007-03-08,529.607,541.755,520.921,541.755,21305.3,541.755
2007-03-09,541.755,555.647,541.755,547.848,65997.3,547.848
2007-03-12,553.912,566.079,553.912,559.996,40659.4,559.996
2007-03-13,553.912,557.402,547.848,551.309,57588.5,551.309
2007-03-14,543.49,547.848,527.004,538.284,76018.6,538.284
2007-03-15,533.068,541.755,533.068,536.558,29600.5,536.558
2007-03-16,530.485,546.113,529.607,534.784,39621.9,534.784
2007-03-19,530.485,538.284,530.485,536.558,32481.9,536.558
2007-03-20,545.235,555.647,541.755,546.971,39159.4,546.971
2007-03-22,555.647,566.079,555.647,559.128,45610.8,559.128
2007-03-23,562.608,564.324,559.128,563.466,45727.4,563.466
2007-03-26,564.324,566.937,556.525,564.324,24534.6,564.324
2007-03-27,564.324,564.324,546.113,554.78,42272.0,554.78
2007-03-28,546.113,559.128,546.113,555.647,53444.5,555.647
2007-03-29,555.647,564.324,555.647,563.466,41580.3,563.466
2007-03-30,566.079,567.824,533.926,562.608,50563.1,562.608
2007-04-02,562.608,565.211,546.971,546.971,67149.4,546.971
2007-04-03,545.235,557.402,545.235,553.912,27757.7,553.912
2007-04-04,555.647,559.128,543.49,549.564,85463.9,549.564
2007-04-05,545.235,549.564,542.612,542.612,46878.5,542.612
2007-04-06,542.612,547.848,535.691,537.406,44690.9,537.406
2007-04-09,538.284,545.235,538.284,545.235,28450.4,545.235
2007-04-10,539.152,542.612,536.558,538.284,33632.0,538.284
2007-04-11,537.406,541.755,535.691,537.406,32020.4,537.406
2007-04-12,538.284,540.009,503.557,533.926,55055.0,533.926
2007-04-13,533.926,535.691,516.582,517.44,99861.6,517.44
2007-04-16,517.44,535.691,517.44,531.343,60124.0,531.343
2007-04-17,531.343,535.691,525.259,529.607,50217.3,529.607
2007-04-18,527.852,535.691,527.852,533.068,27181.6,533.068
2007-04-19,520.921,529.607,504.425,517.44,92373.7,517.44
2007-04-20,514.847,523.524,514.847,516.582,27297.3,516.582
2007-04-23,512.234,528.72,512.234,517.44,36860.2,517.44
2007-04-24,517.44,546.971,513.989,540.897,36164.5,540.897
2007-04-25,538.284,538.284,519.185,524.391,45841.0,524.391
2007-04-26,533.068,539.152,528.72,535.691,50678.7,535.691
2007-04-27,536.558,566.079,535.691,561.721,265374.0,561.721
2007-05-01,560.853,560.853,553.054,558.26,36513.3,558.26
2007-05-02,555.647,562.608,553.912,561.721,44918.1,561.721
2007-05-07,561.721,562.608,555.647,561.721,40889.6,561.721
2007-05-08,555.647,558.26,547.848,558.26,40659.4,558.26
2007-05-09,548.716,553.912,546.971,552.177,27181.6,552.177
2007-05-10,547.848,550.441,536.558,540.009,30292.2,540.009
2007-05-11,537.406,540.009,522.646,533.926,27874.3,533.926
2007-05-14,537.406,551.309,536.558,540.897,22920.0,540.897
2007-05-15,549.564,549.564,523.524,524.391,32941.3,524.391
2007-05-16,520.921,524.391,511.366,518.308,26376.4,518.308
2007-05-17,516.582,516.582,487.919,501.802,63924.2,501.802
2007-05-18,519.185,525.259,507.896,514.847,57937.4,514.847
2007-05-21,520.921,546.971,520.921,537.406,74521.7,537.406
2007-05-22,538.284,559.996,533.926,545.235,81200.2,545.235
2007-05-23,546.113,546.113,525.259,535.691,120593.0,535.691
2007-05-24,527.004,535.691,521.778,532.22,46647.3,532.22
2007-05-25,523.524,531.343,518.308,530.485,55288.3,530.485
2007-05-28,531.343,531.343,513.989,523.524,57129.1,523.524
2007-05-29,520.921,532.22,514.847,528.72,52404.9,528.72
2007-05-30,529.607,530.485,521.778,527.004,23381.4,527.004
2007-05-31,528.72,542.612,527.004,541.755,102628.0,541.755
2007-06-01,540.009,540.009,526.136,527.004,45493.1,527.004
2007-06-04,527.004,533.926,519.185,526.136,62196.0,526.136
2007-06-05,525.259,525.259,517.44,521.778,34210.1,521.778
2007-06-06,520.921,522.646,514.847,516.582,31213.1,516.582
2007-06-07,520.053,520.921,512.234,516.582,42272.0,516.582
2007-06-08,520.921,520.921,500.086,507.896,106656.0,507.896
2007-06-11,508.783,512.234,502.69,503.557,47684.8,503.557
2007-06-12,502.69,506.17,492.277,493.135,60814.7,493.135
2007-06-13,493.135,494.871,489.665,490.532,44918.1,490.532
2007-06-14,494.871,499.209,488.807,494.871,52983.0,494.871
2007-06-15,500.086,501.802,494.871,500.944,58511.4,500.944
2007-06-18,507.896,508.783,499.209,501.802,77745.8,501.802
2007-06-19,505.312,515.724,501.802,507.028,53444.5,507.028
2007-06-20,511.366,512.234,503.557,509.641,28103.6,509.641
2007-06-21,503.557,512.234,500.944,509.641,49180.8,509.641
2007-06-22,505.312,509.641,503.557,507.028,52983.0,507.028
2007-06-25,510.489,510.489,497.483,498.341,34784.1,498.341
2007-06-26,497.483,505.312,495.719,501.802,25225.2,501.802
2007-06-27,494.013,523.524,490.532,512.234,128428.0,512.234
2007-06-28,515.724,527.852,499.209,524.391,147777.0,524.391
2007-06-29,515.724,527.852,515.724,527.004,46188.9,527.004
2007-07-02,526.136,526.136,514.847,520.921,56553.0,520.921
2007-07-03,512.234,514.847,495.719,513.989,54249.8,513.989
2007-07-04,514.847,514.847,508.783,512.234,26376.4,512.234
2007-07-05,513.989,516.582,509.641,512.234,23956.5,512.234
2007-07-06,510.489,511.366,498.341,507.028,41462.7,507.028
2007-07-09,503.557,511.366,498.341,507.028,24761.8,507.028
2007-07-10,503.557,505.312,502.69,502.69,11288.0,502.69
2007-07-11,496.616,501.802,491.41,498.341,45727.4,498.341
2007-07-12,494.013,497.483,492.277,495.719,31675.6,495.719
2007-07-13,496.616,502.69,494.871,497.483,22343.9,497.483
2007-07-17,497.483,500.086,492.277,492.277,52983.0,492.277
2007-07-18,494.871,498.341,492.277,493.135,29831.8,493.135
2007-07-19,494.013,502.69,493.135,501.802,37433.2,501.802
2007-07-20,501.802,516.582,492.277,501.802,53215.3,501.802
2007-07-23,501.802,501.802,490.532,491.41,44458.6,491.41
2007-07-24,495.719,505.312,494.013,504.425,51025.6,504.425
2007-07-25,513.102,513.989,496.616,506.17,52177.7,506.17
2007-07-26,500.944,500.944,492.277,493.135,64730.5,493.135
2007-07-27,484.468,508.783,468.821,507.896,142476.0,507.896
2007-07-30,490.532,513.102,481.875,509.641,76824.9,509.641
2007-07-31,506.17,515.724,498.341,513.989,53560.1,513.989
2007-08-01,512.234,512.234,495.719,495.719,24993.0,495.719
2007-08-02,498.341,503.557,495.719,502.69,23153.2,502.69
2007-08-03,501.802,503.557,493.135,499.209,38123.9,499.209
2007-08-06,494.871,500.944,493.135,500.944,36281.1,500.944
2007-08-07,496.616,500.944,493.135,494.013,19233.3,494.013
2007-08-08,492.277,494.871,485.316,489.665,27642.1,489.665
2007-08-09,490.532,500.086,484.468,492.277,66460.8,492.277
2007-08-10,485.316,494.013,479.243,487.919,29484.9,487.919
2007-08-13,482.733,499.209,482.733,498.341,39969.8,498.341
2007-08-14,489.665,495.719,488.807,495.719,34899.7,495.719
2007-08-15,491.41,499.209,486.184,488.807,37779.1,488.807
2007-08-16,486.184,499.209,465.37,499.209,43307.5,499.209
2007-08-17,474.046,490.532,469.708,469.708,38700.0,469.708
2007-08-20,458.418,461.031,434.114,460.164,116908.0,460.164
2007-08-21,455.805,456.683,439.32,444.506,79590.7,444.506
2007-08-22,440.187,444.506,440.187,444.506,24993.0,444.506
2007-08-23,444.506,458.418,444.506,458.418,33746.6,458.418
2007-08-24,458.418,458.418,451.477,458.418,18315.5,458.418
2007-08-27,449.742,465.37,447.996,453.183,30292.2,453.183
2007-08-28,449.742,457.551,441.055,454.041,17854.0,454.041
2007-08-29,448.864,449.742,442.781,444.506,15778.9,444.506
2007-08-30,448.864,453.183,443.648,450.609,38123.9,450.609
2007-08-31,453.183,457.551,446.251,457.551,20962.5,457.551
2007-09-03,461.889,463.615,450.609,453.183,25107.6,453.183
2007-09-04,453.183,454.928,447.119,451.477,14397.6,451.477
2007-09-05,447.119,447.996,435.829,439.32,30292.2,439.32
2007-09-06,437.574,439.32,404.573,434.971,77745.8,434.971
2007-09-07,425.437,425.437,402.838,416.75,119212.0,416.75
2007-09-10,399.357,410.647,399.357,400.215,38471.8,400.215
2007-09-11,399.357,403.715,380.288,400.215,40430.2,400.215
2007-09-12,403.715,403.715,391.548,395.896,12898.6,395.896
2007-09-13,398.509,398.509,387.22,389.823,12898.6,389.823
2007-09-14,386.352,397.632,386.352,394.171,55516.5,394.171
2007-09-18,391.548,395.019,376.808,379.421,20503.1,379.421
2007-09-19,387.22,399.357,382.891,393.303,23381.4,393.303
2007-09-20,403.715,403.715,388.078,394.171,26605.6,394.171
2007-09-21,388.078,399.357,368.101,388.955,28103.6,388.955
2007-09-25,382.014,403.715,381.146,395.896,45841.0,395.896
2007-09-26,400.215,412.392,400.215,406.338,65191.0,406.338
2007-09-27,411.515,428.898,411.515,428.898,39621.9,428.898
2007-09-28,432.339,447.119,428.03,432.339,47915.0,432.339
2007-10-01,428.03,435.829,423.682,428.898,44575.3,428.898
2007-10-02,432.339,433.236,425.437,430.623,36398.7,430.623
2007-10-03,427.152,438.442,427.152,434.971,43307.5,434.971
2007-10-04,434.114,450.609,431.491,441.055,23727.3,441.055
2007-10-05,438.442,442.781,428.898,436.707,41924.1,436.707
2007-10-09,437.574,446.251,436.707,444.506,16126.8,444.506
2007-10-10,442.781,442.781,430.623,430.623,27297.3,430.623
2007-10-11,431.491,435.829,428.03,430.623,51254.8,430.623
2007-10-12,427.152,434.114,416.75,416.75,40197.9,416.75
2007-10-15,408.044,408.044,391.548,399.357,73945.6,399.357
2007-10-16,408.044,408.044,395.896,395.896,48261.9,395.896
2007-10-17,393.303,395.019,381.146,386.352,35132.0,386.352
2007-10-18,382.014,386.352,376.808,382.014,93295.6,382.014
2007-10-19,382.014,383.749,375.93,377.675,43653.3,377.675
2007-10-22,365.518,373.327,355.974,369.856,65536.8,369.856
2007-10-23,371.602,375.93,369.856,369.856,33975.8,369.856
2007-10-24,373.327,374.214,360.292,368.979,34438.3,368.979
2007-10-25,372.459,372.459,362.915,363.773,31562.0,363.773
2007-10-26,362.037,366.386,355.974,365.518,17163.3,365.518
2007-10-29,368.101,373.327,366.386,368.979,49413.0,368.979
2007-10-30,368.101,398.509,362.037,382.891,56784.2,382.891
2007-10-31,382.891,395.019,379.421,386.352,55631.1,386.352
2007-11-01,383.749,393.303,382.014,383.749,24646.1,383.749
2007-11-02,369.856,386.352,366.386,377.675,53560.1,377.675
2007-11-05,375.93,375.93,363.773,363.773,23153.2,363.773
2007-11-06,359.434,368.979,359.434,367.253,13819.5,367.253
2007-11-07,368.979,368.979,356.841,356.841,35244.6,356.841
2007-11-08,355.974,355.974,328.169,343.816,49413.0,343.816
2007-11-09,341.194,354.238,331.669,340.336,32941.3,340.336
2007-11-12,334.262,338.6,313.438,324.718,30292.2,324.718
2007-11-13,326.453,333.394,312.55,332.536,42730.4,332.536
2007-11-14,335.139,336.845,320.359,323.84,55631.1,323.84
2007-11-15,324.718,338.6,323.84,329.914,61621.0,329.914
2007-11-16,329.026,329.026,318.614,320.359,38700.0,320.359
2007-11-19,329.026,329.026,296.922,304.722,51600.6,304.722
2007-11-20,283.04,309.937,274.353,302.128,67725.5,302.128
2007-11-21,327.321,331.669,306.467,308.212,130155.0,308.212
2007-11-22,305.599,313.438,296.055,305.599,65076.4,305.599
2007-11-26,309.07,315.153,303.006,307.334,36626.9,307.334
2007-11-27,303.854,309.07,291.736,308.212,62081.4,308.212
2007-11-28,309.937,316.889,301.271,304.722,64730.5,304.722
2007-11-29,313.438,327.321,309.937,320.359,121976.0,320.359
2007-11-30,320.359,347.297,316.889,332.536,147892.0,332.536
2007-12-03,335.997,345.542,334.262,339.468,56553.0,339.468
2007-12-04,336.845,336.845,331.669,331.669,43769.0,331.669
2007-12-05,327.321,331.669,326.453,328.169,48261.9,328.169
2007-12-06,331.669,335.139,326.453,329.914,65652.5,329.914
2007-12-07,330.791,339.468,327.321,329.026,74404.0,329.026
2007-12-10,330.791,330.791,326.453,329.026,45150.3,329.026
2007-12-11,330.791,331.669,327.321,329.914,81432.5,329.914
2007-12-12,328.169,328.169,314.296,326.453,48606.7,326.453
2007-12-13,317.756,319.482,308.212,309.937,62888.7,309.937
2007-12-14,305.599,318.614,305.599,306.467,79935.5,306.467
2007-12-17,308.212,312.55,302.128,302.128,80051.1,302.128
2007-12-18,297.79,303.854,281.294,296.055,94101.9,296.055
2007-12-19,296.922,306.467,294.319,299.525,36398.7,299.525
2007-12-20,297.79,298.668,287.368,289.991,47684.8,289.991
2007-12-21,286.51,289.113,279.539,288.246,36860.2,288.246
2007-12-25,297.79,297.79,285.633,288.246,136026.0,288.246
2007-12-26,292.584,296.922,288.246,293.452,50105.7,293.452
2007-12-27,292.584,298.668,286.51,291.736,66688.0,291.736
2007-12-28,289.113,289.991,278.681,286.51,43307.5,286.51
2008-01-04,284.765,284.765,263.941,264.809,32364.2,264.809
2008-01-07,264.809,269.995,256.142,269.995,64270.1,269.995
2008-01-08,261.338,276.946,257.847,267.412,64156.5,267.412
2008-01-09,260.47,273.485,251.793,269.147,99170.9,269.147
2008-01-10,273.485,274.353,266.544,266.544,42730.4,266.544
2008-01-11,270.872,270.872,256.999,256.999,74865.5,256.999
2008-01-15,250.926,250.926,235.268,237.871,114721.0,237.871
2008-01-16,225.724,232.685,219.66,221.395,77631.2,221.395
2008-01-17,222.263,231.817,222.263,226.601,76593.7,226.601
2008-01-18,221.395,225.724,213.576,222.263,195116.0,222.263
2008-01-21,223.998,223.998,216.179,216.179,103316.0,216.179
2008-01-22,212.709,215.321,204.022,204.022,127966.0,204.022
2008-01-23,206.635,215.321,206.635,210.973,59319.8,210.973
2008-01-24,213.576,214.454,206.635,213.576,72219.4,213.576
2008-01-25,215.321,219.66,206.635,215.321,131075.0,215.321
2008-01-28,215.321,215.321,208.36,210.106,102741.0,210.106
2008-01-29,210.973,216.179,209.228,212.709,64730.5,212.709
2008-01-30,217.037,221.395,213.576,217.037,124280.0,217.037
2008-01-31,216.179,220.537,212.709,217.924,86385.8,217.924
2008-02-01,221.395,221.395,217.037,217.037,69569.3,217.037
2008-02-04,217.037,224.866,214.454,218.782,57588.5,218.782
2008-02-05,217.037,222.263,217.037,219.66,27528.5,219.66
2008-02-06,217.037,217.037,211.831,212.709,55976.9,212.709
2008-02-07,209.228,212.709,207.503,209.228,70491.2,209.228
2008-02-08,207.503,212.709,206.635,207.503,34438.3,207.503
2008-02-12,204.022,213.576,201.419,205.767,37318.6,205.767
2008-02-13,207.503,214.454,205.767,205.767,46188.9,205.767
2008-02-14,207.503,210.973,206.635,209.228,32481.9,209.228
2008-02-15,212.709,212.709,205.767,208.36,58281.2,208.36
2008-02-18,211.831,214.454,206.635,206.635,57015.5,206.635
2008-02-19,211.831,212.709,207.503,210.106,27874.3,210.106
2008-02-20,210.106,210.106,204.899,204.899,40082.3,204.899
2008-02-21,209.228,210.973,206.635,207.503,34210.1,207.503
2008-02-22,206.635,207.503,204.899,205.767,24304.3,205.767
2008-02-25,210.106,212.709,209.228,210.973,62544.9,210.973
2008-02-26,212.709,216.179,206.635,206.635,40197.9,206.635
2008-02-27,206.635,212.709,205.767,207.503,57474.9,207.503
2008-02-28,209.228,210.106,205.767,206.635,30637.0,206.635
2008-02-29,207.503,207.503,204.899,205.767,36742.6,205.767
2008-03-03,204.899,204.899,197.958,197.958,55055.0,197.958
2008-03-04,195.335,199.703,193.61,194.458,41808.5,194.458
2008-03-05,194.458,197.958,193.61,193.61,35474.8,193.61
2008-03-06,193.61,199.703,191.007,193.61,79013.6,193.61
2008-03-07,191.007,192.732,184.923,186.649,48261.9,186.649
2008-03-10,186.649,187.536,177.952,177.952,35474.8,177.952
2008-03-11,171.05,180.585,169.285,178.84,55976.9,178.84
2008-03-12,185.791,187.536,173.634,174.501,58511.4,174.501
2008-03-13,177.952,181.453,170.163,170.163,53327.8,170.163
2008-03-14,174.501,174.501,168.428,168.428,75674.8,168.428
2008-03-17,164.967,173.634,160.638,168.428,64730.5,168.428
2008-03-18,169.285,171.908,168.428,169.285,44230.4,169.285
2008-03-19,173.634,177.952,171.908,175.389,108615.0,175.389
2008-03-21,174.501,182.32,173.634,181.453,62427.3,181.453
2008-03-24,185.791,196.223,182.32,188.404,86847.3,188.404
2008-03-25,195.335,197.958,191.865,197.09,90646.5,197.09
2008-03-26,193.61,194.458,185.791,187.536,67841.1,187.536
2008-03-27,185.791,189.262,179.717,183.188,54366.4,183.188
2008-03-28,174.501,181.453,173.634,177.094,85118.1,177.094
2008-03-31,179.717,179.717,174.501,178.84,48377.5,178.84
2008-04-01,179.717,181.453,173.634,175.389,40313.6,175.389
2008-04-02,177.952,180.585,174.501,178.84,26724.2,178.84
2008-04-03,177.952,180.585,176.227,179.717,49296.4,179.717
2008-04-04,178.84,179.717,176.227,177.094,50331.9,177.094
2008-04-07,176.227,177.952,171.908,177.094,26030.5,177.094
2008-04-08,174.501,178.84,173.634,174.501,21191.8,174.501
2008-04-09,175.389,177.094,167.54,170.163,100321.0,170.163
2008-04-10,171.05,171.05,168.428,168.428,27297.3,168.428
2008-04-11,167.54,171.908,167.54,171.908,28103.6,171.908
2008-04-14,168.428,170.163,164.967,166.692,48836.9,166.692
2008-04-15,164.967,168.428,163.241,166.692,46994.1,166.692
2008-04-16,166.692,166.692,164.967,166.692,28910.9,166.692
2008-04-17,166.692,171.05,166.692,170.163,48147.3,170.163
2008-04-18,171.908,171.908,168.428,171.05,33171.5,171.05
2008-04-21,176.227,177.094,173.634,174.501,50793.3,174.501
2008-04-22,173.634,176.227,173.634,174.501,42962.7,174.501
2008-04-23,174.501,182.32,174.501,178.84,107807.0,178.84
2008-04-24,182.32,182.32,177.094,177.952,60007.4,177.952
2008-04-25,181.453,189.262,177.952,184.923,123587.0,184.923
2008-04-28,191.007,196.223,187.536,188.404,152268.0,188.404
2008-04-30,193.61,193.61,186.649,187.536,136143.0,187.536
2008-05-01,186.649,188.404,182.32,182.32,72448.6,182.32
2008-05-02,186.649,190.119,184.046,185.791,52289.3,185.791
2008-05-07,187.536,192.732,185.791,187.536,109076.0,187.536
2008-05-08,188.404,195.335,188.404,189.262,81432.5,189.262
2008-05-09,196.223,196.223,190.119,190.119,134299.0,190.119
2008-05-12,191.007,194.458,187.536,192.732,100091.0,192.732
2008-05-13,195.335,197.09,192.732,194.458,88687.1,194.458
2008-05-14,197.958,209.228,196.223,204.899,154571.0,204.899
2008-05-15,211.831,217.037,210.973,210.973,180143.0,210.973
2008-05-16,210.106,210.973,204.899,204.899,118866.0,204.899
2008-05-19,209.228,222.263,209.228,222.263,365697.0,222.263
2008-05-20,226.601,240.494,195.335,204.022,975922.0,204.022
2008-05-21,196.223,198.816,193.61,195.335,477768.0,195.335
2008-05-22,195.335,196.223,190.119,191.865,226904.0,191.865
2008-05-23,191.007,196.223,183.188,184.923,333333.0,184.923
2008-05-26,189.262,190.119,185.791,185.791,117944.0,185.791
2008-05-27,184.923,189.262,182.32,185.791,120017.0,185.791
2008-05-28,186.649,188.404,182.32,184.046,69681.9,184.046
2008-05-29,186.649,186.649,182.32,184.046,99283.5,184.046
2008-05-30,185.791,188.404,185.791,186.649,85463.9,186.649
2008-06-02,188.404,188.404,186.649,187.536,63811.7,187.536
2008-06-03,188.404,188.404,184.046,185.791,121398.0,185.791
2008-06-04,184.923,187.536,184.923,187.536,71871.6,187.536
2008-06-05,188.404,188.404,184.923,187.536,78438.5,187.536
2008-06-06,188.404,189.262,187.536,187.536,82008.5,187.536
2008-06-09,184.923,185.791,182.32,184.923,54826.8,184.923
2008-06-10,183.188,184.046,178.84,180.585,166206.0,180.585
2008-06-11,178.84,179.717,176.227,178.84,82928.4,178.84
2008-06-12,178.84,184.046,176.227,184.046,113684.0,184.046
2008-06-13,178.84,180.585,176.227,177.952,183022.0,177.952
2008-06-16,180.585,181.453,175.389,176.227,163440.0,176.227
2008-06-17,177.952,180.585,176.227,177.094,102741.0,177.094
2008-06-18,177.952,179.717,176.227,177.094,79474.0,177.094
2008-06-19,177.094,177.952,174.501,174.501,137295.0,174.501
2008-06-20,174.501,174.501,171.908,173.634,109421.0,173.634
2008-06-23,169.285,171.908,165.834,168.428,114604.0,168.428
2008-06-24,164.967,169.285,164.967,168.428,69569.3,168.428
2008-06-25,170.163,170.163,160.638,162.354,211124.0,162.354
2008-06-26,162.354,164.967,160.638,162.354,105966.0,162.354
2008-06-27,157.138,160.638,148.481,151.942,158832.0,151.942
2008-06-30,149.339,154.535,149.339,151.942,159869.0,151.942
2008-07-01,154.535,158.015,152.809,154.535,66346.2,154.535
2008-07-02,154.535,158.015,151.064,152.809,205365.0,152.809
2008-07-03,149.339,151.942,144.113,148.481,198454.0,148.481
2008-07-04,151.942,154.535,148.481,154.535,145127.0,154.535
2008-07-07,154.535,155.412,151.942,152.809,65768.1,152.809
2008-07-08,151.942,152.809,148.481,150.197,68072.3,150.197
2008-07-09,151.064,151.942,148.481,149.339,28103.6,149.339
2008-07-10,147.584,151.064,147.584,150.197,62081.4,150.197
2008-07-11,148.481,149.339,147.584,147.584,62427.3,147.584
2008-07-14,147.584,150.197,145.838,145.838,35474.8,145.838
2008-07-15,145.838,147.584,141.52,142.387,125086.0,142.387
2008-07-16,141.52,142.387,133.711,134.569,111263.0,134.569
2008-07-17,138.927,144.113,138.927,141.52,101474.0,141.52
2008-07-18,142.387,143.255,137.172,139.804,87651.6,139.804
2008-07-22,137.172,138.927,135.436,138.927,64846.2,138.927
2008-07-23,137.172,140.652,136.294,136.294,65768.1,136.294
2008-07-24,135.436,140.652,135.436,139.804,91685.1,139.804
2008-07-25,142.387,142.387,136.294,138.927,59087.5,138.927
2008-07-28,138.049,140.652,137.172,137.172,45150.3,137.172
2008-07-29,137.172,137.172,134.569,137.172,43882.6,137.172
2008-07-30,138.049,143.255,137.172,143.255,74291.4,143.255
2008-07-31,144.113,144.971,140.652,141.52,51600.6,141.52
2008-08-01,142.387,143.255,138.049,138.049,32020.4,138.049
2008-08-04,133.711,137.172,132.843,134.569,78669.8,134.569
2008-08-05,133.711,134.569,121.563,125.024,97905.2,125.024
2008-08-06,129.362,131.118,125.024,131.118,62888.7,131.118
2008-08-07,126.759,128.495,119.818,124.147,83851.3,124.147
2008-08-08,121.563,125.024,120.666,124.147,61391.8,124.147
2008-08-11,127.637,129.362,118.95,121.563,85924.4,121.563
2008-08-12,117.215,125.024,113.725,113.725,221835.0,113.725
2008-08-13,115.47,115.47,109.396,110.264,163209.0,110.264
2008-08-14,108.538,111.131,94.6476,94.6476,269521.0,94.6476
2008-08-15,99.8517,100.719,78.1401,84.2158,698683.0,84.2158
2008-08-18,85.0834,88.56,84.2158,88.56,434573.0,88.56
2008-08-19,84.2158,88.56,84.2158,84.2158,365119.0,84.2158
2008-08-20,83.3471,84.2158,81.6117,82.4794,392418.0,82.4794
2008-08-21,82.4794,83.3471,80.7441,83.3471,424898.0,83.3471
2008-08-22,82.4794,82.4794,79.8744,81.6117,278505.0,81.6117
2008-08-25,82.4794,84.2158,78.1401,80.7441,407969.0,80.7441
2008-08-26,78.1401,80.7441,78.1401,80.7441,137410.0,80.7441
2008-08-27,78.1401,79.8744,78.1401,78.1401,154571.0,78.1401
2008-08-28,78.1401,79.8744,61.6424,61.6424,860051.0,61.6424
2008-08-29,61.6424,75.5331,61.6424,72.0594,2657095.0,72.0594
2008-09-01,72.0594,72.9301,66.8514,66.8514,1211351.0,66.8514
2008-09-02,71.1927,83.3471,71.1927,79.8744,3064488.0,79.8744
2008-09-03,77.2704,81.6117,73.7958,73.7958,904049.0,73.7958
2008-09-04,72.0594,77.2704,67.7191,71.1927,705362.0,71.1927
2008-09-05,66.8514,79.8744,65.9827,74.6654,527754.0,74.6654
2008-09-08,79.8744,82.4794,76.4017,80.7441,716077.0,80.7441
2008-09-09,83.3471,83.3471,77.2704,79.0067,474083.0,79.0067
2008-09-10,79.0067,91.1532,78.1401,86.8198,938952.0,86.8198
2008-09-11,85.9521,119.818,84.2158,85.0834,4444924.0,85.0834
2008-09-12,92.8945,102.435,88.56,95.5054,2659515.0,95.5054
2008-09-16,84.2158,92.8945,83.3471,92.8945,1092831.0,92.8945
2008-09-17,97.2506,98.1064,91.1532,92.8945,535243.0,92.8945
2008-09-18,90.2934,92.0367,86.8198,92.0367,443100.0,92.0367
2008-09-19,94.6476,94.6476,89.4218,90.2934,527296.0,90.2934
2008-09-22,92.0367,93.7523,91.1532,91.1532,482144.0,91.1532
2008-09-24,91.1532,98.9643,89.4218,93.7523,461871.0,93.7523
2008-09-25,95.5054,95.5054,88.56,89.4218,378250.0,89.4218
2008-09-26,91.1532,91.1532,84.2158,89.4218,292098.0,89.4218
2008-09-29,88.56,90.2934,81.6117,81.6117,289103.0,81.6117
2008-09-30,72.9301,81.6117,72.0594,80.7441,396220.0,80.7441
2008-10-01,86.8198,86.8198,79.0067,81.6117,187166.0,81.6117
2008-10-02,81.6117,82.4794,77.2704,77.2704,143744.0,77.2704
2008-10-03,76.4017,78.1401,72.0594,77.2704,253742.0,77.2704
2008-10-06,77.2704,78.1401,65.1151,75.5331,282654.0,75.5331
2008-10-07,62.5101,70.3261,61.6424,66.8514,500574.0,66.8514
2008-10-08,69.4554,72.9301,65.1151,71.1927,363049.0,71.1927
2008-10-09,70.3261,81.6117,67.7191,77.2704,322736.0,77.2704
2008-10-10,69.4554,80.7441,69.4554,76.4017,210780.0,76.4017
2008-10-14,80.7441,89.4218,79.0067,82.4794,421788.0,82.4794
2008-10-15,82.4794,82.4794,78.1401,80.7441,95942.7,80.7441
2008-10-16,73.7958,82.4794,72.9301,76.4017,255585.0,76.4017
2008-10-17,76.4017,79.8744,67.7191,67.7191,546070.0,67.7191
2008-10-20,68.5887,72.0594,66.8514,67.7191,247408.0,67.7191
2008-10-21,71.1927,71.1927,65.9827,69.4554,420291.0,69.4554
2008-10-22,69.4554,69.4554,65.1151,68.5887,239693.0,68.5887
2008-10-23,66.8514,68.5887,65.1151,68.5887,224717.0,68.5887
2008-10-24,69.4554,69.4554,61.6424,61.6424,350264.0,61.6424
2008-10-27,60.7757,68.5887,59.0394,61.6424,289562.0,61.6424
2008-10-28,60.7757,62.5101,44.2781,56.4324,533169.0,56.4324
2008-10-29,60.7757,63.3807,52.9607,52.9607,431926.0,52.9607
2008-10-30,55.5647,69.4554,55.5647,67.7191,1560692.0,67.7191
2008-10-31,72.9301,76.4017,64.2474,69.4554,690737.0,69.4554
2008-11-04,72.0594,75.5331,68.5887,70.3261,354408.0,70.3261
2008-11-05,71.1927,82.4794,70.3261,82.4794,568414.0,82.4794
2008-11-06,78.1401,78.1401,72.0594,72.9301,371110.0,72.9301
2008-11-07,70.3261,76.4017,69.4554,71.1927,302231.0,71.1927
2008-11-10,75.5331,75.5331,70.3261,72.0594,220224.0,72.0594
2008-11-11,71.1927,73.7958,69.4554,71.1927,156185.0,71.1927
2008-11-12,71.1927,72.9301,69.4554,70.3261,159179.0,70.3261
2008-11-13,68.5887,75.5331,65.9827,66.8514,751781.0,66.8514
2008-11-14,71.1927,72.0594,65.9827,67.7191,261457.0,67.7191
2008-11-17,66.8514,70.3261,65.9827,69.4554,128079.0,69.4554
2008-11-18,66.8514,69.4554,65.9827,66.8514,172884.0,66.8514
2008-11-19,68.5887,69.4554,65.9827,68.5887,250056.0,68.5887
2008-11-20,66.8514,68.5887,65.9827,65.9827,152268.0,65.9827
2008-11-21,65.1151,67.7191,64.2474,67.7191,133148.0,67.7191
2008-11-25,68.5887,69.4554,66.8514,69.4554,177722.0,69.4554
2008-11-26,69.4554,69.4554,67.7191,68.5887,93986.3,68.5887
2008-11-27,67.7191,70.3261,67.7191,70.3261,81892.9,70.3261
2008-11-28,69.4554,70.3261,68.5887,69.4554,109882.0,69.4554
2008-12-01,68.5887,71.1927,68.5887,69.4554,121513.0,69.4554
2008-12-02,68.5887,68.5887,66.8514,66.8514,148928.0,66.8514
2008-12-03,68.5887,78.1401,68.5887,73.7958,383783.0,73.7958
2008-12-04,76.4017,76.4017,72.0594,72.9301,162979.0,72.9301
2008-12-05,73.7958,79.8744,72.9301,74.6654,255355.0,74.6654
2008-12-08,78.1401,79.0067,74.6654,75.5331,241648.0,75.5331
2008-12-09,75.5331,75.5331,73.7958,74.6654,174613.0,74.6654
2008-12-10,75.5331,78.1401,74.6654,77.2704,303845.0,77.2704
2008-12-11,79.0067,79.8744,78.1401,79.0067,145472.0,79.0067
2008-12-12,79.8744,82.4794,78.1401,79.0067,303497.0,79.0067
2008-12-15,79.8744,82.4794,79.0067,80.7441,156760.0,80.7441
2008-12-16,80.7441,82.4794,80.7441,81.6117,181754.0,81.6117
2008-12-17,81.6117,81.6117,76.4017,79.0067,241764.0,79.0067
2008-12-18,78.1401,81.6117,78.1401,80.7441,134183.0,80.7441
2008-12-19,82.4794,82.4794,77.2704,78.1401,156760.0,78.1401
2008-12-22,77.2704,79.0067,77.2704,79.0067,77861.4,79.0067
2008-12-24,77.2704,79.0067,77.2704,78.1401,37779.1,78.1401
2008-12-25,82.4794,82.4794,77.2704,80.7441,112529.0,80.7441
2008-12-26,80.7441,82.4794,78.1401,81.6117,84311.8,81.6117
2008-12-29,82.4794,82.4794,79.8744,80.7441,85234.7,80.7441
2008-12-30,81.6117,82.4794,80.7441,82.4794,45265.9,82.4794
2009-01-05,83.3471,85.9521,82.4794,82.4794,128540.0,82.4794
2009-01-06,82.4794,82.4794,81.6117,82.4794,76941.6,82.4794
2009-01-07,82.4794,85.0834,82.4794,83.3471,123013.0,83.3471
2009-01-08,83.3471,85.0834,82.4794,83.3471,34553.9,83.3471
2009-01-09,82.4794,85.9521,82.4794,85.0834,86960.9,85.0834
2009-01-13,83.3471,84.2158,79.8744,79.8744,91914.3,79.8744
2009-01-14,79.0067,82.4794,79.0067,79.8744,34210.1,79.8744
2009-01-15,79.8744,80.7441,78.1401,78.1401,73485.2,78.1401
2009-01-16,78.1401,79.8744,78.1401,79.8744,46419.1,79.8744
2009-01-19,78.1401,79.8744,76.4017,76.4017,75788.4,76.4017
2009-01-20,78.1401,79.0067,77.2704,78.1401,38354.1,78.1401
2009-01-21,74.6654,78.1401,73.7958,74.6654,120017.0,74.6654
2009-01-22,78.1401,78.1401,75.5331,78.1401,26836.8,78.1401
2009-01-23,80.7441,80.7441,76.4017,78.1401,51025.6,78.1401
2009-01-26,75.5331,78.1401,75.5331,77.2704,42846.0,77.2704
2009-01-27,78.1401,79.8744,77.2704,79.8744,24761.8,79.8744
2009-01-28,79.8744,80.7441,77.2704,79.0067,63924.2,79.0067
2009-01-29,79.0067,82.4794,77.2704,82.4794,259500.0,82.4794
2009-01-30,81.6117,84.2158,80.7441,83.3471,139254.0,83.3471
2009-02-02,82.4794,84.2158,81.6117,83.3471,73485.2,83.3471
2009-02-03,83.3471,85.0834,82.4794,83.3471,80512.6,83.3471
2009-02-04,82.4794,84.2158,81.6117,84.2158,26376.4,84.2158
2009-02-05,84.2158,87.6845,83.3471,86.8198,203982.0,86.8198
2009-02-06,86.8198,87.6845,85.0834,85.9521,38354.1,85.9521
2009-02-09,85.9521,85.9521,80.7441,80.7441,37433.2,80.7441
2009-02-10,79.0067,81.6117,79.0067,79.0067,23612.7,79.0067
2009-02-12,76.4017,81.6117,76.4017,80.7441,42618.9,80.7441
2009-02-13,79.0067,83.3471,79.0067,82.4794,31903.8,82.4794
2009-02-16,83.3471,83.3471,78.1401,81.6117,41924.1,81.6117
2009-02-17,80.7441,83.3471,80.7441,82.4794,33054.9,82.4794
2009-02-18,80.7441,84.2158,80.7441,82.4794,14397.6,82.4794
2009-02-19,84.2158,85.0834,80.7441,83.3471,39852.1,83.3471
2009-02-20,80.7441,83.3471,79.0067,79.0067,35244.6,79.0067
2009-02-23,78.1401,79.0067,74.6654,79.0067,33632.0,79.0067
2009-02-24,75.5331,83.3471,75.5331,83.3471,28678.6,83.3471
2009-02-25,84.2158,85.0834,79.0067,82.4794,27297.3,82.4794
2009-02-26,79.8744,85.0834,79.8744,84.2158,38123.9,84.2158
2009-02-27,87.6845,107.671,82.4794,83.3471,1348070.0,83.3471
2009-03-02,86.8198,90.2934,82.4794,85.0834,162059.0,85.0834
2009-03-03,84.2158,84.2158,80.7441,82.4794,85809.8,82.4794
2009-03-04,80.7441,82.4794,79.8744,81.6117,31445.4,81.6117
2009-03-05,82.4794,84.2158,80.7441,82.4794,76941.6,82.4794
2009-03-06,82.4794,82.4794,79.0067,79.0067,79590.7,79.0067
2009-03-09,81.6117,81.6117,79.8744,80.7441,19925.0,80.7441
2009-03-10,79.8744,80.7441,79.0067,79.8744,22920.0,79.8744
2009-03-11,81.6117,81.6117,79.0067,79.8744,26145.1,79.8744
2009-03-12,81.6117,81.6117,79.0067,81.6117,40197.9,81.6117
2009-03-13,78.1401,81.6117,78.1401,81.6117,77286.4,81.6117
2009-03-16,82.4794,83.3471,81.6117,83.3471,59778.2,83.3471
2009-03-17,83.3471,85.0834,82.4794,85.0834,36742.6,85.0834
2009-03-18,86.8198,86.8198,82.4794,85.0834,104928.0,85.0834
2009-03-19,86.8198,86.8198,84.2158,85.9521,63462.8,85.9521
2009-03-23,85.9521,87.6845,85.9521,87.6845,104123.0,87.6845
2009-03-24,91.1532,91.1532,86.8198,90.2934,195691.0,90.2934
2009-03-25,91.1532,92.8945,89.4218,92.8945,122090.0,92.8945
2009-03-26,91.1532,92.8945,88.56,90.2934,64156.5,90.2934
2009-03-27,90.2934,91.1532,88.56,90.2934,76364.5,90.2934
2009-03-30,90.2934,91.1532,88.56,88.56,101357.0,88.56
2009-03-31,86.8198,88.56,85.0834,85.0834,21075.1,85.0834
2009-04-01,86.8198,89.4218,85.0834,89.4218,40659.4,89.4218
2009-04-02,90.2934,91.1532,87.6845,91.1532,50448.5,91.1532
2009-04-03,91.1532,91.1532,88.56,90.2934,58741.7,90.2934
2009-04-06,88.56,90.2934,87.6845,89.4218,52866.4,89.4218
2009-04-07,91.1532,91.1532,87.6845,87.6845,51139.2,87.6845
2009-04-08,86.8198,91.1532,86.8198,90.2934,64386.7,90.2934
2009-04-09,90.2934,91.1532,87.6845,91.1532,108387.0,91.1532
2009-04-10,92.0367,92.0367,89.4218,90.2934,94218.5,90.2934
2009-04-13,90.2934,91.1532,89.4218,90.2934,117255.0,90.2934
2009-04-14,92.8945,92.8945,90.2934,90.2934,220108.0,90.2934
2009-04-15,90.2934,93.7523,89.4218,90.2934,87307.7,90.2934
2009-04-16,90.2934,92.0367,88.56,89.4218,90646.5,89.4218
2009-04-17,89.4218,91.1532,89.4218,91.1532,30406.8,91.1532
2009-04-20,89.4218,92.0367,89.4218,92.0367,96751.0,92.0367
2009-04-21,90.2934,92.0367,88.56,90.2934,88000.5,90.2934
2009-04-22,91.1532,95.5054,87.6845,89.4218,140520.0,89.4218
2009-04-23,88.56,89.4218,85.9521,86.8198,70375.6,86.8198
2009-04-24,89.4218,92.8945,88.56,91.1532,94334.2,91.1532
2009-04-27,89.4218,91.1532,86.8198,88.56,59433.4,88.56
2009-04-28,86.8198,88.56,85.9521,85.9521,79013.6,85.9521
2009-04-30,85.9521,87.6845,85.0834,85.0834,38354.1,85.0834
2009-05-01,85.9521,87.6845,85.0834,85.9521,26952.4,85.9521
2009-05-07,87.6845,89.4218,86.8198,88.56,77745.8,88.56
2009-05-08,86.8198,88.56,86.8198,88.56,40082.3,88.56
2009-05-11,90.2934,91.1532,89.4218,91.1532,75213.4,91.1532
2009-05-12,91.1532,92.8945,90.2934,91.1532,100554.0,91.1532
2009-05-13,92.0367,92.8945,90.2934,92.0367,74404.0,92.0367
2009-05-14,91.1532,92.0367,87.6845,89.4218,91914.3,89.4218
2009-05-15,91.1532,94.6476,90.2934,91.1532,124624.0,91.1532
2009-05-18,92.8945,94.6476,92.0367,92.0367,88457.9,92.0367
2009-05-19,95.5054,107.671,93.7523,96.3701,1107343.0,96.3701
2009-05-20,108.538,138.927,107.671,121.563,7633460.0,121.563
2009-05-21,125.882,142.387,124.147,134.569,4575423.0,134.569
2009-05-22,134.569,138.049,126.759,126.759,1256617.0,126.759
2009-05-25,125.882,137.172,122.431,137.172,1239685.0,137.172
2009-05-26,143.255,144.971,131.975,138.049,915452.0,138.049
2009-05-27,141.52,143.255,136.294,136.294,583274.0,136.294
2009-05-28,131.975,135.436,130.24,132.843,297855.0,132.843
2009-05-29,133.711,135.436,129.362,129.362,317553.0,129.362
2009-06-01,129.362,132.843,127.637,131.118,184520.0,131.118
2009-06-02,129.362,131.975,128.495,128.495,169428.0,128.495
2009-06-03,128.495,133.711,127.637,133.711,245566.0,133.711
2009-06-04,135.436,144.113,135.436,138.049,1080274.0,138.049
2009-06-05,142.387,142.387,134.569,135.436,335059.0,135.436
2009-06-08,137.172,140.652,136.294,138.049,235888.0,138.049
2009-06-09,138.049,140.652,134.569,134.569,197649.0,134.569
2009-06-10,134.569,138.049,134.569,138.049,251092.0,138.049
2009-06-11,138.049,138.927,136.294,138.049,501034.0,138.049
2009-06-12,138.927,139.804,135.436,135.436,397718.0,135.436
2009-06-15,138.049,163.241,138.049,150.197,3749006.0,150.197
2009-06-16,146.716,155.412,142.387,152.809,1097091.0,152.809
2009-06-17,150.197,156.28,146.716,149.339,849915.0,149.339
2009-06-18,147.584,154.535,147.584,151.064,990088.0,151.064
2009-06-19,151.942,151.942,144.113,145.838,460839.0,145.838
2009-06-22,147.584,147.584,131.975,144.971,615755.0,144.971
2009-06-23,138.927,144.971,137.172,141.52,353257.0,141.52
2009-06-24,139.804,141.52,135.436,138.049,233009.0,138.049
2009-06-25,138.927,141.52,135.436,138.927,303155.0,138.927
2009-06-26,140.652,148.481,138.927,140.652,685897.0,140.652
2009-06-29,144.113,145.838,141.52,144.113,340590.0,144.113
2009-06-30,144.971,145.838,143.255,144.971,305459.0,144.971
2009-07-01,144.971,144.971,143.255,144.113,238539.0,144.113
2009-07-02,144.113,144.113,140.652,142.387,205250.0,142.387
2009-07-03,139.804,142.387,136.294,141.52,174384.0,141.52
2009-07-06,141.52,145.838,140.652,144.971,241764.0,144.971
2009-07-07,143.255,144.113,138.927,140.652,164018.0,140.652
2009-07-08,136.294,139.804,136.294,138.049,251669.0,138.049
2009-07-09,136.294,138.049,131.975,131.975,206287.0,131.975
2009-07-10,129.362,136.294,129.362,133.711,173923.0,133.711
2009-07-13,131.975,131.975,119.818,121.563,239574.0,121.563
2009-07-14,125.024,129.362,124.147,126.759,154342.0,126.759
2009-07-15,130.24,131.975,126.759,127.637,112990.0,127.637
2009-07-16,131.118,131.975,125.882,125.882,92835.2,125.882
2009-07-17,128.495,128.495,125.024,127.637,53215.3,127.637
2009-07-21,130.24,131.118,127.637,128.495,110689.0,128.495
2009-07-22,128.495,130.24,128.495,129.362,112185.0,129.362
2009-07-23,129.362,131.118,127.637,129.362,87767.2,129.362
2009-07-24,132.843,133.711,129.362,130.24,85924.4,130.24
2009-07-27,130.24,132.843,128.495,130.24,59778.2,130.24
2009-07-28,130.24,131.118,128.495,129.362,57821.8,129.362
2009-07-29,130.24,130.24,127.637,127.637,67265.0,127.637
2009-07-30,127.637,129.362,126.759,127.637,61160.5,127.637
2009-07-31,125.882,134.569,125.882,132.843,174152.0,132.843
2009-08-03,135.436,135.436,131.118,133.711,87651.6,133.711
2009-08-04,134.569,138.049,134.569,135.436,152038.0,135.436
2009-08-05,137.172,138.049,136.294,138.049,123703.0,138.049
2009-08-06,138.049,141.52,138.049,139.804,177377.0,139.804
2009-08-07,141.52,142.387,133.711,138.927,371110.0,138.927
2009-08-10,138.927,139.804,136.294,137.172,147545.0,137.172
2009-08-11,138.049,143.255,138.049,141.52,191314.0,141.52
2009-08-12,139.804,141.52,138.927,139.804,68532.8,139.804
2009-08-13,140.652,145.838,139.804,144.971,248674.0,144.971
2009-08-14,147.584,152.809,144.113,147.584,366505.0,147.584
2009-08-17,146.716,146.716,142.387,144.113,183135.0,144.113
2009-08-18,139.804,144.113,138.927,143.255,83390.9,143.255
2009-08-19,144.113,144.971,139.804,144.113,114721.0,144.113
2009-08-20,141.52,144.113,139.804,143.255,201681.0,143.255
2009-08-21,142.387,143.255,140.652,141.52,125201.0,141.52
2009-08-24,141.52,145.838,141.52,142.387,99055.3,142.387
2009-08-25,141.52,142.387,138.927,139.804,170119.0,139.804
2009-08-26,140.652,143.255,140.652,143.255,101357.0,143.255
2009-08-27,144.113,147.584,142.387,146.716,151924.0,146.716
2009-08-28,147.584,147.584,142.387,142.387,123126.0,142.387
2009-08-31,142.387,145.838,139.804,141.52,141324.0,141.52
2009-09-01,139.804,143.255,138.927,140.652,80395.9,140.652
2009-09-02,138.927,141.52,138.927,140.652,177377.0,140.652
2009-09-03,140.652,140.652,138.927,138.927,78206.3,138.927
2009-09-04,138.927,139.804,136.294,137.172,149504.0,137.172
2009-09-07,140.652,140.652,137.172,138.049,96290.6,138.049
2009-09-08,137.172,139.804,137.172,138.049,49180.8,138.049
2009-09-09,138.927,144.113,137.172,141.52,343581.0,141.52
2009-09-10,143.255,159.751,143.255,158.015,2217336.0,158.015
2009-09-11,164.967,171.05,155.412,156.28,1656292.0,156.28
2009-09-14,157.138,161.496,149.339,158.893,628307.0,158.893
2009-09-15,160.638,169.285,158.015,164.109,737501.0,164.109
2009-09-16,163.241,164.109,159.751,159.751,318472.0,159.751
2009-09-17,159.751,163.241,157.138,160.638,291290.0,160.638
2009-09-18,159.751,159.751,149.339,156.28,408890.0,156.28
2009-09-24,153.687,157.138,153.687,156.28,181522.0,156.28
2009-09-25,157.138,157.138,150.197,151.942,81664.7,151.942
2009-09-28,150.197,150.197,147.584,148.481,129117.0,148.481
2009-09-29,150.197,151.942,145.838,147.584,275972.0,147.584
2009-09-30,150.197,151.064,141.52,146.716,133379.0,146.716
2009-10-01,146.716,146.716,143.255,143.255,90300.7,143.255
2009-10-02,138.927,140.652,134.569,136.294,202372.0,136.294
2009-10-05,131.975,134.569,130.24,134.569,151347.0,134.569
2009-10-06,132.843,134.569,130.24,134.569,64730.5,134.569
2009-10-07,134.569,134.569,131.975,134.569,25225.2,134.569
2009-10-08,134.569,138.049,134.569,138.049,98940.7,138.049
2009-10-09,138.049,140.652,137.172,138.049,79013.6,138.049
2009-10-13,138.927,139.804,137.172,138.049,47339.0,138.049
2009-10-14,138.049,138.049,135.436,138.049,50678.7,138.049
2009-10-15,139.804,142.387,138.049,139.804,62659.5,139.804
2009-10-16,139.804,142.387,134.569,134.569,71642.3,134.569
2009-10-19,135.436,137.172,135.436,137.172,21999.1,137.172
2009-10-20,135.436,138.927,135.436,138.927,48377.5,138.927
2009-10-21,137.172,138.927,135.436,138.049,37087.4,138.049
2009-10-22,151.064,155.412,141.52,147.584,1191196.0,147.584
2009-10-23,146.716,146.716,144.113,144.971,184980.0,144.971
2009-10-26,144.971,144.971,138.927,144.113,187744.0,144.113
2009-10-27,142.387,142.387,139.804,141.52,117714.0,141.52
2009-10-28,140.652,143.255,138.927,138.927,72334.0,138.927
2009-10-29,138.927,143.255,138.049,140.652,144896.0,140.652
2009-10-30,142.387,144.113,139.804,142.387,132112.0,142.387
2009-11-02,138.927,141.52,138.049,140.652,84887.9,140.652
2009-11-04,140.652,142.387,139.804,142.387,44690.9,142.387
2009-11-05,141.52,141.52,137.172,140.652,139481.0,140.652
2009-11-06,140.652,140.652,138.049,138.049,56437.4,138.049
2009-11-09,138.927,138.927,138.049,138.049,20157.3,138.049
2009-11-10,143.255,143.255,138.927,140.652,122898.0,140.652
2009-11-11,141.52,141.52,138.927,138.927,64386.7,138.927
2009-11-12,139.804,140.652,135.436,136.294,104928.0,136.294
2009-11-13,136.294,137.172,132.843,134.569,197991.0,134.569
2009-11-16,133.711,133.711,127.637,127.637,232205.0,127.637
2009-11-17,128.495,130.24,119.818,124.147,155838.0,124.147
2009-11-18,125.024,125.882,118.95,120.666,106771.0,120.666
2009-11-19,117.215,118.95,113.725,118.083,107693.0,118.083
2009-11-20,118.083,124.147,117.215,122.431,66346.2,122.431
2009-11-24,125.024,128.495,122.431,124.147,87534.9,124.147
2009-11-25,125.882,128.495,121.563,125.882,138908.0,125.882
2009-11-26,125.882,126.759,124.147,125.882,46188.9,125.882
2009-11-27,124.147,125.882,119.818,120.666,76364.5,120.666
2009-11-30,120.666,125.024,120.666,124.147,80280.3,124.147
2009-12-01,123.279,124.147,120.666,124.147,103777.0,124.147
2009-12-02,124.147,125.882,123.279,124.147,67497.3,124.147
2009-12-03,125.024,129.362,125.024,128.495,75098.8,128.495
2009-12-04,127.637,129.362,124.147,124.147,162979.0,124.147
2009-12-07,128.495,130.24,125.882,127.637,166664.0,127.637
2009-12-08,126.759,129.362,124.147,124.147,167010.0,124.147
2009-12-09,121.563,127.637,121.563,123.279,72908.1,123.279
2009-12-10,125.024,125.882,121.563,122.431,46419.1,122.431
2009-12-11,123.279,125.882,119.818,120.666,139944.0,120.666
2009-12-14,121.563,124.147,120.666,122.431,47222.3,122.431
2009-12-15,123.279,123.279,118.95,118.95,87075.5,118.95
2009-12-16,119.818,123.279,119.818,123.279,76248.9,123.279
2009-12-17,123.279,123.279,120.666,120.666,123240.0,120.666
2009-12-18,119.818,121.563,118.95,120.666,162634.0,120.666
2009-12-21,121.563,123.279,120.666,120.666,96637.4,120.666
2009-12-22,121.563,123.279,120.666,120.666,59778.2,120.666
2009-12-24,122.431,123.279,121.563,122.431,89033.9,122.431
2009-12-25,123.279,124.147,122.431,123.279,81315.8,123.279
2009-12-28,124.147,125.024,123.279,123.279,47684.8,123.279
2009-12-29,124.147,126.759,124.147,125.024,92606.0,125.024
2009-12-30,125.882,125.882,113.725,120.666,342431.0,120.666
2010-01-04,120.666,122.431,120.666,121.563,77057.2,121.563
2010-01-05,124.147,124.147,122.431,123.279,65652.5,123.279
2010-01-06,125.024,125.882,123.279,125.024,110112.0,125.024
2010-01-07,125.882,126.759,123.279,123.279,108387.0,123.279
2010-01-08,125.882,126.759,123.279,126.759,104811.0,126.759
2010-01-12,125.882,130.24,125.882,130.24,193272.0,130.24
2010-01-13,130.24,131.118,128.495,128.495,192350.0,128.495
2010-01-14,128.495,131.118,128.495,130.24,71989.2,130.24
2010-01-15,130.24,130.24,126.759,129.362,129576.0,129.362
2010-01-18,128.495,129.362,126.759,127.637,84425.4,127.637
2010-01-19,128.495,131.118,127.637,130.24,276315.0,130.24
2010-01-20,130.24,135.436,129.362,134.569,514510.0,134.569
2010-01-21,134.569,134.569,131.118,132.843,209168.0,132.843
2010-01-22,131.118,132.843,130.24,131.118,141209.0,131.118
2010-01-25,130.24,131.118,126.759,129.362,227713.0,129.362
2010-01-26,129.362,130.24,126.759,126.759,111839.0,126.759
2010-01-27,127.637,129.362,126.759,126.759,114259.0,126.759
2010-01-28,128.495,128.495,126.759,127.637,167817.0,127.637
2010-01-29,127.637,127.637,125.882,125.882,113798.0,125.882
2010-02-01,125.882,128.495,122.431,126.759,211124.0,126.759
2010-02-02,125.882,127.637,125.024,125.024,77171.8,125.024
2010-02-03,125.882,127.637,125.024,125.882,142131.0,125.882
2010-02-04,128.495,128.495,126.759,126.759,60586.5,126.759
2010-02-05,125.024,127.637,125.024,125.882,105504.0,125.882
2010-02-08,125.882,127.637,125.024,126.759,66346.2,126.759
2010-02-09,125.882,126.759,125.024,125.024,46878.5,125.024
2010-02-10,127.637,127.637,125.024,127.637,84659.7,127.637
2010-02-12,128.495,131.975,126.759,127.637,393456.0,127.637
2010-02-15,129.362,129.362,125.024,126.759,349340.0,126.759
2010-02-16,127.637,127.637,126.759,126.759,35820.6,126.759
2010-02-17,128.495,129.362,126.759,129.362,157912.0,129.362
2010-02-18,129.362,129.362,126.759,128.495,100321.0,128.495
2010-02-19,127.637,127.637,125.882,125.882,90184.0,125.882
2010-02-22,127.637,128.495,126.759,128.495,93181.0,128.495
2010-02-23,128.495,131.975,128.495,131.975,313059.0,131.975
2010-02-24,130.24,131.118,129.362,131.118,82699.2,131.118
2010-02-25,131.118,131.975,129.362,131.975,125546.0,131.975
2010-02-26,130.24,132.843,129.362,131.118,108498.0,131.118
2010-03-01,132.843,132.843,130.24,131.118,90761.1,131.118
2010-03-02,131.118,131.975,130.24,131.975,109768.0,131.975
2010-03-03,131.118,131.118,129.362,130.24,86271.2,130.24
2010-03-04,131.118,131.118,129.362,129.362,83276.3,129.362
2010-03-05,130.24,131.975,129.362,131.975,61047.0,131.975
2010-03-08,134.569,135.436,131.118,131.975,216767.0,131.975
2010-03-09,131.975,133.711,131.975,131.975,54826.8,131.975
2010-03-10,132.843,135.436,132.843,132.843,278967.0,132.843
2010-03-11,133.711,136.294,133.711,135.436,251554.0,135.436
2010-03-12,135.436,135.436,134.569,135.436,206978.0,135.436
2010-03-15,136.294,136.294,133.711,134.569,164937.0,134.569
2010-03-16,135.436,142.387,135.436,142.387,371110.0,142.387
2010-03-17,140.652,146.716,140.652,144.113,360861.0,144.113
2010-03-18,145.838,145.838,138.927,143.255,225293.0,143.255
2010-03-19,144.113,149.339,143.255,149.339,264686.0,149.339
2010-03-23,151.064,152.809,145.838,145.838,291635.0,145.838
2010-03-24,147.584,151.064,138.927,144.113,271249.0,144.113
2010-03-25,145.838,145.838,141.52,144.971,143973.0,144.971
2010-03-26,144.971,144.971,141.52,143.255,205711.0,143.255
2010-03-29,135.436,140.652,135.436,138.927,181292.0,138.927
2010-03-30,141.52,144.113,138.927,142.387,147428.0,142.387
2010-03-31,144.113,145.838,141.52,141.52,132456.0,141.52
2010-04-01,141.52,143.255,140.652,141.52,117138.0,141.52
2010-04-02,142.387,143.255,138.927,141.52,94562.4,141.52
2010-04-05,142.387,145.838,140.652,142.387,120708.0,142.387
2010-04-06,141.52,144.113,140.652,142.387,104583.0,142.387
2010-04-07,143.255,146.716,142.387,145.838,156874.0,145.838
2010-04-08,145.838,149.339,145.838,147.584,199838.0,147.584
2010-04-09,147.584,149.339,145.838,148.481,107923.0,148.481
2010-04-12,148.481,153.687,147.584,152.809,222181.0,152.809
2010-04-13,154.535,154.535,149.339,152.809,223564.0,152.809
2010-04-14,153.687,156.28,152.809,154.535,250056.0,154.535
2010-04-15,157.138,159.751,156.28,159.751,336442.0,159.751
2010-04-16,161.496,162.354,154.535,158.015,398064.0,158.015
2010-04-19,158.893,158.893,154.535,155.412,266758.0,155.412
2010-04-20,157.138,159.751,156.28,158.015,243951.0,158.015
2010-04-21,159.751,170.163,159.751,169.285,686820.0,169.285
2010-04-22,170.163,170.163,165.834,168.428,610455.0,168.428
2010-04-23,167.54,168.428,164.967,165.834,382629.0,165.834
2010-04-26,170.163,201.419,170.163,187.536,2401740.0,187.536
2010-04-27,184.923,195.335,180.585,194.458,1030633.0,194.458
2010-04-28,189.262,206.635,187.536,201.419,943327.0,201.419
2010-04-30,208.36,237.871,208.36,237.871,4547089.0,237.871
2010-05-06,230.94,240.494,230.082,237.013,3576809.0,237.013
2010-05-07,225.724,233.543,197.958,197.958,1692921.0,197.958
2010-05-10,210.973,225.724,204.022,210.973,1587760.0,210.973
2010-05-11,216.179,223.998,203.164,206.635,882282.0,206.635
2010-05-12,213.576,213.576,199.703,204.022,425706.0,204.022
2010-05-13,206.635,211.831,195.335,207.503,739803.0,207.503
2010-05-14,202.296,204.022,196.223,196.223,369727.0,196.223
2010-05-17,202.296,202.296,187.536,192.732,570373.0,192.732
2010-05-18,188.404,195.335,178.84,178.84,868920.0,178.84
2010-05-19,175.389,202.296,173.634,197.958,2854051.0,197.958
2010-05-20,196.223,201.419,193.61,195.335,867191.0,195.335
2010-05-21,188.404,193.61,186.649,189.262,726213.0,189.262
2010-05-24,190.119,202.296,190.119,197.958,729206.0,197.958
2010-05-25,198.816,205.767,189.262,191.007,705594.0,191.007
2010-05-26,193.61,195.335,184.923,191.865,381245.0,191.865
2010-05-27,191.007,193.61,187.536,192.732,197303.0,192.732
2010-05-28,199.703,202.296,193.61,196.223,255471.0,196.223
2010-05-31,197.09,204.022,194.458,201.419,270557.0,201.419
2010-06-01,205.767,207.503,201.419,202.296,289218.0,202.296
2010-06-02,197.958,200.551,196.223,197.09,191889.0,197.09
2010-06-03,199.703,201.419,197.958,200.551,127852.0,200.551
2010-06-04,199.703,202.296,197.958,198.816,114834.0,198.816
2010-06-07,197.09,197.09,191.865,192.732,165168.0,192.732
2010-06-08,190.119,198.816,188.404,197.09,142248.0,197.09
2010-06-09,195.335,197.09,187.536,190.119,128313.0,190.119
2010-06-10,190.119,194.458,190.119,194.458,89148.5,194.458
2010-06-11,198.816,198.816,195.335,196.223,144320.0,196.223
2010-06-14,198.816,200.551,197.09,197.958,112299.0,197.958
2010-06-15,199.703,202.296,195.335,197.958,90761.1,197.958
2010-06-16,200.551,200.551,197.958,198.816,112416.0,198.816
2010-06-17,195.335,216.179,195.335,213.576,421560.0,213.576
2010-06-18,219.66,223.998,209.228,211.831,674727.0,211.831
2010-06-21,211.831,219.66,211.831,216.179,339320.0,216.179
2010-06-22,217.924,224.866,215.321,221.395,461530.0,221.395
2010-06-23,217.924,219.66,212.709,213.576,254549.0,213.576
2010-06-24,211.831,215.321,206.635,209.228,210897.0,209.228
2010-06-25,204.899,207.503,199.703,201.419,241764.0,201.419
2010-06-28,202.296,209.228,200.551,204.899,201566.0,204.899
2010-06-29,206.635,210.106,199.703,204.022,290943.0,204.022
2010-06-30,197.09,202.296,194.458,196.223,221375.0,196.223
2010-07-01,194.458,195.335,192.732,193.61,144896.0,193.61
2010-07-02,191.865,197.958,191.865,196.223,72219.4,196.223
2010-07-05,193.61,201.419,193.61,197.958,124396.0,197.958
2010-07-06,196.223,200.551,193.61,200.551,73023.7,200.551
2010-07-07,201.419,203.164,194.458,195.335,73945.6,195.335
2010-07-08,197.09,201.419,196.223,198.816,89725.6,198.816
2010-07-09,198.816,199.703,197.958,199.703,56668.6,199.703
2010-07-12,197.09,200.551,197.09,197.958,37087.4,197.958
2010-07-13,197.09,197.958,189.262,189.262,115985.0,189.262
2010-07-14,190.119,192.732,190.119,192.732,84773.3,192.732
2010-07-15,190.119,196.223,187.536,191.865,147314.0,191.865
2010-07-16,190.119,191.007,186.649,190.119,70606.8,190.119
2010-07-20,191.007,191.865,188.404,189.262,86960.9,189.262
2010-07-21,190.119,195.335,188.404,195.335,87307.7,195.335
2010-07-22,192.732,194.458,188.404,192.732,124048.0,192.732
2010-07-23,197.958,199.703,194.458,198.816,116794.0,198.816
2010-07-26,197.958,198.816,196.223,196.223,38471.8,196.223
2010-07-27,196.223,198.816,193.61,198.816,36398.7,198.816
2010-07-28,199.703,199.703,198.816,199.703,56899.9,199.703
2010-07-29,200.551,202.296,197.958,202.296,88571.4,202.296
2010-07-30,199.703,199.703,193.61,195.335,58281.2,195.335
2010-08-02,193.61,197.09,192.732,193.61,42503.2,193.61
2010-08-03,195.335,198.816,195.335,196.223,38354.1,196.223
2010-08-04,193.61,195.335,191.865,191.865,38354.1,191.865
2010-08-05,193.61,195.335,191.865,194.458,51487.1,194.458
2010-08-06,194.458,196.223,166.692,184.046,122322.0,184.046
2010-08-09,177.094,180.585,175.389,180.585,150310.0,180.585
2010-08-10,178.84,191.865,178.84,179.717,82008.5,179.717
2010-08-11,179.717,179.717,176.227,176.227,69681.9,176.227
2010-08-12,172.776,175.389,171.05,174.501,83276.3,174.501
2010-08-13,174.501,174.501,171.908,173.634,55516.5,173.634
2010-08-16,171.05,171.05,165.834,168.428,82008.5,168.428
2010-08-17,164.109,171.05,163.241,167.54,96981.2,167.54
2010-08-18,166.692,169.285,166.692,168.428,43769.0,168.428
2010-08-19,169.285,170.163,166.692,168.428,39734.5,168.428
2010-08-20,168.428,169.285,165.834,165.834,42962.7,165.834
2010-08-23,163.241,166.692,163.241,165.834,58625.0,165.834
2010-08-24,164.109,168.428,164.109,165.834,52177.7,165.834
2010-08-25,163.241,165.834,163.241,164.967,49180.8,164.967
2010-08-26,165.834,166.692,164.109,166.692,50217.3,166.692
2010-08-27,164.109,167.54,164.109,167.54,31903.8,167.54
2010-08-30,171.05,177.094,169.285,175.389,52289.3,175.389
2010-08-31,175.389,175.389,171.05,171.908,73138.3,171.908
2010-09-01,171.908,171.908,166.692,167.54,42503.2,167.54
2010-09-02,167.54,170.163,167.54,170.163,37087.4,170.163
2010-09-03,167.54,170.163,167.54,170.163,26952.4,170.163
2010-09-06,173.634,173.634,171.05,173.634,24304.3,173.634
2010-09-07,172.776,174.501,171.908,172.776,37549.9,172.776
2010-09-08,173.634,182.32,172.776,180.585,146280.0,180.585
2010-09-09,183.188,184.046,179.717,181.453,60007.4,181.453
2010-09-10,184.046,191.865,183.188,190.119,203523.0,190.119
2010-09-13,192.732,201.419,188.404,191.007,294054.0,191.007
2010-09-14,191.865,195.335,187.536,191.865,67033.8,191.865
2010-09-15,190.119,199.703,190.119,195.335,137870.0,195.335
2010-09-16,195.335,197.958,192.732,193.61,51945.5,193.61
2010-09-17,192.732,197.09,189.262,197.09,124970.0,197.09
2010-09-21,197.958,199.703,195.335,196.223,56091.5,196.223
2010-09-22,194.458,195.335,191.865,193.61,99746.0,193.61
2010-09-24,186.649,192.732,186.649,189.262,73253.9,189.262
2010-09-27,194.458,195.335,192.732,195.335,69569.3,195.335
2010-09-28,195.335,195.335,191.865,194.458,43769.0,194.458
2010-09-29,193.61,194.458,191.007,192.732,57821.8,192.732
2010-09-30,194.458,195.335,192.732,192.732,54366.4,192.732
2010-10-01,191.865,193.61,187.536,189.262,52404.9,189.262
2010-10-04,187.536,188.404,180.585,182.32,74865.5,182.32
2010-10-05,178.84,179.717,174.501,176.227,79590.7,176.227
2010-10-06,180.585,182.32,178.84,179.717,59893.8,179.717
2010-10-07,181.453,183.188,178.84,181.453,52289.3,181.453
2010-10-08,183.188,183.188,178.84,179.717,42042.8,179.717
2010-10-12,178.84,178.84,171.05,171.05,64040.9,171.05
2010-10-13,169.285,173.634,169.285,172.776,67149.4,172.776
2010-10-14,171.05,171.908,170.163,171.908,32712.1,171.908
2010-10-15,169.285,170.163,168.428,170.163,94679.0,170.163
2010-10-18,169.285,171.908,168.428,170.163,49529.6,170.163
2010-10-19,170.163,171.908,168.428,171.05,51945.5,171.05
2010-10-20,169.285,170.163,167.54,169.285,71410.1,169.285
2010-10-21,171.908,171.908,166.692,168.428,34322.7,168.428
2010-10-22,165.834,168.428,165.834,168.428,30292.2,168.428
2010-10-25,167.54,169.285,167.54,167.54,28910.9,167.54
2010-10-26,168.428,169.285,166.692,166.692,19347.9,166.692
2010-10-27,166.692,166.692,164.109,164.967,53902.9,164.967
2010-10-28,164.109,164.967,161.496,164.109,61391.8,164.109
2010-10-29,163.241,163.241,156.28,160.638,40543.8,160.638
2010-11-01,156.28,159.751,156.28,159.751,45265.9,159.751
2010-11-02,158.015,158.893,156.28,158.893,35244.6,158.893
2010-11-04,157.138,160.638,157.138,159.751,37204.0,159.751
2010-11-05,161.496,168.428,160.638,168.428,87534.9,168.428
2010-11-08,167.54,168.428,167.54,167.54,52289.3,167.54
2010-11-09,166.692,168.428,165.834,166.692,15895.6,166.692
2010-11-10,165.834,170.163,164.967,168.428,49644.2,168.428
2010-11-11,171.05,179.717,169.285,179.717,94448.8,179.717
2010-11-12,177.952,181.453,173.634,174.501,122782.0,174.501
2010-11-15,175.389,178.84,173.634,173.634,37663.5,173.634
2010-11-16,177.094,177.094,171.908,172.776,47339.0,172.776
2010-11-17,171.908,174.501,171.05,174.501,42618.9,174.501
2010-11-18,175.389,177.094,174.501,177.094,50217.3,177.094
2010-11-19,178.84,179.717,176.227,176.227,35244.6,176.227
2010-11-22,180.585,180.585,177.094,177.094,24993.0,177.094
2010-11-24,170.163,176.227,170.163,174.501,35704.0,174.501
2010-11-25,176.227,177.094,174.501,174.501,59319.8,174.501
2010-11-26,173.634,177.094,173.634,175.389,20271.9,175.389
2010-11-29,173.634,177.094,173.634,175.389,32020.4,175.389
2010-11-30,176.227,179.717,174.501,174.501,81086.6,174.501
2010-12-01,174.501,176.227,174.501,175.389,9559.89,175.389
2010-12-02,177.952,182.32,177.094,181.453,69107.8,181.453
2010-12-03,187.536,187.536,184.046,185.791,144896.0,185.791
2010-12-06,184.923,188.404,183.188,187.536,56784.2,187.536
2010-12-07,188.404,188.404,185.791,187.536,38933.2,187.536
2010-12-08,188.404,190.119,184.923,190.119,59433.4,190.119
2010-12-09,190.119,190.119,186.649,187.536,30063.0,187.536
2010-12-10,189.262,189.262,186.649,186.649,75213.4,186.649
2010-12-13,184.046,187.536,182.32,187.536,42042.8,187.536
2010-12-14,190.119,190.119,182.32,185.791,114834.0,185.791
2010-12-15,187.536,187.536,184.923,184.923,26145.1,184.923
2010-12-16,186.649,187.536,183.188,186.649,74291.4,186.649
2010-12-17,185.791,186.649,184.046,184.923,103892.0,184.923
2010-12-20,184.923,186.649,184.923,186.649,44918.1,186.649
2010-12-21,185.791,186.649,184.046,184.046,80855.4,184.046
2010-12-22,186.649,187.536,185.791,187.536,55055.0,187.536
2010-12-24,187.536,187.536,184.046,185.791,36164.5,185.791
2010-12-27,180.585,185.791,180.585,182.32,49413.0,182.32
2010-12-28,184.923,184.923,180.585,184.046,49644.2,184.046
2010-12-29,182.32,185.791,182.32,185.791,28333.8,185.791
2010-12-30,182.32,185.791,182.32,184.046,10247.5,184.046
2011-01-04,186.649,189.262,182.32,187.536,55862.3,187.536
2011-01-05,189.262,189.262,186.649,187.536,14626.8,187.536
2011-01-06,189.262,191.007,185.791,189.262,79241.8,189.262
2011-01-07,189.262,198.816,188.404,188.404,205826.0,188.404
2011-01-11,190.119,195.335,189.262,195.335,103892.0,195.335
2011-01-12,198.816,199.703,193.61,194.458,117023.0,194.458
2011-01-13,197.958,199.703,195.335,197.958,78553.1,197.958
2011-01-14,196.223,201.419,196.223,199.703,65768.1,199.703
2011-01-17,201.419,205.767,201.419,205.767,153419.0,205.767
2011-01-18,205.767,209.228,204.022,207.503,124508.0,207.503
2011-01-19,210.106,218.782,209.228,217.037,248099.0,217.037
2011-01-20,214.454,216.179,210.106,210.973,144204.0,210.973
2011-01-21,209.228,210.106,201.419,207.503,144090.0,207.503
2011-01-24,205.767,208.36,197.958,208.36,94562.4,208.36
2011-01-25,210.973,211.831,209.228,210.973,63924.2,210.973
2011-01-26,212.709,212.709,209.228,210.106,93870.7,210.106
2011-01-27,209.228,210.106,208.36,210.106,71296.5,210.106
2011-01-28,210.106,210.106,205.767,205.767,161022.0,205.767
2011-01-31,204.022,209.228,199.703,205.767,134183.0,205.767
2011-02-01,206.635,208.36,206.635,208.36,45380.5,208.36
2011-02-02,208.36,213.576,208.36,212.709,103316.0,212.709
2011-02-03,213.576,214.454,210.106,212.709,62427.3,212.709
2011-02-04,212.709,212.709,210.106,212.709,44918.1,212.709
2011-02-07,211.831,213.576,211.831,213.576,27990.0,213.576
2011-02-08,214.454,214.454,210.106,211.831,43307.5,211.831
2011-02-09,213.576,216.179,209.228,212.709,125546.0,212.709
2011-02-10,212.709,215.321,211.831,212.709,45841.0,212.709
2011-02-14,212.709,213.576,212.709,213.576,83390.9,213.576
2011-02-15,215.321,215.321,212.709,212.709,51945.5,212.709
2011-02-16,212.709,213.576,208.36,211.831,86152.6,211.831
2011-02-17,212.709,213.576,211.831,213.576,49180.8,213.576
2011-02-18,212.709,212.709,198.816,210.106,170582.0,210.106
2011-02-21,210.973,218.782,210.106,218.782,198915.0,218.782
2011-02-22,217.037,217.037,210.106,212.709,120250.0,212.709
2011-02-23,209.228,220.537,208.36,213.576,173115.0,213.576
2011-02-24,213.576,216.179,208.36,214.454,136026.0,214.454
2011-02-25,215.321,219.66,212.709,219.66,130500.0,219.66
2011-02-28,223.998,229.204,223.998,229.204,190623.0,229.204
2011-03-01,231.817,239.626,230.082,234.43,242222.0,234.43
2011-03-02,230.94,232.685,224.866,224.866,194079.0,224.866
2011-03-03,224.866,229.204,224.866,228.327,55516.5,228.327
2011-03-04,229.204,234.43,228.327,230.082,92257.1,230.082
2011-03-07,228.327,231.817,225.724,229.204,84081.6,229.204
2011-03-08,230.94,232.685,228.327,230.94,58741.7,230.94
2011-03-09,234.43,237.871,231.817,237.013,184748.0,237.013
2011-03-10,239.626,240.494,230.94,232.685,192580.0,232.685
2011-03-11,227.469,233.543,227.469,233.543,374911.0,233.543
2011-03-14,240.494,277.824,216.179,229.204,899098.0,229.204
2011-03-15,230.082,233.543,159.751,217.037,454502.0,217.037
2011-03-16,203.164,234.43,203.164,223.14,236696.0,223.14
2011-03-17,209.228,230.082,208.36,223.14,165745.0,223.14
2011-03-18,229.204,232.685,221.395,227.469,180257.0,227.469
2011-03-22,234.43,237.013,226.601,235.268,273667.0,235.268
2011-03-23,237.871,260.47,236.136,240.494,445288.0,240.494
2011-03-24,243.097,255.254,241.371,252.641,251898.0,252.641
2011-03-25,259.602,263.063,236.136,245.71,373990.0,245.71
2011-03-28,239.626,245.71,238.739,242.249,86501.5,242.249
2011-03-29,239.626,243.965,237.871,239.626,85349.3,239.626
2011-03-30,239.626,243.097,237.013,241.371,70835.0,241.371
2011-03-31,242.249,247.435,239.626,247.435,110457.0,247.435
2011-04-01,244.842,245.71,235.268,235.268,73831.0,235.268
2011-04-04,233.543,240.494,233.543,237.013,70143.4,237.013
2011-04-05,236.136,237.013,223.14,224.866,142131.0,224.866
2011-04-06,227.469,228.327,225.724,228.327,128886.0,228.327
2011-04-07,226.601,230.082,223.998,227.469,59663.6,227.469
2011-04-08,227.469,230.082,225.724,229.204,70491.2,229.204
2011-04-11,226.601,234.43,223.998,229.204,72334.0,229.204
2011-04-12,227.469,234.43,225.724,226.601,51832.9,226.601
2011-04-13,222.263,228.327,216.179,217.924,118058.0,217.924
2011-04-14,217.037,222.263,217.037,222.263,71754.9,222.263
2011-04-15,222.263,222.263,217.924,218.782,60354.2,218.782
2011-04-18,218.782,223.998,218.782,222.263,58281.2,222.263
2011-04-19,218.782,222.263,216.179,217.924,31791.2,217.924
2011-04-20,217.037,219.66,212.709,214.454,49757.8,214.454
2011-04-21,215.321,215.321,210.973,210.973,52752.8,210.973
2011-04-22,210.973,211.831,205.767,210.973,59433.4,210.973
2011-04-25,210.106,215.321,210.106,210.106,51487.1,210.106
2011-04-26,209.228,209.228,206.635,207.503,32594.5,207.503
2011-04-27,208.36,209.228,206.635,207.503,35820.6,207.503
2011-04-28,208.36,215.321,207.503,215.321,137753.0,215.321
2011-05-02,219.66,223.14,217.037,217.924,61391.8,217.924
2011-05-06,214.454,218.782,212.709,217.924,48836.9,217.924
2011-05-09,219.66,219.66,215.321,216.179,52752.8,216.179
2011-05-10,217.037,218.782,216.179,216.179,76824.9,216.179
2011-05-11,217.037,219.66,216.179,217.924,33863.2,217.924
2011-05-12,215.321,227.469,213.576,223.14,169199.0,223.14
2011-05-13,223.14,226.601,222.263,223.998,165976.0,223.998
2011-05-16,223.14,224.866,217.924,224.866,108729.0,224.866
2011-05-17,223.14,223.998,220.537,222.263,53098.6,222.263
2011-05-18,221.395,223.998,221.395,223.998,35704.0,223.998
2011-05-19,223.998,224.866,223.14,223.14,14283.0,223.14
2011-05-20,223.998,223.998,220.537,220.537,18315.5,220.537
2011-05-23,218.782,218.782,214.454,214.454,20734.3,214.454
2011-05-24,216.179,217.924,210.973,217.037,30983.9,217.037
2011-05-25,216.179,217.037,212.709,212.709,28910.9,212.709
2011-05-26,217.037,217.037,212.709,214.454,30063.0,214.454
2011-05-27,218.782,218.782,213.576,213.576,29716.1,213.576
2011-05-30,213.576,214.454,211.831,213.576,16931.1,213.576
2011-05-31,215.321,219.66,215.321,219.66,31100.5,219.66
2011-06-01,221.395,222.263,219.66,221.395,18544.7,221.395
2011-06-02,223.14,223.14,220.537,222.263,40197.9,222.263
2011-06-03,224.866,224.866,218.782,218.782,34784.1,218.782
2011-06-06,212.709,218.782,212.709,213.576,24761.8,213.576
2011-06-07,214.454,217.924,213.576,215.321,14051.8,215.321
2011-06-08,214.454,216.179,207.503,211.831,35704.0,211.831
2011-06-09,210.973,214.454,210.973,213.576,11977.7,213.576
2011-06-10,211.831,217.037,210.973,216.179,72679.9,216.179
2011-06-13,211.831,217.037,210.973,215.321,10366.1,215.321
2011-06-14,213.576,216.179,213.576,214.454,13245.5,214.454
2011-06-15,207.503,210.973,206.635,206.635,107000.0,206.635
2011-06-16,206.635,210.106,206.635,207.503,16931.1,207.503
2011-06-17,206.635,208.36,202.296,203.164,46531.7,203.164
2011-06-20,203.164,204.899,199.703,203.164,20847.9,203.164
2011-06-21,204.022,204.899,202.296,204.022,24646.1,204.022
2011-06-22,206.635,211.831,206.635,211.831,26030.5,211.831
2011-06-23,208.36,210.973,208.36,210.106,12898.6,210.106
2011-06-24,210.106,211.831,210.106,211.831,10480.7,211.831
2011-06-27,209.228,211.831,208.36,208.36,13129.8,208.36
2011-06-28,209.228,210.973,209.228,209.228,11288.0,209.228
2011-06-29,210.106,211.831,210.106,211.831,17277.9,211.831
2011-06-30,212.709,217.037,210.973,217.037,47684.8,217.037
2011-07-01,217.924,217.924,213.576,215.321,36281.1,215.321
2011-07-04,217.924,217.924,215.321,217.037,13129.8,217.037
2011-07-05,217.037,217.037,214.454,215.321,18544.7,215.321
2011-07-06,213.576,216.179,213.576,215.321,23266.8,215.321
2011-07-07,213.576,215.321,213.576,213.576,13360.1,213.576
2011-07-08,213.576,215.321,211.831,212.709,25914.9,212.709
2011-07-11,212.709,214.454,210.973,212.709,16354.0,212.709
2011-07-12,210.106,212.709,209.228,209.228,17966.6,209.228
2011-07-13,208.36,211.831,208.36,210.973,14972.7,210.973
2011-07-14,210.106,210.973,209.228,209.228,17506.1,209.228
2011-07-15,208.36,212.709,208.36,212.709,20617.7,212.709
2011-07-19,212.709,212.709,211.831,212.709,31791.2,212.709
2011-07-20,212.709,213.576,210.106,210.973,26145.1,210.973
2011-07-21,210.106,212.709,210.106,212.709,10020.3,212.709
2011-07-22,212.709,213.576,210.973,213.576,27412.9,213.576
2011-07-25,215.321,215.321,212.709,212.709,30637.0,212.709
2011-07-26,212.709,212.709,210.973,210.973,12210.0,210.973
2011-07-27,210.973,210.973,206.635,208.36,39734.5,208.36
2011-07-28,204.899,209.228,204.899,209.228,17506.1,209.228
2011-07-29,205.767,207.503,204.899,204.899,22343.9,204.899
2011-08-01,204.899,208.36,204.899,207.503,16585.2,207.503
2011-08-02,207.503,207.503,204.899,204.899,25802.3,204.899
2011-08-03,204.899,204.899,198.816,198.816,33517.4,198.816
2011-08-04,198.816,200.551,197.958,197.958,29947.4,197.958
2011-08-05,191.007,195.335,190.119,195.335,59893.8,195.335
2011-08-08,191.007,195.335,181.453,190.119,73485.2,190.119
2011-08-09,184.923,188.404,176.227,185.791,109076.0,185.791
2011-08-10,186.649,196.223,186.649,191.007,57705.1,191.007
2011-08-11,177.094,191.007,176.227,188.404,91340.2,188.404
2011-08-12,190.119,192.732,185.791,192.732,26490.0,192.732
2011-08-15,194.458,195.335,189.262,190.119,24187.7,190.119
2011-08-16,194.458,194.458,190.119,191.865,35704.0,191.865
2011-08-17,190.119,191.865,188.404,190.119,25914.9,190.119
2011-08-18,187.536,191.007,180.585,184.046,59663.6,184.046
2011-08-19,178.84,182.32,178.84,182.32,47915.0,182.32
2011-08-22,184.046,187.536,177.094,178.84,27181.6,178.84
2011-08-23,179.717,180.585,177.952,179.717,40773.0,179.717
2011-08-24,180.585,182.32,168.428,178.84,50678.7,178.84
2011-08-25,178.84,182.32,178.84,179.717,54596.6,179.717
2011-08-26,179.717,184.923,179.717,184.923,27757.7,184.923
2011-08-29,184.923,186.649,180.585,186.649,37433.2,186.649
2011-08-30,184.923,186.649,184.046,186.649,60468.9,186.649
2011-08-31,187.536,187.536,184.046,184.046,37549.9,184.046
2011-09-01,184.046,185.791,182.32,184.046,111839.0,184.046
2011-09-02,182.32,184.046,180.585,181.453,39390.6,181.453
2011-09-05,179.717,181.453,179.717,179.717,18429.1,179.717
2011-09-06,181.453,181.453,178.84,181.453,26490.0,181.453
2011-09-07,181.453,181.453,177.952,180.585,27066.0,180.585
2011-09-08,180.585,180.585,179.717,180.585,20271.9,180.585
2011-09-09,178.84,180.585,178.84,179.717,68647.4,179.717
2011-09-12,177.952,180.585,177.952,180.585,33054.9,180.585
2011-09-13,180.585,181.453,178.84,181.453,19347.9,181.453
2011-09-14,178.84,181.453,178.84,179.717,33746.6,179.717
2011-09-15,179.717,181.453,178.84,181.453,34784.1,181.453
2011-09-16,181.453,181.453,178.84,181.453,28103.6,181.453
2011-09-20,178.84,178.84,175.389,175.389,37779.1,175.389
2011-09-21,176.227,177.094,174.501,175.389,32248.6,175.389
2011-09-22,174.501,177.094,170.163,175.389,58051.0,175.389
2011-09-26,175.389,175.389,170.163,170.163,21075.1,170.163
2011-09-27,170.163,171.05,163.241,170.163,55402.9,170.163
2011-09-28,167.54,179.717,165.834,179.717,34784.1,179.717
2011-09-29,177.094,183.188,177.094,179.717,57705.1,179.717
2011-09-30,182.32,183.188,180.585,181.453,52866.4,181.453
2011-10-03,178.84,178.84,176.227,177.094,19925.0,177.094
2011-10-04,177.094,177.952,175.389,177.094,41808.5,177.094
2011-10-05,177.094,177.094,172.776,172.776,35820.6,172.776
2011-10-06,173.634,176.227,171.908,171.908,40543.8,171.908
2011-10-07,172.776,172.776,170.163,170.163,41119.9,170.163
2011-10-11,171.05,176.227,171.05,174.501,15435.1,174.501
2011-10-12,174.501,177.094,173.634,173.634,11403.7,173.634
2011-10-13,177.094,178.84,176.227,178.84,16354.0,178.84
2011-10-14,175.389,177.094,173.634,174.501,22343.9,174.501
2011-10-17,178.84,178.84,175.389,178.84,15665.4,178.84
2011-10-18,179.717,179.717,173.634,173.634,36164.5,173.634
2011-10-19,175.389,177.094,172.776,175.389,18083.2,175.389
2011-10-20,172.776,173.634,171.908,171.908,22231.3,171.908
2011-10-21,173.634,173.634,166.692,171.908,28564.0,171.908
2011-10-24,172.776,176.227,171.908,176.227,14283.0,176.227
2011-10-25,177.094,177.094,173.634,175.389,6335.73,175.389
2011-10-26,173.634,176.227,172.776,175.389,33054.9,175.389
2011-10-27,176.227,177.094,173.634,177.094,54940.4,177.094
2011-10-28,177.952,179.717,176.227,176.227,19121.8,176.227
2011-10-31,176.227,177.094,174.501,174.501,29141.1,174.501
2011-11-01,172.776,175.389,172.776,173.634,20271.9,173.634
2011-11-02,167.54,172.776,167.54,171.05,15435.1,171.05
2011-11-04,171.05,173.634,171.05,173.634,4952.36,173.634
2011-11-07,172.776,174.501,172.776,173.634,7718.09,173.634
2011-11-08,172.776,173.634,170.163,170.163,19005.1,170.163
2011-11-09,168.428,172.776,168.428,172.776,19695.8,172.776
2011-11-10,168.428,171.05,166.692,169.285,11632.9,169.285
2011-11-11,170.163,171.908,167.54,171.05,19695.8,171.05
2011-11-14,171.05,173.634,169.285,172.776,12556.8,172.776
2011-11-15,168.428,172.776,168.428,172.776,14512.2,172.776
2011-11-16,170.163,173.634,164.109,165.834,31791.2,165.834
2011-11-17,167.54,168.428,164.967,168.428,18889.5,168.428
2011-11-18,166.692,167.54,162.354,165.834,22231.3,165.834
2011-11-21,161.496,165.834,161.496,163.241,7257.64,163.241
2011-11-22,158.893,166.692,158.893,166.692,11288.0,166.692
2011-11-24,165.834,171.05,163.241,171.05,25914.9,171.05
2011-11-25,171.908,172.776,166.692,171.05,25686.7,171.05
2011-11-28,171.05,172.776,171.05,172.776,10942.2,172.776
2011-11-29,172.776,172.776,169.285,172.776,16816.5,172.776
2011-11-30,169.285,171.05,169.285,169.285,11403.7,169.285
2011-12-01,171.908,172.776,170.163,172.776,19005.1,172.776
2011-12-02,174.501,175.389,171.908,172.776,24419.0,172.776
2011-12-05,173.634,173.634,170.163,171.05,17854.0,171.05
2011-12-06,172.776,172.776,165.834,165.834,29257.7,165.834
2011-12-07,167.54,171.05,165.834,167.54,25914.9,167.54
2011-12-08,171.908,171.908,167.54,171.908,10827.6,171.908
2011-12-09,167.54,171.05,167.54,170.163,47568.2,170.163
2011-12-12,173.634,173.634,171.908,173.634,19233.3,173.634
2011-12-13,173.634,173.634,170.163,173.634,17506.1,173.634
2011-12-14,173.634,174.501,171.908,171.908,19925.0,171.908
2011-12-15,171.908,171.908,165.834,165.834,19233.3,165.834
2011-12-16,167.54,175.389,167.54,168.428,22691.8,168.428
2011-12-19,169.285,173.634,166.692,171.05,22575.1,171.05
2011-12-20,171.05,173.634,167.54,170.163,9559.89,170.163
2011-12-21,170.163,174.501,170.163,172.776,21423.0,172.776
2011-12-22,175.389,175.389,171.908,171.908,29484.9,171.908
2011-12-26,171.908,174.501,171.908,173.634,9445.28,173.634
2011-12-27,170.163,171.908,169.285,171.05,5759.66,171.05
2011-12-28,171.05,177.094,171.05,173.634,17620.7,173.634
2011-12-29,175.389,178.84,170.163,177.952,27528.5,177.952
2011-12-30,179.717,179.717,177.094,178.84,9214.04,178.84
2012-01-04,179.717,182.32,178.84,182.32,24419.0,182.32
2012-01-05,182.32,188.404,182.32,186.649,52520.5,186.649
2012-01-06,188.404,191.865,184.046,186.649,60124.0,186.649
2012-01-10,184.923,191.007,184.923,187.536,29484.9,187.536
2012-01-11,191.865,193.61,190.119,192.732,19695.8,192.732
2012-01-12,192.732,192.732,188.404,188.404,22691.8,188.404
2012-01-13,190.119,193.61,190.119,191.007,33288.2,191.007
2012-01-16,191.007,191.007,182.32,189.262,33746.6,189.262
2012-01-17,191.007,225.724,191.007,216.179,585691.0,216.179
2012-01-18,217.037,220.537,199.703,203.164,312715.0,203.164
2012-01-19,201.419,207.503,200.551,202.296,107807.0,202.296
2012-01-20,199.703,204.899,193.61,193.61,108844.0,193.61
2012-01-23,199.703,208.36,197.958,201.419,82237.7,201.419
2012-01-24,204.022,212.709,201.419,201.419,42272.0,201.419
2012-01-25,207.503,207.503,203.164,206.635,38240.5,206.635
2012-01-26,206.635,206.635,203.164,204.899,21305.3,204.899
2012-01-27,202.296,206.635,202.296,204.899,18774.9,204.899
2012-01-30,203.164,206.635,203.164,203.164,25340.9,203.164
2012-01-31,205.767,208.36,204.022,204.899,25914.9,204.899
2012-02-01,208.36,218.782,202.296,212.709,141787.0,212.709
2012-02-02,219.66,219.66,213.576,216.179,84081.6,216.179
2012-02-03,214.454,216.179,210.973,210.973,31328.7,210.973
2012-02-06,212.709,214.454,208.36,210.106,62311.7,210.106
2012-02-07,210.106,211.831,206.635,209.228,39852.1,209.228
2012-02-08,210.106,213.576,208.36,213.576,44918.1,213.576
2012-02-09,213.576,213.576,210.106,210.973,35704.0,210.973
2012-02-10,210.973,210.973,206.635,207.503,34094.5,207.503
2012-02-13,207.503,208.36,204.899,204.899,28564.0,204.899
2012-02-14,205.767,207.503,203.164,207.503,26952.4,207.503
2012-02-15,209.228,209.228,206.635,208.36,55171.7,208.36
2012-02-16,209.228,210.106,204.899,205.767,21305.3,205.767
2012-02-17,209.228,209.228,204.899,207.503,23956.5,207.503
2012-02-20,208.36,208.36,204.022,204.022,35132.0,204.022
2012-02-21,200.551,205.767,200.551,201.419,31328.7,201.419
2012-02-22,201.419,206.635,201.419,204.022,79241.8,204.022
2012-02-23,200.551,207.503,200.551,206.635,135223.0,206.635
2012-02-24,210.106,210.106,204.022,205.767,81200.2,205.767
2012-02-27,204.899,208.36,204.022,204.899,75098.8,204.899
2012-02-28,204.022,206.635,200.551,204.899,47801.4,204.899
2012-02-29,206.635,206.635,204.022,204.022,44112.8,204.022
2012-03-01,204.899,204.899,197.09,198.816,73600.8,198.816
2012-03-02,198.816,201.419,197.09,199.703,35361.2,199.703
2012-03-05,198.816,202.296,198.816,200.551,28910.9,200.551
2012-03-06,200.551,201.419,197.958,199.703,55976.9,199.703
2012-03-07,198.816,203.164,197.958,203.164,35244.6,203.164
2012-03-08,204.022,204.022,202.296,204.022,28564.0,204.022
2012-03-09,204.899,212.709,204.022,212.709,188778.0,212.709
2012-03-12,215.321,216.179,212.709,212.709,65652.5,212.709
2012-03-13,208.36,215.321,207.503,208.36,81432.5,208.36
2012-03-14,210.973,220.537,210.973,216.179,139254.0,216.179
2012-03-15,219.66,219.66,216.179,217.037,67956.7,217.037
2012-03-16,215.321,216.179,211.831,215.321,47801.4,215.321
2012-03-19,212.709,217.037,210.106,210.106,72908.1,210.106
2012-03-21,207.503,210.106,205.767,205.767,123587.0,205.767
2012-03-22,206.635,206.635,203.164,205.767,70375.6,205.767
2012-03-23,203.164,205.767,203.164,203.164,24534.6,203.164
2012-03-26,203.164,204.899,200.551,200.551,37892.7,200.551
2012-03-27,204.022,207.503,203.164,207.503,57588.5,207.503
2012-03-28,202.296,204.899,190.119,197.09,69107.8,197.09
2012-03-29,200.551,201.419,193.61,197.958,60699.1,197.958
2012-03-30,197.09,198.816,194.458,194.458,35361.2,194.458
2012-04-02,194.458,195.335,188.404,191.007,93986.3,191.007
2012-04-03,191.007,194.458,187.536,190.119,92835.2,190.119
2012-04-04,190.119,190.119,184.046,185.791,74060.2,185.791
2012-04-05,185.791,186.649,183.188,185.791,39621.9,185.791
2012-04-06,185.791,186.649,184.046,185.791,50678.7,185.791
2012-04-09,183.188,186.649,181.453,183.188,27297.3,183.188
2012-04-10,183.188,189.262,180.585,180.585,55516.5,180.585
2012-04-11,179.717,179.717,177.094,177.952,61621.0,177.952
2012-04-12,178.84,182.32,177.952,181.453,33632.0,181.453
2012-04-13,188.404,189.262,184.046,189.262,55976.9,189.262
2012-04-16,186.649,187.536,180.585,180.585,48720.3,180.585
2012-04-17,181.453,184.046,178.84,180.585,51832.9,180.585
2012-04-18,183.188,187.536,182.32,184.046,40773.0,184.046
2012-04-19,184.923,184.923,182.32,182.32,13477.7,182.32
2012-04-20,183.188,184.046,181.453,181.453,17966.6,181.453
2012-04-23,184.046,187.536,184.046,184.046,25455.5,184.046
2012-04-24,183.188,185.791,182.32,184.923,14972.7,184.923
2012-04-25,186.649,187.536,184.923,186.649,29257.7,186.649
2012-04-26,187.536,189.262,187.536,188.404,10020.3,188.404
2012-04-27,187.536,187.536,183.188,183.188,35936.3,183.188
2012-05-01,183.188,187.536,182.32,182.32,20962.5,182.32
2012-05-02,180.585,184.923,180.585,184.046,13245.5,184.046
2012-05-07,180.585,182.32,178.84,180.585,23266.8,180.585
2012-05-08,182.32,182.32,180.585,180.585,9906.75,180.585
2012-05-09,179.717,180.585,174.501,177.094,54366.4,177.094
2012-05-10,173.634,177.094,172.776,176.227,22920.0,176.227
2012-05-11,177.094,177.094,172.776,173.634,33288.2,173.634
2012-05-14,172.776,177.094,171.05,171.908,21769.9,171.908
2012-05-15,171.05,172.776,167.54,168.428,49757.8,168.428
2012-05-16,165.834,167.54,159.751,161.496,54249.8,161.496
2012-05-17,160.638,163.241,157.138,160.638,57129.1,160.638
2012-05-18,158.015,158.015,151.942,154.535,62311.7,154.535
2012-05-21,151.942,156.28,150.197,154.535,39390.6,154.535
2012-05-22,156.28,158.015,154.535,157.138,26145.1,157.138
2012-05-23,161.496,162.354,155.412,156.28,43190.9,156.28
2012-05-24,154.535,156.28,154.535,155.412,19695.8,155.412
2012-05-25,154.535,155.412,153.687,154.535,20734.3,154.535
2012-05-28,152.809,153.687,151.942,152.809,14626.8,152.809
2012-05-29,151.942,153.687,151.942,152.809,14167.4,152.809
2012-05-30,151.942,153.687,150.197,153.687,45958.6,153.687
2012-05-31,152.809,152.809,150.197,150.197,13360.1,150.197
2012-06-01,150.197,151.942,148.481,151.942,19925.0,151.942
2012-06-04,147.584,149.339,147.584,148.481,41924.1,148.481
2012-06-05,147.584,150.197,146.716,150.197,30750.6,150.197
2012-06-06,148.481,151.942,148.481,151.942,26490.0,151.942
2012-06-07,148.481,158.893,148.481,158.015,144896.0,158.015
2012-06-08,158.015,158.015,152.809,157.138,54135.1,157.138
2012-06-11,156.28,159.751,156.28,156.28,26145.1,156.28
2012-06-12,151.942,158.893,151.942,158.893,21191.8,158.893
2012-06-13,157.138,159.751,156.28,158.015,15318.5,158.015
2012-06-14,158.015,159.751,156.28,158.015,30406.8,158.015
2012-06-15,158.893,162.354,156.28,158.893,33517.4,158.893
2012-06-18,162.354,164.109,162.354,163.241,11517.3,163.241
2012-06-19,164.109,164.967,163.241,163.241,9789.1,163.241
2012-06-20,165.834,169.285,164.967,166.692,24304.3,166.692
2012-06-21,168.428,169.285,160.638,166.692,56784.2,166.692
2012-06-22,164.109,168.428,164.109,166.692,23381.4,166.692
2012-06-25,167.54,168.428,164.967,164.967,29141.1,164.967
2012-06-26,164.109,166.692,161.496,164.967,46074.2,164.967
2012-06-27,164.109,166.692,161.496,165.834,27874.3,165.834
2012-06-28,164.109,168.428,164.109,167.54,31903.8,167.54
2012-06-29,166.692,172.776,165.834,170.163,37087.4,170.163
2012-07-02,172.776,177.952,171.05,171.05,48029.6,171.05
2012-07-03,171.05,171.908,169.285,170.163,39621.9,170.163
2012-07-04,170.163,174.501,170.163,171.05,48261.9,171.05
2012-07-05,171.05,172.776,170.163,170.163,12210.0,170.163
2012-07-06,169.285,171.908,167.54,168.428,56437.4,168.428
2012-07-09,165.834,169.285,164.967,165.834,15895.6,165.834
2012-07-10,168.428,171.908,166.692,166.692,22691.8,166.692
2012-07-11,166.692,166.692,163.241,164.967,28793.2,164.967
2012-07-12,161.496,164.109,161.496,162.354,16011.2,162.354
2012-07-13,162.354,162.354,158.893,160.638,27874.3,160.638
2012-07-17,161.496,161.496,160.638,160.638,11057.8,160.638
2012-07-18,158.015,160.638,155.412,155.412,40543.8,155.412
2012-07-19,159.751,162.354,156.28,159.751,13477.7,159.751
2012-07-20,155.412,159.751,155.412,157.138,36049.9,157.138
2012-07-23,157.138,158.893,156.28,156.28,16700.9,156.28
2012-07-24,158.015,158.015,154.535,157.138,19121.8,157.138
2012-07-25,161.496,161.496,157.138,157.138,46647.3,157.138
2012-07-26,156.28,160.638,156.28,160.638,16238.4,160.638
2012-07-27,162.354,164.967,161.496,164.967,18198.8,164.967
2012-07-30,165.834,167.54,162.354,167.54,30176.6,167.54
2012-07-31,167.54,171.908,165.834,168.428,42272.0,168.428
2012-08-01,162.354,165.834,161.496,161.496,43999.2,161.496
2012-08-02,158.893,163.241,158.893,160.638,23612.7,160.638
2012-08-03,160.638,161.496,158.015,158.893,15088.3,158.893
2012-08-06,160.638,160.638,155.412,157.138,33975.8,157.138
2012-08-07,157.138,158.893,157.138,158.893,8637.98,158.893
2012-08-08,161.496,162.354,158.015,161.496,20962.5,161.496
2012-08-09,158.893,163.241,158.893,163.241,18198.8,163.241
2012-08-10,159.751,162.354,158.893,162.354,14626.8,162.354
2012-08-13,162.354,162.354,158.893,158.893,16816.5,158.893
2012-08-14,159.751,162.354,158.893,160.638,17506.1,160.638
2012-08-15,160.638,161.496,159.751,160.638,13129.8,160.638
2012-08-16,158.893,162.354,158.893,161.496,32481.9,161.496
2012-08-17,160.638,160.638,156.28,160.638,46301.4,160.638
2012-08-20,160.638,163.241,159.751,159.751,35704.0,159.751
2012-08-21,161.496,164.109,161.496,164.109,15547.7,164.109
2012-08-22,163.241,163.241,159.751,162.354,19812.4,162.354
2012-08-23,160.638,162.354,158.893,159.751,43190.9,159.751
2012-08-24,158.893,160.638,156.28,156.28,49989.1,156.28
2012-08-27,157.138,159.751,157.138,158.015,10713.0,158.015
2012-08-28,158.893,158.893,155.412,158.015,25570.1,158.015
2012-08-29,158.015,159.751,156.28,158.893,22575.1,158.893
2012-08-30,156.28,157.138,147.584,155.412,34322.7,155.412
2012-08-31,158.015,158.015,152.809,152.809,24073.1,152.809
2012-09-03,152.809,153.687,150.197,151.064,25686.7,151.064
2012-09-04,149.339,150.197,144.113,148.481,37087.4,148.481
2012-09-05,149.339,149.339,144.113,148.481,29831.8,148.481
2012-09-06,149.339,149.339,144.113,147.584,35361.2,147.584
2012-09-07,145.838,148.481,144.971,147.584,39390.6,147.584
2012-09-10,148.481,152.809,148.481,152.809,13360.1,152.809
2012-09-11,152.809,152.809,150.197,152.809,16585.2,152.809
2012-09-12,151.064,156.28,151.064,156.28,28450.4,156.28
2012-09-13,156.28,158.015,153.687,155.412,17506.1,155.412
2012-09-14,155.412,156.28,154.535,156.28,43539.8,156.28
2012-09-18,156.28,156.28,153.687,156.28,24761.8,156.28
2012-09-19,156.28,158.015,154.535,158.015,22691.8,158.015
2012-09-20,159.751,159.751,154.535,154.535,19347.9,154.535
2012-09-21,153.687,157.138,153.687,157.138,13129.8,157.138
2012-09-24,158.015,160.638,158.015,159.751,20271.9,159.751
2012-09-25,158.893,160.638,158.015,160.638,28793.2,160.638
2012-09-26,158.015,158.893,149.339,158.893,24879.4,158.893
2012-09-27,158.015,158.015,154.535,156.28,18429.1,156.28
2012-09-28,158.893,158.893,154.535,154.535,49873.5,154.535
2012-10-01,156.28,157.138,156.28,157.138,12898.6,157.138
2012-10-02,156.28,158.893,156.28,158.893,24073.1,158.893
2012-10-03,158.893,158.893,157.138,157.138,29484.9,157.138
2012-10-04,158.015,158.015,154.535,155.412,50910.0,155.412
2012-10-05,155.412,157.138,155.412,157.138,5759.66,157.138
2012-10-09,154.535,156.28,151.942,151.942,18198.8,151.942
2012-10-10,151.942,152.809,150.197,151.064,10247.5,151.064
2012-10-11,151.064,151.064,148.481,148.481,23612.7,148.481
2012-10-12,146.716,150.197,146.716,147.584,21769.9,147.584
2012-10-15,147.584,150.197,147.584,149.339,7140.0,149.339
2012-10-16,148.481,158.015,148.481,153.687,18198.8,153.687
2012-10-17,151.064,154.535,151.064,154.535,16931.1,154.535
2012-10-18,153.687,155.412,151.942,154.535,32941.3,154.535
2012-10-19,152.809,158.015,152.809,158.015,18083.2,158.015
2012-10-22,156.28,158.015,156.28,158.015,17854.0,158.015
2012-10-23,158.015,158.015,154.535,157.138,12326.6,157.138
2012-10-24,155.412,157.138,154.535,157.138,7603.49,157.138
2012-10-25,154.535,158.893,154.535,158.893,32364.2,158.893
2012-10-26,160.638,160.638,158.015,160.638,14972.7,160.638
2012-10-29,160.638,162.354,160.638,162.354,24879.4,162.354
2012-10-30,162.354,162.354,154.535,160.638,74751.9,160.638
2012-10-31,158.893,162.354,158.015,161.496,19121.8,161.496
2012-11-01,163.241,163.241,158.015,158.893,16354.0,158.893
2012-11-02,163.241,164.967,160.638,162.354,23727.3,162.354
2012-11-05,159.751,159.751,158.015,159.751,10942.2,159.751
2012-11-06,158.893,159.751,158.893,158.893,2649.1,158.893
2012-11-07,161.496,161.496,158.015,158.015,11861.1,158.015
2012-11-08,157.138,157.138,151.064,151.942,28793.2,151.942
2012-11-09,151.942,152.809,151.942,151.942,10598.4,151.942
2012-11-12,150.197,151.942,150.197,150.197,9099.44,150.197
2012-11-13,151.064,151.064,137.172,141.52,57937.4,141.52
2012-11-14,145.838,151.064,143.255,148.481,46301.4,148.481
2012-11-15,151.064,159.751,149.339,158.893,40430.2,158.893
2012-11-16,156.28,163.241,154.535,162.354,81778.3,162.354
2012-11-20,164.967,165.834,164.109,164.967,26030.5,164.967
2012-11-21,164.109,165.834,159.751,159.751,58051.0,159.751
2012-11-22,164.109,164.967,160.638,164.967,29484.9,164.967
2012-11-26,165.834,165.834,162.354,164.967,36860.2,164.967
2012-11-27,164.967,165.834,161.496,161.496,31213.1,161.496
2012-11-28,161.496,164.109,157.138,164.109,25455.5,164.109
2012-11-29,163.241,164.109,160.638,162.354,33863.2,162.354
2012-11-30,163.241,164.109,160.638,160.638,26145.1,160.638
2012-12-03,161.496,166.692,160.638,166.692,49873.5,166.692
2012-12-04,168.428,168.428,161.496,162.354,56437.4,162.354
2012-12-05,163.241,165.834,160.638,165.834,27181.6,165.834
2012-12-06,164.109,167.54,164.109,166.692,58395.8,166.692
2012-12-07,166.692,189.262,165.834,177.952,349688.0,177.952
2012-12-10,184.046,191.007,176.227,176.227,239459.0,176.227
2012-12-11,176.227,176.227,173.634,176.227,72104.8,176.227
2012-12-12,176.227,177.094,173.634,173.634,67725.5,173.634
2012-12-13,176.227,177.952,174.501,177.952,93986.3,177.952
2012-12-14,174.501,177.094,172.776,175.389,124624.0,175.389
2012-12-17,177.952,181.453,176.227,177.952,150655.0,177.952
2012-12-18,179.717,182.32,177.952,178.84,185440.0,178.84
2012-12-19,183.188,184.923,180.585,181.453,335292.0,181.453
2012-12-20,181.453,185.791,180.585,182.32,290714.0,182.32
2012-12-21,182.32,189.262,182.32,189.262,470626.0,189.262
2012-12-25,203.164,235.268,198.816,232.685,3991345.0,232.685
2012-12-26,228.327,231.817,216.179,227.469,1260301.0,227.469
2012-12-27,233.543,243.097,217.924,217.924,855329.0,217.924
2012-12-28,214.454,216.179,210.973,214.454,536625.0,214.454
2013-01-04,221.395,222.263,211.831,214.454,415455.0,214.454
2013-01-07,217.037,224.866,213.576,216.179,388849.0,216.179
2013-01-08,221.395,228.327,213.576,218.782,478228.0,218.782
2013-01-09,218.782,223.998,216.179,223.998,168507.0,223.998
2013-01-10,223.998,230.082,223.998,224.866,418334.0,224.866
2013-01-11,224.866,226.601,220.537,224.866,128079.0,224.866
2013-01-15,226.601,227.469,223.14,225.724,174152.0,225.724
2013-01-16,223.998,224.866,218.782,219.66,189701.0,219.66
2013-01-17,217.924,218.782,206.635,211.831,183481.0,211.831
2013-01-18,214.454,216.179,209.228,214.454,109768.0,214.454
2013-01-21,212.709,217.037,211.831,215.321,99861.6,215.321
2013-01-22,216.179,221.395,213.576,220.537,180717.0,220.537
2013-01-23,218.782,218.782,205.767,206.635,279656.0,206.635
2013-01-24,206.635,211.831,206.635,210.106,96637.4,210.106
2013-01-25,213.576,216.179,210.973,214.454,108498.0,214.454
2013-01-28,217.037,217.037,213.576,215.321,96174.9,215.321
2013-01-29,213.576,214.454,209.228,211.831,124854.0,211.831
2013-01-30,209.228,221.395,209.228,218.782,165976.0,218.782
2013-01-31,218.782,218.782,213.576,214.454,68072.3,214.454
2013-02-01,215.321,217.924,214.454,216.179,62081.4,216.179
2013-02-04,217.037,218.782,216.179,217.924,107231.0,217.924
2013-02-05,218.782,220.537,217.037,217.924,118405.0,217.924
2013-02-06,217.924,220.537,216.179,218.782,107693.0,218.782
2013-02-07,218.782,225.724,214.454,223.14,363165.0,223.14
2013-02-08,218.782,223.14,215.321,219.66,137985.0,219.66
2013-02-12,217.037,217.924,210.106,210.106,178644.0,210.106
2013-02-13,210.106,210.106,195.335,197.09,188663.0,197.09
2013-02-14,197.958,203.164,196.223,201.419,91685.1,201.419
2013-02-15,201.419,201.419,190.119,198.816,143859.0,198.816
2013-02-18,199.703,207.503,198.816,206.635,85809.8,206.635
2013-02-19,207.503,211.831,207.503,210.973,82125.2,210.973
2013-02-20,212.709,214.454,209.228,213.576,61734.6,213.576
2013-02-21,209.228,213.576,207.503,207.503,52752.8,207.503
2013-02-22,205.767,207.503,200.551,202.296,114259.0,202.296
2013-02-25,206.635,208.36,204.899,205.767,78553.1,205.767
2013-02-26,199.703,209.228,199.703,204.899,62544.9,204.899
2013-02-27,205.767,209.228,205.767,207.503,44918.1,207.503
2013-02-28,207.503,209.228,202.296,206.635,68416.2,206.635
2013-03-01,206.635,208.36,204.899,207.503,65191.0,207.503
2013-03-04,215.321,217.924,210.973,213.576,144670.0,213.576
2013-03-05,215.321,217.924,212.709,214.454,99746.0,214.454
2013-03-06,217.924,223.14,217.037,223.14,158949.0,223.14
2013-03-07,223.998,223.998,216.179,219.66,94909.2,219.66
2013-03-08,222.263,223.14,217.037,221.395,151347.0,221.395
2013-03-11,222.263,224.866,221.395,221.395,81200.2,221.395
2013-03-12,223.14,223.14,211.831,213.576,127737.0,213.576
2013-03-13,211.831,217.924,210.973,214.454,76133.2,214.454
2013-03-14,214.454,220.537,212.709,214.454,58625.0,214.454
2013-03-15,217.037,218.782,214.454,215.321,76710.3,215.321
2013-03-18,217.037,218.782,213.576,213.576,97328.1,213.576
2013-03-19,214.454,218.782,214.454,214.454,123473.0,214.454
2013-03-21,218.782,223.998,217.037,223.998,195806.0,223.998
2013-03-22,223.14,223.998,215.321,215.321,171273.0,215.321
2013-03-25,222.263,231.817,217.924,225.724,219073.0,225.724
2013-03-26,223.14,224.866,217.037,223.14,133725.0,223.14
2013-03-27,221.395,221.395,217.924,219.66,78206.3,219.66
2013-03-28,219.66,221.395,214.454,218.782,67841.1,218.782
2013-03-29,218.782,220.537,210.973,210.973,67033.8,210.973
2013-04-01,212.709,212.709,196.223,197.09,114145.0,197.09
2013-04-02,201.419,208.36,192.732,204.022,103085.0,204.022
2013-04-03,197.958,204.899,197.958,203.164,70143.4,203.164
2013-04-04,202.296,212.709,202.296,212.709,74751.9,212.709
2013-04-05,217.924,230.94,214.454,224.866,410961.0,224.866
2013-04-08,225.724,294.319,225.724,265.666,1937908.0,265.666
2013-04-09,286.51,327.321,267.412,283.04,2244749.0,283.04
2013-04-10,269.147,282.162,264.809,278.681,674727.0,278.681
2013-04-11,285.633,289.991,261.338,267.412,538239.0,267.412
2013-04-12,266.544,269.147,261.338,264.809,206287.0,264.809
2013-04-15,264.809,266.544,250.926,254.387,247638.0,254.387
2013-04-16,248.303,258.735,248.303,252.641,179335.0,252.641
2013-04-17,254.387,260.47,254.387,256.999,102281.0,256.999
2013-04-18,257.847,263.063,255.254,256.142,178761.0,256.142
2013-04-19,258.735,263.063,251.793,263.063,192928.0,263.063
2013-04-22,277.824,285.633,271.75,276.946,732434.0,276.946
2013-04-23,297.79,346.409,296.922,325.585,6051804.0,325.585
2013-04-24,324.718,325.585,309.937,316.889,1063111.0,316.889
2013-04-25,312.55,317.756,307.334,316.021,350149.0,316.021
2013-04-26,316.889,317.756,299.525,301.271,381245.0,301.271
2013-04-30,297.79,302.128,295.177,297.79,157451.0,297.79
2013-05-01,297.79,304.722,295.177,300.403,200989.0,300.403
2013-05-02,298.668,299.525,293.452,295.177,232088.0,295.177
2013-05-07,298.668,313.438,296.922,310.815,336442.0,310.815
2013-05-08,310.815,311.683,306.467,307.334,175878.0,307.334
2013-05-09,306.467,307.334,295.177,296.922,326650.0,296.922
2013-05-10,302.128,305.599,296.055,297.79,171618.0,297.79
2013-05-13,300.403,301.271,295.177,296.055,134531.0,296.055
2013-05-14,296.922,296.922,289.991,292.584,158373.0,292.584
2013-05-15,295.177,295.177,269.995,276.946,563347.0,276.946
2013-05-16,290.868,290.868,263.063,287.368,604350.0,287.368
2013-05-17,286.51,301.271,272.618,297.79,483181.0,297.79
2013-05-20,303.006,303.006,293.452,297.79,262269.0,297.79
2013-05-21,296.055,296.055,280.437,283.04,290943.0,283.04
2013-05-22,286.51,296.922,284.765,292.584,335292.0,292.584
2013-05-23,290.868,294.319,273.485,280.437,478345.0,280.437
2013-05-24,276.946,283.907,273.485,281.294,372607.0,281.294
2013-05-27,267.412,275.211,263.941,271.75,287031.0,271.75
2013-05-28,268.279,280.437,268.279,279.539,163324.0,279.539
2013-05-29,276.946,280.437,270.872,276.946,201448.0,276.946
2013-05-30,268.279,275.211,264.809,266.544,211818.0,266.544
2013-05-31,263.941,275.211,262.196,266.544,176571.0,266.544
2013-06-03,262.196,263.941,256.999,256.999,163324.0,256.999
2013-06-04,255.254,274.353,248.303,271.75,195002.0,271.75
2013-06-05,271.75,284.765,269.147,269.995,177493.0,269.995
2013-06-06,262.196,264.809,243.965,248.303,230132.0,248.303
2013-06-07,244.842,250.926,237.871,240.494,271249.0,240.494
2013-06-10,255.254,255.254,247.435,248.303,71754.9,248.303
2013-06-11,244.842,255.254,244.842,252.641,208934.0,252.641
2013-06-12,252.641,252.641,244.842,250.926,74637.3,250.926
2013-06-13,250.926,256.142,239.626,256.142,166206.0,256.142
2013-06-14,251.793,260.47,249.171,260.47,299120.0,260.47
2013-06-17,258.735,263.063,258.735,262.196,154688.0,262.196
2013-06-18,262.196,266.544,259.602,261.338,190507.0,261.338
2013-06-19,269.147,273.485,263.941,272.618,159869.0,272.618
2013-06-20,269.147,270.872,263.063,265.666,95484.3,265.666
2013-06-21,258.735,266.544,253.519,263.941,101014.0,263.941
2013-06-24,262.196,263.941,257.847,260.47,89379.8,260.47
2013-06-25,260.47,263.941,252.641,260.47,90184.0,260.47
2013-06-26,263.941,263.941,245.71,246.577,118751.0,246.577
2013-06-27,249.171,250.048,236.136,245.71,188894.0,245.71
2013-06-28,251.793,251.793,244.842,248.303,286913.0,248.303
2013-07-01,251.793,251.793,244.842,250.048,188778.0,250.048
2013-07-02,251.793,257.847,250.926,257.847,180717.0,257.847
2013-07-03,260.47,271.75,256.142,263.063,214810.0,263.063
2013-07-04,267.412,270.872,264.809,269.147,143630.0,269.147
2013-07-05,269.147,277.824,266.544,275.211,339320.0,275.211
2013-07-08,279.539,280.437,269.995,269.995,274013.0,269.995
2013-07-09,275.211,283.04,271.75,283.04,243261.0,283.04
2013-07-10,284.765,297.79,279.539,285.633,393456.0,285.633
2013-07-11,284.765,294.319,282.162,293.452,193158.0,293.452
2013-07-12,296.922,296.922,289.991,292.584,143630.0,292.584
2013-07-16,295.177,296.055,289.113,292.584,102855.0,292.584
2013-07-17,289.113,293.452,287.368,289.991,115527.0,289.991
2013-07-18,287.368,290.868,284.765,288.246,56553.0,288.246
2013-07-19,288.246,289.113,269.995,275.211,218727.0,275.211
2013-07-22,283.04,283.04,274.353,281.294,100901.0,281.294
2013-07-23,276.946,283.907,276.946,282.162,75329.0,282.162
2013-07-24,282.162,282.162,278.681,282.162,67149.4,282.162
2013-07-25,281.294,281.294,278.681,278.681,61506.4,278.681
2013-07-26,277.824,277.824,269.147,270.872,86385.8,270.872
2013-07-29,259.602,262.196,246.577,248.303,206748.0,248.303
2013-07-30,251.793,263.063,250.048,261.338,149964.0,261.338
2013-07-31,258.735,261.338,252.641,253.519,57245.7,253.519
2013-08-01,252.641,258.735,250.048,258.735,45841.0,258.735
2013-08-02,258.735,267.412,256.142,264.809,77976.1,264.809
2013-08-05,264.809,269.995,264.809,267.412,40197.9,267.412
2013-08-06,266.544,271.75,266.544,269.995,71989.2,269.995
2013-08-07,269.147,269.147,258.735,262.196,68647.4,262.196
2013-08-08,258.735,263.941,258.735,258.735,32134.0,258.735
2013-08-09,257.847,263.063,253.519,255.254,80855.4,255.254
2013-08-12,250.048,255.254,250.048,253.519,51600.6,253.519
2013-08-13,250.926,256.142,250.926,256.142,53560.1,256.142
2013-08-14,257.847,263.941,256.142,263.063,43422.1,263.063
2013-08-15,261.338,261.338,257.847,259.602,24534.6,259.602
2013-08-16,254.387,256.999,254.387,256.142,45727.4,256.142
2013-08-19,252.641,258.735,252.641,256.142,61851.2,256.142
2013-08-20,256.142,258.735,251.793,251.793,27874.3,251.793
2013-08-21,249.171,250.048,247.435,248.303,50563.1,248.303
2013-08-22,247.435,251.793,247.435,249.171,23033.5,249.171
2013-08-23,249.171,250.926,244.842,247.435,139481.0,247.435
2013-08-26,250.926,250.926,247.435,249.171,55631.1,249.171
2013-08-27,250.048,253.519,247.435,251.793,33863.2,251.793
2013-08-28,246.577,249.171,241.371,241.371,73945.6,241.371
2013-08-29,243.965,246.577,239.626,241.371,78898.0,241.371
2013-08-30,240.494,243.097,234.43,235.268,85349.3,235.268
2013-09-02,235.268,244.842,235.268,243.097,64730.5,243.097
2013-09-03,249.171,252.641,247.435,249.171,56209.2,249.171
2013-09-04,249.171,252.641,248.303,251.793,80165.7,251.793
2013-09-05,250.926,250.926,250.048,250.926,24534.6,250.926
2013-09-06,252.641,253.519,249.171,250.048,62311.7,250.048
2013-09-09,273.485,273.485,260.47,263.941,279543.0,263.941
2013-09-10,271.75,283.04,265.666,281.294,484333.0,281.294
2013-09-11,295.177,295.177,278.681,279.539,434573.0,279.539
2013-09-12,278.681,278.681,271.75,276.078,125546.0,276.078
2013-09-13,279.539,281.294,274.353,276.946,186477.0,276.946
2013-09-17,286.51,302.128,283.04,299.525,848419.0,299.525
2013-09-18,301.271,307.334,290.868,293.452,440335.0,293.452
2013-09-19,296.055,298.668,291.736,296.922,238999.0,296.922
2013-09-20,303.854,306.467,295.177,296.922,460839.0,296.922
2013-09-24,297.79,298.668,291.736,294.319,172655.0,294.319
2013-09-25,292.584,294.319,278.681,283.907,212391.0,283.907
2013-09-26,278.681,290.868,273.485,288.246,203868.0,288.246
2013-09-27,292.584,293.452,278.681,286.51,133032.0,286.51
2013-09-30,277.824,281.294,274.353,278.681,130845.0,278.681
2013-10-01,283.04,286.51,277.824,278.681,87882.8,278.681
2013-10-02,279.539,279.539,270.872,270.872,205711.0,270.872
2013-10-03,269.995,272.618,268.279,270.872,72793.5,270.872
2013-10-04,268.279,268.279,261.338,263.941,104470.0,263.941
2013-10-07,264.809,265.666,261.338,261.338,82812.8,261.338
2013-10-08,256.999,264.809,256.142,263.063,102165.0,263.063
2013-10-09,260.47,272.618,257.847,272.618,95368.6,272.618
2013-10-10,272.618,274.353,263.063,264.809,100554.0,264.809
2013-10-11,267.412,276.078,267.412,276.078,115639.0,276.078
2013-10-15,273.485,276.078,271.75,273.485,48836.9,273.485
2013-10-16,273.485,274.353,267.412,269.995,58625.0,269.995
2013-10-17,272.618,275.211,271.75,275.211,38354.1,275.211
2013-10-18,272.618,276.078,271.75,275.211,39506.3,275.211
2013-10-21,276.078,277.824,274.353,277.824,49296.4,277.824
2013-10-22,277.824,280.437,276.078,279.539,87882.8,279.539
2013-10-23,280.437,282.162,275.211,275.211,71871.6,275.211
2013-10-24,276.946,282.162,273.485,281.294,69337.1,281.294
2013-10-25,281.294,282.162,273.485,275.211,106771.0,275.211
2013-10-28,277.824,286.51,276.946,284.765,158717.0,284.765
2013-10-29,284.765,291.736,284.765,290.868,180373.0,290.868
2013-10-30,293.452,295.177,290.868,295.177,181984.0,295.177
2013-10-31,299.525,300.403,295.177,296.055,357978.0,296.055
2013-11-01,293.452,293.452,280.437,283.907,179564.0,283.907
2013-11-05,283.907,289.991,283.04,287.368,138101.0,287.368
2013-11-06,288.246,288.246,283.04,286.51,84198.2,286.51
2013-11-07,285.633,302.128,276.946,281.294,548833.0,281.294
2013-11-08,281.294,302.128,277.824,293.452,423863.0,293.452
2013-11-11,299.525,300.403,292.584,296.922,171042.0,296.922
2013-11-12,295.177,297.79,283.04,289.991,234276.0,289.991
2013-11-13,289.991,291.736,280.437,280.437,236810.0,280.437
2013-11-14,282.162,295.177,282.162,289.991,232205.0,289.991
2013-11-15,294.319,294.319,289.991,292.584,134299.0,292.584
2013-11-18,295.177,296.922,291.736,293.452,103777.0,293.452
2013-11-19,289.991,293.452,288.246,288.246,100321.0,288.246
2013-11-20,287.368,289.991,285.633,288.246,61506.4,288.246
2013-11-21,288.246,292.584,286.51,291.736,102165.0,291.736
2013-11-22,292.584,293.452,284.765,286.51,146280.0,286.51
2013-11-25,289.991,290.868,283.907,285.633,121285.0,285.633
2013-11-26,283.907,285.633,283.04,283.04,71989.2,283.04
2013-11-27,285.633,286.51,280.437,280.437,96751.0,280.437
2013-11-28,282.162,283.907,281.294,282.162,45727.4,282.162
2013-11-29,281.294,284.765,280.437,283.907,57474.9,283.907
2013-12-02,285.633,287.368,279.539,282.162,127043.0,282.162
2013-12-03,284.765,285.633,283.04,283.04,57588.5,283.04
2013-12-04,282.162,284.765,276.946,279.539,114028.0,279.539
2013-12-05,279.539,281.294,276.078,276.078,64846.2,276.078
2013-12-06,276.946,282.162,276.946,280.437,93757.1,280.437
2013-12-09,282.162,285.633,282.162,283.907,67381.7,283.907
2013-12-10,284.765,286.51,280.437,282.162,95139.4,282.162
2013-12-11,280.437,282.162,279.539,280.437,34438.3,280.437
2013-12-12,278.681,279.539,276.078,277.824,45380.5,277.824
2013-12-13,276.078,277.824,273.485,273.485,138101.0,273.485
2013-12-16,276.078,277.824,271.75,271.75,70719.4,271.75
2013-12-17,272.618,274.353,271.75,273.485,40543.8,273.485
2013-12-18,273.485,274.353,271.75,273.485,58625.0,273.485
2013-12-19,275.211,276.078,269.995,270.872,119443.0,270.872
2013-12-20,269.995,269.995,262.196,264.809,157798.0,264.809
2013-12-24,267.412,268.279,261.338,264.809,141556.0,264.809
2013-12-25,264.809,268.279,262.196,267.412,142590.0,267.412
2013-12-26,269.995,281.294,269.995,280.437,188549.0,280.437
2013-12-27,280.437,286.51,276.078,285.633,122782.0,285.633
2013-12-30,290.868,290.868,285.633,288.246,126468.0,288.246
2014-01-06,289.113,289.113,283.907,284.765,128540.0,284.765
2014-01-07,284.765,286.51,281.294,282.162,58395.8,282.162
2014-01-08,283.907,288.246,280.437,287.368,95713.5,287.368
2014-01-09,287.368,287.368,281.294,285.633,51600.6,285.633
2014-01-10,286.51,292.584,283.907,291.736,130500.0,291.736
2014-01-14,288.246,288.246,283.907,284.765,69798.5,284.765
2014-01-15,286.51,288.246,283.907,286.51,86501.5,286.51
2014-01-16,286.51,290.868,285.633,287.368,105158.0,287.368
2014-01-17,286.51,294.319,286.51,292.584,141440.0,292.584
2014-01-20,294.319,296.922,292.584,293.452,150078.0,293.452
2014-01-21,295.177,295.177,282.162,287.368,63003.4,287.368
2014-01-22,288.246,289.113,284.765,287.368,95598.9,287.368
2014-01-23,287.368,288.246,279.539,282.162,98480.2,282.162
2014-01-24,275.211,278.681,274.353,276.078,141209.0,276.078
2014-01-27,269.147,272.618,265.666,269.995,120017.0,269.995
2014-01-28,269.995,271.75,261.338,263.063,125086.0,263.063
2014-01-29,269.147,273.485,266.544,272.618,53902.9,272.618
2014-01-30,268.279,269.147,263.941,267.412,77286.4,267.412
2014-01-31,269.147,269.995,263.063,264.809,90761.1,264.809
2014-02-03,263.941,263.941,256.999,257.847,116794.0,257.847
2014-02-04,252.641,252.641,243.097,243.097,192006.0,243.097
2014-02-05,246.577,250.926,243.097,243.965,177605.0,243.965
2014-02-06,247.435,253.519,244.842,249.171,54480.0,249.171
2014-02-07,258.735,258.735,251.793,257.847,114604.0,257.847
2014-02-10,263.063,263.941,258.735,260.47,77514.6,260.47
2014-02-12,265.666,276.078,264.809,274.353,235659.0,274.353
2014-02-13,281.294,281.294,266.544,267.412,223796.0,267.412
2014-02-14,269.995,274.353,260.47,265.666,142939.0,265.666
2014-02-17,269.147,269.147,262.196,263.941,122669.0,263.941
2014-02-18,262.196,268.279,262.196,267.412,63924.2,267.412
2014-02-19,268.279,268.279,263.063,264.809,30176.6,264.809
2014-02-20,263.063,263.063,256.999,257.847,64156.5,257.847
2014-02-21,264.809,269.147,263.063,268.279,72793.5,268.279
2014-02-24,267.412,272.618,262.196,265.666,57705.1,265.666
2014-02-25,270.872,272.618,268.279,270.872,41580.3,270.872
2014-02-26,271.75,271.75,265.666,269.147,25802.3,269.147
2014-02-27,269.147,269.995,264.809,269.147,24304.3,269.147
2014-02-28,265.666,267.412,260.47,263.941,61047.0,263.941
2014-03-03,258.735,261.338,254.387,259.602,71989.2,259.602
2014-03-04,259.602,267.412,254.387,265.666,50563.1,265.666
2014-03-05,267.412,267.412,262.196,264.809,69337.1,264.809
2014-03-06,267.412,276.946,263.063,276.946,235773.0,276.946
2014-03-07,273.485,276.946,270.872,273.485,97556.3,273.485
2014-03-10,274.353,274.353,270.872,271.75,49180.8,271.75
2014-03-11,271.75,277.824,271.75,275.211,83276.3,275.211
2014-03-12,271.75,274.353,261.338,263.941,75674.8,263.941
2014-03-13,264.809,271.75,263.941,269.995,28333.8,269.995
2014-03-14,262.196,267.412,262.196,263.063,112760.0,263.063
2014-03-17,262.196,265.666,257.847,257.847,76364.5,257.847
2014-03-18,264.809,265.666,260.47,264.809,27990.0,264.809
2014-03-19,265.666,265.666,259.602,261.338,39390.6,261.338
2014-03-20,260.47,260.47,255.254,255.254,60931.3,255.254
2014-03-24,254.387,262.196,254.387,257.847,60354.2,257.847
2014-03-25,263.063,263.063,257.847,260.47,36049.9,260.47
2014-03-26,263.063,263.063,259.602,261.338,46301.4,261.338
2014-03-27,258.735,264.809,256.142,262.196,44230.4,262.196
2014-03-28,259.602,266.544,257.847,265.666,57245.7,265.666
2014-03-31,265.666,272.618,264.809,271.75,86385.8,271.75
2014-04-01,273.485,277.824,270.872,277.824,115757.0,277.824
2014-04-02,281.294,281.294,273.485,276.078,111839.0,276.078
2014-04-03,276.078,279.539,273.485,276.946,75098.8,276.946
2014-04-04,276.946,278.681,275.211,277.824,33054.9,277.824
2014-04-07,273.485,274.353,269.147,271.75,36513.3,271.75
2014-04-08,268.279,269.995,264.809,266.544,64270.1,266.544
2014-04-09,262.196,263.941,258.735,260.47,80971.0,260.47
2014-04-10,263.063,267.412,261.338,262.196,82125.2,262.196
2014-04-11,256.999,269.147,256.142,260.47,63119.0,260.47
2014-04-14,258.735,261.338,257.847,258.735,39046.8,258.735
2014-04-15,260.47,262.196,258.735,259.602,54135.1,259.602
2014-04-16,260.47,263.063,258.735,263.063,32364.2,263.063
2014-04-17,266.544,267.412,263.063,266.544,60007.4,266.544
2014-04-18,263.941,268.279,263.941,266.544,43077.3,266.544
2014-04-21,265.666,268.279,264.809,265.666,45150.3,265.666
2014-04-22,269.147,269.147,261.338,263.063,48261.9,263.063
2014-04-23,263.941,266.544,261.338,263.941,57245.7,263.941
2014-04-24,263.941,268.279,262.196,264.809,46531.7,264.809
2014-04-25,266.544,266.544,262.196,265.666,49873.5,265.666
2014-04-28,261.338,263.941,261.338,262.196,31213.1,262.196
2014-04-30,264.809,264.809,260.47,260.47,131537.0,260.47
2014-05-01,263.941,264.809,262.196,264.809,28103.6,264.809
2014-05-02,263.063,264.809,262.196,264.809,42503.2,264.809
2014-05-07,259.602,263.063,257.847,257.847,164937.0,257.847
2014-05-08,257.847,261.338,257.847,259.602,33054.9,259.602
2014-05-09,256.999,262.196,256.999,258.735,36049.9,258.735
2014-05-12,257.847,259.602,256.142,256.999,95368.6,256.999
2014-05-13,259.602,261.338,257.847,259.602,57821.8,259.602
2014-05-14,259.602,263.063,259.602,262.196,46647.3,262.196
2014-05-15,263.063,266.544,242.249,261.338,226789.0,261.338
2014-05-16,253.519,258.735,252.641,256.999,154109.0,256.999
2014-05-19,257.847,258.735,250.926,253.519,66346.2,253.519
2014-05-20,251.793,251.793,243.965,244.842,246255.0,244.842
2014-05-21,243.097,243.965,239.626,241.371,124048.0,241.371
2014-05-22,245.71,246.577,243.097,246.577,83390.9,246.577
2014-05-23,247.435,251.793,246.577,249.171,50793.3,249.171
2014-05-26,252.641,257.847,250.048,256.142,78206.3,256.142
2014-05-27,253.519,254.387,250.926,250.926,49296.4,250.926
2014-05-28,255.254,255.254,248.303,249.171,72908.1,249.171
2014-05-29,249.171,251.793,247.435,250.926,39621.9,250.926
2014-05-30,252.641,255.254,250.926,253.519,88457.9,253.519
2014-06-02,255.254,270.872,252.641,263.941,184520.0,263.941
2014-06-03,263.063,270.872,262.196,268.279,281384.0,268.279
2014-06-04,268.279,271.75,265.666,270.872,126237.0,270.872
2014-06-05,271.75,271.75,268.279,269.147,64730.5,269.147
2014-06-06,270.872,277.824,269.995,273.485,143400.0,273.485
2014-06-09,273.485,275.211,269.995,272.618,38240.5,272.618
2014-06-10,272.618,273.485,269.147,269.995,34094.5,269.995
2014-06-11,268.279,273.485,267.412,272.618,36513.3,272.618
2014-06-12,272.618,272.618,267.412,268.279,32364.2,268.279
2014-06-13,266.544,270.872,265.666,269.147,112416.0,269.147
2014-06-16,268.279,273.485,268.279,269.147,34553.9,269.147
2014-06-17,270.872,272.618,268.279,270.872,44918.1,270.872
2014-06-18,272.618,272.618,269.147,272.618,16470.6,272.618
2014-06-19,271.75,272.618,269.147,271.75,74751.9,271.75
2014-06-20,271.75,276.946,269.147,271.75,289678.0,271.75
2014-06-23,276.078,277.824,274.353,275.211,62196.0,275.211
2014-06-24,276.078,278.681,271.75,276.946,82008.5,276.946
2014-06-25,273.485,277.824,272.618,274.353,49529.6,274.353
2014-06-26,273.485,276.078,271.75,272.618,46762.9,272.618
2014-06-27,271.75,274.353,266.544,273.485,74751.9,273.485
2014-06-30,273.485,277.824,271.75,276.078,47915.0,276.078
2014-07-01,279.539,279.539,276.946,277.824,67497.3,277.824
2014-07-02,279.539,279.539,275.211,275.211,38123.9,275.211
2014-07-03,274.353,277.824,271.75,275.211,65076.4,275.211
2014-07-04,276.078,281.294,276.078,277.824,108269.0,277.824
2014-07-07,277.824,280.437,276.946,277.824,79819.9,277.824
2014-07-08,276.078,284.765,274.353,281.294,83045.0,281.294
2014-07-09,275.211,279.539,273.485,273.485,86038.0,273.485
2014-07-10,274.353,274.353,269.995,269.995,37779.1,269.995
2014-07-11,269.147,276.946,266.544,273.485,109882.0,273.485
2014-07-14,276.078,276.078,271.75,276.078,25340.9,276.078
2014-07-15,277.824,277.824,276.078,276.946,24419.0,276.946
2014-07-16,276.078,276.078,273.485,273.485,64502.3,273.485
2014-07-17,273.485,279.539,273.485,276.078,91222.6,276.078
2014-07-18,272.618,276.078,271.75,275.211,44112.8,275.211
2014-07-22,277.824,289.991,276.078,287.368,250745.0,287.368
2014-07-23,290.868,290.868,287.368,289.113,157106.0,289.113
2014-07-24,289.113,290.868,286.51,290.868,100207.0,290.868
2014-07-25,290.868,296.922,289.113,295.177,229667.0,295.177
2014-07-28,300.403,303.006,298.668,301.271,232318.0,301.271
2014-07-29,302.128,302.128,295.177,298.668,174036.0,298.668
2014-07-30,295.177,299.525,288.246,289.113,191199.0,289.113
2014-07-31,289.113,289.991,287.368,288.246,70375.6,288.246
2014-08-01,285.633,287.368,283.907,284.765,96637.4,284.765
2014-08-04,282.162,289.113,282.162,285.633,111036.0,285.633
2014-08-05,284.765,287.368,276.946,276.946,143973.0,276.946
2014-08-06,276.946,282.162,276.946,277.824,120250.0,277.824
2014-08-07,279.539,282.162,279.539,282.162,68299.5,282.162
2014-08-08,280.437,280.437,273.485,273.485,69569.3,273.485
2014-08-11,276.078,278.681,274.353,276.946,75098.8,276.946
2014-08-12,277.824,280.437,277.824,277.824,59778.2,277.824
2014-08-13,277.824,281.294,277.824,279.539,56209.2,279.539
2014-08-14,281.294,285.633,281.294,285.633,108154.0,285.633
2014-08-15,286.51,296.055,285.633,290.868,242683.0,290.868
2014-08-18,294.319,296.922,293.452,294.319,266066.0,294.319
2014-08-19,300.403,300.403,295.177,300.403,347613.0,300.403
2014-08-20,300.403,302.128,296.922,299.525,246023.0,299.525
2014-08-21,301.271,301.271,294.319,299.525,111377.0,299.525
2014-08-22,298.668,298.668,292.584,293.452,79474.0,293.452
2014-08-25,296.055,296.922,289.113,296.922,103316.0,296.922
2014-08-26,296.922,303.006,294.319,302.128,197190.0,302.128
2014-08-27,303.006,312.55,303.006,309.937,374679.0,309.937
2014-08-28,310.815,311.683,305.599,309.937,170236.0,309.937
2014-08-29,308.212,309.937,304.722,309.937,101014.0,309.937
2014-09-01,313.438,315.153,311.683,315.153,318127.0,315.153
2014-09-02,316.021,323.84,316.021,318.614,292788.0,318.614
2014-09-03,318.614,323.84,316.021,319.482,171847.0,319.482
2014-09-04,319.482,321.227,312.55,312.55,86385.8,312.55
2014-09-05,312.55,313.438,299.525,306.467,212738.0,306.467
2014-09-08,311.683,321.227,310.815,321.227,197764.0,321.227
2014-09-09,323.84,325.585,316.021,318.614,429967.0,318.614
2014-09-10,316.889,317.756,312.55,316.889,180717.0,316.889
2014-09-11,316.889,319.482,315.153,316.889,145242.0,316.889
2014-09-12,320.359,320.359,314.296,316.021,131305.0,316.021
2014-09-16,313.438,316.021,309.937,314.296,76248.9,314.296
2014-09-17,312.55,313.438,309.07,310.815,64386.7,310.815
2014-09-18,304.722,310.815,304.722,306.467,117714.0,306.467
2014-09-19,310.815,311.683,307.334,311.683,118519.0,311.683
2014-09-22,309.07,315.153,307.334,313.438,112529.0,313.438
2014-09-24,311.683,317.756,310.815,316.021,115985.0,316.021
2014-09-25,328.169,341.194,328.169,335.997,1367189.0,335.997
2014-09-26,329.914,336.845,329.914,336.845,341163.0,336.845
2014-09-29,340.336,341.194,334.262,337.733,253511.0,337.733
2014-09-30,337.733,362.037,332.536,355.974,1075438.0,355.974
2014-10-01,353.371,355.974,342.939,343.816,575901.0,343.816
2014-10-02,332.536,337.733,330.791,331.669,310295.0,331.669
2014-10-03,331.669,347.297,331.669,347.297,255124.0,347.297
2014-10-06,353.371,355.974,349.022,354.238,279543.0,354.238
2014-10-07,351.615,351.615,342.939,343.816,207669.0,343.816
2014-10-08,334.262,342.081,333.394,339.468,206173.0,339.468
2014-10-09,343.816,343.816,333.394,333.394,142362.0,333.394
2014-10-10,327.321,327.321,322.115,325.585,208362.0,325.585
2014-10-14,314.296,319.482,312.55,314.296,212161.0,314.296
2014-10-15,314.296,322.992,314.296,321.227,140290.0,321.227
2014-10-16,314.296,318.614,311.683,313.438,125431.0,313.438
2014-10-17,318.614,322.992,310.815,310.815,132112.0,310.815
2014-10-20,325.585,328.169,319.482,327.321,173691.0,327.321
2014-10-21,327.321,328.169,318.614,319.482,105621.0,319.482
2014-10-22,324.718,330.791,324.718,330.791,87534.9,330.791
2014-10-23,329.914,335.139,326.453,329.914,149964.0,329.914
2014-10-24,333.394,333.394,326.453,326.453,153305.0,326.453
2014-10-27,330.791,333.394,328.169,329.026,180143.0,329.026
2014-10-28,329.026,329.026,325.585,329.026,151808.0,329.026
2014-10-29,329.026,335.139,329.026,333.394,126698.0,333.394
2014-10-30,331.669,334.262,329.914,329.914,149391.0,329.914
2014-10-31,329.914,337.733,329.914,335.997,325037.0,335.997
2014-11-04,347.297,347.297,332.536,332.536,414303.0,332.536
2014-11-05,329.914,338.6,327.321,336.845,179912.0,336.845
2014-11-06,339.468,340.336,329.026,331.669,95484.3,331.669
2014-11-07,335.139,336.845,330.791,333.394,96174.9,333.394
2014-11-10,333.394,333.394,327.321,329.914,79704.3,329.914
2014-11-11,333.394,333.394,318.614,326.453,461181.0,326.453
2014-11-12,331.669,349.89,331.669,347.297,660328.0,347.297
2014-11-13,348.155,415.883,348.155,376.808,2754422.0,376.808
2014-11-14,378.533,385.494,373.327,378.533,811446.0,378.533
2014-11-17,375.072,380.288,365.518,368.101,409582.0,368.101
2014-11-18,364.65,375.072,364.65,368.101,368001.0,368.101
2014-11-19,371.602,371.602,360.292,364.65,499192.0,364.65
2014-11-20,364.65,380.288,363.773,372.459,275051.0,372.459
2014-11-21,374.214,376.808,366.386,369.856,405664.0,369.856
2014-11-25,374.214,382.014,372.459,382.014,266758.0,382.014
2014-11-26,384.617,386.352,378.533,380.288,228285.0,380.288
2014-11-27,379.421,381.146,372.459,374.214,197534.0,374.214
2014-11-28,371.602,382.891,371.602,381.146,207901.0,381.146
2014-12-01,378.533,382.014,377.675,379.421,92606.0,379.421
2014-12-02,375.072,380.288,373.327,380.288,156760.0,380.288
2014-12-03,381.146,382.014,377.675,377.675,175534.0,377.675
2014-12-04,382.014,392.416,379.421,388.955,401173.0,388.955
2014-12-05,388.955,403.715,385.494,401.97,345080.0,401.97
2014-12-08,403.715,404.573,390.681,393.303,210319.0,393.303
2014-12-09,388.955,394.171,384.617,386.352,231742.0,386.352
2014-12-10,382.014,386.352,378.533,382.014,212277.0,382.014
2014-12-11,375.072,380.288,372.459,378.533,148698.0,378.533
2014-12-12,382.014,390.681,382.014,387.22,154571.0,387.22
2014-12-15,385.494,403.715,382.014,395.019,341512.0,395.019
2014-12-16,394.171,402.838,387.22,393.303,287143.0,393.303
2014-12-17,388.078,395.896,385.494,389.823,175878.0,389.823
2014-12-18,393.303,408.044,393.303,404.573,258811.0,404.573
2014-12-19,408.044,410.647,398.509,402.838,315940.0,402.838
2014-12-22,397.632,406.338,397.632,399.357,186820.0,399.357
2014-12-24,402.838,406.338,400.215,403.715,137065.0,403.715
2014-12-25,406.338,406.338,399.357,399.357,97556.3,399.357
2014-12-26,400.215,410.647,400.215,409.789,192928.0,409.789
2014-12-29,408.912,425.437,408.044,423.682,299007.0,423.682
2014-12-30,424.549,425.437,416.75,417.618,164823.0,417.618
2015-01-05,417.618,417.618,410.647,414.137,138446.0,414.137
2015-01-06,407.186,408.912,393.303,395.896,278735.0,395.896
2015-01-07,389.823,401.112,389.823,395.019,115639.0,395.019
2015-01-08,401.112,401.97,397.632,398.509,67149.4,398.509
2015-01-09,401.112,401.97,388.955,391.548,191545.0,391.548
2015-01-13,381.146,388.078,380.288,386.352,187399.0,386.352
2015-01-14,382.014,386.352,376.808,377.675,155032.0,377.675
2015-01-15,376.808,381.146,375.072,380.288,176803.0,380.288
2015-01-16,377.675,379.421,366.386,368.101,271826.0,368.101
2015-01-19,370.734,375.93,368.101,370.734,111612.0,370.734
2015-01-20,375.072,378.533,369.856,378.533,85234.7,378.533
2015-01-21,380.288,384.617,374.214,381.146,136026.0,381.146
2015-01-22,385.494,385.494,378.533,382.014,85579.5,382.014
2015-01-23,387.22,387.22,377.675,380.288,69337.1,380.288
2015-01-26,377.675,386.352,375.93,383.749,99515.7,383.749
2015-01-27,382.891,386.352,379.421,383.749,82353.4,383.749
2015-01-28,385.494,391.548,384.617,388.955,126812.0,388.955
2015-01-29,388.955,392.416,383.749,384.617,120250.0,384.617
2015-01-30,386.352,391.548,383.749,388.955,114834.0,388.955
2015-02-02,388.955,388.955,378.533,379.421,83276.3,379.421
2015-02-03,381.146,383.749,367.253,370.734,192350.0,370.734
2015-02-04,373.327,378.533,371.602,377.675,105274.0,377.675
2015-02-05,379.421,381.146,374.214,375.93,76248.9,375.93
2015-02-06,380.288,380.288,374.214,378.533,61047.0,378.533
2015-02-09,382.014,386.352,379.421,385.494,142709.0,385.494
2015-02-10,386.352,399.357,382.891,399.357,190048.0,399.357
2015-02-12,408.044,411.515,382.891,393.303,543075.0,393.303
2015-02-13,394.171,404.573,385.494,387.22,322505.0,387.22
2015-02-16,390.681,392.416,385.494,386.352,152614.0,386.352
2015-02-17,390.681,390.681,382.014,384.617,187514.0,384.617
2015-02-18,386.352,388.078,378.533,378.533,287374.0,378.533
2015-02-19,383.749,386.352,381.146,383.749,299701.0,383.749
2015-02-20,386.352,387.22,378.533,380.288,231859.0,380.288
2015-02-23,383.749,385.494,382.891,384.617,82008.5,384.617
2015-02-24,382.891,389.823,382.891,387.22,137295.0,387.22
2015-02-25,389.823,395.019,388.078,395.019,233931.0,395.019
2015-02-26,395.896,395.896,391.548,395.019,223909.0,395.019
2015-02-27,395.019,396.764,392.416,394.171,136143.0,394.171
2015-03-02,397.632,404.573,396.764,399.357,214926.0,399.357
2015-03-03,397.632,401.112,392.416,394.171,137753.0,394.171
2015-03-04,391.548,400.215,388.078,397.632,165398.0,397.632
2015-03-05,401.97,402.838,395.019,396.764,172884.0,396.764
2015-03-06,399.357,399.357,391.548,391.548,131996.0,391.548
2015-03-09,396.764,397.632,391.548,395.019,109650.0,395.019
2015-03-10,396.764,399.357,395.896,396.764,161368.0,396.764
2015-03-11,394.171,408.044,394.171,408.044,239229.0,408.044
2015-03-12,411.515,411.515,405.441,409.789,194539.0,409.789
2015-03-13,412.392,415.005,410.647,411.515,220685.0,411.515
2015-03-16,411.515,417.618,410.647,417.618,166206.0,417.618
2015-03-17,420.221,420.221,414.137,415.005,183366.0,415.005
2015-03-18,415.005,418.486,409.789,415.883,144204.0,415.883
2015-03-19,413.27,416.75,412.392,414.137,111839.0,414.137
2015-03-20,417.618,420.221,415.005,416.75,123933.0,416.75
2015-03-23,416.75,419.343,413.27,415.005,104123.0,415.005
2015-03-24,411.515,416.75,410.647,412.392,65883.7,412.392
2015-03-25,409.789,413.27,409.789,411.515,52404.9,411.515
2015-03-26,407.186,410.647,403.715,406.338,77976.1,406.338
2015-03-27,401.112,409.789,395.019,398.509,105966.0,398.509
2015-03-30,398.509,401.112,391.548,399.357,118519.0,399.357
2015-03-31,408.044,410.647,403.715,406.338,160100.0,406.338
2015-04-01,402.838,411.515,400.215,409.789,151347.0,409.789
2015-04-02,408.044,414.137,406.338,409.789,168507.0,409.789
2015-04-03,410.647,415.005,399.357,413.27,113222.0,413.27
2015-04-06,408.044,410.647,407.186,408.044,53327.8,408.044
2015-04-07,409.789,411.515,404.573,408.912,71182.9,408.912
2015-04-08,410.647,411.515,406.338,406.338,77171.8,406.338
2015-04-09,406.338,407.186,401.97,407.186,92490.3,407.186
2015-04-10,407.186,410.647,402.838,408.044,149964.0,408.044
2015-04-13,410.647,410.647,405.441,408.044,42962.7,408.044
2015-04-14,408.912,410.647,402.838,410.647,70606.8,410.647
2015-04-15,409.789,409.789,404.573,408.044,47684.8,408.044
2015-04-16,408.044,408.044,401.97,406.338,81086.6,406.338
2015-04-17,401.97,404.573,399.357,399.357,181872.0,399.357
2015-04-20,395.896,404.573,395.896,401.112,73600.8,401.112
2015-04-21,401.112,402.838,395.896,397.632,100666.0,397.632
2015-04-22,399.357,401.97,397.632,398.509,55171.7,398.509
2015-04-23,399.357,404.573,396.764,401.97,120593.0,401.97
2015-04-24,403.715,403.715,400.215,401.112,82812.8,401.112
2015-04-27,403.715,405.441,401.112,404.573,78784.4,404.573
2015-04-28,401.112,403.715,396.764,397.632,131766.0,397.632
2015-04-30,398.509,398.509,373.327,389.823,221033.0,389.823
2015-05-01,382.891,392.416,382.891,383.749,126583.0,383.749
2015-05-07,382.891,387.22,382.014,383.749,80971.0,383.749
2015-05-08,383.749,388.955,382.014,385.494,113453.0,385.494
2015-05-11,388.955,398.509,387.22,394.171,116333.0,394.171
2015-05-12,395.019,395.896,389.823,395.896,112416.0,395.896
2015-05-13,391.548,399.357,390.681,397.632,78898.0,397.632
2015-05-14,395.019,396.764,388.078,393.303,115639.0,393.303
2015-05-15,395.896,402.838,385.494,386.352,218037.0,386.352
2015-05-18,412.392,421.069,402.838,415.005,651228.0,415.005
2015-05-19,421.937,428.898,418.486,421.937,449431.0,421.937
2015-05-20,431.491,431.491,405.441,410.647,560007.0,410.647
2015-05-21,408.912,416.75,404.573,409.789,203063.0,409.789
2015-05-22,414.137,429.756,410.647,428.898,373184.0,428.898
2015-05-25,433.236,436.707,421.937,435.829,403017.0,435.829
2015-05-26,438.442,473.189,437.574,459.276,1438948.0,459.276
2015-05-27,457.551,465.37,454.041,461.889,503452.0,461.889
2015-05-28,467.963,474.914,465.37,468.821,400367.0,468.821
2015-05-29,467.105,494.871,466.227,494.013,785069.0,494.013
2015-06-01,511.366,530.485,500.086,513.102,1040653.0,513.102
2015-06-02,517.44,520.921,495.719,500.944,464751.0,500.944
2015-06-03,500.944,514.847,498.341,514.847,480417.0,514.847
2015-06-04,514.847,524.391,514.847,520.053,341624.0,520.053
2015-06-05,520.921,520.921,503.557,509.641,307646.0,509.641
2015-06-08,503.557,517.44,494.871,506.17,296357.0,506.17
2015-06-09,503.557,505.312,487.052,487.052,356711.0,487.052
2015-06-10,488.807,516.582,488.807,507.896,414764.0,507.896
2015-06-11,508.783,518.308,507.896,513.102,252244.0,513.102
2015-06-12,513.102,515.724,507.028,510.489,229898.0,510.489
2015-06-15,507.896,514.847,506.17,509.641,85809.8,509.641
2015-06-16,504.425,507.896,500.086,500.086,158028.0,500.086
2015-06-17,503.557,510.489,503.557,507.896,179223.0,507.896
2015-06-18,507.896,509.641,500.944,502.69,116908.0,502.69
2015-06-19,504.425,506.17,496.616,498.341,115527.0,498.341
2015-06-22,496.616,507.028,496.616,501.802,104928.0,501.802
2015-06-23,506.17,507.028,498.341,500.944,148240.0,500.944
2015-06-24,501.802,507.896,500.944,505.312,165976.0,505.312
2015-06-25,505.312,509.641,500.086,505.312,134183.0,505.312
2015-06-26,505.312,505.312,497.483,501.802,109307.0,501.802
2015-06-29,482.733,490.532,475.772,475.772,225177.0,475.772
2015-06-30,479.243,494.871,479.243,493.135,180143.0,493.135
2015-07-01,494.871,507.896,488.807,501.802,159639.0,501.802
2015-07-02,502.69,509.641,501.802,505.312,128194.0,505.312
2015-07-03,508.783,508.783,500.944,505.312,151233.0,505.312
2015-07-06,501.802,507.028,496.616,501.802,142709.0,501.802
2015-07-07,507.028,512.234,503.557,508.783,165398.0,508.783
2015-07-08,512.234,514.847,494.013,494.013,197074.0,494.013
2015-07-09,477.517,490.532,460.164,487.052,185208.0,487.052
2015-07-10,493.135,502.69,488.807,491.41,138101.0,491.41
2015-07-13,494.871,508.783,494.871,505.312,112645.0,505.312
2015-07-14,516.582,517.44,507.896,513.102,125776.0,513.102
2015-07-15,516.582,516.582,508.783,513.102,98709.4,513.102
2015-07-16,515.724,532.22,512.234,528.72,312023.0,528.72
2015-07-17,528.72,533.926,522.646,525.259,125546.0,525.259
2015-07-21,525.259,529.607,524.391,527.004,85118.1,527.004
2015-07-22,521.778,526.136,518.308,518.308,109536.0,518.308
2015-07-23,521.778,526.136,517.44,522.646,59087.5,522.646
2015-07-24,525.259,525.259,516.582,521.778,105504.0,521.778
2015-07-27,516.582,522.646,514.847,515.724,85579.5,515.724
2015-07-28,512.234,525.259,505.312,520.053,131537.0,520.053
2015-07-29,524.391,524.391,514.847,517.44,54596.6,517.44
2015-07-30,520.053,522.646,514.847,517.44,57588.5,517.44
2015-07-31,516.582,518.308,512.234,516.582,70375.6,516.582
2015-08-03,515.724,518.308,509.641,516.582,55516.5,516.582
2015-08-04,518.308,519.185,510.489,515.724,74981.1,515.724
2015-08-05,513.989,528.72,508.783,526.136,140059.0,526.136
2015-08-06,528.72,529.607,519.185,520.921,123126.0,520.921
2015-08-07,522.646,543.49,520.921,542.612,260079.0,542.612
2015-08-10,546.971,553.054,540.897,552.177,175418.0,552.177
2015-08-11,557.402,575.614,541.755,555.647,269521.0,555.647
2015-08-12,546.113,549.564,516.582,519.185,293825.0,519.185
2015-08-13,519.185,533.068,512.234,530.485,217230.0,530.485
2015-08-14,529.607,546.113,523.524,545.235,117023.0,545.235
2015-08-17,550.441,564.324,550.441,563.466,204331.0,563.466
2015-08-18,588.649,599.08,584.3,593.845,396450.0,593.845
2015-08-19,590.394,590.394,560.853,573.011,196499.0,573.011
2015-08-20,566.937,585.168,566.937,572.143,132687.0,572.143
2015-08-21,564.324,579.084,542.612,545.235,244530.0,545.235
2015-08-24,525.259,540.897,495.719,495.719,226444.0,495.719
2015-08-25,478.385,529.607,471.424,485.316,284149.0,485.316
2015-08-26,486.184,504.425,485.316,493.135,216884.0,493.135
2015-08-27,514.847,527.004,504.425,517.44,171618.0,517.44
2015-08-28,526.136,538.284,520.053,535.691,209513.0,535.691
2015-08-31,538.284,553.912,531.343,551.309,186820.0,551.309
2015-09-01,550.441,557.402,533.926,534.784,134069.0,534.784
2015-09-02,515.724,538.284,513.989,520.053,249825.0,520.053
2015-09-03,528.72,546.113,528.72,533.068,108498.0,533.068
2015-09-04,535.691,535.691,503.557,512.234,189241.0,512.234
2015-09-07,497.483,507.896,483.601,494.013,236810.0,494.013
2015-09-08,491.41,497.483,467.105,467.963,161368.0,467.963
2015-09-09,483.601,498.341,483.601,498.341,142248.0,498.341
2015-09-10,487.919,508.783,482.733,506.17,133148.0,506.17
2015-09-11,510.489,527.852,507.896,519.185,190851.0,519.185
2015-09-14,527.004,527.004,500.086,501.802,153995.0,501.802
2015-09-15,507.028,508.783,496.616,501.802,93524.8,501.802
2015-09-16,507.896,510.489,496.616,509.641,112990.0,509.641
2015-09-17,509.641,520.921,508.783,520.053,85924.4,520.053
2015-09-18,520.921,528.72,512.234,519.185,137526.0,519.185
2015-09-24,512.234,524.391,509.641,512.234,115181.0,512.234
2015-09-25,517.44,533.926,513.102,533.926,131075.0,533.926
2015-09-28,539.152,545.235,526.136,540.897,152729.0,540.897
2015-09-29,520.921,524.391,494.871,501.802,227939.0,501.802
2015-09-30,520.921,528.72,509.641,527.852,114259.0,527.852
2015-10-01,535.691,538.284,524.391,533.926,72679.9,533.926
2015-10-02,527.004,533.926,513.989,530.485,96408.2,530.485
2015-10-05,534.784,544.368,527.004,542.612,69337.1,542.612
2015-10-06,546.971,551.309,536.558,541.755,67609.9,541.755
2015-10-07,542.612,542.612,518.308,536.558,113567.0,536.558
2015-10-08,529.607,537.406,528.72,532.22,52866.4,532.22
2015-10-09,535.691,548.716,524.391,548.716,104698.0,548.716
2015-10-13,543.49,544.368,532.22,534.784,108729.0,534.784
2015-10-14,527.852,529.607,515.724,516.582,139944.0,516.582
2015-10-15,513.989,527.004,513.989,522.646,92835.2,522.646
2015-10-16,528.72,528.72,513.102,515.724,130613.0,515.724
2015-10-19,511.366,513.102,498.341,506.17,133148.0,506.17
2015-10-20,507.028,508.783,486.184,491.41,138792.0,491.41
2015-10-21,487.052,510.489,483.601,506.17,183366.0,506.17
2015-10-22,505.312,505.312,480.1,490.532,250286.0,490.532
2015-10-23,501.802,502.69,495.719,498.341,79474.0,498.341
2015-10-26,501.802,501.802,490.532,495.719,116216.0,495.719
2015-10-27,500.086,500.086,488.807,489.665,53560.1,489.665
2015-10-28,490.532,491.41,482.733,485.316,66919.2,485.316
2015-10-29,486.184,488.807,478.385,483.601,108154.0,483.601
2015-10-30,488.807,502.69,486.184,500.944,115527.0,500.944
2015-11-02,496.616,496.616,481.875,481.875,112416.0,481.875
2015-11-04,489.665,491.41,468.821,471.424,134761.0,471.424
2015-11-05,474.914,477.517,468.821,469.708,82469.0,469.708
2015-11-06,469.708,479.243,469.708,475.772,86271.2,475.772
2015-11-09,481.875,491.41,478.385,490.532,116563.0,490.532
2015-11-10,481.875,487.052,478.385,481.875,76364.5,481.875
2015-11-11,490.532,568.682,487.919,559.996,1601236.0,559.996
2015-11-12,559.128,576.501,541.755,547.848,950930.0,547.848
2015-11-13,541.755,580.82,539.152,564.324,525684.0,564.324
2015-11-16,555.647,565.211,548.716,549.564,258119.0,549.564
2015-11-17,553.912,563.466,548.716,553.054,268256.0,553.054
2015-11-18,558.26,560.853,531.343,534.784,272402.0,534.784
2015-11-19,542.612,553.912,536.558,540.009,254892.0,540.009
2015-11-20,540.897,542.612,534.784,540.897,115295.0,540.897
2015-11-24,543.49,566.079,543.49,564.324,317322.0,564.324
2015-11-25,564.324,573.011,553.912,564.324,240267.0,564.324
2015-11-26,599.08,605.124,584.3,588.649,349456.0,588.649
2015-11-27,588.649,597.335,585.168,594.722,163902.0,594.722
2015-11-30,602.531,614.669,600.816,613.791,327111.0,613.791
2015-12-01,616.424,632.072,612.086,631.194,373184.0,631.194
2015-12-02,632.93,632.93,619.027,620.752,245792.0,620.752
2015-12-03,620.752,628.581,616.424,626.826,194768.0,626.826
2015-12-04,619.895,619.895,607.757,611.208,203409.0,611.208
2015-12-07,621.63,646.793,621.63,636.381,381362.0,636.381
2015-12-08,642.474,642.474,619.895,621.63,194079.0,621.63
2015-12-09,617.302,623.365,602.531,610.35,168163.0,610.35
2015-12-10,599.08,606.88,590.394,603.399,115065.0,603.399
2015-12-11,596.458,612.943,596.458,606.88,121976.0,606.88
2015-12-14,586.913,608.605,586.913,605.124,159755.0,605.124
2015-12-15,608.605,613.791,590.394,590.394,134876.0,590.394
2015-12-16,599.08,601.683,592.119,596.458,106198.0,596.458
2015-12-17,613.791,622.508,604.257,611.208,235888.0,611.208
2015-12-18,608.605,608.605,587.781,588.649,228056.0,588.649
2015-12-21,589.536,592.119,554.78,578.236,361090.0,578.236
2015-12-22,576.501,581.687,562.608,567.824,172424.0,567.824
2015-12-24,573.878,575.614,561.721,561.721,70029.8,561.721
2015-12-25,563.466,566.079,556.525,566.079,128079.0,566.079
2015-12-28,576.501,576.501,562.608,571.275,57937.4,571.275
2015-12-29,566.079,573.878,559.128,572.143,80280.3,572.143
2015-12-30,574.756,577.369,568.682,573.878,54480.0,573.878
2016-01-04,563.466,565.211,543.49,545.235,176803.0,545.235
2016-01-05,540.009,546.971,533.926,538.284,192580.0,538.284
2016-01-06,537.406,545.235,530.485,539.152,136834.0,539.152
2016-01-07,539.152,549.564,528.72,528.72,111495.0,528.72
2016-01-08,521.778,537.406,515.724,520.921,128428.0,520.921
2016-01-12,516.582,521.778,495.719,496.616,158140.0,496.616
2016-01-13,501.802,521.778,501.802,518.308,143859.0,518.308
2016-01-14,502.69,513.102,492.277,510.489,274359.0,510.489
2016-01-15,520.921,521.778,492.277,494.871,103429.0,494.871
2016-01-18,478.385,487.052,473.189,480.988,138792.0,480.988
2016-01-19,480.1,481.875,471.424,477.517,138214.0,477.517
2016-01-20,486.184,487.052,460.164,462.747,173807.0,462.747
2016-01-21,462.747,472.321,435.829,435.829,131189.0,435.829
2016-01-22,447.119,474.046,442.781,473.189,138446.0,473.189
2016-01-25,481.875,483.601,464.502,474.914,149041.0,474.914
2016-01-26,474.914,474.914,465.37,465.37,77171.8,465.37
2016-01-27,472.321,480.988,471.424,479.243,112760.0,479.243
2016-01-28,474.046,486.184,467.963,484.468,82812.8,484.468
2016-01-29,485.316,506.17,473.189,500.944,181062.0,500.944
2016-02-01,517.44,520.053,508.783,513.102,141672.0,513.102
2016-02-02,513.989,513.989,500.944,507.028,189701.0,507.028
2016-02-03,491.41,492.277,476.649,481.875,142939.0,481.875
2016-02-04,481.875,485.316,474.046,478.385,104811.0,478.385
2016-02-05,473.189,474.046,454.928,460.164,120250.0,460.164
2016-02-08,449.742,477.517,449.742,471.424,80051.1,471.424
2016-02-09,448.864,453.183,438.442,443.648,134761.0,443.648
2016-02-10,445.393,453.183,390.681,413.27,203638.0,413.27
2016-02-12,399.357,424.549,396.764,398.509,305919.0,398.509
2016-02-15,421.069,434.971,408.044,431.491,244989.0,431.491
2016-02-16,428.03,454.041,425.437,438.442,109421.0,438.442
2016-02-17,444.506,455.805,432.339,444.506,135223.0,444.506
2016-02-18,458.418,463.615,447.996,458.418,109307.0,458.418
2016-02-19,451.477,459.276,447.119,450.609,160559.0,450.609
2016-02-22,447.996,457.551,442.781,451.477,72334.0,451.477
2016-02-23,452.345,453.183,430.623,432.339,103316.0,432.339
2016-02-24,428.03,448.864,422.814,437.574,101128.0,437.574
2016-02-25,439.32,463.615,439.32,454.928,91107.0,454.928
2016-02-26,456.683,466.227,444.506,448.864,85234.7,448.864
2016-02-29,451.477,451.477,434.971,437.574,99746.0,437.574
2016-03-01,434.114,441.913,429.756,432.339,80512.6,432.339
2016-03-02,446.251,450.609,441.055,443.648,120364.0,443.648
2016-03-03,442.781,455.805,441.055,454.928,65423.2,454.928
2016-03-04,458.418,465.37,451.477,456.683,106656.0,456.683
2016-03-07,457.551,461.889,453.183,460.164,104470.0,460.164
2016-03-08,459.276,459.276,440.187,449.742,104238.0,449.742
2016-03-09,444.506,447.996,435.829,439.32,59201.1,439.32
2016-03-10,444.506,449.742,436.707,445.393,66346.2,445.393
2016-03-11,436.707,453.183,435.829,452.345,137295.0,452.345
2016-03-14,461.031,467.105,457.551,466.227,101588.0,466.227
2016-03-15,468.821,474.914,459.276,461.031,149620.0,461.031
2016-03-16,459.276,466.227,456.683,457.551,97556.3,457.551
2016-03-17,461.889,480.1,461.889,476.649,163902.0,476.649
2016-03-18,481.875,481.875,469.708,476.649,90531.9,476.649
2016-03-22,485.316,489.665,469.708,488.807,115411.0,488.807
2016-03-23,489.665,491.41,484.468,489.665,90646.5,489.665
2016-03-24,486.184,494.871,476.649,491.41,118636.0,491.41
2016-03-25,493.135,493.135,478.385,486.184,74981.1,486.184
2016-03-28,486.184,487.919,477.517,484.468,77286.4,484.468
2016-03-29,480.958,490.582,480.958,487.959,46573.2,487.959
2016-03-30,485.326,485.326,464.324,466.07,129443.0,466.07
2016-03-31,468.673,473.958,464.324,465.192,97256.1,465.192
2016-04-01,464.324,466.07,445.896,445.896,131386.0,445.896
2016-04-04,445.896,454.691,440.651,446.784,109583.0,446.784
2016-04-05,446.784,447.661,429.263,434.528,156499.0,434.528
2016-04-06,428.375,433.65,426.64,430.15,78990.3,430.15
2016-04-07,430.15,441.538,425.752,429.263,93372.7,429.263
2016-04-08,424.885,445.896,419.639,438.018,90632.3,438.018
2016-04-11,440.651,441.538,421.384,435.405,66777.2,435.405
2016-04-12,434.528,445.896,431.905,441.538,114720.0,441.538
2016-04-13,446.784,458.172,446.784,452.049,110837.0,452.049
2016-04-14,460.804,466.07,454.691,464.324,129674.0,464.324
2016-04-15,456.427,464.324,454.691,460.804,58786.3,460.804
2016-04-18,457.294,466.928,449.416,464.324,104675.0,464.324
2016-04-19,467.795,472.203,459.927,461.682,93488.3,461.682
2016-04-20,461.682,466.07,455.559,457.294,87895.0,457.294
2016-04-21,466.07,470.438,453.814,459.927,142113.0,459.927
2016-04-22,453.814,480.958,452.926,479.203,154557.0,479.203
2016-04-25,482.713,485.326,473.958,479.203,119969.0,479.203
2016-04-26,476.571,476.571,457.294,469.56,99878.8,469.56
2016-04-27,470.438,470.438,451.161,464.324,179783.0,464.324
2016-04-28,468.673,471.305,440.651,446.784,212315.0,446.784
2016-05-02,427.507,441.538,427.507,440.651,97597.9,440.651
2016-05-06,438.906,445.038,431.018,434.528,69288.4,434.528
2016-05-09,437.15,446.784,434.528,436.293,57645.3,436.293
2016-05-10,438.018,448.529,436.293,446.784,98165.8,446.784
2016-05-11,446.784,451.161,438.018,438.906,194395.0,438.906
2016-05-12,433.65,436.293,424.885,435.405,191312.0,435.405
2016-05-13,431.905,431.905,422.262,427.507,109696.0,427.507
2016-05-16,425.752,443.274,425.752,437.15,218364.0,437.15
2016-05-17,443.274,488.836,443.274,487.081,313108.0,487.081
2016-05-18,482.713,514.236,480.958,506.357,405454.0,506.357
2016-05-19,511.613,537.032,510.725,536.134,364245.0,536.134
2016-05-20,530.021,533.522,523.879,530.899,239598.0,530.899
2016-05-23,530.899,551.043,530.899,542.287,219049.0,542.287
2016-05-24,540.522,566.819,539.645,563.289,220419.0,563.289
2016-05-25,563.289,596.596,563.289,583.442,265281.0,583.442
2016-05-26,586.962,604.464,579.075,586.065,253522.0,586.065
2016-05-27,594.841,594.841,580.82,586.962,151020.0,586.962
2016-05-30,586.962,592.198,581.687,589.595,87324.0,589.595
2016-05-31,591.33,602.738,587.84,600.086,94741.9,600.086
2016-06-01,592.198,608.852,588.708,604.464,134923.0,604.464
2016-06-02,598.361,602.738,579.075,582.555,101247.0,582.555
2016-06-03,578.207,587.84,569.431,572.942,208205.0,572.942
2016-06-06,562.421,591.33,559.798,587.84,174076.0,587.84
2016-06-07,591.33,599.228,588.708,589.595,67693.0,589.595
2016-06-08,589.595,593.963,573.809,581.687,130585.0,581.687
2016-06-09,578.207,587.84,577.339,584.33,40406.9,584.33
2016-06-10,582.555,585.207,574.687,577.339,117458.0,577.339
2016-06-13,562.421,572.942,553.665,553.665,117571.0,553.665
2016-06-14,548.39,558.921,538.767,539.645,99764.2,539.645
2016-06-16,541.4,545.777,519.511,519.511,96682.0,519.511
2016-06-17,519.511,535.267,519.511,528.266,143139.0,528.266
2016-06-20,534.409,544.91,534.409,537.899,51483.0,537.899
2016-06-21,537.899,550.165,530.899,547.533,60271.1,547.533
2016-06-22,547.533,547.533,530.021,534.409,76365.5,534.409
2016-06-23,532.654,560.666,523.011,538.767,241537.0,538.767
2016-06-24,549.297,559.798,481.846,498.469,180923.0,498.469
2016-06-27,533.522,577.339,527.389,572.942,313108.0,572.942
2016-06-28,581.687,594.841,562.421,583.442,310483.0,583.442
2016-06-29,595.728,616.73,588.708,611.484,303520.0,611.484
2016-06-30,626.383,627.27,579.942,585.207,289937.0,585.207
2016-07-01,589.595,611.484,584.33,610.607,176588.0,610.607
2016-07-04,608.852,608.852,581.687,584.33,182524.0,584.33
2016-07-05,585.207,644.781,582.555,643.894,590946.0,643.894
2016-07-06,641.271,678.956,630.75,678.068,457278.0,678.068
2016-07-07,684.191,695.589,660.547,674.568,361393.0,674.568
2016-07-08,665.803,682.456,658.782,669.303,182979.0,669.303
2016-07-11,681.569,691.222,673.691,685.966,179897.0,685.966
2016-07-12,699.08,709.6,692.967,705.242,294161.0,705.242
2016-07-13,706.09,717.488,665.803,701.712,221904.0,701.712
2016-07-14,696.457,739.397,696.457,727.999,210032.0,727.999
2016-07-15,731.509,738.52,706.968,715.733,184805.0,715.733
2016-07-19,723.621,757.786,716.621,756.908,325893.0,756.908
2016-07-20,749.021,760.438,734.132,757.786,208433.0,757.786
2016-07-21,766.551,774.42,755.144,770.052,224987.0,770.052
2016-07-22,769.184,779.685,757.786,775.297,231948.0,775.297
2016-07-25,779.685,795.451,770.929,783.205,328974.0,783.205
2016-07-26,770.052,783.205,758.664,765.684,255121.0,765.684
2016-07-27,772.684,780.562,758.664,770.929,197935.0,770.929
2016-07-28,778.817,801.584,765.684,798.074,311282.0,798.074
2016-07-29,796.329,812.972,780.562,806.849,231948.0,806.849
2016-08-01,814.717,814.717,772.684,779.685,165057.0,779.685
2016-08-02,772.684,778.817,757.786,763.061,167684.0,763.061
2016-08-03,753.408,762.174,741.152,743.765,147024.0,743.765
2016-08-04,743.765,758.664,731.509,742.907,143827.0,742.907
2016-08-05,742.907,747.256,706.09,710.478,257746.0,710.478
2016-08-08,706.968,767.429,700.855,756.031,510243.0,756.031
2016-08-09,757.786,758.664,701.712,707.845,400887.0,707.845
2016-08-10,700.855,719.234,694.722,712.223,307973.0,712.223
2016-08-12,719.234,738.52,718.356,722.744,161634.0,722.744
2016-08-15,716.621,718.356,705.242,706.09,77279.3,706.09
2016-08-16,707.845,711.356,689.457,690.344,112551.0,690.344
2016-08-17,678.956,694.722,666.69,680.711,207521.0,680.711
2016-08-18,676.313,691.222,671.935,675.446,111637.0,675.446
2016-08-19,679.814,686.824,664.048,669.303,93488.3,669.303
2016-08-22,665.803,721.856,665.803,717.488,271329.0,717.488
2016-08-23,719.234,728.877,700.855,706.968,279891.0,706.968
2016-08-24,725.376,725.376,703.468,714.866,101592.0,714.866
2016-08-25,701.712,707.845,688.589,693.834,117687.0,693.834
2016-08-26,694.722,701.712,687.711,692.967,117914.0,692.967
2016-08-29,688.589,701.712,685.966,692.099,68945.6,692.099
2016-08-30,685.069,692.967,671.068,689.457,180697.0,689.457
2016-08-31,702.59,720.999,698.212,706.968,192681.0,706.968
2016-09-01,718.356,755.144,714.866,730.632,396438.0,730.632
2016-09-02,727.112,745.51,724.489,740.275,235831.0,740.275
2016-09-05,752.521,752.521,728.877,730.632,140974.0,730.632
2016-09-06,730.632,788.46,728.877,784.073,376576.0,784.073
2016-09-07,779.685,812.972,773.552,794.583,441866.0,794.583
2016-09-08,791.951,796.329,776.185,786.685,188803.0,786.685
2016-09-09,790.205,790.205,756.031,756.908,192455.0,756.908
2016-09-12,749.021,769.184,742.907,766.551,134696.0,766.551
2016-09-13,776.185,792.828,770.052,773.552,190627.0,773.552
2016-09-14,766.551,771.817,756.031,760.438,144281.0,760.438
2016-09-15,755.144,770.929,752.521,755.144,122366.0,755.144
2016-09-16,763.061,767.429,749.021,764.787,619024.0,764.787
2016-09-20,749.898,785.828,749.898,770.929,163346.0,770.929
2016-09-21,771.817,786.685,764.787,785.828,142913.0,785.828
2016-09-23,788.46,799.829,781.46,785.828,192681.0,785.828
2016-09-26,785.828,805.972,778.817,798.074,171335.0,798.074
2016-09-27,794.583,807.707,783.205,806.849,182293.0,806.849
2016-09-28,817.419,828.886,802.422,819.204,179972.0,819.204
2016-09-29,821.836,827.121,805.962,809.501,126899.0,809.501
2016-09-30,806.849,815.664,802.422,805.962,82559.2,805.962
2016-10-03,813.021,818.316,805.962,812.134,132003.0,812.134
2016-10-04,813.889,813.889,805.064,811.256,113631.0,811.256
2016-10-05,819.204,827.121,804.197,807.717,123496.0,807.717
2016-10-06,812.134,818.316,809.501,817.419,84033.9,817.419
2016-10-07,820.061,823.591,805.962,812.134,96394.0,812.134
2016-10-11,812.134,823.591,810.379,817.419,65207.2,817.419
2016-10-12,808.594,813.889,803.319,805.064,127240.0,805.064
2016-10-13,806.849,828.886,806.849,826.234,153209.0,826.234
2016-10-14,826.234,846.516,824.469,842.118,181221.0,842.118
2016-10-17,845.628,857.105,835.946,843.873,149693.0,843.873
2016-10-18,845.628,849.158,833.293,839.456,123496.0,839.456
2016-10-19,846.516,870.347,845.628,864.165,201292.0,864.165
2016-10-20,868.582,886.202,865.052,876.5,175665.0,876.5
2016-10-21,881.804,882.682,852.698,856.218,159448.0,856.218
2016-10-24,856.218,869.47,847.413,860.645,94353.4,860.645
2016-10-25,863.278,880.039,857.105,873.867,130414.0,873.867
2016-10-26,876.5,886.202,868.582,877.387,137105.0,877.387
2016-10-27,883.559,907.391,879.162,904.739,179972.0,904.739
2016-10-28,913.553,917.073,895.036,910.901,195849.0,910.901
2016-10-31,908.268,910.901,887.967,894.149,164891.0,894.149
2016-11-01,901.199,901.199,875.622,890.619,111588.0,890.619
2016-11-02,881.804,893.271,867.705,879.162,238263.0,879.162
2016-11-04,860.645,868.582,849.158,865.052,171808.0,865.052
2016-11-07,878.265,888.864,868.582,887.967,101384.0,887.967
2016-11-08,893.271,896.791,871.225,886.202,89248.9,886.202
2016-11-09,886.202,888.864,799.799,825.356,225900.0,825.356
2016-11-10,878.265,886.202,849.158,865.94,178613.0,865.94
2016-11-11,878.265,886.202,865.94,874.735,138125.0,874.735
2016-11-14,865.94,903.841,865.94,898.556,136880.0,898.556
2016-11-15,902.964,902.964,833.293,841.241,285212.0,841.241
2016-11-16,846.516,858.87,828.018,831.548,341007.0,831.548
2016-11-17,828.018,833.293,805.064,822.714,249491.0,822.714
2016-11-18,832.416,841.241,825.356,835.058,133362.0,835.058
2016-11-21,839.456,839.456,806.849,810.379,225900.0,810.379
2016-11-22,813.021,818.316,805.064,806.849,178498.0,806.849
2016-11-24,813.889,821.836,806.849,807.717,140282.0,807.717
2016-11-25,814.757,854.463,814.757,851.81,252097.0,851.81
2016-11-28,857.105,900.302,854.463,900.302,366298.0,900.302
2016-11-29,908.268,914.431,850.045,855.34,453504.0,855.34
2016-11-30,852.698,865.052,842.118,852.698,928669.0,852.698
2016-12-01,857.983,884.447,843.873,877.387,389773.0,877.387
2016-12-02,870.347,872.999,839.456,845.628,314695.0,845.628
2016-12-05,839.456,845.628,824.469,828.886,148787.0,828.886
2016-12-06,834.171,837.711,817.419,825.356,182241.0,825.356
2016-12-07,822.714,845.628,814.757,835.946,208209.0,835.946
2016-12-08,844.761,844.761,831.548,841.241,149015.0,841.241
2016-12-09,834.171,837.711,818.316,832.416,256069.0,832.416
2016-12-12,830.661,832.416,813.021,825.356,141073.0,825.356
2016-12-13,825.356,839.456,820.061,839.456,130414.0,839.456
2016-12-14,839.456,842.986,820.949,831.548,157744.0,831.548
2016-12-15,835.946,836.823,820.061,835.946,171920.0,835.946
2016-12-16,841.241,855.34,834.171,835.946,202200.0,835.946
2016-12-19,838.578,842.986,826.234,831.548,132118.0,831.548
2016-12-20,830.661,849.158,828.018,847.413,128034.0,847.413
2016-12-21,847.413,847.413,823.591,828.018,158200.0,828.018
2016-12-22,828.886,840.343,827.121,834.171,115673.0,834.171
2016-12-26,838.578,838.578,828.886,831.548,61806.6,831.548
2016-12-27,833.293,840.343,822.714,829.783,122817.0,829.783
2016-12-28,828.018,841.241,826.234,835.946,110567.0,835.946
2016-12-29,834.171,840.343,828.018,838.578,136764.0,838.578
2016-12-30,835.058,835.058,821.836,830.661,131549.0,830.661
2017-01-04,835.946,884.447,834.171,884.447,387163.0,884.447
2017-01-05,879.162,880.907,866.817,875.622,143911.0,875.622
2017-01-06,865.94,865.94,843.873,849.158,238945.0,849.158
2017-01-10,848.29,861.513,830.661,835.946,212293.0,835.946
2017-01-11,834.171,846.516,831.548,835.058,80517.6,835.058
2017-01-12,831.548,831.548,805.064,805.064,343617.0,805.064
2017-01-13,805.064,822.714,789.2,819.204,176232.0,819.204
2017-01-16,813.889,830.661,809.501,821.836,114426.0,821.836
2017-01-17,813.021,820.061,805.064,807.717,135404.0,807.717
2017-01-18,794.504,806.849,794.504,801.554,154458.0,801.554
2017-01-19,802.422,823.591,802.422,804.197,166932.0,804.197
2017-01-20,798.024,803.319,788.322,797.137,275345.0,797.137
2017-01-23,796.259,799.799,780.375,784.802,183487.0,784.802
2017-01-24,780.375,783.925,775.968,780.375,120548.0,780.375
2017-01-25,784.802,818.316,778.63,783.925,136428.0,783.925
2017-01-26,797.137,799.799,782.17,790.097,97074.5,790.097
2017-01-27,795.372,795.372,785.67,787.435,101836.0,787.435
2017-01-30,787.435,790.097,774.232,790.097,139828.0,790.097
2017-01-31,775.968,784.802,760.99,768.04,276819.0,768.04
2017-02-01,763.633,782.17,759.226,781.282,144703.0,781.282
2017-02-02,782.17,782.17,755.715,755.715,124517.0,755.715
2017-02-03,756.593,769.815,755.715,760.99,138013.0,760.99
2017-02-06,767.153,776.845,752.186,759.226,104107.0,759.226
2017-02-07,759.226,793.637,758.348,792.749,271945.0,792.749
2017-02-08,802.422,813.021,769.815,791.862,394421.0,791.862
2017-02-09,792.749,798.902,748.636,753.063,463710.0,753.063
2017-02-10,763.633,778.63,757.451,775.09,257994.0,775.09
2017-02-13,781.282,787.435,767.153,773.345,232025.0,773.345
2017-02-14,777.733,793.637,773.345,775.968,196530.0,775.968
2017-02-15,780.375,808.594,780.375,807.717,276255.0,807.717
2017-02-16,808.594,809.501,790.097,796.259,103765.0,796.259
2017-02-17,793.637,798.902,779.498,793.637,74392.9,793.637
2017-02-20,794.504,820.061,786.557,819.204,177253.0,819.204
2017-02-21,819.204,824.469,811.256,821.836,82105.9,821.836
2017-02-22,821.836,839.456,813.021,838.578,206511.0,838.578
2017-02-23,838.578,842.986,823.591,837.711,127580.0,837.711
2017-02-24,829.783,832.416,817.419,830.661,148787.0,830.661
2017-02-27,825.356,830.661,812.134,828.886,107394.0,828.886
2017-02-28,838.578,850.933,830.661,840.343,251532.0,840.343
2017-03-01,841.241,843.873,821.836,835.058,223294.0,835.058
2017-03-02,846.516,860.645,830.661,834.171,197437.0,834.171
2017-03-03,836.823,842.118,830.661,838.578,83806.7,838.578
2017-03-06,837.711,844.761,834.171,838.578,79042.0,838.578
2017-03-07,838.578,842.118,825.356,835.946,88795.6,835.946
2017-03-08,832.416,845.628,831.548,842.118,85166.8,842.118
2017-03-09,843.873,860.645,840.343,850.045,204354.0,850.045
2017-03-10,860.645,860.645,846.516,852.698,157744.0,852.698
2017-03-13,856.218,856.218,842.118,842.118,136764.0,842.118
2017-03-14,839.456,855.34,839.456,849.158,92537.0,849.158
2017-03-15,841.241,842.118,835.946,840.343,60445.5,840.343
2017-03-16,837.711,846.516,835.946,841.241,147537.0,841.241
2017-03-17,838.578,842.986,831.548,841.241,78246.8,841.241
2017-03-21,837.711,845.628,835.058,843.873,67249.8,843.873
2017-03-22,832.416,840.343,824.469,824.469,152190.0,824.469
2017-03-23,820.061,828.018,816.532,826.234,72239.7,826.234
2017-03-24,824.469,850.045,824.469,848.29,148900.0,848.29
2017-03-27,835.946,848.29,835.058,845.628,120095.0,845.628
2017-03-28,849.158,850.045,838.578,844.761,108075.0,844.761
2017-03-29,852.757,859.028,841.201,854.571,114128.0,854.571
2017-03-30,849.207,853.674,818.03,818.03,164964.0,818.03
2017-03-31,822.477,831.4,796.664,796.664,202335.0,796.664
2017-04-03,793.065,806.445,788.628,798.429,128942.0,798.429
2017-04-04,794.859,802.885,780.602,782.387,147231.0,782.387
2017-04-05,792.177,795.747,775.248,777.042,143307.0,777.042
2017-04-06,777.93,783.274,759.216,761.898,130512.0,761.898
2017-04-07,766.325,776.145,755.666,765.467,174167.0,765.467
2017-04-10,778.827,781.519,771.698,780.602,111434.0,780.602
2017-04-11,785.078,788.628,771.698,776.145,135786.0,776.145
2017-04-12,777.042,777.042,750.292,760.103,142295.0,760.103
2017-04-13,751.18,758.328,745.865,755.666,100100.0,755.666
2017-04-14,751.18,752.097,737.829,740.502,80350.3,740.502
2017-04-17,736.932,746.743,736.932,745.865,90899.0,745.865
2017-04-18,759.216,762.775,747.63,751.18,77767.1,751.18
2017-04-19,749.405,759.216,744.958,755.666,71595.7,755.666
2017-04-20,755.666,757.431,745.865,752.994,193805.0,752.994
2017-04-21,752.994,769.914,752.994,766.325,97294.6,766.325
2017-04-24,776.145,780.602,768.129,772.596,99989.4,772.596
2017-04-25,771.698,775.248,767.232,770.801,86185.0,770.801
2017-04-26,771.698,783.274,752.994,777.93,157220.0,777.93
2017-04-27,784.171,786.843,773.493,775.248,133430.0,775.248
2017-04-28,781.519,783.274,772.596,780.602,172372.0,780.602
2017-05-01,784.171,799.326,784.171,798.429,109415.0,798.429
2017-05-02,801.101,812.696,799.326,802.885,116149.0,802.885
2017-05-08,818.03,836.744,815.368,834.063,245088.0,834.063
2017-05-09,833.175,838.519,821.6,833.175,125574.0,833.175
2017-05-10,833.175,834.063,825.169,829.626,82593.7,829.626
2017-05-11,828.738,833.175,822.477,830.503,158902.0,830.503
2017-05-12,830.503,871.491,823.374,864.362,372124.0,864.362
2017-05-15,856.356,875.06,851.879,867.044,228705.0,867.044
2017-05-16,875.06,892.877,869.706,890.215,260240.0,890.215
2017-05-17,884.861,901.8,877.732,896.427,259905.0,896.427
2017-05-18,875.06,919.617,871.491,916.945,303895.0,916.945
2017-05-19,917.833,919.617,906.247,915.161,161708.0,915.161
2017-05-22,914.273,942.808,907.144,940.116,330379.0,940.116
2017-05-23,943.685,948.122,934.772,938.322,225562.0,938.322
2017-05-24,935.65,958.84,932.987,955.241,308271.0,955.241
2017-05-25,948.122,957.055,941.901,941.901,133542.0,941.901
2017-05-26,939.229,941.901,926.746,927.633,120638.0,927.633
2017-05-29,922.279,933.885,919.617,919.617,72045.0,919.617
2017-05-30,909.826,935.65,908.919,919.617,69464.8,919.617
2017-05-31,910.714,920.495,910.714,918.74,75637.3,918.74
2017-06-01,918.74,932.987,918.74,928.511,88653.6,928.511
2017-06-02,929.418,934.772,918.74,920.495,171248.0,920.495
2017-06-05,912.479,918.74,900.913,913.386,169677.0,913.386
2017-06-06,913.386,916.048,901.8,904.453,111324.0,904.453
2017-06-07,900.016,905.35,891.102,892.877,97633.4,892.877
2017-06-08,897.314,899.128,881.292,882.179,112109.0,882.179
2017-06-09,877.732,883.983,862.587,862.587,180676.0,862.587
2017-06-12,856.356,875.06,855.449,872.378,109526.0,872.378
2017-06-13,872.378,883.983,871.491,876.845,74401.0,876.845
2017-06-14,876.845,877.732,863.475,863.475,66322.8,863.475
2017-06-15,853.674,867.941,845.638,863.475,142634.0,863.475
2017-06-16,871.491,871.491,855.449,868.819,136238.0,868.819
2017-06-19,869.706,875.948,864.362,865.25,57792.4,865.25
2017-06-20,866.127,877.732,862.587,875.06,83716.5,875.06
2017-06-21,877.732,883.076,869.706,869.706,91122.2,869.706
2017-06-22,872.378,872.378,862.587,862.587,77767.1,862.587
2017-06-23,860.803,861.69,851.002,852.757,86970.0,852.757
2017-06-26,852.757,852.757,840.294,842.966,103917.0,842.966
2017-06-27,852.757,852.757,835.857,840.294,98305.8,840.294
2017-06-28,840.294,841.201,824.272,827.841,141510.0,827.841
2017-06-29,829.626,836.744,826.944,836.744,90562.3,836.744
2017-06-30,828.738,828.738,810.911,813.574,152732.0,813.574
2017-07-03,815.368,825.169,811.809,818.03,115024.0,818.03
2017-07-04,821.6,822.477,808.239,810.911,111546.0,810.911
2017-07-05,807.332,818.03,798.429,816.255,212099.0,816.255
2017-07-06,810.911,841.201,810.004,837.632,141736.0,837.632
2017-07-07,833.175,837.632,819.805,830.503,119514.0,830.503
2017-07-10,836.744,845.638,829.626,842.089,119850.0,842.089
2017-07-11,842.966,852.757,840.294,851.879,86299.6,851.879
2017-07-12,851.879,854.571,834.063,841.201,117044.0,841.201
2017-07-13,842.966,848.33,827.841,831.4,70923.3,831.4
2017-07-14,831.4,838.519,824.272,837.632,92920.4,837.632
2017-07-18,837.632,842.966,824.272,837.632,99426.5,837.632
2017-07-19,829.626,837.632,828.738,832.298,65424.3,832.298
2017-07-20,832.298,840.294,830.503,833.175,50835.9,833.175
2017-07-21,832.298,832.298,820.712,826.944,59701.1,826.944
2017-07-24,821.6,834.95,818.03,834.063,90000.5,834.063
2017-07-25,840.294,842.966,827.841,836.744,93591.8,836.744
2017-07-26,839.407,839.407,816.255,821.6,117383.0,821.6
2017-07-27,822.477,830.503,808.239,813.574,103578.0,813.574
2017-07-28,811.809,811.809,801.978,809.127,138592.0,809.127
2017-07-31,804.68,807.332,793.962,801.101,97183.1,801.101
2017-08-01,800.203,809.127,800.203,809.127,52517.5,809.127
2017-08-02,815.368,821.6,801.101,819.805,147682.0,819.805
2017-08-03,816.255,816.255,791.3,793.065,233083.0,793.065
2017-08-04,797.541,818.03,796.664,818.03,160027.0,818.03
2017-08-07,821.6,847.442,821.6,844.761,157446.0,844.761
2017-08-08,846.535,851.879,835.857,838.519,88318.9,838.519
2017-08-09,826.944,831.4,801.978,810.911,131747.0,810.911
2017-08-10,790.403,803.773,748.528,763.672,266074.0,763.672
2017-08-14,762.775,762.775,737.829,740.502,161933.0,740.502
2017-08-15,740.502,751.18,738.727,744.958,157670.0,744.958
2017-08-16,743.174,748.528,726.254,742.286,204804.0,742.286
2017-08-17,748.528,750.292,737.829,743.174,114576.0,743.174
2017-08-18,736.932,741.379,729.813,740.502,89887.9,740.502
2017-08-21,743.174,754.769,741.379,754.769,121870.0,754.769
2017-08-22,761.0,761.0,744.958,752.994,124115.0,752.994
2017-08-23,754.769,754.769,738.727,743.174,111324.0,743.174
2017-08-24,738.727,739.614,727.131,727.131,156770.0,727.131
2017-08-25,733.373,742.286,727.131,742.286,76085.6,742.286
2017-08-28,742.286,744.061,731.578,737.829,112221.0,737.829
2017-08-29,732.495,739.614,729.813,734.27,96285.5,734.27
2017-08-30,734.27,736.045,724.459,726.254,144990.0,726.254
2017-08-31,730.691,734.27,715.546,717.321,284591.0,717.321
2017-09-01,718.208,725.357,718.208,722.685,221748.0,722.685
2017-09-04,723.572,728.029,719.105,723.572,120189.0,723.572
2017-09-05,723.572,728.926,711.089,711.977,176298.0,711.977
2017-09-06,698.616,700.401,673.671,695.067,330266.0,695.067
2017-09-07,707.53,735.148,706.642,734.27,312423.0,734.27
2017-09-08,731.578,743.174,724.459,740.502,269441.0,740.502
2017-09-11,744.958,744.958,702.186,707.53,341152.0,707.53
2017-09-12,714.659,733.373,714.659,730.691,205027.0,730.691
2017-09-13,732.495,739.614,728.029,736.932,124677.0,736.932
2017-09-14,736.045,744.061,730.691,733.373,126585.0,733.373
2017-09-15,731.578,751.18,728.926,745.865,196500.0,745.865
2017-09-19,758.328,766.325,748.528,753.881,137582.0,753.881
2017-09-20,750.292,757.431,746.743,755.666,137470.0,755.666
2017-09-21,757.431,776.145,752.994,772.596,195038.0,772.596
2017-09-22,775.248,780.602,762.775,767.232,153854.0,767.232
2017-09-25,780.602,788.628,777.93,783.274,163281.0,783.274
2017-09-26,784.171,787.741,771.698,775.248,117943.0,775.248
2017-09-27,788.776,788.776,769.855,786.074,115169.0,786.074
2017-09-28,787.879,787.879,770.752,779.764,115613.0,779.764
2017-09-29,779.764,782.456,772.566,781.548,84295.6,781.548
2017-10-02,785.177,790.551,780.661,787.879,91401.1,787.879
2017-10-03,790.551,802.274,781.548,791.468,137937.0,791.468
2017-10-04,795.974,806.77,791.468,799.563,161150.0,799.563
2017-10-05,800.47,828.383,800.47,822.083,267432.0,822.083
2017-10-06,826.589,826.589,813.968,819.381,97843.3,819.381
2017-10-10,820.288,832.899,809.482,818.474,135826.0,818.474
2017-10-11,819.381,819.381,804.966,808.565,160036.0,808.565
2017-10-12,810.379,820.288,810.379,812.164,105173.0,812.164
2017-10-13,813.968,822.083,812.164,816.67,114389.0,816.67
2017-10-16,816.67,821.176,813.968,818.474,78631.2,818.474
2017-10-17,812.164,816.67,805.863,816.67,82184.0,816.67
2017-10-18,816.67,839.19,816.67,836.498,244109.0,836.498
2017-10-19,841.881,868.898,837.395,846.397,260769.0,846.397
2017-10-20,837.395,846.397,827.476,839.19,156148.0,839.19
2017-10-23,846.397,846.397,822.083,833.786,191134.0,833.786
2017-10-24,834.684,840.994,832.899,840.994,72964.9,840.994
2017-10-25,845.49,861.69,845.49,850.893,169032.0,850.893
2017-10-26,851.781,862.597,847.304,858.998,75965.9,858.998
2017-10-27,863.485,879.694,858.998,872.497,191466.0,872.497
2017-10-30,874.321,891.418,873.394,886.902,244441.0,886.902
2017-10-31,894.11,916.62,892.315,904.926,207904.0,904.926
2017-11-01,909.422,913.908,895.924,906.711,189802.0,906.711
2017-11-02,911.217,914.815,897.728,910.309,108062.0,910.309
2017-11-06,913.908,922.92,906.711,920.219,151930.0,920.219
2017-11-07,906.711,923.827,902.214,922.023,129829.0,922.023
2017-11-08,918.424,925.622,910.309,914.815,196908.0,914.815
2017-11-09,914.815,943.646,910.309,931.025,374048.0,931.025
2017-11-10,922.92,973.354,918.424,953.535,301974.0,953.535
2017-11-13,932.83,932.83,864.382,865.289,274542.0,865.289
2017-11-14,862.597,866.186,815.772,817.577,438244.0,817.577
2017-11-15,815.772,815.772,779.764,787.879,374717.0,787.879
2017-11-16,786.074,801.367,768.947,796.851,314744.0,796.851
2017-11-17,796.851,803.171,786.074,792.375,211569.0,792.375
2017-11-20,792.375,808.565,785.177,804.069,222452.0,804.069
2017-11-21,809.482,840.097,809.482,822.083,181471.0,822.083
2017-11-22,822.083,834.684,807.667,831.075,160370.0,831.075
2017-11-24,832.899,833.786,821.176,828.383,76076.4,828.383
2017-11-27,828.383,828.383,806.77,816.67,117279.0,816.67
2017-11-28,814.865,825.682,811.266,818.474,99508.6,818.474
2017-11-29,825.682,836.498,814.865,834.684,128385.0,834.684
2017-11-30,831.982,844.593,831.982,844.593,177253.0,844.593
2017-12-01,844.593,858.998,840.097,844.593,169144.0,844.593
2017-12-04,844.593,847.304,826.589,830.178,184469.0,830.178
2017-12-05,827.476,836.498,815.772,829.271,169367.0,829.271
2017-12-06,820.288,864.382,816.67,859.905,515651.0,859.905
2017-12-07,859.905,880.611,857.194,869.795,259213.0,869.795
2017-12-08,856.297,883.303,856.297,878.797,205016.0,878.797
2017-12-11,884.21,888.716,868.898,884.21,186581.0,884.21
2017-12-12,882.416,883.303,859.905,866.186,145600.0,866.186
2017-12-13,866.186,868.01,836.498,839.19,166255.0,839.19
2017-12-14,851.781,879.694,842.779,877.9,282759.0,877.9
2017-12-15,889.623,901.317,873.394,891.418,339843.0,891.418
2017-12-18,903.122,913.908,891.418,903.122,193132.0,903.122
2017-12-19,901.317,903.122,873.394,875.218,117169.0,875.218
2017-12-20,875.218,875.218,855.38,859.905,69967.9,859.905
2017-12-21,864.382,865.289,850.893,861.69,71410.1,861.69
2017-12-22,861.69,865.289,852.688,856.297,68857.3,856.297
2017-12-25,861.69,864.382,849.996,853.595,44980.9,853.595
2017-12-26,853.595,861.69,841.881,854.492,97732.8,854.492
2017-12-27,863.485,895.017,862.597,887.809,149819.0,887.809
2017-12-28,886.902,904.926,884.21,895.017,176252.0,895.017
2017-12-29,895.017,895.924,879.694,889.623,85294.6,889.623
2018-01-04,891.418,898.616,879.694,889.623,179471.0,889.623
2018-01-05,893.212,909.422,887.809,906.711,194910.0,906.711
2018-01-09,911.217,912.124,893.212,897.728,136935.0,897.728
2018-01-10,900.4,920.219,897.728,906.711,171920.0,906.711
2018-01-11,905.823,922.92,893.212,914.815,156595.0,914.815
2018-01-12,910.309,916.62,900.4,909.422,120722.0,909.422
2018-01-15,911.217,928.333,911.217,913.021,128941.0,913.021
2018-01-16,913.021,918.424,909.422,909.422,61415.1,909.422
2018-01-17,904.019,907.598,893.212,902.214,146487.0,902.214
2018-01-18,902.214,908.525,890.521,892.315,131605.0,892.315
2018-01-19,895.924,911.217,895.924,907.598,88514.7,907.598
2018-01-22,902.214,921.116,896.821,917.517,139159.0,917.517
2018-01-23,917.517,931.932,917.517,922.92,154153.0,922.92
2018-01-24,922.92,943.646,922.92,937.326,153373.0,937.326
2018-01-25,940.027,940.027,927.436,933.727,50977.9,933.727
2018-01-26,932.83,943.646,931.025,935.531,61415.1,935.531
2018-01-29,938.223,942.759,930.128,939.14,77409.1,939.14
2018-01-30,937.326,947.225,923.827,928.333,117834.0,928.333
2018-01-31,923.827,953.535,919.321,926.539,149041.0,926.539
2018-02-01,928.333,943.646,923.827,932.83,159037.0,932.83
2018-02-02,923.827,956.237,923.827,949.946,152374.0,949.946
2018-02-05,922.92,955.33,922.92,937.326,172254.0,937.326
2018-02-06,876.993,879.694,831.982,850.893,250885.0,850.893
2018-02-07,881.518,889.623,841.881,842.779,131162.0,842.779
2018-02-08,842.779,871.609,837.395,852.688,155704.0,852.688
2018-02-09,812.164,870.702,812.164,868.898,186135.0,868.898
2018-02-13,882.416,895.017,869.795,873.394,182914.0,873.394
2018-02-14,873.394,876.095,838.283,847.304,131273.0,847.304
2018-02-15,858.091,858.998,843.696,852.688,99843.3,852.688
2018-02-16,859.905,884.21,859.905,873.394,71410.1,873.394
2018-02-19,875.218,918.424,875.218,917.517,96288.5,917.517
2018-02-20,895.924,924.715,895.924,921.116,58418.1,921.116
2018-02-21,920.219,950.854,912.124,936.438,114946.0,936.438
2018-02-22,925.622,925.622,908.525,919.321,66079.4,919.321
2018-02-23,924.715,941.832,918.424,933.727,86515.7,933.727
2018-02-26,933.727,967.044,930.128,958.051,220231.0,958.051
2018-02-27,957.144,965.249,949.946,955.33,125497.0,955.33
2018-02-28,955.33,976.056,944.533,953.535,197465.0,953.535
2018-03-01,940.027,959.846,928.333,954.443,153818.0,954.443
2018-03-02,940.027,954.443,938.223,944.533,119168.0,944.533
2018-03-05,943.646,950.854,930.128,948.132,122942.0,948.132
2018-03-06,958.051,970.642,952.648,954.443,93955.9,954.443
2018-03-07,955.33,975.139,953.535,966.146,87849.3,966.146
2018-03-08,967.044,972.437,961.64,967.941,77963.9,967.941
2018-03-09,975.139,1012.07,975.139,988.647,225230.0,988.647
2018-03-12,1003.06,1019.26,994.06,1003.06,159594.0,1003.06
2018-03-13,997.669,1035.48,994.967,1035.48,182914.0,1035.48
2018-03-14,1023.76,1038.18,1009.36,1031.87,159259.0,1031.87
2018-03-15,1030.07,1032.79,1000.36,1019.26,83184.0,1019.26
2018-03-16,1012.07,1024.67,1004.87,1015.66,82629.2,1015.66
2018-03-19,1006.66,1012.98,991.368,996.742,54197.0,996.742
2018-03-20,974.241,1003.96,974.241,1003.06,71635.2,1003.06
2018-03-22,1003.96,1021.08,995.864,1017.47,82516.6,1017.47
2018-03-23,990.451,994.06,967.044,972.437,102621.0,972.437
2018-03-26,962.528,976.953,946.338,976.953,111837.0,976.953
2018-03-27,985.038,1018.35,983.253,1017.47,85736.7,1017.47
2018-03-28,1018.36,1029.26,1007.5,1026.53,73553.1,1026.53
2018-03-29,1033.79,1041.95,1008.4,1030.16,68701.2,1030.16
2018-03-30,1034.7,1057.37,1009.3,1049.22,108510.0,1049.22
2018-04-02,1056.46,1065.53,1031.06,1053.74,119757.0,1053.74
2018-04-03,1030.16,1049.22,1022.91,1039.23,76862.5,1039.23
2018-04-04,1047.39,1068.24,1043.77,1061.9,111155.0,1061.9
2018-04-05,1067.33,1077.33,1062.8,1065.53,96712.5,1065.53
2018-04-06,1070.05,1070.05,1057.37,1059.17,70354.3,1059.17
2018-04-09,1056.46,1080.96,1056.46,1071.88,103107.0,1071.88
2018-04-10,1070.97,1083.66,1066.43,1071.88,66383.7,1071.88
2018-04-11,1068.24,1078.23,1059.17,1073.71,72780.3,1073.71
2018-04-12,1071.88,1071.88,1051.04,1055.55,72339.1,1055.55
2018-04-13,1059.17,1062.8,1043.77,1060.08,83478.1,1060.08
2018-04-16,1059.17,1077.33,1058.28,1073.71,54695.0,1073.71
2018-04-17,1072.79,1075.5,1062.8,1068.24,37935.3,1068.24
2018-04-18,1060.99,1079.14,1060.99,1077.33,69141.3,1077.33
2018-04-19,1076.41,1080.96,1065.53,1067.33,82153.6,1067.33
2018-04-20,1065.53,1075.5,1062.8,1070.97,95608.0,1070.97
2018-04-23,1068.24,1081.84,1064.63,1068.24,46755.8,1068.24
2018-04-24,1066.43,1080.96,1065.53,1077.33,55357.3,1077.33
2018-04-25,1072.79,1080.05,1066.43,1074.6,52490.1,1074.6
2018-04-26,1078.23,1085.48,1070.05,1085.48,61203.1,1085.48
2018-04-27,1088.2,1112.69,1088.2,1102.72,132770.0,1102.72
2018-05-01,1094.55,1098.16,1080.96,1088.2,52490.1,1088.2
2018-05-02,1090.01,1109.96,1090.01,1098.16,67046.0,1098.16
2018-05-07,1098.16,1129.01,1098.16,1126.28,65282.3,1126.28
2018-05-08,1126.28,1135.35,1109.96,1123.57,75758.0,1123.57
2018-05-09,1122.66,1132.63,1117.23,1128.11,55797.4,1128.11
2018-05-10,1129.93,1138.07,1104.51,1132.63,77962.9,1132.63
2018-05-11,1134.45,1224.22,1134.45,1216.97,256496.0,1216.97
2018-05-14,1215.15,1250.51,1208.81,1243.27,174453.0,1243.27
2018-05-15,1244.18,1264.12,1227.85,1240.56,125051.0,1240.56
2018-05-16,1246.0,1264.12,1230.58,1235.11,149530.0,1235.11
2018-05-17,1233.3,1234.21,1211.53,1229.66,77192.1,1229.66
2018-05-18,1224.22,1243.27,1210.61,1214.24,89984.2,1214.24
2018-05-21,1207.0,1273.18,1205.19,1266.85,123287.0,1266.85
2018-05-22,1267.75,1268.67,1227.85,1237.84,89542.0,1237.84
2018-05-23,1233.3,1247.81,1221.5,1235.11,87557.2,1235.11
2018-05-24,1233.3,1233.3,1208.81,1209.71,61530.7,1209.71
2018-05-25,1199.74,1236.92,1196.12,1216.07,80167.7,1216.07
2018-05-28,1215.15,1226.95,1203.38,1222.41,87888.9,1222.41
2018-05-29,1216.07,1228.75,1190.68,1201.56,73773.2,1201.56
2018-05-30,1182.51,1193.39,1171.62,1184.33,109611.0,1184.33
2018-05-31,1182.51,1188.85,1147.14,1158.94,217129.0,1158.94
2018-06-01,1135.35,1139.89,1118.13,1133.54,216358.0,1133.54
2018-06-04,1144.42,1159.84,1130.83,1142.61,218892.0,1142.61
2018-06-05,1149.86,1155.31,1118.13,1135.35,130895.0,1135.35
2018-06-06,1133.54,1187.95,1129.01,1170.71,171366.0,1170.71
2018-06-07,1186.13,1187.95,1160.75,1169.81,70243.8,1169.81
2018-06-08,1155.31,1166.19,1155.31,1165.29,63737.6,1165.29
2018-06-11,1168.01,1176.16,1163.46,1172.52,44992.1,1172.52
2018-06-12,1184.33,1186.13,1166.19,1185.22,46204.1,1185.22
2018-06-13,1185.22,1201.56,1177.06,1200.65,67926.3,1200.65
2018-06-14,1190.68,1216.97,1181.61,1213.34,117552.0,1213.34
2018-06-15,1215.15,1226.95,1202.46,1206.1,96269.3,1206.1
2018-06-18,1213.34,1227.85,1182.51,1184.33,81601.8,1184.33
2018-06-19,1184.33,1193.39,1148.04,1153.5,62524.6,1153.5
2018-06-20,1156.22,1197.04,1156.22,1195.21,103325.0,1195.21
2018-06-21,1196.12,1197.93,1177.06,1186.13,44772.0,1186.13
2018-06-22,1176.16,1185.22,1163.46,1174.35,43006.3,1174.35
2018-06-25,1174.35,1188.85,1146.24,1152.59,66274.2,1152.59
2018-06-26,1129.93,1177.98,1129.93,1169.81,86786.4,1169.81
2018-06-27,1169.81,1175.26,1138.07,1155.31,102994.0,1155.31
2018-06-28,1146.24,1154.4,1141.7,1151.68,44330.8,1151.68
2018-06-29,1152.59,1168.92,1145.33,1159.84,58226.4,1159.84
2018-07-02,1152.59,1158.94,1119.02,1119.02,66274.2,1119.02
2018-07-03,1124.48,1129.01,1102.72,1107.24,92518.7,1107.24
2018-07-04,1091.84,1100.0,1079.14,1083.66,82926.4,1083.66
2018-07-05,1079.14,1080.96,1045.58,1051.94,71456.7,1051.94
2018-07-06,1104.51,1104.51,1061.9,1073.71,81050.1,1073.71
2018-07-09,1082.75,1114.51,1073.71,1114.51,57783.2,1114.51
2018-07-10,1121.76,1134.45,1111.77,1123.57,63849.2,1123.57
2018-07-11,1120.86,1133.54,1109.96,1111.77,68701.2,1111.77
2018-07-12,1120.86,1151.68,1119.02,1123.57,64291.4,1123.57
2018-07-13,1126.28,1141.7,1124.48,1138.07,46645.2,1138.07
2018-07-17,1144.42,1172.52,1138.99,1165.29,52158.5,1165.29
2018-07-18,1177.06,1197.93,1173.44,1181.61,65725.5,1181.61
2018-07-19,1193.39,1193.39,1166.19,1168.92,25472.7,1168.92
2018-07-20,1168.92,1181.61,1155.31,1168.01,41133.0,1168.01
2018-07-23,1161.66,1170.71,1152.59,1165.29,48299.4,1165.29
2018-07-24,1177.06,1195.21,1169.81,1194.31,79947.7,1194.31
2018-07-25,1209.71,1221.5,1202.46,1207.0,76641.4,1207.0
2018-07-26,1230.58,1248.71,1218.8,1245.09,90204.3,1245.09
2018-07-27,1252.33,1294.04,1252.33,1275.01,113581.0,1275.01
2018-07-30,1314.91,1316.73,1297.69,1302.21,146221.0,1302.21
2018-07-31,1302.21,1303.12,1265.93,1281.37,179193.0,1281.37
2018-08-01,1270.48,1300.4,1241.47,1287.69,241609.0,1287.69
2018-08-02,1287.69,1293.13,1260.51,1261.41,110053.0,1261.41
2018-08-03,1251.41,1276.83,1246.9,1261.41,115234.0,1261.41
2018-08-06,1261.41,1261.41,1226.95,1231.48,148648.0,1231.48
2018-08-07,1223.32,1232.39,1215.15,1226.04,92849.4,1226.04
2018-08-08,1226.04,1239.65,1209.71,1212.44,179745.0,1212.44
2018-08-09,1201.56,1207.0,1160.75,1186.13,253960.0,1186.13
2018-08-10,1197.04,1197.04,1086.4,1100.9,281748.0,1100.9
2018-08-13,1108.15,1125.38,1075.5,1089.1,161990.0,1089.1
2018-08-14,1081.84,1098.16,1081.84,1094.55,126151.0,1094.55
2018-08-15,1088.2,1095.46,1081.84,1090.01,87557.2,1090.01
2018-08-16,1076.41,1087.31,1043.77,1046.48,113140.0,1046.48
2018-08-17,1051.94,1052.84,1025.62,1036.53,79618.0,1036.53
2018-08-20,1031.98,1047.39,1024.72,1035.62,85573.5,1035.62
2018-08-21,1025.62,1033.79,1017.47,1019.27,48080.3,1019.27
2018-08-22,1019.27,1045.58,1019.27,1035.62,60870.5,1035.62
2018-08-23,1031.98,1041.04,1030.16,1035.62,62966.8,1035.62
2018-08-24,1055.55,1062.8,1037.42,1055.55,117884.0,1055.55
2018-08-27,1055.55,1070.97,1039.23,1060.99,98805.8,1060.99
2018-08-28,1072.79,1084.57,1071.88,1081.84,88330.1,1081.84
2018-08-29,1085.48,1089.1,1070.05,1076.41,73994.3,1076.41
2018-08-30,1083.66,1097.25,1081.84,1091.84,127697.0,1091.84
2018-08-31,1081.84,1097.25,1074.6,1075.5,68260.0,1075.5
2018-09-03,1078.23,1082.75,1031.98,1035.62,115566.0,1035.62
2018-09-04,1033.79,1037.42,1026.53,1032.88,106304.0,1032.88
2018-09-05,1032.88,1051.94,1032.88,1044.67,85461.9,1044.67
2018-09-06,1047.39,1069.14,1043.77,1049.22,67266.1,1049.22
2018-09-07,1042.87,1055.55,1039.23,1051.94,70133.2,1051.94
2018-09-10,1051.94,1067.33,1049.22,1057.37,108399.0,1057.37
2018-09-11,1057.37,1065.53,1042.87,1047.39,107407.0,1047.39
2018-09-12,1042.87,1045.58,1005.67,1011.13,88990.3,1011.13
2018-09-13,1015.66,1033.79,1010.22,1017.47,55797.4,1017.47
2018-09-14,1023.81,1050.12,1023.81,1038.32,89100.9,1038.32
2018-09-18,1029.26,1042.87,1012.94,1037.42,129902.0,1037.42
2018-09-19,1058.28,1058.28,1034.7,1052.84,93842.3,1052.84
2018-09-20,1062.8,1065.53,1050.12,1055.55,60980.0,1055.55
2018-09-21,1058.28,1086.4,1058.28,1081.84,84138.4,1081.84
2018-09-25,1088.2,1100.0,1084.57,1100.0,113140.0,1100.0
2018-09-26,1114.62,1114.62,1097.23,1110.03,116132.0,1110.03
2018-09-27,1108.22,1132.88,1102.74,1116.45,88987.3,1116.45
2018-09-28,1121.01,1142.94,1116.45,1131.06,94350.4,1131.06
2018-10-01,1129.22,1142.01,1125.56,1132.88,58339.0,1132.88
2018-10-02,1144.77,1157.55,1117.35,1119.18,81982.2,1119.18
2018-10-03,1119.18,1124.64,1090.85,1092.69,101902.0,1092.69
2018-10-04,1112.77,1112.77,1070.76,1081.71,73334.0,1081.71
2018-10-05,1085.37,1088.12,1066.19,1068.02,74318.8,1068.02
2018-10-09,1068.02,1078.06,1043.34,1047.01,58559.1,1047.01
2018-10-10,1061.63,1061.63,1035.13,1053.4,79246.9,1053.4
2018-10-11,1025.99,1034.22,994.011,998.595,117225.0,998.595
2018-10-12,991.269,1018.68,983.046,1009.53,114819.0,1009.53
2018-10-15,1004.97,1024.16,997.669,1002.24,63045.9,1002.24
2018-10-16,1000.41,1019.6,990.352,994.928,64797.5,994.928
2018-10-17,1004.97,1025.99,998.595,1022.34,66221.4,1022.34
2018-10-18,1021.42,1025.99,995.844,998.595,70708.3,998.595
2018-10-19,988.528,1001.33,985.787,1000.41,37871.4,1000.41
2018-10-22,990.352,1012.28,989.436,1004.97,44547.9,1004.97
2018-10-23,994.011,999.512,973.916,973.916,77383.8,973.916
2018-10-24,978.471,1000.41,974.843,995.844,59324.8,995.844
2018-10-25,951.978,953.812,917.261,927.318,116899.0,927.318
2018-10-26,927.318,936.448,908.13,915.446,106391.0,915.446
2018-10-29,926.401,949.246,926.401,932.79,68518.6,932.79
2018-10-30,933.707,960.211,925.484,953.812,98183.1,953.812
2018-10-31,955.645,977.574,948.339,977.574,72131.2,977.574
2018-11-01,971.185,987.611,969.361,978.471,60857.3,978.471
2018-11-02,977.574,993.094,972.999,993.094,95444.7,993.094
2018-11-05,974.843,996.742,973.916,989.436,44768.0,989.436
2018-11-06,999.512,999.512,982.119,995.844,59872.5,995.844
2018-11-07,991.269,1020.51,986.694,1007.71,92053.2,1007.71
2018-11-08,1018.68,1030.56,1012.28,1012.28,63373.5,1012.28
2018-11-09,1008.62,1025.99,1007.71,1009.53,28895.7,1009.53
2018-11-12,1001.33,1007.71,991.269,998.595,58996.2,998.595
2018-11-13,983.963,1004.97,966.59,1000.41,85157.6,1000.41
2018-11-14,995.844,1013.2,983.046,994.011,105953.0,994.011
2018-11-15,994.011,1084.47,994.011,1059.8,222083.0,1059.8
2018-11-16,1068.92,1107.3,1068.02,1088.12,157506.0,1088.12
2018-11-19,1092.69,1122.84,1092.69,1110.03,113504.0,1110.03
2018-11-20,1110.03,1134.71,1100.0,1102.74,118211.0,1102.74
2018-11-21,1090.85,1112.77,1084.47,1098.15,89643.5,1098.15
2018-11-22,1108.22,1118.27,1085.37,1094.52,92380.8,1094.52
2018-11-26,1100.91,1115.53,1091.78,1094.52,93037.0,1094.52
2018-11-27,1105.47,1114.62,1094.52,1104.55,91943.7,1104.55
2018-11-28,1114.62,1126.48,1090.85,1122.84,182571.0,1122.84
2018-11-29,1139.28,1144.77,1105.47,1108.22,96758.1,1108.22
2018-11-30,1113.69,1129.22,1100.91,1105.47,106939.0,1105.47
2018-12-03,1116.45,1140.19,1103.63,1131.06,87452.8,1131.06
2018-12-04,1120.1,1123.76,1094.52,1096.33,98400.1,1096.33
2018-12-05,1079.89,1080.81,1062.53,1063.44,91724.6,1063.44
2018-12-06,1054.31,1054.31,1034.22,1041.53,97635.4,1041.53
2018-12-07,1033.3,1041.53,1012.28,1015.02,85594.8,1015.02
2018-12-10,997.669,1004.06,969.361,970.268,91833.1,970.268
2018-12-11,968.444,975.75,957.46,962.035,71147.4,962.035
2018-12-12,972.999,994.928,971.185,993.094,57902.9,993.094
2018-12-13,1002.24,1004.06,983.046,1000.41,63156.5,1000.41
2018-12-14,1002.24,1005.9,989.436,990.352,97196.2,990.352
2018-12-17,994.928,1004.06,983.046,989.436,58559.1,989.436
2018-12-18,981.212,997.669,966.59,986.694,99275.4,986.694
2018-12-19,991.269,999.512,977.574,994.011,54506.3,994.011
2018-12-20,988.528,991.269,971.185,977.574,114488.0,977.574
2018-12-21,976.657,976.657,910.871,941.023,146779.0,941.023
2018-12-25,913.622,913.622,864.264,867.024,87344.3,867.024
2018-12-26,880.73,887.119,858.801,874.34,53413.0,874.34
2018-12-27,898.083,937.365,898.083,931.883,81434.5,931.883
2018-12-28,935.541,957.46,921.836,951.978,65782.3,951.978
2019-01-04,932.79,952.895,930.966,942.857,67533.8,942.857
2019-01-07,970.268,983.963,960.211,965.673,58559.1,965.673
2019-01-08,970.268,983.046,958.367,962.942,52427.2,962.942
2019-01-09,968.444,990.352,960.211,979.378,69613.9,979.378
2019-01-10,972.082,972.082,958.367,969.361,47286.2,969.361
2019-01-11,969.361,980.295,944.681,959.294,60528.7,959.294
2019-01-15,949.246,988.528,949.246,982.119,64907.0,982.119
2019-01-16,982.119,983.046,952.895,956.553,64031.8,956.553
2019-01-17,961.118,986.694,951.978,971.185,99824.0,971.185
2019-01-18,974.843,992.196,962.035,971.185,60638.2,971.185
2019-01-21,981.212,997.669,975.75,991.269,80340.2,991.269
2019-01-22,997.669,1001.33,984.88,991.269,40170.6,991.269
2019-01-23,983.046,1004.06,978.471,991.269,73992.3,991.269
2019-01-24,990.352,996.742,981.212,992.196,65453.7,992.196
2019-01-25,1006.81,1012.28,970.268,971.185,92817.9,971.185
2019-01-28,961.118,968.444,941.94,943.774,48161.5,943.774
2019-01-29,944.681,956.553,930.966,954.729,67973.0,954.729
2019-01-30,964.766,965.673,939.199,940.106,79137.3,940.106
2019-01-31,952.895,952.895,911.779,915.446,86468.0,915.446
2019-02-01,914.53,923.65,896.259,921.836,86248.9,921.836
2019-02-04,933.707,968.444,927.318,968.444,110221.0,968.444
2019-02-05,967.527,985.787,961.118,971.185,85374.7,971.185
2019-02-06,981.212,981.212,953.812,976.657,78806.7,976.657
2019-02-07,982.119,1004.97,982.119,999.512,138679.0,999.512
2019-02-08,979.378,1008.62,963.859,1000.41,131565.0,1000.41
2019-02-12,945.598,964.766,895.352,916.363,135615.0,916.363
2019-02-13,913.622,917.261,894.425,897.166,119527.0,897.166
2019-02-14,890.757,903.555,887.119,899.917,45861.3,899.917
2019-02-15,897.166,897.166,881.656,887.119,39950.5,887.119
2019-02-18,900.824,907.223,894.425,904.463,43782.1,904.463
2019-02-19,903.555,905.389,882.554,888.036,66767.1,888.036
2019-02-20,882.554,899.917,882.554,896.259,65127.1,896.259
2019-02-21,903.555,926.401,901.741,922.753,90847.3,922.753
2019-02-22,921.836,954.729,918.168,951.978,82858.4,951.978
2019-02-25,953.812,965.673,950.144,957.46,60418.1,957.46
2019-02-26,956.553,956.553,941.94,944.681,36886.6,944.681
2019-02-27,949.246,967.527,949.246,958.367,61622.0,958.367
2019-02-28,959.294,972.082,958.367,960.211,64689.0,960.211
2019-03-01,957.46,966.59,941.023,947.422,68299.5,947.422
2019-03-04,954.729,954.729,922.753,926.401,50786.2,926.401
2019-03-05,927.318,928.245,903.555,908.13,50021.5,908.13
2019-03-06,907.223,909.047,893.498,902.658,57902.9,902.658
2019-03-07,899.0,907.223,891.674,903.555,61842.1,903.555
2019-03-08,889.86,891.674,874.34,875.248,84937.6,875.248
2019-03-11,880.73,904.463,876.155,903.555,42797.4,903.555
2019-03-12,916.363,939.199,916.363,925.484,51881.6,925.484
2019-03-13,917.261,917.261,906.306,907.223,20141.0,907.223
2019-03-14,901.741,907.223,881.656,882.554,39730.4,882.554
2019-03-15,884.378,898.083,883.471,887.119,49255.8,887.119
2019-03-18,896.259,909.047,887.119,908.13,39076.2,908.13
2019-03-19,907.223,907.223,886.202,889.86,25174.5,889.86
2019-03-20,891.674,900.824,884.378,899.0,32946.4,899.0
2019-03-22,900.824,925.484,900.824,920.002,58013.5,920.002
2019-03-25,907.223,907.223,878.896,887.119,65345.1,887.119
2019-03-26,898.083,931.883,895.352,931.883,97196.2,931.883
2019-03-27,934.654,937.405,921.757,930.956,39599.6,930.956
2019-03-28,920.83,920.83,898.704,913.445,52508.4,913.445
2019-03-29,914.382,918.059,895.017,904.236,52508.4,904.236
2019-04-01,924.508,930.039,914.382,924.508,76376.7,924.508
2019-04-02,929.122,930.039,902.382,903.309,41767.9,903.309
2019-04-03,901.455,904.236,883.964,903.309,61839.0,903.309
2019-04-04,904.236,905.133,889.495,891.339,41226.4,891.339
2019-04-05,895.944,902.382,887.641,902.382,27664.4,902.382
2019-04-08,904.236,904.236,892.256,897.797,12368.2,897.797
2019-04-09,898.704,898.704,878.422,883.037,29508.2,883.037
2019-04-10,878.422,878.422,868.277,873.828,27230.3,873.828
2019-04-11,871.047,871.047,858.15,864.599,25928.1,864.599
2019-04-12,875.662,887.641,874.735,884.881,43830.8,884.881
2019-04-15,889.495,906.07,889.495,902.382,43612.8,902.382
2019-04-16,906.07,909.767,890.422,892.256,26579.2,892.256
2019-04-17,896.87,897.797,886.715,894.1,22673.5,894.1
2019-04-18,891.339,891.339,863.672,869.203,35475.8,869.203
2019-04-19,882.11,882.11,865.526,867.36,10630.8,867.36
2019-04-22,873.828,876.588,863.672,870.13,10740.4,870.13
2019-04-23,873.828,890.422,873.828,890.422,33414.9,890.422
2019-04-24,894.1,896.87,867.36,871.047,28965.6,871.047
2019-04-25,884.881,884.881,859.994,873.828,58367.4,873.828
2019-04-26,870.13,883.964,858.15,878.422,32655.3,878.422
2019-05-07,881.173,905.133,881.173,885.798,84079.5,885.798
2019-05-08,867.36,869.203,830.493,831.41,88743.9,831.41
2019-05-09,830.493,830.493,793.627,793.627,59669.7,793.627
2019-05-10,794.544,829.576,794.544,811.138,54786.3,811.138
2019-05-13,811.138,821.274,777.95,778.876,48712.2,778.876
2019-05-14,737.396,771.501,735.562,765.97,84728.6,765.97
2019-05-15,769.648,788.086,758.604,777.033,77135.3,777.033
2019-05-16,773.355,797.315,763.199,789.012,47518.5,789.012
2019-05-17,800.075,843.39,800.075,824.972,101980.0,824.972
2019-05-20,836.025,869.203,831.41,858.15,105127.0,858.15
2019-05-21,849.848,887.641,841.556,870.13,93734.8,870.13
2019-05-22,871.047,877.496,830.493,836.932,85057.2,836.932
2019-05-23,828.659,844.317,823.128,824.055,65093.6,824.055
2019-05-24,818.513,865.526,814.816,860.911,65420.2,860.911
2019-05-27,859.994,876.588,854.453,864.599,33739.5,864.599
2019-05-28,862.755,866.443,833.254,838.795,108489.0,838.795
2019-05-29,831.41,836.025,818.513,828.659,68565.2,828.659
2019-05-30,819.43,842.483,819.43,831.41,52616.9,831.41
2019-05-31,819.43,829.576,809.284,812.055,57173.7,812.055
2019-06-03,803.763,820.357,800.992,806.534,41877.5,806.534
2019-06-04,810.211,828.659,807.451,827.732,29834.8,827.732
2019-06-05,836.932,859.994,822.211,855.38,90913.2,855.38
2019-06-06,855.38,883.964,854.453,868.277,68130.2,868.277
2019-06-07,871.974,872.901,854.453,865.526,62707.2,865.526
2019-06-10,868.277,883.964,868.277,881.173,41767.9,881.173
2019-06-11,882.11,883.964,855.38,858.15,54354.2,858.15
2019-06-12,859.077,863.672,845.244,847.078,27015.3,847.078
2019-06-13,841.556,851.702,832.337,837.859,34499.1,837.859
2019-06-14,824.055,825.889,812.055,812.055,72471.0,812.055
2019-06-17,814.816,839.712,803.763,826.815,73556.1,826.815
2019-06-18,832.337,845.244,809.284,811.138,37429.2,811.138
2019-06-19,824.972,837.859,816.66,836.025,40683.8,836.025
2019-06-20,837.859,848.004,832.337,836.932,26796.2,836.932
2019-06-21,840.629,850.775,834.171,835.098,55870.5,835.098
2019-06-24,836.025,848.004,836.025,847.078,25386.5,847.078
2019-06-25,843.39,843.39,812.972,812.972,43722.3,812.972
2019-06-26,814.816,827.732,811.138,818.513,47084.4,818.513
2019-06-27,820.357,839.712,819.43,839.712,54137.2,839.712
2019-06-28,832.337,840.629,819.43,821.274,64985.1,821.274
2019-07-01,842.483,856.307,839.712,856.307,47193.9,856.307
2019-07-02,854.453,854.453,839.712,845.244,38187.8,845.244
2019-07-03,845.244,855.38,836.932,853.536,29617.8,853.536
2019-07-04,854.453,872.901,854.453,861.828,48604.7,861.828
2019-07-05,860.911,873.828,856.307,866.443,45891.7,866.443
2019-07-08,861.828,865.526,837.859,838.795,63465.8,838.795
2019-07-09,841.556,847.078,828.659,828.659,52183.8,828.659
2019-07-10,829.576,843.39,824.055,833.254,46650.3,833.254
2019-07-11,833.254,843.39,833.254,840.629,36451.5,840.629
2019-07-12,840.629,843.39,835.098,837.859,42744.6,837.859
2019-07-16,834.171,841.556,830.493,830.493,28098.5,830.493
2019-07-17,831.41,855.38,821.274,846.171,57934.4,846.171
2019-07-18,836.025,841.556,803.763,803.763,75400.0,803.763
2019-07-19,808.377,840.629,808.377,839.712,41877.5,839.712
2019-07-22,839.712,846.171,821.274,824.055,41226.4,824.055
2019-07-23,827.732,834.171,817.587,823.128,32547.8,823.128
2019-07-24,825.889,826.815,814.816,817.587,31136.0,817.587
2019-07-25,831.41,831.41,813.889,826.815,39381.5,826.815
2019-07-26,817.587,821.274,814.816,817.587,26686.7,817.587
2019-07-29,819.43,824.055,801.909,807.451,36562.0,807.451
2019-07-30,812.972,817.587,803.763,812.055,68457.7,812.055
2019-07-31,806.534,814.816,786.252,791.783,103715.0,791.783
2019-08-01,788.086,795.461,786.252,795.461,28965.6,795.461
2019-08-02,781.627,787.169,760.458,764.116,75942.6,764.116
2019-08-05,758.604,760.458,741.083,752.136,57390.7,752.136
2019-08-06,735.562,742.01,721.728,736.479,70952.7,736.479
2019-08-07,732.791,739.249,725.416,735.562,51642.2,735.562
2019-08-08,743.834,756.761,731.864,742.927,32655.3,742.927
2019-08-09,742.927,755.844,732.791,741.083,47084.4,741.083
2019-08-13,671.945,693.164,641.537,645.225,116734.0,645.225
2019-08-14,650.737,694.998,650.737,693.164,149607.0,693.164
2019-08-15,670.121,683.008,667.351,680.247,52508.4,680.247
2019-08-16,671.048,684.852,668.268,678.394,37319.6,678.394
2019-08-19,683.935,694.998,682.081,683.935,26579.2,683.935
2019-08-20,691.32,706.051,689.466,700.519,36451.5,700.519
2019-08-21,690.403,695.915,683.935,687.623,30919.0,687.623
2019-08-22,691.32,695.915,682.081,682.081,20830.7,682.081
2019-08-23,689.466,696.842,687.623,692.237,37211.1,692.237
2019-08-26,682.081,683.008,655.361,675.633,72797.5,675.633
2019-08-27,689.466,705.144,689.466,704.217,68890.8,704.217
2019-08-28,705.144,709.748,703.3,706.978,38513.4,706.978
2019-08-29,707.905,709.748,699.602,705.144,16272.9,705.144
2019-08-30,714.353,714.353,695.915,700.519,74641.3,700.519
2019-09-02,695.915,696.842,681.164,681.164,24302.3,681.164
2019-09-03,683.935,688.54,676.56,683.935,27773.9,683.935
2019-09-04,678.394,683.935,668.268,671.945,61947.6,671.945
2019-09-05,677.487,699.602,677.487,694.081,42744.6,694.081
2019-09-06,696.842,704.217,676.56,676.56,56198.0,676.56
2019-09-09,679.321,690.403,673.799,686.706,29617.8,686.706
2019-09-10,687.623,696.842,683.008,690.403,46324.8,690.403
2019-09-11,693.164,707.905,693.164,701.446,91890.9,701.446
2019-09-12,713.426,714.353,678.394,691.32,134744.0,691.32
2019-09-13,683.935,691.32,679.321,689.466,128560.0,689.466
2019-09-17,695.915,695.915,683.008,691.32,67913.1,691.32
2019-09-18,693.164,712.509,690.403,708.831,111961.0,708.831
2019-09-19,714.353,736.479,713.426,733.708,110658.0,733.708
2019-09-20,742.927,756.761,735.562,744.761,105235.0,744.761
2019-09-24,746.615,764.116,733.708,737.396,62490.2,737.396
2019-09-25,737.396,737.396,713.426,730.947,52616.9,730.947
2019-09-26,742.927,742.927,721.728,726.333,93626.2,726.333
2019-09-27,737.514,737.514,713.268,720.742,56520.6,720.742
2019-09-30,721.679,721.679,698.37,703.951,56520.6,703.951
2019-10-01,709.551,725.406,709.551,724.479,44722.3,724.479
2019-10-02,719.805,732.86,712.351,717.942,38288.2,717.942
2019-10-03,697.433,699.307,688.106,697.433,49549.9,697.433
2019-10-04,699.307,706.751,690.896,704.887,29923.0,704.887
2019-10-07,712.351,724.479,700.234,724.479,57701.1,724.479
2019-10-08,727.269,731.933,721.679,728.206,46760.9,728.206
2019-10-09,728.206,741.261,724.479,740.324,51802.5,740.324
2019-10-10,743.114,744.988,725.406,733.797,36357.2,733.797
2019-10-11,738.451,743.114,728.206,741.261,51267.0,741.261
2019-10-15,760.823,767.36,754.305,762.696,78615.0,762.696
2019-10-16,762.696,772.951,759.886,765.496,82047.1,765.496
2019-10-17,768.297,772.951,758.969,769.224,44400.8,769.224
2019-10-18,773.887,786.015,761.769,764.57,37537.7,764.57
2019-10-21,772.024,772.024,762.696,768.297,15659.3,768.297
2019-10-23,775.751,779.478,762.696,779.478,37966.7,779.478
2019-10-24,786.015,786.015,771.087,785.088,45795.3,785.088
2019-10-25,787.888,788.805,767.36,785.088,62849.2,785.088
2019-10-28,791.606,795.333,774.824,779.478,97812.9,779.478
2019-10-29,785.088,792.532,775.751,783.215,43757.8,783.215
2019-10-30,783.215,786.952,767.36,786.952,133741.0,786.952
2019-10-31,792.532,800.923,781.351,797.196,56735.6,797.196
2019-11-01,791.606,795.333,776.688,789.742,27992.0,789.742
2019-11-05,801.86,836.36,799.06,833.57,114114.0,833.57
2019-11-06,836.36,836.36,816.778,826.106,59953.6,826.106
2019-11-07,829.833,833.57,823.295,827.042,41721.3,827.042
2019-11-08,841.024,848.478,830.769,834.506,78187.0,834.506
2019-11-11,841.95,852.205,839.16,849.414,104140.0,849.414
2019-11-12,848.478,872.723,833.57,869.923,62525.7,869.923
2019-11-13,882.978,910.014,865.25,868.05,92020.8,868.05
2019-11-14,866.186,899.759,850.351,878.314,138030.0,878.314
2019-11-15,871.787,905.35,869.923,889.505,182754.0,889.505
2019-11-18,889.505,908.15,871.787,902.56,92234.8,902.56
2019-11-19,901.623,920.278,889.505,909.087,67889.8,909.087
2019-11-20,900.696,906.287,859.669,863.396,74324.9,863.396
2019-11-21,858.732,867.123,835.423,852.205,95131.3,852.205
2019-11-22,855.942,870.86,841.95,861.522,72394.9,861.522
2019-11-25,871.787,871.787,853.142,859.669,39362.2,859.669
2019-11-26,862.459,863.396,847.551,849.414,72822.9,849.414
2019-11-27,850.351,863.396,850.351,862.459,32176.6,862.459
2019-11-28,867.123,867.123,852.205,864.323,40755.8,864.323
2019-11-29,867.123,870.86,856.878,868.996,29065.0,868.996
2019-12-02,864.323,870.86,857.805,865.25,58237.6,865.25
2019-12-03,851.288,852.205,835.423,846.604,87730.7,846.604
2019-12-04,834.506,856.878,827.979,855.005,65959.8,855.005
2019-12-05,851.288,879.251,849.414,879.251,72394.9,879.251
2019-12-06,883.914,910.941,883.914,907.223,82367.6,907.223
2019-12-09,921.195,933.332,914.677,917.468,46545.9,917.468
2019-12-10,915.604,924.932,907.223,917.468,46224.4,917.468
2019-12-11,917.468,917.468,896.969,906.287,34426.1,906.287
2019-12-12,910.941,910.941,892.315,903.496,31103.6,903.496
2019-12-13,927.722,927.722,915.604,916.541,71000.4,916.541
2019-12-16,923.068,925.868,909.087,910.941,33140.1,910.941
2019-12-17,921.195,921.195,902.56,915.604,35391.6,915.604
2019-12-18,916.541,916.541,903.496,912.824,30353.1,912.824
2019-12-19,909.087,911.887,902.56,906.287,23916.9,906.287
2019-12-20,909.087,909.087,895.105,904.413,63921.2,904.413
2019-12-23,909.087,909.087,882.978,883.914,38503.2,883.914
2019-12-24,887.641,891.378,874.587,887.641,40648.3,887.641
2019-12-25,890.452,898.823,872.723,877.387,75504.4,877.387
2019-12-26,878.314,891.378,875.514,890.452,48799.4,890.452
2019-12-27,891.378,899.759,891.378,893.242,17159.3,893.242
2019-12-30,895.105,895.105,878.314,880.187,24130.9,880.187
2020-01-06,880.187,880.187,857.805,859.669,62205.2,859.669
2020-01-07,868.05,891.378,868.05,888.568,34642.1,888.568
2020-01-08,876.45,877.387,856.878,861.522,60918.1,861.522
2020-01-09,882.978,882.978,870.86,878.314,16730.3,878.314
2020-01-10,882.041,887.641,858.732,859.669,46332.9,859.669
2020-01-14,862.459,864.323,848.478,858.732,35606.6,858.732
2020-01-15,856.878,856.878,841.024,852.205,50837.0,852.205
2020-01-16,852.205,858.732,850.351,855.005,24990.0,855.005
2020-01-17,855.942,858.732,850.351,851.288,27134.0,851.288
2020-01-20,851.288,855.942,846.604,847.551,38503.2,847.551
2020-01-21,848.478,869.923,848.478,866.186,27992.0,866.186
2020-01-22,866.186,868.996,854.078,854.078,46116.8,854.078
2020-01-23,855.005,898.823,853.142,880.187,86337.2,880.187
2020-01-24,891.378,899.759,878.314,892.315,96847.4,892.315
2020-01-27,859.669,863.396,849.414,850.351,58559.1,850.351
2020-01-28,839.16,883.914,837.297,882.978,141570.0,882.978
2020-01-29,872.723,872.723,846.604,851.288,57164.6,851.288
2020-01-30,853.142,866.186,851.288,863.396,105105.0,863.396
2020-01-31,872.723,872.723,856.878,859.669,61883.7,859.669
2020-02-03,831.696,850.351,829.833,844.751,38396.7,844.751
2020-02-04,844.751,859.669,841.95,858.732,30674.6,858.732
2020-02-05,862.459,863.396,846.604,850.351,63921.2,850.351
2020-02-06,869.923,875.514,855.942,867.123,75075.4,867.123
2020-02-07,874.587,877.387,863.396,867.123,37645.2,867.123
2020-02-10,867.123,869.923,853.142,858.732,74967.9,858.732
2020-02-12,850.351,850.351,831.696,836.36,112398.0,836.36
2020-02-13,839.16,858.732,832.633,855.005,36787.2,855.005
2020-02-14,854.078,854.078,839.16,842.887,48262.9,842.887
2020-02-17,836.36,839.16,827.042,829.833,36357.2,829.833
2020-02-18,827.979,833.57,810.251,813.978,54054.0,813.978
2020-02-19,813.041,821.442,802.787,802.787,53410.0,802.787
2020-02-20,807.46,822.369,801.86,801.86,38823.7,801.86
2020-02-21,796.259,810.251,795.333,795.333,47726.4,795.333
2020-02-25,750.578,758.032,746.851,748.715,97169.9,748.715
2020-02-26,735.67,749.642,724.479,745.924,86981.2,745.924
2020-02-27,750.578,750.578,725.406,725.406,86657.6,725.406
2020-02-28,703.951,718.889,703.024,705.824,91056.2,705.824
2020-03-02,703.024,742.188,698.37,731.933,77434.5,731.933
2020-03-03,731.933,740.324,708.614,708.614,61239.6,708.614
2020-03-04,703.024,719.805,687.169,714.205,85800.6,714.205
2020-03-05,717.942,723.542,702.087,703.024,64885.7,703.024
2020-03-06,693.696,693.696,672.261,676.925,71643.4,676.925
2020-03-09,662.933,672.261,649.869,667.587,85479.1,667.587
2020-03-10,654.543,697.433,632.16,694.633,105750.0,694.633
2020-03-11,690.896,709.551,682.525,682.525,81939.6,682.525
2020-03-12,666.67,675.051,639.624,651.732,129773.0,651.732
2020-03-13,633.097,648.015,601.388,634.024,144252.0,634.024
2020-03-16,651.732,659.206,618.179,622.843,83548.1,622.843
2020-03-17,604.188,665.734,588.333,658.27,112827.0,658.27
2020-03-18,670.387,686.242,637.761,640.561,73036.9,640.561
2020-03-19,649.869,675.051,638.688,649.869,52230.5,649.869
2020-03-23,644.278,686.242,619.116,680.652,89660.7,680.652
2020-03-24,717.942,734.733,706.751,734.733,66710.3,734.733
2020-03-25,765.496,771.087,734.733,765.496,76791.5,765.496
2020-03-26,765.496,779.478,723.542,771.087,60918.1,771.087
2020-03-27,804.67,808.387,778.551,802.787,142857.0,802.787
2020-03-30,788.648,817.882,753.743,815.053,82260.1,815.053
2020-03-31,803.733,819.775,761.286,778.265,82472.0,778.265
2020-04-01,764.106,767.883,715.063,720.722,49928.2,720.722
2020-04-02,710.33,714.116,675.446,678.266,41023.5,678.266
2020-04-03,673.552,691.468,645.254,658.467,47491.1,658.467
2020-04-06,658.467,696.191,652.797,688.648,43144.2,688.648
2020-04-07,702.797,727.329,685.808,718.849,48126.0,718.849
2020-04-08,719.786,742.414,709.393,736.755,37950.5,736.755
2020-04-09,733.935,750.914,712.233,740.531,49610.8,740.531
2020-04-10,745.244,769.776,732.988,767.883,38374.4,767.883
2020-04-13,757.52,759.403,732.988,739.585,40705.0,739.585
2020-04-14,740.531,741.478,715.063,722.616,49079.3,722.616
2020-04-15,721.669,721.669,687.711,709.393,131128.0,709.393
2020-04-16,700.904,739.585,700.904,739.585,42613.8,739.585
2020-04-17,734.871,755.627,717.903,720.722,48867.4,720.722
2020-04-20,716.009,726.382,712.233,714.116,46747.7,714.116
2020-04-21,698.074,699.967,680.149,693.361,43673.6,693.361
2020-04-22,691.468,698.074,682.979,693.361,42933.3,693.361
2020-04-23,696.191,717.903,695.244,717.903,25334.8,717.903
2020-04-24,732.052,732.052,698.074,726.382,30953.5,726.382
2020-04-27,728.275,737.701,720.722,733.935,40705.0,733.935
2020-04-28,736.755,736.755,711.286,724.499,84167.8,724.499
2020-04-30,744.307,745.244,724.499,731.105,46960.7,731.105
2020-05-01,721.669,721.669,702.797,712.233,44521.5,712.233
2020-05-07,712.233,723.552,706.564,716.009,78549.1,716.009
2020-05-08,730.158,732.988,715.063,721.669,83532.9,721.669
2020-05-11,733.935,733.935,713.18,727.329,85440.6,727.329
2020-05-12,726.382,726.382,705.617,713.18,41764.9,713.18
2020-05-13,699.021,700.904,689.595,694.308,64663.6,694.308
2020-05-14,695.244,695.244,668.839,673.552,52472.9,673.552
2020-05-15,684.872,684.872,652.797,658.467,83213.4,658.467
2020-05-18,660.35,668.839,651.851,662.233,99645.5,662.233
2020-05-19,679.202,709.393,677.319,709.393,91375.7,709.393
2020-05-20,716.956,730.158,713.18,719.786,49928.2,719.786
2020-05-21,721.669,721.669,702.797,711.286,37207.1,711.286
2020-05-22,711.286,711.286,701.851,707.5,37632.0,707.5
2020-05-25,707.5,719.786,706.564,713.18,22473.7,713.18
2020-05-26,722.616,729.222,715.063,726.382,34027.5,726.382
2020-05-27,726.382,729.222,713.18,729.222,33392.6,729.222
2020-05-28,734.871,748.094,720.722,745.244,58832.9,745.244
2020-05-29,749.967,755.627,708.447,711.286,94873.7,711.286
2020-06-01,714.116,731.105,712.233,731.105,35404.8,731.105
2020-06-02,740.531,749.021,732.052,747.147,57454.6,747.147
2020-06-03,752.797,752.797,733.935,742.414,48338.0,742.414
2020-06-04,752.797,760.35,744.307,749.021,60103.7,749.021
2020-06-05,749.967,812.223,746.201,808.446,98691.2,808.446
2020-06-08,813.169,835.818,802.787,815.999,86394.0,815.999
2020-06-09,810.339,815.053,797.127,807.51,54486.1,807.51
2020-06-10,811.286,812.223,779.212,786.755,58196.0,786.755
2020-06-11,779.212,791.477,765.053,776.392,41447.4,776.392
2020-06-12,754.68,765.053,740.531,761.286,56289.3,761.286
2020-06-15,775.445,779.212,757.52,757.52,52683.8,757.52
2020-06-16,776.392,799.957,771.659,799.957,40070.2,799.957
2020-06-17,799.957,805.626,786.755,786.755,35935.2,786.755
2020-06-18,787.701,800.904,775.445,799.01,20776.9,799.01
2020-06-19,801.85,805.626,780.148,794.297,67207.2,794.297
2020-06-22,788.648,789.584,747.147,760.35,110244.0,760.35
2020-06-23,765.053,793.351,762.233,782.988,93284.5,782.988
2020-06-24,782.988,782.988,761.286,761.286,45899.8,761.286
2020-06-25,763.179,782.988,758.456,776.392,40493.1,776.392
2020-06-26,781.095,805.626,775.445,799.01,55123.0,799.01
2020-06-29,798.074,808.446,785.818,785.818,39538.7,785.818
2020-06-30,807.51,811.286,792.424,793.351,34134.0,793.351
2020-07-01,797.127,797.127,772.605,780.148,38904.8,780.148
2020-07-02,782.988,798.074,780.148,783.925,51093.5,783.925
2020-07-03,790.531,795.244,782.988,794.297,25441.3,794.297
2020-07-06,798.074,809.393,789.584,792.424,38162.4,792.424
2020-07-07,799.957,799.957,783.925,794.297,26394.6,794.297
2020-07-08,785.818,800.904,783.925,783.925,51731.5,783.925
2020-07-09,783.925,786.755,763.179,775.445,45899.8,775.445
2020-07-10,771.659,771.659,728.275,728.275,57984.1,728.275
2020-07-13,756.573,792.424,756.573,792.424,43885.6,792.424
2020-07-14,791.477,797.127,774.489,784.871,35512.3,784.871
2020-07-15,807.51,838.638,807.51,830.148,87241.8,830.148
2020-07-16,828.255,828.255,783.925,784.871,55016.5,784.871
2020-07-17,799.01,800.904,781.095,796.181,28621.8,796.181
2020-07-20,796.181,807.51,783.925,807.51,27984.9,807.51
2020-07-21,806.573,806.573,782.988,785.818,39962.7,785.818
2020-07-22,805.626,805.626,775.445,775.445,52154.4,775.445
2020-07-27,780.148,828.255,780.148,827.318,78761.0,827.318
2020-07-28,819.775,819.775,800.904,812.223,37313.5,812.223
2020-07-29,801.85,809.393,792.424,799.01,24381.4,799.01
2020-07-30,796.181,803.733,776.392,796.181,63178.8,796.181
2020-07-31,781.095,782.988,735.808,735.808,62119.0,735.808
2020-08-03,741.478,757.52,740.531,745.244,36889.6,745.244
2020-08-04,754.68,765.053,740.531,757.52,31589.4,757.52
2020-08-05,748.094,750.914,726.382,742.414,34452.5,742.414
2020-08-06,744.307,752.797,736.755,742.414,30634.0,742.414
2020-08-07,746.201,756.573,734.871,736.755,40175.6,736.755
2020-08-11,743.361,770.712,743.361,770.712,41659.4,770.712
2020-08-12,770.712,786.755,768.829,782.988,34769.9,782.988
2020-08-13,793.351,793.351,779.212,789.584,42083.4,789.584
2020-08-14,797.127,797.127,783.925,788.648,41130.0,788.648
2020-08-17,787.701,791.477,774.489,779.212,30000.1,779.212
2020-08-18,771.659,781.095,768.829,770.712,42295.3,770.712
2020-08-19,773.552,775.445,765.999,767.883,13992.9,767.883
2020-08-20,770.712,774.489,760.35,765.053,22154.2,765.053
2020-08-21,762.233,783.925,762.233,783.925,17808.4,783.925
2020-08-24,781.095,790.531,773.552,784.871,23744.5,784.871
2020-08-25,794.297,794.297,784.871,786.755,36465.7,786.755
2020-08-26,788.648,792.424,779.212,792.424,28834.8,792.424
2020-08-27,792.424,797.127,790.531,797.127,16747.5,797.127
2020-08-28,797.127,809.393,782.988,792.424,47384.6,792.424
2020-08-31,793.351,805.626,785.818,790.531,38374.4,790.531
2020-09-01,785.818,786.755,770.712,775.445,45899.8,775.445
2020-09-02,781.095,790.531,779.212,790.531,14415.9,790.531
2020-09-03,799.01,804.69,788.648,790.531,32437.3,790.531
2020-09-04,778.265,805.626,778.265,786.755,50352.2,786.755
2020-09-07,788.648,799.957,787.701,795.244,20776.9,795.244
2020-09-08,799.957,825.425,799.957,825.425,60103.7,825.425
2020-09-09,811.286,823.542,800.904,811.286,71447.6,811.286
2020-09-10,813.169,827.318,813.169,823.542,35829.8,823.542
2020-09-11,830.148,839.584,820.722,834.871,49610.8,834.871
2020-09-14,849.02,864.116,846.19,850.893,61907.0,850.893
2020-09-15,845.244,845.244,818.829,821.659,37845.0,821.659
2020-09-16,821.659,825.425,802.787,825.425,21623.8,825.425
2020-09-17,832.978,832.978,818.829,821.659,11236.3,821.659
2020-09-18,821.659,832.978,805.626,817.882,53214.2,817.882
2020-09-23,805.626,847.127,805.626,837.691,66147.4,837.691
2020-09-24,843.351,845.244,822.595,827.318,59256.9,827.318
2020-09-25,848.074,855.616,832.031,844.297,46642.2,844.297
2020-09-28,858.446,877.328,849.02,877.328,67524.7,877.328
2020-09-29,885.896,892.552,871.609,878.275,49759.9,878.275
2020-09-30,883.037,887.799,872.556,872.556,54484.0,872.556
2020-10-02,876.372,876.372,836.36,836.36,45245.6,836.36
2020-10-05,840.176,883.993,840.176,883.037,40207.1,883.037
2020-10-06,885.896,889.702,881.124,881.124,35692.9,881.124
2020-10-07,870.653,870.653,848.744,848.744,45666.5,848.744
2020-10-08,854.453,870.653,844.928,860.172,62462.8,860.172
2020-10-09,860.172,876.372,836.36,867.793,67711.3,867.793
2020-10-12,874.469,883.993,845.885,851.603,28343.9,851.603
2020-10-13,853.506,863.987,852.56,861.128,27294.2,861.128
2020-10-14,861.128,868.74,857.312,867.793,28134.0,867.793
2020-10-15,871.609,879.231,848.744,851.603,42412.0,851.603
2020-10-16,861.128,870.653,853.506,866.847,20680.6,866.847
2020-10-19,869.696,879.231,864.944,869.696,29183.7,869.696
2020-10-20,869.696,890.649,868.74,869.696,49025.6,869.696
2020-10-21,866.847,881.124,866.847,871.609,17637.0,871.609
2020-10-22,870.653,879.231,862.084,867.793,25090.4,867.793
2020-10-23,867.793,872.556,857.312,863.031,21941.3,863.031
2020-10-26,858.269,864.944,848.744,848.744,22466.6,848.744
2020-10-27,848.744,865.89,843.025,859.225,31703.0,859.225
2020-10-28,850.647,859.225,847.788,857.312,16901.7,857.312
2020-10-29,851.603,856.366,847.788,847.788,19630.9,847.788
2020-10-30,846.841,846.841,819.213,827.792,36742.6,827.792
2020-11-02,827.792,843.982,825.879,831.598,48710.2,831.598
2020-11-04,845.885,847.788,829.685,843.025,41256.8,843.025
2020-11-05,847.788,928.757,834.457,928.757,121356.0,928.757
2020-11-06,920.179,922.082,888.756,915.417,65297.5,915.417
2020-11-09,915.417,915.417,884.94,902.086,52279.2,902.086
2020-11-10,930.651,930.651,883.993,896.358,81883.8,896.358
2020-11-11,910.655,913.514,888.756,896.358,63932.4,896.358
2020-11-12,900.173,900.173,870.653,878.275,32648.2,878.275
2020-11-13,874.469,874.469,854.453,855.409,53643.3,855.409
2020-11-16,865.89,879.231,841.132,871.609,71491.2,871.609
2020-11-17,871.609,871.609,849.7,863.031,63618.0,863.031
2020-11-18,863.031,863.031,837.316,847.788,61203.1,847.788
2020-11-19,845.885,845.885,832.544,833.501,30864.2,833.501
2020-11-20,838.263,845.885,831.598,843.025,42937.3,843.025
2020-11-24,868.74,868.74,853.506,856.366,55743.7,856.366
2020-11-25,864.944,864.944,835.403,835.403,50599.6,835.403
2020-11-26,835.403,836.36,827.792,833.501,40207.1,833.501
2020-11-27,833.501,837.316,809.689,809.689,91961.9,809.689
2020-11-30,811.592,823.019,800.164,809.689,142456.0,809.689
2020-12-01,816.354,820.16,788.736,788.736,152955.0,788.736
2020-12-02,791.586,795.392,764.915,771.58,166182.0,771.58
2020-12-03,773.493,809.689,769.677,801.12,68552.1,801.12
2020-12-04,796.348,823.976,796.348,812.548,61517.5,812.548
2020-12-07,822.073,822.073,810.635,816.354,60257.9,816.354
2020-12-08,814.451,819.213,798.251,799.208,49864.3,799.208
2020-12-09,797.305,811.592,790.639,811.592,39787.2,811.592
2020-12-10,814.451,820.16,804.917,814.451,53538.8,814.451
2020-12-11,812.548,813.505,797.305,810.635,44930.2,810.635
2020-12-14,810.635,815.408,799.208,803.97,51860.3,803.97
2020-12-15,809.689,814.451,800.164,810.635,37896.7,810.635
2020-12-16,823.976,823.976,802.067,803.97,33593.4,803.97
2020-12-17,802.067,802.067,784.921,791.586,56688.9,791.586
2020-12-18,789.683,792.532,783.008,788.736,43461.7,788.736
2020-12-21,788.736,797.305,778.255,785.877,35377.4,785.877
2020-12-22,784.921,793.489,772.536,784.921,41465.7,784.921
2020-12-23,798.251,798.251,781.105,787.78,19630.9,787.78
2020-12-24,791.586,796.348,783.964,789.683,19002.1,789.683
2020-12-25,794.445,806.829,794.445,794.445,44091.5,794.445
2020-12-28,803.023,809.689,790.639,801.12,46925.2,801.12
2020-12-29,802.067,807.776,796.348,807.776,37896.7,807.776
2020-12-30,803.023,803.023,785.877,789.683,53538.8,789.683
2021-01-04,790.639,790.639,770.634,772.536,45876.5,772.536
2021-01-05,765.861,777.299,764.915,774.439,27925.1,774.439
2021-01-06,775.396,783.964,771.58,780.148,32333.8,780.148
2021-01-07,791.586,796.348,783.964,796.348,53118.9,796.348
2021-01-08,795.392,806.829,787.78,806.829,51229.5,806.829
2021-01-12,806.829,824.932,801.12,824.932,55533.7,824.932
2021-01-13,828.748,828.748,810.635,826.835,52489.1,826.835
2021-01-14,826.835,827.792,809.689,815.408,45771.0,815.408
2021-01-15,820.16,825.879,815.408,817.301,50599.6,817.301
2021-01-18,817.301,827.792,816.354,825.879,25300.3,825.879
2021-01-19,825.879,825.879,803.97,803.97,37582.3,803.97
2021-01-20,803.97,819.213,800.164,815.408,36112.7,815.408
2021-01-21,822.073,826.835,809.689,812.548,34643.1,812.548
2021-01-22,812.548,812.548,797.305,797.305,47345.0,797.305
2021-01-25,809.689,813.505,800.164,808.732,36532.6,808.732
2021-01-26,804.917,811.592,801.12,811.592,30654.3,811.592
2021-01-27,812.548,836.36,809.689,830.641,43041.8,830.641
2021-01-28,817.301,827.792,809.689,820.16,56688.9,820.16
2021-01-29,820.16,821.116,795.392,795.392,33489.0,795.392
2021-02-01,794.445,803.023,792.532,792.532,48921.1,792.532
2021-02-02,794.445,803.023,793.489,799.208,28554.9,799.208
2021-02-03,800.164,812.548,800.164,812.548,32228.3,812.548
2021-02-04,807.776,821.116,806.829,817.301,34853.1,817.301
2021-02-05,823.976,823.976,813.505,821.116,26454.5,821.116
2021-02-08,823.019,849.7,817.301,849.7,69496.3,849.7
2021-02-09,850.647,850.647,829.685,842.069,39262.9,842.069
2021-02-10,842.069,842.069,831.598,832.544,15117.7,832.544
2021-02-12,830.641,830.641,810.635,816.354,40311.5,816.354
2021-02-15,816.354,816.354,804.917,816.354,35902.8,816.354
2021-02-16,816.354,816.354,803.023,807.776,28134.0,807.776
2021-02-17,803.97,825.879,799.208,819.213,46085.4,819.213
2021-02-18,819.213,821.116,797.305,802.067,51125.0,802.067
2021-02-19,801.12,801.12,794.445,795.392,26350.0,795.392
2021-02-22,805.873,805.873,796.348,805.873,22150.2,805.873
2021-02-24,810.635,810.635,798.251,803.023,40207.1,803.023
2021-02-25,810.635,813.505,799.208,810.635,43986.0,810.635
2021-02-26,809.689,810.635,781.105,781.105,80938.5,781.105
2021-03-01,785.877,809.689,785.877,809.689,40101.6,809.689
2021-03-02,809.689,809.689,796.348,803.97,47135.1,803.97
2021-03-03,803.97,806.829,797.305,806.829,49025.6,806.829
2021-03-04,802.067,811.592,800.164,811.592,37163.4,811.592
2021-03-05,813.505,814.451,792.532,814.451,57318.7,814.451
2021-03-08,815.408,830.641,813.505,825.879,84088.7,825.879
2021-03-09,832.544,840.176,825.879,836.36,72855.3,836.36
2021-03-10,839.219,842.069,826.835,832.544,27819.6,832.544
2021-03-11,832.544,856.366,825.879,850.647,53855.2,850.647
2021-03-12,845.885,856.366,833.501,855.409,70335.0,855.409
2021-03-15,857.312,898.27,853.506,884.94,96790.6,884.94
2021-03-16,894.455,895.411,880.177,895.411,50494.2,895.411
2021-03-17,894.455,912.558,880.177,912.558,62987.1,912.558
2021-03-18,914.47,914.47,900.173,907.795,65716.3,907.795
2021-03-19,914.47,925.898,905.882,918.266,83773.2,918.266
2021-03-22,916.373,921.126,902.086,916.373,50810.6,916.373
2021-03-23,908.742,918.266,906.839,907.795,55743.7,907.795
2021-03-24,901.13,901.13,860.172,860.172,52804.5,860.172
2021-03-25,874.469,879.231,863.031,875.415,60363.4,875.415
2021-03-26,878.275,883.993,867.793,870.653,115161.0,870.653
2021-03-29,884.94,889.702,866.847,885.896,93745.9,885.896
2021-03-30,885.896,885.896,858.929,870.485,60024.6,870.485
2021-03-31,857.007,869.519,850.262,850.262,79237.7,850.262
2021-04-01,850.262,873.374,849.296,853.151,51301.5,853.151
2021-04-02,857.007,860.852,851.229,855.074,26793.2,855.074
2021-04-05,858.929,864.707,852.185,856.04,28973.7,856.04
2021-04-06,856.04,856.04,831.962,838.707,38320.7,838.707
2021-04-07,837.74,847.373,835.818,847.373,38009.3,847.373
2021-04-08,839.673,839.673,822.329,823.295,43721.3,823.295
2021-04-09,823.295,829.073,813.672,824.262,44655.4,824.262
2021-04-12,830.996,837.74,822.329,835.818,38112.7,835.818
2021-04-13,834.851,844.484,834.851,840.629,24612.7,840.629
2021-04-14,839.673,839.673,815.605,818.494,53690.9,818.494
2021-04-15,819.45,829.073,813.672,816.561,34581.3,816.561
2021-04-16,815.605,832.929,812.716,818.494,49951.6,818.494
2021-04-19,821.373,837.74,821.373,837.74,33024.5,837.74
2021-04-20,830.996,837.74,815.605,815.605,63348.2,815.605
2021-04-21,813.672,815.605,805.972,808.861,53171.7,808.861
2021-04-22,823.295,828.107,813.672,821.373,29700.9,821.373
2021-04-23,818.494,827.151,817.527,818.494,28247.6,818.494
2021-04-26,824.262,824.262,805.005,805.005,33958.6,805.005
2021-04-27,806.938,816.561,801.16,807.894,37697.9,807.894
2021-04-28,809.827,817.527,805.972,814.638,46835.9,814.638
2021-04-30,813.672,824.262,810.783,812.716,46421.1,812.716
2021-05-06,813.672,825.218,813.672,813.672,46732.5,813.672
2021-05-07,822.329,824.262,814.638,824.262,32921.0,824.262
2021-05-10,826.184,841.596,823.295,833.885,52860.3,833.885
2021-05-11,833.885,840.629,813.672,813.672,71967.9,813.672
2021-05-12,818.494,829.073,814.638,817.527,59817.7,817.527
2021-05-13,817.527,823.295,804.049,804.049,44551.9,804.049
2021-05-14,809.827,833.885,809.827,825.218,45279.1,825.218
2021-05-17,833.885,842.562,828.107,830.04,58882.6,830.04
2021-05-18,837.74,849.296,821.373,842.562,58571.3,842.562
2021-05-19,842.562,855.074,829.073,850.262,41228.4,850.262
2021-05-20,848.34,869.519,843.518,861.818,52029.7,861.818
2021-05-21,861.818,876.263,849.296,867.596,52444.5,867.596
2021-05-24,863.741,878.186,857.963,878.186,62725.5,878.186
2021-05-25,874.34,874.34,844.484,846.407,76536.9,846.407
2021-05-26,845.451,845.451,825.218,835.818,65321.8,835.818
2021-05-27,831.962,833.885,808.861,815.605,98657.7,815.605
2021-05-28,812.716,836.774,812.716,834.851,96684.1,834.851
2021-05-31,836.774,842.562,821.373,821.373,66775.2,821.373
2021-06-01,828.107,830.04,812.716,815.605,71967.9,815.605
2021-06-02,815.605,827.151,813.672,820.416,54832.9,820.416
2021-06-03,821.373,832.929,819.45,832.929,41747.7,832.929
2021-06-04,831.962,837.74,829.073,833.885,84222.5,833.885
2021-06-07,837.74,848.34,832.929,845.451,72279.3,845.451
2021-06-08,845.451,846.407,838.707,843.518,23782.0,843.518
2021-06-09,854.118,856.04,842.562,847.373,68333.0,847.373
2021-06-10,844.484,856.04,840.629,855.074,38839.9,855.074
2021-06-11,855.074,855.074,841.596,841.596,57740.6,841.596
2021-06-14,845.451,852.185,833.885,834.851,38528.6,834.851
2021-06-15,834.851,837.74,821.373,822.329,35100.6,822.329
2021-06-16,826.184,834.851,822.329,830.996,42578.3,830.996
2021-06-17,835.818,842.562,831.962,835.818,25962.6,835.818
2021-06-18,835.818,835.818,819.45,819.45,32713.1,819.45
2021-06-21,813.672,815.605,801.16,801.16,53275.1,801.16
2021-06-22,814.638,829.073,811.749,826.184,33647.2,826.184
2021-06-23,825.218,830.996,821.373,821.373,17965.6,821.373
2021-06-24,817.527,832.929,816.561,824.262,18588.3,824.262
2021-06-25,831.962,832.929,826.184,826.184,21703.9,826.184
2021-06-28,824.262,836.774,824.262,831.962,29078.2,831.962
2021-06-29,827.151,827.151,808.861,811.749,64284.3,811.749
2021-06-30,818.494,835.818,808.861,808.861,70410.1,808.861
2021-07-01,810.783,816.561,810.783,811.749,42059.0,811.749
2021-07-02,816.561,825.218,815.605,823.295,31050.8,823.295
2021-07-05,823.295,830.04,820.416,826.184,20666.4,826.184
2021-07-06,826.184,831.962,822.329,822.329,19939.2,822.329
2021-07-07,813.672,820.416,805.005,805.005,42681.7,805.005
2021-07-08,805.005,813.672,798.261,798.261,40605.7,798.261
2021-07-09,785.749,797.305,781.894,791.527,75706.3,791.527
2021-07-12,816.561,827.151,813.672,827.151,56183.8,827.151
2021-07-13,831.962,840.629,831.962,837.74,47147.3,837.74
2021-07-14,830.996,847.373,830.996,841.596,23885.5,841.596
2021-07-15,840.629,845.451,823.295,824.262,29597.5,824.262
2021-07-16,819.45,827.151,814.638,814.638,18070.0,814.638
2021-07-19,811.749,815.605,804.049,805.005,35932.2,805.005
2021-07-20,800.194,818.494,800.194,811.749,30428.1,811.749
2021-07-21,830.996,830.996,809.827,811.749,24301.3,811.749
2021-07-26,826.184,835.818,823.295,834.851,23366.2,834.851
2021-07-27,834.851,835.818,827.151,835.818,28455.5,835.818
2021-07-28,826.184,833.885,823.295,824.262,11631.9,824.262
2021-07-29,825.218,829.073,820.416,826.184,10176.5,826.184
2021-07-30,823.295,829.073,819.45,825.218,33439.3,825.218
2021-08-02,829.073,851.229,827.151,851.229,38839.9,851.229
2021-08-03,850.262,861.818,842.562,854.118,31882.5,854.118
2021-08-04,857.007,857.007,842.562,843.518,27416.9,843.518
2021-08-05,842.562,850.262,836.774,840.629,22848.0,840.629
2021-08-06,840.629,848.34,832.929,845.451,18900.7,845.451
2021-08-10,836.774,843.518,819.45,819.45,19731.3,819.45
2021-08-11,827.151,836.774,821.373,834.851,26377.4,834.851
2021-08-12,836.774,837.74,818.494,821.373,23366.2,821.373
2021-08-13,824.262,824.262,811.749,814.638,11319.5,814.638
2021-08-16,814.638,814.638,790.56,791.527,51509.4,791.527
2021-08-17,799.227,801.16,792.483,792.483,25027.5,792.483
2021-08-18,792.483,801.16,792.483,797.305,25443.3,797.305
2021-08-19,827.151,828.107,800.194,801.16,115689.0,801.16
2021-08-20,802.116,815.605,800.194,813.672,54728.5,813.672
2021-08-23,819.45,821.373,808.861,808.861,23782.0,808.861
2021-08-24,808.861,817.527,806.938,817.527,18900.7,817.527
2021-08-25,818.494,823.295,803.083,805.972,23054.8,805.972
2021-08-26,805.005,817.527,801.16,817.527,23885.5,817.527
2021-08-27,808.861,817.527,808.861,815.605,15578.1,815.605
2021-08-30,823.295,831.962,819.45,823.295,48706.1,823.295
2021-08-31,818.494,834.851,813.672,830.04,83495.4,830.04
2021-09-01,830.04,843.518,830.04,837.74,31571.1,837.74
2021-09-02,837.74,841.596,834.851,835.818,16720.1,835.818
2021-09-03,836.774,855.074,836.774,851.229,57014.5,851.229
2021-09-06,851.229,856.04,846.407,855.074,48394.7,855.074
2021-09-07,861.818,863.741,850.262,861.818,37593.5,861.818
2021-09-08,863.741,876.263,861.818,876.263,39567.1,876.263
2021-09-09,875.297,877.229,864.707,877.229,51612.8,877.229
2021-09-10,876.263,885.896,874.34,885.896,59609.8,885.896
2021-09-13,878.186,900.331,876.263,900.331,34166.5,900.331
2021-09-14,900.331,914.776,897.442,914.776,42786.2,914.776
2021-09-15,904.186,904.186,880.118,886.863,48186.8,886.863
2021-09-16,885.896,901.297,880.118,901.297,49225.4,901.297
2021-09-17,901.297,909.964,890.698,901.297,65010.5,901.297
2021-09-21,885.896,889.742,878.186,878.186,33335.8,878.186
2021-09-22,879.152,886.863,868.562,868.562,34166.5,868.562
2021-09-24,883.007,889.742,874.34,889.742,40086.4,889.742
2021-09-27,886.863,886.863,860.852,860.852,56079.4,860.852
2021-09-28,859.896,859.896,843.518,854.118,57532.7,854.118
2021-09-29,848.281,854.118,836.606,847.304,56229.5,847.304
2021-09-30,849.247,856.06,832.712,832.712,40604.6,832.712
2021-10-01,831.736,832.712,810.339,812.282,66303.6,812.282
2021-10-04,826.875,827.851,808.397,814.234,41735.5,814.234
2021-10-05,808.397,815.2,803.526,803.526,36595.5,803.526
2021-10-06,809.363,827.851,809.363,819.095,39576.2,819.095
2021-10-07,821.038,827.851,819.095,825.898,35156.3,825.898
2021-10-08,834.654,847.304,830.769,830.769,37726.3,830.769
2021-10-11,836.606,843.41,834.654,843.41,18606.5,843.41
2021-10-12,839.525,852.165,833.688,836.606,26727.3,836.606
2021-10-13,836.606,836.606,826.875,828.817,21998.0,828.817
2021-10-14,825.898,825.898,815.2,818.119,33203.0,818.119
2021-10-15,824.932,838.549,822.98,837.573,15624.8,837.573
2021-10-18,844.386,844.386,830.769,834.654,18811.4,834.654
2021-10-19,835.63,837.573,829.793,830.769,22820.6,830.769
2021-10-20,838.549,839.525,825.898,829.793,16653.2,829.793
2021-10-21,828.817,828.817,813.258,813.258,17475.7,813.258
2021-10-22,817.153,823.956,813.258,822.014,20045.7,822.014
2021-10-25,822.014,823.956,816.177,816.177,10793.1,816.177
2021-10-26,818.119,822.014,808.397,814.234,27754.7,814.234
2021-10-27,816.177,818.119,804.502,804.502,14802.3,804.502
2021-10-28,807.421,816.177,802.56,812.282,30633.0,812.282
2021-10-29,813.258,818.119,809.363,810.339,21793.2,810.339
2021-11-01,817.153,829.793,815.2,829.793,37418.0,829.793
2021-11-02,823.956,823.956,818.119,818.119,13671.4,818.119
2021-11-04,818.119,855.084,813.258,855.084,60238.6,855.084
2021-11-05,834.654,834.654,817.153,820.061,32688.8,820.061
2021-11-08,820.061,827.851,818.119,826.875,31661.4,826.875
2021-11-09,826.875,826.875,810.339,810.339,21176.5,810.339
2021-11-10,810.339,815.2,808.397,815.2,13671.4,815.2
2021-11-11,815.2,815.2,808.397,808.397,7401.66,808.397
2021-11-12,809.363,822.98,809.363,822.98,25493.0,822.98
2021-11-15,824.932,835.63,824.932,835.63,19633.9,835.63
2021-11-16,835.63,835.63,823.956,823.956,15008.1,823.956
2021-11-17,823.956,823.956,808.397,808.397,17578.1,808.397
2021-11-18,809.363,817.153,806.445,814.234,32483.9,814.234
2021-11-19,814.234,821.038,811.316,818.119,14905.7,818.119
2021-11-22,816.177,821.038,812.282,815.2,8224.18,815.2
2021-11-24,817.153,819.095,809.363,813.258,21279.0,813.258
2021-11-25,814.234,821.038,812.282,814.234,11204.9,814.234
2021-11-26,814.234,814.234,801.584,805.479,37212.1,805.479
2021-11-29,801.584,801.584,767.537,769.48,77200.2,769.48
2021-11-30,765.585,791.852,724.735,724.735,152241.0,724.735
2021-12-01,741.271,759.748,740.294,749.05,61061.1,749.05
2021-12-02,747.108,770.456,747.108,751.002,53762.9,751.002
2021-12-03,751.969,770.456,748.084,770.456,35464.7,770.456
2021-12-06,769.48,771.422,750.026,750.026,45744.6,750.026
2021-12-07,754.887,786.991,754.887,785.049,42968.8,785.049
2021-12-08,795.747,798.665,787.967,798.665,29708.0,798.665
2021-12-09,795.747,796.723,786.991,796.723,21587.3,796.723
2021-12-10,807.421,810.339,799.641,803.526,43791.3,803.526
2021-12-13,812.282,814.234,800.608,808.397,21279.0,808.397
2021-12-14,814.234,814.234,795.747,803.526,30428.1,803.526
2021-12-15,809.363,815.2,807.421,812.282,34127.9,812.282
2021-12-16,820.061,821.038,812.282,821.038,31353.1,821.038
2021-12-17,822.014,826.875,814.234,826.875,40398.8,826.875
2021-12-20,821.038,821.038,796.723,796.723,20250.6,796.723
2021-12-21,805.479,807.421,791.852,796.723,26623.8,796.723
2021-12-22,801.584,801.584,786.015,786.015,22203.9,786.015
2021-12-23,789.91,798.665,783.096,798.665,33819.6,798.665
2021-12-24,800.608,800.608,781.154,783.096,29297.3,783.096
2021-12-27,784.073,786.015,778.236,784.073,21381.4,784.073
2021-12-28,786.015,802.56,781.154,802.56,31044.8,802.56
2021-12-29,802.56,814.234,795.747,814.234,41221.3,814.234
2021-12-30,803.526,803.526,793.804,794.771,20148.1,794.771
2022-01-04,797.689,802.56,793.804,800.608,23334.8,800.608
2022-01-05,798.665,803.526,793.804,800.608,27446.4,800.608
2022-01-06,788.934,791.852,775.317,775.317,26110.6,775.317
2022-01-07,778.236,784.073,768.504,773.375,44202.0,773.375
2022-01-11,773.375,775.317,759.748,770.456,32483.9,770.456
2022-01-12,770.456,786.015,766.561,781.154,99712.5,781.154
2022-01-13,781.154,783.096,763.643,774.341,53042.8,774.341
2022-01-14,768.504,771.422,755.863,766.561,71546.0,766.561
2022-01-17,770.456,772.398,758.782,760.724,26623.8,760.724
2022-01-18,760.724,764.619,749.05,749.05,41529.6,749.05
2022-01-19,745.165,751.969,739.328,741.271,48828.8,741.271
2022-01-20,741.271,752.945,734.457,734.457,58799.5,734.457
2022-01-21,734.457,736.41,729.596,736.41,49650.3,736.41
2022-01-24,732.515,746.132,732.515,744.189,33923.1,744.189
2022-01-25,743.213,743.213,729.596,736.41,48417.1,736.41
2022-01-26,739.328,740.294,731.539,733.491,30838.9,733.491
2022-01-27,733.491,737.376,705.272,707.224,77097.8,707.224
2022-01-28,719.865,720.841,714.028,720.841,57566.2,720.841
2022-01-31,717.922,728.62,716.946,728.62,45744.6,728.62
2022-02-01,727.654,731.539,717.922,720.841,46053.0,720.841
2022-02-02,724.735,737.376,724.735,736.41,40604.6,736.41
2022-02-03,738.352,739.328,734.457,736.41,28474.8,736.41
2022-02-04,730.573,735.434,724.735,728.62,34848.0,728.62
2022-02-07,727.654,734.457,726.678,733.491,56846.1,733.491
2022-02-08,737.376,737.376,730.573,733.491,23643.1,733.491
2022-02-09,736.41,738.352,728.62,737.376,41735.5,737.376
2022-02-10,739.328,746.132,734.457,746.132,50884.6,746.132
2022-02-14,739.328,746.132,727.654,742.247,52734.5,742.247
2022-02-15,741.271,752.945,733.491,734.457,46155.4,734.457
2022-02-16,748.084,749.05,736.41,742.247,47389.7,742.247
2022-02-17,744.189,749.05,740.294,740.294,57052.0,740.294
2022-02-18,729.596,735.434,725.702,735.434,39576.2,735.434
2022-02-21,729.596,729.596,719.865,722.783,36287.2,722.783
2022-02-22,721.817,731.539,715.004,727.654,35876.4,727.654
2022-02-24,720.841,736.41,720.841,736.41,35773.0,736.41
2022-02-25,739.328,740.294,719.865,729.596,45024.5,729.596
2022-02-28,743.213,744.189,727.654,727.654,108449.0,727.654
2022-03-01,735.434,752.945,735.434,748.084,92106.0,748.084
2022-03-02,733.491,733.491,719.865,719.865,42249.7,719.865
2022-03-03,724.735,733.491,716.946,721.817,35362.2,721.817
2022-03-04,719.865,724.735,707.224,707.224,55921.2,707.224
2022-03-07,700.411,705.272,690.689,690.689,76377.7,690.689
2022-03-08,682.9,686.794,670.259,679.981,84498.4,679.981
2022-03-09,682.9,687.771,678.039,686.794,68154.5,686.794
2022-03-10,699.435,712.085,691.655,712.085,76789.4,712.085
2022-03-11,706.248,709.167,697.492,702.353,122430.0,702.353
2022-03-14,706.248,712.085,704.306,708.19,94572.5,708.19
2022-03-15,709.167,727.654,708.19,727.654,63425.3,727.654
2022-03-16,727.654,727.654,708.19,711.109,63219.4,711.109
2022-03-17,723.759,724.735,710.143,724.735,48108.7,724.735
2022-03-18,724.735,724.735,714.028,723.759,44407.9,723.759
2022-03-22,730.573,730.573,716.946,726.678,78331.0,726.678
2022-03-23,726.678,763.643,721.817,743.213,176296.0,743.213
2022-03-24,743.213,743.213,721.817,728.62,79872.6,728.62
2022-03-25,732.515,732.515,720.841,730.573,38548.9,730.573
2022-03-28,729.596,731.539,719.865,731.539,46258.8,731.539
2022-03-29,722.783,729.596,719.865,726.678,53145.3,726.678
2022-03-30,730.622,734.566,723.72,734.566,39249.7,734.566
2022-03-31,722.734,728.65,718.79,718.79,63793.4,718.79
2022-04-01,726.678,728.65,713.86,724.706,55984.0,724.706
2022-04-04,724.706,724.706,717.804,719.776,34787.2,719.776
2022-04-05,723.72,727.664,719.776,723.72,40466.7,723.72
2022-04-06,721.748,721.748,715.832,719.776,50710.2,719.776
2022-04-07,714.846,723.72,705.972,723.72,61765.0,723.72
2022-04-08,728.65,728.65,717.804,725.692,84483.2,725.692
2022-04-11,722.734,723.72,709.916,711.888,41176.7,711.888
2022-04-12,712.874,714.846,704.986,714.846,60953.6,714.846
2022-04-13,714.846,719.776,707.944,717.804,82961.9,717.804
2022-04-14,717.804,719.776,713.86,717.804,47160.5,717.804
2022-04-15,717.804,722.734,712.874,714.846,59128.1,714.846
2022-04-18,714.846,720.762,711.888,715.832,60649.4,715.832
2022-04-19,722.734,722.734,715.832,719.776,53144.3,719.776
2022-04-20,719.776,721.748,708.93,709.916,65821.8,709.916
2022-04-21,707.944,713.86,703.014,710.902,61866.4,710.902
2022-04-22,704.0,709.916,694.14,709.916,56491.1,709.916
2022-04-25,700.056,701.042,690.196,690.196,55476.9,690.196
2022-04-26,691.182,694.14,678.364,679.35,72312.7,679.35
2022-04-27,671.462,684.28,666.532,680.336,139351.0,680.336
2022-04-28,683.294,704.0,683.294,704.0,77282.3,704.0
2022-05-02,694.14,703.014,694.14,698.084,34888.6,698.084
2022-05-06,696.112,699.07,689.21,695.126,63793.4,695.126
2022-05-09,688.224,694.14,682.308,682.308,96552.2,682.308
2022-05-10,680.336,704.0,676.392,697.098,87931.5,697.098
2022-05-11,697.098,709.916,688.224,703.014,115315.0,703.014
2022-05-12,702.028,703.014,689.21,696.112,112779.0,696.112
2022-05-13,681.322,698.084,676.392,694.14,119777.0,694.14
2022-05-16,692.168,693.154,680.336,682.308,102028.0,682.308
2022-05-17,682.308,686.252,675.406,677.378,100406.0,677.378
2022-05-18,677.378,689.21,675.406,688.224,90771.3,688.224
2022-05-19,672.448,690.196,666.532,688.224,115010.0,688.224
2022-05-20,687.238,689.21,675.406,687.238,92698.2,687.238
2022-05-23,693.154,693.154,685.266,687.238,117242.0,687.238
2022-05-24,681.322,689.21,677.378,685.266,112373.0,685.266
2022-05-25,685.266,690.196,683.294,686.252,79412.2,686.252
2022-05-26,680.336,690.196,680.336,684.28,99087.7,684.28
2022-05-27,692.168,711.888,689.21,711.888,133773.0,711.888
2022-05-30,715.832,732.594,704.986,730.622,227993.0,730.622
2022-05-31,730.622,733.58,713.86,730.622,828402.0,730.622
2022-06-01,728.65,748.37,727.664,748.37,154159.0,748.37
2022-06-02,748.37,749.356,735.552,749.356,128499.0,749.356
2022-06-03,751.328,751.328,732.594,734.566,89047.1,734.566
2022-06-06,731.608,743.44,729.636,739.496,88742.8,739.496
2022-06-07,740.482,747.384,732.594,739.496,108317.0,739.496
2022-06-08,739.496,752.314,739.496,752.314,80629.2,752.314
2022-06-09,752.314,761.188,744.426,745.412,75051.1,745.412
2022-06-10,741.468,747.384,731.608,735.552,85700.2,735.552
2022-06-13,729.636,732.594,724.706,727.664,75253.9,727.664
2022-06-14,716.818,728.65,715.832,720.762,107911.0,720.762
2022-06-15,717.804,723.72,709.916,709.916,95943.7,709.916
2022-06-16,716.818,720.762,705.972,711.888,106795.0,711.888
2022-06-17,699.07,707.944,693.154,699.07,149088.0,699.07
2022-06-20,704.986,707.944,689.21,693.154,64199.1,693.154
2022-06-21,705.972,706.958,698.084,703.014,64097.7,703.014
2022-06-22,704.986,704.986,694.14,697.098,46146.3,697.098
2022-06-23,697.098,707.944,697.098,707.944,76166.7,707.944
2022-06-24,702.028,703.014,693.154,696.112,57606.8,696.112
2022-06-27,704.986,705.972,692.168,696.112,57606.8,696.112
2022-06-28,692.168,702.028,692.168,702.028,80629.2,702.028
2022-06-29,699.07,706.958,695.126,706.958,141177.0,706.958
2022-06-30,706.958,707.944,696.112,697.098,54767.0,697.098
2022-07-01,697.098,706.958,697.098,706.958,114909.0,706.958
2022-07-04,716.818,718.79,710.902,711.888,56288.3,711.888
2022-07-05,715.832,724.706,713.86,714.846,75862.5,714.846
2022-07-06,711.888,711.888,704.0,706.958,84888.9,706.958
2022-07-07,708.93,718.79,708.93,715.832,50913.0,715.832
2022-07-08,715.832,721.748,705.972,706.958,109331.0,706.958
2022-07-11,718.79,726.678,716.818,725.692,87018.7,725.692
2022-07-12,718.79,718.79,705.972,711.888,114402.0,711.888
2022-07-13,712.874,720.762,711.888,719.776,60142.3,719.776
2022-07-14,720.762,722.734,716.818,720.762,38438.3,720.762
2022-07-15,725.692,729.636,718.79,720.762,47971.8,720.762
2022-07-19,723.72,723.72,712.874,717.804,47059.0,717.804
2022-07-20,724.706,727.664,719.776,725.692,67850.2,725.692
2022-07-21,720.762,720.762,713.86,718.79,50203.1,718.79
2022-07-22,720.762,730.622,716.818,727.664,56694.0,727.664
2022-07-25,733.58,739.496,727.664,732.594,66430.3,732.594
2022-07-26,738.51,744.426,735.552,742.454,45842.0,742.454
2022-07-27,745.412,748.37,740.482,741.468,54767.0,741.468
2022-07-28,748.37,748.37,733.58,742.454,95132.3,742.454
2022-07-29,750.342,750.342,731.608,732.594,59736.6,732.594
2022-08-01,740.482,742.454,735.552,741.468,61967.8,741.468
2022-08-02,735.552,736.538,724.706,726.678,71095.7,726.678
2022-08-03,730.622,730.622,718.79,723.72,68965.9,723.72
2022-08-04,724.706,731.608,723.72,731.608,47769.0,731.608
2022-08-05,732.594,746.398,731.608,744.426,89554.2,744.426
2022-08-08,744.426,744.426,731.608,735.552,30223.2,735.552
2022-08-09,734.566,737.524,723.72,723.72,65010.5,723.72
2022-08-10,734.566,740.482,726.678,730.622,67546.0,730.622
2022-08-12,729.636,741.468,729.636,733.58,84584.6,733.58
2022-08-15,737.524,737.524,722.734,722.734,87424.4,722.734
2022-08-16,723.72,723.72,715.832,715.832,69675.8,715.832
2022-08-17,718.79,727.664,718.79,719.776,36004.2,719.776
2022-08-18,717.804,722.734,715.832,722.734,56592.6,722.734
2022-08-19,727.664,728.65,719.776,719.776,48478.9,719.776
2022-08-22,717.804,723.72,716.818,720.762,59026.7,720.762
2022-08-23,718.79,720.762,715.832,717.804,60345.1,717.804
2022-08-24,716.818,721.748,715.832,719.776,89148.5,719.776
2022-08-25,724.706,725.692,718.79,718.79,48276.1,718.79
2022-08-26,721.748,723.72,719.776,719.776,31643.1,719.776
2022-08-29,714.846,725.692,714.846,717.804,80730.6,717.804
2022-08-30,719.776,724.706,718.79,724.706,28194.8,724.706
2022-08-31,717.804,722.734,717.804,722.734,39046.8,722.734
2022-09-01,716.818,720.762,714.846,716.818,74544.0,716.818
2022-09-02,715.832,716.818,711.888,714.846,98986.3,714.846
2022-09-05,710.902,715.832,708.93,708.93,92394.0,708.93
2022-09-06,708.93,710.902,705.972,707.944,75253.9,707.944
2022-09-07,707.944,710.902,704.0,704.986,64300.5,704.986
2022-09-08,713.86,713.86,707.944,709.916,45537.7,709.916
2022-09-09,708.93,713.86,707.944,712.874,53854.2,712.874
2022-09-12,718.79,718.79,707.944,707.944,41683.8,707.944
2022-09-13,709.916,715.832,707.944,714.846,37322.7,714.846
2022-09-14,703.014,707.944,701.042,704.0,66024.7,704.0
2022-09-15,705.972,707.944,703.014,705.972,36714.2,705.972
2022-09-16,704.0,707.944,700.056,701.042,72109.9,701.042
2022-09-20,708.93,709.916,703.014,706.958,65821.8,706.958
2022-09-21,704.986,708.93,704.0,706.958,98276.4,706.958
2022-09-22,702.028,707.944,702.028,704.986,62373.5,704.986
2022-09-26,703.014,703.014,695.126,697.098,94219.6,697.098
2022-09-27,702.028,702.028,692.168,695.126,102130.0,695.126
2022-09-28,692.168,704.0,690.196,704.0,115822.0,704.0
2022-09-29,720.0,724.0,711.0,720.0,101500.0,720.0
2022-09-30,713.0,714.0,704.0,707.0,73100.0,707.0
2022-10-03,706.0,710.0,702.0,709.0,46800.0,709.0
2022-10-04,722.0,736.0,720.0,732.0,92300.0,732.0
2022-10-05,740.0,740.0,721.0,721.0,47100.0,721.0
2022-10-06,728.0,737.0,725.0,726.0,64600.0,726.0
2022-10-07,724.0,726.0,716.0,722.0,60600.0,722.0
2022-10-11,713.0,721.0,709.0,709.0,72400.0,709.0
2022-10-12,705.0,709.0,702.0,706.0,162800.0,706.0
2022-10-13,697.0,701.0,693.0,697.0,169200.0,697.0
2022-10-14,704.0,704.0,695.0,698.0,134600.0,698.0
2022-10-17,697.0,705.0,697.0,699.0,66700.0,699.0
2022-10-18,706.0,718.0,703.0,718.0,81400.0,718.0
2022-10-19,718.0,735.0,716.0,735.0,116000.0,735.0
2022-10-20,725.0,731.0,721.0,726.0,75900.0,726.0
2022-10-21,725.0,725.0,714.0,714.0,69100.0,714.0
2022-10-24,712.0,716.0,704.0,705.0,86500.0,705.0
2022-10-25,714.0,735.0,711.0,731.0,123200.0,731.0
2022-10-26,732.0,749.0,728.0,743.0,102500.0,743.0
2022-10-27,739.0,739.0,730.0,733.0,38000.0,733.0
2022-10-28,721.0,734.0,717.0,721.0,239700.0,721.0
2022-10-31,722.0,730.0,718.0,724.0,81700.0,724.0
2022-11-01,724.0,727.0,718.0,723.0,54000.0,723.0
2022-11-02,721.0,722.0,707.0,709.0,114300.0,709.0
2022-11-04,709.0,712.0,702.0,702.0,104300.0,702.0
2022-11-07,707.0,721.0,705.0,716.0,57400.0,716.0
2022-11-08,719.0,725.0,715.0,723.0,60900.0,723.0
2022-11-09,725.0,725.0,720.0,723.0,25300.0,723.0
2022-11-10,720.0,733.0,719.0,729.0,53500.0,729.0
2022-11-11,736.0,746.0,731.0,739.0,117600.0,739.0
2022-11-14,738.0,743.0,728.0,740.0,79100.0,740.0
2022-11-15,739.0,742.0,732.0,733.0,25300.0,733.0
2022-11-16,736.0,741.0,731.0,736.0,51900.0,736.0
2022-11-17,733.0,748.0,733.0,741.0,47500.0,741.0
2022-11-18,749.0,752.0,743.0,747.0,54400.0,747.0
2022-11-21,747.0,759.0,747.0,758.0,34000.0,758.0
2022-11-22,758.0,780.0,758.0,779.0,84500.0,779.0
2022-11-24,780.0,785.0,769.0,783.0,51200.0,783.0
2022-11-25,783.0,783.0,771.0,777.0,67700.0,777.0
2022-11-28,780.0,780.0,761.0,767.0,67000.0,767.0
2022-11-29,757.0,757.0,747.0,751.0,61200.0,751.0
2022-11-30,750.0,754.0,746.0,748.0,50400.0,748.0
2022-12-01,748.0,753.0,739.0,742.0,59400.0,742.0
2022-12-02,736.0,736.0,721.0,729.0,79100.0,729.0
2022-12-05,729.0,743.0,721.0,743.0,120700.0,743.0
2022-12-06,740.0,746.0,736.0,742.0,71700.0,742.0
2022-12-07,733.0,743.0,732.0,737.0,44500.0,737.0
2022-12-08,737.0,737.0,728.0,732.0,35500.0,732.0
2022-12-09,729.0,735.0,725.0,733.0,54400.0,733.0
2022-12-12,728.0,731.0,725.0,731.0,32100.0,731.0
2022-12-13,735.0,746.0,734.0,736.0,76700.0,736.0
2022-12-14,739.0,741.0,731.0,736.0,31100.0,736.0
2022-12-15,733.0,740.0,733.0,739.0,19700.0,739.0
2022-12-16,731.0,739.0,731.0,738.0,53500.0,738.0
2022-12-19,736.0,742.0,734.0,737.0,38000.0,737.0
2022-12-20,740.0,745.0,727.0,729.0,83100.0,729.0
2022-12-21,727.0,731.0,720.0,720.0,60800.0,720.0
2022-12-22,726.0,734.0,725.0,733.0,32000.0,733.0
2022-12-23,728.0,731.0,725.0,728.0,44700.0,728.0
2022-12-26,729.0,730.0,722.0,724.0,43700.0,724.0
2022-12-27,730.0,735.0,729.0,735.0,14700.0,735.0
2022-12-28,732.0,737.0,730.0,737.0,41000.0,737.0
2022-12-29,732.0,737.0,725.0,737.0,54300.0,737.0
2022-12-30,740.0,748.0,735.0,745.0,73600.0,745.0
2023-01-04,740.0,745.0,734.0,743.0,96000.0,743.0
2023-01-05,743.0,750.0,734.0,746.0,83800.0,746.0
2023-01-06,750.0,750.0,741.0,749.0,54700.0,749.0
2023-01-10,754.0,756.0,745.0,745.0,31000.0,745.0
2023-01-11,748.0,760.0,748.0,754.0,37700.0,754.0
2023-01-12,755.0,772.0,755.0,758.0,58800.0,758.0
2023-01-13,756.0,773.0,756.0,761.0,87200.0,761.0
2023-01-16,755.0,766.0,740.0,743.0,391200.0,743.0
2023-01-17,750.0,761.0,747.0,756.0,174100.0,756.0
2023-01-18,757.0,764.0,741.0,761.0,155500.0,761.0
2023-01-19,753.0,761.0,747.0,753.0,115500.0,753.0
2023-01-20,752.0,768.0,752.0,767.0,56700.0,767.0
2023-01-23,771.0,780.0,761.0,773.0,66200.0,773.0
2023-01-24,780.0,789.0,775.0,781.0,77500.0,781.0
2023-01-25,785.0,791.0,777.0,784.0,95100.0,784.0
2023-01-26,784.0,790.0,783.0,787.0,25900.0,787.0
2023-01-27,787.0,795.0,787.0,792.0,44200.0,792.0
2023-01-30,797.0,814.0,795.0,808.0,118300.0,808.0
2023-01-31,810.0,831.0,810.0,827.0,112100.0,827.0
2023-02-01,830.0,836.0,800.0,807.0,206100.0,807.0
2023-02-02,814.0,823.0,810.0,814.0,58600.0,814.0
2023-02-03,811.0,823.0,804.0,819.0,76800.0,819.0
2023-02-06,826.0,837.0,822.0,835.0,49100.0,835.0
2023-02-07,835.0,839.0,817.0,835.0,57500.0,835.0
2023-02-08,836.0,853.0,833.0,849.0,55300.0,849.0
2023-02-09,853.0,877.0,850.0,873.0,140700.0,873.0
2023-02-10,874.0,913.0,844.0,870.0,443400.0,870.0
2023-02-13,875.0,901.0,867.0,891.0,170200.0,891.0
2023-02-14,891.0,908.0,881.0,902.0,147800.0,902.0
2023-02-15,905.0,905.0,878.0,890.0,91200.0,890.0
2023-02-16,896.0,899.0,880.0,891.0,101300.0,891.0
2023-02-17,877.0,882.0,868.0,870.0,84400.0,870.0
2023-02-20,863.0,876.0,858.0,871.0,89300.0,871.0
2023-02-21,870.0,896.0,868.0,895.0,68900.0,895.0
2023-02-22,888.0,901.0,884.0,898.0,60600.0,898.0
2023-02-24,898.0,921.0,898.0,914.0,81900.0,914.0
2023-02-27,924.0,939.0,923.0,935.0,101800.0,935.0
2023-02-28,942.0,944.0,916.0,923.0,212100.0,923.0
2023-03-01,920.0,930.0,920.0,925.0,75100.0,925.0
2023-03-02,927.0,958.0,927.0,935.0,120100.0,935.0
2023-03-03,940.0,974.0,938.0,961.0,142700.0,961.0
2023-03-06,974.0,989.0,956.0,976.0,226400.0,976.0
2023-03-07,970.0,988.0,967.0,976.0,113600.0,976.0
2023-03-08,975.0,994.0,970.0,980.0,133300.0,980.0
2023-03-09,989.0,1007.0,981.0,986.0,163200.0,986.0
2023-03-10,980.0,988.0,966.0,983.0,152800.0,983.0
2023-03-13,963.0,963.0,930.0,940.0,197200.0,940.0
2023-03-14,912.0,914.0,890.0,903.0,238900.0,903.0
2023-03-15,913.0,933.0,912.0,920.0,112100.0,920.0
2023-03-16,892.0,897.0,881.0,897.0,154800.0,897.0
2023-03-17,912.0,920.0,900.0,908.0,124200.0,908.0
2023-03-20,903.0,905.0,876.0,879.0,77400.0,879.0
2023-03-22,894.0,899.0,885.0,892.0,62100.0,892.0
2023-03-23,887.0,902.0,877.0,898.0,73700.0,898.0
2023-03-24,896.0,910.0,889.0,909.0,54800.0,909.0
2023-03-27,905.0,919.0,904.0,907.0,79300.0,907.0
2023-03-28,915.0,920.0,897.0,900.0,38100.0,900.0
2023-03-29,909.0,935.0,903.0,930.0,141400.0,930.0
2023-03-30,918.0,922.0,906.0,914.0,57000.0,914.0
2023-03-31,922.0,942.0,922.0,936.0,62500.0,936.0
2023-04-03,947.0,960.0,938.0,960.0,81200.0,960.0
2023-04-04,961.0,981.0,953.0,980.0,121300.0,980.0
2023-04-05,970.0,970.0,945.0,946.0,90500.0,946.0
2023-04-06,932.0,940.0,921.0,923.0,62100.0,923.0
2023-04-07,923.0,941.0,923.0,928.0,67600.0,928.0
2023-04-10,937.0,943.0,927.0,930.0,33600.0,930.0
2023-04-11,930.0,944.0,926.0,942.0,74300.0,942.0
2023-04-12,943.0,968.0,943.0,955.0,159100.0,955.0
2023-04-13,953.0,955.0,942.0,947.0,79300.0,947.0
2023-04-14,951.0,958.0,948.0,956.0,52000.0,956.0
2023-04-17,964.0,965.0,954.0,960.0,26200.0,960.0
2023-04-18,967.0,983.0,957.0,972.0,112300.0,972.0
2023-04-19,972.0,972.0,959.0,972.0,52000.0,972.0
2023-04-20,968.0,979.0,967.0,971.0,37700.0,971.0
2023-04-21,972.0,980.0,966.0,973.0,44500.0,973.0
2023-04-24,975.0,980.0,963.0,980.0,51600.0,980.0
2023-04-25,985.0,1025.0,979.0,997.0,154200.0,997.0
2023-04-26,982.0,1001.0,982.0,998.0,61300.0,998.0
2023-04-27,998.0,1019.0,988.0,1015.0,92300.0,1015.0
2023-04-28,1030.0,1060.0,1028.0,1053.0,157700.0,1053.0
2023-05-01,1060.0,1061.0,1028.0,1057.0,134600.0,1057.0
2023-05-02,1058.0,1066.0,1051.0,1060.0,74100.0,1060.0
2023-05-08,1067.0,1090.0,1055.0,1078.0,146700.0,1078.0
2023-05-09,1086.0,1103.0,1077.0,1088.0,230300.0,1088.0
2023-05-10,1088.0,1089.0,1061.0,1064.0,135200.0,1064.0
2023-05-11,1072.0,1090.0,986.0,1055.0,431100.0,1055.0
2023-05-12,1085.0,1099.0,1069.0,1079.0,278200.0,1079.0
2023-05-15,1082.0,1127.0,1077.0,1124.0,141100.0,1124.0
2023-05-16,1125.0,1156.0,1107.0,1144.0,229300.0,1144.0
2023-05-17,1149.0,1152.0,1129.0,1144.0,114100.0,1144.0
2023-05-18,1158.0,1168.0,1133.0,1166.0,145100.0,1166.0
2023-05-19,1159.0,1174.0,1155.0,1161.0,81900.0,1161.0
2023-05-22,1165.0,1170.0,1151.0,1156.0,60500.0,1156.0
2023-05-23,1165.0,1165.0,1113.0,1129.0,139300.0,1129.0
2023-05-24,1113.0,1134.0,1111.0,1126.0,77900.0,1126.0
2023-05-25,1126.0,1136.0,1115.0,1121.0,85900.0,1121.0
2023-05-26,1125.0,1132.0,1115.0,1119.0,60000.0,1119.0
2023-05-29,1123.0,1134.0,1119.0,1125.0,48300.0,1125.0
2023-05-30,1119.0,1126.0,1116.0,1116.0,54000.0,1116.0
2023-05-31,1105.0,1114.0,1090.0,1106.0,220800.0,1106.0
2023-06-01,1091.0,1117.0,1089.0,1099.0,92400.0,1099.0
2023-06-02,1116.0,1138.0,1107.0,1138.0,166800.0,1138.0
2023-06-05,1165.0,1176.0,1155.0,1160.0,114800.0,1160.0
2023-06-06,1147.0,1159.0,1140.0,1158.0,60300.0,1158.0
2023-06-07,1163.0,1177.0,1140.0,1141.0,126300.0,1141.0
2023-06-08,1148.0,1159.0,1126.0,1131.0,67400.0,1131.0
2023-06-09,1136.0,1155.0,1126.0,1148.0,90900.0,1148.0
2023-06-12,1154.0,1159.0,1142.0,1153.0,93400.0,1153.0
2023-06-13,1156.0,1159.0,1140.0,1142.0,58700.0,1142.0
2023-06-14,1146.0,1151.0,1125.0,1128.0,55200.0,1128.0
2023-06-15,1128.0,1138.0,1115.0,1130.0,62200.0,1130.0
2023-06-16,1131.0,1183.0,1127.0,1168.0,219900.0,1168.0
2023-06-19,1178.0,1233.0,1178.0,1233.0,186200.0,1233.0
2023-06-20,1233.0,1240.0,1206.0,1223.0,194500.0,1223.0
2023-06-21,1230.0,1248.0,1224.0,1231.0,106300.0,1231.0
2023-06-22,1245.0,1256.0,1223.0,1244.0,114800.0,1244.0
2023-06-23,1250.0,1257.0,1213.0,1220.0,88000.0,1220.0
2023-06-26,1225.0,1242.0,1191.0,1224.0,74300.0,1224.0
2023-06-27,1236.0,1239.0,1209.0,1235.0,81900.0,1235.0
2023-06-28,1250.0,1272.0,1243.0,1272.0,108400.0,1272.0
2023-06-29,1280.0,1304.0,1273.0,1276.0,90000.0,1276.0
2023-06-30,1271.0,1281.0,1253.0,1268.0,115700.0,1268.0
2023-07-03,1265.0,1285.0,1262.0,1283.0,63500.0,1283.0
2023-07-04,1276.0,1292.0,1273.0,1278.0,77600.0,1278.0
2023-07-05,1277.0,1277.0,1248.0,1248.0,75000.0,1248.0
2023-07-06,1248.0,1248.0,1217.0,1218.0,79400.0,1218.0
2023-07-07,1201.0,1237.0,1192.0,1225.0,115100.0,1225.0
2023-07-10,1225.0,1243.0,1224.0,1227.0,72400.0,1227.0
2023-07-11,1235.0,1238.0,1219.0,1223.0,48600.0,1223.0
2023-07-12,1223.0,1232.0,1192.0,1192.0,69400.0,1192.0
2023-07-13,1187.0,1200.0,1177.0,1192.0,49200.0,1192.0
2023-07-14,1192.0,1207.0,1169.0,1194.0,113200.0,1194.0
2023-07-18,1198.0,1224.0,1198.0,1223.0,59700.0,1223.0
2023-07-19,1244.0,1253.0,1235.0,1248.0,69200.0,1248.0
2023-07-20,1257.0,1259.0,1229.0,1231.0,38500.0,1231.0
2023-07-21,1240.0,1241.0,1225.0,1229.0,33400.0,1229.0
2023-07-24,1235.0,1247.0,1233.0,1245.0,29500.0,1245.0
2023-07-25,1256.0,1265.0,1252.0,1261.0,83300.0,1261.0
2023-07-26,1262.0,1270.0,1250.0,1261.0,38800.0,1261.0
2023-07-27,1252.0,1264.0,1244.0,1250.0,47900.0,1250.0
2023-07-28,1214.0,1259.0,1210.0,1259.0,144800.0,1259.0
2023-07-31,1277.0,1288.0,1261.0,1267.0,86000.0,1267.0
2023-08-01,1261.0,1293.0,1253.0,1290.0,104100.0,1290.0
2023-08-02,1283.0,1300.0,1273.0,1276.0,70500.0,1276.0
2023-08-03,1259.0,1267.0,1237.0,1241.0,121700.0,1241.0
2023-08-04,1235.0,1265.0,1233.0,1242.0,83000.0,1242.0
2023-08-07,1233.0,1248.0,1228.0,1238.0,77100.0,1238.0
2023-08-08,1233.0,1238.0,1223.0,1224.0,51100.0,1224.0
2023-08-09,1221.0,1243.0,1200.0,1243.0,108600.0,1243.0
2023-08-10,1249.0,1270.0,1228.0,1262.0,169600.0,1262.0
2023-08-14,1260.0,1264.0,1207.0,1213.0,116400.0,1213.0
2023-08-15,1227.0,1256.0,1220.0,1237.0,81200.0,1237.0
2023-08-16,1229.0,1241.0,1223.0,1228.0,47800.0,1228.0
2023-08-17,1222.0,1228.0,1187.0,1207.0,73400.0,1207.0
2023-08-18,1193.0,1203.0,1187.0,1197.0,63400.0,1197.0
2023-08-21,1199.0,1212.0,1196.0,1197.0,49200.0,1197.0
2023-08-22,1200.0,1200.0,1180.0,1185.0,55100.0,1185.0
2023-08-23,1185.0,1200.0,1182.0,1189.0,46800.0,1189.0
2023-08-24,1189.0,1194.0,1178.0,1185.0,62700.0,1185.0
2023-08-25,1174.0,1184.0,1162.0,1176.0,48300.0,1176.0
2023-08-28,1179.0,1194.0,1179.0,1194.0,39300.0,1194.0
2023-08-29,1208.0,1208.0,1190.0,1195.0,33500.0,1195.0
2023-08-30,1195.0,1219.0,1194.0,1216.0,82400.0,1216.0
2023-08-31,1219.0,1235.0,1218.0,1232.0,43200.0,1232.0
2023-09-01,1237.0,1245.0,1235.0,1239.0,49900.0,1239.0
2023-09-04,1239.0,1263.0,1239.0,1262.0,62600.0,1262.0
2023-09-05,1263.0,1264.0,1235.0,1253.0,85900.0,1253.0
2023-09-06,1248.0,1256.0,1238.0,1245.0,50200.0,1245.0
2023-09-07,1241.0,1258.0,1241.0,1246.0,54300.0,1246.0
2023-09-08,1245.0,1251.0,1234.0,1234.0,79700.0,1234.0
2023-09-11,1232.0,1244.0,1216.0,1224.0,31700.0,1224.0
2023-09-12,1224.0,1237.0,1222.0,1232.0,38100.0,1232.0
2023-09-13,1232.0,1245.0,1228.0,1238.0,43900.0,1238.0
2023-09-14,1250.0,1261.0,1240.0,1256.0,106400.0,1256.0
2023-09-15,1264.0,1281.0,1259.0,1272.0,104200.0,1272.0
2023-09-19,1257.0,1271.0,1233.0,1271.0,82600.0,1271.0
2023-09-20,1269.0,1273.0,1241.0,1241.0,85900.0,1241.0
2023-09-21,1234.0,1249.0,1232.0,1232.0,51600.0,1232.0
2023-09-22,1218.0,1240.0,1214.0,1231.0,54400.0,1231.0
2023-09-25,1244.0,1267.0,1233.0,1262.0,61600.0,1262.0
2023-09-26,1260.0,1260.0,1239.0,1255.0,57100.0,1255.0
2023-09-27,1250.0,1264.0,1228.0,1262.0,121200.0,1262.0
2023-09-28,1241.0,1255.0,1233.0,1244.0,60800.0,1244.0
2023-09-29,1244.0,1250.0,1222.0,1228.0,69600.0,1228.0
2023-10-02,1228.0,1250.0,1228.0,1238.0,54900.0,1238.0
2023-10-03,1239.0,1239.0,1198.0,1199.0,108700.0,1199.0
2023-10-04,1182.0,1184.0,1140.0,1147.0,183300.0,1147.0
2023-10-05,1160.0,1185.0,1151.0,1184.0,95200.0,1184.0
2023-10-06,1183.0,1216.0,1183.0,1199.0,54700.0,1199.0
2023-10-10,1210.0,1229.0,1210.0,1229.0,66900.0,1229.0
2023-10-11,1226.0,1231.0,1216.0,1221.0,54300.0,1221.0
2023-10-12,1233.0,1236.0,1223.0,1234.0,46400.0,1234.0
2023-10-13,1226.0,1227.0,1200.0,1203.0,56900.0,1203.0
2023-10-16,1195.0,1203.0,1174.0,1182.0,69600.0,1182.0
2023-10-17,1183.0,1199.0,1170.0,1175.0,71800.0,1175.0
2023-10-18,1189.0,1189.0,1165.0,1173.0,42300.0,1173.0
2023-10-19,1161.0,1174.0,1158.0,1171.0,63300.0,1171.0
2023-10-20,1165.0,1199.0,1158.0,1194.0,91800.0,1194.0
2023-10-23,1192.0,1196.0,1164.0,1168.0,42000.0,1168.0
2023-10-24,1170.0,1197.0,1150.0,1192.0,89700.0,1192.0
2023-10-25,1203.0,1216.0,1185.0,1185.0,103500.0,1185.0
2023-10-26,1185.0,1189.0,1163.0,1171.0,28900.0,1171.0
2023-10-27,1179.0,1222.0,1179.0,1222.0,83300.0,1222.0
2023-10-30,1200.0,1208.0,1179.0,1189.0,59700.0,1189.0
2023-10-31,1190.0,1207.0,1183.0,1207.0,57100.0,1207.0
2023-11-01,1212.0,1234.0,1212.0,1221.0,65900.0,1221.0
2023-11-02,1241.0,1250.0,1219.0,1221.0,47900.0,1221.0
2023-11-06,1239.0,1239.0,1216.0,1225.0,60700.0,1225.0
2023-11-07,1234.0,1244.0,1211.0,1212.0,48100.0,1212.0
2023-11-08,1221.0,1221.0,1173.0,1182.0,168800.0,1182.0
2023-11-09,1182.0,1196.0,1177.0,1193.0,44600.0,1193.0
2023-11-10,1186.0,1192.0,1157.0,1172.0,148500.0,1172.0
2023-11-13,1173.0,1173.0,1148.0,1161.0,91400.0,1161.0
2023-11-14,1163.0,1176.0,1151.0,1151.0,47600.0,1151.0
2023-11-15,1161.0,1161.0,1133.0,1133.0,139500.0,1133.0
2023-11-16,1131.0,1138.0,1102.0,1102.0,196400.0,1102.0
2023-11-17,1104.0,1138.0,1104.0,1132.0,181700.0,1132.0
2023-11-20,1132.0,1138.0,1101.0,1102.0,120400.0,1102.0
2023-11-21,1101.0,1102.0,1080.0,1087.0,144000.0,1087.0
2023-11-22,1088.0,1102.0,1081.0,1082.0,145500.0,1082.0
2023-11-24,1112.0,1112.0,1094.0,1110.0,109000.0,1110.0
2023-11-27,1123.0,1124.0,1104.0,1112.0,70400.0,1112.0
2023-11-28,1108.0,1120.0,1105.0,1112.0,88900.0,1112.0
2023-11-29,1101.0,1105.0,1086.0,1094.0,81600.0,1094.0
2023-11-30,1096.0,1118.0,1091.0,1111.0,115000.0,1111.0
2023-12-01,1106.0,1122.0,1102.0,1117.0,105600.0,1117.0
2023-12-04,1116.0,1127.0,1101.0,1114.0,119700.0,1114.0
2023-12-05,1112.0,1118.0,1098.0,1098.0,75600.0,1098.0
2023-12-06,1091.0,1105.0,1090.0,1101.0,121000.0,1101.0
2023-12-07,1091.0,1095.0,1077.0,1082.0,181000.0,1082.0
2023-12-08,1070.0,1072.0,1036.0,1047.0,208800.0,1047.0
2023-12-11,1065.0,1074.0,1058.0,1066.0,124200.0,1066.0
2023-12-12,1064.0,1071.0,1061.0,1065.0,50800.0,1065.0
2023-12-13,1070.0,1090.0,1068.0,1075.0,140100.0,1075.0
2023-12-14,1083.0,1089.0,1070.0,1075.0,69600.0,1075.0
2023-12-15,1077.0,1088.0,1074.0,1078.0,91900.0,1078.0
2023-12-18,1069.0,1079.0,1055.0,1067.0,122400.0,1067.0
2023-12-19,1060.0,1070.0,1058.0,1068.0,112300.0,1068.0
2023-12-20,1069.0,1080.0,1069.0,1072.0,67400.0,1072.0
2023-12-21,1057.0,1063.0,1051.0,1051.0,66600.0,1051.0
2023-12-22,1050.0,1064.0,1050.0,1059.0,144500.0,1059.0
2023-12-25,1067.0,1082.0,1064.0,1067.0,90900.0,1067.0
2023-12-26,1063.0,1127.0,1061.0,1095.0,157600.0,1095.0
2023-12-27,1096.0,1111.0,1090.0,1111.0,77200.0,1111.0
2023-12-28,1106.0,1134.0,1106.0,1125.0,74500.0,1125.0
2023-12-29,1124.0,1137.0,1124.0,1136.0,61000.0,1136.0
2024-01-04,1155.0,1155.0,1128.0,1137.0,75800.0,1137.0
2024-01-05,1141.0,1151.0,1140.0,1150.0,71000.0,1150.0
2024-01-09,1155.0,1163.0,1133.0,1149.0,187300.0,1149.0
2024-01-10,1152.0,1156.0,1131.0,1144.0,94600.0,1144.0
2024-01-11,1157.0,1186.0,1157.0,1186.0,168900.0,1186.0
2024-01-12,1195.0,1205.0,1179.0,1183.0,131500.0,1183.0
2024-01-15,1186.0,1201.0,1180.0,1186.0,222700.0,1186.0
2024-01-16,1188.0,1188.0,1150.0,1150.0,197800.0,1150.0
2024-01-17,1163.0,1180.0,1159.0,1159.0,91600.0,1159.0
2024-01-18,1153.0,1174.0,1153.0,1168.0,65400.0,1168.0
2024-01-19,1175.0,1189.0,1162.0,1187.0,69300.0,1187.0
2024-01-22,1190.0,1212.0,1190.0,1202.0,142400.0,1202.0
2024-01-23,1206.0,1213.0,1193.0,1203.0,88700.0,1203.0
2024-01-24,1200.0,1203.0,1184.0,1195.0,121300.0,1195.0
2024-01-25,1190.0,1201.0,1182.0,1195.0,115400.0,1195.0
2024-01-26,1190.0,1210.0,1185.0,1197.0,109500.0,1197.0
2024-01-29,1201.0,1225.0,1201.0,1221.0,107600.0,1221.0
2024-01-30,1214.0,1218.0,1198.0,1198.0,77400.0,1198.0
2024-01-31,1200.0,1221.0,1200.0,1221.0,102300.0,1221.0
2024-02-01,1213.0,1218.0,1201.0,1204.0,54200.0,1204.0
2024-02-02,1204.0,1221.0,1195.0,1219.0,77700.0,1219.0
2024-02-05,1234.0,1254.0,1232.0,1251.0,103300.0,1251.0
2024-02-06,1251.0,1266.0,1242.0,1257.0,99400.0,1257.0
2024-02-07,1246.0,1278.0,1243.0,1274.0,97700.0,1274.0
2024-02-08,1274.0,1279.0,1234.0,1275.0,152000.0,1275.0
2024-02-09,1273.0,1278.0,1235.0,1240.0,223600.0,1240.0
2024-02-13,1256.0,1273.0,1237.0,1247.0,206000.0,1247.0
2024-02-14,1244.0,1244.0,1200.0,1212.0,171300.0,1212.0
2024-02-15,1214.0,1220.0,1194.0,1198.0,68500.0,1198.0
2024-02-16,1220.0,1245.0,1213.0,1234.0,104100.0,1234.0
2024-02-19,1242.0,1246.0,1228.0,1242.0,108100.0,1242.0
2024-02-20,1245.0,1245.0,1235.0,1242.0,84000.0,1242.0
2024-02-21,1241.0,1259.0,1240.0,1259.0,99600.0,1259.0
2024-02-22,1264.0,1283.0,1257.0,1283.0,108900.0,1283.0
2024-02-26,1288.0,1305.0,1273.0,1279.0,84400.0,1279.0
2024-02-27,1277.0,1301.0,1276.0,1290.0,65300.0,1290.0
2024-02-28,1282.0,1292.0,1278.0,1289.0,51400.0,1289.0
2024-02-29,1296.0,1296.0,1268.0,1269.0,45000.0,1269.0
2024-03-01,1269.0,1317.0,1269.0,1311.0,101700.0,1311.0
2024-03-04,1330.0,1338.0,1314.0,1332.0,134300.0,1332.0
2024-03-05,1333.0,1422.0,1332.0,1408.0,241200.0,1408.0
2024-03-06,1418.0,1492.0,1415.0,1490.0,348300.0,1490.0
2024-03-07,1493.0,1494.0,1399.0,1405.0,263600.0,1405.0
2024-03-08,1405.0,1456.0,1403.0,1441.0,184400.0,1441.0
2024-03-11,1436.0,1436.0,1403.0,1423.0,136500.0,1423.0
2024-03-12,1416.0,1475.0,1415.0,1471.0,113700.0,1471.0
2024-03-13,1473.0,1492.0,1445.0,1455.0,109600.0,1455.0
2024-03-14,1462.0,1514.0,1453.0,1510.0,208300.0,1510.0
2024-03-15,1501.0,1594.0,1501.0,1579.0,350600.0,1579.0
2024-03-18,1596.0,1609.0,1550.0,1582.0,348700.0,1582.0
2024-03-19,1549.0,1574.0,1507.0,1546.0,128200.0,1546.0
2024-03-21,1560.0,1595.0,1551.0,1585.0,160600.0,1585.0
2024-03-22,1600.0,1667.0,1595.0,1616.0,222400.0,1616.0
2024-03-25,1622.0,1635.0,1605.0,1629.0,191800.0,1629.0
2024-03-26,1610.0,1646.0,1601.0,1608.0,166200.0,1608.0
2024-03-27,1610.0,1708.0,1597.0,1668.0,381700.0,1668.0
2024-03-28,1669.0,1670.0,1621.0,1651.0,199600.0,1651.0
2024-03-29,1670.0,1675.0,1620.0,1635.0,154800.0,1635.0
2024-04-01,1690.0,1696.0,1545.0,1566.0,480800.0,1566.0
2024-04-02,1578.0,1592.0,1557.0,1566.0,210900.0,1566.0
2024-04-03,1553.0,1619.0,1540.0,1598.0,181400.0,1598.0
2024-04-04,1590.0,1608.0,1569.0,1594.0,100500.0,1594.0
2024-04-05,1579.0,1596.0,1559.0,1583.0,90900.0,1583.0
2024-04-08,1591.0,1606.0,1573.0,1596.0,73300.0,1596.0
2024-04-09,1600.0,1604.0,1580.0,1599.0,92500.0,1599.0
2024-04-10,1599.0,1651.0,1599.0,1621.0,111900.0,1621.0
2024-04-11,1600.0,1628.0,1584.0,1614.0,59800.0,1614.0
2024-04-12,1614.0,1620.0,1602.0,1604.0,47500.0,1604.0
2024-04-15,1585.0,1615.0,1585.0,1615.0,74000.0,1615.0
2024-04-16,1597.0,1605.0,1568.0,1570.0,117400.0,1570.0
2024-04-17,1573.0,1576.0,1534.0,1556.0,122500.0,1556.0
2024-04-18,1546.0,1566.0,1541.0,1564.0,76600.0,1564.0
2024-04-19,1550.0,1564.0,1516.0,1545.0,133500.0,1545.0
2024-04-22,1563.0,1578.0,1545.0,1571.0,99200.0,1571.0
2024-04-23,1579.0,1609.0,1571.0,1584.0,104000.0,1584.0
2024-04-24,1569.0,1583.0,1561.0,1569.0,112400.0,1569.0
2024-04-25,1567.0,1597.0,1558.0,1587.0,162300.0,1587.0
2024-04-26,1585.0,1587.0,1560.0,1571.0,84900.0,1571.0
2024-04-30,1565.0,1600.0,1563.0,1587.0,106300.0,1587.0
2024-05-01,1574.0,1590.0,1568.0,1576.0,48200.0,1576.0
2024-05-02,1575.0,1593.0,1573.0,1580.0,33100.0,1580.0
2024-05-07,1590.0,1592.0,1570.0,1581.0,132700.0,1581.0
2024-05-08,1600.0,1610.0,1546.0,1558.0,131900.0,1558.0
2024-05-09,1575.0,1587.0,1558.0,1563.0,146100.0,1563.0
2024-05-10,1567.0,1598.0,1554.0,1598.0,114900.0,1598.0
2024-05-13,1558.0,1640.0,1550.0,1597.0,278300.0,1597.0
2024-05-14,1523.0,1570.0,1518.0,1564.0,249200.0,1564.0
2024-05-15,1564.0,1576.0,1540.0,1556.0,173400.0,1556.0
2024-05-16,1545.0,1578.0,1545.0,1563.0,186500.0,1563.0
2024-05-17,1583.0,1592.0,1570.0,1583.0,122700.0,1583.0
2024-05-20,1595.0,1618.0,1590.0,1601.0,176000.0,1601.0
2024-05-21,1605.0,1621.0,1580.0,1580.0,89100.0,1580.0
2024-05-22,1570.0,1570.0,1541.0,1541.0,118600.0,1541.0
2024-05-23,1556.0,1564.0,1541.0,1560.0,123500.0,1560.0
2024-05-24,1547.0,1571.0,1545.0,1549.0,94800.0,1549.0
2024-05-27,1550.0,1559.0,1545.0,1552.0,132800.0,1552.0
2024-05-28,1559.0,1572.0,1531.0,1533.0,121100.0,1533.0
2024-05-29,1531.0,1544.0,1509.0,1514.0,153600.0,1514.0
2024-05-30,1502.0,1536.0,1501.0,1529.0,172400.0,1529.0
2024-05-31,1548.0,1575.0,1516.0,1516.0,814700.0,1516.0
2024-06-03,1526.0,1548.0,1515.0,1522.0,207900.0,1522.0
2024-06-04,1520.0,1544.0,1512.0,1544.0,103300.0,1544.0
2024-06-05,1540.0,1540.0,1485.0,1485.0,178500.0,1485.0
2024-06-06,1490.0,1500.0,1474.0,1493.0,108500.0,1493.0
2024-06-07,1500.0,1502.0,1480.0,1484.0,101800.0,1484.0
2024-06-10,1506.0,1581.0,1500.0,1581.0,248000.0,1581.0
2024-06-11,1610.0,1618.0,1587.0,1591.0,221500.0,1591.0
2024-06-12,1608.0,1620.0,1580.0,1620.0,236600.0,1620.0
2024-06-13,1633.0,1643.0,1527.0,1556.0,294400.0,1556.0
2024-06-14,1566.0,1626.0,1566.0,1626.0,175600.0,1626.0
2024-06-17,1633.0,1641.0,1574.0,1583.0,203500.0,1583.0
2024-06-18,1602.0,1619.0,1595.0,1598.0,122200.0,1598.0
2024-06-19,1601.0,1637.0,1595.0,1619.0,99000.0,1619.0
2024-06-20,1635.0,1659.0,1626.0,1653.0,200800.0,1653.0
2024-06-21,1650.0,1650.0,1580.0,1622.0,253300.0,1622.0
2024-06-24,1619.0,1631.0,1595.0,1628.0,164500.0,1628.0
2024-06-25,1642.0,1649.0,1623.0,1633.0,112200.0,1633.0
2024-06-26,1635.0,1662.0,1635.0,1652.0,117300.0,1652.0
2024-06-27,1652.0,1665.0,1649.0,1663.0,114600.0,1663.0
2024-06-28,1666.0,1666.0,1628.0,1637.0,76000.0,1637.0
2024-07-01,1637.0,1669.0,1637.0,1668.0,138700.0,1668.0
2024-07-02,1669.0,1673.0,1631.0,1637.0,76800.0,1637.0
2024-07-03,1640.0,1647.0,1622.0,1641.0,85200.0,1641.0
2024-07-04,1641.0,1652.0,1629.0,1635.0,64000.0,1635.0
2024-07-05,1643.0,1643.0,1609.0,1609.0,75200.0,1609.0
2024-07-08,1614.0,1620.0,1595.0,1603.0,68200.0,1603.0
2024-07-09,1607.0,1624.0,1605.0,1611.0,67300.0,1611.0
2024-07-10,1608.0,1608.0,1584.0,1588.0,90000.0,1588.0
2024-07-11,1610.0,1649.0,1610.0,1642.0,148900.0,1642.0
2024-07-12,1650.0,1690.0,1641.0,1682.0,165900.0,1682.0
2024-07-16,1698.0,1759.0,1697.0,1741.0,170200.0,1741.0
2024-07-17,1771.0,1779.0,1682.0,1687.0,165400.0,1687.0
2024-07-18,1671.0,1714.0,1661.0,1687.0,156100.0,1687.0
2024-07-19,1683.0,1699.0,1671.0,1690.0,52500.0,1690.0
2024-07-22,1684.0,1684.0,1637.0,1659.0,90500.0,1659.0
2024-07-23,1664.0,1697.0,1664.0,1687.0,75600.0,1687.0
2024-07-24,1700.0,1713.0,1643.0,1648.0,133400.0,1648.0
2024-07-25,1621.0,1626.0,1581.0,1605.0,116500.0,1605.0
2024-07-26,1620.0,1624.0,1587.0,1608.0,58000.0,1608.0
2024-07-29,1619.0,1665.0,1619.0,1650.0,95200.0,1650.0
2024-07-30,1650.0,1654.0,1631.0,1649.0,71100.0,1649.0
2024-07-31,1638.0,1688.0,1610.0,1681.0,59800.0,1681.0
2024-08-01,1664.0,1664.0,1571.0,1581.0,95400.0,1581.0
2024-08-02,1512.0,1530.0,1474.0,1486.0,189200.0,1486.0
2024-08-05,1396.0,1409.0,1200.0,1289.0,291100.0,1289.0
2024-08-06,1469.0,1500.0,1399.0,1500.0,299400.0,1500.0
2024-08-07,1460.0,1501.0,1419.0,1441.0,156500.0,1441.0
2024-08-08,1416.0,1450.0,1412.0,1432.0,102500.0,1432.0
2024-08-09,1480.0,1505.0,1449.0,1462.0,133700.0,1462.0
2024-08-13,1462.0,1530.0,1420.0,1487.0,255100.0,1487.0
2024-08-14,1517.0,1529.0,1483.0,1510.0,75800.0,1510.0
2024-08-15,1550.0,1550.0,1490.0,1496.0,90100.0,1496.0
2024-08-16,1526.0,1543.0,1511.0,1540.0,76500.0,1540.0
2024-08-19,1515.0,1519.0,1476.0,1480.0,126800.0,1480.0
2024-08-20,1500.0,1509.0,1489.0,1496.0,85400.0,1496.0
2024-08-21,1477.0,1498.0,1473.0,1473.0,79100.0,1473.0
2024-08-22,1487.0,1521.0,1477.0,1520.0,161500.0,1520.0
2024-08-23,1541.0,1584.0,1531.0,1575.0,124800.0,1575.0
2024-08-26,1569.0,1582.0,1533.0,1560.0,74600.0,1560.0
2024-08-27,1569.0,1615.0,1547.0,1605.0,85500.0,1605.0
2024-08-28,1629.0,1664.0,1621.0,1624.0,155100.0,1624.0
2024-08-29,1634.0,1650.0,1615.0,1619.0,92000.0,1619.0
2024-08-30,1627.0,1657.0,1625.0,1646.0,84800.0,1646.0
2024-09-02,1651.0,1667.0,1612.0,1625.0,77300.0,1625.0
2024-09-03,1620.0,1635.0,1613.0,1617.0,36500.0,1617.0
2024-09-04,1599.0,1644.0,1598.0,1615.0,138400.0,1615.0
2024-09-05,1601.0,1628.0,1585.0,1599.0,42600.0,1599.0
2024-09-06,1595.0,1622.0,1584.0,1593.0,48500.0,1593.0
2024-09-09,1555.0,1601.0,1537.0,1600.0,47800.0,1600.0
2024-09-10,1609.0,1614.0,1588.0,1592.0,74400.0,1592.0
2024-09-11,1592.0,1603.0,1552.0,1559.0,126900.0,1559.0
2024-09-12,1609.0,1649.0,1609.0,1616.0,127700.0,1616.0
2024-09-13,1601.0,1610.0,1583.0,1586.0,69100.0,1586.0
2024-09-17,1608.0,1608.0,1569.0,1591.0,35100.0,1591.0
2024-09-18,1610.0,1624.0,1581.0,1603.0,49000.0,1603.0
2024-09-19,1620.0,1630.0,1608.0,1619.0,36600.0,1619.0
2024-09-20,1629.0,1635.0,1606.0,1606.0,85200.0,1606.0
2024-09-24,1626.0,1640.0,1615.0,1626.0,73000.0,1626.0
2024-09-25,1624.0,1625.0,1606.0,1618.0,76300.0,1618.0
2024-09-26,1635.0,1660.0,1625.0,1655.0,101400.0,1655.0
2024-09-27,1632.0,1645.0,1621.0,1629.0,35300.0,1629.0
2024-09-30,1589.0,1606.0,1575.0,1591.0,79200.0,1591.0
2024-10-01,1589.0,1633.0,1585.0,1627.0,85300.0,1627.0
2024-10-02,1623.0,1638.0,1575.0,1577.0,69700.0,1577.0
2024-10-03,1617.0,1617.0,1600.0,1609.0,55600.0,1609.0
2024-10-04,1609.0,1620.0,1595.0,1595.0,45200.0,1595.0
2024-10-07,1619.0,1623.0,1595.0,1605.0,42200.0,1605.0
2024-10-08,1590.0,1608.0,1584.0,1588.0,34500.0,1588.0
2024-10-09,1610.0,1610.0,1581.0,1589.0,43900.0,1589.0
2024-10-10,1581.0,1589.0,1572.0,1582.0,42000.0,1582.0
2024-10-11,1610.0,1624.0,1599.0,1610.0,64900.0,1610.0
2024-10-15,1620.0,1633.0,1596.0,1623.0,56800.0,1623.0
2024-10-16,1603.0,1648.0,1603.0,1619.0,37800.0,1619.0
2024-10-17,1611.0,1619.0,1602.0,1607.0,37100.0,1607.0
2024-10-18,1613.0,1616.0,1595.0,1607.0,15400.0,1607.0
2024-10-21,1604.0,1607.0,1588.0,1599.0,32200.0,1599.0
2024-10-22,1599.0,1603.0,1568.0,1573.0,58000.0,1573.0
2024-10-23,1571.0,1578.0,1547.0,1547.0,42100.0,1547.0
2024-10-24,1527.0,1550.0,1515.0,1524.0,56200.0,1524.0
2024-10-25,1531.0,1531.0,1501.0,1513.0,41100.0,1513.0
2024-10-28,1526.0,1544.0,1517.0,1532.0,39800.0,1532.0
2024-10-29,1532.0,1550.0,1532.0,1540.0,40800.0,1540.0
2024-10-30,1541.0,1566.0,1530.0,1535.0,105700.0,1535.0
2024-10-31,1542.0,1555.0,1534.0,1546.0,38700.0,1546.0
2024-11-01,1530.0,1544.0,1522.0,1529.0,38500.0,1529.0
2024-11-05,1544.0,1548.0,1519.0,1535.0,36200.0,1535.0
2024-11-06,1538.0,1566.0,1533.0,1555.0,40400.0,1555.0
2024-11-07,1540.0,1585.0,1540.0,1577.0,56700.0,1577.0
2024-11-08,1590.0,1590.0,1560.0,1560.0,35400.0,1560.0
2024-11-11,1556.0,1561.0,1536.0,1540.0,38400.0,1540.0
2024-11-12,1543.0,1567.0,1540.0,1546.0,31900.0,1546.0
2024-11-13,1546.0,1570.0,1500.0,1507.0,93700.0,1507.0
2024-11-14,1505.0,1510.0,1466.0,1485.0,80900.0,1485.0
2024-11-15,1500.0,1555.0,1500.0,1546.0,86300.0,1546.0
2024-11-18,1535.0,1572.0,1535.0,1562.0,75200.0,1562.0
2024-11-19,1569.0,1569.0,1539.0,1546.0,64900.0,1546.0
2024-11-20,1546.0,1549.0,1509.0,1509.0,42800.0,1509.0
2024-11-21,1522.0,1529.0,1501.0,1501.0,31600.0,1501.0
2024-11-22,1495.0,1520.0,1495.0,1510.0,36800.0,1510.0
2024-11-25,1523.0,1528.0,1498.0,1504.0,91900.0,1504.0
2024-11-26,1496.0,1523.0,1492.0,1518.0,33700.0,1518.0
2024-11-27,1517.0,1526.0,1485.0,1490.0,37300.0,1490.0
2024-11-28,1483.0,1526.0,1483.0,1514.0,37900.0,1514.0
2024-11-29,1506.0,1530.0,1506.0,1508.0,38300.0,1508.0
2024-12-02,1506.0,1520.0,1501.0,1510.0,37100.0,1510.0
2024-12-03,1498.0,1562.0,1498.0,1536.0,84500.0,1536.0
2024-12-04,1533.0,1540.0,1511.0,1524.0,47500.0,1524.0
2024-12-05,1524.0,1550.0,1521.0,1521.0,51400.0,1521.0
2024-12-06,1523.0,1534.0,1511.0,1516.0,30400.0,1516.0
2024-12-09,1512.0,1528.0,1489.0,1489.0,51200.0,1489.0
2024-12-10,1493.0,1515.0,1476.0,1478.0,58400.0,1478.0
2024-12-11,1476.0,1492.0,1463.0,1465.0,59600.0,1465.0
2024-12-12,1472.0,1480.0,1449.0,1473.0,91500.0,1473.0
2024-12-13,1443.0,1465.0,1442.0,1458.0,44900.0,1458.0
2024-12-16,1470.0,1474.0,1460.0,1465.0,54000.0,1465.0
2024-12-17,1463.0,1482.0,1462.0,1481.0,83800.0,1481.0
2024-12-18,1474.0,1488.0,1466.0,1466.0,20600.0,1466.0
2024-12-19,1447.0,1489.0,1445.0,1483.0,98800.0,1483.0
2024-12-20,1502.0,1529.0,1489.0,1489.0,73800.0,1489.0
2024-12-23,1507.0,1539.0,1503.0,1534.0,65100.0,1534.0
2024-12-24,1527.0,1529.0,1504.0,1512.0,41100.0,1512.0
2024-12-25,1527.0,1527.0,1500.0,1516.0,41200.0,1516.0
2024-12-26,1517.0,1534.0,1507.0,1534.0,43700.0,1534.0
2024-12-27,1534.0,1541.0,1527.0,1539.0,44200.0,1539.0
2024-12-30,1545.0,1571.0,1545.0,1564.0,36500.0,1564.0
2025-01-06,1604.0,1614.0,1574.0,1574.0,110000.0,1574.0
2025-01-07,1606.0,1611.0,1551.0,1607.0,87800.0,1607.0
2025-01-08,1600.0,1600.0,1558.0,1563.0,88300.0,1563.0
2025-01-09,1557.0,1561.0,1538.0,1548.0,83800.0,1548.0
2025-01-10,1542.0,1550.0,1528.0,1534.0,70000.0,1534.0
2025-01-14,1538.0,1584.0,1527.0,1545.0,86200.0,1545.0
2025-01-15,1537.0,1546.0,1515.0,1524.0,61400.0,1524.0
2025-01-16,1536.0,1543.0,1517.0,1518.0,59400.0,1518.0
2025-01-17,1525.0,1532.0,1511.0,1528.0,44400.0,1528.0
2025-01-20,1535.0,1547.0,1525.0,1540.0,37300.0,1540.0
2025-01-21,1547.0,1590.0,1545.0,1545.0,84900.0,1545.0
2025-01-22,1555.0,1570.0,1551.0,1551.0,31100.0,1551.0
2025-01-23,1551.0,1553.0,1531.0,1547.0,53600.0,1547.0
2025-01-24,1554.0,1554.0,1520.0,1531.0,96700.0,1531.0
2025-01-27,1549.0,1566.0,1528.0,1559.0,106900.0,1559.0
2025-01-28,1556.0,1597.0,1545.0,1586.0,53600.0,1586.0
2025-01-29,1586.0,1596.0,1572.0,1588.0,47100.0,1588.0
2025-01-30,1582.0,1611.0,1582.0,1609.0,50200.0,1609.0
2025-01-31,1615.0,1620.0,1591.0,1605.0,37300.0,1605.0
2025-02-03,1581.0,1614.0,1575.0,1590.0,64900.0,1590.0
2025-02-04,1597.0,1614.0,1586.0,1591.0,64100.0,1591.0
2025-02-05,1590.0,1605.0,1581.0,1588.0,41900.0,1588.0
2025-02-06,1588.0,1591.0,1578.0,1587.0,40000.0,1587.0
2025-02-07,1587.0,1607.0,1577.0,1590.0,88600.0,1590.0
2025-02-10,1579.0,1590.0,1572.0,1586.0,70900.0,1586.0
2025-02-12,1600.0,1604.0,1571.0,1575.0,83700.0,1575.0
2025-02-13,1598.0,1628.0,1585.0,1621.0,133400.0,1621.0
2025-02-14,1600.0,1620.0,1495.0,1528.0,291400.0,1528.0
2025-02-17,1501.0,1526.0,1475.0,1483.0,242800.0,1483.0
2025-02-18,1457.0,1475.0,1440.0,1471.0,333800.0,1471.0
2025-02-19,1462.0,1477.0,1458.0,1460.0,99600.0,1460.0
2025-02-20,1450.0,1450.0,1417.0,1424.0,187700.0,1424.0
2025-02-21,1415.0,1422.0,1400.0,1400.0,174300.0,1400.0
2025-02-25,1400.0,1431.0,1400.0,1400.0,473300.0,1400.0
2025-02-26,1390.0,1420.0,1386.0,1406.0,1578400.0,1406.0
2025-02-27,1401.0,1471.0,1400.0,1462.0,462600.0,1462.0
2025-02-28,1461.0,1502.0,1461.0,1499.0,220600.0,1499.0
2025-03-03,1501.0,1515.0,1497.0,1505.0,107900.0,1505.0
2025-03-04,1489.0,1507.0,1482.0,1507.0,107000.0,1507.0
2025-03-05,1508.0,1550.0,1508.0,1542.0,223700.0,1542.0
2025-03-06,1550.0,1558.0,1534.0,1541.0,140100.0,1541.0
2025-03-07,1525.0,1533.0,1490.0,1526.0,128700.0,1526.0
2025-03-10,1516.0,1532.0,1504.0,1509.0,179100.0,1509.0
2025-03-11,1500.0,1509.0,1459.0,1502.0,125500.0,1502.0
2025-03-12,1502.0,1530.0,1495.0,1507.0,258200.0,1507.0
2025-03-13,1507.0,1537.0,1503.0,1526.0,152300.0,1526.0
2025-03-14,1518.0,1531.0,1513.0,1524.0,68000.0,1524.0
2025-03-17,1529.0,1558.0,1528.0,1548.0,58200.0,1548.0
2025-03-18,1560.0,1586.0,1556.0,1580.0,87900.0,1580.0
2025-03-19,1575.0,1613.0,1570.0,1599.0,113100.0,1599.0
2025-03-21,1600.0,1616.0,1587.0,1605.0,134100.0,1605.0
2025-03-24,1605.0,1609.0,1582.0,1587.0,70800.0,1587.0
2025-03-25,1598.0,1604.0,1591.0,1591.0,67800.0,1591.0
2025-03-26,1597.0,1610.0,1590.0,1607.0,119300.0,1607.0
2025-03-27,1607.0,1611.0,1572.0,1600.0,187700.0,1600.0
2025-03-28,1575.0,1610.0,1545.0,1605.0,159800.0,1605.0
2025-03-31,1583.0,1591.0,1554.0,1563.0,104000.0,1563.0
2025-04-01,1577.0,1578.0,1546.0,1550.0,68900.0,1550.0
2025-04-02,1550.0,1551.0,1511.0,1526.0,104600.0,1526.0
2025-04-03,1486.0,1499.0,1470.0,1482.0,106500.0,1482.0
2025-04-04,1457.0,1457.0,1401.0,1431.0,127000.0,1431.0
2025-04-07,1341.0,1398.0,1311.0,1362.0,269700.0,1362.0
2025-04-08,1392.0,1432.0,1391.0,1427.0,229700.0,1427.0
2025-04-09,1409.0,1427.0,1382.0,1413.0,203800.0,1413.0
2025-04-10,1503.0,1503.0,1459.0,1484.0,99100.0,1484.0
2025-04-11,1472.0,1499.0,1436.0,1490.0,114600.0,1490.0
2025-04-14,1520.0,1534.0,1502.0,1527.0,107000.0,1527.0
2025-04-15,1520.0,1559.0,1520.0,1554.0,88600.0,1554.0
2025-04-16,1554.0,1563.0,1529.0,1544.0,68600.0,1544.0
2025-04-17,1548.0,1565.0,1548.0,1555.0,33800.0,1555.0
2025-04-18,1562.0,1585.0,1557.0,1583.0,51300.0,1583.0
2025-04-21,1582.0,1586.0,1560.0,1568.0,45600.0,1568.0
2025-04-22,1570.0,1585.0,1562.0,1566.0,40000.0,1566.0
2025-04-23,1585.0,1609.0,1585.0,1597.0,107100.0,1597.0
2025-04-24,1612.0,1622.0,1597.0,1600.0,95600.0,1600.0
2025-04-25,1620.0,1637.0,1603.0,1609.0,78500.0,1609.0
2025-04-28,1604.0,1648.0,1595.0,1648.0,105300.0,1648.0
2025-04-30,1650.0,1651.0,1623.0,1650.0,79000.0,1650.0
2025-05-01,1636.0,1667.0,1621.0,1655.0,93800.0,1655.0
2025-05-02,1660.0,1660.0,1630.0,1640.0,53700.0,1640.0
2025-05-07,1648.0,1664.0,1637.0,1653.0,61900.0,1653.0
2025-05-08,1644.0,1658.0,1630.0,1651.0,34200.0,1651.0
2025-05-09,1684.0,1700.0,1662.0,1688.0,93300.0,1688.0
2025-05-12,1688.0,1702.0,1682.0,1695.0,38500.0,1695.0
2025-05-13,1694.0,1694.0,1600.0,1634.0,89500.0,1634.0
2025-05-14,1620.0,1620.0,1553.0,1620.0,152000.0,1620.0
2025-05-15,1615.0,1619.0,1587.0,1614.0,68200.0,1614.0
2025-05-16,1611.0,1612.0,1585.0,1610.0,55000.0,1610.0
2025-05-19,1613.0,1617.0,1592.0,1600.0,63000.0,1600.0
2025-05-20,1609.0,1609.0,1584.0,1591.0,44500.0,1591.0
2025-05-21,1593.0,1657.0,1582.0,1632.0,120200.0,1632.0
2025-05-22,1620.0,1630.0,1604.0,1622.0,46500.0,1622.0
2025-05-23,1622.0,1648.0,1607.0,1632.0,39600.0,1632.0
2025-05-26,1637.0,1647.0,1630.0,1634.0,29300.0,1634.0
2025-05-27,1634.0,1648.0,1625.0,1635.0,44900.0,1635.0
2025-05-28,1648.0,1648.0,1609.0,1612.0,67200.0,1612.0
2025-05-29,1616.0,1643.0,1616.0,1636.0,62500.0,1636.0
2025-05-30,1616.0,1639.0,1611.0,1627.0,65900.0,1627.0
2025-06-02,1616.0,1629.0,1604.0,1616.0,107200.0,1616.0
2025-06-03,1617.0,1628.0,1596.0,1625.0,114800.0,1625.0
2025-06-04,1625.0,1626.0,1609.0,1616.0,77700.0,1616.0
2025-06-05,1606.0,1606.0,1592.0,1603.0,43000.0,1603.0
2025-06-06,1603.0,1615.0,1598.0,1605.0,61700.0,1605.0
2025-06-09,1600.0,1616.0,1596.0,1609.0,78300.0,1609.0
2025-06-10,1607.0,1622.0,1593.0,1593.0,81700.0,1593.0
2025-06-11,1594.0,1610.0,1586.0,1591.0,55200.0,1591.0
2025-06-12,1589.0,1596.0,1577.0,1586.0,53600.0,1586.0
2025-06-13,1578.0,1592.0,1569.0,1586.0,60600.0,1586.0
2025-06-16,1603.0,1619.0,1596.0,1596.0,50200.0,1596.0
2025-06-17,1597.0,1613.0,1593.0,1607.0,61600.0,1607.0
2025-06-18,1604.0,1627.0,1598.0,1619.0,66000.0,1619.0
2025-06-19,1619.0,1663.0,1619.0,1649.0,157800.0,1649.0
2025-06-20,1649.0,1652.0,1621.0,1629.0,162900.0,1629.0
2025-06-23,1622.0,1645.0,1620.0,1632.0,40900.0,1632.0
2025-06-24,1652.0,1652.0,1618.0,1644.0,91100.0,1644.0
2025-06-25,1651.0,1653.0,1631.0,1635.0,43900.0,1635.0
2025-06-26,1635.0,1651.0,1635.0,1650.0,45800.0,1650.0
2025-06-27,1658.0,1669.0,1655.0,1663.0,72100.0,1663.0
2025-06-30,1666.0,1679.0,1659.0,1665.0,96300.0,1665.0
2025-07-01,1664.0,1666.0,1639.0,1641.0,46900.0,1641.0
2025-07-02,1626.0,1651.0,1623.0,1638.0,64000.0,1638.0
2025-07-03,1644.0,1646.0,1617.0,1621.0,49300.0,1621.0
2025-07-04,1631.0,1638.0,1617.0,1633.0,38000.0,1633.0
2025-07-07,1641.0,1641.0,1624.0,1636.0,32900.0,1636.0
2025-07-08,1624.0,1640.0,1621.0,1639.0,50800.0,1639.0
2025-07-09,1642.0,1670.0,1634.0,1657.0,95600.0,1657.0
2025-07-10,1659.0,1674.0,1650.0,1674.0,72100.0,1674.0
2025-07-11,1692.0,1716.0,1691.0,1697.0,81100.0,1697.0
2025-07-14,1698.0,1715.0,1691.0,1709.0,62900.0,1709.0
2025-07-15,1717.0,1721.0,1701.0,1703.0,64000.0,1703.0
2025-07-16,1703.0,1707.0,1683.0,1685.0,96300.0,1685.0
2025-07-17,1684.0,1713.0,1671.0,1708.0,62900.0,1708.0
2025-07-18,1708.0,1708.0,1687.0,1688.0,44600.0,1688.0
2025-07-22,1681.0,1691.0,1671.0,1677.0,35000.0,1677.0
2025-07-23,1690.0,1692.0,1666.0,1671.0,74000.0,1671.0
2025-07-24,1683.0,1713.0,1683.0,1705.0,48700.0,1705.0
2025-07-25,1726.0,1726.0,1688.0,1722.0,68200.0,1722.0
2025-07-28,1726.0,1737.0,1712.0,1720.0,46900.0,1720.0
2025-07-29,1710.0,1720.0,1702.0,1718.0,34300.0,1718.0
2025-07-30,1723.0,1749.0,1722.0,1742.0,67700.0,1742.0
2025-07-31,1750.0,1767.0,1750.0,1762.0,74800.0,1762.0
2025-08-01,1768.0,1821.0,1768.0,1812.0,83800.0,1812.0
2025-08-04,1799.0,1799.0,1772.0,1780.0,74200.0,1780.0
2025-08-05,1780.0,1801.0,1762.0,1780.0,49500.0,1780.0
2025-08-06,1780.0,1806.0,1771.0,1802.0,57500.0,1802.0
2025-08-07,1815.0,1842.0,1807.0,1822.0,66700.0,1822.0
2025-08-08,1825.0,1950.0,1825.0,1871.0,160200.0,1871.0
2025-08-12,1900.0,1919.0,1872.0,1880.0,106200.0,1880.0
2025-08-13,1870.0,1898.0,1858.0,1898.0,57200.0,1898.0
2025-08-14,1888.0,1894.0,1865.0,1881.0,47700.0,1881.0
2025-08-15,1881.0,1881.0,1843.0,1862.0,52700.0,1862.0
2025-08-18,1864.0,1884.0,1864.0,1884.0,76000.0,1884.0
2025-08-19,1882.0,1894.0,1864.0,1883.0,50900.0,1883.0
2025-08-20,1890.0,1898.0,1875.0,1888.0,46200.0,1888.0
2025-08-21,1900.0,1900.0,1876.0,1891.0,30000.0,1891.0
2025-08-22,1898.0,1905.0,1881.0,1900.0,35900.0,1900.0
2025-08-25,1904.0,1911.0,1866.0,1875.0,56000.0,1875.0
2025-08-26,1877.0,1882.0,1848.0,1859.0,42000.0,1859.0
2025-08-27,1859.0,1889.0,1850.0,1871.0,56000.0,1871.0
2025-08-28,1874.0,1883.0,1857.0,1880.0,36800.0,1880.0
2025-08-29,1878.0,1888.0,1874.0,1888.0,29700.0,1888.0
2025-09-01,1880.0,1897.0,1867.0,1893.0,43900.0,1893.0
2025-09-02,1901.0,1901.0,1888.0,1897.0,38700.0,1897.0
2025-09-03,1897.0,1897.0,1875.0,1885.0,44400.0,1885.0
2025-09-04,1889.0,1921.0,1882.0,1919.0,96100.0,1919.0
2025-09-05,1914.0,1923.0,1898.0,1918.0,86300.0,1918.0
2025-09-08,1930.0,1934.0,1913.0,1923.0,41100.0,1923.0
2025-09-09,1951.0,1975.0,1934.0,1950.0,89600.0,1950.0
2025-09-10,1950.0,1970.0,1937.0,1944.0,35900.0,1944.0
2025-09-11,1944.0,1955.0,1926.0,1932.0,48300.0,1932.0
2025-09-12,1931.0,1954.0,1929.0,1936.0,61000.0,1936.0
2025-09-16,1931.0,1934.0,1908.0,1912.0,42800.0,1912.0
2025-09-17,1903.0,1907.0,1858.0,1860.0,63600.0,1860.0
2025-09-18,1860.0,1869.0,1840.0,1859.0,60300.0,1859.0
2025-09-19,1861.0,1872.0,1832.0,1849.0,114500.0,1849.0
2025-09-22,1848.0,1854.0,1817.0,1839.0,111900.0,1839.0
2025-09-24,1835.0,1844.0,1820.0,1825.0,69500.0,1825.0
2025-09-25,1825.0,1840.0,1820.0,1833.0,193000.0,1833.0
2025-09-26,1842.0,1881.0,1842.0,1878.0,80300.0,1878.0
2025-09-29,1869.0,1877.0,1831.0,1854.0,56500.0,1854.0
2025-09-30,1854.0,1857.0,1825.0,1844.0,74100.0,1844.0
2025-10-01,1835.0,1835.0,1780.0,1808.0,73200.0,1808.0
2025-10-02,1800.0,1829.0,1778.0,1781.0,60600.0,1781.0
2025-10-03,1776.0,1802.0,1776.0,1802.0,44100.0,1802.0
2025-10-06,1842.0,1868.0,1823.0,1852.0,85000.0,1852.0
2025-10-07,1852.0,1864.0,1844.0,1861.0,63700.0,1861.0
2025-10-08,1863.0,1881.0,1832.0,1832.0,57700.0,1832.0
2025-10-09,1833.0,1835.0,1803.0,1805.0,73100.0,1805.0
2025-10-10,1784.0,1798.0,1770.0,1784.0,64900.0,1784.0
2025-10-14,1753.0,1792.0,1751.0,1772.0,49100.0,1772.0
2025-10-15,1779.0,1799.0,1776.0,1793.0,33200.0,1793.0
2025-10-16,1801.0,1823.0,1801.0,1816.0,66900.0,1816.0
2025-10-17,1809.0,1822.0,1804.0,1819.0,36400.0,1819.0
2025-10-20,1846.0,1846.0,1828.0,1838.0,25100.0,1838.0
2025-10-21,1840.0,1841.0,1822.0,1832.0,35800.0,1832.0
2025-10-22,1832.0,1838.0,1818.0,1824.0,56300.0,1824.0
2025-10-23,1816.0,1839.0,1805.0,1834.0,43900.0,1834.0
2025-10-24,1841.0,1858.0,1831.0,1835.0,46900.0,1835.0
2025-10-27,1856.0,1877.0,1843.0,1868.0,36500.0,1868.0
2025-10-28,1868.0,1868.0,1795.0,1796.0,45800.0,1796.0
2025-10-29,1799.0,1800.0,1756.0,1759.0,68100.0,1759.0
2025-10-30,1767.0,1779.0,1758.0,1770.0,76200.0,1770.0
