Date,Open,High,Low,Close,Volume,Adj Close
2005-03-22,607.19,619.75,598.81,603.01,2179562,603.01
2005-03-23,598.81,603.01,586.24,590.46,780888,590.46
2005-03-24,607.19,607.19,577.88,582.06,706383,582.06
2005-03-25,573.69,577.88,552.76,561.13,742919,561.13
2005-03-28,544.39,565.33,540.18,561.13,519159,561.13
2005-03-29,565.33,569.5,544.39,548.57,428652,548.57
2005-03-30,544.39,561.13,540.18,544.39,480951,544.39
2005-03-31,552.76,556.94,544.39,556.94,307579,556.94
2005-04-01,556.94,556.94,548.57,556.94,274862,556.94
2005-04-04,548.57,552.76,548.57,548.57,214206,548.57
2005-04-05,552.76,552.76,544.39,548.57,155462,548.57
2005-04-06,548.57,561.13,544.39,561.13,539218,561.13
2005-04-07,561.13,561.13,548.57,552.76,298266,552.76
2005-04-08,552.76,552.76,548.57,548.57,278206,548.57
2005-04-11,548.57,548.57,536.0,536.0,259818,536.0
2005-04-12,536.0,536.0,519.26,523.45,417907,523.45
2005-04-13,523.45,527.63,506.7,523.45,639039,523.45
2005-04-14,510.88,519.26,506.7,515.07,347937,515.07
2005-04-15,502.51,510.88,494.14,506.7,415520,506.7
2005-04-18,485.76,489.94,473.19,473.19,608949,473.19
2005-04-19,481.56,494.14,481.56,494.14,340294,494.14
2005-04-20,506.7,519.26,502.51,506.7,651935,506.7
2005-04-21,481.56,498.32,477.37,498.32,533010,498.32
2005-04-22,510.88,515.07,498.32,498.32,342205,498.32
2005-04-25,502.51,502.51,494.14,498.32,128715,498.32
2005-04-26,502.51,502.51,494.14,494.14,112955,494.14
2005-04-27,485.76,489.94,481.56,489.94,342445,489.94
2005-04-28,489.94,494.14,481.56,485.76,167401,485.76
2005-05-02,485.76,498.32,485.76,494.14,140657,494.14
2005-05-06,498.32,510.88,498.32,506.7,287281,506.7
2005-05-09,519.26,519.26,506.7,506.7,332414,506.7
2005-05-10,510.88,510.88,502.51,502.51,148299,502.51
2005-05-11,498.32,502.51,494.14,498.32,78327,498.32
2005-05-12,502.51,510.88,498.32,498.32,122028,498.32
2005-05-13,502.51,502.51,494.14,494.14,123938,494.14
2005-05-16,494.14,498.32,485.76,489.94,139701,489.94
2005-05-17,489.94,494.14,464.8,469.0,281073,469.0
2005-05-18,473.19,481.56,469.0,473.19,163582,473.19
2005-05-19,477.37,485.76,477.37,481.56,164536,481.56
2005-05-20,481.56,544.39,477.37,531.82,2514843,531.82
2005-05-23,523.45,531.82,515.07,523.45,979094,523.45
2005-05-24,523.45,523.45,515.07,515.07,285370,515.07
2005-05-25,515.07,515.07,498.32,506.7,383281,506.7
2005-05-26,502.51,510.88,494.14,494.14,416473,494.14
2005-05-27,498.32,502.51,494.14,498.32,150446,498.32
2005-05-30,506.7,523.45,506.7,523.45,570980,523.45
2005-05-31,519.26,536.0,515.07,531.82,883337,531.82
2005-06-01,531.82,552.76,527.63,544.39,1163692,544.39
2005-06-02,548.57,548.57,536.0,536.0,659575,536.0
2005-06-03,536.0,540.18,527.63,540.18,334564,540.18
2005-06-06,540.18,565.33,531.82,565.33,1184944,565.33
2005-06-07,561.13,565.33,548.57,556.94,824350,556.94
2005-06-08,552.76,561.13,544.39,548.57,841305,548.57
2005-06-09,552.76,561.13,536.0,540.18,985305,540.18
2005-06-10,544.39,552.76,540.18,544.39,518920,544.39
2005-06-13,556.94,561.13,548.57,552.76,519398,552.76
2005-06-14,552.76,552.76,540.18,540.18,329310,540.18
2005-06-15,540.18,548.57,540.18,544.39,316416,544.39
2005-06-16,548.57,556.94,544.39,556.94,955691,556.94
2005-06-17,556.94,561.13,544.39,548.57,531339,548.57
2005-06-20,556.94,582.06,548.57,573.69,3439491,573.69
2005-06-21,569.5,573.69,561.13,565.33,1069601,565.33
2005-06-22,561.13,569.5,556.94,569.5,628053,569.5
2005-06-23,569.5,577.88,556.94,561.13,967634,561.13
2005-06-24,552.76,561.13,548.57,561.13,359400,561.13
2005-06-27,556.94,556.94,544.39,548.57,508414,548.57
2005-06-28,548.57,556.94,548.57,556.94,264596,556.94
2005-06-29,556.94,561.13,552.76,552.76,214924,552.76
2005-06-30,552.76,556.94,544.39,548.57,436773,548.57
2005-07-01,548.57,552.76,544.39,548.57,242625,548.57
2005-07-04,548.57,552.76,544.39,548.57,166445,548.57
2005-07-05,544.39,548.57,540.18,540.18,321907,540.18
2005-07-06,544.39,544.39,531.82,531.82,360354,531.82
2005-07-07,536.0,544.39,531.82,540.18,255997,540.18
2005-07-08,536.0,540.18,531.82,531.82,189611,531.82
2005-07-11,536.0,540.18,531.82,540.18,139223,540.18
2005-07-12,536.0,540.18,527.63,531.82,237370,531.82
2005-07-13,527.63,531.82,523.45,523.45,166686,523.45
2005-07-14,523.45,531.82,523.45,527.63,127281,527.63
2005-07-15,523.45,531.82,523.45,531.82,145670,531.82
2005-07-19,531.82,544.39,527.63,544.39,379938,544.39
2005-07-20,544.39,573.69,544.39,556.94,2096220,556.94
2005-07-21,556.94,556.94,548.57,548.57,310682,548.57
2005-07-22,548.57,552.76,544.39,544.39,225192,544.39
2005-07-25,548.57,552.76,540.18,544.39,387100,544.39
2005-07-26,540.18,544.39,536.0,540.18,240713,540.18
2005-07-27,544.39,552.76,540.18,552.76,388773,552.76
2005-07-28,544.39,548.57,540.18,544.39,319997,544.39
2005-07-29,548.57,548.57,540.18,540.18,176477,540.18
2005-08-01,540.18,544.39,536.0,544.39,164297,544.39
2005-08-02,544.39,544.39,531.82,531.82,263402,531.82
2005-08-03,536.0,536.0,527.63,531.82,233549,531.82
2005-08-04,531.82,531.82,523.45,527.63,154268,527.63
2005-08-05,523.45,540.18,519.26,519.26,591517,519.26
2005-08-08,515.07,527.63,510.88,523.45,512950,523.45
2005-08-09,527.63,536.0,527.63,527.63,325251,527.63
2005-08-10,531.82,548.57,531.82,544.39,554025,544.39
2005-08-11,544.39,548.57,540.18,544.39,231639,544.39
2005-08-12,548.57,552.76,540.18,540.18,387579,540.18
2005-08-15,540.18,548.57,536.0,544.39,264835,544.39
2005-08-16,548.57,569.5,548.57,565.33,2477113,565.33
2005-08-17,556.94,598.81,552.76,598.81,3924264,598.81
2005-08-18,628.13,640.71,611.38,615.57,9258902,615.57
2005-08-19,615.57,615.57,603.01,615.57,1384824,615.57
2005-08-22,615.57,619.75,603.01,615.57,1201900,615.57
2005-08-23,619.75,623.93,611.38,611.38,847754,611.38
2005-08-24,611.38,615.57,607.19,607.19,507698,607.19
2005-08-25,603.01,603.01,590.46,598.81,785187,598.81
2005-08-26,598.81,603.01,586.24,598.81,735037,598.81
2005-08-29,598.81,598.81,586.24,594.63,321669,594.63
2005-08-30,598.81,603.01,590.46,598.81,410025,598.81
2005-08-31,598.81,598.81,590.46,594.63,459698,594.63
2005-09-01,603.01,615.57,598.81,607.19,1472704,607.19
2005-09-02,607.19,611.38,598.81,598.81,601307,598.81
2005-09-05,603.01,615.57,598.81,615.57,734322,615.57
2005-09-06,615.57,628.13,611.38,615.57,2445350,615.57
2005-09-07,615.57,619.75,603.01,611.38,641427,611.38
2005-09-08,603.01,607.19,594.63,598.81,319281,598.81
2005-09-09,598.81,603.01,590.46,598.81,398325,598.81
2005-09-12,611.38,615.57,598.81,607.19,486921,607.19
2005-09-13,636.51,661.62,623.93,657.45,5731770,657.45
2005-09-14,649.08,661.62,640.71,644.88,3193524,644.88
2005-09-15,649.08,699.33,649.08,695.13,4135604,695.13
2005-09-16,690.95,707.69,678.39,707.69,3191612,707.69
2005-09-20,720.24,778.89,720.24,778.89,4679600,778.89
2005-09-21,795.63,820.76,737.01,757.93,4197693,757.93
2005-09-22,724.45,757.93,720.24,757.93,1533599,757.93
2005-09-26,774.7,787.27,753.76,762.12,1320107,762.12
2005-09-27,770.5,770.5,745.38,770.5,937782,770.5
2005-09-28,762.12,766.31,749.56,757.93,927991,757.93
2005-09-29,753.76,766.31,741.2,749.56,1011812,749.56
2005-09-30,749.56,749.56,728.64,728.64,686560,728.64
2005-10-03,711.88,724.45,703.5,724.45,631397,724.45
2005-10-04,741.2,749.56,720.24,732.81,608949,732.81
2005-10-05,724.45,728.64,711.88,711.88,376833,711.88
2005-10-06,711.88,711.88,695.13,695.13,470681,695.13
2005-10-07,695.13,720.24,695.13,716.07,810261,716.07
2005-10-11,711.88,728.64,711.88,728.64,1092528,728.64
2005-10-12,737.01,737.01,716.07,720.24,844173,720.24
2005-10-13,716.07,724.45,711.88,724.45,279400,724.45
2005-10-14,720.24,745.38,711.88,716.07,238327,716.07
2005-10-17,724.45,724.45,711.88,716.07,342445,716.07
2005-10-18,720.24,720.24,707.69,720.24,323818,720.24
2005-10-19,720.24,720.24,707.69,707.69,196057,707.69
2005-10-20,711.88,716.07,695.13,699.33,297549,699.33
2005-10-21,682.57,707.69,682.57,707.69,311162,707.69
2005-10-24,699.33,716.07,699.33,716.07,287518,716.07
2005-10-25,720.24,741.2,720.24,732.81,1373361,732.81
2005-10-26,728.64,753.76,716.07,745.38,1788879,745.38
2005-10-27,757.93,787.27,753.76,766.31,1748282,766.31
2005-10-28,762.12,774.7,753.76,770.5,911275,770.5
2005-10-31,787.27,795.63,783.08,783.08,1407032,783.08
2005-11-01,791.45,804.01,787.27,799.82,967872,799.82
2005-11-02,812.39,850.07,808.19,845.89,3135495,845.89
2005-11-04,862.63,879.38,841.69,850.07,2154487,850.07
2005-11-07,862.63,871.01,845.89,871.01,1487271,871.01
2005-11-08,904.5,908.7,875.19,887.76,1591866,887.76
2005-11-09,887.76,887.76,866.81,871.01,971931,871.01
2005-11-10,854.25,858.46,804.01,837.5,1154616,837.5
2005-11-11,829.14,854.25,829.14,850.07,693964,850.07
2005-11-14,858.46,862.63,829.14,837.5,563339,837.5
2005-11-15,816.57,829.14,804.01,816.57,685844,816.57
2005-11-16,799.82,837.5,787.27,833.32,1058855,833.32
2005-11-17,841.69,845.89,816.57,833.32,1006319,833.32
2005-11-18,837.5,837.5,808.19,816.57,956409,816.57
2005-11-21,816.57,820.76,804.01,808.19,588652,808.19
2005-11-22,808.19,820.76,799.82,820.76,469968,820.76
2005-11-24,816.57,820.76,778.89,791.45,636413,791.45
2005-11-25,770.5,799.82,762.12,795.63,517726,795.63
2005-11-28,795.63,799.82,787.27,795.63,264118,795.63
2005-11-29,791.45,829.14,791.45,820.76,1089185,820.76
2005-11-30,833.32,845.89,824.95,829.14,1738254,829.14
2005-12-01,837.5,858.46,829.14,858.46,3232688,858.46
2005-12-02,862.63,866.81,841.69,850.07,1864579,850.07
2005-12-05,854.25,871.01,841.69,845.89,1525000,845.89
2005-12-06,850.07,854.25,833.32,833.32,1139333,833.32
2005-12-07,833.32,845.89,829.14,833.32,1118319,833.32
2005-12-08,833.32,833.32,799.82,804.01,1128587,804.01
2005-12-09,816.57,837.5,812.39,829.14,804768,829.14
2005-12-12,837.5,850.07,833.32,850.07,1350436,850.07
2005-12-13,850.07,854.25,833.32,837.5,1032588,837.5
2005-12-14,841.69,854.25,841.69,850.07,1277123,850.07
2005-12-15,850.07,887.76,841.69,871.01,4615840,871.01
2005-12-16,866.81,871.01,850.07,862.63,2097892,862.63
2005-12-19,866.81,896.13,862.63,871.01,2705170,871.01
2005-12-20,875.19,883.57,862.63,875.19,1605238,875.19
2005-12-21,887.76,950.57,887.76,938.01,7016772,938.01
2005-12-22,971.51,1000.81,921.27,967.33,5440429,967.33
2005-12-26,988.25,992.45,946.39,950.57,2003086,950.57
2005-12-27,942.2,942.2,917.08,933.83,1592343,933.83
2005-12-28,912.88,938.01,908.7,929.64,1055751,929.64
2005-12-29,938.01,950.57,933.83,938.01,1185423,938.01
2005-12-30,929.64,958.95,921.27,929.64,407162,929.64
2006-01-04,933.83,933.83,917.08,921.27,542801,921.27
2006-01-05,925.44,971.51,921.27,971.51,2081653,971.51
2006-01-06,963.12,984.08,942.2,967.33,1675924,967.33
2006-01-10,984.08,984.08,950.57,963.12,964768,963.12
2006-01-11,984.08,1013.38,975.69,1005.0,4102173,1005.0
2006-01-12,1017.57,1021.77,979.89,984.08,1759268,984.08
2006-01-13,979.89,992.45,975.69,984.08,816711,984.08
2006-01-16,992.45,1013.38,988.25,1000.81,1199988,1000.81
2006-01-17,963.12,1005.0,925.44,933.83,1246318,933.83
2006-01-18,933.83,938.01,774.7,858.46,1945296,858.46
2006-01-19,837.5,925.44,837.5,908.7,1064351,908.7
2006-01-20,938.01,938.01,904.5,917.08,899336,917.08
2006-01-23,917.08,917.08,866.81,871.01,945187,871.01
2006-01-24,887.76,904.5,887.76,896.13,465668,896.13
2006-01-25,904.5,921.27,900.31,904.5,509368,904.5
2006-01-26,917.08,933.83,912.88,933.83,766082,933.83
2006-01-27,950.57,954.77,929.64,946.39,703517,946.39
2006-01-30,963.12,963.12,946.39,954.77,511280,954.77
2006-01-31,950.57,963.12,946.39,963.12,443937,963.12
2006-02-01,963.12,984.08,946.39,946.39,1129542,946.39
2006-02-02,963.12,984.08,950.57,954.77,517010,954.77
2006-02-03,942.2,963.12,938.01,946.39,345072,946.39
2006-02-06,946.39,954.77,929.64,942.2,519398,942.2
2006-02-07,950.57,1005.0,946.39,992.45,1831387,992.45
2006-02-08,979.89,1005.0,942.2,942.2,1344943,942.2
2006-02-09,967.33,975.69,933.83,933.83,650263,933.83
2006-02-10,933.83,938.01,879.38,904.5,917005,904.5
2006-02-13,900.31,900.31,841.69,845.89,836292,845.89
2006-02-14,824.95,871.01,795.63,866.81,863515,866.81
2006-02-15,887.76,891.94,841.69,845.89,426743,845.89
2006-02-16,833.32,850.07,820.76,829.14,489309,829.14
2006-02-17,829.14,845.89,791.45,791.45,650025,791.45
2006-02-20,753.76,770.5,686.77,716.07,1001065,716.07
2006-02-21,724.45,766.31,724.45,766.31,874022,766.31
2006-02-22,774.7,787.27,762.12,774.7,699935,774.7
2006-02-23,808.19,850.07,795.63,833.32,1038558,833.32
2006-02-24,820.76,841.69,808.19,841.69,629964,841.69
2006-02-27,858.46,862.63,845.89,862.63,601548,862.63
2006-02-28,862.63,862.63,833.32,837.5,475698,837.5
2006-03-01,812.39,824.95,804.01,812.39,421728,812.39
2006-03-02,820.76,829.14,787.27,804.01,446802,804.01
2006-03-03,766.31,787.27,762.12,787.27,328834,787.27
2006-03-06,778.89,783.08,762.12,778.89,363938,778.89
2006-03-07,774.7,778.89,766.31,778.89,191044,778.89
2006-03-08,770.5,778.89,766.31,766.31,248117,766.31
2006-03-09,774.7,812.39,774.7,795.63,412654,795.63
2006-03-10,804.01,820.76,791.45,812.39,451579,812.39
2006-03-13,824.95,829.14,812.39,820.76,350563,820.76
2006-03-14,816.57,820.76,804.01,812.39,287757,812.39
2006-03-15,816.57,816.57,804.01,816.57,313073,816.57
2006-03-16,820.76,820.76,795.63,804.01,354146,804.01
2006-03-17,808.19,829.14,795.63,820.76,505549,820.76
2006-03-20,824.95,833.32,820.76,824.95,472354,824.95
2006-03-22,829.14,841.69,824.95,829.14,461130,829.14
2006-03-23,837.5,845.89,816.57,816.57,335281,816.57
2006-03-24,820.76,824.95,808.19,820.76,260057,820.76
2006-03-27,820.76,820.76,808.19,816.57,193669,816.57
2006-03-28,816.57,841.69,808.19,829.14,404773,829.14
2006-03-29,829.14,854.25,820.76,850.07,579099,850.07
2006-03-30,854.25,858.46,845.89,845.89,423876,845.89
2006-03-31,850.07,850.07,841.69,845.89,162864,845.89
2006-04-03,845.89,858.46,841.69,850.07,544711,850.07
2006-04-04,850.07,854.25,837.5,845.89,702799,845.89
2006-04-05,850.07,850.07,829.14,829.14,375161,829.14
2006-04-06,829.14,837.5,824.95,829.14,183879,829.14
2006-04-07,829.14,829.14,820.76,820.76,198207,820.76
2006-04-10,812.39,820.76,812.39,820.76,166208,820.76
2006-04-11,820.76,829.14,816.57,824.95,221131,824.95
2006-04-12,829.14,829.14,816.57,820.76,317848,820.76
2006-04-13,824.95,829.14,816.57,820.76,222805,820.76
2006-04-14,824.95,824.95,808.19,816.57,218983,816.57
2006-04-17,812.39,816.57,778.89,778.89,544472,778.89
2006-04-18,778.89,795.63,778.89,795.63,218027,795.63
2006-04-19,812.39,812.39,783.08,787.27,242386,787.27
2006-04-20,787.27,787.27,774.7,783.08,325968,783.08
2006-04-21,778.89,787.27,774.7,783.08,242863,783.08
2006-04-24,766.31,774.7,753.76,753.76,307579,753.76
2006-04-25,762.12,766.31,749.56,762.12,159759,762.12
2006-04-26,766.31,774.7,753.76,762.12,156416,762.12
2006-04-27,757.93,762.12,749.56,749.56,180775,749.56
2006-04-28,745.38,749.56,728.64,745.38,295639,745.38
2006-05-01,745.38,753.76,741.2,741.2,142567,741.2
2006-05-02,728.64,745.38,724.45,745.38,261490,745.38
2006-05-08,757.93,762.12,732.81,737.01,666501,737.01
2006-05-09,737.01,741.2,720.24,741.2,507218,741.2
2006-05-10,737.01,741.2,728.64,737.01,410743,737.01
2006-05-11,732.81,737.01,703.5,707.69,404535,707.69
2006-05-12,695.13,720.24,678.39,720.24,478324,720.24
2006-05-15,699.33,711.88,690.95,703.5,187223,703.5
2006-05-16,699.33,711.88,670.0,686.77,330505,686.77
2006-05-17,686.77,695.13,636.51,661.62,519875,661.62
2006-05-18,619.75,665.82,615.57,657.45,548771,657.45
2006-05-19,644.88,649.08,615.57,636.51,801902,636.51
2006-05-22,640.71,657.45,623.93,628.13,786619,628.13
2006-05-23,607.19,615.57,590.46,590.46,597965,590.46
2006-05-24,594.63,603.01,577.88,590.46,650263,590.46
2006-05-25,590.46,607.19,586.24,594.63,362981,594.63
2006-05-26,590.46,598.81,582.06,586.24,363698,586.24
2006-05-29,565.33,577.88,544.39,569.5,1034261,569.5
2006-05-30,561.13,561.13,523.45,523.45,1094916,523.45
2006-05-31,502.51,515.07,498.32,498.32,848469,498.32
2006-06-01,519.26,531.82,494.14,498.32,877366,498.32
2006-06-02,498.32,510.88,443.88,489.94,1749238,489.94
2006-06-05,481.56,489.94,473.19,481.56,1000350,481.56
2006-06-06,460.63,473.19,456.45,464.8,944947,464.8
2006-06-07,473.19,498.32,464.8,481.56,2563560,481.56
2006-06-08,469.0,469.0,443.88,448.07,1655866,448.07
2006-06-09,464.8,477.37,439.69,460.63,1952937,460.63
2006-06-12,460.63,489.94,452.24,481.56,1458375,481.56
2006-06-13,473.19,502.51,464.8,469.0,1941713,469.0
2006-06-14,469.0,485.76,456.45,477.37,2025773,477.37
2006-06-15,494.14,515.07,485.76,494.14,2204160,494.14
2006-06-16,519.26,531.82,506.7,519.26,2666962,519.26
2006-06-19,523.45,540.18,519.26,540.18,1727028,540.18
2006-06-20,536.0,540.18,519.26,527.63,1384347,527.63
2006-06-21,527.63,527.63,494.14,502.51,999633,502.51
2006-06-22,519.26,523.45,506.7,519.26,733605,519.26
2006-06-23,506.7,519.26,506.7,519.26,511518,519.26
2006-06-26,519.26,519.26,506.7,515.07,612770,515.07
2006-06-27,519.26,523.45,515.07,519.26,469727,519.26
2006-06-28,506.7,515.07,502.51,506.7,616354,506.7
2006-06-29,510.88,510.88,498.32,506.7,447279,506.7
2006-06-30,515.07,519.26,498.32,506.7,449668,506.7
2006-07-03,506.7,510.88,489.94,502.51,740769,502.51
2006-07-04,510.88,527.63,502.51,519.26,2607021,519.26
2006-07-05,510.88,510.88,502.51,502.51,1199513,502.51
2006-07-06,494.14,502.51,485.76,489.94,853006,489.94
2006-07-07,494.14,494.14,464.8,473.19,896468,473.19
2006-07-10,456.45,473.19,452.24,460.63,1109244,460.63
2006-07-11,473.19,477.37,452.24,460.63,1364524,460.63
2006-07-12,460.63,460.63,448.07,452.24,561667,452.24
2006-07-13,443.88,460.63,439.69,456.45,797605,456.45
2006-07-14,439.69,448.07,422.94,422.94,880710,422.94
2006-07-18,406.18,414.56,376.87,381.07,1643687,381.07
2006-07-19,381.07,389.44,368.5,376.87,1083692,376.87
2006-07-20,406.18,414.56,393.62,414.56,1252766,414.56
2006-07-21,402.01,406.18,393.62,406.18,829128,406.18
2006-07-24,393.62,397.82,389.44,393.62,282982,393.62
2006-07-25,406.18,410.39,389.44,389.44,382325,389.44
2006-07-26,389.44,393.62,368.5,368.5,665546,368.5
2006-07-27,368.5,381.07,355.95,381.07,830083,381.07
2006-07-28,381.07,397.82,372.7,397.82,692769,397.82
2006-07-31,410.39,410.39,397.82,406.18,633548,406.18
2006-08-01,397.82,414.56,397.82,402.01,440593,402.01
2006-08-02,402.01,427.13,397.82,422.94,838201,422.94
2006-08-03,427.13,443.88,427.13,431.32,904827,431.32
2006-08-04,435.5,439.69,418.75,422.94,565010,422.94
2006-08-07,422.94,422.94,402.01,402.01,559996,402.01
2006-08-08,402.01,410.39,389.44,402.01,659098,402.01
2006-08-09,397.82,410.39,397.82,410.39,275101,410.39
2006-08-10,406.18,427.13,406.18,418.75,554980,418.75
2006-08-11,422.94,431.32,406.18,410.39,983157,410.39
2006-08-14,402.01,422.94,402.01,418.75,553548,418.75
2006-08-15,418.75,427.13,414.56,418.75,2109832,418.75
2006-08-16,427.13,456.45,422.94,456.45,2995556,456.45
2006-08-17,473.19,477.37,452.24,452.24,2631142,452.24
2006-08-18,452.24,460.63,443.88,460.63,853962,460.63
2006-08-21,464.8,469.0,456.45,460.63,410025,460.63
2006-08-22,460.63,469.0,456.45,469.0,396891,469.0
2006-08-23,469.0,469.0,456.45,460.63,481668,460.63
2006-08-24,460.63,485.76,456.45,481.56,2324756,481.56
2006-08-25,477.37,489.94,464.8,473.19,1475092,473.19
2006-08-28,464.8,469.0,452.24,456.45,569548,456.45
2006-08-29,460.63,464.8,456.45,464.8,309730,464.8
2006-08-30,460.63,464.8,452.24,460.63,287281,460.63
2006-08-31,460.63,469.0,456.45,460.63,625667,460.63
2006-09-01,460.63,464.8,456.45,456.45,302089,456.45
2006-09-04,464.8,473.19,460.63,464.8,615636,464.8
2006-09-05,464.8,477.37,460.63,473.19,713785,473.19
2006-09-06,473.19,485.76,464.8,464.8,1119273,464.8
2006-09-07,460.63,473.19,460.63,464.8,403100,464.8
2006-09-08,464.8,477.37,464.8,473.19,822679,473.19
2006-09-11,477.37,481.56,464.8,464.8,572652,464.8
2006-09-12,469.0,469.0,452.24,452.24,589606,452.24
2006-09-13,456.45,460.63,427.13,431.32,1019692,431.32
2006-09-14,431.32,435.5,414.56,418.75,753664,418.75
2006-09-15,410.39,422.94,410.39,414.56,666501,414.56
2006-09-19,418.75,431.32,418.75,418.75,304713,418.75
2006-09-20,418.75,418.75,406.18,410.39,533727,410.39
2006-09-21,410.39,414.56,397.82,406.18,499338,406.18
2006-09-22,402.01,414.56,402.01,406.18,228775,406.18
2006-09-25,410.39,414.56,406.18,406.18,178148,406.18
2006-09-26,414.56,414.56,389.44,393.62,290626,393.62
2006-09-27,397.82,410.39,397.82,410.39,290626,410.39
2006-09-28,418.75,418.75,410.39,410.39,228775,410.39
2006-09-29,418.75,422.94,410.39,414.56,434625,414.56
2006-10-02,422.94,443.88,422.94,435.5,1021843,435.5
2006-10-03,427.13,435.5,422.94,431.32,447043,431.32
2006-10-04,431.32,435.5,414.56,414.56,351757,414.56
2006-10-05,422.94,422.94,418.75,422.94,231401,422.94
2006-10-06,418.75,418.75,410.39,410.39,227342,410.39
2006-10-10,406.18,418.75,406.18,406.18,277252,406.18
2006-10-11,406.18,410.39,389.44,389.44,610861,389.44
2006-10-12,381.07,397.82,381.07,389.44,387100,389.44
2006-10-13,402.01,410.39,393.62,402.01,415520,402.01
2006-10-16,410.39,422.94,410.39,418.75,503159,418.75
2006-10-17,427.13,427.13,418.75,422.94,285370,422.94
2006-10-18,418.75,422.94,414.56,422.94,233789,422.94
2006-10-19,427.13,427.13,418.75,418.75,240237,418.75
2006-10-20,422.94,431.32,418.75,427.13,586502,427.13
2006-10-23,427.13,435.5,422.94,431.32,651457,431.32
2006-10-24,435.5,439.69,418.75,422.94,703039,422.94
2006-10-25,422.94,427.13,418.75,427.13,271997,427.13
2006-10-26,427.13,427.13,418.75,427.13,245252,427.13
2006-10-27,422.94,422.94,410.39,410.39,501965,410.39
2006-10-30,410.39,410.39,406.18,406.18,331220,406.18
2006-10-31,410.39,414.56,410.39,414.56,338385,414.56
2006-11-01,414.56,414.56,406.18,406.18,204655,406.18
2006-11-02,410.39,410.39,402.01,410.39,252656,410.39
2006-11-06,406.18,406.18,402.01,406.18,376593,406.18
2006-11-07,410.39,410.39,402.01,402.01,351519,402.01
2006-11-08,402.01,402.01,389.44,389.44,406206,389.44
2006-11-09,389.44,393.62,389.44,393.62,375637,393.62
2006-11-10,389.44,389.44,381.07,381.07,436056,381.07
2006-11-13,376.87,381.07,364.31,368.5,422443,368.5
2006-11-14,368.5,389.44,368.5,381.07,483579,381.07
2006-11-15,385.26,389.44,376.87,376.87,288952,376.87
2006-11-16,376.87,381.07,372.7,372.7,156416,372.7
2006-11-17,343.37,347.56,314.07,318.25,2064220,318.25
2006-11-20,305.7,309.88,288.93,309.88,1482017,309.88
2006-11-21,314.07,314.07,297.31,297.31,573845,297.31
2006-11-22,297.31,322.45,293.13,314.07,923453,314.07
2006-11-24,309.88,314.07,301.49,309.88,542084,309.88
2006-11-27,314.07,335.0,309.88,335.0,712113,335.0
2006-11-28,322.45,347.56,318.25,347.56,717606,347.56
2006-11-29,347.56,355.95,335.0,339.18,963573,339.18
2006-11-30,347.56,347.56,335.0,343.37,777546,343.37
2006-12-01,343.37,343.37,330.8,339.18,624949,339.18
2006-12-04,326.62,339.18,322.45,335.0,990080,335.0
2006-12-05,335.0,339.18,322.45,326.62,617308,326.62
2006-12-06,326.62,330.8,322.45,330.8,422920,330.8
2006-12-07,326.62,330.8,322.45,322.45,379220,322.45
2006-12-08,326.62,330.8,322.45,326.62,472354,326.62
2006-12-11,326.62,335.0,326.62,330.8,660055,330.8
2006-12-12,326.62,330.8,322.45,326.62,370863,326.62
2006-12-13,322.45,326.62,314.07,314.07,690382,314.07
2006-12-14,314.07,322.45,314.07,314.07,449189,314.07
2006-12-15,322.45,322.45,314.07,318.25,416473,318.25
2006-12-18,314.07,318.25,309.88,314.07,515816,314.07
2006-12-19,305.7,309.88,301.49,301.49,724530,301.49
2006-12-20,297.31,305.7,297.31,305.7,637608,305.7
2006-12-21,305.7,305.7,297.31,301.49,409786,301.49
2006-12-22,301.49,301.49,288.93,293.13,594143,293.13
2006-12-25,297.31,297.31,280.56,284.75,777785,284.75
2006-12-26,293.13,297.31,276.39,297.31,1285005,297.31
2006-12-27,301.49,314.07,301.49,305.7,547816,305.7
2006-12-28,305.7,314.07,301.49,305.7,369429,305.7
2006-12-29,297.31,305.7,297.31,305.7,151164,305.7
2007-01-04,305.7,305.7,293.13,297.31,195819,297.31
2007-01-05,301.49,301.49,293.13,293.13,325968,293.13
2007-01-09,293.13,301.49,293.13,301.49,423161,301.49
2007-01-10,305.7,305.7,288.93,301.49,886918,301.49
2007-01-11,309.88,355.95,293.13,318.25,7067400,318.25
2007-01-12,318.25,326.62,309.88,318.25,1068887,318.25
2007-01-15,318.25,326.62,314.07,326.62,591756,326.62
2007-01-16,326.62,330.8,318.25,322.45,659815,322.45
2007-01-17,322.45,330.8,314.07,322.45,1038798,322.45
2007-01-18,326.62,339.18,326.62,330.8,1218377,330.8
2007-01-19,335.0,339.18,330.8,335.0,838919,335.0
2007-01-22,339.18,339.18,330.8,335.0,613487,335.0
2007-01-23,330.8,335.0,326.62,330.8,437488,330.8
2007-01-24,330.8,330.8,322.45,330.8,439637,330.8
2007-01-25,330.8,330.8,318.25,318.25,485489,318.25
2007-01-26,318.25,322.45,314.07,322.45,224713,322.45
2007-01-29,322.45,330.8,318.25,326.62,405250,326.62
2007-01-30,330.8,335.0,322.45,322.45,491937,322.45
2007-01-31,326.62,326.62,318.25,318.25,237131,318.25
2007-02-01,322.45,330.8,318.25,326.62,449668,326.62
2007-02-02,326.62,326.62,318.25,318.25,362744,318.25
2007-02-05,322.45,326.62,318.25,318.25,239759,318.25
2007-02-06,314.07,322.45,314.07,318.25,272475,318.25
2007-02-07,318.25,322.45,318.25,318.25,83581,318.25
2007-02-08,318.25,322.45,301.49,305.7,486682,305.7
2007-02-09,305.7,314.07,301.49,314.07,277491,314.07
2007-02-13,305.7,314.07,305.7,314.07,322147,314.07
2007-02-14,309.88,318.25,305.7,314.07,667696,314.07
2007-02-15,314.07,314.07,305.7,314.07,258864,314.07
2007-02-16,309.88,314.07,305.7,305.7,282744,305.7
2007-02-19,305.7,314.07,305.7,309.88,334564,309.88
2007-02-20,309.88,314.07,309.88,309.88,252893,309.88
2007-02-21,314.07,318.25,309.88,318.25,372056,318.25
2007-02-22,318.25,351.76,314.07,343.37,2499322,343.37
2007-02-23,339.18,343.37,326.62,339.18,1683567,339.18
2007-02-26,339.18,372.7,339.18,368.5,2657887,368.5
2007-02-27,376.87,381.07,347.56,347.56,2299919,347.56
2007-02-28,314.07,343.37,309.88,335.0,1266139,335.0
2007-03-01,339.18,343.37,322.45,335.0,893366,335.0
2007-03-02,330.8,335.0,326.62,330.8,518205,330.8
2007-03-05,322.45,326.62,309.88,309.88,615636,309.88
2007-03-06,309.88,326.62,309.88,326.62,548293,326.62
2007-03-07,335.0,339.18,322.45,322.45,388532,322.45
2007-03-08,322.45,335.0,322.45,335.0,286804,335.0
2007-03-09,335.0,335.0,326.62,326.62,593905,326.62
2007-03-12,335.0,351.76,335.0,343.37,1181841,343.37
2007-03-13,351.76,372.7,351.76,351.76,2956868,351.76
2007-03-14,355.95,368.5,351.76,360.15,2454903,360.15
2007-03-15,381.07,385.26,360.15,368.5,3858353,368.5
2007-03-16,364.31,368.5,355.95,355.95,974319,355.95
2007-03-19,351.76,360.15,347.56,351.76,514862,351.76
2007-03-20,360.15,376.87,351.76,364.31,776350,364.31
2007-03-22,376.87,385.26,368.5,368.5,2093594,368.5
2007-03-23,376.87,376.87,364.31,372.7,568830,372.7
2007-03-26,372.7,372.7,368.5,372.7,328834,372.7
2007-03-27,372.7,372.7,360.15,360.15,332414,360.15
2007-03-28,360.15,376.87,360.15,376.87,901962,376.87
2007-03-29,372.7,414.56,368.5,414.56,4512676,414.56
2007-03-30,422.94,439.69,414.56,431.32,4595780,431.32
2007-04-02,443.88,448.07,406.18,418.75,3334180,418.75
2007-04-03,427.13,552.76,422.94,523.45,15553294,523.45
2007-04-04,502.51,536.0,469.0,489.94,10453400,489.94
2007-04-05,506.7,565.33,485.76,523.45,13363463,523.45
2007-04-06,536.0,556.94,506.7,519.26,5234820,519.26
2007-04-09,531.82,548.57,506.7,515.07,2229951,515.07
2007-04-10,506.7,510.88,473.19,485.76,2949944,485.76
2007-04-11,489.94,510.88,485.76,502.51,2540634,502.51
2007-04-12,494.14,506.7,485.76,489.94,1138618,489.94
2007-04-13,494.14,494.14,464.8,469.0,1363808,469.0
2007-04-16,469.0,481.56,452.24,456.45,1183273,456.45
2007-04-17,456.45,469.0,452.24,452.24,857545,452.24
2007-04-18,452.24,485.76,443.88,477.37,2142309,477.37
2007-04-19,498.32,515.07,485.76,494.14,4459899,494.14
2007-04-20,494.14,498.32,464.8,473.19,1729657,473.19
2007-04-23,481.56,481.56,452.24,464.8,1193304,464.8
2007-04-24,464.8,494.14,460.63,494.14,3472685,494.14
2007-04-25,489.94,498.32,481.56,485.76,1917117,485.76
2007-04-26,485.76,502.51,477.37,494.14,2382546,494.14
2007-04-27,498.32,523.45,498.32,510.88,3387670,510.88
2007-05-01,515.07,519.26,502.51,502.51,1156288,502.51
2007-05-02,510.88,510.88,489.94,502.51,904588,502.51
2007-05-07,506.7,527.63,498.32,519.26,2036042,519.26
2007-05-08,523.45,536.0,515.07,527.63,2919854,527.63
2007-05-09,556.94,573.69,548.57,552.76,6894266,552.76
2007-05-10,565.33,603.01,561.13,598.81,7582975,598.81
2007-05-11,615.57,619.75,573.69,615.57,7731991,615.57
2007-05-14,619.75,628.13,577.88,586.24,5154579,586.24
2007-05-15,573.69,582.06,552.76,569.5,3027794,569.5
2007-05-16,561.13,573.69,536.0,552.76,2157115,552.76
2007-05-17,561.13,569.5,552.76,561.13,1503269,561.13
2007-05-18,569.5,577.88,540.18,544.39,1557000,544.39
2007-05-21,552.76,577.88,548.57,573.69,1690733,573.69
2007-05-22,573.69,594.63,561.13,590.46,2591022,590.46
2007-05-23,594.63,615.57,594.63,594.63,2972868,594.63
2007-05-24,598.81,607.19,586.24,603.01,1618134,603.01
2007-05-25,594.63,598.81,577.88,586.24,1250377,586.24
2007-05-28,594.63,603.01,590.46,598.81,1072708,598.81
2007-05-29,598.81,598.81,586.24,586.24,716888,586.24
2007-05-30,586.24,590.46,569.5,573.69,1213838,573.69
2007-05-31,573.69,582.06,561.13,565.33,785187,565.33
2007-06-01,569.5,586.24,569.5,582.06,1055512,582.06
2007-06-04,594.63,603.01,586.24,590.46,1343751,590.46
2007-06-05,594.63,611.38,582.06,611.38,1685237,611.38
2007-06-06,636.51,682.57,628.13,661.62,9597287,661.62
2007-06-07,657.45,686.77,653.27,674.19,5497503,674.19
2007-06-08,653.27,665.82,644.88,653.27,1966549,653.27
2007-06-11,678.39,690.95,636.51,636.51,2470186,636.51
2007-06-12,640.71,640.71,615.57,628.13,1295032,628.13
2007-06-13,615.57,657.45,611.38,649.08,1712939,649.08
2007-06-14,653.27,657.45,636.51,640.71,901962,640.71
2007-06-15,640.71,644.88,628.13,640.71,1051215,640.71
2007-06-18,644.88,649.08,636.51,649.08,960708,649.08
2007-06-19,644.88,657.45,623.93,628.13,1172527,628.13
2007-06-20,632.31,640.71,619.75,619.75,635694,619.75
2007-06-21,615.57,628.13,611.38,628.13,765843,628.13
2007-06-22,628.13,628.13,611.38,615.57,577188,615.57
2007-06-25,607.19,611.38,561.13,561.13,1822074,561.13
2007-06-26,540.18,556.94,523.45,552.76,2370844,552.76
2007-06-27,548.57,573.69,544.39,552.76,1260406,552.76
2007-06-28,561.13,565.33,552.76,556.94,496712,556.94
2007-06-29,556.94,561.13,548.57,548.57,599875,548.57
2007-07-02,552.76,552.76,536.0,540.18,875455,540.18
2007-07-03,540.18,540.18,510.88,510.88,2258130,510.88
2007-07-04,519.26,561.13,519.26,561.13,3022541,561.13
2007-07-05,569.5,582.06,548.57,556.94,4209156,556.94
2007-07-06,556.94,556.94,540.18,556.94,1156525,556.94
2007-07-09,561.13,565.33,552.76,561.13,696830,561.13
2007-07-10,565.33,565.33,552.76,556.94,504831,556.94
2007-07-11,544.39,561.13,540.18,561.13,1043573,561.13
2007-07-12,561.13,565.33,523.45,536.0,1328226,536.0
2007-07-13,544.39,548.57,531.82,531.82,892410,531.82
2007-07-17,544.39,548.57,527.63,536.0,850619,536.0
2007-07-18,527.63,531.82,519.26,527.63,873783,527.63
2007-07-19,527.63,527.63,510.88,515.07,718083,515.07
2007-07-20,506.7,510.88,494.14,498.32,958320,498.32
2007-07-23,481.56,489.94,477.37,485.76,799755,485.76
2007-07-24,489.94,494.14,477.37,494.14,663875,494.14
2007-07-25,473.19,494.14,473.19,489.94,752712,489.94
2007-07-26,489.94,494.14,464.8,473.19,674380,473.19
2007-07-27,456.45,460.63,443.88,456.45,874501,456.45
2007-07-30,452.24,489.94,452.24,481.56,838201,481.56
2007-07-31,489.94,489.94,469.0,473.19,517726,473.19
2007-08-01,469.0,473.19,460.63,464.8,435101,464.8
2007-08-02,477.37,477.37,460.63,473.19,590562,473.19
2007-08-03,473.19,473.19,460.63,464.8,620412,464.8
2007-08-06,456.45,469.0,452.24,460.63,581008,460.63
2007-08-07,464.8,473.19,443.88,448.07,718322,448.07
2007-08-08,439.69,448.07,422.94,435.5,806203,435.5
2007-08-09,427.13,443.88,418.75,443.88,1087036,443.88
2007-08-10,422.94,431.32,397.82,406.18,1315569,406.18
2007-08-13,389.44,418.75,381.07,414.56,1165124,414.56
2007-08-14,418.75,422.94,410.39,410.39,355580,410.39
2007-08-15,402.01,418.75,402.01,406.18,417431,406.18
2007-08-16,402.01,406.18,381.07,397.82,766082,397.82
2007-08-17,397.82,402.01,343.37,343.37,1306495,343.37
2007-08-20,376.87,381.07,355.95,360.15,798798,360.15
2007-08-21,360.15,381.07,360.15,381.07,678682,381.07
2007-08-22,385.26,389.44,372.7,376.87,675578,376.87
2007-08-23,385.26,402.01,385.26,402.01,847754,402.01
2007-08-24,397.82,397.82,389.44,393.62,500772,393.62
2007-08-27,397.82,397.82,385.26,385.26,396891,385.26
2007-08-28,385.26,389.44,368.5,368.5,423876,368.5
2007-08-29,355.95,372.7,351.76,368.5,562145,368.5
2007-08-30,376.87,376.87,364.31,368.5,245490,368.5
2007-08-31,364.31,381.07,360.15,376.87,392595,376.87
2007-09-03,376.87,381.07,368.5,372.7,324057,372.7
2007-09-04,372.7,389.44,368.5,376.87,686560,376.87
2007-09-05,381.07,385.26,364.31,372.7,400235,372.7
2007-09-06,368.5,368.5,360.15,364.31,414325,364.31
2007-09-07,364.31,368.5,360.15,364.31,246444,364.31
2007-09-10,351.76,351.76,343.37,343.37,595816,343.37
2007-09-11,351.76,351.76,339.18,351.76,539935,351.76
2007-09-12,351.76,351.76,339.18,339.18,503637,339.18
2007-09-13,339.18,343.37,326.62,326.62,429369,326.62
2007-09-14,330.8,343.37,326.62,343.37,546146,343.37
2007-09-18,330.8,330.8,326.62,326.62,280356,326.62
2007-09-19,339.18,339.18,330.8,339.18,355101,339.18
2007-09-20,339.18,343.37,330.8,330.8,218505,330.8
2007-09-21,330.8,339.18,318.25,335.0,588413,335.0
2007-09-25,335.0,389.44,330.8,389.44,1661120,389.44
2007-09-26,448.07,452.24,418.75,435.5,4750765,435.5
2007-09-27,443.88,460.63,439.69,460.63,2734066,460.63
2007-09-28,443.88,448.07,422.94,422.94,1593776,422.94
2007-10-01,410.39,427.13,406.18,418.75,1301480,418.75
2007-10-02,431.32,435.5,414.56,422.94,535876,422.94
2007-10-03,418.75,435.5,414.56,431.32,796889,431.32
2007-10-04,431.32,464.8,427.13,456.45,3084868,456.45
2007-10-05,460.63,460.63,439.69,443.88,1547926,443.88
2007-10-09,448.07,456.45,443.88,443.88,716411,443.88
2007-10-10,448.07,452.24,435.5,448.07,680830,448.07
2007-10-11,443.88,452.24,435.5,452.24,561189,452.24
2007-10-12,443.88,443.88,431.32,431.32,543995,431.32
2007-10-15,431.32,431.32,414.56,422.94,580771,422.94
2007-10-16,418.75,418.75,402.01,402.01,494084,402.01
2007-10-17,393.62,397.82,381.07,393.62,812649,393.62
2007-10-18,389.44,418.75,389.44,418.75,746500,418.75
2007-10-19,410.39,414.56,393.62,397.82,551636,397.82
2007-10-22,364.31,385.26,360.15,381.07,812411,381.07
2007-10-23,393.62,397.82,385.26,389.44,433907,389.44
2007-10-24,393.62,414.56,393.62,406.18,777546,406.18
2007-10-25,406.18,406.18,376.87,381.07,1000111,381.07
2007-10-26,381.07,389.44,376.87,385.26,436294,385.26
2007-10-29,389.44,393.62,385.26,393.62,407877,393.62
2007-10-30,389.44,414.56,385.26,410.39,928707,410.39
2007-10-31,406.18,406.18,393.62,402.01,668413,402.01
2007-11-01,402.01,406.18,389.44,393.62,414562,393.62
2007-11-02,389.44,406.18,381.07,397.82,636175,397.82
2007-11-05,397.82,397.82,376.87,385.26,550205,385.26
2007-11-06,376.87,385.26,372.7,372.7,292774,372.7
2007-11-07,381.07,381.07,368.5,372.7,466862,372.7
2007-11-08,355.95,364.31,347.56,351.76,783993,351.76
2007-11-09,355.95,364.31,343.37,343.37,498623,343.37
2007-11-12,322.45,335.0,318.25,326.62,650501,326.62
2007-11-13,326.62,347.56,326.62,330.8,628532,330.8
2007-11-14,347.56,355.95,339.18,355.95,660531,355.95
2007-11-15,351.76,351.76,343.37,347.56,449906,347.56
2007-11-16,335.0,339.18,330.8,339.18,557368,339.18
2007-11-19,335.0,339.18,326.62,326.62,298504,326.62
2007-11-20,318.25,339.18,305.7,335.0,746023,335.0
2007-11-21,330.8,335.0,318.25,322.45,391877,322.45
2007-11-22,314.07,330.8,309.88,326.62,785904,326.62
2007-11-26,335.0,339.18,326.62,335.0,547816,335.0
2007-11-27,330.8,335.0,326.62,330.8,596531,330.8
2007-11-28,335.0,343.37,330.8,330.8,503876,330.8
2007-11-29,343.37,381.07,343.37,381.07,2810959,381.07
2007-11-30,372.7,406.18,368.5,397.82,3636983,397.82
2007-12-03,402.01,422.94,389.44,414.56,3668982,414.56
2007-12-04,418.75,427.13,402.01,406.18,4106709,406.18
2007-12-05,402.01,402.01,381.07,393.62,1716044,393.62
2007-12-06,397.82,410.39,389.44,397.82,1456703,397.82
2007-12-07,397.82,406.18,393.62,406.18,948530,406.18
2007-12-10,406.18,410.39,389.44,397.82,985783,397.82
2007-12-11,397.82,402.01,385.26,385.26,834858,385.26
2007-12-12,376.87,397.82,372.7,397.82,921783,397.82
2007-12-13,389.44,393.62,381.07,381.07,660291,381.07
2007-12-14,381.07,389.44,372.7,385.26,709007,385.26
2007-12-17,372.7,376.87,347.56,347.56,918201,347.56
2007-12-18,343.37,364.31,339.18,355.95,995573,355.95
2007-12-19,355.95,360.15,343.37,347.56,651218,347.56
2007-12-20,343.37,351.76,335.0,335.0,532769,335.0
2007-12-21,339.18,339.18,322.45,339.18,1107093,339.18
2007-12-25,343.37,347.56,330.8,343.37,1269960,343.37
2007-12-26,339.18,355.95,335.0,355.95,681786,355.95
2007-12-27,351.76,355.95,343.37,343.37,426743,343.37
2007-12-28,335.0,343.37,335.0,339.18,277491,339.18
2008-01-04,326.62,330.8,318.25,318.25,672949,318.25
2008-01-07,314.07,326.62,314.07,326.62,686083,326.62
2008-01-08,318.25,339.18,318.25,339.18,990080,339.18
2008-01-09,326.62,355.95,326.62,347.56,1224108,347.56
2008-01-10,351.76,364.31,343.37,343.37,1477718,343.37
2008-01-11,351.76,355.95,322.45,322.45,1064351,322.45
2008-01-15,322.45,322.45,293.13,293.13,1202377,293.13
2008-01-16,276.39,288.93,268.01,268.01,1279511,268.01
2008-01-17,280.56,288.93,272.19,284.75,1322734,284.75
2008-01-18,272.19,309.88,272.19,309.88,1127871,309.88
2008-01-21,301.49,305.7,288.93,288.93,735516,288.93
2008-01-22,272.19,280.56,263.82,268.01,855158,268.01
2008-01-23,284.75,288.93,268.01,272.19,1047872,272.19
2008-01-24,280.56,288.93,280.56,288.93,819098,288.93
2008-01-25,293.13,301.49,293.13,297.31,942797,297.31
2008-01-28,293.13,297.31,284.75,284.75,604412,284.75
2008-01-29,293.13,301.49,288.93,301.49,848948,301.49
2008-01-30,301.49,318.25,297.31,305.7,1861237,305.7
2008-01-31,301.49,314.07,293.13,314.07,994142,314.07
2008-02-01,318.25,322.45,301.49,305.7,1000350,305.7
2008-02-04,314.07,318.25,305.7,314.07,560234,314.07
2008-02-05,309.88,318.25,305.7,318.25,598921,318.25
2008-02-06,305.7,309.88,293.13,293.13,1097063,293.13
2008-02-07,297.31,297.31,284.75,288.93,746262,288.93
2008-02-08,288.93,297.31,280.56,284.75,886440,284.75
2008-02-12,276.39,284.75,272.19,276.39,637368,276.39
2008-02-13,280.56,284.75,276.39,276.39,456114,276.39
2008-02-14,284.75,293.13,280.56,293.13,684412,293.13
2008-02-15,284.75,297.31,284.75,293.13,653845,293.13
2008-02-18,297.31,301.49,293.13,293.13,560711,293.13
2008-02-19,297.31,297.31,284.75,284.75,621368,284.75
2008-02-20,288.93,293.13,280.56,280.56,375637,280.56
2008-02-21,284.75,293.13,284.75,288.93,345549,288.93
2008-02-22,288.93,293.13,284.75,284.75,244057,284.75
2008-02-25,288.93,305.7,284.75,301.49,880949,301.49
2008-02-26,309.88,309.88,293.13,293.13,502205,293.13
2008-02-27,297.31,301.49,293.13,297.31,230445,297.31
2008-02-28,293.13,301.49,293.13,301.49,278683,301.49
2008-02-29,301.49,318.25,297.31,301.49,1606194,301.49
2008-03-03,297.31,314.07,288.93,305.7,1584463,305.7
2008-03-04,326.62,330.8,309.88,314.07,3893217,314.07
2008-03-05,318.25,322.45,301.49,305.7,1096110,305.7
2008-03-06,305.7,314.07,301.49,305.7,753904,305.7
2008-03-07,297.31,305.7,293.13,293.13,735994,293.13
2008-03-10,288.93,293.13,276.39,276.39,838441,276.39
2008-03-11,272.19,288.93,268.01,284.75,858262,284.75
2008-03-12,293.13,297.31,280.56,280.56,698024,280.56
2008-03-13,280.56,280.56,272.19,272.19,346025,272.19
2008-03-14,276.39,276.39,268.01,268.01,562145,268.01
2008-03-17,259.63,263.82,251.25,255.44,580054,255.44
2008-03-18,255.44,263.82,255.44,263.82,447043,263.82
2008-03-19,272.19,276.39,263.82,276.39,467577,276.39
2008-03-21,263.82,276.39,259.63,272.19,507698,272.19
2008-03-24,268.01,280.56,268.01,272.19,317131,272.19
2008-03-25,272.19,276.39,268.01,272.19,249788,272.19
2008-03-26,272.19,272.19,268.01,268.01,64000,268.01
2008-03-27,268.01,272.19,268.01,268.01,154029,268.01
2008-03-28,268.01,272.19,263.82,272.19,232356,272.19
2008-03-31,268.01,272.19,263.82,268.01,202745,268.01
2008-04-01,268.01,268.01,263.82,268.01,204655,268.01
2008-04-02,272.19,276.39,263.82,272.19,510324,272.19
2008-04-03,272.19,272.19,263.82,272.19,285848,272.19
2008-04-04,268.01,268.01,263.82,263.82,160956,263.82
2008-04-07,263.82,268.01,259.63,268.01,236893,268.01
2008-04-08,263.82,268.01,259.63,263.82,165014,263.82
2008-04-09,263.82,263.82,255.44,259.63,318564,259.63
2008-04-10,255.44,259.63,255.44,255.44,167879,255.44
2008-04-11,255.44,259.63,251.25,255.44,312833,255.44
2008-04-14,251.25,255.44,251.25,251.25,199640,251.25
2008-04-15,251.25,251.25,242.87,247.07,262206,247.07
2008-04-16,247.07,255.44,247.07,251.25,355817,251.25
2008-04-17,255.44,259.63,251.25,259.63,368235,259.63
2008-04-18,259.63,259.63,251.25,255.44,148058,255.44
2008-04-21,255.44,259.63,251.25,251.25,313073,251.25
2008-04-22,255.44,268.01,251.25,268.01,788291,268.01
2008-04-23,263.82,268.01,259.63,263.82,315700,263.82
2008-04-24,263.82,268.01,255.44,259.63,255520,259.63
2008-04-25,259.63,263.82,255.44,259.63,289909,259.63
2008-04-28,259.63,263.82,259.63,259.63,149730,259.63
2008-04-30,259.63,268.01,255.44,263.82,548056,263.82
2008-05-01,276.39,288.93,268.01,272.19,2019086,272.19
2008-05-02,276.39,276.39,263.82,272.19,538264,272.19
2008-05-07,276.39,276.39,268.01,272.19,421968,272.19
2008-05-08,293.13,297.31,280.56,280.56,1663985,280.56
2008-05-09,284.75,284.75,272.19,272.19,479279,272.19
2008-05-12,272.19,276.39,272.19,276.39,178386,276.39
2008-05-13,276.39,284.75,272.19,280.56,801663,280.56
2008-05-14,284.75,288.93,276.39,284.75,405250,284.75
2008-05-15,301.49,309.88,297.31,301.49,2158070,301.49
2008-05-16,301.49,305.7,293.13,301.49,794979,301.49
2008-05-19,305.7,318.25,301.49,318.25,1203571,318.25
2008-05-20,322.45,330.8,309.88,314.07,1358555,314.07
2008-05-21,305.7,314.07,301.49,305.7,747933,305.7
2008-05-22,301.49,309.88,293.13,305.7,836292,305.7
2008-05-23,309.88,314.07,297.31,297.31,788531,297.31
2008-05-26,309.88,314.07,297.31,305.7,975751,305.7
2008-05-27,309.88,322.45,305.7,309.88,1566791,309.88
2008-05-28,318.25,318.25,301.49,301.49,796172,301.49
2008-05-29,305.7,318.25,301.49,309.88,1071273,309.88
2008-05-30,314.07,314.07,305.7,314.07,840588,314.07
2008-06-02,314.07,318.25,305.7,309.88,421011,309.88
2008-06-03,305.7,309.88,301.49,301.49,618979,301.49
2008-06-04,301.49,318.25,301.49,318.25,1032588,318.25
2008-06-05,314.07,351.76,309.88,351.76,4445811,351.76
2008-06-06,347.56,355.95,335.0,343.37,3154837,343.37
2008-06-09,326.62,343.37,322.45,330.8,1325601,330.8
2008-06-10,335.0,343.37,314.07,314.07,1282377,314.07
2008-06-11,318.25,322.45,309.88,318.25,1022081,318.25
2008-06-12,309.88,314.07,305.7,309.88,883814,309.88
2008-06-13,314.07,322.45,301.49,305.7,1226496,305.7
2008-06-16,314.07,318.25,301.49,301.49,1235332,301.49
2008-06-17,305.7,314.07,301.49,309.88,844650,309.88
2008-06-18,314.07,330.8,314.07,326.62,2102191,326.62
2008-06-19,322.45,326.62,309.88,314.07,1089423,314.07
2008-06-20,318.25,318.25,305.7,305.7,496712,305.7
2008-06-23,301.49,309.88,293.13,305.7,676292,305.7
2008-06-24,305.7,326.62,305.7,322.45,1884401,322.45
2008-06-25,322.45,322.45,301.49,314.07,1883686,314.07
2008-06-26,314.07,322.45,309.88,309.88,841546,309.88
2008-06-27,293.13,305.7,293.13,297.31,954977,297.31
2008-06-30,297.31,301.49,293.13,293.13,448236,293.13
2008-07-01,293.13,301.49,276.39,280.56,1379330,280.56
2008-07-02,284.75,284.75,272.19,276.39,903155,276.39
2008-07-03,259.63,272.19,255.44,268.01,1026380,268.01
2008-07-04,268.01,272.19,259.63,268.01,794979,268.01
2008-07-07,263.82,268.01,259.63,263.82,411698,263.82
2008-07-08,259.63,263.82,251.25,251.25,756768,251.25
2008-07-09,259.63,259.63,251.25,255.44,518680,255.44
2008-07-10,251.25,263.82,247.07,255.44,800470,255.44
2008-07-11,255.44,263.82,251.25,259.63,538264,259.63
2008-07-14,255.44,259.63,251.25,251.25,523936,251.25
2008-07-15,251.25,251.25,238.69,242.87,852051,242.87
2008-07-16,238.69,242.87,238.69,242.87,345789,242.87
2008-07-17,247.07,255.44,242.87,251.25,635216,251.25
2008-07-18,255.44,255.44,242.87,242.87,347937,242.87
2008-07-22,238.69,247.07,221.95,230.32,824350,230.32
2008-07-23,238.69,242.87,230.32,234.5,1067455,234.5
2008-07-24,238.69,242.87,234.5,242.87,653129,242.87
2008-07-25,238.69,238.69,234.5,238.69,438682,238.69
2008-07-28,234.5,238.69,230.32,230.32,265788,230.32
2008-07-29,230.32,230.32,226.14,226.14,609426,226.14
2008-07-30,230.32,234.5,226.14,234.5,372056,234.5
2008-07-31,234.5,234.5,226.14,230.32,414086,230.32
2008-08-01,226.14,226.14,209.37,213.57,778978,213.57
2008-08-04,209.37,209.37,184.25,184.25,1516166,184.25
2008-08-05,188.44,196.81,188.44,192.62,653845,192.62
2008-08-06,201.0,209.37,196.81,209.37,949723,209.37
2008-08-07,209.37,209.37,201.0,201.0,424355,201.0
2008-08-08,196.81,201.0,188.44,201.0,416712,201.0
2008-08-11,205.18,209.37,196.81,196.81,638561,196.81
2008-08-12,201.0,205.18,192.62,192.62,355580,192.62
2008-08-13,192.62,196.81,188.44,192.62,534681,192.62
2008-08-14,188.44,192.62,175.87,175.87,705903,175.87
2008-08-15,175.87,180.07,171.69,175.87,464712,175.87
2008-08-18,180.07,188.44,175.87,188.44,519159,188.44
2008-08-19,180.07,188.44,180.07,188.44,373012,188.44
2008-08-20,184.25,192.62,184.25,192.62,550920,192.62
2008-08-21,196.81,201.0,188.44,196.81,683218,196.81
2008-08-22,188.44,196.81,188.44,192.62,365369,192.62
2008-08-25,196.81,201.0,196.81,196.81,535876,196.81
2008-08-26,192.62,201.0,192.62,201.0,459459,201.0
2008-08-27,201.0,201.0,192.62,196.81,436056,196.81
2008-08-28,196.81,201.0,192.62,196.81,540175,196.81
2008-08-29,196.81,201.0,192.62,196.81,295400,196.81
2008-09-01,196.81,196.81,188.44,188.44,388295,188.44
2008-09-02,188.44,192.62,180.07,180.07,518205,180.07
2008-09-03,180.07,180.07,175.87,175.87,485966,175.87
2008-09-04,175.87,180.07,171.69,180.07,630680,180.07
2008-09-05,138.18,163.3,134.0,163.3,1102080,163.3
2008-09-08,167.5,184.25,167.5,175.87,882380,175.87
2008-09-09,180.07,180.07,171.69,171.69,505787,171.69
2008-09-10,167.5,171.69,159.12,167.5,525368,167.5
2008-09-11,171.69,171.69,163.3,171.69,384474,171.69
2008-09-12,171.69,175.87,167.5,171.69,554025,171.69
2008-09-16,154.93,167.5,150.74,163.3,547339,163.3
2008-09-17,167.5,180.07,163.3,171.69,552114,171.69
2008-09-18,163.3,175.87,163.3,171.69,456594,171.69
2008-09-19,180.07,180.07,171.69,175.87,796412,175.87
2008-09-22,184.25,188.44,180.07,184.25,502205,184.25
2008-09-24,180.07,180.07,175.87,180.07,363460,180.07
2008-09-25,180.07,188.44,175.87,184.25,450382,184.25
2008-09-26,184.25,196.81,180.07,180.07,870679,180.07
2008-09-29,180.07,188.44,175.87,175.87,409310,175.87
2008-09-30,163.3,175.87,159.12,171.69,446086,171.69
2008-10-01,175.87,175.87,171.69,175.87,322862,175.87
2008-10-02,175.87,175.87,163.3,163.3,503876,163.3
2008-10-03,163.3,163.3,154.93,159.12,484532,159.12
2008-10-06,150.74,150.74,129.83,134.0,1204288,134.0
2008-10-07,108.86,134.0,108.86,134.0,1476047,134.0
2008-10-08,125.62,129.83,113.06,121.44,942797,121.44
2008-10-09,113.06,125.62,113.06,121.44,670323,121.44
2008-10-10,113.06,121.44,108.86,121.44,618263,121.44
2008-10-14,154.93,159.12,142.39,154.93,1131214,154.93
2008-10-15,150.74,154.93,146.56,154.93,381609,154.93
2008-10-16,138.18,146.56,134.0,138.18,515100,138.18
2008-10-17,150.74,150.74,138.18,138.18,418863,138.18
2008-10-20,138.18,146.56,134.0,146.56,513906,146.56
2008-10-21,150.74,154.93,146.56,150.74,395699,150.74
2008-10-22,146.56,150.74,142.39,142.39,232595,142.39
2008-10-23,142.39,146.56,134.0,146.56,466384,146.56
2008-10-24,142.39,146.56,138.18,138.18,271043,138.18
2008-10-27,138.18,142.39,134.0,134.0,341013,134.0
2008-10-28,129.83,138.18,125.62,138.18,466144,138.18
2008-10-29,142.39,150.74,138.18,142.39,559996,142.39
2008-10-30,138.18,150.74,138.18,150.74,524413,150.74
2008-10-31,150.74,150.74,146.56,146.56,326922,146.56
2008-11-04,150.74,154.93,146.56,154.93,346025,154.93
2008-11-05,163.3,180.07,163.3,175.87,1098499,175.87
2008-11-06,163.3,171.69,159.12,163.3,786858,163.3
2008-11-07,154.93,163.3,150.74,163.3,517010,163.3
2008-11-10,167.5,175.87,163.3,167.5,678919,167.5
2008-11-11,167.5,167.5,159.12,159.12,341013,159.12
2008-11-12,159.12,163.3,154.93,159.12,277252,159.12
2008-11-13,154.93,163.3,150.74,163.3,504831,163.3
2008-11-14,167.5,167.5,159.12,167.5,507698,167.5
2008-11-17,163.3,167.5,159.12,159.12,274862,159.12
2008-11-18,159.12,163.3,159.12,163.3,201789,163.3
2008-11-19,163.3,167.5,159.12,159.12,359638,159.12
2008-11-20,154.93,159.12,150.74,150.74,455636,150.74
2008-11-21,146.56,154.93,142.39,150.74,589846,150.74
2008-11-25,159.12,159.12,150.74,159.12,321907,159.12
2008-11-26,154.93,159.12,150.74,159.12,234505,159.12
2008-11-27,159.12,159.12,150.74,154.93,200596,154.93
2008-11-28,150.74,154.93,150.74,154.93,193669,154.93
2008-12-01,154.93,154.93,142.39,146.56,273669,146.56
2008-12-02,142.39,146.56,138.18,138.18,335757,138.18
2008-12-03,142.39,146.56,138.18,138.18,305669,138.18
2008-12-04,142.39,146.56,138.18,138.18,276296,138.18
2008-12-05,138.18,138.18,134.0,138.18,497190,138.18
2008-12-08,138.18,142.39,134.0,138.18,266744,138.18
2008-12-09,138.18,142.39,138.18,138.18,322625,138.18
2008-12-10,142.39,154.93,138.18,146.56,819098,146.56
2008-12-11,150.74,159.12,146.56,159.12,373251,159.12
2008-12-12,159.12,159.12,150.74,154.93,659338,154.93
2008-12-15,159.12,180.07,154.93,167.5,1765953,167.5
2008-12-16,188.44,196.81,180.07,184.25,2852512,184.25
2008-12-17,192.62,201.0,175.87,184.25,1675447,184.25
2008-12-18,180.07,188.44,180.07,188.44,642621,188.44
2008-12-19,184.25,184.25,175.87,175.87,425310,175.87
2008-12-22,175.87,180.07,171.69,171.69,423638,171.69
2008-12-24,167.5,175.87,159.12,163.3,737664,163.3
2008-12-25,163.3,175.87,159.12,175.87,328834,175.87
2008-12-26,175.87,175.87,167.5,171.69,241908,171.69
2008-12-29,171.69,171.69,163.3,167.5,201550,167.5
2008-12-30,167.5,175.87,167.5,175.87,155462,175.87
2009-01-05,180.07,184.25,175.87,175.87,234744,175.87
2009-01-06,175.87,192.62,175.87,188.44,731932,188.44
2009-01-07,192.62,196.81,184.25,184.25,1012289,184.25
2009-01-08,180.07,184.25,175.87,180.07,325729,180.07
2009-01-09,180.07,188.44,180.07,184.25,472831,184.25
2009-01-13,180.07,184.25,175.87,175.87,460653,175.87
2009-01-14,175.87,180.07,175.87,175.87,143520,175.87
2009-01-15,171.69,175.87,167.5,171.69,402144,171.69
2009-01-16,171.69,175.87,167.5,175.87,224237,175.87
2009-01-19,175.87,175.87,171.69,175.87,163820,175.87
2009-01-20,171.69,175.87,167.5,171.69,234982,171.69
2009-01-21,167.5,167.5,159.12,163.3,354146,163.3
2009-01-22,167.5,167.5,159.12,163.3,309252,163.3
2009-01-23,159.12,163.3,159.12,159.12,232834,159.12
2009-01-26,159.12,163.3,159.12,163.3,214685,163.3
2009-01-27,163.3,171.69,163.3,167.5,243818,167.5
2009-01-28,167.5,167.5,163.3,163.3,109132,163.3
2009-01-29,167.5,171.69,163.3,163.3,232834,163.3
2009-01-30,163.3,163.3,159.12,159.12,224955,159.12
2009-02-02,159.12,159.12,154.93,154.93,289431,154.93
2009-02-03,150.74,159.12,150.74,150.74,362026,150.74
2009-02-04,154.93,167.5,154.93,163.3,505069,163.3
2009-02-05,163.3,163.3,159.12,159.12,284177,159.12
2009-02-06,159.12,163.3,154.93,159.12,272713,159.12
2009-02-09,163.3,163.3,150.74,150.74,237370,150.74
2009-02-10,154.93,159.12,150.74,150.74,198445,150.74
2009-02-12,150.74,154.93,150.74,150.74,182923,150.74
2009-02-13,150.74,159.12,150.74,159.12,216118,159.12
2009-02-16,159.12,163.3,159.12,163.3,241908,163.3
2009-02-17,159.12,163.3,150.74,154.93,297787,154.93
2009-02-18,150.74,159.12,150.74,154.93,234982,154.93
2009-02-19,154.93,154.93,150.74,150.74,107700,150.74
2009-02-20,150.74,150.74,129.83,134.0,1049782,134.0
2009-02-23,142.39,142.39,125.62,138.18,562145,138.18
2009-02-24,129.83,138.18,129.83,138.18,271283,138.18
2009-02-25,142.39,146.56,129.83,138.18,590323,138.18
2009-02-26,134.0,138.18,134.0,138.18,160477,138.18
2009-02-27,134.0,138.18,134.0,134.0,158566,134.0
2009-03-02,134.0,134.0,129.83,134.0,118686,134.0
2009-03-03,129.83,134.0,125.62,129.83,153550,129.83
2009-03-04,129.83,138.18,129.83,138.18,175044,138.18
2009-03-05,138.18,146.56,134.0,146.56,571936,146.56
2009-03-06,138.18,142.39,134.0,138.18,400713,138.18
2009-03-09,134.0,138.18,129.83,129.83,301130,129.83
2009-03-10,129.83,138.18,129.83,138.18,210148,138.18
2009-03-11,138.18,138.18,129.83,134.0,251461,134.0
2009-03-12,134.0,134.0,129.83,129.83,192237,129.83
2009-03-13,129.83,129.83,121.44,125.62,868053,125.62
2009-03-16,129.83,138.18,129.83,134.0,367043,134.0
2009-03-17,138.18,142.39,134.0,138.18,390682,138.18
2009-03-18,146.56,146.56,138.18,142.39,356296,142.39
2009-03-19,150.74,159.12,142.39,159.12,1308885,159.12
2009-03-23,154.93,159.12,154.93,159.12,388055,159.12
2009-03-24,167.5,171.69,159.12,167.5,670082,167.5
2009-03-25,167.5,167.5,159.12,163.3,252417,163.3
2009-03-26,163.3,167.5,154.93,163.3,632112,163.3
2009-03-27,163.3,175.87,163.3,167.5,998679,167.5
2009-03-30,171.69,175.87,159.12,159.12,605369,159.12
2009-03-31,154.93,167.5,154.93,163.3,452532,163.3
2009-04-01,163.3,163.3,159.12,163.3,149969,163.3
2009-04-02,167.5,171.69,163.3,167.5,624233,167.5
2009-04-03,175.87,175.87,167.5,171.69,475457,171.69
2009-04-06,171.69,188.44,171.69,188.44,1231512,188.44
2009-04-07,184.25,205.18,180.07,192.62,2336934,192.62
2009-04-08,188.44,188.44,175.87,180.07,798558,180.07
2009-04-09,188.44,205.18,184.25,201.0,1687388,201.0
2009-04-10,205.18,209.37,192.62,196.81,834618,196.81
2009-04-13,205.18,221.95,201.0,217.77,1912341,217.77
2009-04-14,221.95,226.14,209.37,213.57,1185182,213.57
2009-04-15,209.37,221.95,205.18,221.95,694919,221.95
2009-04-16,221.95,226.14,213.57,217.77,1066498,217.77
2009-04-17,217.77,217.77,205.18,209.37,670082,209.37
2009-04-20,209.37,209.37,201.0,205.18,410982,205.18
2009-04-21,196.81,201.0,192.62,196.81,282504,196.81
2009-04-22,201.0,205.18,196.81,201.0,388055,201.0
2009-04-23,205.18,205.18,192.62,205.18,267462,205.18
2009-04-24,201.0,205.18,196.81,196.81,295877,196.81
2009-04-27,201.0,205.18,196.81,196.81,209431,196.81
2009-04-28,201.0,201.0,184.25,184.25,480951,184.25
2009-04-30,192.62,196.81,188.44,192.62,330266,192.62
2009-05-01,188.44,196.81,188.44,192.62,145430,192.62
2009-05-07,201.0,217.77,201.0,209.37,800949,209.37
2009-05-08,205.18,213.57,205.18,213.57,475219,213.57
2009-05-11,213.57,217.77,209.37,209.37,250507,209.37
2009-05-12,209.37,238.69,209.37,234.5,1909954,234.5
2009-05-13,242.87,242.87,221.95,230.32,1602611,230.32
2009-05-14,238.69,251.25,234.5,238.69,1979685,238.69
2009-05-15,238.69,238.69,226.14,238.69,939692,238.69
2009-05-18,234.5,234.5,226.14,230.32,558085,230.32
2009-05-19,234.5,238.69,226.14,226.14,597248,226.14
2009-05-20,230.32,242.87,226.14,242.87,1227452,242.87
2009-05-21,238.69,242.87,230.32,238.69,926320,238.69
2009-05-22,234.5,255.44,234.5,247.07,3071973,247.07
2009-05-25,251.25,263.82,251.25,263.82,2006429,263.82
2009-05-26,268.01,276.39,263.82,263.82,2388516,263.82
2009-05-27,272.19,276.39,255.44,255.44,1348764,255.44
2009-05-28,251.25,259.63,242.87,259.63,953304,259.63
2009-05-29,259.63,263.82,255.44,259.63,636413,259.63
2009-06-01,255.44,259.63,251.25,259.63,421728,259.63
2009-06-02,259.63,263.82,251.25,255.44,508653,255.44
2009-06-03,255.44,263.82,251.25,259.63,664593,259.63
2009-06-04,259.63,263.82,255.44,255.44,456114,255.44
2009-06-05,259.63,268.01,259.63,268.01,766799,268.01
2009-06-08,268.01,284.75,263.82,280.56,1727505,280.56
2009-06-09,280.56,284.75,268.01,272.19,1154616,272.19
2009-06-10,276.39,280.56,272.19,280.56,584352,280.56
2009-06-11,276.39,284.75,276.39,284.75,679158,284.75
2009-06-12,288.93,301.49,288.93,288.93,1972998,288.93
2009-06-15,297.31,305.7,293.13,301.49,1605238,301.49
2009-06-16,297.31,305.7,284.75,288.93,1663268,288.93
2009-06-17,288.93,301.49,288.93,297.31,885962,297.31
2009-06-18,305.7,309.88,297.31,297.31,1131691,297.31
2009-06-19,301.49,305.7,288.93,293.13,846799,293.13
2009-06-22,293.13,293.13,284.75,288.93,805963,288.93
2009-06-23,280.56,284.75,276.39,276.39,622322,276.39
2009-06-24,280.56,284.75,272.19,272.19,434861,272.19
2009-06-25,276.39,284.75,272.19,284.75,841546,284.75
2009-06-26,284.75,288.93,280.56,284.75,469250,284.75
2009-06-29,284.75,288.93,272.19,272.19,449429,272.19
2009-06-30,276.39,280.56,272.19,272.19,355339,272.19
2009-07-01,272.19,272.19,255.44,272.19,1180169,272.19
2009-07-02,272.19,276.39,263.82,268.01,477846,268.01
2009-07-03,259.63,268.01,255.44,268.01,538980,268.01
2009-07-06,263.82,263.82,255.44,255.44,444893,255.44
2009-07-07,255.44,259.63,234.5,238.69,1227214,238.69
2009-07-08,221.95,230.32,217.77,226.14,1879624,226.14
2009-07-09,221.95,238.69,221.95,230.32,1045722,230.32
2009-07-10,230.32,234.5,217.77,217.77,796889,217.77
2009-07-13,217.77,221.95,196.81,196.81,863992,196.81
2009-07-14,209.37,217.77,205.18,213.57,421011,213.57
2009-07-15,217.77,217.77,209.37,213.57,283700,213.57
2009-07-16,221.95,230.32,217.77,217.77,455159,217.77
2009-07-17,221.95,226.14,217.77,221.95,282744,221.95
2009-07-21,226.14,230.32,221.95,226.14,387339,226.14
2009-07-22,230.32,234.5,226.14,230.32,443937,230.32
2009-07-23,234.5,234.5,226.14,226.14,283221,226.14
2009-07-24,230.32,234.5,226.14,234.5,549250,234.5
2009-07-27,234.5,234.5,230.32,230.32,298504,230.32
2009-07-28,230.32,230.32,221.95,221.95,449189,221.95
2009-07-29,221.95,226.14,217.77,226.14,238804,226.14
2009-07-30,221.95,226.14,217.77,221.95,255520,221.95
2009-07-31,226.14,230.32,226.14,226.14,414086,226.14
2009-08-03,230.32,238.69,226.14,238.69,860649,238.69
2009-08-04,242.87,251.25,238.69,238.69,893843,238.69
2009-08-05,238.69,247.07,238.69,247.07,507459,247.07
2009-08-06,242.87,251.25,242.87,247.07,513906,247.07
2009-08-07,251.25,251.25,242.87,242.87,236893,242.87
2009-08-10,242.87,247.07,238.69,242.87,242863,242.87
2009-08-11,238.69,259.63,238.69,255.44,1266377,255.44
2009-08-12,251.25,259.63,247.07,251.25,653607,251.25
2009-08-13,251.25,255.44,251.25,255.44,181490,255.44
2009-08-14,255.44,259.63,251.25,255.44,374443,255.44
2009-08-17,255.44,255.44,242.87,242.87,470920,242.87
2009-08-18,238.69,251.25,238.69,247.07,454205,247.07
2009-08-19,247.07,251.25,242.87,247.07,221610,247.07
2009-08-20,242.87,255.44,242.87,247.07,366325,247.07
2009-08-21,251.25,251.25,242.87,242.87,526086,242.87
2009-08-24,247.07,251.25,242.87,247.07,278206,247.07
2009-08-25,251.25,251.25,247.07,247.07,175282,247.07
2009-08-26,242.87,251.25,242.87,247.07,252176,247.07
2009-08-27,242.87,247.07,234.5,238.69,475698,238.69
2009-08-28,234.5,242.87,234.5,238.69,384474,238.69
2009-08-31,238.69,242.87,234.5,234.5,321907,234.5
2009-09-01,230.32,230.32,217.77,226.14,505549,226.14
2009-09-02,221.95,226.14,217.77,221.95,355580,221.95
2009-09-03,221.95,226.14,217.77,217.77,276774,217.77
2009-09-04,217.77,226.14,217.77,226.14,570262,226.14
2009-09-07,221.95,221.95,209.37,213.57,603218,213.57
2009-09-08,213.57,217.77,213.57,213.57,222087,213.57
2009-09-09,213.57,217.77,213.57,213.57,182685,213.57
2009-09-10,217.77,226.14,217.77,221.95,431520,221.95
2009-09-11,221.95,226.14,213.57,217.77,334804,217.77
2009-09-14,217.77,217.77,209.37,209.37,335997,209.37
2009-09-15,209.37,213.57,205.18,209.37,355101,209.37
2009-09-16,213.57,213.57,209.37,209.37,166686,209.37
2009-09-17,209.37,213.57,205.18,209.37,161193,209.37
2009-09-18,205.18,205.18,196.81,205.18,402624,205.18
2009-09-24,205.18,209.37,201.0,209.37,242863,209.37
2009-09-25,213.57,213.57,205.18,205.18,133969,205.18
2009-09-28,201.0,205.18,192.62,201.0,358921,201.0
2009-09-29,205.18,205.18,192.62,196.81,263161,196.81
2009-09-30,196.81,205.18,192.62,196.81,540651,196.81
2009-10-01,192.62,192.62,188.44,192.62,304713,192.62
2009-10-02,184.25,184.25,175.87,184.25,463518,184.25
2009-10-05,175.87,180.07,167.5,171.69,408832,171.69
2009-10-06,171.69,175.87,167.5,175.87,285131,175.87
2009-10-07,175.87,192.62,171.69,192.62,815037,192.62
2009-10-08,192.62,201.0,188.44,192.62,373729,192.62
2009-10-09,192.62,196.81,192.62,192.62,280118,192.62
2009-10-13,201.0,209.37,201.0,205.18,466862,205.18
2009-10-14,213.57,213.57,201.0,205.18,419339,205.18
2009-10-15,209.37,209.37,205.18,209.37,137789,209.37
2009-10-16,209.37,209.37,196.81,196.81,294207,196.81
2009-10-19,192.62,196.81,188.44,192.62,291581,192.62
2009-10-20,196.81,201.0,196.81,201.0,200118,201.0
2009-10-21,196.81,201.0,196.81,201.0,126328,201.0
2009-10-22,196.81,196.81,192.62,196.81,148537,196.81
2009-10-23,201.0,201.0,196.81,196.81,139939,196.81
2009-10-26,201.0,205.18,196.81,205.18,229013,205.18
2009-10-27,201.0,205.18,196.81,196.81,177671,196.81
2009-10-28,196.81,201.0,196.81,196.81,92179,196.81
2009-10-29,196.81,196.81,192.62,192.62,155938,192.62
2009-10-30,196.81,196.81,192.62,192.62,122028,192.62
2009-11-02,188.44,192.62,184.25,188.44,227581,188.44
2009-11-04,188.44,192.62,188.44,192.62,87402,192.62
2009-11-05,196.81,196.81,188.44,188.44,187700,188.44
2009-11-06,192.62,192.62,184.25,184.25,157849,184.25
2009-11-09,184.25,188.44,184.25,184.25,147819,184.25
2009-11-10,184.25,192.62,184.25,184.25,182446,184.25
2009-11-11,184.25,188.44,184.25,184.25,78567,184.25
2009-11-12,184.25,192.62,180.07,184.25,688473,184.25
2009-11-13,184.25,184.25,175.87,180.07,253849,180.07
2009-11-16,175.87,180.07,175.87,180.07,227818,180.07
2009-11-17,175.87,180.07,171.69,175.87,218983,175.87
2009-11-18,171.69,175.87,163.3,167.5,431520,167.5
2009-11-19,163.3,163.3,159.12,163.3,365607,163.3
2009-11-20,167.5,175.87,163.3,171.69,388295,171.69
2009-11-24,171.69,171.69,163.3,167.5,252656,167.5
2009-11-25,167.5,167.5,163.3,167.5,101252,167.5
2009-11-26,163.3,167.5,163.3,163.3,156177,163.3
2009-11-27,159.12,163.3,154.93,159.12,380892,159.12
2009-11-30,163.3,175.87,159.12,171.69,463996,171.69
2009-12-01,167.5,180.07,167.5,180.07,504114,180.07
2009-12-02,175.87,184.25,175.87,180.07,250027,180.07
2009-12-03,180.07,196.81,180.07,192.62,413129,192.62
2009-12-04,192.62,192.62,180.07,180.07,494323,180.07
2009-12-07,184.25,188.44,175.87,180.07,445608,180.07
2009-12-08,175.87,180.07,175.87,175.87,131343,175.87
2009-12-09,171.69,175.87,171.69,171.69,188417,171.69
2009-12-10,175.87,175.87,167.5,171.69,148299,171.69
2009-12-11,167.5,180.07,167.5,180.07,378981,180.07
2009-12-14,180.07,180.07,171.69,180.07,135163,180.07
2009-12-15,175.87,180.07,171.69,175.87,137074,175.87
2009-12-16,175.87,180.07,171.69,171.69,158566,171.69
2009-12-17,175.87,184.25,171.69,175.87,551397,175.87
2009-12-18,175.87,180.07,171.69,180.07,308056,180.07
2009-12-21,175.87,180.07,171.69,171.69,135163,171.69
2009-12-22,175.87,175.87,171.69,171.69,334804,171.69
2009-12-24,171.69,180.07,171.69,175.87,411220,175.87
2009-12-25,175.87,175.87,171.69,171.69,191044,171.69
2009-12-28,175.87,180.07,171.69,171.69,189849,171.69
2009-12-29,175.87,175.87,171.69,171.69,131581,171.69
2009-12-30,171.69,175.87,171.69,171.69,129908,171.69
2010-01-04,171.69,175.87,167.5,171.69,68058,171.69
2010-01-05,171.69,180.07,171.69,180.07,237850,180.07
2010-01-06,175.87,184.25,171.69,180.07,486682,180.07
2010-01-07,180.07,184.25,175.87,184.25,535876,184.25
2010-01-08,184.25,192.62,180.07,192.62,533488,192.62
2010-01-12,192.62,201.0,188.44,201.0,497907,201.0
2010-01-13,196.81,196.81,188.44,192.62,674142,192.62
2010-01-14,188.44,196.81,188.44,196.81,217310,196.81
2010-01-15,192.62,196.81,184.25,188.44,463518,188.44
2010-01-18,188.44,188.44,184.25,184.25,175760,184.25
2010-01-19,184.25,188.44,184.25,188.44,127281,188.44
2010-01-20,188.44,192.62,184.25,188.44,99820,188.44
2010-01-21,184.25,192.62,184.25,188.44,198445,188.44
2010-01-22,188.44,188.44,184.25,184.25,75939,184.25
2010-01-25,184.25,192.62,180.07,192.62,362264,192.62
2010-01-26,188.44,188.44,184.25,184.25,130865,184.25
2010-01-27,184.25,188.44,184.25,184.25,71881,184.25
2010-01-28,184.25,192.62,184.25,188.44,185311,188.44
2010-01-29,188.44,188.44,180.07,180.07,196536,180.07
2010-02-01,180.07,184.25,180.07,180.07,99582,180.07
2010-02-02,184.25,188.44,180.07,188.44,146864,188.44
2010-02-03,188.44,192.62,184.25,184.25,256237,184.25
2010-02-04,184.25,188.44,184.25,184.25,89312,184.25
2010-02-05,184.25,184.25,180.07,180.07,112715,180.07
2010-02-08,180.07,188.44,180.07,184.25,223757,184.25
2010-02-09,184.25,184.25,163.3,184.25,187223,184.25
2010-02-10,184.25,192.62,184.25,192.62,410265,192.62
2010-02-12,192.62,192.62,184.25,188.44,283700,188.44
2010-02-15,188.44,188.44,180.07,180.07,339339,180.07
2010-02-16,180.07,184.25,180.07,184.25,81433,184.25
2010-02-17,184.25,188.44,180.07,184.25,138267,184.25
2010-02-18,184.25,188.44,184.25,184.25,113193,184.25
2010-02-19,184.25,188.44,180.07,180.07,110328,180.07
2010-02-22,184.25,188.44,175.87,184.25,141133,184.25
2010-02-23,188.44,192.62,184.25,192.62,441787,192.62
2010-02-24,192.62,196.81,188.44,192.62,296355,192.62
2010-02-25,196.81,196.81,188.44,192.62,174805,192.62
2010-02-26,188.44,192.62,184.25,192.62,282982,192.62
2010-03-01,192.62,196.81,188.44,192.62,342205,192.62
2010-03-02,192.62,192.62,188.44,192.62,49432,192.62
2010-03-03,192.62,196.81,188.44,196.81,325011,196.81
2010-03-04,196.81,196.81,184.25,184.25,418625,184.25
2010-03-05,184.25,192.62,184.25,192.62,298504,192.62
2010-03-08,192.62,196.81,188.44,196.81,243341,196.81
2010-03-09,192.62,196.81,188.44,188.44,121790,188.44
2010-03-10,192.62,196.81,188.44,192.62,157372,192.62
2010-03-11,196.81,196.81,188.44,192.62,296594,192.62
2010-03-12,196.81,205.18,192.62,201.0,979573,201.0
2010-03-15,205.18,217.77,205.18,213.57,1373123,213.57
2010-03-16,209.37,213.57,205.18,209.37,389490,209.37
2010-03-17,209.37,213.57,205.18,209.37,226386,209.37
2010-03-18,209.37,217.77,209.37,213.57,560474,213.57
2010-03-19,213.57,213.57,209.37,209.37,227581,209.37
2010-03-23,209.37,213.57,205.18,213.57,448473,213.57
2010-03-24,209.37,213.57,205.18,209.37,279640,209.37
2010-03-25,209.37,213.57,205.18,213.57,255997,213.57
2010-03-26,209.37,209.37,201.0,205.18,524891,205.18
2010-03-29,205.18,205.18,201.0,201.0,148537,201.0
2010-03-30,205.18,205.18,201.0,205.18,186985,205.18
2010-03-31,205.18,209.37,201.0,201.0,170268,201.0
2010-04-01,201.0,205.18,196.81,201.0,319281,201.0
2010-04-02,205.18,205.18,201.0,201.0,171700,201.0
2010-04-05,201.0,213.57,201.0,209.37,561906,209.37
2010-04-06,213.57,226.14,209.37,221.95,1256586,221.95
2010-04-07,217.77,221.95,217.77,217.77,493845,217.77
2010-04-08,217.77,238.69,217.77,226.14,1911147,226.14
2010-04-09,230.32,234.5,226.14,230.32,916767,230.32
2010-04-12,230.32,242.87,230.32,234.5,732412,234.5
2010-04-13,238.69,242.87,230.32,234.5,796889,234.5
2010-04-14,242.87,242.87,234.5,234.5,280833,234.5
2010-04-15,238.69,242.87,234.5,238.69,392118,238.69
2010-04-16,238.69,242.87,230.32,230.32,483579,230.32
2010-04-19,226.14,230.32,226.14,226.14,369192,226.14
2010-04-20,226.14,230.32,226.14,226.14,130865,226.14
2010-04-21,230.32,238.69,230.32,238.69,896468,238.69
2010-04-22,238.69,238.69,230.32,238.69,384951,238.69
2010-04-23,238.69,251.25,238.69,238.69,1155572,238.69
2010-04-26,247.07,251.25,242.87,247.07,883574,247.07
2010-04-27,251.25,251.25,242.87,251.25,334326,251.25
2010-04-28,238.69,247.07,238.69,242.87,422682,242.87
2010-04-30,247.07,247.07,238.69,238.69,400713,238.69
2010-05-06,230.32,234.5,230.32,230.32,318804,230.32
2010-05-07,217.77,221.95,209.37,213.57,1320586,213.57
2010-05-10,213.57,221.95,213.57,217.77,398564,217.77
2010-05-11,226.14,226.14,213.57,213.57,539935,213.57
2010-05-12,213.57,217.77,209.37,209.37,212537,209.37
2010-05-13,213.57,221.95,213.57,221.95,275340,221.95
2010-05-14,217.77,221.95,213.57,217.77,177431,217.77
2010-05-17,213.57,213.57,209.37,209.37,183401,209.37
2010-05-18,209.37,213.57,201.0,205.18,432235,205.18
2010-05-19,192.62,201.0,184.25,201.0,439161,201.0
2010-05-20,196.81,201.0,192.62,192.62,158087,192.62
2010-05-21,184.25,192.62,184.25,188.44,298504,188.44
2010-05-24,188.44,192.62,184.25,188.44,230922,188.44
2010-05-25,188.44,188.44,180.07,184.25,223998,184.25
2010-05-26,184.25,184.25,180.07,180.07,180537,180.07
2010-05-27,180.07,188.44,175.87,180.07,410982,180.07
2010-05-28,188.44,196.81,184.25,192.62,508653,192.62
2010-05-31,188.44,196.81,188.44,192.62,146387,192.62
2010-06-01,192.62,196.81,192.62,192.62,95042,192.62
2010-06-02,192.62,192.62,188.44,188.44,128715,188.44
2010-06-03,192.62,196.81,192.62,192.62,101492,192.62
2010-06-04,192.62,196.81,192.62,196.81,40837,196.81
2010-06-07,192.62,192.62,188.44,188.44,99582,188.44
2010-06-08,188.44,188.44,184.25,184.25,144714,184.25
2010-06-09,184.25,188.44,175.87,175.87,298504,175.87
2010-06-10,180.07,184.25,175.87,180.07,145670,180.07
2010-06-11,184.25,188.44,184.25,188.44,124177,188.44
2010-06-14,188.44,192.62,188.44,188.44,90506,188.44
2010-06-15,188.44,192.62,188.44,188.44,69251,188.44
2010-06-16,192.62,196.81,188.44,196.81,192954,196.81
2010-06-17,192.62,196.81,188.44,188.44,89551,188.44
2010-06-18,188.44,188.44,184.25,184.25,106029,184.25
2010-06-21,188.44,192.62,184.25,192.62,78805,192.62
2010-06-22,188.44,192.62,188.44,192.62,60418,192.62
2010-06-23,192.62,192.62,184.25,184.25,95042,184.25
2010-06-24,188.44,192.62,184.25,192.62,59701,192.62
2010-06-25,188.44,188.44,184.25,188.44,142805,188.44
2010-06-28,184.25,188.44,175.87,175.87,273430,175.87
2010-06-29,175.87,184.25,175.87,175.87,172655,175.87
2010-06-30,175.87,175.87,171.69,171.69,155223,171.69
2010-07-01,171.69,175.87,171.69,175.87,145670,175.87
2010-07-02,175.87,180.07,171.69,175.87,102447,175.87
2010-07-05,175.87,184.25,175.87,180.07,128475,180.07
2010-07-06,180.07,184.25,175.87,184.25,54686,184.25
2010-07-07,180.07,184.25,175.87,175.87,164058,175.87
2010-07-08,180.07,184.25,180.07,184.25,69969,184.25
2010-07-09,184.25,184.25,175.87,184.25,99820,184.25
2010-07-12,180.07,184.25,175.87,175.87,59464,175.87
2010-07-13,175.87,180.07,171.69,171.69,221371,171.69
2010-07-14,175.87,180.07,175.87,180.07,76417,180.07
2010-07-15,175.87,175.87,175.87,175.87,67104,175.87
2010-07-16,171.69,175.87,171.69,171.69,52776,171.69
2010-07-20,171.69,175.87,167.5,171.69,112955,171.69
2010-07-21,171.69,171.69,167.5,167.5,135163,167.5
2010-07-22,167.5,167.5,163.3,163.3,207759,163.3
2010-07-23,167.5,171.69,163.3,167.5,162624,167.5
2010-07-26,171.69,171.69,167.5,171.69,111045,171.69
2010-07-27,175.87,175.87,171.69,175.87,36299,175.87
2010-07-28,175.87,180.07,175.87,180.07,82147,180.07
2010-07-29,175.87,180.07,171.69,175.87,80237,175.87
2010-07-30,175.87,175.87,171.69,171.69,89790,171.69
2010-08-02,171.69,175.87,171.69,175.87,32478,175.87
2010-08-03,175.87,175.87,171.69,175.87,108655,175.87
2010-08-04,171.69,171.69,167.5,167.5,115342,167.5
2010-08-05,171.69,175.87,167.5,171.69,86685,171.69
2010-08-06,167.5,175.87,167.5,175.87,83821,175.87
2010-08-09,171.69,180.07,171.69,180.07,156893,180.07
2010-08-10,180.07,180.07,175.87,175.87,59224,175.87
2010-08-11,171.69,171.69,171.69,171.69,95999,171.69
2010-08-12,167.5,171.69,163.3,171.69,197252,171.69
2010-08-13,167.5,171.69,167.5,167.5,94566,167.5
2010-08-16,167.5,171.69,167.5,171.69,78567,171.69
2010-08-17,167.5,171.69,167.5,171.69,32478,171.69
2010-08-18,171.69,171.69,167.5,167.5,43940,167.5
2010-08-19,167.5,171.69,167.5,171.69,24357,171.69
2010-08-20,167.5,171.69,167.5,167.5,56357,167.5
2010-08-23,171.69,171.69,167.5,167.5,93612,167.5
2010-08-24,167.5,167.5,163.3,163.3,104596,163.3
2010-08-25,163.3,167.5,159.12,159.12,327161,159.12
2010-08-26,163.3,167.5,159.12,167.5,145670,167.5
2010-08-27,163.3,167.5,163.3,167.5,68298,167.5
2010-08-30,171.69,175.87,167.5,171.69,273909,171.69
2010-08-31,167.5,171.69,167.5,167.5,67582,167.5
2010-09-01,167.5,167.5,163.3,167.5,46088,167.5
2010-09-02,167.5,167.5,163.3,167.5,74507,167.5
2010-09-03,167.5,175.87,167.5,171.69,356774,171.69
2010-09-06,175.87,180.07,171.69,180.07,207282,180.07
2010-09-07,180.07,180.07,175.87,175.87,58507,175.87
2010-09-08,175.87,175.87,171.69,171.69,116298,171.69
2010-09-09,171.69,180.07,171.69,180.07,139223,180.07
2010-09-10,180.07,184.25,175.87,175.87,442504,175.87
2010-09-13,180.07,184.25,175.87,175.87,185073,175.87
2010-09-14,180.07,180.07,175.87,175.87,148537,175.87
2010-09-15,175.87,180.07,171.69,171.69,350802,171.69
2010-09-16,175.87,175.87,171.69,175.87,67820,175.87
2010-09-17,175.87,180.07,171.69,180.07,164775,180.07
2010-09-21,180.07,180.07,175.87,175.87,105073,175.87
2010-09-22,175.87,180.07,175.87,180.07,82864,180.07
2010-09-24,175.87,180.07,175.87,175.87,61850,175.87
2010-09-27,180.07,180.07,167.5,175.87,327399,175.87
2010-09-28,171.69,175.87,171.69,175.87,26269,175.87
2010-09-29,175.87,175.87,171.69,175.87,80716,175.87
2010-09-30,175.87,175.87,167.5,167.5,250744,167.5
2010-10-01,167.5,171.69,163.3,171.69,151402,171.69
2010-10-04,167.5,171.69,167.5,167.5,86448,167.5
2010-10-05,163.3,171.69,163.3,167.5,119402,167.5
2010-10-06,167.5,175.87,163.3,171.69,327878,171.69
2010-10-07,171.69,171.69,167.5,171.69,99820,171.69
2010-10-08,171.69,175.87,167.5,167.5,135641,167.5
2010-10-12,167.5,171.69,163.3,163.3,169550,163.3
2010-10-13,163.3,167.5,163.3,163.3,147819,163.3
2010-10-14,163.3,167.5,163.3,163.3,64716,163.3
2010-10-15,163.3,167.5,163.3,163.3,140417,163.3
2010-10-18,163.3,167.5,163.3,163.3,76417,163.3
2010-10-19,163.3,167.5,163.3,163.3,117968,163.3
2010-10-20,163.3,167.5,159.12,163.3,182446,163.3
2010-10-21,163.3,167.5,163.3,163.3,42507,163.3
2010-10-22,163.3,167.5,163.3,167.5,121550,167.5
2010-10-25,163.3,167.5,163.3,167.5,70448,167.5
2010-10-26,163.3,163.3,159.12,163.3,262683,163.3
2010-10-27,159.12,163.3,159.12,159.12,66626,159.12
2010-10-28,159.12,163.3,154.93,154.93,434385,154.93
2010-10-29,154.93,154.93,146.56,150.74,421728,150.74
2010-11-01,154.93,159.12,150.74,154.93,132536,154.93
2010-11-02,154.93,159.12,150.74,150.74,67582,150.74
2010-11-04,159.12,167.5,154.93,167.5,566204,167.5
2010-11-05,167.5,171.69,167.5,171.69,470920,171.69
2010-11-08,171.69,171.69,167.5,171.69,152119,171.69
2010-11-09,171.69,171.69,163.3,163.3,346025,163.3
2010-11-10,167.5,171.69,163.3,171.69,297549,171.69
2010-11-11,167.5,175.87,167.5,167.5,303282,167.5
2010-11-12,171.69,171.69,167.5,171.69,353670,171.69
2010-11-15,171.69,171.69,167.5,167.5,182446,167.5
2010-11-16,167.5,171.69,163.3,163.3,266266,163.3
2010-11-17,163.3,171.69,163.3,171.69,161432,171.69
2010-11-18,167.5,175.87,167.5,175.87,607278,175.87
2010-11-19,175.87,180.07,171.69,171.69,454919,171.69
2010-11-22,175.87,180.07,171.69,175.87,194625,175.87
2010-11-24,175.87,180.07,171.69,180.07,262683,180.07
2010-11-25,180.07,192.62,180.07,192.62,1016349,192.62
2010-11-26,188.44,196.81,184.25,188.44,717845,188.44
2010-11-29,188.44,192.62,184.25,192.62,277967,192.62
2010-11-30,188.44,192.62,184.25,184.25,359161,184.25
2010-12-01,184.25,192.62,180.07,192.62,408355,192.62
2010-12-02,192.62,192.62,188.44,188.44,251222,188.44
2010-12-03,192.62,192.62,184.25,188.44,357968,188.44
2010-12-06,188.44,201.0,184.25,196.81,581965,196.81
2010-12-07,196.81,196.81,188.44,192.62,369429,192.62
2010-12-08,192.62,196.81,192.62,196.81,185788,196.81
2010-12-09,196.81,196.81,188.44,188.44,801663,188.44
2010-12-10,188.44,192.62,184.25,192.62,695158,192.62
2010-12-13,192.62,192.62,188.44,192.62,246922,192.62
2010-12-14,192.62,196.81,188.44,196.81,466862,196.81
2010-12-15,196.81,201.0,192.62,196.81,564532,196.81
2010-12-16,196.81,201.0,196.81,196.81,591279,196.81
2010-12-17,196.81,201.0,188.44,188.44,1078916,188.44
2010-12-20,192.62,192.62,184.25,188.44,431757,188.44
2010-12-21,188.44,192.62,188.44,192.62,196057,192.62
2010-12-22,192.62,192.62,184.25,188.44,181967,188.44
2010-12-24,188.44,188.44,184.25,188.44,147580,188.44
2010-12-27,188.44,188.44,184.25,184.25,267700,184.25
2010-12-28,184.25,184.25,180.07,184.25,154983,184.25
2010-12-29,184.25,188.44,184.25,188.44,52299,188.44
2010-12-30,188.44,188.44,184.25,184.25,126567,184.25
2011-01-04,184.25,188.44,184.25,188.44,233072,188.44
2011-01-05,188.44,196.81,184.25,192.62,580054,192.62
2011-01-06,196.81,201.0,192.62,201.0,532054,201.0
2011-01-07,196.81,201.0,192.62,192.62,467100,192.62
2011-01-11,192.62,201.0,192.62,196.81,306146,196.81
2011-01-12,196.81,205.18,196.81,201.0,630920,201.0
2011-01-13,201.0,201.0,196.81,201.0,155938,201.0
2011-01-14,201.0,201.0,196.81,196.81,177431,196.81
2011-01-17,201.0,205.18,201.0,201.0,253370,201.0
2011-01-18,201.0,205.18,196.81,196.81,187462,196.81
2011-01-19,201.0,209.37,201.0,209.37,668890,209.37
2011-01-20,205.18,209.37,201.0,205.18,170268,205.18
2011-01-21,201.0,205.18,192.62,196.81,779218,196.81
2011-01-24,192.62,196.81,192.62,192.62,218744,192.62
2011-01-25,196.81,201.0,192.62,196.81,219938,196.81
2011-01-26,196.81,201.0,192.62,196.81,138745,196.81
2011-01-27,196.81,201.0,192.62,192.62,406681,192.62
2011-01-28,192.62,196.81,188.44,192.62,277252,192.62
2011-01-31,188.44,192.62,188.44,188.44,98626,188.44
2011-02-01,188.44,196.81,188.44,192.62,96239,192.62
2011-02-02,192.62,196.81,192.62,192.62,136119,192.62
2011-02-03,196.81,201.0,196.81,201.0,264596,201.0
2011-02-04,201.0,201.0,196.81,201.0,81433,201.0
2011-02-07,201.0,201.0,196.81,201.0,229252,201.0
2011-02-08,201.0,201.0,192.62,196.81,775873,196.81
2011-02-09,196.81,201.0,188.44,196.81,542084,196.81
2011-02-10,192.62,196.81,192.62,196.81,85015,196.81
2011-02-14,201.0,201.0,192.62,196.81,427698,196.81
2011-02-15,196.81,196.81,192.62,196.81,129193,196.81
2011-02-16,196.81,196.81,192.62,192.62,114864,192.62
2011-02-17,196.81,196.81,192.62,196.81,138030,196.81
2011-02-18,196.81,196.81,175.87,196.81,217310,196.81
2011-02-21,196.81,201.0,192.62,196.81,252417,196.81
2011-02-22,196.81,196.81,192.62,192.62,153311,192.62
2011-02-23,192.62,196.81,188.44,192.62,395221,192.62
2011-02-24,192.62,192.62,188.44,188.44,100775,188.44
2011-02-25,188.44,196.81,188.44,192.62,220894,192.62
2011-02-28,192.62,209.37,188.44,205.18,1002737,205.18
2011-03-01,205.18,205.18,196.81,205.18,1217900,205.18
2011-03-02,201.0,201.0,192.62,196.81,425547,196.81
2011-03-03,196.81,201.0,192.62,196.81,228058,196.81
2011-03-04,201.0,217.77,201.0,205.18,3426596,205.18
2011-03-07,209.37,209.37,201.0,205.18,969543,205.18
2011-03-08,205.18,209.37,201.0,201.0,245012,201.0
2011-03-09,205.18,209.37,201.0,201.0,312356,201.0
2011-03-10,201.0,201.0,192.62,201.0,805486,201.0
2011-03-11,196.81,201.0,192.62,201.0,686798,201.0
2011-03-14,326.62,326.62,276.39,326.62,6359345,326.62
2011-03-15,314.07,318.25,201.0,276.39,6402091,276.39
2011-03-16,272.19,301.49,255.44,280.56,2542067,280.56
2011-03-17,259.63,288.93,247.07,276.39,1550314,276.39
2011-03-18,276.39,288.93,276.39,284.75,1461718,284.75
2011-03-22,314.07,410.39,293.13,402.01,10899246,402.01
2011-03-23,381.07,477.37,372.7,422.94,18893682,422.94
2011-03-24,473.19,498.32,443.88,494.14,13733608,494.14
2011-03-25,502.51,510.88,452.24,477.37,12313919,477.37
2011-03-28,456.45,460.63,410.39,414.56,5691411,414.56
2011-03-29,393.62,435.5,389.44,422.94,10515249,422.94
2011-03-30,443.88,448.07,414.56,427.13,5412249,427.13
2011-03-31,427.13,431.32,406.18,418.75,2358188,418.75
2011-04-01,414.56,427.13,410.39,418.75,2736930,418.75
2011-04-04,422.94,460.63,422.94,448.07,6653313,448.07
2011-04-05,452.24,456.45,422.94,435.5,3750414,435.5
2011-04-06,431.32,435.5,414.56,414.56,2007385,414.56
2011-04-07,410.39,418.75,385.26,393.62,2284637,393.62
2011-04-08,389.44,410.39,381.07,402.01,3602354,402.01
2011-04-11,402.01,427.13,397.82,418.75,2227799,418.75
2011-04-12,414.56,418.75,402.01,406.18,1246078,406.18
2011-04-13,406.18,414.56,402.01,406.18,610143,406.18
2011-04-14,410.39,431.32,406.18,427.13,2393292,427.13
2011-04-15,427.13,431.32,418.75,422.94,1042855,422.94
2011-04-18,422.94,431.32,418.75,418.75,1076289,418.75
2011-04-19,410.39,414.56,406.18,410.39,709007,410.39
2011-04-20,414.56,418.75,410.39,410.39,462563,410.39
2011-04-21,410.39,410.39,389.44,389.44,1433062,389.44
2011-04-22,385.26,389.44,368.5,381.07,2239024,381.07
2011-04-25,389.44,397.82,385.26,389.44,1113542,389.44
2011-04-26,393.62,393.62,376.87,385.26,726920,385.26
2011-04-27,381.07,381.07,368.5,376.87,807636,376.87
2011-04-28,372.7,376.87,368.5,376.87,1018020,376.87
2011-05-02,376.87,397.82,376.87,397.82,956170,397.82
2011-05-06,397.82,427.13,393.62,422.94,3487012,422.94
2011-05-09,439.69,443.88,422.94,427.13,2423382,427.13
2011-05-10,422.94,427.13,410.39,427.13,1513539,427.13
2011-05-11,427.13,431.32,418.75,422.94,784232,422.94
2011-05-12,418.75,427.13,414.56,414.56,834618,414.56
2011-05-13,418.75,418.75,397.82,406.18,2061832,406.18
2011-05-16,393.62,410.39,389.44,393.62,1911387,393.62
2011-05-17,385.26,385.26,376.87,376.87,1165364,376.87
2011-05-18,376.87,393.62,372.7,389.44,1377898,389.44
2011-05-19,397.82,402.01,381.07,381.07,1141005,381.07
2011-05-20,385.26,385.26,376.87,381.07,329073,381.07
2011-05-23,381.07,381.07,368.5,372.7,710680,372.7
2011-05-24,368.5,372.7,360.15,368.5,1019930,368.5
2011-05-25,364.31,368.5,335.0,339.18,1514493,339.18
2011-05-26,335.0,347.56,326.62,347.56,1594730,347.56
2011-05-27,343.37,351.76,339.18,351.76,584352,351.76
2011-05-30,347.56,355.95,343.37,355.95,548771,355.95
2011-05-31,360.15,368.5,355.95,364.31,751755,364.31
2011-06-01,368.5,376.87,355.95,376.87,1028050,376.87
2011-06-02,372.7,406.18,368.5,381.07,3191852,381.07
2011-06-03,385.26,389.44,372.7,376.87,921067,376.87
2011-06-06,385.26,389.44,364.31,368.5,913901,368.5
2011-06-07,364.31,381.07,364.31,376.87,922022,376.87
2011-06-08,376.87,385.26,372.7,381.07,899575,381.07
2011-06-09,376.87,385.26,372.7,372.7,631397,372.7
2011-06-10,376.87,376.87,368.5,372.7,359638,372.7
2011-06-13,364.31,381.07,364.31,381.07,934438,381.07
2011-06-14,376.87,381.07,372.7,376.87,797845,376.87
2011-06-15,376.87,381.07,372.7,381.07,495518,381.07
2011-06-16,372.7,376.87,372.7,372.7,137313,372.7
2011-06-17,372.7,372.7,360.15,360.15,378026,360.15
2011-06-20,364.31,372.7,360.15,368.5,613964,368.5
2011-06-21,372.7,376.87,368.5,372.7,327878,372.7
2011-06-22,372.7,372.7,364.31,372.7,471161,372.7
2011-06-23,368.5,381.07,368.5,381.07,951394,381.07
2011-06-24,381.07,381.07,372.7,376.87,499818,376.87
2011-06-27,376.87,381.07,368.5,372.7,324294,372.7
2011-06-28,372.7,376.87,368.5,376.87,215640,376.87
2011-06-29,376.87,376.87,368.5,372.7,319521,372.7
2011-06-30,372.7,372.7,368.5,372.7,149969,372.7
2011-07-01,372.7,376.87,368.5,368.5,227581,368.5
2011-07-04,368.5,372.7,364.31,364.31,724768,364.31
2011-07-05,368.5,372.7,364.31,368.5,679158,368.5
2011-07-06,368.5,372.7,355.95,364.31,556651,364.31
2011-07-07,360.15,364.31,355.95,360.15,223280,360.15
2011-07-08,364.31,364.31,355.95,360.15,482145,360.15
2011-07-11,360.15,360.15,351.76,351.76,433429,351.76
2011-07-12,347.56,351.76,339.18,339.18,583875,339.18
2011-07-13,339.18,351.76,335.0,351.76,484772,351.76
2011-07-14,351.76,351.76,343.37,343.37,572174,343.37
2011-07-15,343.37,347.56,339.18,347.56,309012,347.56
2011-07-19,343.37,347.56,339.18,343.37,299461,343.37
2011-07-20,343.37,347.56,343.37,347.56,266982,347.56
2011-07-21,347.56,351.76,339.18,339.18,562861,339.18
2011-07-22,343.37,343.37,339.18,339.18,265549,339.18
2011-07-25,343.37,343.37,335.0,339.18,303999,339.18
2011-07-26,339.18,347.56,335.0,339.18,891930,339.18
2011-07-27,335.0,339.18,322.45,326.62,872829,326.62
2011-07-28,318.25,322.45,314.07,314.07,773723,314.07
2011-07-29,314.07,318.25,314.07,314.07,480711,314.07
2011-08-01,309.88,330.8,309.88,322.45,1089662,322.45
2011-08-02,314.07,318.25,305.7,305.7,582205,305.7
2011-08-03,297.31,297.31,288.93,293.13,1320586,293.13
2011-08-04,301.49,301.49,293.13,293.13,737425,293.13
2011-08-05,272.19,293.13,268.01,288.93,1045482,288.93
2011-08-08,309.88,318.25,280.56,284.75,3056449,284.75
2011-08-09,268.01,293.13,263.82,293.13,1537419,293.13
2011-08-10,301.49,305.7,293.13,297.31,826261,297.31
2011-08-11,293.13,326.62,288.93,318.25,2802601,318.25
2011-08-12,322.45,330.8,314.07,322.45,1626493,322.45
2011-08-15,326.62,330.8,318.25,326.62,936349,326.62
2011-08-16,326.62,326.62,309.88,309.88,885246,309.88
2011-08-17,309.88,343.37,309.88,339.18,2639021,339.18
2011-08-18,339.18,351.76,330.8,339.18,1837834,339.18
2011-08-19,330.8,343.37,326.62,339.18,1075572,339.18
2011-08-22,335.0,343.37,330.8,335.0,1073901,335.0
2011-08-23,335.0,335.0,326.62,330.8,456832,330.8
2011-08-24,339.18,343.37,322.45,326.62,1002976,326.62
2011-08-25,326.62,339.18,322.45,339.18,551636,339.18
2011-08-26,335.0,351.76,335.0,347.56,1184705,347.56
2011-08-29,360.15,372.7,351.76,372.7,2703259,372.7
2011-08-30,376.87,381.07,368.5,372.7,1431389,372.7
2011-08-31,364.31,364.31,347.56,355.95,1436166,355.95
2011-09-01,360.15,364.31,351.76,355.95,658620,355.95
2011-09-02,355.95,360.15,351.76,351.76,704233,351.76
2011-09-05,351.76,364.31,351.76,364.31,2173831,364.31
2011-09-06,360.15,364.31,339.18,339.18,1623150,339.18
2011-09-07,347.56,355.95,343.37,347.56,743158,347.56
2011-09-08,355.95,360.15,347.56,355.95,1022081,355.95
2011-09-09,351.76,360.15,347.56,351.76,774201,351.76
2011-09-12,343.37,347.56,335.0,339.18,612054,339.18
2011-09-13,339.18,339.18,322.45,330.8,1145065,330.8
2011-09-14,330.8,335.0,309.88,309.88,1041662,309.88
2011-09-15,318.25,322.45,309.88,314.07,671755,314.07
2011-09-16,318.25,326.62,314.07,326.62,536114,326.62
2011-09-20,318.25,326.62,318.25,326.62,576711,326.62
2011-09-21,322.45,326.62,318.25,318.25,485727,318.25
2011-09-22,309.88,314.07,301.49,301.49,1018736,301.49
2011-09-26,297.31,297.31,280.56,280.56,798082,280.56
2011-09-27,293.13,293.13,284.75,293.13,496474,293.13
2011-09-28,288.93,309.88,288.93,309.88,888350,309.88
2011-09-29,314.07,335.0,305.7,335.0,1429957,335.0
2011-09-30,339.18,343.37,322.45,339.18,1182318,339.18
2011-10-03,335.0,351.76,330.8,351.76,1804641,351.76
2011-10-04,343.37,351.76,335.0,347.56,1738491,347.56
2011-10-05,351.76,351.76,330.8,335.0,949007,335.0
2011-10-06,335.0,343.37,335.0,339.18,696591,339.18
2011-10-07,339.18,343.37,330.8,339.18,703517,339.18
2011-10-11,347.56,351.76,339.18,347.56,778739,347.56
2011-10-12,351.76,360.15,343.37,351.76,1029007,351.76
2011-10-13,360.15,368.5,355.95,368.5,1836162,368.5
2011-10-14,364.31,372.7,360.15,360.15,1469359,360.15
2011-10-17,368.5,368.5,347.56,355.95,1011573,355.95
2011-10-18,347.56,360.15,343.37,347.56,930856,347.56
2011-10-19,351.76,351.76,335.0,343.37,795454,343.37
2011-10-20,343.37,343.37,335.0,335.0,438682,335.0
2011-10-21,335.0,343.37,335.0,343.37,301130,343.37
2011-10-24,343.37,347.56,343.37,343.37,176954,343.37
2011-10-25,347.56,351.76,343.37,343.37,885723,343.37
2011-10-26,339.18,343.37,335.0,339.18,379938,339.18
2011-10-27,339.18,339.18,330.8,330.8,825066,330.8
2011-10-28,339.18,339.18,330.8,335.0,412414,335.0
2011-10-31,335.0,347.56,335.0,339.18,508175,339.18
2011-11-01,339.18,343.37,335.0,335.0,453250,335.0
2011-11-02,330.8,335.0,326.62,326.62,603696,326.62
2011-11-04,330.8,330.8,326.62,326.62,278683,326.62
2011-11-07,326.62,343.37,326.62,343.37,1342318,343.37
2011-11-08,343.37,343.37,322.45,326.62,934201,326.62
2011-11-09,326.62,339.18,326.62,335.0,910082,335.0
2011-11-10,322.45,330.8,322.45,326.62,261251,326.62
2011-11-11,326.62,330.8,318.25,326.62,629486,326.62
2011-11-14,335.0,335.0,326.62,330.8,383043,330.8
2011-11-15,326.62,335.0,326.62,326.62,375877,326.62
2011-11-16,326.62,326.62,305.7,309.88,726202,309.88
2011-11-17,301.49,309.88,297.31,305.7,605130,305.7
2011-11-18,305.7,305.7,297.31,301.49,593666,301.49
2011-11-21,301.49,305.7,297.31,301.49,369669,301.49
2011-11-22,297.31,301.49,293.13,293.13,375400,293.13
2011-11-24,293.13,293.13,280.56,284.75,804531,284.75
2011-11-25,284.75,297.31,284.75,288.93,533488,288.93
2011-11-28,297.31,305.7,293.13,301.49,496950,301.49
2011-11-29,305.7,305.7,301.49,301.49,341968,301.49
2011-11-30,301.49,318.25,301.49,314.07,1075095,314.07
2011-12-01,318.25,322.45,309.88,314.07,555696,314.07
2011-12-02,309.88,314.07,301.49,301.49,786141,301.49
2011-12-05,305.7,314.07,301.49,309.88,720471,309.88
2011-12-06,309.88,314.07,301.49,301.49,613964,301.49
2011-12-07,305.7,309.88,301.49,309.88,341013,309.88
2011-12-08,305.7,309.88,301.49,305.7,314266,305.7
2011-12-09,301.49,305.7,301.49,305.7,330505,305.7
2011-12-12,305.7,309.88,301.49,305.7,387579,305.7
2011-12-13,301.49,305.7,297.31,305.7,292536,305.7
2011-12-14,301.49,301.49,297.31,297.31,190327,297.31
2011-12-15,297.31,297.31,284.75,293.13,709724,293.13
2011-12-16,297.31,297.31,284.75,293.13,378264,293.13
2011-12-19,293.13,297.31,280.56,280.56,431281,280.56
2011-12-20,284.75,297.31,284.75,297.31,533010,297.31
2011-12-21,297.31,297.31,284.75,293.13,450146,293.13
2011-12-22,288.93,293.13,284.75,293.13,234266,293.13
2011-12-26,293.13,293.13,280.56,284.75,474981,284.75
2011-12-27,284.75,288.93,280.56,280.56,474981,280.56
2011-12-28,280.56,284.75,280.56,284.75,124177,284.75
2011-12-29,284.75,284.75,280.56,284.75,96477,284.75
2011-12-30,284.75,293.13,284.75,293.13,551636,293.13
2012-01-04,297.31,301.49,293.13,297.31,402624,297.31
2012-01-05,297.31,305.7,293.13,305.7,970021,305.7
2012-01-06,305.7,309.88,297.31,301.49,596769,301.49
2012-01-10,301.49,318.25,297.31,318.25,1212884,318.25
2012-01-11,318.25,326.62,309.88,314.07,1452166,314.07
2012-01-12,309.88,314.07,305.7,309.88,560950,309.88
2012-01-13,318.25,330.8,318.25,322.45,3062181,322.45
2012-01-16,322.45,335.0,318.25,335.0,1655866,335.0
2012-01-17,339.18,372.7,335.0,360.15,6369854,360.15
2012-01-18,368.5,372.7,347.56,347.56,3678534,347.56
2012-01-19,351.76,360.15,351.76,355.95,1213838,355.95
2012-01-20,355.95,360.15,343.37,351.76,1149601,351.76
2012-01-23,355.95,364.31,351.76,364.31,1408466,364.31
2012-01-24,364.31,368.5,355.95,355.95,1111393,355.95
2012-01-25,360.15,368.5,351.76,364.31,1384107,364.31
2012-01-26,360.15,364.31,355.95,355.95,834381,355.95
2012-01-27,355.95,355.95,343.37,351.76,1393419,351.76
2012-01-30,347.56,355.95,347.56,351.76,662920,351.76
2012-01-31,347.56,355.95,347.56,347.56,600831,347.56
2012-02-01,343.37,364.31,343.37,355.95,2665768,355.95
2012-02-02,360.15,360.15,351.76,355.95,773008,355.95
2012-02-03,360.15,368.5,355.95,360.15,2061832,360.15
2012-02-06,368.5,389.44,364.31,389.44,6058215,389.44
2012-02-07,393.62,393.62,381.07,381.07,5208310,381.07
2012-02-08,385.26,389.44,376.87,385.26,2499322,385.26
2012-02-09,376.87,381.07,368.5,372.7,2007385,372.7
2012-02-10,372.7,376.87,368.5,368.5,753189,368.5
2012-02-13,360.15,368.5,355.95,360.15,1717955,360.15
2012-02-14,360.15,368.5,355.95,364.31,1208348,364.31
2012-02-15,368.5,368.5,360.15,364.31,446086,364.31
2012-02-16,364.31,368.5,360.15,364.31,470206,364.31
2012-02-17,364.31,368.5,355.95,360.15,862558,360.15
2012-02-20,355.95,355.95,339.18,339.18,1803923,339.18
2012-02-21,335.0,355.95,335.0,355.95,1199513,355.95
2012-02-22,355.95,364.31,355.95,364.31,993424,364.31
2012-02-23,364.31,364.31,355.95,355.95,543279,355.95
2012-02-24,355.95,360.15,351.76,351.76,420772,351.76
2012-02-27,351.76,355.95,347.56,351.76,697544,351.76
2012-02-28,347.56,351.76,343.37,351.76,487875,351.76
2012-02-29,347.56,351.76,343.37,343.37,754858,343.37
2012-03-01,343.37,347.56,339.18,339.18,459459,339.18
2012-03-02,339.18,347.56,335.0,347.56,563100,347.56
2012-03-05,343.37,360.15,343.37,347.56,1137424,347.56
2012-03-06,347.56,355.95,347.56,355.95,904348,355.95
2012-03-07,355.95,360.15,351.76,360.15,446086,360.15
2012-03-08,360.15,360.15,355.95,360.15,333132,360.15
2012-03-09,360.15,360.15,351.76,360.15,602264,360.15
2012-03-12,360.15,360.15,351.76,351.76,351757,351.76
2012-03-13,355.95,360.15,351.76,360.15,445608,360.15
2012-03-14,360.15,364.31,355.95,355.95,515100,355.95
2012-03-15,355.95,360.15,351.76,351.76,415520,351.76
2012-03-16,351.76,355.95,347.56,347.56,288236,347.56
2012-03-19,347.56,355.95,347.56,355.95,479756,355.95
2012-03-21,360.15,389.44,355.95,381.07,7244831,381.07
2012-03-22,381.07,389.44,364.31,368.5,5729142,368.5
2012-03-23,368.5,368.5,355.95,364.31,1521896,364.31
2012-03-26,360.15,364.31,355.95,360.15,559756,360.15
2012-03-27,364.31,364.31,355.95,360.15,530861,360.15
2012-03-28,360.15,372.7,355.95,372.7,700889,372.7
2012-03-29,372.7,376.87,368.5,372.7,1462436,372.7
2012-03-30,376.87,376.87,364.31,364.31,515576,364.31
2012-04-02,372.7,376.87,368.5,368.5,1020647,368.5
2012-04-03,368.5,372.7,360.15,360.15,763694,360.15
2012-04-04,360.15,360.15,343.37,347.56,1207630,347.56
2012-04-05,343.37,351.76,343.37,347.56,494084,347.56
2012-04-06,347.56,351.76,343.37,343.37,442981,343.37
2012-04-09,343.37,360.15,339.18,360.15,618025,360.15
2012-04-10,360.15,360.15,347.56,347.56,505787,347.56
2012-04-11,343.37,347.56,339.18,339.18,578622,339.18
2012-04-12,339.18,347.56,339.18,347.56,547578,347.56
2012-04-13,343.37,351.76,343.37,347.56,718322,347.56
2012-04-16,347.56,347.56,335.0,335.0,660531,335.0
2012-04-17,335.0,343.37,330.8,343.37,735037,343.37
2012-04-18,343.37,347.56,339.18,343.37,434385,343.37
2012-04-19,339.18,343.37,335.0,335.0,396891,335.0
2012-04-20,335.0,339.18,330.8,335.0,337668,335.0
2012-04-23,335.0,335.0,326.62,326.62,479519,326.62
2012-04-24,322.45,330.8,318.25,318.25,910798,318.25
2012-04-25,322.45,326.62,322.45,322.45,536354,322.45
2012-04-26,326.62,330.8,326.62,330.8,339817,330.8
2012-04-27,326.62,330.8,322.45,326.62,263402,326.62
2012-05-01,326.62,326.62,318.25,318.25,246444,318.25
2012-05-02,318.25,318.25,309.88,309.88,476414,309.88
2012-05-07,301.49,301.49,288.93,288.93,809783,288.93
2012-05-08,293.13,305.7,293.13,301.49,369907,301.49
2012-05-09,297.31,301.49,288.93,288.93,382802,288.93
2012-05-10,284.75,305.7,284.75,293.13,617308,293.13
2012-05-11,293.13,293.13,276.39,280.56,868292,280.56
2012-05-14,280.56,288.93,276.39,276.39,317848,276.39
2012-05-15,268.01,276.39,247.07,268.01,1305303,268.01
2012-05-16,276.39,280.56,272.19,272.19,354864,272.19
2012-05-17,272.19,284.75,263.82,284.75,493369,284.75
2012-05-18,272.19,276.39,268.01,272.19,372056,272.19
2012-05-21,268.01,280.56,268.01,280.56,314504,280.56
2012-05-22,288.93,288.93,255.44,259.63,1620524,259.63
2012-05-23,251.25,263.82,247.07,259.63,1525958,259.63
2012-05-24,247.07,255.44,230.32,238.69,1873894,238.69
2012-05-25,238.69,242.87,234.5,238.69,717845,238.69
2012-05-28,234.5,238.69,213.57,221.95,1437123,221.95
2012-05-29,209.37,221.95,201.0,221.95,1873654,221.95
2012-05-30,217.77,238.69,217.77,230.32,998200,230.32
2012-05-31,221.95,234.5,221.95,230.32,564532,230.32
2012-06-01,226.14,234.5,221.95,226.14,655516,226.14
2012-06-04,217.77,226.14,213.57,213.57,1112589,213.57
2012-06-05,217.77,230.32,217.77,230.32,705903,230.32
2012-06-06,234.5,251.25,234.5,247.07,1075812,247.07
2012-06-07,251.25,259.63,247.07,255.44,740531,255.44
2012-06-08,251.25,268.01,242.87,263.82,1746133,263.82
2012-06-11,272.19,280.56,272.19,272.19,896948,272.19
2012-06-12,268.01,280.56,263.82,280.56,744112,280.56
2012-06-13,280.56,280.56,272.19,280.56,489069,280.56
2012-06-14,276.39,276.39,268.01,268.01,340536,268.01
2012-06-15,272.19,276.39,268.01,272.19,331220,272.19
2012-06-18,276.39,284.75,272.19,280.56,774919,280.56
2012-06-19,280.56,280.56,276.39,276.39,332176,276.39
2012-06-20,284.75,288.93,280.56,288.93,526324,288.93
2012-06-21,284.75,293.13,284.75,293.13,494801,293.13
2012-06-22,288.93,305.7,284.75,305.7,1073425,305.7
2012-06-25,305.7,309.88,297.31,309.88,609666,309.88
2012-06-26,305.7,309.88,297.31,305.7,563578,305.7
2012-06-27,301.49,314.07,297.31,314.07,639757,314.07
2012-06-28,314.07,314.07,305.7,314.07,542324,314.07
2012-06-29,309.88,322.45,305.7,314.07,696830,314.07
2012-07-02,322.45,322.45,314.07,314.07,411220,314.07
2012-07-03,314.07,318.25,314.07,314.07,268177,314.07
2012-07-04,318.25,318.25,305.7,305.7,317131,305.7
2012-07-05,305.7,309.88,288.93,293.13,707098,293.13
2012-07-06,297.31,301.49,293.13,293.13,405250,293.13
2012-07-09,293.13,293.13,284.75,284.75,372296,284.75
2012-07-10,284.75,293.13,280.56,280.56,535161,280.56
2012-07-11,280.56,280.56,272.19,276.39,330743,276.39
2012-07-12,272.19,280.56,272.19,272.19,306386,272.19
2012-07-13,272.19,288.93,272.19,284.75,520113,284.75
2012-07-17,276.39,284.75,272.19,284.75,476892,284.75
2012-07-18,284.75,284.75,272.19,276.39,330505,276.39
2012-07-19,276.39,280.56,276.39,280.56,95282,280.56
2012-07-20,280.56,280.56,272.19,272.19,160237,272.19
2012-07-23,272.19,272.19,255.44,255.44,602502,255.44
2012-07-24,255.44,259.63,251.25,259.63,497428,259.63
2012-07-25,259.63,263.82,251.25,251.25,405967,251.25
2012-07-26,255.44,268.01,251.25,259.63,475219,259.63
2012-07-27,263.82,272.19,263.82,272.19,305193,272.19
2012-07-30,284.75,284.75,276.39,280.56,339817,280.56
2012-07-31,276.39,280.56,272.19,280.56,283937,280.56
2012-08-01,280.56,280.56,272.19,280.56,357490,280.56
2012-08-02,280.56,284.75,280.56,284.75,260774,284.75
2012-08-03,276.39,280.56,272.19,276.39,279879,276.39
2012-08-06,280.56,280.56,263.82,263.82,282982,263.82
2012-08-07,251.25,259.63,251.25,259.63,659338,259.63
2012-08-08,255.44,268.01,255.44,263.82,571936,263.82
2012-08-09,259.63,263.82,255.44,255.44,362744,255.44
2012-08-10,255.44,259.63,251.25,259.63,202983,259.63
2012-08-13,259.63,263.82,255.44,259.63,116776,259.63
2012-08-14,259.63,268.01,259.63,268.01,323579,268.01
2012-08-15,268.01,276.39,263.82,272.19,480473,272.19
2012-08-16,272.19,272.19,263.82,272.19,122028,272.19
2012-08-17,272.19,272.19,268.01,268.01,189849,268.01
2012-08-20,268.01,272.19,263.82,263.82,224713,263.82
2012-08-21,268.01,272.19,263.82,263.82,279879,263.82
2012-08-22,263.82,263.82,259.63,263.82,205371,263.82
2012-08-23,259.63,263.82,255.44,255.44,201550,255.44
2012-08-24,255.44,259.63,242.87,242.87,621129,242.87
2012-08-27,242.87,247.07,238.69,242.87,427937,242.87
2012-08-28,238.69,238.69,226.14,230.32,585786,230.32
2012-08-29,226.14,234.5,226.14,230.32,510324,230.32
2012-08-30,234.5,234.5,221.95,221.95,649307,221.95
2012-08-31,217.77,221.95,213.57,217.77,456114,217.77
2012-09-03,217.77,217.77,209.37,213.57,691337,213.57
2012-09-04,226.14,230.32,209.37,221.95,1748998,221.95
2012-09-05,217.77,221.95,209.37,213.57,621129,213.57
2012-09-06,209.37,213.57,201.0,205.18,987215,205.18
2012-09-07,209.37,213.57,205.18,205.18,607995,205.18
2012-09-10,205.18,209.37,201.0,205.18,935156,205.18
2012-09-11,205.18,205.18,201.0,205.18,512472,205.18
2012-09-12,205.18,209.37,201.0,205.18,542084,205.18
2012-09-13,205.18,213.57,201.0,209.37,1040229,209.37
2012-09-14,213.57,221.95,213.57,213.57,739576,213.57
2012-09-18,217.77,230.32,217.77,230.32,801902,230.32
2012-09-19,234.5,234.5,221.95,226.14,676055,226.14
2012-09-20,221.95,230.32,221.95,221.95,489309,221.95
2012-09-21,221.95,221.95,209.37,213.57,961186,213.57
2012-09-24,209.37,213.57,205.18,209.37,487636,209.37
2012-09-25,205.18,209.37,201.0,201.0,898380,201.0
2012-09-26,187.6,197.64,184.25,194.3,1122855,194.3
2012-09-27,191.78,194.3,188.44,192.62,808589,192.62
2012-09-28,191.78,195.13,187.6,189.27,687874,189.27
2012-10-01,188.44,189.27,180.07,183.41,691457,183.41
2012-10-02,181.74,187.6,180.89,182.56,667098,182.56
2012-10-03,184.25,185.93,182.56,183.41,385071,183.41
2012-10-04,183.41,192.62,183.41,190.1,598682,190.1
2012-10-05,189.27,192.62,185.09,187.6,400950,187.6
2012-10-09,185.93,186.76,181.74,181.74,337549,181.74
2012-10-10,180.07,180.07,175.06,175.06,534204,175.06
2012-10-11,172.53,175.87,171.69,171.69,518800,171.69
2012-10-12,171.69,175.06,170.84,171.69,431042,171.69
2012-10-15,171.69,176.71,170.84,175.06,374563,175.06
2012-10-16,176.71,183.41,176.71,182.56,331220,182.56
2012-10-17,184.25,188.44,182.56,188.44,369309,188.44
2012-10-18,186.76,188.44,181.74,182.56,323818,182.56
2012-10-19,183.41,185.09,182.56,184.25,172893,184.25
2012-10-22,182.56,185.93,180.89,185.09,331700,185.09
2012-10-23,186.76,187.6,183.41,183.41,341252,183.41
2012-10-24,186.76,195.97,183.41,190.95,940051,190.95
2012-10-25,190.95,208.53,190.95,206.87,1373241,206.87
2012-10-26,207.7,208.53,199.33,202.67,862678,202.67
2012-10-29,205.18,208.53,201.83,202.67,454801,202.67
2012-10-30,203.51,204.35,198.5,199.33,361547,199.33
2012-10-31,201.0,205.18,200.16,203.51,444056,203.51
2012-11-01,204.35,205.18,201.83,203.51,259101,203.51
2012-11-02,203.51,204.35,201.83,203.51,373489,203.51
2012-11-05,202.67,202.67,198.5,200.16,293730,200.16
2012-11-06,191.78,192.62,187.6,187.6,513189,187.6
2012-11-07,190.1,190.1,184.25,185.09,629726,185.09
2012-11-08,180.07,183.41,178.38,182.56,437011,182.56
2012-11-09,180.07,180.89,179.23,179.23,331818,179.23
2012-11-12,177.54,178.38,175.87,175.87,283937,175.87
2012-11-13,176.71,184.25,176.71,183.41,345310,183.41
2012-11-14,184.25,188.44,181.74,187.6,412414,187.6
2012-11-15,192.62,197.64,191.78,197.64,740531,197.64
2012-11-16,197.64,201.83,195.97,201.0,495160,201.0
2012-11-20,202.67,203.51,197.64,200.16,364415,200.16
2012-11-21,200.16,201.83,195.97,196.81,437966,196.81
2012-11-22,201.0,201.0,198.5,201.0,407520,201.0
2012-11-26,201.0,202.67,197.64,198.5,522742,198.5
2012-11-27,198.5,204.35,197.64,203.51,1498853,203.51
2012-11-28,203.51,203.51,194.3,195.97,878917,195.97
2012-11-29,196.81,201.83,195.97,199.33,785664,199.33
2012-11-30,202.67,213.57,201.0,211.9,1564285,211.9
2012-12-03,216.91,222.78,213.57,220.26,1907325,220.26
2012-12-04,218.59,221.11,215.24,217.77,824470,217.77
2012-12-05,215.24,219.43,215.24,217.77,508773,217.77
2012-12-06,220.26,226.14,218.59,225.31,1097542,225.31
2012-12-07,225.31,231.99,225.31,231.16,1123452,231.16
2012-12-10,237.86,238.69,226.14,228.64,1170497,228.64
2012-12-11,225.31,226.96,216.08,222.78,1070318,222.78
2012-12-12,226.96,234.5,226.14,231.99,994258,231.99
2012-12-13,231.99,231.99,227.8,230.32,746142,230.32
2012-12-14,224.45,231.99,224.45,231.16,1118319,231.16
2012-12-17,237.86,238.69,231.16,231.99,895037,231.99
2012-12-18,233.66,245.4,231.99,244.57,1469957,244.57
2012-12-19,249.58,263.82,247.07,262.98,2295382,262.98
2012-12-20,257.97,263.82,251.25,257.97,1378376,257.97
2012-12-21,262.13,262.98,241.21,252.92,1362137,252.92
2012-12-25,257.97,259.63,253.77,255.44,844052,255.44
2012-12-26,255.44,261.3,255.44,260.47,833904,260.47
2012-12-27,264.66,265.48,258.79,259.63,961186,259.63
2012-12-28,261.3,261.3,251.25,255.44,789007,255.44
2013-01-04,257.97,261.3,253.77,257.12,852051,257.12
2013-01-07,258.79,265.48,256.27,262.13,1440226,262.13
2013-01-08,262.98,274.69,260.47,266.32,1923804,266.32
2013-01-09,263.82,273.03,257.97,272.19,1225660,272.19
2013-01-10,275.54,278.05,271.36,274.69,1091452,274.69
2013-01-11,276.39,277.22,269.68,272.19,854679,272.19
2013-01-15,273.03,274.69,268.01,270.52,833904,270.52
2013-01-16,271.36,275.54,264.66,266.32,1060050,266.32
2013-01-17,267.16,269.68,252.92,257.97,1013125,257.97
2013-01-18,264.66,266.32,259.63,262.13,547698,262.13
2013-01-21,262.13,264.66,254.6,261.3,506263,261.3
2013-01-22,261.3,262.98,255.44,257.97,578502,257.97
2013-01-23,256.27,257.12,244.57,245.4,746620,245.4
2013-01-24,245.4,253.77,245.4,252.1,612531,252.1
2013-01-25,253.77,255.44,250.43,252.92,421968,252.92
2013-01-28,258.79,258.79,249.58,252.1,407399,252.1
2013-01-29,249.58,253.77,247.07,247.07,620889,247.07
2013-01-30,246.22,257.12,244.57,253.77,1081183,253.77
2013-01-31,257.12,257.12,249.58,254.6,563578,254.6
2013-02-01,255.44,257.12,250.43,251.25,521309,251.25
2013-02-04,255.44,257.12,251.25,252.1,440713,252.1
2013-02-05,252.92,253.77,247.89,247.89,448236,247.89
2013-02-06,251.25,252.92,250.43,252.1,442741,252.1
2013-02-07,250.43,255.44,247.89,254.6,731932,254.6
2013-02-08,254.6,256.27,251.25,252.1,458504,252.1
2013-02-12,252.92,256.27,249.58,250.43,538980,250.43
2013-02-13,250.43,250.43,238.69,241.21,678802,241.21
2013-02-14,239.53,245.4,236.18,240.37,530981,240.37
2013-02-15,240.37,240.37,228.64,235.34,636175,235.34
2013-02-18,231.16,242.87,231.16,242.87,597248,242.87
2013-02-19,245.4,250.43,240.37,247.07,431160,247.07
2013-02-20,247.07,247.89,243.71,245.4,248833,245.4
2013-02-21,242.04,247.89,242.04,245.4,302208,245.4
2013-02-22,244.57,246.22,240.37,244.57,285131,244.57
2013-02-25,247.07,247.89,243.71,246.22,289312,246.22
2013-02-26,239.53,244.57,239.53,241.21,192117,241.21
2013-02-27,242.87,252.1,242.04,247.89,663875,247.89
2013-02-28,247.89,249.58,244.57,248.75,403220,248.75
2013-03-01,249.58,251.25,245.4,246.22,440713,246.22
2013-03-04,246.22,250.43,246.22,248.75,354266,248.75
2013-03-05,247.89,249.58,246.22,246.22,210387,246.22
2013-03-06,247.07,251.25,247.07,250.43,339339,250.43
2013-03-07,251.25,259.63,248.75,258.79,1381720,258.79
2013-03-08,259.63,259.63,256.27,257.12,709127,257.12
2013-03-11,257.97,266.32,257.12,263.82,741248,263.82
2013-03-12,266.32,266.32,257.12,259.63,620174,259.63
2013-03-13,256.27,260.47,255.44,257.12,259818,257.12
2013-03-14,256.27,256.27,249.58,252.92,395699,252.92
2013-03-15,252.1,255.44,251.25,252.92,597127,252.92
2013-03-18,250.43,252.1,249.58,249.58,273549,249.58
2013-03-19,254.6,254.6,250.43,250.43,214088,250.43
2013-03-21,251.25,257.12,251.25,255.44,518800,255.44
2013-03-22,253.77,257.97,249.58,249.58,471519,249.58
2013-03-25,252.92,253.77,247.89,247.89,290386,247.89
2013-03-26,248.75,250.43,247.89,248.75,275101,248.75
2013-03-27,247.89,250.43,245.4,248.75,272236,248.75
2013-03-28,248.75,248.75,239.53,242.04,476652,242.04
2013-03-29,242.87,242.87,234.5,234.5,364771,234.5
2013-04-01,236.18,236.18,228.64,228.64,282027,228.64
2013-04-02,226.14,231.99,221.11,229.47,389847,229.47
2013-04-03,232.83,234.5,224.45,226.96,450863,226.96
2013-04-04,224.45,234.5,223.62,233.66,394027,233.66
2013-04-05,238.69,241.21,232.83,233.66,400235,233.66
2013-04-08,239.53,250.43,237.86,249.58,581488,249.58
2013-04-09,251.25,252.92,248.75,250.43,461130,250.43
2013-04-10,248.75,252.92,247.07,252.1,441309,252.1
2013-04-11,255.44,255.44,246.22,247.89,543279,247.89
2013-04-12,247.89,249.58,244.57,245.4,311520,245.4
2013-04-15,245.4,247.89,241.21,242.04,375637,242.04
2013-04-16,235.34,237.86,233.66,235.34,728352,235.34
2013-04-17,237.02,240.37,236.18,239.53,374443,239.53
2013-04-18,239.53,240.37,236.18,236.18,380772,236.18
2013-04-19,237.02,237.86,234.5,237.02,339817,237.02
2013-04-22,240.37,247.07,239.53,246.22,684292,246.22
2013-04-23,247.89,254.6,246.22,252.92,960947,252.92
2013-04-24,254.6,254.6,247.89,248.75,563339,248.75
2013-04-25,247.07,248.75,242.87,247.07,725485,247.07
2013-04-26,247.89,249.58,243.71,245.4,463398,245.4
2013-04-30,244.57,248.75,244.57,247.07,319756,247.07
2013-05-01,246.22,247.89,244.57,246.22,338146,246.22
2013-05-02,244.57,245.4,242.87,244.57,288355,244.57
2013-05-07,247.89,252.1,247.07,249.58,456114,249.58
2013-05-08,251.25,259.63,250.43,256.27,1396407,256.27
2013-05-09,257.97,258.79,252.1,252.92,548173,252.92
2013-05-10,255.44,257.12,248.75,251.25,643936,251.25
2013-05-13,252.92,255.44,251.25,252.1,376714,252.1
2013-05-14,252.92,261.3,251.25,258.79,1212407,258.79
2013-05-15,261.3,262.13,243.71,250.43,1297182,250.43
2013-05-16,248.75,250.43,237.86,242.04,922022,242.04
2013-05-17,242.04,252.92,241.21,250.43,632471,250.43
2013-05-20,252.1,253.77,249.58,250.43,435459,250.43
2013-05-21,250.43,251.25,246.22,247.07,486443,247.07
2013-05-22,247.07,253.77,247.07,252.92,744232,252.92
2013-05-23,253.77,253.77,233.66,235.34,1362614,235.34
2013-05-24,235.34,238.69,228.64,233.66,882739,233.66
2013-05-27,231.99,231.99,221.95,222.78,662682,222.78
2013-05-28,221.95,224.45,214.41,221.95,457071,221.95
2013-05-29,228.64,232.83,224.45,228.64,462445,228.64
2013-05-30,226.96,231.16,223.62,223.62,509488,223.62
2013-05-31,224.45,226.14,217.77,221.95,505549,221.95
2013-06-03,217.77,218.59,211.06,212.73,518800,212.73
2013-06-04,208.53,214.41,203.51,213.57,574324,213.57
2013-06-05,216.08,226.14,211.06,212.73,749606,212.73
2013-06-06,206.87,212.73,194.3,195.97,819814,195.97
2013-06-07,191.78,194.3,185.93,190.1,808231,190.1
2013-06-10,198.5,209.37,198.5,208.53,383877,208.53
2013-06-11,204.35,207.7,203.51,204.35,316416,204.35
2013-06-12,201.0,203.51,196.81,202.67,242504,202.67
2013-06-13,198.5,199.33,194.3,196.81,295400,196.81
2013-06-14,201.0,202.67,195.13,195.97,473430,195.97
2013-06-17,196.81,204.35,196.81,204.35,259938,204.35
2013-06-18,206.87,206.87,201.83,204.35,167282,204.35
2013-06-19,206.02,206.87,201.83,203.51,321311,203.51
2013-06-20,201.83,204.35,199.33,200.16,280476,200.16
2013-06-21,197.64,198.5,192.62,196.81,470564,196.81
2013-06-24,199.33,200.16,196.81,197.64,200834,197.64
2013-06-25,199.33,199.33,193.46,195.13,202148,195.13
2013-06-26,197.64,197.64,188.44,188.44,272475,188.44
2013-06-27,188.44,190.95,184.25,190.95,304952,190.95
2013-06-28,194.3,197.64,192.62,197.64,263281,197.64
2013-07-01,198.5,201.0,195.97,200.16,209550,200.16
2013-07-02,202.67,206.87,202.67,206.87,369907,206.87
2013-07-03,206.87,208.53,205.18,206.02,201908,206.02
2013-07-04,206.87,207.7,205.18,207.7,102208,207.7
2013-07-05,209.37,217.77,209.37,216.91,586145,216.91
2013-07-08,221.11,225.31,213.57,213.57,579935,213.57
2013-07-09,218.59,219.43,213.57,217.77,334923,217.77
2013-07-10,218.59,221.11,216.08,216.91,241311,216.91
2013-07-11,215.24,221.11,213.57,219.43,277610,219.43
2013-07-12,221.11,221.95,217.77,221.95,262325,221.95
2013-07-16,221.95,222.78,219.43,220.26,241193,220.26
2013-07-17,218.59,221.11,217.77,220.26,174925,220.26
2013-07-18,221.95,221.95,219.43,220.26,247282,220.26
2013-07-19,218.59,220.26,214.41,216.08,395461,216.08
2013-07-22,216.91,219.43,216.08,217.77,210744,217.77
2013-07-23,217.77,219.43,215.24,218.59,179819,218.59
2013-07-24,217.77,217.77,213.57,213.57,180298,213.57
2013-07-25,215.24,216.91,210.21,211.9,260893,211.9
2013-07-26,210.21,210.21,208.53,208.53,160357,208.53
2013-07-29,203.51,204.35,197.64,197.64,292536,197.64
2013-07-30,197.64,206.02,197.64,203.51,157132,203.51
2013-07-31,202.67,205.18,200.16,200.16,206087,200.16
2013-08-01,201.0,204.35,198.5,204.35,174568,204.35
2013-08-02,205.18,206.87,202.67,206.87,195222,206.87
2013-08-05,208.53,211.9,206.87,207.7,270326,207.7
2013-08-06,206.87,207.7,204.35,206.87,151999,206.87
2013-08-07,203.51,206.02,203.51,203.51,178029,203.51
2013-08-08,203.51,206.87,198.5,206.87,252059,206.87
2013-08-09,203.51,203.51,199.33,200.16,374803,200.16
2013-08-12,198.5,200.16,196.81,197.64,179223,197.64
2013-08-13,200.16,201.83,195.97,200.16,196057,200.16
2013-08-14,201.0,201.0,197.64,201.0,135163,201.0
2013-08-15,199.33,200.16,198.5,198.5,80596,198.5
2013-08-16,196.81,199.33,196.81,197.64,100298,197.64
2013-08-19,197.64,203.51,197.64,202.67,163701,202.67
2013-08-20,200.16,203.51,198.5,199.33,169670,199.33
2013-08-21,198.5,201.0,195.97,196.81,196296,196.81
2013-08-22,196.81,199.33,195.97,197.64,149252,197.64
2013-08-23,201.0,201.0,197.64,200.16,129791,200.16
2013-08-26,201.83,204.35,201.83,203.51,166088,203.51
2013-08-27,201.83,203.51,201.0,201.83,152953,201.83
2013-08-28,198.5,199.33,195.13,198.5,224355,198.5
2013-08-29,197.64,197.64,195.13,195.97,115939,195.97
2013-08-30,195.97,196.81,192.62,192.62,176358,192.62
2013-09-02,195.97,195.97,194.3,195.13,118566,195.13
2013-09-03,196.81,202.67,196.81,202.67,269967,202.67
2013-09-04,202.67,206.02,201.0,203.51,306983,203.51
2013-09-05,204.35,206.87,201.83,202.67,221252,202.67
2013-09-06,203.51,203.51,199.33,201.0,185191,201.0
2013-09-09,222.78,223.62,215.24,216.91,986858,216.91
2013-09-10,221.95,252.1,220.26,246.22,3344806,246.22
2013-09-11,252.92,253.77,234.5,237.86,1924401,237.86
2013-09-12,235.34,246.22,235.34,245.4,938498,245.4
2013-09-13,245.4,249.58,242.04,247.89,1088945,247.89
2013-09-17,253.77,268.01,253.77,265.48,2797946,265.48
2013-09-18,262.98,263.82,246.22,256.27,1551628,256.27
2013-09-19,257.12,268.01,257.12,267.16,1464942,267.16
2013-09-20,267.16,267.16,260.47,266.32,1171213,266.32
2013-09-24,267.16,278.89,265.48,268.84,1572166,268.84
2013-09-25,266.32,271.36,255.44,257.12,816471,257.12
2013-09-26,253.77,269.68,252.1,268.84,1005603,268.84
2013-09-27,270.52,274.69,268.01,273.03,1138260,273.03
2013-09-30,266.32,273.03,264.66,265.48,635694,265.48
2013-10-01,266.32,275.54,264.66,271.36,1308765,271.36
2013-10-02,272.19,279.73,268.01,268.84,1201302,268.84
2013-10-03,266.32,273.03,265.48,269.68,670442,269.68
2013-10-04,268.01,268.01,256.27,258.79,622919,258.79
2013-10-07,255.44,257.97,247.07,251.25,585190,251.25
2013-10-08,247.07,258.79,247.07,257.12,464354,257.12
2013-10-09,253.77,264.66,253.77,263.82,307579,263.82
2013-10-10,264.66,265.48,257.12,259.63,325968,259.63
2013-10-11,262.98,263.82,257.12,261.3,368594,261.3
2013-10-15,259.63,263.82,255.44,257.97,359280,257.97
2013-10-16,256.27,258.79,255.44,256.27,263041,256.27
2013-10-17,259.63,260.47,256.27,256.27,230445,256.27
2013-10-18,256.27,262.13,256.27,260.47,368952,260.47
2013-10-21,261.3,261.3,256.27,257.97,227939,257.97
2013-10-22,261.3,264.66,258.79,262.13,433907,262.13
2013-10-23,262.98,266.32,257.12,257.97,486564,257.97
2013-10-24,258.79,269.68,257.12,269.68,567996,269.68
2013-10-25,269.68,269.68,264.66,266.32,404652,266.32
2013-10-28,269.68,278.89,268.84,278.05,1184346,278.05
2013-10-29,278.89,287.27,274.69,285.58,2587199,285.58
2013-10-30,292.28,296.48,286.43,288.93,2364636,288.93
2013-10-31,284.75,294.8,283.09,289.78,1313778,289.78
2013-11-01,290.62,291.45,285.58,290.62,1159990,290.62
2013-11-05,293.13,296.48,292.28,293.13,905424,293.13
2013-11-06,296.48,304.01,288.93,301.49,2128816,301.49
2013-11-07,302.34,313.22,301.49,306.53,2112219,306.53
2013-11-08,303.18,329.14,301.49,327.47,3663249,327.47
2013-11-11,329.14,333.34,311.55,314.07,1902312,314.07
2013-11-12,305.7,309.88,296.48,302.34,1441777,302.34
2013-11-13,304.84,305.7,296.48,296.48,922859,296.48
2013-11-14,296.48,304.01,296.48,301.49,848710,301.49
2013-11-15,306.53,306.53,293.96,298.98,725843,298.98
2013-11-18,300.67,300.67,295.65,298.98,532533,298.98
2013-11-19,297.31,301.49,295.65,299.83,504355,299.83
2013-11-20,300.67,303.18,297.31,301.49,363698,301.49
2013-11-21,302.34,304.84,297.31,302.34,458145,302.34
2013-11-22,304.01,304.01,297.31,299.83,391278,299.83
2013-11-25,301.49,301.49,295.65,298.15,382086,298.15
2013-11-26,297.31,301.49,296.48,296.48,403100,296.48
2013-11-27,296.48,297.31,284.75,286.43,698859,286.43
2013-11-28,286.43,290.62,285.58,288.93,327759,288.93
2013-11-29,286.43,290.62,286.43,289.78,314266,289.78
2013-12-02,287.27,299.83,287.27,296.48,619458,296.48
2013-12-03,297.31,304.84,297.31,301.49,645606,301.49
2013-12-04,301.49,305.7,298.15,298.15,757007,298.15
2013-12-05,297.31,302.34,291.45,292.28,422802,292.28
2013-12-06,289.78,294.8,287.27,294.8,359759,294.8
2013-12-09,300.67,300.67,291.45,293.13,229968,293.13
2013-12-10,293.13,293.13,286.43,287.27,327638,287.27
2013-12-11,286.43,293.96,285.58,292.28,339100,292.28
2013-12-12,288.93,290.62,285.58,285.58,209669,285.58
2013-12-13,284.75,286.43,278.05,280.56,621725,280.56
2013-12-16,278.05,278.89,269.68,271.36,403696,271.36
2013-12-17,272.19,277.22,271.36,276.39,194148,276.39
2013-12-18,273.87,279.73,273.87,279.73,183282,279.73
2013-12-19,280.56,282.24,273.87,275.54,388055,275.54
2013-12-20,275.54,276.39,268.84,272.19,381728,272.19
2013-12-24,271.36,275.54,268.01,268.01,441787,268.01
2013-12-25,268.01,286.43,268.01,285.58,887633,285.58
2013-12-26,290.62,301.49,289.78,299.83,632112,299.83
2013-12-27,301.49,304.84,293.13,304.84,468055,304.84
2013-12-30,309.88,312.38,306.53,311.55,641188,311.55
2014-01-06,306.53,309.05,303.18,305.7,432235,305.7
2014-01-07,306.53,309.05,303.18,304.01,250984,304.01
2014-01-08,307.36,312.38,306.53,312.38,346743,312.38
2014-01-09,313.22,314.07,307.36,311.55,319402,311.55
2014-01-10,305.7,309.88,304.01,308.2,559279,308.2
2014-01-14,302.34,302.34,297.31,298.98,363938,298.98
2014-01-15,302.34,302.34,298.98,300.67,263281,300.67
2014-01-16,300.67,301.49,296.48,296.48,312714,296.48
2014-01-17,301.49,307.36,301.49,305.7,631159,305.7
2014-01-20,306.53,308.2,304.01,305.7,509607,305.7
2014-01-21,309.88,316.57,309.88,312.38,863396,312.38
2014-01-22,312.38,321.6,310.71,319.93,768351,319.93
2014-01-23,321.6,322.45,308.2,311.55,796412,311.55
2014-01-24,304.84,309.88,301.49,303.18,643576,303.18
2014-01-27,298.15,306.53,295.65,301.49,591398,301.49
2014-01-28,300.67,308.2,299.83,302.34,466982,302.34
2014-01-29,304.84,311.55,304.01,309.88,366445,309.88
2014-01-30,304.01,310.71,301.49,309.88,578025,309.88
2014-01-31,314.07,314.9,305.7,309.88,784589,309.88
2014-02-03,307.36,310.71,300.67,304.01,742799,304.01
2014-02-04,293.13,302.34,285.58,288.93,1158557,288.93
2014-02-05,291.45,301.49,286.43,299.83,709487,299.83
2014-02-06,301.49,314.07,299.83,309.88,663636,309.88
2014-02-07,317.4,317.4,310.71,317.4,736470,317.4
2014-02-10,305.7,307.36,290.62,291.45,1575509,291.45
2014-02-12,294.8,295.65,286.43,290.62,867813,290.62
2014-02-13,293.96,294.8,284.75,285.58,840350,285.58
2014-02-14,286.43,291.45,277.22,281.4,594741,281.4
2014-02-17,282.24,295.65,281.4,290.62,451339,290.62
2014-02-18,289.78,293.96,286.43,292.28,337788,292.28
2014-02-19,293.13,293.13,285.58,286.43,324176,286.43
2014-02-20,288.1,288.93,278.89,280.56,456114,280.56
2014-02-21,283.09,286.43,281.4,285.58,264237,285.58
2014-02-24,284.75,288.93,279.73,282.24,264954,282.24
2014-02-25,285.58,291.45,285.58,289.78,362863,289.78
2014-02-26,287.27,288.93,283.92,284.75,197849,284.75
2014-02-27,284.75,285.58,278.89,280.56,301728,280.56
2014-02-28,280.56,282.24,276.39,280.56,381251,280.56
2014-03-03,278.05,281.4,272.19,279.73,391159,279.73
2014-03-04,275.54,281.4,275.54,280.56,333608,280.56
2014-03-05,283.09,285.58,280.56,283.09,267580,283.09
2014-03-06,278.89,286.43,274.69,286.43,508534,286.43
2014-03-07,286.43,290.62,285.58,286.43,310682,286.43
2014-03-10,293.13,314.07,293.13,306.53,4406885,306.53
2014-03-11,304.84,310.71,304.01,307.36,1017184,307.36
2014-03-12,304.01,305.7,300.67,302.34,789246,302.34
2014-03-13,299.83,302.34,298.98,301.49,319281,301.49
2014-03-14,294.8,298.98,293.13,294.8,727039,294.8
2014-03-17,291.45,293.13,283.09,283.92,554741,283.92
2014-03-18,293.13,295.65,288.93,293.96,272713,293.96
2014-03-19,292.28,294.8,286.43,288.93,364533,288.93
2014-03-20,287.27,290.62,279.73,279.73,327638,279.73
2014-03-24,280.56,300.67,280.56,299.83,637965,299.83
2014-03-25,304.84,305.7,298.98,302.34,578025,302.34
2014-03-26,303.18,305.7,300.67,304.01,290863,304.01
2014-03-27,297.31,304.01,289.78,303.18,384832,303.18
2014-03-28,303.18,304.01,298.15,303.18,259341,303.18
2014-03-31,302.34,304.84,299.83,304.01,287757,304.01
2014-04-01,305.7,313.22,302.34,312.38,733605,312.38
2014-04-02,313.22,314.07,308.2,308.2,356177,308.2
2014-04-03,309.05,311.55,306.53,309.05,316893,309.05
2014-04-04,309.05,315.74,307.36,311.55,490263,311.55
2014-04-07,307.36,311.55,304.84,305.7,273789,305.7
2014-04-08,303.18,304.01,296.48,299.83,236296,299.83
2014-04-09,297.31,298.15,291.45,291.45,245967,291.45
2014-04-10,294.8,301.49,291.45,291.45,414802,291.45
2014-04-11,283.92,288.93,282.24,287.27,237490,287.27
2014-04-14,286.43,290.62,283.09,286.43,145551,286.43
2014-04-15,288.93,292.28,286.43,290.62,176358,290.62
2014-04-16,290.62,298.98,290.62,298.15,141491,298.15
2014-04-17,298.15,303.18,297.31,299.83,142567,299.83
2014-04-18,300.67,303.18,298.15,303.18,150207,303.18
2014-04-21,299.83,306.53,299.83,301.49,280595,301.49
2014-04-22,301.49,307.36,298.98,300.67,235103,300.67
2014-04-23,302.34,308.2,300.67,304.84,244178,304.84
2014-04-24,305.7,310.71,303.18,305.7,365489,305.7
2014-04-25,308.2,314.07,304.01,313.22,538264,313.22
2014-04-28,309.05,309.88,304.01,306.53,169908,306.53
2014-04-30,308.2,309.05,302.34,303.18,127999,303.18
2014-05-01,301.49,306.53,290.62,301.49,575518,301.49
2014-05-02,301.49,305.7,299.83,303.18,129671,303.18
2014-05-07,298.98,299.83,293.13,293.13,246684,293.13
2014-05-08,294.8,294.8,284.75,285.58,317131,285.58
2014-05-09,287.27,292.28,283.92,285.58,334444,285.58
2014-05-12,287.27,292.28,281.4,281.4,270207,281.4
2014-05-13,287.27,287.27,283.09,285.58,225669,285.58
2014-05-14,284.75,285.58,278.89,279.73,469129,279.73
2014-05-15,278.89,291.45,277.22,288.93,603935,288.93
2014-05-16,285.58,286.43,277.22,281.4,369788,281.4
2014-05-19,279.73,282.24,274.69,275.54,184953,275.54
2014-05-20,278.05,281.4,275.54,276.39,169550,276.39
2014-05-21,275.54,276.39,273.87,276.39,115342,276.39
2014-05-22,277.22,280.56,275.54,280.56,183401,280.56
2014-05-23,283.92,284.75,279.73,283.09,135641,283.09
2014-05-26,288.1,288.93,285.58,287.27,163104,287.27
2014-05-27,288.1,291.45,287.27,288.93,178148,288.93
2014-05-28,289.78,296.48,289.78,293.13,396176,293.13
2014-05-29,293.13,298.15,293.13,295.65,238327,295.65
2014-05-30,295.65,298.15,294.8,297.31,296118,297.31
2014-06-02,298.98,299.83,295.65,296.48,152716,296.48
2014-06-03,296.48,298.15,293.96,295.65,290626,295.65
2014-06-04,294.8,297.31,293.96,297.31,232952,297.31
2014-06-05,296.48,304.01,296.48,303.18,339460,303.18
2014-06-06,302.34,309.05,300.67,308.2,525727,308.2
2014-06-09,308.2,309.88,305.7,306.53,494801,306.53
2014-06-10,304.84,309.05,295.65,302.34,489787,302.34
2014-06-11,298.15,308.2,298.15,308.2,226744,308.2
2014-06-12,305.7,307.36,302.34,306.53,197252,306.53
2014-06-13,306.53,306.53,298.98,306.53,342922,306.53
2014-06-16,305.7,309.05,304.84,306.53,288594,306.53
2014-06-17,305.7,307.36,301.49,302.34,167760,302.34
2014-06-18,302.34,309.88,300.67,309.05,292295,309.05
2014-06-19,309.05,311.55,307.36,310.71,415041,310.71
2014-06-20,311.55,315.74,309.88,314.07,676889,314.07
2014-06-23,311.55,314.9,309.05,310.71,319638,310.71
2014-06-24,308.2,313.22,306.53,311.55,203939,311.55
2014-06-25,313.22,314.07,309.88,312.38,256116,312.38
2014-06-26,314.07,314.9,311.55,313.22,174686,313.22
2014-06-27,310.71,312.38,303.18,310.71,247998,310.71
2014-06-30,312.38,319.93,312.38,318.25,739337,318.25
2014-07-01,319.93,321.6,318.25,320.76,318207,320.76
2014-07-02,321.6,321.6,318.25,318.25,255281,318.25
2014-07-03,318.25,319.93,315.74,317.4,298623,317.4
2014-07-04,315.74,319.1,312.38,318.25,212296,318.25
2014-07-07,319.93,323.27,318.25,319.93,333132,319.93
2014-07-08,317.4,324.95,315.74,321.6,356415,321.6
2014-07-09,316.57,317.4,311.55,315.74,175640,315.74
2014-07-10,317.4,318.25,310.71,311.55,228178,311.55
2014-07-11,309.88,314.07,308.2,313.22,162267,313.22
2014-07-14,314.07,321.6,312.38,318.25,203462,318.25
2014-07-15,320.76,322.45,316.57,316.57,189252,316.57
2014-07-16,315.74,321.6,315.74,318.25,215043,318.25
2014-07-17,319.93,326.62,319.93,326.62,685726,326.62
2014-07-18,323.27,331.64,320.76,322.45,780411,322.45
2014-07-22,328.29,335.83,328.29,335.83,799993,335.83
2014-07-23,336.67,349.24,336.67,343.37,1068050,343.37
2014-07-24,339.18,341.71,336.67,340.02,358087,340.02
2014-07-25,343.37,355.1,343.37,350.91,781844,350.91
2014-07-28,350.91,359.29,347.56,351.76,587457,351.76
2014-07-29,355.1,359.29,351.76,355.95,495997,355.95
2014-07-30,355.1,361.81,351.76,360.15,661608,360.15
2014-07-31,360.97,363.48,359.29,360.15,582920,360.15
2014-08-01,355.1,362.64,354.27,360.15,578384,360.15
2014-08-04,361.81,374.37,360.97,368.5,714144,368.5
2014-08-05,376.87,383.59,374.37,376.05,933725,376.05
2014-08-06,371.02,375.21,366.83,371.86,829606,371.86
2014-08-07,373.53,386.09,371.02,385.26,877245,385.26
2014-08-08,390.28,405.36,382.74,386.09,1647985,386.09
2014-08-11,393.62,394.48,380.23,381.9,670920,381.9
2014-08-12,385.26,396.97,384.42,391.12,701009,391.12
2014-08-13,391.12,412.88,385.26,408.7,1303390,408.7
2014-08-14,409.54,426.29,409.54,423.78,1379569,423.78
2014-08-15,425.45,432.15,418.75,421.28,1614313,421.28
2014-08-18,421.28,430.49,411.22,427.96,936946,427.96
2014-08-19,429.65,429.65,420.43,423.78,497070,423.78
2014-08-20,420.43,432.15,413.74,422.94,1192228,422.94
2014-08-21,422.94,425.45,415.4,419.58,621368,419.58
2014-08-22,417.93,418.75,397.82,398.66,1396884,398.66
2014-08-25,404.52,413.74,399.49,411.22,753307,411.22
2014-08-26,409.54,427.13,407.87,422.94,993184,422.94
2014-08-27,420.43,437.19,418.75,436.34,1430554,436.34
2014-08-28,432.15,436.34,426.29,433.83,667219,433.83
2014-08-29,431.32,433.83,425.45,430.49,737545,430.49
2014-09-01,426.29,444.72,426.29,444.72,1165481,444.72
2014-09-02,444.72,444.72,431.32,434.67,882977,434.67
2014-09-03,436.34,438.85,427.96,430.49,741725,430.49
2014-09-04,428.8,432.15,415.4,417.08,753545,417.08
2014-09-05,418.75,424.61,412.88,420.43,639039,420.43
2014-09-08,420.43,434.67,417.08,432.98,738860,432.98
2014-09-09,432.15,435.5,423.78,427.13,548771,427.13
2014-09-10,426.29,434.67,419.58,432.15,1036290,432.15
2014-09-11,429.65,431.32,414.56,416.24,990201,416.24
2014-09-12,418.75,424.61,412.88,417.93,833425,417.93
2014-09-16,414.56,422.94,406.18,413.74,458504,413.74
2014-09-17,413.74,417.08,407.87,409.54,207161,409.54
2014-09-18,407.87,409.54,398.66,402.01,536592,402.01
2014-09-19,402.01,405.36,395.3,399.49,427698,399.49
2014-09-22,398.66,408.7,396.14,407.03,587457,407.03
2014-09-24,402.85,412.06,402.85,411.22,533968,411.22
2014-09-25,414.56,414.56,402.01,408.7,391399,408.7
2014-09-26,402.01,412.06,402.01,410.39,277491,410.39
2014-09-29,414.56,426.29,406.18,422.94,832828,422.94
2014-09-30,426.29,431.32,412.06,419.58,638084,419.58
2014-10-01,422.1,422.1,409.54,409.54,393787,409.54
2014-10-02,406.18,409.54,398.66,400.32,512950,400.32
2014-10-03,397.82,408.7,397.82,405.36,415160,405.36
2014-10-06,409.54,410.39,404.52,408.7,208237,408.7
2014-10-07,410.39,412.88,400.32,400.32,290743,400.32
2014-10-08,396.97,399.49,389.44,391.12,679875,391.12
2014-10-09,393.62,397.82,378.56,378.56,370146,378.56
2014-10-10,368.5,376.87,365.99,374.37,554383,374.37
2014-10-14,365.99,373.53,363.48,365.17,469968,365.17
2014-10-15,365.17,375.21,363.48,370.18,457191,370.18
2014-10-16,360.15,365.99,357.61,357.61,527995,357.61
2014-10-17,357.61,362.64,352.6,353.43,511758,353.43
2014-10-20,364.31,372.7,361.81,372.7,525488,372.7
2014-10-21,371.86,379.4,367.66,372.7,642143,372.7
2014-10-22,383.59,408.7,383.59,407.03,1442613,407.03
2014-10-23,408.7,412.88,397.82,408.7,950558,408.7
2014-10-24,414.56,416.24,403.68,407.03,485727,407.03
2014-10-27,408.7,416.24,404.52,414.56,852531,414.56
2014-10-28,414.56,432.15,412.88,426.29,1285005,426.29
2014-10-29,430.49,433.83,425.45,427.96,881903,427.96
2014-10-30,427.13,435.5,423.78,432.15,1218259,432.15
2014-10-31,434.67,439.69,431.32,437.19,1066139,437.19
2014-11-04,443.88,447.22,430.49,438.0,885603,438.0
2014-11-05,443.88,445.55,420.43,428.8,1150438,428.8
2014-11-06,423.78,426.29,415.4,417.93,1080349,417.93
2014-11-07,417.93,418.75,412.06,417.08,353550,417.08
2014-11-10,411.22,414.56,409.54,412.06,294922,412.06
2014-11-11,407.87,407.87,395.3,402.01,766680,402.01
2014-11-12,402.01,404.52,379.4,382.74,1302555,382.74
2014-11-13,384.42,390.28,380.23,388.61,804768,388.61
2014-11-14,394.48,396.14,386.09,389.44,597488,389.44
2014-11-17,385.26,385.26,377.72,380.23,555099,380.23
2014-11-18,380.23,391.96,378.56,391.12,423041,391.12
2014-11-19,391.96,406.18,387.76,402.01,840112,402.01
2014-11-20,402.01,404.52,391.96,393.62,425667,393.62
2014-11-21,395.3,399.49,392.8,397.82,308655,397.82
2014-11-25,401.16,401.16,391.96,392.8,251461,392.8
2014-11-26,391.96,392.8,388.61,388.61,186385,388.61
2014-11-27,386.93,392.8,386.93,388.61,173490,388.61
2014-11-28,392.8,405.36,390.28,402.01,695635,402.01
2014-12-01,406.18,408.7,402.85,404.52,375877,404.52
2014-12-02,402.01,408.7,398.66,407.87,301848,407.87
2014-12-03,407.03,407.87,397.82,397.82,357609,397.82
2014-12-04,402.01,422.1,402.01,417.93,932769,417.93
2014-12-05,414.56,415.4,408.7,410.39,242504,410.39
2014-12-08,411.22,414.56,408.7,412.88,253252,412.88
2014-12-09,413.74,422.1,412.06,418.75,748173,418.75
2014-12-10,415.4,415.4,403.68,405.36,318087,405.36
2014-12-11,400.32,403.68,396.97,402.01,211819,402.01
2014-12-12,402.01,421.28,401.16,416.24,637844,416.24
2014-12-15,412.06,418.75,409.54,412.88,408117,412.88
2014-12-16,406.18,406.18,396.97,398.66,346384,398.66
2014-12-17,395.3,399.49,394.48,395.3,257430,395.3
2014-12-18,401.16,403.68,396.97,400.32,226386,400.32
2014-12-19,406.18,407.03,399.49,400.32,181609,400.32
2014-12-22,401.16,402.01,395.3,401.16,244415,401.16
2014-12-24,407.03,408.7,402.01,403.68,188177,403.68
2014-12-25,404.52,414.56,403.68,410.39,459698,410.39
2014-12-26,411.22,427.13,410.39,426.29,707457,426.29
2014-12-29,427.96,442.2,427.13,438.85,930499,438.85
2014-12-30,438.85,440.54,432.15,435.5,591159,435.5
2015-01-05,436.34,454.76,435.5,450.57,1210854,450.57
2015-01-06,439.69,450.57,434.67,435.5,745665,435.5
2015-01-07,430.49,442.2,430.49,434.67,615636,434.67
2015-01-08,443.05,453.1,439.69,444.72,617068,444.72
2015-01-09,446.39,449.75,440.54,444.72,361547,444.72
2015-01-13,439.69,449.75,438.0,443.05,305669,443.05
2015-01-14,444.72,458.95,441.37,452.24,824589,452.24
2015-01-15,453.93,458.95,448.9,458.11,347341,458.11
2015-01-16,451.4,453.93,438.85,449.75,371698,449.75
2015-01-19,454.76,454.76,440.54,453.1,416353,453.1
2015-01-20,454.76,469.84,446.39,468.17,825663,468.17
2015-01-21,464.8,466.49,456.45,462.3,298744,462.3
2015-01-22,465.64,474.02,462.3,464.8,498145,464.8
2015-01-23,471.52,476.54,464.8,474.87,568950,474.87
2015-01-26,474.87,489.1,474.02,485.76,660889,485.76
2015-01-27,487.43,497.47,481.56,483.24,720113,483.24
2015-01-28,481.56,488.26,476.54,481.56,471757,481.56
2015-01-29,478.2,478.2,464.8,467.34,477009,467.34
2015-01-30,475.7,480.74,474.87,475.7,397489,475.7
2015-02-02,469.0,475.7,464.8,465.64,293490,465.64
2015-02-03,469.84,477.37,456.45,458.11,394264,458.11
2015-02-04,464.8,468.17,458.11,462.3,379461,462.3
2015-02-05,460.63,470.66,458.95,459.79,273549,459.79
2015-02-06,462.3,464.8,448.9,449.75,520473,449.75
2015-02-09,479.89,510.88,479.06,506.7,3463611,506.7
2015-02-10,498.32,502.51,476.54,479.06,1692284,479.06
2015-02-12,483.24,488.26,465.64,467.34,1146019,467.34
2015-02-13,465.64,466.49,445.55,447.22,1485957,447.22
2015-02-16,451.4,454.76,448.9,449.75,758560,449.75
2015-02-17,448.9,456.45,439.69,452.24,621844,452.24
2015-02-18,458.95,468.17,453.93,467.34,907454,467.34
2015-02-19,469.0,477.37,465.64,467.34,695874,467.34
2015-02-20,469.0,469.0,461.46,467.34,421131,467.34
2015-02-23,477.37,480.74,471.52,479.06,873783,479.06
2015-02-24,482.41,500.83,479.89,499.16,1546135,499.16
2015-02-25,464.8,466.49,443.88,451.4,4355184,451.4
2015-02-26,451.4,452.24,443.88,444.72,1835803,444.72
2015-02-27,444.72,447.22,432.98,433.83,2189711,433.83
2015-03-02,429.65,431.32,418.75,421.28,2593289,421.28
2015-03-03,423.78,434.67,423.78,428.8,1908282,428.8
2015-03-04,422.1,426.29,414.56,422.94,7332710,422.94
2015-03-05,421.28,428.8,412.88,417.93,8460223,417.93
2015-03-06,418.75,419.58,417.08,417.93,1980518,417.93
2015-03-09,416.24,417.08,412.06,413.74,1661835,413.74
2015-03-10,412.88,413.74,406.18,407.03,1913297,407.03
2015-03-11,407.03,415.4,406.18,408.7,2819079,408.7
2015-03-12,410.39,417.93,409.54,412.88,8662250,412.88
2015-03-13,415.4,416.24,404.52,406.18,2744811,406.18
2015-03-16,406.18,409.54,406.18,407.87,961664,407.87
2015-03-17,410.39,412.06,406.18,407.03,900171,407.03
2015-03-18,407.87,407.87,386.09,391.96,4078770,391.96
2015-03-19,392.8,396.97,391.12,395.3,1820401,395.3
2015-03-20,392.8,395.3,387.76,388.61,1193184,388.61
2015-03-23,389.44,395.3,389.44,392.8,645128,392.8
2015-03-24,393.62,400.32,393.62,400.32,898739,400.32
2015-03-25,402.85,413.74,402.01,412.88,2602604,412.88
2015-03-26,408.7,409.54,402.01,407.87,1128467,407.87
2015-03-27,403.68,406.18,393.62,397.82,1067095,397.82
2015-03-30,393.62,394.48,387.76,392.8,690741,392.8
2015-03-31,398.66,404.52,392.8,393.62,956170,393.62
2015-04-01,395.3,397.82,388.61,391.96,593905,391.96
2015-04-02,392.8,394.48,389.44,391.12,597846,391.12
2015-04-03,391.96,394.48,390.28,392.8,531935,392.8
2015-04-06,391.12,391.96,387.76,389.44,362145,389.44
2015-04-07,390.28,391.12,388.61,390.28,610503,390.28
2015-04-08,391.12,393.62,388.61,391.12,902917,391.12
2015-04-09,391.96,391.96,386.93,389.44,720829,389.44
2015-04-10,389.44,391.12,382.74,390.28,1113305,390.28
2015-04-13,390.28,392.8,384.42,388.61,639039,388.61
2015-04-14,391.96,408.7,389.44,407.87,1706016,407.87
2015-04-15,405.36,406.18,400.32,402.85,834500,402.85
2015-04-16,402.85,403.68,396.14,402.01,605009,402.01
2015-04-17,398.66,401.16,394.48,394.48,556651,394.48
2015-04-20,393.62,396.14,391.12,392.8,420295,392.8
2015-04-21,392.8,393.62,390.28,391.96,326325,391.96
2015-04-22,392.8,396.97,389.44,391.12,671874,391.12
2015-04-23,392.8,392.8,387.76,389.44,693964,389.44
2015-04-24,390.28,397.82,390.28,396.14,723457,396.14
2015-04-27,402.01,404.52,396.14,397.82,1303510,397.82
2015-04-28,393.62,398.66,390.28,394.48,901125,394.48
2015-04-30,391.12,392.8,387.76,388.61,928707,388.61
2015-05-01,387.76,389.44,382.74,387.76,863872,387.76
2015-05-07,381.9,383.59,378.56,379.4,814200,379.4
2015-05-08,379.4,383.59,379.4,381.07,462563,381.07
2015-05-11,385.26,386.93,381.07,381.9,450382,381.9
2015-05-12,379.4,383.59,378.56,380.23,566803,380.23
2015-05-13,380.23,399.49,380.23,388.61,1713297,388.61
2015-05-14,381.9,391.12,379.4,386.93,1103155,386.93
2015-05-15,387.76,387.76,379.4,380.23,791038,380.23
2015-05-18,381.07,384.42,379.4,383.59,774561,383.59
2015-05-19,381.07,382.74,377.72,377.72,1070915,377.72
2015-05-20,378.56,382.74,375.21,381.9,1235809,381.9
2015-05-21,381.07,381.9,376.87,381.07,1008110,381.07
2015-05-22,381.07,381.07,378.56,378.56,473906,378.56
2015-05-25,381.9,383.59,379.4,382.74,519636,382.74
2015-05-26,382.74,383.59,379.4,382.74,671874,382.74
2015-05-27,381.07,382.74,380.23,381.9,483458,381.9
2015-05-28,380.23,386.93,380.23,382.74,987335,382.74
2015-05-29,381.07,383.59,381.07,382.74,754978,382.74
2015-06-01,384.42,400.32,384.42,399.49,2278904,399.49
2015-06-02,399.49,401.16,395.3,399.49,1277002,399.49
2015-06-03,399.49,410.39,398.66,407.03,2144218,407.03
2015-06-04,410.39,410.39,403.68,406.18,1224227,406.18
2015-06-05,403.68,403.68,394.48,398.66,1195810,398.66
2015-06-08,402.01,409.54,400.32,407.87,1267332,407.87
2015-06-09,408.7,414.56,404.52,406.18,2425889,406.18
2015-06-10,407.03,409.54,404.52,405.36,810978,405.36
2015-06-11,408.7,413.74,407.03,407.87,1684998,407.87
2015-06-12,407.03,407.03,402.01,404.52,721187,404.52
2015-06-15,404.52,404.52,399.49,402.01,333251,402.01
2015-06-16,398.66,404.52,398.66,402.85,377310,402.85
2015-06-17,402.85,402.85,396.97,397.82,423041,397.82
2015-06-18,396.97,396.97,386.93,387.76,676770,387.76
2015-06-19,386.93,391.12,386.93,391.12,437371,391.12
2015-06-22,391.96,392.8,386.09,390.28,864469,390.28
2015-06-23,390.28,395.3,389.44,393.62,910798,393.62
2015-06-24,400.32,403.68,394.48,396.97,840588,396.97
2015-06-25,398.66,402.01,398.66,398.66,738502,398.66
2015-06-26,399.49,399.49,390.28,396.14,492772,396.14
2015-06-29,381.9,386.93,381.07,383.59,736113,383.59
2015-06-30,381.9,389.44,381.07,386.09,757248,386.09
2015-07-01,386.09,398.66,386.09,398.66,636652,398.66
2015-07-02,402.01,407.87,400.32,405.36,724530,405.36
2015-07-03,405.36,407.03,402.01,406.18,752949,406.18
2015-07-06,398.66,401.16,395.3,395.3,515576,395.3
2015-07-07,399.49,400.32,396.14,396.97,363817,396.97
2015-07-08,394.48,395.3,381.9,382.74,877366,382.74
2015-07-09,377.72,381.07,356.79,379.4,1214079,379.4
2015-07-10,381.9,387.76,374.37,375.21,760111,375.21
2015-07-13,374.37,386.93,374.37,385.26,576830,385.26
2015-07-14,391.96,397.82,391.12,393.62,744351,393.62
2015-07-15,400.32,407.87,396.14,397.82,1240109,397.82
2015-07-16,397.82,402.85,396.14,397.82,759396,397.82
2015-07-17,396.97,402.85,396.97,402.01,420655,402.01
2015-07-21,402.85,405.36,397.82,400.32,429011,400.32
2015-07-22,397.82,402.01,397.82,400.32,253729,400.32
2015-07-23,404.52,404.52,399.49,401.16,411578,401.16
2015-07-24,402.85,407.87,399.49,403.68,800709,403.68
2015-07-27,406.18,407.03,397.82,398.66,885126,398.66
2015-07-28,396.14,396.14,389.44,392.8,545547,392.8
2015-07-29,392.8,397.82,387.76,396.97,677366,396.97
2015-07-30,397.82,398.66,391.96,394.48,519159,394.48
2015-07-31,396.97,403.68,393.62,396.14,600353,396.14
2015-08-03,395.3,398.66,387.76,387.76,458384,387.76
2015-08-04,391.12,391.12,378.56,381.07,973125,381.07
2015-08-05,384.42,403.68,383.59,402.01,1240825,402.01
2015-08-06,404.52,437.19,404.52,430.49,6399106,430.49
2015-08-07,418.75,443.88,417.93,438.0,4389573,438.0
2015-08-10,435.5,456.45,435.5,452.24,2638424,452.24
2015-08-11,452.24,455.6,448.07,451.4,1938848,451.4
2015-08-12,445.55,460.63,445.55,452.24,2475321,452.24
2015-08-13,452.24,460.63,446.39,457.27,1938133,457.27
2015-08-14,460.63,463.14,456.45,457.27,1279392,457.27
2015-08-17,458.95,462.3,456.45,460.63,1129780,460.63
2015-08-18,457.27,461.46,451.4,458.95,981603,458.95
2015-08-19,453.1,455.6,445.55,447.22,1031991,447.22
2015-08-20,438.85,453.93,438.85,447.22,912230,447.22
2015-08-21,436.34,445.55,429.65,430.49,1007393,430.49
2015-08-24,417.08,425.45,401.16,402.01,1429360,402.01
2015-08-25,389.44,415.4,381.9,394.48,1897416,394.48
2015-08-26,400.32,415.4,397.82,411.22,1124170,411.22
2015-08-27,421.28,442.2,419.58,434.67,1892640,434.67
2015-08-28,448.07,453.93,436.34,438.85,1658374,438.85
2015-08-31,446.39,448.9,438.85,448.07,1045244,448.07
2015-09-01,448.9,453.1,434.67,435.5,1237362,435.5
2015-09-02,423.78,441.37,418.75,428.8,738739,428.8
2015-09-03,432.98,436.34,416.24,416.24,967275,416.24
2015-09-04,422.1,429.65,412.88,420.43,1232825,420.43
2015-09-07,414.56,424.61,407.03,413.74,651935,413.74
2015-09-08,407.03,416.24,402.01,402.85,909364,402.85
2015-09-09,418.75,424.61,413.74,422.94,1041542,422.94
2015-09-10,420.43,434.67,412.88,432.15,922379,432.15
2015-09-11,423.78,432.98,422.94,427.96,562623,427.96
2015-09-14,431.32,456.45,428.8,451.4,1675328,451.4
2015-09-15,445.55,446.39,435.5,437.19,612890,437.19
2015-09-16,439.69,440.54,427.96,429.65,468773,429.65
2015-09-17,436.34,448.07,432.15,445.55,825663,445.55
2015-09-18,442.2,447.22,435.5,439.69,843932,439.69
2015-09-24,435.5,438.85,432.98,433.83,509966,433.83
2015-09-25,438.85,442.2,429.65,438.85,436413,438.85
2015-09-28,443.05,452.24,437.19,449.75,771814,449.75
2015-09-29,443.88,444.72,427.13,427.13,631159,427.13
2015-09-30,435.5,442.2,426.29,438.0,481308,438.0
2015-10-01,441.37,445.55,433.83,436.34,440115,436.34
2015-10-02,437.19,444.72,434.67,443.05,391519,443.05
2015-10-05,448.07,448.07,438.0,441.37,284414,441.37
2015-10-06,443.88,448.07,436.34,438.0,427816,438.0
2015-10-07,440.54,440.54,431.32,436.34,544234,436.34
2015-10-08,436.34,443.05,431.32,439.69,509966,439.69
2015-10-09,441.37,456.45,439.69,454.76,983394,454.76
2015-10-13,456.45,473.19,456.45,460.63,1126915,460.63
2015-10-14,458.95,458.95,443.05,447.22,588533,447.22
2015-10-15,448.9,463.14,446.39,460.63,579696,460.63
2015-10-16,463.98,469.84,453.93,456.45,664352,456.45
2015-10-19,460.63,474.87,457.27,467.34,1256228,467.34
2015-10-20,467.34,469.84,456.45,458.95,546861,458.95
2015-10-21,456.45,469.0,454.76,462.3,630444,462.3
2015-10-22,462.3,469.84,458.95,461.46,609905,461.46
2015-10-23,469.0,473.19,459.79,460.63,735276,460.63
2015-10-26,465.64,466.49,448.9,449.75,679875,449.75
2015-10-27,449.75,455.6,447.22,448.9,452414,448.9
2015-10-28,465.64,472.35,456.45,458.95,1353183,458.95
2015-10-29,464.8,474.02,463.98,471.52,1466852,471.52
2015-10-30,470.66,479.06,463.98,469.0,1017543,469.0
2015-11-02,463.14,465.64,458.95,461.46,589368,461.46
2015-11-04,469.0,473.19,443.05,445.55,1151511,445.55
2015-11-05,452.24,459.79,446.39,457.27,1223033,457.27
2015-11-06,456.45,460.63,453.1,460.63,484653,460.63
2015-11-09,460.63,469.84,460.63,463.98,646322,463.98
2015-11-10,459.79,467.34,459.79,461.46,507459,461.46
2015-11-11,464.8,474.87,458.95,463.98,1118439,463.98
2015-11-12,470.66,474.87,458.95,463.14,1090021,463.14
2015-11-13,461.46,470.66,459.79,468.17,784710,468.17
2015-11-16,464.8,467.34,461.46,463.98,517726,463.98
2015-11-17,466.49,470.66,453.93,458.95,1129661,458.95
2015-11-18,463.14,464.8,456.45,459.79,593785,459.79
2015-11-19,463.14,463.98,448.9,452.24,1095990,452.24
2015-11-20,453.1,459.79,451.4,458.11,703874,458.11
2015-11-24,459.79,460.63,454.76,457.27,725725,457.27
2015-11-25,456.45,456.45,444.72,446.39,1042976,446.39
2015-11-26,446.39,453.93,446.39,448.07,853364,448.07
2015-11-27,448.07,451.4,444.72,449.75,500652,449.75
2015-11-30,448.07,448.9,444.72,447.22,578622,447.22
2015-12-01,448.07,449.75,445.55,449.75,401788,449.75
2015-12-02,450.57,455.6,449.75,453.93,447519,453.93
2015-12-03,454.76,463.98,454.76,458.11,566443,458.11
2015-12-04,453.93,454.76,448.07,449.75,490384,449.75
2015-12-07,451.4,456.45,448.07,449.75,338266,449.75
2015-12-08,447.22,452.24,445.55,447.22,450382,447.22
2015-12-09,444.72,445.55,429.65,434.67,1052767,434.67
2015-12-10,432.98,443.05,432.98,435.5,555935,435.5
2015-12-11,436.34,439.69,430.49,433.83,604772,433.83
2015-12-14,426.29,434.67,423.78,433.83,441787,433.83
2015-12-15,433.83,438.85,430.49,430.49,742680,430.49
2015-12-16,435.5,436.34,431.32,434.67,295161,434.67
2015-12-17,439.69,443.88,438.0,443.88,416353,443.88
2015-12-18,442.2,449.75,439.69,441.37,532533,441.37
2015-12-21,442.2,443.05,429.65,433.83,330386,433.83
2015-12-22,434.67,448.07,434.67,446.39,519159,446.39
2015-12-24,447.22,451.4,437.19,437.19,443340,437.19
2015-12-25,441.37,454.76,440.54,445.55,858380,445.55
2015-12-28,446.39,453.93,442.2,452.24,372296,452.24
2015-12-29,453.1,461.46,444.72,460.63,588413,460.63
2015-12-30,461.46,463.98,458.95,463.14,299340,463.14
2016-01-04,460.63,466.49,454.76,456.45,492891,456.45
2016-01-05,453.1,466.49,452.24,463.98,421489,463.98
2016-01-06,459.79,465.64,454.76,458.11,616831,458.11
2016-01-07,456.45,463.14,449.75,451.4,463280,451.4
2016-01-08,447.22,448.07,437.19,438.85,402385,438.85
2016-01-12,433.83,433.83,412.88,412.88,412774,412.88
2016-01-13,415.4,433.83,415.4,429.65,440234,429.65
2016-01-14,422.94,446.39,415.4,440.54,992589,440.54
2016-01-15,443.88,444.72,424.61,428.8,687159,428.8
2016-01-18,420.43,426.29,417.93,423.78,297429,423.78
2016-01-19,426.29,434.67,423.78,428.8,291938,428.8
2016-01-20,429.65,430.49,402.01,404.52,554620,404.52
2016-01-21,397.82,413.74,390.28,391.12,491219,391.12
2016-01-22,408.7,409.54,399.49,409.54,462086,409.54
2016-01-25,422.94,426.29,409.54,421.28,690741,421.28
2016-01-26,417.08,427.96,411.22,421.28,472473,421.28
2016-01-27,426.29,430.49,423.78,427.96,302804,427.96
2016-01-28,422.1,432.98,422.1,430.49,297311,430.49
2016-01-29,433.83,447.22,431.32,447.22,574682,447.22
2016-02-01,452.24,463.14,448.07,457.27,693486,457.27
2016-02-02,456.45,465.64,455.6,459.79,364175,459.79
2016-02-03,451.4,453.1,443.05,448.9,333847,448.9
2016-02-04,443.05,457.27,441.37,453.1,589965,453.1
2016-02-05,444.72,449.75,431.32,439.69,442145,439.69
2016-02-08,432.15,463.14,428.8,458.95,598562,458.95
2016-02-09,437.19,453.93,431.32,445.55,897306,445.55
2016-02-10,450.57,458.11,368.5,376.05,2010848,376.05
2016-02-12,360.15,360.15,346.73,350.91,1758670,350.91
2016-02-15,365.17,376.05,360.15,371.02,990678,371.02
2016-02-16,362.64,375.21,356.79,360.97,1282377,360.97
2016-02-17,364.31,374.37,352.6,359.29,1053004,359.29
2016-02-18,365.99,366.83,360.97,362.64,707814,362.64
2016-02-19,360.15,361.81,348.4,355.1,593307,355.1
2016-02-22,351.76,356.79,347.56,349.24,620053,349.24
2016-02-23,355.95,355.95,348.4,350.91,483698,350.91
2016-02-24,346.73,354.27,342.53,351.76,361547,351.76
2016-02-25,358.46,369.35,356.79,362.64,593189,362.64
2016-02-26,366.83,366.83,360.15,364.31,496712,364.31
2016-02-29,364.31,372.7,362.64,363.48,756530,363.48
2016-03-01,363.48,364.31,355.95,362.64,322742,362.64
2016-03-02,372.7,375.21,364.31,373.53,872111,373.53
2016-03-03,371.02,381.9,369.35,375.21,600831,375.21
2016-03-04,374.37,390.28,372.7,389.44,808709,389.44
2016-03-07,390.28,392.8,386.09,386.09,254565,386.09
2016-03-08,391.12,397.82,381.07,395.3,729546,395.3
2016-03-09,394.48,395.3,383.59,386.93,367997,386.93
2016-03-10,393.62,404.52,391.12,400.32,763694,400.32
2016-03-11,393.62,412.88,392.8,409.54,912588,409.54
2016-03-14,416.24,421.28,413.74,418.75,316297,418.75
2016-03-15,417.08,422.94,413.74,417.08,540295,417.08
2016-03-16,412.88,418.75,410.39,412.06,281788,412.06
2016-03-17,418.75,428.8,417.08,422.1,642502,422.1
2016-03-18,420.43,422.1,416.24,419.58,245848,419.58
2016-03-22,419.58,423.78,410.39,419.58,474264,419.58
2016-03-23,416.24,430.49,416.24,426.29,397369,426.29
2016-03-24,425.45,434.67,425.45,426.29,413488,426.29
2016-03-25,429.65,432.15,416.24,420.43,335400,420.43
2016-03-28,425.45,427.96,417.93,422.94,273430,422.94
2016-03-29,425.49,432.32,421.24,426.36,739296,426.36
2016-03-30,424.64,430.61,423.8,427.21,348773,427.21
2016-03-31,429.76,429.76,418.67,418.67,361203,418.67
2016-04-01,419.53,419.53,406.74,406.74,428050,406.74
2016-04-04,403.33,407.59,395.65,399.06,627064,399.06
2016-04-05,396.51,396.51,383.71,384.56,410341,384.56
2016-04-06,379.44,391.39,379.44,386.28,383955,386.28
2016-04-07,383.71,395.65,378.61,383.71,513661,383.71
2016-04-08,377.75,397.36,376.05,393.96,548608,393.96
2016-04-11,393.96,399.06,387.13,397.36,258001,397.36
2016-04-12,396.51,404.18,394.81,399.92,273131,399.92
2016-04-13,405.03,407.59,402.48,404.18,277705,404.18
2016-04-14,409.31,412.72,405.88,412.72,456783,412.72
2016-04-15,414.42,422.94,413.57,419.53,349006,419.53
2016-04-18,417.82,436.58,416.12,432.32,758293,432.32
2016-04-19,440.85,442.56,427.21,431.48,292597,431.48
2016-04-20,434.88,438.29,424.64,428.07,385361,428.07
2016-04-21,430.61,431.48,427.21,430.61,286736,430.61
2016-04-22,426.36,430.61,422.08,428.07,484928,428.07
2016-04-25,434.88,434.88,415.25,417.82,532541,417.82
2016-04-26,414.42,417.82,404.18,406.74,510142,406.74
2016-04-27,407.59,412.72,406.74,410.14,208631,410.14
2016-04-28,413.57,415.25,399.06,400.77,299050,400.77
2016-05-02,389.69,393.96,385.42,389.69,256713,389.69
2016-05-06,391.39,393.96,381.15,388.83,358389,388.83
2016-05-09,392.24,396.51,390.54,395.65,297641,395.65
2016-05-10,399.06,411.85,398.21,411.85,332354,411.85
2016-05-11,413.57,415.25,402.48,405.88,385011,405.88
2016-05-12,399.92,411.0,393.96,397.36,663653,397.36
2016-05-13,395.65,417.82,393.11,413.57,794179,413.57
2016-05-16,416.12,423.8,414.42,417.82,377386,417.82
2016-05-17,420.38,421.24,409.31,412.72,416792,412.72
2016-05-18,413.57,421.24,411.85,414.42,341384,414.42
2016-05-19,416.12,418.67,413.57,416.97,211211,416.97
2016-05-20,414.42,424.64,414.42,422.94,428871,422.94
2016-05-23,424.64,424.64,413.57,421.24,336811,421.24
2016-05-24,419.53,424.64,416.97,419.53,387474,419.53
2016-05-25,424.64,428.07,419.53,424.64,422656,424.64
2016-05-26,427.21,436.58,427.21,434.88,373634,434.88
2016-05-27,436.58,436.58,428.92,430.61,224815,430.61
2016-05-30,434.02,439.15,430.61,437.43,261873,437.43
2016-05-31,434.88,434.88,427.21,434.02,400726,434.02
2016-06-01,425.49,428.92,407.59,411.85,1088421,411.85
2016-06-02,409.31,409.31,395.65,398.21,861143,398.21
2016-06-03,397.36,407.59,397.36,407.59,512252,407.59
2016-06-06,398.21,402.48,396.51,401.63,323912,401.63
2016-06-07,399.92,402.48,397.36,399.06,311597,399.06
2016-06-08,399.06,403.33,396.51,402.48,414562,402.48
2016-06-09,402.48,405.03,396.51,403.33,279933,403.33
2016-06-10,400.77,402.48,397.36,402.48,350532,402.48
2016-06-13,396.51,396.51,386.28,387.13,584495,387.13
2016-06-14,385.42,388.83,378.61,382.87,518000,382.87
2016-06-16,378.61,378.61,359.85,361.54,829948,361.54
2016-06-17,363.25,367.52,361.54,364.94,545442,364.94
2016-06-20,371.77,384.56,370.93,381.15,612287,381.15
2016-06-21,376.89,377.75,370.93,376.05,411163,376.05
2016-06-22,376.05,377.75,370.93,373.49,452091,373.49
2016-06-23,367.52,369.22,364.11,368.37,706341,368.37
2016-06-24,370.93,371.77,323.18,338.52,1091234,338.52
2016-06-27,336.82,367.52,336.82,366.66,1035177,366.66
2016-06-28,361.54,375.19,359.0,372.63,775181,372.63
2016-06-29,379.44,382.87,372.63,376.89,771310,376.89
2016-06-30,383.71,397.36,379.44,393.96,1097567,393.96
2016-07-01,392.24,392.24,382.87,384.56,540633,384.56
2016-07-04,380.3,380.3,372.63,377.75,502049,377.75
2016-07-05,377.75,380.3,371.77,376.05,338805,376.05
2016-07-06,370.06,374.34,363.25,372.63,409989,372.63
2016-07-07,367.52,370.93,363.25,364.94,273834,364.94
2016-07-08,363.25,363.25,353.88,355.58,430513,355.58
2016-07-11,366.66,382.87,364.94,380.3,568074,380.3
2016-07-12,387.99,402.48,385.42,397.36,1490434,397.36
2016-07-13,405.88,405.88,392.24,396.51,596690,396.51
2016-07-14,398.21,423.8,395.65,421.24,1455839,421.24
2016-07-15,417.82,422.08,411.0,412.72,659314,412.72
2016-07-19,419.53,422.08,411.85,421.24,598919,421.24
2016-07-20,422.08,428.07,416.97,427.21,471207,427.21
2016-07-21,432.32,438.29,428.07,438.29,976659,438.29
2016-07-22,431.48,434.88,424.64,433.18,735191,433.18
2016-07-25,437.43,437.43,428.07,430.61,557170,430.61
2016-07-26,422.08,430.61,421.24,427.21,535825,427.21
2016-07-27,431.48,440.0,430.61,439.15,670924,439.15
2016-07-28,439.15,455.34,434.88,451.92,1159254,451.92
2016-07-29,447.68,453.63,440.85,451.92,543096,451.92
2016-08-01,451.92,454.5,445.97,448.52,485046,448.52
2016-08-02,453.63,453.63,444.26,446.82,297524,446.82
2016-08-03,434.02,440.0,430.61,437.43,424181,437.43
2016-08-04,440.0,443.41,434.88,439.15,444820,439.15
2016-08-05,437.43,445.1,376.05,384.56,3187623,384.56
2016-08-08,378.61,379.44,348.76,351.32,2393913,351.32
2016-08-09,351.32,360.7,344.49,358.14,2069417,358.14
2016-08-10,353.02,364.94,350.45,355.58,1308072,355.58
2016-08-12,358.14,360.7,351.32,353.02,719946,353.02
2016-08-15,353.02,355.58,347.05,347.91,548608,347.91
2016-08-16,347.05,347.91,342.79,343.64,941592,343.64
2016-08-17,345.33,349.61,342.79,346.19,647235,346.19
2016-08-18,347.05,362.39,347.05,359.0,1629053,359.0
2016-08-19,363.25,366.66,353.88,355.58,1249437,355.58
2016-08-22,365.8,374.34,360.7,370.93,972905,370.93
2016-08-23,371.77,379.44,366.66,373.49,786557,373.49
2016-08-24,376.05,379.44,370.93,374.34,342673,374.34
2016-08-25,377.75,378.61,371.77,373.49,405064,373.49
2016-08-26,371.77,377.75,368.37,377.75,645477,377.75
2016-08-29,377.75,381.15,370.93,373.49,435203,373.49
2016-08-30,371.77,373.49,369.22,371.77,276884,371.77
2016-08-31,372.63,375.19,365.8,374.34,668342,374.34
2016-09-01,372.63,374.34,365.8,369.22,590828,369.22
2016-09-02,366.66,375.19,365.8,369.22,449393,369.22
2016-09-05,373.49,375.19,367.52,368.37,586486,368.37
2016-09-06,368.37,379.44,368.37,376.89,733666,376.89
2016-09-07,372.63,381.15,372.63,380.3,536998,380.3
2016-09-08,380.3,380.3,374.34,375.19,307374,375.19
2016-09-09,372.63,376.05,371.77,372.63,282864,372.63
2016-09-12,367.52,371.77,367.52,368.37,271958,368.37
2016-09-13,370.93,373.49,369.22,370.06,251787,370.06
2016-09-14,368.37,371.77,366.66,369.22,294475,369.22
2016-09-15,366.66,370.06,363.25,366.66,381726,366.66
2016-09-16,366.66,369.22,363.25,364.94,376684,364.94
2016-09-20,363.25,367.52,357.28,361.54,310190,361.54
2016-09-21,363.25,371.77,360.7,370.93,402485,370.93
2016-09-23,371.77,374.34,368.37,372.63,375863,372.63
2016-09-26,375.19,376.89,371.77,372.63,312535,372.63
2016-09-27,366.66,377.75,366.66,377.75,285679,377.75
2016-09-28,380.3,381.15,376.05,380.3,311245,380.3
2016-09-29,378.61,383.71,375.19,382.87,404243,382.87
2016-09-30,375.19,379.44,372.63,372.63,293302,372.63
2016-10-03,377.75,377.75,370.93,372.63,398029,372.63
2016-10-04,372.63,376.05,369.22,375.19,371172,375.19
2016-10-05,378.61,378.61,370.93,372.63,351470,372.63
2016-10-06,376.05,376.05,370.93,373.49,480706,373.49
2016-10-07,372.63,375.19,364.11,365.8,617917,365.8
2016-10-11,364.94,369.22,362.39,365.8,470621,365.8
2016-10-12,362.39,365.8,359.85,360.7,701532,360.7
2016-10-13,361.54,364.11,359.85,363.25,478009,363.25
2016-10-14,361.54,363.25,358.14,361.54,434618,361.54
2016-10-17,359.0,359.85,353.02,355.58,854224,355.58
2016-10-18,355.58,361.54,355.58,358.14,677609,358.14
2016-10-19,359.85,364.11,357.28,362.39,536177,362.39
2016-10-20,364.11,372.63,363.25,370.93,866302,370.93
2016-10-21,370.06,370.06,359.85,360.7,896207,360.7
2016-10-24,360.7,367.52,360.7,365.8,547552,365.8
2016-10-25,363.25,367.52,363.25,366.66,469682,366.66
2016-10-26,364.94,370.06,364.94,367.52,515536,367.52
2016-10-27,370.06,373.49,366.66,367.52,778583,367.52
2016-10-28,370.06,376.05,368.37,376.05,824319,376.05
2016-10-31,372.63,378.61,370.93,373.49,636679,373.49
2016-11-01,371.77,373.49,367.52,372.63,426056,372.63
2016-11-02,367.52,367.52,357.28,359.85,878500,359.85
2016-11-04,357.28,359.0,353.02,355.58,478127,355.58
2016-11-07,361.54,361.54,356.44,358.14,349124,358.14
2016-11-08,358.14,359.0,353.88,354.72,444585,354.72
2016-11-09,353.88,354.72,318.91,325.74,1725451,325.74
2016-11-10,341.09,344.49,334.26,335.96,1133686,335.96
2016-11-11,340.23,341.09,334.26,334.26,585079,334.26
2016-11-14,337.68,347.91,335.96,341.94,651339,341.94
2016-11-15,346.19,346.19,336.82,339.37,703526,339.37
2016-11-16,343.64,343.64,338.52,341.09,495836,341.09
2016-11-17,341.09,344.49,339.37,341.09,426644,341.09
2016-11-18,342.79,346.19,340.23,345.33,719476,345.33
2016-11-21,343.64,347.91,341.09,347.05,784680,347.05
2016-11-22,350.45,353.88,347.05,352.17,891047,352.17
2016-11-24,354.72,354.72,343.64,345.33,975953,345.33
2016-11-25,346.19,347.05,338.52,341.09,917199,341.09
2016-11-28,341.09,343.64,340.23,341.09,1002576,341.09
2016-11-29,342.79,344.49,341.94,343.64,544152,343.64
2016-11-30,346.19,353.88,346.19,352.17,1146704,352.17
2016-12-01,357.28,357.28,352.17,354.72,944877,354.72
2016-12-02,353.02,353.88,347.91,350.45,558225,350.45
2016-12-05,349.61,350.45,344.49,345.33,428989,345.33
2016-12-06,351.32,351.32,346.19,347.91,450097,347.91
2016-12-07,347.91,349.61,347.05,349.61,860438,349.61
2016-12-08,353.02,353.02,350.45,352.17,787612,352.17
2016-12-09,349.61,352.17,348.76,350.45,683591,350.45
2016-12-12,352.17,353.88,348.76,351.32,921070,351.32
2016-12-13,351.32,355.58,351.32,354.72,954024,354.72
2016-12-14,356.44,361.54,356.44,359.0,1257764,359.0
2016-12-15,357.28,358.14,348.76,350.45,787964,350.45
2016-12-16,353.02,356.44,350.45,352.17,926464,352.17
2016-12-19,352.17,354.72,350.45,352.17,677609,352.17
2016-12-20,350.45,356.44,350.45,355.58,857977,355.58
2016-12-21,357.28,359.0,355.58,356.44,888115,356.44
2016-12-22,353.02,354.72,348.76,352.17,951209,352.17
2016-12-26,353.88,353.88,351.32,352.17,504396,352.17
2016-12-27,351.32,353.88,347.91,349.61,991433,349.61
2016-12-28,349.61,357.28,349.61,353.88,881900,353.88
2016-12-29,353.02,353.88,347.91,349.61,507327,349.61
2016-12-30,348.76,351.32,346.19,349.61,618151,349.61
2017-01-04,353.02,358.14,352.17,356.44,1161011,356.44
2017-01-05,357.28,359.85,355.58,359.0,670689,359.0
2017-01-06,358.14,364.11,358.14,360.7,663419,360.7
2017-01-10,362.39,364.94,357.28,359.85,763571,359.85
2017-01-11,359.0,359.0,355.58,358.14,613696,358.14
2017-01-12,356.44,359.0,353.02,354.72,661308,354.72
2017-01-13,359.0,361.54,355.58,360.7,886826,360.7
2017-01-16,359.0,359.0,353.02,354.72,629291,354.72
2017-01-17,353.02,353.88,349.61,349.61,882136,349.61
2017-01-18,348.76,349.61,345.33,348.76,865717,348.76
2017-01-19,350.45,351.32,346.19,347.91,762751,347.91
2017-01-20,347.91,350.45,346.19,348.76,520814,348.76
2017-01-23,348.76,348.76,343.64,346.19,630230,346.19
2017-01-24,346.19,347.91,344.49,347.05,567723,347.05
2017-01-25,349.61,350.45,345.33,347.05,684058,347.05
2017-01-26,350.45,352.17,348.76,350.45,415151,350.45
2017-01-27,353.02,354.72,351.32,353.02,514832,353.02
2017-01-30,351.32,353.02,347.91,349.61,598919,349.61
2017-01-31,347.91,351.32,346.19,347.91,753720,347.91
2017-02-01,346.19,348.76,344.49,347.91,616626,347.91
2017-02-02,347.05,349.61,342.79,342.79,630114,342.79
2017-02-03,343.64,345.33,341.09,342.79,810715,342.79
2017-02-06,345.33,345.33,341.94,343.64,381962,343.64
2017-02-07,343.64,344.49,341.94,342.79,438606,342.79
2017-02-08,342.79,342.79,340.23,341.94,560217,341.94
2017-02-09,341.09,341.94,337.68,339.37,620731,339.37
2017-02-10,341.09,347.91,341.09,347.05,1330709,347.05
2017-02-13,349.61,358.14,347.05,358.14,947808,358.14
2017-02-14,359.85,361.54,357.28,358.14,917082,358.14
2017-02-15,361.54,362.39,359.0,360.7,733196,360.7
2017-02-16,361.54,362.39,359.0,360.7,674208,360.7
2017-02-17,359.0,361.54,356.44,360.7,571476,360.7
2017-02-20,360.7,362.39,358.14,361.54,599036,361.54
2017-02-21,361.54,364.11,359.85,364.11,761224,364.11
2017-02-22,364.11,364.11,357.28,359.85,696841,359.85
2017-02-23,359.0,364.11,359.0,363.25,829010,363.25
2017-02-24,361.54,364.11,360.7,362.39,814233,362.39
2017-02-27,361.54,361.54,356.44,356.44,518938,356.44
2017-02-28,358.14,360.7,355.58,355.58,518116,355.58
2017-03-01,355.58,357.28,353.02,357.28,456547,357.28
2017-03-02,358.14,360.7,357.28,359.85,502637,359.85
2017-03-03,358.14,358.14,354.72,358.14,559514,358.14
2017-03-06,357.28,359.0,356.44,358.14,248738,358.14
2017-03-07,356.44,359.0,356.44,357.28,242288,357.28
2017-03-08,357.28,360.7,356.44,359.0,424181,359.0
2017-03-09,360.7,364.11,359.0,362.39,580623,362.39
2017-03-10,364.11,366.66,361.54,364.11,783507,364.11
2017-03-13,364.94,364.94,360.7,361.54,566434,361.54
2017-03-14,362.39,363.25,359.85,360.7,492551,360.7
2017-03-15,361.54,362.39,359.0,359.85,289550,359.85
2017-03-16,359.0,359.85,357.28,357.28,557637,357.28
2017-03-17,357.28,358.14,355.58,357.28,384190,357.28
2017-03-21,355.58,359.85,355.58,359.0,450566,359.0
2017-03-22,354.72,357.28,354.72,354.72,438252,354.72
2017-03-23,355.58,356.44,353.02,356.44,588831,356.44
2017-03-24,356.44,358.14,354.72,358.14,553533,358.14
2017-03-27,358.14,358.14,353.88,355.58,557520,355.58
2017-03-28,356.44,357.28,354.72,356.44,650284,356.44
2017-03-29,361.7,361.7,357.31,359.94,652916,359.94
2017-03-30,358.19,359.05,352.03,353.79,792111,353.79
2017-03-31,354.68,358.19,351.16,351.16,592432,351.16
2017-04-03,351.16,352.03,345.9,348.53,610543,348.53
2017-04-04,347.64,347.64,338.87,342.39,806235,342.39
2017-04-05,344.14,345.9,340.62,341.51,409155,341.51
2017-04-06,342.39,342.39,334.48,335.37,685152,335.37
2017-04-07,335.37,340.62,334.48,336.24,730829,336.24
2017-04-10,338.0,341.51,338.0,339.75,409041,339.75
2017-04-11,339.75,341.51,338.0,340.62,371336,340.62
2017-04-12,338.0,338.0,335.37,335.37,325206,335.37
2017-04-13,333.6,333.6,328.33,329.22,707935,329.22
2017-04-14,327.46,328.33,324.83,326.58,496066,326.58
2017-04-17,325.71,329.22,324.83,328.33,245584,328.33
2017-04-18,330.98,338.87,330.98,336.24,424990,336.24
2017-04-19,334.48,335.37,329.22,330.09,548465,330.09
2017-04-20,330.98,335.37,330.09,333.6,314156,333.6
2017-04-21,337.11,338.87,334.48,337.11,253443,337.11
2017-04-24,340.62,345.02,338.87,343.26,291489,343.26
2017-04-25,344.14,345.9,343.26,344.14,387171,344.14
2017-04-26,345.9,351.16,343.26,350.3,447769,350.3
2017-04-27,348.53,350.3,347.64,348.53,175189,348.53
2017-04-28,347.64,353.79,345.9,352.03,446062,352.03
2017-05-01,352.03,357.31,352.03,355.55,394461,355.55
2017-05-02,354.68,360.83,354.68,359.94,424305,359.94
2017-05-08,360.83,366.97,359.94,366.08,799857,366.08
2017-05-09,367.84,368.72,364.33,366.08,762497,366.08
2017-05-10,365.22,367.84,363.45,365.22,456541,365.22
2017-05-11,365.22,366.97,363.45,366.97,248318,366.97
2017-05-12,366.08,372.23,362.57,367.84,924585,367.84
2017-05-15,364.33,372.23,364.33,372.23,847812,372.23
2017-05-16,369.6,371.36,366.08,370.48,840749,370.48
2017-05-17,366.08,369.6,365.22,368.72,486384,368.72
2017-05-18,360.83,367.84,360.83,367.84,645968,367.84
2017-05-19,365.22,370.48,365.22,369.6,432960,369.6
2017-05-22,367.84,371.36,367.84,370.48,582635,370.48
2017-05-23,371.36,372.23,368.72,368.72,627060,368.72
2017-05-24,371.36,373.98,369.6,370.48,1341143,370.48
2017-05-25,370.48,373.11,369.6,373.11,328509,373.11
2017-05-26,372.23,373.11,366.97,366.97,565094,366.97
2017-05-29,366.08,368.72,363.45,366.97,422368,366.97
2017-05-30,364.33,366.97,362.57,366.08,436947,366.08
2017-05-31,363.45,365.22,360.83,364.33,843256,364.33
2017-06-01,365.22,370.48,365.22,367.84,684241,367.84
2017-06-02,369.6,372.23,365.22,371.36,819220,371.36
2017-06-05,369.6,373.11,366.97,371.36,598811,371.36
2017-06-06,373.11,373.11,369.6,371.36,405055,371.36
2017-06-07,370.48,370.48,364.33,367.84,541514,367.84
2017-06-08,366.08,366.97,363.45,365.22,446631,365.22
2017-06-09,362.57,365.22,359.05,359.94,620338,359.94
2017-06-12,359.94,369.6,359.94,368.72,486156,368.72
2017-06-13,368.72,370.48,366.97,368.72,382386,368.72
2017-06-14,368.72,373.98,367.84,371.36,755433,371.36
2017-06-15,367.84,375.75,367.84,374.86,834712,374.86
2017-06-16,373.98,376.63,369.6,371.36,879706,371.36
2017-06-19,373.98,377.5,372.23,373.98,554388,373.98
2017-06-20,374.86,380.14,374.86,378.37,1118228,378.37
2017-06-21,377.5,388.91,376.63,382.77,1455165,382.77
2017-06-22,382.77,383.64,377.5,378.37,755205,378.37
2017-06-23,378.37,378.37,374.86,375.75,624097,375.75
2017-06-26,376.63,377.5,372.23,372.23,301057,372.23
2017-06-27,375.75,375.75,370.48,371.36,388197,371.36
2017-06-28,370.48,374.86,368.72,372.23,482626,372.23
2017-06-29,377.5,393.3,377.5,392.42,1668742,392.42
2017-06-30,388.04,389.79,383.64,388.91,844166,388.91
2017-07-03,393.3,401.21,392.42,399.45,1280204,399.45
2017-07-04,399.45,401.21,393.3,395.06,859886,395.06
2017-07-05,396.81,407.35,393.3,403.83,1485123,403.83
2017-07-06,402.96,406.48,400.32,402.96,842800,402.96
2017-07-07,397.69,401.21,391.55,392.42,816373,392.42
2017-07-10,395.95,401.21,394.18,395.06,738233,395.06
2017-07-11,391.55,403.83,391.55,400.32,727183,400.32
2017-07-12,398.57,402.09,395.95,399.45,691986,399.45
2017-07-13,401.21,402.96,398.57,399.45,390018,399.45
2017-07-14,396.81,400.32,395.95,396.81,499826,396.81
2017-07-18,396.81,399.45,394.18,397.69,439113,397.69
2017-07-19,395.95,402.09,395.95,401.21,487523,401.21
2017-07-20,402.09,408.23,402.09,404.7,536048,404.7
2017-07-21,407.35,410.86,402.09,409.98,768305,409.98
2017-07-24,408.23,412.62,404.7,411.74,560537,411.74
2017-07-25,412.62,418.76,411.74,417.89,1046581,417.89
2017-07-26,417.89,417.89,409.98,409.98,621706,409.98
2017-07-27,410.86,414.38,407.35,409.98,608948,409.98
2017-07-28,406.48,413.5,406.48,411.74,415193,411.74
2017-07-31,416.13,416.13,411.74,414.38,492307,414.38
2017-08-01,417.0,420.52,415.24,420.52,797921,420.52
2017-08-02,421.4,424.91,417.0,420.52,681963,420.52
2017-08-03,421.4,428.42,421.4,426.67,758736,426.67
2017-08-04,424.91,431.93,424.91,427.54,825030,427.54
2017-08-07,432.82,444.22,431.93,441.59,1377253,441.59
2017-08-08,447.74,465.29,444.22,463.54,2465865,463.54
2017-08-09,459.15,469.68,457.39,467.05,1707584,467.05
2017-08-10,459.15,460.02,437.21,439.83,1444686,439.83
2017-08-14,434.56,438.96,431.93,431.93,701782,431.93
2017-08-15,438.96,444.22,432.82,432.82,502785,432.82
2017-08-16,436.32,437.21,429.3,430.16,425216,430.16
2017-08-17,426.67,431.05,424.91,431.05,550855,431.05
2017-08-18,428.42,428.42,419.63,423.15,632755,423.15
2017-08-21,422.28,429.3,422.28,428.42,467475,428.42
2017-08-22,425.78,426.67,420.52,422.28,368033,422.28
2017-08-23,427.54,429.3,424.03,424.03,444466,424.03
2017-08-24,423.15,426.67,417.89,419.63,477384,419.63
2017-08-25,422.28,422.28,416.13,418.76,534340,418.76
2017-08-28,421.4,423.15,414.38,420.52,332154,420.52
2017-08-29,417.89,425.78,417.89,424.91,463830,424.91
2017-08-30,428.42,432.82,426.67,432.82,595393,432.82
2017-08-31,434.56,438.07,431.05,432.82,531491,432.82
2017-09-01,437.21,440.71,434.56,438.96,727069,438.96
2017-09-04,436.32,436.32,426.67,426.67,370767,426.67
2017-09-05,426.67,429.3,415.24,416.13,750762,416.13
2017-09-06,411.74,421.4,409.1,419.63,471689,419.63
2017-09-07,426.67,431.93,420.52,427.54,619769,427.54
2017-09-08,424.91,428.42,417.89,423.15,628199,423.15
2017-09-11,425.78,427.54,421.4,422.28,381248,422.28
2017-09-12,425.78,431.93,425.78,428.42,560652,428.42
2017-09-13,430.16,431.93,425.78,431.05,552563,431.05
2017-09-14,431.93,435.44,424.91,425.78,642323,425.78
2017-09-15,422.28,424.91,420.52,424.03,532402,424.03
2017-09-19,425.78,427.54,421.4,427.54,646423,427.54
2017-09-20,425.78,427.54,423.15,424.91,915701,424.91
2017-09-21,429.3,433.68,429.3,431.05,509394,431.05
2017-09-22,431.05,431.05,425.78,426.67,419521,426.67
2017-09-25,430.16,431.05,426.67,428.42,340925,428.42
2017-09-26,429.3,441.59,429.3,441.59,794047,441.59
2017-09-27,445.97,454.75,445.1,454.75,983931,454.75
2017-09-28,453.88,459.15,447.74,456.5,764203,456.5
2017-09-29,453.0,459.15,451.24,453.88,533884,453.88
2017-10-02,458.28,458.28,448.61,448.61,409610,448.61
2017-10-03,448.61,451.24,444.22,445.97,496180,445.97
2017-10-04,445.1,445.1,434.56,438.07,988601,438.07
2017-10-05,438.07,438.07,426.67,429.3,904880,429.3
2017-10-06,429.3,434.56,427.54,431.05,635373,431.05
2017-10-10,428.42,438.96,428.42,436.32,681848,436.32
2017-10-11,436.32,445.97,435.44,444.22,720007,444.22
2017-10-12,448.61,451.24,445.97,448.61,636969,448.61
2017-10-13,448.61,455.63,447.74,453.88,693580,453.88
2017-10-16,453.88,458.28,453.0,453.88,582066,453.88
2017-10-17,449.49,453.88,449.49,451.24,440593,451.24
2017-10-18,450.36,451.24,445.1,445.97,388197,445.97
2017-10-19,446.86,448.61,442.46,442.46,318030,442.46
2017-10-20,441.59,447.74,439.83,444.22,427949,444.22
2017-10-23,449.49,452.14,445.97,447.74,375211,447.74
2017-10-24,445.97,455.63,445.1,455.63,509278,455.63
2017-10-25,455.63,457.39,451.24,453.0,486613,453.0
2017-10-26,452.14,456.5,452.14,456.5,447769,456.5
2017-10-27,474.07,509.19,474.07,505.67,4364014,505.67
2017-10-30,513.58,517.08,498.65,506.55,1976632,506.55
2017-10-31,504.8,509.19,501.28,503.05,641070,503.05
2017-11-01,501.28,508.31,491.62,505.67,937343,505.67
2017-11-02,503.92,509.19,499.53,509.19,737663,509.19
2017-11-06,509.19,522.36,509.19,514.45,902943,514.45
2017-11-07,509.19,514.45,503.05,514.45,839269,514.45
2017-11-08,517.08,517.97,510.07,515.34,823549,515.34
2017-11-09,517.97,524.98,514.45,516.21,1241133,516.21
2017-11-10,511.82,547.81,510.94,544.3,3270846,544.3
2017-11-13,539.91,543.42,533.77,540.8,920371,540.8
2017-11-14,541.67,553.09,538.16,539.04,1109912,539.04
2017-11-15,532.88,549.57,532.88,543.42,1392744,543.42
2017-11-16,538.16,547.81,531.13,546.06,1149096,546.06
2017-11-17,544.3,550.44,540.8,546.94,1146819,546.94
2017-11-20,542.54,559.23,541.67,556.59,963655,556.59
2017-11-21,566.25,569.76,553.09,558.34,965934,558.34
2017-11-22,566.25,568.88,558.34,561.85,777074,561.85
2017-11-24,553.09,554.83,546.06,551.33,689139,551.33
2017-11-27,553.96,553.96,544.3,546.94,578763,546.94
2017-11-28,540.8,542.54,535.52,538.16,592773,538.16
2017-11-29,542.54,550.44,539.91,548.7,851684,548.7
2017-11-30,550.44,552.2,543.42,549.57,646650,549.57
2017-12-01,554.83,559.23,549.57,550.44,792794,550.44
2017-12-04,546.06,546.94,529.38,532.01,940191,532.01
2017-12-05,530.26,541.67,526.74,539.91,566233,539.91
2017-12-06,539.91,546.94,533.77,536.4,621250,536.4
2017-12-07,539.91,560.99,539.04,558.34,821840,558.34
2017-12-08,551.33,561.85,551.33,561.85,528530,561.85
2017-12-11,561.85,561.85,549.57,554.83,425216,554.83
2017-12-12,558.34,569.76,555.71,555.71,646766,555.71
2017-12-13,558.34,562.73,555.71,562.73,482853,562.73
2017-12-14,565.37,582.93,565.37,582.05,1064919,582.05
2017-12-15,581.17,582.05,573.27,578.54,689595,578.54
2017-12-18,582.93,598.74,582.93,594.35,985640,594.35
2017-12-19,598.74,600.49,583.8,589.07,653373,589.07
2017-12-20,587.32,588.19,574.16,575.91,978235,575.91
2017-12-21,572.4,581.17,572.4,575.03,527278,575.03
2017-12-22,575.91,581.17,567.13,567.13,404940,567.13
2017-12-25,567.13,569.76,560.99,567.13,288299,567.13
2017-12-26,567.13,572.4,565.37,567.13,399928,567.13
2017-12-27,566.25,579.43,564.5,577.66,454490,577.66
2017-12-28,577.66,582.93,573.27,575.91,339672,575.91
2017-12-29,576.78,581.17,573.27,578.54,293653,578.54
2018-01-04,578.54,582.93,571.52,581.17,654625,581.17
2018-01-05,582.93,583.8,578.54,581.17,310283,581.17
2018-01-09,581.17,583.8,577.66,582.05,355048,582.05
2018-01-10,582.05,582.93,568.88,568.88,467133,568.88
2018-01-11,566.25,576.78,564.5,576.78,453238,576.78
2018-01-12,575.03,575.91,562.73,567.13,405624,567.13
2018-01-15,568.01,571.52,561.85,561.85,249343,561.85
2018-01-16,560.11,560.99,554.83,556.59,530921,556.59
2018-01-17,553.96,557.47,546.06,548.7,626603,548.7
2018-01-18,557.47,565.37,556.59,557.47,801452,557.47
2018-01-19,558.34,566.25,556.59,565.37,376235,565.37
2018-01-22,566.25,568.01,559.23,567.13,383413,567.13
2018-01-23,570.64,575.91,564.5,567.13,302311,567.13
2018-01-24,564.5,572.4,564.5,569.76,377490,569.76
2018-01-25,568.88,570.64,560.11,560.99,618059,560.99
2018-01-26,561.85,561.85,556.59,560.11,356187,560.11
2018-01-29,560.99,568.01,556.59,563.62,260165,563.62
2018-01-30,563.62,564.5,554.83,556.59,323953,556.59
2018-01-31,553.09,558.34,546.06,546.94,384323,546.94
2018-02-01,550.44,556.59,545.19,556.59,317459,556.59
2018-02-02,553.96,560.11,551.33,559.23,317574,559.23
2018-02-05,547.81,555.71,547.81,549.57,385690,549.57
2018-02-06,527.62,528.51,500.41,511.82,630135,511.82
2018-02-07,539.91,545.19,510.07,511.82,511558,511.82
2018-02-08,511.82,511.82,473.19,474.07,1791990,474.07
2018-02-09,460.89,466.16,452.14,466.16,1389213,466.16
2018-02-13,470.57,472.32,450.36,456.5,1439446,456.5
2018-02-14,455.63,455.63,442.46,450.36,1037125,450.36
2018-02-15,451.24,453.88,444.22,451.24,693011,451.24
2018-02-16,451.24,460.02,449.49,459.15,634235,459.15
2018-02-19,461.78,476.7,460.89,476.7,497889,476.7
2018-02-20,478.47,478.47,469.68,478.47,401296,478.47
2018-02-21,477.59,489.0,474.07,482.85,459273,482.85
2018-02-22,482.85,487.24,481.97,484.61,515886,484.61
2018-02-23,487.24,491.62,481.97,490.75,427835,490.75
2018-02-26,494.26,495.14,481.1,484.61,733790,484.61
2018-02-27,488.12,495.14,482.85,484.61,526934,484.61
2018-02-28,479.33,486.35,475.82,475.82,431708,475.82
2018-03-01,472.32,472.32,456.5,458.28,560197,458.28
2018-03-02,449.49,454.75,446.86,452.14,613391,452.14
2018-03-05,449.49,452.14,442.46,444.22,485814,444.22
2018-03-06,453.0,460.02,452.14,454.75,473055,454.75
2018-03-07,453.88,458.28,450.36,454.75,797123,454.75
2018-03-08,456.5,461.78,454.75,457.39,414509,457.39
2018-03-09,461.78,467.92,456.5,460.02,617833,460.02
2018-03-12,467.92,467.92,458.28,461.78,361427,461.78
2018-03-13,457.39,460.89,452.14,460.89,507457,460.89
2018-03-14,457.39,458.28,453.88,455.63,535364,455.63
2018-03-15,450.36,452.14,446.86,449.49,579674,449.49
2018-03-16,449.49,453.88,447.74,448.61,498686,448.61
2018-03-19,445.1,445.1,437.21,438.96,650638,438.96
2018-03-20,432.82,442.46,425.78,442.46,677066,442.46
2018-03-22,440.71,441.59,426.67,436.32,1008650,436.32
2018-03-23,430.16,430.16,419.63,421.4,709413,421.4
2018-03-26,414.38,423.15,404.7,422.28,829131,422.28
2018-03-27,426.67,434.56,421.4,434.56,979034,434.56
2018-03-28,432.77,436.36,425.57,436.36,594742,436.36
2018-03-29,433.67,438.17,427.37,432.77,606635,432.77
2018-03-30,436.36,440.86,433.67,440.86,295871,440.86
2018-04-02,442.67,443.55,432.77,433.67,316209,433.67
2018-04-03,428.26,433.67,427.37,431.86,348777,431.86
2018-04-04,436.36,439.96,433.67,438.17,431467,438.17
2018-04-05,442.67,443.55,435.46,437.27,378674,437.27
2018-04-06,438.17,443.55,436.36,439.96,388787,439.96
2018-04-09,441.76,444.46,433.67,441.76,393122,441.76
2018-04-10,440.86,443.55,436.36,442.67,255414,442.67
2018-04-11,444.46,448.96,439.06,445.37,313986,445.37
2018-04-12,448.96,448.96,442.67,443.55,330881,443.55
2018-04-13,443.55,448.06,441.76,447.15,492265,447.15
2018-04-16,449.85,451.66,442.67,448.06,300761,448.06
2018-04-17,448.96,456.15,447.15,453.46,496488,453.46
2018-04-18,454.36,463.36,447.15,463.36,467701,463.36
2018-04-19,461.56,469.65,459.75,468.75,460033,468.75
2018-04-20,469.65,469.65,463.36,466.06,270196,466.06
2018-04-23,467.86,467.86,461.56,464.25,246300,464.25
2018-04-24,460.66,461.56,457.05,461.56,451141,461.56
2018-04-25,460.66,469.65,457.05,469.65,459477,469.65
2018-04-26,471.45,475.05,468.75,474.15,389789,474.15
2018-04-27,476.85,477.74,467.86,472.35,409128,472.35
2018-05-01,474.15,474.15,468.75,472.35,329436,472.35
2018-05-02,470.56,474.15,469.65,473.26,229849,473.26
2018-05-07,473.26,475.05,467.86,475.05,206064,475.05
2018-05-08,475.95,482.25,473.26,474.15,462699,474.15
2018-05-09,475.95,475.95,470.56,475.05,300316,475.05
2018-05-10,475.05,482.25,475.05,481.35,282421,481.35
2018-05-11,481.35,482.25,473.26,476.85,274085,476.85
2018-05-14,463.36,463.36,445.37,455.26,1081116,455.26
2018-05-15,455.26,466.06,454.36,460.66,502268,460.66
2018-05-16,463.36,477.74,462.45,475.95,844931,475.95
2018-05-17,470.56,477.74,466.06,475.95,339217,475.95
2018-05-18,475.95,475.95,469.65,471.45,379785,471.45
2018-05-21,471.45,471.45,461.56,462.45,350554,462.45
2018-05-22,462.45,464.25,447.15,448.96,375895,448.96
2018-05-23,451.66,458.86,442.67,445.37,399902,445.37
2018-05-24,444.46,445.37,433.67,438.17,283978,438.17
2018-05-25,439.06,439.06,430.96,437.27,302984,437.27
2018-05-28,436.36,438.17,429.16,436.36,330991,436.36
2018-05-29,436.36,442.67,433.67,441.76,378340,441.76
2018-05-30,435.46,439.06,428.26,436.36,444917,436.36
2018-05-31,439.06,439.96,425.57,430.96,466145,430.96
2018-06-01,426.46,435.46,426.46,432.77,466145,432.77
2018-06-04,432.77,448.96,432.77,447.15,474592,447.15
2018-06-05,446.26,452.56,441.76,452.56,387789,452.56
2018-06-06,454.36,460.66,451.66,457.96,459810,457.96
2018-06-07,460.66,467.86,457.96,466.96,535168,466.96
2018-06-08,461.56,463.36,455.26,457.96,476705,457.96
2018-06-11,457.96,466.06,456.15,463.36,247077,463.36
2018-06-12,467.86,471.45,461.56,467.86,335994,467.86
2018-06-13,467.86,468.75,459.75,461.56,309319,461.56
2018-06-14,459.75,459.75,450.76,456.15,388566,456.15
2018-06-15,459.75,460.66,450.76,455.26,334548,455.26
2018-06-18,454.36,456.15,446.26,449.85,534833,449.85
2018-06-19,444.46,446.26,432.77,436.36,683436,436.36
2018-06-20,436.36,439.96,422.87,439.06,695440,439.06
2018-06-21,440.86,440.86,431.86,433.67,223848,433.67
2018-06-22,430.96,435.46,425.57,432.77,455031,432.77
2018-06-25,436.36,437.27,421.07,423.77,476261,423.77
2018-06-26,420.17,433.67,412.07,433.67,470035,433.67
2018-06-27,437.27,444.46,433.67,442.67,572067,442.67
2018-06-28,440.86,449.85,433.67,448.96,559397,448.96
2018-06-29,448.96,448.96,439.96,442.67,314876,442.67
2018-07-02,441.76,442.67,430.96,432.77,406905,432.77
2018-07-03,432.77,434.56,425.57,429.16,386454,429.16
2018-07-04,425.57,428.26,418.36,422.87,443027,422.87
2018-07-05,419.27,420.17,408.48,409.38,528166,409.38
2018-07-06,414.77,418.36,408.48,412.07,404348,412.07
2018-07-09,412.97,422.87,411.17,422.87,308208,422.87
2018-07-10,430.08,431.86,421.07,427.37,381897,427.37
2018-07-11,428.26,430.96,424.67,428.26,395791,428.26
2018-07-12,427.37,428.26,421.96,424.67,264860,424.67
2018-07-13,422.87,427.37,417.48,421.07,304761,421.07
2018-07-17,422.87,427.37,418.36,421.96,316544,421.96
2018-07-18,421.96,426.46,420.17,421.07,225627,421.07
2018-07-19,420.17,421.96,415.67,415.67,194282,415.67
2018-07-20,413.86,414.77,407.57,410.27,354888,410.27
2018-07-23,413.86,414.77,409.38,412.97,337550,412.97
2018-07-24,415.67,426.46,414.77,426.46,379785,426.46
2018-07-25,430.96,440.86,426.46,438.17,433913,438.17
2018-07-26,439.96,444.46,434.56,443.55,293313,443.55
2018-07-27,443.55,447.15,441.76,443.55,302872,443.55
2018-07-30,438.17,443.55,433.67,439.06,272196,439.06
2018-07-31,437.27,437.27,425.57,429.16,413685,429.16
2018-08-01,429.16,429.16,419.27,421.07,285200,421.07
2018-08-02,421.07,423.77,416.58,416.58,264304,416.58
2018-08-03,416.58,418.36,412.07,412.07,321767,412.07
2018-08-06,410.27,413.86,402.18,402.18,457810,402.18
2018-08-07,403.07,412.97,399.48,411.17,414907,411.17
2018-08-08,409.38,412.07,403.98,410.27,508159,410.27
2018-08-09,408.48,411.17,402.18,405.77,638310,405.77
2018-08-10,400.37,400.37,374.29,386.88,1091008,386.88
2018-08-13,386.88,394.98,382.38,383.29,641201,383.29
2018-08-14,382.38,388.68,376.98,388.68,466479,388.68
2018-08-15,389.58,390.47,379.68,382.38,325769,382.38
2018-08-16,376.98,379.68,370.69,377.87,354888,377.87
2018-08-17,377.87,379.68,373.39,378.78,191948,378.78
2018-08-20,376.09,377.87,370.69,370.69,288646,370.69
2018-08-21,365.29,368.88,363.49,366.19,268639,366.19
2018-08-22,365.29,375.18,365.29,375.18,179167,375.18
2018-08-23,373.39,376.09,371.58,373.39,195505,373.39
2018-08-24,375.18,375.18,371.58,371.58,154826,371.58
2018-08-27,374.29,378.78,373.39,377.87,222070,377.87
2018-08-28,376.98,380.58,374.29,375.18,202508,375.18
2018-08-29,377.87,377.87,372.47,375.18,209065,375.18
2018-08-30,376.98,377.87,374.29,376.09,284423,376.09
2018-08-31,369.78,372.47,364.38,367.09,704664,367.09
2018-09-03,365.29,369.78,361.69,363.49,319323,363.49
2018-09-04,361.69,367.99,359.0,366.19,462922,366.19
2018-09-05,365.29,373.39,363.49,368.88,555285,368.88
2018-09-06,375.18,391.38,372.47,379.68,728227,379.68
2018-09-07,385.07,397.67,384.18,394.98,1049217,394.98
2018-09-10,390.47,391.38,378.78,379.68,435802,379.68
2018-09-11,376.09,377.87,366.19,373.39,648425,373.39
2018-09-12,375.18,383.29,372.47,376.98,572179,376.98
2018-09-13,377.87,385.98,374.29,379.68,274419,379.68
2018-09-14,384.18,392.28,383.29,387.78,581625,387.78
2018-09-18,385.07,394.07,385.07,391.38,407572,391.38
2018-09-19,395.88,401.27,392.28,395.88,488265,395.88
2018-09-20,398.57,403.07,395.88,401.27,444805,401.27
2018-09-21,403.98,413.86,403.07,407.57,552728,407.57
2018-09-25,412.97,419.27,411.17,419.27,717003,419.27
2018-09-26,428.26,438.17,421.07,421.96,836483,421.96
2018-09-27,420.17,420.17,407.57,413.86,653870,413.86
2018-09-28,421.07,427.37,416.58,416.58,577514,416.58
2018-10-01,416.58,421.96,412.97,414.77,343997,414.77
2018-10-02,418.36,425.57,414.77,415.67,414352,415.67
2018-10-03,420.17,424.67,412.07,413.86,406238,413.86
2018-10-04,421.07,425.57,419.27,423.77,385121,423.77
2018-10-05,423.77,427.37,420.17,422.87,420131,422.87
2018-10-09,419.27,424.67,416.58,421.07,498378,421.07
2018-10-10,420.17,430.08,418.36,419.27,487485,419.27
2018-10-11,404.88,413.86,403.98,412.07,664653,412.07
2018-10-12,408.48,418.36,408.48,412.07,533167,412.07
2018-10-15,411.17,412.97,404.88,406.67,376451,406.67
2018-10-16,409.38,419.27,409.38,416.58,555062,416.58
2018-10-17,420.17,429.16,420.17,428.26,592184,428.26
2018-10-18,430.08,433.67,421.96,421.96,573291,421.96
2018-10-19,419.27,419.27,410.27,412.07,434914,412.07
2018-10-22,412.97,415.67,406.67,412.07,398681,412.07
2018-10-23,406.67,406.67,394.98,395.88,488374,395.88
2018-10-24,400.37,414.77,399.48,412.07,571846,412.07
2018-10-25,404.88,408.48,394.98,395.88,726449,395.88
2018-10-26,398.57,401.27,385.98,388.68,551285,388.68
2018-10-29,393.17,404.88,391.38,392.28,608301,392.28
2018-10-30,391.38,404.88,390.47,401.27,1429669,401.27
2018-10-31,405.77,417.48,405.77,415.67,679213,415.67
2018-11-01,408.48,411.17,401.27,408.48,360445,408.48
2018-11-02,406.67,411.17,399.48,405.77,511271,405.77
2018-11-05,400.37,405.77,395.88,403.07,510382,403.07
2018-11-06,395.88,403.07,394.98,400.37,574957,400.37
2018-11-07,398.57,404.88,393.17,399.48,583738,399.48
2018-11-08,406.67,410.27,396.78,398.57,463923,398.57
2018-11-09,393.17,396.78,389.58,392.28,541168,392.28
2018-11-12,382.38,394.98,382.38,392.28,585849,392.28
2018-11-13,377.87,377.87,350.89,359.88,1064777,359.88
2018-11-14,359.0,361.69,356.28,357.18,617861,357.18
2018-11-15,357.18,362.58,357.18,361.69,373450,361.69
2018-11-16,361.69,363.49,356.28,359.88,487820,359.88
2018-11-19,358.09,361.69,352.7,360.79,263637,360.79
2018-11-20,353.59,357.18,345.5,356.28,781355,356.28
2018-11-21,350.89,356.28,350.89,355.39,556507,355.39
2018-11-22,359.0,367.09,357.18,365.29,560508,365.29
2018-11-26,372.47,383.29,370.69,379.68,630531,379.68
2018-11-27,381.48,385.98,379.68,382.38,391457,382.38
2018-11-28,383.29,384.18,375.18,376.09,449252,376.09
2018-11-29,378.78,383.29,376.09,377.87,323212,377.87
2018-11-30,380.58,381.48,376.09,380.58,264415,380.58
2018-12-03,381.48,384.18,378.78,381.48,214067,381.48
2018-12-04,377.87,377.87,363.49,363.49,695774,363.49
2018-12-05,357.18,365.29,356.28,362.58,409128,362.58
2018-12-06,361.69,364.38,359.0,362.58,413573,362.58
2018-12-07,364.38,366.19,358.09,362.58,304207,362.58
2018-12-10,363.49,366.19,360.79,363.49,469257,363.49
2018-12-11,365.29,367.09,361.69,363.49,545948,363.49
2018-12-12,362.58,362.58,354.49,358.09,770019,358.09
2018-12-13,358.09,367.99,357.18,360.79,729785,360.79
2018-12-14,358.09,362.58,357.18,358.09,631863,358.09
2018-12-17,359.88,365.29,355.39,355.39,592851,355.39
2018-12-18,349.99,350.89,337.39,341.89,1066222,341.89
2018-12-19,340.1,340.99,332.9,339.19,610635,339.19
2018-12-20,335.59,340.99,327.5,329.29,666431,329.29
2018-12-21,327.5,328.39,319.4,322.1,811810,322.1
2018-12-25,304.11,305.01,298.71,298.71,582849,298.71
2018-12-26,302.31,318.5,302.31,315.79,865048,315.79
2018-12-27,326.59,333.8,322.99,333.8,586739,333.8
2018-12-28,337.39,342.8,332.9,340.1,522385,340.1
2019-01-04,333.8,340.99,332.9,339.19,611191,339.19
2019-01-07,351.79,351.79,342.8,348.19,1375097,348.19
2019-01-08,349.99,356.28,348.19,348.19,503380,348.19
2019-01-09,349.99,352.7,345.5,347.28,430134,347.28
2019-01-10,344.59,344.59,336.49,341.89,489709,341.89
2019-01-11,340.1,343.68,338.3,343.68,319768,343.68
2019-01-15,339.19,347.28,339.19,345.5,218624,345.5
2019-01-16,347.28,349.99,341.89,341.89,376340,341.89
2019-01-17,343.68,351.79,343.68,347.28,314099,347.28
2019-01-18,350.89,353.59,348.19,350.89,323990,350.89
2019-01-21,350.89,362.58,350.89,358.09,390233,358.09
2019-01-22,360.79,361.69,352.7,357.18,228182,357.18
2019-01-23,350.89,357.18,349.09,350.89,284533,350.89
2019-01-24,350.89,354.49,347.28,350.89,341329,350.89
2019-01-25,349.99,359.0,349.99,354.49,424022,354.49
2019-01-28,353.59,354.49,349.09,350.89,221069,350.89
2019-01-29,353.59,358.09,349.99,358.09,542613,358.09
2019-01-30,360.79,371.58,360.79,361.69,597631,361.69
2019-01-31,366.19,373.39,363.49,373.39,548506,373.39
2019-02-01,370.69,375.18,367.99,373.39,414352,373.39
2019-02-04,376.09,385.98,375.18,385.98,402793,385.98
2019-02-05,385.07,385.07,374.29,374.29,454809,374.29
2019-02-06,376.09,381.48,373.39,373.39,274863,373.39
2019-02-07,371.58,372.47,367.99,370.69,248744,370.69
2019-02-08,364.38,367.09,360.79,362.58,346331,362.58
2019-02-12,365.29,374.29,365.29,373.39,404904,373.39
2019-02-13,379.68,380.58,375.18,377.87,275641,377.87
2019-02-14,375.18,379.68,371.58,371.58,176723,371.58
2019-02-15,369.78,372.47,367.09,370.69,171387,370.69
2019-02-18,378.78,379.68,375.18,379.68,174943,379.68
2019-02-19,379.68,379.68,376.09,377.87,100476,377.87
2019-02-20,377.87,378.78,375.18,376.98,161384,376.98
2019-02-21,376.09,380.58,374.29,378.78,250301,378.78
2019-02-22,379.68,385.98,375.18,385.07,541835,385.07
2019-02-25,389.58,401.27,389.58,399.48,685326,399.48
2019-02-26,398.57,403.98,395.88,398.57,417020,398.57
2019-02-27,399.48,403.98,397.67,403.98,367449,403.98
2019-02-28,403.07,414.77,400.37,411.17,613969,411.17
2019-03-01,409.38,410.27,400.37,400.37,327324,400.37
2019-03-04,403.98,413.86,402.18,412.97,380451,412.97
2019-03-05,410.27,412.07,403.98,412.07,302206,412.07
2019-03-06,407.57,409.38,403.98,403.98,232518,403.98
2019-03-07,403.07,408.48,400.37,405.77,381563,405.77
2019-03-08,401.27,402.18,394.98,394.98,345220,394.98
2019-03-11,395.88,399.48,392.28,394.07,219291,394.07
2019-03-12,401.27,404.88,400.37,403.07,311431,403.07
2019-03-13,398.57,400.37,390.47,390.47,314321,390.47
2019-03-14,395.88,396.78,386.88,386.88,283199,386.88
2019-03-15,389.58,392.28,384.18,384.18,322547,384.18
2019-03-18,389.58,400.37,387.78,399.48,326769,399.48
2019-03-19,399.48,399.48,394.98,398.57,183836,398.57
2019-03-20,398.57,402.18,393.17,395.88,269306,395.88
2019-03-22,399.48,399.48,391.38,397.67,256191,397.67
2019-03-25,394.98,394.98,385.98,390.47,288423,390.47
2019-03-26,396.78,407.57,394.07,407.57,480373,407.57
2019-03-27,406.64,408.5,400.18,407.57,375676,407.57
2019-03-28,404.8,404.8,396.48,400.18,271153,400.18
2019-03-29,399.26,402.95,392.79,394.63,213157,394.63
2019-04-01,400.18,407.57,400.18,403.87,361719,403.87
2019-04-02,404.8,407.57,398.33,398.33,177017,398.33
2019-04-03,394.63,399.26,390.93,399.26,217377,399.26
2019-04-04,400.18,402.03,395.55,399.26,215105,399.26
2019-04-05,398.33,398.33,390.93,393.71,167496,393.71
2019-04-08,393.71,393.71,387.25,389.09,149859,389.09
2019-04-09,386.32,386.32,379.84,382.61,159273,382.61
2019-04-10,378.92,381.69,375.23,379.84,160463,379.84
2019-04-11,378.92,381.69,377.08,379.84,186540,379.84
2019-04-12,379.84,381.69,376.15,378.92,231984,378.92
2019-04-15,385.39,390.02,382.61,387.25,233715,387.25
2019-04-16,385.39,387.25,381.69,382.61,114260,382.61
2019-04-17,382.61,386.32,379.84,383.54,153539,383.54
2019-04-18,385.39,385.39,373.38,375.23,169227,375.23
2019-04-19,378.0,384.47,376.15,378.0,153971,378.0
2019-04-22,375.23,378.0,372.45,375.23,133954,375.23
2019-04-23,377.08,378.92,373.38,377.08,168037,377.08
2019-04-24,379.84,380.77,375.23,376.15,176910,376.15
2019-04-25,379.84,384.47,375.23,382.61,310430,382.61
2019-04-26,383.54,383.54,374.31,377.08,238908,377.08
2019-05-07,377.08,378.92,369.67,371.53,312377,371.53
2019-05-08,365.06,365.99,360.44,363.22,349059,363.22
2019-05-09,358.59,359.51,349.35,350.28,396776,350.28
2019-05-10,347.5,353.97,347.5,351.19,482362,351.19
2019-05-13,352.12,363.22,351.19,353.97,372538,353.97
2019-05-14,339.18,349.35,331.79,347.5,418091,347.5
2019-05-15,353.97,361.36,349.35,361.36,365830,361.36
2019-05-16,362.29,364.13,357.66,364.13,276131,364.13
2019-05-17,366.9,367.83,364.13,366.9,181346,366.9
2019-05-20,366.9,368.76,363.22,366.9,153539,366.9
2019-05-21,362.29,367.83,361.36,363.22,149535,363.22
2019-05-22,365.99,369.67,364.13,366.9,173015,366.9
2019-05-23,365.99,365.99,358.59,361.36,317031,361.36
2019-05-24,355.82,365.06,353.05,365.06,275481,365.06
2019-05-27,366.9,372.45,365.06,367.83,304155,367.83
2019-05-28,365.99,365.99,358.59,361.36,583207,361.36
2019-05-29,357.66,368.76,351.19,365.99,333910,365.99
2019-05-30,365.06,371.53,364.13,369.67,289331,369.67
2019-05-31,373.38,377.08,370.6,370.6,393205,370.6
2019-06-03,366.9,377.08,366.9,373.38,287599,373.38
2019-06-04,372.45,376.15,370.6,375.23,170525,375.23
2019-06-05,378.0,381.69,374.31,378.92,299719,378.92
2019-06-06,378.92,379.84,374.31,374.31,181671,374.31
2019-06-07,376.15,382.61,373.38,381.69,227872,381.69
2019-06-10,386.32,390.02,383.54,390.02,163384,390.02
2019-06-11,386.32,390.93,384.47,390.93,185782,390.93
2019-06-12,388.16,395.55,388.16,390.93,275915,390.93
2019-06-13,387.25,390.93,384.47,387.25,215970,387.25
2019-06-14,385.39,389.09,384.47,385.39,261631,385.39
2019-06-17,389.09,390.93,387.25,389.09,194114,389.09
2019-06-18,389.09,390.02,376.15,377.08,258927,377.08
2019-06-19,381.69,389.09,381.69,387.25,264445,387.25
2019-06-20,390.02,393.71,389.09,390.02,132762,390.02
2019-06-21,391.86,391.86,380.77,384.47,326336,384.47
2019-06-24,384.47,388.16,383.54,387.25,119563,387.25
2019-06-25,390.02,393.71,384.47,385.39,205150,385.39
2019-06-26,388.16,388.16,379.84,383.54,230903,383.54
2019-06-27,388.16,390.02,385.39,389.09,245618,389.09
2019-06-28,391.86,392.79,385.39,389.09,381843,389.09
2019-07-01,393.71,397.41,389.09,396.48,377083,396.48
2019-07-02,394.63,399.26,394.63,395.55,192707,395.55
2019-07-03,393.71,401.1,393.71,401.1,207856,401.1
2019-07-04,402.03,404.8,400.18,402.03,154295,402.03
2019-07-05,404.8,404.8,395.55,398.33,215970,398.33
2019-07-08,395.55,399.26,390.02,390.93,223978,390.93
2019-07-09,390.02,392.79,382.61,382.61,317788,382.61
2019-07-10,379.84,380.77,375.23,376.15,399263,376.15
2019-07-11,378.92,390.02,378.92,387.25,294092,387.25
2019-07-12,392.79,395.55,390.93,392.79,205366,392.79
2019-07-16,396.48,396.48,385.39,386.32,204826,386.32
2019-07-17,384.47,391.86,382.61,387.25,171391,387.25
2019-07-18,390.93,392.79,382.61,383.54,419390,383.54
2019-07-19,389.09,402.95,385.39,401.1,401644,401.1
2019-07-22,406.64,410.35,397.41,398.33,333802,398.33
2019-07-23,405.73,418.66,403.87,411.27,661761,411.27
2019-07-24,414.04,419.58,405.73,406.64,363666,406.64
2019-07-25,418.66,418.66,406.64,408.5,319520,408.5
2019-07-26,405.73,406.64,403.87,405.73,189353,405.73
2019-07-29,403.87,411.27,402.03,404.8,223220,404.8
2019-07-30,410.35,414.97,407.57,408.5,308375,408.5
2019-07-31,403.87,404.8,398.33,398.33,405864,398.33
2019-08-01,395.55,396.48,390.93,392.79,233283,392.79
2019-08-02,386.32,386.32,372.45,376.15,539278,376.15
2019-08-05,375.23,376.15,361.36,367.83,379897,367.83
2019-08-06,356.74,367.83,355.82,367.83,287817,367.83
2019-08-07,369.67,371.53,364.13,367.83,301017,367.83
2019-08-08,365.99,373.38,365.06,368.76,228306,368.76
2019-08-09,390.93,402.03,389.09,395.55,559186,395.55
2019-08-13,391.86,392.79,385.39,386.32,368966,386.32
2019-08-14,388.16,392.79,387.25,390.93,295173,390.93
2019-08-15,383.54,392.79,383.54,388.16,293335,388.16
2019-08-16,387.25,392.79,385.39,386.32,148236,386.32
2019-08-19,388.16,390.93,388.16,389.09,128111,389.09
2019-08-20,390.02,395.55,390.02,395.55,113396,395.55
2019-08-21,390.02,391.86,388.16,390.02,167713,390.02
2019-08-22,390.02,393.71,388.16,392.79,177559,392.79
2019-08-23,395.55,399.26,393.71,398.33,248756,398.33
2019-08-26,388.16,395.55,388.16,391.86,222787,391.86
2019-08-27,395.55,397.41,390.02,391.86,195737,391.86
2019-08-28,390.02,392.79,390.02,391.86,114694,391.86
2019-08-29,389.09,390.93,379.84,389.09,203636,389.09
2019-08-30,392.79,394.63,388.16,391.86,221705,391.86
2019-09-02,389.09,391.86,387.25,387.25,147803,387.25
2019-09-03,386.32,391.86,385.39,391.86,145639,391.86
2019-09-04,387.25,394.63,384.47,387.25,318004,387.25
2019-09-05,390.93,396.48,389.09,395.55,197144,395.55
2019-09-06,395.55,398.33,387.25,390.02,242047,390.02
2019-09-09,390.02,399.26,388.16,397.41,395261,397.41
2019-09-10,399.26,406.64,397.41,402.95,254815,402.95
2019-09-11,402.95,410.35,399.26,409.42,309239,409.42
2019-09-12,415.89,433.45,414.97,418.66,933131,418.66
2019-09-13,422.36,425.13,415.89,422.36,384224,422.36
2019-09-17,417.74,425.13,414.97,418.66,291819,418.66
2019-09-18,421.44,421.44,410.35,413.12,243887,413.12
2019-09-19,411.27,426.99,411.27,421.44,404566,421.44
2019-09-20,427.9,427.9,418.66,418.66,246050,418.66
2019-09-24,423.29,429.75,420.51,423.29,228738,423.29
2019-09-25,425.13,439.0,424.21,438.07,462454,438.07
2019-09-26,440.84,443.61,437.15,439.92,392231,439.92
2019-09-27,439.0,439.0,428.83,436.23,280133,436.23
2019-09-30,429.75,432.52,425.13,431.6,213914,431.6
2019-10-01,430.67,435.3,427.9,431.6,225060,431.6
2019-10-02,421.44,426.06,419.58,422.36,316165,422.36
2019-10-03,412.19,414.04,408.5,414.04,287599,414.04
2019-10-04,411.27,414.04,405.73,411.27,230252,411.27
2019-10-07,413.12,413.12,404.8,413.12,197792,413.12
2019-10-08,414.04,426.99,414.04,419.58,389093,419.58
2019-10-09,415.89,424.21,412.19,424.21,291387,424.21
2019-10-10,427.9,433.45,424.21,429.75,350464,429.75
2019-10-11,431.6,432.52,427.9,428.83,308375,428.83
2019-10-15,436.23,445.46,436.23,439.92,471326,439.92
2019-10-16,445.46,446.39,432.52,437.15,441462,437.15
2019-10-17,434.38,434.38,428.83,433.45,289115,433.45
2019-10-18,437.15,441.77,434.38,440.84,281541,440.84
2019-10-21,441.77,451.93,441.77,451.93,443626,451.93
2019-10-23,451.01,451.93,438.07,451.01,342998,451.01
2019-10-24,452.86,456.55,450.09,456.55,387578,456.55
2019-10-25,455.63,455.63,448.24,451.01,254382,451.01
2019-10-28,456.55,456.55,444.54,444.54,313027,444.54
2019-10-29,450.09,455.63,449.16,454.7,403375,454.7
2019-10-30,457.48,469.49,451.93,466.71,1047608,466.71
2019-10-31,469.49,473.19,467.64,471.35,361719,471.35
2019-11-01,463.94,466.71,461.18,465.8,177559,465.8
2019-11-05,472.27,475.96,470.42,475.04,287167,475.04
2019-11-06,475.96,475.96,470.42,474.12,190327,474.12
2019-11-07,480.58,482.43,471.35,481.51,623133,481.51
2019-11-08,485.2,492.6,478.74,480.58,483012,480.58
2019-11-11,485.2,487.98,482.43,485.2,204176,485.2
2019-11-12,482.43,494.45,482.43,494.45,309566,494.45
2019-11-13,495.38,495.38,485.2,486.13,321900,486.13
2019-11-14,498.14,498.14,479.66,480.58,578338,480.58
2019-11-15,477.81,487.98,477.81,483.36,423717,483.36
2019-11-18,487.98,487.98,475.96,476.89,493290,476.89
2019-11-19,473.19,481.51,470.42,470.42,322008,470.42
2019-11-20,469.49,469.49,461.18,462.1,346353,462.1
2019-11-21,458.41,463.03,456.55,461.18,443518,461.18
2019-11-22,459.33,466.71,455.63,461.18,578338,461.18
2019-11-25,463.94,475.96,463.94,472.27,348518,472.27
2019-11-26,476.89,478.74,467.64,468.57,358905,468.57
2019-11-27,466.71,469.49,464.87,465.8,234581,465.8
2019-11-28,467.64,468.57,461.18,463.94,328392,463.94
2019-11-29,469.49,470.42,463.03,463.03,258602,463.03
2019-12-02,463.94,469.49,463.94,465.8,348842,465.8
2019-12-03,461.18,464.87,454.7,464.87,594569,464.87
2019-12-04,459.33,469.49,454.7,465.8,566435,465.8
2019-12-05,463.03,470.42,458.41,470.42,889958,470.42
2019-12-06,475.04,492.6,475.04,484.29,872862,484.29
2019-12-09,489.83,499.07,489.83,492.6,641960,492.6
2019-12-10,494.45,497.22,487.06,494.45,422311,494.45
2019-12-11,493.52,498.14,489.83,492.6,426206,492.6
2019-12-12,496.3,499.07,489.83,491.67,426964,491.67
2019-12-13,499.07,500.91,492.6,494.45,579420,494.45
2019-12-16,494.45,499.07,489.83,489.83,402835,489.83
2019-12-17,489.83,492.6,487.06,492.6,290630,492.6
2019-12-18,491.67,492.6,483.36,488.9,472192,488.9
2019-12-19,494.45,500.0,490.75,490.75,558644,490.75
2019-12-20,490.75,492.6,485.2,486.13,342566,486.13
2019-12-23,490.75,490.75,477.81,478.74,308808,478.74
2019-12-24,486.13,486.13,477.81,480.58,235230,480.58
2019-12-25,477.81,484.29,471.35,478.74,380979,478.74
2019-12-26,480.58,486.13,479.66,486.13,258277,486.13
2019-12-27,489.83,491.67,486.13,491.67,224952,491.67
2019-12-30,484.29,487.98,483.36,483.36,239342,483.36
2020-01-06,475.04,477.81,472.27,475.96,353928,475.96
2020-01-07,479.66,487.06,477.81,484.29,298961,484.29
2020-01-08,478.74,478.74,467.64,470.42,508763,470.42
2020-01-09,479.66,482.43,477.81,480.58,301234,480.58
2020-01-10,485.2,487.06,478.74,478.74,250811,478.74
2020-01-14,475.96,479.66,471.35,473.19,243887,473.19
2020-01-15,469.49,472.27,465.8,468.57,277861,468.57
2020-01-16,467.64,469.49,466.71,467.64,139797,467.64
2020-01-17,466.71,468.57,463.94,466.71,224085,466.71
2020-01-20,465.8,503.68,465.8,496.3,1536788,496.3
2020-01-21,499.07,521.26,499.07,513.85,1601816,513.85
2020-01-22,541.58,556.37,537.88,551.75,2567407,551.75
2020-01-23,554.52,560.07,538.81,547.13,1635684,547.13
2020-01-24,520.33,534.19,513.85,524.94,1307941,524.94
2020-01-27,515.7,523.1,512.01,515.7,636983,515.7
2020-01-28,506.45,516.62,502.77,509.24,496645,509.24
2020-01-29,505.54,505.54,491.67,493.52,711858,493.52
2020-01-30,491.67,499.07,468.57,476.89,720948,476.89
2020-01-31,482.43,493.52,482.43,484.29,388877,484.29
2020-02-03,469.49,486.13,468.57,478.74,374160,478.74
2020-02-04,482.43,486.13,476.89,486.13,354036,486.13
2020-02-05,487.98,493.52,480.58,481.51,682210,481.51
2020-02-06,482.43,492.6,481.51,485.2,512119,485.2
2020-02-07,485.2,487.98,475.96,485.2,345812,485.2
2020-02-10,485.2,492.6,483.36,487.98,525967,487.98
2020-02-12,492.6,492.6,481.51,482.43,521315,482.43
2020-02-13,487.06,488.9,475.04,476.89,396991,476.89
2020-02-14,475.04,477.81,467.64,474.12,487448,474.12
2020-02-17,472.27,474.12,466.71,467.64,258711,467.64
2020-02-18,466.71,474.12,462.1,463.94,371564,463.94
2020-02-19,463.94,469.49,463.03,463.94,365397,463.94
2020-02-20,472.27,475.04,463.94,463.94,358256,463.94
2020-02-21,463.03,471.35,463.03,468.57,373836,468.57
2020-02-25,443.61,459.33,443.61,450.09,492425,450.09
2020-02-26,444.54,449.16,439.92,447.32,405973,447.32
2020-02-27,441.77,449.16,429.75,433.45,676152,433.45
2020-02-28,415.89,423.29,411.27,416.81,617290,416.81
2020-03-02,411.27,439.0,408.5,431.6,661977,431.6
2020-03-03,441.77,444.54,420.51,420.51,459640,420.51
2020-03-04,411.27,426.06,411.27,422.36,430859,422.36
2020-03-05,427.9,429.75,419.58,419.58,340294,419.58
2020-03-06,415.89,424.21,407.57,407.57,513201,407.57
2020-03-09,390.02,398.33,383.54,389.09,464401,389.09
2020-03-10,381.69,398.33,369.67,395.55,630924,395.55
2020-03-11,394.63,405.73,394.63,394.63,464618,394.63
2020-03-12,392.79,394.63,375.23,378.92,707531,378.92
2020-03-13,360.44,380.77,349.35,373.38,859229,373.38
2020-03-16,370.6,393.71,363.22,363.22,740857,363.22
2020-03-17,353.97,396.48,351.19,391.86,595325,391.86
2020-03-18,391.86,401.1,379.84,383.54,533542,383.54
2020-03-19,392.79,399.26,377.08,379.84,584288,379.84
2020-03-23,387.25,387.25,355.82,378.0,810105,378.0
2020-03-24,385.39,387.25,371.53,378.0,635143,378.0
2020-03-25,393.71,401.1,385.39,401.1,680480,401.1
2020-03-26,396.48,402.03,379.84,393.71,1010170,393.71
2020-03-27,406.64,420.51,403.87,419.58,714347,419.58
2020-03-30,411.94,414.81,396.65,411.94,673586,411.94
2020-03-31,419.58,432.97,412.89,418.63,573877,418.63
2020-04-01,411.94,426.27,399.51,402.38,461299,402.38
2020-04-02,395.69,402.38,387.09,389.0,290862,389.0
2020-04-03,389.96,402.38,382.31,384.22,280923,384.22
2020-04-06,382.31,407.16,382.31,402.38,354893,402.38
2020-04-07,417.67,421.49,405.25,419.58,313357,419.58
2020-04-08,420.54,429.14,410.98,425.32,350499,425.32
2020-04-09,426.27,426.27,413.85,421.49,380946,421.49
2020-04-10,424.36,430.1,416.72,427.23,261148,427.23
2020-04-13,427.23,428.18,418.63,420.54,150976,420.54
2020-04-14,420.54,420.54,405.25,412.89,362008,412.89
2020-04-15,410.03,410.98,395.69,398.56,431376,398.56
2020-04-16,396.65,410.03,396.65,410.03,299128,410.03
2020-04-17,411.94,417.67,401.43,403.34,423633,403.34
2020-04-20,397.6,398.56,389.96,396.65,356463,396.65
2020-04-21,387.09,399.51,387.09,397.6,338153,397.6
2020-04-22,390.91,401.43,389.96,397.6,278830,397.6
2020-04-23,401.43,407.16,397.6,407.16,244512,407.16
2020-04-24,409.07,409.07,394.74,396.65,443721,396.65
2020-04-27,401.43,401.43,393.78,396.65,314822,396.65
2020-04-28,400.47,410.03,397.6,408.12,316705,408.12
2020-04-30,420.54,424.36,412.89,415.76,410136,415.76
2020-05-01,410.98,411.94,402.38,402.38,164996,402.38
2020-05-07,404.29,418.63,401.43,412.89,344744,412.89
2020-05-08,416.72,423.41,412.89,414.81,333968,414.81
2020-05-11,427.23,429.14,422.45,429.14,336061,429.14
2020-05-12,430.1,432.01,427.23,430.1,303208,430.1
2020-05-13,423.41,432.01,421.49,430.1,309486,430.1
2020-05-14,423.41,432.97,394.74,395.69,853544,395.69
2020-05-15,402.38,410.98,387.09,391.87,602544,391.87
2020-05-18,394.74,399.51,389.0,395.69,212288,395.69
2020-05-19,403.34,403.34,397.6,403.34,206219,403.34
2020-05-20,402.38,410.03,399.51,409.07,259893,409.07
2020-05-21,407.16,409.07,401.43,404.29,229028,404.29
2020-05-22,401.43,401.43,392.82,392.82,323715,392.82
2020-05-25,399.51,406.2,396.65,406.2,174308,406.2
2020-05-26,402.38,409.07,399.51,405.25,369960,405.25
2020-05-27,404.29,410.98,401.43,409.07,485363,409.07
2020-05-28,416.72,420.54,409.07,417.67,448115,417.67
2020-05-29,417.67,421.49,410.03,410.03,390049,410.03
2020-06-01,407.16,411.94,402.38,410.98,372052,410.98
2020-06-02,410.98,410.98,406.2,407.16,203289,407.16
2020-06-03,409.07,410.03,399.51,401.43,388165,401.43
2020-06-04,407.16,408.12,394.74,398.56,405428,398.56
2020-06-05,398.56,398.56,389.96,397.6,374250,397.6
2020-06-08,403.34,407.16,397.6,407.16,420285,407.16
2020-06-09,407.16,407.16,398.56,404.29,418088,404.29
2020-06-10,403.34,404.29,399.51,400.47,254243,400.47
2020-06-11,398.56,398.56,389.96,393.78,347883,393.78
2020-06-12,388.05,390.91,383.27,387.09,502208,387.09
2020-06-15,388.05,389.96,375.62,376.58,498546,376.58
2020-06-16,386.13,396.65,384.22,395.69,395384,395.69
2020-06-17,393.78,396.65,388.05,393.78,253615,393.78
2020-06-18,389.96,391.87,384.22,391.87,241687,391.87
2020-06-19,395.69,395.69,387.09,388.05,375714,388.05
2020-06-22,388.05,392.82,388.05,389.0,161648,389.0
2020-06-23,390.91,396.65,387.09,392.82,298186,392.82
2020-06-24,390.91,391.87,388.05,389.96,242525,389.96
2020-06-25,390.91,390.91,381.36,387.09,292850,387.09
2020-06-26,389.0,393.78,385.18,389.96,434409,389.96
2020-06-29,384.22,388.05,382.31,382.31,261776,382.31
2020-06-30,388.05,390.91,383.27,383.27,385131,383.27
2020-07-01,383.27,386.13,374.67,376.58,435352,376.58
2020-07-02,376.58,376.58,367.98,370.84,462659,370.84
2020-07-03,372.76,376.58,367.02,369.89,265438,369.89
2020-07-06,369.89,381.36,368.93,381.36,328319,381.36
2020-07-07,382.31,382.31,372.76,373.71,175459,373.71
2020-07-08,376.58,381.36,373.71,373.71,262403,373.71
2020-07-09,372.76,372.76,365.11,366.07,256963,366.07
2020-07-10,365.11,366.07,356.51,356.51,310009,356.51
2020-07-13,361.29,373.71,361.29,372.76,334909,372.76
2020-07-14,372.76,372.76,367.02,372.76,156417,372.76
2020-07-15,376.58,382.31,371.8,380.4,318484,380.4
2020-07-16,382.31,384.22,373.71,373.71,249535,373.71
2020-07-17,375.62,377.53,369.89,375.62,171692,375.62
2020-07-20,376.58,377.53,370.84,377.53,191049,377.53
2020-07-21,377.53,380.4,373.71,378.49,205382,378.49
2020-07-22,377.53,377.53,373.71,375.62,210090,375.62
2020-07-27,377.53,381.36,368.93,381.36,351545,381.36
2020-07-28,380.4,381.36,375.62,379.44,212706,379.44
2020-07-29,372.76,375.62,365.11,370.84,540083,370.84
2020-07-30,372.76,372.76,365.11,367.02,239804,367.02
2020-07-31,362.24,362.24,348.86,349.82,457323,349.82
2020-08-03,365.11,367.02,352.69,358.42,436712,358.42
2020-08-04,359.38,367.02,357.46,367.02,388792,367.02
2020-08-05,360.33,368.93,360.33,366.07,482328,366.07
2020-08-06,365.11,373.71,365.11,370.84,262927,370.84
2020-08-07,367.02,369.89,364.15,369.89,275168,369.89
2020-08-11,373.71,375.62,367.02,375.62,358451,375.62
2020-08-12,375.62,381.36,375.62,381.36,442885,381.36
2020-08-13,380.4,382.31,372.76,378.49,312311,378.49
2020-08-14,376.58,382.31,372.76,378.49,483271,378.49
2020-08-17,380.4,383.27,376.58,376.58,201825,376.58
2020-08-18,376.58,380.4,375.62,378.49,275586,378.49
2020-08-19,374.67,378.49,372.76,377.53,224424,377.53
2020-08-20,376.58,380.4,376.58,377.53,205696,377.53
2020-08-21,376.58,381.36,376.58,377.53,222437,377.53
2020-08-24,376.58,380.4,376.58,378.49,176086,378.49
2020-08-25,380.4,385.18,379.44,381.36,302266,381.36
2020-08-26,378.49,381.36,374.67,380.4,226308,380.4
2020-08-27,376.58,377.53,370.84,377.53,281760,377.53
2020-08-28,375.62,381.36,372.76,375.62,448326,375.62
2020-08-31,376.58,387.09,376.58,386.13,480446,386.13
2020-09-01,380.4,380.4,374.67,378.49,340873,378.49
2020-09-02,379.44,379.44,373.71,374.67,250895,374.67
2020-09-03,375.62,381.36,375.62,375.62,452301,375.62
2020-09-04,371.8,381.36,369.89,380.4,291804,380.4
2020-09-07,379.44,386.13,378.49,382.31,279771,382.31
2020-09-08,380.4,385.18,379.44,385.18,173470,385.18
2020-09-09,380.4,386.13,379.44,384.22,276738,384.22
2020-09-10,385.18,386.13,381.36,386.13,241583,386.13
2020-09-11,383.27,389.96,382.31,388.05,285631,388.05
2020-09-14,388.05,396.65,388.05,392.82,409613,392.82
2020-09-15,392.82,395.69,391.87,395.69,215427,395.69
2020-09-16,395.69,397.6,391.87,392.82,412229,392.82
2020-09-17,394.74,397.6,393.78,396.65,185608,396.65
2020-09-18,396.65,405.25,394.74,405.25,425621,405.25
2020-09-23,401.43,401.43,395.69,395.69,355207,395.69
2020-09-24,395.69,398.56,394.74,396.65,269309,396.65
2020-09-25,396.65,406.2,396.65,400.47,436816,400.47
2020-09-28,402.38,410.03,400.47,410.03,463915,410.03
2020-09-29,409.07,410.03,405.25,406.2,287933,406.2
2020-09-30,405.25,407.16,391.87,391.87,560276,391.87
2020-10-02,391.87,397.6,390.91,390.91,469042,390.91
2020-10-05,397.6,410.03,397.6,406.2,324866,406.2
2020-10-06,406.2,410.03,404.29,410.03,211869,410.03
2020-10-07,410.03,411.94,406.2,410.98,191885,410.98
2020-10-08,409.07,413.85,407.16,413.85,311788,413.85
2020-10-09,412.89,412.89,407.16,408.12,329469,408.12
2020-10-12,407.16,410.03,404.29,405.25,169599,405.25
2020-10-13,403.34,408.12,402.38,406.2,279039,406.2
2020-10-14,404.29,408.12,403.34,405.25,232167,405.25
2020-10-15,403.34,404.29,400.47,403.34,233422,403.34
2020-10-16,402.38,407.16,402.38,405.25,180481,405.25
2020-10-19,401.43,407.16,400.47,405.25,310951,405.25
2020-10-20,400.47,403.34,392.82,393.78,541757,393.78
2020-10-21,393.78,396.65,391.87,393.78,351127,393.78
2020-10-22,391.87,398.56,386.13,396.65,326226,396.65
2020-10-23,394.74,397.6,389.96,391.87,469983,391.87
2020-10-26,386.13,399.51,386.13,394.74,245035,394.74
2020-10-27,389.0,389.96,384.22,389.96,276633,389.96
2020-10-28,383.27,385.18,379.44,384.22,272343,384.22
2020-10-29,378.49,383.27,378.49,380.4,231015,380.4
2020-10-30,379.44,383.27,375.62,380.4,204859,380.4
2020-11-02,380.4,388.05,380.4,383.27,190002,383.27
2020-11-04,386.13,389.0,381.36,384.22,200360,384.22
2020-11-05,387.09,393.78,380.4,393.78,345163,393.78
2020-11-06,389.96,390.91,384.22,389.96,219088,389.96
2020-11-09,389.96,392.82,385.18,392.82,373831,392.82
2020-11-10,398.56,402.38,393.78,399.51,501580,399.51
2020-11-11,401.43,404.29,393.78,399.51,490595,399.51
2020-11-12,401.43,402.38,379.44,386.13,773086,386.13
2020-11-13,386.13,392.82,383.27,389.0,401976,389.0
2020-11-16,393.78,397.6,389.96,393.78,340769,393.78
2020-11-17,393.78,395.69,387.09,388.05,315659,388.05
2020-11-18,387.09,389.0,378.49,379.44,230702,379.44
2020-11-19,380.4,382.31,375.62,375.62,215113,375.62
2020-11-20,377.53,381.36,375.62,377.53,171797,377.53
2020-11-24,386.13,386.13,380.4,380.4,308230,380.4
2020-11-25,388.05,388.05,377.53,377.53,323610,377.53
2020-11-26,374.67,381.36,373.71,379.44,236875,379.44
2020-11-27,379.44,383.27,378.49,379.44,269204,379.44
2020-11-30,381.36,381.36,378.49,379.44,455649,379.44
2020-12-01,381.36,389.96,381.36,385.18,308230,385.18
2020-12-02,390.91,401.43,386.13,386.13,427190,386.13
2020-12-03,388.05,402.38,384.22,399.51,682689,399.51
2020-12-04,396.65,399.51,392.82,394.74,325180,394.74
2020-12-07,394.74,398.56,393.78,394.74,184980,394.74
2020-12-08,393.78,398.56,392.82,395.69,125028,395.69
2020-12-09,398.56,402.38,397.6,400.47,189374,400.47
2020-12-10,400.47,412.89,397.6,410.98,416728,410.98
2020-12-11,407.16,409.07,402.38,408.12,360648,408.12
2020-12-14,407.16,415.76,407.16,410.03,301220,410.03
2020-12-15,407.16,411.94,406.2,408.12,306556,408.12
2020-12-16,415.76,415.76,408.12,408.12,296616,408.12
2020-12-17,404.29,404.29,397.6,402.38,581305,402.38
2020-12-18,396.65,400.47,394.74,397.6,368076,397.6
2020-12-21,399.51,404.29,396.65,401.43,390990,401.43
2020-12-22,401.43,406.2,395.69,395.69,352697,395.69
2020-12-23,397.6,400.47,394.74,399.51,276843,399.51
2020-12-24,396.65,406.2,396.65,400.47,182364,400.47
2020-12-25,400.47,405.25,400.47,405.25,128272,405.25
2020-12-28,407.16,410.03,402.38,405.25,200464,405.25
2020-12-29,407.16,412.89,405.25,411.94,289711,411.94
2020-12-30,413.85,422.45,411.94,419.58,427504,419.58
2021-01-04,422.45,424.36,414.81,417.67,307079,417.67
2021-01-05,415.76,422.45,409.07,416.72,357928,416.72
2021-01-06,416.72,418.63,411.94,418.63,242420,418.63
2021-01-07,425.32,441.57,424.36,436.8,626504,436.8
2021-01-08,439.66,443.49,434.88,442.53,473959,442.53
2021-01-12,439.66,446.35,435.84,445.4,444244,445.4
2021-01-13,447.31,460.69,444.44,460.69,559962,460.69
2021-01-14,460.69,464.51,454.95,464.51,720669,464.51
2021-01-15,474.07,475.98,462.6,467.38,551068,467.38
2021-01-18,463.55,472.16,462.6,469.29,236561,469.29
2021-01-19,472.16,478.85,469.29,472.16,691791,472.16
2021-01-20,472.16,474.07,468.33,472.16,476679,472.16
2021-01-21,473.11,477.89,470.24,473.11,485886,473.11
2021-01-22,468.33,475.98,467.38,473.11,324342,473.11
2021-01-25,473.11,475.98,468.33,473.11,228714,473.11
2021-01-26,474.07,483.62,473.11,477.89,641048,477.89
2021-01-27,478.85,489.36,477.89,489.36,890896,489.36
2021-01-28,497.0,504.65,491.27,497.96,1486222,497.96
2021-01-29,497.96,498.91,485.54,491.27,742326,491.27
2021-02-01,484.58,493.18,482.67,487.45,762205,487.45
2021-02-02,491.27,508.47,488.4,499.87,810647,499.87
2021-02-03,503.69,514.21,501.78,514.21,611857,514.21
2021-02-04,515.16,515.16,506.56,510.38,378330,510.38
2021-02-05,513.25,518.03,509.43,512.29,460043,512.29
2021-02-08,515.16,524.72,511.34,521.85,688862,521.85
2021-02-09,521.85,552.44,512.29,550.53,1532885,550.53
2021-02-10,540.97,546.71,526.63,539.06,839943,539.06
2021-02-12,541.93,541.93,531.42,535.24,431690,535.24
2021-02-15,537.15,549.58,536.2,542.89,614368,542.89
2021-02-16,547.66,556.27,542.89,547.66,524494,547.66
2021-02-17,544.8,550.53,540.02,548.62,320262,548.62
2021-02-18,546.71,546.71,519.94,529.51,774132,529.51
2021-02-19,515.16,530.46,515.16,518.03,454393,518.03
2021-02-22,520.9,536.2,520.9,528.55,530457,528.55
2021-02-24,525.67,527.59,514.21,516.12,385654,516.12
2021-02-25,528.55,529.51,520.9,526.63,422482,526.63
2021-02-26,520.9,532.37,517.07,520.9,658102,520.9
2021-03-01,529.51,542.89,527.59,542.89,839001,542.89
2021-03-02,543.84,550.53,537.15,545.75,702673,545.75
2021-03-03,546.71,565.82,542.89,554.35,771727,554.35
2021-03-04,545.75,559.13,544.8,548.62,533491,548.62
2021-03-05,545.75,560.09,545.75,559.13,415159,559.13
2021-03-08,565.82,575.38,557.22,562.96,668251,562.96
2021-03-09,572.51,573.47,558.18,561.04,676516,561.04
2021-03-10,558.18,558.18,538.11,551.49,768065,551.49
2021-03-11,557.22,571.56,551.49,562.96,585595,562.96
2021-03-12,565.82,565.82,554.35,562.0,566658,562.0
2021-03-15,567.73,585.89,565.82,585.89,725272,585.89
2021-03-16,587.8,587.8,577.29,580.16,480027,580.16
2021-03-17,581.11,585.89,579.2,585.89,281550,585.89
2021-03-18,586.85,588.76,578.25,584.94,393397,584.94
2021-03-19,583.02,591.63,578.25,590.67,562369,590.67
2021-03-22,591.63,599.27,586.85,595.45,566972,595.45
2021-03-23,599.27,599.27,583.98,584.94,576179,584.94
2021-03-24,578.25,578.25,564.87,566.78,542908,566.78
2021-03-25,576.33,588.76,576.33,583.02,375296,583.02
2021-03-26,587.8,587.8,581.11,585.89,367763,585.89
2021-03-29,589.71,591.63,570.6,576.33,878759,576.33
2021-03-30,568.53,578.29,565.61,576.33,458887,576.33
2021-03-31,575.36,575.36,559.76,560.73,385157,560.73
2021-04-01,555.86,561.71,551.96,558.78,391925,558.78
2021-04-02,560.73,565.61,557.81,557.81,217702,557.81
2021-04-05,560.73,574.38,560.73,571.46,367109,571.46
2021-04-06,575.36,575.36,559.76,559.76,289176,559.76
2021-04-07,554.88,565.61,553.91,564.63,253388,564.63
2021-04-08,557.81,560.73,553.91,554.88,225495,554.88
2021-04-09,553.91,556.83,550.98,552.93,289176,552.93
2021-04-12,559.76,563.66,553.91,562.68,162328,562.68
2021-04-13,562.68,565.61,558.78,558.78,152484,558.78
2021-04-14,560.73,560.73,553.91,556.83,151253,556.83
2021-04-15,557.81,564.63,556.83,559.76,129001,559.76
2021-04-16,564.63,564.63,556.83,557.81,175044,557.81
2021-04-19,559.76,564.63,557.81,559.76,289176,559.76
2021-04-20,559.76,559.76,550.98,553.91,242210,553.91
2021-04-21,546.1,546.1,538.3,542.2,373057,542.2
2021-04-22,548.05,550.0,542.2,544.15,262617,544.15
2021-04-23,537.33,552.93,534.4,550.0,467501,550.0
2021-04-26,563.66,574.38,560.73,562.68,1035802,562.68
2021-04-27,559.76,582.19,557.81,575.36,674538,575.36
2021-04-28,577.31,577.31,567.56,570.48,227751,570.48
2021-04-30,571.46,575.36,567.56,570.48,301071,570.48
2021-05-06,570.48,578.29,566.58,571.46,368750,571.46
2021-05-07,570.48,583.16,568.53,579.26,379107,579.26
2021-05-10,583.16,584.14,578.29,578.29,346908,578.29
2021-05-11,575.36,578.29,568.53,572.43,326399,572.43
2021-05-12,572.43,577.31,556.83,565.61,718427,565.61
2021-05-13,526.6,550.98,503.2,538.3,897880,538.3
2021-05-14,551.96,573.41,550.0,569.51,445453,569.51
2021-05-17,564.63,571.46,555.86,556.83,324451,556.83
2021-05-18,559.76,562.68,550.98,558.78,286407,558.78
2021-05-19,550.0,562.68,547.08,555.86,313889,555.86
2021-05-20,558.78,572.43,556.83,568.53,308864,568.53
2021-05-21,568.53,579.26,567.56,571.46,274512,571.46
2021-05-24,572.43,578.29,570.48,572.43,259438,572.43
2021-05-25,569.51,569.51,562.68,562.68,265693,562.68
2021-05-26,559.76,559.76,552.93,555.86,191553,555.86
2021-05-27,552.93,554.88,537.33,537.33,617728,537.33
2021-05-28,551.96,555.86,541.23,551.96,782722,551.96
2021-05-31,552.93,557.81,545.13,546.1,300866,546.1
2021-06-01,548.05,551.96,542.2,550.98,258822,550.98
2021-06-02,549.03,554.88,545.13,550.98,239236,550.98
2021-06-03,550.98,560.73,548.05,548.05,268462,548.05
2021-06-04,546.1,551.96,543.18,551.96,248363,551.96
2021-06-07,551.96,561.71,550.0,552.93,209806,552.93
2021-06-08,553.91,562.68,552.93,556.83,193707,556.83
2021-06-09,555.86,565.61,555.86,556.83,223342,556.83
2021-06-10,555.86,559.76,553.91,554.88,276460,554.88
2021-06-11,554.88,568.53,554.88,561.71,348959,561.71
2021-06-14,560.73,570.48,553.91,561.71,343319,561.71
2021-06-15,566.58,572.43,562.68,562.68,256361,562.68
2021-06-16,569.51,576.33,566.58,572.43,212062,572.43
2021-06-17,565.61,572.43,561.71,563.66,211549,563.66
2021-06-18,567.56,569.51,555.86,557.81,258925,557.81
2021-06-21,549.03,552.93,546.1,546.1,180376,546.1
2021-06-22,563.66,563.66,555.86,561.71,143357,561.71
2021-06-23,551.96,559.76,547.08,549.03,266206,549.03
2021-06-24,554.88,561.71,553.91,557.81,173608,557.81
2021-06-25,561.71,562.68,555.86,555.86,132898,555.86
2021-06-28,556.83,568.53,556.83,567.56,140589,567.56
2021-06-29,559.76,562.68,556.83,559.76,135461,559.76
2021-06-30,563.66,564.63,552.93,552.93,113107,552.93
2021-07-01,557.81,559.76,553.91,553.91,221189,553.91
2021-07-02,561.71,568.53,559.76,567.56,204884,567.56
2021-07-05,564.63,570.48,564.63,566.58,91162,566.58
2021-07-06,568.53,569.51,565.61,569.51,59271,569.51
2021-07-07,559.76,566.58,557.81,560.73,102955,560.73
2021-07-08,561.71,565.61,559.76,560.73,108902,560.73
2021-07-09,553.91,562.68,551.96,562.68,219855,562.68
2021-07-12,563.66,570.48,561.71,565.61,284766,565.61
2021-07-13,569.51,575.36,568.53,575.36,277075,575.36
2021-07-14,574.38,581.21,571.46,574.38,176889,574.38
2021-07-15,578.29,583.16,574.38,579.26,244159,579.26
2021-07-16,571.46,579.26,570.48,572.43,129001,572.43
2021-07-19,565.61,565.61,555.86,557.81,234724,557.81
2021-07-20,551.96,557.81,550.98,554.88,174941,554.88
2021-07-21,561.71,565.61,558.78,559.76,182529,559.76
2021-07-26,574.38,577.31,567.56,576.33,290816,576.33
2021-07-27,578.29,578.29,569.51,572.43,157611,572.43
2021-07-28,569.51,570.48,564.63,569.51,111158,569.51
2021-07-29,571.46,575.36,568.53,572.43,124592,572.43
2021-07-30,572.43,574.38,566.58,569.51,188067,569.51
2021-08-02,569.51,580.24,568.53,579.26,150946,579.26
2021-08-03,577.31,583.16,575.36,581.21,203448,581.21
2021-08-04,580.24,580.24,575.36,578.29,93418,578.29
2021-08-05,568.53,568.53,553.91,554.88,331014,554.88
2021-08-06,554.88,557.81,539.28,541.23,525233,541.23
2021-08-10,539.28,549.03,536.35,539.28,353984,539.28
2021-08-11,540.25,551.96,540.25,548.05,238826,548.05
2021-08-12,557.81,560.73,550.0,550.0,173198,550.0
2021-08-13,557.81,557.81,548.05,548.05,203961,548.05
2021-08-16,550.98,550.98,535.38,538.3,295226,538.3
2021-08-17,538.3,547.08,533.43,535.38,264052,535.38
2021-08-18,530.5,545.13,530.5,539.28,206320,539.28
2021-08-19,535.38,535.38,524.65,524.65,242313,524.65
2021-08-20,525.63,532.45,519.77,519.77,220983,519.77
2021-08-23,521.72,529.53,521.72,521.72,240057,521.72
2021-08-24,528.55,535.38,528.55,530.5,217497,530.5
2021-08-25,530.5,532.45,525.63,527.58,175454,527.58
2021-08-26,527.58,530.5,524.65,529.53,101929,529.53
2021-08-27,532.45,537.33,531.48,537.33,126950,537.33
2021-08-30,537.33,546.1,537.33,544.15,142742,544.15
2021-08-31,544.15,553.91,544.15,550.0,212677,550.0
2021-09-01,553.91,556.83,546.1,548.05,222829,548.05
2021-09-02,546.1,548.05,539.28,542.2,223137,542.2
2021-09-03,539.28,553.91,536.35,550.0,290611,550.0
2021-09-06,559.76,560.73,553.91,557.81,194219,557.81
2021-09-07,561.71,561.71,552.93,553.91,228162,553.91
2021-09-08,554.88,561.71,552.93,561.71,240364,561.71
2021-09-09,555.86,559.76,550.98,556.83,217907,556.83
2021-09-10,552.93,560.73,552.93,560.73,277691,560.73
2021-09-13,557.81,566.58,556.83,566.58,276460,566.58
2021-09-14,566.58,575.36,564.63,573.41,314196,573.41
2021-09-15,567.56,568.53,558.78,561.71,184478,561.71
2021-09-16,564.63,565.61,557.81,562.68,243748,562.68
2021-09-17,562.68,567.56,558.78,565.61,302096,565.61
2021-09-21,555.86,563.66,553.91,558.78,334808,558.78
2021-09-22,558.78,560.73,553.91,555.86,260771,555.86
2021-09-24,565.61,573.41,565.61,570.48,343422,570.48
2021-09-27,574.38,581.21,571.46,572.43,259335,572.43
2021-09-28,574.38,582.19,570.48,581.21,379005,581.21
2021-09-29,573.41,580.24,572.43,580.24,292867,580.24
2021-09-30,579.26,588.04,572.43,573.41,241287,573.41
2021-10-01,568.53,569.51,554.88,556.83,205602,556.83
2021-10-04,566.58,569.51,560.73,564.63,162738,564.63
2021-10-05,560.73,569.51,559.76,564.63,191348,564.63
2021-10-06,568.53,574.38,563.66,568.53,256464,568.53
2021-10-07,572.43,577.31,567.56,572.43,262719,572.43
2021-10-08,575.36,580.24,575.36,576.33,209806,576.33
2021-10-11,585.11,586.09,571.46,578.29,183042,578.29
2021-10-12,568.53,578.29,566.58,578.29,131462,578.29
2021-10-13,578.29,583.16,574.38,577.31,129309,577.31
2021-10-14,573.41,574.38,564.63,571.46,93931,571.46
2021-10-15,572.43,575.36,570.48,573.41,74550,573.41
2021-10-18,575.36,577.31,566.58,576.33,148792,576.33
2021-10-19,573.41,577.31,572.43,575.36,99058,575.36
2021-10-20,577.31,577.31,567.56,567.56,183555,567.56
2021-10-21,566.58,570.48,561.71,561.71,164481,561.71
2021-10-22,561.71,565.61,557.81,563.66,158021,563.66
2021-10-25,564.63,569.51,561.71,561.71,143460,561.71
2021-10-26,569.51,571.46,564.63,568.53,101417,568.53
2021-10-27,567.56,567.56,561.71,562.68,87060,562.68
2021-10-28,559.76,562.68,554.88,555.86,178017,555.86
2021-10-29,556.83,557.81,552.93,555.86,99981,555.86
2021-11-01,562.68,565.61,560.73,563.66,74140,563.66
2021-11-02,560.73,563.66,553.91,553.91,119259,553.91
2021-11-04,553.91,566.58,553.91,566.58,151151,566.58
2021-11-05,559.76,560.73,554.88,555.86,74242,555.86
2021-11-08,556.83,557.81,552.93,554.88,68192,554.88
2021-11-09,552.93,553.91,548.05,548.05,162533,548.05
2021-11-10,548.05,550.98,538.3,542.2,234314,542.2
2021-11-11,539.28,544.15,529.53,536.35,297072,536.35
2021-11-12,537.33,569.51,537.33,558.78,471807,558.78
2021-11-15,558.78,559.76,542.2,546.1,153714,546.1
2021-11-16,544.15,548.05,541.23,541.23,140486,541.23
2021-11-17,547.08,550.98,541.23,542.2,156996,542.2
2021-11-18,541.23,546.1,537.33,540.25,108697,540.25
2021-11-19,541.23,543.18,536.35,543.18,114440,543.18
2021-11-22,543.18,548.05,537.33,547.08,138743,547.08
2021-11-24,546.1,548.05,540.25,540.25,162841,540.25
2021-11-25,543.18,544.15,537.33,540.25,199757,540.25
2021-11-26,539.28,539.28,529.53,531.48,300968,531.48
2021-11-29,527.58,535.38,525.63,525.63,653004,525.63
2021-11-30,527.58,539.28,511.0,511.0,577326,511.0
2021-12-01,510.02,533.43,510.02,525.63,297072,525.63
2021-12-02,522.7,537.33,521.72,536.35,456631,536.35
2021-12-03,537.33,546.1,535.38,546.1,329065,546.1
2021-12-06,548.05,550.0,539.28,545.13,349677,545.13
2021-12-07,551.96,571.46,551.96,571.46,338089,571.46
2021-12-08,574.38,578.29,567.56,573.41,306813,573.41
2021-12-09,571.46,577.31,567.56,572.43,278408,572.43
2021-12-10,576.33,576.33,563.66,565.61,135051,565.61
2021-12-13,573.41,575.36,565.61,567.56,169301,567.56
2021-12-14,570.48,571.46,564.63,566.58,154330,566.58
2021-12-15,564.63,573.41,564.63,564.63,120285,564.63
2021-12-16,570.48,570.48,564.63,567.56,138435,567.56
2021-12-17,567.56,569.51,559.76,565.61,173608,565.61
2021-12-20,558.78,558.78,551.96,551.96,164276,551.96
2021-12-21,558.78,558.78,550.98,552.93,172685,552.93
2021-12-22,555.86,558.78,551.96,552.93,122951,552.93
2021-12-23,559.76,560.73,556.83,560.73,67064,560.73
2021-12-24,562.68,562.68,554.88,554.88,57220,554.88
2021-12-27,558.78,558.78,552.93,553.91,87470,553.91
2021-12-28,559.76,562.68,555.86,561.71,96802,561.71
2021-12-29,562.68,569.51,562.68,566.58,85420,566.58
2021-12-30,565.61,567.56,564.63,566.58,92803,566.58
2022-01-04,570.48,571.46,562.68,562.68,95777,562.68
2022-01-05,566.58,566.58,559.76,562.68,76601,562.68
2022-01-06,560.73,565.61,554.88,555.86,97827,555.86
2022-01-07,555.86,559.76,551.96,553.91,89316,553.91
2022-01-11,553.91,555.86,547.08,554.88,138538,554.88
2022-01-12,558.78,564.63,557.81,560.73,137102,560.73
2022-01-13,563.66,563.66,555.86,555.86,73114,555.86
2022-01-14,552.93,556.83,549.03,554.88,119464,554.88
2022-01-17,555.86,562.68,552.93,554.88,58861,554.88
2022-01-18,559.76,559.76,547.08,547.08,151458,547.08
2022-01-19,542.2,547.08,539.28,540.25,164481,540.25
2022-01-20,544.15,544.15,537.33,538.3,193604,538.3
2022-01-21,536.35,541.23,530.5,538.3,148895,538.3
2022-01-24,537.33,547.08,537.33,546.1,94649,546.1
2022-01-25,544.15,544.15,535.38,542.2,165302,542.2
2022-01-26,540.25,547.08,539.28,541.23,104288,541.23
2022-01-27,541.23,544.15,533.43,536.35,252157,536.35
2022-01-28,540.25,550.98,538.3,548.05,256361,548.05
2022-01-31,546.1,556.83,543.18,554.88,178325,554.88
2022-02-01,548.05,557.81,547.08,554.88,198424,554.88
2022-02-02,553.91,558.78,550.98,558.78,145408,558.78
2022-02-03,557.81,566.58,557.81,561.71,229187,561.71
2022-02-04,565.61,565.61,558.78,562.68,158226,562.68
2022-02-07,562.68,565.61,561.71,563.66,129001,563.66
2022-02-08,563.66,565.61,560.73,563.66,239339,563.66
2022-02-09,565.61,569.51,562.68,566.58,279434,566.58
2022-02-10,565.61,570.48,561.71,570.48,156483,570.48
2022-02-14,565.61,569.51,564.63,566.58,156893,566.58
2022-02-15,568.53,570.48,563.66,563.66,145921,563.66
2022-02-16,571.46,574.38,570.48,572.43,107672,572.43
2022-02-17,574.38,578.29,572.43,574.38,164584,574.38
2022-02-18,574.38,578.29,573.41,575.36,122848,575.36
2022-02-21,574.38,577.31,572.43,577.31,74345,577.31
2022-02-22,575.36,579.26,570.48,578.29,353574,578.29
2022-02-24,576.33,578.29,571.46,577.31,213190,577.31
2022-02-25,578.29,579.26,573.41,575.36,141614,575.36
2022-02-28,578.29,583.16,576.33,583.16,222419,583.16
2022-03-01,585.11,587.06,580.24,583.16,317068,583.16
2022-03-02,579.26,583.16,577.31,580.24,155047,580.24
2022-03-03,585.11,589.99,583.16,589.01,179966,589.01
2022-03-04,586.09,589.01,583.16,585.11,280767,585.11
2022-03-07,581.21,581.21,568.53,569.51,182017,569.51
2022-03-08,563.66,565.61,553.91,559.76,283331,559.76
2022-03-09,559.76,564.63,556.83,558.78,179555,558.78
2022-03-10,570.48,576.33,567.56,576.33,200885,576.33
2022-03-11,569.51,578.29,569.51,576.33,189297,576.33
2022-03-14,580.24,585.11,578.29,582.19,135769,582.19
2022-03-15,586.09,586.09,577.31,580.24,93008,580.24
2022-03-16,584.14,584.14,578.29,580.24,140486,580.24
2022-03-17,587.06,588.04,578.29,580.24,230725,580.24
2022-03-18,580.24,584.14,578.29,584.14,268359,584.14
2022-03-22,587.06,681.66,585.11,681.66,336859,681.66
2022-03-23,764.55,770.4,756.74,768.45,13871506,768.45
2022-03-24,812.33,812.33,770.4,785.02,4386445,785.02
2022-03-25,770.4,786.98,767.47,777.22,6127856,777.22
2022-03-28,777.22,789.9,777.22,780.15,1812064,780.15
2022-03-29,791.85,793.8,777.22,786.0,2062273,786.0
2022-03-30,813.0,826.0,803.0,822.0,1554100,822.0
2022-03-31,795.0,799.0,771.0,775.0,6546700,775.0
2022-04-01,790.0,822.0,790.0,815.0,3919200,815.0
2022-04-04,818.0,824.0,809.0,821.0,1650900,821.0
2022-04-05,830.0,844.0,816.0,840.0,2882300,840.0
2022-04-06,826.0,834.0,815.0,822.0,1367300,822.0
2022-04-07,827.0,842.0,822.0,842.0,2428400,842.0
2022-04-08,842.0,853.0,833.0,834.0,2602400,834.0
2022-04-11,839.0,853.0,837.0,847.0,2724400,847.0
2022-04-12,847.0,860.0,833.0,837.0,1730400,837.0
2022-04-13,832.0,874.0,826.0,862.0,2038600,862.0
2022-04-14,850.0,906.0,850.0,900.0,3586500,900.0
2022-04-15,885.0,915.0,883.0,915.0,938400,915.0
2022-04-18,915.0,998.0,909.0,950.0,2420700,950.0
2022-04-19,931.0,955.0,915.0,937.0,1771300,937.0
2022-04-20,922.0,956.0,921.0,939.0,1157800,939.0
2022-04-21,945.0,949.0,936.0,937.0,1181700,937.0
2022-04-22,940.0,969.0,937.0,956.0,1248700,956.0
2022-04-25,959.0,984.0,956.0,972.0,1067700,972.0
2022-04-26,964.0,971.0,935.0,946.0,1047500,946.0
2022-04-27,939.0,965.0,934.0,934.0,1782500,934.0
2022-04-28,945.0,953.0,927.0,931.0,1075100,931.0
2022-05-02,929.0,933.0,905.0,913.0,852200,913.0
2022-05-06,926.0,927.0,898.0,906.0,388800,906.0
2022-05-09,905.0,905.0,875.0,889.0,413200,889.0
2022-05-10,893.0,906.0,886.0,894.0,395500,894.0
2022-05-11,886.0,891.0,854.0,855.0,483500,855.0
2022-05-12,848.0,855.0,827.0,841.0,545200,841.0
2022-05-13,838.0,861.0,830.0,850.0,413500,850.0
2022-05-16,841.0,848.0,813.0,825.0,637500,825.0
2022-05-17,825.0,825.0,784.0,808.0,1170900,808.0
2022-05-18,811.0,855.0,810.0,841.0,765800,841.0
2022-05-19,897.0,952.0,880.0,921.0,3019900,921.0
2022-05-20,925.0,943.0,916.0,930.0,861500,930.0
2022-05-23,930.0,930.0,897.0,927.0,481300,927.0
2022-05-24,925.0,931.0,913.0,917.0,392200,917.0
2022-05-25,887.0,887.0,846.0,872.0,528200,872.0
2022-05-26,870.0,876.0,858.0,858.0,228500,858.0
2022-05-27,871.0,877.0,838.0,864.0,480200,864.0
2022-05-30,864.0,874.0,838.0,859.0,570100,859.0
2022-05-31,862.0,873.0,833.0,833.0,501600,833.0
2022-06-01,848.0,858.0,845.0,850.0,290600,850.0
2022-06-02,843.0,848.0,838.0,840.0,156500,840.0
2022-06-03,840.0,853.0,839.0,849.0,210300,849.0
2022-06-06,836.0,848.0,821.0,836.0,177500,836.0
2022-06-07,839.0,843.0,830.0,834.0,60700,834.0
2022-06-08,838.0,850.0,834.0,840.0,163600,840.0
2022-06-09,835.0,850.0,826.0,826.0,377200,826.0
2022-06-10,819.0,830.0,811.0,824.0,309300,824.0
2022-06-13,820.0,826.0,808.0,810.0,183700,810.0
2022-06-14,805.0,818.0,799.0,802.0,192900,802.0
2022-06-15,802.0,818.0,793.0,795.0,252400,795.0
2022-06-16,797.0,809.0,792.0,802.0,115400,802.0
2022-06-17,792.0,818.0,789.0,810.0,348800,810.0
2022-06-20,814.0,816.0,798.0,803.0,176600,803.0
2022-06-21,811.0,815.0,805.0,806.0,224600,806.0
2022-06-22,811.0,812.0,802.0,806.0,186900,806.0
2022-06-23,802.0,810.0,801.0,804.0,140100,804.0
2022-06-24,841.0,880.0,838.0,870.0,458700,870.0
2022-06-27,874.0,875.0,841.0,853.0,258700,853.0
2022-06-28,850.0,868.0,847.0,861.0,151300,861.0
2022-06-29,864.0,868.0,852.0,856.0,275700,856.0
2022-06-30,876.0,894.0,873.0,889.0,323600,889.0
2022-07-01,874.0,878.0,853.0,865.0,398700,865.0
2022-07-04,875.0,875.0,859.0,870.0,107700,870.0
2022-07-05,873.0,875.0,866.0,868.0,110100,868.0
2022-07-06,857.0,869.0,856.0,866.0,132100,866.0
2022-07-07,870.0,871.0,856.0,862.0,120400,862.0
2022-07-08,862.0,872.0,858.0,861.0,190100,861.0
2022-07-11,870.0,883.0,868.0,874.0,239600,874.0
2022-07-12,866.0,873.0,864.0,868.0,121000,868.0
2022-07-13,868.0,877.0,859.0,866.0,119200,866.0
2022-07-14,864.0,871.0,860.0,860.0,115200,860.0
2022-07-15,862.0,866.0,854.0,859.0,169500,859.0
2022-07-19,860.0,867.0,856.0,858.0,116000,858.0
2022-07-20,869.0,871.0,863.0,865.0,137400,865.0
2022-07-21,864.0,873.0,858.0,871.0,70700,871.0
2022-07-22,877.0,889.0,869.0,869.0,120300,869.0
2022-07-25,860.0,872.0,859.0,864.0,120900,864.0
2022-07-26,861.0,872.0,860.0,868.0,101100,868.0
2022-07-27,868.0,896.0,857.0,880.0,264800,880.0
2022-07-28,880.0,885.0,861.0,877.0,166700,877.0
2022-07-29,877.0,877.0,864.0,868.0,83900,868.0
2022-08-01,866.0,876.0,863.0,869.0,98700,869.0
2022-08-02,867.0,873.0,864.0,865.0,115400,865.0
2022-08-03,871.0,876.0,863.0,875.0,116500,875.0
2022-08-04,880.0,887.0,875.0,876.0,129800,876.0
2022-08-05,876.0,883.0,873.0,874.0,135500,874.0
2022-08-08,872.0,895.0,872.0,878.0,133100,878.0
2022-08-09,878.0,891.0,864.0,865.0,229100,865.0
2022-08-10,865.0,881.0,861.0,865.0,289900,865.0
2022-08-12,877.0,883.0,860.0,865.0,183700,865.0
2022-08-15,865.0,865.0,857.0,859.0,116100,859.0
2022-08-16,864.0,867.0,851.0,862.0,120900,862.0
2022-08-17,865.0,867.0,852.0,859.0,201900,859.0
2022-08-18,855.0,865.0,853.0,853.0,149900,853.0
2022-08-19,862.0,870.0,859.0,867.0,83400,867.0
2022-08-22,868.0,870.0,856.0,860.0,94500,860.0
2022-08-23,863.0,869.0,854.0,859.0,84600,859.0
2022-08-24,862.0,868.0,859.0,867.0,59600,867.0
2022-08-25,867.0,871.0,864.0,864.0,31900,864.0
2022-08-26,875.0,893.0,875.0,880.0,152200,880.0
2022-08-29,865.0,872.0,863.0,863.0,108100,863.0
2022-08-30,866.0,872.0,862.0,871.0,88000,871.0
2022-08-31,865.0,869.0,859.0,859.0,117700,859.0
2022-09-01,860.0,874.0,859.0,869.0,152000,869.0
2022-09-02,870.0,875.0,865.0,870.0,93100,870.0
2022-09-05,870.0,877.0,867.0,870.0,140700,870.0
2022-09-06,873.0,878.0,868.0,871.0,105800,871.0
2022-09-07,870.0,872.0,861.0,864.0,147700,864.0
2022-09-08,870.0,875.0,863.0,865.0,118400,865.0
2022-09-09,865.0,873.0,862.0,868.0,163000,868.0
2022-09-12,871.0,874.0,867.0,872.0,80100,872.0
2022-09-13,870.0,874.0,864.0,866.0,256500,866.0
2022-09-14,851.0,859.0,847.0,854.0,263700,854.0
2022-09-15,857.0,862.0,854.0,854.0,79900,854.0
2022-09-16,855.0,865.0,850.0,850.0,210900,850.0
2022-09-20,860.0,868.0,858.0,862.0,141900,862.0
2022-09-21,856.0,874.0,856.0,869.0,109300,869.0
2022-09-22,865.0,873.0,859.0,868.0,142400,868.0
2022-09-26,855.0,867.0,855.0,857.0,337400,857.0
2022-09-27,862.0,867.0,849.0,849.0,256300,849.0
2022-09-28,847.0,863.0,847.0,860.0,280800,860.0
2022-09-29,865.0,876.0,861.0,864.0,183600,864.0
2022-09-30,863.0,872.0,851.0,851.0,176300,851.0
2022-10-03,853.0,871.0,853.0,867.0,217000,867.0
2022-10-04,874.0,892.0,874.0,884.0,187800,884.0
2022-10-05,893.0,903.0,892.0,900.0,282100,900.0
2022-10-06,900.0,920.0,898.0,905.0,302300,905.0
2022-10-07,897.0,908.0,889.0,904.0,250200,904.0
2022-10-11,890.0,900.0,873.0,878.0,261500,878.0
2022-10-12,879.0,898.0,875.0,895.0,224800,895.0
2022-10-13,890.0,891.0,875.0,883.0,799500,883.0
2022-10-14,893.0,902.0,888.0,898.0,287700,898.0
2022-10-17,900.0,903.0,888.0,889.0,225700,889.0
2022-10-18,895.0,905.0,891.0,905.0,234300,905.0
2022-10-19,900.0,904.0,896.0,904.0,207800,904.0
2022-10-20,895.0,903.0,894.0,903.0,146200,903.0
2022-10-21,900.0,904.0,898.0,900.0,114600,900.0
2022-10-24,905.0,915.0,898.0,905.0,142900,905.0
2022-10-25,907.0,907.0,899.0,903.0,170500,903.0
2022-10-26,902.0,914.0,901.0,910.0,223800,910.0
2022-10-27,903.0,906.0,880.0,887.0,218400,887.0
2022-10-28,880.0,888.0,869.0,879.0,1706700,879.0
2022-10-31,885.0,901.0,881.0,899.0,193200,899.0
2022-11-01,897.0,904.0,894.0,899.0,74800,899.0
2022-11-02,896.0,907.0,891.0,891.0,149500,891.0
2022-11-04,893.0,909.0,892.0,892.0,193300,892.0
2022-11-07,892.0,899.0,889.0,892.0,154000,892.0
2022-11-08,893.0,900.0,889.0,889.0,283100,889.0
2022-11-09,885.0,887.0,867.0,871.0,142700,871.0
2022-11-10,860.0,874.0,854.0,855.0,173400,855.0
2022-11-11,856.0,869.0,845.0,851.0,407200,851.0
2022-11-14,845.0,855.0,832.0,832.0,198500,832.0
2022-11-15,839.0,844.0,825.0,825.0,152100,825.0
2022-11-16,821.0,826.0,815.0,819.0,163900,819.0
2022-11-17,819.0,827.0,815.0,824.0,131800,824.0
2022-11-18,820.0,828.0,816.0,818.0,148300,818.0
2022-11-21,827.0,838.0,823.0,832.0,78600,832.0
2022-11-22,843.0,857.0,843.0,857.0,89400,857.0
2022-11-24,860.0,868.0,845.0,858.0,175200,858.0
2022-11-25,860.0,864.0,856.0,864.0,58800,864.0
2022-11-28,866.0,866.0,850.0,852.0,46300,852.0
2022-11-29,844.0,849.0,836.0,838.0,123600,838.0
2022-11-30,836.0,849.0,836.0,837.0,106400,837.0
2022-12-01,839.0,839.0,827.0,831.0,124600,831.0
2022-12-02,825.0,832.0,824.0,826.0,177800,826.0
2022-12-05,828.0,834.0,828.0,831.0,138300,831.0
2022-12-06,831.0,836.0,829.0,833.0,89600,833.0
2022-12-07,824.0,833.0,824.0,830.0,53200,830.0
2022-12-08,832.0,832.0,823.0,825.0,85000,825.0
2022-12-09,823.0,836.0,823.0,827.0,101700,827.0
2022-12-12,824.0,841.0,823.0,832.0,71600,832.0
2022-12-13,834.0,845.0,834.0,837.0,41100,837.0
2022-12-14,835.0,845.0,831.0,840.0,297700,840.0
2022-12-15,838.0,846.0,837.0,842.0,115900,842.0
2022-12-16,838.0,840.0,833.0,837.0,335600,837.0
2022-12-19,837.0,845.0,836.0,838.0,45700,838.0
2022-12-20,842.0,846.0,834.0,841.0,144300,841.0
2022-12-21,837.0,843.0,831.0,837.0,127700,837.0
2022-12-22,837.0,841.0,836.0,840.0,62000,840.0
2022-12-23,845.0,849.0,838.0,846.0,47900,846.0
2022-12-26,851.0,854.0,842.0,852.0,29400,852.0
2022-12-27,857.0,861.0,853.0,858.0,53400,858.0
2022-12-28,848.0,861.0,835.0,861.0,130200,861.0
2022-12-29,855.0,864.0,845.0,864.0,84300,864.0
2022-12-30,865.0,870.0,859.0,859.0,89800,859.0
2023-01-04,868.0,893.0,862.0,871.0,242000,871.0
2023-01-05,870.0,871.0,861.0,870.0,105500,870.0
2023-01-06,864.0,868.0,853.0,855.0,94300,855.0
2023-01-10,858.0,858.0,837.0,840.0,90900,840.0
2023-01-11,847.0,852.0,837.0,844.0,98400,844.0
2023-01-12,844.0,851.0,844.0,850.0,101400,850.0
2023-01-13,850.0,867.0,849.0,866.0,114200,866.0
2023-01-16,851.0,866.0,851.0,865.0,42300,865.0
2023-01-17,865.0,871.0,863.0,870.0,77200,870.0
2023-01-18,870.0,877.0,862.0,875.0,103600,875.0
2023-01-19,874.0,875.0,867.0,871.0,117100,871.0
2023-01-20,865.0,880.0,865.0,874.0,81900,874.0
2023-01-23,882.0,895.0,878.0,891.0,111100,891.0
2023-01-24,895.0,909.0,887.0,888.0,127200,888.0
2023-01-25,890.0,893.0,884.0,885.0,46600,885.0
2023-01-26,880.0,885.0,866.0,871.0,49600,871.0
2023-01-27,865.0,880.0,865.0,880.0,71700,880.0
2023-01-30,877.0,877.0,842.0,845.0,230000,845.0
2023-01-31,849.0,860.0,848.0,853.0,148300,853.0
2023-02-01,861.0,861.0,849.0,849.0,70500,849.0
2023-02-02,848.0,864.0,844.0,854.0,72800,854.0
2023-02-03,848.0,853.0,846.0,850.0,59000,850.0
2023-02-06,859.0,862.0,855.0,860.0,57500,860.0
2023-02-07,861.0,885.0,861.0,874.0,132700,874.0
2023-02-08,882.0,883.0,853.0,861.0,106600,861.0
2023-02-09,860.0,880.0,859.0,879.0,48500,879.0
2023-02-10,873.0,886.0,865.0,872.0,472400,872.0
2023-02-13,875.0,886.0,872.0,883.0,96400,883.0
2023-02-14,890.0,890.0,883.0,883.0,45100,883.0
2023-02-15,883.0,906.0,877.0,890.0,411800,890.0
2023-02-16,900.0,916.0,900.0,907.0,143600,907.0
2023-02-17,900.0,904.0,885.0,892.0,88100,892.0
2023-02-20,904.0,911.0,897.0,908.0,99000,908.0
2023-02-21,907.0,913.0,906.0,906.0,61200,906.0
2023-02-22,908.0,916.0,902.0,910.0,176800,910.0
2023-02-24,915.0,920.0,913.0,915.0,69200,915.0
2023-02-27,917.0,917.0,899.0,902.0,52400,902.0
2023-02-28,901.0,903.0,886.0,886.0,226500,886.0
2023-03-01,885.0,899.0,883.0,888.0,213500,888.0
2023-03-02,892.0,899.0,888.0,894.0,115600,894.0
2023-03-03,899.0,899.0,891.0,893.0,86000,893.0
2023-03-06,901.0,910.0,898.0,902.0,111600,902.0
2023-03-07,904.0,917.0,901.0,909.0,109500,909.0
2023-03-08,909.0,909.0,898.0,905.0,102200,905.0
2023-03-09,910.0,910.0,900.0,903.0,166600,903.0
2023-03-10,899.0,908.0,891.0,900.0,186800,900.0
2023-03-13,898.0,902.0,889.0,899.0,84000,899.0
2023-03-14,886.0,896.0,884.0,889.0,136200,889.0
2023-03-15,900.0,904.0,896.0,902.0,45200,902.0
2023-03-16,888.0,905.0,886.0,898.0,115100,898.0
2023-03-17,907.0,912.0,900.0,900.0,112500,900.0
2023-03-20,897.0,902.0,892.0,898.0,70700,898.0
2023-03-22,907.0,908.0,891.0,895.0,102600,895.0
2023-03-23,892.0,905.0,890.0,902.0,185900,902.0
2023-03-24,969.0,969.0,927.0,940.0,877500,940.0
2023-03-27,945.0,945.0,935.0,940.0,460100,940.0
2023-03-28,955.0,957.0,933.0,937.0,299100,937.0
2023-03-29,943.0,943.0,935.0,940.0,225500,940.0
2023-03-30,921.0,921.0,912.0,920.0,217900,920.0
2023-03-31,927.0,927.0,911.0,916.0,216900,916.0
2023-04-03,923.0,923.0,913.0,918.0,134600,918.0
2023-04-04,919.0,928.0,916.0,927.0,174300,927.0
2023-04-05,1062.0,1062.0,964.0,967.0,6085600,967.0
2023-04-06,971.0,984.0,958.0,960.0,1376300,960.0
2023-04-07,963.0,965.0,953.0,957.0,599000,957.0
2023-04-10,958.0,963.0,950.0,955.0,478000,955.0
2023-04-11,962.0,967.0,956.0,957.0,503400,957.0
2023-04-12,954.0,955.0,938.0,950.0,574900,950.0
2023-04-13,950.0,957.0,941.0,950.0,516500,950.0
2023-04-14,955.0,956.0,946.0,948.0,379300,948.0
2023-04-17,948.0,972.0,943.0,965.0,611200,965.0
2023-04-18,970.0,971.0,958.0,971.0,433300,971.0
2023-04-19,970.0,972.0,966.0,967.0,280600,967.0
2023-04-20,969.0,969.0,960.0,964.0,186600,964.0
2023-04-21,963.0,974.0,961.0,974.0,148300,974.0
2023-04-24,979.0,979.0,969.0,973.0,147000,973.0
2023-04-25,975.0,977.0,965.0,969.0,186600,969.0
2023-04-26,964.0,968.0,961.0,968.0,190800,968.0
2023-04-27,974.0,974.0,962.0,966.0,195400,966.0
2023-04-28,968.0,973.0,967.0,973.0,141500,973.0
2023-05-01,975.0,982.0,972.0,974.0,181700,974.0
2023-05-02,976.0,983.0,974.0,977.0,229800,977.0
2023-05-08,979.0,983.0,975.0,977.0,117800,977.0
2023-05-09,976.0,980.0,971.0,980.0,153000,980.0
2023-05-10,980.0,983.0,976.0,976.0,135600,976.0
2023-05-11,977.0,978.0,970.0,972.0,230200,972.0
2023-05-12,981.0,986.0,969.0,971.0,475400,971.0
2023-05-15,976.0,990.0,976.0,988.0,563400,988.0
2023-05-16,993.0,994.0,984.0,987.0,343000,987.0
2023-05-17,989.0,992.0,985.0,989.0,267400,989.0
2023-05-18,993.0,993.0,984.0,987.0,203600,987.0
2023-05-19,988.0,993.0,987.0,987.0,185400,987.0
2023-05-22,990.0,991.0,987.0,989.0,171300,989.0
2023-05-23,990.0,990.0,982.0,985.0,198800,985.0
2023-05-24,983.0,992.0,972.0,987.0,889300,987.0
2023-05-25,990.0,993.0,974.0,974.0,794900,974.0
2023-05-26,984.0,991.0,979.0,990.0,364700,990.0
2023-05-29,989.0,992.0,985.0,989.0,193500,989.0
2023-05-30,989.0,990.0,982.0,987.0,233400,987.0
2023-05-31,986.0,989.0,981.0,985.0,761300,985.0
2023-06-01,985.0,987.0,982.0,984.0,144600,984.0
2023-06-02,986.0,999.0,986.0,989.0,573700,989.0
2023-06-05,991.0,1000.0,989.0,997.0,632400,997.0
2023-06-06,996.0,1005.0,994.0,1000.0,432900,1000.0
2023-06-07,1000.0,1012.0,997.0,1005.0,365000,1005.0
2023-06-08,1010.0,1015.0,1008.0,1010.0,266100,1010.0
2023-06-09,1012.0,1014.0,1010.0,1010.0,240800,1010.0
2023-06-12,1018.0,1021.0,1013.0,1015.0,458700,1015.0
2023-06-13,1015.0,1024.0,1010.0,1020.0,300300,1020.0
2023-06-14,1030.0,1039.0,1028.0,1033.0,472700,1033.0
2023-06-15,1037.0,1040.0,1030.0,1033.0,458100,1033.0
2023-06-16,1030.0,1036.0,1023.0,1035.0,411400,1035.0
2023-06-19,1040.0,1043.0,1035.0,1038.0,236000,1038.0
2023-06-20,1040.0,1040.0,1035.0,1036.0,198700,1036.0
2023-06-21,1037.0,1058.0,1037.0,1053.0,351100,1053.0
2023-06-22,1060.0,1078.0,1058.0,1075.0,603500,1075.0
2023-06-23,1077.0,1082.0,1067.0,1075.0,643200,1075.0
2023-06-26,1070.0,1076.0,1048.0,1061.0,363500,1061.0
2023-06-27,1060.0,1080.0,1026.0,1070.0,1181100,1070.0
2023-06-28,1098.0,1099.0,1086.0,1091.0,1031600,1091.0
2023-06-29,1100.0,1120.0,1081.0,1088.0,709900,1088.0
2023-06-30,1090.0,1091.0,1071.0,1087.0,471800,1087.0
2023-07-03,1096.0,1103.0,1068.0,1068.0,501800,1068.0
2023-07-04,1066.0,1070.0,1049.0,1052.0,501200,1052.0
2023-07-05,1054.0,1055.0,1029.0,1031.0,508500,1031.0
2023-07-06,1029.0,1039.0,1017.0,1030.0,582100,1030.0
2023-07-07,1029.0,1053.0,1023.0,1040.0,388200,1040.0
2023-07-10,1048.0,1048.0,1031.0,1031.0,197100,1031.0
2023-07-11,1035.0,1039.0,1030.0,1038.0,186600,1038.0
2023-07-12,1038.0,1038.0,1025.0,1025.0,164200,1025.0
2023-07-13,1026.0,1032.0,1021.0,1027.0,87300,1027.0
2023-07-14,1028.0,1029.0,1017.0,1025.0,163800,1025.0
2023-07-18,1028.0,1038.0,1028.0,1031.0,123300,1031.0
2023-07-19,1038.0,1056.0,1036.0,1056.0,160900,1056.0
2023-07-20,1054.0,1062.0,1053.0,1059.0,167100,1059.0
2023-07-21,1065.0,1065.0,1057.0,1057.0,215000,1057.0
2023-07-24,1074.0,1079.0,1070.0,1073.0,221300,1073.0
2023-07-25,1080.0,1088.0,1076.0,1081.0,250100,1081.0
2023-07-26,1088.0,1088.0,1080.0,1081.0,135300,1081.0
2023-07-27,1081.0,1081.0,1073.0,1074.0,159000,1074.0
2023-07-28,1072.0,1085.0,1070.0,1074.0,231200,1074.0
2023-07-31,1089.0,1089.0,1077.0,1080.0,203900,1080.0
2023-08-01,1089.0,1092.0,1080.0,1088.0,217800,1088.0
2023-08-02,1091.0,1098.0,1084.0,1084.0,206700,1084.0
2023-08-03,1080.0,1090.0,1077.0,1089.0,194000,1089.0
2023-08-04,1092.0,1099.0,1088.0,1094.0,159900,1094.0
2023-08-07,1099.0,1110.0,1096.0,1103.0,294000,1103.0
2023-08-08,1116.0,1116.0,1101.0,1101.0,220400,1101.0
2023-08-09,1108.0,1108.0,1096.0,1099.0,219100,1099.0
2023-08-10,1083.0,1098.0,1065.0,1085.0,366200,1085.0
2023-08-14,1085.0,1088.0,1066.0,1067.0,358000,1067.0
2023-08-15,1069.0,1074.0,1061.0,1061.0,236900,1061.0
2023-08-16,1060.0,1075.0,1052.0,1064.0,236900,1064.0
2023-08-17,1070.0,1074.0,1058.0,1064.0,176200,1064.0
2023-08-18,1064.0,1066.0,1052.0,1060.0,202500,1060.0
2023-08-21,1062.0,1088.0,1061.0,1074.0,267100,1074.0
2023-08-22,1072.0,1075.0,1065.0,1071.0,210100,1071.0
2023-08-23,1075.0,1083.0,1069.0,1078.0,221500,1078.0
2023-08-24,1076.0,1088.0,1076.0,1077.0,239800,1077.0
2023-08-25,1085.0,1087.0,1072.0,1079.0,259400,1079.0
2023-08-28,1090.0,1093.0,1084.0,1086.0,287900,1086.0
2023-08-29,1094.0,1102.0,1091.0,1095.0,288500,1095.0
2023-08-30,1096.0,1101.0,1094.0,1095.0,269800,1095.0
2023-08-31,1107.0,1116.0,1100.0,1109.0,433700,1109.0
2023-09-01,1110.0,1118.0,1109.0,1115.0,284500,1115.0
2023-09-04,1123.0,1140.0,1117.0,1134.0,370800,1134.0
2023-09-05,1136.0,1138.0,1124.0,1126.0,301600,1126.0
2023-09-06,1130.0,1140.0,1125.0,1137.0,275600,1137.0
2023-09-07,1138.0,1148.0,1135.0,1135.0,290000,1135.0
2023-09-08,1133.0,1140.0,1130.0,1131.0,323700,1131.0
2023-09-11,1136.0,1138.0,1127.0,1129.0,243400,1129.0
2023-09-12,1130.0,1135.0,1128.0,1135.0,173800,1135.0
2023-09-13,1134.0,1137.0,1128.0,1128.0,237900,1128.0
2023-09-14,1134.0,1151.0,1130.0,1145.0,289200,1145.0
2023-09-15,1154.0,1154.0,1145.0,1152.0,447600,1152.0
2023-09-19,1156.0,1183.0,1147.0,1183.0,471100,1183.0
2023-09-20,1196.0,1202.0,1186.0,1193.0,463600,1193.0
2023-09-21,1203.0,1214.0,1199.0,1207.0,543400,1207.0
2023-09-22,1203.0,1218.0,1192.0,1216.0,332200,1216.0
2023-09-25,1231.0,1252.0,1220.0,1241.0,600800,1241.0
2023-09-26,1252.0,1252.0,1222.0,1225.0,616800,1225.0
2023-09-27,1213.0,1222.0,1198.0,1214.0,523600,1214.0
2023-09-28,1208.0,1229.0,1208.0,1229.0,363600,1229.0
2023-09-29,1229.0,1233.0,1214.0,1218.0,404700,1218.0
2023-10-02,1221.0,1232.0,1216.0,1219.0,289100,1219.0
2023-10-03,1218.0,1222.0,1206.0,1219.0,352200,1219.0
2023-10-04,1208.0,1216.0,1208.0,1211.0,593200,1211.0
2023-10-05,1217.0,1237.0,1215.0,1224.0,416200,1224.0
2023-10-06,1224.0,1232.0,1218.0,1227.0,255400,1227.0
2023-10-10,1232.0,1239.0,1227.0,1235.0,384800,1235.0
2023-10-11,1239.0,1239.0,1226.0,1228.0,265000,1228.0
2023-10-12,1223.0,1228.0,1219.0,1225.0,215300,1225.0
2023-10-13,1222.0,1229.0,1217.0,1229.0,278600,1229.0
2023-10-16,1228.0,1229.0,1218.0,1224.0,255000,1224.0
2023-10-17,1228.0,1229.0,1219.0,1225.0,183700,1225.0
2023-10-18,1227.0,1231.0,1223.0,1230.0,178700,1230.0
2023-10-19,1227.0,1233.0,1224.0,1229.0,160800,1229.0
2023-10-20,1224.0,1227.0,1218.0,1227.0,212800,1227.0
2023-10-23,1227.0,1229.0,1222.0,1226.0,180600,1226.0
2023-10-24,1225.0,1232.0,1219.0,1228.0,259800,1228.0
2023-10-25,1226.0,1232.0,1221.0,1224.0,274700,1224.0
2023-10-26,1224.0,1229.0,1222.0,1229.0,251700,1229.0
2023-10-27,1230.0,1232.0,1226.0,1231.0,348000,1231.0
2023-10-30,1230.0,1232.0,1224.0,1225.0,1609300,1225.0
2023-10-31,1229.0,1231.0,1222.0,1229.0,316000,1229.0
2023-11-01,1234.0,1234.0,1221.0,1226.0,387500,1226.0
2023-11-02,1228.0,1229.0,1223.0,1224.0,377500,1224.0
2023-11-06,1225.0,1227.0,1222.0,1223.0,397400,1223.0
2023-11-07,1222.0,1225.0,1209.0,1218.0,674000,1218.0
2023-11-08,1217.0,1220.0,1196.0,1210.0,702600,1210.0
2023-11-09,1201.0,1217.0,1195.0,1217.0,553900,1217.0
2023-11-10,1214.0,1219.0,1205.0,1215.0,518900,1215.0
2023-11-13,1217.0,1231.0,1214.0,1231.0,568200,1231.0
2023-11-14,1232.0,1245.0,1232.0,1243.0,580200,1243.0
2023-11-15,1245.0,1259.0,1237.0,1251.0,500800,1251.0
2023-11-16,1246.0,1251.0,1225.0,1237.0,350300,1237.0
2023-11-17,1243.0,1248.0,1239.0,1243.0,281900,1243.0
2023-11-20,1240.0,1248.0,1238.0,1246.0,228400,1246.0
2023-11-21,1246.0,1252.0,1241.0,1247.0,224000,1247.0
2023-11-22,1251.0,1372.0,1250.0,1326.0,1132400,1326.0
2023-11-24,1298.0,1305.0,1284.0,1297.0,415100,1297.0
2023-11-27,1300.0,1312.0,1293.0,1310.0,275600,1310.0
2023-11-28,1314.0,1319.0,1299.0,1318.0,218400,1318.0
2023-11-29,1316.0,1316.0,1302.0,1305.0,225400,1305.0
2023-11-30,1302.0,1333.0,1302.0,1330.0,317600,1330.0
2023-12-01,1340.0,1362.0,1335.0,1360.0,272700,1360.0
2023-12-04,1360.0,1362.0,1346.0,1359.0,161900,1359.0
2023-12-05,1359.0,1361.0,1325.0,1325.0,241300,1325.0
2023-12-06,1323.0,1340.0,1323.0,1337.0,234600,1337.0
2023-12-07,1327.0,1334.0,1323.0,1327.0,149400,1327.0
2023-12-08,1312.0,1324.0,1300.0,1300.0,275900,1300.0
2023-12-11,1323.0,1325.0,1304.0,1319.0,128100,1319.0
2023-12-12,1321.0,1330.0,1293.0,1302.0,242500,1302.0
2023-12-13,1296.0,1320.0,1296.0,1314.0,169500,1314.0
2023-12-14,1323.0,1323.0,1294.0,1301.0,170100,1301.0
2023-12-15,1264.0,1276.0,1231.0,1233.0,494000,1233.0
2023-12-18,1221.0,1228.0,1206.0,1228.0,289300,1228.0
2023-12-19,1216.0,1224.0,1203.0,1215.0,188500,1215.0
2023-12-20,1214.0,1218.0,1204.0,1207.0,249400,1207.0
2023-12-21,1090.0,1122.0,1070.0,1100.0,2282200,1100.0
2023-12-22,1135.0,1138.0,1111.0,1124.0,1193300,1124.0
2023-12-25,1140.0,1151.0,1130.0,1151.0,686900,1151.0
2023-12-26,1160.0,1175.0,1141.0,1150.0,644600,1150.0
2023-12-27,1146.0,1162.0,1145.0,1153.0,494100,1153.0
2023-12-28,1153.0,1171.0,1143.0,1168.0,474700,1168.0
2023-12-29,1176.0,1197.0,1166.0,1193.0,526000,1193.0
2024-01-04,1223.0,1224.0,1198.0,1217.0,737700,1217.0
2024-01-05,1235.0,1254.0,1227.0,1243.0,856100,1243.0
2024-01-09,1273.0,1277.0,1251.0,1264.0,818800,1264.0
2024-01-10,1270.0,1270.0,1252.0,1254.0,578200,1254.0
2024-01-11,1259.0,1262.0,1252.0,1255.0,700900,1255.0
2024-01-12,1257.0,1260.0,1246.0,1252.0,526200,1252.0
2024-01-15,1255.0,1271.0,1251.0,1270.0,702200,1270.0
2024-01-16,1276.0,1281.0,1256.0,1256.0,634100,1256.0
2024-01-17,1260.0,1269.0,1255.0,1258.0,575600,1258.0
2024-01-18,1264.0,1268.0,1260.0,1262.0,334500,1262.0
2024-01-19,1269.0,1275.0,1259.0,1273.0,528900,1273.0
2024-01-22,1274.0,1288.0,1273.0,1279.0,490700,1279.0
2024-01-23,1294.0,1315.0,1290.0,1298.0,691300,1298.0
2024-01-24,1297.0,1299.0,1285.0,1299.0,505400,1299.0
2024-01-25,1293.0,1307.0,1289.0,1301.0,424200,1301.0
2024-01-26,1311.0,1314.0,1294.0,1295.0,495600,1295.0
2024-01-29,1299.0,1304.0,1287.0,1289.0,734300,1289.0
2024-01-30,1294.0,1314.0,1291.0,1309.0,625700,1309.0
2024-01-31,1313.0,1313.0,1295.0,1301.0,795900,1301.0
2024-02-01,1301.0,1306.0,1288.0,1295.0,566300,1295.0
2024-02-02,1293.0,1295.0,1275.0,1283.0,710900,1283.0
2024-02-05,1293.0,1295.0,1272.0,1279.0,1128600,1279.0
2024-02-06,1279.0,1282.0,1268.0,1268.0,853600,1268.0
2024-02-07,1270.0,1275.0,1256.0,1257.0,1026100,1257.0
2024-02-08,1260.0,1305.0,1238.0,1259.0,1612100,1259.0
2024-02-09,1261.0,1293.0,1248.0,1258.0,1198400,1258.0
2024-02-13,1263.0,1274.0,1257.0,1266.0,1068100,1266.0
2024-02-14,1266.0,1279.0,1262.0,1277.0,592000,1277.0
2024-02-15,1278.0,1289.0,1270.0,1274.0,420500,1274.0
2024-02-16,1277.0,1293.0,1270.0,1281.0,761600,1281.0
2024-02-19,1283.0,1338.0,1283.0,1322.0,1742500,1322.0
2024-02-20,1320.0,1327.0,1315.0,1316.0,454400,1316.0
2024-02-21,1316.0,1322.0,1312.0,1317.0,396800,1317.0
2024-02-22,1320.0,1327.0,1316.0,1327.0,519700,1327.0
2024-02-26,1347.0,1389.0,1341.0,1380.0,1075400,1380.0
2024-02-27,1381.0,1390.0,1372.0,1382.0,612200,1382.0
2024-02-28,1380.0,1424.0,1377.0,1419.0,808000,1419.0
2024-02-29,1411.0,1428.0,1403.0,1428.0,550400,1428.0
2024-03-01,1430.0,1444.0,1414.0,1423.0,584900,1423.0
2024-03-04,1430.0,1430.0,1398.0,1403.0,786100,1403.0
2024-03-05,1399.0,1408.0,1390.0,1401.0,528600,1401.0
2024-03-06,1413.0,1420.0,1404.0,1410.0,584100,1410.0
2024-03-07,1413.0,1418.0,1400.0,1403.0,412100,1403.0
2024-03-08,1393.0,1409.0,1386.0,1400.0,585300,1400.0
2024-03-11,1393.0,1398.0,1362.0,1377.0,670600,1377.0
2024-03-12,1368.0,1368.0,1340.0,1361.0,587500,1361.0
2024-03-13,1382.0,1382.0,1343.0,1348.0,446400,1348.0
2024-03-14,1350.0,1359.0,1341.0,1358.0,280300,1358.0
2024-03-15,1350.0,1375.0,1348.0,1368.0,356800,1368.0
2024-03-18,1379.0,1387.0,1373.0,1383.0,431000,1383.0
2024-03-19,1392.0,1407.0,1390.0,1397.0,675500,1397.0
2024-03-21,1417.0,1437.0,1409.0,1437.0,980700,1437.0
2024-03-22,1440.0,1442.0,1415.0,1425.0,1019900,1425.0
2024-03-25,1425.0,1444.0,1416.0,1435.0,921100,1435.0
2024-03-26,1432.0,1441.0,1423.0,1435.0,785100,1435.0
2024-03-27,1440.0,1444.0,1428.0,1428.0,2043000,1428.0
2024-03-28,1335.0,1351.0,1294.0,1294.0,2851700,1294.0
2024-03-29,1311.0,1333.0,1299.0,1312.0,888900,1312.0
2024-04-01,1320.0,1324.0,1286.0,1287.0,612100,1287.0
2024-04-02,1288.0,1289.0,1256.0,1260.0,648800,1260.0
2024-04-03,1250.0,1268.0,1243.0,1255.0,560900,1255.0
2024-04-04,1258.0,1268.0,1255.0,1265.0,439700,1265.0
2024-04-05,1246.0,1257.0,1241.0,1253.0,387000,1253.0
2024-04-08,1260.0,1272.0,1252.0,1262.0,349100,1262.0
2024-04-09,1261.0,1268.0,1257.0,1261.0,348900,1261.0
2024-04-10,1257.0,1260.0,1249.0,1250.0,344200,1250.0
2024-04-11,1241.0,1267.0,1240.0,1267.0,408900,1267.0
2024-04-12,1260.0,1266.0,1246.0,1255.0,332500,1255.0
2024-04-15,1250.0,1256.0,1246.0,1256.0,189500,1256.0
2024-04-16,1250.0,1255.0,1228.0,1231.0,489100,1231.0
2024-04-17,1228.0,1239.0,1211.0,1222.0,473000,1222.0
2024-04-18,1228.0,1239.0,1221.0,1230.0,263000,1230.0
2024-04-19,1240.0,1240.0,1195.0,1215.0,665400,1215.0
2024-04-22,1233.0,1252.0,1228.0,1245.0,574500,1245.0
2024-04-23,1246.0,1254.0,1239.0,1247.0,324900,1247.0
2024-04-24,1254.0,1271.0,1249.0,1268.0,421900,1268.0
2024-04-25,1264.0,1272.0,1254.0,1263.0,380300,1263.0
2024-04-26,1264.0,1286.0,1264.0,1286.0,386600,1286.0
2024-04-30,1286.0,1288.0,1265.0,1279.0,379900,1279.0
2024-05-01,1277.0,1278.0,1263.0,1266.0,228900,1266.0
2024-05-02,1261.0,1262.0,1252.0,1259.0,202800,1259.0
2024-05-07,1264.0,1276.0,1260.0,1273.0,315500,1273.0
2024-05-08,1275.0,1280.0,1264.0,1268.0,431700,1268.0
2024-05-09,1269.0,1286.0,1263.0,1286.0,394400,1286.0
2024-05-10,1290.0,1375.0,1286.0,1353.0,2090600,1353.0
2024-05-13,1355.0,1375.0,1349.0,1365.0,1044100,1365.0
2024-05-14,1365.0,1365.0,1337.0,1345.0,635600,1345.0
2024-05-15,1348.0,1354.0,1337.0,1345.0,426600,1345.0
2024-05-16,1347.0,1355.0,1340.0,1352.0,397700,1352.0
2024-05-17,1345.0,1368.0,1345.0,1365.0,429900,1365.0
2024-05-20,1370.0,1386.0,1366.0,1380.0,412600,1380.0
2024-05-21,1380.0,1395.0,1378.0,1385.0,422500,1385.0
2024-05-22,1389.0,1417.0,1369.0,1402.0,881900,1402.0
2024-05-23,1406.0,1412.0,1393.0,1397.0,411400,1397.0
2024-05-24,1389.0,1408.0,1387.0,1396.0,388300,1396.0
2024-05-27,1399.0,1405.0,1390.0,1400.0,385300,1400.0
2024-05-28,1404.0,1414.0,1403.0,1407.0,443600,1407.0
2024-05-29,1412.0,1417.0,1386.0,1386.0,1424500,1386.0
2024-05-30,1357.0,1387.0,1349.0,1369.0,1601200,1369.0
2024-05-31,1391.0,1395.0,1375.0,1383.0,1456300,1383.0
2024-06-03,1396.0,1396.0,1376.0,1387.0,286400,1387.0
2024-06-04,1377.0,1386.0,1376.0,1378.0,204600,1378.0
2024-06-05,1372.0,1372.0,1354.0,1367.0,416300,1367.0
2024-06-06,1377.0,1377.0,1357.0,1357.0,289800,1357.0
2024-06-07,1350.0,1358.0,1349.0,1352.0,257100,1352.0
2024-06-10,1358.0,1374.0,1353.0,1370.0,295700,1370.0
2024-06-11,1369.0,1372.0,1352.0,1353.0,306500,1353.0
2024-06-12,1353.0,1358.0,1350.0,1358.0,231500,1358.0
2024-06-13,1360.0,1360.0,1330.0,1340.0,400500,1340.0
2024-06-14,1341.0,1384.0,1341.0,1382.0,473900,1382.0
2024-06-17,1382.0,1390.0,1367.0,1382.0,410200,1382.0
2024-06-18,1387.0,1391.0,1376.0,1383.0,212800,1383.0
2024-06-19,1389.0,1409.0,1386.0,1392.0,374800,1392.0
2024-06-20,1408.0,1427.0,1404.0,1427.0,707300,1427.0
2024-06-21,1427.0,1434.0,1401.0,1401.0,357000,1401.0
2024-06-24,1407.0,1416.0,1404.0,1412.0,254100,1412.0
2024-06-25,1412.0,1423.0,1408.0,1421.0,304000,1421.0
2024-06-26,1430.0,1430.0,1417.0,1421.0,240700,1421.0
2024-06-27,1420.0,1437.0,1417.0,1437.0,348600,1437.0
2024-06-28,1441.0,1441.0,1426.0,1437.0,346100,1437.0
2024-07-01,1437.0,1470.0,1431.0,1470.0,747700,1470.0
2024-07-02,1470.0,1476.0,1460.0,1468.0,437500,1468.0
2024-07-03,1468.0,1488.0,1462.0,1488.0,336500,1488.0
2024-07-04,1492.0,1505.0,1481.0,1505.0,480900,1505.0
2024-07-05,1502.0,1502.0,1481.0,1482.0,530700,1482.0
2024-07-08,1482.0,1486.0,1471.0,1482.0,284600,1482.0
2024-07-09,1480.0,1492.0,1469.0,1473.0,355700,1473.0
2024-07-10,1475.0,1482.0,1468.0,1479.0,334100,1479.0
2024-07-11,1490.0,1491.0,1465.0,1480.0,377600,1480.0
2024-07-12,1482.0,1503.0,1482.0,1496.0,450700,1496.0
2024-07-16,1505.0,1538.0,1504.0,1538.0,516400,1538.0
2024-07-17,1553.0,1555.0,1529.0,1534.0,476300,1534.0
2024-07-18,1531.0,1554.0,1530.0,1542.0,474100,1542.0
2024-07-19,1549.0,1551.0,1526.0,1535.0,394400,1535.0
2024-07-22,1538.0,1549.0,1522.0,1524.0,459900,1524.0
2024-07-23,1525.0,1555.0,1519.0,1551.0,595800,1551.0
2024-07-24,1550.0,1553.0,1525.0,1525.0,372900,1525.0
2024-07-25,1510.0,1513.0,1483.0,1508.0,594700,1508.0
2024-07-26,1494.0,1520.0,1482.0,1506.0,312700,1506.0
2024-07-29,1520.0,1539.0,1514.0,1532.0,195700,1532.0
2024-07-30,1539.0,1541.0,1513.0,1517.0,203600,1517.0
2024-07-31,1508.0,1538.0,1504.0,1538.0,244000,1538.0
2024-08-01,1516.0,1517.0,1480.0,1485.0,427400,1485.0
2024-08-02,1430.0,1445.0,1407.0,1414.0,644600,1414.0
2024-08-05,1352.0,1368.0,1251.0,1258.0,1046300,1258.0
2024-08-06,1370.0,1421.0,1355.0,1401.0,906900,1401.0
2024-08-07,1387.0,1444.0,1336.0,1349.0,1079100,1349.0
2024-08-08,1335.0,1383.0,1323.0,1356.0,466600,1356.0
2024-08-09,1398.0,1410.0,1378.0,1403.0,520600,1403.0
2024-08-13,1422.0,1425.0,1391.0,1402.0,314400,1402.0
2024-08-14,1396.0,1413.0,1393.0,1409.0,273200,1409.0
2024-08-15,1402.0,1419.0,1397.0,1412.0,209000,1412.0
2024-08-16,1442.0,1445.0,1418.0,1429.0,251200,1429.0
2024-08-19,1428.0,1440.0,1411.0,1416.0,282200,1416.0
2024-08-20,1417.0,1424.0,1403.0,1419.0,221100,1419.0
2024-08-21,1402.0,1417.0,1401.0,1413.0,195100,1413.0
2024-08-22,1419.0,1423.0,1413.0,1418.0,142200,1418.0
2024-08-23,1418.0,1438.0,1418.0,1429.0,202500,1429.0
2024-08-26,1424.0,1434.0,1408.0,1413.0,320800,1413.0
2024-08-27,1415.0,1430.0,1405.0,1428.0,150000,1428.0
2024-08-28,1427.0,1427.0,1407.0,1415.0,275300,1415.0
2024-08-29,1420.0,1420.0,1407.0,1408.0,194300,1408.0
2024-08-30,1417.0,1431.0,1413.0,1428.0,221900,1428.0
2024-09-02,1433.0,1434.0,1404.0,1407.0,331000,1407.0
2024-09-03,1418.0,1418.0,1409.0,1415.0,161300,1415.0
2024-09-04,1400.0,1404.0,1375.0,1376.0,525800,1376.0
2024-09-05,1375.0,1392.0,1367.0,1382.0,285000,1382.0
2024-09-06,1382.0,1391.0,1375.0,1377.0,197100,1377.0
2024-09-09,1350.0,1371.0,1349.0,1370.0,334500,1370.0
2024-09-10,1370.0,1381.0,1355.0,1355.0,239300,1355.0
2024-09-11,1348.0,1350.0,1320.0,1326.0,577100,1326.0
2024-09-12,1354.0,1354.0,1325.0,1329.0,303500,1329.0
2024-09-13,1329.0,1336.0,1329.0,1336.0,236300,1336.0
2024-09-17,1350.0,1356.0,1329.0,1342.0,308600,1342.0
2024-09-18,1351.0,1366.0,1345.0,1356.0,181200,1356.0
2024-09-19,1363.0,1374.0,1356.0,1356.0,269800,1356.0
2024-09-20,1375.0,1375.0,1357.0,1363.0,256000,1363.0
2024-09-24,1373.0,1380.0,1366.0,1366.0,250800,1366.0
2024-09-25,1363.0,1364.0,1342.0,1352.0,364200,1352.0
2024-09-26,1361.0,1376.0,1357.0,1376.0,409500,1376.0
2024-09-27,1350.0,1361.0,1346.0,1351.0,268300,1351.0
2024-09-30,1312.0,1338.0,1310.0,1334.0,486900,1334.0
2024-10-01,1335.0,1353.0,1335.0,1349.0,289500,1349.0
2024-10-02,1344.0,1366.0,1340.0,1353.0,258900,1353.0
2024-10-03,1369.0,1370.0,1351.0,1352.0,213700,1352.0
2024-10-04,1350.0,1357.0,1342.0,1355.0,261600,1355.0
2024-10-07,1355.0,1368.0,1355.0,1363.0,264700,1363.0
2024-10-08,1355.0,1362.0,1339.0,1345.0,231400,1345.0
2024-10-09,1349.0,1354.0,1339.0,1346.0,120600,1346.0
2024-10-10,1345.0,1348.0,1336.0,1348.0,151300,1348.0
2024-10-11,1350.0,1361.0,1342.0,1347.0,167000,1347.0
2024-10-15,1353.0,1353.0,1343.0,1347.0,157500,1347.0
2024-10-16,1343.0,1360.0,1337.0,1337.0,176400,1337.0
2024-10-17,1342.0,1343.0,1330.0,1330.0,161200,1330.0
2024-10-18,1336.0,1341.0,1333.0,1338.0,99700,1338.0
2024-10-21,1339.0,1339.0,1327.0,1327.0,123900,1327.0
2024-10-22,1327.0,1327.0,1315.0,1319.0,195800,1319.0
2024-10-23,1318.0,1319.0,1305.0,1305.0,271100,1305.0
2024-10-24,1300.0,1302.0,1285.0,1296.0,340300,1296.0
2024-10-25,1292.0,1295.0,1275.0,1281.0,252900,1281.0
2024-10-28,1277.0,1302.0,1275.0,1298.0,200300,1298.0
2024-10-29,1300.0,1310.0,1300.0,1302.0,149900,1302.0
2024-10-30,1309.0,1314.0,1300.0,1305.0,816900,1305.0
2024-10-31,1315.0,1317.0,1301.0,1313.0,178400,1313.0
2024-11-01,1305.0,1309.0,1287.0,1288.0,258700,1288.0
2024-11-05,1300.0,1315.0,1290.0,1315.0,238800,1315.0
2024-11-06,1315.0,1327.0,1305.0,1313.0,241400,1313.0
2024-11-07,1320.0,1341.0,1317.0,1335.0,349300,1335.0
2024-11-08,1340.0,1342.0,1316.0,1319.0,319800,1319.0
2024-11-11,1317.0,1335.0,1273.0,1296.0,612100,1296.0
2024-11-12,1294.0,1321.0,1290.0,1308.0,295500,1308.0
2024-11-13,1308.0,1311.0,1285.0,1289.0,276100,1289.0
2024-11-14,1296.0,1300.0,1283.0,1284.0,211900,1284.0
2024-11-15,1290.0,1295.0,1284.0,1286.0,315600,1286.0
2024-11-18,1286.0,1303.0,1286.0,1299.0,214200,1299.0
2024-11-19,1299.0,1315.0,1299.0,1313.0,166500,1313.0
2024-11-20,1304.0,1309.0,1293.0,1301.0,194100,1301.0
2024-11-21,1301.0,1302.0,1288.0,1288.0,230900,1288.0
2024-11-22,1291.0,1300.0,1285.0,1297.0,198100,1297.0
2024-11-25,1305.0,1307.0,1280.0,1280.0,344200,1280.0
2024-11-26,1280.0,1284.0,1270.0,1276.0,372200,1276.0
2024-11-27,1270.0,1275.0,1262.0,1268.0,310000,1268.0
2024-11-28,1268.0,1289.0,1268.0,1289.0,193300,1289.0
2024-11-29,1287.0,1290.0,1282.0,1283.0,127100,1283.0
2024-12-02,1282.0,1287.0,1274.0,1279.0,199300,1279.0
2024-12-03,1280.0,1299.0,1280.0,1290.0,261000,1290.0
2024-12-04,1290.0,1296.0,1282.0,1290.0,227500,1290.0
2024-12-05,1297.0,1299.0,1291.0,1293.0,146300,1293.0
2024-12-06,1299.0,1302.0,1293.0,1300.0,135500,1300.0
2024-12-09,1298.0,1301.0,1295.0,1298.0,248500,1298.0
2024-12-10,1300.0,1300.0,1287.0,1288.0,205200,1288.0
2024-12-11,1288.0,1289.0,1282.0,1286.0,170100,1286.0
2024-12-12,1289.0,1299.0,1289.0,1293.0,161100,1293.0
2024-12-13,1288.0,1297.0,1286.0,1291.0,180700,1291.0
2024-12-16,1292.0,1302.0,1289.0,1291.0,153500,1291.0
2024-12-17,1292.0,1296.0,1282.0,1282.0,188600,1282.0
2024-12-18,1282.0,1289.0,1280.0,1280.0,155900,1280.0
2024-12-19,1279.0,1294.0,1276.0,1289.0,198400,1289.0
2024-12-20,1298.0,1315.0,1296.0,1296.0,285300,1296.0
2024-12-23,1303.0,1315.0,1300.0,1312.0,182000,1312.0
2024-12-24,1311.0,1320.0,1310.0,1317.0,140500,1317.0
2024-12-25,1331.0,1331.0,1313.0,1323.0,229200,1323.0
2024-12-26,1324.0,1339.0,1324.0,1339.0,367300,1339.0
2024-12-27,1341.0,1353.0,1335.0,1353.0,258000,1353.0
2024-12-30,1353.0,1361.0,1350.0,1358.0,292400,1358.0
2025-01-06,1370.0,1385.0,1367.0,1381.0,443200,1381.0
2025-01-07,1385.0,1385.0,1370.0,1375.0,260900,1375.0
2025-01-08,1370.0,1371.0,1353.0,1355.0,419700,1355.0
2025-01-09,1361.0,1365.0,1337.0,1343.0,318200,1343.0
2025-01-10,1340.0,1345.0,1329.0,1329.0,312800,1329.0
2025-01-14,1326.0,1330.0,1313.0,1318.0,410400,1318.0
2025-01-15,1317.0,1339.0,1317.0,1335.0,247600,1335.0
2025-01-16,1335.0,1336.0,1313.0,1321.0,371500,1321.0
2025-01-17,1315.0,1324.0,1307.0,1320.0,256200,1320.0
2025-01-20,1320.0,1326.0,1318.0,1320.0,218800,1320.0
2025-01-21,1323.0,1329.0,1319.0,1325.0,181400,1325.0
2025-01-22,1340.0,1350.0,1331.0,1350.0,233000,1350.0
2025-01-23,1350.0,1354.0,1344.0,1350.0,238300,1350.0
2025-01-24,1350.0,1359.0,1350.0,1352.0,198500,1352.0
2025-01-27,1363.0,1374.0,1360.0,1368.0,191300,1368.0
2025-01-28,1366.0,1374.0,1363.0,1367.0,219800,1367.0
2025-01-29,1370.0,1376.0,1364.0,1372.0,160300,1372.0
2025-01-30,1370.0,1390.0,1368.0,1388.0,298000,1388.0
2025-01-31,1389.0,1396.0,1382.0,1396.0,165200,1396.0
2025-02-03,1395.0,1395.0,1379.0,1380.0,331900,1380.0
2025-02-04,1385.0,1388.0,1372.0,1372.0,174800,1372.0
2025-02-05,1375.0,1379.0,1364.0,1365.0,245100,1365.0
2025-02-06,1372.0,1383.0,1370.0,1383.0,205600,1383.0
2025-02-07,1375.0,1388.0,1373.0,1382.0,220200,1382.0
2025-02-10,1388.0,1397.0,1386.0,1396.0,271400,1396.0
2025-02-12,1403.0,1414.0,1322.0,1336.0,960600,1336.0
2025-02-13,1342.0,1355.0,1337.0,1348.0,442900,1348.0
2025-02-14,1352.0,1358.0,1340.0,1346.0,444400,1346.0
2025-02-17,1347.0,1351.0,1340.0,1340.0,266600,1340.0
2025-02-18,1346.0,1351.0,1344.0,1345.0,133400,1345.0
2025-02-19,1347.0,1355.0,1340.0,1340.0,264900,1340.0
2025-02-20,1340.0,1340.0,1325.0,1333.0,361200,1333.0
2025-02-21,1326.0,1326.0,1308.0,1310.0,497700,1310.0
2025-02-25,1310.0,1335.0,1310.0,1325.0,335000,1325.0
2025-02-26,1330.0,1332.0,1314.0,1328.0,231500,1328.0
2025-02-27,1325.0,1346.0,1325.0,1346.0,265500,1346.0
2025-02-28,1345.0,1349.0,1332.0,1340.0,422300,1340.0
2025-03-03,1347.0,1360.0,1345.0,1359.0,270300,1359.0
2025-03-04,1358.0,1363.0,1347.0,1358.0,362600,1358.0
2025-03-05,1360.0,1375.0,1355.0,1365.0,319600,1365.0
2025-03-06,1374.0,1377.0,1359.0,1363.0,314500,1363.0
2025-03-07,1360.0,1369.0,1347.0,1367.0,354600,1367.0
2025-03-10,1376.0,1376.0,1348.0,1350.0,373100,1350.0
2025-03-11,1340.0,1341.0,1326.0,1337.0,444100,1337.0
2025-03-12,1338.0,1346.0,1333.0,1339.0,465600,1339.0
2025-03-13,1343.0,1347.0,1335.0,1337.0,376300,1337.0
2025-03-14,1338.0,1343.0,1334.0,1335.0,461900,1335.0
2025-03-17,1340.0,1347.0,1338.0,1345.0,378300,1345.0
2025-03-18,1352.0,1353.0,1343.0,1350.0,350200,1350.0
2025-03-19,1352.0,1376.0,1352.0,1372.0,595500,1372.0
2025-03-21,1378.0,1390.0,1375.0,1379.0,441000,1379.0
2025-03-24,1379.0,1379.0,1364.0,1372.0,539000,1372.0
2025-03-25,1375.0,1375.0,1360.0,1367.0,469900,1367.0
2025-03-26,1370.0,1370.0,1355.0,1366.0,576200,1366.0
2025-03-27,1355.0,1367.0,1355.0,1363.0,795200,1363.0
2025-03-28,1300.0,1339.0,1290.0,1332.0,1065900,1332.0
2025-03-31,1320.0,1330.0,1309.0,1317.0,497500,1317.0
2025-04-01,1330.0,1338.0,1314.0,1317.0,357300,1317.0
2025-04-02,1316.0,1318.0,1293.0,1295.0,368100,1295.0
2025-04-03,1272.0,1281.0,1262.0,1275.0,620900,1275.0
2025-04-04,1256.0,1265.0,1215.0,1233.0,852800,1233.0
2025-04-07,1137.0,1193.0,1137.0,1161.0,927200,1161.0
2025-04-08,1205.0,1266.0,1205.0,1255.0,852800,1255.0
2025-04-09,1240.0,1248.0,1221.0,1242.0,515400,1242.0
2025-04-10,1297.0,1297.0,1267.0,1288.0,568300,1288.0
2025-04-11,1267.0,1305.0,1244.0,1304.0,638700,1304.0
2025-04-14,1312.0,1323.0,1308.0,1320.0,310300,1320.0
2025-04-15,1324.0,1326.0,1305.0,1305.0,215800,1305.0
2025-04-16,1308.0,1309.0,1291.0,1294.0,308800,1294.0
2025-04-17,1295.0,1306.0,1293.0,1293.0,346300,1293.0
2025-04-18,1299.0,1309.0,1297.0,1305.0,190900,1305.0
2025-04-21,1310.0,1310.0,1294.0,1304.0,168800,1304.0
2025-04-22,1298.0,1312.0,1295.0,1311.0,219900,1311.0
2025-04-23,1316.0,1323.0,1310.0,1318.0,316700,1318.0
2025-04-24,1318.0,1344.0,1313.0,1326.0,608600,1326.0
2025-04-25,1326.0,1335.0,1323.0,1329.0,299100,1329.0
2025-04-28,1324.0,1343.0,1323.0,1337.0,287800,1337.0
2025-04-30,1335.0,1340.0,1321.0,1338.0,327400,1338.0
2025-05-01,1338.0,1347.0,1335.0,1340.0,342500,1340.0
2025-05-02,1340.0,1352.0,1334.0,1346.0,330200,1346.0
2025-05-07,1346.0,1367.0,1341.0,1367.0,670100,1367.0
2025-05-08,1360.0,1374.0,1348.0,1373.0,533300,1373.0
2025-05-09,1374.0,1383.0,1370.0,1377.0,719500,1377.0
2025-05-12,1390.0,1398.0,1381.0,1396.0,833400,1396.0
2025-05-13,1378.0,1390.0,1338.0,1376.0,1689000,1376.0
2025-05-14,1370.0,1371.0,1326.0,1369.0,1217100,1369.0
2025-05-15,1363.0,1385.0,1344.0,1373.0,1010500,1373.0
2025-05-16,1377.0,1380.0,1341.0,1356.0,604900,1356.0
2025-05-19,1347.0,1352.0,1339.0,1352.0,590200,1352.0
2025-05-20,1362.0,1371.0,1346.0,1346.0,587900,1346.0
2025-05-21,1346.0,1360.0,1341.0,1351.0,746000,1351.0
2025-05-22,1349.0,1359.0,1343.0,1358.0,517800,1358.0
2025-05-23,1358.0,1372.0,1347.0,1372.0,698200,1372.0
2025-05-26,1384.0,1392.0,1371.0,1383.0,521100,1383.0
2025-05-27,1386.0,1404.0,1380.0,1404.0,805600,1404.0
2025-05-28,1405.0,1449.0,1404.0,1437.0,1698900,1437.0
2025-05-29,1449.0,1472.0,1449.0,1460.0,1598800,1460.0
2025-05-30,1457.0,1460.0,1433.0,1439.0,1879200,1439.0
2025-06-02,1441.0,1478.0,1441.0,1456.0,753700,1456.0
2025-06-03,1460.0,1466.0,1448.0,1448.0,480300,1448.0
2025-06-04,1449.0,1463.0,1444.0,1452.0,387100,1452.0
2025-06-05,1450.0,1457.0,1433.0,1434.0,493400,1434.0
2025-06-06,1439.0,1470.0,1439.0,1466.0,526100,1466.0
2025-06-09,1473.0,1479.0,1458.0,1459.0,358500,1459.0
2025-06-10,1454.0,1474.0,1454.0,1460.0,413800,1460.0
2025-06-11,1458.0,1465.0,1448.0,1463.0,364600,1463.0
2025-06-12,1463.0,1479.0,1455.0,1474.0,620000,1474.0
2025-06-13,1485.0,1499.0,1470.0,1470.0,515500,1470.0
2025-06-16,1480.0,1492.0,1471.0,1471.0,281100,1471.0
2025-06-17,1471.0,1475.0,1461.0,1467.0,239300,1467.0
2025-06-18,1460.0,1471.0,1458.0,1465.0,198700,1465.0
2025-06-19,1465.0,1470.0,1459.0,1463.0,239800,1463.0
2025-06-20,1460.0,1482.0,1460.0,1467.0,1223200,1467.0
2025-06-23,1467.0,1475.0,1462.0,1466.0,233000,1466.0
2025-06-24,1475.0,1476.0,1453.0,1458.0,293800,1458.0
2025-06-25,1455.0,1455.0,1444.0,1447.0,305200,1447.0
2025-06-26,1450.0,1453.0,1439.0,1446.0,247900,1446.0
2025-06-27,1446.0,1451.0,1431.0,1434.0,389100,1434.0
2025-06-30,1439.0,1449.0,1430.0,1433.0,361200,1433.0
2025-07-01,1435.0,1461.0,1432.0,1452.0,556200,1452.0
2025-07-02,1452.0,1471.0,1440.0,1469.0,519600,1469.0
2025-07-03,1468.0,1475.0,1454.0,1475.0,455400,1475.0
2025-07-04,1475.0,1492.0,1472.0,1485.0,541700,1485.0
2025-07-07,1485.0,1495.0,1466.0,1477.0,384500,1477.0
2025-07-08,1466.0,1492.0,1466.0,1490.0,390900,1490.0
2025-07-09,1490.0,1554.0,1490.0,1544.0,1088400,1544.0
2025-07-10,1540.0,1554.0,1522.0,1554.0,792600,1554.0
2025-07-11,1560.0,1600.0,1559.0,1579.0,1075300,1579.0
2025-07-14,1581.0,1588.0,1566.0,1576.0,370200,1576.0
2025-07-15,1576.0,1585.0,1558.0,1568.0,420800,1568.0
2025-07-16,1567.0,1568.0,1548.0,1548.0,285700,1548.0
2025-07-17,1554.0,1563.0,1541.0,1544.0,281600,1544.0
2025-07-18,1550.0,1552.0,1531.0,1532.0,241400,1532.0
2025-07-22,1532.0,1547.0,1529.0,1533.0,277700,1533.0
2025-07-23,1541.0,1595.0,1533.0,1584.0,915200,1584.0
2025-07-24,1570.0,1630.0,1558.0,1611.0,1121300,1611.0
2025-07-25,1604.0,1615.0,1592.0,1607.0,562600,1607.0
2025-07-28,1610.0,1614.0,1591.0,1595.0,550700,1595.0
2025-07-29,1592.0,1606.0,1583.0,1596.0,331700,1596.0
2025-07-30,1600.0,1623.0,1596.0,1623.0,378700,1623.0
2025-07-31,1625.0,1656.0,1623.0,1653.0,614000,1653.0
2025-08-01,1635.0,1744.0,1635.0,1731.0,1297500,1731.0
2025-08-04,1719.0,1772.0,1711.0,1767.0,1450000,1767.0
2025-08-05,1776.0,1776.0,1743.0,1768.0,1163100,1768.0
2025-08-06,1776.0,1794.0,1760.0,1784.0,975400,1784.0
2025-08-07,1789.0,1821.0,1673.0,1700.0,2908000,1700.0
2025-08-08,1660.0,1664.0,1625.0,1644.0,2174700,1644.0
2025-08-12,1744.0,1745.0,1741.0,1742.0,6257600,1742.0
2025-08-13,1743.0,1744.0,1742.0,1743.0,2544600,1743.0
2025-08-14,1743.0,1744.0,1743.0,1743.0,1192900,1743.0
2025-08-15,1744.0,1744.0,1743.0,1743.0,1159900,1743.0
2025-08-18,1743.0,1744.0,1743.0,1743.0,897800,1743.0
2025-08-19,1744.0,1745.0,1743.0,1745.0,1422900,1745.0
2025-08-20,1745.0,1745.0,1744.0,1744.0,498200,1744.0
2025-08-21,1745.0,1745.0,1744.0,1744.0,403200,1744.0
2025-08-22,1745.0,1745.0,1744.0,1744.0,357600,1744.0
2025-08-25,1745.0,1745.0,1744.0,1744.0,498200,1744.0
2025-08-26,1745.0,1745.0,1744.0,1744.0,500500,1744.0
2025-08-27,1745.0,1745.0,1744.0,1744.0,393900,1744.0
2025-08-28,1744.0,1745.0,1744.0,1744.0,407600,1744.0
2025-08-29,1744.0,1745.0,1744.0,1744.0,571800,1744.0
2025-09-01,1744.0,1745.0,1744.0,1744.0,498400,1744.0
2025-09-02,1744.0,1745.0,1744.0,1744.0,389100,1744.0
2025-09-03,1744.0,1745.0,1744.0,1744.0,645400,1744.0
2025-09-04,1744.0,1745.0,1744.0,1744.0,556900,1744.0
2025-09-05,1745.0,1746.0,1744.0,1744.0,1055800,1744.0
2025-09-08,1745.0,1746.0,1744.0,1744.0,362900,1744.0
2025-09-09,1745.0,1746.0,1744.0,1744.0,445000,1744.0
2025-09-10,1746.0,1746.0,1745.0,1745.0,318300,1745.0
2025-09-11,1746.0,1747.0,1746.0,1746.0,266200,1746.0
2025-09-12,1747.0,1748.0,1746.0,1746.0,435900,1746.0
2025-09-16,1747.0,1749.0,1746.0,1748.0,527300,1748.0
2025-09-17,1748.0,1748.0,1747.0,1747.0,423100,1747.0
2025-09-18,1748.0,1749.0,1747.0,1747.0,667800,1747.0
2025-09-19,1747.0,1749.0,1747.0,1749.0,574600,1749.0
2025-09-22,1744.0,1745.0,1726.0,1728.0,994300,1728.0
2025-09-24,1735.0,1737.0,1731.0,1731.0,184900,1731.0
2025-09-25,1732.0,1737.0,1731.0,1735.0,114800,1735.0
2025-09-26,1733.0,1744.0,1733.0,1743.0,262300,1743.0
2025-09-29,1740.0,1743.0,1739.0,1739.0,190900,1739.0
2025-09-30,1739.0,1742.0,1736.0,1736.0,1019100,1736.0
2025-10-01,1738.0,1740.0,1736.0,1738.0,649200,1738.0
2025-10-02,1739.0,1741.0,1737.0,1739.0,485700,1739.0
2025-10-03,1739.0,1743.0,1739.0,1739.0,308700,1739.0
2025-10-06,1740.0,1742.0,1739.0,1739.0,414400,1739.0
2025-10-07,1740.0,1744.0,1740.0,1743.0,216600,1743.0
2025-10-08,1742.0,1746.0,1740.0,1743.0,489500,1743.0
2025-10-09,1743.0,1745.0,1741.0,1743.0,287900,1743.0
2025-10-10,1743.0,1746.0,1741.0,1745.0,289100,1745.0
2025-10-14,1742.0,1743.0,1740.0,1742.0,203200,1742.0
2025-10-15,1742.0,1743.0,1740.0,1740.0,161400,1740.0
2025-10-16,1742.0,1742.0,1740.0,1742.0,142700,1742.0
2025-10-17,1743.0,1744.0,1741.0,1744.0,146000,1744.0
2025-10-20,1745.0,1750.0,1741.0,1741.0,220200,1741.0
2025-10-21,1741.0,1743.0,1741.0,1742.0,102200,1742.0
2025-10-22,1743.0,1747.0,1741.0,1741.0,365300,1741.0
2025-10-23,1742.0,1743.0,1741.0,1742.0,217100,1742.0
2025-10-24,1743.0,1743.0,1741.0,1741.0,138800,1741.0
2025-10-27,1742.0,1743.0,1741.0,1741.0,151300,1741.0
2025-10-28,1741.0,1742.0,1740.0,1740.0,454300,1740.0
2025-10-29,1741.0,1742.0,1740.0,1741.0,155500,1741.0
2025-10-30,1741.0,1742.0,1740.0,1740.0,3371400,1740.0
