Date,Open,High,Low,Close,Volume,Adj Close
2006-09-19,2746.07,2883.36,2288.38,2288.38,4515853.0,2288.38
2006-09-20,2036.67,2059.54,1830.7,1832.99,3775155.0,1832.99
2006-09-21,1878.76,1887.92,1624.75,1711.71,2044239.0,1711.71
2006-09-22,1649.93,1716.3,1551.53,1595.01,1359475.0,1595.01
2006-09-25,1581.28,1663.65,1487.44,1489.73,891897.0,1489.73
2006-09-26,1505.76,1540.09,1457.7,1530.94,366198.0,1530.94
2006-09-27,1544.66,1556.1,1427.94,1443.97,621836.0,1443.97
2006-09-28,1466.85,1556.1,1425.65,1512.63,761236.0,1512.63
2006-09-29,1535.5,1556.1,1446.26,1453.14,538808.0,1453.14
2006-10-02,1459.98,1476.0,1384.47,1389.04,287540.0,1389.04
2006-10-03,1368.44,1393.62,1324.98,1329.54,320749.0,1329.54
2006-10-04,1354.72,1370.73,1254.03,1265.47,354399.0,1265.47
2006-10-05,1288.34,1292.94,1180.79,1196.82,239907.0,1196.82
2006-10-06,1153.35,1167.08,1073.25,1098.43,284479.0,1098.43
2006-10-10,1064.1,1132.75,1029.77,1045.79,152509.0,1045.79
2006-10-11,1068.68,1098.43,1013.75,1013.75,164745.0,1013.75
2006-10-12,1002.31,1070.95,986.3,1048.09,91330.2,1048.09
2006-10-13,1077.83,1157.93,1052.65,1141.9,239470.0,1141.9
2006-10-16,1164.79,1221.99,1155.63,1185.39,344348.0,1185.39
2006-10-17,1224.29,1274.63,1194.54,1201.39,220680.0,1201.39
2006-10-18,1178.52,1258.6,1173.95,1242.59,184846.0,1242.59
2006-10-19,1288.34,1311.25,1244.88,1272.34,197082.0,1272.34
2006-10-20,1276.91,1281.48,1212.84,1217.41,116237.0,1217.41
2006-10-23,1194.54,1299.8,1187.67,1299.8,191838.0,1299.8
2006-10-24,1322.68,1393.62,1311.25,1320.39,343473.0,1320.39
2006-10-25,1336.42,1357.01,1306.67,1311.25,121920.0,1311.25
2006-10-26,1338.69,1379.89,1338.69,1359.29,153819.0,1359.29
2006-10-27,1368.44,1368.44,1324.98,1329.54,47195.1,1329.54
2006-10-30,1297.5,1313.53,1254.03,1256.33,83901.3,1256.33
2006-10-31,1260.89,1286.07,1217.41,1265.47,41513.5,1265.47
2006-11-01,1251.73,1263.19,1231.15,1244.88,17917.0,1244.88
2006-11-02,1199.11,1203.69,1167.08,1187.67,46319.9,1187.67
2006-11-06,1141.9,1153.35,1128.18,1128.18,46319.9,1128.18
2006-11-07,1157.93,1173.95,1144.2,1164.79,41079.0,1164.79
2006-11-08,1178.52,1201.39,1100.71,1107.58,66859.5,1107.58
2006-11-09,1096.14,1144.2,1096.14,1144.2,35397.4,1144.2
2006-11-10,1167.08,1267.76,1164.79,1203.69,95700.1,1203.69
2006-11-13,1189.96,1189.96,1077.83,1103.0,58993.9,1103.0
2006-11-14,1137.34,1171.64,1123.59,1167.08,56372.4,1167.08
2006-11-15,1189.96,1189.96,1132.75,1137.34,42824.3,1137.34
2006-11-16,1144.2,1144.2,1075.53,1075.53,37145.7,1075.53
2006-11-17,1077.83,1077.83,993.163,995.451,89582.9,995.451
2006-11-20,972.564,972.564,885.602,892.465,104877.0,892.465
2006-11-21,915.362,919.937,858.14,867.301,67732.6,867.301
2006-11-22,869.588,965.701,862.716,951.975,76035.7,951.975
2006-11-24,926.81,940.527,890.187,926.81,52438.1,926.81
2006-11-27,915.362,1013.75,915.362,1013.75,97448.4,1013.75
2006-11-28,995.451,1086.98,995.451,1027.49,104877.0,1027.49
2006-11-29,1052.65,1057.24,1002.31,1006.89,62926.2,1006.89
2006-11-30,1029.77,1038.93,990.875,1002.31,48505.9,1002.31
2006-12-01,1002.31,1011.46,981.715,993.163,35397.4,993.163
2006-12-04,981.715,1080.12,981.715,1077.83,52438.1,1077.83
2006-12-05,1112.15,1164.79,1052.65,1164.79,104439.0,1164.79
2006-12-06,1203.69,1228.85,1178.52,1224.29,194461.0,1224.29
2006-12-07,1244.88,1247.17,1130.45,1148.77,107936.0,1148.77
2006-12-08,1148.77,1231.15,1148.77,1205.99,96137.7,1205.99
2006-12-11,1249.44,1368.44,1224.29,1336.42,311573.0,1336.42
2006-12-12,1343.28,1361.59,1247.17,1270.04,179603.0,1270.04
2006-12-13,1270.04,1320.39,1235.73,1290.64,68606.8,1290.64
2006-12-14,1313.53,1322.68,1224.29,1233.43,60741.3,1233.43
2006-12-15,1233.43,1281.48,1233.43,1249.44,50690.8,1249.44
2006-12-18,1249.44,1254.03,1194.54,1215.14,45883.4,1215.14
2006-12-19,1173.95,1201.39,1114.45,1128.18,54186.5,1128.18
2006-12-20,1125.89,1171.64,1123.59,1167.08,48505.9,1167.08
2006-12-21,1189.96,1395.91,1132.75,1350.14,632762.0,1350.14
2006-12-22,1443.97,1578.99,1430.23,1558.39,943461.0,1558.39
2006-12-25,1695.69,1759.77,1537.79,1606.43,928603.0,1606.43
2006-12-26,1629.33,1645.34,1453.14,1613.31,428686.0,1613.31
2006-12-27,1659.08,1659.08,1395.91,1414.22,249522.0,1414.22
2006-12-28,1423.37,1562.98,1368.44,1469.14,342599.0,1469.14
2006-12-29,1446.26,1466.85,1386.75,1411.93,101819.0,1411.93
2007-01-04,1430.23,1453.14,1338.69,1343.28,100505.0,1343.28
2007-01-05,1315.83,1425.65,1306.67,1338.69,140273.0,1338.69
2007-01-09,1373.03,1416.5,1345.57,1395.91,76473.3,1395.91
2007-01-10,1384.47,1386.75,1311.25,1331.85,102692.0,1331.85
2007-01-11,1320.39,1350.14,1249.44,1263.19,69483.0,1263.19
2007-01-12,1276.91,1311.25,1247.17,1263.19,97011.8,1263.19
2007-01-15,1281.48,1304.38,1189.96,1212.84,69917.5,1212.84
2007-01-16,1173.95,1244.88,1132.75,1244.88,109684.0,1244.88
2007-01-17,1247.17,1279.2,1226.57,1254.03,75600.2,1254.03
2007-01-18,1292.94,1402.78,1281.48,1402.78,250831.0,1402.78
2007-01-19,1464.56,1464.56,1357.01,1386.75,199266.0,1386.75
2007-01-22,1407.34,1427.94,1368.44,1377.6,100946.0,1377.6
2007-01-23,1368.44,1389.04,1352.44,1366.17,58993.9,1366.17
2007-01-24,1379.89,1384.47,1311.25,1322.68,105751.0,1322.68
2007-01-25,1327.27,1329.54,1265.47,1272.34,90457.1,1272.34
2007-01-26,1249.44,1304.38,1235.73,1283.78,80406.6,1283.78
2007-01-29,1297.5,1352.44,1281.48,1297.5,102255.0,1297.5
2007-01-30,1258.6,1274.63,1189.96,1203.69,109684.0,1203.69
2007-01-31,1157.93,1203.69,1141.9,1189.96,72978.7,1189.96
2007-02-01,1228.85,1228.85,1148.77,1178.52,41079.0,1178.52
2007-02-02,1178.52,1178.52,1132.75,1144.2,64236.9,1144.2
2007-02-05,1105.3,1109.87,1061.8,1075.53,86087.2,1075.53
2007-02-06,1075.53,1155.63,1075.53,1128.18,72978.7,1128.18
2007-02-07,1116.74,1132.75,1098.43,1107.58,32337.2,1107.58
2007-02-08,1096.14,1103.0,1038.93,1080.12,42386.7,1080.12
2007-02-09,1073.25,1119.03,1048.09,1100.71,47632.7,1100.71
2007-02-13,1192.24,1199.11,1155.63,1155.63,72541.1,1155.63
2007-02-14,1132.75,1132.75,1077.83,1086.98,54623.1,1086.98
2007-02-15,1075.53,1082.39,1043.5,1054.94,31027.5,1054.94
2007-02-16,1054.94,1070.95,1045.79,1052.65,19228.7,1052.65
2007-02-19,1052.65,1052.65,1004.59,1011.46,31027.5,1011.46
2007-02-20,1000.03,1032.06,993.163,1018.34,18791.1,1018.34
2007-02-21,1036.64,1043.5,1029.77,1029.77,9612.84,1029.77
2007-02-22,1038.93,1043.5,1016.05,1043.5,20537.4,1043.5
2007-02-23,1048.09,1084.7,1045.79,1084.7,29714.7,1084.7
2007-02-26,1096.14,1112.15,1075.53,1103.0,27967.4,1103.0
2007-02-27,1109.87,1109.87,1070.95,1075.53,14857.8,1075.53
2007-02-28,984.003,1022.9,984.003,1018.34,31464.1,1018.34
2007-03-01,1027.49,1029.77,956.55,958.838,17917.0,958.838
2007-03-02,947.409,947.409,922.235,929.088,23597.5,929.088
2007-03-05,910.786,910.786,814.654,816.952,63363.8,816.952
2007-03-06,807.791,887.89,807.791,876.451,45446.8,876.451
2007-03-07,892.465,903.914,871.876,885.602,27967.4,885.602
2007-03-08,874.164,945.102,871.876,945.102,19228.7,945.102
2007-03-09,922.235,938.249,901.626,917.65,25782.5,917.65
2007-03-12,915.362,922.235,903.914,919.937,6554.77,919.937
2007-03-13,913.064,913.064,862.716,867.301,13109.5,867.301
2007-03-14,821.527,823.805,814.654,816.952,16604.1,816.952
2007-03-15,819.24,853.555,819.24,823.805,9612.84,823.805
2007-03-16,823.805,830.678,768.9,789.49,28840.5,789.49
2007-03-19,778.051,789.49,755.165,759.74,44573.6,759.74
2007-03-20,759.74,789.49,741.429,778.051,86523.8,778.051
2007-03-22,800.938,803.216,762.028,764.325,52001.6,764.325
2007-03-23,766.593,766.593,734.565,736.853,38454.4,736.853
2007-03-26,725.424,789.49,725.424,759.74,94389.3,759.74
2007-03-27,750.589,768.9,700.26,713.976,47195.1,713.976
2007-03-28,704.825,851.277,695.665,800.938,190090.0,800.938
2007-03-29,810.089,842.117,768.9,778.051,131097.0,778.051
2007-03-30,814.654,814.654,778.051,796.363,46976.3,796.363
2007-04-02,796.363,810.089,750.589,773.466,40203.8,773.466
2007-04-03,773.466,791.768,750.589,759.74,12236.4,759.74
2007-04-04,787.202,897.06,768.9,897.06,212159.0,897.06
2007-04-05,1016.05,1034.34,1006.89,1034.34,135029.0,1034.34
2007-04-06,1162.49,1194.54,956.55,1061.8,581852.0,1061.8
2007-04-09,1006.89,1020.62,929.088,947.409,151416.0,947.409
2007-04-10,919.937,974.852,906.221,956.55,166055.0,956.55
2007-04-11,938.249,961.126,910.786,910.786,72323.3,910.786
2007-04-12,906.221,951.975,892.465,906.221,70137.4,906.221
2007-04-13,938.249,1038.93,929.088,984.003,483528.0,984.003
2007-04-16,984.003,1002.31,897.06,915.362,123887.0,915.362
2007-04-17,906.221,910.786,823.805,837.541,135247.0,837.541
2007-04-18,837.541,892.465,832.966,851.277,46539.8,851.277
2007-04-19,842.117,842.117,800.938,828.39,34084.6,828.39
2007-04-20,823.805,823.805,778.051,778.051,23814.3,778.051
2007-04-23,791.768,791.768,736.853,736.853,34739.9,736.853
2007-04-24,741.429,832.966,741.429,796.363,78002.9,796.363
2007-04-25,782.617,787.202,750.589,759.74,27530.8,759.74
2007-04-26,778.051,805.504,755.165,773.466,27530.8,773.466
2007-04-27,778.051,791.768,746.004,791.768,29279.2,791.768
2007-05-01,810.089,814.654,764.325,791.768,35397.4,791.768
2007-05-02,800.938,814.654,787.202,805.504,22505.6,805.504
2007-05-07,800.938,887.89,800.938,874.164,123448.0,874.164
2007-05-08,887.89,892.465,791.768,810.089,98323.6,810.089
2007-05-09,796.363,814.654,778.051,814.654,40859.2,814.654
2007-05-10,846.702,846.702,800.938,800.938,43481.7,800.938
2007-05-11,796.363,796.363,768.9,773.466,14419.2,773.466
2007-05-14,759.74,759.74,713.976,713.976,46101.1,713.976
2007-05-15,686.495,746.004,672.778,732.288,50690.8,732.288
2007-05-16,736.853,741.429,700.26,709.411,19665.3,709.411
2007-05-17,691.089,723.127,691.089,700.26,16168.6,700.26
2007-05-18,691.089,700.26,636.165,649.891,50035.4,649.891
2007-05-21,649.891,677.354,645.316,659.062,29714.7,659.062
2007-05-22,654.477,732.288,649.891,732.288,97887.0,732.288
2007-05-23,723.127,773.466,713.976,732.288,62270.8,732.288
2007-05-24,709.411,713.976,681.929,704.825,30588.9,704.825
2007-05-25,677.354,727.712,663.627,727.712,79751.2,727.712
2007-05-28,746.004,814.654,727.712,759.74,139180.0,759.74
2007-05-29,750.589,782.617,750.589,778.051,41079.0,778.051
2007-05-30,791.768,796.363,736.853,755.165,35832.9,755.165
2007-05-31,768.9,773.466,741.429,741.429,17041.7,741.429
2007-06-01,741.429,746.004,709.411,741.429,16824.0,741.429
2007-06-04,741.429,755.165,713.976,713.976,17917.0,713.976
2007-06-05,718.552,741.429,709.411,713.976,13546.1,713.976
2007-06-06,723.127,750.589,713.976,750.589,34521.1,750.589
2007-06-07,727.712,741.429,718.552,732.288,34521.1,732.288
2007-06-08,713.976,732.288,704.825,732.288,26001.3,732.288
2007-06-11,746.004,778.051,727.712,736.853,56372.4,736.853
2007-06-12,736.853,736.853,718.552,718.552,15950.8,718.552
2007-06-13,700.26,713.976,700.26,709.411,16387.4,709.411
2007-06-14,723.127,750.589,713.976,746.004,31464.1,746.004
2007-06-15,764.325,800.938,755.165,764.325,60086.9,764.325
2007-06-18,800.938,805.504,782.617,787.202,52438.1,787.202
2007-06-19,773.466,823.805,773.466,805.504,64236.9,805.504
2007-06-20,814.654,892.465,805.504,814.654,174576.0,814.654
2007-06-21,800.938,828.39,791.768,814.654,30588.9,814.654
2007-06-22,810.089,823.805,805.504,810.089,29279.2,810.089
2007-06-25,810.089,832.966,787.202,791.768,46539.8,791.768
2007-06-26,791.768,791.768,755.165,759.74,38454.4,759.74
2007-06-27,759.74,764.325,746.004,759.74,8521.92,759.74
2007-06-28,773.466,787.202,764.325,778.051,14419.2,778.051
2007-06-29,787.202,800.938,768.9,773.466,21630.4,773.466
2007-07-02,768.9,778.051,732.288,759.74,17917.0,759.74
2007-07-03,768.9,768.9,741.429,764.325,30588.9,764.325
2007-07-04,759.74,773.466,750.589,764.325,19882.0,764.325
2007-07-05,750.589,750.589,736.853,746.004,16168.6,746.004
2007-07-06,736.853,746.004,723.127,741.429,20537.4,741.429
2007-07-09,736.853,750.589,736.853,750.589,12236.4,750.589
2007-07-10,746.004,755.165,732.288,750.589,15295.5,750.589
2007-07-11,727.712,741.429,727.712,727.712,12018.6,727.712
2007-07-12,727.712,736.853,713.976,713.976,13546.1,713.976
2007-07-13,723.127,723.127,704.825,713.976,13763.8,713.976
2007-07-17,691.089,695.665,668.203,681.929,29279.2,681.929
2007-07-18,672.778,691.089,654.477,686.495,17917.0,686.495
2007-07-19,686.495,695.665,681.929,691.089,16604.1,691.089
2007-07-20,691.089,695.665,681.929,695.665,10050.4,695.665
2007-07-23,681.929,686.495,681.929,681.929,11799.8,681.929
2007-07-24,672.778,695.665,663.627,691.089,10268.2,691.089
2007-07-25,672.778,681.929,663.627,681.929,12018.6,681.929
2007-07-26,677.354,681.929,663.627,668.203,7428.94,668.203
2007-07-27,645.316,659.062,622.439,649.891,18352.5,649.891
2007-07-30,649.891,649.891,599.552,645.316,17917.0,645.316
2007-07-31,672.778,672.778,654.477,659.062,6992.37,659.062
2007-08-01,654.477,654.477,636.165,640.741,7865.52,640.741
2007-08-02,631.59,640.741,622.439,622.439,7210.14,622.439
2007-08-03,627.014,640.741,622.439,636.165,3495.67,636.165
2007-08-06,622.439,627.014,572.1,585.826,26001.3,585.826
2007-08-07,585.826,585.826,553.789,562.949,26001.3,562.949
2007-08-08,562.949,567.515,526.336,544.628,47413.9,544.628
2007-08-09,544.628,562.949,540.062,558.374,17479.3,558.374
2007-08-10,466.827,475.978,466.827,466.827,40422.6,466.827
2007-08-13,480.563,480.563,434.789,462.261,57245.6,462.261
2007-08-14,489.704,489.704,455.388,457.666,43919.3,457.666
2007-08-15,475.978,485.138,455.836,455.836,54405.3,455.836
2007-08-16,462.261,462.261,441.662,449.431,44137.1,449.431
2007-08-17,448.516,457.666,442.577,448.516,29714.7,448.516
2007-08-20,457.666,480.563,453.101,466.827,63145.0,466.827
2007-08-21,466.827,558.374,462.261,521.761,137214.0,521.761
2007-08-22,494.289,494.289,475.978,480.563,57901.0,480.563
2007-08-23,485.138,503.44,475.978,503.44,38236.6,503.44
2007-08-24,512.6,590.411,512.6,549.213,152071.0,549.213
2007-08-27,521.761,540.062,517.185,526.336,43481.7,526.336
2007-08-28,526.336,572.1,517.185,549.213,59210.7,549.213
2007-08-29,535.477,562.949,521.761,535.477,50472.0,535.477
2007-08-30,544.628,613.288,540.062,562.949,232479.0,562.949
2007-08-31,572.1,572.1,540.062,544.628,66205.1,544.628
2007-09-03,549.213,553.789,508.025,521.761,23814.3,521.761
2007-09-04,526.336,526.336,485.138,508.025,30371.1,508.025
2007-09-05,512.6,526.336,494.289,498.864,20537.4,498.864
2007-09-06,498.864,498.864,471.412,489.704,17917.0,489.704
2007-09-07,494.289,508.025,485.138,489.704,9612.84,489.704
2007-09-10,475.978,475.978,455.388,457.666,32337.2,457.666
2007-09-11,457.666,462.261,457.228,457.666,27967.4,457.666
2007-09-12,462.261,475.978,457.666,457.666,31027.5,457.666
2007-09-13,457.666,466.827,457.666,466.827,15950.8,466.827
2007-09-14,466.827,466.827,457.666,457.666,17479.3,457.666
2007-09-18,462.261,475.978,453.101,455.836,29279.2,455.836
2007-09-19,457.666,466.827,453.101,457.228,17697.1,457.228
2007-09-20,457.666,457.666,446.238,446.238,4369.84,446.238
2007-09-21,432.502,432.502,403.219,411.922,19882.0,411.922
2007-09-25,407.337,407.337,384.46,386.738,6992.37,386.738
2007-09-26,385.823,420.158,376.662,420.158,8521.92,420.158
2007-09-27,438.45,466.827,434.789,457.666,36052.8,457.666
2007-09-28,466.827,471.412,421.073,444.407,28840.5,444.407
2007-10-01,451.261,452.186,435.714,435.714,7865.52,435.714
2007-10-02,449.431,485.138,439.832,485.138,33211.4,485.138
2007-10-03,503.44,576.666,489.704,576.666,152509.0,576.666
2007-10-04,631.59,668.203,627.014,668.203,258479.0,668.203
2007-10-05,659.062,668.203,613.288,636.165,108373.0,636.165
2007-10-09,645.316,727.712,640.741,727.712,147266.0,727.712
2007-10-10,736.853,755.165,663.627,663.627,96137.7,663.627
2007-10-11,659.062,681.929,599.552,677.354,43481.7,677.354
2007-10-12,672.778,672.778,636.165,640.741,26655.6,640.741
2007-10-15,640.741,654.477,608.703,608.703,14857.8,608.703
2007-10-16,585.826,590.411,553.789,553.789,23162.0,553.789
2007-10-17,540.062,562.949,521.761,558.374,25126.1,558.374
2007-10-18,585.826,649.891,576.666,649.891,86305.0,649.891
2007-10-19,663.627,681.929,631.59,649.891,63580.5,649.891
2007-10-22,617.854,695.665,608.703,677.354,65112.1,677.354
2007-10-23,723.127,768.9,681.929,713.976,213470.0,713.976
2007-10-24,750.589,851.277,695.665,851.277,393510.0,851.277
2007-10-25,851.277,874.164,750.589,759.74,196864.0,759.74
2007-10-26,787.202,828.39,732.288,814.654,132188.0,814.654
2007-10-29,837.541,851.277,796.363,805.504,114491.0,805.504
2007-10-30,814.654,842.117,782.617,810.089,60960.1,810.089
2007-10-31,805.504,810.089,778.051,778.051,28186.2,778.051
2007-11-01,787.202,800.938,704.825,727.712,53094.5,727.712
2007-11-02,686.495,755.165,686.495,741.429,55934.8,741.429
2007-11-05,727.712,741.429,704.825,713.976,22505.6,713.976
2007-11-06,713.976,718.552,663.627,686.495,22723.4,686.495
2007-11-07,727.712,741.429,627.014,640.741,37799.0,640.741
2007-11-08,585.826,613.288,562.949,599.552,171956.0,599.552
2007-11-09,526.336,530.912,508.025,508.025,114054.0,508.025
2007-11-12,471.412,489.704,430.214,489.704,165838.0,489.704
2007-11-13,526.336,530.912,462.261,498.864,132626.0,498.864
2007-11-14,517.185,540.062,508.025,512.6,59868.1,512.6
2007-11-15,508.025,526.336,480.563,480.563,49597.8,480.563
2007-11-16,453.101,480.563,452.186,466.827,36269.5,466.827
2007-11-19,475.978,480.563,443.95,448.516,29279.2,448.516
2007-11-20,453.101,453.101,428.394,452.643,14640.1,452.643
2007-11-21,455.836,466.827,445.78,446.685,18135.8,446.685
2007-11-22,432.959,447.6,429.756,435.247,19882.0,435.247
2007-11-26,462.261,462.261,439.365,439.365,13327.3,439.365
2007-11-27,425.639,439.365,421.073,433.417,19446.5,433.417
2007-11-28,435.247,480.563,435.247,480.563,34084.6,480.563
2007-11-29,526.336,553.789,498.864,517.185,141802.0,517.185
2007-11-30,508.025,517.185,489.704,494.289,26219.0,494.289
2007-12-03,498.864,526.336,489.704,526.336,36707.1,526.336
2007-12-04,508.025,521.761,489.704,489.704,55496.2,489.704
2007-12-05,475.978,489.704,466.827,485.138,27748.6,485.138
2007-12-06,498.864,503.44,489.704,498.864,20319.6,498.864
2007-12-07,503.44,503.44,471.412,475.978,28623.8,475.978
2007-12-10,475.978,489.704,466.827,466.827,15950.8,466.827
2007-12-11,462.261,475.978,453.101,471.412,43699.5,471.412
2007-12-12,466.827,471.412,448.983,471.412,32992.6,471.412
2007-12-13,475.978,475.978,457.666,457.666,16604.1,457.666
2007-12-14,455.836,471.412,425.639,430.214,36707.1,430.214
2007-12-17,432.054,432.054,411.922,416.488,18791.1,416.488
2007-12-18,411.922,434.789,393.601,412.37,36707.1,412.37
2007-12-19,416.945,416.945,405.049,411.922,6773.57,411.922
2007-12-20,411.922,411.922,389.026,398.176,10923.5,398.176
2007-12-21,393.601,403.677,385.365,393.601,20756.2,393.601
2007-12-25,411.922,411.922,385.823,402.752,18352.5,402.752
2007-12-26,393.601,405.049,380.79,402.752,20319.6,402.752
2007-12-27,392.228,404.572,389.026,404.572,16387.4,404.572
2007-12-28,390.846,405.955,390.846,405.955,11799.8,405.955
2008-01-04,405.049,405.049,405.049,405.049,1748.35,405.049
2008-01-07,384.898,393.601,379.875,384.898,3495.67,384.898
2008-01-08,382.62,384.46,377.577,384.46,4369.84,384.46
2008-01-09,368.436,373.917,366.149,373.917,9176.27,373.917
2008-01-10,378.492,378.492,352.422,354.233,8521.92,354.233
2008-01-11,349.658,356.988,334.111,335.464,31681.9,335.464
2008-01-15,335.464,347.837,307.097,307.097,24909.3,307.097
2008-01-16,291.083,297.946,291.083,291.083,34739.9,291.083
2008-01-17,288.785,290.625,270.951,280.55,25563.7,280.55
2008-01-18,280.55,292.913,275.536,291.998,17259.5,291.998
2008-01-21,293.838,296.126,289.71,289.71,8959.52,289.71
2008-01-22,279.177,279.177,269.102,269.102,11799.8,269.102
2008-01-23,271.399,285.583,270.026,274.602,12671.9,274.602
2008-01-24,278.262,279.177,274.602,274.602,5461.79,274.602
2008-01-25,282.39,287.88,274.602,287.88,10050.4,287.88
2008-01-28,288.338,288.338,287.88,288.338,3495.67,288.338
2008-01-29,290.625,306.201,288.338,306.201,8085.35,306.201
2008-01-30,304.799,305.276,295.21,297.479,9830.62,297.479
2008-01-31,288.338,299.786,286.508,299.786,2403.72,299.786
2008-02-01,301.139,301.139,288.785,290.625,9612.84,290.625
2008-02-04,290.625,299.319,290.625,296.564,4805.39,296.564
2008-02-05,287.413,287.413,279.644,279.644,5245.05,279.644
2008-02-06,279.177,279.177,263.163,270.026,9176.27,270.026
2008-02-07,270.494,270.494,263.621,264.078,8739.69,264.078
2008-02-08,265.461,272.314,260.856,271.399,6337.0,271.399
2008-02-12,260.856,260.856,249.437,251.705,5680.59,251.705
2008-02-13,249.437,249.437,240.267,240.267,8739.69,240.267
2008-02-14,245.319,245.319,233.423,233.423,7647.75,233.423
2008-02-15,238.446,256.29,235.691,256.29,10488.0,256.29
2008-02-18,258.578,279.177,258.578,279.177,20976.1,279.177
2008-02-19,297.479,297.479,281.455,297.479,22723.4,297.479
2008-02-20,302.083,320.385,302.083,309.384,27312.0,309.384
2008-02-21,309.384,320.385,307.564,320.385,4805.39,320.385
2008-02-22,318.555,318.555,308.012,308.937,5026.25,308.937
2008-02-25,311.224,313.512,302.083,302.531,4588.65,302.531
2008-02-26,306.649,306.649,302.083,303.436,2403.72,303.436
2008-02-27,294.286,296.564,293.838,293.838,1965.09,293.838
2008-02-28,292.913,308.937,292.913,299.786,10706.8,299.786
2008-02-29,297.479,297.479,288.785,288.785,3933.27,288.785
2008-03-03,288.785,288.785,277.824,277.824,2184.92,277.824
2008-03-04,279.177,279.644,275.059,275.536,1748.35,275.536
2008-03-05,284.687,284.687,275.536,275.536,1091.94,275.536
2008-03-06,274.602,274.602,274.602,274.602,436.574,274.602
2008-03-07,261.8,270.026,257.205,257.205,5461.79,257.205
2008-03-10,245.319,245.319,244.852,244.852,2184.92,244.852
2008-03-11,237.989,237.989,224.71,233.423,9830.62,233.423
2008-03-12,235.691,237.989,235.691,235.691,7865.52,235.691
2008-03-13,235.691,235.691,222.442,222.442,3277.9,222.442
2008-03-14,222.442,222.442,216.017,216.017,1965.09,216.017
2008-03-17,203.664,205.951,197.725,198.173,7865.52,198.173
2008-03-18,207.324,213.282,205.951,210.517,7647.75,210.517
2008-03-19,215.102,227.008,215.102,227.008,6992.37,227.008
2008-03-21,221.965,221.965,215.569,220.602,3495.67,220.602
2008-03-24,209.612,214.187,209.612,214.187,5461.79,214.187
2008-03-25,225.187,225.187,220.145,221.965,6337.0,221.965
2008-03-26,218.315,224.263,217.4,224.263,4805.39,224.263
2008-03-27,226.103,226.103,222.442,222.442,1529.55,222.442
2008-03-28,220.602,224.263,220.602,224.263,1748.35,224.263
2008-03-31,232.031,232.031,224.71,224.954,4805.39,224.954
2008-04-01,224.263,228.38,222.442,228.38,1310.74,228.38
2008-04-02,221.07,232.498,221.07,232.498,3059.1,232.498
2008-04-03,224.263,228.38,224.263,225.635,2403.72,225.635
2008-04-04,225.635,230.678,224.71,224.71,1965.09,224.71
2008-04-07,226.541,228.38,226.541,228.38,1091.94,228.38
2008-04-08,230.201,230.201,224.263,224.263,3714.47,224.263
2008-04-09,226.103,226.103,219.677,220.602,1529.55,220.602
2008-04-10,223.571,223.571,220.602,220.602,655.374,220.602
2008-04-11,219.454,219.911,219.454,219.911,2184.92,219.911
2008-04-15,219.677,219.677,206.876,210.517,3277.9,210.517
2008-04-16,212.824,212.824,210.994,210.994,874.175,210.994
2008-04-17,217.4,219.23,210.994,212.824,5026.25,212.824
2008-04-18,215.102,215.102,213.739,213.739,1748.35,213.739
2008-04-21,213.963,217.4,213.739,217.4,1529.55,217.4
2008-04-22,217.857,219.677,217.857,219.677,1091.94,219.677
2008-04-23,220.602,227.465,220.602,227.465,8304.15,227.465
2008-04-24,230.678,234.329,226.541,234.329,8304.15,234.329
2008-04-25,234.329,239.352,231.116,239.352,8085.35,239.352
2008-04-28,241.659,241.659,228.828,231.116,17697.1,231.116
2008-04-30,229.763,233.423,229.763,232.956,3714.47,232.956
2008-05-01,230.201,234.786,225.187,234.786,8521.92,234.786
2008-05-09,349.2,349.2,311.224,319.45,68170.2,319.45
2008-05-12,311.224,314.885,304.799,307.097,13546.1,307.097
2008-05-13,306.649,308.937,284.21,290.178,22285.8,290.178
2008-05-14,281.017,284.687,279.177,283.753,17041.7,283.753
2008-05-15,290.625,294.743,286.965,294.286,10923.5,294.286
2008-05-16,278.262,286.508,277.347,286.508,5680.59,286.508
2008-05-19,286.04,286.04,277.824,277.824,3277.9,277.824
2008-05-20,277.347,280.55,275.059,275.536,4369.84,275.536
2008-05-21,275.536,275.536,261.8,264.993,9176.27,264.993
2008-05-22,263.163,264.993,263.163,264.993,2840.29,264.993
2008-05-23,278.729,278.729,267.729,269.102,6337.0,269.102
2008-05-26,282.39,283.753,270.026,270.026,7865.52,270.026
2008-05-27,270.494,273.696,270.026,273.696,3933.27,273.696
2008-05-28,272.314,272.314,269.579,269.579,1310.74,269.579
2008-05-29,270.494,276.88,270.494,274.602,3277.9,274.602
2008-05-30,274.602,279.177,272.314,279.177,6117.17,279.177
2008-06-02,282.39,290.625,276.88,290.625,12455.2,290.625
2008-06-03,292.913,313.512,290.625,313.512,8739.69,313.512
2008-06-05,340.974,340.974,305.276,306.201,42824.3,306.201
2008-06-06,306.649,329.068,306.649,329.068,46539.8,329.068
2008-06-09,320.385,320.385,302.083,314.437,29059.3,314.437
2008-06-10,318.087,318.087,302.083,306.649,13546.1,306.649
2008-06-11,306.649,306.649,292.913,292.913,6773.57,292.913
2008-06-12,286.04,299.319,286.04,299.319,5026.25,299.319
2008-06-13,301.606,301.606,286.508,288.785,4805.39,288.785
2008-06-16,289.71,289.71,286.508,288.338,3714.47,288.338
2008-06-17,286.04,311.224,284.687,311.224,6554.77,311.224
2008-06-18,308.937,311.224,297.479,308.937,6117.17,308.937
2008-06-19,297.479,297.479,286.04,286.04,8739.69,286.04
2008-06-20,283.753,292.913,283.753,286.04,3933.27,286.04
2008-06-23,279.177,283.753,279.177,283.753,1529.55,283.753
2008-06-24,280.55,283.753,279.177,283.753,2840.29,283.753
2008-06-25,288.338,288.338,283.753,286.965,1965.09,286.965
2008-06-26,282.39,287.413,274.602,287.413,5680.59,287.413
2008-06-27,285.115,288.338,278.729,288.338,4588.65,288.338
2008-06-30,286.04,288.338,283.753,288.338,7647.75,288.338
2008-07-01,288.338,288.338,283.753,286.04,1748.35,286.04
2008-07-02,283.753,289.71,283.753,288.338,4151.04,288.338
2008-07-03,287.413,287.413,281.455,283.753,1748.35,283.753
2008-07-04,281.455,286.04,274.602,279.177,3495.67,279.177
2008-07-07,276.88,276.88,276.88,276.88,655.374,276.88
2008-07-08,270.951,274.602,267.729,274.602,2184.92,274.602
2008-07-09,270.026,270.026,265.461,265.461,3277.9,265.461
2008-07-10,258.578,270.026,258.578,270.026,2840.29,270.026
2008-07-11,261.333,265.461,261.333,265.461,1310.74,265.461
2008-07-14,263.163,263.163,263.163,263.163,218.8,263.163
2008-07-16,262.706,265.461,244.394,265.461,10923.5,265.461
2008-07-17,267.729,270.026,266.385,267.729,1310.74,267.729
2008-07-22,258.578,265.461,258.578,258.578,5245.05,258.578
2008-07-23,256.29,256.29,256.29,256.29,874.175,256.29
2008-07-24,256.748,278.262,256.748,278.262,3059.1,278.262
2008-07-25,280.55,280.55,278.262,278.262,3059.1,278.262
2008-07-28,275.974,286.04,275.974,286.04,2184.92,286.04
2008-07-29,281.455,281.455,270.026,276.88,1091.94,276.88
2008-07-30,279.177,281.455,274.602,281.455,1529.55,281.455
2008-07-31,284.687,286.04,282.39,282.39,1529.55,282.39
2008-08-01,274.602,279.644,274.602,279.644,3059.1,279.644
2008-08-04,274.602,279.177,274.602,274.602,12018.6,274.602
2008-08-06,274.602,274.602,270.026,270.026,6773.57,270.026
2008-08-07,265.461,276.88,265.461,276.88,1965.09,276.88
2008-08-08,274.602,274.602,274.602,274.602,5897.34,274.602
2008-08-11,274.602,274.602,274.602,274.602,1091.94,274.602
2008-08-12,274.602,274.602,274.602,274.602,6554.77,274.602
2008-08-14,274.602,275.059,274.602,274.602,18573.4,274.602
2008-08-15,290.625,290.625,272.314,272.314,7647.75,272.314
2008-08-18,256.748,263.163,256.748,263.163,1529.55,263.163
2008-08-20,260.856,260.856,246.225,256.29,2403.72,256.29
2008-08-21,235.691,246.702,235.691,246.702,6773.57,246.702
2008-08-22,240.734,240.734,240.267,240.267,1310.74,240.267
2008-08-25,258.578,258.578,258.578,258.578,1965.09,258.578
2008-08-26,265.461,265.461,265.461,265.461,218.8,265.461
2008-08-27,267.729,267.729,267.729,267.729,218.8,267.729
2008-08-29,265.461,265.908,263.163,265.908,1091.94,265.908
2008-09-01,265.908,265.908,262.706,262.706,436.574,262.706
2008-09-02,262.706,267.729,262.706,267.729,1529.55,267.729
2008-09-03,267.729,269.102,267.729,269.102,436.574,269.102
2008-09-04,271.399,272.314,270.026,272.314,2622.52,272.314
2008-09-05,272.314,272.314,270.026,270.026,1091.94,270.026
2008-09-08,263.163,265.461,258.578,260.856,3059.1,260.856
2008-09-09,258.578,260.856,258.578,260.856,436.574,260.856
2008-09-10,251.705,251.705,251.705,251.705,218.8,251.705
2008-09-11,248.98,248.98,248.98,248.98,436.574,248.98
2008-09-12,247.14,248.98,244.852,248.98,1748.35,248.98
2008-09-16,237.541,271.866,237.541,271.866,20537.4,271.866
2008-09-17,294.743,294.743,279.177,284.687,24254.0,284.687
2008-09-18,277.824,277.824,265.461,265.461,5680.59,265.461
2008-09-19,263.163,276.88,263.163,272.314,1965.09,272.314
2008-09-22,270.026,274.602,270.026,274.602,2840.29,274.602
2008-09-24,267.729,267.729,258.578,263.163,8085.35,263.163
2008-09-25,276.88,276.88,245.786,256.29,7210.14,256.29
2008-09-30,233.423,233.871,233.423,233.423,10050.4,233.423
2008-10-01,233.871,236.159,228.38,228.604,1748.35,228.604
2008-10-02,222.88,224.263,219.677,224.263,5680.59,224.263
2008-10-03,210.517,210.76,206.419,206.642,5245.05,206.642
2008-10-06,199.322,208.482,188.331,203.206,6992.37,203.206
2008-10-07,184.904,185.138,184.904,185.138,12018.6,185.138
2008-10-08,185.138,185.362,166.817,166.817,5461.79,166.817
2008-10-09,164.987,166.583,148.749,148.973,5897.34,148.973
2008-10-10,145.303,145.546,130.662,130.662,7647.75,130.662
2008-10-14,144.398,144.398,132.949,134.556,20319.6,134.556
2008-10-15,137.311,137.311,132.404,132.823,6117.17,132.823
2008-10-16,119.087,125.405,119.087,125.405,5680.59,125.405
2008-10-17,125.454,128.16,125.454,125.911,1965.09,125.911
2008-10-20,125.96,135.471,125.96,135.471,4369.84,135.471
2008-10-21,143.706,144.174,137.535,142.12,8521.92,142.12
2008-10-22,137.311,144.174,137.311,138.664,2622.52,138.664
2008-10-23,137.311,143.94,135.471,142.791,3933.27,142.791
2008-10-24,144.174,144.174,135.88,139.141,8959.52,139.141
2008-10-27,150.112,150.112,135.471,135.519,6337.0,135.519
2008-10-28,133.232,135.928,127.693,127.731,4588.65,127.731
2008-10-29,145.77,145.77,132.725,136.843,11579.9,136.843
2008-10-30,134.088,140.971,134.088,140.971,5461.79,140.971
2008-10-31,141.876,141.876,135.471,136.386,4369.84,136.386
2008-11-04,135.013,139.579,135.013,139.579,2403.72,139.579
2008-11-05,145.079,148.292,144.174,148.292,1748.35,148.292
2008-11-06,135.471,149.197,135.471,146.461,2403.72,146.461
2008-11-07,131.343,140.971,131.343,140.971,1748.35,140.971
2008-11-10,140.971,140.971,140.971,140.971,218.8,140.971
2008-11-11,141.876,141.876,137.311,141.876,3495.67,141.876
2008-11-12,124.032,136.386,123.575,135.432,11579.9,135.432
2008-11-14,128.16,128.16,124.49,124.49,1310.74,124.49
2008-11-17,128.608,138.216,128.608,138.216,14640.1,138.216
2008-11-18,137.311,143.706,137.311,141.876,4369.84,141.876
2008-11-19,151.027,153.324,150.579,153.324,10488.0,153.324
2008-11-20,153.091,153.091,135.013,135.013,12455.2,135.013
2008-11-21,135.013,143.706,132.725,143.706,1310.74,143.706
2008-11-25,156.527,156.527,146.461,146.461,4805.39,146.461
2008-11-26,146.461,146.461,146.461,146.461,655.374,146.461
2008-11-27,137.535,151.027,137.311,149.197,6337.0,149.197
2008-11-28,140.056,145.546,140.056,145.546,874.175,145.546
2008-12-01,146.461,151.942,146.461,146.461,874.175,146.461
2008-12-04,137.749,137.749,130.438,132.725,5680.59,132.725
2008-12-05,128.608,132.725,127.41,132.725,1965.09,132.725
2008-12-08,132.774,132.774,132.774,132.774,436.574,132.774
2008-12-09,132.774,137.311,132.725,137.311,5461.79,137.311
2008-12-10,134.088,134.137,133.183,133.183,1091.94,133.183
2008-12-11,142.791,142.791,142.791,142.791,2403.72,142.791
2008-12-12,141.876,141.876,141.876,141.876,218.8,141.876
2008-12-15,128.608,136.619,128.16,136.619,3933.27,136.619
2008-12-16,131.119,141.185,131.119,141.185,2184.92,141.185
2008-12-17,132.725,132.774,132.725,132.774,1748.35,132.774
2008-12-18,132.823,132.823,132.823,132.823,218.8,132.823
2008-12-19,125.96,126.008,125.96,126.008,874.175,126.008
2008-12-22,126.038,126.038,125.405,125.454,655.374,125.454
2008-12-24,124.081,124.081,115.797,115.797,2840.29,115.797
2008-12-25,128.16,128.16,115.748,115.797,7210.14,115.797
2008-12-26,114.502,122.883,114.463,122.883,4805.39,122.883
2008-12-29,121.287,121.287,121.287,121.287,436.574,121.287
2008-12-30,121.832,123.214,120.46,123.214,1091.94,123.214
2009-01-05,127.654,127.654,125.862,127.654,1091.94,127.654
2009-01-06,127.654,135.013,126.777,126.777,5461.79,126.777
2009-01-07,135.471,135.471,135.013,135.013,2184.92,135.013
2009-01-08,127.323,127.323,127.225,127.225,1091.94,127.225
2009-01-13,125.862,125.862,125.862,125.862,218.8,125.862
2009-01-15,124.49,124.49,124.49,124.49,218.8,124.49
2009-01-19,124.49,124.49,123.575,123.575,655.374,123.575
2009-01-20,123.575,123.575,112.594,114.424,4151.04,114.424
2009-01-21,110.306,114.424,110.209,114.424,2403.72,114.424
2009-01-22,121.287,121.287,121.287,121.287,218.8,121.287
2009-01-23,118.542,125.405,117.159,125.405,1310.74,125.405
2009-01-26,128.111,128.111,128.111,128.111,3714.47,128.111
2009-01-27,127.693,130.438,127.693,130.438,4588.65,130.438
2009-01-28,131.82,131.82,131.82,131.82,655.374,131.82
2009-01-29,134.964,135.013,134.964,135.013,4369.84,135.013
2009-01-30,135.013,135.013,126.32,126.32,3277.9,126.32
2009-02-02,115.319,118.074,115.319,118.074,655.374,118.074
2009-02-03,114.424,114.424,113.042,114.424,2622.52,114.424
2009-02-04,113.548,114.424,113.548,114.424,1529.55,114.424
2009-02-05,118.99,128.16,118.99,128.16,2840.29,128.16
2009-02-06,133.641,140.971,130.895,139.141,6117.17,139.141
2009-02-09,142.12,148.973,142.12,142.12,5461.79,142.12
2009-02-10,137.535,137.535,134.088,135.471,3714.47,135.471
2009-02-13,134.088,137.311,134.088,137.311,1529.55,137.311
2009-02-16,139.579,139.579,137.749,137.749,1529.55,137.749
2009-02-17,139.579,144.631,139.579,144.631,5461.79,144.631
2009-02-18,150.112,162.251,142.334,144.174,8959.52,144.174
2009-02-19,147.834,155.602,147.834,155.602,6337.0,155.602
2009-02-20,153.772,173.924,153.772,173.924,10706.8,173.924
2009-02-24,192.215,192.215,173.924,173.924,10050.4,173.924
2009-02-25,183.065,183.065,178.489,178.489,3277.9,178.489
2009-02-26,172.551,172.551,159.73,159.73,5245.05,159.73
2009-02-27,154.016,155.602,147.367,147.834,2840.29,147.834
2009-03-02,150.803,150.803,150.803,150.803,436.574,150.803
2009-03-03,146.461,146.461,146.461,146.461,218.8,146.461
2009-03-04,142.334,142.334,139.822,139.822,2403.72,139.822
2009-03-05,139.579,139.579,137.311,137.311,1529.55,137.311
2009-03-06,155.379,155.379,148.058,148.058,1965.09,148.058
2009-03-10,139.579,139.579,138.45,138.45,655.374,138.45
2009-03-11,137.992,145.546,137.992,145.546,1310.74,145.546
2009-03-12,146.461,146.461,146.461,146.461,1310.74,146.461
2009-03-16,146.461,146.461,146.461,146.461,655.374,146.461
2009-03-17,147.367,147.367,147.367,147.367,655.374,147.367
2009-03-18,149.197,165.678,149.197,165.678,4369.84,165.678
2009-03-19,158.348,171.178,158.348,162.018,2403.72,162.018
2009-03-23,162.251,164.987,158.815,164.987,2403.72,164.987
2009-03-24,165.221,174.615,165.221,174.615,1529.55,174.615
2009-03-25,189.246,189.928,185.362,185.576,4369.84,185.576
2009-03-26,178.489,178.489,171.392,176.883,1310.74,176.883
2009-03-27,185.138,185.138,183.308,183.308,436.574,183.308
2009-03-30,166.583,177.584,166.583,177.584,1529.55,177.584
2009-03-31,170.253,175.744,170.253,175.744,436.574,175.744
2009-04-01,173.924,173.924,172.084,172.084,436.574,172.084
2009-04-02,167.498,170.02,167.498,170.02,1965.09,170.02
2009-04-03,168.19,168.19,158.348,158.348,10050.4,158.348
2009-04-06,158.591,162.475,158.591,162.475,1748.35,162.475
2009-04-07,156.995,164.072,155.602,161.093,6773.57,161.093
2009-04-08,157.9,157.9,156.07,156.07,655.374,156.07
2009-04-09,155.602,156.07,153.548,156.07,2403.72,156.07
2009-04-10,157.209,164.763,157.209,164.763,2840.29,164.763
2009-04-13,163.166,163.166,160.188,160.188,3277.9,160.188
2009-04-15,159.73,159.954,155.602,159.954,1965.09,159.954
2009-04-16,154.463,154.463,153.548,153.548,2403.72,153.548
2009-04-17,154.016,154.016,154.016,154.016,218.8,154.016
2009-04-20,155.602,155.602,155.602,155.602,218.8,155.602
2009-04-21,159.263,160.188,147.834,147.834,1965.09,147.834
2009-04-22,151.494,155.155,146.909,150.579,3059.1,150.579
2009-04-23,152.176,157.9,152.176,157.9,4369.84,157.9
2009-04-24,161.327,171.178,160.421,170.487,3495.67,170.487
2009-04-27,179.638,183.065,178.489,178.489,9395.07,178.489
2009-04-28,176.669,178.265,173.456,178.041,2184.92,178.041
2009-04-30,168.891,178.489,166.136,178.489,1748.35,178.489
2009-05-01,168.647,169.348,165.678,169.348,1748.35,169.348
2009-05-07,171.616,187.64,171.616,187.64,12018.6,187.64
2009-05-08,187.64,191.31,173.924,184.904,10706.8,184.904
2009-05-11,186.501,188.331,177.798,180.777,14201.4,180.777
2009-05-12,177.126,177.126,176.669,176.669,5461.79,176.669
2009-05-13,185.82,187.64,180.329,187.64,4369.84,187.64
2009-05-14,187.416,198.173,187.416,191.31,6773.57,191.31
2009-05-15,203.888,209.388,203.888,209.388,13763.8,209.388
2009-05-18,211.218,213.506,194.513,194.97,15077.7,194.97
2009-05-19,193.14,194.513,192.459,192.683,7647.75,192.683
2009-05-20,192.907,193.14,190.852,190.852,3059.1,190.852
2009-05-21,192.459,194.513,192.001,194.513,10050.4,194.513
2009-05-22,192.907,194.055,192.215,194.055,14857.8,194.055
2009-05-25,206.876,206.876,193.607,195.652,6773.57,195.652
2009-05-26,193.822,196.333,192.683,196.333,2622.52,196.333
2009-05-27,194.513,202.291,194.513,198.631,5245.05,198.631
2009-05-28,198.631,200.451,194.513,197.725,1748.35,197.725
2009-05-29,197.725,216.017,197.725,216.017,15950.8,216.017
2009-06-01,228.828,234.329,205.951,234.329,27312.0,234.329
2009-06-02,232.031,257.205,229.763,235.691,11143.4,235.691
2009-06-03,232.498,232.498,212.824,212.824,70792.7,212.824
2009-06-04,216.475,216.475,202.291,210.76,25126.1,210.76
2009-06-05,209.164,212.824,203.664,212.824,47413.9,212.824
2009-06-09,228.828,233.423,216.017,227.923,22505.6,227.923
2009-06-10,226.103,237.989,226.103,234.329,9830.62,234.329
2009-06-11,236.616,237.989,222.442,237.989,21850.2,237.989
2009-06-12,242.126,247.14,235.691,245.786,15077.7,245.786
2009-06-15,243.031,245.786,236.616,245.786,5680.59,245.786
2009-06-16,246.225,246.225,237.541,237.541,1748.35,237.541
2009-06-17,235.691,236.616,228.828,230.678,5897.34,230.678
2009-06-18,228.828,231.116,214.187,228.828,65986.3,228.828
2009-06-19,235.691,238.904,225.635,235.691,2184.92,235.691
2009-06-22,240.267,240.267,235.691,239.829,8521.92,239.829
2009-06-23,231.116,233.423,227.008,230.678,4588.65,230.678
2009-06-24,227.008,228.604,221.527,228.604,13546.1,228.604
2009-06-25,227.008,233.423,221.527,233.423,11363.2,233.423
2009-06-26,240.267,241.659,228.828,233.423,7210.14,233.423
2009-06-29,232.956,241.201,230.201,237.989,34521.1,237.989
2009-06-30,237.541,242.564,236.159,242.564,7865.52,242.564
2009-07-01,243.031,244.394,238.904,241.201,15950.8,241.201
2009-07-02,242.564,244.394,242.564,244.394,13327.3,244.394
2009-07-03,239.829,242.564,236.159,242.564,5245.05,242.564
2009-07-06,238.904,238.904,236.616,238.904,1091.94,238.904
2009-07-07,237.989,240.267,233.871,233.871,4151.04,233.871
2009-07-08,229.763,229.763,221.965,228.828,4369.84,228.828
2009-07-09,219.911,219.911,211.675,211.675,10923.5,211.675
2009-07-10,217.166,221.07,213.282,219.677,9395.07,219.677
2009-07-13,215.102,215.102,201.376,206.642,13109.5,206.642
2009-07-14,211.909,212.143,211.909,212.143,655.374,212.143
2009-07-15,207.09,220.378,205.951,220.378,4588.65,220.378
2009-07-16,222.88,232.956,222.88,232.956,3277.9,232.956
2009-07-17,235.253,236.159,221.07,227.008,4588.65,227.008
2009-07-21,231.116,231.116,230.201,231.116,1748.35,231.116
2009-07-22,226.541,231.116,226.103,231.116,2403.72,231.116
2009-07-23,232.031,237.541,232.031,235.253,6992.37,235.253
2009-07-24,237.541,243.479,237.541,240.267,3277.9,240.267
2009-07-27,249.437,249.437,246.225,248.512,6117.17,248.512
2009-07-28,247.14,248.512,243.031,243.031,1529.55,243.031
2009-07-29,245.319,245.319,238.904,245.319,1748.35,245.319
2009-07-30,245.319,246.702,232.956,245.319,3059.1,245.319
2009-07-31,236.159,239.352,234.786,239.352,2184.92,239.352
2009-08-04,232.031,239.352,231.116,238.446,3059.1,238.446
2009-08-05,231.593,236.159,231.593,236.159,436.574,236.159
2009-08-06,233.871,236.159,231.593,236.159,5680.59,236.159
2009-08-07,236.616,237.989,234.786,237.989,3714.47,237.989
2009-08-10,237.541,251.705,236.616,246.225,9176.27,246.225
2009-08-11,234.786,234.786,224.039,224.039,18352.5,224.039
2009-08-12,222.442,230.678,220.602,229.763,2840.29,229.763
2009-08-13,230.678,231.116,222.88,231.116,2403.72,231.116
2009-08-14,228.828,228.828,228.828,228.828,436.574,228.828
2009-08-17,222.88,226.103,221.527,221.527,3714.47,221.527
2009-08-18,221.07,221.07,215.569,215.569,5026.25,215.569
2009-08-19,215.336,222.88,215.336,221.07,1310.74,221.07
2009-08-20,217.4,221.527,214.645,219.677,3714.47,219.677
2009-08-21,216.241,221.07,216.241,221.07,655.374,221.07
2009-08-24,221.07,221.07,218.315,218.315,2840.29,218.315
2009-08-25,227.465,227.465,217.4,219.677,6337.0,219.677
2009-08-26,216.017,219.677,216.017,219.677,3059.1,219.677
2009-08-27,219.454,219.454,215.793,218.315,3495.67,218.315
2009-08-28,220.145,220.145,213.282,215.102,7428.94,215.102
2009-08-31,215.102,216.952,214.645,215.102,5680.59,215.102
2009-09-01,216.952,222.442,215.102,222.442,655.374,222.442
2009-09-02,215.336,215.569,215.102,215.102,1529.55,215.102
2009-09-03,215.102,219.23,213.739,219.23,874.175,219.23
2009-09-04,215.102,220.145,212.824,220.145,2403.72,220.145
2009-09-07,215.336,218.071,214.421,216.241,1529.55,216.241
2009-09-08,212.824,215.793,212.824,215.793,655.374,215.793
2009-09-09,215.793,216.017,214.187,214.421,2622.52,214.421
2009-09-10,214.645,215.102,207.781,215.102,5680.59,215.102
2009-09-11,211.442,211.442,208.92,210.313,5461.79,210.313
2009-09-14,219.23,219.23,214.187,216.241,13763.8,216.241
2009-09-15,217.4,219.677,217.4,219.677,1310.74,219.677
2009-09-16,219.454,219.454,215.336,216.241,3714.47,216.241
2009-09-17,219.454,219.454,219.454,219.454,874.175,219.454
2009-09-18,219.677,220.378,219.677,220.378,2840.29,220.378
2009-09-24,220.378,227.465,219.677,226.774,5026.25,226.774
2009-09-25,227.465,232.498,224.263,227.923,9176.27,227.923
2009-09-28,227.699,227.699,220.145,227.465,2184.92,227.465
2009-09-29,224.263,224.263,217.623,223.348,3714.47,223.348
2009-09-30,218.315,220.602,205.046,220.602,33429.2,220.602
2009-10-01,219.454,221.527,210.517,221.527,1748.35,221.527
2009-10-02,220.602,220.602,219.911,220.145,2622.52,220.145
2009-10-05,219.454,219.677,219.454,219.677,11363.2,219.677
2009-10-06,208.697,214.645,208.697,214.645,5245.05,214.645
2009-10-07,218.315,218.315,218.315,218.315,218.8,218.315
2009-10-08,212.824,212.824,212.824,212.824,1965.09,212.824
2009-10-09,216.017,217.857,216.017,217.857,436.574,217.857
2009-10-13,217.857,220.145,214.645,219.677,2403.72,219.677
2009-10-15,220.602,224.263,220.602,224.263,1529.55,224.263
2009-10-19,216.952,223.348,216.952,223.348,4151.04,223.348
2009-10-20,219.677,223.348,219.677,223.348,1965.09,223.348
2009-10-21,223.348,223.348,223.348,223.348,218.8,223.348
2009-10-22,221.07,221.07,221.07,221.07,218.8,221.07
2009-10-23,219.677,220.145,214.645,218.772,7647.75,218.772
2009-10-26,216.952,219.677,216.952,217.4,12018.6,217.4
2009-10-27,217.4,222.442,215.102,222.442,1310.74,222.442
2009-10-28,216.952,216.952,215.102,215.336,17479.3,215.336
2009-10-29,213.506,217.166,212.824,217.166,10923.5,217.166
2009-10-30,215.336,219.677,215.336,219.677,4369.84,219.677
2009-11-02,217.857,225.187,217.857,223.571,5897.34,223.571
2009-11-04,225.869,228.828,225.869,228.38,3714.47,228.38
2009-11-05,224.263,224.263,224.263,224.263,655.374,224.263
2009-11-06,222.442,225.187,217.857,225.187,44573.6,225.187
2009-11-09,219.911,223.805,216.017,223.805,4369.84,223.805
2009-11-10,223.805,232.498,223.805,232.498,37363.5,232.498
2009-11-11,230.201,244.394,227.699,244.394,28186.2,244.394
2009-11-12,253.555,267.291,253.555,267.291,20319.6,267.291
2009-11-13,267.729,274.602,267.291,270.026,26001.3,270.026
2009-11-16,266.385,266.385,247.14,247.14,6337.0,247.14
2009-11-17,224.71,240.267,224.71,240.267,8085.35,240.267
2009-11-18,233.423,237.989,217.857,228.828,20976.1,228.828
2009-11-19,222.88,231.116,222.88,231.116,6992.37,231.116
2009-11-20,231.116,240.267,231.116,235.691,4151.04,235.691
2009-11-24,233.423,233.423,222.88,222.88,6117.17,222.88
2009-11-25,226.541,226.541,222.442,222.442,2403.72,222.442
2009-11-26,221.965,221.965,219.677,221.965,3495.67,221.965
2009-11-27,221.07,221.07,217.857,221.07,2622.52,221.07
2009-11-30,219.911,223.805,210.517,223.805,35614.1,223.805
2009-12-02,223.805,226.541,222.88,225.635,3714.47,225.635
2009-12-03,225.635,237.989,225.635,237.989,22068.0,237.989
2009-12-04,240.267,242.126,239.829,239.829,25345.9,239.829
2009-12-07,237.541,237.541,224.487,227.699,8304.15,227.699
2009-12-08,229.763,229.763,225.635,225.635,6773.57,225.635
2009-12-09,220.145,221.527,219.677,221.527,5680.59,221.527
2009-12-10,216.017,225.187,216.017,222.88,25126.1,222.88
2009-12-11,226.541,228.828,224.71,228.828,9830.62,228.828
2009-12-14,231.116,231.116,228.828,228.828,2840.29,228.828
2009-12-15,224.71,228.828,224.71,228.828,3059.1,228.828
2009-12-16,228.828,228.828,226.541,228.828,4151.04,228.828
2009-12-17,226.317,226.541,220.378,224.263,10268.2,224.263
2009-12-18,220.826,228.38,220.826,228.38,2622.52,228.38
2009-12-21,228.828,228.828,224.263,224.263,3059.1,224.263
2009-12-22,224.263,227.923,222.88,227.923,2403.72,227.923
2009-12-24,227.465,233.423,224.487,233.423,33649.0,233.423
2009-12-25,235.691,235.691,226.541,226.541,19882.0,226.541
2009-12-28,228.828,231.593,222.442,231.593,25563.7,231.593
2009-12-29,228.157,228.38,226.541,228.38,4369.84,228.38
2009-12-30,228.38,228.38,226.541,226.541,436.574,226.541
2010-01-04,223.348,223.348,223.348,223.348,2403.72,223.348
2010-01-05,224.263,226.103,224.263,226.103,3277.9,226.103
2010-01-06,226.541,226.541,222.442,226.541,1529.55,226.541
2010-01-07,226.541,228.828,224.71,227.008,2840.29,227.008
2010-01-08,226.541,227.008,223.805,227.008,4588.65,227.008
2010-01-12,228.828,228.828,228.828,228.828,1529.55,228.828
2010-01-13,224.71,228.828,224.263,228.828,2184.92,228.828
2010-01-14,224.263,227.465,222.88,227.465,1091.94,227.465
2010-01-15,227.923,227.923,227.923,227.923,2184.92,227.923
2010-01-18,226.541,226.541,223.348,226.317,1310.74,226.317
2010-01-19,226.317,226.317,224.263,224.263,1748.35,224.263
2010-01-20,224.263,224.263,224.263,224.263,2184.92,224.263
2010-01-21,224.263,227.465,224.263,227.465,1091.94,227.465
2010-01-22,227.923,228.38,227.923,227.923,3059.1,227.923
2010-01-25,227.923,233.423,226.541,233.423,7647.75,233.423
2010-01-26,233.423,233.423,233.423,233.423,1310.74,233.423
2010-01-27,233.423,233.423,224.263,228.38,3277.9,228.38
2010-01-28,231.593,232.031,228.828,231.593,2184.92,231.593
2010-02-01,224.487,226.541,223.348,226.541,3277.9,226.541
2010-02-02,232.031,232.031,224.263,226.103,1091.94,226.103
2010-02-03,225.392,228.38,225.392,228.38,655.374,228.38
2010-02-04,228.828,232.498,228.828,228.828,2403.72,228.828
2010-02-05,228.828,229.305,224.954,227.008,7647.75,227.008
2010-02-08,230.201,236.159,230.201,233.423,8085.35,233.423
2010-02-09,233.423,243.947,233.423,243.947,9395.07,243.947
2010-02-10,209.164,219.006,205.951,219.006,39547.4,219.006
2010-02-12,219.454,219.454,205.951,208.239,4805.39,208.239
2010-02-15,199.088,205.951,199.088,205.951,3277.9,205.951
2010-02-16,203.664,212.824,203.664,205.951,3714.47,205.951
2010-02-17,205.951,210.517,205.951,205.951,2840.29,205.951
2010-02-18,205.951,209.845,202.758,209.845,2184.92,209.845
2010-02-19,200.694,201.376,199.088,199.322,3933.27,199.322
2010-02-22,208.92,208.92,199.322,199.322,3059.1,199.322
2010-02-23,199.088,201.376,199.088,201.376,1748.35,201.376
2010-02-24,205.951,212.824,205.951,212.824,8085.35,212.824
2010-02-25,214.645,214.645,210.994,212.824,4805.39,212.824
2010-02-26,209.612,209.612,206.419,206.419,2840.29,206.419
2010-03-01,205.951,205.951,196.801,203.664,6117.17,203.664
2010-03-02,205.951,206.876,201.376,205.951,6117.17,205.951
2010-03-03,199.555,200.451,199.555,200.451,1748.35,200.451
2010-03-04,198.631,202.291,196.801,202.291,4805.39,202.291
2010-03-05,199.088,204.579,199.088,204.579,436.574,204.579
2010-03-08,203.664,203.664,197.725,201.376,5245.05,201.376
2010-03-09,205.951,222.88,205.951,221.965,17041.7,221.965
2010-03-10,219.911,219.911,210.517,214.645,3714.47,214.645
2010-03-11,211.909,212.824,205.951,212.824,7428.94,212.824
2010-03-12,214.187,214.187,211.442,211.442,2622.52,211.442
2010-03-15,211.442,217.4,211.442,217.4,5897.34,217.4
2010-03-16,219.677,249.437,219.677,249.437,68826.6,249.437
2010-03-17,252.182,288.338,252.182,265.461,101819.0,265.461
2010-03-18,260.856,260.856,244.394,260.856,29714.7,260.856
2010-03-19,251.705,306.649,251.705,306.649,84337.8,306.649
2010-03-23,347.837,352.422,298.861,320.385,193586.0,320.385
2010-03-24,320.385,334.111,298.413,334.111,49379.0,334.111
2010-03-25,334.111,334.111,306.649,316.248,22505.6,316.248
2010-03-26,316.248,332.729,297.479,315.333,33429.2,315.333
2010-03-29,301.606,306.649,288.785,304.371,27312.0,304.371
2010-03-30,299.786,299.786,292.913,297.041,9395.07,297.041
2010-03-31,297.479,302.531,295.21,302.531,14419.2,302.531
2010-04-01,302.979,320.385,302.979,319.45,18135.8,319.45
2010-04-02,323.578,324.036,302.531,314.437,13546.1,314.437
2010-04-05,318.555,318.555,299.786,299.786,27748.6,299.786
2010-04-06,304.371,308.937,304.371,304.371,9176.27,304.371
2010-04-07,304.371,317.153,293.838,304.371,23162.0,304.371
2010-04-08,299.786,311.224,299.786,310.3,5026.25,310.3
2010-04-09,311.672,326.79,311.672,317.63,24254.0,317.63
2010-04-12,320.385,363.394,320.385,363.394,128257.0,363.394
2010-04-13,377.13,381.695,345.988,352.422,88927.5,352.422
2010-04-14,352.861,356.063,345.082,353.785,23162.0,353.785
2010-04-15,358.818,384.46,347.38,382.163,29279.2,382.163
2010-04-16,382.163,385.365,362.946,381.695,28404.0,381.695
2010-04-19,374.832,375.309,350.125,370.714,12455.2,370.714
2010-04-20,383.983,383.983,336.399,374.832,33649.0,374.832
2010-04-21,367.979,367.979,351.04,363.861,5026.25,363.861
2010-04-22,363.861,363.861,345.988,363.861,13546.1,363.861
2010-04-23,361.563,421.073,356.063,384.898,106406.0,384.898
2010-04-26,412.37,453.558,406.412,453.558,78439.5,453.558
2010-04-27,474.147,519.006,416.488,443.95,319439.0,443.95
2010-04-28,425.639,494.289,425.639,478.265,69699.8,478.265
2010-04-30,492.001,524.954,458.601,471.412,131315.0,471.412
2010-05-06,457.666,462.261,416.945,421.073,69917.5,421.073
2010-05-07,379.875,427.926,379.875,427.926,40640.4,427.926
2010-05-10,359.286,359.286,359.286,359.286,8304.15,359.286
2010-05-11,343.272,345.55,317.153,317.153,123667.0,317.153
2010-05-12,321.738,328.601,307.097,315.81,28623.8,315.81
2010-05-13,320.385,327.248,302.083,313.512,24909.3,313.512
2010-05-14,313.045,313.512,277.347,286.04,65112.1,286.04
2010-05-17,286.04,286.04,256.29,264.526,43262.9,264.526
2010-05-18,282.847,284.687,257.673,260.856,53749.9,260.856
2010-05-19,251.705,273.229,233.423,270.026,39985.0,270.026
2010-05-20,261.8,269.579,259.951,269.579,9176.27,269.579
2010-05-21,251.705,261.8,242.564,261.8,21850.2,261.8
2010-05-24,265.908,274.602,260.856,265.908,7865.52,265.908
2010-05-25,252.182,252.182,228.828,228.828,37363.5,228.828
2010-05-26,265.461,265.461,228.828,237.989,46539.8,237.989
2010-05-27,229.305,258.578,228.828,252.63,22943.2,252.63
2010-05-28,259.045,259.951,247.14,249.437,41079.0,249.437
2010-05-31,251.277,281.455,251.277,272.314,41732.3,272.314
2010-06-01,270.494,297.479,269.102,286.04,52876.8,286.04
2010-06-02,281.455,288.785,266.385,281.017,34304.4,281.017
2010-06-03,281.017,288.338,277.347,288.338,21630.4,288.338
2010-06-04,290.625,291.083,282.847,290.625,19665.3,290.625
2010-06-07,267.729,274.602,266.824,266.824,27093.2,266.824
2010-06-08,262.248,271.866,259.513,266.824,11363.2,266.824
2010-06-09,271.399,274.602,262.248,269.102,6554.77,269.102
2010-06-10,273.229,273.229,258.578,267.729,9830.62,267.729
2010-06-11,264.526,272.314,264.526,270.026,5680.59,270.026
2010-06-14,274.602,279.177,266.824,278.729,16604.1,278.729
2010-06-15,278.729,278.729,262.248,265.908,11143.4,265.908
2010-06-16,266.385,270.026,260.418,265.908,14857.8,265.908
2010-06-17,266.385,270.494,260.856,264.993,10706.8,264.993
2010-06-18,255.843,260.856,254.012,258.578,9612.84,258.578
2010-06-21,258.578,260.418,252.182,260.418,10050.4,260.418
2010-06-22,256.29,262.248,252.63,255.843,12018.6,255.843
2010-06-23,248.98,251.705,244.852,244.852,10706.8,244.852
2010-06-24,244.852,249.437,241.201,245.786,9612.84,245.786
2010-06-25,242.564,242.564,236.616,242.564,8085.35,242.564
2010-06-28,236.616,243.479,235.691,243.479,10268.2,243.479
2010-06-29,234.329,246.225,233.423,246.225,11799.8,246.225
2010-06-30,231.116,239.352,230.201,239.352,5897.34,239.352
2010-07-01,236.616,238.904,235.691,238.904,1965.09,238.904
2010-07-02,234.329,242.564,232.031,242.564,1965.09,242.564
2010-07-05,234.786,240.267,229.305,236.616,6773.57,236.616
2010-07-06,237.989,242.564,235.691,242.564,3495.67,242.564
2010-07-07,244.394,244.852,231.593,233.423,8959.52,233.423
2010-07-08,235.253,241.659,235.253,239.352,2840.29,239.352
2010-07-09,237.989,237.989,233.423,235.691,3277.9,235.691
2010-07-13,235.691,236.616,232.031,236.616,874.175,236.616
2010-07-14,233.871,237.989,221.07,233.423,6337.0,233.423
2010-07-15,228.828,234.786,227.465,230.201,3933.27,230.201
2010-07-16,223.348,231.116,223.348,231.116,3059.1,231.116
2010-07-20,216.952,221.965,216.952,221.965,13327.3,221.965
2010-07-21,218.315,218.315,210.994,216.017,8959.52,216.017
2010-07-22,212.824,212.824,205.046,211.442,10050.4,211.442
2010-07-23,208.239,215.102,208.239,211.442,3933.27,211.442
2010-07-26,201.376,207.09,198.173,207.09,23162.0,207.09
2010-07-27,205.494,209.164,202.758,209.164,7210.14,209.164
2010-07-28,214.187,216.017,214.187,216.017,2622.52,216.017
2010-07-29,212.824,218.772,212.824,218.772,1310.74,218.772
2010-07-30,212.347,212.347,210.517,211.442,2622.52,211.442
2010-08-02,208.239,208.239,207.324,207.324,1748.35,207.324
2010-08-03,206.876,212.824,206.419,208.239,4151.04,208.239
2010-08-04,208.239,211.442,206.419,209.164,1091.94,209.164
2010-08-05,210.079,210.079,210.079,210.079,218.8,210.079
2010-08-09,203.664,205.951,190.852,205.951,6554.77,205.951
2010-08-10,203.206,204.121,198.173,204.121,3933.27,204.121
2010-08-11,206.419,208.239,205.494,208.239,3059.1,208.239
2010-08-12,195.438,197.725,185.82,197.725,10050.4,197.725
2010-08-13,199.088,199.088,189.928,196.333,2840.29,196.333
2010-08-16,196.801,196.801,184.904,189.022,11579.9,189.022
2010-08-17,190.852,190.852,187.64,190.852,655.374,190.852
2010-08-18,191.31,191.31,179.862,186.277,5245.05,186.277
2010-08-19,183.065,192.215,183.065,189.928,5680.59,189.928
2010-08-20,181.011,186.277,180.777,186.277,10488.0,186.277
2010-08-23,183.065,184.213,179.638,184.213,3933.27,184.213
2010-08-24,179.18,184.681,179.18,183.065,6773.57,183.065
2010-08-25,182.393,182.85,173.924,180.553,10268.2,180.553
2010-08-26,177.34,178.723,175.053,175.053,5897.34,175.053
2010-08-27,171.86,179.414,169.348,179.414,9830.62,179.414
2010-08-30,179.862,183.065,179.414,182.85,6337.0,182.85
2010-08-31,182.85,182.85,178.041,181.254,1748.35,181.254
2010-09-01,183.065,208.697,183.065,201.376,19228.7,201.376
2010-09-02,204.579,205.951,194.97,200.928,12671.9,200.928
2010-09-03,207.324,212.824,204.121,212.347,5461.79,212.347
2010-09-06,215.569,222.88,200.451,201.376,17259.5,201.376
2010-09-07,210.994,210.994,204.579,204.579,2403.72,204.579
2010-09-08,203.206,206.419,200.003,206.419,10923.5,206.419
2010-09-09,205.951,221.965,205.951,221.965,13109.5,221.965
2010-09-10,236.159,244.852,223.348,229.763,39766.2,229.763
2010-09-13,229.763,229.763,214.187,219.677,12018.6,219.677
2010-09-14,215.336,216.475,213.282,213.739,2403.72,213.739
2010-09-15,211.442,221.527,211.442,211.675,2840.29,211.675
2010-09-16,212.824,215.102,205.951,205.951,12671.9,205.951
2010-09-17,206.185,206.185,205.951,205.951,4369.84,205.951
2010-09-21,205.951,206.185,197.725,200.003,9830.62,200.003
2010-09-22,196.801,196.801,193.14,193.364,1965.09,193.364
2010-09-24,194.737,194.97,194.737,194.737,1091.94,194.737
2010-09-27,201.152,201.152,190.405,190.405,7428.94,190.405
2010-09-28,183.98,187.192,183.98,187.192,2622.52,187.192
2010-09-29,183.98,189.48,183.98,186.277,3933.27,186.277
2010-09-30,191.31,194.055,183.98,183.98,6773.57,183.98
2010-10-01,183.98,185.576,182.159,183.308,5026.25,183.308
2010-10-04,186.501,192.215,185.82,189.022,2403.72,189.022
2010-10-05,185.362,193.14,185.362,193.14,1529.55,193.14
2010-10-06,194.513,194.97,194.513,194.97,1529.55,194.97
2010-10-07,194.97,194.97,194.97,194.97,218.8,194.97
2010-10-13,183.98,184.447,181.254,184.447,1091.94,184.447
2010-10-14,183.065,183.065,178.265,182.159,4369.84,182.159
2010-10-15,183.98,183.98,180.777,181.468,1529.55,181.468
2010-10-18,178.947,178.947,178.489,178.489,2403.72,178.489
2010-10-19,183.065,183.065,179.862,179.862,2622.52,179.862
2010-10-20,177.798,177.798,177.798,177.798,218.8,177.798
2010-10-21,177.584,182.607,176.669,182.607,2622.52,182.607
2010-10-22,182.85,182.85,178.489,180.777,1965.09,180.777
2010-10-25,193.607,194.513,190.852,194.055,5680.59,194.055
2010-10-26,192.215,194.055,183.532,193.607,7865.52,193.607
2010-10-27,188.798,188.798,188.098,188.098,655.374,188.098
2010-10-28,184.904,196.333,184.904,196.333,4805.39,196.333
2010-10-29,186.978,191.31,184.904,191.31,2184.92,191.31
2010-11-01,184.904,184.904,184.681,184.681,436.574,184.681
2010-11-04,185.362,186.501,185.362,185.82,1310.74,185.82
2010-11-05,179.414,186.277,179.414,181.702,5680.59,181.702
2010-11-08,184.904,194.055,184.904,192.215,5461.79,192.215
2010-11-09,192.215,205.951,190.405,205.951,8959.52,205.951
2010-11-10,209.164,215.569,208.239,215.569,15950.8,215.569
2010-11-11,218.772,219.677,218.772,219.006,6554.77,219.006
2010-11-12,215.102,215.102,201.376,201.376,4369.84,201.376
2010-11-15,204.579,204.579,197.034,197.034,6773.57,197.034
2010-11-16,195.438,196.567,195.438,196.567,3714.47,196.567
2010-11-17,193.364,196.333,192.215,196.333,1965.09,196.333
2010-11-18,194.513,199.088,192.215,199.088,7647.75,199.088
2010-11-19,197.268,203.206,197.268,203.206,1529.55,203.206
2010-11-22,203.206,215.569,203.206,215.102,15950.8,215.102
2010-11-24,214.421,217.4,203.44,217.4,7428.94,217.4
2010-11-25,220.602,234.329,220.602,231.593,16824.0,231.593
2010-11-26,228.828,228.828,217.857,219.677,8085.35,219.677
2010-11-29,216.475,217.4,214.187,214.187,4369.84,214.187
2010-11-30,213.963,213.963,205.494,210.517,10050.4,210.517
2010-12-01,205.27,209.164,205.27,205.951,3059.1,205.951
2010-12-02,209.164,213.739,206.419,206.419,3277.9,206.419
2010-12-03,209.612,218.315,208.239,212.824,7865.52,212.824
2010-12-06,214.645,221.965,213.506,221.527,7428.94,221.527
2010-12-07,220.145,220.145,217.4,217.4,3495.67,217.4
2010-12-08,217.857,222.88,217.857,219.006,6554.77,219.006
2010-12-09,219.677,221.965,219.454,221.965,6337.0,221.965
2010-12-10,224.263,254.012,223.348,254.012,52001.6,254.012
2010-12-13,274.602,274.602,247.14,247.14,57901.0,247.14
2010-12-14,243.479,258.578,243.479,258.578,13546.1,258.578
2010-12-15,264.526,271.866,254.012,267.729,19228.7,267.729
2010-12-16,268.196,268.196,258.578,267.291,8085.35,267.291
2010-12-17,268.196,292.913,267.291,283.753,26874.4,283.753
2010-12-20,283.753,304.371,274.602,288.338,27093.2,288.338
2010-12-21,288.338,288.338,276.88,287.413,14419.2,287.413
2010-12-22,283.753,283.753,256.29,270.026,12455.2,270.026
2010-12-24,265.461,269.579,262.248,262.248,4805.39,262.248
2010-12-27,262.248,262.248,251.705,256.29,9612.84,256.29
2010-12-28,251.705,255.843,251.705,251.705,4369.84,251.705
2010-12-29,260.856,262.706,256.29,262.706,2184.92,262.706
2010-12-30,269.579,269.579,251.705,264.993,2840.29,264.993
2011-01-04,264.993,281.455,264.993,280.55,6337.0,280.55
2011-01-05,282.39,282.39,269.102,272.772,10706.8,272.772
2011-01-06,275.536,281.455,272.314,281.017,9612.84,281.017
2011-01-07,281.017,281.017,271.399,274.602,5680.59,274.602
2011-01-11,271.399,274.602,252.182,274.602,10268.2,274.602
2011-01-12,274.602,274.602,265.461,267.729,4151.04,267.729
2011-01-13,272.314,290.625,272.314,288.338,19882.0,288.338
2011-01-14,288.785,294.743,286.04,286.04,12018.6,286.04
2011-01-17,288.338,288.338,277.824,282.847,6554.77,282.847
2011-01-18,286.04,311.224,283.753,303.894,29495.9,303.894
2011-01-19,308.469,308.469,289.253,297.479,18352.5,297.479
2011-01-20,288.338,292.913,272.314,279.644,14419.2,279.644
2011-01-21,279.177,283.753,263.621,263.621,9830.62,263.621
2011-01-24,262.706,263.621,258.14,262.706,13546.1,262.706
2011-01-25,281.455,286.04,274.602,283.753,36925.9,283.753
2011-01-26,279.177,279.177,270.026,274.602,4369.84,274.602
2011-01-27,270.494,276.88,270.494,276.88,2622.52,276.88
2011-01-28,284.687,284.687,261.333,274.602,17479.3,274.602
2011-01-31,260.856,261.333,257.205,260.856,13109.5,260.856
2011-02-01,258.578,263.163,256.29,263.163,1529.55,263.163
2011-02-02,265.461,269.102,263.163,265.461,7647.75,265.461
2011-02-03,264.078,264.078,261.8,261.8,1529.55,261.8
2011-02-04,254.47,263.621,254.47,263.621,3277.9,263.621
2011-02-07,263.621,280.55,262.706,279.177,12455.2,279.177
2011-02-08,279.177,283.753,279.177,282.39,4369.84,282.39
2011-02-09,286.04,294.743,263.163,263.621,46976.3,263.621
2011-02-10,265.461,267.291,259.513,267.291,8739.69,267.291
2011-02-14,265.461,282.847,265.461,275.059,9176.27,275.059
2011-02-15,275.536,278.729,274.602,278.729,12236.4,278.729
2011-02-16,278.729,278.729,271.399,271.399,6554.77,271.399
2011-02-17,279.177,279.177,265.908,279.177,13109.5,279.177
2011-02-18,274.602,275.059,272.772,275.059,2184.92,275.059
2011-02-21,277.824,281.455,267.729,279.644,11799.8,279.644
2011-02-22,284.21,284.21,273.696,275.974,8304.15,275.974
2011-02-23,273.696,281.455,273.696,279.177,10050.4,279.177
2011-02-24,275.059,275.059,265.908,266.385,12236.4,266.385
2011-02-25,270.951,273.696,265.908,273.696,4805.39,273.696
2011-02-28,279.177,291.083,277.824,291.083,12236.4,291.083
2011-03-01,291.083,336.837,291.083,336.837,157316.0,336.837
2011-03-02,334.111,354.233,311.224,334.111,86961.4,334.111
2011-03-03,321.29,340.974,312.587,340.974,28186.2,340.974
2011-03-04,354.71,357.893,331.823,334.111,47852.6,334.111
2011-03-07,329.526,333.177,320.823,326.79,16824.0,326.79
2011-03-08,320.385,324.96,310.3,310.3,23377.7,310.3
2011-03-09,316.725,334.111,312.13,320.385,26219.0,320.385
2011-03-10,327.248,327.248,297.479,304.371,27093.2,304.371
2011-03-11,297.479,306.649,279.177,296.564,12236.4,296.564
2011-03-14,250.81,250.81,250.81,250.81,9830.62,250.81
2011-03-15,205.046,205.046,205.046,205.046,9612.84,205.046
2011-03-16,185.82,204.579,173.018,204.579,114054.0,204.579
2011-03-17,191.758,198.631,188.098,194.513,11799.8,194.513
2011-03-18,200.928,210.517,197.268,209.612,24909.3,209.612
2011-03-22,237.989,241.659,222.88,241.659,32992.6,241.659
2011-03-23,241.659,264.993,224.263,256.29,26655.6,256.29
2011-03-24,247.14,251.277,237.989,242.564,6773.57,242.564
2011-03-25,242.564,253.555,242.564,244.852,5680.59,244.852
2011-03-28,240.267,240.267,226.541,237.541,6554.77,237.541
2011-03-29,237.074,237.074,232.031,235.253,3059.1,235.253
2011-03-30,242.126,242.126,232.956,232.956,4151.04,232.956
2011-03-31,233.423,240.267,228.828,239.829,7647.75,239.829
2011-04-01,235.691,235.691,216.475,234.329,15733.1,234.329
2011-04-04,229.763,235.691,228.828,235.253,4805.39,235.253
2011-04-05,235.691,235.691,223.348,224.263,2840.29,224.263
2011-04-06,224.263,227.923,224.263,227.923,1091.94,227.923
2011-04-07,227.465,227.465,223.348,225.392,1310.74,225.392
2011-04-08,222.199,231.116,222.199,227.465,3059.1,227.465
2011-04-11,227.465,228.828,227.465,228.828,3277.9,228.828
2011-04-12,221.07,227.465,219.677,224.263,4805.39,224.263
2011-04-13,219.006,219.006,203.664,215.102,18573.4,215.102
2011-04-14,214.645,214.645,208.239,213.739,1748.35,213.739
2011-04-15,215.102,219.677,214.645,219.677,9395.07,219.677
2011-04-18,224.263,224.263,224.263,224.263,1965.09,224.263
2011-04-19,224.263,224.263,219.677,223.114,3495.67,223.114
2011-04-20,221.965,225.187,221.965,222.442,1091.94,222.442
2011-04-21,227.923,248.055,227.923,244.852,50909.6,244.852
2011-04-22,240.267,247.14,234.786,247.14,8959.52,247.14
2011-04-25,256.29,262.706,251.277,251.705,11579.9,251.705
2011-04-26,248.512,248.512,237.989,243.031,8085.35,243.031
2011-04-27,247.14,260.856,240.734,245.319,8521.92,245.319
2011-04-28,245.319,249.437,238.446,246.702,2840.29,246.702
2011-05-02,242.126,250.352,242.126,250.352,4588.65,250.352
2011-05-06,254.928,254.928,247.14,251.705,3277.9,251.705
2011-05-09,297.479,297.479,297.479,297.479,4588.65,297.479
2011-05-10,343.272,343.272,343.272,343.272,18791.1,343.272
2011-05-11,411.922,411.922,411.922,411.922,30806.7,411.922
2011-05-12,446.238,549.213,430.214,511.685,1336752.0,511.685
2011-05-13,549.671,626.099,451.261,512.6,1285187.0,512.6
2011-05-16,531.369,636.165,481.011,481.478,859342.0,481.478
2011-05-17,485.138,537.307,448.516,503.44,407273.0,503.44
2011-05-18,490.171,535.477,459.964,469.582,273993.0,469.582
2011-05-19,530.912,606.892,528.604,595.454,1208494.0,595.454
2011-05-20,594.519,617.854,527.699,531.369,656141.0,531.369
2011-05-23,517.643,555.619,489.704,507.1,206913.0,507.1
2011-05-24,502.077,524.954,476.445,503.44,216964.0,503.44
2011-05-25,495.662,530.912,467.752,475.978,236192.0,475.978
2011-05-26,489.256,492.001,453.101,462.699,167803.0,462.699
2011-05-27,463.176,474.615,439.365,470.945,164090.0,470.945
2011-05-30,457.666,508.025,455.836,461.794,325557.0,461.794
2011-05-31,463.176,485.138,463.176,468.667,72103.5,468.667
2011-06-01,462.261,465.922,443.95,461.794,81717.4,461.794
2011-06-02,453.558,507.1,446.238,464.539,244713.0,464.539
2011-06-03,478.265,583.538,468.199,562.949,714040.0,562.949
2011-06-06,547.841,567.515,508.473,516.718,291690.0,516.718
2011-06-07,521.761,531.369,482.85,504.822,143332.0,504.822
2011-06-08,505.27,521.761,481.011,497.949,159720.0,497.949
2011-06-09,499.322,510.322,480.563,480.563,69263.2,480.563
2011-06-10,493.831,532.722,485.138,490.629,361173.0,490.629
2011-06-13,486.053,516.718,485.138,489.256,132626.0,489.256
2011-06-14,494.289,498.864,470.945,486.053,80406.6,486.053
2011-06-15,486.053,492.926,473.69,476.445,46976.3,476.445
2011-06-16,473.69,475.978,459.964,470.03,76256.6,470.03
2011-06-17,463.624,467.284,453.101,457.666,52656.9,457.666
2011-06-20,458.134,462.261,449.908,457.666,34739.9,457.666
2011-06-21,457.666,464.539,448.516,454.931,27530.8,454.931
2011-06-22,461.794,461.794,446.685,455.836,24254.0,455.836
2011-06-23,462.261,462.699,448.983,456.761,20976.1,456.761
2011-06-24,453.558,454.931,436.172,442.577,40203.8,442.577
2011-06-27,435.714,442.11,430.214,439.365,42605.5,439.365
2011-06-28,443.95,443.95,422.436,429.756,14419.2,429.756
2011-06-29,434.332,434.332,421.073,427.926,23377.7,427.926
2011-06-30,434.789,434.789,414.2,414.2,32773.8,414.2
2011-07-01,411.922,437.087,398.176,428.394,53968.7,428.394
2011-07-04,429.309,434.789,409.157,419.691,41732.3,419.691
2011-07-05,418.766,418.766,407.337,417.403,25126.1,417.403
2011-07-06,411.922,423.351,409.615,409.615,29934.6,409.615
2011-07-07,411.922,434.789,411.007,433.884,55060.7,433.884
2011-07-08,447.6,455.388,439.832,441.662,58338.6,441.662
2011-07-11,442.577,472.337,437.087,459.964,111433.0,459.964
2011-07-12,449.431,451.718,434.789,435.247,54623.1,435.247
2011-07-13,429.309,440.28,425.639,437.087,26655.6,437.087
2011-07-14,443.95,454.931,437.992,443.95,20976.1,443.95
2011-07-15,443.483,443.483,421.073,425.639,34304.4,425.639
2011-07-19,426.554,428.394,415.582,421.521,12018.6,421.521
2011-07-20,490.171,490.171,490.171,490.171,22943.2,490.171
2011-07-21,544.628,599.552,492.459,503.44,1272513.0,503.44
2011-07-22,508.025,526.336,471.85,489.256,202325.0,489.256
2011-07-25,494.289,494.289,471.85,475.063,58338.6,475.063
2011-07-26,480.563,489.256,462.261,467.284,91985.6,467.284
2011-07-27,477.818,477.818,449.431,459.964,54841.9,459.964
2011-07-28,458.601,458.601,446.238,448.983,49379.0,448.983
2011-07-29,446.238,454.006,442.11,449.908,43042.0,449.908
2011-08-01,444.407,471.412,443.95,462.261,36707.1,462.261
2011-08-02,456.303,457.666,444.407,446.685,31464.1,446.685
2011-08-03,443.483,443.483,429.309,429.309,35614.1,429.309
2011-08-04,442.11,452.186,432.502,447.6,18352.5,447.6
2011-08-05,420.158,429.309,411.922,428.841,58993.9,428.841
2011-08-08,421.968,423.351,389.026,389.493,47195.1,389.493
2011-08-09,362.479,405.497,347.837,393.143,63800.4,393.143
2011-08-10,427.469,432.054,377.577,394.974,126507.0,394.974
2011-08-11,367.512,384.898,362.479,379.875,104222.0,379.875
2011-08-12,384.46,393.601,370.714,373.012,43481.7,373.012
2011-08-15,375.309,385.823,371.172,385.823,23377.7,385.823
2011-08-16,390.398,421.968,379.875,415.582,110120.0,415.582
2011-08-17,420.606,422.436,391.771,404.134,53313.3,404.134
2011-08-18,402.752,402.752,393.601,394.516,16604.1,394.516
2011-08-19,384.898,384.898,373.012,376.662,34304.4,376.662
2011-08-22,373.917,382.163,337.304,345.082,72541.1,345.082
2011-08-23,347.837,347.837,328.601,338.229,40422.6,338.229
2011-08-24,345.082,352.422,320.385,320.823,39547.4,320.823
2011-08-25,327.696,332.271,323.578,327.696,26874.4,327.696
2011-08-26,330.899,343.272,328.601,343.272,11143.4,343.272
2011-08-29,350.125,367.979,348.295,363.394,39547.4,363.394
2011-08-30,370.714,375.309,357.893,357.893,32773.8,357.893
2011-08-31,357.893,366.149,349.2,365.681,20537.4,365.681
2011-09-01,375.309,406.87,371.639,386.738,107718.0,386.738
2011-09-02,378.045,383.983,368.884,379.408,44573.6,379.408
2011-09-05,372.544,384.46,367.064,375.309,21630.4,375.309
2011-09-06,373.012,375.309,365.224,365.224,27967.4,365.224
2011-09-07,365.224,382.62,365.224,381.695,18135.8,381.695
2011-09-08,393.143,393.143,372.087,384.46,15950.8,384.46
2011-09-09,378.045,383.983,370.714,378.045,11143.4,378.045
2011-09-12,365.224,369.342,360.648,365.681,13763.8,365.681
2011-09-13,365.681,373.012,359.286,363.861,13982.6,363.861
2011-09-14,370.714,370.714,335.026,345.082,36488.3,345.082
2011-09-15,347.837,356.531,331.823,333.177,28404.0,333.177
2011-09-16,334.111,350.125,334.111,340.974,14857.8,340.974
2011-09-20,347.38,347.837,329.974,332.271,6773.57,332.271
2011-09-21,329.974,334.111,322.215,324.483,19882.0,324.483
2011-09-22,317.63,318.087,302.083,304.371,23814.3,304.371
2011-09-26,295.21,297.479,265.908,265.908,45228.0,265.908
2011-09-27,274.602,279.177,258.14,263.163,40422.6,263.163
2011-09-28,267.729,279.644,266.824,279.177,22943.2,279.177
2011-09-29,270.026,290.178,267.729,285.583,33649.0,285.583
2011-09-30,299.319,299.786,286.04,289.253,17041.7,289.253
2011-10-03,284.687,284.687,275.059,276.442,18352.5,276.442
2011-10-04,266.385,272.314,262.248,272.314,18352.5,272.314
2011-10-05,274.154,290.625,272.314,272.314,15733.1,272.314
2011-10-06,274.154,278.262,272.772,276.88,7210.14,276.88
2011-10-07,281.017,290.178,281.017,286.508,15295.5,286.508
2011-10-11,290.178,304.371,290.178,302.083,26001.3,302.083
2011-10-12,297.479,329.526,297.479,323.12,36269.5,323.12
2011-10-13,329.974,341.88,328.601,336.399,40203.8,336.399
2011-10-14,335.941,335.941,328.601,329.526,13763.8,329.526
2011-10-17,334.559,334.559,314.437,320.823,20099.8,320.823
2011-10-18,315.81,325.866,306.649,325.866,14419.2,325.866
2011-10-19,332.729,335.026,317.153,319.918,6992.37,319.918
2011-10-20,320.385,320.385,309.852,310.767,11579.9,310.767
2011-10-21,313.512,315.333,310.767,310.767,2184.92,310.767
2011-10-24,315.81,324.036,315.333,320.385,2840.29,320.385
2011-10-25,321.29,322.673,311.672,322.673,4151.04,322.673
2011-10-26,312.13,319.003,312.13,319.003,4151.04,319.003
2011-10-27,320.385,343.272,320.385,329.974,22285.8,329.974
2011-10-28,335.026,347.837,335.026,344.177,25345.9,344.177
2011-10-31,349.2,366.587,347.837,366.149,22505.6,366.149
2011-11-01,352.422,365.681,346.465,348.295,22285.8,348.295
2011-11-02,334.559,353.318,328.153,350.125,24254.0,350.125
2011-11-04,356.988,356.988,338.229,350.125,21193.8,350.125
2011-11-07,351.04,351.498,339.602,345.55,2184.92,345.55
2011-11-08,343.71,368.436,343.272,345.988,19882.0,345.988
2011-11-09,328.153,328.153,300.234,307.564,49161.3,307.564
2011-11-10,291.998,295.21,281.017,294.743,16387.4,294.743
2011-11-11,285.583,288.338,275.536,275.536,23597.5,275.536
2011-11-14,274.602,289.71,272.772,289.71,31681.9,289.71
2011-11-15,282.39,286.508,277.347,283.295,18352.5,283.295
2011-11-16,277.824,287.88,270.026,270.951,23162.0,270.951
2011-11-17,270.951,274.602,266.824,274.602,10268.2,274.602
2011-11-18,277.824,277.824,260.856,270.026,15950.8,270.026
2011-11-21,265.461,265.461,248.055,248.055,35177.5,248.055
2011-11-22,246.225,260.418,235.691,247.14,22068.0,247.14
2011-11-24,274.602,292.913,269.102,292.913,93079.6,292.913
2011-11-25,293.371,308.012,270.026,279.177,126072.0,279.177
2011-11-28,270.026,275.536,264.993,275.536,14419.2,275.536
2011-11-29,281.455,281.455,270.494,276.88,20319.6,276.88
2011-11-30,269.102,271.866,263.621,269.579,17917.0,269.579
2011-12-01,276.88,284.21,267.729,277.347,51782.8,277.347
2011-12-02,281.932,281.932,269.102,275.059,6992.37,275.059
2011-12-05,270.494,276.88,267.729,275.536,33866.8,275.536
2011-12-06,277.347,281.455,274.602,274.602,32773.8,274.602
2011-12-07,274.602,279.177,272.314,275.974,8521.92,275.974
2011-12-08,275.974,301.606,275.974,298.861,56372.4,298.861
2011-12-09,289.71,302.083,289.71,301.606,38672.2,301.606
2011-12-12,305.276,314.885,303.436,311.224,41950.1,311.224
2011-12-13,309.852,313.045,297.479,313.045,22285.8,313.045
2011-12-14,315.81,318.087,303.436,313.512,20756.2,313.512
2011-12-15,313.045,313.045,292.913,292.913,25782.5,292.913
2011-12-16,288.338,297.479,286.508,292.913,15513.2,292.913
2011-12-19,288.338,292.913,279.177,292.913,5245.05,292.913
2011-12-20,293.838,295.658,285.115,285.115,7865.52,285.115
2011-12-21,289.253,293.838,286.965,287.88,5026.25,287.88
2011-12-22,286.04,296.564,286.04,290.625,15513.2,290.625
2011-12-26,297.041,297.041,288.785,292.456,10050.4,292.456
2011-12-27,288.338,288.338,284.21,286.965,4151.04,286.965
2011-12-28,287.413,288.338,286.965,288.338,1529.55,288.338
2011-12-29,290.625,290.625,284.21,284.21,5026.25,284.21
2011-12-30,288.785,288.785,284.687,284.687,1748.35,284.687
2012-01-04,286.04,290.625,286.04,286.04,3277.9,286.04
2012-01-05,291.55,300.701,291.55,299.786,9176.27,299.786
2012-01-06,297.946,308.937,297.479,299.319,8085.35,299.319
2012-01-10,299.319,301.606,287.413,292.913,5897.34,292.913
2012-01-11,292.913,297.479,283.753,287.88,9176.27,287.88
2012-01-12,283.295,283.295,265.908,279.177,25126.1,279.177
2012-01-13,279.177,281.455,273.696,276.442,6773.57,276.442
2012-01-16,276.88,276.88,265.461,265.461,17041.7,265.461
2012-01-17,265.461,268.196,256.29,268.196,31244.3,268.196
2012-01-18,263.621,269.102,263.163,268.663,17041.7,268.663
2012-01-19,268.663,273.229,265.461,267.729,7865.52,267.729
2012-01-20,263.621,266.824,260.418,266.824,10923.5,266.824
2012-01-23,275.059,287.413,274.602,285.115,13109.5,285.115
2012-01-24,285.583,286.04,273.229,274.154,16824.0,274.154
2012-01-25,276.442,283.753,276.442,283.753,10050.4,283.753
2012-01-26,288.338,288.338,275.974,276.442,4588.65,276.442
2012-01-27,276.88,281.455,276.88,281.455,10268.2,281.455
2012-01-30,296.564,327.248,296.564,308.012,188124.0,308.012
2012-01-31,308.937,312.13,301.139,303.436,32119.5,303.436
2012-02-01,302.531,324.96,297.946,319.918,34739.9,319.918
2012-02-02,321.29,323.578,310.3,313.512,18573.4,313.512
2012-02-03,313.512,319.003,308.012,315.81,9395.07,315.81
2012-02-06,324.96,347.837,321.29,347.837,61834.2,347.837
2012-02-07,347.837,347.837,325.398,325.398,58993.9,325.398
2012-02-08,310.3,313.512,296.564,307.097,95263.5,307.097
2012-02-09,305.714,310.3,298.413,300.234,22285.8,300.234
2012-02-10,306.649,306.649,296.564,302.979,12018.6,302.979
2012-02-13,306.649,310.3,297.479,309.384,12455.2,309.384
2012-02-14,304.799,309.384,303.436,304.799,5245.05,304.799
2012-02-15,309.384,309.384,299.319,305.714,8521.92,305.714
2012-02-16,305.276,308.012,301.139,305.714,13763.8,305.714
2012-02-17,306.201,319.003,302.979,318.087,26437.8,318.087
2012-02-20,320.385,323.578,306.201,315.81,22285.8,315.81
2012-02-21,315.333,315.81,305.714,315.81,6554.77,315.81
2012-02-22,311.224,322.673,308.469,322.673,15295.5,322.673
2012-02-23,322.673,323.12,311.672,322.215,21850.2,322.215
2012-02-24,322.215,331.823,319.918,326.313,30151.3,326.313
2012-02-27,327.696,339.144,326.313,334.111,49161.3,334.111
2012-02-28,334.111,337.752,322.215,333.634,25782.5,333.634
2012-02-29,333.177,333.177,316.248,317.153,26874.4,317.153
2012-03-01,316.725,317.63,311.224,315.81,13109.5,315.81
2012-03-02,317.63,319.003,309.384,314.437,14640.1,314.437
2012-03-05,314.437,320.385,312.587,317.153,13763.8,317.153
2012-03-06,320.385,322.215,311.224,311.672,14857.8,311.672
2012-03-07,307.564,311.224,304.799,307.097,22285.8,307.097
2012-03-08,308.469,310.3,304.371,310.3,13546.1,310.3
2012-03-09,311.224,311.224,302.979,306.649,18791.1,306.649
2012-03-12,308.012,308.012,299.319,300.701,13327.3,300.701
2012-03-13,300.701,306.649,297.479,306.649,10923.5,306.649
2012-03-14,307.097,307.097,299.786,303.436,7865.52,303.436
2012-03-15,299.786,302.083,299.319,301.606,6773.57,301.606
2012-03-16,302.083,312.587,302.083,312.587,12236.4,312.587
2012-03-19,312.13,312.13,307.564,308.469,4369.84,308.469
2012-03-21,308.469,308.937,306.649,306.649,1965.09,306.649
2012-03-22,304.371,310.3,304.371,309.384,13109.5,309.384
2012-03-23,304.799,308.469,303.436,306.649,10923.5,306.649
2012-03-26,303.894,307.097,303.894,303.894,4151.04,303.894
2012-03-27,302.531,303.894,299.786,303.894,4588.65,303.894
2012-03-28,303.894,304.371,298.413,303.436,6337.0,303.436
2012-03-29,302.979,302.979,298.861,300.701,7647.75,300.701
2012-03-30,300.701,300.701,295.21,300.701,7865.52,300.701
2012-04-02,305.276,320.385,304.371,320.385,43262.9,320.385
2012-04-03,340.974,389.026,338.687,366.149,589716.0,366.149
2012-04-04,366.149,366.149,326.79,331.823,145298.0,331.823
2012-04-05,330.451,349.2,322.673,341.422,49379.0,341.422
2012-04-06,345.988,345.988,329.526,338.687,34084.6,338.687
2012-04-09,335.464,336.837,324.483,331.823,27093.2,331.823
2012-04-10,331.823,392.228,323.12,373.012,234880.0,373.012
2012-04-11,393.601,397.252,366.149,372.087,168022.0,372.087
2012-04-12,371.639,372.087,354.71,358.351,58555.3,358.351
2012-04-13,358.351,367.512,356.988,366.149,34958.7,366.149
2012-04-16,359.286,367.064,354.71,356.988,26437.8,356.988
2012-04-17,361.106,361.106,343.71,352.422,27093.2,352.422
2012-04-18,356.063,356.063,343.272,345.55,28623.8,345.55
2012-04-19,346.922,373.012,343.272,361.106,38892.0,361.106
2012-04-20,359.724,377.577,351.955,373.917,40640.4,373.917
2012-04-23,375.737,375.737,357.446,357.446,36052.8,357.446
2012-04-24,356.531,358.351,345.988,351.498,20976.1,351.498
2012-04-25,349.658,360.191,349.658,356.531,11799.8,356.531
2012-04-26,356.531,356.531,332.729,348.752,45664.6,348.752
2012-04-27,354.233,373.012,347.837,355.625,63580.5,355.625
2012-05-01,356.063,367.064,349.2,353.785,33649.0,353.785
2012-05-02,394.974,402.752,373.012,393.601,223957.0,393.601
2012-05-07,386.738,391.333,357.446,361.563,115584.0,361.563
2012-05-08,373.012,386.738,366.587,386.738,62053.0,386.738
2012-05-09,367.512,374.832,356.063,362.011,55060.7,362.011
2012-05-10,363.394,382.62,363.394,382.62,37799.0,382.62
2012-05-11,384.46,393.601,373.012,379.875,57245.6,379.875
2012-05-14,385.365,385.365,356.988,357.446,64456.8,357.446
2012-05-15,352.422,361.563,345.55,359.286,55934.8,359.286
2012-05-16,354.233,365.224,353.785,362.946,16387.4,362.946
2012-05-17,362.479,374.375,356.988,374.375,9830.62,374.375
2012-05-18,366.149,369.342,356.988,358.351,24690.5,358.351
2012-05-21,351.498,356.988,348.295,348.295,32992.6,348.295
2012-05-22,344.177,351.955,344.177,345.55,13546.1,345.55
2012-05-23,343.272,346.922,343.272,343.71,18135.8,343.71
2012-05-24,344.635,347.837,341.88,341.88,9612.84,341.88
2012-05-25,350.125,350.125,338.687,338.687,7428.94,338.687
2012-05-28,336.399,338.687,315.81,319.918,52438.1,319.918
2012-05-29,319.918,324.96,319.918,324.96,6773.57,324.96
2012-05-30,325.866,329.068,325.866,325.866,8959.52,325.866
2012-05-31,322.215,322.215,316.725,320.385,8521.92,320.385
2012-06-01,320.385,321.29,313.96,314.437,12018.6,314.437
2012-06-04,312.587,312.587,302.083,306.201,57027.8,306.201
2012-06-05,305.714,306.649,302.531,306.649,6773.57,306.649
2012-06-06,311.224,319.918,307.564,319.918,1965.09,319.918
2012-06-07,320.385,334.111,320.385,320.385,25563.7,320.385
2012-06-08,321.29,322.673,315.81,322.215,15513.2,322.215
2012-06-11,329.068,329.068,313.512,319.003,20319.6,319.003
2012-06-12,315.333,320.385,315.333,320.385,5680.59,320.385
2012-06-13,320.385,320.385,314.885,318.087,5680.59,318.087
2012-06-14,318.087,319.918,312.13,319.918,6337.0,319.918
2012-06-15,320.385,320.385,316.725,320.385,3933.27,320.385
2012-06-18,320.385,334.111,320.385,329.526,10923.5,329.526
2012-06-19,322.673,327.248,321.738,327.248,7210.14,327.248
2012-06-20,321.738,335.026,321.738,331.823,8739.69,331.823
2012-06-21,331.823,345.55,331.823,338.687,12671.9,338.687
2012-06-22,336.399,356.988,334.111,352.422,59648.3,352.422
2012-06-25,363.861,363.861,353.318,360.191,16604.1,360.191
2012-06-26,353.318,353.318,343.71,350.125,21630.4,350.125
2012-06-27,348.752,349.658,343.71,349.658,13327.3,349.658
2012-06-28,347.837,347.837,342.804,344.635,9612.84,344.635
2012-06-29,356.988,356.988,343.71,345.55,8085.35,345.55
2012-07-02,346.465,347.837,338.687,346.465,8085.35,346.465
2012-07-03,346.465,346.465,339.602,343.272,2403.72,343.272
2012-07-04,342.804,345.082,339.144,342.804,2622.52,342.804
2012-07-05,339.144,342.337,333.634,340.974,4805.39,340.974
2012-07-06,343.272,343.272,324.96,338.229,7865.52,338.229
2012-07-09,336.399,338.687,334.111,334.111,2403.72,334.111
2012-07-10,338.687,338.687,335.941,335.941,1091.94,335.941
2012-07-11,335.941,335.941,326.313,334.111,2403.72,334.111
2012-07-12,329.974,335.026,327.248,335.026,10268.2,335.026
2012-07-13,331.823,336.399,331.823,336.399,874.175,336.399
2012-07-17,336.399,343.272,334.111,343.272,1748.35,343.272
2012-07-18,342.804,342.804,334.111,338.687,4588.65,338.687
2012-07-19,338.229,342.804,338.229,342.804,4805.39,342.804
2012-07-20,342.804,342.804,329.974,329.974,5461.79,329.974
2012-07-23,331.823,338.687,331.823,332.729,3277.9,332.729
2012-07-24,332.271,340.507,331.356,331.823,2184.92,331.823
2012-07-25,329.974,331.823,318.555,319.45,8959.52,319.45
2012-07-26,319.918,325.398,316.248,325.398,2184.92,325.398
2012-07-27,325.398,337.304,325.398,336.837,874.175,336.837
2012-07-30,329.974,337.752,328.153,329.526,8521.92,329.526
2012-07-31,324.483,345.55,319.45,338.687,9395.07,338.687
2012-08-01,334.111,334.111,318.555,320.823,25126.1,320.823
2012-08-02,320.385,327.248,320.385,323.12,4369.84,323.12
2012-08-03,324.036,334.559,321.738,321.738,8304.15,321.738
2012-08-06,328.601,330.451,321.29,322.673,13327.3,322.673
2012-08-07,326.79,329.526,322.673,329.526,8521.92,329.526
2012-08-08,329.526,340.069,320.385,340.069,26219.0,340.069
2012-08-09,336.399,338.687,331.823,338.687,3277.9,338.687
2012-08-10,338.687,338.687,329.974,338.229,4151.04,338.229
2012-08-14,328.153,338.229,328.153,329.526,3495.67,329.526
2012-08-15,329.526,336.399,325.866,326.313,6992.37,326.313
2012-08-16,327.248,329.526,325.866,329.526,7210.14,329.526
2012-08-17,334.111,336.399,329.526,336.399,6117.17,336.399
2012-08-20,338.229,338.229,331.823,331.823,1965.09,331.823
2012-08-21,329.526,336.399,327.696,336.399,10268.2,336.399
2012-08-22,337.304,338.229,329.526,336.399,6992.37,336.399
2012-08-24,335.026,335.026,329.526,329.526,655.374,329.526
2012-08-27,336.399,341.88,328.601,334.111,7210.14,334.111
2012-08-28,327.248,329.526,325.398,327.248,11363.2,327.248
2012-08-29,325.866,334.111,325.866,334.111,5026.25,334.111
2012-08-30,328.601,336.399,327.248,327.696,10923.5,327.696
2012-08-31,331.823,333.634,331.823,331.823,3933.27,331.823
2012-09-03,334.111,340.507,334.111,339.144,7428.94,339.144
2012-09-04,338.229,338.687,329.974,336.399,6992.37,336.399
2012-09-05,334.111,337.304,334.111,337.304,1748.35,337.304
2012-09-06,331.356,339.602,327.248,339.602,14857.8,339.602
2012-09-07,338.687,340.507,328.153,331.823,17917.0,331.823
2012-09-10,334.111,361.106,333.634,354.71,26655.6,354.71
2012-09-11,353.785,355.625,348.295,355.625,4151.04,355.625
2012-09-12,354.71,370.247,353.318,367.979,41732.3,367.979
2012-09-13,366.149,373.917,355.148,367.512,27748.6,367.512
2012-09-14,369.342,369.809,352.861,359.286,13109.5,359.286
2012-09-18,352.422,352.422,336.399,346.922,9395.07,346.922
2012-09-19,353.785,353.785,346.922,346.922,1529.55,346.922
2012-09-20,346.922,352.422,343.71,343.71,5897.34,343.71
2012-09-21,345.082,351.955,345.082,347.837,2403.72,347.837
2012-09-24,347.837,352.422,345.988,352.422,4588.65,352.422
2012-09-25,356.063,362.479,352.422,360.191,10923.5,360.191
2012-09-26,351.955,358.351,351.955,356.988,10923.5,356.988
2012-09-27,352.422,366.149,341.422,366.149,35832.9,366.149
2012-09-28,365.224,366.149,357.893,366.149,11799.8,366.149
2012-10-01,356.988,362.479,356.531,357.893,6117.17,357.893
2012-10-02,357.893,361.563,357.893,361.563,2403.72,361.563
2012-10-03,363.394,379.875,363.394,377.13,31464.1,377.13
2012-10-04,377.577,393.601,377.577,389.026,46757.5,389.026
2012-10-05,386.738,405.049,386.738,398.176,36707.1,398.176
2012-10-09,402.752,403.219,392.686,400.464,14857.8,400.464
2012-10-10,386.738,393.143,379.875,384.46,20976.1,384.46
2012-10-11,384.46,398.176,384.46,389.026,13109.5,389.026
2012-10-12,389.026,391.333,383.983,391.333,6773.57,391.333
2012-10-15,384.898,386.738,384.898,385.365,6554.77,385.365
2012-10-16,385.823,393.143,385.823,387.205,5680.59,387.205
2012-10-17,386.271,393.143,386.271,388.101,11363.2,388.101
2012-10-18,389.026,389.026,385.823,389.026,8085.35,389.026
2012-10-19,389.026,391.333,379.875,379.875,13327.3,379.875
2012-10-22,389.026,410.53,389.026,410.53,39766.2,410.53
2012-10-23,407.337,407.337,398.176,398.176,16168.6,398.176
2012-10-24,398.176,417.403,398.176,417.403,34304.4,417.403
2012-10-25,425.191,455.836,425.191,439.365,51782.8,439.365
2012-10-26,432.502,433.884,416.488,427.926,29279.2,427.926
2012-10-29,427.926,430.214,414.658,427.011,10050.4,427.011
2012-10-30,425.639,425.639,420.606,421.073,5461.79,421.073
2012-10-31,421.073,426.554,421.073,426.554,9612.84,426.554
2012-11-01,426.554,428.394,421.968,421.968,7865.52,421.968
2012-11-02,424.733,443.483,424.733,443.483,31244.3,443.483
2012-11-05,443.483,460.879,443.483,460.879,35397.4,460.879
2012-11-06,433.417,445.78,423.351,427.926,59868.1,427.926
2012-11-07,496.577,496.577,475.978,496.577,193367.0,496.577
2012-11-08,502.525,526.336,486.511,508.025,200797.0,508.025
2012-11-09,517.185,517.185,464.091,474.615,91112.4,474.615
2012-11-12,475.52,485.138,448.516,464.091,63580.5,464.091
2012-11-13,460.879,480.563,445.322,456.303,36925.9,456.303
2012-11-14,451.261,452.643,442.11,443.95,31464.1,443.95
2012-11-15,443.483,512.6,443.483,482.85,255857.0,482.85
2012-11-16,469.582,482.85,463.624,465.922,70573.9,465.922
2012-11-20,476.445,503.44,473.69,493.374,43262.9,493.374
2012-11-21,503.44,608.703,499.779,537.307,416887.0,537.307
2012-11-22,549.213,583.081,540.062,541.883,151199.0,541.883
2012-11-26,549.213,555.161,522.209,542.36,63580.5,542.36
2012-11-27,542.36,631.152,542.36,613.288,370132.0,613.288
2012-11-28,616.043,654.477,595.454,627.014,274867.0,627.014
2012-11-29,627.014,695.665,621.057,686.495,301086.0,686.495
2012-11-30,686.495,686.495,669.118,678.269,149887.0,678.269
2012-12-03,677.354,686.981,636.633,653.094,332549.0,653.094
2012-12-04,647.604,678.269,626.099,654.944,166275.0,654.944
2012-12-05,641.208,713.519,628.397,709.411,113836.0,709.411
2012-12-06,709.411,744.184,701.165,708.943,201671.0,708.943
2012-12-07,690.632,708.018,686.495,704.825,90674.8,704.825
2012-12-10,713.519,731.363,677.354,691.557,83464.7,691.557
2012-12-11,693.377,704.825,660.425,670.481,75600.2,670.481
2012-12-12,668.203,702.528,661.797,684.226,96792.0,684.226
2012-12-13,684.226,684.226,663.627,666.382,41513.5,666.382
2012-12-14,659.519,660.425,636.165,654.477,78439.5,654.477
2012-12-17,649.891,663.627,638.453,659.062,36925.9,659.062
2012-12-18,661.34,669.118,654.477,659.062,36925.9,659.062
2012-12-19,661.797,663.627,638.92,643.496,47632.7,643.496
2012-12-20,640.741,642.59,631.59,641.208,39985.0,641.208
2012-12-21,643.038,676.915,641.656,668.203,59430.5,668.203
2012-12-25,690.165,690.165,647.604,654.944,39109.8,654.944
2012-12-26,649.891,650.359,641.656,645.783,16387.4,645.783
2012-12-27,645.783,659.062,645.783,646.708,28404.0,646.708
2012-12-28,646.708,654.029,640.741,641.208,35177.5,641.208
2013-01-04,649.891,663.627,642.113,656.755,41950.1,656.755
2013-01-07,657.232,676.915,643.038,675.076,73414.2,675.076
2013-01-08,677.354,715.816,677.354,706.188,262849.0,706.188
2013-01-09,700.26,713.976,686.981,699.335,108373.0,699.335
2013-01-10,700.698,718.999,699.792,700.26,52656.9,700.26
2013-01-11,704.825,714.434,695.665,700.698,56153.6,700.698
2013-01-15,705.283,759.74,702.528,732.288,133938.0,732.288
2013-01-16,751.514,756.547,732.735,738.236,81937.2,738.236
2013-01-17,741.429,814.654,741.429,787.202,225705.0,787.202
2013-01-18,823.805,841.678,805.504,821.527,242747.0,821.527
2013-01-21,821.089,821.089,789.49,815.579,91549.0,815.579
2013-01-22,818.324,818.782,794.065,810.089,43481.7,810.089
2013-01-23,806.428,808.259,771.178,778.051,95044.7,778.051
2013-01-24,767.518,814.654,764.325,807.334,60960.1,807.334
2013-01-25,805.504,931.385,795.895,874.164,329273.0,874.164
2013-01-28,1057.24,1057.24,1006.89,1057.24,442233.0,1057.24
2013-01-29,1034.34,1070.95,915.362,929.088,288413.0,929.088
2013-01-30,997.738,1157.93,976.234,1060.9,387611.0,1060.9
2013-01-31,1015.13,1098.43,971.191,1048.54,277050.0,1048.54
2013-02-01,1071.42,1120.86,1020.62,1069.12,250395.0,1069.12
2013-02-04,1080.58,1091.54,1004.59,1038.93,147921.0,1038.93
2013-02-05,1007.8,1051.27,1007.8,1016.96,96355.4,1016.96
2013-02-06,1025.2,1025.2,875.079,979.427,383458.0,979.427
2013-02-07,986.748,1010.55,902.551,914.437,183535.0,914.437
2013-02-08,915.362,958.838,907.116,908.489,136341.0,908.489
2013-02-12,916.725,938.249,860.428,869.131,129566.0,869.131
2013-02-13,860.428,863.183,778.957,794.065,160812.0,794.065
2013-02-14,817.857,906.221,805.504,878.739,122575.0,878.739
2013-02-15,860.428,869.131,801.396,844.872,112088.0,844.872
2013-02-18,863.183,885.145,826.57,867.749,33429.2,867.749
2013-02-19,856.31,878.739,849.457,861.8,41513.5,861.8
2013-02-20,874.164,951.975,860.876,944.644,155131.0,944.644
2013-02-21,961.573,1001.4,945.102,946.932,141802.0,946.932
2013-02-22,965.701,974.852,927.715,960.658,61834.2,960.658
2013-02-25,984.003,1020.18,967.998,1014.67,168241.0,1014.67
2013-02-26,970.724,1070.95,970.276,1016.05,182006.0,1016.05
2013-02-27,1093.84,1098.43,1061.8,1076.92,251925.0,1076.92
2013-02-28,1075.53,1092.95,1029.77,1068.22,137433.0,1068.22
2013-03-01,1066.38,1093.84,1066.38,1089.28,134156.0,1089.28
2013-03-04,1119.47,1171.64,1098.43,1121.31,354179.0,1121.31
2013-03-05,1106.66,1211.02,1106.66,1157.93,339540.0,1157.93
2013-03-06,1157.93,1157.93,1084.7,1103.0,230730.0,1103.0
2013-03-07,1057.24,1058.15,1006.89,1037.1,387392.0,1037.1
2013-03-08,1025.2,1025.2,1016.05,1016.96,117551.0,1016.96
2013-03-11,1033.89,1034.34,984.003,986.3,115584.0,986.3
2013-03-12,1006.89,1006.89,919.937,950.602,95482.3,950.602
2013-03-13,950.602,993.163,924.503,970.276,54405.3,970.276
2013-03-14,1002.31,1043.96,1001.4,1032.97,106406.0,1032.97
2013-03-15,1076.46,1076.46,1006.89,1038.93,134810.0,1038.93
2013-03-18,1020.62,1038.93,1011.46,1016.96,59648.3,1016.96
2013-03-19,1036.64,1037.55,970.724,995.908,81497.5,995.908
2013-03-21,985.823,1011.46,984.003,1006.89,55934.8,1006.89
2013-03-22,1010.55,1020.62,984.908,988.588,40422.6,988.588
2013-03-25,1002.31,1018.78,961.126,974.852,56809.0,974.852
2013-03-26,965.701,965.701,930.003,933.654,67732.6,933.654
2013-03-27,951.975,1002.31,943.739,970.276,57354.5,970.276
2013-03-28,974.852,988.588,963.861,979.427,47413.9,979.427
2013-03-29,989.503,1001.4,935.484,974.852,72541.1,974.852
2013-04-01,951.975,958.371,823.805,842.117,95591.2,842.117
2013-04-02,759.74,923.588,744.184,914.437,152509.0,914.437
2013-04-03,961.126,1033.44,949.21,1006.89,171956.0,1006.89
2013-04-04,992.248,1004.14,953.795,976.672,48723.7,976.672
2013-04-05,952.88,967.521,914.437,914.437,64346.9,914.437
2013-04-08,924.503,941.899,902.551,913.522,51346.2,913.522
2013-04-09,910.786,913.522,878.739,897.06,50364.2,897.06
2013-04-10,883.315,915.362,878.739,908.937,22943.2,908.937
2013-04-11,929.088,929.088,906.221,915.362,24254.0,915.362
2013-04-12,928.153,928.153,917.182,918.097,22285.8,918.097
2013-04-15,941.899,951.05,918.097,951.05,25782.5,951.05
2013-04-16,950.125,954.71,917.182,951.05,28840.5,951.05
2013-04-17,959.286,1058.15,951.975,1052.65,204730.0,1052.65
2013-04-18,1098.43,1107.58,1053.57,1057.24,254218.0,1057.24
2013-04-19,1065.47,1084.7,1035.26,1038.93,72541.1,1038.93
2013-04-22,1044.42,1061.8,986.748,1028.86,98213.7,1028.86
2013-04-23,1045.33,1053.57,1031.61,1035.26,57245.6,1035.26
2013-04-24,1044.42,1045.33,1008.71,1018.78,59210.7,1018.78
2013-04-25,1009.62,1028.86,981.248,1028.86,72868.8,1028.86
2013-04-26,1037.1,1038.01,988.588,988.588,61178.9,988.588
2013-04-30,1006.89,1087.44,1003.23,1087.44,155131.0,1087.44
2013-05-01,1114.9,1125.89,1058.15,1099.34,286884.0,1099.34
2013-05-02,1107.58,1141.44,1070.95,1114.9,183973.0,1114.9
2013-05-07,1189.96,1189.96,1148.77,1189.96,340633.0,1189.96
2013-05-08,1135.05,1162.49,1114.9,1131.37,307313.0,1131.37
2013-05-09,1130.45,1130.45,1034.34,1073.7,173920.0,1073.7
2013-05-10,1070.95,1089.28,1006.89,1058.15,126946.0,1058.15
2013-05-13,1058.15,1077.36,1039.84,1052.65,77783.1,1052.65
2013-05-14,1070.04,1112.15,1052.65,1094.77,133392.0,1094.77
2013-05-15,1125.89,1125.89,1006.89,1018.78,156005.0,1018.78
2013-05-16,989.503,1089.28,920.843,967.521,169333.0,967.521
2013-05-17,961.126,1025.2,954.71,997.738,65112.1,997.738
2013-05-20,1052.65,1052.65,1017.87,1022.45,54186.5,1022.45
2013-05-21,1020.62,1031.61,974.852,997.738,40640.4,997.738
2013-05-22,997.738,997.738,933.654,957.465,55169.6,957.465
2013-05-23,954.71,995.908,860.428,860.428,95263.5,860.428
2013-05-24,846.702,901.626,842.117,889.72,91658.9,889.72
2013-05-27,851.277,877.824,829.315,858.607,37145.7,858.607
2013-05-28,831.136,878.739,824.74,859.513,38564.3,859.513
2013-05-29,892.465,892.465,862.268,889.72,37472.4,889.72
2013-05-30,874.164,897.06,859.513,860.428,34631.1,860.428
2013-05-31,876.899,887.89,853.127,867.749,25345.9,867.749
2013-06-03,842.117,852.192,823.805,827.475,29714.7,827.475
2013-06-04,813.749,823.805,782.617,805.504,43919.3,805.504
2013-06-05,823.805,855.843,821.089,833.881,27420.9,833.881
2013-06-06,814.654,816.494,705.74,717.637,56809.0,717.637
2013-06-07,649.891,672.778,580.336,618.779,214124.0,618.779
2013-06-10,668.203,681.929,640.741,664.552,113070.0,664.552
2013-06-11,690.165,732.288,664.552,707.58,110120.0,707.58
2013-06-12,657.232,712.146,649.891,710.316,54405.3,710.316
2013-06-13,682.854,695.665,648.071,663.627,65986.3,663.627
2013-06-14,699.335,699.335,659.062,663.627,44027.2,663.627
2013-06-17,647.166,679.203,646.231,663.627,34850.9,663.627
2013-06-18,663.627,699.335,663.627,679.203,61287.8,679.203
2013-06-19,713.051,713.051,682.854,692.005,58666.3,692.005
2013-06-20,691.089,709.411,686.495,709.411,26983.3,709.411
2013-06-21,678.269,688.344,656.316,682.854,65548.7,682.854
2013-06-24,686.495,778.051,686.495,699.335,124104.0,699.335
2013-06-25,699.335,699.335,649.891,659.062,86196.1,659.062
2013-06-26,668.203,673.703,604.137,604.137,79642.4,604.137
2013-06-27,616.043,631.59,567.515,620.619,64456.8,620.619
2013-06-28,622.439,656.316,622.439,643.496,60194.8,643.496
2013-07-01,667.297,705.74,651.741,705.74,84011.2,705.74
2013-07-02,714.882,741.429,695.665,707.58,111869.0,707.58
2013-07-03,731.363,732.288,704.825,728.617,45555.7,728.617
2013-07-04,729.533,736.853,713.976,736.853,38454.4,736.853
2013-07-05,740.523,757.91,739.608,748.759,54515.2,748.759
2013-07-08,787.202,789.032,747.854,747.854,71993.6,747.854
2013-07-09,747.854,752.429,705.74,731.363,70354.1,731.363
2013-07-10,729.533,729.533,700.26,704.825,44791.4,704.825
2013-07-11,686.495,717.637,686.495,705.74,40640.4,705.74
2013-07-12,705.74,717.637,683.779,713.051,38672.2,713.051
2013-07-16,732.288,850.362,720.382,850.362,312228.0,850.362
2013-07-17,877.824,904.371,817.419,833.881,245697.0,833.881
2013-07-18,832.966,950.125,829.315,860.428,201125.0,860.428
2013-07-19,846.702,878.739,794.532,862.268,143878.0,862.268
2013-07-22,894.305,999.569,876.899,979.427,322935.0,979.427
2013-07-23,951.975,1124.05,942.824,1114.9,403778.0,1114.9
2013-07-24,1087.44,1139.61,1056.32,1132.27,225594.0,1132.27
2013-07-25,1144.2,1200.02,1075.53,1075.53,263503.0,1075.53
2013-07-26,1056.32,1061.8,1006.89,1025.2,82483.7,1025.2
2013-07-29,1006.89,1105.75,979.427,1052.65,142677.0,1052.65
2013-07-30,1052.65,1226.57,1052.65,1057.24,435241.0,1057.24
2013-07-31,1007.8,1084.7,959.286,964.786,145516.0,964.786
2013-08-01,963.861,1012.38,869.588,974.852,81280.8,974.852
2013-08-02,934.579,997.738,933.654,945.559,36707.1,945.559
2013-08-05,945.559,1020.62,945.559,1015.13,24579.6,1015.13
2013-08-06,979.427,1080.12,962.031,970.276,86087.2,970.276
2013-08-07,951.975,1052.65,915.362,1046.25,132517.0,1046.25
2013-08-08,1027.94,1081.95,980.342,1028.86,79095.9,1028.86
2013-08-09,1043.5,1068.22,993.163,1003.23,47741.6,1003.23
2013-08-12,1000.48,1000.48,909.862,909.862,41079.0,909.862
2013-08-13,909.862,958.371,909.862,947.409,15185.5,947.409
2013-08-14,947.409,966.616,933.654,951.975,9830.62,951.975
2013-08-15,942.824,972.107,924.503,956.55,16496.3,956.55
2013-08-16,976.672,979.427,960.201,979.427,14749.0,979.427
2013-08-19,968.436,1038.01,968.436,1025.2,37691.2,1025.2
2013-08-20,1025.2,1043.5,1016.05,1016.96,24361.8,1016.96
2013-08-21,1043.5,1063.63,988.588,990.408,54623.1,990.408
2013-08-22,990.408,991.343,961.126,978.512,16715.1,978.512
2013-08-23,978.512,1006.89,978.512,995.908,14201.4,995.908
2013-08-26,995.908,1016.96,993.163,1008.71,10815.7,1008.71
2013-08-27,1008.71,1034.34,1005.98,1012.38,15185.5,1012.38
2013-08-28,1002.31,1016.05,962.031,964.786,42278.8,964.786
2013-08-29,967.521,970.276,947.409,948.314,31353.2,948.314
2013-08-30,951.975,954.71,926.333,927.248,14966.7,927.248
2013-09-02,927.248,928.153,911.702,911.702,18026.9,911.702
2013-09-03,913.522,943.739,913.522,938.249,15950.8,938.249
2013-09-04,938.249,1005.06,938.249,997.738,23486.6,997.738
2013-09-05,1006.89,1014.21,994.068,994.068,11363.2,994.068
2013-09-06,991.343,993.163,929.088,938.249,32992.6,938.249
2013-09-09,956.55,988.588,931.824,937.314,30261.2,937.314
2013-09-10,935.484,941.899,919.937,924.503,21630.4,924.503
2013-09-11,924.503,946.484,923.588,938.249,25018.2,938.249
2013-09-12,919.937,947.409,919.937,930.003,12565.1,930.003
2013-09-13,942.824,942.824,922.673,926.333,13982.6,926.333
2013-09-17,919.937,933.654,919.937,924.503,27530.8,924.503
2013-09-18,940.079,1001.4,924.503,965.701,56809.0,965.701
2013-09-19,970.276,970.276,951.975,970.276,13982.6,970.276
2013-09-20,980.342,980.342,951.975,952.88,17807.0,952.88
2013-09-24,959.286,985.823,959.286,985.823,10268.2,985.823
2013-09-25,1003.23,1003.23,957.465,958.371,32337.2,958.371
2013-09-26,930.918,950.125,930.918,949.21,14640.1,949.21
2013-09-27,942.824,996.833,942.824,971.191,36707.1,971.191
2013-09-30,956.55,962.031,933.654,956.55,26437.8,956.55
2013-10-01,956.55,965.701,926.333,941.899,31573.0,941.899
2013-10-02,930.918,942.824,918.097,920.843,23052.1,920.843
2013-10-03,920.843,924.503,911.702,922.673,9285.16,922.673
2013-10-04,922.673,940.079,919.937,924.503,4151.04,924.503
2013-10-07,924.503,936.399,915.362,919.937,13763.8,919.937
2013-10-08,915.362,1006.89,915.362,936.399,36598.2,936.399
2013-10-09,929.088,1016.05,929.088,1006.89,87943.4,1006.89
2013-10-10,1043.5,1048.09,1006.89,1037.1,40749.3,1037.1
2013-10-11,1047.16,1080.12,1006.89,1037.1,80624.4,1037.1
2013-10-15,1044.42,1089.28,1034.34,1080.12,106077.0,1080.12
2013-10-16,1094.77,1166.16,1065.47,1080.12,193586.0,1080.12
2013-10-17,1081.95,1120.39,1029.77,1056.32,92095.5,1056.32
2013-10-18,1045.33,1087.44,1032.52,1072.79,39656.3,1072.79
2013-10-21,1066.38,1098.43,1066.38,1098.43,39766.2,1098.43
2013-10-22,1125.89,1125.89,1066.38,1067.3,55606.1,1067.3
2013-10-23,1093.84,1144.2,1079.19,1089.28,79860.1,1089.28
2013-10-24,1072.79,1231.15,1072.79,1207.35,195552.0,1207.35
2013-10-25,1190.87,1209.17,1127.71,1206.44,118206.0,1206.44
2013-10-28,1208.27,1226.57,1148.77,1157.93,51019.5,1157.93
2013-10-29,1147.86,1154.26,1102.09,1125.89,28840.5,1125.89
2013-10-30,1117.65,1117.65,1016.05,1038.01,56042.7,1038.01
2013-10-31,1025.2,1058.15,1007.8,1029.77,24034.1,1029.77
2013-11-01,1029.77,1048.09,961.126,1035.26,53094.5,1035.26
2013-11-05,1035.26,1059.07,1010.55,1034.34,12455.2,1034.34
2013-11-06,1048.99,1051.75,1025.2,1036.18,9285.16,1036.18
2013-11-07,871.419,909.862,867.749,895.22,151526.0,895.22
2013-11-08,869.588,878.739,849.457,869.588,60086.9,869.588
2013-11-11,855.843,874.164,768.9,787.202,75818.0,787.202
2013-11-12,796.363,832.041,787.202,814.654,94061.6,814.654
2013-11-13,811.919,867.749,811.919,839.371,110558.0,839.371
2013-11-14,830.221,840.286,811.919,814.654,76473.3,814.654
2013-11-15,828.39,828.39,812.844,812.844,45664.6,812.844
2013-11-18,840.286,840.286,821.089,821.985,37034.8,821.985
2013-11-19,821.089,832.041,817.419,823.805,27530.8,823.805
2013-11-20,832.966,835.711,817.419,817.419,39328.6,817.419
2013-11-21,831.136,862.268,819.24,859.513,97339.5,859.513
2013-11-22,873.239,883.315,832.041,839.371,85323.0,839.371
2013-11-25,853.127,974.852,832.966,913.522,374719.0,913.522
2013-11-26,887.89,959.286,881.484,947.409,230730.0,947.409
2013-11-27,924.503,932.729,853.127,880.569,129239.0,880.569
2013-11-28,885.145,910.786,872.334,910.786,82590.5,910.786
2013-11-29,910.786,960.201,910.786,930.918,149232.0,930.918
2013-12-02,925.418,944.644,916.267,923.588,102146.0,923.588
2013-12-03,938.249,941.899,886.975,896.126,84120.1,896.126
2013-12-04,870.513,893.39,864.078,874.164,67406.0,874.164
2013-12-05,865.003,901.626,853.127,871.419,87179.2,871.419
2013-12-06,857.692,857.692,823.805,846.702,92860.8,846.702
2013-12-09,860.428,860.428,839.371,849.457,31573.0,849.457
2013-12-10,846.702,951.975,833.881,915.362,190527.0,915.362
2013-12-11,915.362,915.362,867.749,901.626,72103.5,901.626
2013-12-12,915.362,915.362,878.739,902.551,43808.4,902.551
2013-12-13,899.786,929.088,885.145,889.72,37363.5,889.72
2013-12-16,886.06,915.362,877.824,882.39,55934.8,882.39
2013-12-17,874.164,905.277,874.164,883.315,38017.8,883.315
2013-12-18,883.315,896.126,875.994,881.484,32555.0,881.484
2013-12-19,899.786,922.673,883.315,883.315,52984.6,883.315
2013-12-20,884.23,891.55,871.419,872.334,39000.9,872.334
2013-12-24,875.079,916.267,875.079,884.23,55934.8,884.23
2013-12-25,1007.8,1021.53,984.908,1021.53,228763.0,1021.53
2013-12-26,1296.14,1296.14,1296.14,1296.14,58448.5,1296.14
2013-12-27,1323.6,1570.74,1274.16,1281.48,2534213.0,1281.48
2013-12-30,1391.34,1427.94,1263.19,1286.07,617903.0,1286.07
2014-01-06,1231.15,1270.52,1158.83,1178.06,318345.0,1178.06
2014-01-07,1162.49,1232.06,1119.47,1171.64,255421.0,1171.64
2014-01-08,1171.64,1269.59,1171.64,1208.27,293439.0,1208.27
2014-01-09,1189.96,1206.44,1145.11,1165.25,105641.0,1165.25
2014-01-10,1165.25,1250.37,1165.25,1221.99,267109.0,1221.99
2014-01-14,1191.78,1221.99,1172.56,1200.93,68826.6,1200.93
2014-01-15,1228.41,1230.24,1180.79,1207.35,75818.0,1207.35
2014-01-16,1225.65,1363.88,1199.11,1290.64,375703.0,1290.64
2014-01-17,1247.62,1304.38,1246.73,1257.69,120171.0,1257.69
2014-01-20,1281.48,1281.48,1203.69,1247.62,75161.6,1247.62
2014-01-21,1236.64,1243.96,1213.76,1230.24,50690.8,1230.24
2014-01-22,1230.24,1299.8,1213.76,1281.48,111979.0,1281.48
2014-01-23,1281.48,1304.38,1237.57,1247.62,75380.4,1247.62
2014-01-24,1220.17,1267.76,1215.59,1258.6,62600.6,1258.6
2014-01-27,1217.41,1217.41,1145.11,1155.16,109247.0,1155.16
2014-01-28,1144.2,1194.54,1139.61,1145.11,69917.5,1145.11
2014-01-29,1165.25,1196.35,1165.25,1196.35,26983.3,1196.35
2014-01-30,1188.13,1188.13,1139.61,1167.08,35723.0,1167.08
2014-01-31,1168.9,1200.02,1061.8,1105.75,67842.5,1105.75
2014-02-03,1062.73,1080.12,961.126,977.587,85650.6,977.587
2014-02-04,812.844,924.503,812.844,864.078,150761.0,864.078
2014-02-05,919.003,919.003,814.654,858.607,113727.0,858.607
2014-02-06,855.843,942.824,855.843,925.418,62380.7,925.418
2014-02-07,915.362,938.249,880.569,902.551,62489.6,902.551
2014-02-10,928.153,992.248,928.153,972.107,62380.7,972.107
2014-02-12,996.833,1081.03,996.833,1061.8,113617.0,1061.8
2014-02-13,980.342,1034.34,971.191,980.342,60850.2,980.342
2014-02-14,962.031,976.672,904.371,927.248,49161.3,927.248
2014-02-17,937.314,944.644,845.796,913.522,63580.5,913.522
2014-02-18,909.862,951.975,885.145,922.673,41513.5,922.673
2014-02-19,950.125,979.427,931.824,947.409,45774.5,947.409
2014-02-20,956.55,961.126,906.221,915.362,38345.5,915.362
2014-02-21,926.333,965.701,919.937,965.701,30042.4,965.701
2014-02-24,938.249,1001.4,938.249,958.371,53203.4,958.371
2014-02-25,971.191,981.248,962.031,970.276,35614.1,970.276
2014-02-26,961.126,980.342,933.654,948.314,42278.8,948.314
2014-02-27,948.314,996.833,948.314,991.343,62053.0,991.343
2014-02-28,1006.89,1109.41,979.427,1027.02,212705.0,1027.02
2014-03-03,1006.89,1007.8,933.654,976.672,45993.3,976.672
2014-03-04,949.21,1042.6,944.644,1010.55,89256.2,1010.55
2014-03-05,1034.34,1039.84,981.248,995.908,52656.9,995.908
2014-03-06,1016.96,1024.29,975.767,1014.21,37909.0,1014.21
2014-03-07,1054.48,1054.48,993.163,1011.46,27420.9,1011.46
2014-03-10,1022.45,1022.45,995.908,999.569,20647.3,999.569
2014-03-11,1008.71,1018.78,986.748,1005.98,22176.9,1005.98
2014-03-12,993.163,1006.89,984.003,986.748,24034.1,986.748
2014-03-13,979.427,988.588,962.031,988.588,36815.0,988.588
2014-03-14,944.644,972.107,927.248,932.729,41184.8,932.729
2014-03-17,933.654,951.05,912.607,924.503,24909.3,924.503
2014-03-18,932.729,948.314,915.362,931.824,19228.7,931.824
2014-03-19,924.503,928.153,903.456,913.522,27639.7,913.522
2014-03-20,897.966,914.437,863.183,879.664,49708.8,879.664
2014-03-24,865.928,898.881,865.928,896.126,29387.0,896.126
2014-03-25,951.05,951.05,879.664,902.551,21193.8,902.551
2014-03-26,906.221,915.362,892.465,898.881,17697.1,898.881
2014-03-27,898.881,901.626,870.513,894.305,26765.5,894.305
2014-03-28,894.305,936.399,894.305,919.003,30042.4,919.003
2014-03-31,941.899,943.739,924.503,938.249,16715.1,938.249
2014-04-01,958.371,958.371,907.116,934.579,10377.1,934.579
2014-04-02,942.824,1035.26,938.249,1024.29,79860.1,1024.29
2014-04-03,1047.16,1048.09,991.343,1009.62,34850.9,1009.62
2014-04-04,1009.62,1025.2,992.248,994.993,11143.4,994.993
2014-04-07,988.588,1022.45,973.012,1012.38,30697.8,1012.38
2014-04-08,1006.89,1006.89,973.937,977.587,22505.6,977.587
2014-04-09,979.427,985.823,951.05,956.55,17697.1,956.55
2014-04-10,984.003,992.248,956.55,978.512,17697.1,978.512
2014-04-11,960.201,960.201,919.937,919.937,26655.6,919.937
2014-04-14,919.937,924.503,915.362,921.758,8631.83,921.758
2014-04-15,929.088,948.314,915.362,927.248,10160.3,927.248
2014-04-16,961.126,970.276,941.899,963.861,13218.4,963.861
2014-04-17,985.823,986.748,953.795,957.465,7537.83,957.465
2014-04-18,948.314,974.852,929.088,973.012,11908.7,973.012
2014-04-21,973.012,1040.77,961.126,1004.14,42060.0,1004.14
2014-04-22,993.163,1025.2,947.409,985.823,29934.6,985.823
2014-04-23,1013.29,1013.29,971.191,974.852,20976.1,974.852
2014-04-24,964.786,974.852,951.975,952.88,11363.2,952.88
2014-04-25,970.276,992.248,970.276,988.588,26437.8,988.588
2014-04-28,1006.89,1016.05,980.342,993.163,33101.5,993.163
2014-04-30,997.738,997.738,971.191,984.003,11689.9,984.003
2014-05-01,966.616,1144.2,959.286,1034.34,170753.0,1034.34
2014-05-02,1034.34,1045.33,1006.89,1025.2,34194.5,1025.2
2014-05-07,1007.8,1023.37,1006.89,1012.38,22832.3,1012.38
2014-05-08,1018.78,1044.42,990.408,995.908,30697.8,995.908
2014-05-09,961.126,978.512,930.003,947.409,38126.7,947.409
2014-05-12,947.409,955.635,887.89,907.116,32337.2,907.116
2014-05-13,906.221,933.654,904.371,906.221,38892.0,906.221
2014-05-14,902.551,912.607,880.569,910.786,13327.3,910.786
2014-05-15,910.786,922.673,897.966,913.522,10923.5,913.522
2014-05-16,904.371,913.522,889.72,901.626,16277.5,901.626
2014-05-19,897.06,898.881,842.117,853.127,43152.0,853.127
2014-05-20,853.127,869.588,844.872,844.872,21522.5,844.872
2014-05-21,841.201,851.277,814.654,850.362,18463.4,850.362
2014-05-22,857.692,886.975,854.032,873.239,25563.7,873.239
2014-05-23,872.334,902.551,872.334,899.786,13327.3,899.786
2014-05-26,918.097,931.824,906.221,923.588,31244.3,923.588
2014-05-27,924.503,924.503,906.221,908.031,13000.6,908.031
2014-05-28,910.786,917.182,900.701,914.437,15950.8,914.437
2014-05-29,911.702,927.248,897.966,913.522,29605.8,913.522
2014-05-30,922.673,931.824,904.371,916.267,39328.6,916.267
2014-06-02,920.843,954.71,916.267,942.824,28186.2,942.824
2014-06-03,960.201,985.823,943.739,985.823,45664.6,985.823
2014-06-04,982.172,984.908,942.824,959.286,44573.6,959.286
2014-06-05,961.126,962.031,942.824,949.21,26110.2,949.21
2014-06-06,957.465,977.587,947.409,968.436,21084.9,968.436
2014-06-09,980.342,995.908,977.587,994.993,23377.7,994.993
2014-06-10,998.654,1007.8,947.409,962.956,28950.5,962.956
2014-06-11,974.852,974.852,948.314,961.126,15623.1,961.126
2014-06-12,945.559,969.352,945.559,969.352,17807.0,969.352
2014-06-13,974.852,1013.29,965.701,1007.8,56153.6,1007.8
2014-06-16,1038.93,1045.33,994.993,1009.62,38236.6,1009.62
2014-06-17,1010.55,1025.2,997.738,1011.46,8413.03,1011.46
2014-06-18,1004.14,1037.1,1004.14,1033.44,20428.5,1033.44
2014-06-19,1034.34,1038.01,1016.05,1024.29,14640.1,1024.29
2014-06-20,1024.29,1024.29,984.003,984.003,36488.3,984.003
2014-06-23,1000.48,1025.2,989.503,1025.2,25892.4,1025.2
2014-06-24,1025.2,1092.95,1004.14,1089.28,82483.7,1089.28
2014-06-25,1092.02,1112.15,1027.02,1038.93,73303.3,1038.93
2014-06-26,1037.1,1061.8,1016.05,1036.18,22505.6,1036.18
2014-06-27,1008.71,1021.53,956.55,988.588,61178.9,988.588
2014-06-30,989.503,1016.05,988.588,1015.13,18352.5,1015.13
2014-07-01,1034.34,1034.34,996.833,1032.52,13327.3,1032.52
2014-07-02,1043.5,1089.28,1043.5,1053.57,36707.1,1053.57
2014-07-03,1070.95,1119.47,1070.95,1103.0,97448.4,1103.0
2014-07-04,1107.58,1117.65,1056.32,1081.03,62600.6,1081.03
2014-07-07,1081.95,1144.2,1062.73,1127.71,58993.9,1127.71
2014-07-08,1116.74,1125.89,1087.44,1099.34,32227.3,1099.34
2014-07-09,1080.12,1082.85,1061.8,1071.88,25782.5,1071.88
2014-07-10,1072.79,1086.52,1038.93,1044.42,22396.7,1044.42
2014-07-11,989.503,1052.65,989.503,1032.52,35723.0,1032.52
2014-07-14,1034.34,1080.12,1034.34,1059.07,9722.76,1059.07
2014-07-15,1076.46,1089.28,1044.42,1089.28,14092.6,1089.28
2014-07-16,1073.7,1075.53,1062.73,1064.56,7974.41,1064.56
2014-07-17,1089.28,1095.67,1016.96,1048.99,43590.6,1048.99
2014-07-18,1020.62,1034.34,1010.55,1028.86,22285.8,1028.86
2014-07-22,1026.1,1042.6,1026.1,1034.34,10488.0,1034.34
2014-07-23,1048.09,1055.4,1030.68,1048.09,11253.3,1048.09
2014-07-24,1037.1,1079.19,1037.1,1072.79,30261.2,1072.79
2014-07-25,1078.28,1141.44,1077.36,1139.61,78986.0,1139.61
2014-07-28,1139.61,1224.74,1139.61,1198.2,147375.0,1198.2
2014-07-29,1217.41,1217.41,1162.49,1189.96,45228.0,1189.96
2014-07-30,1162.49,1178.06,1161.6,1172.56,19336.6,1172.56
2014-07-31,1171.64,1171.64,1144.2,1157.01,43808.4,1157.01
2014-08-01,1135.05,1176.23,1118.56,1161.6,46429.9,1161.6
2014-08-04,1176.23,1342.82,1168.9,1280.59,307532.0,1280.59
2014-08-05,1299.8,1302.55,1219.26,1220.17,116457.0,1220.17
2014-08-06,1245.78,1245.78,1083.78,1137.78,192165.0,1137.78
2014-08-07,1126.79,1126.79,1061.8,1070.95,78110.8,1070.95
2014-08-08,1070.95,1072.79,988.588,1052.65,110886.0,1052.65
2014-08-11,1098.43,1137.78,1098.43,1130.45,65986.3,1130.45
2014-08-12,1153.35,1217.41,1136.87,1187.21,96246.6,1187.21
2014-08-13,1153.35,1178.06,1150.6,1156.09,35506.3,1156.09
2014-08-14,1162.49,1176.23,1144.2,1153.35,20209.7,1153.35
2014-08-15,1153.35,1209.17,1153.35,1168.9,83464.7,1168.9
2014-08-18,1188.13,1208.27,1172.56,1180.79,33320.3,1180.79
2014-08-19,1185.39,1200.93,1109.41,1174.4,34304.4,1174.4
2014-08-20,1171.64,1176.23,1146.94,1153.35,22943.2,1153.35
2014-08-21,1136.87,1148.77,1120.39,1131.37,21740.3,1131.37
2014-08-22,1122.22,1134.13,1121.31,1124.05,10706.8,1124.05
2014-08-25,1147.86,1165.25,1124.05,1145.11,26001.3,1145.11
2014-08-26,1136.87,1180.79,1136.87,1180.79,27530.8,1180.79
2014-08-27,1181.73,1221.99,1161.6,1221.08,65657.6,1221.08
2014-08-28,1225.65,1226.57,1189.96,1196.35,52656.9,1196.35
2014-08-29,1198.2,1279.67,1180.79,1279.67,91658.9,1279.67
2014-09-01,1279.67,1336.42,1240.3,1304.38,110340.0,1304.38
2014-09-02,1304.38,1317.18,1236.64,1269.59,46976.3,1269.59
2014-09-03,1270.52,1303.46,1245.78,1272.34,27312.0,1272.34
2014-09-04,1298.89,1298.89,1221.08,1237.57,31681.9,1237.57
2014-09-05,1214.68,1224.74,1172.56,1218.33,24361.8,1218.33
2014-09-08,1217.41,1252.21,1200.02,1245.78,24034.1,1245.78
2014-09-09,1249.44,1281.48,1239.39,1239.39,13218.4,1239.39
2014-09-10,1226.57,1226.57,1208.27,1211.02,7319.03,1211.02
2014-09-11,1211.02,1240.3,1209.17,1215.59,13000.6,1215.59
2014-09-12,1207.35,1223.83,1197.28,1222.9,11799.8,1222.9
2014-09-16,1210.11,1241.21,1202.78,1232.99,9176.27,1232.99
2014-09-17,1243.06,1243.06,1224.74,1227.48,5571.71,1227.48
2014-09-18,1224.74,1234.82,1220.17,1223.83,15513.2,1223.83
2014-09-19,1243.96,1252.21,1223.83,1241.21,19118.8,1241.21
2014-09-22,1268.68,1274.16,1249.44,1263.19,20867.2,1263.19
2014-09-24,1248.54,1254.03,1217.41,1234.82,26547.8,1234.82
2014-09-25,1243.06,1243.96,1200.02,1200.93,15077.7,1200.93
2014-09-26,1168.9,1223.83,1168.9,1202.78,13218.4,1202.78
2014-09-29,1209.17,1219.26,1208.27,1208.27,9176.27,1208.27
2014-09-30,1208.27,1217.41,1124.97,1133.22,22396.7,1133.22
2014-10-01,1116.74,1127.71,1076.46,1103.0,37580.2,1103.0
2014-10-02,1097.51,1097.51,1052.65,1090.19,21193.8,1090.19
2014-10-03,1093.84,1140.53,1091.11,1138.71,7755.61,1138.71
2014-10-06,1123.13,1167.98,1123.13,1135.05,8413.03,1135.05
2014-10-07,1113.07,1136.87,1112.15,1124.97,8413.03,1124.97
2014-10-08,1070.04,1106.66,1070.04,1095.67,12125.4,1095.67
2014-10-09,1116.74,1116.74,1053.57,1053.57,16715.1,1053.57
2014-10-10,1016.05,1043.5,1006.89,1034.34,28077.3,1034.34
2014-10-14,988.588,1007.8,951.975,1007.8,21740.3,1007.8
2014-10-15,1006.89,1029.77,966.616,1004.14,19555.4,1004.14
2014-10-16,949.21,972.107,863.183,962.956,91222.4,962.956
2014-10-17,979.427,987.673,920.843,971.191,26437.8,971.191
2014-10-20,996.833,1016.96,985.823,1009.62,19118.8,1009.62
2014-10-21,994.068,1049.92,971.191,1001.4,19118.8,1001.4
2014-10-22,1003.23,1026.1,1003.23,1026.1,10596.9,1026.1
2014-10-23,1026.1,1034.34,988.588,1011.46,5571.71,1011.46
2014-10-24,1028.86,1029.77,1001.4,1029.77,8739.69,1029.77
2014-10-27,1072.79,1072.79,1029.77,1039.84,16715.1,1039.84
2014-10-28,1042.6,1052.65,1032.52,1033.44,4369.84,1033.44
2014-10-29,1031.61,1038.93,991.343,1027.94,12345.2,1027.94
2014-10-30,1028.86,1043.5,1028.86,1034.34,2184.92,1034.34
2014-10-31,1026.1,1056.32,993.163,1048.99,11143.4,1048.99
2014-11-04,1062.73,1093.84,1062.73,1088.36,19118.8,1088.36
2014-11-05,1087.44,1115.81,1072.79,1115.81,16057.7,1115.81
2014-11-06,1088.36,1119.47,1067.3,1076.46,26547.8,1076.46
2014-11-07,1078.28,1086.52,1057.24,1083.78,6337.0,1083.78
2014-11-10,1065.47,1067.3,1050.82,1067.3,15733.1,1067.3
2014-11-11,1069.12,1069.12,1036.18,1056.32,40531.5,1056.32
2014-11-12,913.522,938.249,877.824,881.484,317363.0,881.484
2014-11-13,882.39,922.673,882.39,901.626,80078.9,901.626
2014-11-14,915.362,933.654,902.551,909.862,45228.0,909.862
2014-11-17,911.702,916.267,833.881,842.117,94609.1,842.117
2014-11-18,860.428,941.899,860.428,940.974,82372.7,940.974
2014-11-19,951.975,953.795,908.031,930.918,85650.6,930.918
2014-11-20,906.221,932.729,906.221,913.522,31899.6,913.522
2014-11-21,906.221,925.418,906.221,924.503,58666.3,924.503
2014-11-25,933.654,933.654,917.182,917.182,29170.3,917.182
2014-11-26,917.182,1004.14,915.362,1002.31,82809.3,1002.31
2014-11-27,1002.31,1002.31,951.975,965.701,22723.4,965.701
2014-11-28,993.163,1240.3,993.163,1155.16,1677385.0,1155.16
2014-12-01,1080.12,1113.98,1031.61,1100.26,214343.0,1100.26
2014-12-02,1076.46,1087.44,1016.96,1033.44,113289.0,1033.44
2014-12-03,1035.26,1039.84,956.55,973.937,127711.0,973.937
2014-12-04,973.937,973.937,943.739,947.409,39438.5,947.409
2014-12-05,947.409,985.823,944.644,979.427,26874.4,979.427
2014-12-08,993.163,996.833,959.286,962.956,37580.2,962.956
2014-12-09,947.409,1137.78,939.154,1016.96,147375.0,1016.96
2014-12-10,1016.05,1016.05,956.55,974.852,36815.0,974.852
2014-12-11,957.465,994.993,952.88,973.937,24470.7,973.937
2014-12-12,965.701,970.276,944.644,945.559,31244.3,945.559
2014-12-15,950.125,993.163,948.314,951.975,12236.4,951.975
2014-12-16,953.795,958.371,931.824,931.824,17041.7,931.824
2014-12-17,959.286,960.201,929.088,932.729,41841.2,932.729
2014-12-18,940.974,951.975,939.154,939.154,15077.7,939.154
2014-12-19,951.975,958.371,933.654,946.484,38672.2,946.484
2014-12-22,942.824,949.21,922.673,923.588,23052.1,923.588
2014-12-24,914.437,950.125,914.437,950.125,139619.0,950.125
2014-12-25,941.899,949.21,933.654,938.249,23162.0,938.249
2014-12-26,968.436,1002.31,950.125,962.956,45664.6,962.956
2014-12-29,964.786,972.107,951.975,954.71,18352.5,954.71
2014-12-30,961.126,979.427,952.88,973.012,66530.8,973.012
2015-01-05,981.248,988.588,966.616,976.672,17041.7,976.672
2015-01-06,961.126,973.937,951.975,956.55,24800.4,956.55
2015-01-07,944.644,950.125,934.579,938.249,18682.2,938.249
2015-01-08,956.55,956.55,933.654,943.739,7755.61,943.739
2015-01-09,951.975,960.201,945.559,952.88,11032.4,952.88
2015-01-13,943.739,959.286,942.824,959.286,6773.57,959.286
2015-01-14,956.55,965.701,955.635,956.55,7537.83,956.55
2015-01-15,951.975,988.588,943.739,980.342,21084.9,980.342
2015-01-16,971.191,971.191,942.824,947.409,5790.51,947.409
2015-01-19,961.126,961.126,947.409,948.314,6337.0,948.314
2015-01-20,947.409,965.701,942.824,951.975,4479.76,951.975
2015-01-21,948.314,954.71,943.739,943.739,5680.59,943.739
2015-01-22,944.644,944.644,936.399,936.399,2949.18,936.399
2015-01-23,942.824,942.824,926.333,926.333,6337.0,926.333
2015-01-26,933.654,943.739,926.333,943.739,8193.21,943.739
2015-01-27,943.739,951.975,940.974,951.975,7210.14,951.975
2015-01-28,947.409,956.55,939.154,943.739,9504.98,943.739
2015-01-29,950.125,961.126,947.409,947.409,7101.26,947.409
2015-01-30,956.55,961.126,947.409,961.126,20647.3,961.126
2015-02-02,961.126,965.701,933.654,951.975,15950.8,951.975
2015-02-03,951.975,961.126,924.503,926.333,11143.4,926.333
2015-02-04,926.333,933.654,925.418,927.248,3933.27,927.248
2015-02-05,938.249,946.484,915.362,946.484,11799.8,946.484
2015-02-06,946.484,959.286,933.654,951.975,8850.64,951.975
2015-02-09,951.975,951.975,915.362,919.937,13327.3,919.937
2015-02-10,926.333,959.286,915.362,922.673,36052.8,922.673
2015-02-12,869.588,897.06,869.588,870.513,57354.5,870.513
2015-02-13,859.513,867.749,850.362,859.513,19228.7,859.513
2015-02-16,855.843,875.079,855.843,873.239,12345.2,873.239
2015-02-17,879.664,923.588,856.777,875.994,33539.1,875.994
2015-02-18,887.89,887.89,869.588,869.588,7428.94,869.588
2015-02-19,869.588,883.315,867.749,877.824,12565.1,877.824
2015-02-20,865.003,878.739,865.003,871.419,20647.3,871.419
2015-02-23,865.003,865.928,842.117,859.513,24909.3,859.513
2015-02-24,860.428,865.003,853.127,857.692,18026.9,857.692
2015-02-25,869.588,869.588,851.277,855.843,42605.5,855.843
2015-02-26,855.843,860.428,850.362,854.032,27530.8,854.032
2015-02-27,854.032,855.843,847.617,847.617,26327.9,847.617
2015-03-02,841.201,855.843,841.201,845.796,27857.5,845.796
2015-03-03,841.201,851.277,841.201,844.872,19665.3,844.872
2015-03-04,844.872,846.702,832.966,843.032,19228.7,843.032
2015-03-05,846.702,938.249,844.872,851.277,103347.0,851.277
2015-03-06,874.164,874.164,849.457,859.513,41294.7,859.513
2015-03-09,862.268,862.268,851.277,859.513,5790.51,859.513
2015-03-10,858.607,877.824,857.692,861.362,16933.9,861.362
2015-03-11,855.843,872.334,854.032,862.268,6663.66,862.268
2015-03-12,869.588,869.588,853.127,853.127,7974.41,853.127
2015-03-13,855.843,864.078,848.532,853.127,13546.1,853.127
2015-03-16,846.702,915.362,846.702,883.315,39438.5,883.315
2015-03-17,883.315,895.22,863.183,883.315,38564.3,883.315
2015-03-18,862.268,866.843,854.947,854.947,14966.7,854.947
2015-03-19,881.484,881.484,847.617,848.532,12890.7,848.532
2015-03-20,849.457,863.183,849.457,858.607,5351.88,858.607
2015-03-23,852.192,864.078,848.532,851.277,8085.35,851.277
2015-03-24,858.607,858.607,852.192,854.947,3386.78,854.947
2015-03-25,866.843,866.843,850.362,852.192,15077.7,852.192
2015-03-26,851.277,858.607,846.702,846.702,6337.0,846.702
2015-03-27,846.702,853.127,832.966,832.966,15950.8,832.966
2015-03-30,834.806,843.032,834.806,840.286,2622.52,840.286
2015-03-31,840.286,842.117,832.966,834.806,7210.14,834.806
2015-04-01,837.541,842.117,834.806,838.456,3823.36,838.456
2015-04-02,843.966,846.702,838.456,843.966,3604.56,843.966
2015-04-03,849.457,849.457,836.626,836.626,4260.96,836.626
2015-04-06,835.711,845.796,835.711,843.032,1639.46,843.032
2015-04-07,844.872,844.872,837.541,841.201,3714.47,841.201
2015-04-08,843.032,847.617,840.286,846.702,9176.27,846.702
2015-04-09,843.966,849.457,843.966,844.872,2731.41,844.872
2015-04-10,847.617,847.617,837.541,840.286,4917.36,840.286
2015-04-13,840.286,865.003,840.286,861.362,98431.5,861.362
2015-04-14,848.532,864.078,848.532,861.362,7210.14,861.362
2015-04-15,853.127,862.268,851.277,854.032,6337.0,854.032
2015-04-16,857.692,859.513,851.277,859.513,4151.04,859.513
2015-04-17,853.127,858.607,842.117,843.966,6773.57,843.966
2015-04-20,843.966,852.192,842.117,843.032,8521.92,843.032
2015-04-21,843.032,851.277,843.032,846.702,3823.36,846.702
2015-04-22,848.532,856.777,848.532,852.192,4260.96,852.192
2015-04-23,863.183,865.003,854.032,855.843,14201.4,855.843
2015-04-24,846.702,858.607,846.702,858.607,4917.36,858.607
2015-04-27,864.078,875.994,854.032,872.334,15840.9,872.334
2015-04-28,874.164,876.899,862.268,872.334,9830.62,872.334
2015-04-30,862.268,874.164,852.192,862.268,7537.83,862.268
2015-05-01,832.966,832.966,781.712,795.447,44899.3,795.447
2015-05-07,787.202,800.938,787.202,800.938,13763.8,800.938
2015-05-08,800.938,812.844,788.117,811.004,8304.15,811.004
2015-05-11,806.428,887.89,790.862,819.24,58666.3,819.24
2015-05-12,791.768,810.089,791.768,808.259,21522.5,808.259
2015-05-13,818.324,821.089,805.504,810.089,9504.98,810.089
2015-05-14,810.089,819.24,809.174,809.174,10596.9,809.174
2015-05-15,811.004,823.805,795.447,805.504,16824.0,805.504
2015-05-18,791.768,797.278,778.051,784.457,14531.2,784.457
2015-05-19,784.457,800.013,778.957,800.013,13546.1,800.013
2015-05-20,795.447,801.853,795.447,796.363,5245.05,796.363
2015-05-21,797.278,804.598,782.617,782.617,12125.4,782.617
2015-05-22,787.202,812.844,787.202,812.844,44354.8,812.844
2015-05-25,823.805,832.966,813.749,826.57,14640.1,826.57
2015-05-26,812.844,819.24,812.844,818.324,12890.7,818.324
2015-05-27,811.004,825.655,811.004,818.324,8193.21,818.324
2015-05-28,804.598,812.844,804.598,805.504,7974.41,805.504
2015-05-29,805.504,810.089,800.013,810.089,12125.4,810.089
2015-06-01,811.919,859.513,810.089,832.966,17370.5,832.966
2015-06-02,842.117,842.117,828.39,842.117,13327.3,842.117
2015-06-03,833.881,845.796,833.881,842.117,6992.37,842.117
2015-06-04,843.966,859.513,843.966,855.843,9176.27,855.843
2015-06-05,854.947,854.947,846.702,846.702,7428.94,846.702
2015-06-08,832.966,843.966,826.57,828.39,10596.9,828.39
2015-06-09,814.654,832.041,812.844,812.844,8739.69,812.844
2015-06-10,812.844,824.74,811.004,814.654,1639.46,814.654
2015-06-11,844.872,844.872,823.805,823.805,3059.1,823.805
2015-06-12,823.805,823.805,801.853,815.579,12018.6,815.579
2015-06-15,815.579,847.617,814.654,829.315,10050.4,829.315
2015-06-16,829.315,829.315,823.805,828.39,5026.25,828.39
2015-06-17,828.39,828.39,822.9,828.39,2840.29,828.39
2015-06-18,821.985,839.371,819.24,835.711,10923.5,835.711
2015-06-19,821.985,834.806,819.24,819.24,7974.41,819.24
2015-06-22,819.24,821.985,817.419,819.24,3277.9,819.24
2015-06-23,824.74,824.74,816.494,818.324,7755.61,818.324
2015-06-24,818.324,837.541,818.324,837.541,9722.76,837.541
2015-06-25,842.117,843.966,831.136,843.966,9285.16,843.966
2015-06-26,837.541,837.541,830.221,830.221,9722.76,830.221
2015-06-29,830.221,830.221,814.654,814.654,10268.2,814.654
2015-06-30,814.654,821.985,806.428,811.004,4479.76,811.004
2015-07-01,811.919,823.805,811.919,823.805,5571.71,823.805
2015-07-02,832.966,832.966,810.089,814.654,3167.98,814.654
2015-07-03,836.626,836.626,818.324,822.9,1748.35,822.9
2015-07-06,811.004,834.806,807.334,812.844,12565.1,812.844
2015-07-07,812.844,819.24,812.844,819.24,1310.74,819.24
2015-07-08,827.475,827.475,796.363,797.278,6008.28,797.278
2015-07-09,778.051,784.457,723.127,771.626,22285.8,771.626
2015-07-10,767.995,783.542,750.589,774.391,5790.51,774.391
2015-07-13,788.117,793.608,771.626,785.382,7319.03,785.382
2015-07-14,796.363,832.966,778.051,821.985,21522.5,821.985
2015-07-15,832.041,832.041,804.598,804.598,4260.96,804.598
2015-07-16,818.324,821.985,808.259,811.004,1091.94,811.004
2015-07-17,806.428,806.428,793.608,800.938,4260.96,800.938
2015-07-21,805.504,805.504,798.193,799.108,2512.61,799.108
2015-07-22,799.108,799.108,794.532,794.532,874.175,794.532
2015-07-23,793.608,795.447,793.608,795.447,655.374,795.447
2015-07-24,812.844,812.844,803.683,803.683,3933.27,803.683
2015-07-27,816.494,906.221,810.089,866.843,33758.9,866.843
2015-07-28,846.702,846.702,829.315,842.117,5136.16,842.117
2015-07-29,851.277,851.277,832.966,836.626,1529.55,836.626
2015-07-30,836.626,836.626,829.315,835.711,1091.94,835.711
2015-07-31,836.626,836.626,825.655,836.626,2184.92,836.626
2015-08-03,825.655,828.39,809.174,819.24,6773.57,819.24
2015-08-04,819.24,851.277,798.193,802.768,11908.7,802.768
2015-08-05,802.768,813.749,759.74,805.504,26327.9,805.504
2015-08-06,791.768,798.193,750.589,750.589,26327.9,750.589
2015-08-07,753.334,768.9,727.712,732.288,24034.1,732.288
2015-08-10,727.712,741.429,723.127,732.288,19990.9,732.288
2015-08-11,742.344,800.013,742.344,757.91,13437.2,757.91
2015-08-12,785.382,800.013,773.466,800.013,18682.2,800.013
2015-08-13,800.938,842.117,800.938,842.117,22176.9,842.117
2015-08-14,846.702,846.702,821.985,841.201,10815.7,841.201
2015-08-17,837.541,840.286,828.39,840.286,20099.8,840.286
2015-08-18,845.796,851.277,834.806,851.277,11471.1,851.277
2015-08-19,851.277,851.277,837.541,843.966,10488.0,843.966
2015-08-20,841.201,841.201,832.966,832.966,4697.53,832.966
2015-08-21,823.805,824.74,810.089,810.089,22396.7,810.089
2015-08-24,800.938,800.938,689.259,710.316,50035.4,710.316
2015-08-25,696.58,726.787,648.071,651.741,64236.9,651.741
2015-08-26,704.825,704.825,562.949,675.543,283059.0,675.543
2015-08-27,661.797,677.354,648.986,648.986,34521.1,648.986
2015-08-28,674.618,726.787,660.892,701.165,31790.8,701.165
2015-08-31,693.825,730.448,686.495,712.146,28623.8,712.146
2015-09-01,698.41,709.411,668.203,682.854,10268.2,682.854
2015-09-02,676.448,703.91,672.778,684.684,6992.37,684.684
2015-09-03,698.41,698.41,679.203,679.203,8193.21,679.203
2015-09-04,681.929,681.929,654.477,660.892,39547.4,660.892
2015-09-07,695.665,703.91,663.627,692.929,13327.3,692.929
2015-09-08,686.495,686.495,659.062,665.467,11143.4,665.467
2015-09-09,672.778,692.929,668.203,676.448,17697.1,676.448
2015-09-10,681.024,681.024,667.297,670.043,3933.27,670.043
2015-09-11,670.043,686.495,669.118,683.779,24144.0,683.779
2015-09-14,683.779,702.986,672.778,674.618,3277.9,674.618
2015-09-15,681.929,681.929,669.118,670.043,4805.39,670.043
2015-09-16,668.203,681.929,663.627,667.297,3495.67,667.297
2015-09-17,664.552,669.118,659.062,665.467,9504.98,665.467
2015-09-18,665.467,677.354,663.627,670.043,2622.52,670.043
2015-09-24,659.967,663.627,634.345,660.892,6444.86,660.892
2015-09-25,688.344,697.495,672.778,690.165,5790.51,690.165
2015-09-28,655.392,678.269,655.392,678.269,3167.98,678.269
2015-09-29,676.448,676.448,636.165,643.496,6227.08,643.496
2015-09-30,643.496,656.316,643.496,648.071,16168.6,648.071
2015-10-01,646.231,672.778,646.231,649.891,10706.8,649.891
2015-10-02,658.137,658.137,650.826,657.232,3823.36,657.232
2015-10-05,657.232,659.062,653.561,657.232,436.574,657.232
2015-10-06,652.646,668.203,652.646,652.646,5351.88,652.646
2015-10-07,653.561,670.958,652.646,670.958,3714.47,670.958
2015-10-08,658.137,671.873,658.137,671.873,2293.81,671.873
2015-10-09,668.203,677.354,650.826,671.873,2622.52,671.873
2015-10-13,658.137,672.778,656.316,665.467,2512.61,665.467
2015-10-14,667.297,675.543,667.297,667.297,6554.77,667.297
2015-10-15,681.024,681.024,668.203,673.703,5897.34,673.703
2015-10-16,669.118,669.118,669.118,669.118,109.913,669.118
2015-10-19,670.043,670.043,664.552,664.552,1639.46,664.552
2015-10-20,666.382,666.382,666.382,666.382,109.913,666.382
2015-10-21,667.297,667.297,660.892,660.892,8959.52,660.892
2015-10-22,671.873,671.873,658.137,661.797,9285.16,661.797
2015-10-23,661.797,671.873,661.797,671.873,2840.29,671.873
2015-10-26,685.589,685.589,677.354,677.354,7210.14,677.354
2015-10-27,680.109,680.109,677.354,679.203,2731.41,679.203
2015-10-28,685.589,690.165,681.929,690.165,2184.92,690.165
2015-10-29,692.005,693.825,678.269,678.269,3604.56,678.269
2015-10-30,677.354,678.269,668.203,670.043,7319.03,670.043
2015-11-02,688.344,688.344,672.778,677.354,12455.2,677.354
2015-11-04,677.354,679.203,677.354,679.203,3823.36,679.203
2015-11-05,692.005,693.825,672.778,678.269,5571.71,678.269
2015-11-06,677.354,678.269,673.703,676.448,2076.03,676.448
2015-11-09,676.448,682.854,666.382,677.354,7428.94,677.354
2015-11-10,677.354,732.288,677.354,732.288,23267.8,732.288
2015-11-11,742.344,750.589,686.495,705.74,23267.8,705.74
2015-11-12,719.467,730.448,701.165,706.656,6008.28,706.656
2015-11-13,706.656,739.608,706.656,732.288,8850.64,732.288
2015-11-16,731.363,731.363,717.637,728.617,5790.51,728.617
2015-11-17,714.882,727.712,714.882,727.712,6227.08,727.712
2015-11-18,731.363,731.363,718.552,723.127,983.062,723.127
2015-11-19,727.712,735.023,718.552,735.023,4697.53,735.023
2015-11-20,741.429,780.796,735.948,766.155,23162.0,766.155
2015-11-24,788.117,791.768,772.561,780.796,20976.1,780.796
2015-11-25,785.382,785.382,742.344,764.325,9176.27,764.325
2015-11-26,764.325,778.051,750.589,778.051,14966.7,778.051
2015-11-27,768.9,770.721,768.9,770.721,2731.41,770.721
2015-11-30,751.514,777.136,751.514,775.296,18791.1,775.296
2015-12-01,761.58,773.466,757.004,758.835,8631.83,758.835
2015-12-02,747.854,757.004,747.854,753.334,6227.08,753.334
2015-12-03,750.589,753.334,741.429,744.184,13982.6,744.184
2015-12-04,746.004,746.919,746.004,746.004,4041.13,746.004
2015-12-07,746.004,746.004,738.683,740.523,6008.28,740.523
2015-12-08,744.184,750.589,737.768,738.683,13000.6,738.683
2015-12-09,741.429,741.429,732.288,732.288,10923.5,732.288
2015-12-10,753.334,753.334,733.193,733.193,6008.28,733.193
2015-12-11,736.853,739.608,732.288,735.948,4805.39,735.948
2015-12-14,731.363,739.608,727.712,735.023,5571.71,735.023
2015-12-15,741.429,743.259,735.948,743.259,3933.27,743.259
2015-12-16,732.288,746.004,732.288,742.344,2949.18,742.344
2015-12-17,746.919,748.759,739.608,740.523,10160.3,740.523
2015-12-18,748.759,748.759,742.344,742.344,6663.66,742.344
2015-12-21,733.193,733.193,732.288,732.288,2731.41,732.288
2015-12-22,734.118,734.118,726.787,727.712,4697.53,727.712
2015-12-24,726.787,726.787,713.976,723.127,5897.34,723.127
2015-12-25,723.127,828.39,722.202,766.155,102692.0,766.155
2015-12-28,741.429,755.165,736.853,740.523,22614.5,740.523
2015-12-29,754.249,778.051,750.589,763.4,5680.59,763.4
2015-12-30,763.4,811.919,752.429,811.919,7319.03,811.919
2016-01-04,808.259,810.089,781.712,781.712,7755.61,781.712
2016-01-05,768.9,769.825,759.74,759.74,4479.76,759.74
2016-01-06,759.74,769.825,759.74,759.74,6117.17,759.74
2016-01-07,759.74,768.9,732.288,738.683,6117.17,738.683
2016-01-08,752.429,752.429,732.288,733.193,6117.17,733.193
2016-01-12,727.712,727.712,686.495,686.495,7537.83,686.495
2016-01-13,695.665,750.589,695.665,727.712,9067.38,727.712
2016-01-14,718.552,750.589,713.976,731.363,3277.9,731.363
2016-01-15,731.363,733.193,704.825,714.882,4479.76,714.882
2016-01-18,664.552,681.929,664.552,672.778,6227.08,672.778
2016-01-19,672.778,691.089,672.778,691.089,655.374,691.089
2016-01-20,704.825,724.967,678.269,678.269,2949.18,678.269
2016-01-21,678.269,691.089,660.892,660.892,10268.2,660.892
2016-01-22,672.778,681.929,659.062,674.618,3495.67,674.618
2016-01-25,746.004,747.854,718.552,747.854,8304.15,747.854
2016-01-26,734.118,750.589,720.382,736.853,3277.9,736.853
2016-01-27,754.249,754.249,730.448,732.288,2293.81,732.288
2016-01-28,725.872,732.288,724.042,732.288,983.062,732.288
2016-01-29,746.004,746.004,718.552,733.193,1420.66,733.193
2016-02-01,736.853,746.004,736.853,736.853,655.374,736.853
2016-02-02,741.429,776.231,732.288,762.485,8631.83,762.485
2016-02-03,763.4,763.4,755.165,755.165,1420.66,755.165
2016-02-04,736.853,736.853,720.382,720.382,2403.72,720.382
2016-02-05,734.118,734.118,686.495,706.656,6773.57,706.656
2016-02-08,691.089,704.825,691.089,704.825,1748.35,704.825
2016-02-09,692.005,704.825,683.779,700.26,11032.4,700.26
2016-02-10,695.665,732.288,656.316,692.929,15295.5,692.929
2016-02-12,668.203,681.024,663.627,680.109,14419.2,680.109
2016-02-15,682.854,702.09,682.854,686.495,47086.3,686.495
2016-02-16,700.26,724.967,686.495,707.58,21304.8,707.58
2016-02-17,680.109,725.872,680.109,725.872,18135.8,725.872
2016-02-18,726.787,732.288,713.976,713.976,9395.07,713.976
2016-02-19,713.976,713.976,713.976,713.976,109.913,713.976
2016-02-22,713.976,718.552,701.165,713.976,8850.64,713.976
2016-02-23,714.882,759.74,714.882,732.288,10160.3,732.288
2016-02-24,720.382,746.004,719.467,746.004,4369.84,746.004
2016-02-25,746.004,773.466,746.004,755.165,20099.8,755.165
2016-02-26,755.165,773.466,746.004,764.325,26437.8,764.325
2016-02-29,764.325,768.9,754.249,755.165,2949.18,755.165
2016-03-01,752.429,759.74,738.683,759.74,9395.07,759.74
2016-03-02,759.74,759.74,747.854,756.089,9941.56,756.089
2016-03-04,739.608,746.004,736.853,740.523,4151.04,740.523
2016-03-07,778.051,778.051,762.485,764.325,6773.57,764.325
2016-03-08,764.325,774.391,753.334,753.334,9285.16,753.334
2016-03-09,759.74,766.155,752.429,757.004,2184.92,757.004
2016-03-10,770.721,772.561,752.429,752.429,1639.46,752.429
2016-03-11,752.429,776.231,715.816,732.288,49051.4,732.288
2016-03-14,741.429,787.202,741.429,776.231,30588.9,776.231
2016-03-15,777.136,795.447,767.061,795.447,5245.05,795.447
2016-03-16,805.504,805.504,782.617,795.447,1748.35,795.447
2016-03-17,800.938,800.938,752.429,787.202,3823.36,787.202
2016-03-18,759.74,773.466,759.74,759.74,1529.55,759.74
2016-03-22,761.58,810.089,759.74,805.504,15295.5,805.504
2016-03-23,791.768,801.853,779.872,800.938,3277.9,800.938
2016-03-24,800.938,817.419,787.202,815.579,8413.03,815.579
2016-03-25,818.324,821.985,794.532,794.532,6992.37,794.532
2016-03-28,794.532,840.286,794.532,803.683,5790.51,803.683
2016-03-29,810.089,823.805,779.872,807.334,13327.3,807.334
2016-03-30,807.334,855.843,807.334,851.277,30588.9,851.277
2016-03-31,851.277,860.428,828.39,828.39,11032.4,828.39
2016-04-01,826.57,826.57,789.032,795.447,10706.8,795.447
2016-04-05,787.202,814.654,762.485,787.202,9285.16,787.202
2016-04-06,800.938,842.117,800.938,842.117,12125.4,842.117
2016-04-07,840.286,840.286,800.938,822.9,3059.1,822.9
2016-04-08,809.174,823.805,809.174,814.654,4041.13,814.654
2016-04-11,814.654,814.654,800.938,800.938,2949.18,800.938
2016-04-12,810.089,832.041,810.089,821.985,2949.18,821.985
2016-04-13,832.041,832.966,810.089,810.089,2840.29,810.089
2016-04-14,837.541,837.541,823.805,830.221,1639.46,830.221
2016-04-15,836.626,901.626,835.711,875.994,33866.8,875.994
2016-04-18,889.72,901.626,845.796,880.569,15185.5,880.569
2016-04-19,894.305,901.626,880.569,893.39,20976.1,893.39
2016-04-20,891.55,892.465,875.079,879.664,8085.35,879.664
2016-04-21,865.928,924.503,865.003,914.437,53968.7,914.437
2016-04-22,914.437,915.362,895.22,910.786,19773.2,910.786
2016-04-25,915.362,920.843,902.551,911.702,22832.3,911.702
2016-04-26,906.221,921.758,869.588,906.221,12565.1,906.221
2016-04-27,896.126,915.362,888.805,901.626,12565.1,901.626
2016-04-28,933.654,953.795,869.588,916.267,66640.7,916.267
2016-05-02,915.362,915.362,878.739,915.362,21959.1,915.362
2016-05-06,916.267,928.153,881.484,891.55,24470.7,891.55
2016-05-09,909.862,933.654,902.551,931.824,27967.4,931.824
2016-05-10,929.088,932.729,908.031,915.362,21630.4,915.362
2016-05-11,924.503,924.503,878.739,914.437,27201.1,914.437
2016-05-12,915.362,915.362,883.315,895.22,12671.9,895.22
2016-05-13,878.739,918.097,878.739,908.031,29059.3,908.031
2016-05-16,894.305,919.003,894.305,906.221,26327.9,906.221
2016-05-17,906.221,915.362,887.89,887.89,25018.2,887.89
2016-05-18,883.315,907.116,883.315,892.465,17041.7,892.465
2016-05-19,887.89,910.786,887.89,910.786,12890.7,910.786
2016-05-20,912.607,912.607,895.22,906.221,18791.1,906.221
2016-05-23,915.362,915.362,893.39,900.701,17697.1,900.701
2016-05-24,899.786,899.786,878.739,895.22,10706.8,895.22
2016-05-25,892.465,900.701,887.89,896.126,16824.0,896.126
2016-05-26,913.522,913.522,878.739,898.881,24800.4,898.881
2016-05-27,898.881,908.937,894.305,898.881,6444.86,898.881
2016-05-30,898.881,935.484,898.881,929.088,49926.6,929.088
2016-05-31,933.654,941.899,924.503,941.899,29934.6,941.899
2016-06-01,940.974,1001.4,940.974,993.163,99196.8,993.163
2016-06-02,982.172,990.408,959.286,962.031,29170.3,962.031
2016-06-03,962.031,992.248,961.126,979.427,29934.6,979.427
2016-06-06,984.908,987.673,970.276,981.248,16277.5,981.248
2016-06-07,981.248,1014.21,981.248,1005.98,44027.2,1005.98
2016-06-08,1006.89,1082.85,1006.89,1077.36,136888.0,1077.36
2016-06-09,1049.92,1075.53,1039.84,1064.56,48613.8,1064.56
2016-06-10,1093.84,1121.31,1066.38,1116.74,82483.7,1116.74
2016-06-13,1098.43,1098.43,1048.09,1049.92,40422.6,1049.92
2016-06-14,1029.77,1065.47,871.419,993.163,140602.0,993.163
2016-06-16,980.342,980.342,910.786,972.107,59977.0,972.107
2016-06-17,962.031,962.031,929.088,930.918,33101.5,930.918
2016-06-20,922.673,967.521,915.362,940.079,24800.4,940.079
2016-06-21,924.503,954.71,924.503,945.559,8304.15,945.559
2016-06-22,951.975,951.975,915.362,933.654,20099.8,933.654
2016-06-23,915.362,924.503,862.268,890.625,75053.7,890.625
2016-06-24,876.899,897.06,753.334,790.862,179493.0,790.862
2016-06-27,809.174,823.805,778.051,823.805,48723.7,823.805
2016-06-28,833.881,874.164,805.504,874.164,33539.1,874.164
2016-06-29,874.164,910.786,865.928,910.786,39875.1,910.786
2016-06-30,898.881,929.088,887.89,924.503,35506.3,924.503
2016-07-01,932.729,988.588,927.248,988.588,37799.0,988.588
2016-07-04,997.738,1042.6,915.362,940.974,66640.7,940.974
2016-07-05,963.861,965.701,928.153,928.153,11363.2,928.153
2016-07-06,927.248,939.154,917.182,939.154,9176.27,939.154
2016-07-07,955.635,956.55,921.758,929.088,14966.7,929.088
2016-07-08,924.503,933.654,880.569,891.55,20428.5,891.55
2016-07-11,894.305,914.437,872.334,884.23,12890.7,884.23
2016-07-12,888.805,904.371,840.286,840.286,24144.0,840.286
2016-07-13,854.032,865.003,805.504,834.806,38782.1,834.806
2016-07-14,832.966,872.334,832.966,871.419,24690.5,871.419
2016-07-15,876.899,876.899,837.541,849.457,14966.7,849.457
2016-07-19,834.806,849.457,821.985,842.117,20428.5,842.117
2016-07-20,839.371,839.371,823.805,828.39,3604.56,828.39
2016-07-21,836.626,882.39,830.221,868.664,22176.9,868.664
2016-07-22,882.39,882.39,847.617,850.362,8959.52,850.362
2016-07-25,869.588,877.824,857.692,857.692,12455.2,857.692
2016-07-26,859.513,859.513,828.39,844.872,10815.7,844.872
2016-07-27,832.966,858.607,823.805,837.541,7647.75,837.541
2016-07-28,878.739,878.739,837.541,851.277,49708.8,851.277
2016-07-29,851.277,851.277,805.504,841.201,25782.5,841.201
2016-08-01,830.221,839.371,812.844,821.985,14092.6,821.985
2016-08-02,829.315,833.881,819.24,821.985,10923.5,821.985
2016-08-03,811.004,821.985,807.334,808.259,19555.4,808.259
2016-08-04,814.654,819.24,805.504,810.089,13656.0,810.089
2016-08-05,823.805,823.805,805.504,809.174,11471.1,809.174
2016-08-08,836.626,836.626,811.919,812.844,14201.4,812.844
2016-08-09,814.654,831.136,809.174,827.475,12890.7,827.475
2016-08-10,842.117,895.22,824.74,860.428,94718.0,860.428
2016-08-12,860.428,865.928,845.796,852.192,20756.2,852.192
2016-08-15,865.928,865.928,842.117,847.617,11363.2,847.617
2016-08-16,843.032,867.749,835.711,842.117,15623.1,842.117
2016-08-17,831.136,837.541,817.419,825.655,22396.7,825.655
2016-08-18,818.324,825.655,817.419,818.324,8959.52,818.324
2016-08-19,816.494,821.985,805.504,807.334,7210.14,807.334
2016-08-22,808.259,808.259,796.363,799.108,17259.5,799.108
2016-08-23,800.013,811.004,797.278,799.108,5461.79,799.108
2016-08-24,796.363,800.938,760.674,768.9,55279.5,768.9
2016-08-25,781.712,781.712,766.155,767.061,8304.15,767.061
2016-08-26,755.165,772.561,735.948,742.344,64346.9,742.344
2016-08-29,746.004,761.58,746.004,750.589,12565.1,750.589
2016-08-30,758.835,802.768,758.835,802.768,19009.9,802.768
2016-08-31,789.032,800.013,781.712,791.768,24579.6,791.768
2016-09-01,789.032,828.39,782.617,821.985,24361.8,821.985
2016-09-02,835.711,835.711,807.334,808.259,18573.4,808.259
2016-09-05,828.39,828.39,810.089,816.494,5897.34,816.494
2016-09-06,819.24,819.24,797.278,818.324,22614.5,818.324
2016-09-07,805.504,813.749,798.193,812.844,8521.92,812.844
2016-09-08,808.259,835.711,808.259,834.806,16277.5,834.806
2016-09-09,834.806,834.806,821.985,833.881,9830.62,833.881
2016-09-12,810.089,820.155,800.013,800.938,23377.7,800.938
2016-09-13,802.768,814.654,796.363,811.919,11253.3,811.919
2016-09-14,816.494,816.494,789.032,791.768,11253.3,791.768
2016-09-15,782.617,805.504,782.617,784.457,6663.66,784.457
2016-09-16,804.598,804.598,788.117,798.193,3933.27,798.193
2016-09-20,802.768,828.39,789.032,824.74,16933.9,824.74
2016-09-21,824.74,837.541,816.494,837.541,19665.3,837.541
2016-09-23,842.117,885.145,837.541,881.484,31027.5,881.484
2016-09-26,884.23,919.937,884.23,915.362,44244.9,915.362
2016-09-27,910.786,957.465,888.805,917.182,97777.1,917.182
2016-09-28,905.189,940.254,900.575,915.342,33379.9,915.342
2016-09-29,915.342,915.342,884.892,900.575,18856.9,900.575
2016-09-30,872.889,892.28,862.735,873.823,23843.1,873.823
2016-10-03,876.578,913.493,876.578,906.123,20049.5,906.123
2016-10-04,899.64,904.264,881.202,888.591,7370.39,888.591
2016-10-05,902.424,909.803,893.196,906.123,15497.8,906.123
2016-10-06,908.869,919.957,908.869,911.653,9862.46,911.653
2016-10-07,921.797,927.336,906.123,907.954,10946.1,907.954
2016-10-11,931.94,941.169,919.957,941.169,17989.9,941.169
2016-10-12,947.623,958.711,943.019,955.002,25251.4,955.002
2016-10-13,955.002,962.411,933.79,944.868,10187.0,944.868
2016-10-14,931.94,955.002,931.94,938.414,16906.2,938.414
2016-10-17,954.097,965.156,939.319,965.156,8777.7,965.156
2016-10-18,968.855,968.855,952.247,960.551,4442.78,960.551
2016-10-19,968.855,970.705,955.927,968.855,9862.46,968.855
2016-10-20,965.156,968.855,955.927,955.927,6719.13,955.927
2016-10-21,959.636,968.855,954.097,967.015,10187.0,967.015
2016-10-24,967.015,968.855,963.326,967.94,10295.9,967.94
2016-10-25,967.94,968.855,918.107,941.169,18097.7,941.169
2016-10-26,955.927,955.927,922.721,937.48,38256.2,937.48
2016-10-27,946.708,946.708,932.865,936.564,14305.2,936.564
2016-10-28,931.94,934.715,909.803,914.418,17881.0,914.418
2016-10-31,914.418,939.319,914.418,922.721,4768.41,922.721
2016-11-01,922.721,922.721,870.124,885.807,16256.9,885.807
2016-11-02,870.124,880.277,859.055,862.735,12680.1,862.735
2016-11-04,867.359,898.735,866.434,884.892,8669.84,884.892
2016-11-07,922.721,922.721,887.666,891.346,5201.9,891.346
2016-11-08,893.196,898.735,866.434,898.735,9211.19,898.735
2016-11-09,904.264,904.264,794.474,881.202,37172.4,881.202
2016-11-10,903.339,914.418,871.964,907.954,10295.9,907.954
2016-11-11,905.189,907.954,878.428,907.954,9320.08,907.954
2016-11-14,921.797,940.254,913.493,933.79,8994.45,933.79
2016-11-15,961.486,987.303,952.247,982.698,89733.9,982.698
2016-11-16,1093.42,1105.42,1015.91,1061.12,237558.0,1061.12
2016-11-17,1035.28,1077.73,1017.76,1023.3,48985.6,1023.3
2016-11-18,1011.3,1033.45,1005.77,1015.91,19182.5,1015.91
2016-11-21,1037.14,1059.28,1016.83,1047.29,58305.7,1047.29
2016-11-22,1043.59,1046.37,998.381,1038.98,37281.3,1038.98
2016-11-24,1047.29,1074.98,1040.84,1074.98,31538.1,1074.98
2016-11-25,1086.03,1088.82,1037.14,1045.45,36522.2,1045.45
2016-11-28,1033.45,1043.59,1021.44,1032.53,21567.7,1032.53
2016-11-29,1033.45,1038.98,1014.99,1015.91,17123.9,1015.91
2016-11-30,1015.91,1036.21,1015.91,1024.22,16906.2,1024.22
2016-12-01,1046.37,1071.29,1040.84,1041.76,36413.3,1041.76
2016-12-02,1039.9,1063.91,1026.99,1028.83,12680.1,1028.83
2016-12-05,1034.36,1043.59,1032.53,1035.28,2276.34,1035.28
2016-12-06,1041.76,1041.76,1002.08,1005.77,14196.3,1005.77
2016-12-07,998.381,1001.16,969.78,970.705,20049.5,970.705
2016-12-08,982.698,987.303,962.411,974.384,7695.0,974.384
2016-12-09,955.927,992.852,955.927,968.855,9754.6,968.855
2016-12-12,1024.22,1024.22,973.469,996.541,9862.46,996.541
2016-12-13,1010.37,1034.36,1010.37,1034.36,16364.8,1034.36
2016-12-14,1033.45,1033.45,1002.99,1021.44,11596.4,1021.44
2016-12-15,1015.91,1031.61,1009.46,1024.22,8994.45,1024.22
2016-12-16,1026.06,1047.29,1001.16,1030.67,39014.3,1030.67
2016-12-19,1021.44,1026.06,1007.61,1024.22,14630.8,1024.22
2016-12-20,1026.06,1048.21,1008.53,1048.21,23734.2,1048.21
2016-12-21,1048.21,1049.14,1025.14,1037.14,18856.9,1037.14
2016-12-22,1026.06,1028.83,1022.37,1026.06,15714.6,1026.06
2016-12-26,1033.45,1060.21,1033.45,1059.28,16581.5,1059.28
2016-12-27,1056.52,1056.52,1023.3,1041.76,18423.4,1041.76
2016-12-28,1042.67,1050.98,1033.45,1045.45,10403.8,1045.45
2016-12-29,1050.06,1091.56,1032.53,1088.82,43458.1,1088.82
2016-12-30,1068.51,1102.65,1068.51,1071.29,24493.3,1071.29
2017-01-04,1075.89,1118.32,1070.35,1106.34,48117.6,1106.34
2017-01-05,1107.26,1107.26,1079.59,1103.58,21024.3,1103.58
2017-01-06,1098.04,1106.34,1087.88,1093.42,22109.1,1093.42
2017-01-10,1093.42,1094.35,1082.34,1086.03,9970.32,1086.03
2017-01-11,1099.88,1099.88,1081.43,1082.34,5094.04,1082.34
2017-01-12,1082.34,1087.88,1054.68,1062.97,17340.7,1062.97
2017-01-13,1047.29,1094.35,1045.45,1086.03,11704.2,1086.03
2017-01-16,1087.88,1087.88,1068.51,1078.66,5635.4,1078.66
2017-01-17,1086.03,1087.88,1073.14,1075.89,5094.04,1075.89
2017-01-18,1084.19,1084.19,1067.59,1074.04,7478.25,1074.04
2017-01-19,1076.81,1077.73,1034.36,1075.89,21892.3,1075.89
2017-01-20,1070.35,1070.35,1046.37,1061.12,6394.52,1061.12
2017-01-23,1065.74,1070.35,1059.28,1066.66,3035.47,1066.66
2017-01-24,1057.44,1104.49,1057.44,1093.42,22109.1,1093.42
2017-01-25,1106.34,1107.26,1086.03,1099.88,10403.8,1099.88
2017-01-26,1107.26,1115.57,1094.35,1096.19,17123.9,1096.19
2017-01-27,1096.19,1096.19,1075.89,1089.72,9970.32,1089.72
2017-01-30,1104.49,1105.42,1092.51,1092.51,6067.86,1092.51
2017-01-31,1089.72,1141.41,1089.72,1139.56,49419.1,1139.56
2017-02-01,1138.64,1139.56,1115.57,1127.57,42267.5,1127.57
2017-02-02,1121.11,1181.09,1121.11,1181.09,27852.3,1181.09
2017-02-03,1193.99,1193.99,1159.86,1185.69,16148.1,1185.69
2017-02-06,1186.61,1188.46,1162.63,1172.78,15605.7,1172.78
2017-02-07,1156.16,1173.7,1121.11,1149.72,10295.9,1149.72
2017-02-08,1145.1,1167.25,1145.1,1166.32,4877.3,1166.32
2017-02-09,1170.94,1170.94,1153.4,1157.09,4985.16,1157.09
2017-02-10,1171.86,1192.15,1156.16,1185.69,32620.8,1185.69
2017-02-13,1190.31,1201.37,1163.55,1191.23,32404.0,1191.23
2017-02-14,1192.15,1217.99,1188.46,1217.07,44433.9,1217.07
2017-02-15,1128.5,1199.54,1122.01,1199.54,118344.0,1199.54
2017-02-16,1171.86,1194.92,1162.63,1174.62,35005.0,1174.62
2017-02-17,1180.16,1192.15,1171.86,1190.31,30886.8,1190.31
2017-02-20,1190.31,1192.15,1171.86,1182.93,27852.3,1182.93
2017-02-21,1163.55,1182.93,1163.55,1182.93,18423.4,1182.93
2017-02-22,1186.61,1186.61,1165.39,1170.0,7370.39,1170.0
2017-02-23,1183.85,1183.85,1151.56,1164.47,3143.33,1164.47
2017-02-24,1153.4,1177.39,1148.79,1171.86,29910.9,1171.86
2017-02-27,1162.63,1171.86,1153.4,1168.17,24925.8,1168.17
2017-02-28,1156.16,1180.16,1153.4,1154.32,15714.6,1154.32
2017-03-01,1153.4,1171.86,1142.33,1161.7,25359.3,1161.7
2017-03-02,1175.56,1175.56,1146.94,1160.78,23300.7,1160.78
2017-03-03,1146.02,1162.63,1146.02,1153.4,9427.94,1153.4
2017-03-06,1153.4,1156.16,1142.33,1147.87,7911.74,1147.87
2017-03-07,1144.18,1167.25,1134.95,1140.49,10837.3,1140.49
2017-03-08,1136.8,1153.4,1126.65,1126.65,22649.4,1126.65
2017-03-09,1125.72,1144.18,1123.87,1138.64,14848.6,1138.64
2017-03-10,1158.02,1190.31,1140.49,1182.0,34354.7,1182.0
2017-03-13,1190.31,1214.3,1162.63,1171.86,36522.2,1171.86
2017-03-14,1162.63,1176.48,1153.4,1165.39,20916.5,1165.39
2017-03-15,1162.63,1163.55,1128.5,1140.49,11054.0,1140.49
2017-03-16,1139.56,1156.16,1139.56,1151.56,6935.87,1151.56
2017-03-17,1151.56,1166.32,1140.49,1147.87,4226.03,1147.87
2017-03-21,1175.56,1175.56,1130.33,1141.41,21241.1,1141.41
2017-03-22,1127.57,1151.56,1127.57,1128.5,11162.9,1128.5
2017-03-23,1128.5,1183.85,1128.5,1166.32,12572.3,1166.32
2017-03-24,1162.63,1175.56,1156.16,1169.08,32404.0,1169.08
2017-03-27,1191.23,1193.99,1169.08,1184.77,18097.7,1184.77
2017-03-28,1199.54,1214.3,1182.0,1182.0,17231.8,1182.0
2017-03-29,1182.0,1262.27,1173.7,1245.69,38797.5,1245.69
2017-03-30,1245.69,1251.21,1222.61,1235.51,17989.9,1235.51
2017-03-31,1236.46,1253.98,1232.76,1240.13,23083.9,1240.13
2017-04-03,1254.91,1254.91,1229.07,1234.6,11596.4,1234.6
2017-04-04,1234.6,1234.6,1195.84,1209.69,21133.2,1209.69
2017-04-05,1189.38,1217.99,1189.38,1199.54,16039.2,1199.54
2017-04-06,1192.15,1192.15,1127.57,1153.4,26335.1,1153.4
2017-04-07,1153.4,1190.31,1144.18,1188.46,14521.9,1188.46
2017-04-10,1188.46,1222.61,1187.53,1188.46,23517.4,1188.46
2017-04-11,1201.37,1205.06,1155.24,1179.23,6828.01,1179.23
2017-04-12,1153.4,1166.32,1137.71,1163.55,10513.7,1163.55
2017-04-13,1134.95,1193.99,1134.95,1193.07,13112.6,1193.07
2017-04-14,1193.07,1222.61,1183.85,1196.76,18423.4,1196.76
2017-04-17,1213.39,1213.39,1180.16,1213.39,11054.0,1213.39
2017-04-18,1217.99,1241.06,1201.37,1241.06,26118.4,1241.06
2017-04-19,1254.91,1287.19,1248.43,1286.27,59606.2,1286.27
2017-04-20,1313.95,1318.56,1277.97,1288.11,45733.4,1288.11
2017-04-21,1291.81,1291.81,1255.83,1268.75,10079.2,1268.75
2017-04-24,1277.04,1277.97,1253.98,1263.21,12680.1,1263.21
2017-04-25,1290.89,1290.89,1256.74,1282.57,11270.8,1282.57
2017-04-26,1284.43,1284.43,1267.81,1273.35,10079.2,1273.35
2017-04-27,1282.57,1347.16,1282.57,1335.17,45409.8,1335.17
2017-04-28,1328.71,1368.38,1328.71,1351.78,36413.3,1351.78
2017-05-01,1374.85,1397.93,1300.11,1325.95,40099.0,1325.95
2017-05-02,1311.2,1337.02,1300.11,1332.41,14088.5,1332.41
2017-05-08,1351.78,1363.78,1338.87,1353.63,12246.6,1353.63
2017-05-09,1369.31,1457.9,1361.93,1424.68,58631.3,1424.68
2017-05-10,1447.74,1447.74,1386.85,1418.22,34679.3,1418.22
2017-05-11,1418.22,1420.99,1375.78,1408.06,26009.5,1408.06
2017-05-12,1410.85,1410.85,1375.78,1406.22,12137.7,1406.22
2017-05-15,1406.22,1425.6,1394.23,1420.99,18531.2,1420.99
2017-05-16,1424.68,1460.67,1419.14,1455.13,74561.7,1455.13
2017-05-17,1426.52,1430.21,1361.93,1380.41,42157.6,1380.41
2017-05-18,1339.79,1364.7,1339.79,1339.79,10187.0,1339.79
2017-05-19,1365.62,1370.22,1341.63,1356.39,8020.63,1356.39
2017-05-22,1367.47,1420.99,1367.47,1420.99,25468.1,1420.99
2017-05-23,1455.13,1457.9,1427.45,1457.9,21783.5,1457.9
2017-05-24,1475.43,1531.71,1475.43,1531.71,69685.4,1531.71
2017-05-25,1516.03,1528.94,1499.43,1507.73,16039.2,1507.73
2017-05-26,1516.96,1516.96,1476.36,1513.26,19291.4,1513.26
2017-05-29,1517.86,1517.86,1475.43,1497.58,11704.2,1497.58
2017-05-30,1516.96,1522.49,1452.36,1512.33,35765.1,1512.33
2017-05-31,1517.86,1544.63,1504.03,1516.03,29586.3,1516.03
2017-06-01,1533.55,1537.25,1511.42,1537.25,12895.8,1537.25
2017-06-02,1548.33,1550.17,1492.04,1507.73,17557.4,1507.73
2017-06-05,1495.73,1647.07,1494.8,1645.21,51154.1,1645.21
2017-06-06,1645.21,1659.05,1600.91,1600.91,21674.6,1600.91
2017-06-07,1587.08,1647.07,1587.08,1647.07,15281.1,1647.07
2017-06-08,1646.14,1646.14,1590.77,1592.61,14196.3,1592.61
2017-06-09,1629.52,1629.52,1594.46,1601.84,19508.1,1601.84
2017-06-12,1623.07,1623.07,1537.25,1546.48,22216.9,1546.48
2017-06-13,1552.95,1584.3,1544.63,1573.24,9862.46,1573.24
2017-06-14,1576.01,1604.6,1576.01,1590.77,6935.87,1590.77
2017-06-15,1609.23,1617.52,1596.31,1612.91,7261.51,1612.91
2017-06-16,1623.07,1623.98,1584.3,1585.24,13546.1,1585.24
2017-06-19,1595.39,1619.37,1588.0,1605.53,9211.19,1605.53
2017-06-20,1610.14,1611.07,1557.55,1574.16,14305.2,1574.16
2017-06-21,1574.16,1587.08,1552.01,1552.01,14521.9,1552.01
2017-06-22,1515.1,1539.11,1507.73,1528.02,28719.3,1528.02
2017-06-23,1514.17,1541.87,1504.96,1516.03,18423.4,1516.03
2017-06-26,1511.42,1542.79,1507.73,1536.32,10187.0,1536.32
2017-06-27,1536.32,1536.32,1502.19,1513.26,15714.6,1513.26
2017-06-28,1504.03,1523.4,1442.21,1442.21,28936.1,1442.21
2017-06-29,1412.68,1466.2,1412.68,1453.28,21892.3,1453.28
2017-06-30,1429.3,1433.91,1397.93,1405.31,19617.0,1405.31
2017-07-03,1401.61,1455.13,1401.61,1446.82,13329.3,1446.82
2017-07-04,1428.38,1461.6,1428.38,1448.66,11270.8,1448.66
2017-07-05,1448.66,1448.66,1423.76,1431.13,5094.04,1431.13
2017-07-06,1456.06,1456.06,1419.14,1427.45,5851.11,1427.45
2017-07-07,1427.45,1435.74,1416.37,1429.3,4985.16,1429.3
2017-07-10,1468.98,1483.73,1444.05,1477.28,18965.8,1477.28
2017-07-11,1551.1,1551.1,1504.96,1520.65,28178.0,1520.65
2017-07-12,1532.63,1539.11,1493.89,1510.48,11487.5,1510.48
2017-07-13,1510.48,1516.03,1486.5,1487.42,5635.4,1487.42
2017-07-14,1529.87,1534.48,1504.96,1529.87,14088.5,1529.87
2017-07-18,1550.17,1550.17,1484.66,1513.26,13871.7,1513.26
2017-07-19,1530.79,1568.63,1517.86,1565.85,20699.7,1565.85
2017-07-20,1565.85,1585.24,1544.63,1584.3,24059.8,1584.3
2017-07-21,1587.08,1587.08,1572.33,1587.08,6284.61,1587.08
2017-07-24,1588.0,1591.69,1555.71,1587.08,14956.5,1587.08
2017-07-25,1589.84,1589.84,1559.4,1583.38,8453.1,1583.38
2017-07-26,1583.38,1589.84,1568.63,1580.62,7261.51,1580.62
2017-07-27,1579.69,1586.16,1564.93,1568.63,6176.75,1568.63
2017-07-28,1568.63,1570.47,1522.49,1558.47,16689.4,1558.47
2017-07-31,1595.39,1596.31,1569.55,1596.31,24276.6,1596.31
2017-08-01,1596.31,1596.31,1564.02,1567.71,7587.14,1567.71
2017-08-02,1559.4,1580.62,1557.55,1563.09,4009.29,1563.09
2017-08-03,1594.46,1594.46,1520.65,1546.48,9427.94,1546.48
2017-08-04,1563.09,1596.31,1554.79,1596.31,16039.2,1596.31
2017-08-07,1596.31,1642.45,1595.39,1642.45,17123.9,1642.45
2017-08-08,1645.21,1646.14,1623.07,1630.45,14196.3,1630.45
2017-08-09,1660.9,1677.5,1631.36,1642.45,32296.2,1642.45
2017-08-10,1675.66,1740.25,1670.13,1720.88,42483.2,1720.88
2017-08-14,1703.34,1719.94,1574.16,1620.3,36306.5,1620.3
2017-08-15,1657.21,1707.04,1620.3,1707.04,26768.6,1707.04
2017-08-16,1707.96,1845.43,1700.56,1844.51,39014.3,1844.51
2017-08-17,1863.88,1877.74,1807.61,1829.76,24059.8,1829.76
2017-08-18,1781.78,1801.16,1767.01,1767.01,9970.32,1767.01
2017-08-21,1751.33,1759.63,1708.88,1737.48,23083.9,1737.48
2017-08-22,1750.39,1920.18,1750.39,1787.31,49311.2,1787.31
2017-08-23,1826.98,1840.82,1767.92,1803.91,14848.6,1803.91
2017-08-24,1775.3,1786.39,1731.94,1767.01,36522.2,1767.01
2017-08-25,1775.3,1794.69,1758.7,1767.01,13221.5,1767.01
2017-08-28,1822.37,1856.52,1786.39,1801.16,32512.9,1801.16
2017-08-29,1801.16,1813.14,1786.39,1790.09,9970.32,1790.09
2017-08-30,1790.09,1790.09,1757.78,1773.46,22109.1,1773.46
2017-08-31,1773.46,1803.91,1773.46,1802.99,5635.4,1802.99
2017-09-01,1791.01,1795.62,1746.71,1746.71,9970.32,1746.71
2017-09-04,1753.18,1769.77,1707.04,1718.1,27635.6,1718.1
2017-09-05,1710.72,1710.72,1537.25,1628.6,32404.0,1628.6
2017-09-06,1605.53,1660.9,1570.47,1654.42,21567.7,1654.42
2017-09-07,1654.42,1705.19,1584.3,1600.91,51911.2,1600.91
2017-09-08,1600.91,1642.45,1583.38,1615.68,30344.4,1615.68
2017-09-11,1683.96,1694.11,1658.12,1659.05,13112.6,1659.05
2017-09-12,1665.51,1682.12,1655.37,1673.82,9103.33,1673.82
2017-09-13,1679.35,1694.11,1660.9,1673.82,9754.6,1673.82
2017-09-14,1675.66,1675.66,1615.68,1629.52,11054.0,1629.52
2017-09-15,1623.98,1702.41,1623.98,1702.41,16581.5,1702.41
2017-09-19,1705.19,1734.72,1704.26,1722.72,12355.5,1722.72
2017-09-20,1741.17,1808.54,1723.63,1779.92,25142.5,1779.92
2017-09-21,1783.62,1808.54,1753.18,1753.18,14739.7,1753.18
2017-09-22,1761.47,1761.47,1682.12,1757.78,14739.7,1757.78
2017-09-25,1853.74,2011.52,1813.14,1832.52,196375.0,1832.52
2017-09-26,1863.88,1979.23,1814.07,1953.39,79330.1,1953.39
2017-09-27,1948.76,1966.39,1889.4,1918.14,53474.6,1918.14
2017-09-28,1915.37,1916.29,1854.16,1886.61,51318.5,1886.61
2017-09-29,1860.65,1868.07,1800.37,1852.3,57247.7,1852.3
2017-10-02,1842.09,1875.48,1815.21,1869.92,34608.5,1869.92
2017-10-03,1848.59,1857.86,1807.78,1810.56,51642.0,1810.56
2017-10-04,1803.14,1837.46,1803.14,1805.93,20591.9,1805.93
2017-10-05,1830.97,1860.65,1804.06,1804.06,29863.7,1804.06
2017-10-06,1808.7,1841.17,1802.21,1836.53,42370.2,1836.53
2017-10-10,1843.03,1938.55,1819.84,1894.95,62422.9,1894.95
2017-10-11,1901.46,1901.46,1834.68,1840.23,50348.8,1840.23
2017-10-12,1853.23,1881.98,1843.95,1869.92,12396.6,1869.92
2017-10-13,1881.98,1881.98,1854.16,1869.0,14340.1,1869.0
2017-10-16,1869.0,1879.19,1832.82,1836.53,16279.5,1836.53
2017-10-17,1856.01,1856.01,1820.76,1830.97,10026.8,1830.97
2017-10-18,2003.49,2029.45,1896.82,1939.48,225111.0,1939.48
2017-10-19,1950.61,1950.61,1869.0,1881.04,91208.0,1881.04
2017-10-20,1856.01,1910.73,1822.61,1881.04,64363.3,1881.04
2017-10-23,1915.37,1922.79,1867.14,1891.26,38165.8,1891.26
2017-10-24,1892.19,2097.17,1888.47,2089.74,152121.0,2089.74
2017-10-25,2095.31,2096.23,1946.9,1966.39,88622.4,1966.39
2017-10-26,1970.1,2009.05,1966.39,1984.93,28462.5,1984.93
2017-10-27,1994.21,2199.2,1994.21,2122.22,90776.5,2122.22
2017-10-30,2118.51,2191.77,2106.44,2150.96,46252.1,2150.96
2017-10-31,2165.8,2214.96,2121.29,2198.26,24797.4,2198.26
2017-11-01,2286.39,2286.39,2211.25,2265.97,29433.3,2265.97
2017-11-02,2250.21,2318.85,2210.33,2308.65,36547.9,2308.65
2017-11-06,2316.07,2316.07,2192.71,2207.54,30618.7,2207.54
2017-11-07,2141.69,2207.54,2094.38,2188.99,33097.4,2188.99
2017-11-08,2188.99,2221.45,2141.69,2219.59,16818.8,2219.59
2017-11-09,2205.68,2262.26,2095.31,2168.59,24258.1,2168.59
2017-11-10,2122.22,2271.55,2105.5,2271.55,29542.1,2271.55
2017-11-13,2259.49,2259.49,2184.35,2191.77,9163.94,2191.77
2017-11-14,2170.44,2195.49,2049.87,2082.32,60265.7,2082.32
2017-11-15,1855.08,1882.91,1743.77,1836.53,151800.0,1836.53
2017-11-16,1799.43,2049.87,1791.08,2003.49,72449.7,2003.49
2017-11-17,1957.11,2068.41,1957.11,1967.32,58648.8,1967.32
2017-11-20,1992.35,2037.79,1922.79,1995.14,38057.9,1995.14
2017-11-21,1989.58,2010.92,1968.25,1979.38,25444.5,1979.38
2017-11-22,1983.08,1991.43,1879.19,1910.73,32019.8,1910.73
2017-11-24,1874.56,1937.63,1874.56,1935.77,14447.0,1935.77
2017-11-27,1969.16,1997.0,1940.41,1963.6,29325.4,1963.6
2017-11-28,1987.72,2012.77,1938.55,1955.24,29217.5,1955.24
2017-11-29,1939.48,1950.61,1855.08,1896.82,54982.6,1896.82
2017-11-30,1924.65,1924.65,1869.92,1906.1,13477.2,1906.1
2017-12-01,1923.71,1923.71,1815.21,1848.59,43987.1,1848.59
2017-12-04,1850.45,1855.08,1799.43,1810.56,17249.2,1810.56
2017-12-05,1799.43,1832.82,1762.33,1822.61,28030.1,1822.61
2017-12-06,1798.49,1813.34,1767.89,1788.29,17249.2,1788.29
2017-12-07,1779.01,1805.0,1725.23,1791.08,18975.0,1791.08
2017-12-08,1856.93,1964.53,1847.65,1952.47,55739.7,1952.47
2017-12-11,1955.24,1966.39,1887.55,1927.42,29863.7,1927.42
2017-12-12,1906.1,1973.81,1906.1,1958.97,22855.9,1958.97
2017-12-13,1947.82,1947.82,1900.52,1909.79,17466.0,1909.79
2017-12-14,1910.73,1941.33,1908.87,1938.55,9379.66,1938.55
2017-12-15,1943.19,2003.49,1898.67,1994.21,26197.5,1994.21
2017-12-18,2019.25,2123.14,2007.2,2035.95,77947.4,2035.95
2017-12-19,2025.75,2057.28,1977.52,1980.3,11751.5,1980.3
2017-12-20,1965.46,1994.21,1932.05,1982.16,15308.8,1982.16
2017-12-21,1990.5,1990.5,1950.61,1975.67,7007.78,1975.67
2017-12-22,1971.02,1988.65,1952.47,1963.6,9703.24,1963.6
2017-12-25,1959.9,1968.25,1902.38,1938.55,15956.0,1938.55
2017-12-26,1918.14,1961.75,1900.52,1953.39,16818.8,1953.39
2017-12-27,1946.9,1989.58,1940.41,1988.65,19622.2,1988.65
2017-12-28,1984.93,2041.51,1976.58,2018.32,31696.3,2018.32
2017-12-29,2003.49,2011.84,1968.25,1994.21,12936.9,1994.21
2018-01-04,2003.49,2022.03,1944.13,2001.63,23719.8,2001.63
2018-01-05,2011.84,2014.61,1972.88,2003.49,29002.8,2003.49
2018-01-09,2003.49,2037.79,1957.11,1997.0,31696.3,1997.0
2018-01-10,1989.58,2002.56,1966.39,1994.21,22532.3,1994.21
2018-01-11,1984.93,2000.69,1977.52,1979.38,7115.64,1979.38
2018-01-12,1980.3,1996.07,1968.25,1996.07,16172.7,1996.07
2018-01-15,2013.69,2023.88,1998.85,2017.4,12829.1,2017.4
2018-01-16,1997.93,2012.77,1980.3,1998.85,12613.3,1998.85
2018-01-17,1998.85,2009.97,1980.3,2006.27,10350.4,2006.27
2018-01-18,2077.69,2141.69,2026.68,2075.83,77302.3,2075.83
2018-01-19,2062.84,2198.26,2062.84,2163.02,47976.9,2163.02
2018-01-22,2154.68,2159.32,2097.17,2107.37,19622.2,2107.37
2018-01-23,2120.36,2225.16,2120.36,2196.41,34931.0,2196.41
2018-01-24,2199.2,2201.05,2133.34,2160.24,18326.8,2160.24
2018-01-25,2146.33,2163.02,2087.89,2112.94,24042.3,2112.94
2018-01-26,2089.74,2132.42,2078.61,2110.14,14340.1,2110.14
2018-01-29,2137.05,2142.62,2113.86,2131.49,14123.4,2131.49
2018-01-30,2108.29,2116.66,1995.14,2033.16,39674.8,2033.16
2018-01-31,2011.84,2063.78,2003.49,2025.75,24580.6,2025.75
2018-02-01,2072.12,2116.66,2048.94,2100.87,16172.7,2100.87
2018-02-02,2100.87,2107.37,2056.35,2084.18,15633.4,2084.18
2018-02-05,1991.43,2028.53,1958.05,1980.3,27708.5,1980.3
2018-02-06,1729.86,1851.37,1670.5,1785.51,56925.1,1785.51
2018-02-07,1906.1,1906.1,1762.33,1766.96,41507.4,1766.96
2018-02-08,1791.08,1867.14,1777.17,1858.79,21886.2,1858.79
2018-02-09,1762.33,1821.69,1737.28,1780.87,32019.8,1780.87
2018-02-13,1780.87,1797.57,1691.84,1692.76,36763.6,1692.76
2018-02-14,1523.95,1523.95,1321.74,1321.74,309743.0,1321.74
2018-02-15,1344.01,1386.67,1316.17,1364.41,191582.0,1364.41
2018-02-16,1410.79,1496.13,1393.16,1484.05,59944.1,1484.05
2018-02-19,1483.12,1523.02,1465.52,1521.16,75791.3,1521.16
2018-02-20,1517.45,1568.47,1484.05,1558.27,47005.1,1558.27
2018-02-21,1573.11,1632.46,1550.85,1604.64,83230.5,1604.64
2018-02-22,1604.64,1627.82,1554.55,1615.77,48623.0,1615.77
2018-02-23,1613.92,1637.1,1613.92,1624.12,29325.4,1624.12
2018-02-26,1632.46,1663.09,1588.87,1630.61,52612.8,1630.61
2018-02-27,1622.26,1632.46,1578.67,1612.98,54660.1,1612.98
2018-02-28,1581.46,1615.77,1561.05,1612.98,37733.3,1612.98
2018-03-01,1601.86,1601.86,1560.11,1589.8,30188.3,1589.8
2018-03-02,1530.44,1642.67,1530.44,1593.51,48408.3,1593.51
2018-03-05,1586.1,1595.37,1463.65,1488.71,59727.4,1488.71
2018-03-06,1503.54,1602.79,1503.54,1592.58,24258.1,1592.58
2018-03-07,1600.93,1647.32,1570.32,1629.68,37841.2,1629.68
2018-03-08,1641.74,1714.1,1620.4,1634.32,38596.2,1634.32
2018-03-09,1669.57,1682.56,1630.61,1634.32,21239.0,1634.32
2018-03-12,1666.79,1666.79,1614.84,1614.84,14231.2,1614.84
2018-03-13,1599.07,1659.37,1599.07,1636.17,24365.9,1636.17
2018-03-14,1624.12,1668.65,1623.2,1631.54,14123.4,1631.54
2018-03-15,1633.4,1652.88,1588.87,1643.6,16926.7,1643.6
2018-03-16,1643.6,1654.74,1612.98,1642.67,27060.4,1642.67
2018-03-19,1642.67,1653.81,1576.82,1647.32,14016.5,1647.32
2018-03-20,1610.21,1692.76,1602.79,1683.48,16926.7,1683.48
2018-03-22,1639.89,1719.66,1639.89,1707.6,24689.5,1707.6
2018-03-23,1660.29,1676.07,1617.63,1647.32,28569.4,1647.32
2018-03-26,1600.01,1677.92,1519.31,1657.51,68891.3,1657.51
2018-03-27,1651.95,1660.29,1575.89,1591.65,25767.1,1591.65
2018-03-28,1639.89,1667.72,1595.37,1640.82,31912.0,1640.82
2018-03-29,1655.66,1655.66,1600.93,1625.98,15308.8,1625.98
2018-03-30,1627.82,1636.17,1589.8,1600.93,12721.2,1600.93
2018-04-02,1600.93,1618.56,1559.19,1573.11,8841.39,1573.11
2018-04-03,1552.71,1645.46,1535.08,1639.89,35255.6,1639.89
2018-04-04,1639.89,1657.51,1599.07,1606.49,16172.7,1606.49
2018-04-05,1623.2,1697.39,1596.3,1667.72,37518.6,1667.72
2018-04-06,1630.61,1706.67,1630.61,1637.1,36763.6,1637.1
2018-04-09,1625.04,1633.4,1553.63,1576.82,42154.5,1576.82
2018-04-10,1576.82,1588.87,1566.62,1572.18,8841.39,1572.18
2018-04-11,1590.73,1625.04,1576.82,1615.77,17033.5,1615.77
2018-04-12,1612.06,1639.89,1604.64,1619.48,12721.2,1619.48
2018-04-13,1635.25,1635.25,1592.58,1603.72,8948.22,1603.72
2018-04-16,1607.42,1607.42,1562.91,1565.68,13153.7,1565.68
2018-04-17,1565.68,1594.45,1456.24,1503.54,81290.0,1503.54
2018-04-18,1503.54,1568.47,1497.99,1549.92,15202.0,1549.92
2018-04-19,1584.23,1588.87,1537.86,1569.39,12396.6,1569.39
2018-04-20,1569.39,1638.03,1562.91,1609.28,11212.2,1609.28
2018-04-23,1609.28,1693.69,1589.8,1686.28,34177.0,1686.28
2018-04-24,1686.28,1779.94,1686.28,1769.74,48729.8,1769.74
2018-04-25,1786.44,1827.25,1744.7,1749.33,28137.9,1749.33
2018-04-26,1750.26,1762.33,1720.58,1736.35,15094.1,1736.35
2018-04-27,1745.63,1760.47,1705.75,1753.05,21346.9,1753.05
2018-05-01,1753.05,1753.05,1653.81,1667.72,14986.3,1667.72
2018-05-02,1667.72,1740.06,1667.72,1727.08,19298.6,1727.08
2018-05-07,1726.14,1776.24,1707.6,1747.49,31050.1,1747.49
2018-05-08,1747.49,1747.49,1704.82,1714.1,20268.3,1714.1
2018-05-09,1781.81,1971.02,1752.11,1955.24,98540.4,1955.24
2018-05-10,1947.82,1953.39,1883.84,1884.76,32343.4,1884.76
2018-05-11,1884.76,1887.55,1837.46,1852.3,19406.4,1852.3
2018-05-14,1884.76,1898.67,1868.07,1875.48,7546.05,1875.48
2018-05-15,1891.26,1959.9,1887.55,1934.85,8948.22,1934.85
2018-05-16,1947.82,1948.76,1911.66,1943.19,11212.2,1943.19
2018-05-17,1953.39,1958.05,1923.71,1925.57,5930.21,1925.57
2018-05-18,1916.29,2010.92,1916.29,1998.85,20053.6,1998.85
2018-05-21,2010.92,2040.59,1991.43,2018.32,15741.3,2018.32
2018-05-22,2004.41,2012.77,1974.74,1991.43,10350.4,1991.43
2018-05-23,2009.97,2009.97,1869.0,1944.13,19838.9,1944.13
2018-05-24,1947.82,1947.82,1877.33,1932.05,10780.8,1932.05
2018-05-25,1945.97,1945.97,1873.64,1878.27,13369.4,1878.27
2018-05-28,1887.55,1931.13,1869.92,1872.7,2695.45,1872.7
2018-05-29,1875.48,1875.48,1809.64,1824.47,9703.24,1824.47
2018-05-30,1787.36,1807.78,1761.39,1773.45,12829.1,1773.45
2018-05-31,1772.53,1853.23,1772.53,1841.17,13043.8,1841.17
2018-06-01,1837.46,1840.23,1805.0,1824.47,6577.37,1824.47
2018-06-04,1787.36,1855.08,1768.82,1835.6,25119.9,1835.6
2018-06-05,1820.76,1989.58,1820.76,1861.57,44957.8,1861.57
2018-06-06,1839.32,1937.63,1819.84,1899.6,19622.2,1899.6
2018-06-07,1943.19,1966.39,1903.31,1903.31,18759.3,1903.31
2018-06-08,1946.9,2058.22,1904.23,2028.53,30618.7,2028.53
2018-06-11,2014.61,2022.03,1952.47,2021.12,14340.1,2021.12
2018-06-12,1997.0,2045.22,1960.82,1997.0,29325.4,1997.0
2018-06-13,2038.73,2054.5,1974.74,2040.59,25013.1,2040.59
2018-06-14,2009.97,2089.74,2008.12,2012.77,27708.5,2012.77
2018-06-15,2017.4,2114.79,1950.61,2099.94,35686.0,2099.94
2018-06-18,2035.03,2048.94,1956.19,2017.4,38380.5,2017.4
2018-06-19,1985.86,2014.61,1936.7,1974.74,32019.8,1974.74
2018-06-20,1974.74,2007.2,1935.77,1982.16,16494.2,1982.16
2018-06-21,1984.01,2019.25,1971.02,2012.77,26413.2,2012.77
2018-06-22,2012.77,2058.22,2000.69,2040.59,36441.0,2040.59
2018-06-25,2060.98,2060.98,1923.71,1945.05,36655.7,1945.05
2018-06-26,1938.55,2023.88,1911.66,1999.77,26090.6,1999.77
2018-06-27,2018.32,2067.48,1975.67,2035.95,24042.3,2035.95
2018-06-28,2034.1,2038.73,1978.44,2031.31,9163.94,2031.31
2018-06-29,2016.48,2088.82,2007.2,2069.34,16063.8,2069.34
2018-07-02,2069.34,2069.34,1958.97,1958.97,11535.8,1958.97
2018-07-03,1928.35,1995.14,1869.92,1893.1,15416.7,1893.1
2018-07-04,1850.45,1884.76,1837.46,1879.19,5605.61,1879.19
2018-07-05,1873.64,1873.64,1812.41,1821.69,14769.5,1821.69
2018-07-06,1821.69,1904.23,1821.69,1874.56,24905.2,1874.56
2018-07-09,1895.89,1920.01,1865.28,1908.87,5822.35,1908.87
2018-07-10,1908.87,1972.88,1900.52,1936.7,10565.0,1936.7
2018-07-11,1924.65,1924.65,1871.78,1888.47,4744.78,1888.47
2018-07-12,1855.08,1907.03,1855.08,1901.46,1616.86,1901.46
2018-07-13,1901.46,1920.94,1876.41,1876.41,4636.93,1876.41
2018-07-17,1922.79,1929.29,1866.21,1895.89,5283.05,1895.89
2018-07-18,1895.89,1929.29,1874.56,1913.51,6469.51,1913.51
2018-07-19,1913.51,1948.76,1901.46,1941.33,5605.61,1941.33
2018-07-20,1941.33,1941.33,1891.26,1930.21,6683.17,1930.21
2018-07-23,1890.32,1936.7,1890.32,1920.01,3126.89,1920.01
2018-07-24,1924.65,1953.39,1893.1,1928.35,3558.33,1928.35
2018-07-25,1955.24,1955.24,1897.75,1917.22,8409.95,1917.22
2018-07-26,1954.32,1954.32,1899.6,1904.23,1832.58,1904.23
2018-07-27,1894.03,1922.79,1894.03,1907.03,4958.45,1907.03
2018-07-30,1893.1,1922.79,1876.41,1885.68,6144.9,1885.68
2018-07-31,1869.92,1994.21,1861.57,1974.74,19730.0,1974.74
2018-08-01,1994.21,1994.21,1938.55,1989.58,11967.2,1989.58
2018-08-02,1943.19,1997.0,1943.19,1954.32,4420.18,1954.32
2018-08-03,1954.32,1954.32,1882.91,1911.66,9488.55,1911.66
2018-08-06,1873.64,1903.31,1873.64,1903.31,8624.64,1903.31
2018-08-07,1893.1,1896.82,1880.12,1881.04,1293.28,1881.04
2018-08-08,1881.04,1907.03,1881.04,1888.47,6360.62,1888.47
2018-08-09,1889.4,1897.75,1889.4,1897.75,2264.02,1897.75
2018-08-10,1898.67,1927.42,1888.47,1888.47,5605.61,1888.47
2018-08-13,1869.0,1881.04,1827.25,1845.81,8517.81,1845.81
2018-08-14,1860.65,1921.86,1860.65,1891.26,4097.63,1891.26
2018-08-15,1770.67,1814.27,1743.77,1743.77,14769.5,1743.77
2018-08-16,1734.49,1752.11,1678.85,1752.11,6791.03,1752.11
2018-08-17,1715.02,1719.66,1692.76,1705.75,4636.93,1705.75
2018-08-20,1674.21,1702.95,1604.64,1641.74,3233.72,1641.74
2018-08-21,1604.64,1613.92,1572.18,1609.28,14340.1,1609.28
2018-08-22,1576.82,1669.57,1554.55,1625.04,6144.9,1625.04
2018-08-23,1610.21,1697.39,1610.21,1678.85,16172.7,1678.85
2018-08-24,1750.26,1779.01,1743.77,1770.67,9918.96,1770.67
2018-08-27,1843.03,1843.03,1731.72,1803.14,6683.17,1803.14
2018-08-28,1766.03,1845.81,1731.72,1736.35,6144.9,1736.35
2018-08-29,1744.7,1780.87,1690.91,1779.94,12075.1,1779.94
2018-08-30,1761.39,1771.59,1692.76,1734.49,21346.9,1734.49
2018-08-31,1747.49,1770.67,1706.67,1762.33,23287.3,1762.33
2018-09-03,1751.19,1751.19,1695.55,1695.55,3989.77,1695.55
2018-09-04,1696.47,1698.32,1655.66,1675.13,5605.61,1675.13
2018-09-05,1675.13,1675.13,1655.66,1660.29,1616.86,1660.29
2018-09-06,1655.66,1665.85,1619.48,1661.22,8409.95,1661.22
2018-09-07,1624.12,1628.75,1557.35,1607.42,7007.78,1607.42
2018-09-10,1577.74,1594.45,1565.68,1594.45,5930.21,1594.45
2018-09-11,1574.02,1600.93,1560.11,1561.98,9379.66,1561.98
2018-09-12,1578.67,1578.67,1506.32,1563.83,15308.8,1563.83
2018-09-13,1549.92,1598.15,1530.44,1585.17,12829.1,1585.17
2018-09-14,1563.83,1618.56,1513.75,1617.63,26952.5,1617.63
2018-09-18,1587.02,1669.57,1565.68,1669.57,16387.4,1669.57
2018-09-19,1669.57,1691.84,1609.28,1651.02,37949.0,1651.02
2018-09-20,1652.88,1652.88,1600.93,1611.13,14340.1,1611.13
2018-09-21,1597.21,1633.4,1589.8,1620.4,11967.2,1620.4
2018-09-25,1612.06,1645.46,1597.21,1611.13,22424.4,1611.13
2018-09-26,1617.69,1661.62,1598.97,1644.8,28767.6,1644.8
2018-09-27,1619.54,1633.57,1558.77,1561.57,19570.8,1561.57
2018-09-28,1562.51,1635.44,1562.51,1609.26,20960.6,1609.26
2018-10-01,1623.29,1623.29,1544.74,1550.35,28447.1,1550.35
2018-10-02,1582.15,1582.15,1513.89,1527.91,20853.8,1527.91
2018-10-03,1515.76,1515.76,1458.72,1480.23,26949.4,1480.23
2018-10-04,1482.1,1495.19,1460.59,1470.87,11335.5,1470.87
2018-10-05,1463.4,1468.08,1428.8,1454.05,16683.2,1454.05
2018-10-09,1423.19,1423.19,1370.82,1393.27,48980.5,1393.27
2018-10-10,1402.61,1425.06,1392.32,1397.01,17752.6,1397.01
2018-10-11,1367.08,1439.09,1360.54,1429.73,37430.3,1429.73
2018-10-12,1429.73,1484.9,1429.73,1473.69,13903.6,1473.69
2018-10-15,1504.55,1511.09,1448.43,1454.99,11120.8,1454.99
2018-10-16,1417.58,1503.61,1417.58,1496.13,14329.9,1496.13
2018-10-17,1518.57,1535.39,1487.71,1535.39,11549.1,1535.39
2018-10-18,1532.59,1533.53,1492.39,1512.96,8021.66,1512.96
2018-10-19,1510.15,1510.15,1483.04,1510.15,3314.88,1510.15
2018-10-22,1492.39,1507.35,1452.17,1507.35,14758.2,1507.35
2018-10-23,1497.06,1500.8,1454.05,1457.79,5134.11,1457.79
2018-10-24,1450.3,1454.05,1407.29,1422.25,14329.9,1422.25
2018-10-25,1459.66,1459.66,1403.56,1414.77,18287.8,1414.77
2018-10-26,1368.02,1469.94,1368.02,1435.34,33152.9,1435.34
2018-10-29,1416.64,1485.84,1130.5,1192.21,70476.4,1192.21
2018-10-30,1164.17,1312.85,1164.17,1254.88,10266.1,1254.88
2018-10-31,1254.88,1364.28,1254.88,1316.59,23956.1,1316.59
2018-11-01,1400.74,1408.23,1353.06,1380.17,12618.5,1380.17
2018-11-02,1406.35,1440.02,1384.85,1421.31,11977.5,1421.31
2018-11-05,1444.7,1461.53,1417.58,1435.34,25131.2,1435.34
2018-11-06,1427.86,1460.59,1407.29,1442.83,10052.5,1442.83
2018-11-07,1433.48,1449.37,1397.01,1421.31,12939.0,1421.31
2018-11-08,1458.72,1458.72,1386.72,1400.74,33046.0,1400.74
2018-11-09,1402.61,1459.66,1382.99,1442.83,13368.4,1442.83
2018-11-12,1442.83,1442.83,1385.78,1421.31,10266.1,1421.31
2018-11-13,1402.61,1421.31,1314.72,1368.96,10908.1,1368.96
2018-11-14,1340.9,1426.92,1315.65,1424.13,49087.3,1424.13
2018-11-15,1445.63,1445.63,1348.39,1428.8,54540.9,1428.8
2018-11-16,1391.39,1486.77,1380.17,1437.21,25986.9,1437.21
2018-11-19,1399.81,1440.96,1399.81,1438.15,6096.62,1438.15
2018-11-20,1400.74,1439.09,1349.31,1423.19,19677.6,1423.19
2018-11-21,1402.61,1422.25,1339.03,1405.42,26842.6,1405.42
2018-11-22,1405.42,1405.42,1366.15,1385.78,6844.45,1385.78
2018-11-26,1484.9,1485.84,1411.97,1430.67,4813.61,1430.67
2018-11-27,1468.08,1468.08,1402.61,1424.13,28980.3,1424.13
2018-11-28,1444.7,1459.66,1417.58,1423.19,11015.0,1423.19
2018-11-29,1425.06,1485.84,1418.52,1479.29,8021.66,1479.29
2018-11-30,1516.7,1538.2,1484.9,1524.17,19784.5,1524.17
2018-12-03,1487.71,1583.09,1487.71,1545.68,16469.6,1545.68
2018-12-04,1579.34,1579.34,1505.47,1560.64,19891.3,1560.64
2018-12-05,1485.84,1559.7,1485.84,1548.48,26522.1,1548.48
2018-12-06,1560.64,1560.64,1483.04,1483.04,14971.9,1483.04
2018-12-07,1445.63,1510.15,1445.63,1487.71,24383.4,1487.71
2018-12-10,1467.14,1483.97,1411.97,1445.63,20318.6,1445.63
2018-12-11,1408.23,1501.73,1408.23,1438.15,21816.3,1438.15
2018-12-12,1452.17,1487.71,1452.17,1469.01,3742.21,1469.01
2018-12-13,1469.01,1515.76,1455.91,1477.43,22458.3,1477.43
2018-12-14,1552.23,1552.23,1453.12,1462.46,13154.7,1462.46
2018-12-17,1387.65,1471.81,1387.65,1443.76,16469.6,1443.76
2018-12-18,1368.96,1397.01,1351.18,1372.69,13903.6,1372.69
2018-12-19,1345.58,1361.47,1249.26,1254.88,12084.3,1254.88
2018-12-20,1255.81,1255.81,1109.0,1128.63,13903.6,1128.63
2018-12-21,1184.75,1188.48,1036.06,1100.58,25986.9,1100.58
2018-12-25,1128.63,1128.63,1043.54,1057.57,33687.0,1057.57
2018-12-26,1057.57,1104.33,1057.57,1060.38,13688.9,1060.38
2018-12-27,1088.43,1118.34,1061.32,1088.43,14329.9,1088.43
2018-12-28,1060.38,1066.92,1028.58,1038.87,14865.0,1038.87
2019-01-04,1066.92,1066.92,979.963,1020.18,9089.98,1020.18
2019-01-07,1048.22,1079.08,1048.22,1056.64,13154.7,1056.64
2019-01-08,1033.26,1095.91,1033.26,1077.21,7913.8,1077.21
2019-01-09,1065.99,1075.35,1063.19,1068.79,4277.39,1068.79
2019-01-10,1065.99,1072.53,1024.85,1058.5,8341.13,1058.5
2019-01-11,1039.81,1069.74,1028.58,1038.87,6951.28,1038.87
2019-01-15,1045.42,1069.74,1035.14,1036.06,2352.36,1036.06
2019-01-16,1041.68,1056.64,1036.06,1051.96,3955.87,1051.96
2019-01-17,1067.86,1101.51,1064.12,1084.7,7164.95,1084.7
2019-01-18,1088.43,1114.61,1079.08,1098.72,4492.09,1098.72
2019-01-21,1103.38,1103.38,1075.35,1091.23,5239.91,1091.23
2019-01-22,1080.02,1080.02,1034.21,1051.96,5561.44,1051.96
2019-01-23,1048.22,1070.67,1048.22,1053.83,1604.53,1053.83
2019-01-24,1054.78,1066.92,1054.78,1060.38,2245.53,1060.38
2019-01-25,1163.23,1163.23,1037.93,1037.93,15720.7,1037.93
2019-01-28,1037.93,1065.99,995.86,995.86,19249.3,995.86
2019-01-29,1009.89,1009.89,953.776,971.542,19035.6,971.542
2019-01-30,965.935,984.645,960.327,978.093,2994.38,978.093
2019-01-31,978.093,979.963,967.804,979.963,2779.69,979.963
2019-02-01,982.766,982.766,961.262,963.131,1389.84,963.131
2019-02-04,960.327,983.701,954.72,969.683,16683.2,969.683
2019-02-05,981.832,993.046,965.935,966.869,3314.88,966.869
2019-02-06,966.869,969.683,949.103,953.776,8983.15,953.776
2019-02-07,962.196,962.196,916.374,919.178,8021.66,919.178
2019-02-08,975.29,975.29,907.029,921.057,9625.17,921.057
2019-02-12,980.897,980.897,922.916,925.73,11120.8,925.73
2019-02-13,955.655,1028.58,951.907,977.159,47589.6,977.159
2019-02-14,990.252,1011.76,965.0,990.252,41922.4,990.252
2019-02-15,979.018,1022.97,968.738,993.046,28447.1,993.046
2019-02-18,993.981,1039.81,988.374,1020.18,17217.4,1020.18
2019-02-19,1016.43,1056.64,1000.53,1025.78,23527.7,1025.78
2019-02-20,1026.72,1092.17,1023.91,1073.47,20211.8,1073.47
2019-02-21,1045.42,1065.99,1028.58,1032.33,28767.6,1032.33
2019-02-22,1029.52,1045.42,1010.82,1030.46,21389.0,1030.46
2019-02-25,1028.58,1062.25,1023.91,1058.5,22993.5,1058.5
2019-02-26,1049.17,1059.45,1037.0,1039.81,7700.13,1039.81
2019-02-27,1033.26,1075.35,1032.33,1054.78,27056.2,1054.78
2019-02-28,1033.26,1064.12,1032.33,1046.35,25986.9,1046.35
2019-03-01,1046.35,1101.51,1039.81,1089.36,31014.2,1089.36
2019-03-04,1089.36,1260.48,1089.36,1260.48,46520.3,1260.48
2019-03-05,1288.54,1339.97,1222.14,1330.61,58392.0,1330.61
2019-03-06,1311.91,1370.82,1311.91,1320.32,17645.8,1320.32
2019-03-07,1334.35,1385.78,1322.19,1370.82,38713.3,1370.82
2019-03-08,1370.82,1371.75,1292.27,1329.68,23420.9,1329.68
2019-03-11,1332.48,1333.43,1266.09,1271.7,7806.97,1271.7
2019-03-12,1327.8,1327.8,1261.42,1282.92,5454.6,1282.92
2019-03-13,1310.98,1310.98,1202.5,1216.53,10159.3,1216.53
2019-03-14,1272.63,1272.63,1188.48,1224.95,11442.3,1224.95
2019-03-15,1224.95,1225.89,1188.48,1188.48,3101.21,1188.48
2019-03-18,1188.48,1217.46,1187.54,1192.21,5988.76,1192.21
2019-03-19,1209.99,1242.71,1195.03,1229.62,2779.69,1229.62
2019-03-20,1233.37,1285.73,1223.07,1285.73,9625.17,1285.73
2019-03-22,1304.44,1304.44,1247.39,1299.75,14544.5,1299.75
2019-03-25,1327.8,1327.8,1267.02,1281.99,6951.28,1281.99
2019-03-26,1281.99,1309.11,1271.7,1309.11,8662.65,1309.11
2019-03-27,1281.05,1344.64,1281.05,1336.22,8128.49,1336.22
2019-03-28,1280.12,1336.22,1280.12,1312.85,4492.09,1312.85
2019-03-29,1346.51,1379.24,1319.4,1379.24,14971.9,1379.24
2019-04-01,1373.63,1383.92,1355.86,1377.36,7058.11,1377.36
2019-04-02,1383.92,1383.92,1359.6,1367.08,2887.55,1367.08
2019-04-03,1367.08,1421.31,1367.08,1415.71,12404.8,1415.71
2019-04-04,1439.09,1440.02,1376.44,1384.85,5881.93,1384.85
2019-04-05,1384.85,1384.85,1341.83,1356.79,6523.95,1356.79
2019-04-08,1372.69,1395.14,1366.15,1376.44,7058.11,1376.44
2019-04-09,1351.18,1393.27,1351.18,1368.96,11335.5,1368.96
2019-04-10,1386.72,1439.09,1385.78,1438.15,22779.9,1438.15
2019-04-11,1426.0,1481.16,1424.13,1481.16,8234.3,1481.16
2019-04-12,1436.28,1462.46,1382.99,1426.92,9304.67,1426.92
2019-04-15,1411.97,1458.72,1411.97,1436.28,7806.97,1436.28
2019-04-16,1422.25,1454.05,1421.31,1447.5,17752.6,1447.5
2019-04-17,1447.5,1454.05,1426.92,1433.48,5775.1,1433.48
2019-04-18,1477.43,1478.36,1441.88,1441.88,4277.39,1441.88
2019-04-19,1440.96,1496.13,1405.42,1417.58,14544.5,1417.58
2019-04-22,1399.81,1454.05,1393.27,1405.42,16255.9,1405.42
2019-04-23,1409.16,1454.05,1394.2,1440.02,12832.1,1440.02
2019-04-24,1454.99,1525.11,1437.21,1495.19,17324.2,1495.19
2019-04-25,1478.36,1511.09,1452.17,1459.66,26842.6,1459.66
2019-04-26,1472.75,1472.75,1423.19,1461.53,8554.79,1461.53
2019-05-07,1424.13,1461.53,1420.38,1420.38,4598.92,1420.38
2019-05-08,1428.8,1437.21,1339.97,1380.17,6630.78,1380.17
2019-05-09,1352.12,1376.44,1295.08,1301.62,16897.9,1301.62
2019-05-10,1355.86,1355.86,1253.0,1288.54,13154.7,1288.54
2019-05-13,1232.43,1280.12,1220.28,1244.59,6310.29,1244.59
2019-05-14,1271.7,1393.27,1271.7,1393.27,40958.8,1393.27
2019-05-15,1421.31,1443.76,1328.74,1394.2,25881.1,1394.2
2019-05-16,1402.61,1402.61,1305.37,1305.37,18714.1,1305.37
2019-05-17,1290.41,1321.26,1240.85,1278.25,56144.4,1278.25
2019-05-20,1285.73,1348.39,1266.09,1348.39,24169.7,1348.39
2019-05-21,1361.47,1361.47,1301.62,1334.35,14116.2,1334.35
2019-05-22,1310.98,1322.19,1271.7,1317.52,14329.9,1317.52
2019-05-23,1302.56,1318.46,1292.27,1296.02,9089.98,1296.02
2019-05-24,1309.11,1363.34,1287.59,1290.41,27270.9,1290.41
2019-05-27,1374.57,1374.57,1315.65,1353.06,22779.9,1353.06
2019-05-28,1325.01,1336.22,1299.75,1322.19,12939.0,1322.19
2019-05-29,1296.95,1300.69,1276.38,1281.05,10587.6,1281.05
2019-05-30,1267.02,1292.27,1234.31,1256.74,14223.0,1256.74
2019-05-31,1258.61,1289.47,1226.82,1282.92,17110.6,1282.92
2019-06-03,1303.5,1310.04,1245.52,1280.12,25131.2,1280.12
2019-06-04,1252.06,1280.12,1250.19,1276.38,4385.25,1276.38
2019-06-05,1304.44,1316.59,1271.7,1282.92,14010.4,1282.92
2019-06-06,1304.44,1314.72,1276.38,1276.38,9518.34,1276.38
2019-06-07,1304.44,1316.59,1256.74,1277.31,17645.8,1277.31
2019-06-10,1277.31,1302.56,1277.31,1290.41,6523.95,1290.41
2019-06-11,1307.23,1309.11,1281.05,1283.87,18928.8,1283.87
2019-06-12,1282.92,1333.43,1281.05,1303.5,20532.3,1303.5
2019-06-13,1294.15,1317.52,1282.92,1302.56,13796.7,1302.56
2019-06-14,1326.88,1336.22,1298.82,1298.82,16790.1,1298.82
2019-06-17,1291.34,1315.65,1291.34,1299.75,2031.86,1299.75
2019-06-18,1303.5,1303.5,1255.81,1279.18,7806.97,1279.18
2019-06-19,1279.18,1304.44,1276.38,1292.27,10694.5,1292.27
2019-06-20,1320.32,1324.07,1263.29,1268.9,7271.78,1268.9
2019-06-21,1295.08,1296.02,1255.81,1290.41,7379.64,1290.41
2019-06-24,1313.78,1317.52,1270.76,1317.52,8554.79,1317.52
2019-06-25,1321.26,1355.86,1290.41,1313.78,24169.7,1313.78
2019-06-26,1285.73,1313.78,1254.88,1313.78,13475.2,1313.78
2019-06-27,1292.27,1301.62,1274.51,1292.27,8021.66,1292.27
2019-06-28,1320.32,1320.32,1295.08,1304.44,2245.53,1304.44
2019-07-01,1325.01,1375.5,1318.46,1375.5,10587.6,1375.5
2019-07-02,1348.39,1428.8,1348.39,1411.03,14329.9,1411.03
2019-07-03,1377.36,1397.01,1377.36,1397.01,428.356,1397.01
2019-07-04,1372.69,1403.56,1370.82,1374.57,9411.5,1374.57
2019-07-05,1402.61,1416.64,1346.51,1350.25,5561.44,1350.25
2019-07-08,1378.3,1391.39,1328.74,1369.88,7593.3,1369.88
2019-07-09,1397.95,1397.95,1337.16,1382.99,4705.75,1382.99
2019-07-10,1356.79,1401.68,1356.79,1401.68,2245.53,1401.68
2019-07-11,1388.59,1444.7,1383.92,1444.7,9304.67,1444.7
2019-07-12,1449.37,1450.3,1411.97,1444.7,9837.81,1444.7
2019-07-16,1403.56,1469.94,1403.56,1461.53,4385.25,1461.53
2019-07-17,1485.84,1485.84,1423.19,1468.08,6523.95,1468.08
2019-07-18,1484.9,1484.9,1418.52,1424.13,5454.6,1424.13
2019-07-19,1426.0,1446.57,1421.31,1425.06,2887.55,1425.06
2019-07-22,1414.77,1443.76,1411.97,1440.02,1711.37,1440.02
2019-07-23,1452.17,1452.17,1438.15,1449.37,3529.57,1449.37
2019-07-24,1449.37,1463.4,1449.37,1463.4,10266.1,1463.4
2019-07-25,1462.46,1462.46,1448.43,1449.37,13796.7,1449.37
2019-07-26,1421.31,1444.7,1421.31,1441.88,1711.37,1441.88
2019-07-29,1445.63,1445.63,1430.67,1440.02,3636.4,1440.02
2019-07-30,1472.75,1491.44,1462.46,1491.44,24597.0,1491.44
2019-07-31,1465.27,1471.81,1465.27,1471.81,747.825,1471.81
2019-08-01,1467.14,1494.26,1467.14,1490.52,7593.3,1490.52
2019-08-02,1457.79,1460.59,1457.79,1460.59,428.356,1460.59
2019-08-05,1479.29,1479.29,1426.92,1433.48,4598.92,1433.48
2019-08-06,1412.9,1430.67,1403.56,1414.77,7700.13,1414.77
2019-08-07,1441.88,1441.88,1441.88,1441.88,854.657,1441.88
2019-08-08,1426.92,1451.24,1426.92,1450.3,5134.11,1450.3
2019-08-09,1453.12,1454.99,1367.08,1427.86,19570.8,1427.86
2019-08-13,1423.19,1477.43,1423.19,1428.8,27164.1,1428.8
2019-08-14,1466.2,1481.16,1373.63,1394.2,20211.8,1394.2
2019-08-15,1353.06,1366.15,1325.94,1328.74,6630.78,1328.74
2019-08-16,1380.17,1380.17,1270.76,1278.25,7058.11,1278.25
2019-08-19,1271.7,1316.59,1260.48,1260.48,6844.45,1260.48
2019-08-20,1260.48,1281.05,1258.61,1281.05,1389.84,1281.05
2019-08-21,1289.47,1290.41,1282.92,1286.66,1604.53,1286.66
2019-08-22,1287.59,1304.44,1287.59,1295.08,3955.87,1295.08
2019-08-23,1299.75,1303.5,1299.75,1303.5,1069.34,1303.5
2019-08-26,1317.52,1333.43,1263.29,1273.58,8554.79,1273.58
2019-08-27,1282.92,1309.11,1260.48,1265.16,3314.88,1265.16
2019-08-28,1309.11,1310.04,1283.87,1309.11,4170.56,1309.11
2019-08-29,1308.17,1308.17,1308.17,1308.17,106.832,1308.17
2019-08-30,1324.07,1324.07,1285.73,1310.98,1389.84,1310.98
2019-09-02,1325.01,1325.01,1295.08,1296.02,4385.25,1296.02
2019-09-03,1324.07,1339.03,1322.19,1338.1,5775.1,1338.1
2019-09-04,1348.39,1373.63,1337.16,1373.63,2566.02,1373.63
2019-09-05,1373.63,1373.63,1361.47,1361.47,535.188,1361.47
2019-09-06,1360.54,1360.54,1346.51,1346.51,747.825,1346.51
2019-09-09,1350.25,1397.95,1350.25,1368.02,6844.45,1368.02
2019-09-10,1379.24,1390.46,1376.44,1376.44,1176.18,1376.44
2019-09-11,1376.44,1411.97,1376.44,1405.42,8662.65,1405.42
2019-09-12,1404.49,1415.71,1403.56,1405.42,2245.53,1405.42
2019-09-13,1407.29,1407.29,1375.5,1375.5,8447.96,1375.5
2019-09-17,1384.85,1384.85,1357.72,1357.72,535.188,1357.72
2019-09-18,1355.86,1368.02,1291.34,1293.21,1711.37,1293.21
2019-09-19,1310.04,1310.04,1293.21,1293.21,4062.7,1293.21
2019-09-20,1285.73,1292.27,1285.73,1291.34,3742.21,1291.34
2019-09-24,1290.41,1317.52,1267.96,1316.59,3636.4,1316.59
2019-09-25,1326.88,1326.88,1268.9,1279.18,4920.44,1279.18
2019-09-26,1281.99,1310.04,1281.99,1306.3,5239.91,1306.3
2019-09-27,1294.96,1304.42,1284.58,1286.47,1376.49,1286.47
2019-09-30,1286.47,1294.96,1242.07,1260.96,3705.22,1260.96
2019-10-01,1256.24,1277.97,1256.24,1260.02,2858.78,1260.02
2019-10-02,1260.02,1280.8,1257.18,1257.18,3176.2,1257.18
2019-10-03,1257.18,1257.18,1225.08,1230.74,7940.51,1230.74
2019-10-04,1227.9,1231.69,1187.29,1205.24,5504.94,1205.24
2019-10-07,1205.24,1217.51,1184.45,1212.79,4446.89,1212.79
2019-10-08,1218.46,1247.74,1218.46,1221.29,5081.72,1221.29
2019-10-09,1192.96,1226.02,1192.96,1219.41,9634.41,1219.41
2019-10-10,1174.06,1200.51,1173.12,1180.68,14081.3,1180.68
2019-10-11,1181.62,1199.57,1177.84,1177.84,1059.07,1177.84
2019-10-15,1227.9,1227.9,1181.62,1184.45,7727.87,1184.45
2019-10-16,1183.51,1194.84,1180.68,1180.68,2858.78,1180.68
2019-10-17,1181.62,1190.12,1180.68,1188.23,15245.1,1188.23
2019-10-18,1192.02,1201.45,1192.02,1193.9,2117.12,1193.9
2019-10-21,1199.57,1199.57,1194.84,1194.84,1376.49,1194.84
2019-10-23,1202.4,1213.74,1199.57,1204.29,3917.86,1204.29
2019-10-24,1205.24,1224.12,1205.24,1209.96,2222.93,1209.96
2019-10-25,1202.4,1213.74,1194.84,1200.51,5504.94,1200.51
2019-10-28,1206.18,1216.57,1206.18,1212.79,952.245,1212.79
2019-10-29,1212.79,1227.9,1206.18,1223.18,8152.12,1223.18
2019-10-30,1214.68,1227.9,1211.85,1226.02,4023.67,1226.02
2019-10-31,1223.18,1237.35,1223.18,1227.9,4234.25,1227.9
2019-11-01,1227.9,1255.29,1223.18,1227.9,4446.89,1227.9
2019-11-05,1283.63,1283.63,1243.02,1260.02,1905.51,1260.02
2019-11-06,1275.13,1275.13,1209.01,1266.63,13128.0,1266.63
2019-11-07,1262.85,1262.85,1228.84,1228.84,8576.36,1228.84
2019-11-08,1210.9,1246.8,1210.9,1220.35,4234.25,1220.35
2019-11-11,1262.85,1273.24,1231.69,1272.3,4446.89,1272.3
2019-11-12,1275.13,1290.24,1233.57,1242.07,30067.1,1242.07
2019-11-13,1050.33,1198.63,1005.94,1142.9,99306.7,1142.9
2019-11-14,1127.78,1128.72,1067.33,1080.56,17469.1,1080.56
2019-11-15,1072.05,1089.05,1065.44,1068.28,13551.2,1068.28
2019-11-18,1083.39,1134.39,1065.44,1090.95,13339.6,1090.95
2019-11-19,1103.23,1112.67,1078.66,1087.17,6140.79,1087.17
2019-11-20,1087.17,1088.11,1057.89,1066.39,5504.94,1066.39
2019-11-21,1057.89,1073.95,1057.89,1071.11,1270.68,1071.11
2019-11-22,1072.05,1086.23,1071.11,1086.23,2752.98,1086.23
2019-11-25,1142.9,1142.9,1075.83,1098.5,11857.3,1098.5
2019-11-26,1089.05,1108.89,1076.78,1077.72,5188.55,1077.72
2019-11-27,1079.62,1092.84,1067.33,1067.33,3599.42,1067.33
2019-11-28,1068.28,1083.39,1068.28,1074.89,1059.07,1074.89
2019-11-29,1058.83,1086.23,1058.83,1070.17,4128.44,1070.17
2019-12-02,1070.17,1079.62,1062.6,1064.5,2647.17,1064.5
2019-12-03,1080.56,1080.56,1065.44,1072.05,1693.9,1072.05
2019-12-04,1049.38,1076.78,1049.38,1076.78,2752.98,1076.78
2019-12-05,1067.33,1067.33,1062.6,1062.6,1270.68,1062.6
2019-12-06,1064.5,1067.33,1060.72,1060.72,2011.32,1060.72
2019-12-09,1058.83,1061.66,1058.83,1061.66,424.247,1061.66
2019-12-10,1057.89,1094.72,1057.89,1081.5,1799.71,1081.5
2019-12-11,1090.95,1090.95,1084.33,1084.33,4234.25,1084.33
2019-12-12,1084.33,1084.33,1072.05,1072.05,740.635,1072.05
2019-12-13,1072.05,1090.95,1072.05,1078.66,2117.12,1078.66
2019-12-16,1074.89,1085.28,1059.78,1063.56,5293.33,1063.56
2019-12-17,1064.5,1073.0,1064.5,1073.0,2011.32,1073.0
2019-12-18,1073.0,1073.0,1058.83,1058.83,1376.49,1058.83
2019-12-19,1055.99,1058.83,1048.44,1052.22,4128.44,1052.22
2019-12-20,1052.22,1056.94,1049.38,1049.38,2328.73,1049.38
2019-12-23,1050.33,1064.5,1045.6,1048.44,13022.2,1048.44
2019-12-24,1048.44,1055.99,1038.99,1041.83,9104.36,1041.83
2019-12-25,1045.6,1050.33,1035.22,1035.22,8257.92,1035.22
2019-12-26,1027.66,1043.72,1012.55,1021.05,3493.61,1021.05
2019-12-27,1024.83,1030.5,1020.11,1030.5,5188.55,1030.5
2019-12-30,1034.27,1034.27,1015.38,1015.38,2858.78,1015.38
2020-01-06,1015.38,1015.38,995.538,995.538,4975.91,995.538
2020-01-07,996.492,1001.21,985.161,995.538,2541.37,995.538
2020-01-08,995.538,1001.21,972.876,972.876,3812.06,972.876
2020-01-09,982.318,982.318,982.318,982.318,740.635,982.318
2020-01-10,1010.66,1010.66,981.384,992.715,3812.06,992.715
2020-01-14,988.928,988.928,967.21,972.876,2752.98,972.876
2020-01-15,972.876,981.384,972.876,974.774,1164.88,974.774
2020-01-16,972.876,1008.77,972.876,1008.77,3070.39,1008.77
2020-01-17,1009.71,1015.38,1001.21,1010.66,13339.6,1010.66
2020-01-20,1022.93,1028.6,1019.16,1020.11,9740.22,1020.11
2020-01-21,1018.22,1026.72,1009.71,1017.27,7305.68,1017.27
2020-01-22,1017.27,1023.89,1010.66,1011.6,2011.32,1011.6
2020-01-23,1021.05,1021.05,991.771,1007.83,5081.72,1007.83
2020-01-24,1010.66,1023.89,1010.66,1023.89,3493.61,1023.89
2020-01-27,1137.23,1137.23,1057.89,1057.89,22550.8,1057.89
2020-01-28,1029.55,1066.39,1029.55,1059.78,4446.89,1059.78
2020-01-29,1088.11,1088.11,1067.33,1082.44,7093.04,1082.44
2020-01-30,1086.23,1086.23,1053.17,1073.95,8892.75,1073.95
2020-01-31,1056.94,1082.44,1056.94,1078.66,2435.56,1078.66
2020-02-03,1084.33,1084.33,1048.44,1080.56,7517.29,1080.56
2020-02-04,1080.56,1085.28,1042.77,1085.28,2222.93,1085.28
2020-02-05,1056.94,1080.56,1056.94,1074.89,5823.38,1074.89
2020-02-06,1085.28,1085.28,1070.17,1083.39,846.44,1083.39
2020-02-07,1076.78,1077.72,1064.5,1068.28,952.245,1068.28
2020-02-10,1081.5,1090.95,1056.94,1090.0,8576.36,1090.0
2020-02-12,1093.78,1109.84,1067.33,1089.05,10269.2,1089.05
2020-02-13,1060.72,1080.56,1060.72,1066.39,3070.39,1066.39
2020-02-14,1053.17,1105.11,1053.17,1058.83,2435.56,1058.83
2020-02-17,1052.22,1052.22,1011.6,1038.99,3917.86,1038.99
2020-02-18,1038.99,1052.22,1021.99,1052.22,6881.43,1052.22
2020-02-19,1055.99,1055.99,1029.55,1029.55,952.245,1029.55
2020-02-20,1038.99,1045.6,1035.22,1045.6,1270.68,1045.6
2020-02-21,1040.89,1056.94,1040.89,1056.94,846.44,1056.94
2020-02-25,974.774,1059.78,974.774,1001.21,5716.55,1001.21
2020-02-26,979.495,981.384,979.495,981.384,1164.88,981.384
2020-02-27,1033.33,1033.33,972.876,972.876,952.245,972.876
2020-02-28,887.871,917.143,868.041,868.041,7093.04,868.041
2020-03-02,827.417,885.038,827.417,885.038,4234.25,885.038
2020-03-03,885.038,902.045,854.811,869.919,1588.1,869.919
2020-03-04,869.919,869.919,837.804,837.804,8046.31,837.804
2020-03-05,851.034,856.699,823.64,823.64,2011.32,823.64
2020-03-06,830.25,830.25,783.026,783.026,2117.12,783.026
2020-03-09,754.688,754.688,724.461,752.799,4023.67,752.799
2020-03-10,698.955,713.129,678.181,712.185,17363.3,712.185
2020-03-11,708.408,734.858,691.401,691.401,12599.0,691.401
2020-03-12,679.125,679.125,642.288,646.066,12810.6,646.066
2020-03-13,623.403,623.403,566.726,591.287,13657.0,591.287
2020-03-16,591.287,658.341,587.501,658.341,4234.25,658.341
2020-03-17,646.066,647.954,629.069,640.4,4870.11,640.4
2020-03-18,651.731,696.132,651.731,661.184,4764.3,661.184
2020-03-19,665.896,672.515,642.288,666.85,3812.06,666.85
2020-03-23,661.184,661.184,651.731,661.184,1693.9,661.184
2020-03-24,703.686,703.686,682.902,693.29,2117.12,693.29
2020-03-25,753.743,753.743,720.684,726.349,6140.79,726.349
2020-03-26,702.742,702.742,682.902,694.234,3812.06,694.234
2020-03-27,681.014,697.076,680.07,680.07,740.635,680.07
2020-03-30,670.627,670.627,609.229,628.124,3176.2,628.124
2020-03-31,642.288,647.954,637.567,638.502,3176.2,638.502
2020-04-01,638.502,657.407,636.623,636.623,2117.12,636.623
2020-04-02,617.737,646.066,617.737,628.124,3416894.0,628.124
2020-04-03,609.229,609.229,591.287,591.287,2117.12,591.287
2020-04-06,591.287,593.166,577.113,593.166,4552.69,593.166
2020-04-07,602.619,629.069,598.832,628.124,4446.89,628.124
2020-04-08,622.459,635.678,622.459,635.678,4023.67,635.678
2020-04-09,644.177,683.856,631.892,660.23,2011.32,660.23
2020-04-10,664.017,702.742,664.017,696.132,4870.11,696.132
2020-04-13,738.625,754.688,727.294,751.855,2011.32,751.855
2020-04-14,755.632,783.97,755.632,777.35,7517.29,777.35
2020-04-15,764.13,764.13,733.913,749.966,3493.61,749.966
2020-04-16,735.802,748.078,723.526,733.913,1588.1,733.913
2020-04-17,733.913,756.586,733.913,756.586,634.83,756.586
2020-04-20,756.586,776.416,756.586,776.416,171829.0,776.416
2020-04-21,779.249,779.249,752.799,753.743,1905.51,753.743
2020-04-22,895.435,895.435,895.435,895.435,7517.29,895.435
2020-04-23,1037.11,1037.11,1037.11,1037.11,4870.11,1037.11
2020-04-24,1112.67,1204.29,977.597,1057.89,222330.0,1057.89
2020-04-27,1133.45,1133.45,984.207,984.207,35890.4,984.207
2020-04-28,1040.89,1047.5,953.99,964.377,23291.4,964.377
2020-04-30,992.715,1029.55,992.715,1010.66,13445.4,1010.66
2020-05-01,1020.11,1020.11,950.203,950.203,12704.8,950.203
2020-05-07,939.816,1019.16,926.596,953.046,10905.1,953.046
2020-05-08,924.707,955.869,924.707,944.537,14398.7,944.537
2020-05-11,959.656,988.928,945.482,975.708,3387.81,975.708
2020-05-12,975.708,1019.16,967.21,1019.16,6775.62,1019.16
2020-05-13,990.827,990.827,922.809,931.317,14927.7,931.317
2020-05-14,902.979,917.143,865.198,865.198,4975.91,865.198
2020-05-15,866.142,889.759,848.201,852.922,3917.86,852.922
2020-05-18,850.08,865.198,850.08,855.755,2011.32,855.755
2020-05-19,884.084,891.648,871.808,891.648,1588.1,891.648
2020-05-20,891.648,954.934,891.648,949.259,6881.43,949.259
2020-05-21,975.708,975.708,928.484,961.544,4023.67,961.544
2020-05-22,971.931,973.83,935.104,951.157,5929.18,951.157
2020-05-25,991.771,991.771,935.104,965.321,8576.36,965.321
2020-05-26,951.157,972.876,951.157,965.321,3493.61,965.321
2020-05-27,959.656,974.774,950.203,968.164,1799.71,968.164
2020-05-28,963.433,963.433,923.763,939.816,4139678.0,939.816
2020-05-29,920.93,947.38,920.93,946.436,740.635,946.436
2020-06-01,951.157,957.767,932.262,955.869,2752.98,955.869
2020-06-02,958.711,972.876,953.99,953.99,2752.98,953.99
2020-06-03,972.876,972.876,946.436,946.436,211.61,946.436
2020-06-04,944.537,963.433,925.652,944.537,5188.55,944.537
2020-06-05,967.21,967.21,935.104,935.104,3387.81,935.104
2020-06-08,935.104,947.38,934.15,947.38,634.83,947.38
2020-06-09,950.203,961.544,948.324,948.324,2963.56,948.324
2020-06-10,991.771,1010.66,965.321,996.492,13339.6,996.492
2020-06-11,987.994,1018.22,987.994,1000.27,5929.18,1000.27
2020-06-12,1012.55,1020.11,953.99,1020.11,11222.5,1020.11
2020-06-15,1026.72,1061.66,963.433,970.043,16728.4,970.043
2020-06-16,970.987,1049.38,970.987,1045.6,10587.6,1045.6
2020-06-17,1043.72,1057.89,1028.6,1043.72,8257.92,1043.72
2020-06-18,1056.94,1094.72,1038.99,1081.5,14927.7,1081.5
2020-06-19,1090.0,1092.84,1072.05,1078.66,2011.32,1078.66
2020-06-22,1092.84,1128.72,1078.66,1109.84,14503.5,1109.84
2020-06-23,1133.45,1151.39,1113.62,1145.73,12492.1,1145.73
2020-06-24,1158.01,1160.84,1126.84,1132.51,8469.53,1132.51
2020-06-25,1141.95,1159.9,1133.45,1150.45,6458.21,1150.45
2020-06-26,1159.9,1160.84,1133.45,1155.17,5823.38,1155.17
2020-06-29,1175.96,1192.02,1068.28,1143.84,15139.3,1143.84
2020-06-30,1171.23,1171.23,1092.84,1121.17,9211.19,1121.17
2020-07-01,1106.06,1119.29,1057.89,1066.39,5188.55,1066.39
2020-07-02,1094.72,1115.5,1066.39,1106.06,7199.87,1106.06
2020-07-03,1134.39,1165.57,1111.72,1146.68,10057.6,1146.68
2020-07-06,1188.23,1227.9,1183.51,1192.96,8469.53,1192.96
2020-07-07,1223.18,1223.18,1143.84,1154.23,3599.42,1154.23
2020-07-08,1242.07,1245.85,1185.4,1210.9,11115.6,1210.9
2020-07-09,1199.57,1210.9,1145.73,1178.79,7305.68,1178.79
2020-07-10,1204.29,1204.29,1152.35,1204.29,7727.87,1204.29
2020-07-13,1192.02,1192.02,1163.68,1168.39,634.83,1168.39
2020-07-14,1196.74,1203.35,1138.17,1161.78,4340.05,1161.78
2020-07-15,1133.45,1168.39,1133.45,1161.78,13022.2,1161.78
2020-07-16,1119.29,1150.45,1108.89,1119.29,17150.6,1119.29
2020-07-17,1161.78,1161.78,1109.84,1118.33,5929.18,1118.33
2020-07-20,1146.68,1171.23,1121.17,1149.51,5929.18,1149.51
2020-07-21,1161.78,1165.57,1117.39,1165.57,4446.89,1165.57
2020-07-22,1119.29,1162.73,1119.29,1133.45,16198.4,1133.45
2020-07-27,1119.29,1161.78,1119.29,1161.78,12492.1,1161.78
2020-07-28,1161.78,1164.62,1141.01,1145.73,4234.25,1145.73
2020-07-29,1133.45,1133.45,1096.62,1122.11,5293.33,1122.11
2020-07-30,1133.45,1161.78,1128.72,1137.23,7727.87,1137.23
2020-07-31,1138.17,1138.17,1107.95,1119.29,4658.5,1119.29
2020-08-03,1090.95,1109.84,1090.0,1090.0,7199.87,1090.0
2020-08-04,1098.5,1112.67,1091.89,1101.33,2328.73,1101.33
2020-08-05,1121.17,1121.17,1101.33,1103.23,634.83,1103.23
2020-08-06,1096.62,1118.33,1096.62,1111.72,3282.0,1111.72
2020-08-07,1105.11,1105.11,1086.23,1090.0,3282.0,1090.0
2020-08-11,1091.89,1135.34,1091.89,1130.62,12810.6,1130.62
2020-08-12,1130.62,1130.62,1067.33,1109.84,11751.5,1109.84
2020-08-13,1128.72,1132.51,1099.45,1129.68,7411.48,1129.68
2020-08-14,1132.51,1133.45,1101.33,1128.72,4975.91,1128.72
2020-08-17,1133.45,1176.9,1133.45,1141.01,5610.74,1141.01
2020-08-18,1169.35,1169.35,1141.95,1155.17,2963.56,1155.17
2020-08-19,1157.06,1157.06,1133.45,1133.45,1482.29,1133.45
2020-08-20,1139.12,1147.62,1114.56,1147.62,3917.86,1147.62
2020-08-21,1147.62,1147.62,1133.45,1141.01,3282.0,1141.01
2020-08-24,1141.01,1205.24,1141.01,1203.35,4764.3,1203.35
2020-08-25,1223.18,1234.51,1147.62,1147.62,18535125.0,1147.62
2020-08-26,1180.68,1193.9,1180.68,1183.51,1059.07,1183.51
2020-08-27,1155.17,1195.79,1145.73,1195.79,2011.32,1195.79
2020-08-28,1142.9,1149.51,1128.72,1128.72,7411.48,1128.72
2020-08-31,1146.68,1160.84,1133.45,1138.17,6564.01,1138.17
2020-09-01,1135.34,1175.01,1133.45,1136.29,2858.78,1136.29
2020-09-02,1157.06,1157.06,1134.39,1134.39,740.635,1134.39
2020-09-03,1140.06,1140.06,1133.45,1133.45,634.83,1133.45
2020-09-04,1128.72,1141.95,1110.78,1133.45,4446.89,1133.45
2020-09-07,1133.45,1175.96,1130.62,1143.84,12599.0,1143.84
2020-09-08,1172.18,1172.18,1133.45,1157.06,3176.2,1157.06
2020-09-09,1150.45,1160.84,1134.39,1147.62,2647.17,1147.62
2020-09-10,1147.62,1168.39,1147.62,1147.62,2222.93,1147.62
2020-09-11,1194.84,1232.63,1177.84,1194.84,6881.43,1194.84
2020-09-14,1190.12,1193.9,1190.12,1190.12,424.247,1190.12
2020-09-15,1190.12,1190.12,1149.51,1164.62,3705.22,1164.62
2020-09-16,1157.06,1157.06,1142.9,1147.62,2117.12,1147.62
2020-09-17,1151.39,1182.57,1151.39,1164.62,424.247,1164.62
2020-09-18,1167.45,1177.84,1167.45,1176.9,317.415,1176.9
2020-09-23,1173.12,1210.9,1173.12,1197.68,1059.07,1197.68
2020-09-24,1210.9,1210.9,1209.01,1209.01,1164.88,1209.01
2020-09-25,1223.18,1223.18,1153.29,1187.29,5610.74,1187.29
2020-09-28,1157.06,1157.06,1138.17,1157.06,3599.42,1157.06
2020-09-29,1146.56,1157.06,1146.56,1146.56,2825.91,1146.56
2020-09-30,1151.34,1151.34,1142.73,1146.56,2511.58,1146.56
2020-10-02,1146.56,1161.84,1146.56,1147.51,2406.8,1147.51
2020-10-05,1174.26,1203.88,1174.26,1203.88,1361.08,1203.88
2020-10-06,1289.87,1289.87,1251.65,1269.81,7116.67,1269.81
2020-10-07,1270.76,1270.76,1203.88,1203.88,4500.3,1203.88
2020-10-08,1216.31,1273.63,1216.31,1236.37,2825.91,1236.37
2020-10-09,1236.37,1236.37,1203.88,1203.88,941.972,1203.88
2020-10-12,1195.28,1237.32,1195.28,1232.54,1464.83,1232.54
2020-10-13,1222.99,1237.32,1194.32,1209.62,1674.38,1209.62
2020-10-14,1199.1,1210.57,1163.75,1191.46,2825.91,1191.46
2020-10-15,1164.71,1172.35,1128.4,1160.89,1674.38,1160.89
2020-10-16,1141.78,1146.56,1117.89,1120.76,6069.92,1120.76
2020-10-19,1120.76,1141.78,1098.78,1141.78,1883.94,1141.78
2020-10-20,1144.64,1150.37,1141.78,1147.51,732.417,1147.51
2020-10-21,1151.34,1151.34,1137.95,1137.95,1046.75,1137.95
2020-10-22,1137.95,1137.95,1117.89,1117.89,3977.44,1117.89
2020-10-23,1127.45,1128.4,1116.93,1128.4,1674.38,1128.4
2020-10-26,1152.29,1164.71,1122.67,1139.87,3872.66,1139.87
2020-10-27,1082.54,1131.26,1082.54,1131.26,732.417,1131.26
2020-10-28,1079.67,1137.0,1079.67,1137.0,941.972,1137.0
2020-10-29,1137.0,1137.0,1109.29,1132.23,7431.0,1132.23
2020-10-30,1100.69,1124.57,1082.54,1124.57,522.861,1124.57
2020-11-02,1153.24,1161.84,1147.51,1161.84,1779.16,1161.84
2020-11-04,1161.84,1161.84,1156.11,1156.11,837.194,1156.11
2020-11-05,1153.24,1153.24,1153.24,1153.24,627.639,1153.24
2020-11-06,1175.22,1175.22,1146.56,1146.56,1674.38,1146.56
2020-11-09,1175.22,1187.64,1175.22,1186.68,4814.64,1186.68
2020-11-10,1211.53,1222.99,1189.54,1213.43,13605.7,1213.43
2020-11-11,1127.45,1175.22,1127.45,1153.24,9419.72,1153.24
2020-11-12,1181.9,1217.26,1128.4,1138.91,4919.41,1138.91
2020-11-13,1127.45,1144.64,1126.49,1126.49,314.333,1126.49
2020-11-16,1129.35,1130.31,1083.49,1099.74,2511.58,1099.74
2020-11-17,1098.78,1117.89,1095.91,1113.12,1151.52,1113.12
2020-11-18,1113.12,1113.12,1113.12,1113.12,104.777,1113.12
2020-11-19,1117.89,1127.45,1117.89,1127.45,732.417,1127.45
2020-11-20,1127.45,1127.45,1088.27,1101.65,3035.47,1101.65
2020-11-24,1101.65,1146.56,1079.67,1146.56,2930.69,1146.56
2020-11-25,1175.22,1175.22,1175.22,1175.22,3348.77,1175.22
2020-11-26,1175.22,1175.22,1117.89,1149.42,732.417,1149.42
2020-11-27,1149.42,1174.26,1148.46,1149.42,3977.44,1149.42
2020-11-30,1121.71,1148.46,1121.71,1122.67,627.639,1122.67
2020-12-01,1147.51,1149.42,1136.04,1149.42,732.417,1149.42
2020-12-02,1156.11,1180.0,1149.42,1177.13,3872.66,1177.13
2020-12-03,1178.09,1178.09,1132.23,1138.91,1256.3,1138.91
2020-12-04,1147.51,1158.98,1137.0,1158.98,1779.16,1158.98
2020-12-07,1178.09,1178.09,1137.0,1150.37,1046.75,1150.37
2020-12-08,1175.22,1175.22,1174.26,1175.22,1046.75,1175.22
2020-12-09,1166.62,1170.44,1166.62,1170.44,10571.2,1170.44
2020-12-10,1175.22,1175.22,1151.34,1165.67,3140.25,1165.67
2020-12-11,1175.22,1175.22,1127.45,1162.79,2093.5,1162.79
2020-12-14,1135.09,1147.51,1126.49,1126.49,5966.16,1126.49
2020-12-15,1127.45,1150.37,1127.45,1150.37,209.555,1150.37
2020-12-16,1166.62,1166.62,1136.04,1136.04,3872.66,1136.04
2020-12-18,1133.18,1133.18,1133.18,1133.18,419.111,1133.18
2020-12-21,1136.04,1136.04,1115.02,1115.02,3767.89,1115.02
2020-12-22,1115.02,1119.8,1115.02,1115.02,19257.5,1115.02
2020-12-23,1115.02,1117.89,1115.02,1115.02,3035.47,1115.02
2020-12-24,1115.02,1115.02,1084.45,1099.74,1361.08,1099.74
2020-12-25,1157.06,1157.06,1084.45,1084.45,4185.97,1084.45
2020-12-28,1141.78,1145.6,1128.4,1128.4,627.639,1128.4
2020-12-29,1150.37,1160.89,1141.78,1141.78,1569.61,1141.78
2020-12-30,1161.84,1161.84,1122.67,1150.37,941.972,1150.37
2021-01-04,1160.89,1175.22,1150.37,1173.31,14234.3,1173.31
2021-01-05,1170.44,1186.68,1161.84,1184.77,2093.5,1184.77
2021-01-06,1176.17,1176.17,1168.53,1169.48,1151.52,1169.48
2021-01-07,1170.44,1189.54,1170.44,1170.44,1779.16,1170.44
2021-01-08,1177.13,1177.13,1165.67,1170.44,3035.47,1170.44
2021-01-12,1170.44,1175.22,1149.42,1152.29,3244.0,1152.29
2021-01-13,1155.15,1155.15,1125.54,1133.18,18420.3,1133.18
2021-01-14,1131.26,1170.44,1113.12,1136.04,2721.14,1136.04
2021-01-15,1131.26,1131.26,1128.4,1130.31,1046.75,1130.31
2021-01-18,1130.31,1158.98,1130.31,1134.13,1046.75,1134.13
2021-01-19,1143.68,1143.68,1115.02,1131.26,1361.08,1131.26
2021-01-20,1131.26,1131.26,1113.12,1113.12,7535.78,1113.12
2021-01-21,1116.93,1136.04,1116.93,1121.71,4290.75,1121.71
2021-01-22,1136.04,1139.87,1129.35,1139.87,837.194,1139.87
2021-01-25,1194.32,1194.32,1137.0,1146.56,4709.86,1146.56
2021-01-26,1146.56,1146.56,1122.67,1135.09,3663.11,1135.09
2021-01-27,1138.91,1145.6,1115.98,1143.68,5337.5,1143.68
2021-01-28,1128.4,1145.6,1128.4,1145.6,837.194,1145.6
2021-01-29,1146.56,1146.56,1113.12,1116.93,732.417,1116.93
2021-02-01,1168.53,1168.53,1083.49,1105.46,5966.16,1105.46
2021-02-02,1105.46,1110.24,1105.46,1110.24,2616.36,1110.24
2021-02-03,1122.67,1151.34,1122.67,1127.45,522.861,1127.45
2021-02-05,1128.4,1147.51,1128.4,1147.51,1151.52,1147.51
2021-02-08,1174.26,1232.54,1174.26,1194.32,12663.7,1194.32
2021-02-09,1203.88,1242.1,1185.73,1232.54,3872.66,1232.54
2021-02-10,1031.9,1136.04,1022.35,1100.69,37468.3,1100.69
2021-02-12,1108.34,1113.12,1079.67,1079.67,5756.61,1079.67
2021-02-15,1079.67,1079.67,1051.01,1064.38,3140.25,1064.38
2021-02-16,1072.98,1097.82,1070.12,1097.82,1674.38,1097.82
2021-02-17,1096.87,1096.87,1074.9,1076.81,1256.3,1076.81
2021-02-18,1079.67,1108.34,1031.9,1051.96,7326.22,1051.96
2021-02-19,1051.96,1054.83,1051.96,1054.83,1674.38,1054.83
2021-02-22,1058.65,1082.54,1037.63,1048.15,8058.64,1048.15
2021-02-24,1059.6,1059.6,1037.63,1059.6,3348.77,1059.6
2021-02-25,1067.25,1067.25,1037.63,1051.01,4605.08,1051.01
2021-02-26,1051.01,1060.56,1051.01,1060.56,941.972,1060.56
2021-03-01,1041.45,1041.45,1012.79,1029.04,1674.38,1029.04
2021-03-02,1029.04,1039.54,1029.04,1039.54,1883.94,1039.54
2021-03-03,1022.35,1053.87,1021.38,1053.87,7745.33,1053.87
2021-03-04,1014.7,1026.16,1010.88,1026.16,627.639,1026.16
2021-03-05,1013.74,1041.45,989.853,1040.49,1569.61,1040.49
2021-03-08,1048.15,1054.83,1040.49,1053.87,1674.38,1053.87
2021-03-09,1053.87,1053.87,1019.48,1019.48,209.555,1019.48
2021-03-10,1048.15,1048.15,1013.74,1013.74,3244.0,1013.74
2021-03-11,1006.1,1039.54,1006.1,1039.54,3663.11,1039.54
2021-03-12,1051.96,1051.96,1023.3,1040.49,1361.08,1040.49
2021-03-15,1040.49,1067.25,1031.9,1050.05,2198.27,1050.05
2021-03-16,1031.9,1049.1,1029.99,1030.94,1674.38,1030.94
2021-03-17,1030.94,1041.45,1030.94,1034.76,1361.08,1034.76
2021-03-18,1034.76,1046.23,1029.99,1029.99,1361.08,1029.99
2021-03-19,1029.99,1034.76,1021.38,1030.94,2198.27,1030.94
2021-03-22,1032.85,1049.1,1032.85,1032.85,2303.05,1032.85
2021-03-23,1030.94,1036.68,1030.94,1036.68,2511.58,1036.68
2021-03-24,1040.49,1040.49,1013.74,1040.49,2511.58,1040.49
2021-03-25,1051.01,1051.01,1015.65,1020.43,5651.83,1020.43
2021-03-26,1026.16,1031.9,1026.16,1031.9,1151.52,1031.9
2021-03-29,1031.9,1031.9,1027.12,1031.9,2930.69,1031.9
2021-03-30,1030.94,1051.01,1029.99,1051.01,1569.61,1051.01
2021-03-31,1030.94,1041.45,1030.94,1041.45,1464.83,1041.45
2021-04-01,1026.16,1027.12,1025.21,1027.12,5651.83,1027.12
2021-04-02,1029.99,1030.94,1010.88,1010.88,4395.53,1010.88
2021-04-05,1010.88,1027.12,1010.88,1016.61,2303.05,1016.61
2021-04-06,1031.9,1040.49,1020.43,1020.43,1256.3,1020.43
2021-04-07,1020.43,1024.26,1013.74,1023.3,1361.08,1023.3
2021-04-08,1023.3,1032.85,1016.61,1016.61,2930.69,1016.61
2021-04-09,1030.94,1041.45,1013.74,1038.59,5127.94,1038.59
2021-04-12,1038.59,1038.59,1020.43,1020.43,627.639,1020.43
2021-04-13,991.771,1013.74,988.899,988.899,8477.75,988.899
2021-04-14,961.194,993.679,961.194,962.148,5861.39,962.148
2021-04-15,963.102,976.477,961.194,962.148,1674.38,962.148
2021-04-16,962.148,969.79,956.414,958.332,1464.83,958.332
2021-04-19,961.194,962.148,956.414,960.24,2198.27,960.24
2021-04-20,960.24,977.441,960.24,961.194,3558.33,961.194
2021-04-21,961.194,971.707,954.506,955.46,3244.0,955.46
2021-04-22,955.46,973.615,955.46,970.753,522.861,970.753
2021-04-23,968.836,969.79,955.46,969.79,5232.72,969.79
2021-04-26,998.459,998.459,995.587,995.587,7953.86,995.587
2021-04-27,989.853,989.853,971.707,971.707,419.111,971.707
2021-04-28,970.753,987.945,969.79,987.945,522.861,987.945
2021-04-30,991.771,991.771,965.974,970.753,1151.52,970.753
2021-05-06,970.753,970.753,970.753,970.753,3663.11,970.753
2021-05-07,974.569,983.165,971.707,971.707,419.111,971.707
2021-05-10,972.661,982.211,965.974,982.211,2930.69,982.211
2021-05-11,979.349,983.165,955.46,955.46,2825.91,955.46
2021-05-12,951.644,966.928,951.644,953.552,1151.52,953.552
2021-05-14,951.644,951.644,951.644,951.644,104.777,951.644
2021-05-17,951.644,968.836,945.91,945.91,3767.89,945.91
2021-05-18,938.258,967.882,938.258,960.24,2303.05,960.24
2021-05-19,960.24,960.24,957.368,957.368,209.555,957.368
2021-05-20,961.194,962.148,956.414,962.148,941.972,962.148
2021-05-21,963.102,964.056,943.992,964.056,1256.3,964.056
2021-05-24,965.02,998.459,965.02,998.459,3140.25,998.459
2021-05-25,1003.24,1003.24,975.523,977.441,5651.83,977.441
2021-05-26,975.523,975.523,965.974,965.974,314.333,965.974
2021-05-27,974.569,974.569,974.569,974.569,314.333,974.569
2021-05-28,956.414,987.945,956.414,967.882,941.972,967.882
2021-06-01,958.332,992.725,958.332,963.102,627.639,963.102
2021-06-02,979.349,980.303,979.349,980.303,314.333,980.303
2021-06-03,977.441,985.083,977.441,984.129,941.972,984.129
2021-06-04,984.129,984.129,984.129,984.129,104.777,984.129
2021-06-07,1012.79,1012.79,984.129,995.587,2303.05,995.587
2021-06-08,998.459,998.459,993.679,993.679,209.555,993.679
2021-06-09,1003.24,1005.15,986.991,1005.15,1361.08,1005.15
2021-06-10,1012.79,1012.79,1003.24,1003.24,3767.89,1003.24
2021-06-11,1003.24,1003.24,974.569,974.569,1779.16,974.569
2021-06-14,1002.27,1003.24,977.441,1001.32,3244.0,1001.32
2021-06-15,990.817,1003.24,990.817,1003.24,627.639,1003.24
2021-06-16,993.679,998.459,980.303,980.303,1464.83,980.303
2021-06-17,977.441,1002.27,977.441,982.211,627.639,982.211
2021-06-18,982.211,1008.96,982.211,982.211,5337.5,982.211
2021-06-21,979.349,1004.19,969.79,992.725,2511.58,992.725
2021-06-22,975.523,981.257,975.523,977.441,627.639,977.441
2021-06-23,981.257,1005.15,981.257,986.037,2303.05,986.037
2021-06-24,986.037,992.725,980.303,990.817,2825.91,990.817
2021-06-25,1011.83,1011.83,978.395,978.395,4919.41,978.395
2021-06-28,978.395,983.165,970.753,983.165,2406.8,983.165
2021-06-29,1001.32,1001.32,1001.32,1001.32,104.777,1001.32
2021-06-30,993.679,993.679,993.679,993.679,314.333,993.679
2021-07-01,984.129,984.129,980.303,980.303,209.555,980.303
2021-07-02,988.899,988.899,988.899,988.899,104.777,988.899
2021-07-05,988.899,1005.15,976.477,984.129,1569.61,984.129
2021-07-06,1004.19,1004.19,993.679,993.679,419.111,993.679
2021-07-07,983.165,983.165,983.165,983.165,209.555,983.165
2021-07-08,983.165,983.165,983.165,983.165,419.111,983.165
2021-07-09,1001.32,1001.32,978.395,980.303,15384.8,980.303
2021-07-13,981.257,981.257,981.257,981.257,314.333,981.257
2021-07-14,981.257,981.257,977.441,977.441,941.972,977.441
2021-07-15,962.148,985.083,962.148,980.303,9210.17,980.303
2021-07-16,980.303,994.633,965.02,994.633,2198.27,994.633
2021-07-19,995.587,1003.24,995.587,999.413,4185.97,999.413
2021-07-20,1009.93,1009.93,949.726,981.257,7640.55,981.257
2021-07-21,990.817,1009.93,969.79,1009.93,2616.36,1009.93
2021-07-26,1013.74,1013.74,1012.79,1012.79,9419.72,1012.79
2021-07-27,1012.79,1012.79,995.587,1011.83,1674.38,1011.83
2021-07-28,1011.83,1011.83,1008.01,1010.88,4395.53,1010.88
2021-07-29,1012.79,1012.79,1007.05,1007.05,3140.25,1007.05
2021-07-30,1013.74,1013.74,997.505,1011.83,627.639,1011.83
2021-08-02,1012.79,1012.79,970.753,1003.24,4395.53,1003.24
2021-08-03,1004.19,1011.83,975.523,1002.27,1046.75,1002.27
2021-08-04,1002.27,1010.88,1002.27,1010.88,419.111,1010.88
2021-08-05,1010.88,1012.79,991.771,1011.83,732.417,1011.83
2021-08-06,1011.83,1011.83,992.725,1011.83,627.639,1011.83
2021-08-10,1014.7,1084.45,1014.7,1067.25,6174.69,1067.25
2021-08-11,991.771,1032.85,991.771,992.725,4082.22,992.725
2021-08-12,1021.38,1021.38,1003.24,1008.01,837.194,1008.01
2021-08-13,1010.88,1017.57,987.945,1016.61,2721.14,1016.61
2021-08-16,1021.38,1021.38,997.505,1006.1,1779.16,1006.1
2021-08-17,988.899,1010.88,988.899,1008.96,5861.39,1008.96
2021-08-18,981.257,1018.52,981.257,1003.24,1569.61,1003.24
2021-08-19,1003.24,1003.24,975.523,975.523,2198.27,975.523
2021-08-20,976.477,984.129,958.332,976.477,1988.72,976.477
2021-08-23,977.441,990.817,977.441,990.817,1569.61,990.817
2021-08-24,984.129,984.129,981.257,984.129,1046.75,984.129
2021-08-25,984.129,984.129,969.79,981.257,3872.66,981.257
2021-08-26,981.257,981.257,965.974,965.974,209.555,965.974
2021-08-27,965.974,988.899,965.02,965.02,2721.14,965.02
2021-08-30,988.899,1015.65,964.056,997.505,732.417,997.505
2021-08-31,1002.27,1002.27,971.707,972.661,7431.0,972.661
2021-09-01,972.661,991.771,972.661,991.771,627.639,991.771
2021-09-02,990.817,990.817,971.707,971.707,419.111,971.707
2021-09-03,974.569,990.817,967.882,967.882,941.972,967.882
2021-09-06,979.349,991.771,979.349,990.817,627.639,990.817
2021-09-07,990.817,990.817,969.79,989.853,3767.89,989.853
2021-09-08,997.505,997.505,997.505,997.505,522.861,997.505
2021-09-09,997.505,997.505,968.836,968.836,2303.05,968.836
2021-09-10,997.505,1007.05,997.505,1007.05,2616.36,1007.05
2021-09-13,985.083,985.083,985.083,985.083,419.111,985.083
2021-09-14,1000.37,1002.27,981.257,1002.27,1046.75,1002.27
2021-09-15,988.899,1008.01,988.899,1008.01,3140.25,1008.01
2021-09-16,987.945,1008.01,987.945,1008.01,732.417,1008.01
2021-09-17,995.587,1005.15,995.587,996.551,2303.05,996.551
2021-09-21,996.551,1002.27,973.615,991.771,1151.52,991.771
2021-09-22,991.771,1007.05,989.853,990.817,1256.3,990.817
2021-09-24,994.633,1003.24,994.633,1003.24,2930.69,1003.24
2021-09-27,1031.9,1031.9,1031.9,1031.9,4290.75,1031.9
2021-09-28,1029.04,1031.9,1027.12,1031.9,6174.69,1031.9
2021-09-29,1024.11,1024.11,994.906,1008.53,821.786,1008.53
2021-09-30,1002.69,1013.4,943.311,998.8,3903.48,998.8
2021-10-01,997.826,998.8,997.826,997.826,410.893,997.826
2021-10-04,997.826,997.826,996.853,996.853,616.339,996.853
2021-10-05,991.012,996.853,974.462,996.853,821.786,996.853
2021-10-07,979.33,983.224,975.436,975.436,410.893,975.436
2021-10-08,972.515,986.144,935.523,986.144,3081.69,986.144
2021-10-11,988.091,994.906,988.091,994.906,205.446,994.906
2021-10-12,994.906,994.906,969.595,971.542,517211.0,971.542
2021-10-13,973.489,973.489,971.542,971.542,3287.14,971.542
2021-10-14,992.959,1117.57,973.489,973.489,93067.3,973.489
2021-10-15,971.542,978.356,946.231,963.754,12224.0,963.754
2021-10-18,967.648,967.648,948.178,948.178,7190.63,948.178
2021-10-19,962.78,963.754,950.125,959.86,1335.4,959.86
2021-10-20,963.754,994.906,963.754,989.065,5444.33,989.065
2021-10-21,982.25,988.091,961.807,961.807,1951.74,961.807
2021-10-22,968.621,991.985,954.019,991.985,9347.82,991.985
2021-10-25,1020.22,1020.22,976.409,976.409,5033.44,976.409
2021-10-27,973.489,996.853,973.489,989.065,719.063,989.065
2021-10-28,999.773,1005.61,980.303,993.932,1540.84,993.932
2021-10-29,973.489,1019.24,973.489,1009.51,3184.42,1009.51
2021-11-01,1017.3,1017.3,978.356,979.33,1438.12,979.33
2021-11-02,986.144,1021.19,985.171,1021.19,7806.97,1021.19
2021-11-04,1020.22,1020.22,1006.59,1016.32,719.063,1016.32
2021-11-05,1021.19,1021.19,1003.67,1003.67,1335.4,1003.67
2021-11-08,1003.67,1021.19,1003.67,1021.19,2670.8,1021.19
2021-11-09,1021.19,1025.08,1012.43,1025.08,2773.52,1025.08
2021-11-10,1017.3,1028.0,990.038,1028.0,3184.42,1028.0
2021-11-11,1057.21,1057.21,1024.11,1029.95,2157.18,1029.95
2021-11-12,1021.19,1045.53,1004.64,1004.64,3698.03,1004.64
2021-11-15,1004.64,1031.9,1004.64,1022.16,1643.57,1022.16
2021-11-16,1022.16,1022.16,1019.24,1019.24,616.339,1019.24
2021-11-17,1030.92,1067.92,997.826,1020.22,5752.5,1020.22
2021-11-18,1034.82,1051.37,1020.22,1029.95,5957.95,1029.95
2021-11-19,1031.9,1041.63,1024.11,1039.69,4006.2,1039.69
2021-11-22,1039.69,1050.39,1023.14,1041.63,5341.61,1041.63
2021-11-24,1041.63,1051.37,1034.82,1051.37,3698.03,1051.37
2021-11-25,1045.53,1050.39,1028.0,1029.95,5957.95,1029.95
2021-11-26,1029.95,1030.92,1024.11,1026.06,1849.01,1026.06
2021-11-29,1006.59,1036.77,997.826,1000.75,4211.65,1000.75
2021-11-30,1002.69,1019.24,971.542,981.277,3800.76,981.277
2021-12-01,979.33,979.33,949.152,955.966,3389.86,955.966
2021-12-02,962.78,962.78,958.887,958.887,308.169,958.887
2021-12-03,972.515,975.436,962.78,972.515,3595.31,972.515
2021-12-06,973.489,973.489,973.489,973.489,3081.69,973.489
2021-12-07,973.489,984.197,969.595,973.489,10580.5,973.489
2021-12-08,973.489,973.489,960.834,960.834,4930.71,960.834
2021-12-09,960.834,971.542,960.834,969.595,410.893,969.595
2021-12-10,968.621,974.462,968.621,972.515,4314.37,972.515
2021-12-13,1009.51,1009.51,965.701,972.515,5341.61,972.515
2021-12-14,973.489,973.489,955.966,955.966,719.063,955.966
2021-12-15,972.515,972.515,959.86,972.515,1643.57,972.515
2021-12-16,972.515,979.33,962.78,963.754,10272.3,963.754
2021-12-17,963.754,984.197,963.754,983.224,6266.12,983.224
2021-12-20,963.754,963.754,936.496,936.496,4930.71,936.496
2021-12-21,956.94,974.462,949.152,949.152,5752.5,949.152
2021-12-22,949.152,965.701,920.92,944.284,13559.4,944.284
2021-12-23,941.364,941.364,913.133,915.08,7909.69,915.08
2021-12-24,917.027,926.761,915.08,924.814,7190.63,924.814
2021-12-27,929.682,929.682,904.371,917.027,10477.7,917.027
2021-12-28,923.841,933.576,912.159,924.814,13354.0,924.814
2021-12-29,939.417,965.701,924.814,949.152,9142.37,949.152
2021-12-30,943.311,954.019,924.814,924.814,3595.31,924.814
2022-01-04,934.549,962.78,934.549,962.78,602780.0,962.78
2022-01-05,954.993,954.993,907.292,907.292,20852.8,907.292
2022-01-06,907.292,907.292,907.292,907.292,616.339,907.292
2022-01-07,892.689,900.477,842.068,863.485,15100.3,863.485
2022-01-11,851.803,860.564,829.413,844.015,8423.31,844.015
2022-01-12,839.147,863.485,833.306,851.803,8012.41,851.803
2022-01-13,842.068,845.962,828.439,840.121,6471.56,840.121
2022-01-14,830.386,856.67,830.386,841.094,15408.4,841.094
2022-01-17,829.413,852.776,828.439,832.333,4006.2,832.333
2022-01-18,827.466,828.439,776.844,806.049,14689.4,806.049
2022-01-19,791.446,808.969,785.606,797.287,6985.18,797.287
2022-01-20,786.579,797.287,774.897,784.632,5649.78,784.632
2022-01-21,774.897,780.738,750.56,780.738,10066.8,780.738
2022-01-24,776.844,805.075,776.844,788.526,8423.31,788.526
2022-01-25,832.333,835.253,763.215,763.215,14278.5,763.215
2022-01-26,765.162,814.81,765.162,787.552,13354.0,787.552
2022-01-27,777.818,785.606,764.189,785.606,10375.0,785.606
2022-01-28,781.712,794.367,776.844,784.632,9553.26,784.632
2022-01-31,795.34,795.34,778.791,789.499,3081.69,789.499
2022-02-01,781.712,808.969,777.818,781.712,40472.9,781.712
2022-02-02,771.003,793.393,759.321,760.295,34720.4,760.295
2022-02-03,774.897,775.871,738.878,750.56,14792.1,750.56
2022-02-04,742.772,746.666,721.355,732.064,10066.8,732.064
2022-02-07,743.745,768.083,741.799,743.745,7806.97,743.745
2022-02-08,753.48,785.606,737.905,785.606,16846.6,785.606
2022-02-09,824.545,856.67,817.731,820.651,40164.8,820.651
2022-02-10,809.943,815.784,763.215,785.606,58038.6,785.606
2022-02-14,780.738,808.969,776.844,802.155,29789.7,802.155
2022-02-15,807.022,854.723,807.022,848.882,14483.9,848.882
2022-02-16,868.352,905.345,858.617,897.557,12532.2,897.557
2022-02-17,892.689,914.106,875.166,876.14,12224.0,876.14
2022-02-18,890.742,890.742,851.803,883.928,7498.8,883.928
2022-02-21,842.068,884.901,827.466,864.458,3698.03,864.458
2022-02-22,866.405,888.795,854.723,883.928,7601.52,883.928
2022-02-24,885.875,899.504,866.405,888.795,9245.09,888.795
2022-02-25,920.92,920.92,875.166,899.504,7806.97,899.504
2022-02-28,899.504,914.106,892.689,914.106,3081.69,914.106
2022-03-01,914.106,914.106,882.954,886.848,3698.03,886.848
2022-03-02,876.14,880.034,861.538,878.087,2978.97,878.087
2022-03-03,863.485,890.742,863.485,876.14,3184.42,876.14
2022-03-04,876.14,876.14,861.538,861.538,616.339,861.538
2022-03-07,836.227,860.564,836.227,860.564,1232.67,860.564
2022-03-08,860.564,860.564,807.996,807.996,13764.9,807.996
2022-03-09,807.996,822.598,783.659,803.128,11402.2,803.128
2022-03-10,823.572,823.572,784.632,787.552,16641.1,787.552
2022-03-11,783.659,798.261,763.215,795.34,4622.54,795.34
2022-03-14,795.34,799.234,773.924,799.234,9245.09,799.234
2022-03-15,799.234,799.234,794.367,794.367,1027.23,794.367
2022-03-16,801.181,801.181,787.552,801.181,4622.54,801.181
2022-03-17,826.492,826.492,798.261,816.757,5855.22,816.757
2022-03-18,822.598,827.466,810.916,824.545,4314.37,824.545
2022-03-22,861.538,861.538,842.068,842.068,3389.86,842.068
2022-03-23,844.015,871.273,842.068,871.273,2876.25,871.273
2022-03-24,891.716,904.371,878.087,901.451,6574.29,901.451
2022-03-25,905.345,905.345,890.742,890.742,6882.46,890.742
2022-03-28,891.716,906.318,867.379,867.379,2876.25,867.379
2022-03-29,867.379,899.504,867.379,884.901,2876.25,884.901
2022-03-30,899.504,909.239,894.636,894.636,924.509,894.636
2022-04-01,894.636,901.451,886.848,901.451,2773.52,901.451
2022-04-04,901.451,913.133,894.636,906.318,4417.1,906.318
2022-04-05,918.0,942.337,912.159,927.735,4827.99,927.735
2022-04-06,927.735,927.735,913.133,913.133,1540.84,913.133
2022-04-07,923.841,923.841,909.239,909.239,2157.18,909.239
2022-04-08,909.239,910.212,909.239,910.212,513.616,910.212
2022-04-11,898.53,921.894,893.663,905.345,2054.46,905.345
2022-04-12,900.477,900.477,883.928,887.822,2054.46,887.822
2022-04-13,902.424,902.424,887.822,899.504,4417.1,899.504
2022-04-14,890.742,890.742,890.742,890.742,513.616,890.742
2022-04-15,890.742,896.583,875.166,887.822,1951.74,887.822
2022-04-18,890.742,912.159,884.901,892.689,3903.48,892.689
2022-04-19,907.292,907.292,904.371,905.345,308.169,905.345
2022-04-20,905.345,905.345,877.113,896.583,2362.63,896.583
2022-04-21,898.53,930.655,896.583,922.867,3492.59,922.867
2022-04-22,922.867,946.231,903.398,938.443,5547.05,938.443
2022-04-25,939.417,944.284,889.769,936.496,9245.09,936.496
2022-04-26,927.735,927.735,905.345,911.186,5444.33,911.186
2022-04-27,890.742,923.841,890.742,923.841,4314.37,923.841
2022-04-28,967.648,976.409,944.284,944.284,26913.5,944.284
2022-05-02,937.47,988.091,937.47,982.25,7909.69,982.25
2022-05-06,991.985,995.879,976.409,994.906,4417.1,994.906
2022-05-09,1004.64,1004.64,992.959,997.826,3698.03,997.826
2022-05-10,988.091,1026.06,980.303,1024.11,9450.54,1024.11
2022-05-11,1025.08,1054.29,1022.16,1040.66,20852.8,1040.66
2022-05-12,1021.19,1051.37,1001.72,1027.03,11915.9,1027.03
2022-05-13,1037.74,1047.47,1005.61,1035.79,11196.8,1035.79
2022-05-16,1034.82,1070.84,1019.24,1043.58,6677.01,1043.58
2022-05-17,1065.0,1082.52,1057.21,1068.89,6471.56,1068.89
2022-05-18,1073.76,1125.35,1073.76,1112.7,13764.9,1112.7
2022-05-19,1070.84,1138.01,1046.5,1102.96,10785.9,1102.96
2022-05-20,1101.02,1108.8,1047.47,1047.47,7396.07,1047.47
2022-05-23,1059.16,1061.1,947.205,983.224,19106.5,983.224
2022-05-24,989.065,1026.06,947.205,1026.06,13045.8,1026.06
2022-05-25,1013.4,1013.4,969.595,969.595,5238.88,969.595
2022-05-26,973.489,1001.72,973.489,997.826,4519.82,997.826
2022-05-27,976.409,1006.59,976.409,996.853,2568.08,996.853
2022-05-30,1013.4,1042.61,1013.4,1038.71,2670.8,1038.71
2022-05-31,1043.58,1043.58,1019.24,1036.77,1335.4,1036.77
2022-06-01,1036.77,1046.5,1027.03,1027.03,3800.76,1027.03
2022-06-02,1027.03,1044.55,1021.19,1044.55,2054.46,1044.55
2022-06-03,1044.55,1044.55,1026.06,1043.58,719.063,1043.58
2022-06-06,1030.92,1041.63,1020.22,1041.63,924.509,1041.63
2022-06-07,1033.85,1033.85,1003.67,1004.64,2670.8,1004.64
2022-06-08,1004.64,1007.56,980.303,983.224,2670.8,983.224
2022-06-09,984.197,1016.32,968.621,1015.35,9861.43,1015.35
2022-06-10,999.773,1001.72,992.959,992.959,3595.31,992.959
2022-06-13,1051.37,1051.37,965.701,965.701,8936.92,965.701
2022-06-14,951.099,975.436,947.205,975.436,2876.25,975.436
2022-06-15,990.038,1002.69,982.25,1002.69,5649.78,1002.69
2022-06-16,1012.43,1032.87,982.25,983.224,9245.09,983.224
2022-06-17,972.515,1002.69,952.072,977.383,10888.6,977.383
2022-06-20,968.621,980.303,964.727,980.303,616.339,980.303
2022-06-21,977.383,1000.75,977.383,998.8,2568.08,998.8
2022-06-22,1011.45,1011.45,996.853,1011.45,3389.86,1011.45
2022-06-23,1035.79,1061.1,1032.87,1032.87,5649.78,1032.87
2022-06-24,1049.42,1063.05,1032.87,1059.16,4417.1,1059.16
2022-06-27,1096.15,1148.72,1034.82,1080.57,14586.7,1080.57
2022-06-28,1109.78,1122.43,1093.23,1113.67,7704.24,1113.67
2022-06-29,1113.67,1114.64,1095.17,1095.17,2876.25,1095.17
2022-06-30,1070.84,1073.76,1037.74,1054.29,3081.69,1054.29
2022-07-01,1048.45,1051.37,1013.4,1014.38,5752.5,1014.38
2022-07-04,1070.84,1082.52,1041.63,1046.5,8834.2,1046.5
2022-07-05,1042.61,1060.13,1042.61,1058.18,1027.23,1058.18
2022-07-06,1058.18,1058.18,1032.87,1032.87,4519.82,1032.87
2022-07-07,1032.87,1038.71,1032.87,1034.82,821.786,1034.82
2022-07-08,1034.82,1034.82,1031.9,1032.87,10169.6,1032.87
2022-07-11,1033.85,1063.05,1033.85,1042.61,2054.46,1042.61
2022-07-12,1033.85,1033.85,991.985,991.985,513.616,991.985
2022-07-13,1012.43,1037.74,1002.69,1037.74,1335.4,1037.74
2022-07-14,1037.74,1043.58,1032.87,1043.58,924.509,1043.58
2022-07-15,1061.1,1075.71,1061.1,1071.81,1849.01,1071.81
2022-07-19,1086.41,1107.83,1071.81,1104.91,7806.97,1104.91
2022-07-20,1104.91,1104.91,1076.68,1101.99,7601.52,1101.99
2022-07-21,1094.2,1116.59,1094.2,1114.64,4211.65,1114.64
2022-07-22,1121.46,1121.46,1104.91,1117.57,4519.82,1117.57
2022-07-25,1102.96,1108.8,1095.17,1095.17,5238.88,1095.17
2022-07-26,1090.31,1100.04,1071.81,1086.41,3595.31,1086.41
2022-07-27,1074.73,1084.47,1017.3,1082.52,7293.35,1082.52
2022-07-28,1111.72,1111.72,1072.78,1107.83,7601.52,1107.83
2022-07-29,1118.54,1121.46,1101.99,1107.83,5547.05,1107.83
2022-08-01,1107.83,1124.38,1098.1,1114.64,9758.71,1114.64
2022-08-02,1085.44,1101.02,1076.68,1076.68,7601.52,1076.68
2022-08-03,1070.84,1104.91,1064.02,1078.63,7087.9,1078.63
2022-08-04,1090.31,1091.28,1068.89,1068.89,3800.76,1068.89
2022-08-05,1068.89,1068.89,1056.24,1060.13,4108.93,1060.13
2022-08-08,1062.08,1098.1,1062.08,1098.1,8320.58,1098.1
2022-08-09,1115.62,1236.33,1115.62,1161.37,51567.1,1161.37
2022-08-10,1051.37,1051.37,984.197,998.8,40883.8,998.8
2022-08-12,1039.69,1048.45,1002.69,1018.27,22907.2,1018.27
2022-08-15,1037.74,1037.74,997.826,997.826,11402.2,997.826
2022-08-16,997.826,1004.64,992.959,994.906,9142.37,994.906
2022-08-17,1004.64,1010.48,988.091,996.853,12224.0,996.853
2022-08-18,1000.75,1000.75,985.171,988.091,3287.14,988.091
2022-08-19,991.012,993.932,983.224,993.932,4417.1,993.932
2022-08-22,994.906,1008.53,985.171,987.118,3903.48,987.118
2022-08-23,987.118,994.906,984.197,994.906,1643.57,994.906
2022-08-24,997.826,997.826,971.542,990.038,11915.9,990.038
2022-08-25,992.959,995.879,990.038,995.879,6163.39,995.879
2022-08-26,997.826,997.826,997.826,997.826,2670.8,997.826
2022-08-29,996.853,996.853,964.727,968.621,16641.1,968.621
2022-08-30,983.224,983.224,971.542,978.356,13045.8,978.356
2022-08-31,969.595,978.356,968.621,968.621,2259.91,968.621
2022-09-01,967.648,967.648,964.727,965.701,821.786,965.701
2022-09-02,965.701,973.489,949.152,967.648,6368.84,967.648
2022-09-05,944.284,964.727,924.814,937.47,12634.9,937.47
2022-09-06,937.47,940.39,926.761,940.39,2259.91,940.39
2022-09-07,929.682,929.682,919.947,919.947,3081.69,919.947
2022-09-08,924.814,944.284,924.814,932.602,3800.76,932.602
2022-09-09,940.39,953.046,940.39,942.337,7806.97,942.337
2022-09-12,942.337,968.621,942.337,968.621,6060.67,968.621
2022-09-13,956.94,960.834,951.099,952.072,6882.46,952.072
2022-09-14,934.549,942.337,928.708,933.576,5547.05,933.576
2022-09-15,948.178,950.125,943.311,943.311,410.893,943.311
2022-09-16,942.337,951.099,942.337,945.258,1540.84,945.258
2022-09-20,945.258,954.993,944.284,948.178,1335.4,948.178
2022-09-21,948.178,948.178,938.443,938.443,3800.76,938.443
2022-09-22,942.337,942.337,915.08,924.814,9347.82,924.814
2022-09-26,952.072,960.834,922.867,930.655,7293.35,930.655
2022-09-27,945.258,945.258,916.053,916.053,5136.16,916.053
2022-09-28,917.027,922.867,887.822,918.0,9039.65,918.0
2022-09-29,923.0,930.0,906.0,910.0,8900.0,910.0
2022-09-30,907.0,907.0,870.0,888.0,7400.0,888.0
2022-10-03,888.0,889.0,873.0,881.0,1700.0,881.0
2022-10-04,986.0,1031.0,962.0,1029.0,189600.0,1029.0
2022-10-05,1179.0,1198.0,1001.0,1019.0,165600.0,1019.0
2022-10-06,1023.0,1055.0,1015.0,1050.0,25800.0,1050.0
2022-10-07,1047.0,1047.0,1025.0,1026.0,9800.0,1026.0
2022-10-11,1010.0,1022.0,983.0,1010.0,14300.0,1010.0
2022-10-12,1007.0,1007.0,963.0,974.0,14800.0,974.0
2022-10-13,974.0,974.0,964.0,965.0,3100.0,965.0
2022-10-14,973.0,973.0,940.0,943.0,9300.0,943.0
2022-10-17,950.0,950.0,929.0,930.0,6200.0,930.0
2022-10-18,945.0,946.0,929.0,940.0,4800.0,940.0
2022-10-19,1050.0,1050.0,988.0,1000.0,89400.0,1000.0
2022-10-20,1010.0,1018.0,996.0,1014.0,16400.0,1014.0
2022-10-21,1012.0,1049.0,1012.0,1049.0,14900.0,1049.0
2022-10-24,1055.0,1056.0,1035.0,1050.0,13700.0,1050.0
2022-10-25,1050.0,1050.0,1020.0,1032.0,6400.0,1032.0
2022-10-26,1032.0,1084.0,1032.0,1049.0,17000.0,1049.0
2022-10-27,1066.0,1066.0,1042.0,1049.0,6000.0,1049.0
2022-10-28,1042.0,1067.0,1031.0,1044.0,14900.0,1044.0
2022-10-31,1053.0,1060.0,1033.0,1050.0,8800.0,1050.0
2022-11-01,1051.0,1056.0,1035.0,1053.0,8200.0,1053.0
2022-11-02,1050.0,1060.0,1044.0,1060.0,6300.0,1060.0
2022-11-04,1052.0,1074.0,1046.0,1070.0,8100.0,1070.0
2022-11-07,1070.0,1125.0,1070.0,1118.0,16600.0,1118.0
2022-11-08,1127.0,1127.0,1027.0,1052.0,38400.0,1052.0
2022-11-09,1030.0,1088.0,996.0,1086.0,37300.0,1086.0
2022-11-10,1079.0,1079.0,1001.0,1078.0,15800.0,1078.0
2022-11-11,1080.0,1080.0,1043.0,1050.0,4700.0,1050.0
2022-11-14,1050.0,1050.0,1016.0,1026.0,6200.0,1026.0
2022-11-15,1026.0,1033.0,1012.0,1015.0,3400.0,1015.0
2022-11-16,1011.0,1011.0,964.0,991.0,9400.0,991.0
2022-11-17,991.0,1029.0,991.0,1028.0,7400.0,1028.0
2022-11-18,1028.0,1028.0,1011.0,1011.0,2000.0,1011.0
2022-11-21,1013.0,1030.0,1009.0,1019.0,2400.0,1019.0
2022-11-22,1019.0,1019.0,1010.0,1015.0,1800.0,1015.0
2022-11-24,1015.0,1022.0,1015.0,1022.0,1800.0,1022.0
2022-11-25,1046.0,1046.0,1015.0,1021.0,7300.0,1021.0
2022-11-28,1021.0,1021.0,1000.0,1021.0,3300.0,1021.0
2022-11-29,1021.0,1024.0,1021.0,1024.0,800.0,1024.0
2022-11-30,1016.0,1016.0,1006.0,1014.0,2700.0,1014.0
2022-12-01,1014.0,1014.0,1008.0,1014.0,1100.0,1014.0
2022-12-02,1006.0,1007.0,1006.0,1007.0,400.0,1007.0
2022-12-05,1019.0,1020.0,1006.0,1008.0,2600.0,1008.0
2022-12-06,1003.0,1008.0,973.0,991.0,8500.0,991.0
2022-12-07,976.0,996.0,964.0,976.0,4700.0,976.0
2022-12-08,976.0,979.0,965.0,971.0,2300.0,971.0
2022-12-09,986.0,986.0,972.0,972.0,1500.0,972.0
2022-12-12,1030.0,1045.0,986.0,999.0,13100.0,999.0
2022-12-13,1014.0,1025.0,1009.0,1013.0,1700.0,1013.0
2022-12-14,1006.0,1024.0,1006.0,1023.0,3900.0,1023.0
2022-12-15,1005.0,1018.0,1005.0,1018.0,1300.0,1018.0
2022-12-16,1017.0,1017.0,1004.0,1008.0,1100.0,1008.0
2022-12-19,1027.0,1027.0,1010.0,1026.0,4100.0,1026.0
2022-12-20,1026.0,1026.0,981.0,981.0,5300.0,981.0
2022-12-21,1011.0,1011.0,985.0,999.0,2200.0,999.0
2022-12-22,1012.0,1012.0,999.0,999.0,1000.0,999.0
2022-12-23,1000.0,1000.0,990.0,996.0,2300.0,996.0
2022-12-26,1011.0,1011.0,957.0,997.0,6300.0,997.0
2022-12-27,982.0,997.0,973.0,973.0,3100.0,973.0
2022-12-28,975.0,975.0,960.0,965.0,11300.0,965.0
2022-12-29,955.0,958.0,945.0,952.0,3900.0,952.0
2022-12-30,952.0,959.0,945.0,945.0,3700.0,945.0
2023-01-04,944.0,974.0,944.0,968.0,15300.0,968.0
2023-01-05,968.0,968.0,948.0,948.0,2300.0,948.0
2023-01-06,949.0,949.0,940.0,949.0,2600.0,949.0
2023-01-10,949.0,980.0,949.0,961.0,2500.0,961.0
2023-01-11,976.0,990.0,976.0,981.0,3700.0,981.0
2023-01-12,995.0,995.0,982.0,991.0,2300.0,991.0
2023-01-13,995.0,995.0,991.0,991.0,1200.0,991.0
2023-01-16,991.0,991.0,981.0,985.0,600.0,985.0
2023-01-17,987.0,987.0,975.0,975.0,500.0,975.0
2023-01-18,975.0,982.0,975.0,978.0,1200.0,978.0
2023-01-19,978.0,987.0,978.0,984.0,1600.0,984.0
2023-01-20,982.0,982.0,971.0,979.0,2600.0,979.0
2023-01-23,983.0,983.0,979.0,982.0,3300.0,982.0
2023-01-24,982.0,986.0,980.0,982.0,4900.0,982.0
2023-01-25,982.0,985.0,980.0,982.0,10900.0,982.0
2023-01-26,982.0,982.0,975.0,976.0,1400.0,976.0
2023-01-27,979.0,982.0,977.0,977.0,1000.0,977.0
2023-01-30,979.0,984.0,977.0,984.0,1600.0,984.0
2023-01-31,982.0,982.0,973.0,982.0,1400.0,982.0
2023-02-01,982.0,983.0,980.0,980.0,2600.0,980.0
2023-02-02,982.0,988.0,980.0,982.0,8300.0,982.0
2023-02-03,983.0,983.0,980.0,980.0,1200.0,980.0
2023-02-06,984.0,1017.0,980.0,1008.0,10900.0,1008.0
2023-02-07,1018.0,1031.0,1010.0,1011.0,7100.0,1011.0
2023-02-08,1126.0,1126.0,1024.0,1036.0,36500.0,1036.0
2023-02-09,1030.0,1052.0,1030.0,1050.0,8200.0,1050.0
2023-02-10,1058.0,1067.0,1041.0,1050.0,10000.0,1050.0
2023-02-13,1046.0,1046.0,1016.0,1029.0,11700.0,1029.0
2023-02-14,1040.0,1050.0,1027.0,1048.0,13400.0,1048.0
2023-02-15,1030.0,1037.0,1024.0,1033.0,3700.0,1033.0
2023-02-16,1034.0,1043.0,1033.0,1037.0,3400.0,1037.0
2023-02-17,1030.0,1030.0,1015.0,1029.0,5800.0,1029.0
2023-02-20,1029.0,1029.0,1018.0,1020.0,2600.0,1020.0
2023-02-21,1026.0,1042.0,1026.0,1032.0,4700.0,1032.0
2023-02-22,1031.0,1032.0,1027.0,1030.0,5200.0,1030.0
2023-02-24,1030.0,1040.0,1027.0,1030.0,7300.0,1030.0
2023-02-27,1037.0,1037.0,1030.0,1034.0,7600.0,1034.0
2023-02-28,1034.0,1034.0,1030.0,1030.0,1700.0,1030.0
2023-03-01,1023.0,1032.0,1016.0,1029.0,8100.0,1029.0
2023-03-02,1025.0,1033.0,1024.0,1033.0,3000.0,1033.0
2023-03-03,1030.0,1036.0,1030.0,1035.0,2400.0,1035.0
2023-03-06,1039.0,1059.0,1032.0,1056.0,8000.0,1056.0
2023-03-07,1057.0,1090.0,1050.0,1078.0,13300.0,1078.0
2023-03-08,1078.0,1127.0,1078.0,1121.0,18100.0,1121.0
2023-03-09,1121.0,1192.0,1112.0,1175.0,18900.0,1175.0
2023-03-10,1190.0,1220.0,1161.0,1204.0,26000.0,1204.0
2023-03-13,1197.0,1273.0,1160.0,1273.0,27800.0,1273.0
2023-03-14,1294.0,1318.0,1224.0,1310.0,138800.0,1310.0
2023-03-15,1320.0,1320.0,1274.0,1303.0,64200.0,1303.0
2023-03-16,1273.0,1450.0,1236.0,1450.0,115400.0,1450.0
2023-03-17,1449.0,1598.0,1427.0,1473.0,128100.0,1473.0
2023-03-20,1481.0,1484.0,1245.0,1245.0,155100.0,1245.0
2023-03-22,1289.0,1312.0,1181.0,1181.0,58000.0,1181.0
2023-03-23,1192.0,1236.0,1142.0,1202.0,59100.0,1202.0
2023-03-24,1192.0,1232.0,1163.0,1229.0,27800.0,1229.0
2023-03-27,1228.0,1228.0,1184.0,1185.0,15300.0,1185.0
2023-03-28,1186.0,1197.0,1163.0,1163.0,19500.0,1163.0
2023-03-29,1151.0,1187.0,1140.0,1140.0,20900.0,1140.0
2023-03-30,1140.0,1202.0,1062.0,1185.0,49300.0,1185.0
2023-03-31,1234.0,1293.0,1215.0,1265.0,62100.0,1265.0
2023-04-03,1295.0,1374.0,1286.0,1315.0,64900.0,1315.0
2023-04-04,1300.0,1336.0,1266.0,1336.0,43300.0,1336.0
2023-04-05,1331.0,1360.0,1281.0,1301.0,38200.0,1301.0
2023-04-06,1301.0,1331.0,1250.0,1250.0,18000.0,1250.0
2023-04-07,1260.0,1262.0,1230.0,1240.0,12100.0,1240.0
2023-04-10,1242.0,1309.0,1240.0,1309.0,13000.0,1309.0
2023-04-11,1300.0,1313.0,1278.0,1304.0,13500.0,1304.0
2023-04-12,1304.0,1320.0,1277.0,1320.0,9700.0,1320.0
2023-04-13,1305.0,1347.0,1292.0,1342.0,18600.0,1342.0
2023-04-14,1335.0,1357.0,1305.0,1323.0,25900.0,1323.0
2023-04-17,1323.0,1345.0,1300.0,1340.0,9400.0,1340.0
2023-04-18,1344.0,1445.0,1323.0,1425.0,87500.0,1425.0
2023-04-19,1425.0,1445.0,1396.0,1415.0,40200.0,1415.0
2023-04-20,1415.0,1472.0,1415.0,1441.0,57000.0,1441.0
2023-04-21,1441.0,1449.0,1371.0,1430.0,54900.0,1430.0
2023-04-24,1425.0,1436.0,1313.0,1373.0,88200.0,1373.0
2023-04-25,1386.0,1487.0,1362.0,1460.0,80600.0,1460.0
2023-04-26,1490.0,1518.0,1406.0,1517.0,82700.0,1517.0
2023-04-27,1520.0,1570.0,1476.0,1551.0,61800.0,1551.0
2023-04-28,1550.0,1553.0,1480.0,1553.0,69500.0,1553.0
2023-05-01,1513.0,1513.0,1432.0,1462.0,87900.0,1462.0
2023-05-02,1346.0,1363.0,1266.0,1283.0,161200.0,1283.0
2023-05-08,1285.0,1305.0,1260.0,1277.0,64300.0,1277.0
2023-05-09,1275.0,1314.0,1265.0,1296.0,114800.0,1296.0
2023-05-10,1113.0,1131.0,1086.0,1100.0,176100.0,1100.0
2023-05-11,1101.0,1110.0,1080.0,1083.0,58600.0,1083.0
2023-05-12,1076.0,1087.0,1045.0,1046.0,73000.0,1046.0
2023-05-15,1060.0,1075.0,1036.0,1062.0,37200.0,1062.0
2023-05-16,1064.0,1080.0,1043.0,1044.0,26100.0,1044.0
2023-05-17,1043.0,1044.0,1020.0,1020.0,53500.0,1020.0
2023-05-18,1025.0,1048.0,1016.0,1048.0,38800.0,1048.0
2023-05-19,1049.0,1049.0,1025.0,1041.0,17700.0,1041.0
2023-05-22,1040.0,1041.0,1030.0,1034.0,10200.0,1034.0
2023-05-23,1034.0,1052.0,1028.0,1028.0,26700.0,1028.0
2023-05-24,1028.0,1043.0,1028.0,1039.0,13900.0,1039.0
2023-05-25,1039.0,1040.0,1025.0,1028.0,23700.0,1028.0
2023-05-26,1031.0,1031.0,989.0,1003.0,49200.0,1003.0
2023-05-29,1006.0,1006.0,982.0,1003.0,22200.0,1003.0
2023-05-30,1000.0,1000.0,969.0,984.0,32000.0,984.0
2023-05-31,985.0,1009.0,978.0,1004.0,20100.0,1004.0
2023-06-01,1004.0,1008.0,996.0,1008.0,8200.0,1008.0
2023-06-02,1011.0,1036.0,1008.0,1035.0,26400.0,1035.0
2023-06-05,1040.0,1045.0,1025.0,1040.0,25400.0,1040.0
2023-06-06,1042.0,1042.0,1020.0,1027.0,17400.0,1027.0
2023-06-07,1031.0,1043.0,1001.0,1010.0,21800.0,1010.0
2023-06-08,1010.0,1010.0,993.0,1006.0,19000.0,1006.0
2023-06-09,1006.0,1013.0,1000.0,1013.0,5700.0,1013.0
2023-06-12,1015.0,1017.0,1004.0,1016.0,14000.0,1016.0
2023-06-13,1016.0,1020.0,1006.0,1006.0,15200.0,1006.0
2023-06-14,1008.0,1016.0,999.0,1001.0,15300.0,1001.0
2023-06-15,1000.0,1015.0,994.0,1001.0,11100.0,1001.0
2023-06-16,1005.0,1029.0,1004.0,1029.0,23100.0,1029.0
2023-06-19,1029.0,1029.0,1010.0,1014.0,15200.0,1014.0
2023-06-20,1014.0,1043.0,1013.0,1043.0,21200.0,1043.0
2023-06-21,1039.0,1074.0,1035.0,1070.0,45300.0,1070.0
2023-06-22,1070.0,1077.0,1043.0,1052.0,28900.0,1052.0
2023-06-23,1068.0,1085.0,1043.0,1057.0,21300.0,1057.0
2023-06-26,1049.0,1053.0,1030.0,1033.0,26900.0,1033.0
2023-06-27,1023.0,1028.0,1010.0,1023.0,11500.0,1023.0
2023-06-28,1023.0,1040.0,1020.0,1039.0,16700.0,1039.0
2023-06-29,1045.0,1055.0,1034.0,1034.0,14500.0,1034.0
2023-06-30,1042.0,1056.0,1039.0,1051.0,10800.0,1051.0
2023-07-03,1051.0,1060.0,1038.0,1039.0,10000.0,1039.0
2023-07-04,1043.0,1043.0,1031.0,1035.0,9400.0,1035.0
2023-07-05,1040.0,1042.0,1023.0,1037.0,10500.0,1037.0
2023-07-06,1035.0,1035.0,1008.0,1021.0,11900.0,1021.0
2023-07-07,1003.0,1034.0,1000.0,1019.0,12300.0,1019.0
2023-07-10,1014.0,1046.0,1014.0,1046.0,16900.0,1046.0
2023-07-11,1064.0,1110.0,1059.0,1101.0,70200.0,1101.0
2023-07-12,1119.0,1119.0,1064.0,1095.0,46000.0,1095.0
2023-07-13,1117.0,1117.0,1066.0,1082.0,27800.0,1082.0
2023-07-14,1078.0,1080.0,1050.0,1065.0,20000.0,1065.0
2023-07-18,1065.0,1102.0,1065.0,1083.0,13300.0,1083.0
2023-07-19,1082.0,1086.0,1073.0,1073.0,8300.0,1073.0
2023-07-20,1078.0,1079.0,1062.0,1066.0,4500.0,1066.0
2023-07-21,1059.0,1075.0,1050.0,1074.0,9600.0,1074.0
2023-07-24,1072.0,1086.0,1069.0,1077.0,8800.0,1077.0
2023-07-25,1085.0,1085.0,1058.0,1067.0,18100.0,1067.0
2023-07-26,1071.0,1071.0,1054.0,1066.0,15800.0,1066.0
2023-07-27,1066.0,1068.0,1052.0,1059.0,8400.0,1059.0
2023-07-28,1060.0,1079.0,1052.0,1070.0,17900.0,1070.0
2023-07-31,1066.0,1072.0,1054.0,1058.0,7700.0,1058.0
2023-08-01,1052.0,1055.0,1021.0,1036.0,23500.0,1036.0
2023-08-02,1023.0,1041.0,1021.0,1021.0,10100.0,1021.0
2023-08-03,1021.0,1021.0,998.0,1016.0,19500.0,1016.0
2023-08-04,1007.0,1015.0,1004.0,1010.0,3200.0,1010.0
2023-08-07,1012.0,1019.0,1003.0,1019.0,3100.0,1019.0
2023-08-08,1020.0,1033.0,1006.0,1010.0,14000.0,1010.0
2023-08-09,920.0,931.0,885.0,887.0,112500.0,887.0
2023-08-10,896.0,917.0,889.0,908.0,39800.0,908.0
2023-08-14,905.0,927.0,905.0,920.0,19800.0,920.0
2023-08-15,920.0,940.0,918.0,930.0,19700.0,930.0
2023-08-16,933.0,939.0,928.0,928.0,16200.0,928.0
2023-08-17,933.0,933.0,899.0,907.0,19800.0,907.0
2023-08-18,907.0,910.0,897.0,905.0,12000.0,905.0
2023-08-21,905.0,920.0,903.0,911.0,6400.0,911.0
2023-08-22,911.0,925.0,909.0,920.0,5500.0,920.0
2023-08-23,920.0,942.0,919.0,926.0,25100.0,926.0
2023-08-24,927.0,934.0,918.0,922.0,7000.0,922.0
2023-08-25,927.0,927.0,919.0,920.0,6900.0,920.0
2023-08-28,924.0,930.0,921.0,927.0,8300.0,927.0
2023-08-29,937.0,943.0,937.0,938.0,1400.0,938.0
2023-08-30,945.0,945.0,932.0,939.0,3000.0,939.0
2023-08-31,939.0,955.0,935.0,949.0,7800.0,949.0
2023-09-01,942.0,954.0,941.0,953.0,3200.0,953.0
2023-09-04,959.0,982.0,958.0,968.0,12100.0,968.0
2023-09-05,968.0,987.0,958.0,983.0,18900.0,983.0
2023-09-06,988.0,1015.0,985.0,1011.0,22100.0,1011.0
2023-09-07,1011.0,1015.0,996.0,1007.0,9900.0,1007.0
2023-09-08,1007.0,1016.0,991.0,1005.0,5500.0,1005.0
2023-09-11,1004.0,1011.0,964.0,988.0,19200.0,988.0
2023-09-12,977.0,1001.0,965.0,1001.0,16200.0,1001.0
2023-09-13,998.0,1011.0,956.0,984.0,14200.0,984.0
2023-09-14,977.0,1004.0,977.0,995.0,7800.0,995.0
2023-09-15,985.0,1005.0,985.0,1004.0,5600.0,1004.0
2023-09-19,1002.0,1005.0,994.0,1005.0,1700.0,1005.0
2023-09-20,1002.0,1004.0,995.0,1002.0,3500.0,1002.0
2023-09-21,1001.0,1009.0,994.0,1003.0,6200.0,1003.0
2023-09-22,1002.0,1019.0,995.0,1004.0,7400.0,1004.0
2023-09-25,1015.0,1015.0,980.0,1004.0,9600.0,1004.0
2023-09-26,1004.0,1004.0,955.0,960.0,30300.0,960.0
2023-09-27,960.0,978.0,960.0,978.0,17600.0,978.0
2023-09-28,955.0,972.0,952.0,952.0,4200.0,952.0
2023-09-29,944.0,967.0,937.0,948.0,9400.0,948.0
2023-10-02,948.0,960.0,948.0,955.0,3700.0,955.0
2023-10-03,933.0,945.0,925.0,925.0,6700.0,925.0
2023-10-04,923.0,923.0,906.0,918.0,15500.0,918.0
2023-10-05,919.0,929.0,913.0,929.0,3500.0,929.0
2023-10-06,929.0,943.0,926.0,943.0,1200.0,943.0
2023-10-10,938.0,946.0,931.0,943.0,3100.0,943.0
2023-10-11,943.0,943.0,923.0,937.0,1800.0,937.0
2023-10-12,931.0,937.0,928.0,935.0,1100.0,935.0
2023-10-13,921.0,931.0,916.0,925.0,4700.0,925.0
2023-10-16,910.0,928.0,909.0,920.0,11900.0,920.0
2023-10-17,918.0,925.0,918.0,921.0,1800.0,921.0
2023-10-18,925.0,931.0,919.0,928.0,4800.0,928.0
2023-10-19,928.0,930.0,924.0,929.0,2300.0,929.0
2023-10-20,929.0,934.0,922.0,927.0,3400.0,927.0
2023-10-23,924.0,928.0,918.0,924.0,4200.0,924.0
2023-10-24,924.0,940.0,919.0,940.0,5600.0,940.0
2023-10-25,955.0,955.0,941.0,943.0,9100.0,943.0
2023-10-26,944.0,946.0,934.0,946.0,2100.0,946.0
2023-10-27,931.0,942.0,931.0,932.0,2500.0,932.0
2023-10-31,932.0,935.0,922.0,932.0,2700.0,932.0
2023-11-01,920.0,930.0,920.0,925.0,3200.0,925.0
2023-11-02,927.0,928.0,921.0,927.0,1900.0,927.0
2023-11-06,934.0,947.0,932.0,937.0,6400.0,937.0
2023-11-07,940.0,973.0,940.0,972.0,12700.0,972.0
2023-11-08,972.0,975.0,965.0,965.0,4900.0,965.0
2023-11-09,964.0,964.0,952.0,955.0,4700.0,955.0
2023-11-10,940.0,953.0,938.0,953.0,3800.0,953.0
2023-11-13,950.0,966.0,950.0,955.0,2700.0,955.0
2023-11-14,965.0,966.0,956.0,960.0,3800.0,960.0
2023-11-15,950.0,950.0,910.0,923.0,10200.0,923.0
2023-11-16,910.0,919.0,908.0,909.0,2300.0,909.0
2023-11-17,910.0,932.0,908.0,932.0,2800.0,932.0
2023-11-20,918.0,975.0,918.0,955.0,10500.0,955.0
2023-11-21,953.0,957.0,952.0,952.0,1900.0,952.0
2023-11-22,953.0,964.0,953.0,962.0,2200.0,962.0
2023-11-24,955.0,965.0,955.0,963.0,5600.0,963.0
2023-11-27,965.0,965.0,939.0,953.0,5200.0,953.0
2023-11-28,946.0,950.0,944.0,947.0,1200.0,947.0
2023-11-29,936.0,957.0,936.0,957.0,6700.0,957.0
2023-11-30,956.0,958.0,956.0,956.0,400.0,956.0
2023-12-01,956.0,956.0,952.0,955.0,800.0,955.0
2023-12-04,953.0,953.0,933.0,933.0,4000.0,933.0
2023-12-05,941.0,941.0,928.0,941.0,1900.0,941.0
2023-12-06,937.0,937.0,910.0,930.0,2600.0,930.0
2023-12-07,932.0,932.0,915.0,918.0,3400.0,918.0
2023-12-08,918.0,936.0,918.0,930.0,3000.0,930.0
2023-12-11,960.0,960.0,930.0,934.0,5700.0,934.0
2023-12-12,935.0,935.0,935.0,935.0,300.0,935.0
2023-12-13,923.0,926.0,923.0,926.0,800.0,926.0
2023-12-14,916.0,920.0,909.0,909.0,2100.0,909.0
2023-12-15,901.0,913.0,901.0,908.0,1300.0,908.0
2023-12-18,910.0,910.0,901.0,910.0,4300.0,910.0
2023-12-19,910.0,910.0,908.0,909.0,1400.0,909.0
2023-12-20,903.0,913.0,903.0,911.0,2400.0,911.0
2023-12-21,912.0,912.0,905.0,911.0,9800.0,911.0
2023-12-22,915.0,915.0,912.0,914.0,2600.0,914.0
2023-12-25,944.0,944.0,917.0,924.0,16000.0,924.0
2023-12-26,920.0,920.0,901.0,912.0,8700.0,912.0
2023-12-27,920.0,922.0,901.0,904.0,4300.0,904.0
2023-12-28,908.0,927.0,908.0,920.0,3900.0,920.0
2023-12-29,915.0,932.0,915.0,922.0,4200.0,922.0
2024-01-04,922.0,943.0,922.0,940.0,4400.0,940.0
2024-01-05,941.0,947.0,933.0,947.0,5700.0,947.0
2024-01-09,948.0,962.0,936.0,962.0,9200.0,962.0
2024-01-10,962.0,963.0,954.0,954.0,4900.0,954.0
2024-01-11,951.0,1026.0,951.0,995.0,23900.0,995.0
2024-01-12,1003.0,1012.0,960.0,966.0,14900.0,966.0
2024-01-15,966.0,985.0,959.0,959.0,1300.0,959.0
2024-01-16,959.0,984.0,956.0,959.0,5000.0,959.0
2024-01-17,959.0,959.0,950.0,958.0,2400.0,958.0
2024-01-18,945.0,956.0,930.0,936.0,5600.0,936.0
2024-01-19,932.0,934.0,931.0,932.0,600.0,932.0
2024-01-22,930.0,974.0,930.0,959.0,7000.0,959.0
2024-01-23,966.0,966.0,940.0,951.0,3400.0,951.0
2024-01-24,954.0,970.0,953.0,963.0,9700.0,963.0
2024-01-25,989.0,994.0,945.0,945.0,23500.0,945.0
2024-01-26,946.0,958.0,936.0,936.0,8400.0,936.0
2024-01-29,950.0,956.0,950.0,956.0,400.0,956.0
2024-01-30,962.0,970.0,955.0,970.0,1700.0,970.0
2024-01-31,960.0,979.0,960.0,971.0,3500.0,971.0
2024-02-01,973.0,973.0,960.0,961.0,900.0,961.0
2024-02-02,956.0,956.0,949.0,955.0,1700.0,955.0
2024-02-05,963.0,963.0,948.0,959.0,3400.0,959.0
2024-02-06,953.0,957.0,951.0,957.0,1300.0,957.0
2024-02-07,957.0,957.0,933.0,942.0,3900.0,942.0
2024-02-08,942.0,951.0,938.0,938.0,3400.0,938.0
2024-02-09,934.0,955.0,934.0,937.0,1000.0,937.0
2024-02-13,937.0,950.0,937.0,950.0,4400.0,950.0
2024-02-14,935.0,945.0,923.0,941.0,3600.0,941.0
2024-02-15,941.0,942.0,909.0,915.0,8400.0,915.0
2024-02-16,909.0,920.0,903.0,907.0,6500.0,907.0
2024-02-19,908.0,920.0,894.0,909.0,12700.0,909.0
2024-02-20,912.0,917.0,897.0,899.0,8000.0,899.0
2024-02-21,899.0,905.0,895.0,896.0,3900.0,896.0
2024-02-22,897.0,923.0,895.0,920.0,3900.0,920.0
2024-02-26,925.0,932.0,913.0,930.0,9600.0,930.0
2024-02-27,930.0,944.0,930.0,940.0,2400.0,940.0
2024-02-28,946.0,946.0,931.0,931.0,300.0,931.0
2024-02-29,927.0,932.0,921.0,921.0,700.0,921.0
2024-03-01,917.0,926.0,916.0,916.0,1900.0,916.0
2024-03-04,917.0,927.0,916.0,927.0,1000.0,927.0
2024-03-05,925.0,925.0,925.0,925.0,100.0,925.0
2024-03-06,925.0,927.0,912.0,916.0,1200.0,916.0
2024-03-07,920.0,920.0,915.0,915.0,2500.0,915.0
2024-03-08,909.0,931.0,905.0,928.0,3500.0,928.0
2024-03-11,921.0,921.0,918.0,918.0,400.0,918.0
2024-03-12,918.0,918.0,904.0,907.0,1800.0,907.0
2024-03-13,908.0,915.0,905.0,915.0,2200.0,915.0
2024-03-14,915.0,928.0,915.0,916.0,900.0,916.0
2024-03-15,911.0,911.0,910.0,911.0,700.0,911.0
2024-03-18,911.0,911.0,908.0,908.0,1300.0,908.0
2024-03-19,908.0,924.0,908.0,917.0,2100.0,917.0
2024-03-21,913.0,922.0,911.0,922.0,1900.0,922.0
2024-03-22,917.0,928.0,917.0,928.0,3700.0,928.0
2024-03-25,928.0,928.0,915.0,915.0,5100.0,915.0
2024-03-26,915.0,929.0,914.0,921.0,2900.0,921.0
2024-03-27,927.0,927.0,914.0,921.0,1400.0,921.0
2024-03-28,919.0,920.0,919.0,920.0,700.0,920.0
2024-03-29,916.0,921.0,914.0,914.0,600.0,914.0
2024-04-01,923.0,923.0,923.0,923.0,700.0,923.0
2024-04-02,908.0,919.0,908.0,919.0,2700.0,919.0
2024-04-04,905.0,912.0,905.0,912.0,300.0,912.0
2024-04-05,910.0,912.0,906.0,907.0,700.0,907.0
2024-04-08,912.0,920.0,908.0,908.0,800.0,908.0
2024-04-09,917.0,932.0,917.0,930.0,4600.0,930.0
2024-04-10,949.0,997.0,930.0,934.0,21100.0,934.0
2024-04-11,932.0,968.0,932.0,963.0,600.0,963.0
2024-04-12,963.0,963.0,959.0,959.0,1800.0,959.0
2024-04-15,970.0,970.0,955.0,955.0,1200.0,955.0
2024-04-16,954.0,954.0,935.0,940.0,1100.0,940.0
2024-04-17,939.0,939.0,926.0,926.0,4100.0,926.0
2024-04-18,942.0,942.0,942.0,942.0,100.0,942.0
2024-04-19,942.0,942.0,930.0,930.0,1500.0,930.0
2024-04-22,940.0,940.0,937.0,937.0,400.0,937.0
2024-04-23,962.0,962.0,944.0,954.0,1000.0,954.0
2024-04-24,956.0,990.0,956.0,990.0,3200.0,990.0
2024-04-25,997.0,997.0,989.0,989.0,4300.0,989.0
2024-04-26,963.0,963.0,963.0,963.0,100.0,963.0
2024-04-30,940.0,962.0,940.0,947.0,700.0,947.0
2024-05-01,932.0,932.0,911.0,911.0,2600.0,911.0
2024-05-02,926.0,926.0,926.0,926.0,100.0,926.0
2024-05-07,943.0,943.0,942.0,942.0,300.0,942.0
2024-05-08,998.0,1000.0,975.0,995.0,16400.0,995.0
2024-05-09,999.0,1000.0,978.0,990.0,6900.0,990.0
2024-05-10,979.0,979.0,944.0,955.0,4800.0,955.0
2024-05-13,955.0,955.0,916.0,922.0,6900.0,922.0
2024-05-14,950.0,960.0,940.0,944.0,2900.0,944.0
2024-05-15,941.0,941.0,940.0,940.0,1700.0,940.0
2024-05-16,930.0,932.0,928.0,932.0,400.0,932.0
2024-05-17,931.0,932.0,929.0,932.0,900.0,932.0
2024-05-20,931.0,975.0,931.0,963.0,3200.0,963.0
2024-05-21,973.0,973.0,953.0,953.0,1400.0,953.0
2024-05-22,940.0,954.0,940.0,943.0,3400.0,943.0
2024-05-23,943.0,943.0,943.0,943.0,300.0,943.0
2024-05-24,913.0,938.0,912.0,936.0,13800.0,936.0
2024-05-27,946.0,946.0,940.0,940.0,4700.0,940.0
2024-05-28,960.0,960.0,927.0,928.0,900.0,928.0
2024-05-29,928.0,938.0,928.0,932.0,800.0,932.0
2024-05-30,922.0,933.0,920.0,931.0,3200.0,931.0
2024-05-31,931.0,931.0,921.0,928.0,700.0,928.0
2024-06-03,930.0,933.0,930.0,933.0,1100.0,933.0
2024-06-04,925.0,933.0,925.0,933.0,1600.0,933.0
2024-06-05,933.0,933.0,933.0,933.0,200.0,933.0
2024-06-06,932.0,932.0,932.0,932.0,400.0,932.0
2024-06-07,937.0,941.0,933.0,933.0,900.0,933.0
2024-06-10,933.0,941.0,933.0,941.0,700.0,941.0
2024-06-11,954.0,954.0,941.0,950.0,4500.0,950.0
2024-06-12,945.0,945.0,936.0,936.0,200.0,936.0
2024-06-13,930.0,932.0,930.0,930.0,500.0,930.0
2024-06-14,933.0,945.0,933.0,933.0,3500.0,933.0
2024-06-17,939.0,947.0,934.0,947.0,1000.0,947.0
2024-06-18,947.0,949.0,944.0,947.0,6500.0,947.0
2024-06-19,947.0,950.0,947.0,948.0,600.0,948.0
2024-06-20,950.0,960.0,950.0,950.0,1700.0,950.0
2024-06-21,950.0,952.0,948.0,952.0,9900.0,952.0
2024-06-24,959.0,975.0,959.0,975.0,5600.0,975.0
2024-06-25,974.0,974.0,953.0,953.0,5900.0,953.0
2024-06-26,955.0,962.0,955.0,960.0,300.0,960.0
2024-06-27,960.0,960.0,950.0,950.0,200.0,950.0
2024-06-28,952.0,952.0,952.0,952.0,400.0,952.0
2024-07-01,956.0,956.0,951.0,951.0,2500.0,951.0
2024-07-02,946.0,946.0,940.0,945.0,1900.0,945.0
2024-07-03,945.0,960.0,945.0,960.0,900.0,960.0
2024-07-04,946.0,946.0,946.0,946.0,300.0,946.0
2024-07-05,953.0,953.0,953.0,953.0,1000.0,953.0
2024-07-08,970.0,972.0,962.0,972.0,3900.0,972.0
2024-07-09,970.0,970.0,951.0,966.0,900.0,966.0
2024-07-10,965.0,967.0,965.0,967.0,200.0,967.0
2024-07-11,965.0,965.0,945.0,948.0,1300.0,948.0
2024-07-12,937.0,944.0,937.0,944.0,700.0,944.0
2024-07-16,947.0,947.0,947.0,947.0,1100.0,947.0
2024-07-17,952.0,968.0,950.0,950.0,600.0,950.0
2024-07-18,957.0,960.0,955.0,960.0,700.0,960.0
2024-07-19,958.0,964.0,958.0,964.0,1100.0,964.0
2024-07-22,965.0,965.0,951.0,951.0,5000.0,951.0
2024-07-23,952.0,966.0,952.0,962.0,600.0,962.0
2024-07-24,964.0,968.0,964.0,968.0,3200.0,968.0
2024-07-25,971.0,971.0,952.0,952.0,5300.0,952.0
2024-07-26,952.0,956.0,944.0,956.0,1400.0,956.0
2024-07-29,956.0,956.0,945.0,945.0,600.0,945.0
2024-07-30,945.0,950.0,945.0,950.0,300.0,950.0
2024-07-31,950.0,950.0,950.0,950.0,100.0,950.0
2024-08-01,943.0,950.0,942.0,942.0,700.0,942.0
2024-08-02,942.0,942.0,920.0,920.0,4700.0,920.0
2024-08-05,909.0,925.0,880.0,923.0,8572900.0,923.0
2024-08-06,896.0,932.0,895.0,913.0,3900.0,913.0
2024-08-07,905.0,920.0,894.0,913.0,4700.0,913.0
2024-08-08,908.0,908.0,893.0,896.0,5200.0,896.0
2024-08-09,902.0,902.0,901.0,901.0,300.0,901.0
2024-08-13,975.0,975.0,941.0,943.0,3700.0,943.0
2024-08-14,913.0,920.0,913.0,915.0,4200.0,915.0
2024-08-15,918.0,918.0,917.0,918.0,600.0,918.0
2024-08-16,920.0,920.0,914.0,916.0,1500.0,916.0
2024-08-19,916.0,917.0,916.0,917.0,200.0,917.0
2024-08-20,927.0,927.0,921.0,926.0,1000.0,926.0
2024-08-21,928.0,938.0,928.0,930.0,700.0,930.0
2024-08-22,939.0,939.0,934.0,937.0,800.0,937.0
2024-08-23,931.0,940.0,922.0,940.0,3500.0,940.0
2024-08-26,943.0,943.0,928.0,940.0,4800.0,940.0
2024-08-27,928.0,929.0,928.0,929.0,500.0,929.0
2024-08-28,929.0,929.0,929.0,929.0,200.0,929.0
2024-08-29,929.0,929.0,920.0,920.0,1700.0,920.0
2024-08-30,938.0,944.0,935.0,944.0,5300.0,944.0
2024-09-02,945.0,954.0,945.0,950.0,2200.0,950.0
2024-09-03,954.0,960.0,950.0,950.0,3200.0,950.0
2024-09-04,950.0,950.0,950.0,950.0,600.0,950.0
2024-09-05,950.0,950.0,946.0,946.0,500.0,946.0
2024-09-09,961.0,961.0,949.0,950.0,1400.0,950.0
2024-09-10,950.0,950.0,941.0,941.0,900.0,941.0
2024-09-11,931.0,941.0,930.0,930.0,1500.0,930.0
2024-09-12,942.0,948.0,934.0,934.0,1200.0,934.0
2024-09-13,942.0,948.0,942.0,948.0,400.0,948.0
2024-09-17,943.0,943.0,935.0,935.0,800.0,935.0
2024-09-19,946.0,949.0,942.0,942.0,700.0,942.0
2024-09-20,941.0,959.0,940.0,959.0,1700.0,959.0
2024-09-24,960.0,977.0,959.0,977.0,5900.0,977.0
2024-09-25,978.0,980.0,965.0,977.0,7500.0,977.0
2024-09-26,965.0,977.0,959.0,977.0,3100.0,977.0
2024-09-27,902.0,945.0,902.0,945.0,3200.0,945.0
2024-09-30,930.0,930.0,915.0,921.0,1600.0,921.0
2024-10-01,923.0,923.0,921.0,921.0,300.0,921.0
2024-10-02,913.0,916.0,905.0,916.0,1400.0,916.0
2024-10-07,919.0,920.0,916.0,920.0,300.0,920.0
2024-10-08,917.0,924.0,917.0,924.0,400.0,924.0
2024-10-09,916.0,920.0,910.0,910.0,3500.0,910.0
2024-10-10,899.0,899.0,889.0,898.0,5100.0,898.0
2024-10-11,897.0,897.0,884.0,884.0,700.0,884.0
2024-10-15,887.0,889.0,887.0,889.0,3300.0,889.0
2024-10-16,887.0,887.0,872.0,880.0,4000.0,880.0
2024-10-17,880.0,881.0,880.0,881.0,500.0,881.0
2024-10-18,878.0,878.0,872.0,872.0,400.0,872.0
2024-10-21,872.0,872.0,853.0,857.0,1200.0,857.0
2024-10-22,861.0,887.0,850.0,850.0,2800.0,850.0
2024-10-23,852.0,852.0,840.0,840.0,2400.0,840.0
2024-10-24,840.0,842.0,818.0,842.0,3100.0,842.0
2024-10-25,853.0,853.0,852.0,852.0,5400.0,852.0
2024-10-28,837.0,859.0,836.0,858.0,500.0,858.0
2024-10-29,843.0,848.0,843.0,848.0,500.0,848.0
2024-10-30,848.0,848.0,846.0,846.0,300.0,846.0
2024-10-31,848.0,848.0,840.0,840.0,300.0,840.0
2024-11-01,840.0,852.0,840.0,852.0,1400.0,852.0
2024-11-05,840.0,853.0,840.0,846.0,800.0,846.0
2024-11-06,848.0,848.0,835.0,841.0,700.0,841.0
2024-11-07,841.0,841.0,841.0,841.0,300.0,841.0
2024-11-08,827.0,839.0,820.0,838.0,2400.0,838.0
2024-11-11,840.0,859.0,836.0,836.0,1900.0,836.0
2024-11-12,850.0,853.0,850.0,853.0,500.0,853.0
2024-11-13,868.0,890.0,868.0,886.0,4300.0,886.0
2024-11-14,887.0,902.0,886.0,886.0,700.0,886.0
2024-11-15,886.0,886.0,870.0,870.0,600.0,870.0
2024-11-19,870.0,873.0,856.0,873.0,1100.0,873.0
2024-11-20,880.0,880.0,864.0,864.0,700.0,864.0
2024-11-21,865.0,870.0,864.0,870.0,500.0,870.0
2024-11-22,875.0,895.0,861.0,895.0,1700.0,895.0
2024-11-25,921.0,921.0,901.0,915.0,5400.0,915.0
2024-11-27,909.0,909.0,865.0,865.0,300.0,865.0
2024-11-28,865.0,865.0,859.0,859.0,300.0,859.0
2024-11-29,859.0,865.0,856.0,856.0,300.0,856.0
2024-12-02,856.0,856.0,856.0,856.0,100.0,856.0
2024-12-03,886.0,886.0,865.0,865.0,900.0,865.0
2024-12-05,874.0,875.0,860.0,862.0,5600.0,862.0
2024-12-06,862.0,862.0,847.0,858.0,2000.0,858.0
2024-12-09,859.0,860.0,850.0,860.0,1500.0,860.0
2024-12-10,854.0,861.0,854.0,860.0,4800.0,860.0
2024-12-11,872.0,875.0,860.0,875.0,4700.0,875.0
2024-12-12,861.0,872.0,852.0,859.0,14000.0,859.0
2024-12-13,871.0,871.0,870.0,870.0,1100.0,870.0
2024-12-16,861.0,862.0,843.0,856.0,18700.0,856.0
2024-12-17,852.0,855.0,848.0,855.0,1600.0,855.0
2024-12-18,855.0,861.0,848.0,858.0,4300.0,858.0
2024-12-19,857.0,862.0,851.0,861.0,2900.0,861.0
2024-12-20,855.0,870.0,855.0,870.0,3000.0,870.0
2024-12-23,872.0,883.0,872.0,875.0,2000.0,875.0
2024-12-24,876.0,895.0,874.0,895.0,7500.0,895.0
2024-12-25,910.0,910.0,885.0,885.0,6500.0,885.0
2024-12-26,877.0,891.0,867.0,867.0,6700.0,867.0
2024-12-27,867.0,889.0,867.0,889.0,1200.0,889.0
2024-12-30,889.0,895.0,889.0,889.0,1000.0,889.0
2025-01-06,891.0,891.0,889.0,889.0,1900.0,889.0
2025-01-07,895.0,895.0,894.0,894.0,300.0,894.0
2025-01-08,880.0,895.0,880.0,895.0,400.0,895.0
2025-01-09,899.0,900.0,891.0,892.0,700.0,892.0
2025-01-10,892.0,902.0,891.0,902.0,1700.0,902.0
2025-01-14,892.0,902.0,882.0,902.0,500.0,902.0
2025-01-15,904.0,908.0,889.0,908.0,1000.0,908.0
2025-01-16,917.0,917.0,900.0,900.0,600.0,900.0
2025-01-17,892.0,914.0,892.0,909.0,5500.0,909.0
2025-01-20,910.0,917.0,910.0,911.0,1800.0,911.0
2025-01-21,911.0,919.0,911.0,919.0,300.0,919.0
2025-01-22,930.0,937.0,930.0,937.0,3600.0,937.0
2025-01-23,939.0,947.0,939.0,947.0,1600.0,947.0
2025-01-24,949.0,973.0,944.0,973.0,5700.0,973.0
2025-01-27,988.0,988.0,973.0,976.0,8900.0,976.0
2025-01-28,961.0,966.0,952.0,966.0,2100.0,966.0
2025-01-29,955.0,955.0,952.0,952.0,200.0,952.0
2025-01-30,937.0,937.0,936.0,936.0,200.0,936.0
2025-01-31,936.0,951.0,936.0,945.0,400.0,945.0
2025-02-03,950.0,953.0,950.0,953.0,500.0,953.0
2025-02-04,955.0,955.0,953.0,953.0,1200.0,953.0
2025-02-05,953.0,954.0,931.0,931.0,3600.0,931.0
2025-02-06,929.0,936.0,904.0,904.0,2200.0,904.0
2025-02-07,934.0,937.0,912.0,916.0,2300.0,916.0
2025-02-10,908.0,927.0,908.0,927.0,900.0,927.0
2025-02-12,923.0,946.0,923.0,946.0,2400.0,946.0
2025-02-13,930.0,933.0,916.0,930.0,1900.0,930.0
2025-02-14,907.0,911.0,906.0,908.0,3200.0,908.0
2025-02-17,911.0,911.0,911.0,911.0,500.0,911.0
2025-02-18,906.0,943.0,906.0,933.0,3400.0,933.0
2025-02-19,930.0,938.0,918.0,938.0,2100.0,938.0
2025-02-20,938.0,949.0,936.0,947.0,4200.0,947.0
2025-02-21,948.0,950.0,947.0,950.0,3400.0,950.0
2025-02-25,946.0,946.0,916.0,923.0,5400.0,923.0
2025-02-26,918.0,933.0,918.0,927.0,2600.0,927.0
2025-02-28,913.0,913.0,913.0,913.0,500.0,913.0
2025-03-03,922.0,922.0,916.0,922.0,400.0,922.0
2025-03-04,922.0,922.0,917.0,917.0,300.0,917.0
2025-03-05,925.0,925.0,916.0,925.0,500.0,925.0
2025-03-06,926.0,929.0,925.0,929.0,400.0,929.0
2025-03-07,914.0,914.0,914.0,914.0,200.0,914.0
2025-03-10,914.0,926.0,909.0,926.0,2500.0,926.0
2025-03-11,926.0,926.0,911.0,915.0,1400.0,915.0
2025-03-12,915.0,915.0,915.0,915.0,200.0,915.0
2025-03-13,915.0,915.0,915.0,915.0,100.0,915.0
2025-03-14,925.0,925.0,925.0,925.0,100.0,925.0
2025-03-17,925.0,926.0,920.0,926.0,1100.0,926.0
2025-03-18,930.0,932.0,927.0,932.0,11100.0,932.0
2025-03-19,935.0,935.0,922.0,931.0,1900.0,931.0
2025-03-21,937.0,938.0,931.0,938.0,500.0,938.0
2025-03-24,939.0,939.0,932.0,934.0,13200.0,934.0
2025-03-25,933.0,933.0,913.0,913.0,5400.0,913.0
2025-03-26,915.0,915.0,913.0,915.0,1000.0,915.0
2025-03-27,915.0,927.0,912.0,923.0,1000.0,923.0
2025-03-28,917.0,926.0,910.0,926.0,1100.0,926.0
2025-03-31,925.0,926.0,925.0,926.0,1100.0,926.0
2025-04-01,927.0,932.0,927.0,932.0,1400.0,932.0
2025-04-02,932.0,932.0,917.0,929.0,1000.0,929.0
2025-04-04,914.0,919.0,891.0,905.0,2200.0,905.0
2025-04-07,890.0,890.0,871.0,883.0,1000.0,883.0
2025-04-08,913.0,913.0,886.0,887.0,1200.0,887.0
2025-04-09,887.0,887.0,868.0,876.0,3800.0,876.0
2025-04-10,897.0,918.0,897.0,913.0,800.0,913.0
2025-04-11,898.0,1000.0,898.0,994.0,77600.0,994.0
2025-04-14,1000.0,1001.0,959.0,964.0,4200.0,964.0
2025-04-15,949.0,951.0,949.0,951.0,400.0,951.0
2025-04-16,947.0,947.0,947.0,947.0,100.0,947.0
2025-04-17,939.0,945.0,918.0,945.0,4300.0,945.0
2025-04-18,933.0,934.0,928.0,928.0,1100.0,928.0
2025-04-22,931.0,931.0,931.0,931.0,651700.0,931.0
2025-04-23,960.0,968.0,953.0,955.0,1300.0,955.0
2025-04-24,966.0,972.0,962.0,972.0,1000.0,972.0
2025-04-25,982.0,982.0,961.0,961.0,5600.0,961.0
2025-04-28,986.0,986.0,941.0,941.0,3200.0,941.0
2025-04-30,943.0,943.0,930.0,930.0,1000.0,930.0
2025-05-01,932.0,933.0,932.0,933.0,700.0,933.0
2025-05-02,932.0,932.0,930.0,930.0,300.0,930.0
2025-05-07,930.0,930.0,926.0,926.0,200.0,926.0
2025-05-08,956.0,956.0,936.0,936.0,400.0,936.0
2025-05-09,935.0,935.0,920.0,926.0,1000.0,926.0
2025-05-12,923.0,956.0,918.0,954.0,2600.0,954.0
2025-05-13,961.0,974.0,943.0,944.0,4100.0,944.0
2025-05-14,955.0,964.0,927.0,964.0,1893900.0,964.0
2025-05-15,963.0,963.0,927.0,927.0,2700.0,927.0
2025-05-16,925.0,932.0,923.0,926.0,2000.0,926.0
2025-05-19,926.0,928.0,921.0,928.0,800.0,928.0
2025-05-20,922.0,928.0,921.0,928.0,4100.0,928.0
2025-05-21,928.0,928.0,923.0,923.0,1500.0,923.0
2025-05-22,923.0,930.0,917.0,917.0,3800.0,917.0
2025-05-23,929.0,939.0,919.0,939.0,2600.0,939.0
2025-05-26,942.0,942.0,928.0,935.0,5400.0,935.0
2025-05-27,930.0,933.0,921.0,933.0,800.0,933.0
2025-05-28,930.0,932.0,920.0,920.0,1000.0,920.0
2025-05-29,919.0,932.0,918.0,930.0,2400.0,930.0
2025-05-30,941.0,941.0,941.0,941.0,300.0,941.0
2025-06-02,929.0,934.0,925.0,934.0,1300.0,934.0
2025-06-03,931.0,931.0,928.0,928.0,300.0,928.0
2025-06-04,932.0,939.0,932.0,939.0,4400.0,939.0
2025-06-05,948.0,950.0,940.0,949.0,5600.0,949.0
2025-06-06,950.0,955.0,926.0,926.0,9300.0,926.0
2025-06-09,921.0,930.0,920.0,929.0,4900.0,929.0
2025-06-10,932.0,938.0,929.0,930.0,15100.0,930.0
2025-06-11,939.0,940.0,929.0,938.0,4600.0,938.0
2025-06-12,938.0,940.0,930.0,932.0,900.0,932.0
2025-06-13,935.0,935.0,925.0,925.0,4000.0,925.0
2025-06-16,923.0,932.0,923.0,931.0,1100.0,931.0
2025-06-17,933.0,934.0,925.0,925.0,1000.0,925.0
2025-06-18,927.0,931.0,925.0,925.0,500.0,925.0
2025-06-19,926.0,926.0,926.0,926.0,100.0,926.0
2025-06-20,931.0,935.0,927.0,930.0,800.0,930.0
2025-06-23,930.0,930.0,925.0,929.0,1600.0,929.0
2025-06-24,927.0,938.0,927.0,938.0,4900.0,938.0
2025-06-25,940.0,940.0,932.0,940.0,4800.0,940.0
2025-06-26,934.0,934.0,931.0,931.0,300.0,931.0
2025-06-27,938.0,938.0,938.0,938.0,500.0,938.0
2025-06-30,925.0,940.0,922.0,940.0,800.0,940.0
2025-07-01,940.0,940.0,927.0,927.0,500.0,927.0
2025-07-03,936.0,936.0,928.0,932.0,1100.0,932.0
2025-07-04,924.0,932.0,924.0,925.0,2800.0,925.0
2025-07-07,935.0,935.0,926.0,926.0,600.0,926.0
2025-07-08,930.0,930.0,930.0,930.0,700.0,930.0
2025-07-09,931.0,935.0,929.0,932.0,2100.0,932.0
2025-07-10,927.0,934.0,927.0,928.0,600.0,928.0
2025-07-11,925.0,932.0,925.0,932.0,800.0,932.0
2025-07-14,926.0,932.0,925.0,925.0,2100.0,925.0
2025-07-15,924.0,932.0,921.0,932.0,2200.0,932.0
2025-07-16,925.0,931.0,918.0,931.0,3400.0,931.0
2025-07-17,925.0,931.0,925.0,931.0,700.0,931.0
2025-07-18,921.0,930.0,921.0,927.0,1000.0,927.0
2025-07-22,925.0,932.0,925.0,932.0,2000.0,932.0
2025-07-23,932.0,948.0,932.0,948.0,1500.0,948.0
2025-07-24,953.0,960.0,937.0,960.0,2500.0,960.0
2025-07-25,965.0,970.0,933.0,933.0,7900.0,933.0
2025-07-28,937.0,940.0,937.0,937.0,4100.0,937.0
2025-07-29,936.0,936.0,936.0,936.0,200.0,936.0
2025-07-30,947.0,947.0,947.0,947.0,200.0,947.0
2025-07-31,936.0,936.0,931.0,931.0,2500.0,931.0
2025-08-01,931.0,940.0,931.0,936.0,1500.0,936.0
2025-08-04,930.0,930.0,930.0,930.0,1400.0,930.0
2025-08-05,939.0,939.0,930.0,930.0,1700.0,930.0
2025-08-06,938.0,938.0,930.0,930.0,3600.0,930.0
2025-08-07,928.0,932.0,928.0,930.0,3100.0,930.0
2025-08-08,930.0,931.0,927.0,931.0,1400.0,931.0
2025-08-12,941.0,941.0,928.0,928.0,6000.0,928.0
2025-08-13,927.0,932.0,920.0,921.0,4600.0,921.0
2025-08-14,921.0,932.0,921.0,923.0,5300.0,923.0
2025-08-15,923.0,934.0,923.0,932.0,1400.0,932.0
2025-08-18,930.0,933.0,930.0,933.0,1100.0,933.0
2025-08-19,934.0,934.0,932.0,932.0,500.0,932.0
2025-08-20,935.0,939.0,931.0,938.0,4300.0,938.0
2025-08-21,938.0,939.0,938.0,939.0,1400.0,939.0
2025-08-22,940.0,950.0,940.0,945.0,4000.0,945.0
2025-08-25,954.0,954.0,942.0,942.0,5700.0,942.0
2025-08-26,953.0,953.0,938.0,940.0,3400.0,940.0
2025-08-27,938.0,947.0,934.0,947.0,1700.0,947.0
2025-08-28,939.0,947.0,939.0,947.0,800.0,947.0
2025-08-29,947.0,959.0,946.0,959.0,5600.0,959.0
2025-09-01,950.0,958.0,943.0,957.0,1400.0,957.0
2025-09-02,958.0,960.0,944.0,946.0,4100.0,946.0
2025-09-03,944.0,955.0,944.0,944.0,3700.0,944.0
2025-09-04,950.0,953.0,944.0,953.0,3100.0,953.0
2025-09-05,947.0,950.0,943.0,944.0,3600.0,944.0
2025-09-08,943.0,945.0,943.0,944.0,1100.0,944.0
2025-09-09,946.0,950.0,941.0,942.0,2500.0,942.0
2025-09-10,946.0,946.0,943.0,946.0,1400.0,946.0
2025-09-11,940.0,945.0,940.0,941.0,900.0,941.0
2025-09-12,941.0,944.0,941.0,944.0,700.0,944.0
2025-09-16,943.0,949.0,937.0,940.0,4100.0,940.0
2025-09-17,1090.0,1090.0,1090.0,1090.0,5800.0,1090.0
2025-09-18,1390.0,1390.0,1390.0,1390.0,90300.0,1390.0
2025-09-19,1470.0,1483.0,1400.0,1400.0,246800.0,1400.0
2025-09-22,1395.0,1400.0,1365.0,1378.0,91800.0,1378.0
2025-09-24,1350.0,1365.0,1313.0,1337.0,89900.0,1337.0
2025-09-25,1309.0,1333.0,1285.0,1288.0,71900.0,1288.0
2025-09-26,1272.0,1288.0,1223.0,1223.0,109100.0,1223.0
2025-09-29,1178.0,1212.0,1178.0,1205.0,54100.0,1205.0
2025-09-30,1210.0,1248.0,1210.0,1235.0,22200.0,1235.0
2025-10-01,1235.0,1235.0,1212.0,1215.0,12900.0,1215.0
2025-10-02,1215.0,1227.0,1204.0,1224.0,10500.0,1224.0
2025-10-03,1224.0,1230.0,1215.0,1225.0,8000.0,1225.0
2025-10-06,1230.0,1240.0,1228.0,1240.0,9000.0,1240.0
2025-10-07,1235.0,1241.0,1229.0,1229.0,9300.0,1229.0
2025-10-08,1233.0,1235.0,1232.0,1232.0,3300.0,1232.0
2025-10-09,1232.0,1236.0,1219.0,1224.0,7600.0,1224.0
2025-10-10,1224.0,1229.0,1224.0,1224.0,1900.0,1224.0
2025-10-14,1213.0,1219.0,1201.0,1203.0,15500.0,1203.0
2025-10-15,1201.0,1213.0,1200.0,1212.0,13400.0,1212.0
2025-10-16,1205.0,1220.0,1202.0,1202.0,4000.0,1202.0
2025-10-17,1202.0,1214.0,1200.0,1200.0,10400.0,1200.0
2025-10-20,1228.0,1229.0,1208.0,1228.0,9600.0,1228.0
2025-10-21,1238.0,1239.0,1218.0,1218.0,5500.0,1218.0
2025-10-22,1220.0,1231.0,1219.0,1220.0,6200.0,1220.0
2025-10-23,1230.0,1238.0,1225.0,1225.0,8500.0,1225.0
2025-10-24,1239.0,1239.0,1230.0,1233.0,4500.0,1233.0
2025-10-27,1240.0,1246.0,1230.0,1246.0,8200.0,1246.0
2025-10-28,1237.0,1246.0,1235.0,1235.0,2300.0,1235.0
2025-10-29,1235.0,1241.0,1235.0,1237.0,3000.0,1237.0
2025-10-30,1237.0,1245.0,1237.0,1238.0,3000.0,1238.0
