Date,Open,High,Low,Close,Volume,Adj Close
2005-03-22,763.203,780.943,763.203,767.581,466082.0,767.581
2005-03-23,772.048,776.446,749.821,767.581,361280.0,767.581
2005-03-24,758.716,794.235,754.278,780.943,828038.0,780.943
2005-03-25,767.581,772.048,758.716,763.203,264819.0,763.203
2005-03-28,754.278,758.716,736.558,754.278,226731.0,754.278
2005-03-29,754.278,754.278,718.749,723.226,353393.0,723.226
2005-03-30,723.226,727.663,709.923,714.381,257833.0,714.381
2005-03-31,718.749,727.663,718.749,727.663,121479.0,727.663
2005-04-01,727.663,736.558,718.749,736.558,149652.0,736.558
2005-04-04,736.558,736.558,723.226,732.041,125760.0,732.041
2005-04-05,732.041,745.403,727.663,741.015,210504.0,741.015
2005-04-06,745.403,749.821,736.558,745.403,228081.0,745.403
2005-04-07,745.403,745.403,736.558,745.403,91503.9,745.403
2005-04-08,745.403,749.821,741.015,749.821,116293.0,749.821
2005-04-11,749.821,754.278,741.015,741.015,265493.0,741.015
2005-04-12,741.015,741.015,718.749,723.226,219292.0,723.226
2005-04-13,727.663,732.041,718.749,718.749,100293.0,718.749
2005-04-14,709.923,714.381,701.009,714.381,156187.0,714.381
2005-04-15,701.009,705.506,692.223,696.631,169259.0,696.631
2005-04-18,674.384,678.931,643.401,647.769,275861.0,647.769
2005-04-19,661.131,683.309,661.131,678.931,210277.0,678.931
2005-04-20,701.009,705.506,687.726,696.631,115620.0,696.631
2005-04-21,674.384,692.223,674.384,683.309,126435.0,683.309
2005-04-22,696.631,696.631,687.726,687.726,89702.8,687.726
2005-04-25,687.726,696.631,683.309,692.223,49131.5,692.223
2005-04-26,696.631,701.009,692.223,696.631,45076.0,696.631
2005-04-27,692.223,696.631,687.726,692.223,45524.3,692.223
2005-04-28,692.223,705.506,687.726,701.009,66036.1,701.009
2005-05-02,709.923,709.923,696.631,701.009,44173.5,701.009
2005-05-06,709.923,718.749,705.506,718.749,84966.9,718.749
2005-05-09,723.226,727.663,718.749,723.226,51160.8,723.226
2005-05-10,723.226,727.663,718.749,723.226,70316.7,723.226
2005-05-11,718.749,723.226,709.923,723.226,52737.8,723.226
2005-05-12,714.381,723.226,709.923,718.749,93757.3,718.749
2005-05-13,714.381,718.749,714.381,714.381,52287.5,714.381
2005-05-16,714.381,714.381,705.506,709.923,57697.9,709.923
2005-05-17,709.923,714.381,687.726,687.726,119449.0,687.726
2005-05-18,687.726,701.009,683.309,687.726,84064.3,687.726
2005-05-19,692.223,705.506,692.223,701.009,87220.3,701.009
2005-05-20,696.631,705.506,692.223,696.631,55218.3,696.631
2005-05-23,696.631,709.923,696.631,701.009,78432.8,701.009
2005-05-24,670.006,678.931,661.131,665.509,356773.0,665.509
2005-05-25,670.006,670.006,647.769,647.769,108854.0,647.769
2005-05-26,647.769,652.227,638.944,643.401,88350.0,643.401
2005-05-27,652.227,656.684,638.944,647.769,46426.9,647.769
2005-05-30,647.769,661.131,647.769,661.131,65810.9,661.131
2005-05-31,670.006,678.931,665.509,674.384,92405.5,674.384
2005-06-01,678.931,678.931,670.006,678.931,66484.3,678.931
2005-06-02,674.384,674.384,661.131,661.131,124182.0,661.131
2005-06-03,665.509,665.509,656.684,661.131,80234.9,661.131
2005-06-06,665.509,665.509,656.684,661.131,62429.8,661.131
2005-06-07,661.131,665.509,656.684,656.684,47103.3,656.684
2005-06-08,661.131,670.006,661.131,665.509,140412.0,665.509
2005-06-09,670.006,670.006,656.684,661.131,52737.8,661.131
2005-06-10,665.509,665.509,656.684,656.684,80910.3,656.684
2005-06-13,661.131,665.509,652.227,661.131,80234.9,661.131
2005-06-14,661.131,661.131,652.227,652.227,41694.9,652.227
2005-06-15,661.131,670.006,656.684,670.006,94207.6,670.006
2005-06-16,670.006,670.006,656.684,661.131,111109.0,661.131
2005-06-17,661.131,678.931,661.131,670.006,324995.0,670.006
2005-06-20,678.931,678.931,665.509,674.384,129817.0,674.384
2005-06-21,674.384,674.384,665.509,665.509,62204.7,665.509
2005-06-22,665.509,670.006,661.131,670.006,61076.0,670.006
2005-06-23,670.006,670.006,661.131,665.509,51610.1,665.509
2005-06-24,661.131,665.509,661.131,665.509,34482.4,665.509
2005-06-27,665.509,665.509,652.227,661.131,54767.1,661.131
2005-06-28,661.131,665.509,656.684,661.131,42370.3,661.131
2005-06-29,665.509,670.006,661.131,665.509,68737.7,665.509
2005-06-30,665.509,670.006,661.131,661.131,51837.2,661.131
2005-07-01,661.131,674.384,661.131,670.006,102546.0,670.006
2005-07-04,709.923,732.041,701.009,705.506,2308550.0,705.506
2005-07-05,705.506,709.923,696.631,705.506,375255.0,705.506
2005-07-06,701.009,705.506,692.223,696.631,125987.0,696.631
2005-07-07,687.726,701.009,687.726,701.009,101646.0,701.009
2005-07-08,696.631,701.009,687.726,692.223,119677.0,692.223
2005-07-11,692.223,701.009,687.726,696.631,85869.4,696.631
2005-07-12,692.223,696.631,687.726,696.631,103447.0,696.631
2005-07-13,687.726,692.223,687.726,692.223,45076.0,692.223
2005-07-14,692.223,696.631,687.726,687.726,56343.0,687.726
2005-07-15,692.223,696.631,687.726,687.726,62882.1,687.726
2005-07-19,687.726,692.223,687.726,692.223,32679.3,692.223
2005-07-20,692.223,692.223,687.726,692.223,60401.6,692.223
2005-07-21,692.223,709.923,687.726,696.631,405906.0,696.631
2005-07-22,701.009,718.749,696.631,718.749,265720.0,718.749
2005-07-25,714.381,718.749,705.506,718.749,199008.0,718.749
2005-07-26,714.381,714.381,705.506,714.381,84064.3,714.381
2005-07-27,714.381,732.041,714.381,714.381,517694.0,714.381
2005-07-28,723.226,723.226,709.923,714.381,220869.0,714.381
2005-07-29,709.923,714.381,705.506,705.506,148299.0,705.506
2005-08-01,705.506,705.506,687.726,692.223,148073.0,692.223
2005-08-02,701.009,701.009,683.309,683.309,179851.0,683.309
2005-08-03,687.726,701.009,683.309,692.223,229210.0,692.223
2005-08-04,696.631,696.631,683.309,687.726,89924.9,687.726
2005-08-05,687.726,709.923,683.309,692.223,360605.0,692.223
2005-08-08,678.931,683.309,674.384,683.309,148299.0,683.309
2005-08-09,683.309,696.631,678.931,696.631,82263.2,696.631
2005-08-10,696.631,705.506,692.223,705.506,165202.0,705.506
2005-08-11,701.009,701.009,692.223,696.631,98038.0,696.631
2005-08-12,701.009,701.009,692.223,692.223,106830.0,692.223
2005-08-15,692.223,701.009,687.726,692.223,94207.6,692.223
2005-08-16,696.631,701.009,692.223,696.631,68514.6,696.631
2005-08-17,696.631,701.009,692.223,692.223,81811.9,692.223
2005-08-18,696.631,701.009,692.223,692.223,67388.9,692.223
2005-08-19,692.223,696.631,692.223,692.223,38990.2,692.223
2005-08-22,696.631,705.506,692.223,696.631,214785.0,696.631
2005-08-23,701.009,705.506,696.631,696.631,125084.0,696.631
2005-08-24,701.009,701.009,696.631,696.631,37187.1,696.631
2005-08-25,696.631,701.009,692.223,696.631,43046.8,696.631
2005-08-26,696.631,701.009,692.223,696.631,73698.8,696.631
2005-08-29,692.223,696.631,692.223,692.223,43046.8,692.223
2005-08-30,692.223,696.631,692.223,692.223,57921.0,692.223
2005-08-31,692.223,696.631,692.223,692.223,54091.6,692.223
2005-09-01,692.223,701.009,687.726,687.726,155508.0,687.726
2005-09-02,687.726,692.223,687.726,692.223,82263.2,692.223
2005-09-05,687.726,692.223,687.726,687.726,72797.3,687.726
2005-09-06,687.726,692.223,683.309,683.309,195627.0,683.309
2005-09-07,687.726,687.726,683.309,683.309,143340.0,683.309
2005-09-08,678.931,683.309,670.006,674.384,189768.0,674.384
2005-09-09,674.384,674.384,665.509,674.384,204193.0,674.384
2005-09-12,678.931,683.309,670.006,678.931,135227.0,678.931
2005-09-13,678.931,678.931,670.006,670.006,167457.0,670.006
2005-09-14,670.006,683.309,670.006,674.384,295019.0,674.384
2005-09-15,678.931,692.223,678.931,692.223,535949.0,692.223
2005-09-16,692.223,692.223,678.931,683.309,371422.0,683.309
2005-09-20,692.223,696.631,683.309,692.223,470816.0,692.223
2005-09-21,701.009,714.381,701.009,701.009,997295.0,701.009
2005-09-22,701.009,701.009,687.726,692.223,343702.0,692.223
2005-09-26,701.009,709.923,696.631,709.923,441968.0,709.923
2005-09-27,709.923,723.226,705.506,709.923,760877.0,709.923
2005-09-28,718.749,727.663,714.381,723.226,527385.0,723.226
2005-09-29,727.663,727.663,714.381,723.226,313950.0,723.226
2005-09-30,723.226,723.226,705.506,705.506,267297.0,705.506
2005-10-03,705.506,709.923,701.009,709.923,154156.0,709.923
2005-10-04,709.923,714.381,705.506,714.381,198556.0,714.381
2005-10-05,718.749,767.581,709.923,745.403,2883713.0,745.403
2005-10-06,732.041,732.041,714.381,723.226,664414.0,723.226
2005-10-07,727.663,732.041,718.749,723.226,158440.0,723.226
2005-10-11,727.663,732.041,723.226,732.041,172864.0,732.041
2005-10-12,732.041,745.403,723.226,741.015,761554.0,741.015
2005-10-13,736.558,741.015,727.663,736.558,249044.0,736.558
2005-10-14,732.041,732.041,714.381,718.749,349111.0,718.749
2005-10-17,718.749,718.749,701.009,705.506,333108.0,705.506
2005-10-18,705.506,709.923,705.506,705.506,135451.0,705.506
2005-10-19,705.506,709.923,701.009,701.009,110660.0,701.009
2005-10-20,709.923,709.923,701.009,705.506,58823.6,705.506
2005-10-21,701.009,705.506,696.631,705.506,132071.0,705.506
2005-10-24,709.923,723.226,705.506,714.381,200360.0,714.381
2005-10-25,718.749,745.403,718.749,727.663,1518822.0,727.663
2005-10-26,723.226,732.041,718.749,718.749,501014.0,718.749
2005-10-27,723.226,736.558,718.749,727.663,283526.0,727.663
2005-10-28,732.041,749.821,727.663,749.821,825110.0,749.821
2005-10-31,754.278,776.446,741.015,754.278,2479385.0,754.278
2005-11-01,763.203,767.581,754.278,763.203,391254.0,763.203
2005-11-02,758.716,763.203,749.821,763.203,316432.0,763.203
2005-11-04,763.203,767.581,754.278,754.278,411991.0,754.278
2005-11-07,754.278,772.048,745.403,772.048,536173.0,772.048
2005-11-08,772.048,803.06,763.203,789.748,1841790.0,789.748
2005-11-09,798.643,820.82,789.748,789.748,1318686.0,789.748
2005-11-10,794.235,798.643,763.203,763.203,761328.0,763.203
2005-11-11,772.048,785.33,767.581,780.943,288032.0,780.943
2005-11-14,789.748,789.748,772.048,776.446,300653.0,776.446
2005-11-15,776.446,776.446,763.203,763.203,146946.0,763.203
2005-11-16,758.716,772.048,754.278,772.048,184132.0,772.048
2005-11-17,772.048,772.048,758.716,772.048,144694.0,772.048
2005-11-18,772.048,776.446,754.278,763.203,328150.0,763.203
2005-11-21,763.203,767.581,758.716,763.203,189993.0,763.203
2005-11-22,763.203,763.203,754.278,763.203,152807.0,763.203
2005-11-24,758.716,763.203,741.015,745.403,267072.0,745.403
2005-11-25,745.403,754.278,741.015,745.403,219067.0,745.403
2005-11-28,749.821,749.821,741.015,741.015,193149.0,741.015
2005-11-29,741.015,767.581,741.015,767.581,322740.0,767.581
2005-11-30,767.581,767.581,754.278,758.716,232365.0,758.716
2005-12-01,763.203,767.581,754.278,767.581,231464.0,767.581
2005-12-02,767.581,767.581,758.716,763.203,282398.0,763.203
2005-12-05,767.581,780.943,763.203,776.446,512059.0,776.446
2005-12-06,776.446,780.943,763.203,763.203,472392.0,763.203
2005-12-07,772.048,803.06,772.048,794.235,1106380.0,794.235
2005-12-08,798.643,798.643,772.048,780.943,476900.0,780.943
2005-12-09,780.943,847.475,780.943,798.643,2437688.0,798.643
2005-12-12,807.577,834.152,803.06,825.277,1778685.0,825.277
2005-12-13,834.152,843.007,816.452,834.152,892498.0,834.152
2005-12-14,843.007,856.32,825.277,829.735,788146.0,829.735
2005-12-15,829.735,851.892,820.82,834.152,603562.0,834.152
2005-12-16,834.152,878.527,829.735,874.109,2190451.0,874.109
2005-12-19,874.109,900.684,860.757,869.642,1892049.0,869.642
2005-12-20,865.234,878.527,851.892,869.642,806403.0,869.642
2005-12-21,869.642,913.957,869.642,909.599,1553758.0,909.599
2005-12-22,913.957,931.796,896.257,927.299,912330.0,927.299
2005-12-26,936.214,958.391,931.796,949.506,1114268.0,949.506
2005-12-27,958.391,958.391,927.299,931.796,612577.0,931.796
2005-12-28,922.832,927.299,913.957,918.514,292542.0,918.514
2005-12-29,918.514,931.796,918.514,927.299,326348.0,927.299
2005-12-30,927.299,927.299,913.957,918.514,168582.0,918.514
2006-01-04,918.514,922.832,909.599,913.957,124859.0,913.957
2006-01-05,905.142,913.957,896.257,909.599,393737.0,909.599
2006-01-06,909.599,931.796,905.142,927.299,309218.0,927.299
2006-01-10,940.631,940.631,918.514,918.514,258509.0,918.514
2006-01-11,913.957,922.832,909.599,918.514,212307.0,918.514
2006-01-12,918.514,918.514,909.599,913.957,138158.0,913.957
2006-01-13,909.599,931.796,909.599,922.832,615281.0,922.832
2006-01-16,927.299,936.214,918.514,927.299,445572.0,927.299
2006-01-17,927.299,949.506,887.342,900.684,792204.0,900.684
2006-01-18,896.257,918.514,798.643,834.152,644805.0,834.152
2006-01-19,834.152,896.257,829.735,891.839,289162.0,891.839
2006-01-20,887.342,905.142,869.642,878.527,209150.0,878.527
2006-01-23,811.935,860.757,811.935,838.56,290511.0,838.56
2006-01-24,834.152,860.757,834.152,851.892,140636.0,851.892
2006-01-25,874.109,882.974,860.757,874.109,103223.0,874.109
2006-01-26,878.527,882.974,874.109,874.109,85642.3,874.109
2006-01-27,878.527,891.839,874.109,887.342,168357.0,887.342
2006-01-30,896.257,900.684,891.839,896.257,154609.0,896.257
2006-01-31,900.684,905.142,891.839,891.839,141085.0,891.839
2006-02-01,891.839,896.257,878.527,878.527,103899.0,878.527
2006-02-02,878.527,891.839,878.527,887.342,96461.0,887.342
2006-02-03,878.527,891.839,874.109,891.839,146270.0,891.839
2006-02-06,891.839,896.257,878.527,887.342,110885.0,887.342
2006-02-07,887.342,896.257,882.974,896.257,155285.0,896.257
2006-02-08,887.342,887.342,874.109,874.109,162497.0,874.109
2006-02-09,887.342,887.342,874.109,882.974,118547.0,882.974
2006-02-10,882.974,882.974,860.757,869.642,199685.0,869.642
2006-02-13,856.32,856.32,820.82,829.735,237097.0,829.735
2006-02-14,834.152,860.757,820.82,851.892,248366.0,851.892
2006-02-15,865.234,865.234,843.007,851.892,98265.1,851.892
2006-02-16,847.475,851.892,834.152,847.475,69191.0,847.475
2006-02-17,834.152,843.007,807.577,820.82,130719.0,820.82
2006-02-20,807.577,811.935,763.203,789.748,181205.0,789.748
2006-02-21,767.581,807.577,767.581,807.577,138832.0,807.577
2006-02-22,789.748,807.577,789.748,789.748,79107.2,789.748
2006-02-23,807.577,829.735,807.577,825.277,83388.9,825.277
2006-02-24,825.277,834.152,816.452,829.735,73023.4,829.735
2006-02-27,838.56,838.56,803.06,803.06,108181.0,803.06
2006-02-28,825.277,838.56,807.577,807.577,96235.9,807.577
2006-03-01,798.643,811.935,789.748,794.235,106830.0,794.235
2006-03-02,803.06,803.06,785.33,794.235,96688.2,794.235
2006-03-03,785.33,794.235,767.581,776.446,111562.0,776.446
2006-03-06,776.446,794.235,772.048,780.943,50484.4,780.943
2006-03-07,776.446,785.33,776.446,776.446,54091.6,776.446
2006-03-08,776.446,776.446,767.581,767.581,49583.8,767.581
2006-03-09,767.581,789.748,767.581,785.33,142889.0,785.33
2006-03-10,780.943,789.748,776.446,785.33,129817.0,785.33
2006-03-13,798.643,803.06,789.748,803.06,139960.0,803.06
2006-03-14,803.06,803.06,789.748,794.235,36961.0,794.235
2006-03-15,794.235,794.235,785.33,785.33,51160.8,785.33
2006-03-16,789.748,794.235,780.943,780.943,57021.5,780.943
2006-03-17,776.446,785.33,776.446,785.33,75501.0,785.33
2006-03-20,785.33,798.643,780.943,798.643,98265.1,798.643
2006-03-22,798.643,798.643,789.748,789.748,73023.4,789.748
2006-03-23,794.235,798.643,785.33,789.748,146946.0,789.748
2006-03-24,789.748,816.452,780.943,794.235,731125.0,794.235
2006-03-27,807.577,811.935,785.33,794.235,409061.0,794.235
2006-03-28,794.235,798.643,780.943,798.643,217488.0,798.643
2006-03-29,798.643,807.577,798.643,803.06,250395.0,803.06
2006-03-30,807.577,825.277,803.06,811.935,474421.0,811.935
2006-03-31,807.577,811.935,798.643,803.06,164973.0,803.06
2006-04-03,807.577,816.452,803.06,807.577,249494.0,807.577
2006-04-04,820.82,834.152,811.935,825.277,566374.0,825.277
2006-04-05,847.475,905.142,843.007,874.109,4756155.0,874.109
2006-04-06,869.642,874.109,860.757,874.109,893398.0,874.109
2006-04-07,874.109,874.109,860.757,865.234,223349.0,865.234
2006-04-10,865.234,865.234,851.892,865.234,165654.0,865.234
2006-04-11,860.757,865.234,856.32,860.757,149652.0,860.757
2006-04-12,856.32,882.974,851.892,865.234,685600.0,865.234
2006-04-13,865.234,865.234,851.892,856.32,204868.0,856.32
2006-04-14,851.892,856.32,834.152,843.007,222898.0,843.007
2006-04-17,843.007,843.007,820.82,820.82,201263.0,820.82
2006-04-18,807.577,834.152,807.577,825.277,220421.0,825.277
2006-04-19,829.735,834.152,816.452,820.82,171287.0,820.82
2006-04-20,820.82,825.277,811.935,825.277,151903.0,825.277
2006-04-21,820.82,820.82,803.06,811.935,161144.0,811.935
2006-04-24,798.643,807.577,794.235,794.235,132749.0,794.235
2006-04-25,794.235,807.577,794.235,803.06,81361.6,803.06
2006-04-26,807.577,807.577,794.235,807.577,127339.0,807.577
2006-04-27,803.06,811.935,798.643,803.06,84516.6,803.06
2006-04-28,798.643,807.577,794.235,807.577,118098.0,807.577
2006-05-01,803.06,820.82,798.643,816.452,137256.0,816.452
2006-05-02,816.452,816.452,807.577,807.577,99164.7,807.577
2006-05-08,816.452,816.452,803.06,811.935,90601.4,811.935
2006-05-09,811.935,811.935,803.06,803.06,74374.3,803.06
2006-05-10,807.577,811.935,789.748,794.235,186161.0,794.235
2006-05-11,794.235,798.643,789.748,789.748,80459.0,789.748
2006-05-12,785.33,789.748,776.446,780.943,119900.0,780.943
2006-05-15,772.048,794.235,772.048,789.748,96235.9,789.748
2006-05-16,794.235,794.235,767.581,767.581,96688.2,767.581
2006-05-17,776.446,785.33,763.203,780.943,134099.0,780.943
2006-05-18,763.203,776.446,758.716,772.048,114268.0,772.048
2006-05-19,772.048,780.943,763.203,780.943,95333.3,780.943
2006-05-22,789.748,807.577,780.943,807.577,264369.0,807.577
2006-05-23,789.748,794.235,780.943,780.943,107729.0,780.943
2006-05-24,776.446,785.33,767.581,772.048,105252.0,772.048
2006-05-25,776.446,780.943,772.048,780.943,78432.8,780.943
2006-05-26,785.33,789.748,776.446,789.748,65360.7,789.748
2006-05-29,794.235,798.643,780.943,798.643,134551.0,798.643
2006-05-30,789.748,789.748,767.581,772.048,146721.0,772.048
2006-05-31,754.278,772.048,749.821,763.203,204868.0,763.203
2006-06-01,767.581,772.048,741.015,745.403,112238.0,745.403
2006-06-02,732.041,736.558,687.726,736.558,288032.0,736.558
2006-06-05,741.015,741.015,714.381,732.041,62429.8,732.041
2006-06-06,723.226,727.663,709.923,714.381,89023.4,714.381
2006-06-07,709.923,723.226,696.631,696.631,118773.0,696.631
2006-06-08,674.384,683.309,647.769,652.227,279694.0,652.227
2006-06-09,652.227,678.931,647.769,661.131,237775.0,661.131
2006-06-12,661.131,683.309,652.227,678.931,240704.0,678.931
2006-06-13,674.384,683.309,652.227,656.684,272256.0,656.684
2006-06-14,661.131,670.006,656.684,665.509,179177.0,665.509
2006-06-15,678.931,683.309,665.509,678.931,165202.0,678.931
2006-06-16,692.223,701.009,683.309,687.726,340548.0,687.726
2006-06-19,692.223,701.009,687.726,692.223,133649.0,692.223
2006-06-20,692.223,696.631,683.309,687.726,134775.0,687.726
2006-06-21,687.726,687.726,678.931,683.309,137704.0,683.309
2006-06-22,692.223,696.631,687.726,692.223,215237.0,692.223
2006-06-23,687.726,692.223,674.384,692.223,165654.0,692.223
2006-06-26,692.223,692.223,678.931,683.309,110435.0,683.309
2006-06-27,683.309,696.631,683.309,696.631,221094.0,696.631
2006-06-28,683.309,687.726,674.384,678.931,194727.0,678.931
2006-06-29,683.309,705.506,683.309,687.726,490424.0,687.726
2006-06-30,701.009,701.009,687.726,687.726,186161.0,687.726
2006-07-03,696.631,718.749,692.223,709.923,433628.0,709.923
2006-07-04,718.749,723.226,705.506,709.923,256478.0,709.923
2006-07-05,701.009,701.009,687.726,696.631,184132.0,696.631
2006-07-06,692.223,696.631,687.726,696.631,97815.9,696.631
2006-07-07,701.009,701.009,683.309,683.309,76853.8,683.309
2006-07-10,678.931,687.726,674.384,687.726,129142.0,687.726
2006-07-11,683.309,683.309,674.384,678.931,72572.1,678.931
2006-07-12,678.931,683.309,670.006,670.006,118547.0,670.006
2006-07-13,661.131,674.384,661.131,665.509,94657.9,665.509
2006-07-14,656.684,661.131,652.227,656.684,106378.0,656.684
2006-07-18,652.227,652.227,607.862,612.27,242506.0,612.27
2006-07-19,616.777,625.651,612.27,612.27,113138.0,612.27
2006-07-20,630.02,638.944,625.651,638.944,112913.0,638.944
2006-07-21,630.02,652.227,625.651,634.477,220646.0,634.477
2006-07-24,630.02,634.477,621.145,630.02,71221.3,630.02
2006-07-25,634.477,638.944,625.651,630.02,78882.1,630.02
2006-07-26,630.02,634.477,621.145,621.145,51610.1,621.145
2006-07-27,625.651,625.651,598.997,621.145,116746.0,621.145
2006-07-28,625.651,625.651,607.862,616.777,102997.0,616.777
2006-07-31,625.651,625.651,616.777,621.145,163399.0,621.145
2006-08-01,625.651,638.944,625.651,625.651,160918.0,625.651
2006-08-02,621.145,630.02,616.777,630.02,81587.8,630.02
2006-08-03,634.477,638.944,625.651,630.02,98715.4,630.02
2006-08-04,630.02,634.477,621.145,630.02,70769.0,630.02
2006-08-07,621.145,625.651,607.862,607.862,135002.0,607.862
2006-08-08,607.862,621.145,607.862,621.145,59500.0,621.145
2006-08-09,612.27,621.145,612.27,621.145,72797.3,621.145
2006-08-10,625.651,652.227,621.145,647.769,393737.0,647.769
2006-08-11,647.769,652.227,638.944,638.944,91955.2,638.944
2006-08-14,643.401,661.131,638.944,647.769,160243.0,647.769
2006-08-15,647.769,656.684,643.401,647.769,116746.0,647.769
2006-08-16,656.684,665.509,652.227,656.684,141085.0,656.684
2006-08-17,665.509,670.006,656.684,661.131,247691.0,661.131
2006-08-18,665.509,665.509,661.131,665.509,70316.7,665.509
2006-08-21,665.509,678.931,661.131,661.131,148973.0,661.131
2006-08-22,661.131,674.384,656.684,674.384,154609.0,674.384
2006-08-23,674.384,692.223,670.006,683.309,302456.0,683.309
2006-08-24,678.931,683.309,670.006,674.384,113138.0,674.384
2006-08-25,674.384,683.309,665.509,665.509,129817.0,665.509
2006-08-28,665.509,670.006,652.227,652.227,111787.0,652.227
2006-08-29,661.131,661.131,647.769,652.227,60853.9,652.227
2006-08-30,656.684,656.684,643.401,647.769,68063.3,647.769
2006-08-31,652.227,665.509,647.769,661.131,94657.9,661.131
2006-09-01,661.131,665.509,656.684,661.131,49357.7,661.131
2006-09-04,674.384,674.384,670.006,670.006,137028.0,670.006
2006-09-05,670.006,692.223,665.509,687.726,272706.0,687.726
2006-09-06,678.931,683.309,665.509,665.509,207121.0,665.509
2006-09-07,665.509,670.006,661.131,665.509,61528.3,665.509
2006-09-08,665.509,678.931,661.131,670.006,142438.0,670.006
2006-09-11,670.006,674.384,656.684,656.684,93081.9,656.684
2006-09-12,656.684,661.131,652.227,652.227,59726.2,652.227
2006-09-13,656.684,661.131,643.401,643.401,110660.0,643.401
2006-09-14,647.769,652.227,643.401,647.769,69417.2,647.769
2006-09-15,647.769,647.769,638.944,643.401,41694.9,643.401
2006-09-19,647.769,652.227,643.401,652.227,57471.7,652.227
2006-09-20,647.769,647.769,643.401,643.401,38540.0,643.401
2006-09-21,643.401,652.227,634.477,643.401,40117.9,643.401
2006-09-22,638.944,638.944,630.02,630.02,79558.5,630.02
2006-09-25,621.145,625.651,612.27,616.777,105927.0,616.777
2006-09-26,616.777,621.145,616.777,616.777,42595.5,616.777
2006-09-27,616.777,638.944,616.777,638.944,51837.2,638.944
2006-09-28,634.477,634.477,625.651,630.02,33354.7,630.02
2006-09-29,638.944,638.944,625.651,630.02,48005.8,630.02
2006-10-02,634.477,638.944,630.02,630.02,77080.0,630.02
2006-10-03,630.02,634.477,630.02,634.477,67163.8,634.477
2006-10-04,634.477,634.477,621.145,621.145,111338.0,621.145
2006-10-05,621.145,625.651,616.777,621.145,119000.0,621.145
2006-10-06,621.145,625.651,621.145,621.145,92405.5,621.145
2006-10-10,616.777,616.777,612.27,612.27,59726.2,612.27
2006-10-11,612.27,621.145,598.997,598.997,194502.0,598.997
2006-10-12,585.695,603.405,585.695,590.122,352943.0,590.122
2006-10-13,598.997,603.405,594.579,598.997,196980.0,598.997
2006-10-16,607.862,616.777,607.862,616.777,120351.0,616.777
2006-10-17,621.145,621.145,607.862,607.862,64232.9,607.862
2006-10-18,612.27,616.777,607.862,612.27,53188.1,612.27
2006-10-19,616.777,616.777,612.27,616.777,98940.6,616.777
2006-10-20,616.777,616.777,612.27,616.777,91727.1,616.777
2006-10-23,616.777,630.02,612.27,630.02,101871.0,630.02
2006-10-24,630.02,638.944,625.651,625.651,168582.0,625.651
2006-10-25,625.651,634.477,621.145,621.145,70769.0,621.145
2006-10-26,625.651,630.02,621.145,625.651,77755.4,625.651
2006-10-27,625.651,625.651,616.777,616.777,69191.0,616.777
2006-10-30,612.27,612.27,607.862,607.862,93531.2,607.862
2006-10-31,612.27,612.27,607.862,607.862,32229.0,607.862
2006-11-01,607.862,612.27,603.405,612.27,48680.3,612.27
2006-11-02,607.862,612.27,603.405,603.405,49809.0,603.405
2006-11-06,603.405,607.862,598.997,607.862,28623.8,607.862
2006-11-07,612.27,612.27,603.405,603.405,51160.8,603.405
2006-11-08,603.405,607.862,594.579,594.579,89023.4,594.579
2006-11-09,590.122,598.997,590.122,590.122,81811.9,590.122
2006-11-10,590.122,594.579,585.695,590.122,49809.0,590.122
2006-11-13,590.122,594.579,567.994,572.372,132973.0,572.372
2006-11-14,572.372,585.695,567.994,581.277,177373.0,581.277
2006-11-15,585.695,585.695,572.372,572.372,94884.0,572.372
2006-11-16,576.81,576.81,572.372,572.372,54992.2,572.372
2006-11-17,572.372,576.81,545.738,563.458,244311.0,563.458
2006-11-20,567.994,567.994,550.165,550.165,216137.0,550.165
2006-11-21,554.672,563.458,550.165,554.672,108181.0,554.672
2006-11-22,554.672,572.372,554.672,572.372,109307.0,572.372
2006-11-24,576.81,581.277,563.458,576.81,102997.0,576.81
2006-11-27,576.81,585.695,567.994,585.695,89249.5,585.695
2006-11-28,576.81,598.997,576.81,594.579,93981.5,594.579
2006-11-29,598.997,603.405,594.579,603.405,97363.6,603.405
2006-11-30,603.405,603.405,594.579,603.405,70091.6,603.405
2006-12-01,598.997,603.405,594.579,594.579,72572.1,594.579
2006-12-04,594.579,594.579,585.695,590.122,92179.3,590.122
2006-12-05,590.122,603.405,590.122,603.405,122380.0,603.405
2006-12-06,603.405,621.145,603.405,616.777,256706.0,616.777
2006-12-07,616.777,616.777,603.405,607.862,150776.0,607.862
2006-12-08,607.862,607.862,598.997,603.405,132520.0,603.405
2006-12-11,607.862,616.777,603.405,612.27,121253.0,612.27
2006-12-12,616.777,647.769,612.27,638.944,729547.0,638.944
2006-12-13,634.477,652.227,625.651,647.769,315980.0,647.769
2006-12-14,643.401,643.401,630.02,634.477,137028.0,634.477
2006-12-15,634.477,638.944,630.02,634.477,84516.6,634.477
2006-12-18,634.477,638.944,630.02,638.944,84966.9,638.944
2006-12-19,630.02,634.477,630.02,630.02,62655.0,630.02
2006-12-20,630.02,634.477,625.651,634.477,131844.0,634.477
2006-12-21,630.02,634.477,625.651,630.02,73023.4,630.02
2006-12-22,621.145,634.477,616.777,625.651,159343.0,625.651
2006-12-25,621.145,630.02,621.145,625.651,120351.0,625.651
2006-12-26,616.777,634.477,616.777,630.02,112013.0,630.02
2006-12-27,630.02,647.769,630.02,643.401,160918.0,643.401
2006-12-28,643.401,647.769,638.944,638.944,54992.2,638.944
2006-12-29,634.477,652.227,630.02,647.769,79107.2,647.769
2007-01-04,652.227,656.684,647.769,652.227,41469.8,652.227
2007-01-05,643.401,652.227,643.401,643.401,78882.1,643.401
2007-01-09,643.401,643.401,625.651,638.944,96912.3,638.944
2007-01-10,634.477,638.944,625.651,625.651,43046.8,625.651
2007-01-11,634.477,638.944,630.02,630.02,90376.2,630.02
2007-01-12,625.651,638.944,625.651,634.477,73473.7,634.477
2007-01-15,634.477,643.401,634.477,638.944,80008.8,638.944
2007-01-16,643.401,643.401,634.477,638.944,53640.4,638.944
2007-01-17,638.944,652.227,625.651,647.769,218390.0,647.769
2007-01-18,652.227,652.227,643.401,647.769,134775.0,647.769
2007-01-19,643.401,643.401,634.477,634.477,137704.0,634.477
2007-01-22,643.401,652.227,638.944,652.227,100069.0,652.227
2007-01-23,652.227,674.384,647.769,656.684,575165.0,656.684
2007-01-24,661.131,665.509,652.227,665.509,195852.0,665.509
2007-01-25,665.509,670.006,656.684,661.131,247239.0,661.131
2007-01-26,656.684,661.131,647.769,652.227,121704.0,652.227
2007-01-29,656.684,656.684,652.227,656.684,76853.8,656.684
2007-01-30,656.684,661.131,643.401,643.401,129817.0,643.401
2007-01-31,647.769,652.227,634.477,638.944,120126.0,638.944
2007-02-01,638.944,647.769,634.477,647.769,108407.0,647.769
2007-02-02,643.401,647.769,643.401,643.401,79332.3,643.401
2007-02-05,652.227,661.131,647.769,656.684,261662.0,656.684
2007-02-06,661.131,670.006,656.684,665.509,392832.0,665.509
2007-02-07,670.006,670.006,661.131,661.131,234168.0,661.131
2007-02-08,656.684,656.684,638.944,638.944,237097.0,638.944
2007-02-09,643.401,656.684,643.401,652.227,93757.3,652.227
2007-02-13,656.684,661.131,656.684,656.684,120805.0,656.684
2007-02-14,661.131,661.131,643.401,647.769,192926.0,647.769
2007-02-15,652.227,656.684,647.769,652.227,181428.0,652.227
2007-02-16,652.227,665.509,647.769,661.131,177821.0,661.131
2007-02-19,670.006,709.923,670.006,696.631,1343929.0,696.631
2007-02-20,687.726,701.009,674.384,701.009,586209.0,701.009
2007-02-21,696.631,714.381,692.223,701.009,400270.0,701.009
2007-02-22,705.506,736.558,705.506,736.558,571558.0,736.558
2007-02-23,736.558,745.403,727.663,741.015,448502.0,741.015
2007-02-26,745.403,758.716,741.015,745.403,466981.0,745.403
2007-02-27,745.403,749.821,736.558,749.821,225378.0,749.821
2007-02-28,683.309,727.663,678.931,723.226,401173.0,723.226
2007-03-01,727.663,732.041,701.009,705.506,309218.0,705.506
2007-03-02,701.009,701.009,687.726,696.631,174217.0,696.631
2007-03-05,683.309,687.726,647.769,652.227,268426.0,652.227
2007-03-06,656.684,678.931,656.684,678.931,260312.0,678.931
2007-03-07,687.726,696.631,665.509,670.006,347982.0,670.006
2007-03-08,674.384,687.726,670.006,687.726,129142.0,687.726
2007-03-09,696.631,696.631,678.931,678.931,184132.0,678.931
2007-03-12,683.309,696.631,683.309,696.631,206220.0,696.631
2007-03-13,692.223,692.223,678.931,678.931,114491.0,678.931
2007-03-14,656.684,665.509,652.227,656.684,224476.0,656.684
2007-03-15,665.509,670.006,661.131,665.509,212756.0,665.509
2007-03-16,665.509,665.509,647.769,652.227,208023.0,652.227
2007-03-19,643.401,656.684,643.401,652.227,117872.0,652.227
2007-03-20,656.684,661.131,647.769,647.769,64007.8,647.769
2007-03-22,652.227,661.131,652.227,656.684,144467.0,656.684
2007-03-23,656.684,656.684,643.401,647.769,166103.0,647.769
2007-03-26,652.227,656.684,643.401,652.227,141537.0,652.227
2007-03-27,647.769,652.227,638.944,638.944,127789.0,638.944
2007-03-28,638.944,652.227,638.944,643.401,98038.0,643.401
2007-03-29,638.944,643.401,630.02,638.944,128012.0,638.944
2007-03-30,638.944,643.401,634.477,638.944,52287.5,638.944
2007-04-02,643.401,643.401,621.145,621.145,125084.0,621.145
2007-04-03,634.477,634.477,625.651,625.651,122832.0,625.651
2007-04-04,630.02,638.944,630.02,634.477,121479.0,634.477
2007-04-05,638.944,643.401,634.477,638.944,69417.2,638.944
2007-04-06,638.944,643.401,630.02,630.02,89473.7,630.02
2007-04-09,630.02,647.769,630.02,643.401,124859.0,643.401
2007-04-10,638.944,643.401,634.477,638.944,55218.3,638.944
2007-04-11,634.477,643.401,634.477,638.944,116520.0,638.944
2007-04-12,634.477,638.944,634.477,634.477,37411.2,634.477
2007-04-13,634.477,638.944,625.651,625.651,75276.8,625.651
2007-04-16,634.477,634.477,625.651,625.651,68063.3,625.651
2007-04-17,630.02,634.477,607.862,607.862,176469.0,607.862
2007-04-18,612.27,621.145,612.27,612.27,97815.9,612.27
2007-04-19,612.27,612.27,603.405,607.862,57471.7,607.862
2007-04-20,616.777,616.777,603.405,603.405,84966.9,603.405
2007-04-23,607.862,607.862,598.997,603.405,87673.6,603.405
2007-04-24,607.862,607.862,598.997,607.862,57021.5,607.862
2007-04-25,607.862,607.862,598.997,598.997,64907.4,598.997
2007-04-26,607.862,607.862,603.405,607.862,39214.4,607.862
2007-04-27,607.862,616.777,607.862,612.27,55443.5,612.27
2007-05-01,621.145,621.145,607.862,607.862,80910.3,607.862
2007-05-02,621.145,625.651,616.777,625.651,76403.5,625.651
2007-05-07,625.651,630.02,621.145,625.651,68967.9,625.651
2007-05-08,625.651,630.02,625.651,630.02,52512.6,630.02
2007-05-09,630.02,634.477,625.651,625.651,53188.1,625.651
2007-05-10,630.02,638.944,630.02,634.477,87673.6,634.477
2007-05-11,630.02,634.477,630.02,634.477,55667.6,634.477
2007-05-14,638.944,638.944,630.02,630.02,75501.0,630.02
2007-05-15,630.02,630.02,612.27,612.27,100743.0,612.27
2007-05-16,612.27,616.777,603.405,612.27,65584.8,612.27
2007-05-17,616.777,616.777,603.405,603.405,94433.8,603.405
2007-05-18,603.405,616.777,590.122,603.405,131397.0,603.405
2007-05-21,607.862,616.777,603.405,616.777,70316.7,616.777
2007-05-22,616.777,616.777,607.862,612.27,68290.5,612.27
2007-05-23,621.145,625.651,616.777,621.145,79332.3,621.145
2007-05-24,621.145,630.02,616.777,630.02,65584.8,630.02
2007-05-25,621.145,621.145,616.777,616.777,58823.6,616.777
2007-05-28,621.145,634.477,621.145,634.477,67839.2,634.477
2007-05-29,630.02,634.477,625.651,634.477,38763.1,634.477
2007-05-30,634.477,638.944,630.02,630.02,52963.9,630.02
2007-05-31,634.477,638.944,634.477,638.944,39442.5,638.944
2007-06-01,634.477,647.769,634.477,643.401,99842.1,643.401
2007-06-04,652.227,652.227,634.477,638.944,110660.0,638.944
2007-06-05,638.944,656.684,634.477,656.684,149878.0,656.684
2007-06-06,656.684,670.006,652.227,665.509,236872.0,665.509
2007-06-07,661.131,665.509,656.684,661.131,120126.0,661.131
2007-06-08,652.227,665.509,647.769,656.684,153031.0,656.684
2007-06-11,665.509,665.509,652.227,656.684,93306.0,656.684
2007-06-12,656.684,656.684,643.401,643.401,90601.4,643.401
2007-06-13,630.02,647.769,630.02,647.769,88350.0,647.769
2007-06-14,652.227,665.509,647.769,665.509,124182.0,665.509
2007-06-15,661.131,661.131,652.227,661.131,98265.1,661.131
2007-06-18,661.131,661.131,652.227,656.684,64682.2,656.684
2007-06-19,652.227,661.131,652.227,656.684,30878.2,656.684
2007-06-20,652.227,661.131,652.227,652.227,78205.6,652.227
2007-06-21,652.227,656.684,647.769,656.684,70091.6,656.684
2007-06-22,656.684,656.684,652.227,652.227,43723.2,652.227
2007-06-25,656.684,656.684,638.944,638.944,97587.7,638.944
2007-06-26,638.944,647.769,634.477,643.401,45976.6,643.401
2007-06-27,634.477,643.401,630.02,638.944,78882.1,638.944
2007-06-28,638.944,643.401,634.477,638.944,70994.2,638.944
2007-06-29,638.944,643.401,630.02,630.02,100518.0,630.02
2007-07-02,638.944,643.401,634.477,643.401,78205.6,643.401
2007-07-03,638.944,647.769,634.477,634.477,49131.5,634.477
2007-07-04,638.944,638.944,634.477,634.477,25694.0,634.477
2007-07-05,643.401,652.227,638.944,643.401,109083.0,643.401
2007-07-06,647.769,647.769,638.944,643.401,58149.2,643.401
2007-07-09,647.769,652.227,643.401,652.227,49809.0,652.227
2007-07-10,652.227,652.227,643.401,643.401,34708.6,643.401
2007-07-11,638.944,638.944,634.477,634.477,54767.1,634.477
2007-07-12,634.477,638.944,634.477,638.944,27721.2,638.944
2007-07-13,638.944,638.944,634.477,634.477,57921.0,634.477
2007-07-17,630.02,634.477,625.651,625.651,35609.1,625.651
2007-07-18,621.145,625.651,612.27,616.777,128012.0,616.777
2007-07-19,621.145,625.651,616.777,616.777,47555.6,616.777
2007-07-20,621.145,625.651,621.145,621.145,58823.6,621.145
2007-07-23,616.777,616.777,612.27,612.27,43046.8,612.27
2007-07-24,612.27,616.777,612.27,616.777,38990.2,616.777
2007-07-25,612.27,616.777,607.862,607.862,37187.1,607.862
2007-07-26,603.405,607.862,598.997,603.405,74374.3,603.405
2007-07-27,598.997,598.997,590.122,594.579,78205.6,594.579
2007-07-30,590.122,603.405,581.277,603.405,61753.4,603.405
2007-07-31,612.27,616.777,603.405,612.27,49357.7,612.27
2007-08-01,612.27,612.27,598.997,598.997,50933.7,598.997
2007-08-02,612.27,612.27,594.579,598.997,67839.2,598.997
2007-08-03,598.997,598.997,594.579,598.997,33354.7,598.997
2007-08-06,594.579,594.579,585.695,590.122,63330.4,590.122
2007-08-07,594.579,594.579,585.695,590.122,72346.0,590.122
2007-08-08,585.695,590.122,581.277,585.695,89249.5,585.695
2007-08-09,590.122,598.997,585.695,594.579,157311.0,594.579
2007-08-10,581.277,581.277,567.994,576.81,118773.0,576.81
2007-08-13,585.695,598.997,585.695,590.122,75276.8,590.122
2007-08-14,585.695,590.122,576.81,581.277,66712.5,581.277
2007-08-15,567.994,576.81,559.119,563.458,94884.0,563.458
2007-08-16,554.672,559.119,519.143,527.938,221998.0,527.938
2007-08-17,532.455,536.863,519.143,519.143,134099.0,519.143
2007-08-20,532.455,536.863,519.143,519.143,131844.0,519.143
2007-08-21,532.455,536.863,523.58,532.455,136805.0,532.455
2007-08-22,527.938,536.863,527.938,536.863,36285.5,536.863
2007-08-23,545.738,554.672,545.738,545.738,65584.8,545.738
2007-08-24,550.165,563.458,550.165,554.672,64459.1,554.672
2007-08-27,563.458,563.458,559.119,563.458,40117.9,563.458
2007-08-28,559.119,567.994,554.672,563.458,34933.7,563.458
2007-08-29,541.34,550.165,536.863,550.165,37411.2,550.165
2007-08-30,554.672,554.672,541.34,554.672,46201.7,554.672
2007-08-31,545.738,567.994,545.738,567.994,43046.8,567.994
2007-09-03,559.119,572.372,554.672,567.994,70091.6,567.994
2007-09-04,567.994,572.372,567.994,572.372,17579.9,572.372
2007-09-05,563.458,567.994,559.119,563.458,55443.5,563.458
2007-09-06,545.738,554.672,541.34,550.165,91727.1,550.165
2007-09-07,541.34,550.165,541.34,545.738,38763.1,545.738
2007-09-10,536.863,541.34,536.863,541.34,47555.6,541.34
2007-09-11,532.455,536.863,514.715,532.455,138158.0,532.455
2007-09-12,541.34,541.34,532.455,541.34,88124.8,541.34
2007-09-13,536.863,541.34,536.863,536.863,56570.2,536.863
2007-09-14,536.863,541.34,532.455,536.863,74825.5,536.863
2007-09-18,536.863,545.738,536.863,536.863,85869.4,536.863
2007-09-19,541.34,545.738,536.863,545.738,39894.8,545.738
2007-09-20,550.165,559.119,550.165,550.165,61753.4,550.165
2007-09-21,545.738,550.165,541.34,545.738,54316.8,545.738
2007-09-25,545.738,550.165,541.34,545.738,25467.8,545.738
2007-09-26,550.165,554.672,545.738,554.672,24342.1,554.672
2007-09-27,554.672,576.81,554.672,576.81,96912.3,576.81
2007-09-28,572.372,576.81,563.458,563.458,26595.5,563.458
2007-10-01,563.458,567.994,559.119,563.458,30198.7,563.458
2007-10-02,585.695,585.695,572.372,576.81,61303.1,576.81
2007-10-03,576.81,585.695,572.372,585.695,44624.7,585.695
2007-10-04,581.277,585.695,576.81,581.277,29073.0,581.277
2007-10-05,576.81,581.277,576.81,581.277,31327.5,581.277
2007-10-09,581.277,590.122,581.277,581.277,54316.8,581.277
2007-10-10,585.695,590.122,581.277,581.277,33131.6,581.277
2007-10-11,585.695,590.122,581.277,585.695,25694.0,585.695
2007-10-12,581.277,585.695,576.81,576.81,27496.1,576.81
2007-10-15,576.81,581.277,563.458,567.994,52287.5,567.994
2007-10-16,567.994,576.81,567.994,567.994,22085.7,567.994
2007-10-17,563.458,567.994,559.119,559.119,27269.9,559.119
2007-10-18,563.458,567.994,563.458,567.994,17353.8,567.994
2007-10-19,559.119,559.119,554.672,554.672,22989.3,554.672
2007-10-22,536.863,545.738,532.455,541.34,31101.3,541.34
2007-10-23,545.738,550.165,536.863,541.34,27496.1,541.34
2007-10-24,545.738,550.165,541.34,541.34,35159.9,541.34
2007-10-25,536.863,541.34,532.455,532.455,39894.8,532.455
2007-10-26,532.455,536.863,532.455,536.863,28174.5,536.863
2007-10-29,536.863,545.738,536.863,545.738,32679.3,545.738
2007-10-30,550.165,559.119,545.738,550.165,49809.0,550.165
2007-10-31,550.165,554.672,545.738,550.165,25017.5,550.165
2007-11-01,554.672,559.119,554.672,559.119,27945.3,559.119
2007-11-02,545.738,554.672,545.738,550.165,35834.3,550.165
2007-11-05,554.672,554.672,545.738,545.738,17579.9,545.738
2007-11-06,541.34,550.165,536.863,550.165,25017.5,550.165
2007-11-07,545.738,545.738,536.863,536.863,33806.0,536.863
2007-11-08,536.863,536.863,514.715,519.143,70994.2,519.143
2007-11-09,527.938,532.455,519.143,519.143,41016.5,519.143
2007-11-12,514.715,519.143,488.09,501.373,130719.0,501.373
2007-11-13,492.458,505.85,492.458,496.955,52062.4,496.955
2007-11-14,510.248,527.938,510.248,527.938,37411.2,527.938
2007-11-15,532.455,545.738,523.58,545.738,40569.2,545.738
2007-11-16,523.58,536.863,519.143,532.455,38540.0,532.455
2007-11-19,523.58,532.455,514.715,514.715,36285.5,514.715
2007-11-20,501.373,501.373,479.156,501.373,155962.0,501.373
2007-11-21,501.373,505.85,488.09,496.955,59049.7,496.955
2007-11-22,488.09,496.955,483.633,492.458,59726.2,492.458
2007-11-26,496.955,501.373,492.458,501.373,30427.9,501.373
2007-11-27,488.09,501.373,488.09,496.955,85418.1,496.955
2007-11-28,501.373,510.248,492.458,501.373,86546.9,501.373
2007-11-29,514.715,514.715,505.85,514.715,79107.2,514.715
2007-11-30,519.143,523.58,510.248,519.143,74825.5,519.143
2007-12-03,514.715,519.143,505.85,505.85,71894.7,505.85
2007-12-04,501.373,510.248,501.373,501.373,26143.2,501.373
2007-12-05,496.955,496.955,492.458,496.955,41469.8,496.955
2007-12-06,501.373,505.85,496.955,501.373,62204.7,501.373
2007-12-07,501.373,510.248,501.373,505.85,66712.5,505.85
2007-12-10,514.715,514.715,505.85,510.248,35609.1,510.248
2007-12-11,510.248,514.715,510.248,514.715,52062.4,514.715
2007-12-12,510.248,514.715,505.85,510.248,45076.0,510.248
2007-12-13,510.248,519.143,510.248,510.248,60174.4,510.248
2007-12-14,510.248,514.715,505.85,505.85,59726.2,505.85
2007-12-17,492.458,496.955,483.633,488.09,129142.0,488.09
2007-12-18,479.156,492.458,479.156,492.458,50034.1,492.458
2007-12-19,488.09,488.09,479.156,483.633,97587.7,483.633
2007-12-20,488.09,488.09,452.571,457.058,165427.0,457.058
2007-12-21,457.058,461.426,448.153,461.426,81811.9,461.426
2007-12-25,470.36,470.36,452.571,452.571,67839.2,452.571
2007-12-26,457.058,465.873,448.153,465.873,98038.0,465.873
2007-12-27,465.873,470.36,461.426,465.873,46426.9,465.873
2007-12-28,457.058,461.426,452.571,452.571,34258.3,452.571
2008-01-04,448.153,448.153,430.384,430.384,66036.1,430.384
2008-01-07,425.966,430.384,421.538,421.538,67615.1,421.538
2008-01-08,421.538,430.384,421.538,425.966,89473.7,425.966
2008-01-09,417.071,430.384,412.634,430.384,120126.0,430.384
2008-01-10,430.384,430.384,421.538,425.966,43270.9,425.966
2008-01-11,421.538,425.966,403.779,408.196,97587.7,408.196
2008-01-15,403.779,403.779,363.832,368.269,175796.0,368.269
2008-01-16,346.082,363.832,332.779,346.082,157311.0,346.082
2008-01-17,354.957,359.394,350.519,350.519,109984.0,350.519
2008-01-18,346.082,390.456,341.654,390.456,82263.2,390.456
2008-01-21,377.164,381.591,368.269,368.269,37863.5,368.269
2008-01-22,354.957,363.832,332.779,332.779,100293.0,332.779
2008-01-23,354.957,368.269,350.519,359.394,95785.6,359.394
2008-01-24,368.269,386.009,368.269,386.009,54992.2,386.009
2008-01-25,399.341,412.634,394.884,408.196,86319.7,408.196
2008-01-28,394.884,408.196,394.884,399.341,58823.6,399.341
2008-01-29,421.538,421.538,408.196,417.071,44849.9,417.071
2008-01-30,417.071,425.966,412.634,421.538,40792.3,421.538
2008-01-31,412.634,434.831,408.196,434.831,57244.6,434.831
2008-02-01,434.831,443.676,434.831,434.831,53865.5,434.831
2008-02-04,434.831,443.676,434.831,439.268,35609.1,439.268
2008-02-05,434.831,439.268,434.831,439.268,21187.2,439.268
2008-02-06,430.384,430.384,408.196,408.196,80459.0,408.196
2008-02-07,412.634,425.966,403.779,425.966,54992.2,425.966
2008-02-08,412.634,425.966,412.634,421.538,23888.8,421.538
2008-02-12,412.634,412.634,403.779,403.779,33131.6,403.779
2008-02-13,403.779,425.966,403.779,417.071,53414.2,417.071
2008-02-14,425.966,434.831,425.966,434.831,25919.1,434.831
2008-02-15,425.966,430.384,421.538,421.538,34708.6,421.538
2008-02-18,430.384,439.268,425.966,434.831,23888.8,434.831
2008-02-19,439.268,443.676,434.831,443.676,29524.3,443.676
2008-02-20,443.676,443.676,425.966,425.966,90827.5,425.966
2008-02-21,430.384,439.268,430.384,430.384,31327.5,430.384
2008-02-22,430.384,434.831,430.384,434.831,21187.2,434.831
2008-02-25,443.676,461.426,439.268,448.153,161596.0,448.153
2008-02-26,461.426,461.426,443.676,443.676,43270.9,443.676
2008-02-27,457.058,465.873,452.571,457.058,79332.3,457.058
2008-02-28,448.153,452.571,443.676,448.153,41243.6,448.153
2008-02-29,452.571,452.571,434.831,439.268,45076.0,439.268
2008-03-03,434.831,434.831,421.538,421.538,40569.2,421.538
2008-03-04,430.384,430.384,408.196,412.634,55443.5,412.634
2008-03-05,412.634,430.384,403.779,408.196,80234.9,408.196
2008-03-06,425.966,492.458,425.966,452.571,1408839.0,452.571
2008-03-07,439.268,457.058,434.831,443.676,427767.0,443.676
2008-03-10,439.268,448.153,434.831,443.676,211631.0,443.676
2008-03-11,439.268,439.268,425.966,434.831,115169.0,434.831
2008-03-12,448.153,452.571,425.966,430.384,125760.0,430.384
2008-03-13,434.831,434.831,425.966,425.966,62882.1,425.966
2008-03-14,417.071,421.538,399.341,399.341,147170.0,399.341
2008-03-17,394.884,399.341,377.164,399.341,113590.0,399.341
2008-03-18,399.341,403.779,390.456,399.341,33580.9,399.341
2008-03-19,408.196,417.071,390.456,399.341,84292.4,399.341
2008-03-21,403.779,417.071,403.779,417.071,38990.2,417.071
2008-03-24,412.634,421.538,399.341,399.341,47555.6,399.341
2008-03-25,412.634,412.634,403.779,412.634,37638.4,412.634
2008-03-26,417.071,425.966,412.634,417.071,48907.4,417.071
2008-03-27,417.071,421.538,417.071,421.538,16227.1,421.538
2008-03-28,421.538,421.538,412.634,421.538,48231.0,421.538
2008-03-31,421.538,421.538,412.634,417.071,37638.4,417.071
2008-04-01,412.634,421.538,408.196,417.071,63330.4,417.071
2008-04-02,417.071,425.966,417.071,421.538,70769.0,421.538
2008-04-03,421.538,421.538,412.634,417.071,56117.9,417.071
2008-04-04,417.071,417.071,403.779,408.196,52512.6,408.196
2008-04-07,403.779,417.071,403.779,417.071,36285.5,417.071
2008-04-08,417.071,417.071,408.196,408.196,49131.5,408.196
2008-04-09,408.196,425.966,403.779,421.538,124859.0,421.538
2008-04-10,421.538,443.676,408.196,412.634,338742.0,412.634
2008-04-11,412.634,417.071,408.196,417.071,82941.6,417.071
2008-04-14,408.196,408.196,403.779,408.196,43046.8,408.196
2008-04-15,408.196,412.634,408.196,408.196,14650.1,408.196
2008-04-16,412.634,417.071,408.196,412.634,59049.7,412.634
2008-04-17,412.634,425.966,412.634,425.966,114943.0,425.966
2008-04-18,425.966,425.966,412.634,417.071,82263.2,417.071
2008-04-21,425.966,425.966,412.634,412.634,51610.1,412.634
2008-04-22,417.071,421.538,412.634,417.071,48231.0,417.071
2008-04-23,417.071,434.831,417.071,425.966,166552.0,425.966
2008-04-24,425.966,425.966,412.634,417.071,62882.1,417.071
2008-04-25,421.538,425.966,417.071,421.538,42370.3,421.538
2008-04-28,425.966,430.384,421.538,421.538,49131.5,421.538
2008-04-30,421.538,430.384,421.538,421.538,63782.7,421.538
2008-05-01,430.384,430.384,421.538,421.538,65360.7,421.538
2008-05-02,425.966,430.384,425.966,430.384,42370.3,430.384
2008-05-07,430.384,430.384,421.538,425.966,58149.2,425.966
2008-05-08,425.966,434.831,421.538,434.831,73698.8,434.831
2008-05-09,434.831,448.153,430.384,430.384,162723.0,430.384
2008-05-12,430.384,430.384,421.538,421.538,129367.0,421.538
2008-05-13,421.538,430.384,421.538,425.966,47778.7,425.966
2008-05-14,430.384,452.571,430.384,448.153,233941.0,448.153
2008-05-15,448.153,457.058,443.676,443.676,100293.0,443.676
2008-05-16,452.571,474.758,448.153,465.873,224476.0,465.873
2008-05-19,488.09,514.715,483.633,510.248,525132.0,510.248
2008-05-20,519.143,523.58,501.373,501.373,221773.0,501.373
2008-05-21,496.955,501.373,488.09,496.955,135451.0,496.955
2008-05-22,488.09,501.373,483.633,496.955,95785.6,496.955
2008-05-23,501.373,505.85,492.458,496.955,99842.1,496.955
2008-05-26,488.09,510.248,488.09,501.373,85193.0,501.373
2008-05-27,496.955,510.248,496.955,510.248,93531.2,510.248
2008-05-28,505.85,527.938,501.373,514.715,245437.0,514.715
2008-05-29,519.143,532.455,514.715,523.58,253550.0,523.58
2008-05-30,527.938,536.863,519.143,523.58,204644.0,523.58
2008-06-02,532.455,554.672,527.938,550.165,265046.0,550.165
2008-06-03,559.119,594.579,559.119,590.122,807079.0,590.122
2008-06-04,594.579,607.862,572.372,607.862,584858.0,607.862
2008-06-05,607.862,612.27,590.122,594.579,226504.0,594.579
2008-06-06,603.405,607.862,572.372,572.372,180978.0,572.372
2008-06-09,554.672,576.81,550.165,567.994,169259.0,567.994
2008-06-10,563.458,576.81,554.672,563.458,123506.0,563.458
2008-06-11,567.994,567.994,554.672,559.119,75276.8,559.119
2008-06-12,554.672,572.372,554.672,563.458,143340.0,563.458
2008-06-13,572.372,590.122,545.738,559.119,324546.0,559.119
2008-06-16,563.458,567.994,554.672,563.458,58373.3,563.458
2008-06-17,567.994,572.372,563.458,567.994,75501.0,567.994
2008-06-18,567.994,590.122,567.994,590.122,164751.0,590.122
2008-06-19,585.695,585.695,572.372,572.372,115846.0,572.372
2008-06-20,581.277,585.695,563.458,572.372,87447.4,572.372
2008-06-23,563.458,563.458,554.672,559.119,74825.5,559.119
2008-06-24,572.372,572.372,559.119,567.994,57697.9,567.994
2008-06-25,567.994,581.277,559.119,581.277,139059.0,581.277
2008-06-26,585.695,590.122,567.994,572.372,152807.0,572.372
2008-06-27,559.119,567.994,559.119,559.119,61076.0,559.119
2008-06-30,563.458,563.458,554.672,554.672,53188.1,554.672
2008-07-01,550.165,581.277,541.34,581.277,253550.0,581.277
2008-07-02,576.81,581.277,550.165,550.165,249044.0,550.165
2008-07-03,532.455,545.738,523.58,536.863,165877.0,536.863
2008-07-04,536.863,536.863,505.85,510.248,157311.0,510.248
2008-07-07,510.248,523.58,505.85,523.58,77981.5,523.58
2008-07-08,519.143,527.938,510.248,514.715,98038.0,514.715
2008-07-09,523.58,532.455,514.715,519.143,73023.4,519.143
2008-07-10,510.248,532.455,510.248,523.58,71894.7,523.58
2008-07-11,527.938,559.119,514.715,545.738,407709.0,545.738
2008-07-14,541.34,545.738,519.143,527.938,161821.0,527.938
2008-07-15,527.938,541.34,514.715,514.715,127339.0,514.715
2008-07-16,505.85,514.715,496.955,501.373,87220.3,501.373
2008-07-17,510.248,519.143,505.85,514.715,49809.0,514.715
2008-07-18,514.715,519.143,505.85,505.85,62655.0,505.85
2008-07-22,510.248,510.248,501.373,510.248,65584.8,510.248
2008-07-23,514.715,532.455,514.715,523.58,66712.5,523.58
2008-07-24,527.938,541.34,523.58,536.863,65584.8,536.863
2008-07-25,527.938,527.938,514.715,527.938,45076.0,527.938
2008-07-28,527.938,532.455,519.143,527.938,46426.9,527.938
2008-07-29,523.58,527.938,514.715,527.938,30427.9,527.938
2008-07-30,532.455,550.165,527.938,550.165,177599.0,550.165
2008-07-31,559.119,576.81,550.165,572.372,374579.0,572.372
2008-08-01,572.372,572.372,559.119,572.372,177821.0,572.372
2008-08-04,581.277,594.579,550.165,550.165,297951.0,550.165
2008-08-05,541.34,550.165,519.143,523.58,234620.0,523.58
2008-08-06,536.863,550.165,527.938,545.738,166328.0,545.738
2008-08-07,541.34,545.738,523.58,523.58,106830.0,523.58
2008-08-08,514.715,527.938,510.248,519.143,154609.0,519.143
2008-08-11,532.455,550.165,532.455,536.863,168131.0,536.863
2008-08-12,536.863,536.863,523.58,523.58,97138.4,523.58
2008-08-13,519.143,519.143,510.248,514.715,82488.3,514.715
2008-08-14,510.248,514.715,501.373,501.373,128465.0,501.373
2008-08-15,510.248,510.248,492.458,496.955,82714.5,496.955
2008-08-18,501.373,514.715,501.373,510.248,74825.5,510.248
2008-08-19,501.373,501.373,492.458,501.373,112462.0,501.373
2008-08-20,488.09,514.715,488.09,514.715,93531.2,514.715
2008-08-21,505.85,510.248,496.955,505.85,47328.4,505.85
2008-08-22,496.955,501.373,492.458,501.373,38315.8,501.373
2008-08-25,510.248,510.248,501.373,510.248,40569.2,510.248
2008-08-26,496.955,501.373,492.458,501.373,69191.0,501.373
2008-08-27,501.373,514.715,496.955,505.85,89702.8,505.85
2008-08-28,505.85,505.85,496.955,505.85,52737.8,505.85
2008-08-29,519.143,527.938,510.248,527.938,143791.0,527.938
2008-09-01,527.938,559.119,527.938,545.738,421681.0,545.738
2008-09-02,545.738,550.165,527.938,536.863,228532.0,536.863
2008-09-03,545.738,554.672,536.863,536.863,178724.0,536.863
2008-09-04,536.863,536.863,519.143,519.143,186161.0,519.143
2008-09-05,505.85,519.143,496.955,514.715,129592.0,514.715
2008-09-08,527.938,532.455,523.58,527.938,95110.2,527.938
2008-09-09,541.34,545.738,523.58,527.938,120351.0,527.938
2008-09-10,523.58,536.863,523.58,532.455,68290.5,532.455
2008-09-11,532.455,536.863,527.938,532.455,66036.1,532.455
2008-09-12,536.863,536.863,519.143,523.58,93306.0,523.58
2008-09-16,501.373,523.58,496.955,510.248,88350.0,510.248
2008-09-17,514.715,527.938,510.248,519.143,86546.9,519.143
2008-09-18,501.373,514.715,501.373,514.715,106603.0,514.715
2008-09-19,514.715,519.143,505.85,519.143,80687.2,519.143
2008-09-22,523.58,523.58,510.248,510.248,59500.0,510.248
2008-09-24,505.85,510.248,505.85,510.248,36285.5,510.248
2008-09-25,510.248,510.248,501.373,505.85,38990.2,505.85
2008-09-26,505.85,505.85,501.373,505.85,99164.7,505.85
2008-09-29,505.85,519.143,505.85,510.248,54316.8,510.248
2008-09-30,496.955,505.85,470.36,505.85,131170.0,505.85
2008-10-01,505.85,510.248,492.458,505.85,61303.1,505.85
2008-10-02,510.248,527.938,505.85,527.938,245437.0,527.938
2008-10-03,527.938,585.695,523.58,567.994,1179177.0,567.994
2008-10-06,567.994,585.695,559.119,576.81,1231239.0,576.81
2008-10-07,563.458,612.27,559.119,607.862,1455041.0,607.862
2008-10-08,594.579,598.997,563.458,563.458,767186.0,563.458
2008-10-09,550.165,572.372,541.34,559.119,587787.0,559.119
2008-10-10,536.863,541.34,501.373,514.715,510931.0,514.715
2008-10-14,559.119,598.997,550.165,594.579,503946.0,594.579
2008-10-15,581.277,621.145,576.81,616.777,592292.0,616.777
2008-10-16,598.997,625.651,585.695,607.862,1171291.0,607.862
2008-10-17,625.651,647.769,616.777,638.944,916612.0,638.944
2008-10-20,643.401,670.006,643.401,665.509,865227.0,665.509
2008-10-21,670.006,683.309,630.02,630.02,732929.0,630.02
2008-10-22,630.02,656.684,621.145,625.651,770568.0,625.651
2008-10-23,621.145,656.684,607.862,652.227,1037642.0,652.227
2008-10-24,656.684,665.509,621.145,634.477,783413.0,634.477
2008-10-27,634.477,687.726,634.477,683.309,1802799.0,683.309
2008-10-28,670.006,674.384,638.944,661.131,1028176.0,661.131
2008-10-29,674.384,745.403,674.384,727.663,1611002.0,727.663
2008-10-30,727.663,780.943,723.226,763.203,1453691.0,763.203
2008-10-31,772.048,794.235,745.403,754.278,1161600.0,754.278
2008-11-04,780.943,820.82,772.048,816.452,1292093.0,816.452
2008-11-05,829.735,856.32,803.06,834.152,1061531.0,834.152
2008-11-06,811.935,869.642,807.577,856.32,1430926.0,856.32
2008-11-07,847.475,900.684,838.56,891.839,1695067.0,891.839
2008-11-10,905.142,931.796,856.32,865.234,1496510.0,865.234
2008-11-11,860.757,878.527,820.82,860.757,1245438.0,860.757
2008-11-12,851.892,909.599,843.007,851.892,2032913.0,851.892
2008-11-13,834.152,878.527,825.277,874.109,1139061.0,874.109
2008-11-14,887.342,896.257,856.32,865.234,844041.0,865.234
2008-11-17,860.757,896.257,847.475,869.642,1084069.0,869.642
2008-11-18,878.527,896.257,865.234,865.234,579898.0,865.234
2008-11-19,874.109,878.527,754.278,754.278,1581252.0,754.278
2008-11-20,741.015,776.446,714.381,727.663,2235526.0,727.663
2008-11-21,705.506,714.381,674.384,692.223,1096464.0,692.223
2008-11-25,709.923,732.041,661.131,678.931,1128017.0,678.931
2008-11-26,665.509,701.009,656.684,670.006,1010597.0,670.006
2008-11-27,678.931,692.223,665.509,687.726,540457.0,687.726
2008-11-28,696.631,701.009,678.931,687.726,518369.0,687.726
2008-12-01,687.726,718.749,687.726,696.631,588237.0,696.631
2008-12-02,678.931,692.223,670.006,674.384,308767.0,674.384
2008-12-03,674.384,678.931,643.401,652.227,335137.0,652.227
2008-12-04,643.401,656.684,625.651,625.651,283977.0,625.651
2008-12-05,625.651,732.041,625.651,732.041,1473974.0,732.041
2008-12-08,732.041,758.716,701.009,754.278,1354297.0,754.278
2008-12-09,741.015,758.716,723.226,727.663,574264.0,727.663
2008-12-10,736.558,780.943,732.041,754.278,786567.0,754.278
2008-12-11,754.278,794.235,754.278,785.33,615056.0,785.33
2008-12-12,789.748,803.06,754.278,758.716,622269.0,758.716
2008-12-15,767.581,807.577,767.581,798.643,335363.0,798.643
2008-12-16,794.235,856.32,789.748,851.892,714674.0,851.892
2008-12-17,865.234,887.342,767.581,834.152,1296599.0,834.152
2008-12-18,838.56,865.234,820.82,843.007,434753.0,843.007
2008-12-19,847.475,847.475,780.943,798.643,301105.0,798.643
2008-12-22,785.33,794.235,772.048,776.446,202390.0,776.446
2008-12-24,763.203,794.235,749.821,776.446,332208.0,776.446
2008-12-25,767.581,785.33,767.581,776.446,127113.0,776.446
2008-12-26,776.446,785.33,763.203,785.33,84966.9,785.33
2008-12-29,780.943,820.82,776.446,803.06,273158.0,803.06
2008-12-30,803.06,816.452,785.33,785.33,98038.0,785.33
2009-01-05,803.06,807.577,772.048,772.048,84516.6,772.048
2009-01-06,772.048,776.446,754.278,758.716,128012.0,758.716
2009-01-07,767.581,776.446,754.278,754.278,133197.0,754.278
2009-01-08,745.403,754.278,714.381,714.381,187288.0,714.381
2009-01-09,736.558,745.403,723.226,727.663,292542.0,727.663
2009-01-13,736.558,749.821,732.041,736.558,189542.0,736.558
2009-01-14,741.015,780.943,741.015,763.203,306513.0,763.203
2009-01-15,758.716,767.581,741.015,754.278,239577.0,754.278
2009-01-16,758.716,780.943,754.278,763.203,332882.0,763.203
2009-01-19,767.581,772.048,732.041,741.015,153708.0,741.015
2009-01-20,741.015,745.403,714.381,714.381,157764.0,714.381
2009-01-21,714.381,732.041,705.506,709.923,149425.0,709.923
2009-01-22,718.749,727.663,701.009,723.226,267975.0,723.226
2009-01-23,723.226,723.226,701.009,701.009,139960.0,701.009
2009-01-26,701.009,701.009,665.509,674.384,169484.0,674.384
2009-01-27,678.931,705.506,674.384,701.009,121479.0,701.009
2009-01-28,683.309,696.631,674.384,683.309,165202.0,683.309
2009-01-29,692.223,701.009,683.309,692.223,97815.9,692.223
2009-01-30,701.009,701.009,670.006,670.006,122605.0,670.006
2009-02-02,692.223,705.506,678.931,696.631,203289.0,696.631
2009-02-03,701.009,718.749,683.309,687.726,292315.0,687.726
2009-02-04,683.309,696.631,678.931,692.223,111109.0,692.223
2009-02-05,701.009,701.009,683.309,683.309,89473.7,683.309
2009-02-06,687.726,692.223,665.509,674.384,195178.0,674.384
2009-02-09,674.384,678.931,630.02,630.02,240930.0,630.02
2009-02-10,634.477,638.944,598.997,612.27,366013.0,612.27
2009-02-12,616.777,634.477,612.27,616.777,154156.0,616.777
2009-02-13,621.145,634.477,621.145,621.145,104348.0,621.145
2009-02-16,621.145,630.02,621.145,625.651,76853.8,625.651
2009-02-17,616.777,616.777,585.695,590.122,109083.0,590.122
2009-02-18,576.81,603.405,559.119,598.997,114943.0,598.997
2009-02-19,590.122,603.405,576.81,585.695,56570.2,585.695
2009-02-20,576.81,581.277,554.672,554.672,148299.0,554.672
2009-02-23,545.738,545.738,527.938,532.455,161369.0,532.455
2009-02-24,514.715,523.58,510.248,519.143,99390.8,519.143
2009-02-25,536.863,550.165,492.458,514.715,195401.0,514.715
2009-02-26,519.143,532.455,510.248,532.455,75276.8,532.455
2009-02-27,536.863,536.863,523.58,532.455,41243.6,532.455
2009-03-02,536.863,536.863,523.58,536.863,54767.1,536.863
2009-03-03,523.58,541.34,523.58,536.863,92856.8,536.863
2009-03-04,541.34,554.672,532.455,550.165,133649.0,550.165
2009-03-05,554.672,567.994,550.165,563.458,91051.6,563.458
2009-03-06,572.372,572.372,554.672,554.672,98940.6,554.672
2009-03-09,567.994,572.372,532.455,532.455,113590.0,532.455
2009-03-10,527.938,545.738,523.58,536.863,44849.9,536.863
2009-03-11,550.165,554.672,536.863,536.863,41243.6,536.863
2009-03-12,536.863,545.738,519.143,523.58,77080.0,523.58
2009-03-13,523.58,545.738,523.58,545.738,119900.0,545.738
2009-03-16,541.34,554.672,541.34,554.672,76403.5,554.672
2009-03-17,545.738,559.119,541.34,541.34,109534.0,541.34
2009-03-18,545.738,554.672,541.34,541.34,89249.5,541.34
2009-03-19,545.738,545.738,514.715,514.715,129817.0,514.715
2009-03-23,519.143,545.738,519.143,545.738,100069.0,545.738
2009-03-24,559.119,559.119,527.938,527.938,151229.0,527.938
2009-03-25,532.455,545.738,532.455,545.738,123055.0,545.738
2009-03-26,545.738,550.165,532.455,541.34,91051.6,541.34
2009-03-27,545.738,607.862,541.34,607.862,487717.0,607.862
2009-03-30,630.02,647.769,576.81,576.81,685828.0,576.81
2009-03-31,572.372,590.122,532.455,545.738,319359.0,545.738
2009-04-01,554.672,559.119,541.34,554.672,190669.0,554.672
2009-04-02,567.994,585.695,559.119,567.994,456166.0,567.994
2009-04-03,572.372,576.81,550.165,554.672,176244.0,554.672
2009-04-06,563.458,563.458,554.672,559.119,83614.0,559.119
2009-04-07,554.672,559.119,541.34,559.119,146043.0,559.119
2009-04-08,550.165,554.672,532.455,532.455,188867.0,532.455
2009-04-09,541.34,550.165,536.863,550.165,116070.0,550.165
2009-04-10,550.165,563.458,527.938,536.863,351364.0,536.863
2009-04-13,541.34,545.738,532.455,536.863,124182.0,536.863
2009-04-14,545.738,559.119,541.34,559.119,349336.0,559.119
2009-04-15,559.119,572.372,545.738,550.165,394635.0,550.165
2009-04-16,550.165,554.672,536.863,536.863,245660.0,536.863
2009-04-17,545.738,550.165,541.34,550.165,122154.0,550.165
2009-04-20,550.165,550.165,541.34,545.738,98038.0,545.738
2009-04-21,536.863,541.34,536.863,541.34,125084.0,541.34
2009-04-22,541.34,541.34,532.455,536.863,128240.0,536.863
2009-04-23,532.455,532.455,523.58,527.938,102997.0,527.938
2009-04-24,532.455,536.863,527.938,527.938,70316.7,527.938
2009-04-27,523.58,527.938,496.955,501.373,238224.0,501.373
2009-04-28,492.458,496.955,488.09,488.09,262339.0,488.09
2009-04-30,488.09,510.248,483.633,505.85,198108.0,505.85
2009-05-01,496.955,496.955,488.09,488.09,229661.0,488.09
2009-05-07,501.373,510.248,496.955,505.85,152580.0,505.85
2009-05-08,501.373,510.248,501.373,510.248,165877.0,510.248
2009-05-11,514.715,527.938,510.248,514.715,280368.0,514.715
2009-05-12,519.143,519.143,510.248,510.248,170159.0,510.248
2009-05-13,523.58,536.863,514.715,527.938,338066.0,527.938
2009-05-14,519.143,527.938,510.248,514.715,345281.0,514.715
2009-05-15,523.58,527.938,496.955,510.248,379538.0,510.248
2009-05-18,510.248,514.715,501.373,505.85,223349.0,505.85
2009-05-19,514.715,519.143,505.85,510.248,127789.0,510.248
2009-05-20,510.248,514.715,505.85,514.715,125987.0,514.715
2009-05-21,510.248,510.248,501.373,505.85,109083.0,505.85
2009-05-22,501.373,510.248,501.373,505.85,127789.0,505.85
2009-05-25,505.85,510.248,501.373,501.373,141762.0,501.373
2009-05-26,505.85,510.248,501.373,505.85,193149.0,505.85
2009-05-27,510.248,523.58,510.248,514.715,463603.0,514.715
2009-05-28,519.143,527.938,514.715,523.58,398245.0,523.58
2009-05-29,527.938,541.34,510.248,536.863,675684.0,536.863
2009-06-01,536.863,545.738,532.455,536.863,248366.0,536.863
2009-06-02,541.34,541.34,523.58,523.58,282850.0,523.58
2009-06-03,519.143,527.938,510.248,514.715,476224.0,514.715
2009-06-04,510.248,514.715,496.955,505.85,692587.0,505.85
2009-06-05,505.85,510.248,496.955,505.85,407936.0,505.85
2009-06-08,510.248,519.143,505.85,514.715,332429.0,514.715
2009-06-09,519.143,527.938,514.715,527.938,430246.0,527.938
2009-06-10,527.938,532.455,523.58,527.938,369847.0,527.938
2009-06-11,527.938,550.165,527.938,545.738,844041.0,545.738
2009-06-12,550.165,550.165,536.863,536.863,446474.0,536.863
2009-06-15,541.34,567.994,541.34,554.672,709040.0,554.672
2009-06-16,545.738,550.165,532.455,532.455,332882.0,532.455
2009-06-17,532.455,545.738,519.143,545.738,244762.0,545.738
2009-06-18,545.738,554.672,532.455,532.455,215462.0,532.455
2009-06-19,536.863,545.738,523.58,523.58,330177.0,523.58
2009-06-22,527.938,545.738,527.938,541.34,217264.0,541.34
2009-06-23,527.938,541.34,523.58,523.58,304712.0,523.58
2009-06-24,527.938,532.455,510.248,514.715,219743.0,514.715
2009-06-25,514.715,523.58,510.248,523.58,142664.0,523.58
2009-06-26,523.58,532.455,523.58,527.938,220194.0,527.938
2009-06-29,523.58,532.455,514.715,519.143,157540.0,519.143
2009-06-30,523.58,523.58,514.715,519.143,176923.0,519.143
2009-07-01,519.143,527.938,514.715,523.58,251746.0,523.58
2009-07-02,523.58,523.58,519.143,519.143,115393.0,519.143
2009-07-03,514.715,514.715,510.248,510.248,147396.0,510.248
2009-07-06,514.715,519.143,510.248,514.715,91051.6,514.715
2009-07-07,514.715,519.143,510.248,519.143,111338.0,519.143
2009-07-08,514.715,514.715,492.458,492.458,394187.0,492.458
2009-07-09,492.458,501.373,492.458,492.458,168582.0,492.458
2009-07-10,492.458,496.955,474.758,479.156,361280.0,479.156
2009-07-13,470.36,474.758,448.153,448.153,281044.0,448.153
2009-07-14,457.058,465.873,457.058,465.873,119000.0,465.873
2009-07-15,465.873,470.36,461.426,470.36,112013.0,470.36
2009-07-16,474.758,479.156,470.36,474.758,79783.6,474.758
2009-07-17,474.758,474.758,461.426,470.36,123958.0,470.36
2009-07-21,474.758,483.633,470.36,479.156,173542.0,479.156
2009-07-22,479.156,483.633,470.36,474.758,162047.0,474.758
2009-07-23,474.758,479.156,470.36,474.758,86546.9,474.758
2009-07-24,479.156,483.633,474.758,483.633,154834.0,483.633
2009-07-27,483.633,488.09,479.156,479.156,127789.0,479.156
2009-07-28,479.156,483.633,474.758,479.156,84292.4,479.156
2009-07-29,479.156,479.156,470.36,474.758,63330.4,474.758
2009-07-30,474.758,479.156,474.758,474.758,67839.2,474.758
2009-07-31,474.758,483.633,474.758,474.758,82488.3,474.758
2009-08-03,479.156,483.633,479.156,479.156,127339.0,479.156
2009-08-04,483.633,501.373,483.633,496.955,237548.0,496.955
2009-08-05,492.458,501.373,488.09,492.458,95110.2,492.458
2009-08-06,492.458,501.373,488.09,492.458,68290.5,492.458
2009-08-07,496.955,496.955,488.09,496.955,43499.0,496.955
2009-08-10,492.458,496.955,492.458,492.458,95785.6,492.458
2009-08-11,492.458,496.955,488.09,492.458,72346.0,492.458
2009-08-12,492.458,496.955,488.09,488.09,118098.0,488.09
2009-08-13,492.458,510.248,492.458,505.85,300653.0,505.85
2009-08-14,501.373,505.85,496.955,505.85,108407.0,505.85
2009-08-17,505.85,505.85,488.09,496.955,104348.0,496.955
2009-08-18,488.09,496.955,483.633,488.09,80687.2,488.09
2009-08-19,492.458,496.955,488.09,488.09,63782.7,488.09
2009-08-20,492.458,496.955,488.09,496.955,56570.2,496.955
2009-08-21,496.955,501.373,492.458,496.955,71221.3,496.955
2009-08-24,496.955,505.85,496.955,505.85,80910.3,505.85
2009-08-25,501.373,505.85,496.955,496.955,89473.7,496.955
2009-08-26,496.955,505.85,496.955,505.85,61528.3,505.85
2009-08-27,505.85,505.85,496.955,496.955,46201.7,496.955
2009-08-28,496.955,501.373,492.458,496.955,51837.2,496.955
2009-08-31,501.373,501.373,492.458,492.458,73023.4,492.458
2009-09-01,492.458,496.955,492.458,496.955,45524.3,496.955
2009-09-02,492.458,492.458,483.633,488.09,99164.7,488.09
2009-09-03,483.633,492.458,479.156,483.633,104123.0,483.633
2009-09-04,483.633,492.458,483.633,488.09,78882.1,488.09
2009-09-07,488.09,488.09,483.633,483.633,21187.2,483.633
2009-09-08,483.633,488.09,479.156,488.09,59500.0,488.09
2009-09-09,483.633,488.09,479.156,479.156,53865.5,479.156
2009-09-10,483.633,483.633,479.156,483.633,32229.0,483.633
2009-09-11,479.156,483.633,474.758,474.758,93757.3,474.758
2009-09-14,474.758,479.156,465.873,465.873,73698.8,465.873
2009-09-15,470.36,474.758,465.873,470.36,64459.1,470.36
2009-09-16,470.36,474.758,465.873,465.873,83388.9,465.873
2009-09-17,470.36,470.36,457.058,465.873,103899.0,465.873
2009-09-18,465.873,465.873,452.571,461.426,108854.0,461.426
2009-09-24,457.058,461.426,452.571,457.058,130495.0,457.058
2009-09-25,461.426,465.873,452.571,461.426,96688.2,461.426
2009-09-28,461.426,461.426,452.571,461.426,96461.0,461.426
2009-09-29,457.058,479.156,457.058,474.758,195178.0,474.758
2009-09-30,465.873,479.156,465.873,479.156,111562.0,479.156
2009-10-01,474.758,474.758,461.426,474.758,122380.0,474.758
2009-10-02,461.426,465.873,457.058,465.873,103674.0,465.873
2009-10-05,461.426,465.873,452.571,452.571,89023.4,452.571
2009-10-06,461.426,461.426,452.571,461.426,89023.4,461.426
2009-10-07,457.058,461.426,452.571,457.058,119900.0,457.058
2009-10-08,457.058,461.426,452.571,457.058,98940.6,457.058
2009-10-09,457.058,461.426,452.571,457.058,74374.3,457.058
2009-10-13,457.058,461.426,452.571,461.426,112913.0,461.426
2009-10-14,461.426,461.426,452.571,457.058,135451.0,457.058
2009-10-15,461.426,461.426,457.058,461.426,74149.1,461.426
2009-10-16,457.058,461.426,452.571,461.426,80459.0,461.426
2009-10-19,457.058,461.426,452.571,457.058,92856.8,457.058
2009-10-20,457.058,461.426,457.058,461.426,55218.3,461.426
2009-10-21,457.058,465.873,457.058,465.873,53188.1,465.873
2009-10-22,465.873,470.36,461.426,461.426,62204.7,461.426
2009-10-23,461.426,474.758,457.058,461.426,142664.0,461.426
2009-10-26,465.873,470.36,461.426,470.36,49131.5,470.36
2009-10-27,465.873,465.873,457.058,457.058,94884.0,457.058
2009-10-28,457.058,461.426,457.058,461.426,84516.6,461.426
2009-10-29,457.058,461.426,452.571,457.058,97363.6,457.058
2009-10-30,457.058,474.758,452.571,465.873,203516.0,465.873
2009-11-02,461.426,461.426,452.571,461.426,187515.0,461.426
2009-11-04,461.426,461.426,452.571,461.426,129592.0,461.426
2009-11-05,457.058,461.426,457.058,461.426,94884.0,461.426
2009-11-06,461.426,465.873,457.058,461.426,114268.0,461.426
2009-11-09,457.058,461.426,452.571,457.058,75050.7,457.058
2009-11-10,457.058,461.426,457.058,457.058,32679.3,457.058
2009-11-11,457.058,461.426,452.571,452.571,29750.5,452.571
2009-11-12,452.571,457.058,452.571,452.571,79783.6,452.571
2009-11-13,452.571,452.571,434.831,434.831,205771.0,434.831
2009-11-16,434.831,439.268,434.831,434.831,78656.9,434.831
2009-11-17,439.268,439.268,412.634,417.071,176244.0,417.071
2009-11-18,417.071,421.538,399.341,408.196,160918.0,408.196
2009-11-19,403.779,408.196,399.341,408.196,74825.5,408.196
2009-11-20,403.779,412.634,399.341,408.196,148973.0,408.196
2009-11-24,412.634,412.634,408.196,408.196,45076.0,408.196
2009-11-25,408.196,412.634,403.779,403.779,69417.2,403.779
2009-11-26,403.779,403.779,399.341,399.341,74825.5,399.341
2009-11-27,390.456,394.884,386.009,390.456,106830.0,390.456
2009-11-30,394.884,403.779,394.884,403.779,67839.2,403.779
2009-12-01,399.341,421.538,399.341,421.538,187065.0,421.538
2009-12-02,421.538,425.966,412.634,425.966,72572.1,425.966
2009-12-03,421.538,430.384,417.071,425.966,142213.0,425.966
2009-12-04,430.384,430.384,421.538,421.538,102997.0,421.538
2009-12-07,430.384,430.384,421.538,421.538,89924.9,421.538
2009-12-08,421.538,430.384,421.538,425.966,142664.0,425.966
2009-12-09,421.538,421.538,412.634,421.538,71894.7,421.538
2009-12-10,421.538,421.538,408.196,408.196,78432.8,408.196
2009-12-11,408.196,417.071,408.196,417.071,85193.0,417.071
2009-12-14,417.071,417.071,399.341,408.196,178274.0,408.196
2009-12-15,399.341,408.196,394.884,408.196,156187.0,408.196
2009-12-16,412.634,412.634,403.779,412.634,38540.0,412.634
2009-12-17,403.779,408.196,403.779,403.779,45976.6,403.779
2009-12-18,399.341,403.779,399.341,399.341,35159.9,399.341
2009-12-21,403.779,408.196,399.341,399.341,56570.2,399.341
2009-12-22,403.779,408.196,399.341,403.779,69866.4,403.779
2009-12-24,408.196,412.634,403.779,412.634,102546.0,412.634
2009-12-25,408.196,412.634,403.779,412.634,88573.1,412.634
2009-12-28,417.071,425.966,412.634,417.071,141085.0,417.071
2009-12-29,417.071,425.966,417.071,417.071,30651.0,417.071
2009-12-30,421.538,425.966,417.071,421.538,54767.1,421.538
2010-01-04,417.071,421.538,417.071,417.071,29299.2,417.071
2010-01-05,421.538,425.966,412.634,417.071,76177.4,417.071
2010-01-06,417.071,421.538,412.634,421.538,62429.8,421.538
2010-01-07,417.071,425.966,412.634,425.966,142889.0,425.966
2010-01-08,421.538,430.384,421.538,425.966,182782.0,425.966
2010-01-12,425.966,443.676,425.966,439.268,200134.0,439.268
2010-01-13,434.831,434.831,425.966,425.966,126435.0,425.966
2010-01-14,430.384,443.676,425.966,443.676,145369.0,443.676
2010-01-15,443.676,443.676,430.384,430.384,178724.0,430.384
2010-01-18,430.384,439.268,430.384,430.384,71444.4,430.384
2010-01-19,434.831,434.831,425.966,430.384,70769.0,430.384
2010-01-20,430.384,434.831,425.966,425.966,61753.4,425.966
2010-01-21,425.966,430.384,425.966,430.384,34933.7,430.384
2010-01-22,425.966,430.384,421.538,425.966,67388.9,425.966
2010-01-25,425.966,425.966,421.538,421.538,43499.0,421.538
2010-01-26,425.966,425.966,421.538,421.538,67839.2,421.538
2010-01-27,417.071,421.538,417.071,417.071,36060.4,417.071
2010-01-28,417.071,421.538,417.071,421.538,34708.6,421.538
2010-01-29,417.071,421.538,417.071,417.071,20510.7,417.071
2010-02-01,421.538,421.538,412.634,412.634,40342.1,412.634
2010-02-02,417.071,417.071,412.634,412.634,31776.7,412.634
2010-02-03,417.071,421.538,417.071,417.071,22989.3,417.071
2010-02-04,421.538,421.538,412.634,421.538,146721.0,421.538
2010-02-05,412.634,417.071,412.634,412.634,113138.0,412.634
2010-02-08,417.071,425.966,417.071,417.071,102997.0,417.071
2010-02-09,417.071,421.538,412.634,417.071,34482.4,417.071
2010-02-10,421.538,421.538,412.634,417.071,26818.6,417.071
2010-02-12,412.634,421.538,412.634,421.538,52963.9,421.538
2010-02-15,421.538,421.538,417.071,421.538,36736.8,421.538
2010-02-16,421.538,421.538,417.071,417.071,28848.9,417.071
2010-02-17,421.538,421.538,417.071,421.538,40117.9,421.538
2010-02-18,421.538,425.966,417.071,421.538,42145.2,421.538
2010-02-19,421.538,421.538,417.071,417.071,18481.5,417.071
2010-02-22,421.538,425.966,417.071,421.538,76177.4,421.538
2010-02-23,421.538,425.966,417.071,421.538,33580.9,421.538
2010-02-24,417.071,425.966,417.071,421.538,64459.1,421.538
2010-02-25,421.538,425.966,417.071,421.538,55443.5,421.538
2010-02-26,421.538,425.966,417.071,425.966,76628.7,425.966
2010-03-01,430.384,439.268,430.384,434.831,183458.0,434.831
2010-03-02,434.831,434.831,425.966,430.384,116520.0,430.384
2010-03-03,425.966,434.831,425.966,434.831,59726.2,434.831
2010-03-04,430.384,434.831,425.966,425.966,31101.3,425.966
2010-03-05,430.384,434.831,425.966,430.384,61979.6,430.384
2010-03-08,434.831,439.268,430.384,434.831,74374.3,434.831
2010-03-09,434.831,434.831,430.384,430.384,20510.7,430.384
2010-03-10,434.831,443.676,430.384,439.268,176244.0,439.268
2010-03-11,443.676,448.153,439.268,439.268,161144.0,439.268
2010-03-12,439.268,443.676,439.268,443.676,108181.0,443.676
2010-03-15,443.676,452.571,439.268,448.153,163399.0,448.153
2010-03-16,443.676,448.153,443.676,443.676,104123.0,443.676
2010-03-17,443.676,448.153,439.268,443.676,86770.0,443.676
2010-03-18,443.676,452.571,443.676,443.676,112238.0,443.676
2010-03-19,443.676,452.571,443.676,448.153,122832.0,448.153
2010-03-23,448.153,457.058,448.153,448.153,77530.2,448.153
2010-03-24,452.571,457.058,443.676,448.153,162272.0,448.153
2010-03-25,448.153,448.153,443.676,443.676,107280.0,443.676
2010-03-26,443.676,448.153,439.268,448.153,160469.0,448.153
2010-03-29,439.268,439.268,430.384,434.831,120805.0,434.831
2010-03-30,439.268,443.676,434.831,443.676,73698.8,443.676
2010-03-31,439.268,443.676,434.831,439.268,69641.3,439.268
2010-04-01,443.676,448.153,439.268,443.676,91278.8,443.676
2010-04-02,443.676,448.153,439.268,439.268,66712.5,439.268
2010-04-05,443.676,443.676,439.268,443.676,52963.9,443.676
2010-04-06,443.676,448.153,439.268,439.268,84292.4,439.268
2010-04-07,443.676,448.153,439.268,443.676,61076.0,443.676
2010-04-08,443.676,461.426,443.676,461.426,312374.0,461.426
2010-04-09,461.426,465.873,452.571,457.058,229210.0,457.058
2010-04-12,461.426,465.873,452.571,461.426,207573.0,461.426
2010-04-13,461.426,461.426,452.571,461.426,164526.0,461.426
2010-04-14,461.426,488.09,461.426,488.09,695743.0,488.09
2010-04-15,483.633,483.633,474.758,474.758,179851.0,474.758
2010-04-16,474.758,479.156,470.36,470.36,100069.0,470.36
2010-04-19,457.058,470.36,457.058,465.873,95110.2,465.873
2010-04-20,465.873,474.758,465.873,474.758,39214.4,474.758
2010-04-21,474.758,488.09,470.36,488.09,220421.0,488.09
2010-04-22,483.633,483.633,470.36,483.633,204193.0,483.633
2010-04-23,479.156,483.633,470.36,470.36,124859.0,470.36
2010-04-26,474.758,479.156,470.36,474.758,149878.0,474.758
2010-04-27,474.758,488.09,474.758,483.633,275186.0,483.633
2010-04-28,474.758,474.758,465.873,465.873,168131.0,465.873
2010-04-30,470.36,474.758,470.36,470.36,91955.2,470.36
2010-05-06,461.426,461.426,448.153,457.058,204868.0,457.058
2010-05-07,434.831,443.676,430.384,439.268,142889.0,439.268
2010-05-10,439.268,452.571,434.831,452.571,96011.7,452.571
2010-05-11,452.571,465.873,448.153,452.571,193375.0,452.571
2010-05-12,452.571,470.36,452.571,457.058,275186.0,457.058
2010-05-13,461.426,470.36,461.426,465.873,75501.0,465.873
2010-05-14,461.426,465.873,457.058,457.058,128465.0,457.058
2010-05-17,448.153,452.571,439.268,439.268,132749.0,439.268
2010-05-18,443.676,448.153,443.676,443.676,50933.7,443.676
2010-05-19,439.268,443.676,434.831,434.831,97815.9,434.831
2010-05-20,434.831,439.268,430.384,434.831,109534.0,434.831
2010-05-21,425.966,430.384,417.071,430.384,154609.0,430.384
2010-05-24,425.966,430.384,421.538,425.966,45524.3,425.966
2010-05-25,425.966,430.384,421.538,425.966,74149.1,425.966
2010-05-26,421.538,430.384,412.634,430.384,147847.0,430.384
2010-05-27,425.966,430.384,421.538,430.384,99617.0,430.384
2010-05-28,430.384,434.831,425.966,425.966,63558.5,425.966
2010-05-31,425.966,439.268,425.966,439.268,94884.0,439.268
2010-06-01,439.268,443.676,430.384,434.831,47555.6,434.831
2010-06-02,434.831,457.058,434.831,448.153,126212.0,448.153
2010-06-03,452.571,457.058,448.153,457.058,94884.0,457.058
2010-06-04,452.571,457.058,448.153,457.058,51160.8,457.058
2010-06-07,443.676,452.571,443.676,448.153,62882.1,448.153
2010-06-08,443.676,457.058,439.268,448.153,65134.5,448.153
2010-06-09,443.676,448.153,439.268,443.676,56343.0,443.676
2010-06-10,439.268,443.676,430.384,434.831,53640.4,434.831
2010-06-11,439.268,443.676,434.831,439.268,76177.4,439.268
2010-06-14,443.676,452.571,439.268,452.571,80910.3,452.571
2010-06-15,452.571,452.571,443.676,448.153,66036.1,448.153
2010-06-16,452.571,452.571,448.153,452.571,22537.0,452.571
2010-06-17,448.153,457.058,448.153,457.058,30878.2,457.058
2010-06-18,448.153,452.571,443.676,448.153,54539.9,448.153
2010-06-21,448.153,457.058,448.153,457.058,31101.3,457.058
2010-06-22,452.571,461.426,452.571,461.426,64682.2,461.426
2010-06-23,457.058,470.36,457.058,461.426,168582.0,461.426
2010-06-24,461.426,461.426,448.153,448.153,111562.0,448.153
2010-06-25,443.676,452.571,439.268,443.676,99164.7,443.676
2010-06-28,443.676,448.153,443.676,443.676,59951.3,443.676
2010-06-29,439.268,443.676,439.268,439.268,52737.8,439.268
2010-06-30,430.384,434.831,425.966,434.831,82488.3,434.831
2010-07-01,430.384,439.268,430.384,434.831,70542.9,434.831
2010-07-02,430.384,434.831,430.384,430.384,20735.9,430.384
2010-07-05,430.384,439.268,430.384,430.384,20057.4,430.384
2010-07-06,434.831,439.268,430.384,439.268,28396.6,439.268
2010-07-07,439.268,443.676,434.831,443.676,51384.9,443.676
2010-07-08,448.153,448.153,443.676,448.153,26595.5,448.153
2010-07-09,448.153,457.058,443.676,457.058,57471.7,457.058
2010-07-12,457.058,457.058,448.153,448.153,18029.2,448.153
2010-07-13,448.153,452.571,439.268,439.268,40342.1,439.268
2010-07-14,443.676,452.571,443.676,452.571,40569.2,452.571
2010-07-15,443.676,443.676,439.268,439.268,38763.1,439.268
2010-07-16,439.268,443.676,434.831,434.831,16002.9,434.831
2010-07-20,430.384,439.268,430.384,439.268,39442.5,439.268
2010-07-21,439.268,439.268,434.831,434.831,30651.0,434.831
2010-07-22,430.384,434.831,425.966,425.966,36510.7,425.966
2010-07-23,434.831,434.831,430.384,430.384,37863.5,430.384
2010-07-26,430.384,434.831,430.384,430.384,19382.0,430.384
2010-07-27,430.384,434.831,430.384,430.384,15101.4,430.384
2010-07-28,434.831,443.676,434.831,439.268,33131.6,439.268
2010-07-29,439.268,439.268,434.831,434.831,19382.0,434.831
2010-07-30,430.384,434.831,430.384,430.384,38540.0,430.384
2010-08-02,430.384,439.268,430.384,430.384,62429.8,430.384
2010-08-03,434.831,439.268,434.831,439.268,27044.8,439.268
2010-08-04,434.831,434.831,425.966,430.384,43270.9,430.384
2010-08-05,430.384,430.384,425.966,430.384,54091.6,430.384
2010-08-06,425.966,430.384,425.966,425.966,36285.5,425.966
2010-08-09,425.966,430.384,421.538,430.384,20961.0,430.384
2010-08-10,430.384,430.384,425.966,425.966,17353.8,425.966
2010-08-11,425.966,425.966,421.538,421.538,33131.6,421.538
2010-08-12,421.538,421.538,417.071,421.538,37863.5,421.538
2010-08-13,417.071,425.966,417.071,421.538,25242.7,421.538
2010-08-16,421.538,425.966,417.071,425.966,16002.9,425.966
2010-08-17,425.966,430.384,425.966,430.384,32454.2,430.384
2010-08-18,430.384,430.384,425.966,430.384,29524.3,430.384
2010-08-19,425.966,425.966,421.538,425.966,21412.3,425.966
2010-08-20,421.538,421.538,412.634,412.634,62655.0,412.634
2010-08-23,412.634,417.071,412.634,412.634,19608.2,412.634
2010-08-24,417.071,417.071,412.634,417.071,23664.7,417.071
2010-08-25,417.071,417.071,408.196,408.196,23438.5,408.196
2010-08-26,408.196,412.634,408.196,412.634,21412.3,412.634
2010-08-27,412.634,421.538,408.196,417.071,51837.2,417.071
2010-08-30,417.071,421.538,412.634,421.538,26369.4,421.538
2010-08-31,417.071,417.071,403.779,403.779,90152.1,403.779
2010-09-01,399.341,412.634,399.341,408.196,70316.7,408.196
2010-09-02,408.196,408.196,403.779,408.196,36736.8,408.196
2010-09-03,408.196,408.196,403.779,408.196,11045.8,408.196
2010-09-06,408.196,412.634,403.779,412.634,62882.1,412.634
2010-09-07,412.634,412.634,403.779,403.779,32905.4,403.779
2010-09-08,403.779,408.196,399.341,408.196,62429.8,408.196
2010-09-09,403.779,408.196,403.779,403.779,12170.5,403.779
2010-09-10,408.196,408.196,403.779,408.196,53414.2,408.196
2010-09-13,408.196,408.196,399.341,403.779,51610.1,403.779
2010-09-14,403.779,408.196,399.341,408.196,36285.5,408.196
2010-09-15,403.779,408.196,399.341,403.779,30651.0,403.779
2010-09-16,403.779,408.196,399.341,403.779,22085.7,403.779
2010-09-17,403.779,408.196,399.341,403.779,88573.1,403.779
2010-09-21,408.196,408.196,403.779,408.196,11045.8,408.196
2010-09-22,403.779,408.196,399.341,403.779,34933.7,403.779
2010-09-24,399.341,408.196,399.341,399.341,27269.9,399.341
2010-09-27,403.779,403.779,394.884,399.341,104348.0,399.341
2010-09-28,399.341,399.341,394.884,399.341,20961.0,399.341
2010-09-29,399.341,399.341,394.884,399.341,15326.5,399.341
2010-09-30,399.341,399.341,390.456,390.456,60626.7,390.456
2010-10-01,394.884,399.341,390.456,399.341,104348.0,399.341
2010-10-04,394.884,399.341,390.456,390.456,20961.0,390.456
2010-10-05,390.456,394.884,386.009,394.884,30651.0,394.884
2010-10-06,394.884,394.884,390.456,390.456,16002.9,390.456
2010-10-07,390.456,394.884,390.456,394.884,36285.5,394.884
2010-10-08,394.884,399.341,390.456,399.341,43723.2,399.341
2010-10-12,394.884,394.884,390.456,390.456,27945.3,390.456
2010-10-13,386.009,390.456,386.009,386.009,22311.8,386.009
2010-10-14,386.009,390.456,386.009,390.456,38763.1,390.456
2010-10-15,390.456,394.884,386.009,394.884,41694.9,394.884
2010-10-18,390.456,394.884,386.009,394.884,29975.6,394.884
2010-10-19,394.884,394.884,390.456,390.456,23438.5,390.456
2010-10-20,390.456,390.456,386.009,386.009,15550.6,386.009
2010-10-21,386.009,386.009,372.726,381.591,77305.1,381.591
2010-10-22,377.164,381.591,377.164,381.591,46201.7,381.591
2010-10-25,377.164,381.591,372.726,377.164,27721.2,377.164
2010-10-26,377.164,377.164,372.726,372.726,21860.6,372.726
2010-10-27,377.164,377.164,372.726,377.164,22537.0,377.164
2010-10-28,372.726,377.164,363.832,377.164,89023.4,377.164
2010-10-29,368.269,368.269,363.832,368.269,38763.1,368.269
2010-11-01,368.269,368.269,363.832,368.269,68967.9,368.269
2010-11-02,368.269,372.726,354.957,359.394,94433.8,359.394
2010-11-04,359.394,368.269,359.394,363.832,40792.3,363.832
2010-11-05,368.269,372.726,368.269,372.726,35385.0,372.726
2010-11-08,377.164,386.009,372.726,386.009,37411.2,386.009
2010-11-09,381.591,386.009,377.164,386.009,41469.8,386.009
2010-11-10,381.591,386.009,377.164,386.009,32229.0,386.009
2010-11-11,381.591,386.009,377.164,377.164,69191.0,377.164
2010-11-12,372.726,377.164,372.726,372.726,41243.6,372.726
2010-11-15,372.726,377.164,372.726,377.164,20735.9,377.164
2010-11-16,377.164,381.591,372.726,377.164,37638.4,377.164
2010-11-17,372.726,381.591,372.726,377.164,39214.4,377.164
2010-11-18,377.164,390.456,377.164,390.456,56793.3,390.456
2010-11-19,390.456,421.538,390.456,421.538,526033.0,421.538
2010-11-22,425.966,430.384,412.634,417.071,221998.0,417.071
2010-11-24,412.634,421.538,403.779,417.071,110209.0,417.071
2010-11-25,421.538,421.538,417.071,417.071,51160.8,417.071
2010-11-26,421.538,421.538,412.634,412.634,43270.9,412.634
2010-11-29,417.071,417.071,412.634,417.071,27269.9,417.071
2010-11-30,417.071,417.071,403.779,408.196,64459.1,408.196
2010-12-01,403.779,408.196,403.779,408.196,35834.3,408.196
2010-12-02,412.634,412.634,408.196,408.196,65360.7,408.196
2010-12-03,408.196,412.634,403.779,408.196,17804.0,408.196
2010-12-06,408.196,417.071,403.779,408.196,35834.3,408.196
2010-12-07,412.634,430.384,412.634,425.966,258283.0,425.966
2010-12-08,421.538,425.966,421.538,425.966,68063.3,425.966
2010-12-09,421.538,425.966,421.538,425.966,42370.3,425.966
2010-12-10,425.966,425.966,421.538,421.538,93757.3,421.538
2010-12-13,421.538,425.966,421.538,425.966,27269.9,425.966
2010-12-14,421.538,425.966,421.538,421.538,63107.3,421.538
2010-12-15,421.538,425.966,417.071,425.966,53640.4,425.966
2010-12-16,421.538,425.966,421.538,425.966,23888.8,425.966
2010-12-17,425.966,425.966,417.071,425.966,76177.4,425.966
2010-12-20,421.538,425.966,417.071,421.538,29975.6,421.538
2010-12-21,421.538,421.538,412.634,417.071,75952.2,417.071
2010-12-22,417.071,421.538,412.634,412.634,60853.9,412.634
2010-12-24,412.634,417.071,408.196,417.071,62204.7,417.071
2010-12-27,412.634,412.634,408.196,412.634,39442.5,412.634
2010-12-28,408.196,412.634,408.196,408.196,33806.0,408.196
2010-12-29,408.196,412.634,403.779,408.196,74599.4,408.196
2010-12-30,408.196,408.196,403.779,403.779,43046.8,403.779
2011-01-04,412.634,412.634,408.196,412.634,17353.8,412.634
2011-01-05,412.634,417.071,408.196,412.634,77981.5,412.634
2011-01-06,412.634,421.538,412.634,421.538,52737.8,421.538
2011-01-07,421.538,421.538,417.071,417.071,53414.2,417.071
2011-01-11,417.071,430.384,417.071,430.384,144242.0,430.384
2011-01-12,430.384,434.831,421.538,421.538,233493.0,421.538
2011-01-13,425.966,434.831,425.966,434.831,136353.0,434.831
2011-01-14,430.384,439.268,430.384,430.384,145593.0,430.384
2011-01-17,430.384,439.268,430.384,439.268,114715.0,439.268
2011-01-18,439.268,457.058,439.268,452.571,639849.0,452.571
2011-01-19,452.571,452.571,443.676,452.571,114268.0,452.571
2011-01-20,443.676,448.153,443.676,448.153,84064.3,448.153
2011-01-21,443.676,448.153,430.384,430.384,117647.0,430.384
2011-01-24,430.384,434.831,425.966,434.831,49583.8,434.831
2011-01-25,434.831,439.268,434.831,439.268,38540.0,439.268
2011-01-26,439.268,439.268,434.831,434.831,38763.1,434.831
2011-01-27,439.268,443.676,434.831,439.268,57021.5,439.268
2011-01-28,439.268,443.676,434.831,443.676,79558.5,443.676
2011-01-31,439.268,443.676,434.831,439.268,63107.3,439.268
2011-02-01,439.268,443.676,434.831,443.676,45976.6,443.676
2011-02-02,443.676,448.153,443.676,448.153,51610.1,448.153
2011-02-03,443.676,448.153,443.676,448.153,64007.8,448.153
2011-02-04,448.153,452.571,443.676,452.571,105927.0,452.571
2011-02-07,452.571,470.36,452.571,461.426,517470.0,461.426
2011-02-08,461.426,465.873,457.058,461.426,89702.8,461.426
2011-02-09,465.873,465.873,457.058,461.426,140412.0,461.426
2011-02-10,457.058,465.873,457.058,465.873,57921.0,465.873
2011-02-14,470.36,488.09,470.36,483.633,427090.0,483.633
2011-02-15,483.633,483.633,474.758,474.758,148299.0,474.758
2011-02-16,474.758,492.458,474.758,488.09,343475.0,488.09
2011-02-17,488.09,492.458,483.633,492.458,231688.0,492.458
2011-02-18,492.458,501.373,488.09,501.373,247239.0,501.373
2011-02-21,501.373,501.373,496.955,501.373,122832.0,501.373
2011-02-22,501.373,514.715,496.955,501.373,615056.0,501.373
2011-02-23,496.955,505.85,492.458,505.85,348433.0,505.85
2011-02-24,496.955,501.373,465.873,465.873,430473.0,465.873
2011-02-25,470.36,488.09,465.873,479.156,240704.0,479.156
2011-02-28,483.633,505.85,479.156,505.85,192248.0,505.85
2011-03-01,501.373,505.85,496.955,496.955,154386.0,496.955
2011-03-02,492.458,496.955,488.09,488.09,98940.6,488.09
2011-03-03,488.09,492.458,483.633,483.633,59951.3,483.633
2011-03-04,492.458,492.458,483.633,488.09,80008.8,488.09
2011-03-07,488.09,488.09,483.633,483.633,52287.5,483.633
2011-03-08,488.09,501.373,479.156,483.633,210953.0,483.633
2011-03-09,488.09,496.955,488.09,492.458,80687.2,492.458
2011-03-10,492.458,505.85,483.633,483.633,257607.0,483.633
2011-03-11,479.156,479.156,474.758,474.758,132520.0,474.758
2011-03-14,430.384,448.153,403.779,434.831,202162.0,434.831
2011-03-15,421.538,421.538,332.779,377.164,169259.0,377.164
2011-03-16,381.591,403.779,381.591,399.341,168357.0,399.341
2011-03-17,377.164,394.884,377.164,394.884,119677.0,394.884
2011-03-18,399.341,417.071,399.341,403.779,131397.0,403.779
2011-03-22,421.538,443.676,417.071,439.268,134775.0,439.268
2011-03-23,439.268,443.676,434.831,443.676,79558.5,443.676
2011-03-24,439.268,439.268,430.384,430.384,42595.5,430.384
2011-03-25,443.676,448.153,439.268,439.268,85869.4,439.268
2011-03-28,448.153,448.153,434.831,448.153,78882.1,448.153
2011-03-29,443.676,443.676,425.966,434.831,80910.3,434.831
2011-03-30,434.831,439.268,430.384,439.268,26143.2,439.268
2011-03-31,439.268,457.058,434.831,448.153,204868.0,448.153
2011-04-01,443.676,452.571,439.268,439.268,50933.7,439.268
2011-04-04,439.268,443.676,434.831,439.268,64459.1,439.268
2011-04-05,439.268,439.268,417.071,417.071,83840.2,417.071
2011-04-06,425.966,425.966,412.634,412.634,55892.7,412.634
2011-04-07,412.634,425.966,408.196,421.538,71669.6,421.538
2011-04-08,417.071,430.384,417.071,425.966,32454.2,425.966
2011-04-11,430.384,439.268,425.966,425.966,56570.2,425.966
2011-04-12,425.966,430.384,421.538,421.538,38990.2,421.538
2011-04-13,421.538,434.831,421.538,430.384,45752.4,430.384
2011-04-14,430.384,434.831,425.966,434.831,31327.5,434.831
2011-04-15,434.831,434.831,425.966,425.966,34708.6,425.966
2011-04-18,430.384,443.676,425.966,430.384,126888.0,430.384
2011-04-19,425.966,430.384,425.966,430.384,17127.6,430.384
2011-04-20,434.831,448.153,434.831,443.676,160018.0,443.676
2011-04-21,448.153,448.153,430.384,430.384,48457.1,430.384
2011-04-22,434.831,434.831,425.966,425.966,56570.2,425.966
2011-04-25,425.966,479.156,425.966,452.571,572685.0,452.571
2011-04-26,461.426,465.873,448.153,461.426,185937.0,461.426
2011-04-27,465.873,492.458,461.426,479.156,662385.0,479.156
2011-04-28,483.633,483.633,470.36,479.156,173542.0,479.156
2011-05-02,483.633,492.458,474.758,479.156,100293.0,479.156
2011-05-06,474.758,479.156,470.36,474.758,46653.0,474.758
2011-05-09,474.758,474.758,465.873,465.873,26143.2,465.873
2011-05-10,470.36,470.36,457.058,470.36,71221.3,470.36
2011-05-11,470.36,470.36,461.426,465.873,45302.2,465.873
2011-05-12,461.426,465.873,461.426,461.426,18930.7,461.426
2011-05-13,461.426,470.36,443.676,448.153,94657.9,448.153
2011-05-16,448.153,457.058,448.153,448.153,41243.6,448.153
2011-05-17,448.153,448.153,443.676,443.676,19157.9,443.676
2011-05-18,439.268,448.153,439.268,443.676,31776.7,443.676
2011-05-19,443.676,443.676,430.384,430.384,66936.6,430.384
2011-05-20,430.384,434.831,425.966,425.966,17579.9,425.966
2011-05-23,425.966,434.831,425.966,430.384,18481.5,430.384
2011-05-24,439.268,448.153,439.268,443.676,106153.0,443.676
2011-05-25,443.676,448.153,439.268,439.268,14874.2,439.268
2011-05-26,439.268,448.153,439.268,443.676,57921.0,443.676
2011-05-27,439.268,443.676,439.268,439.268,20057.4,439.268
2011-05-30,439.268,439.268,434.831,434.831,40342.1,434.831
2011-05-31,439.268,443.676,434.831,443.676,28623.8,443.676
2011-06-01,439.268,443.676,439.268,443.676,39894.8,443.676
2011-06-02,439.268,439.268,434.831,434.831,45976.6,434.831
2011-06-03,434.831,434.831,421.538,425.966,63107.3,425.966
2011-06-06,430.384,430.384,425.966,425.966,14422.9,425.966
2011-06-07,430.384,430.384,425.966,425.966,9240.75,425.966
2011-06-08,430.384,430.384,421.538,421.538,27945.3,421.538
2011-06-09,421.538,425.966,421.538,425.966,19833.3,425.966
2011-06-10,425.966,430.384,425.966,425.966,53640.4,425.966
2011-06-13,425.966,425.966,417.071,417.071,32003.9,417.071
2011-06-14,425.966,434.831,425.966,434.831,37411.2,434.831
2011-06-15,434.831,443.676,434.831,443.676,85869.4,443.676
2011-06-16,434.831,443.676,425.966,425.966,61753.4,425.966
2011-06-17,425.966,430.384,412.634,417.071,125310.0,417.071
2011-06-20,417.071,421.538,417.071,417.071,28174.5,417.071
2011-06-21,421.538,425.966,417.071,425.966,29299.2,425.966
2011-06-22,425.966,430.384,421.538,425.966,24567.3,425.966
2011-06-23,421.538,425.966,421.538,425.966,14650.1,425.966
2011-06-24,425.966,430.384,421.538,430.384,62204.7,430.384
2011-06-27,430.384,430.384,425.966,425.966,23664.7,425.966
2011-06-28,425.966,430.384,425.966,430.384,41919.0,430.384
2011-06-29,430.384,430.384,425.966,430.384,17804.0,430.384
2011-06-30,434.831,434.831,430.384,434.831,57471.7,434.831
2011-07-01,434.831,434.831,430.384,434.831,18256.3,434.831
2011-07-04,439.268,448.153,434.831,439.268,165877.0,439.268
2011-07-05,439.268,443.676,434.831,439.268,41243.6,439.268
2011-07-06,439.268,448.153,434.831,448.153,45524.3,448.153
2011-07-07,448.153,452.571,443.676,448.153,76628.7,448.153
2011-07-08,448.153,452.571,443.676,443.676,81135.5,443.676
2011-07-11,439.268,439.268,430.384,439.268,90376.2,439.268
2011-07-12,434.831,434.831,430.384,430.384,39666.7,430.384
2011-07-13,430.384,439.268,430.384,439.268,26595.5,439.268
2011-07-14,439.268,443.676,434.831,439.268,36510.7,439.268
2011-07-15,439.268,439.268,430.384,430.384,27496.1,430.384
2011-07-19,430.384,439.268,430.384,430.384,62655.0,430.384
2011-07-20,465.873,474.758,457.058,461.426,915937.0,461.426
2011-07-21,461.426,470.36,457.058,465.873,294344.0,465.873
2011-07-22,465.873,465.873,461.426,465.873,85869.4,465.873
2011-07-25,461.426,461.426,457.058,457.058,55443.5,457.058
2011-07-26,461.426,470.36,457.058,465.873,111562.0,465.873
2011-07-27,474.758,483.633,465.873,465.873,198335.0,465.873
2011-07-28,465.873,465.873,461.426,461.426,82488.3,461.426
2011-07-29,461.426,465.873,457.058,457.058,111338.0,457.058
2011-08-01,461.426,465.873,461.426,465.873,25919.1,465.873
2011-08-02,465.873,470.36,461.426,470.36,77981.5,470.36
2011-08-03,465.873,465.873,457.058,457.058,57697.9,457.058
2011-08-04,461.426,461.426,452.571,452.571,100069.0,452.571
2011-08-05,439.268,461.426,439.268,452.571,160918.0,452.571
2011-08-08,452.571,452.571,439.268,439.268,71221.3,439.268
2011-08-09,425.966,439.268,421.538,439.268,119900.0,439.268
2011-08-10,443.676,452.571,434.831,443.676,56793.3,443.676
2011-08-11,430.384,448.153,430.384,443.676,48231.0,443.676
2011-08-12,448.153,452.571,434.831,443.676,41016.5,443.676
2011-08-15,448.153,448.153,439.268,439.268,36510.7,439.268
2011-08-16,443.676,443.676,439.268,439.268,24115.0,439.268
2011-08-17,439.268,448.153,439.268,443.676,46653.0,443.676
2011-08-18,443.676,461.426,439.268,439.268,140412.0,439.268
2011-08-19,434.831,439.268,430.384,439.268,37187.1,439.268
2011-08-22,439.268,439.268,430.384,430.384,33806.0,430.384
2011-08-23,430.384,439.268,430.384,434.831,57471.7,434.831
2011-08-24,439.268,439.268,430.384,434.831,58823.6,434.831
2011-08-25,439.268,443.676,434.831,434.831,24791.4,434.831
2011-08-26,434.831,439.268,430.384,434.831,25467.8,434.831
2011-08-29,443.676,448.153,439.268,448.153,65810.9,448.153
2011-08-30,448.153,452.571,443.676,452.571,22989.3,452.571
2011-08-31,452.571,452.571,443.676,448.153,25242.7,448.153
2011-09-01,457.058,457.058,448.153,452.571,34033.2,452.571
2011-09-02,448.153,452.571,443.676,448.153,30651.0,448.153
2011-09-05,443.676,448.153,443.676,448.153,11944.4,448.153
2011-09-06,448.153,448.153,434.831,439.268,41243.6,439.268
2011-09-07,439.268,439.268,434.831,439.268,50709.5,439.268
2011-09-08,443.676,448.153,439.268,443.676,50709.5,443.676
2011-09-09,439.268,443.676,439.268,443.676,41694.9,443.676
2011-09-12,434.831,439.268,430.384,430.384,31776.7,430.384
2011-09-13,434.831,439.268,430.384,439.268,18930.7,439.268
2011-09-14,434.831,439.268,430.384,430.384,39666.7,430.384
2011-09-15,434.831,434.831,430.384,434.831,15776.8,434.831
2011-09-16,434.831,439.268,430.384,439.268,57921.0,439.268
2011-09-20,434.831,434.831,430.384,430.384,24115.0,430.384
2011-09-21,430.384,430.384,425.966,425.966,67163.8,425.966
2011-09-22,425.966,430.384,421.538,425.966,63558.5,425.966
2011-09-26,425.966,425.966,408.196,408.196,53865.5,408.196
2011-09-27,417.071,421.538,412.634,421.538,43723.2,421.538
2011-09-28,417.071,430.384,417.071,430.384,43270.9,430.384
2011-09-29,421.538,430.384,421.538,430.384,27721.2,430.384
2011-09-30,434.831,434.831,430.384,434.831,40342.1,434.831
2011-10-03,425.966,430.384,421.538,425.966,22765.1,425.966
2011-10-04,425.966,425.966,421.538,425.966,17127.6,425.966
2011-10-05,421.538,425.966,412.634,412.634,39666.7,412.634
2011-10-06,417.071,421.538,417.071,417.071,22085.7,417.071
2011-10-07,417.071,425.966,417.071,425.966,17353.8,425.966
2011-10-11,425.966,430.384,425.966,430.384,16002.9,430.384
2011-10-12,430.384,430.384,425.966,430.384,29524.3,430.384
2011-10-13,430.384,430.384,425.966,425.966,12396.7,425.966
2011-10-14,425.966,425.966,417.071,417.071,59951.3,417.071
2011-10-17,430.384,434.831,425.966,430.384,96461.0,430.384
2011-10-18,425.966,425.966,421.538,421.538,23664.7,421.538
2011-10-19,425.966,425.966,421.538,421.538,11944.4,421.538
2011-10-20,421.538,421.538,417.071,417.071,22311.8,417.071
2011-10-21,421.538,425.966,421.538,421.538,28848.9,421.538
2011-10-24,430.384,434.831,425.966,430.384,45524.3,430.384
2011-10-25,434.831,474.758,425.966,465.873,649765.0,465.873
2011-10-26,461.426,465.873,452.571,465.873,224476.0,465.873
2011-10-27,457.058,461.426,452.571,461.426,85642.3,461.426
2011-10-28,461.426,465.873,457.058,457.058,93531.2,457.058
2011-10-31,457.058,461.426,457.058,457.058,27945.3,457.058
2011-11-01,452.571,457.058,448.153,452.571,57697.9,452.571
2011-11-02,452.571,465.873,448.153,461.426,123958.0,461.426
2011-11-04,461.426,474.758,457.058,461.426,274960.0,461.426
2011-11-07,470.36,501.373,470.36,483.633,654500.0,483.633
2011-11-08,474.758,479.156,457.058,465.873,343023.0,465.873
2011-11-09,470.36,470.36,457.058,465.873,130495.0,465.873
2011-11-10,457.058,470.36,448.153,470.36,133874.0,470.36
2011-11-11,470.36,470.36,461.426,465.873,89249.5,465.873
2011-11-14,470.36,483.633,470.36,479.156,143116.0,479.156
2011-11-15,483.633,492.458,474.758,483.633,329729.0,483.633
2011-11-16,483.633,496.955,474.758,483.633,356773.0,483.633
2011-11-17,496.955,505.85,488.09,496.955,523779.0,496.955
2011-11-18,501.373,527.938,496.955,510.248,1320265.0,510.248
2011-11-21,505.85,514.715,496.955,505.85,283301.0,505.85
2011-11-22,496.955,510.248,492.458,501.373,205771.0,501.373
2011-11-24,496.955,496.955,479.156,488.09,217264.0,488.09
2011-11-25,483.633,483.633,465.873,470.36,219292.0,470.36
2011-11-28,470.36,501.373,470.36,496.955,229885.0,496.955
2011-11-29,505.85,514.715,496.955,501.373,344827.0,501.373
2011-11-30,505.85,519.143,505.85,519.143,304033.0,519.143
2011-12-01,523.58,532.455,514.715,532.455,354744.0,532.455
2011-12-02,532.455,532.455,519.143,527.938,209600.0,527.938
2011-12-05,527.938,545.738,523.58,545.738,295921.0,545.738
2011-12-06,545.738,550.165,536.863,541.34,214108.0,541.34
2011-12-07,545.738,545.738,532.455,545.738,173315.0,545.738
2011-12-08,545.738,550.165,541.34,545.738,106830.0,545.738
2011-12-09,536.863,550.165,536.863,545.738,149425.0,545.738
2011-12-12,554.672,585.695,554.672,576.81,626550.0,576.81
2011-12-13,572.372,598.997,572.372,590.122,425064.0,590.122
2011-12-14,590.122,603.405,590.122,598.997,247239.0,598.997
2011-12-15,590.122,594.579,554.672,559.119,453687.0,559.119
2011-12-16,554.672,559.119,536.863,554.672,323418.0,554.672
2011-12-19,545.738,550.165,514.715,519.143,723238.0,519.143
2011-12-20,527.938,545.738,519.143,545.738,301105.0,545.738
2011-12-21,550.165,554.672,541.34,550.165,184359.0,550.165
2011-12-22,554.672,572.372,554.672,572.372,290738.0,572.372
2011-12-26,572.372,581.277,563.458,567.994,259185.0,567.994
2011-12-27,563.458,563.458,550.165,554.672,216588.0,554.672
2011-12-28,554.672,563.458,550.165,550.165,139509.0,550.165
2011-12-29,545.738,559.119,545.738,559.119,132520.0,559.119
2011-12-30,559.119,563.458,550.165,559.119,109984.0,559.119
2012-01-04,563.458,567.994,559.119,563.458,84966.9,563.458
2012-01-05,572.372,590.122,572.372,572.372,316432.0,572.372
2012-01-06,576.81,585.695,572.372,581.277,239351.0,581.277
2012-01-10,585.695,594.579,581.277,585.695,225152.0,585.695
2012-01-11,581.277,585.695,563.458,576.81,218616.0,576.81
2012-01-12,576.81,598.997,576.81,598.997,382467.0,598.997
2012-01-13,603.405,607.862,590.122,594.579,180076.0,594.579
2012-01-16,594.579,594.579,576.81,581.277,110209.0,581.277
2012-01-17,576.81,585.695,572.372,581.277,101646.0,581.277
2012-01-18,585.695,590.122,581.277,581.277,80234.9,581.277
2012-01-19,585.695,590.122,576.81,581.277,115620.0,581.277
2012-01-20,585.695,603.405,581.277,603.405,251297.0,603.405
2012-01-23,603.405,603.405,594.579,598.997,102321.0,598.997
2012-01-24,598.997,598.997,590.122,594.579,41243.6,594.579
2012-01-25,590.122,594.579,585.695,594.579,100293.0,594.579
2012-01-26,590.122,590.122,581.277,585.695,45302.2,585.695
2012-01-27,590.122,594.579,585.695,590.122,74599.4,590.122
2012-01-30,585.695,594.579,585.695,594.579,53865.5,594.579
2012-01-31,598.997,616.777,598.997,612.27,482309.0,612.27
2012-02-01,625.651,634.477,612.27,616.777,456391.0,616.777
2012-02-02,612.27,616.777,598.997,598.997,125084.0,598.997
2012-02-03,616.777,616.777,598.997,598.997,187965.0,598.997
2012-02-06,598.997,607.862,585.695,603.405,242280.0,603.405
2012-02-07,603.405,607.862,598.997,603.405,172864.0,603.405
2012-02-08,598.997,616.777,598.997,607.862,252197.0,607.862
2012-02-09,598.997,603.405,594.579,594.579,100293.0,594.579
2012-02-10,598.997,598.997,585.695,585.695,135451.0,585.695
2012-02-13,585.695,590.122,585.695,590.122,72120.9,590.122
2012-02-14,590.122,594.579,576.81,585.695,133197.0,585.695
2012-02-15,594.579,594.579,581.277,585.695,139960.0,585.695
2012-02-16,581.277,590.122,581.277,581.277,67163.8,581.277
2012-02-17,585.695,590.122,581.277,581.277,51610.1,581.277
2012-02-20,590.122,594.579,585.695,585.695,84064.3,585.695
2012-02-21,590.122,612.27,590.122,607.862,183683.0,607.862
2012-02-22,607.862,616.777,603.405,616.777,187515.0,616.777
2012-02-23,612.27,612.27,607.862,612.27,63558.5,612.27
2012-02-24,612.27,612.27,603.405,607.862,105701.0,607.862
2012-02-27,612.27,612.27,598.997,603.405,116293.0,603.405
2012-02-28,598.997,603.405,594.579,598.997,96011.7,598.997
2012-02-29,594.579,598.997,585.695,594.579,154609.0,594.579
2012-03-01,594.579,594.579,581.277,590.122,84966.9,590.122
2012-03-02,590.122,590.122,585.695,585.695,63558.5,585.695
2012-03-05,594.579,603.405,594.579,598.997,146495.0,598.997
2012-03-06,598.997,616.777,590.122,612.27,273835.0,612.27
2012-03-07,607.862,647.769,603.405,643.401,830969.0,643.401
2012-03-08,656.684,665.509,647.769,656.684,451882.0,656.684
2012-03-09,661.131,665.509,652.227,652.227,239127.0,652.227
2012-03-12,656.684,692.223,656.684,678.931,507553.0,678.931
2012-03-13,678.931,687.726,670.006,674.384,209375.0,674.384
2012-03-14,683.309,687.726,674.384,674.384,188642.0,674.384
2012-03-15,674.384,687.726,674.384,683.309,178499.0,683.309
2012-03-16,683.309,683.309,670.006,678.931,88797.2,678.931
2012-03-19,674.384,674.384,670.006,670.006,50259.2,670.006
2012-03-21,670.006,687.726,670.006,678.931,215009.0,678.931
2012-03-22,678.931,678.931,670.006,674.384,70994.2,674.384
2012-03-23,670.006,674.384,656.684,674.384,147396.0,674.384
2012-03-26,674.384,674.384,661.131,661.131,76853.8,661.131
2012-03-27,670.006,670.006,661.131,670.006,115846.0,670.006
2012-03-28,665.509,665.509,652.227,656.684,69641.3,656.684
2012-03-29,656.684,661.131,647.769,647.769,97138.4,647.769
2012-03-30,656.684,683.309,652.227,683.309,190894.0,683.309
2012-04-02,692.223,701.009,687.726,687.726,176696.0,687.726
2012-04-03,687.726,692.223,678.931,678.931,100293.0,678.931
2012-04-04,674.384,674.384,647.769,656.684,219969.0,656.684
2012-04-05,643.401,647.769,630.02,643.401,186388.0,643.401
2012-04-06,634.477,647.769,630.02,634.477,147170.0,634.477
2012-04-09,634.477,638.944,625.651,634.477,55892.7,634.477
2012-04-10,634.477,638.944,630.02,630.02,44624.7,630.02
2012-04-11,625.651,643.401,625.651,634.477,136579.0,634.477
2012-04-12,647.769,665.509,643.401,661.131,182330.0,661.131
2012-04-13,665.509,678.931,665.509,670.006,100293.0,670.006
2012-04-16,665.509,665.509,652.227,661.131,92630.6,661.131
2012-04-17,661.131,687.726,661.131,683.309,298399.0,683.309
2012-04-18,687.726,709.923,687.726,687.726,236872.0,687.726
2012-04-19,683.309,701.009,678.931,683.309,128691.0,683.309
2012-04-20,683.309,718.749,683.309,718.749,380213.0,718.749
2012-04-23,714.381,727.663,705.506,714.381,181205.0,714.381
2012-04-24,705.506,718.749,705.506,709.923,123958.0,709.923
2012-04-25,709.923,723.226,701.009,701.009,162723.0,701.009
2012-04-26,701.009,705.506,692.223,701.009,178274.0,701.009
2012-04-27,705.506,705.506,696.631,696.631,94433.8,696.631
2012-05-01,696.631,701.009,683.309,687.726,107729.0,687.726
2012-05-02,696.631,701.009,687.726,701.009,85869.4,701.009
2012-05-07,701.009,705.506,687.726,692.223,127563.0,692.223
2012-05-08,687.726,696.631,683.309,692.223,86996.1,692.223
2012-05-09,683.309,683.309,643.401,656.684,141537.0,656.684
2012-05-10,661.131,665.509,638.944,661.131,111338.0,661.131
2012-05-11,652.227,656.684,625.651,625.651,144467.0,625.651
2012-05-14,625.651,625.651,554.672,572.372,376381.0,572.372
2012-05-15,554.672,585.695,541.34,576.81,305162.0,576.81
2012-05-16,572.372,581.277,559.119,567.994,147396.0,567.994
2012-05-17,563.458,581.277,550.165,567.994,200360.0,567.994
2012-05-18,554.672,563.458,541.34,545.738,204868.0,545.738
2012-05-21,545.738,567.994,545.738,563.458,91955.2,563.458
2012-05-22,576.81,576.81,559.119,567.994,99164.7,567.994
2012-05-23,567.994,567.994,536.863,536.863,101871.0,536.863
2012-05-24,536.863,541.34,523.58,532.455,145820.0,532.455
2012-05-25,545.738,581.277,536.863,572.372,260986.0,572.372
2012-05-28,567.994,572.372,550.165,559.119,200811.0,559.119
2012-05-29,563.458,585.695,559.119,576.81,100743.0,576.81
2012-05-30,581.277,581.277,567.994,567.994,87673.6,567.994
2012-05-31,567.994,576.81,563.458,576.81,84742.7,576.81
2012-06-01,581.277,581.277,563.458,567.994,96011.7,567.994
2012-06-04,550.165,554.672,536.863,541.34,84966.9,541.34
2012-06-05,550.165,559.119,550.165,559.119,72797.3,559.119
2012-06-06,554.672,581.277,554.672,572.372,99164.7,572.372
2012-06-07,585.695,585.695,572.372,576.81,43723.2,576.81
2012-06-08,585.695,585.695,563.458,567.994,62204.7,567.994
2012-06-11,567.994,576.81,559.119,559.119,46653.0,559.119
2012-06-12,554.672,567.994,554.672,567.994,58823.6,567.994
2012-06-13,576.81,603.405,576.81,598.997,228759.0,598.997
2012-06-14,590.122,594.579,581.277,581.277,79558.5,581.277
2012-06-15,590.122,590.122,563.458,567.994,119677.0,567.994
2012-06-18,576.81,581.277,572.372,576.81,64459.1,576.81
2012-06-19,572.372,576.81,563.458,563.458,53188.1,563.458
2012-06-20,572.372,576.81,567.994,576.81,63330.4,576.81
2012-06-21,581.277,603.405,576.81,598.997,142889.0,598.997
2012-06-22,590.122,612.27,585.695,607.862,98715.4,607.862
2012-06-25,616.777,625.651,607.862,607.862,123055.0,607.862
2012-06-26,603.405,647.769,598.997,647.769,263017.0,647.769
2012-06-27,652.227,665.509,630.02,643.401,253325.0,643.401
2012-06-28,643.401,647.769,630.02,634.477,203963.0,634.477
2012-06-29,634.477,643.401,630.02,634.477,98265.1,634.477
2012-07-02,647.769,661.131,638.944,652.227,199685.0,652.227
2012-07-03,652.227,656.684,647.769,656.684,71894.7,656.684
2012-07-04,656.684,665.509,652.227,656.684,171963.0,656.684
2012-07-05,656.684,674.384,652.227,652.227,279242.0,652.227
2012-07-06,665.509,683.309,656.684,665.509,346856.0,665.509
2012-07-09,661.131,665.509,656.684,661.131,94657.9,661.131
2012-07-10,652.227,656.684,634.477,643.401,191796.0,643.401
2012-07-11,643.401,643.401,630.02,638.944,60853.9,638.944
2012-07-12,638.944,638.944,621.145,621.145,86319.7,621.145
2012-07-13,616.777,630.02,612.27,621.145,96461.0,621.145
2012-07-17,625.651,634.477,621.145,634.477,63558.5,634.477
2012-07-18,634.477,643.401,590.122,598.997,164751.0,598.997
2012-07-19,598.997,598.997,585.695,594.579,77981.5,594.579
2012-07-20,590.122,598.997,576.81,590.122,107053.0,590.122
2012-07-23,576.81,607.862,576.81,594.579,128012.0,594.579
2012-07-24,598.997,621.145,594.579,612.27,212531.0,612.27
2012-07-25,612.27,638.944,612.27,630.02,294794.0,630.02
2012-07-26,638.944,647.769,630.02,643.401,201263.0,643.401
2012-07-27,643.401,656.684,638.944,656.684,135903.0,656.684
2012-07-30,652.227,652.227,630.02,634.477,120577.0,634.477
2012-07-31,634.477,647.769,634.477,638.944,81587.8,638.944
2012-08-01,630.02,634.477,625.651,630.02,55443.5,630.02
2012-08-02,630.02,643.401,630.02,638.944,52737.8,638.944
2012-08-03,643.401,643.401,621.145,621.145,76403.5,621.145
2012-08-06,625.651,634.477,576.81,594.579,257607.0,594.579
2012-08-07,603.405,621.145,603.405,616.777,140185.0,616.777
2012-08-08,625.651,625.651,607.862,616.777,133422.0,616.777
2012-08-09,621.145,638.944,621.145,638.944,82941.6,638.944
2012-08-10,625.651,638.944,625.651,634.477,75501.0,634.477
2012-08-13,630.02,630.02,616.777,621.145,39666.7,621.145
2012-08-14,625.651,638.944,621.145,638.944,85193.0,638.944
2012-08-15,643.401,652.227,598.997,616.777,256706.0,616.777
2012-08-16,621.145,634.477,621.145,634.477,104576.0,634.477
2012-08-17,634.477,638.944,630.02,634.477,46878.1,634.477
2012-08-20,634.477,634.477,612.27,612.27,119449.0,612.27
2012-08-21,621.145,638.944,621.145,634.477,138607.0,634.477
2012-08-22,634.477,652.227,634.477,652.227,183006.0,652.227
2012-08-23,652.227,652.227,638.944,652.227,100968.0,652.227
2012-08-24,643.401,647.769,638.944,638.944,61076.0,638.944
2012-08-27,638.944,647.769,634.477,638.944,41243.6,638.944
2012-08-28,643.401,656.684,638.944,647.769,153482.0,647.769
2012-08-29,647.769,665.509,647.769,656.684,190445.0,656.684
2012-08-30,656.684,665.509,634.477,634.477,172639.0,634.477
2012-08-31,643.401,656.684,634.477,643.401,167004.0,643.401
2012-09-03,638.944,647.769,638.944,638.944,40569.2,638.944
2012-09-04,643.401,643.401,616.777,616.777,79107.2,616.777
2012-09-05,616.777,634.477,616.777,625.651,73247.6,625.651
2012-09-06,621.145,625.651,612.27,625.651,55892.7,625.651
2012-09-07,634.477,634.477,607.862,612.27,55443.5,612.27
2012-09-10,616.777,616.777,607.862,612.27,22537.0,612.27
2012-09-11,612.27,612.27,603.405,607.862,27044.8,607.862
2012-09-12,607.862,621.145,607.862,621.145,53865.5,621.145
2012-09-13,616.777,621.145,612.27,612.27,26369.4,612.27
2012-09-14,612.27,616.777,612.27,616.777,46426.9,616.777
2012-09-18,621.145,625.651,616.777,621.145,49357.7,621.145
2012-09-19,621.145,625.651,612.27,616.777,46653.0,616.777
2012-09-20,616.777,621.145,603.405,612.27,66260.2,612.27
2012-09-21,612.27,612.27,603.405,612.27,63107.3,612.27
2012-09-24,603.405,612.27,598.997,612.27,75050.7,612.27
2012-09-25,616.777,616.777,607.862,616.777,26595.5,616.777
2012-09-26,607.862,616.777,603.405,616.777,52737.8,616.777
2012-09-27,616.777,630.02,616.777,625.651,43270.9,625.651
2012-09-28,625.651,634.477,625.651,634.477,44849.9,634.477
2012-10-01,634.477,634.477,612.27,621.145,42595.5,621.145
2012-10-02,621.145,621.145,603.405,607.862,56343.0,607.862
2012-10-03,612.27,616.777,603.405,612.27,53414.2,612.27
2012-10-04,612.27,616.777,607.862,616.777,59049.7,616.777
2012-10-05,612.27,621.145,607.862,612.27,37411.2,612.27
2012-10-09,616.777,616.777,598.997,598.997,60174.4,598.997
2012-10-10,594.579,598.997,572.372,581.277,98265.1,581.277
2012-10-11,581.277,590.122,581.277,585.695,43948.3,585.695
2012-10-12,590.122,598.997,590.122,590.122,43270.9,590.122
2012-10-15,594.579,598.997,590.122,594.579,25467.8,594.579
2012-10-16,590.122,598.997,590.122,598.997,34708.6,598.997
2012-10-17,594.579,603.405,594.579,598.997,79332.3,598.997
2012-10-18,598.997,598.997,585.695,585.695,184811.0,585.695
2012-10-19,585.695,590.122,581.277,590.122,78432.8,590.122
2012-10-22,585.695,594.579,581.277,594.579,40569.2,594.579
2012-10-23,594.579,612.27,594.579,612.27,109307.0,612.27
2012-10-24,607.862,607.862,598.997,603.405,27496.1,603.405
2012-10-25,607.862,607.862,598.997,603.405,19833.3,603.405
2012-10-26,603.405,625.651,598.997,625.651,174217.0,625.651
2012-10-29,621.145,643.401,616.777,634.477,193824.0,634.477
2012-10-30,634.477,638.944,625.651,630.02,57697.9,630.02
2012-10-31,630.02,643.401,621.145,638.944,54992.2,638.944
2012-11-01,634.477,643.401,612.27,634.477,94433.8,634.477
2012-11-02,643.401,652.227,638.944,652.227,63107.3,652.227
2012-11-05,652.227,656.684,638.944,643.401,57697.9,643.401
2012-11-06,634.477,647.769,634.477,643.401,40569.2,643.401
2012-11-07,647.769,647.769,638.944,643.401,33580.9,643.401
2012-11-08,643.401,665.509,621.145,625.651,279242.0,625.651
2012-11-09,625.651,643.401,621.145,634.477,75276.8,634.477
2012-11-12,643.401,643.401,630.02,634.477,19608.2,634.477
2012-11-13,625.651,634.477,612.27,630.02,77080.0,630.02
2012-11-14,634.477,634.477,625.651,630.02,26818.6,630.02
2012-11-15,625.651,634.477,625.651,630.02,25694.0,630.02
2012-11-16,634.477,634.477,621.145,625.651,48005.8,625.651
2012-11-20,634.477,643.401,630.02,638.944,47778.7,638.944
2012-11-21,643.401,652.227,625.651,634.477,112688.0,634.477
2012-11-22,634.477,634.477,621.145,621.145,121479.0,621.145
2012-11-26,625.651,630.02,603.405,603.405,260537.0,603.405
2012-11-27,603.405,621.145,603.405,621.145,160693.0,621.145
2012-11-28,616.777,621.145,612.27,621.145,48231.0,621.145
2012-11-29,621.145,634.477,616.777,630.02,105026.0,630.02
2012-11-30,634.477,634.477,625.651,625.651,125987.0,625.651
2012-12-03,630.02,638.944,625.651,634.477,85869.4,634.477
2012-12-04,634.477,643.401,630.02,638.944,85869.4,638.944
2012-12-05,638.944,643.401,630.02,643.401,74825.5,643.401
2012-12-06,643.401,647.769,630.02,643.401,120126.0,643.401
2012-12-07,638.944,652.227,634.477,647.769,55892.7,647.769
2012-12-10,656.684,656.684,630.02,634.477,114268.0,634.477
2012-12-11,638.944,638.944,630.02,634.477,30427.9,634.477
2012-12-12,638.944,638.944,625.651,625.651,69417.2,625.651
2012-12-13,625.651,634.477,625.651,625.651,60401.6,625.651
2012-12-14,630.02,638.944,625.651,634.477,115620.0,634.477
2012-12-17,638.944,638.944,625.651,630.02,96011.7,630.02
2012-12-18,634.477,647.769,634.477,638.944,114268.0,638.944
2012-12-19,643.401,647.769,634.477,643.401,101871.0,643.401
2012-12-20,643.401,643.401,634.477,643.401,98715.4,643.401
2012-12-21,643.401,652.227,638.944,643.401,105927.0,643.401
2012-12-25,643.401,656.684,643.401,647.769,99617.0,647.769
2012-12-26,652.227,652.227,643.401,647.769,67839.2,647.769
2012-12-27,652.227,656.684,647.769,647.769,124634.0,647.769
2012-12-28,647.769,656.684,643.401,647.769,92179.3,647.769
2013-01-04,656.684,661.131,652.227,661.131,87447.4,661.131
2013-01-07,652.227,656.684,638.944,643.401,219743.0,643.401
2013-01-08,643.401,647.769,638.944,647.769,109083.0,647.769
2013-01-09,643.401,652.227,634.477,647.769,107280.0,647.769
2013-01-10,647.769,652.227,638.944,647.769,109984.0,647.769
2013-01-11,652.227,701.009,652.227,687.726,779132.0,687.726
2013-01-15,692.223,701.009,683.309,687.726,226278.0,687.726
2013-01-16,692.223,692.223,674.384,678.931,110209.0,678.931
2013-01-17,678.931,692.223,674.384,687.726,145593.0,687.726
2013-01-18,696.631,701.009,692.223,696.631,164973.0,696.631
2013-01-21,696.631,718.749,687.726,714.381,258283.0,714.381
2013-01-22,714.381,714.381,692.223,696.631,106830.0,696.631
2013-01-23,696.631,709.923,687.726,692.223,110885.0,692.223
2013-01-24,687.726,701.009,683.309,696.631,70542.9,696.631
2013-01-25,767.581,825.277,758.716,780.943,2668929.0,780.943
2013-01-28,785.33,785.33,767.581,780.943,323191.0,780.943
2013-01-29,780.943,794.235,772.048,780.943,349111.0,780.943
2013-01-30,785.33,816.452,780.943,798.643,510029.0,798.643
2013-01-31,794.235,798.643,767.581,776.446,292767.0,776.446
2013-02-01,785.33,794.235,776.446,789.748,214108.0,789.748
2013-02-04,794.235,798.643,758.716,763.203,481632.0,763.203
2013-02-05,763.203,785.33,763.203,772.048,146043.0,772.048
2013-02-06,780.943,780.943,767.581,772.048,167457.0,772.048
2013-02-07,758.716,763.203,745.403,749.821,170612.0,749.821
2013-02-08,754.278,758.716,745.403,745.403,89924.9,745.403
2013-02-12,754.278,758.716,745.403,745.403,104123.0,745.403
2013-02-13,741.015,745.403,714.381,727.663,119900.0,727.663
2013-02-14,732.041,745.403,723.226,732.041,125310.0,732.041
2013-02-15,732.041,732.041,705.506,727.663,119677.0,727.663
2013-02-18,741.015,776.446,741.015,776.446,178049.0,776.446
2013-02-19,763.203,785.33,763.203,776.446,138832.0,776.446
2013-02-20,776.446,780.943,758.716,780.943,136128.0,780.943
2013-02-21,776.446,785.33,767.581,776.446,101646.0,776.446
2013-02-22,767.581,785.33,763.203,780.943,137480.0,780.943
2013-02-25,776.446,811.935,776.446,798.643,276763.0,798.643
2013-02-26,776.446,789.748,776.446,780.943,169033.0,780.943
2013-02-27,789.748,971.694,785.33,927.299,8935796.0,927.299
2013-02-28,913.957,922.832,878.527,891.839,2590270.0,891.839
2013-03-01,878.527,913.957,878.527,896.257,668697.0,896.257
2013-03-04,905.142,936.214,891.839,891.839,838182.0,891.839
2013-03-05,905.142,905.142,878.527,882.974,369396.0,882.974
2013-03-06,882.974,891.839,878.527,882.974,205771.0,882.974
2013-03-07,887.342,1042.7,882.974,940.631,3956061.0,940.631
2013-03-08,927.299,1011.61,927.299,984.996,1406358.0,984.996
2013-03-11,980.529,1011.61,958.391,984.996,474195.0,984.996
2013-03-12,993.871,993.871,940.631,945.089,460900.0,945.089
2013-03-13,949.506,971.694,936.214,967.306,335363.0,967.306
2013-03-14,971.694,989.473,945.089,962.789,364888.0,962.789
2013-03-15,971.694,1016.08,971.694,1002.8,1032005.0,1002.8
2013-03-18,984.996,989.473,962.789,967.306,405455.0,967.306
2013-03-19,971.694,980.529,945.089,945.089,228308.0,945.089
2013-03-21,953.964,971.694,949.506,967.306,217714.0,967.306
2013-03-22,958.391,962.789,945.089,945.089,197657.0,945.089
2013-03-25,940.631,967.306,931.796,958.391,275413.0,958.391
2013-03-26,958.391,980.529,949.506,976.121,331307.0,976.121
2013-03-27,976.121,998.279,967.306,993.871,297048.0,993.871
2013-03-28,998.279,1016.08,976.121,1011.61,396890.0,1011.61
2013-03-29,998.279,998.279,976.121,989.473,182556.0,989.473
2013-04-01,998.279,998.279,927.299,931.796,262790.0,931.796
2013-04-02,918.514,962.789,905.142,945.089,222671.0,945.089
2013-04-03,958.391,993.871,958.391,993.871,228759.0,993.871
2013-04-04,989.473,1064.89,971.694,1042.7,506649.0,1042.7
2013-04-05,1038.25,1060.39,1016.08,1038.25,458419.0,1038.25
2013-04-08,1042.7,1060.39,1033.82,1056.08,168808.0,1056.08
2013-04-09,1047.12,1051.53,1024.87,1038.25,239351.0,1038.25
2013-04-10,1033.82,1056.08,1029.4,1038.25,132520.0,1038.25
2013-04-11,1056.08,1131.44,1051.53,1104.83,713548.0,1104.83
2013-04-12,1104.83,1118.11,1087.07,1091.52,229661.0,1091.52
2013-04-15,1087.07,1087.07,1073.75,1073.75,80008.8,1073.75
2013-04-16,1060.39,1082.56,1056.08,1073.75,104348.0,1073.75
2013-04-17,1082.56,1091.52,1064.89,1069.32,113816.0,1069.32
2013-04-18,1060.39,1064.89,1047.12,1051.53,99842.1,1051.53
2013-04-19,1047.12,1073.75,1029.4,1060.39,203516.0,1060.39
2013-04-22,1073.75,1087.07,1056.08,1069.32,234844.0,1069.32
2013-04-23,1069.32,1153.64,1064.89,1149.13,516790.0,1149.13
2013-04-24,1175.81,1242.38,1171.34,1237.92,820149.0,1237.92
2013-04-25,1220.13,1237.92,1197.96,1220.13,310572.0,1220.13
2013-04-26,1220.13,1220.13,1171.34,1175.81,192473.0,1175.81
2013-04-30,1175.81,1215.76,1175.81,1202.41,153933.0,1202.41
2013-05-01,1206.83,1255.66,1197.96,1251.24,381564.0,1251.24
2013-05-02,1242.38,1264.54,1233.45,1260.12,301105.0,1260.12
2013-05-07,1286.69,1304.49,1255.66,1269.0,308767.0,1269.0
2013-05-08,1255.66,1269.0,1224.63,1237.92,225378.0,1237.92
2013-05-09,1237.92,1237.92,1211.3,1233.45,157088.0,1233.45
2013-05-10,1229.04,1237.92,1197.96,1211.3,213884.0,1211.3
2013-05-13,1215.76,1220.13,1069.32,1095.89,653821.0,1095.89
2013-05-14,1082.56,1100.36,1069.32,1091.52,468110.0,1091.52
2013-05-15,1091.52,1135.85,1069.32,1122.57,796712.0,1122.57
2013-05-16,1149.13,1189.15,1024.87,1069.32,732478.0,1069.32
2013-05-17,1069.32,1131.44,1047.12,1118.11,311247.0,1118.11
2013-05-20,1131.44,1135.85,1091.52,1095.89,308090.0,1095.89
2013-05-21,1087.07,1100.36,1078.19,1087.07,189090.0,1087.07
2013-05-22,1087.07,1091.52,1051.53,1064.89,298174.0,1064.89
2013-05-23,1056.08,1056.08,949.506,967.306,550148.0,967.306
2013-05-24,998.279,1011.61,967.306,998.279,559839.0,998.279
2013-05-27,984.996,989.473,936.214,958.391,309894.0,958.391
2013-05-28,945.089,967.306,931.796,949.506,195178.0,949.506
2013-05-29,967.306,993.871,967.306,980.529,174217.0,980.529
2013-05-30,976.121,976.121,936.214,940.631,136353.0,940.631
2013-05-31,958.391,967.306,936.214,940.631,97138.4,940.631
2013-06-03,940.631,980.529,931.796,940.631,193598.0,940.631
2013-06-04,953.964,967.306,927.299,945.089,165427.0,945.089
2013-06-05,949.506,967.306,913.957,913.957,141311.0,913.957
2013-06-06,900.684,909.599,869.642,874.109,175796.0,874.109
2013-06-07,865.234,865.234,825.277,847.475,162272.0,847.475
2013-06-10,869.642,891.839,869.642,882.974,199458.0,882.974
2013-06-11,878.527,887.342,860.757,878.527,167231.0,878.527
2013-06-12,856.32,860.757,834.152,851.892,175345.0,851.892
2013-06-13,838.56,843.007,803.06,807.577,201488.0,807.577
2013-06-14,829.735,838.56,798.643,798.643,223122.0,798.643
2013-06-17,811.935,860.757,811.935,838.56,279242.0,838.56
2013-06-18,843.007,860.757,820.82,825.277,213432.0,825.277
2013-06-19,834.152,843.007,816.452,838.56,135678.0,838.56
2013-06-20,825.277,834.152,816.452,820.82,78882.1,820.82
2013-06-21,807.577,834.152,794.235,820.82,132520.0,820.82
2013-06-24,843.007,843.007,816.452,825.277,80008.8,825.277
2013-06-25,816.452,829.735,807.577,820.82,102546.0,820.82
2013-06-26,820.82,829.735,789.748,789.748,87896.7,789.748
2013-06-27,807.577,856.32,803.06,856.32,201712.0,856.32
2013-06-28,843.007,882.974,843.007,878.527,214334.0,878.527
2013-07-01,869.642,905.142,869.642,900.684,166552.0,900.684
2013-07-02,909.599,909.599,887.342,909.599,114041.0,909.599
2013-07-03,909.599,909.599,891.839,900.684,62204.7,900.684
2013-07-04,900.684,905.142,896.257,905.142,57021.5,905.142
2013-07-05,913.957,918.514,905.142,909.599,59726.2,909.599
2013-07-08,913.957,922.832,882.974,882.974,125537.0,882.974
2013-07-09,900.684,900.684,882.974,896.257,66036.1,896.257
2013-07-10,891.839,909.599,891.839,900.684,96461.0,900.684
2013-07-11,900.684,909.599,891.839,900.684,66936.6,900.684
2013-07-12,909.599,909.599,887.342,896.257,72797.3,896.257
2013-07-16,900.684,900.684,887.342,896.257,63782.7,896.257
2013-07-17,887.342,900.684,874.109,891.839,133422.0,891.839
2013-07-18,891.839,905.142,887.342,891.839,102321.0,891.839
2013-07-19,900.684,905.142,882.974,882.974,59049.7,882.974
2013-07-22,887.342,891.839,882.974,887.342,85193.0,887.342
2013-07-23,891.839,896.257,874.109,882.974,165427.0,882.974
2013-07-24,869.642,878.527,869.642,874.109,64232.9,874.109
2013-07-25,878.527,878.527,865.234,865.234,68290.5,865.234
2013-07-26,860.757,860.757,843.007,856.32,92630.6,856.32
2013-07-29,843.007,843.007,816.452,829.735,89924.9,829.735
2013-07-30,829.735,865.234,829.735,865.234,97815.9,865.234
2013-07-31,860.757,860.757,838.56,843.007,52287.5,843.007
2013-08-01,856.32,856.32,816.452,847.475,87673.6,847.475
2013-08-02,856.32,860.757,829.735,834.152,106603.0,834.152
2013-08-05,838.56,860.757,825.277,838.56,249719.0,838.56
2013-08-06,843.007,851.892,834.152,851.892,54767.1,851.892
2013-08-07,834.152,843.007,825.277,825.277,67839.2,825.277
2013-08-08,825.277,838.56,820.82,829.735,65134.5,829.735
2013-08-09,834.152,838.56,825.277,825.277,55667.6,825.277
2013-08-12,820.82,829.735,816.452,820.82,39894.8,820.82
2013-08-13,820.82,847.475,816.452,847.475,71894.7,847.475
2013-08-14,847.475,851.892,834.152,847.475,53414.2,847.475
2013-08-15,847.475,851.892,834.152,843.007,67839.2,843.007
2013-08-16,843.007,851.892,834.152,843.007,44173.5,843.007
2013-08-19,829.735,834.152,820.82,825.277,82263.2,825.277
2013-08-20,825.277,843.007,807.577,811.935,80459.0,811.935
2013-08-21,829.735,851.892,816.452,834.152,162497.0,834.152
2013-08-22,838.56,869.642,834.152,869.642,174217.0,869.642
2013-08-23,878.527,891.839,860.757,887.342,175118.0,887.342
2013-08-26,891.839,905.142,887.342,905.142,115620.0,905.142
2013-08-27,905.142,940.631,905.142,913.957,239802.0,913.957
2013-08-28,887.342,900.684,865.234,882.974,165202.0,882.974
2013-08-29,887.342,896.257,887.342,891.839,75727.1,891.839
2013-08-30,900.684,913.957,882.974,887.342,98038.0,887.342
2013-09-02,896.257,918.514,887.342,909.599,80234.9,909.599
2013-09-03,913.957,918.514,900.684,913.957,43948.3,913.957
2013-09-04,918.514,936.214,909.599,918.514,211179.0,918.514
2013-09-05,922.832,922.832,900.684,909.599,73247.6,909.599
2013-09-06,913.957,913.957,891.839,900.684,47328.4,900.684
2013-09-09,900.684,927.299,900.684,922.832,97587.7,922.832
2013-09-10,922.832,922.832,909.599,918.514,42370.3,918.514
2013-09-11,913.957,913.957,905.142,905.142,40342.1,905.142
2013-09-12,909.599,918.514,896.257,909.599,84742.7,909.599
2013-09-13,891.839,913.957,891.839,909.599,123958.0,909.599
2013-09-17,909.599,936.214,905.142,927.299,150776.0,927.299
2013-09-18,931.796,936.214,913.957,918.514,108632.0,918.514
2013-09-19,922.832,940.631,913.957,936.214,154834.0,936.214
2013-09-20,949.506,976.121,940.631,971.694,227857.0,971.694
2013-09-24,962.789,967.306,940.631,949.506,88350.0,949.506
2013-09-25,949.506,953.964,922.832,927.299,75501.0,927.299
2013-09-26,922.832,945.089,913.957,945.089,46201.7,945.089
2013-09-27,962.789,962.789,927.299,936.214,92405.5,936.214
2013-09-30,931.796,936.214,913.957,913.957,96688.2,913.957
2013-10-01,922.832,949.506,922.832,949.506,112462.0,949.506
2013-10-02,945.089,953.964,909.599,918.514,108407.0,918.514
2013-10-03,918.514,927.299,913.957,922.832,43046.8,922.832
2013-10-04,922.832,922.832,896.257,905.142,58599.5,905.142
2013-10-07,909.599,909.599,891.839,891.839,75727.1,891.839
2013-10-08,887.342,887.342,860.757,878.527,80008.8,878.527
2013-10-09,869.642,882.974,865.234,878.527,77981.5,878.527
2013-10-10,874.109,891.839,869.642,887.342,49357.7,887.342
2013-10-11,900.684,913.957,900.684,909.599,66260.2,909.599
2013-10-15,913.957,913.957,896.257,905.142,41694.9,905.142
2013-10-16,905.142,909.599,891.839,900.684,68290.5,900.684
2013-10-17,905.142,909.599,887.342,905.142,78205.6,905.142
2013-10-18,900.684,922.832,896.257,918.514,62882.1,918.514
2013-10-21,918.514,940.631,918.514,927.299,54316.8,927.299
2013-10-22,936.214,953.964,927.299,940.631,101871.0,940.631
2013-10-23,936.214,953.964,931.796,940.631,93757.3,940.631
2013-10-24,922.832,953.964,922.832,945.089,67615.1,945.089
2013-10-25,945.089,945.089,918.514,922.832,81811.9,922.832
2013-10-28,927.299,927.299,918.514,927.299,44399.6,927.299
2013-10-29,922.832,927.299,913.957,918.514,100743.0,918.514
2013-10-30,927.299,953.964,918.514,953.964,252197.0,953.964
2013-10-31,949.506,949.506,922.832,922.832,119449.0,922.832
2013-11-01,918.514,949.506,918.514,949.506,148748.0,949.506
2013-11-05,949.506,976.121,931.796,931.796,201940.0,931.796
2013-11-06,936.214,958.391,900.684,909.599,269101.0,909.599
2013-11-07,900.684,927.299,887.342,927.299,195401.0,927.299
2013-11-08,922.832,927.299,913.957,918.514,44624.7,918.514
2013-11-11,922.832,931.796,909.599,922.832,99390.8,922.832
2013-11-12,922.832,922.832,909.599,918.514,161144.0,918.514
2013-11-13,913.957,918.514,896.257,900.684,165202.0,900.684
2013-11-14,900.684,918.514,900.684,909.599,142664.0,909.599
2013-11-15,900.684,913.957,891.839,896.257,184132.0,896.257
2013-11-18,900.684,909.599,896.257,909.599,120577.0,909.599
2013-11-19,909.599,913.957,896.257,900.684,103899.0,900.684
2013-11-20,900.684,905.142,900.684,900.684,61979.6,900.684
2013-11-21,900.684,905.142,896.257,896.257,97363.6,896.257
2013-11-22,900.684,900.684,887.342,891.839,166103.0,891.839
2013-11-25,891.839,905.142,891.839,905.142,63782.7,905.142
2013-11-26,896.257,896.257,882.974,882.974,114943.0,882.974
2013-11-27,882.974,896.257,878.527,887.342,166328.0,887.342
2013-11-28,887.342,905.142,887.342,905.142,148526.0,905.142
2013-11-29,905.142,905.142,882.974,882.974,159794.0,882.974
2013-12-02,887.342,896.257,887.342,891.839,124859.0,891.839
2013-12-03,891.839,896.257,891.839,891.839,91955.2,891.839
2013-12-04,891.839,891.839,874.109,874.109,146721.0,874.109
2013-12-05,874.109,878.527,865.234,865.234,97815.9,865.234
2013-12-06,869.642,882.974,860.757,874.109,169935.0,874.109
2013-12-09,878.527,891.839,878.527,887.342,77981.5,887.342
2013-12-10,887.342,896.257,882.974,891.839,90376.2,891.839
2013-12-11,887.342,891.839,882.974,882.974,40342.1,882.974
2013-12-12,878.527,878.527,860.757,860.757,124409.0,860.757
2013-12-13,856.32,860.757,838.56,847.475,302232.0,847.475
2013-12-16,851.892,860.757,847.475,851.892,60626.7,851.892
2013-12-17,856.32,865.234,851.892,860.757,41243.6,860.757
2013-12-18,851.892,874.109,851.892,874.109,94884.0,874.109
2013-12-19,874.109,878.527,860.757,860.757,87447.4,860.757
2013-12-20,860.757,865.234,847.475,851.892,84516.6,851.892
2013-12-24,851.892,851.892,834.152,838.56,77080.0,838.56
2013-12-25,834.152,851.892,829.735,843.007,176020.0,843.007
2013-12-26,843.007,865.234,843.007,847.475,189090.0,847.475
2013-12-27,851.892,856.32,847.475,851.892,147170.0,851.892
2013-12-30,851.892,865.234,851.892,860.757,98038.0,860.757
2014-01-06,865.234,865.234,851.892,851.892,115846.0,851.892
2014-01-07,851.892,856.32,847.475,851.892,61303.1,851.892
2014-01-08,856.32,869.642,856.32,869.642,83164.7,869.642
2014-01-09,874.109,882.974,869.642,878.527,77305.1,878.527
2014-01-10,878.527,882.974,865.234,869.642,81811.9,869.642
2014-01-14,865.234,865.234,856.32,856.32,85642.3,856.32
2014-01-15,865.234,865.234,856.32,856.32,54992.2,856.32
2014-01-16,860.757,869.642,856.32,865.234,102771.0,865.234
2014-01-17,860.757,865.234,856.32,856.32,110660.0,856.32
2014-01-20,860.757,878.527,860.757,874.109,80910.3,874.109
2014-01-21,878.527,891.839,874.109,891.839,156187.0,891.839
2014-01-22,891.839,896.257,882.974,891.839,86546.9,891.839
2014-01-23,887.342,891.839,874.109,874.109,105701.0,874.109
2014-01-24,869.642,878.527,860.757,869.642,116971.0,869.642
2014-01-27,847.475,865.234,847.475,851.892,147622.0,851.892
2014-01-28,851.892,869.642,851.892,851.892,97138.4,851.892
2014-01-29,860.757,874.109,860.757,869.642,75501.0,869.642
2014-01-30,856.32,856.32,838.56,847.475,177821.0,847.475
2014-01-31,847.475,856.32,820.82,829.735,239577.0,829.735
2014-02-03,825.277,851.892,816.452,843.007,353166.0,843.007
2014-02-04,811.935,825.277,798.643,798.643,320938.0,798.643
2014-02-05,803.06,807.577,785.33,798.643,264819.0,798.643
2014-02-06,798.643,803.06,789.748,789.748,176020.0,789.748
2014-02-07,803.06,820.82,803.06,820.82,109307.0,820.82
2014-02-10,834.152,847.475,834.152,838.56,108407.0,838.56
2014-02-12,851.892,865.234,851.892,856.32,111787.0,856.32
2014-02-13,860.757,860.757,838.56,847.475,122154.0,847.475
2014-02-14,847.475,856.32,825.277,838.56,106378.0,838.56
2014-02-17,834.152,843.007,829.735,834.152,85869.4,834.152
2014-02-18,834.152,856.32,829.735,847.475,103899.0,847.475
2014-02-19,851.892,856.32,843.007,847.475,30651.0,847.475
2014-02-20,843.007,843.007,820.82,834.152,113138.0,834.152
2014-02-21,829.735,843.007,829.735,834.152,151002.0,834.152
2014-02-24,834.152,851.892,834.152,847.475,59951.3,847.475
2014-02-25,851.892,856.32,843.007,851.892,85642.3,851.892
2014-02-26,843.007,847.475,838.56,838.56,101646.0,838.56
2014-02-27,843.007,874.109,838.56,865.234,214108.0,865.234
2014-02-28,865.234,878.527,851.892,865.234,181428.0,865.234
2014-03-03,865.234,878.527,856.32,869.642,121253.0,869.642
2014-03-04,882.974,909.599,878.527,891.839,428668.0,891.839
2014-03-05,891.839,896.257,865.234,874.109,423483.0,874.109
2014-03-06,869.642,874.109,860.757,874.109,66036.1,874.109
2014-03-07,878.527,891.839,874.109,882.974,182782.0,882.974
2014-03-10,882.974,891.839,874.109,887.342,105026.0,887.342
2014-03-11,887.342,896.257,882.974,891.839,133422.0,891.839
2014-03-12,878.527,882.974,869.642,874.109,88350.0,874.109
2014-03-13,874.109,887.342,869.642,878.527,111787.0,878.527
2014-03-14,869.642,887.342,865.234,869.642,188867.0,869.642
2014-03-17,865.234,887.342,860.757,874.109,192248.0,874.109
2014-03-18,891.839,918.514,882.974,900.684,318909.0,900.684
2014-03-19,913.957,927.299,909.599,927.299,299303.0,927.299
2014-03-20,918.514,927.299,909.599,909.599,238674.0,909.599
2014-03-24,918.514,931.796,909.599,913.957,227857.0,913.957
2014-03-25,909.599,931.796,905.142,927.299,177373.0,927.299
2014-03-26,922.832,936.214,909.599,909.599,274509.0,909.599
2014-03-27,905.142,940.631,891.839,931.796,195401.0,931.796
2014-03-28,927.299,945.089,918.514,945.089,260986.0,945.089
2014-03-31,953.964,953.964,940.631,953.964,140636.0,953.964
2014-04-01,953.964,953.964,936.214,945.089,129142.0,945.089
2014-04-02,949.506,949.506,931.796,940.631,127563.0,940.631
2014-04-03,940.631,940.631,922.832,931.796,73698.8,931.796
2014-04-04,927.299,949.506,927.299,945.089,71894.7,945.089
2014-04-07,945.089,945.089,927.299,931.796,44624.7,931.796
2014-04-08,931.796,971.694,931.796,962.789,448727.0,962.789
2014-04-09,967.306,971.694,949.506,958.391,464729.0,958.391
2014-04-10,967.306,1029.4,962.789,1020.53,965520.0,1020.53
2014-04-11,1011.61,1024.87,971.694,998.279,960788.0,998.279
2014-04-14,1002.8,1007.21,971.694,984.996,294794.0,984.996
2014-04-15,989.473,989.473,949.506,967.306,456615.0,967.306
2014-04-16,980.529,1007.21,971.694,1002.8,247915.0,1002.8
2014-04-17,1002.8,1016.08,998.279,1002.8,294118.0,1002.8
2014-04-18,1011.61,1011.61,989.473,1011.61,198556.0,1011.61
2014-04-21,1011.61,1016.08,993.871,993.871,215009.0,993.871
2014-04-22,993.871,1002.8,984.996,989.473,165427.0,989.473
2014-04-23,993.871,998.279,976.121,993.871,169935.0,993.871
2014-04-24,1011.61,1029.4,993.871,1007.21,710391.0,1007.21
2014-04-25,993.871,1002.8,980.529,993.871,217488.0,993.871
2014-04-28,980.529,1011.61,976.121,1007.21,193824.0,1007.21
2014-04-30,998.279,1011.61,989.473,998.279,162272.0,998.279
2014-05-01,1002.8,1011.61,998.279,1011.61,204193.0,1011.61
2014-05-02,1011.61,1020.53,1002.8,1011.61,332882.0,1011.61
2014-05-07,1007.21,1033.82,1002.8,1011.61,517018.0,1011.61
2014-05-08,1020.53,1038.25,1016.08,1029.4,380437.0,1029.4
2014-05-09,1029.4,1047.12,1011.61,1033.82,426642.0,1033.82
2014-05-12,1051.53,1064.89,971.694,993.871,1259863.0,993.871
2014-05-13,984.996,989.473,958.391,958.391,600406.0,958.391
2014-05-14,953.964,962.789,940.631,953.964,340548.0,953.964
2014-05-15,949.506,984.996,949.506,984.996,211855.0,984.996
2014-05-16,976.121,980.529,962.789,962.789,165654.0,962.789
2014-05-19,962.789,976.121,958.391,967.306,150776.0,967.306
2014-05-20,967.306,976.121,958.391,962.789,140185.0,962.789
2014-05-21,953.964,958.391,940.631,945.089,180978.0,945.089
2014-05-22,940.631,967.306,936.214,953.964,175345.0,953.964
2014-05-23,962.789,971.694,962.789,971.694,96688.2,971.694
2014-05-26,976.121,1007.21,976.121,998.279,215684.0,998.279
2014-05-27,998.279,1016.08,980.529,1002.8,341674.0,1002.8
2014-05-28,1007.21,1038.25,1007.21,1029.4,311247.0,1029.4
2014-05-29,1029.4,1047.12,1024.87,1042.7,261890.0,1042.7
2014-05-30,1051.53,1051.53,1029.4,1038.25,212081.0,1038.25
2014-06-02,1047.12,1056.08,1042.7,1056.08,174891.0,1056.08
2014-06-03,1051.53,1064.89,1042.7,1060.39,294794.0,1060.39
2014-06-04,1056.08,1060.39,1047.12,1047.12,267524.0,1047.12
2014-06-05,1047.12,1047.12,1029.4,1033.82,144918.0,1033.82
2014-06-06,1029.4,1038.25,1029.4,1033.82,100743.0,1033.82
2014-06-09,1038.25,1051.53,1033.82,1038.25,141762.0,1038.25
2014-06-10,1042.7,1051.53,1038.25,1038.25,136579.0,1038.25
2014-06-11,1042.7,1060.39,1042.7,1056.08,139282.0,1056.08
2014-06-12,1056.08,1064.89,1047.12,1047.12,242506.0,1047.12
2014-06-13,1047.12,1069.32,1047.12,1056.08,198335.0,1056.08
2014-06-16,1056.08,1078.19,1033.82,1042.7,265946.0,1042.7
2014-06-17,1051.53,1060.39,1047.12,1056.08,85869.4,1056.08
2014-06-18,1060.39,1069.32,1051.53,1056.08,167004.0,1056.08
2014-06-19,1064.89,1082.56,1064.89,1078.19,209600.0,1078.19
2014-06-20,1095.89,1109.23,1087.07,1100.36,381791.0,1100.36
2014-06-23,1109.23,1118.11,1095.89,1104.83,291414.0,1104.83
2014-06-24,1113.66,1113.66,1095.89,1109.23,164526.0,1109.23
2014-06-25,1109.23,1109.23,1100.36,1100.36,140862.0,1100.36
2014-06-26,1109.23,1109.23,1100.36,1100.36,99164.7,1100.36
2014-06-27,1104.83,1113.66,1100.36,1109.23,224476.0,1109.23
2014-06-30,1118.11,1140.35,1113.66,1140.35,306063.0,1140.35
2014-07-01,1135.85,1144.76,1131.44,1135.85,199008.0,1135.85
2014-07-02,1149.13,1162.46,1144.76,1162.46,193598.0,1162.46
2014-07-03,1166.93,1189.15,1149.13,1153.64,311021.0,1153.64
2014-07-04,1162.46,1180.21,1158.1,1175.81,248142.0,1175.81
2014-07-07,1180.21,1197.96,1180.21,1193.55,190669.0,1193.55
2014-07-08,1197.96,1215.76,1171.34,1206.83,349787.0,1206.83
2014-07-09,1206.83,1211.3,1193.55,1202.41,183909.0,1202.41
2014-07-10,1202.41,1202.41,1184.67,1189.15,138158.0,1189.15
2014-07-11,1175.81,1189.15,1171.34,1189.15,102997.0,1189.15
2014-07-14,1193.55,1193.55,1171.34,1184.67,99617.0,1184.67
2014-07-15,1202.41,1206.83,1197.96,1206.83,86319.7,1206.83
2014-07-16,1202.41,1206.83,1193.55,1193.55,73023.4,1193.55
2014-07-17,1202.41,1202.41,1180.21,1202.41,104800.0,1202.41
2014-07-18,1193.55,1193.55,1184.67,1189.15,46653.0,1189.15
2014-07-22,1202.41,1211.3,1193.55,1211.3,113590.0,1211.3
2014-07-23,1211.3,1220.13,1206.83,1211.3,75050.7,1211.3
2014-07-24,1211.3,1224.63,1206.83,1220.13,108407.0,1220.13
2014-07-25,1229.04,1233.45,1224.63,1233.45,106378.0,1233.45
2014-07-28,1233.45,1246.8,1233.45,1246.8,93081.9,1246.8
2014-07-29,1246.8,1246.8,1229.04,1237.92,135227.0,1237.92
2014-07-30,1229.04,1237.92,1220.13,1224.63,132749.0,1224.63
2014-07-31,1224.63,1229.04,1184.67,1193.55,245890.0,1193.55
2014-08-01,1153.64,1211.3,1144.76,1193.55,242734.0,1193.55
2014-08-04,1197.96,1211.3,1175.81,1189.15,163173.0,1189.15
2014-08-05,1193.55,1197.96,1135.85,1180.21,367140.0,1180.21
2014-08-06,1184.67,1220.13,1171.34,1202.41,234620.0,1202.41
2014-08-07,1197.96,1237.92,1197.96,1237.92,286005.0,1237.92
2014-08-08,1224.63,1242.38,1206.83,1215.76,251971.0,1215.76
2014-08-11,1229.04,1242.38,1224.63,1242.38,159116.0,1242.38
2014-08-12,1246.8,1286.69,1246.8,1277.87,297725.0,1277.87
2014-08-13,1286.69,1326.7,1282.33,1317.78,473294.0,1317.78
2014-08-14,1317.78,1339.99,1308.91,1335.52,270678.0,1335.52
2014-08-15,1331.06,1335.52,1295.67,1313.32,249044.0,1313.32
2014-08-18,1322.19,1335.52,1313.32,1326.7,106830.0,1326.7
2014-08-19,1322.19,1331.06,1313.32,1331.06,133649.0,1331.06
2014-08-20,1326.7,1326.7,1313.32,1317.78,68737.7,1317.78
2014-08-21,1313.32,1353.28,1313.32,1326.7,343023.0,1326.7
2014-08-22,1326.7,1326.7,1308.91,1317.78,79783.6,1317.78
2014-08-25,1331.06,1331.06,1317.78,1322.19,89924.9,1322.19
2014-08-26,1326.7,1331.06,1317.78,1317.78,149425.0,1317.78
2014-08-27,1313.32,1326.7,1313.32,1313.32,126212.0,1313.32
2014-08-28,1313.32,1313.32,1277.87,1286.69,255127.0,1286.69
2014-08-29,1277.87,1300.03,1269.0,1269.0,157540.0,1269.0
2014-09-01,1264.54,1269.0,1246.8,1264.54,230562.0,1264.54
2014-09-02,1269.0,1269.0,1224.63,1229.04,272033.0,1229.04
2014-09-03,1233.45,1246.8,1224.63,1237.92,235296.0,1237.92
2014-09-04,1246.8,1251.24,1237.92,1242.38,171963.0,1242.38
2014-09-05,1242.38,1246.8,1224.63,1229.04,197883.0,1229.04
2014-09-08,1233.45,1242.38,1215.76,1229.04,169708.0,1229.04
2014-09-09,1215.76,1233.45,1211.3,1224.63,147170.0,1224.63
2014-09-10,1224.63,1233.45,1220.13,1229.04,55667.6,1229.04
2014-09-11,1233.45,1237.92,1220.13,1229.04,136128.0,1229.04
2014-09-12,1220.13,1220.13,1206.83,1220.13,247691.0,1220.13
2014-09-16,1224.63,1269.0,1224.63,1260.12,265946.0,1260.12
2014-09-17,1260.12,1277.87,1251.24,1260.12,220646.0,1260.12
2014-09-18,1277.87,1291.17,1269.0,1273.36,206671.0,1273.36
2014-09-19,1286.69,1286.69,1246.8,1251.24,258056.0,1251.24
2014-09-22,1269.0,1273.36,1260.12,1269.0,175568.0,1269.0
2014-09-24,1273.36,1300.03,1269.0,1282.33,596802.0,1282.33
2014-09-25,1273.36,1282.33,1246.8,1255.66,687176.0,1255.66
2014-09-26,1220.13,1246.8,1211.3,1233.45,424163.0,1233.45
2014-09-29,1224.63,1229.04,1211.3,1215.76,201037.0,1215.76
2014-09-30,1215.76,1224.63,1197.96,1211.3,240704.0,1211.3
2014-10-01,1202.41,1220.13,1193.55,1197.96,241382.0,1197.96
2014-10-02,1180.21,1202.41,1171.34,1171.34,318234.0,1171.34
2014-10-03,1171.34,1189.15,1149.13,1184.67,152807.0,1184.67
2014-10-06,1197.96,1202.41,1189.15,1197.96,119677.0,1197.96
2014-10-07,1197.96,1202.41,1175.81,1175.81,250622.0,1175.81
2014-10-08,1166.93,1193.55,1166.93,1175.81,185711.0,1175.81
2014-10-09,1175.81,1180.21,1153.64,1158.1,195627.0,1158.1
2014-10-10,1131.44,1158.1,1122.57,1158.1,186613.0,1158.1
2014-10-14,1131.44,1158.1,1122.57,1149.13,223799.0,1149.13
2014-10-15,1166.93,1171.34,1153.64,1162.46,128691.0,1162.46
2014-10-16,1140.35,1149.13,1127.01,1135.85,197657.0,1135.85
2014-10-17,1153.64,1158.1,1122.57,1122.57,138832.0,1122.57
2014-10-20,1149.13,1162.46,1140.35,1162.46,141987.0,1162.46
2014-10-21,1171.34,1171.34,1144.76,1153.64,203289.0,1153.64
2014-10-22,1162.46,1175.81,1158.1,1171.34,162723.0,1171.34
2014-10-23,1162.46,1171.34,1153.64,1158.1,133422.0,1158.1
2014-10-24,1166.93,1166.93,1144.76,1149.13,195852.0,1149.13
2014-10-27,1149.13,1162.46,1140.35,1162.46,208023.0,1162.46
2014-10-28,1153.64,1162.46,1149.13,1153.64,148748.0,1153.64
2014-10-29,1166.93,1193.55,1162.46,1189.15,147170.0,1189.15
2014-10-30,1189.15,1189.15,1162.46,1171.34,172639.0,1171.34
2014-10-31,1206.83,1229.04,1149.13,1166.93,648863.0,1166.93
2014-11-04,1189.15,1189.15,1127.01,1131.44,571558.0,1131.44
2014-11-05,1135.85,1184.67,1135.85,1175.81,312599.0,1175.81
2014-11-06,1153.64,1158.1,1131.44,1135.85,331756.0,1135.85
2014-11-07,1140.35,1149.13,1109.23,1118.11,333559.0,1118.11
2014-11-10,1118.11,1127.01,1113.66,1127.01,144467.0,1127.01
2014-11-11,1127.01,1135.85,1118.11,1127.01,149652.0,1127.01
2014-11-12,1131.44,1144.76,1122.57,1122.57,139282.0,1122.57
2014-11-13,1118.11,1131.44,1113.66,1122.57,121704.0,1122.57
2014-11-14,1140.35,1140.35,1118.11,1127.01,127339.0,1127.01
2014-11-17,1131.44,1135.85,1100.36,1104.83,182330.0,1104.83
2014-11-18,1113.66,1127.01,1109.23,1127.01,87896.7,1127.01
2014-11-19,1131.44,1153.64,1131.44,1140.35,130042.0,1140.35
2014-11-20,1153.64,1153.64,1135.85,1149.13,105026.0,1149.13
2014-11-21,1153.64,1153.64,1135.85,1140.35,106153.0,1140.35
2014-11-25,1149.13,1149.13,1127.01,1144.76,143340.0,1144.76
2014-11-26,1140.35,1140.35,1122.57,1131.44,127339.0,1131.44
2014-11-27,1135.85,1158.1,1135.85,1140.35,209375.0,1140.35
2014-11-28,1144.76,1149.13,1135.85,1135.85,95785.6,1135.85
2014-12-01,1144.76,1158.1,1135.85,1158.1,126212.0,1158.1
2014-12-02,1158.1,1180.21,1153.64,1175.81,187288.0,1175.81
2014-12-03,1189.15,1193.55,1180.21,1184.67,163851.0,1184.67
2014-12-04,1184.67,1184.67,1171.34,1175.81,132071.0,1175.81
2014-12-05,1180.21,1189.15,1171.34,1189.15,104800.0,1189.15
2014-12-08,1193.55,1211.3,1189.15,1206.83,142213.0,1206.83
2014-12-09,1211.3,1215.76,1197.96,1202.41,105927.0,1202.41
2014-12-10,1202.41,1206.83,1180.21,1184.67,120805.0,1184.67
2014-12-11,1184.67,1197.96,1184.67,1197.96,86996.1,1197.96
2014-12-12,1193.55,1215.76,1193.55,1197.96,177599.0,1197.96
2014-12-15,1202.41,1202.41,1189.15,1193.55,90152.1,1193.55
2014-12-16,1193.55,1197.96,1180.21,1184.67,124182.0,1184.67
2014-12-17,1180.21,1197.96,1175.81,1175.81,128240.0,1175.81
2014-12-18,1193.55,1202.41,1184.67,1189.15,102771.0,1189.15
2014-12-19,1189.15,1197.96,1184.67,1189.15,135903.0,1189.15
2014-12-22,1197.96,1211.3,1197.96,1202.41,152580.0,1202.41
2014-12-24,1211.3,1229.04,1202.41,1220.13,282621.0,1220.13
2014-12-25,1215.76,1224.63,1206.83,1224.63,122380.0,1224.63
2014-12-26,1233.45,1233.45,1202.41,1224.63,142889.0,1224.63
2014-12-29,1224.63,1237.92,1211.3,1229.04,163851.0,1229.04
2014-12-30,1220.13,1224.63,1206.83,1206.83,94433.8,1206.83
2015-01-05,1211.3,1229.04,1197.96,1220.13,77305.1,1220.13
2015-01-06,1220.13,1224.63,1206.83,1206.83,90601.4,1206.83
2015-01-07,1202.41,1215.76,1193.55,1202.41,157990.0,1202.41
2015-01-08,1202.41,1220.13,1202.41,1215.76,106153.0,1215.76
2015-01-09,1220.13,1229.04,1206.83,1229.04,91955.2,1229.04
2015-01-13,1215.76,1229.04,1211.3,1224.63,106830.0,1224.63
2015-01-14,1224.63,1229.04,1211.3,1220.13,112913.0,1220.13
2015-01-15,1220.13,1246.8,1220.13,1246.8,168582.0,1246.8
2015-01-16,1233.45,1242.38,1202.41,1220.13,177147.0,1220.13
2015-01-19,1220.13,1242.38,1206.83,1233.45,125537.0,1233.45
2015-01-20,1237.92,1242.38,1229.04,1233.45,153482.0,1233.45
2015-01-21,1237.92,1260.12,1233.45,1246.8,116520.0,1246.8
2015-01-22,1255.66,1269.0,1242.38,1264.54,178049.0,1264.54
2015-01-23,1277.87,1277.87,1242.38,1260.12,157764.0,1260.12
2015-01-26,1273.36,1295.67,1269.0,1286.69,232365.0,1286.69
2015-01-27,1295.67,1326.7,1286.69,1326.7,183006.0,1326.7
2015-01-28,1308.91,1317.78,1277.87,1300.03,288936.0,1300.03
2015-01-29,1317.78,1393.22,1313.32,1362.15,854635.0,1362.15
2015-01-30,1375.39,1388.77,1348.81,1362.15,463603.0,1362.15
2015-02-02,1353.28,1362.15,1295.67,1304.49,424386.0,1304.49
2015-02-03,1277.87,1286.69,1224.63,1229.04,362858.0,1229.04
2015-02-04,1251.24,1255.66,1229.04,1233.45,167906.0,1233.45
2015-02-05,1246.8,1246.8,1215.76,1220.13,193598.0,1220.13
2015-02-06,1229.04,1229.04,1189.15,1189.15,204644.0,1189.15
2015-02-09,1202.41,1211.3,1197.96,1202.41,110660.0,1202.41
2015-02-10,1202.41,1206.83,1180.21,1189.15,113365.0,1189.15
2015-02-12,1193.55,1202.41,1184.67,1189.15,137480.0,1189.15
2015-02-13,1197.96,1215.76,1193.55,1202.41,235971.0,1202.41
2015-02-16,1220.13,1224.63,1197.96,1197.96,153482.0,1197.96
2015-02-17,1197.96,1233.45,1193.55,1224.63,164973.0,1224.63
2015-02-18,1242.38,1264.54,1237.92,1251.24,198782.0,1251.24
2015-02-19,1246.8,1251.24,1229.04,1237.92,138382.0,1237.92
2015-02-20,1242.38,1242.38,1220.13,1233.45,128916.0,1233.45
2015-02-23,1233.45,1251.24,1224.63,1246.8,201712.0,1246.8
2015-02-24,1251.24,1251.24,1229.04,1233.45,188416.0,1233.45
2015-02-25,1237.92,1246.8,1233.45,1237.92,134099.0,1237.92
2015-02-26,1233.45,1255.66,1233.45,1246.8,86770.0,1246.8
2015-02-27,1246.8,1286.69,1246.8,1269.0,201712.0,1269.0
2015-03-02,1264.54,1322.19,1260.12,1304.49,552853.0,1304.49
2015-03-03,1313.32,1326.7,1308.91,1322.19,266848.0,1322.19
2015-03-04,1322.19,1353.28,1317.78,1348.81,345730.0,1348.81
2015-03-05,1339.99,1371.02,1335.52,1362.15,282398.0,1362.15
2015-03-06,1366.6,1388.77,1366.6,1384.36,238901.0,1384.36
2015-03-09,1379.92,1402.1,1371.02,1393.22,270678.0,1393.22
2015-03-10,1402.1,1433.14,1388.77,1410.92,333559.0,1410.92
2015-03-11,1384.36,1428.71,1384.36,1419.9,259409.0,1419.9
2015-03-12,1428.71,1428.71,1410.92,1419.9,152580.0,1419.9
2015-03-13,1433.14,1455.35,1424.25,1442.01,339194.0,1442.01
2015-03-16,1437.6,1450.92,1424.25,1428.71,154386.0,1428.71
2015-03-17,1450.92,1450.92,1362.15,1410.92,658329.0,1410.92
2015-03-18,1419.9,1446.41,1406.57,1433.14,293216.0,1433.14
2015-03-19,1437.6,1450.92,1415.43,1446.41,338516.0,1446.41
2015-03-20,1455.35,1486.38,1446.41,1486.38,307867.0,1486.38
2015-03-23,1499.66,1530.78,1499.66,1521.92,156862.0,1521.92
2015-03-24,1526.34,1526.34,1490.84,1504.17,191572.0,1504.17
2015-03-25,1526.34,1539.66,1499.66,1508.58,132973.0,1508.58
2015-03-26,1490.84,1521.92,1473.04,1481.96,167231.0,1481.96
2015-03-27,1464.27,1481.96,1433.14,1446.41,206897.0,1446.41
2015-03-30,1428.71,1464.27,1428.71,1442.01,169484.0,1442.01
2015-03-31,1473.04,1504.17,1464.27,1486.38,240252.0,1486.38
2015-04-01,1490.84,1490.84,1446.41,1464.27,206220.0,1464.27
2015-04-02,1477.49,1504.17,1477.49,1490.84,171513.0,1490.84
2015-04-03,1504.17,1570.64,1504.17,1561.77,337841.0,1561.77
2015-04-06,1557.38,1570.64,1535.2,1557.38,135002.0,1557.38
2015-04-07,1575.22,1650.55,1561.77,1588.48,411090.0,1588.48
2015-04-08,1592.91,1619.51,1570.64,1575.22,244536.0,1575.22
2015-04-09,1570.64,1623.94,1570.64,1592.91,249044.0,1592.91
2015-04-10,1592.91,1610.61,1575.22,1597.28,219517.0,1597.28
2015-04-13,1597.28,1601.78,1570.64,1597.28,122154.0,1597.28
2015-04-14,1588.48,1601.78,1575.22,1588.48,75276.8,1588.48
2015-04-15,1579.53,1588.48,1544.07,1544.07,109534.0,1544.07
2015-04-16,1535.2,1539.66,1499.66,1513.0,180076.0,1513.0
2015-04-17,1504.17,1517.5,1495.23,1495.23,122380.0,1495.23
2015-04-20,1495.23,1557.38,1495.23,1526.34,213884.0,1526.34
2015-04-21,1552.96,1566.27,1539.66,1557.38,175568.0,1557.38
2015-04-22,1575.22,1579.53,1557.38,1561.77,130042.0,1561.77
2015-04-23,1561.77,1566.27,1535.2,1544.07,116971.0,1544.07
2015-04-24,1539.66,1557.38,1535.2,1539.66,94884.0,1539.66
2015-04-27,1557.38,1592.91,1552.96,1579.53,144694.0,1579.53
2015-04-28,1583.98,1588.48,1561.77,1566.27,118773.0,1566.27
2015-04-30,1566.27,1566.27,1513.0,1517.5,147396.0,1517.5
2015-05-01,1535.2,1588.48,1535.2,1588.48,235971.0,1588.48
2015-05-07,1592.91,1619.51,1544.07,1552.96,220421.0,1552.96
2015-05-08,1557.38,1619.51,1544.07,1610.61,238674.0,1610.61
2015-05-11,1606.2,1712.76,1583.98,1668.29,540457.0,1668.29
2015-05-12,1672.72,1828.03,1668.29,1783.67,799642.0,1783.67
2015-05-13,1757.08,1761.43,1717.1,1743.76,337165.0,1743.76
2015-05-14,1743.76,1743.76,1708.21,1717.1,190218.0,1717.1
2015-05-15,1721.55,1752.59,1699.38,1703.79,134099.0,1703.79
2015-05-18,1712.76,1730.47,1694.93,1708.21,167679.0,1708.21
2015-05-19,1703.79,1730.47,1694.93,1712.76,133197.0,1712.76
2015-05-20,1712.76,1721.55,1690.52,1708.21,128691.0,1708.21
2015-05-21,1708.21,1708.21,1655.02,1672.72,212307.0,1672.72
2015-05-22,1668.29,1694.93,1668.29,1677.22,79783.6,1677.22
2015-05-25,1575.22,1606.2,1570.64,1570.64,1572914.0,1570.64
2015-05-26,1561.77,1597.28,1557.38,1579.53,1049360.0,1579.53
2015-05-27,1575.22,1579.53,1561.77,1561.77,465630.0,1561.77
2015-05-28,1566.27,1566.27,1521.92,1535.2,901061.0,1535.2
2015-05-29,1517.5,1544.07,1513.0,1535.2,712420.0,1535.2
2015-06-01,1530.78,1535.2,1499.66,1521.92,2098046.0,1521.92
2015-06-02,1535.2,1575.22,1526.34,1548.49,1937803.0,1548.49
2015-06-03,1535.2,1539.66,1513.0,1521.92,662836.0,1521.92
2015-06-04,1530.78,1539.66,1526.34,1530.78,298174.0,1530.78
2015-06-05,1526.34,1544.07,1526.34,1526.34,563671.0,1526.34
2015-06-08,1530.78,1535.2,1513.0,1517.5,364436.0,1517.5
2015-06-09,1548.49,1566.27,1521.92,1557.38,3214119.0,1557.38
2015-06-10,1566.27,1588.48,1557.38,1583.98,855760.0,1583.98
2015-06-11,1588.48,1592.91,1561.77,1579.53,430924.0,1579.53
2015-06-12,1588.48,1597.28,1579.53,1588.48,526257.0,1588.48
2015-06-15,1592.91,1592.91,1570.64,1583.98,235745.0,1583.98
2015-06-16,1588.48,1597.28,1561.77,1579.53,621367.0,1579.53
2015-06-17,1588.48,1592.91,1579.53,1583.98,255127.0,1583.98
2015-06-18,1583.98,1592.91,1566.27,1588.48,345506.0,1588.48
2015-06-19,1588.48,1663.89,1583.98,1646.15,898807.0,1646.15
2015-06-22,1686.06,1712.76,1681.55,1703.79,617536.0,1703.79
2015-06-23,1690.52,1703.79,1641.7,1699.38,482534.0,1699.38
2015-06-24,1677.22,1694.93,1663.89,1668.29,345054.0,1668.29
2015-06-25,1681.55,1694.93,1668.29,1681.55,226954.0,1681.55
2015-06-26,1672.72,1717.1,1672.72,1694.93,297951.0,1694.93
2015-06-29,1659.43,1672.72,1637.27,1655.02,278341.0,1655.02
2015-06-30,1650.55,1672.72,1646.15,1663.89,229661.0,1663.89
2015-07-01,1672.72,1694.93,1663.89,1668.29,385847.0,1668.29
2015-07-02,1694.93,1703.79,1628.35,1641.7,485014.0,1641.7
2015-07-03,1641.7,1655.02,1628.35,1646.15,277665.0,1646.15
2015-07-06,1637.27,1646.15,1610.61,1615.07,221998.0,1615.07
2015-07-07,1623.94,1659.43,1619.51,1650.55,175345.0,1650.55
2015-07-08,1646.15,1650.55,1592.91,1606.2,335137.0,1606.2
2015-07-09,1557.38,1606.2,1530.78,1601.78,319135.0,1601.78
2015-07-10,1588.48,1615.07,1579.53,1592.91,224476.0,1592.91
2015-07-13,1615.07,1637.27,1601.78,1628.35,180527.0,1628.35
2015-07-14,1641.7,1672.72,1641.7,1655.02,261890.0,1655.02
2015-07-15,1668.29,1730.47,1655.02,1725.97,529864.0,1725.97
2015-07-16,1739.29,1783.67,1725.97,1743.76,587787.0,1743.76
2015-07-17,1743.76,1765.92,1739.29,1748.21,331983.0,1748.21
2015-07-21,1765.92,1770.38,1739.29,1743.76,178499.0,1743.76
2015-07-22,1734.84,1739.29,1708.21,1712.76,247915.0,1712.76
2015-07-23,1730.47,1788.12,1717.1,1779.25,396439.0,1779.25
2015-07-24,1796.99,1823.58,1783.67,1792.53,471490.0,1792.53
2015-07-27,1792.53,1819.11,1757.08,1774.84,253099.0,1774.84
2015-07-28,1743.76,1788.12,1730.47,1779.25,202390.0,1779.25
2015-07-29,1796.99,1814.79,1779.25,1792.53,280595.0,1792.53
2015-07-30,1814.79,1863.53,1814.79,1863.53,563218.0,1863.53
2015-07-31,1863.53,1899.05,1801.41,1805.82,631960.0,1805.82
2015-08-03,1805.82,1863.53,1717.1,1739.29,766962.0,1739.29
2015-08-04,1752.59,1796.99,1681.55,1757.08,692812.0,1757.08
2015-08-05,1721.55,1761.43,1703.79,1748.21,394860.0,1748.21
2015-08-06,1739.29,1761.43,1721.55,1725.97,199910.0,1725.97
2015-08-07,1721.55,1721.55,1690.52,1699.38,314403.0,1699.38
2015-08-10,1699.38,1730.47,1690.52,1721.55,220421.0,1721.55
2015-08-11,1734.84,1739.29,1694.93,1708.21,219292.0,1708.21
2015-08-12,1717.1,1717.1,1641.7,1650.55,370972.0,1650.55
2015-08-13,1641.7,1663.89,1623.94,1650.55,253325.0,1650.55
2015-08-14,1646.15,1690.52,1637.27,1668.29,205771.0,1668.29
2015-08-17,1694.93,1725.97,1672.72,1721.55,266171.0,1721.55
2015-08-18,1725.97,1730.47,1694.93,1708.21,156410.0,1708.21
2015-08-19,1694.93,1694.93,1663.89,1672.72,242056.0,1672.72
2015-08-20,1672.72,1690.52,1641.7,1646.15,167679.0,1646.15
2015-08-21,1623.94,1623.94,1588.48,1597.28,348208.0,1597.28
2015-08-24,1552.96,1570.64,1508.58,1513.0,335586.0,1513.0
2015-08-25,1428.71,1570.64,1406.57,1468.64,394187.0,1468.64
2015-08-26,1504.17,1521.92,1486.38,1486.38,248142.0,1486.38
2015-08-27,1521.92,1561.77,1517.5,1526.34,263017.0,1526.34
2015-08-28,1570.64,1575.22,1535.2,1552.96,351364.0,1552.96
2015-08-31,1561.77,1566.27,1521.92,1530.78,281948.0,1530.78
2015-09-01,1530.78,1530.78,1495.23,1495.23,289385.0,1495.23
2015-09-02,1468.64,1521.92,1450.92,1486.38,217714.0,1486.38
2015-09-03,1499.66,1508.58,1468.64,1468.64,194049.0,1468.64
2015-09-04,1473.04,1477.49,1419.9,1428.71,288484.0,1428.71
2015-09-07,1406.57,1424.25,1402.1,1415.43,179400.0,1415.43
2015-09-08,1419.9,1419.9,1393.22,1397.68,221094.0,1397.68
2015-09-09,1428.71,1450.92,1397.68,1450.92,281948.0,1450.92
2015-09-10,1424.25,1428.71,1393.22,1419.9,378860.0,1419.9
2015-09-11,1402.1,1446.41,1402.1,1428.71,226504.0,1428.71
2015-09-14,1450.92,1455.35,1410.92,1410.92,186613.0,1410.92
2015-09-15,1442.01,1442.01,1402.1,1415.43,322740.0,1415.43
2015-09-16,1424.25,1424.25,1402.1,1410.92,232590.0,1410.92
2015-09-17,1428.71,1455.35,1415.43,1446.41,231239.0,1446.41
2015-09-18,1437.6,1442.01,1419.9,1419.9,242280.0,1419.9
2015-09-24,1406.57,1428.71,1402.1,1402.1,392158.0,1402.1
2015-09-25,1402.1,1428.71,1397.68,1424.25,895202.0,1424.25
2015-09-28,1415.43,1428.71,1406.57,1419.9,282850.0,1419.9
2015-09-29,1402.1,1406.57,1353.28,1362.15,368494.0,1362.15
2015-09-30,1371.02,1428.71,1371.02,1415.43,264369.0,1415.43
2015-10-01,1424.25,1428.71,1402.1,1419.9,224700.0,1419.9
2015-10-02,1419.9,1450.92,1410.92,1446.41,284877.0,1446.41
2015-10-05,1508.58,1544.07,1486.38,1535.2,517694.0,1535.2
2015-10-06,1583.98,1597.28,1548.49,1570.64,699799.0,1570.64
2015-10-07,1535.2,1539.66,1495.23,1513.0,475097.0,1513.0
2015-10-08,1508.58,1513.0,1473.04,1490.84,364663.0,1490.84
2015-10-09,1495.23,1499.66,1455.35,1499.66,347307.0,1499.66
2015-10-13,1508.58,1517.5,1490.84,1504.17,196755.0,1504.17
2015-10-14,1490.84,1490.84,1464.27,1473.04,204417.0,1473.04
2015-10-15,1477.49,1481.96,1455.35,1481.96,197883.0,1481.96
2015-10-16,1477.49,1486.38,1464.27,1468.64,196305.0,1468.64
2015-10-19,1481.96,1486.38,1464.27,1473.04,173542.0,1473.04
2015-10-20,1477.49,1481.96,1424.25,1459.7,297500.0,1459.7
2015-10-21,1455.35,1473.04,1437.6,1468.64,152130.0,1468.64
2015-10-22,1468.64,1495.23,1459.7,1486.38,145144.0,1486.38
2015-10-23,1508.58,1508.58,1490.84,1508.58,142889.0,1508.58
2015-10-26,1513.0,1517.5,1499.66,1513.0,120805.0,1513.0
2015-10-27,1490.84,1504.17,1473.04,1490.84,265720.0,1490.84
2015-10-28,1486.38,1513.0,1477.49,1499.66,298399.0,1499.66
2015-10-29,1508.58,1517.5,1495.23,1508.58,203740.0,1508.58
2015-10-30,1517.5,1521.92,1499.66,1504.17,232138.0,1504.17
2015-11-02,1504.17,1513.0,1455.35,1473.04,447600.0,1473.04
2015-11-04,1490.84,1504.17,1468.64,1490.84,233493.0,1490.84
2015-11-05,1499.66,1530.78,1495.23,1521.92,300653.0,1521.92
2015-11-06,1526.34,1575.22,1526.34,1570.64,258960.0,1570.64
2015-11-09,1570.64,1583.98,1561.77,1579.53,151229.0,1579.53
2015-11-10,1561.77,1583.98,1557.38,1575.22,164751.0,1575.22
2015-11-11,1579.53,1610.61,1570.64,1597.28,236872.0,1597.28
2015-11-12,1597.28,1601.78,1570.64,1570.64,201037.0,1570.64
2015-11-13,1552.96,1557.38,1521.92,1535.2,326122.0,1535.2
2015-11-16,1508.58,1530.78,1499.66,1517.5,251971.0,1517.5
2015-11-17,1535.2,1539.66,1517.5,1526.34,161369.0,1526.34
2015-11-18,1530.78,1548.49,1530.78,1539.66,160918.0,1539.66
2015-11-19,1548.49,1552.96,1539.66,1548.49,112688.0,1548.49
2015-11-20,1548.49,1548.49,1521.92,1526.34,155734.0,1526.34
2015-11-24,1535.2,1535.2,1517.5,1521.92,98489.3,1521.92
2015-11-25,1517.5,1526.34,1504.17,1513.0,129817.0,1513.0
2015-11-26,1513.0,1526.34,1499.66,1517.5,110209.0,1517.5
2015-11-27,1513.0,1513.0,1490.84,1490.84,149425.0,1490.84
2015-11-30,1486.38,1486.38,1428.71,1459.7,331756.0,1459.7
2015-12-01,1464.27,1495.23,1464.27,1473.04,141537.0,1473.04
2015-12-02,1473.04,1481.96,1464.27,1473.04,164526.0,1473.04
2015-12-03,1464.27,1468.64,1455.35,1459.7,154834.0,1459.7
2015-12-04,1442.01,1450.92,1428.71,1428.71,155508.0,1428.71
2015-12-07,1446.41,1450.92,1437.6,1437.6,86546.9,1437.6
2015-12-08,1446.41,1459.7,1442.01,1450.92,54091.6,1450.92
2015-12-09,1455.35,1455.35,1424.25,1433.14,188416.0,1433.14
2015-12-10,1450.92,1464.27,1437.6,1455.35,215237.0,1455.35
2015-12-11,1442.01,1473.04,1442.01,1459.7,158216.0,1459.7
2015-12-14,1437.6,1464.27,1433.14,1450.92,102321.0,1450.92
2015-12-15,1442.01,1459.7,1419.9,1419.9,98038.0,1419.9
2015-12-16,1442.01,1442.01,1424.25,1442.01,72346.0,1442.01
2015-12-17,1450.92,1486.38,1450.92,1477.49,141311.0,1477.49
2015-12-18,1464.27,1486.38,1437.6,1437.6,235296.0,1437.6
2015-12-21,1424.25,1433.14,1397.68,1424.25,260087.0,1424.25
2015-12-22,1424.25,1442.01,1419.9,1433.14,249944.0,1433.14
2015-12-24,1442.01,1442.01,1424.25,1433.14,128012.0,1433.14
2015-12-25,1433.14,1433.14,1410.92,1415.43,101646.0,1415.43
2015-12-28,1415.43,1433.14,1402.1,1424.25,71669.6,1424.25
2015-12-29,1437.6,1446.41,1415.43,1446.41,96461.0,1446.41
2015-12-30,1446.41,1450.92,1428.71,1446.41,87220.3,1446.41
2016-01-04,1437.6,1437.6,1406.57,1415.43,198335.0,1415.43
2016-01-05,1406.57,1424.25,1388.77,1419.9,145369.0,1419.9
2016-01-06,1424.25,1442.01,1410.92,1428.71,171963.0,1428.71
2016-01-07,1415.43,1442.01,1415.43,1424.25,138158.0,1424.25
2016-01-08,1406.57,1415.43,1388.77,1397.68,202841.0,1397.68
2016-01-12,1379.92,1397.68,1353.28,1357.69,220421.0,1357.69
2016-01-13,1362.15,1393.22,1362.15,1388.77,217714.0,1388.77
2016-01-14,1357.69,1366.6,1339.99,1362.15,170386.0,1362.15
2016-01-15,1379.92,1388.77,1357.69,1362.15,179400.0,1362.15
2016-01-18,1331.06,1348.81,1322.19,1348.81,139059.0,1348.81
2016-01-19,1348.81,1371.02,1331.06,1362.15,139735.0,1362.15
2016-01-20,1353.28,1362.15,1322.19,1326.7,137704.0,1326.7
2016-01-21,1304.49,1339.99,1282.33,1286.69,184811.0,1286.69
2016-01-22,1308.91,1353.28,1304.49,1353.28,242056.0,1353.28
2016-01-25,1375.39,1402.1,1362.15,1393.22,196980.0,1393.22
2016-01-26,1362.15,1393.22,1353.28,1388.77,167679.0,1388.77
2016-01-27,1406.57,1415.43,1388.77,1406.57,107280.0,1406.57
2016-01-28,1384.36,1415.43,1375.39,1397.68,265046.0,1397.68
2016-01-29,1388.77,1424.25,1384.36,1424.25,222671.0,1424.25
2016-02-01,1419.9,1419.9,1362.15,1366.6,398693.0,1366.6
2016-02-02,1353.28,1397.68,1353.28,1379.92,224249.0,1379.92
2016-02-03,1344.39,1384.36,1344.39,1379.92,194950.0,1379.92
2016-02-04,1366.6,1371.02,1344.39,1348.81,169033.0,1348.81
2016-02-05,1335.52,1353.28,1313.32,1326.7,165654.0,1326.7
2016-02-08,1317.78,1353.28,1317.78,1348.81,103223.0,1348.81
2016-02-09,1313.32,1313.32,1273.36,1282.33,136128.0,1282.33
2016-02-10,1273.36,1282.33,1197.96,1224.63,220421.0,1224.63
2016-02-12,1180.21,1202.41,1158.1,1171.34,235745.0,1171.34
2016-02-15,1229.04,1286.69,1197.96,1229.04,186388.0,1229.04
2016-02-16,1242.38,1246.8,1220.13,1220.13,129142.0,1220.13
2016-02-17,1215.76,1233.45,1197.96,1224.63,106603.0,1224.63
2016-02-18,1237.92,1251.24,1224.63,1237.92,129142.0,1237.92
2016-02-19,1220.13,1237.92,1197.96,1233.45,113816.0,1233.45
2016-02-22,1211.3,1251.24,1211.3,1233.45,70091.6,1233.45
2016-02-23,1242.38,1251.24,1166.93,1180.21,227407.0,1180.21
2016-02-24,1180.21,1193.55,1158.1,1180.21,146495.0,1180.21
2016-02-25,1180.21,1211.3,1180.21,1206.83,106830.0,1206.83
2016-02-26,1215.76,1229.04,1206.83,1215.76,52512.6,1215.76
2016-02-29,1229.04,1237.92,1211.3,1215.76,154834.0,1215.76
2016-03-01,1215.76,1215.76,1175.81,1193.55,163851.0,1193.55
2016-03-02,1211.3,1220.13,1193.55,1220.13,184584.0,1220.13
2016-03-03,1211.3,1242.38,1211.3,1237.92,97815.9,1237.92
2016-03-04,1229.04,1264.54,1229.04,1255.66,114715.0,1255.66
2016-03-07,1260.12,1260.12,1242.38,1246.8,98489.3,1246.8
2016-03-08,1246.8,1251.24,1220.13,1233.45,99164.7,1233.45
2016-03-09,1224.63,1233.45,1206.83,1215.76,80687.2,1215.76
2016-03-10,1220.13,1237.92,1220.13,1233.45,69191.0,1233.45
2016-03-11,1224.63,1237.92,1211.3,1224.63,122832.0,1224.63
2016-03-14,1233.45,1255.66,1224.63,1246.8,116520.0,1246.8
2016-03-15,1251.24,1264.54,1246.8,1255.66,96461.0,1255.66
2016-03-16,1246.8,1251.24,1237.92,1242.38,117872.0,1242.38
2016-03-17,1246.8,1255.66,1229.04,1233.45,136579.0,1233.45
2016-03-18,1224.63,1229.04,1211.3,1215.76,144467.0,1215.76
2016-03-22,1229.04,1242.38,1224.63,1233.45,136579.0,1233.45
2016-03-23,1233.45,1273.36,1233.45,1273.36,151002.0,1273.36
2016-03-24,1269.0,1291.17,1269.0,1277.87,106603.0,1277.87
2016-03-25,1277.87,1286.69,1260.12,1260.12,82038.0,1260.12
2016-03-28,1260.12,1300.03,1260.12,1300.03,165427.0,1300.03
2016-03-29,1300.03,1304.54,1286.6,1295.62,55512.1,1295.62
2016-03-30,1291.12,1313.41,1291.12,1300.03,103413.0,1300.03
2016-03-31,1300.03,1304.54,1273.18,1273.18,82819.5,1273.18
2016-04-01,1268.77,1273.18,1241.97,1250.89,149075.0,1250.89
2016-04-04,1259.85,1291.12,1255.35,1286.6,135871.0,1286.6
2016-04-05,1277.74,1282.18,1246.43,1250.89,100280.0,1250.89
2016-04-06,1237.46,1241.97,1215.17,1228.55,96026.9,1228.55
2016-04-07,1215.17,1246.43,1210.66,1224.08,99608.9,1224.08
2016-04-08,1206.21,1255.35,1197.24,1237.46,118187.0,1237.46
2016-04-11,1228.55,1255.35,1224.08,1233.0,118410.0,1233.0
2016-04-12,1241.97,1255.35,1228.55,1237.46,124902.0,1237.46
2016-04-13,1237.46,1255.35,1228.55,1255.35,174596.0,1255.35
2016-04-14,1259.85,1286.6,1246.43,1286.6,209736.0,1286.6
2016-04-15,1273.18,1286.6,1264.31,1273.18,85954.2,1273.18
2016-04-18,1241.97,1250.89,1233.0,1250.89,132738.0,1250.89
2016-04-19,1264.31,1286.6,1259.85,1277.74,117068.0,1277.74
2016-04-20,1277.74,1295.62,1273.18,1286.6,95579.6,1286.6
2016-04-21,1300.03,1313.41,1295.62,1308.95,94684.1,1308.95
2016-04-22,1317.92,1442.97,1313.41,1434.02,543036.0,1434.02
2016-04-25,1420.67,1429.62,1367.06,1407.28,380527.0,1407.28
2016-04-26,1371.53,1411.7,1367.06,1407.28,354115.0,1407.28
2016-04-27,1402.83,1402.83,1367.06,1398.33,262787.0,1398.33
2016-04-28,1398.33,1420.67,1353.63,1353.63,221155.0,1353.63
2016-05-02,1331.29,1340.25,1308.95,1331.29,163852.0,1331.29
2016-05-06,1335.74,1344.72,1304.54,1313.41,109457.0,1313.41
2016-05-09,1326.88,1340.25,1317.92,1331.29,137214.0,1331.29
2016-05-10,1340.25,1362.59,1335.74,1358.09,92444.9,1358.09
2016-05-11,1367.06,1371.53,1349.17,1358.09,93565.5,1358.09
2016-05-12,1344.72,1358.09,1335.74,1353.63,94907.3,1353.63
2016-05-13,1344.72,1375.94,1326.88,1353.63,136094.0,1353.63
2016-05-16,1317.92,1380.48,1317.92,1344.72,190039.0,1344.72
2016-05-17,1344.72,1358.09,1335.74,1340.25,86178.4,1340.25
2016-05-18,1340.25,1344.72,1317.92,1326.88,109904.0,1326.88
2016-05-19,1331.29,1335.74,1295.62,1295.62,104534.0,1295.62
2016-05-20,1295.62,1322.34,1286.6,1317.92,94013.8,1317.92
2016-05-23,1308.95,1308.95,1282.18,1286.6,101400.0,1286.6
2016-05-24,1291.12,1295.62,1286.6,1291.12,61109.3,1291.12
2016-05-25,1304.54,1304.54,1282.18,1295.62,88414.6,1295.62
2016-05-26,1300.03,1313.41,1291.12,1308.95,62900.3,1308.95
2016-05-27,1313.41,1317.92,1295.62,1304.54,73643.3,1304.54
2016-05-30,1317.92,1322.34,1308.95,1322.34,28652.0,1322.34
2016-05-31,1331.29,1353.63,1322.34,1353.63,127812.0,1353.63
2016-06-01,1344.72,1344.72,1322.34,1326.88,85508.0,1326.88
2016-06-02,1326.88,1326.88,1308.95,1313.41,52604.5,1313.41
2016-06-03,1308.95,1317.92,1304.54,1313.41,38499.6,1313.41
2016-06-06,1300.03,1335.74,1300.03,1331.29,113038.0,1331.29
2016-06-07,1335.74,1389.36,1331.29,1384.94,187132.0,1384.94
2016-06-08,1384.94,1416.19,1371.53,1411.7,187802.0,1411.7
2016-06-09,1429.62,1509.98,1425.09,1469.82,570343.0,1469.82
2016-06-10,1460.83,1487.7,1442.97,1483.23,194293.0,1483.23
2016-06-13,1451.95,1474.28,1442.97,1442.97,153777.0,1442.97
2016-06-14,1447.47,1456.4,1429.62,1438.5,133856.0,1438.5
2016-06-16,1425.09,1425.09,1371.53,1380.48,224734.0,1380.48
2016-06-17,1380.48,1398.33,1362.59,1362.59,158928.0,1362.59
2016-06-20,1384.94,1393.87,1367.06,1384.94,114606.0,1384.94
2016-06-21,1380.48,1402.83,1375.94,1398.33,113262.0,1398.33
2016-06-22,1393.87,1429.62,1384.94,1416.19,211751.0,1416.19
2016-06-23,1416.19,1429.62,1407.28,1420.67,126244.0,1420.67
2016-06-24,1434.02,1438.5,1304.54,1317.92,149301.0,1317.92
2016-06-27,1340.25,1411.7,1340.25,1402.83,162731.0,1402.83
2016-06-28,1384.94,1416.19,1362.59,1402.83,167206.0,1402.83
2016-06-29,1407.28,1416.19,1380.48,1393.87,150418.0,1393.87
2016-06-30,1416.19,1416.19,1371.53,1380.48,104085.0,1380.48
2016-07-01,1398.33,1420.67,1389.36,1416.19,98041.0,1416.19
2016-07-04,1416.19,1420.67,1411.7,1420.67,49917.0,1420.67
2016-07-05,1420.67,1429.62,1411.7,1429.62,87522.1,1429.62
2016-07-06,1411.7,1429.62,1393.87,1429.62,95802.8,1429.62
2016-07-07,1429.62,1438.5,1411.7,1420.67,81029.5,1420.67
2016-07-08,1420.67,1420.67,1384.94,1384.94,75657.4,1384.94
2016-07-11,1420.67,1438.5,1420.67,1429.62,95802.8,1429.62
2016-07-12,1434.02,1447.47,1402.83,1402.83,98937.5,1402.83
2016-07-13,1411.7,1416.19,1384.94,1384.94,111694.0,1384.94
2016-07-14,1393.87,1420.67,1393.87,1411.7,73866.4,1411.7
2016-07-15,1411.7,1416.19,1375.94,1380.48,126917.0,1380.48
2016-07-19,1384.94,1425.09,1384.94,1425.09,87745.2,1425.09
2016-07-20,1416.19,1451.95,1416.19,1451.95,106324.0,1451.95
2016-07-21,1456.4,1483.23,1451.95,1460.83,151092.0,1460.83
2016-07-22,1456.4,1469.82,1442.97,1456.4,89760.4,1456.4
2016-07-25,1465.35,1465.35,1411.7,1416.19,128036.0,1416.19
2016-07-26,1407.28,1420.67,1398.33,1402.83,86849.7,1402.83
2016-07-27,1411.7,1425.09,1398.33,1402.83,80582.2,1402.83
2016-07-28,1438.5,1492.14,1429.62,1456.4,382542.0,1456.4
2016-07-29,1451.95,1469.82,1434.02,1460.83,107219.0,1460.83
2016-08-01,1478.74,1545.72,1442.97,1536.8,468720.0,1536.8
2016-08-02,1532.38,1532.38,1505.57,1523.41,179966.0,1523.41
2016-08-03,1496.6,1496.6,1451.95,1451.95,152883.0,1451.95
2016-08-04,1451.95,1460.83,1402.83,1416.19,175265.0,1416.19
2016-08-05,1438.5,1460.83,1429.62,1456.4,130946.0,1456.4
2016-08-08,1474.28,1487.7,1438.5,1451.95,178848.0,1451.95
2016-08-09,1465.35,1509.98,1465.35,1505.57,197874.0,1505.57
2016-08-10,1509.98,1581.49,1505.57,1550.23,329715.0,1550.23
2016-08-12,1559.14,1563.59,1536.8,1554.67,123783.0,1554.67
2016-08-15,1545.72,1554.67,1532.38,1536.8,50587.4,1536.8
2016-08-16,1536.8,1541.3,1509.98,1509.98,98713.4,1509.98
2016-08-17,1514.44,1550.23,1509.98,1541.3,134304.0,1541.3
2016-08-18,1523.41,1532.38,1483.23,1483.23,121544.0,1483.23
2016-08-19,1492.14,1523.41,1474.28,1518.97,163177.0,1518.97
2016-08-22,1518.97,1541.3,1518.97,1523.41,112369.0,1523.41
2016-08-23,1532.38,1554.67,1514.44,1532.38,133856.0,1532.38
2016-08-24,1527.83,1532.38,1505.57,1527.83,72971.9,1527.83
2016-08-25,1532.38,1536.8,1514.44,1514.44,55735.3,1514.44
2016-08-26,1514.44,1527.83,1505.57,1514.44,70510.6,1514.44
2016-08-29,1518.97,1523.41,1501.08,1505.57,87745.2,1505.57
2016-08-30,1505.57,1505.57,1496.6,1505.57,46559.1,1505.57
2016-08-31,1509.98,1518.97,1487.7,1509.98,111919.0,1509.98
2016-09-01,1518.97,1532.38,1505.57,1518.97,107219.0,1518.97
2016-09-02,1518.97,1536.8,1518.97,1523.41,86625.6,1523.41
2016-09-05,1536.8,1541.3,1509.98,1518.97,118859.0,1518.97
2016-09-06,1518.97,1527.83,1514.44,1527.83,55735.3,1527.83
2016-09-07,1532.38,1563.59,1523.41,1563.59,160270.0,1563.59
2016-09-08,1563.59,1572.56,1554.67,1563.59,115726.0,1563.59
2016-09-09,1572.56,1572.56,1550.23,1554.67,131170.0,1554.67
2016-09-12,1541.3,1563.59,1536.8,1550.23,98488.3,1550.23
2016-09-13,1563.59,1572.56,1554.67,1559.14,102070.0,1559.14
2016-09-14,1572.56,1585.99,1554.67,1559.14,153105.0,1559.14
2016-09-15,1554.67,1559.14,1532.38,1545.72,98488.3,1545.72
2016-09-16,1559.14,1581.49,1545.72,1572.56,189368.0,1572.56
2016-09-20,1568.1,1608.33,1568.1,1590.4,329715.0,1590.4
2016-09-21,1603.82,1626.17,1594.9,1621.71,234583.0,1621.71
2016-09-23,1635.13,1693.16,1626.17,1679.77,421488.0,1679.77
2016-09-26,1679.77,1711.07,1657.47,1684.23,276666.0,1684.23
2016-09-27,1666.35,1711.07,1666.35,1711.07,492223.0,1711.07
2016-09-28,1675.13,1693.07,1661.66,1688.61,219331.0,1688.61
2016-09-29,1675.13,1684.09,1652.64,1657.2,185707.0,1657.2
2016-09-30,1652.64,1657.2,1634.73,1634.73,188378.0,1634.73
2016-10-03,1648.14,1652.64,1625.7,1648.14,191274.0,1648.14
2016-10-04,1643.72,1675.13,1639.17,1666.13,152973.0,1666.13
2016-10-05,1666.13,1670.62,1648.14,1648.14,113339.0,1648.14
2016-10-06,1657.2,1657.2,1634.73,1648.14,103320.0,1648.14
2016-10-07,1648.14,1670.62,1639.17,1666.13,108662.0,1666.13
2016-10-11,1666.13,1693.07,1661.66,1688.61,114453.0,1688.61
2016-10-12,1679.6,1697.56,1670.62,1684.09,81942.1,1684.09
2016-10-13,1684.09,1693.07,1675.13,1684.09,81274.8,1684.09
2016-10-14,1679.6,1688.61,1666.13,1675.13,79493.9,1675.13
2016-10-17,1670.62,1693.07,1670.62,1688.61,96861.8,1688.61
2016-10-18,1675.13,1697.56,1670.62,1693.07,106657.0,1693.07
2016-10-19,1693.07,1702.07,1688.61,1697.56,101983.0,1697.56
2016-10-20,1697.56,1715.5,1697.56,1706.52,149189.0,1706.52
2016-10-21,1711.07,1715.5,1697.56,1697.56,120686.0,1697.56
2016-10-24,1693.07,1711.07,1688.61,1706.52,59676.7,1706.52
2016-10-25,1715.5,1715.5,1697.56,1706.52,99088.0,1706.52
2016-10-26,1733.51,1773.91,1697.56,1729.01,779125.0,1729.01
2016-10-27,1729.01,1764.96,1720.05,1747.04,266982.0,1747.04
2016-10-28,1760.44,1760.44,1720.05,1733.51,216880.0,1733.51
2016-10-31,1737.97,1737.97,1711.07,1715.5,135161.0,1715.5
2016-11-01,1711.07,1711.07,1679.6,1688.61,158986.0,1688.61
2016-11-02,1661.66,1742.47,1661.66,1737.97,331778.0,1737.97
2016-11-04,1742.47,1836.81,1720.05,1823.33,625928.0,1823.33
2016-11-07,1818.79,1859.23,1791.89,1854.74,376313.0,1854.74
2016-11-08,1854.74,1859.23,1827.8,1841.27,199069.0,1841.27
2016-11-09,1859.23,1863.75,1778.43,1809.82,329329.0,1809.82
2016-11-10,1850.33,1863.75,1805.32,1814.37,226233.0,1814.37
2016-11-11,1814.37,1814.37,1747.04,1760.44,230019.0,1760.44
2016-11-14,1778.43,1796.35,1769.43,1782.84,100202.0,1782.84
2016-11-15,1796.35,1796.35,1769.43,1787.39,98865.8,1787.39
2016-11-16,1791.89,1791.89,1773.91,1787.39,119352.0,1787.39
2016-11-17,1791.89,1809.82,1773.91,1782.84,150526.0,1782.84
2016-11-18,1791.89,1791.89,1769.43,1787.39,91294.9,1787.39
2016-11-21,1778.43,1787.39,1773.91,1773.91,149634.0,1773.91
2016-11-22,1782.84,1809.82,1773.91,1778.43,235364.0,1778.43
2016-11-24,1787.39,1791.89,1773.91,1787.39,105991.0,1787.39
2016-11-25,1778.43,1782.84,1742.47,1755.94,229574.0,1755.94
2016-11-28,1769.43,1809.82,1764.96,1787.39,178360.0,1787.39
2016-11-29,1796.35,1800.86,1773.91,1787.39,133156.0,1787.39
2016-11-30,1791.89,1796.35,1778.43,1787.39,175688.0,1787.39
2016-12-01,1805.32,1809.82,1778.43,1787.39,161881.0,1787.39
2016-12-02,1782.84,1787.39,1773.91,1787.39,162103.0,1787.39
2016-12-05,1791.89,1791.89,1755.94,1755.94,151193.0,1755.94
2016-12-06,1782.84,1782.84,1737.97,1747.04,136942.0,1747.04
2016-12-07,1742.47,1747.04,1720.05,1737.97,164332.0,1737.97
2016-12-08,1747.04,1773.91,1729.01,1773.91,164332.0,1773.91
2016-12-09,1755.94,1773.91,1747.04,1769.43,142510.0,1769.43
2016-12-12,1769.43,1778.43,1751.45,1773.91,203297.0,1773.91
2016-12-13,1769.43,1787.39,1760.44,1782.84,235141.0,1782.84
2016-12-14,1787.39,1814.37,1769.43,1778.43,300383.0,1778.43
2016-12-15,1778.43,1787.39,1764.96,1787.39,141174.0,1787.39
2016-12-16,1796.35,1805.32,1782.84,1791.89,182365.0,1791.89
2016-12-19,1796.35,1814.37,1787.39,1800.86,156315.0,1800.86
2016-12-20,1796.35,1832.3,1791.89,1823.33,216213.0,1823.33
2016-12-21,1832.3,1841.27,1827.8,1832.3,214654.0,1832.3
2016-12-22,1841.27,1868.25,1805.32,1814.37,256963.0,1814.37
2016-12-26,1823.33,1845.77,1814.37,1832.3,142286.0,1832.3
2016-12-27,1854.74,1868.25,1845.77,1845.77,256963.0,1845.77
2016-12-28,1859.23,1895.19,1854.74,1872.71,163884.0,1872.71
2016-12-29,1877.22,1886.14,1850.33,1863.75,146741.0,1863.75
2016-12-30,1863.75,1877.22,1845.77,1868.25,72367.2,1868.25
2017-01-04,1881.73,1904.14,1863.75,1868.25,222669.0,1868.25
2017-01-05,1872.71,1917.66,1868.25,1908.62,268317.0,1908.62
2017-01-06,1917.66,1971.56,1895.19,1908.62,352934.0,1908.62
2017-01-10,1908.62,1944.57,1863.75,1886.14,330444.0,1886.14
2017-01-11,1886.14,1922.08,1868.25,1904.14,167002.0,1904.14
2017-01-12,1904.14,1904.14,1868.25,1872.71,156761.0,1872.71
2017-01-13,1872.71,1922.08,1872.71,1904.14,187044.0,1904.14
2017-01-16,1895.19,1926.65,1895.19,1899.65,89514.0,1899.65
2017-01-17,1895.19,1895.19,1854.74,1863.75,157205.0,1863.75
2017-01-18,1845.77,1881.73,1845.77,1872.71,139837.0,1872.71
2017-01-19,1872.71,1895.19,1868.25,1868.25,83056.7,1868.25
2017-01-20,1863.75,1886.14,1850.33,1872.71,115789.0,1872.71
2017-01-23,1841.27,1845.77,1809.82,1832.3,198176.0,1832.3
2017-01-24,1827.8,1859.23,1818.79,1827.8,171011.0,1827.8
2017-01-25,1827.8,1845.77,1809.82,1832.3,133601.0,1832.3
2017-01-26,1832.3,1836.81,1814.37,1832.3,113116.0,1832.3
2017-01-27,1836.81,1845.77,1827.8,1836.81,64798.3,1836.81
2017-01-30,1841.27,1850.33,1814.37,1827.8,123136.0,1827.8
2017-01-31,1971.56,1989.43,1917.66,1980.5,660886.0,1980.5
2017-02-01,1985.03,1993.99,1944.57,1989.43,398805.0,1989.43
2017-02-02,1975.97,1989.43,1958.03,1967.05,230909.0,1967.05
2017-02-03,1958.03,1980.5,1926.65,1953.58,219554.0,1953.58
2017-02-06,1949.06,1989.43,1917.66,1935.59,226011.0,1935.59
2017-02-07,1917.66,1958.03,1917.66,1958.03,226680.0,1958.03
2017-02-08,1953.58,1967.05,1926.65,1962.54,158542.0,1962.54
2017-02-09,1967.05,2007.44,1958.03,1985.03,227571.0,1985.03
2017-02-10,1989.43,1989.43,1958.03,1962.54,109109.0,1962.54
2017-02-13,1985.03,1985.03,1962.54,1967.05,122470.0,1967.05
2017-02-14,1980.5,1980.5,1949.06,1949.06,102650.0,1949.06
2017-02-15,1962.54,1962.54,1944.57,1958.03,91964.3,1958.03
2017-02-16,1967.05,1985.03,1958.03,1971.56,126922.0,1971.56
2017-02-17,1962.54,1985.03,1949.06,1980.5,90627.6,1980.5
2017-02-20,1980.5,2020.92,1980.5,2016.47,232469.0,2016.47
2017-02-21,2016.47,2020.92,2007.44,2011.91,140505.0,2011.91
2017-02-22,2025.38,2047.87,2011.91,2020.92,139392.0,2020.92
2017-02-23,2025.38,2038.89,2011.91,2020.92,114453.0,2020.92
2017-02-24,2038.89,2079.26,2029.93,2052.37,257630.0,2052.37
2017-02-27,2038.89,2065.78,2029.93,2047.87,154977.0,2047.87
2017-02-28,2043.36,2047.87,2020.92,2034.38,186153.0,2034.38
2017-03-01,2029.93,2047.87,2016.47,2038.89,128703.0,2038.89
2017-03-02,2056.86,2061.33,2029.93,2043.36,117346.0,2043.36
2017-03-03,2034.38,2038.89,2011.91,2020.92,125141.0,2020.92
2017-03-06,2011.91,2025.38,2002.95,2020.92,97754.3,2020.92
2017-03-07,2025.38,2061.33,2025.38,2061.33,97974.4,2061.33
2017-03-08,2074.84,2106.24,2070.33,2092.74,229352.0,2092.74
2017-03-09,2119.75,2164.63,2119.75,2151.15,328660.0,2151.15
2017-03-10,2173.63,2191.57,2160.17,2187.1,255403.0,2187.1
2017-03-13,2218.5,2231.97,2191.57,2205.04,273439.0,2205.04
2017-03-14,2209.55,2258.9,2205.04,2240.98,317751.0,2240.98
2017-03-15,2245.49,2254.45,2209.55,2214.0,166334.0,2214.0
2017-03-16,2200.58,2236.48,2187.1,2227.52,115564.0,2227.52
2017-03-17,2218.5,2223.07,2200.58,2223.07,124249.0,2223.07
2017-03-21,2258.9,2281.4,2236.48,2276.93,340686.0,2276.93
2017-03-22,2285.85,2294.87,2249.96,2249.96,231577.0,2249.96
2017-03-23,2245.49,2254.45,2223.07,2240.98,143622.0,2240.98
2017-03-24,2236.48,2240.98,2205.04,2209.55,206192.0,2209.55
2017-03-27,2191.57,2236.48,2191.57,2227.52,175242.0,2227.52
2017-03-28,2240.98,2263.47,2223.07,2263.47,228237.0,2263.47
2017-03-29,2258.9,2290.5,2254.42,2281.5,143718.0,2281.5
2017-03-30,2276.98,2285.94,2218.32,2227.39,159242.0,2227.39
2017-03-31,2227.39,2258.9,2213.81,2218.32,206260.0,2218.32
2017-04-03,2222.88,2254.42,2222.88,2240.89,143274.0,2240.89
2017-04-04,2245.4,2249.91,2191.29,2195.81,237312.0,2195.81
2017-04-05,2209.36,2236.38,2186.79,2195.81,272352.0,2195.81
2017-04-06,2186.79,2204.8,2141.7,2146.19,198275.0,2146.19
2017-04-07,2146.19,2209.36,2137.17,2195.81,277899.0,2195.81
2017-04-10,2227.39,2240.89,2195.81,2213.81,301186.0,2213.81
2017-04-11,2213.81,2236.38,2195.81,2222.88,324695.0,2222.88
2017-04-12,2236.38,2236.38,2209.36,2231.84,297638.0,2231.84
2017-04-13,2227.39,2249.91,2222.88,2245.4,234428.0,2245.4
2017-04-14,2245.4,2263.47,2227.39,2240.89,223783.0,2240.89
2017-04-17,2245.4,2258.9,2227.39,2258.9,208036.0,2258.9
2017-04-18,2258.9,2258.9,2213.81,2222.88,239308.0,2222.88
2017-04-19,2213.81,2276.98,2213.81,2272.42,240195.0,2272.42
2017-04-20,2276.98,2276.98,2236.38,2254.42,146381.0,2254.42
2017-04-21,2249.91,2290.5,2245.4,2281.5,192068.0,2281.5
2017-04-24,2299.45,2317.53,2290.5,2304.01,174989.0,2304.01
2017-04-25,2313.02,2317.53,2267.93,2281.5,286105.0,2281.5
2017-04-26,2290.5,2308.52,2276.98,2299.45,182087.0,2299.45
2017-04-27,2322.03,2326.58,2290.5,2322.03,391011.0,2322.03
2017-04-28,2322.03,2322.03,2285.94,2317.53,288766.0,2317.53
2017-05-01,2317.53,2353.61,2317.53,2335.55,219124.0,2335.55
2017-05-02,2335.55,2335.55,2281.5,2285.94,288989.0,2285.94
2017-05-08,2322.03,2349.11,2317.53,2344.6,299855.0,2344.6
2017-05-09,2340.08,2380.68,2340.08,2362.61,257717.0,2362.61
2017-05-10,2394.21,2448.3,2394.21,2434.79,453776.0,2434.79
2017-05-11,2439.25,2443.79,2380.68,2394.21,243299.0,2394.21
2017-05-12,2394.21,2394.21,2362.61,2380.68,153697.0,2380.68
2017-05-15,2385.19,2430.24,2245.4,2308.52,710163.0,2308.52
2017-05-16,2290.5,2398.71,2290.5,2344.6,530516.0,2344.6
2017-05-17,2362.61,2425.75,2362.61,2412.21,404982.0,2412.21
2017-05-18,2367.17,2439.25,2358.12,2430.24,311833.0,2430.24
2017-05-19,2439.25,2502.4,2439.25,2466.32,382140.0,2466.32
2017-05-22,2488.85,2538.48,2479.84,2524.94,284995.0,2524.94
2017-05-23,2542.96,2597.06,2538.48,2556.51,522309.0,2556.51
2017-05-24,2570.02,2673.73,2570.02,2669.23,567332.0,2669.23
2017-05-25,2687.24,2723.34,2646.66,2678.3,530516.0,2678.3
2017-05-26,2669.23,2673.73,2628.65,2628.65,275236.0,2628.65
2017-05-29,2651.17,2687.24,2637.64,2673.73,196947.0,2673.73
2017-05-30,2691.79,2754.87,2687.24,2750.37,414077.0,2750.37
2017-05-31,2759.41,2790.96,2732.34,2781.91,395668.0,2781.91
2017-06-01,2795.51,2813.53,2777.45,2809.02,303405.0,2809.02
2017-06-02,2809.02,2854.09,2777.45,2822.54,406979.0,2822.54
2017-06-05,2827.05,2912.73,2817.99,2908.17,279006.0,2908.17
2017-06-06,2930.74,2953.31,2903.67,2912.73,356411.0,2912.73
2017-06-07,2926.23,2935.25,2881.14,2894.66,250621.0,2894.66
2017-06-08,2894.66,2894.66,2849.61,2854.09,296308.0,2854.09
2017-06-09,2845.07,2854.09,2804.48,2827.05,344435.0,2827.05
2017-06-12,2817.99,2885.61,2790.96,2872.1,267475.0,2872.1
2017-06-13,2876.64,2921.7,2876.64,2894.66,221565.0,2894.66
2017-06-14,2894.66,2899.17,2836.05,2845.07,306510.0,2845.07
2017-06-15,2854.09,2894.66,2822.54,2885.61,235093.0,2885.61
2017-06-16,2903.67,2921.7,2872.1,2885.61,276568.0,2885.61
2017-06-19,2867.64,2912.73,2863.11,2881.14,192732.0,2881.14
2017-06-20,2930.74,3052.46,2921.7,3047.98,622114.0,3047.98
2017-06-21,3070.55,3120.09,3034.46,3038.95,389680.0,3038.95
2017-06-22,3038.95,3102.09,3007.39,3084.05,301853.0,3084.05
2017-06-23,3088.56,3088.56,3038.95,3043.47,213803.0,3043.47
2017-06-26,3043.47,3093.02,3043.47,3079.5,174546.0,3079.5
2017-06-27,3084.05,3093.02,3052.46,3065.99,159021.0,3065.99
2017-06-28,3047.98,3052.46,2993.86,2993.86,199831.0,2993.86
2017-06-29,3020.94,3052.46,2998.37,3007.39,297862.0,3007.39
2017-06-30,2971.29,2984.84,2939.76,2975.8,255941.0,2975.8
2017-07-03,2971.29,3020.94,2966.83,2989.3,162124.0,2989.3
2017-07-04,2993.86,2993.86,2872.1,2885.61,296085.0,2885.61
2017-07-05,2872.1,2890.15,2817.99,2890.15,291427.0,2890.15
2017-07-06,2890.15,2935.25,2885.61,2903.67,209367.0,2903.67
2017-07-07,2903.67,2930.74,2899.17,2921.7,184082.0,2921.7
2017-07-10,2935.25,2962.28,2935.25,2957.76,192509.0,2957.76
2017-07-11,2966.83,3115.6,2953.31,3111.08,490149.0,3111.08
2017-07-12,3129.13,3187.76,3047.98,3079.5,402099.0,3079.5
2017-07-13,3106.57,3120.09,3070.55,3093.02,182974.0,3093.02
2017-07-14,3088.56,3120.09,3075.01,3111.08,137063.0,3111.08
2017-07-18,3106.57,3106.57,3065.99,3084.05,107786.0,3084.05
2017-07-19,3084.05,3196.74,3084.05,3169.7,287879.0,3169.7
2017-07-20,3205.77,3241.87,3147.13,3165.2,205375.0,3165.2
2017-07-21,3160.68,3187.76,3151.68,3183.21,138838.0,3183.21
2017-07-24,3183.21,3205.77,3156.18,3205.77,159908.0,3205.77
2017-07-25,3219.3,3219.3,3165.2,3183.21,168335.0,3183.21
2017-07-26,3183.21,3183.21,3065.99,3093.02,347541.0,3093.02
2017-07-27,3093.02,3151.68,3093.02,3133.62,188963.0,3133.62
2017-07-28,3178.71,3241.87,3156.18,3187.76,458433.0,3187.76
2017-07-31,3196.74,3210.28,3160.68,3174.25,230437.0,3174.25
2017-08-01,3178.71,3187.76,3111.08,3147.13,306066.0,3147.13
2017-08-02,3147.13,3147.13,3016.38,3029.92,584855.0,3029.92
2017-08-03,2993.86,3075.01,2989.3,3065.99,300967.0,3065.99
2017-08-04,3065.99,3124.64,3061.49,3097.58,208258.0,3097.58
2017-08-07,3088.56,3088.56,3002.88,3011.88,303626.0,3011.88
2017-08-08,3011.88,3029.92,2971.29,2975.8,195837.0,2975.8
2017-08-09,2966.83,2971.29,2921.7,2957.76,271468.0,2957.76
2017-08-10,2957.76,3038.95,2944.25,3038.95,287879.0,3038.95
2017-08-14,3034.46,3052.46,2980.36,3029.92,248400.0,3029.92
2017-08-15,3075.01,3196.74,3075.01,3183.21,435811.0,3183.21
2017-08-16,3169.7,3169.7,3093.02,3111.08,324917.0,3111.08
2017-08-17,3088.56,3102.09,3002.88,3007.39,290983.0,3007.39
2017-08-18,2966.83,3029.92,2957.76,3011.88,271468.0,3011.88
2017-08-21,2971.29,2989.3,2912.73,2953.31,325139.0,2953.31
2017-08-22,2953.31,2998.37,2948.77,2953.31,186524.0,2953.31
2017-08-23,2998.37,3016.38,2975.8,3007.39,196725.0,3007.39
2017-08-24,2993.86,3016.38,2989.3,2993.86,150372.0,2993.86
2017-08-25,3007.39,3038.95,2966.83,3029.92,204487.0,3029.92
2017-08-28,3025.39,3047.98,3011.88,3038.95,107567.0,3038.95
2017-08-29,3002.88,3029.92,2980.36,3011.88,167227.0,3011.88
2017-08-30,3034.46,3061.49,3025.39,3043.47,201827.0,3043.47
2017-08-31,3084.05,3120.09,3047.98,3070.55,258603.0,3070.55
2017-09-01,3088.56,3088.56,3038.95,3061.49,119321.0,3061.49
2017-09-04,3038.95,3038.95,2984.84,2989.3,156803.0,2989.3
2017-09-05,2989.3,3011.88,2939.76,2939.76,164344.0,2939.76
2017-09-06,2921.7,3029.92,2908.17,2998.37,229992.0,2998.37
2017-09-07,2993.86,3007.39,2944.25,2953.31,163899.0,2953.31
2017-09-08,2971.29,2984.84,2948.77,2975.8,170112.0,2975.8
2017-09-11,3102.09,3237.32,3097.58,3237.32,794443.0,3237.32
2017-09-12,3259.89,3318.48,3219.3,3313.99,419843.0,3313.99
2017-09-13,3336.51,3426.71,3304.97,3404.14,304291.0,3404.14
2017-09-14,3422.21,3480.8,3408.68,3435.77,338448.0,3435.77
2017-09-15,3386.11,3467.3,3381.6,3467.3,360404.0,3467.3
2017-09-19,3525.91,3625.11,3480.8,3503.39,258159.0,3503.39
2017-09-20,3480.8,3494.33,3431.21,3435.77,269473.0,3435.77
2017-09-21,3489.82,3516.91,3444.71,3489.82,433151.0,3489.82
2017-09-22,3485.31,3507.83,3399.67,3435.77,306954.0,3435.77
2017-09-25,3485.31,3485.31,3440.21,3471.74,280782.0,3471.74
2017-09-26,3480.8,3480.8,3435.77,3444.71,339557.0,3444.71
2017-09-27,3435.72,3458.29,3381.49,3404.04,237355.0,3404.04
2017-09-28,3404.04,3404.04,3340.73,3367.87,340214.0,3367.87
2017-09-29,3367.87,3444.71,3358.87,3440.21,298849.0,3440.21
2017-10-02,3458.29,3485.41,3408.59,3426.67,207712.0,3426.67
2017-10-03,3458.29,3521.6,3440.21,3517.09,277836.0,3517.09
2017-10-04,3485.41,3489.97,3417.6,3444.71,360123.0,3444.71
2017-10-05,3444.71,3544.19,3426.67,3494.47,268323.0,3494.47
2017-10-06,3471.84,3498.98,3440.21,3453.79,152853.0,3453.79
2017-10-10,3453.79,3535.16,3453.79,3498.98,243547.0,3498.98
2017-10-11,3548.69,3571.31,3508.02,3521.6,250184.0,3521.6
2017-10-12,3544.19,3634.63,3544.19,3621.06,370520.0,3621.06
2017-10-13,3639.13,3693.37,3575.82,3584.88,284249.0,3584.88
2017-10-16,3553.26,3562.27,3467.34,3480.9,351718.0,3480.9
2017-10-17,3503.52,3508.02,3435.72,3449.28,318096.0,3449.28
2017-10-18,3449.28,3480.9,3399.54,3417.6,217889.0,3417.6
2017-10-19,3413.1,3440.21,3363.36,3395.03,265668.0,3395.03
2017-10-20,3386.0,3404.04,3354.32,3381.49,224525.0,3381.49
2017-10-23,3417.6,3422.16,3381.49,3386.0,183601.0,3386.0
2017-10-24,3390.48,3422.16,3381.49,3399.54,172761.0,3399.54
2017-10-25,3413.1,3422.16,3268.43,3295.56,936366.0,3295.56
2017-10-26,3268.43,3381.49,3254.88,3354.32,421177.0,3354.32
2017-10-27,3376.92,3399.54,3336.23,3340.73,281817.0,3340.73
2017-10-30,3327.19,3349.81,3309.12,3349.81,247088.0,3349.81
2017-10-31,3336.23,3354.32,3313.64,3349.81,213465.0,3349.81
2017-11-01,3367.87,3413.1,3318.18,3399.54,383792.0,3399.54
2017-11-02,3467.34,3503.52,3395.03,3417.6,447722.0,3417.6
2017-11-06,3435.72,3440.21,3390.48,3408.59,291770.0,3408.59
2017-11-07,3390.48,3399.54,3327.19,3345.3,226517.0,3345.3
2017-11-08,3376.92,3426.67,3336.23,3422.16,264344.0,3422.16
2017-11-09,3413.1,3467.34,3363.36,3408.59,277836.0,3408.59
2017-11-10,3358.87,3426.67,3354.32,3390.48,208598.0,3390.48
2017-11-13,3390.48,3399.54,3358.87,3386.0,144005.0,3386.0
2017-11-14,3426.67,3449.28,3408.59,3422.16,220985.0,3422.16
2017-11-15,3404.04,3422.16,3322.67,3340.73,210587.0,3340.73
2017-11-16,3322.67,3390.48,3322.67,3381.49,178292.0,3381.49
2017-11-17,3413.1,3413.1,3363.36,3381.49,141571.0,3381.49
2017-11-20,3386.0,3462.84,3367.87,3458.29,168116.0,3458.29
2017-11-21,3485.41,3566.82,3480.9,3553.26,327162.0,3553.26
2017-11-22,3571.31,3575.82,3494.47,3494.47,138252.0,3494.47
2017-11-24,3471.84,3503.52,3462.84,3489.97,72557.0,3489.97
2017-11-27,3498.98,3512.53,3458.29,3458.29,91358.6,3458.29
2017-11-28,3458.29,3494.47,3431.17,3467.34,151084.0,3467.34
2017-11-29,3458.29,3512.53,3444.71,3508.02,111267.0,3508.02
2017-11-30,3512.53,3539.71,3453.79,3530.64,200192.0,3530.64
2017-12-01,3548.69,3566.82,3517.09,3553.26,154181.0,3553.26
2017-12-04,3548.69,3616.51,3539.71,3598.43,217889.0,3598.43
2017-12-05,3661.74,3788.29,3593.94,3774.73,503689.0,3774.73
2017-12-06,3747.61,3914.89,3657.25,3788.29,667824.0,3788.29
2017-12-07,3788.29,3819.96,3706.94,3783.77,254166.0,3783.77
2017-12-08,3729.54,3838.03,3729.54,3829.03,189574.0,3829.03
2017-12-11,3878.7,3901.32,3810.9,3860.64,188687.0,3860.64
2017-12-12,3842.59,3847.09,3725.06,3761.17,237132.0,3761.17
2017-12-13,3747.61,3774.73,3725.06,3734.03,154844.0,3734.03
2017-12-14,3734.03,3756.65,3715.96,3734.03,130955.0,3734.03
2017-12-15,3725.06,3734.03,3675.29,3688.86,211694.0,3688.86
2017-12-18,3715.96,3725.06,3639.13,3657.25,207934.0,3657.25
2017-12-19,3679.8,3743.1,3670.81,3715.96,172541.0,3715.96
2017-12-20,3756.65,3851.58,3725.06,3833.53,287567.0,3833.53
2017-12-21,3824.47,3842.59,3783.77,3783.77,173868.0,3783.77
2017-12-22,3788.29,3815.46,3725.06,3729.54,175196.0,3729.54
2017-12-25,3743.1,3747.61,3706.94,3738.6,139137.0,3738.6
2017-12-26,3774.73,3792.85,3725.06,3729.54,114584.0,3729.54
2017-12-27,3738.6,3765.73,3711.47,3738.6,98658.9,3738.6
2017-12-28,3747.61,3752.16,3684.37,3693.37,115028.0,3693.37
2017-12-29,3697.93,3756.65,3675.29,3738.6,133387.0,3738.6
2018-01-04,3743.1,3765.73,3684.37,3720.49,178073.0,3720.49
2018-01-05,3725.06,3725.06,3679.8,3688.86,183601.0,3688.86
2018-01-09,3688.86,3761.17,3679.8,3752.16,178734.0,3752.16
2018-01-10,3747.61,3747.61,3711.47,3725.06,97552.4,3725.06
2018-01-11,3702.43,3815.46,3693.37,3774.73,241778.0,3774.73
2018-01-12,3734.03,3761.17,3657.25,3661.74,247309.0,3661.74
2018-01-15,3661.74,3711.47,3657.25,3679.8,159047.0,3679.8
2018-01-16,3679.8,3743.1,3670.81,3734.03,108390.0,3734.03
2018-01-17,3738.6,3765.73,3657.25,3670.81,222975.0,3670.81
2018-01-18,3630.07,3643.63,3530.64,3589.4,327386.0,3589.4
2018-01-19,3571.31,3666.25,3571.31,3639.13,259917.0,3639.13
2018-01-22,3652.68,3652.68,3598.43,3607.49,159709.0,3607.49
2018-01-23,3607.49,3634.63,3593.94,3621.06,184044.0,3621.06
2018-01-24,3616.51,3652.68,3535.16,3562.27,268323.0,3562.27
2018-01-25,3300.06,3395.03,3205.13,3363.36,908274.0,3363.36
2018-01-26,3376.92,3480.9,3376.92,3426.67,550584.0,3426.67
2018-01-29,3417.6,3453.79,3386.0,3435.72,171656.0,3435.72
2018-01-30,3444.71,3449.28,3372.43,3404.04,235365.0,3404.04
2018-01-31,3404.04,3462.84,3367.87,3367.87,252840.0,3367.87
2018-02-01,3381.49,3449.28,3372.43,3444.71,164576.0,3444.71
2018-02-02,3435.72,3480.9,3408.59,3471.84,232266.0,3471.84
2018-02-05,3367.87,3399.54,3137.34,3164.47,587304.0,3164.47
2018-02-06,3006.25,3010.75,2857.09,2938.45,560316.0,2938.45
2018-02-07,3064.99,3087.59,2915.83,2920.32,343753.0,2920.32
2018-02-08,2915.83,2952.0,2902.26,2924.87,202624.0,2924.87
2018-02-09,2816.35,2852.51,2802.79,2843.52,227619.0,2843.52
2018-02-13,2888.71,2888.71,2807.34,2816.35,193334.0,2816.35
2018-02-14,2816.35,2838.97,2789.22,2807.34,242222.0,2807.34
2018-02-15,2834.46,2879.64,2820.9,2834.46,176522.0,2834.46
2018-02-16,2866.08,2933.88,2866.08,2920.32,226517.0,2920.32
2018-02-19,2938.45,3010.75,2915.83,3001.73,223419.0,3001.73
2018-02-20,3010.75,3019.81,2952.0,2988.18,188024.0,2988.18
2018-02-21,2979.13,3051.42,2961.01,3019.81,189574.0,3019.81
2018-02-22,2979.13,2979.13,2920.32,2942.93,166346.0,2942.93
2018-02-23,2924.87,2952.0,2875.15,2911.34,249298.0,2911.34
2018-02-26,2933.88,2933.88,2875.15,2920.32,192670.0,2920.32
2018-02-27,2938.45,2942.93,2875.15,2888.71,149314.0,2888.71
2018-02-28,2888.71,2942.93,2879.64,2915.83,274076.0,2915.83
2018-03-01,2888.71,2888.71,2843.52,2875.15,203287.0,2875.15
2018-03-02,2802.79,2857.09,2798.29,2843.52,204837.0,2843.52
2018-03-05,2816.35,2843.52,2789.22,2789.22,191344.0,2789.22
2018-03-06,2762.1,2793.77,2689.8,2703.37,547708.0,2703.37
2018-03-07,2689.8,2721.43,2662.68,2676.24,298849.0,2676.24
2018-03-08,2689.8,2694.31,2603.89,2608.42,228728.0,2608.42
2018-03-09,2653.63,2725.98,2649.12,2712.4,415426.0,2712.4
2018-03-12,2753.1,2771.17,2712.4,2725.98,227179.0,2725.98
2018-03-13,2712.4,2784.72,2712.4,2757.6,165906.0,2757.6
2018-03-14,2734.97,2775.66,2721.43,2748.55,272748.0,2748.55
2018-03-15,2757.6,2762.1,2716.91,2730.5,214347.0,2730.5
2018-03-16,2725.98,2775.66,2721.43,2757.6,289779.0,2757.6
2018-03-19,2725.98,2744.05,2676.24,2721.43,183381.0,2721.43
2018-03-20,2712.4,2744.05,2698.85,2734.97,193334.0,2734.97
2018-03-22,2757.6,2766.65,2712.4,2716.91,211254.0,2716.91
2018-03-23,2626.51,2667.19,2621.99,2630.99,266112.0,2630.99
2018-03-26,2612.94,2685.25,2594.88,2685.25,266774.0,2685.25
2018-03-27,2703.37,2757.6,2671.68,2757.6,259477.0,2757.6
2018-03-28,2725.75,2748.51,2671.15,2702.98,277991.0,2702.98
2018-03-29,2721.19,2753.06,2671.15,2698.45,216680.0,2698.45
2018-03-30,2707.54,2848.62,2707.54,2775.81,385231.0,2775.81
2018-04-02,2803.09,2807.67,2743.95,2775.81,167673.0,2775.81
2018-04-03,2753.06,2780.34,2748.51,2762.14,179101.0,2762.14
2018-04-04,2743.95,2780.34,2712.1,2757.6,189209.0,2757.6
2018-04-05,2794.01,2839.5,2766.7,2834.96,172727.0,2834.96
2018-04-06,2853.16,2885.02,2816.76,2853.16,213382.0,2853.16
2018-04-09,2839.5,2848.62,2807.67,2834.96,136689.0,2834.96
2018-04-10,2834.96,2898.66,2816.76,2816.76,162621.0,2816.76
2018-04-11,2812.22,2816.76,2730.3,2762.14,231183.0,2762.14
2018-04-12,2734.86,2798.54,2725.75,2775.81,257333.0,2775.81
2018-04-13,2762.14,2762.14,2707.54,2707.54,314911.0,2707.54
2018-04-16,2712.1,2734.86,2707.54,2721.19,150092.0,2721.19
2018-04-17,2730.3,2739.4,2707.54,2716.64,133831.0,2716.64
2018-04-18,2716.64,2771.27,2716.64,2753.06,129655.0,2753.06
2018-04-19,2757.6,2862.27,2753.06,2834.96,229204.0,2834.96
2018-04-20,2825.86,2866.82,2789.47,2807.67,194483.0,2807.67
2018-04-23,2812.22,2821.3,2780.34,2812.22,125919.0,2812.22
2018-04-24,2794.01,2821.3,2789.47,2812.22,167234.0,2812.22
2018-04-25,2830.41,2875.92,2830.41,2871.36,145257.0,2871.36
2018-04-26,2848.62,2962.38,2803.09,2944.17,533787.0,2944.17
2018-04-27,2957.81,3048.85,2903.21,3044.27,417099.0,3044.27
2018-05-01,3035.18,3035.18,2898.66,2930.53,290957.0,2930.53
2018-05-02,2912.33,2921.41,2789.47,2830.41,382376.0,2830.41
2018-05-07,2825.86,2866.82,2825.86,2853.16,193604.0,2853.16
2018-05-08,2976.02,3062.49,2948.72,3062.49,700802.0,3062.49
2018-05-09,3080.67,3094.34,3026.09,3039.74,283045.0,3039.74
2018-05-10,3067.03,3067.03,3007.88,3057.94,260851.0,3057.94
2018-05-11,3067.03,3121.64,3053.39,3085.24,238874.0,3085.24
2018-05-14,3089.8,3212.65,3053.39,3139.84,495109.0,3139.84
2018-05-15,3180.8,3203.55,3103.45,3139.84,422372.0,3139.84
2018-05-16,3016.97,3121.64,2962.38,3103.45,489176.0,3103.45
2018-05-17,3048.85,3057.94,2994.22,2998.78,361278.0,2998.78
2018-05-18,2980.58,2980.58,2903.21,2907.76,429622.0,2907.76
2018-05-21,2916.86,2948.72,2907.76,2930.53,183276.0,2930.53
2018-05-22,2935.08,3012.43,2921.41,3007.88,250521.0,3007.88
2018-05-23,3016.97,3053.39,2994.22,3039.74,373365.0,3039.74
2018-05-24,3035.18,3076.14,2994.22,3067.03,322822.0,3067.03
2018-05-25,3103.45,3130.74,3067.03,3112.55,286123.0,3112.55
2018-05-28,3112.55,3126.19,3003.32,3021.52,254037.0,3021.52
2018-05-29,3067.03,3080.67,3007.88,3021.52,194923.0,3021.52
2018-05-30,2980.58,3030.63,2935.08,3012.43,397757.0,3012.43
2018-05-31,3003.32,3012.43,2948.72,2971.48,305020.0,2971.48
2018-06-01,2944.17,2948.72,2848.62,2885.02,537083.0,2885.02
2018-06-04,2898.66,2985.13,2898.66,2912.33,350291.0,2912.33
2018-06-05,2925.97,2948.72,2903.21,2944.17,216899.0,2944.17
2018-06-06,2921.41,2948.72,2907.76,2916.86,208988.0,2916.86
2018-06-07,2925.97,2939.63,2880.45,2916.86,277332.0,2916.86
2018-06-08,2898.66,2935.08,2866.82,2916.86,293813.0,2916.86
2018-06-11,2875.92,2916.86,2866.82,2885.02,265465.0,2885.02
2018-06-12,2894.13,2925.97,2875.92,2925.97,209427.0,2925.97
2018-06-13,2885.02,2935.08,2885.02,2930.53,275794.0,2930.53
2018-06-14,2935.08,2944.17,2916.86,2921.41,153389.0,2921.41
2018-06-15,2930.53,2944.17,2921.41,2935.08,138006.0,2935.08
2018-06-18,2939.63,2939.63,2894.13,2916.86,147456.0,2916.86
2018-06-19,2912.33,2930.53,2821.3,2825.86,207890.0,2825.86
2018-06-20,2825.86,2921.41,2798.54,2839.5,254696.0,2839.5
2018-06-21,2839.5,2875.92,2830.41,2853.16,163279.0,2853.16
2018-06-22,2816.76,2862.27,2798.54,2862.27,230086.0,2862.27
2018-06-25,2848.62,2848.62,2803.09,2812.22,185914.0,2812.22
2018-06-26,2803.09,2853.16,2784.91,2844.06,185694.0,2844.06
2018-06-27,2839.5,2871.36,2789.47,2853.16,179319.0,2853.16
2018-06-28,2880.45,2907.76,2862.27,2885.02,239313.0,2885.02
2018-06-29,2898.66,2948.72,2862.27,2916.86,219097.0,2916.86
2018-07-02,2912.33,2912.33,2789.47,2789.47,225470.0,2789.47
2018-07-03,2816.76,2816.76,2725.75,2748.51,203274.0,2748.51
2018-07-04,2730.3,2794.01,2730.3,2771.27,117348.0,2771.27
2018-07-05,2762.14,2771.27,2721.19,2725.75,167673.0,2725.75
2018-07-06,2743.95,2757.6,2648.39,2671.15,305679.0,2671.15
2018-07-09,2652.94,2652.94,2611.99,2634.75,285462.0,2634.75
2018-07-10,2639.29,2652.94,2621.09,2621.09,202835.0,2621.09
2018-07-11,2593.78,2593.78,2507.31,2511.88,352488.0,2511.88
2018-07-12,2507.31,2543.73,2470.91,2502.78,276672.0,2502.78
2018-07-13,2507.31,2566.47,2507.31,2552.83,152510.0,2552.83
2018-07-17,2557.38,2671.15,2557.38,2652.94,234920.0,2652.94
2018-07-18,2652.94,2662.03,2584.67,2589.23,229425.0,2589.23
2018-07-19,2589.23,2621.09,2566.47,2598.34,232722.0,2598.34
2018-07-20,2602.88,2621.09,2561.94,2566.47,173608.0,2566.47
2018-07-23,2589.23,2589.23,2539.18,2552.83,146137.0,2552.83
2018-07-24,2584.67,2602.88,2543.73,2543.73,221072.0,2543.73
2018-07-25,2548.28,2552.83,2511.88,2516.43,206570.0,2516.43
2018-07-26,2534.63,2571.04,2534.63,2557.38,146358.0,2557.38
2018-07-27,2575.6,2630.18,2575.6,2630.18,195365.0,2630.18
2018-07-30,2593.78,2607.43,2530.08,2534.63,233380.0,2534.63
2018-07-31,2552.83,2584.67,2520.97,2552.83,266345.0,2552.83
2018-08-01,2552.83,2607.43,2543.73,2552.83,232500.0,2552.83
2018-08-02,2652.94,2762.14,2634.75,2671.15,666521.0,2671.15
2018-08-03,2698.45,2698.45,2602.88,2611.99,298868.0,2611.99
2018-08-06,2598.34,2652.94,2516.43,2571.04,382156.0,2571.04
2018-08-07,2534.63,2548.28,2475.48,2543.73,388528.0,2543.73
2018-08-08,2552.83,2648.39,2548.28,2639.29,277332.0,2639.29
2018-08-09,2630.18,2648.39,2602.88,2634.75,201956.0,2634.75
2018-08-10,2639.29,2643.83,2611.99,2616.55,148336.0,2616.55
2018-08-13,2589.23,2602.88,2484.58,2493.67,232281.0,2493.67
2018-08-14,2516.43,2557.38,2511.88,2552.83,176243.0,2552.83
2018-08-15,2548.28,2561.94,2516.43,2516.43,154489.0,2516.43
2018-08-16,2493.67,2520.97,2475.48,2502.78,170529.0,2502.78
2018-08-17,2511.88,2539.18,2502.78,2534.63,97132.4,2534.63
2018-08-20,2516.43,2543.73,2502.78,2507.31,114052.0,2507.31
2018-08-21,2489.12,2498.23,2457.27,2457.27,163499.0,2457.27
2018-08-22,2448.18,2493.67,2443.63,2480.02,106363.0,2480.02
2018-08-23,2502.78,2552.83,2502.78,2530.08,169652.0,2530.08
2018-08-24,2530.08,2543.73,2507.31,2534.63,166574.0,2534.63
2018-08-27,2534.63,2561.94,2530.08,2548.28,118448.0,2548.28
2018-08-28,2561.94,2575.6,2525.52,2525.52,104823.0,2525.52
2018-08-29,2525.52,2561.94,2525.52,2548.28,101307.0,2548.28
2018-08-30,2552.83,2566.47,2539.18,2548.28,148114.0,2548.28
2018-08-31,2534.63,2534.63,2507.31,2511.88,131853.0,2511.88
2018-09-03,2511.88,2530.08,2498.23,2498.23,78454.0,2498.23
2018-09-04,2439.06,2443.63,2338.94,2393.56,514010.0,2393.56
2018-09-05,2384.47,2384.47,2343.5,2348.06,280630.0,2348.06
2018-09-06,2338.94,2352.6,2320.76,2320.76,190308.0,2320.76
2018-09-07,2307.11,2316.19,2252.49,2284.36,228766.0,2284.36
2018-09-10,2275.25,2298.0,2261.6,2266.14,245908.0,2266.14
2018-09-11,2257.06,2261.6,2216.09,2247.95,314689.0,2247.95
2018-09-12,2247.95,2279.79,2225.19,2257.06,240852.0,2257.06
2018-09-13,2247.95,2298.0,2247.95,2266.14,238874.0,2266.14
2018-09-14,2284.36,2316.19,2247.95,2266.14,301064.0,2266.14
2018-09-18,2275.25,2370.81,2261.6,2357.16,230086.0,2357.16
2018-09-19,2384.47,2452.72,2370.81,2439.06,236237.0,2439.06
2018-09-20,2434.51,2443.63,2375.37,2379.91,243490.0,2379.91
2018-09-21,2420.86,2457.27,2411.76,2457.27,239532.0,2457.27
2018-09-25,2484.58,2484.58,2425.43,2466.37,486540.0,2466.37
2018-09-26,2420.8,2477.31,2415.34,2473.66,279116.0,2473.66
2018-09-27,2477.31,2488.24,2425.36,2432.66,220420.0,2432.66
2018-09-28,2417.15,2467.29,2393.44,2443.59,226453.0,2443.59
2018-10-01,2444.49,2453.61,2417.15,2424.45,134730.0,2424.45
2018-10-02,2418.98,2459.97,2410.77,2447.22,137912.0,2447.22
2018-10-03,2457.26,2465.46,2409.85,2414.42,143728.0,2414.42
2018-10-04,2375.22,2387.06,2339.7,2369.76,314116.0,2369.76
2018-10-05,2345.14,2348.79,2312.34,2321.46,283725.0,2321.46
2018-10-09,2284.99,2284.99,2199.33,2201.15,304133.0,2201.15
2018-10-10,2223.92,2245.81,2190.19,2202.96,166439.0,2202.96
2018-10-11,2136.42,2147.37,2109.99,2130.06,229634.0,2130.06
2018-10-12,2130.06,2157.4,2111.82,2145.54,185309.0,2145.54
2018-10-15,2120.02,2138.24,2092.68,2095.4,141093.0,2095.4
2018-10-16,2089.04,2093.59,2065.34,2093.59,142300.0,2093.59
2018-10-17,2109.99,2141.9,2104.53,2140.07,104999.0,2140.07
2018-10-18,2125.47,2130.95,2086.3,2089.95,170937.0,2089.95
2018-10-19,2062.59,2071.72,2041.64,2059.86,167646.0,2059.86
2018-10-22,2071.72,2135.52,2065.34,2121.86,135498.0,2121.86
2018-10-23,2091.77,2115.47,2061.7,2105.43,298428.0,2105.43
2018-10-24,2118.19,2153.73,2111.82,2113.64,232596.0,2113.64
2018-10-25,2044.37,2065.34,2029.78,2031.62,177409.0,2031.62
2018-10-26,2059.86,2059.86,1988.78,2001.53,189369.0,2001.53
2018-10-29,1991.51,2044.37,1989.69,1996.97,160514.0,1996.97
2018-10-30,1986.95,2003.35,1965.08,1997.87,234791.0,1997.87
2018-10-31,1978.75,1978.75,1914.04,1940.47,377093.0,1940.47
2018-11-01,1946.84,2065.34,1944.1,2030.71,305558.0,2030.71
2018-11-02,2023.41,2056.22,1972.37,2050.76,247518.0,2050.76
2018-11-05,2047.1,2132.77,1964.17,2120.02,455321.0,2120.02
2018-11-06,2088.12,2176.53,2050.76,2132.77,310276.0,2132.77
2018-11-07,2135.52,2209.35,2133.69,2148.28,223820.0,2148.28
2018-11-08,2132.77,2278.6,2124.58,2255.83,302486.0,2255.83
2018-11-09,2238.52,2280.44,2214.81,2254.91,195952.0,2254.91
2018-11-12,2229.39,2276.79,2202.06,2273.16,131000.0,2273.16
2018-11-13,2214.81,2267.67,2167.41,2196.58,150858.0,2196.58
2018-11-14,2175.61,2192.02,2113.64,2114.54,201548.0,2114.54
2018-11-15,2088.12,2091.77,2044.37,2053.47,237863.0,2053.47
2018-11-16,2025.24,2040.72,1977.83,1985.12,283943.0,1985.12
2018-11-19,1984.22,2014.29,1973.29,2001.53,201328.0,2001.53
2018-11-20,1996.07,2039.82,1989.69,2028.88,171595.0,2028.88
2018-11-21,1990.59,2001.53,1937.73,1987.86,334085.0,1987.86
2018-11-22,1991.51,2010.65,1967.79,1990.59,229525.0,1990.59
2018-11-26,1970.55,1994.25,1965.99,1971.47,169182.0,1971.47
2018-11-27,1982.39,1990.59,1971.47,1983.3,217237.0,1983.3
2018-11-28,1970.55,1979.66,1937.73,1955.96,324540.0,1955.96
2018-11-29,1983.3,2026.14,1976.01,1985.12,279226.0,1985.12
2018-11-30,1976.01,1982.39,1955.96,1965.08,246422.0,1965.08
2018-12-03,2003.35,2036.16,2000.63,2036.16,331013.0,2036.16
2018-12-04,2036.16,2060.77,1991.51,1992.42,284164.0,1992.42
2018-12-05,1949.58,1968.72,1886.69,1961.42,334413.0,1961.42
2018-12-06,1926.8,1926.8,1866.63,1889.41,358661.0,1889.41
2018-12-07,1883.05,1898.55,1852.05,1891.26,247080.0,1891.26
2018-12-10,1852.95,1855.72,1825.64,1846.59,238303.0,1846.59
2018-12-11,1845.67,1873.92,1828.36,1835.65,230952.0,1835.65
2018-12-12,1822.88,1854.79,1791.9,1853.9,413739.0,1853.9
2018-12-13,1853.9,1897.65,1845.67,1895.8,280762.0,1895.8
2018-12-14,1896.71,1920.41,1878.48,1879.41,246640.0,1879.41
2018-12-17,1862.1,1871.2,1846.59,1856.62,134183.0,1856.62
2018-12-18,1822.88,1831.1,1784.61,1790.08,245213.0,1790.08
2018-12-19,1790.08,1801.94,1767.29,1790.08,318065.0,1790.08
2018-12-20,1733.56,1767.29,1699.84,1707.14,323881.0,1707.14
2018-12-21,1686.18,1713.52,1677.97,1712.59,392124.0,1712.59
2018-12-25,1676.15,1681.61,1640.6,1650.63,303034.0,1650.63
2018-12-26,1660.64,1734.49,1654.27,1676.15,237424.0,1676.15
2018-12-27,1745.42,1779.14,1735.4,1762.73,236546.0,1762.73
2018-12-28,1765.46,1795.55,1756.35,1788.24,151846.0,1788.24
2019-01-04,1768.21,1799.19,1765.46,1772.76,309508.0,1772.76
2019-01-07,1807.39,1844.76,1774.59,1836.56,179714.0,1836.56
2019-01-08,1835.65,1835.65,1804.66,1813.78,157770.0,1813.78
2019-01-09,1821.97,1858.44,1812.87,1817.42,180702.0,1817.42
2019-01-10,1822.88,1885.79,1813.78,1873.02,226673.0,1873.02
2019-01-11,1877.59,1877.59,1842.94,1849.34,234352.0,1849.34
2019-01-15,1843.85,1862.99,1830.16,1861.17,115750.0,1861.17
2019-01-16,1856.62,1870.29,1844.76,1849.34,103681.0,1849.34
2019-01-17,1831.1,1855.72,1813.78,1846.59,311484.0,1846.59
2019-01-18,1811.95,1868.47,1798.28,1860.26,231939.0,1860.26
2019-01-21,1866.63,1904.01,1852.05,1893.98,211421.0,1893.98
2019-01-22,1868.47,1891.26,1868.47,1889.41,151188.0,1889.41
2019-01-23,1859.34,1878.48,1859.34,1870.29,119260.0,1870.29
2019-01-24,1883.96,1900.35,1873.02,1900.35,211421.0,1900.35
2019-01-25,1886.69,1913.13,1879.41,1912.23,165452.0,1912.23
2019-01-28,1895.8,1897.65,1868.47,1872.1,162161.0,1872.1
2019-01-29,1850.23,1873.02,1825.64,1868.47,185750.0,1868.47
2019-01-30,1858.44,1872.1,1842.02,1857.52,191453.0,1857.52
2019-01-31,1882.12,1904.92,1866.63,1874.84,208351.0,1874.84
2019-02-01,1864.82,1880.31,1852.95,1878.48,168523.0,1878.48
2019-02-04,1878.48,1916.78,1878.48,1913.13,176533.0,1913.13
2019-02-05,1902.18,1914.95,1862.99,1883.96,272644.0,1883.96
2019-02-06,1907.65,1909.47,1843.85,1858.44,323002.0,1858.44
2019-02-07,1850.23,1856.62,1817.42,1826.54,369523.0,1826.54
2019-02-08,1800.1,1818.34,1788.24,1813.78,318723.0,1813.78
2019-02-12,1832.02,1904.92,1823.79,1904.01,294257.0,1904.01
2019-02-13,1913.13,1923.15,1894.89,1917.67,120247.0,1917.67
2019-02-14,1909.47,1919.51,1885.79,1891.26,110484.0,1891.26
2019-02-15,1879.41,1888.51,1859.34,1883.96,108399.0,1883.96
2019-02-18,1902.18,1965.08,1902.18,1955.96,167646.0,1955.96
2019-02-19,1929.54,1985.12,1925.88,1984.22,175106.0,1984.22
2019-02-20,1984.22,2000.63,1965.99,1969.63,223601.0,1969.63
2019-02-21,1969.63,1977.83,1957.78,1966.9,171375.0,1966.9
2019-02-22,1953.23,1953.23,1902.18,1907.65,137364.0,1907.65
2019-02-25,1917.67,1924.06,1898.55,1914.95,146469.0,1914.95
2019-02-26,1914.95,1914.95,1872.1,1873.92,197048.0,1873.92
2019-02-27,1837.47,1853.9,1823.79,1842.94,348567.0,1842.94
2019-02-28,1849.34,1855.72,1833.83,1840.21,341325.0,1840.21
2019-03-01,1864.82,1902.18,1861.17,1882.12,330354.0,1882.12
2019-03-04,1904.92,1918.59,1882.12,1912.23,207692.0,1912.23
2019-03-05,1910.39,1913.13,1870.29,1883.05,160844.0,1883.05
2019-03-06,1871.2,1880.31,1852.05,1855.72,172694.0,1855.72
2019-03-07,1827.45,1844.76,1821.97,1842.02,240276.0,1842.02
2019-03-08,1814.69,1831.1,1804.66,1806.47,215372.0,1806.47
2019-03-11,1802.83,1816.51,1791.9,1808.3,108179.0,1808.3
2019-03-12,1815.59,1842.94,1813.78,1840.21,127160.0,1840.21
2019-03-13,1825.64,1850.23,1825.64,1840.21,160622.0,1840.21
2019-03-14,1866.63,1873.02,1855.72,1859.34,139888.0,1859.34
2019-03-15,1868.47,1875.77,1853.9,1865.71,124308.0,1865.71
2019-03-18,1872.1,1897.65,1868.47,1897.65,119700.0,1897.65
2019-03-19,1897.65,1897.65,1875.77,1893.08,128916.0,1893.08
2019-03-20,1889.41,1915.85,1889.41,1911.3,200450.0,1911.3
2019-03-22,1921.33,1924.06,1908.57,1914.04,110045.0,1914.04
2019-03-25,1914.04,1916.78,1863.89,1883.96,200780.0,1883.96
2019-03-26,1902.18,1930.44,1902.18,1929.54,226673.0,1929.54
2019-03-27,1918.45,1950.79,1918.45,1934.15,153589.0,1934.15
2019-03-28,1919.36,1928.6,1901.79,1916.58,168405.0,1916.58
2019-03-29,1912.89,1938.77,1896.24,1899.01,127630.0,1899.01
2019-04-01,1920.3,1991.48,1908.25,1975.75,341465.0,1975.75
2019-04-02,1987.78,2003.5,1952.64,1973.91,212860.0,1973.91
2019-04-03,1977.6,1997.02,1966.5,1984.07,174679.0,1984.07
2019-04-04,1977.6,1991.48,1957.26,1963.73,162998.0,1963.73
2019-04-05,1960.04,1977.6,1940.62,1946.17,105566.0,1946.17
2019-04-08,1958.2,1958.2,1935.09,1941.54,134229.0,1941.54
2019-04-09,1947.1,1954.49,1913.82,1936.01,120166.0,1936.01
2019-04-10,1926.76,1931.38,1913.82,1917.5,125574.0,1917.5
2019-04-11,1904.57,1909.19,1890.69,1902.73,136932.0,1902.73
2019-04-12,1929.54,1929.54,1891.62,1900.87,100156.0,1900.87
2019-04-15,1934.15,1951.73,1919.36,1930.45,160944.0,1930.45
2019-04-16,1954.49,1964.67,1941.54,1958.2,87176.8,1958.2
2019-04-17,1948.94,1961.89,1942.48,1954.49,99183.9,1954.49
2019-04-18,1955.4,1956.34,1906.41,1913.82,139203.0,1913.82
2019-04-19,1913.82,1933.21,1889.77,1896.24,105997.0,1896.24
2019-04-22,1902.73,1906.41,1890.69,1897.16,58623.7,1897.16
2019-04-23,1897.16,1899.95,1874.97,1898.1,88691.2,1898.1
2019-04-24,1902.73,1923.05,1854.64,1858.33,146990.0,1858.33
2019-04-25,1869.44,1883.3,1850.94,1881.44,106537.0,1881.44
2019-04-26,1858.33,1883.3,1851.86,1880.53,83825.0,1880.53
2019-05-07,1896.24,1901.79,1843.54,1854.64,96588.2,1854.64
2019-05-08,1843.54,1843.54,1801.95,1820.43,125467.0,1820.43
2019-05-09,1807.48,1807.48,1770.51,1771.44,121896.0,1771.44
2019-05-10,1767.73,1792.69,1751.09,1776.04,170786.0,1776.04
2019-05-13,1761.26,1867.58,1736.3,1860.19,364178.0,1860.19
2019-05-14,1793.62,1936.01,1789.0,1920.3,285436.0,1920.3
2019-05-15,1919.36,2008.12,1908.25,2007.19,303500.0,2007.19
2019-05-16,1998.87,2058.03,1995.17,2047.88,187442.0,2047.88
2019-05-17,2064.52,2109.81,2056.19,2066.36,187442.0,2066.36
2019-05-20,2052.5,2107.98,2034.0,2098.72,154670.0,2098.72
2019-05-21,2079.31,2096.89,2068.22,2089.47,98209.6,2089.47
2019-05-22,2088.56,2096.89,2024.76,2039.56,151317.0,2039.56
2019-05-23,2034.0,2047.88,2021.07,2042.31,107945.0,2042.31
2019-05-24,2041.4,2045.08,2020.13,2041.4,117570.0,2041.4
2019-05-27,2045.08,2052.5,2029.37,2043.26,76145.1,2043.26
2019-05-28,2044.17,2049.72,2013.65,2037.7,101779.0,2037.7
2019-05-29,2009.03,2026.61,1988.7,2018.29,107837.0,2018.29
2019-05-30,2001.64,2001.64,1975.75,1991.48,93776.5,1991.48
2019-05-31,1987.78,1998.87,1957.26,1961.89,110216.0,1961.89
2019-06-03,1932.3,1937.85,1896.24,1908.25,156941.0,1908.25
2019-06-04,1894.4,1898.1,1837.07,1870.36,199557.0,1870.36
2019-06-05,1892.53,1923.97,1861.12,1911.04,217404.0,1911.04
2019-06-06,1896.24,1902.73,1868.52,1881.44,122654.0,1881.44
2019-06-07,1887.01,1896.24,1866.65,1877.77,96263.1,1877.77
2019-06-10,1877.77,1906.41,1868.52,1906.41,124168.0,1906.41
2019-06-11,1899.95,1918.45,1891.62,1907.33,91504.9,1907.33
2019-06-12,1911.96,1918.45,1891.62,1896.24,101563.0,1896.24
2019-06-13,1897.16,1914.73,1870.36,1877.77,172300.0,1877.77
2019-06-14,1885.16,1912.89,1870.36,1912.89,128279.0,1912.89
2019-06-17,1893.48,1897.16,1856.49,1860.19,103726.0,1860.19
2019-06-18,1867.58,1887.92,1863.88,1874.97,110865.0,1874.97
2019-06-19,1888.86,1903.64,1881.44,1895.32,95938.0,1895.32
2019-06-20,1904.57,1954.49,1896.24,1946.17,201935.0,1946.17
2019-06-21,1936.01,1941.54,1893.48,1904.57,269861.0,1904.57
2019-06-24,1916.58,1934.15,1906.41,1927.69,104807.0,1927.69
2019-06-25,1936.92,1951.73,1902.73,1904.57,76686.2,1904.57
2019-06-26,1896.24,1900.87,1879.6,1886.08,55595.9,1886.08
2019-06-27,1887.01,1903.64,1877.77,1903.64,59163.8,1903.64
2019-06-28,1887.92,1918.45,1886.08,1899.01,123195.0,1899.01
2019-07-01,1922.13,1951.73,1916.58,1951.73,116597.0,1951.73
2019-07-02,1958.2,1982.22,1952.64,1976.69,95180.9,1976.69
2019-07-03,1983.16,1985.01,1954.49,1969.29,142664.0,1969.29
2019-07-04,1972.98,1975.75,1936.92,1958.2,112380.0,1958.2
2019-07-05,1946.17,1954.49,1922.13,1933.21,107510.0,1933.21
2019-07-08,1937.85,1977.6,1923.97,1954.49,194041.0,1954.49
2019-07-09,1954.49,1973.91,1936.01,1955.4,139744.0,1955.4
2019-07-10,1939.68,1939.68,1913.82,1926.76,105672.0,1926.76
2019-07-11,1951.73,1975.75,1948.02,1948.02,158564.0,1948.02
2019-07-12,1948.94,1968.36,1946.17,1966.5,116707.0,1966.5
2019-07-16,1966.5,1978.54,1946.17,1971.12,185495.0,1971.12
2019-07-17,1977.6,1992.4,1944.32,1948.94,144828.0,1948.94
2019-07-18,1942.48,1950.79,1875.91,1878.68,198799.0,1878.68
2019-07-19,1894.4,1957.26,1893.48,1935.09,154778.0,1935.09
2019-07-22,1925.82,1948.02,1914.73,1924.9,109351.0,1924.9
2019-07-23,1924.9,1958.2,1923.05,1951.73,125033.0,1951.73
2019-07-24,1951.73,1969.29,1946.17,1958.2,79388.9,1958.2
2019-07-25,1965.58,1966.5,1952.64,1952.64,70844.7,1952.64
2019-07-26,1952.64,1968.36,1930.45,1934.15,77011.3,1934.15
2019-07-29,1942.48,1949.88,1918.45,1926.76,77551.4,1926.76
2019-07-30,1926.76,1955.4,1916.58,1954.49,136932.0,1954.49
2019-07-31,1927.69,1946.17,1836.15,1896.24,400845.0,1896.24
2019-08-01,1874.97,1911.96,1838.92,1906.41,200639.0,1906.41
2019-08-02,1886.08,1886.08,1833.37,1840.77,251151.0,1840.77
2019-08-05,1830.62,1830.62,1759.41,1787.16,232871.0,1787.16
2019-08-06,1750.17,1789.0,1723.36,1789.0,259371.0,1789.0
2019-08-07,1789.0,1836.15,1783.45,1828.76,228543.0,1828.76
2019-08-08,1817.65,1818.58,1781.61,1793.62,144287.0,1793.62
2019-08-09,1804.72,1827.83,1790.84,1811.19,176844.0,1811.19
2019-08-13,1789.0,1818.58,1772.37,1809.33,214915.0,1809.33
2019-08-14,1820.43,1845.41,1815.82,1845.41,177275.0,1845.41
2019-08-15,1811.19,1829.68,1797.33,1829.68,173814.0,1829.68
2019-08-16,1825.97,1861.12,1806.56,1841.69,187227.0,1841.69
2019-08-19,1853.73,1883.3,1843.54,1883.3,151533.0,1883.3
2019-08-20,1914.73,1937.85,1908.25,1927.69,209831.0,1927.69
2019-08-21,1931.38,1963.73,1923.05,1948.02,261856.0,1948.02
2019-08-22,1957.26,1960.04,1926.76,1947.1,227247.0,1947.1
2019-08-23,1948.02,1971.12,1939.68,1958.2,229192.0,1958.2
2019-08-26,1918.45,1954.49,1905.5,1920.3,265103.0,1920.3
2019-08-27,1936.01,1958.2,1923.05,1928.6,162890.0,1928.6
2019-08-28,1923.05,1930.45,1901.79,1901.79,147748.0,1901.79
2019-08-29,1894.4,1908.25,1869.44,1908.25,225192.0,1908.25
2019-08-30,1909.19,1944.32,1897.16,1942.48,156617.0,1942.48
2019-09-02,1942.48,1955.4,1927.69,1929.54,131526.0,1929.54
2019-09-03,1920.3,1954.49,1909.19,1943.41,139203.0,1943.41
2019-09-04,1943.41,1989.63,1937.85,1985.01,333784.0,1985.01
2019-09-05,1988.7,2014.58,1969.29,1972.98,273755.0,1972.98
2019-09-06,1975.75,1987.78,1960.04,1962.82,192094.0,1962.82
2019-09-09,1963.73,2001.64,1958.2,1997.93,211888.0,1997.93
2019-09-10,1992.4,2021.98,1992.4,2001.64,195880.0,2001.64
2019-09-11,2003.5,2053.42,1999.79,2046.02,179548.0,2046.02
2019-09-12,2061.75,2095.94,2056.19,2063.59,352929.0,2063.59
2019-09-13,2078.38,2101.5,2058.97,2066.36,222379.0,2066.36
2019-09-17,2077.46,2090.4,2057.12,2079.31,229625.0,2079.31
2019-09-18,2070.07,2071.9,2009.97,2015.5,436645.0,2015.5
2019-09-19,2023.84,2058.97,2011.82,2039.56,352712.0,2039.56
2019-09-20,2061.75,2070.98,2046.94,2057.12,228761.0,2057.12
2019-09-24,2070.07,2092.25,2058.03,2058.03,270618.0,2058.03
2019-09-25,2047.88,2058.97,2036.78,2051.57,213834.0,2051.57
2019-09-26,2082.08,2106.12,2075.6,2080.23,718083.0,2080.23
2019-09-27,2069.98,2079.3,2014.94,2035.45,261245.0,2035.45
2019-09-30,2025.2,2044.79,1999.07,2004.67,181167.0,2004.67
2019-10-01,2020.53,2097.96,2020.53,2087.68,258029.0,2087.68
2019-10-02,2103.55,2166.98,2103.55,2154.86,366408.0,2154.86
2019-10-03,2117.54,2118.47,2069.98,2089.56,239592.0,2089.56
2019-10-04,2108.22,2127.8,2085.83,2121.28,143326.0,2121.28
2019-10-07,2167.91,2185.63,2144.6,2180.98,280756.0,2180.98
2019-10-08,2196.83,2248.15,2195.91,2235.08,366516.0,2235.08
2019-10-09,2231.35,2276.14,2224.83,2259.34,265105.0,2259.34
2019-10-10,2255.6,2261.2,2207.1,2234.15,235624.0,2234.15
2019-10-11,2240.67,2263.06,2216.42,2254.66,177414.0,2254.66
2019-10-15,2284.52,2339.57,2284.52,2321.83,430299.0,2321.83
2019-10-16,2319.98,2342.36,2291.99,2298.51,239162.0,2298.51
2019-10-17,2315.31,2361.94,2307.83,2320.9,410574.0,2320.9
2019-10-18,2360.08,2397.39,2344.22,2367.55,473393.0,2367.55
2019-10-21,2398.33,2420.72,2354.49,2374.08,209254.0,2374.08
2019-10-23,2374.08,2379.66,2347.96,2379.66,134642.0,2379.66
2019-10-24,2399.27,2401.13,2375.94,2378.74,176985.0,2378.74
2019-10-25,2401.13,2416.99,2386.2,2413.24,217509.0,2413.24
2019-10-28,2396.44,2402.99,2365.68,2395.52,177093.0,2395.52
2019-10-29,2414.18,2418.85,2369.41,2371.26,188349.0,2371.26
2019-10-30,2365.68,2409.52,2363.82,2398.33,400068.0,2398.33
2019-10-31,2430.98,2516.8,2422.57,2498.15,446701.0,2498.15
2019-11-01,2451.51,2476.69,2433.79,2459.9,224154.0,2459.9
2019-11-05,2456.17,2488.82,2413.24,2479.49,382810.0,2479.49
2019-11-06,2444.04,2458.97,2417.92,2421.64,270036.0,2421.64
2019-11-07,2421.64,2444.98,2416.99,2433.79,150400.0,2433.79
2019-11-08,2462.69,2463.63,2402.99,2415.11,202501.0,2415.11
2019-11-11,2425.39,2435.64,2396.44,2402.06,156511.0,2402.06
2019-11-12,2420.72,2420.72,2374.08,2387.12,132713.0,2387.12
2019-11-13,2387.12,2396.44,2366.62,2376.87,165836.0,2376.87
2019-11-14,2388.06,2388.06,2352.62,2368.47,133248.0,2368.47
2019-11-15,2381.55,2418.85,2379.66,2402.99,131535.0,2402.99
2019-11-18,2394.61,2401.13,2370.33,2379.66,101090.0,2379.66
2019-11-19,2378.74,2412.31,2375.01,2407.66,118776.0,2407.66
2019-11-20,2411.39,2416.99,2360.08,2392.74,126388.0,2392.74
2019-11-21,2412.31,2460.84,2384.33,2408.59,289653.0,2408.59
2019-11-22,2402.99,2427.24,2366.62,2424.45,200141.0,2424.45
2019-11-25,2434.71,2436.57,2375.94,2388.06,125852.0,2388.06
2019-11-26,2423.5,2434.71,2400.2,2403.92,164337.0,2403.92
2019-11-27,2418.85,2423.5,2404.85,2410.45,67429.3,2410.45
2019-11-28,2411.39,2413.24,2373.14,2408.59,112560.0,2408.59
2019-11-29,2388.06,2391.8,2357.28,2366.62,122100.0,2366.62
2019-12-02,2367.55,2402.06,2364.76,2382.46,115668.0,2382.46
2019-12-03,2369.41,2376.87,2342.36,2367.55,113846.0,2367.55
2019-12-04,2365.68,2406.73,2345.15,2404.85,218901.0,2404.85
2019-12-05,2416.99,2422.57,2396.44,2416.99,102375.0,2416.99
2019-12-06,2457.09,2462.69,2437.5,2444.98,151687.0,2444.98
2019-12-09,2454.3,2472.96,2412.31,2420.72,123065.0,2420.72
2019-12-10,2431.9,2439.37,2410.45,2418.85,185242.0,2418.85
2019-12-11,2423.5,2425.39,2387.12,2413.24,91548.4,2413.24
2019-12-12,2429.11,2433.79,2387.12,2391.8,83401.0,2391.8
2019-12-13,2434.71,2441.23,2394.61,2405.79,156833.0,2405.79
2019-12-16,2390.87,2400.2,2361.94,2367.55,87902.7,2367.55
2019-12-17,2399.27,2407.66,2383.41,2398.33,176879.0,2398.33
2019-12-18,2402.06,2413.24,2365.68,2379.66,98945.6,2379.66
2019-12-19,2389.95,2416.06,2389.95,2414.18,118241.0,2414.18
2019-12-20,2418.85,2421.64,2381.55,2402.99,165836.0,2402.99
2019-12-23,2396.44,2419.79,2396.44,2406.73,61424.3,2406.73
2019-12-24,2406.73,2428.18,2406.73,2422.57,64747.8,2422.57
2019-12-25,2422.57,2422.57,2384.33,2388.06,60461.1,2388.06
2019-12-26,2388.06,2400.2,2371.26,2385.27,61746.3,2385.27
2019-12-27,2385.27,2387.12,2361.01,2376.87,60031.0,2376.87
2019-12-30,2378.74,2384.33,2353.55,2366.62,64855.9,2366.62
2020-01-06,2332.09,2332.09,2238.82,2295.71,127246.0,2295.71
2020-01-07,2314.38,2347.03,2314.38,2342.36,74718.5,2342.36
2020-01-08,2327.43,2327.43,2291.99,2322.77,118991.0,2322.77
2020-01-09,2346.09,2360.08,2314.38,2330.23,117061.0,2330.23
2020-01-10,2341.43,2351.68,2324.63,2344.22,86403.5,2344.22
2020-01-14,2366.62,2393.66,2349.82,2383.41,154473.0,2383.41
2020-01-15,2403.92,2405.79,2351.68,2370.33,115133.0,2370.33
2020-01-16,2361.01,2361.01,2326.49,2355.44,80828.6,2355.44
2020-01-17,2380.62,2383.41,2347.03,2361.94,81792.7,2361.94
2020-01-20,2355.44,2368.47,2349.82,2365.68,50275.4,2365.68
2020-01-21,2375.94,2378.74,2323.7,2333.96,145255.0,2333.96
2020-01-22,2324.63,2347.96,2319.03,2340.49,55099.2,2340.49
2020-01-23,2329.31,2342.36,2299.44,2327.43,60461.1,2327.43
2020-01-24,2327.43,2332.09,2290.12,2293.85,113096.0,2293.85
2020-01-27,2247.21,2268.67,2244.41,2263.06,84258.1,2263.06
2020-01-28,2238.82,2264.01,2220.15,2259.34,79971.4,2259.34
2020-01-29,2272.39,2274.26,2251.88,2264.01,107627.0,2264.01
2020-01-30,2252.81,2270.52,2213.61,2225.76,93799.7,2225.76
2020-01-31,2252.81,2281.71,2245.34,2270.52,112988.0,2270.52
2020-02-03,2223.9,2312.51,2210.82,2271.46,215684.0,2271.46
2020-02-04,2250.02,2367.55,2219.23,2363.82,245702.0,2363.82
2020-02-05,2378.74,2419.79,2347.96,2410.45,195424.0,2410.45
2020-02-06,2430.04,2491.61,2430.04,2481.36,237553.0,2481.36
2020-02-07,2503.73,2509.34,2477.63,2491.61,140538.0,2491.61
2020-02-10,2457.09,2486.02,2446.84,2480.42,121135.0,2480.42
2020-02-12,2487.87,2495.36,2454.3,2480.42,166373.0,2480.42
2020-02-13,2464.55,2471.09,2416.99,2422.57,123386.0,2422.57
2020-02-14,2407.66,2407.66,2361.01,2394.61,141825.0,2394.61
2020-02-17,2370.33,2380.62,2323.7,2325.56,91333.3,2325.56
2020-02-18,2323.7,2323.7,2267.73,2272.39,93585.7,2272.39
2020-02-19,2291.99,2299.44,2262.14,2295.71,130140.0,2295.71
2020-02-20,2312.51,2343.28,2308.77,2319.98,169054.0,2319.98
2020-02-21,2296.65,2318.09,2290.12,2291.04,106341.0,2291.04
2020-02-25,2199.63,2222.96,2187.5,2190.3,196819.0,2190.3
2020-02-26,2173.52,2221.08,2166.05,2220.15,185669.0,2220.15
2020-02-27,2207.1,2216.42,2164.19,2173.52,234768.0,2173.52
2020-02-28,2126.87,2134.34,2053.18,2072.77,188778.0,2072.77
2020-03-02,2069.98,2192.17,2064.37,2179.1,298764.0,2179.1
2020-03-03,2225.76,2236.95,2133.41,2145.54,179881.0,2145.54
2020-03-04,2109.16,2134.34,2084.89,2111.02,105055.0,2111.02
2020-03-05,2157.65,2161.4,2124.07,2131.54,63783.7,2131.54
2020-03-06,2098.88,2112.87,2066.23,2068.11,116633.0,2068.11
2020-03-09,2021.45,2033.59,1921.65,1930.98,113740.0,1930.98
2020-03-10,1922.59,1967.36,1819.97,1965.5,168304.0,1965.5
2020-03-11,1958.96,1989.75,1945.9,1961.76,134963.0,1961.76
2020-03-12,1936.57,1943.1,1866.6,1895.53,168839.0,1895.53
2020-03-13,1811.57,1848.88,1699.62,1804.1,186313.0,1804.1
2020-03-16,1832.09,1872.2,1744.41,1752.79,209575.0,1752.79
2020-03-17,1680.04,1881.53,1679.12,1874.07,249025.0,1874.07
2020-03-18,1874.99,1921.65,1848.88,1874.99,238734.0,1874.99
2020-03-19,1916.98,2031.72,1879.66,1903.93,273252.0,1903.93
2020-03-23,1903.93,2038.25,1886.21,2029.86,297157.0,2029.86
2020-03-24,2056.91,2070.89,2028.93,2051.31,168088.0,2051.31
2020-03-25,2124.07,2125.01,2067.18,2125.01,74182.4,2125.01
2020-03-26,2126.87,2245.34,2109.16,2224.83,120706.0,2224.83
2020-03-27,2228.55,2330.23,2228.55,2330.23,170662.0,2330.23
2020-03-30,2336.86,2396.58,2238.27,2391.86,144405.0,2391.86
2020-03-31,2401.33,2401.33,2291.36,2325.49,96938.5,2325.49
2020-04-01,2253.44,2290.42,2224.99,2242.06,124153.0,2242.06
2020-04-02,2213.61,2231.64,2184.23,2189.92,98838.6,2189.92
2020-04-03,2164.33,2188.97,2112.19,2143.47,120671.0,2143.47
2020-04-06,2190.87,2262.91,2172.86,2239.21,91665.5,2239.21
2020-04-07,2263.87,2273.35,2205.1,2271.45,52003.8,2271.45
2020-04-08,2257.23,2298.0,2230.69,2260.07,81221.3,2260.07
2020-04-09,2260.07,2275.25,2195.61,2256.28,89132.4,2256.28
2020-04-10,2255.35,2276.2,2208.88,2265.77,61073.9,2265.77
2020-04-13,2239.21,2258.18,2201.29,2234.49,62023.0,2234.49
2020-04-14,2236.37,2265.77,2224.06,2258.18,50420.8,2258.18
2020-04-15,2252.49,2265.77,2211.73,2221.21,85758.4,2221.21
2020-04-16,2213.61,2295.15,2205.1,2293.26,68248.1,2293.26
2020-04-17,2297.06,2320.75,2244.92,2248.7,56222.9,2248.7
2020-04-20,2224.06,2266.72,2222.15,2242.06,58331.9,2242.06
2020-04-21,2218.36,2247.75,2213.61,2230.69,26687.4,2230.69
2020-04-22,2207.94,2270.5,2194.67,2253.44,89239.4,2253.44
2020-04-23,2260.07,2286.63,2252.49,2276.2,59174.9,2276.2
2020-04-24,2270.5,2273.35,2222.15,2273.35,67297.0,2273.35
2020-04-27,2371.0,2389.0,2341.6,2370.05,156853.0,2370.05
2020-04-28,2371.0,2385.21,2334.02,2370.05,76264.2,2370.05
2020-04-30,2387.1,2400.39,2325.49,2325.49,109596.0,2325.49
2020-05-01,2322.64,2342.56,2298.94,2314.11,43143.7,2314.11
2020-05-07,2279.04,2315.06,2262.91,2305.58,100209.0,2305.58
2020-05-08,2298.94,2319.8,2279.04,2319.8,71413.1,2319.8
2020-05-11,2326.43,2351.09,2266.72,2291.36,160545.0,2291.36
2020-05-12,2306.54,2351.09,2279.98,2322.64,118984.0,2322.64
2020-05-13,2275.25,2320.75,2275.25,2309.37,69935.1,2309.37
2020-05-14,2279.98,2298.94,2249.65,2254.4,146304.0,2254.4
2020-05-15,2237.32,2266.72,2229.74,2264.82,72361.1,2264.82
2020-05-18,2245.86,2267.66,2245.86,2258.18,69725.1,2258.18
2020-05-19,2275.25,2294.2,2264.82,2294.2,57488.9,2294.2
2020-05-20,2298.0,2333.07,2298.0,2327.4,47782.7,2327.4
2020-05-21,2328.35,2344.44,2316.97,2327.4,38605.6,2327.4
2020-05-22,2313.16,2325.49,2286.63,2288.51,46201.7,2288.51
2020-05-25,2315.06,2315.06,2284.72,2294.2,33755.5,2294.2
2020-05-26,2318.87,2361.52,2290.42,2357.72,77003.2,2357.72
2020-05-27,2341.6,2382.37,2325.49,2381.43,89344.4,2381.43
2020-05-28,2381.43,2437.35,2362.46,2429.77,115819.0,2429.77
2020-05-29,2415.55,2525.52,2415.55,2501.82,189237.0,2501.82
2020-06-01,2510.35,2529.32,2468.64,2476.23,69725.1,2476.23
2020-06-02,2497.09,2513.18,2457.27,2502.77,71199.1,2502.77
2020-06-03,2516.05,2517.0,2478.13,2496.13,57065.9,2496.13
2020-06-04,2496.13,2517.0,2479.07,2509.41,84176.3,2509.41
2020-06-05,2521.72,2535.01,2486.65,2514.15,97887.6,2514.15
2020-06-08,2540.7,2540.7,2468.64,2494.24,107698.0,2494.24
2020-06-09,2521.72,2534.04,2500.87,2526.48,97676.6,2526.48
2020-06-10,2539.75,2539.75,2510.35,2529.32,70779.1,2529.32
2020-06-11,2522.67,2543.53,2501.82,2501.82,95673.5,2501.82
2020-06-12,2475.27,2506.57,2435.47,2499.93,107592.0,2499.93
2020-06-15,2503.72,2604.21,2503.72,2517.0,152106.0,2517.0
2020-06-16,2595.68,2675.32,2570.08,2644.02,246093.0,2644.02
2020-06-17,2650.66,2662.99,2586.18,2602.32,110969.0,2602.32
2020-06-18,2600.42,2654.46,2591.88,2625.06,117929.0,2625.06
2020-06-19,2637.39,2640.24,2608.95,2618.43,119406.0,2618.43
2020-06-22,2604.21,2635.49,2595.68,2619.38,60018.9,2619.38
2020-06-23,2620.32,2644.02,2583.35,2608.0,89766.4,2608.0
2020-06-24,2592.84,2597.57,2548.27,2561.55,66243.0,2561.55
2020-06-25,2547.33,2585.24,2530.27,2542.58,115398.0,2542.58
2020-06-26,2567.24,2595.68,2535.01,2595.68,62129.0,2595.68
2020-06-29,2580.51,2608.0,2571.03,2590.0,79850.3,2590.0
2020-06-30,2684.79,2755.89,2669.62,2734.08,225416.0,2734.08
2020-07-01,2729.34,2733.15,2619.38,2628.86,137866.0,2628.86
2020-07-02,2639.29,2702.8,2639.29,2673.41,80061.3,2673.41
2020-07-03,2673.41,2711.33,2671.52,2702.8,62129.0,2702.8
2020-07-06,2701.86,2713.23,2656.35,2703.76,93984.5,2703.76
2020-07-07,2698.06,2698.06,2652.56,2668.68,86918.4,2668.68
2020-07-08,2659.19,2717.02,2639.29,2644.02,112761.0,2644.02
2020-07-09,2649.71,2676.26,2609.89,2654.46,111600.0,2654.46
2020-07-10,2638.33,2696.16,2638.33,2641.18,85124.3,2641.18
2020-07-13,2681.0,2702.8,2659.19,2694.27,70041.1,2694.27
2020-07-14,2672.46,2696.16,2646.87,2659.19,72572.1,2659.19
2020-07-15,2694.27,2720.82,2671.52,2703.76,98731.6,2703.76
2020-07-16,2654.46,2671.52,2603.26,2622.22,151368.0,2622.22
2020-07-17,2622.22,2658.24,2618.43,2655.4,68458.1,2655.4
2020-07-20,2654.46,2666.78,2617.47,2661.09,79323.3,2661.09
2020-07-21,2659.19,2660.14,2609.89,2630.76,99892.6,2630.76
2020-07-22,2616.54,2632.65,2592.84,2606.1,94512.5,2606.1
2020-07-27,2571.03,2612.74,2537.85,2608.95,137655.0,2608.95
2020-07-28,2611.79,2662.99,2606.1,2655.4,136916.0,2655.4
2020-07-29,2638.33,2663.94,2609.89,2625.06,138394.0,2625.06
2020-07-30,2644.97,2658.24,2623.17,2658.24,85440.3,2658.24
2020-07-31,2646.87,2749.25,2591.88,2656.35,302840.0,2656.35
2020-08-03,2731.24,2765.38,2660.14,2683.84,146199.0,2683.84
2020-08-04,2702.8,2754.94,2702.8,2727.45,164237.0,2727.45
2020-08-05,2747.36,2747.36,2699.01,2713.23,128899.0,2713.23
2020-08-06,2696.16,2765.38,2687.64,2743.57,145356.0,2743.57
2020-08-07,2742.62,2742.62,2685.73,2704.7,138500.0,2704.7
2020-08-11,2720.82,2746.4,2692.38,2734.08,106537.0,2734.08
2020-08-12,2749.25,2853.53,2749.25,2834.58,205797.0,2834.58
2020-08-13,2858.28,2863.01,2840.26,2844.05,102845.0,2844.05
2020-08-14,2848.8,2905.67,2842.16,2891.46,93984.5,2891.46
2020-08-17,2886.71,2905.67,2853.53,2863.01,46411.7,2863.01
2020-08-18,2867.75,2896.19,2844.05,2896.19,70145.1,2896.19
2020-08-19,2872.49,2877.23,2829.84,2858.28,76686.2,2858.28
2020-08-20,2853.53,2867.75,2838.38,2858.28,52529.8,2858.28
2020-08-21,2872.49,2919.89,2863.01,2910.42,74786.2,2910.42
2020-08-24,2905.67,2995.74,2900.94,2967.29,121940.0,2967.29
2020-08-25,2995.74,3014.7,2962.56,2967.29,99154.6,2967.29
2020-08-26,2938.85,2972.03,2929.37,2962.56,41770.6,2962.56
2020-08-27,2924.64,2995.74,2924.64,2962.56,66454.0,2962.56
2020-08-28,2948.34,2995.74,2910.42,2943.6,79007.3,2943.6
2020-08-31,2943.6,2990.99,2938.85,2938.85,66138.0,2938.85
2020-09-01,2929.37,2938.85,2877.23,2891.46,54323.8,2891.46
2020-09-02,2896.19,2967.29,2896.19,2967.29,44513.7,2967.29
2020-09-03,2972.03,2986.27,2938.85,2943.6,64240.0,2943.6
2020-09-04,2900.94,2929.37,2896.19,2896.19,55695.9,2896.19
2020-09-07,2881.98,2900.94,2812.77,2817.52,108541.0,2817.52
2020-09-08,2796.67,2853.53,2781.48,2836.47,94512.5,2836.47
2020-09-09,2796.67,2820.36,2778.64,2808.03,83437.3,2808.03
2020-09-10,2814.67,2840.26,2801.4,2827.95,70251.1,2827.95
2020-09-11,2844.05,2858.28,2821.3,2830.78,98731.6,2830.78
2020-09-14,2836.47,2836.47,2801.4,2822.24,94512.5,2822.24
2020-09-15,2812.77,2812.77,2763.48,2782.44,93246.5,2782.44
2020-09-16,2788.13,2812.77,2785.29,2811.83,119406.0,2811.83
2020-09-17,2796.67,2848.8,2792.86,2836.47,101473.0,2836.47
2020-09-18,2848.8,2953.08,2843.1,2891.46,225944.0,2891.46
2020-09-23,2900.94,3014.7,2900.94,2981.51,244088.0,2981.51
2020-09-24,2976.78,3076.32,2976.78,3038.4,187338.0,3038.4
2020-09-25,3033.65,3109.51,3033.65,3095.27,239446.0,3095.27
2020-09-28,3123.73,3194.82,3114.24,3152.16,575620.0,3152.16
2020-09-29,3118.78,3142.62,3056.78,3109.24,182541.0,3109.24
2020-09-30,3118.78,3133.09,3085.4,3085.4,92476.2,3085.4
2020-10-02,3104.48,3166.47,3047.25,3071.09,151925.0,3071.09
2020-10-05,3075.87,3166.47,3075.87,3085.4,92057.2,3085.4
2020-10-06,3085.4,3090.17,2985.26,2985.26,107154.0,2985.26
2020-10-07,2970.95,2999.56,2951.87,2961.41,74756.9,2961.41
2020-10-08,2961.41,3028.19,2951.87,2999.56,123510.0,2999.56
2020-10-09,2975.72,3028.19,2951.87,3013.87,82620.6,3013.87
2020-10-12,3023.4,3023.4,2937.57,2961.41,62805.4,2961.41
2020-10-13,2961.41,2966.18,2908.96,2942.34,90484.3,2942.34
2020-10-14,2961.41,3009.09,2961.41,2980.48,54520.7,2980.48
2020-10-15,2956.65,2961.41,2899.41,2908.96,65320.3,2908.96
2020-10-16,3042.49,3056.78,2932.8,2966.18,205398.0,2966.18
2020-10-19,2985.26,3009.09,2970.95,2990.02,133367.0,2990.02
2020-10-20,3013.87,3085.4,2975.72,2975.72,163458.0,2975.72
2020-10-21,2985.26,3018.65,2966.18,2994.8,72451.0,2994.8
2020-10-22,2966.18,2970.95,2885.12,2923.25,122149.0,2923.25
2020-10-23,2932.8,2985.26,2928.04,2937.57,119212.0,2937.57
2020-10-26,2975.72,2980.48,2904.19,2937.57,88492.3,2937.57
2020-10-27,2937.57,2970.95,2880.34,2961.41,108937.0,2961.41
2020-10-28,2928.04,2961.41,2908.96,2956.65,75175.9,2956.65
2020-10-29,2947.1,2975.72,2932.8,2951.87,77796.8,2951.87
2020-10-30,2918.5,2918.5,2827.89,2830.74,220078.0,2830.74
2020-11-02,2783.06,2899.41,2767.8,2899.41,230562.0,2899.41
2020-11-04,2880.34,2894.65,2823.12,2880.34,137246.0,2880.34
2020-11-05,2894.65,2913.72,2861.27,2908.96,163564.0,2908.96
2020-11-06,2894.65,2899.41,2846.0,2880.34,133891.0,2880.34
2020-11-09,2908.96,2947.1,2866.04,2932.8,154232.0,2932.8
2020-11-10,2951.87,2951.87,2861.27,2875.57,149095.0,2875.57
2020-11-11,2908.96,2908.96,2832.65,2846.96,177194.0,2846.96
2020-11-12,2838.39,2859.37,2821.21,2841.24,92372.2,2841.24
2020-11-13,2827.89,2854.59,2778.3,2791.63,97299.0,2791.63
2020-11-16,2794.51,2842.19,2784.02,2827.89,127076.0,2827.89
2020-11-17,2805.0,2805.95,2753.49,2753.49,112712.0,2753.49
2020-11-18,2738.24,2750.63,2712.47,2733.47,172894.0,2733.47
2020-11-19,2718.21,2735.37,2698.18,2722.97,145844.0,2722.97
2020-11-20,2718.21,2771.61,2710.57,2763.99,134415.0,2763.99
2020-11-24,2824.07,2860.31,2810.72,2829.79,138819.0,2829.79
2020-11-25,2866.04,2918.5,2831.7,2846.0,254048.0,2846.0
2020-11-26,2855.55,2855.55,2821.21,2829.79,135044.0,2829.79
2020-11-27,2850.78,2880.34,2805.95,2805.95,267364.0,2805.95
2020-11-30,2848.87,2848.87,2753.49,2753.49,327756.0,2753.49
2020-12-01,2783.06,2834.56,2773.52,2806.91,204769.0,2806.91
2020-12-02,2846.96,2894.65,2797.37,2814.54,258137.0,2814.54
2020-12-03,2810.72,2844.1,2809.77,2814.54,179081.0,2814.54
2020-12-04,2889.87,2889.87,2852.69,2880.34,83984.5,2880.34
2020-12-07,2866.04,2880.34,2838.39,2857.45,126027.0,2857.45
2020-12-08,2889.87,2904.19,2870.81,2870.81,115229.0,2870.81
2020-12-09,2880.34,2947.1,2870.81,2942.34,82934.6,2942.34
2020-12-10,2937.57,2975.72,2937.57,2970.95,125817.0,2970.95
2020-12-11,2994.8,3013.87,2966.18,2990.02,105687.0,2990.02
2020-12-14,3013.87,3071.09,3004.34,3009.09,129802.0,3009.09
2020-12-15,3009.09,3052.02,2994.8,3013.87,108098.0,3013.87
2020-12-16,3037.72,3037.72,2975.72,2990.02,106001.0,2990.02
2020-12-17,2990.02,3018.65,2970.95,3013.87,92372.2,3013.87
2020-12-18,3018.65,3061.56,2994.8,3061.56,162200.0,3061.56
2020-12-21,3061.56,3075.87,3023.4,3042.49,97719.0,3042.49
2020-12-22,2999.56,3013.87,2951.87,2961.41,84821.5,2961.41
2020-12-23,2985.26,3018.65,2966.18,3013.87,84717.5,3013.87
2020-12-24,3047.25,3056.78,3023.4,3037.72,91532.2,3037.72
2020-12-25,3056.78,3080.62,3042.49,3071.09,87443.4,3071.09
2020-12-28,3099.7,3123.55,3052.02,3075.87,98662.9,3075.87
2020-12-29,3104.48,3171.24,3090.17,3171.24,146264.0,3171.24
2020-12-30,3171.24,3180.77,3118.78,3118.78,107049.0,3118.78
2021-01-04,3133.09,3147.4,3090.17,3118.78,92057.2,3118.78
2021-01-05,3152.16,3166.47,3094.94,3114.01,91532.2,3114.01
2021-01-06,3128.31,3152.16,3109.24,3133.09,95936.0,3133.09
2021-01-07,3142.62,3171.24,3133.09,3142.62,85032.5,3142.62
2021-01-08,3128.31,3195.09,3118.78,3190.31,94993.1,3190.31
2021-01-12,3190.31,3252.31,3176.02,3209.39,163144.0,3209.39
2021-01-13,3204.62,3204.62,3171.24,3180.77,88073.4,3180.77
2021-01-14,3209.39,3247.53,3204.62,3223.7,95412.0,3223.7
2021-01-15,3204.62,3228.46,3180.77,3199.85,80523.7,3199.85
2021-01-18,3195.09,3214.15,3156.93,3166.47,81467.6,3166.47
2021-01-19,3190.31,3204.62,3142.62,3142.62,71612.0,3142.62
2021-01-20,3114.01,3114.01,3056.78,3056.78,106945.0,3056.78
2021-01-21,3066.33,3109.24,3061.56,3071.09,145425.0,3071.09
2021-01-22,3047.25,3047.25,2994.8,2999.56,136932.0,2999.56
2021-01-25,2956.65,3023.4,2951.87,3023.4,182436.0,3023.4
2021-01-26,3061.56,3128.31,3037.72,3104.48,175934.0,3104.48
2021-01-27,3147.4,3195.09,3099.7,3118.78,139658.0,3118.78
2021-01-28,3052.02,3137.87,3052.02,3114.01,318005.0,3114.01
2021-01-29,3114.01,3176.02,3114.01,3118.78,131585.0,3118.78
2021-02-01,3118.78,3152.16,3066.33,3080.62,117745.0,3080.62
2021-02-02,3085.4,3094.94,3052.02,3085.4,79055.7,3085.4
2021-02-03,3123.55,3223.7,3104.48,3128.31,228884.0,3128.31
2021-02-04,3123.55,3185.55,3080.62,3109.24,155594.0,3109.24
2021-02-05,3142.62,3142.62,3066.33,3066.33,115438.0,3066.33
2021-02-08,3104.48,3176.02,3085.4,3171.24,160523.0,3171.24
2021-02-09,3176.02,3218.92,3156.93,3214.15,111663.0,3214.15
2021-02-10,3214.15,3247.53,3209.39,3209.39,92896.2,3209.39
2021-02-12,3209.39,3218.92,3171.24,3180.77,88282.3,3180.77
2021-02-15,3242.77,3290.45,3223.7,3285.69,126551.0,3285.69
2021-02-16,3323.84,3371.52,3323.84,3366.77,152344.0,3366.77
2021-02-17,3366.77,3381.06,3328.61,3333.38,106735.0,3333.38
2021-02-18,3352.46,3352.46,3261.84,3271.38,80838.6,3271.38
2021-02-19,3242.77,3247.53,3185.55,3199.85,113237.0,3199.85
2021-02-22,3176.02,3214.15,3166.47,3185.55,78741.7,3185.55
2021-02-24,3147.4,3161.71,3090.17,3118.78,133577.0,3118.78
2021-02-25,3137.87,3147.4,3080.62,3085.4,107154.0,3085.4
2021-02-26,3052.02,3052.02,2966.18,2966.18,161257.0,2966.18
2021-03-01,3032.94,3071.09,3028.19,3071.09,101283.0,3071.09
2021-03-02,3123.55,3123.55,3066.33,3080.62,95412.0,3080.62
2021-03-03,3099.7,3123.55,3085.4,3123.55,106945.0,3123.55
2021-03-04,3099.7,3142.62,3085.4,3142.62,83355.6,3142.62
2021-03-05,3142.62,3185.55,3133.09,3185.55,98242.9,3185.55
2021-03-08,3233.23,3280.92,3195.09,3228.46,153707.0,3228.46
2021-03-09,3204.62,3252.31,3195.09,3218.92,107679.0,3218.92
2021-03-10,3271.38,3290.45,3223.7,3257.08,96146.0,3257.08
2021-03-11,3280.92,3333.38,3261.84,3328.61,104534.0,3328.61
2021-03-12,3338.14,3366.77,3304.76,3361.99,113341.0,3361.99
2021-03-15,3376.3,3409.67,3352.46,3404.91,83040.6,3404.91
2021-03-16,3409.67,3433.52,3385.84,3433.52,85976.4,3433.52
2021-03-17,3433.52,3433.52,3390.6,3428.76,64062.3,3428.76
2021-03-18,3466.89,3495.52,3438.28,3462.14,126237.0,3462.14
2021-03-19,3457.36,3495.52,3447.82,3457.36,133262.0,3457.36
2021-03-22,3485.99,3533.67,3428.76,3457.36,181493.0,3457.36
2021-03-23,3428.76,3471.67,3414.45,3443.06,79684.7,3443.06
2021-03-24,3433.52,3457.36,3381.06,3381.06,122882.0,3381.06
2021-03-25,3409.67,3414.45,3366.77,3371.52,116905.0,3371.52
2021-03-26,3371.52,3452.6,3371.52,3452.6,97299.0,3452.6
2021-03-29,3447.82,3481.2,3428.76,3481.2,175306.0,3481.2
2021-03-30,3505.31,3510.15,3457.09,3486.04,84411.6,3486.04
2021-03-31,3490.85,3490.85,3360.67,3365.49,117284.0,3365.49
2021-04-01,3375.14,3389.6,3249.77,3264.24,178259.0,3264.24
2021-04-02,3331.75,3341.38,3302.8,3317.27,74871.0,3317.27
2021-04-05,3331.75,3360.67,3307.63,3341.38,74664.0,3341.38
2021-04-06,3346.2,3375.14,3317.27,3317.27,64190.5,3317.27
2021-04-07,3336.56,3399.25,3336.56,3399.25,79433.3,3399.25
2021-04-08,3394.42,3394.42,3355.85,3370.31,58589.4,3370.31
2021-04-09,3408.89,3442.64,3384.78,3389.6,79122.3,3389.6
2021-04-12,3437.81,3447.46,3404.06,3437.81,66264.2,3437.81
2021-04-13,3466.75,3495.67,3433.0,3433.0,113551.0,3433.0
2021-04-14,3433.0,3461.92,3404.06,3418.52,71967.4,3418.52
2021-04-15,3418.52,3433.0,3399.25,3418.52,59731.2,3418.52
2021-04-16,3442.64,3452.28,3404.06,3413.7,37747.4,3413.7
2021-04-19,3379.95,3384.78,3317.27,3317.27,82855.8,3317.27
2021-04-20,3288.35,3312.45,3249.77,3259.41,72279.4,3259.41
2021-04-21,3244.95,3264.24,3211.19,3249.77,64293.5,3249.77
2021-04-22,3355.85,3355.85,3273.88,3312.45,99966.3,3312.45
2021-04-23,3312.45,3375.14,3312.45,3351.02,89284.9,3351.02
2021-04-26,3375.14,3375.14,3307.63,3312.45,68235.0,3312.45
2021-04-27,3307.63,3307.63,3254.6,3254.6,71759.4,3254.6
2021-04-28,3312.45,3312.45,3269.06,3273.88,77152.6,3273.88
2021-04-30,3326.91,3365.49,3307.63,3326.91,86278.3,3326.91
2021-05-06,3375.14,3399.25,3355.85,3360.67,84099.6,3360.67
2021-05-07,3399.25,3457.09,3394.42,3413.7,88248.0,3413.7
2021-05-10,3461.92,3461.92,3177.46,3225.66,279470.0,3225.66
2021-05-11,3158.16,3172.62,3071.37,3158.16,259974.0,3158.16
2021-05-12,3158.16,3167.8,3105.12,3124.4,109402.0,3124.4
2021-05-13,3085.84,3114.77,3042.45,3056.9,124127.0,3056.9
2021-05-14,3114.77,3138.88,3100.3,3119.59,78085.5,3119.59
2021-05-17,3134.05,3153.35,3076.2,3105.12,90218.7,3105.12
2021-05-18,3109.95,3124.4,3052.09,3119.59,97166.7,3119.59
2021-05-19,3124.4,3129.23,3037.62,3047.26,124335.0,3047.26
2021-05-20,3037.62,3052.09,3018.34,3018.34,96647.8,3018.34
2021-05-21,2999.05,3071.37,2984.58,3052.09,99655.3,3052.09
2021-05-24,3076.2,3109.95,3066.55,3085.84,72486.3,3085.84
2021-05-25,3047.26,3061.73,3027.98,3042.45,73627.2,3042.45
2021-05-26,2994.22,3013.51,2984.58,2989.4,57864.5,2989.4
2021-05-27,2974.95,3008.69,2926.72,2936.37,141031.0,2936.37
2021-05-28,2950.83,2979.76,2950.83,2970.11,57656.5,2970.11
2021-05-31,2970.11,2989.4,2892.97,2897.8,71137.5,2897.8
2021-06-01,2926.72,2926.72,2888.15,2912.26,50086.6,2912.26
2021-06-02,2897.8,2907.44,2861.15,2861.15,89700.8,2861.15
2021-06-03,2864.05,2902.61,2864.05,2884.29,77463.6,2884.29
2021-06-04,2897.8,2897.8,2863.08,2873.69,92707.4,2873.69
2021-06-07,2892.97,2892.97,2863.08,2871.76,87211.2,2871.76
2021-06-08,2873.69,2889.12,2854.39,2872.72,79019.4,2872.72
2021-06-09,2891.04,2902.61,2873.69,2877.54,50709.5,2877.54
2021-06-10,2873.69,2874.65,2847.65,2856.32,88144.0,2856.32
2021-06-11,2867.9,2885.26,2857.29,2882.36,83996.6,2882.36
2021-06-14,2887.19,2891.04,2865.01,2883.33,90011.8,2883.33
2021-06-15,2878.5,2936.37,2877.54,2917.08,98306.5,2917.08
2021-06-16,2884.29,2902.61,2878.5,2882.36,117491.0,2882.36
2021-06-17,2879.47,2885.26,2860.18,2864.05,88352.0,2864.05
2021-06-18,2864.05,2873.69,2845.73,2846.69,82233.9,2846.69
2021-06-21,2825.47,2825.47,2773.4,2774.36,99655.3,2774.36
2021-06-22,2827.4,2837.04,2802.32,2825.47,76322.8,2825.47
2021-06-23,2825.47,2828.36,2797.51,2804.25,37643.4,2804.25
2021-06-24,2804.25,2832.22,2800.4,2827.4,61908.9,2827.4
2021-06-25,2846.69,2890.08,2844.76,2886.23,85240.5,2886.23
2021-06-28,2886.23,2892.97,2852.47,2888.15,103181.0,2888.15
2021-06-29,2864.05,2884.29,2856.32,2884.29,129625.0,2884.29
2021-06-30,2907.44,2931.55,2876.58,2897.8,121225.0,2897.8
2021-07-01,2926.72,2960.48,2907.44,2946.0,154201.0,2946.0
2021-07-02,2960.48,2974.95,2941.19,2946.0,56516.7,2946.0
2021-07-05,2941.19,2946.0,2892.97,2892.97,59213.3,2892.97
2021-07-06,2921.9,2921.9,2874.65,2878.5,59213.3,2878.5
2021-07-07,2830.29,2855.36,2812.93,2855.36,133149.0,2855.36
2021-07-08,2855.36,2892.01,2849.58,2857.29,127239.0,2857.29
2021-07-09,2814.86,2852.47,2797.51,2845.73,124958.0,2845.73
2021-07-12,2875.61,2902.61,2856.32,2869.82,85240.5,2869.82
2021-07-13,2902.61,2946.0,2897.8,2941.19,64501.5,2941.19
2021-07-14,2950.83,2984.58,2941.19,2970.11,74871.0,2970.11
2021-07-15,2994.22,3013.51,2931.55,2936.37,73627.2,2936.37
2021-07-16,2917.08,2970.11,2912.26,2921.9,70411.6,2921.9
2021-07-19,2921.9,2941.19,2912.26,2912.26,68337.9,2912.26
2021-07-20,2892.97,2921.9,2879.47,2912.26,80678.1,2912.26
2021-07-21,2936.37,2960.48,2921.9,2950.83,84203.6,2950.83
2021-07-26,2989.4,2989.4,2941.19,2950.83,52161.3,2950.83
2021-07-27,2912.26,2946.0,2902.61,2921.9,75803.8,2921.9
2021-07-28,2892.97,2921.9,2881.39,2907.44,89595.8,2907.44
2021-07-29,2881.39,2907.44,2842.83,2846.69,139476.0,2846.69
2021-07-30,2888.15,2892.97,2851.5,2855.36,87833.1,2855.36
2021-08-02,2917.08,2965.29,2912.26,2946.0,122987.0,2946.0
2021-08-03,2854.39,2917.08,2854.39,2892.01,148809.0,2892.01
2021-08-04,2878.5,2912.26,2858.26,2861.15,122365.0,2861.15
2021-08-05,2854.39,2873.69,2830.29,2858.26,102766.0,2858.26
2021-08-06,2861.15,2861.15,2819.69,2842.83,98202.5,2842.83
2021-08-10,2856.32,2863.08,2814.86,2814.86,119876.0,2814.86
2021-08-11,2851.5,2855.36,2796.55,2808.11,118321.0,2808.11
2021-08-12,2835.11,2854.39,2825.47,2843.79,76218.8,2843.79
2021-08-13,2818.72,2851.5,2803.29,2848.62,93847.2,2848.62
2021-08-16,2864.05,2879.47,2806.19,2828.36,61390.0,2828.36
2021-08-17,2815.82,2826.43,2793.65,2793.65,65434.4,2793.65
2021-08-18,2811.97,2849.58,2811.97,2831.25,53612.1,2831.25
2021-08-19,2811.97,2825.47,2789.78,2789.78,67301.1,2789.78
2021-08-20,2795.58,2829.32,2795.58,2815.82,78708.4,2815.82
2021-08-23,2862.11,2876.58,2839.93,2852.47,66989.1,2852.47
2021-08-24,2865.97,2881.39,2843.79,2854.39,107640.0,2854.39
2021-08-25,2872.72,2876.58,2849.58,2857.29,63568.6,2857.29
2021-08-26,2859.22,2870.8,2843.79,2856.32,120083.0,2856.32
2021-08-27,2844.76,2865.01,2815.82,2826.43,167474.0,2826.43
2021-08-30,2833.19,2876.58,2806.19,2865.97,326135.0,2865.97
2021-08-31,2857.29,2897.8,2826.43,2878.5,155446.0,2878.5
2021-09-01,2892.97,2902.61,2878.5,2897.8,91151.6,2897.8
2021-09-02,2877.54,2902.61,2867.9,2902.61,91566.5,2902.61
2021-09-03,2902.61,2926.72,2881.39,2917.08,103803.0,2917.08
2021-09-06,2921.9,2955.65,2921.9,2936.37,64397.5,2936.37
2021-09-07,2970.11,2984.58,2950.83,2970.11,93122.3,2970.11
2021-09-08,2970.11,2999.05,2960.48,2999.05,126098.0,2999.05
2021-09-09,3013.51,3066.55,2994.22,3037.62,151297.0,3037.62
2021-09-10,3008.69,3027.98,2984.58,3003.87,153267.0,3003.87
2021-09-13,2994.22,3013.51,2984.58,3013.51,70204.7,3013.51
2021-09-14,3023.15,3023.15,2989.4,3008.69,73523.2,3008.69
2021-09-15,2984.58,2989.4,2955.65,2970.11,71552.5,2970.11
2021-09-16,2960.48,2979.76,2950.83,2970.11,77774.6,2970.11
2021-09-17,2974.95,2989.4,2960.48,2979.76,121329.0,2979.76
2021-09-21,2950.83,2955.65,2926.72,2931.55,119876.0,2931.55
2021-09-22,2912.26,2912.26,2842.83,2842.83,198272.0,2842.83
2021-09-24,2858.26,2861.15,2838.0,2849.58,321260.0,2849.58
2021-09-27,2843.79,2869.82,2815.82,2819.69,316801.0,2819.69
2021-09-28,2816.78,2828.36,2794.61,2810.04,478676.0,2810.04
2021-09-29,2776.05,2795.48,2757.61,2770.23,264369.0,2770.23
2021-09-30,2779.94,2787.7,2750.81,2755.66,96808.3,2755.66
2021-10-01,2743.04,2748.86,2674.1,2680.9,176521.0,2680.9
2021-10-04,2700.32,2702.26,2661.48,2669.25,94542.8,2669.25
2021-10-05,2643.03,2649.82,2604.19,2619.72,202370.0,2619.72
2021-10-06,2633.32,2714.88,2621.66,2704.2,167355.0,2704.2
2021-10-07,2733.33,2734.3,2680.9,2685.75,91041.5,2685.75
2021-10-08,2683.81,2727.51,2671.19,2697.41,126572.0,2697.41
2021-10-11,2689.63,2703.23,2671.19,2703.23,85273.8,2703.23
2021-10-12,2688.66,2703.23,2662.45,2662.45,87745.2,2662.45
2021-10-13,2666.34,2679.93,2650.79,2660.51,81875.5,2660.51
2021-10-14,2660.51,2675.07,2651.77,2655.65,60042.2,2655.65
2021-10-15,2670.22,2710.03,2658.57,2706.14,70032.0,2706.14
2021-10-18,2676.04,2676.04,2625.56,2643.03,135223.0,2643.03
2021-10-19,2637.21,2677.98,2633.32,2671.19,92895.1,2671.19
2021-10-20,2681.87,2694.5,2659.54,2667.31,73121.4,2667.31
2021-10-21,2659.54,2663.42,2633.32,2636.23,62719.6,2636.23
2021-10-22,2622.63,2654.68,2616.81,2631.38,79404.0,2631.38
2021-10-25,2631.38,2637.21,2604.19,2605.16,76313.7,2605.16
2021-10-26,2623.61,2657.59,2614.87,2638.18,91350.5,2638.18
2021-10-27,2634.29,2657.59,2608.07,2622.63,96808.3,2622.63
2021-10-28,2604.19,2630.41,2585.74,2617.78,446864.0,2617.78
2021-10-29,2596.43,2606.13,2570.21,2594.48,119362.0,2594.48
2021-11-01,2641.09,2645.94,2563.41,2566.32,185275.0,2566.32
2021-11-02,2542.05,2544.96,2499.33,2525.54,195368.0,2525.54
2021-11-04,2573.12,2581.86,2507.09,2516.8,183214.0,2516.8
2021-11-05,2505.15,2530.4,2498.36,2530.4,124821.0,2530.4
2021-11-08,2538.16,2545.93,2497.39,2497.39,111639.0,2497.39
2021-11-09,2500.3,2520.68,2479.9,2479.9,81257.6,2479.9
2021-11-10,2479.9,2493.49,2452.71,2456.6,80124.9,2456.6
2021-11-11,2450.77,2467.28,2412.91,2447.86,112051.0,2447.86
2021-11-12,2457.57,2496.42,2457.57,2496.42,63131.5,2496.42
2021-11-15,2509.03,2523.59,2497.39,2505.15,70032.0,2505.15
2021-11-16,2499.33,2514.86,2490.58,2490.58,91453.5,2490.58
2021-11-17,2490.58,2505.15,2478.93,2478.93,61483.8,2478.93
2021-11-18,2478.93,2503.21,2477.96,2485.73,116788.0,2485.73
2021-11-19,2485.73,2518.74,2476.99,2518.74,90114.7,2518.74
2021-11-22,2502.24,2502.24,2481.84,2481.84,50464.2,2481.84
2021-11-24,2477.96,2505.15,2476.99,2477.96,70032.0,2477.96
2021-11-25,2479.9,2497.39,2479.9,2490.58,38929.7,2490.58
2021-11-26,2481.84,2486.7,2448.83,2455.63,68899.3,2455.63
2021-11-29,2417.76,2417.76,2348.82,2355.62,136046.0,2355.62
2021-11-30,2361.44,2401.26,2298.32,2302.22,230898.0,2302.22
2021-12-01,2303.19,2329.4,2294.44,2312.89,77858.3,2312.89
2021-12-02,2294.44,2375.04,2291.53,2359.5,158704.0,2359.5
2021-12-03,2371.16,2397.37,2364.35,2388.63,65294.0,2388.63
2021-12-06,2390.57,2421.64,2376.98,2381.83,47786.8,2381.83
2021-12-07,2409.02,2430.39,2383.78,2428.44,49331.4,2428.44
2021-12-08,2428.44,2428.44,2388.63,2405.14,80536.8,2405.14
2021-12-09,2366.3,2401.26,2359.5,2387.66,75077.9,2387.66
2021-12-10,2384.75,2392.51,2360.47,2375.04,76004.7,2375.04
2021-12-13,2375.04,2394.45,2370.19,2385.72,67868.5,2385.72
2021-12-14,2370.19,2393.48,2370.19,2388.63,80536.8,2388.63
2021-12-15,2365.33,2396.39,2365.33,2387.66,84244.0,2387.66
2021-12-16,2379.89,2395.42,2370.19,2387.66,79713.0,2387.66
2021-12-17,2370.19,2386.69,2345.91,2370.19,167870.0,2370.19
2021-12-20,2346.88,2351.73,2323.57,2333.29,170341.0,2333.29
2021-12-21,2359.5,2387.66,2337.17,2377.95,153864.0,2377.95
2021-12-22,2389.6,2400.29,2378.92,2383.78,90526.7,2383.78
2021-12-23,2390.57,2403.2,2364.35,2386.69,65397.0,2386.69
2021-12-24,2402.23,2402.23,2377.95,2391.54,41092.2,2391.54
2021-12-27,2380.86,2388.63,2364.35,2388.63,58600.5,2388.63
2021-12-28,2404.17,2425.52,2397.37,2425.52,63028.5,2425.52
2021-12-29,2426.5,2444.95,2425.52,2443.98,53244.6,2443.98
2021-12-30,2427.47,2436.21,2409.02,2411.94,39135.6,2411.94
2022-01-04,2442.04,2442.04,2395.42,2432.33,82390.4,2432.33
2022-01-05,2456.6,2476.02,2442.04,2472.14,61380.9,2472.14
2022-01-06,2453.68,2484.76,2446.89,2465.34,85376.7,2465.34
2022-01-07,2457.57,2471.17,2424.55,2446.89,64264.2,2446.89
2022-01-11,2442.04,2452.71,2398.35,2421.64,66529.8,2421.64
2022-01-12,2408.05,2454.66,2408.05,2445.92,35736.3,2445.92
2022-01-13,2462.43,2462.43,2434.27,2439.12,63440.4,2439.12
2022-01-14,2410.96,2447.86,2408.05,2443.01,60866.0,2443.01
2022-01-17,2450.77,2463.4,2432.33,2459.51,31514.2,2459.51
2022-01-18,2466.31,2473.11,2439.12,2441.07,50052.3,2441.07
2022-01-19,2413.88,2433.3,2393.48,2397.37,82905.3,2397.37
2022-01-20,2398.35,2448.83,2398.35,2432.33,61483.8,2432.33
2022-01-21,2432.33,2445.92,2403.2,2443.01,38002.9,2443.01
2022-01-24,2443.01,2451.74,2416.79,2451.74,40577.3,2451.74
2022-01-25,2432.33,2464.37,2422.61,2464.37,76725.6,2464.37
2022-01-26,2464.37,2473.11,2432.33,2432.33,61071.9,2432.33
2022-01-27,2432.33,2442.04,2390.57,2411.94,76416.7,2411.94
2022-01-28,2439.12,2468.26,2423.58,2450.77,65088.1,2450.77
2022-01-31,2443.98,2446.89,2427.47,2437.18,39547.5,2437.18
2022-02-01,2432.33,2450.77,2428.44,2433.3,56745.8,2433.3
2022-02-02,2408.05,2431.36,2263.37,2266.28,364371.0,2266.28
2022-02-03,2262.4,2315.81,2242.98,2310.95,239035.0,2310.95
2022-02-04,2301.25,2324.54,2275.03,2304.16,171371.0,2304.16
2022-02-07,2301.25,2346.88,2300.28,2339.11,163236.0,2339.11
2022-02-08,2338.14,2356.59,2323.57,2341.05,92174.3,2341.05
2022-02-09,2333.29,2339.11,2309.98,2331.34,70032.0,2331.34
2022-02-10,2347.85,2348.82,2311.92,2333.29,120495.0,2333.29
2022-02-14,2320.66,2341.05,2306.1,2332.32,78786.2,2332.32
2022-02-15,2340.08,2352.7,2309.01,2335.23,111536.0,2335.23
2022-02-16,2350.76,2376.01,2342.03,2358.53,219982.0,2358.53
2022-02-17,2330.37,2348.82,2286.68,2290.56,164574.0,2290.56
2022-02-18,2290.56,2369.21,2290.56,2364.35,153246.0,2364.35
2022-02-21,2340.08,2368.24,2323.57,2357.56,78992.1,2357.56
2022-02-22,2357.56,2357.56,2323.57,2333.29,64058.3,2333.29
2022-02-24,2312.89,2346.88,2306.1,2338.14,114110.0,2338.14
2022-02-25,2330.37,2340.08,2281.82,2295.41,134296.0,2295.41
2022-02-28,2301.25,2357.56,2298.32,2350.76,144389.0,2350.76
2022-03-01,2302.22,2364.35,2302.22,2348.82,123379.0,2348.82
2022-03-02,2310.95,2316.78,2291.53,2298.32,107622.0,2298.32
2022-03-03,2302.22,2307.07,2274.06,2276.97,98353.0,2276.97
2022-03-04,2272.12,2276.97,2231.33,2233.27,117920.0,2233.27
2022-03-07,2223.56,2225.5,2188.61,2217.74,138518.0,2217.74
2022-03-08,2202.21,2221.62,2163.36,2173.08,124409.0,2173.08
2022-03-09,2170.16,2173.08,2126.46,2136.17,196295.0,2136.17
2022-03-10,2163.36,2205.12,2157.53,2198.31,189909.0,2198.31
2022-03-11,2149.77,2174.05,2143.94,2167.24,129455.0,2167.24
2022-03-14,2182.78,2190.55,2160.45,2167.24,179095.0,2167.24
2022-03-15,2183.75,2248.81,2168.21,2243.96,129455.0,2243.96
2022-03-16,2235.22,2250.75,2221.62,2221.62,83626.1,2221.62
2022-03-17,2233.27,2233.27,2206.09,2227.44,90011.8,2227.44
2022-03-18,2232.3,2237.16,2213.85,2216.77,114213.0,2216.77
2022-03-22,2242.01,2244.93,2205.12,2213.85,98250.0,2213.85
2022-03-23,2229.39,2270.17,2217.74,2249.78,102473.0,2249.78
2022-03-24,2234.25,2247.84,2209.0,2223.56,72606.5,2223.56
2022-03-25,2228.41,2233.27,2211.91,2224.53,73945.2,2224.53
2022-03-28,2225.5,2231.33,2213.85,2224.53,59321.3,2224.53
2022-03-29,2223.56,2223.56,2200.25,2217.74,109784.0,2217.74
2022-03-30,2236.56,2236.56,2188.02,2200.9,110448.0,2200.9
2022-03-31,2190.0,2210.8,2176.14,2181.09,91367.6,2181.09
2022-04-01,2154.34,2188.02,2131.56,2180.1,188187.0,2180.1
2022-04-04,2191.98,2217.74,2184.06,2217.74,88742.7,2217.74
2022-04-05,2236.56,2249.43,2217.74,2238.54,105199.0,2238.54
2022-04-06,2210.8,2212.78,2182.08,2189.01,65421.2,2189.01
2022-04-07,2180.1,2186.04,2155.34,2175.15,97829.0,2175.15
2022-04-08,2179.11,2185.05,2160.29,2185.05,65825.1,2185.05
2022-04-11,2190.99,2202.88,2185.05,2195.95,62695.3,2195.95
2022-04-12,2176.14,2185.05,2163.26,2170.19,81978.5,2170.19
2022-04-13,2159.3,2171.18,2139.49,2142.46,77031.5,2142.46
2022-04-14,2146.42,2158.31,2138.5,2144.44,46037.2,2144.44
2022-04-15,2132.55,2136.52,2117.7,2118.69,63099.2,2118.69
2022-04-18,2099.87,2099.87,1970.11,2061.24,173043.0,2061.24
2022-04-19,2080.06,2097.89,2069.16,2091.94,62493.4,2091.94
2022-04-20,2082.04,2124.63,2075.1,2115.72,69156.7,2115.72
2022-04-21,2124.63,2152.36,2122.65,2144.44,71276.8,2144.44
2022-04-22,2114.72,2150.38,2109.77,2143.45,74406.6,2143.45
2022-04-25,2125.62,2141.47,2114.72,2131.56,57748.4,2131.56
2022-04-26,2134.53,2144.44,2118.69,2124.63,52094.7,2124.63
2022-04-27,2085.01,2093.92,2051.33,2052.32,162442.0,2052.32
2022-04-28,2062.23,2116.71,2062.23,2109.77,80968.9,2109.77
2022-05-02,2097.89,2118.69,2094.91,2103.83,49772.6,2103.83
2022-05-06,2103.83,2104.82,2082.04,2095.91,109944.0,2095.91
2022-05-09,2082.04,2217.74,2070.15,2165.24,388691.0,2165.24
2022-05-10,2144.44,2145.43,2052.32,2138.5,244623.0,2138.5
2022-05-11,2138.5,2174.15,2118.69,2126.61,102977.0,2126.61
2022-05-12,2091.94,2116.71,2082.04,2104.82,87329.3,2104.82
2022-05-13,2115.72,2152.36,2089.96,2152.36,165572.0,2152.36
2022-05-16,2153.35,2176.14,2131.56,2160.29,156385.0,2160.29
2022-05-17,2165.24,2177.13,2120.67,2136.52,104391.0,2136.52
2022-05-18,2124.63,2136.52,2105.81,2108.78,116506.0,2108.78
2022-05-19,2091.94,2110.76,2087.98,2099.87,94295.4,2099.87
2022-05-20,2111.75,2114.72,2091.94,2091.94,69964.4,2091.94
2022-05-23,2111.75,2129.58,2094.91,2103.83,62392.5,2103.83
2022-05-24,2099.87,2103.83,2089.96,2089.96,56940.7,2089.96
2022-05-25,2106.8,2107.79,2076.09,2083.03,63402.1,2083.03
2022-05-26,2083.03,2107.79,2081.05,2091.94,70368.2,2091.94
2022-05-27,2107.79,2107.79,2076.09,2079.07,68853.8,2079.07
2022-05-30,2104.82,2125.62,2091.94,2112.74,145683.0,2112.74
2022-05-31,2108.78,2108.78,2071.14,2088.97,197475.0,2088.97
2022-06-01,2090.95,2146.42,2090.95,2144.44,86420.7,2144.44
2022-06-02,2141.47,2141.47,2105.81,2115.72,44219.9,2115.72
2022-06-03,2115.72,2132.55,2111.75,2132.55,69560.5,2132.55
2022-06-06,2126.61,2140.48,2115.72,2140.48,51388.0,2140.48
2022-06-07,2144.44,2155.34,2134.53,2144.44,53407.1,2144.44
2022-06-08,2132.55,2150.38,2130.57,2141.47,107016.0,2141.47
2022-06-09,2129.58,2135.53,2093.92,2100.86,193033.0,2100.86
2022-06-10,2087.98,2110.76,2083.03,2094.91,151539.0,2094.91
2022-06-13,2087.98,2099.87,2078.08,2097.89,100958.0,2097.89
2022-06-14,2085.01,2113.73,2085.01,2100.86,90358.1,2100.86
2022-06-15,2098.88,2108.78,2080.06,2080.06,76930.5,2080.06
2022-06-16,2085.01,2110.76,2085.01,2102.84,59262.7,2102.84
2022-06-17,2077.09,2126.61,2069.16,2117.7,119636.0,2117.7
2022-06-20,2129.58,2134.53,2099.87,2102.84,39373.9,2102.84
2022-06-21,2099.87,2113.73,2087.98,2103.83,93891.6,2103.83
2022-06-22,2119.68,2137.51,2105.81,2134.53,95406.0,2134.53
2022-06-23,2141.47,2181.09,2141.47,2178.12,70469.2,2178.12
2022-06-24,2187.03,2189.01,2154.34,2172.17,64411.6,2172.17
2022-06-27,2212.78,2218.73,2173.16,2175.15,93184.9,2175.15
2022-06-28,2184.06,2214.77,2174.15,2207.83,83089.0,2207.83
2022-06-29,2238.54,2256.37,2202.88,2245.47,219787.0,2245.47
2022-06-30,2256.37,2272.21,2242.5,2255.38,110650.0,2255.38
2022-07-01,2276.18,2293.02,2227.64,2240.52,111660.0,2240.52
2022-07-04,2262.31,2288.06,2248.44,2276.18,73397.0,2276.18
2022-07-05,2287.07,2296.98,2274.2,2282.12,115496.0,2282.12
2022-07-06,2270.23,2282.12,2255.38,2281.13,91468.6,2281.13
2022-07-07,2297.97,2305.89,2288.06,2294.01,86420.7,2294.01
2022-07-08,2294.01,2297.97,2260.33,2270.23,119838.0,2270.23
2022-07-11,2294.01,2327.68,2284.1,2310.84,112367.0,2310.84
2022-07-12,2301.93,2306.88,2268.25,2284.1,70974.0,2284.1
2022-07-13,2284.1,2293.02,2278.16,2282.12,38364.3,2282.12
2022-07-14,2274.2,2283.11,2266.27,2277.17,60272.3,2277.17
2022-07-15,2282.12,2299.95,2249.43,2254.39,59767.5,2254.39
2022-07-19,2259.34,2259.34,2210.8,2229.62,78041.1,2229.62
2022-07-20,2243.49,2257.36,2235.57,2250.42,88742.7,2250.42
2022-07-21,2242.5,2267.26,2237.55,2263.3,57142.6,2263.3
2022-07-22,2264.29,2284.1,2261.32,2277.17,77233.4,2277.17
2022-07-25,2292.02,2297.97,2271.22,2288.06,67844.2,2288.06
2022-07-26,2285.09,2285.09,2259.34,2265.28,72488.3,2265.28
2022-07-27,2265.28,2273.21,2253.4,2261.32,58959.9,2261.32
2022-07-28,2265.28,2268.25,2249.43,2263.3,71579.7,2263.3
2022-07-29,2267.26,2267.26,2242.5,2242.5,53407.1,2242.5
2022-08-01,2258.35,2287.07,2251.41,2275.19,134880.0,2275.19
2022-08-02,2261.32,2261.32,2211.79,2231.6,142755.0,2231.6
2022-08-03,2240.52,2240.52,2208.82,2209.81,62796.3,2209.81
2022-08-04,2219.72,2219.72,2190.99,2212.78,77031.5,2212.78
2022-08-05,2197.93,2223.68,2197.93,2223.68,42806.5,2223.68
2022-08-08,2216.75,2227.64,2211.79,2219.72,52397.6,2219.72
2022-08-09,2227.64,2231.6,2190.99,2195.95,66430.8,2195.95
2022-08-10,2198.92,2210.8,2188.02,2207.83,43109.3,2207.83
2022-08-12,2207.83,2234.58,2207.83,2217.74,69257.7,2217.74
2022-08-15,2213.77,2224.67,2208.82,2223.68,31499.1,2223.68
2022-08-16,2233.58,2233.58,2201.89,2212.78,51993.7,2212.78
2022-08-17,2223.68,2238.54,2215.76,2228.63,55224.4,2228.63
2022-08-18,2227.64,2227.64,2200.9,2203.87,71074.9,2203.87
2022-08-19,2213.77,2213.77,2193.96,2194.96,63503.0,2194.96
2022-08-22,2192.97,2212.78,2185.05,2204.86,44421.8,2204.86
2022-08-23,2198.92,2198.92,2177.13,2193.96,84906.3,2193.96
2022-08-24,2189.01,2191.98,2180.1,2181.09,38061.4,2181.09
2022-08-25,2186.04,2191.98,2180.1,2184.06,27258.8,2184.06
2022-08-26,2187.03,2190.0,2165.24,2171.18,94194.5,2171.18
2022-08-29,2139.49,2172.17,2139.49,2164.25,70065.3,2164.25
2022-08-30,2178.12,2178.12,2162.27,2174.15,47147.7,2174.15
2022-08-31,2159.3,2171.18,2150.38,2154.34,65926.0,2154.34
2022-09-01,2148.4,2157.32,2141.47,2143.45,67440.4,2143.45
2022-09-02,2128.59,2128.59,2089.96,2108.78,245733.0,2108.78
2022-09-05,2094.91,2109.77,2080.06,2095.91,109944.0,2095.91
2022-09-06,2109.77,2109.77,2085.01,2088.97,92276.3,2088.97
2022-09-07,2085.01,2091.94,2043.41,2045.39,168601.0,2045.39
2022-09-08,2070.15,2075.1,2051.33,2061.24,143260.0,2061.24
2022-09-09,2052.32,2069.16,2046.38,2063.22,193033.0,2063.22
2022-09-12,2070.15,2073.12,2054.3,2055.29,118828.0,2055.29
2022-09-13,2060.25,2076.09,2057.28,2076.09,76728.6,2076.09
2022-09-14,2050.34,2061.24,2041.43,2052.32,140837.0,2052.32
2022-09-15,2058.27,2058.27,2049.35,2056.28,86824.5,2056.28
2022-09-16,2046.38,2075.1,2046.38,2072.13,262795.0,2072.13
2022-09-20,2092.93,2095.91,2065.2,2090.95,204138.0,2090.95
2022-09-21,2078.08,2097.89,2071.14,2086.0,206460.0,2086.0
2022-09-22,2073.12,2075.1,2058.27,2070.15,197879.0,2070.15
2022-09-26,2054.3,2076.09,2054.3,2075.1,260675.0,2075.1
2022-09-27,2079.07,2103.83,2076.09,2093.92,256132.0,2093.92
2022-09-28,2080.06,2094.91,2063.22,2086.0,527004.0,2086.0
2022-09-29,2084.0,2103.0,2070.0,2095.0,205800.0,2095.0
2022-09-30,2097.0,2113.0,2085.0,2090.0,131600.0,2090.0
2022-10-03,2084.0,2084.0,2037.0,2046.0,150900.0,2046.0
2022-10-04,2064.0,2098.0,2060.0,2096.0,96100.0,2096.0
2022-10-05,2103.0,2105.0,2086.0,2093.0,96300.0,2093.0
2022-10-06,2108.0,2115.0,2089.0,2090.0,76400.0,2090.0
2022-10-07,2066.0,2079.0,2056.0,2073.0,92000.0,2073.0
2022-10-11,2046.0,2056.0,2037.0,2042.0,116900.0,2042.0
2022-10-12,2038.0,2052.0,2021.0,2028.0,156100.0,2028.0
2022-10-13,2023.0,2024.0,1989.0,2016.0,145000.0,2016.0
2022-10-14,2049.0,2057.0,2029.0,2048.0,95600.0,2048.0
2022-10-17,2044.0,2048.0,2031.0,2032.0,54600.0,2032.0
2022-10-18,2032.0,2045.0,2028.0,2038.0,48100.0,2038.0
2022-10-19,2038.0,2051.0,2031.0,2045.0,48700.0,2045.0
2022-10-20,2044.0,2055.0,2035.0,2040.0,89800.0,2040.0
2022-10-21,2034.0,2037.0,2022.0,2025.0,72900.0,2025.0
2022-10-24,2010.0,2010.0,1982.0,1983.0,210700.0,1983.0
2022-10-25,2001.0,2004.0,1991.0,1997.0,102900.0,1997.0
2022-10-26,2010.0,2035.0,2010.0,2027.0,96200.0,2027.0
2022-10-27,2029.0,2034.0,2005.0,2006.0,73900.0,2006.0
2022-10-28,1995.0,2004.0,1973.0,1982.0,335000.0,1982.0
2022-10-31,1986.0,1990.0,1961.0,1967.0,152200.0,1967.0
2022-11-01,1991.0,1991.0,1932.0,1941.0,237400.0,1941.0
2022-11-02,1931.0,1952.0,1926.0,1944.0,186500.0,1944.0
2022-11-04,1940.0,1940.0,1903.0,1914.0,186400.0,1914.0
2022-11-07,1915.0,1934.0,1912.0,1932.0,119100.0,1932.0
2022-11-08,1940.0,1947.0,1931.0,1941.0,74400.0,1941.0
2022-11-09,1953.0,1958.0,1944.0,1958.0,53400.0,1958.0
2022-11-10,1958.0,1973.0,1946.0,1967.0,72500.0,1967.0
2022-11-11,1996.0,1996.0,1966.0,1972.0,82800.0,1972.0
2022-11-14,1951.0,1996.0,1950.0,1987.0,83200.0,1987.0
2022-11-15,1987.0,1990.0,1968.0,1972.0,61900.0,1972.0
2022-11-16,1969.0,1984.0,1963.0,1984.0,61000.0,1984.0
2022-11-17,1978.0,2017.0,1978.0,2017.0,94200.0,2017.0
2022-11-18,2020.0,2044.0,2020.0,2042.0,103100.0,2042.0
2022-11-21,2050.0,2067.0,2048.0,2058.0,73900.0,2058.0
2022-11-22,2065.0,2094.0,2064.0,2093.0,99600.0,2093.0
2022-11-24,2100.0,2118.0,2100.0,2116.0,129200.0,2116.0
2022-11-25,2116.0,2135.0,2114.0,2125.0,87100.0,2125.0
2022-11-28,2125.0,2125.0,2080.0,2084.0,104400.0,2084.0
2022-11-29,2073.0,2074.0,2050.0,2051.0,81500.0,2051.0
2022-11-30,2038.0,2058.0,2035.0,2041.0,93600.0,2041.0
2022-12-01,2041.0,2051.0,2033.0,2039.0,73900.0,2039.0
2022-12-02,2030.0,2057.0,2012.0,2044.0,96900.0,2044.0
2022-12-05,2044.0,2051.0,2034.0,2047.0,55300.0,2047.0
2022-12-06,2057.0,2063.0,2048.0,2059.0,87600.0,2059.0
2022-12-07,2048.0,2074.0,2041.0,2064.0,67100.0,2064.0
2022-12-08,2060.0,2076.0,2058.0,2073.0,100200.0,2073.0
2022-12-09,2072.0,2089.0,2065.0,2085.0,106500.0,2085.0
2022-12-12,2066.0,2089.0,2065.0,2080.0,89500.0,2080.0
2022-12-13,2102.0,2129.0,2098.0,2107.0,166900.0,2107.0
2022-12-14,2100.0,2111.0,2095.0,2108.0,67200.0,2108.0
2022-12-15,2100.0,2117.0,2100.0,2102.0,46100.0,2102.0
2022-12-16,2099.0,2106.0,2086.0,2093.0,172100.0,2093.0
2022-12-19,2091.0,2104.0,2084.0,2095.0,60800.0,2095.0
2022-12-20,2099.0,2104.0,2063.0,2095.0,83700.0,2095.0
2022-12-21,2095.0,2113.0,2089.0,2109.0,107000.0,2109.0
2022-12-22,2115.0,2134.0,2106.0,2132.0,89500.0,2132.0
2022-12-23,2131.0,2143.0,2129.0,2135.0,83200.0,2135.0
2022-12-26,2143.0,2190.0,2133.0,2178.0,213200.0,2178.0
2022-12-27,2191.0,2222.0,2190.0,2217.0,148000.0,2217.0
2022-12-28,2220.0,2246.0,2218.0,2233.0,155200.0,2233.0
2022-12-29,2228.0,2228.0,2183.0,2210.0,95600.0,2210.0
2022-12-30,2214.0,2225.0,2196.0,2199.0,71200.0,2199.0
2023-01-04,2186.0,2188.0,2154.0,2154.0,72100.0,2154.0
2023-01-05,2154.0,2154.0,2132.0,2146.0,64700.0,2146.0
2023-01-06,2146.0,2158.0,2134.0,2137.0,83800.0,2137.0
2023-01-10,2146.0,2159.0,2085.0,2085.0,88800.0,2085.0
2023-01-11,2087.0,2097.0,2074.0,2083.0,62900.0,2083.0
2023-01-12,2076.0,2101.0,2069.0,2101.0,80300.0,2101.0
2023-01-13,2083.0,2116.0,2081.0,2097.0,67400.0,2097.0
2023-01-16,2087.0,2134.0,2087.0,2121.0,69300.0,2121.0
2023-01-17,2134.0,2134.0,2101.0,2114.0,91500.0,2114.0
2023-01-18,2114.0,2122.0,2106.0,2110.0,63200.0,2110.0
2023-01-19,2110.0,2126.0,2106.0,2118.0,50000.0,2118.0
2023-01-20,2120.0,2129.0,2118.0,2122.0,59000.0,2122.0
2023-01-23,2130.0,2132.0,2117.0,2124.0,76900.0,2124.0
2023-01-24,2125.0,2128.0,2114.0,2125.0,111600.0,2125.0
2023-01-25,2128.0,2154.0,2128.0,2148.0,102000.0,2148.0
2023-01-26,2160.0,2164.0,2130.0,2134.0,65200.0,2134.0
2023-01-27,2135.0,2157.0,2132.0,2152.0,86000.0,2152.0
2023-01-30,2142.0,2184.0,2129.0,2173.0,103300.0,2173.0
2023-01-31,2185.0,2218.0,2176.0,2202.0,139800.0,2202.0
2023-02-01,2195.0,2195.0,2152.0,2157.0,110000.0,2157.0
2023-02-02,2159.0,2165.0,2142.0,2146.0,55700.0,2146.0
2023-02-03,2146.0,2146.0,2113.0,2128.0,106400.0,2128.0
2023-02-06,2140.0,2207.0,2111.0,2173.0,189300.0,2173.0
2023-02-07,2176.0,2220.0,2162.0,2216.0,208300.0,2216.0
2023-02-08,2199.0,2204.0,2164.0,2164.0,59900.0,2164.0
2023-02-09,2162.0,2182.0,2162.0,2172.0,51000.0,2172.0
2023-02-10,2157.0,2173.0,2157.0,2168.0,32500.0,2168.0
2023-02-13,2160.0,2190.0,2158.0,2184.0,54600.0,2184.0
2023-02-14,2194.0,2199.0,2174.0,2195.0,39100.0,2195.0
2023-02-15,2195.0,2195.0,2156.0,2157.0,75000.0,2157.0
2023-02-16,2164.0,2174.0,2150.0,2154.0,58600.0,2154.0
2023-02-17,2147.0,2157.0,2143.0,2146.0,46500.0,2146.0
2023-02-20,2159.0,2166.0,2156.0,2161.0,34600.0,2161.0
2023-02-21,2161.0,2165.0,2150.0,2150.0,35900.0,2150.0
2023-02-22,2139.0,2144.0,2129.0,2134.0,89100.0,2134.0
2023-02-24,2130.0,2149.0,2130.0,2142.0,79500.0,2142.0
2023-02-27,2141.0,2168.0,2141.0,2167.0,59600.0,2167.0
2023-02-28,2175.0,2179.0,2137.0,2141.0,103800.0,2141.0
2023-03-01,2135.0,2156.0,2130.0,2148.0,80100.0,2148.0
2023-03-02,2150.0,2173.0,2146.0,2170.0,57300.0,2170.0
2023-03-03,2178.0,2203.0,2176.0,2195.0,73600.0,2195.0
2023-03-06,2210.0,2218.0,2200.0,2213.0,74700.0,2213.0
2023-03-07,2213.0,2216.0,2196.0,2200.0,79900.0,2200.0
2023-03-08,2190.0,2210.0,2187.0,2206.0,52000.0,2206.0
2023-03-09,2213.0,2239.0,2211.0,2238.0,110300.0,2238.0
2023-03-10,2233.0,2258.0,2214.0,2232.0,119700.0,2232.0
2023-03-13,2215.0,2227.0,2175.0,2208.0,104000.0,2208.0
2023-03-14,2189.0,2207.0,2174.0,2187.0,124900.0,2187.0
2023-03-15,2200.0,2213.0,2198.0,2213.0,41600.0,2213.0
2023-03-16,2181.0,2203.0,2176.0,2201.0,98900.0,2201.0
2023-03-17,2210.0,2211.0,2193.0,2201.0,51600.0,2201.0
2023-03-20,2190.0,2203.0,2171.0,2177.0,96000.0,2177.0
2023-03-22,2199.0,2199.0,2171.0,2180.0,105700.0,2180.0
2023-03-23,2182.0,2203.0,2178.0,2198.0,67700.0,2198.0
2023-03-24,2193.0,2227.0,2193.0,2225.0,67900.0,2225.0
2023-03-27,2245.0,2251.0,2226.0,2228.0,73800.0,2228.0
2023-03-28,2240.0,2240.0,2205.0,2208.0,65600.0,2208.0
2023-03-29,2230.0,2255.0,2221.0,2255.0,131300.0,2255.0
2023-03-30,2216.0,2216.0,2185.0,2206.0,74300.0,2206.0
2023-03-31,2210.0,2211.0,2194.0,2201.0,55800.0,2201.0
2023-04-03,2205.0,2234.0,2205.0,2222.0,64300.0,2222.0
2023-04-04,2233.0,2250.0,2227.0,2249.0,72500.0,2249.0
2023-04-05,2244.0,2244.0,2209.0,2209.0,72800.0,2209.0
2023-04-06,2197.0,2226.0,2196.0,2209.0,58200.0,2209.0
2023-04-07,2202.0,2220.0,2202.0,2204.0,41300.0,2204.0
2023-04-10,2217.0,2226.0,2201.0,2212.0,40800.0,2212.0
2023-04-11,2233.0,2238.0,2222.0,2229.0,60000.0,2229.0
2023-04-12,2235.0,2242.0,2226.0,2227.0,37600.0,2227.0
2023-04-13,2218.0,2232.0,2215.0,2231.0,52000.0,2231.0
2023-04-14,2235.0,2239.0,2228.0,2232.0,55100.0,2232.0
2023-04-17,2235.0,2240.0,2225.0,2235.0,42200.0,2235.0
2023-04-18,2238.0,2261.0,2235.0,2261.0,91100.0,2261.0
2023-04-19,2260.0,2266.0,2242.0,2252.0,39500.0,2252.0
2023-04-20,2240.0,2270.0,2237.0,2266.0,39800.0,2266.0
2023-04-21,2270.0,2296.0,2266.0,2292.0,51600.0,2292.0
2023-04-24,2265.0,2281.0,2259.0,2259.0,79000.0,2259.0
2023-04-25,2272.0,2273.0,2260.0,2262.0,46100.0,2262.0
2023-04-26,2260.0,2294.0,2260.0,2284.0,62500.0,2284.0
2023-04-27,2285.0,2285.0,2267.0,2272.0,60300.0,2272.0
2023-04-28,2285.0,2312.0,2284.0,2300.0,72000.0,2300.0
2023-05-01,2315.0,2362.0,2315.0,2359.0,132400.0,2359.0
2023-05-02,2359.0,2362.0,2324.0,2345.0,104500.0,2345.0
2023-05-08,2345.0,2382.0,2324.0,2366.0,188600.0,2366.0
2023-05-09,2300.0,2337.0,2294.0,2309.0,175300.0,2309.0
2023-05-10,2309.0,2317.0,2251.0,2273.0,138300.0,2273.0
2023-05-11,2264.0,2285.0,2253.0,2263.0,88800.0,2263.0
2023-05-12,2263.0,2287.0,2251.0,2287.0,82900.0,2287.0
2023-05-15,2299.0,2328.0,2292.0,2318.0,87100.0,2318.0
2023-05-16,2329.0,2333.0,2303.0,2333.0,52700.0,2333.0
2023-05-17,2330.0,2330.0,2303.0,2308.0,68800.0,2308.0
2023-05-18,2300.0,2302.0,2268.0,2277.0,118000.0,2277.0
2023-05-19,2260.0,2280.0,2250.0,2271.0,125900.0,2271.0
2023-05-22,2264.0,2294.0,2264.0,2279.0,82600.0,2279.0
2023-05-23,2282.0,2291.0,2255.0,2271.0,87800.0,2271.0
2023-05-24,2277.0,2289.0,2265.0,2270.0,116800.0,2270.0
2023-05-25,2262.0,2274.0,2240.0,2257.0,110100.0,2257.0
2023-05-26,2250.0,2253.0,2226.0,2227.0,155300.0,2227.0
2023-05-29,2246.0,2246.0,2220.0,2220.0,73400.0,2220.0
2023-05-30,2209.0,2217.0,2180.0,2193.0,158600.0,2193.0
2023-05-31,2171.0,2180.0,2158.0,2160.0,152800.0,2160.0
2023-06-01,2163.0,2178.0,2140.0,2140.0,166400.0,2140.0
2023-06-02,2155.0,2181.0,2155.0,2167.0,191600.0,2167.0
2023-06-05,2198.0,2207.0,2165.0,2172.0,171400.0,2172.0
2023-06-06,2165.0,2181.0,2155.0,2180.0,120100.0,2180.0
2023-06-07,2180.0,2191.0,2157.0,2158.0,154100.0,2158.0
2023-06-08,2177.0,2184.0,2159.0,2168.0,132400.0,2168.0
2023-06-09,2170.0,2195.0,2168.0,2190.0,117100.0,2190.0
2023-06-12,2205.0,2209.0,2185.0,2194.0,99200.0,2194.0
2023-06-13,2195.0,2195.0,2179.0,2179.0,134200.0,2179.0
2023-06-14,2184.0,2188.0,2175.0,2176.0,141400.0,2176.0
2023-06-15,2171.0,2188.0,2163.0,2179.0,154600.0,2179.0
2023-06-16,2176.0,2185.0,2173.0,2177.0,136200.0,2177.0
2023-06-19,2190.0,2193.0,2167.0,2186.0,113700.0,2186.0
2023-06-20,2182.0,2185.0,2169.0,2185.0,86400.0,2185.0
2023-06-21,2186.0,2198.0,2177.0,2179.0,153900.0,2179.0
2023-06-22,2197.0,2197.0,2172.0,2174.0,93200.0,2174.0
2023-06-23,2178.0,2183.0,2165.0,2170.0,119800.0,2170.0
2023-06-26,2171.0,2173.0,2153.0,2166.0,128300.0,2166.0
2023-06-27,2172.0,2177.0,2163.0,2174.0,68800.0,2174.0
2023-06-28,2171.0,2205.0,2171.0,2202.0,143700.0,2202.0
2023-06-29,2210.0,2215.0,2178.0,2182.0,102600.0,2182.0
2023-06-30,2185.0,2194.0,2169.0,2170.0,103400.0,2170.0
2023-07-03,2177.0,2190.0,2177.0,2188.0,72000.0,2188.0
2023-07-04,2180.0,2187.0,2161.0,2161.0,113800.0,2161.0
2023-07-05,2164.0,2174.0,2154.0,2167.0,115200.0,2167.0
2023-07-06,2167.0,2172.0,2160.0,2168.0,98600.0,2168.0
2023-07-07,2168.0,2175.0,2158.0,2162.0,98700.0,2162.0
2023-07-10,2165.0,2192.0,2160.0,2185.0,123800.0,2185.0
2023-07-11,2185.0,2185.0,2168.0,2174.0,96100.0,2174.0
2023-07-12,2170.0,2186.0,2166.0,2185.0,107500.0,2185.0
2023-07-13,2186.0,2196.0,2174.0,2176.0,67400.0,2176.0
2023-07-14,2182.0,2188.0,2171.0,2174.0,90800.0,2174.0
2023-07-18,2170.0,2183.0,2170.0,2181.0,70000.0,2181.0
2023-07-19,2197.0,2199.0,2186.0,2195.0,71400.0,2195.0
2023-07-20,2201.0,2221.0,2196.0,2198.0,124200.0,2198.0
2023-07-21,2198.0,2214.0,2191.0,2213.0,82100.0,2213.0
2023-07-24,2225.0,2225.0,2208.0,2213.0,106100.0,2213.0
2023-07-25,2227.0,2232.0,2214.0,2220.0,108600.0,2220.0
2023-07-26,2215.0,2221.0,2205.0,2218.0,117300.0,2218.0
2023-07-27,2216.0,2216.0,2195.0,2211.0,138600.0,2211.0
2023-07-28,2201.0,2218.0,2195.0,2207.0,184700.0,2207.0
2023-07-31,2232.0,2232.0,2203.0,2217.0,170000.0,2217.0
2023-08-01,2233.0,2233.0,2211.0,2230.0,148600.0,2230.0
2023-08-02,2216.0,2231.0,2196.0,2231.0,203100.0,2231.0
2023-08-03,2233.0,2251.0,2214.0,2220.0,258100.0,2220.0
2023-08-04,2218.0,2233.0,2202.0,2229.0,166100.0,2229.0
2023-08-07,2221.0,2234.0,2207.0,2233.0,110600.0,2233.0
2023-08-08,2256.0,2342.0,2256.0,2342.0,299600.0,2342.0
2023-08-09,2332.0,2376.0,2307.0,2369.0,244800.0,2369.0
2023-08-10,2379.0,2400.0,2346.0,2400.0,173500.0,2400.0
2023-08-14,2408.0,2433.0,2405.0,2430.0,158300.0,2430.0
2023-08-15,2433.0,2440.0,2396.0,2414.0,123900.0,2414.0
2023-08-16,2396.0,2448.0,2391.0,2441.0,150300.0,2441.0
2023-08-17,2450.0,2454.0,2415.0,2420.0,141800.0,2420.0
2023-08-18,2416.0,2426.0,2401.0,2405.0,102900.0,2405.0
2023-08-21,2440.0,2480.0,2437.0,2470.0,195200.0,2470.0
2023-08-22,2479.0,2510.0,2459.0,2510.0,168100.0,2510.0
2023-08-23,2501.0,2508.0,2486.0,2493.0,89300.0,2493.0
2023-08-24,2485.0,2510.0,2478.0,2504.0,95100.0,2504.0
2023-08-25,2492.0,2508.0,2485.0,2505.0,95100.0,2505.0
2023-08-28,2521.0,2552.0,2519.0,2552.0,134000.0,2552.0
2023-08-29,2558.0,2574.0,2547.0,2548.0,135400.0,2548.0
2023-08-30,2558.0,2569.0,2548.0,2560.0,339700.0,2560.0
2023-08-31,2559.0,2568.0,2532.0,2532.0,111100.0,2532.0
2023-09-01,2523.0,2548.0,2520.0,2545.0,91900.0,2545.0
2023-09-04,2526.0,2549.0,2526.0,2538.0,89800.0,2538.0
2023-09-05,2544.0,2551.0,2518.0,2525.0,105600.0,2525.0
2023-09-06,2525.0,2525.0,2497.0,2502.0,103200.0,2502.0
2023-09-07,2521.0,2539.0,2511.0,2521.0,145200.0,2521.0
2023-09-08,2515.0,2526.0,2482.0,2491.0,143000.0,2491.0
2023-09-11,2498.0,2510.0,2483.0,2491.0,98200.0,2491.0
2023-09-12,2491.0,2526.0,2489.0,2523.0,103600.0,2523.0
2023-09-13,2540.0,2540.0,2522.0,2531.0,101300.0,2531.0
2023-09-14,2531.0,2542.0,2527.0,2527.0,108200.0,2527.0
2023-09-15,2531.0,2539.0,2523.0,2528.0,162000.0,2528.0
2023-09-19,2531.0,2532.0,2503.0,2520.0,202700.0,2520.0
2023-09-20,2530.0,2543.0,2521.0,2521.0,191600.0,2521.0
2023-09-21,2519.0,2532.0,2476.0,2481.0,239300.0,2481.0
2023-09-22,2475.0,2494.0,2454.0,2475.0,223800.0,2475.0
2023-09-25,2475.0,2499.0,2465.0,2492.0,281600.0,2492.0
2023-09-26,2498.0,2532.0,2492.0,2520.0,262500.0,2520.0
2023-09-27,2520.0,2534.0,2498.0,2531.0,520100.0,2531.0
2023-09-28,2488.0,2499.0,2473.0,2481.0,190300.0,2481.0
2023-09-29,2482.0,2499.0,2451.0,2453.0,112800.0,2453.0
2023-10-02,2450.0,2463.0,2419.0,2421.0,113900.0,2421.0
2023-10-03,2400.0,2414.0,2366.0,2367.0,94900.0,2367.0
2023-10-04,2355.0,2361.0,2324.0,2338.0,129600.0,2338.0
2023-10-05,2350.0,2384.0,2335.0,2378.0,96000.0,2378.0
2023-10-06,2378.0,2421.0,2378.0,2406.0,108600.0,2406.0
2023-10-10,2425.0,2461.0,2415.0,2427.0,122300.0,2427.0
2023-10-11,2414.0,2416.0,2394.0,2394.0,78800.0,2394.0
2023-10-12,2393.0,2401.0,2348.0,2351.0,73300.0,2351.0
2023-10-13,2334.0,2335.0,2307.0,2319.0,111900.0,2319.0
2023-10-16,2315.0,2322.0,2274.0,2285.0,95500.0,2285.0
2023-10-17,2315.0,2319.0,2280.0,2291.0,74100.0,2291.0
2023-10-18,2291.0,2293.0,2245.0,2270.0,98300.0,2270.0
2023-10-19,2260.0,2279.0,2258.0,2274.0,72800.0,2274.0
2023-10-20,2271.0,2281.0,2265.0,2267.0,68500.0,2267.0
2023-10-23,2270.0,2297.0,2270.0,2279.0,190700.0,2279.0
2023-10-24,2269.0,2278.0,2222.0,2260.0,129400.0,2260.0
2023-10-25,2265.0,2272.0,2248.0,2252.0,188700.0,2252.0
2023-10-26,2277.0,2290.0,2255.0,2264.0,132300.0,2264.0
2023-10-27,2290.0,2290.0,2261.0,2287.0,275600.0,2287.0
2023-10-30,2272.0,2272.0,2220.0,2235.0,166500.0,2235.0
2023-10-31,2243.0,2302.0,2239.0,2293.0,375300.0,2293.0
2023-11-01,2312.0,2319.0,2263.0,2279.0,271400.0,2279.0
2023-11-02,2279.0,2314.0,2274.0,2292.0,236600.0,2292.0
2023-11-06,2315.0,2315.0,2254.0,2254.0,161000.0,2254.0
2023-11-07,2250.0,2264.0,2235.0,2238.0,119200.0,2238.0
2023-11-08,2240.0,2241.0,2195.0,2218.0,189600.0,2218.0
2023-11-09,2175.0,2220.0,2174.0,2218.0,166300.0,2218.0
2023-11-10,2218.0,2231.0,2207.0,2231.0,124300.0,2231.0
2023-11-13,2234.0,2237.0,2221.0,2228.0,121400.0,2228.0
2023-11-14,2243.0,2243.0,2222.0,2222.0,84000.0,2222.0
2023-11-15,2243.0,2246.0,2226.0,2235.0,99500.0,2235.0
2023-11-16,2222.0,2234.0,2213.0,2215.0,131500.0,2215.0
2023-11-17,2206.0,2226.0,2206.0,2226.0,90500.0,2226.0
2023-11-20,2230.0,2239.0,2208.0,2214.0,78900.0,2214.0
2023-11-21,2215.0,2229.0,2210.0,2225.0,88200.0,2225.0
2023-11-22,2218.0,2244.0,2218.0,2238.0,112800.0,2238.0
2023-11-24,2254.0,2265.0,2238.0,2263.0,139400.0,2263.0
2023-11-27,2270.0,2278.0,2249.0,2255.0,108500.0,2255.0
2023-11-28,2268.0,2270.0,2255.0,2267.0,110500.0,2267.0
2023-11-29,2260.0,2268.0,2249.0,2254.0,93300.0,2254.0
2023-11-30,2238.0,2254.0,2229.0,2250.0,102800.0,2250.0
2023-12-01,2254.0,2270.0,2246.0,2257.0,125800.0,2257.0
2023-12-04,2250.0,2262.0,2247.0,2257.0,106000.0,2257.0
2023-12-05,2257.0,2263.0,2248.0,2253.0,96200.0,2253.0
2023-12-06,2253.0,2281.0,2253.0,2279.0,136600.0,2279.0
2023-12-07,2283.0,2285.0,2268.0,2275.0,89800.0,2275.0
2023-12-08,2266.0,2282.0,2257.0,2260.0,118500.0,2260.0
2023-12-11,2250.0,2264.0,2243.0,2264.0,106700.0,2264.0
2023-12-12,2265.0,2272.0,2255.0,2267.0,73400.0,2267.0
2023-12-13,2273.0,2273.0,2248.0,2263.0,80900.0,2263.0
2023-12-14,2276.0,2276.0,2253.0,2267.0,90100.0,2267.0
2023-12-15,2256.0,2259.0,2225.0,2235.0,133100.0,2235.0
2023-12-18,2222.0,2232.0,2208.0,2230.0,82000.0,2230.0
2023-12-19,2240.0,2248.0,2228.0,2246.0,84500.0,2246.0
2023-12-20,2275.0,2275.0,2251.0,2261.0,105500.0,2261.0
2023-12-21,2250.0,2257.0,2239.0,2252.0,79400.0,2252.0
2023-12-22,2252.0,2269.0,2251.0,2269.0,66900.0,2269.0
2023-12-25,2285.0,2298.0,2276.0,2298.0,73200.0,2298.0
2023-12-26,2298.0,2313.0,2289.0,2310.0,95900.0,2310.0
2023-12-27,2314.0,2321.0,2298.0,2315.0,86900.0,2315.0
2023-12-28,2313.0,2333.0,2312.0,2331.0,79500.0,2331.0
2023-12-29,2337.0,2359.0,2336.0,2348.0,76900.0,2348.0
2024-01-04,2350.0,2358.0,2328.0,2353.0,80200.0,2353.0
2024-01-05,2369.0,2369.0,2304.0,2306.0,138700.0,2306.0
2024-01-09,2320.0,2344.0,2314.0,2344.0,107100.0,2344.0
2024-01-10,2357.0,2363.0,2341.0,2345.0,64800.0,2345.0
2024-01-11,2357.0,2358.0,2334.0,2334.0,90500.0,2334.0
2024-01-12,2338.0,2348.0,2295.0,2299.0,75600.0,2299.0
2024-01-15,2314.0,2332.0,2314.0,2327.0,58700.0,2327.0
2024-01-16,2335.0,2341.0,2297.0,2297.0,73900.0,2297.0
2024-01-17,2303.0,2317.0,2288.0,2288.0,75900.0,2288.0
2024-01-18,2295.0,2309.0,2294.0,2303.0,63100.0,2303.0
2024-01-19,2304.0,2313.0,2289.0,2294.0,71900.0,2294.0
2024-01-22,2300.0,2321.0,2300.0,2321.0,53100.0,2321.0
2024-01-23,2350.0,2386.0,2349.0,2386.0,149700.0,2386.0
2024-01-24,2390.0,2397.0,2351.0,2362.0,98900.0,2362.0
2024-01-25,2370.0,2388.0,2361.0,2388.0,63600.0,2388.0
2024-01-26,2390.0,2394.0,2376.0,2387.0,68800.0,2387.0
2024-01-29,2390.0,2426.0,2389.0,2406.0,102800.0,2406.0
2024-01-30,2429.0,2431.0,2388.0,2389.0,98500.0,2389.0
2024-01-31,2397.0,2419.0,2387.0,2419.0,76300.0,2419.0
2024-02-01,2415.0,2442.0,2408.0,2432.0,76000.0,2432.0
2024-02-02,2447.0,2456.0,2431.0,2455.0,86000.0,2455.0
2024-02-05,2486.0,2486.0,2313.0,2373.0,561400.0,2373.0
2024-02-06,2340.0,2358.0,2308.0,2308.0,233100.0,2308.0
2024-02-07,2299.0,2328.0,2296.0,2327.0,193400.0,2327.0
2024-02-08,2325.0,2325.0,2291.0,2315.0,144100.0,2315.0
2024-02-09,2299.0,2315.0,2282.0,2285.0,177400.0,2285.0
2024-02-13,2289.0,2303.0,2260.0,2280.0,162000.0,2280.0
2024-02-14,2258.0,2268.0,2235.0,2240.0,210000.0,2240.0
2024-02-15,2241.0,2251.0,2224.0,2229.0,134700.0,2229.0
2024-02-16,2230.0,2260.0,2220.0,2250.0,158500.0,2250.0
2024-02-19,2249.0,2288.0,2247.0,2283.0,132700.0,2283.0
2024-02-20,2290.0,2302.0,2283.0,2298.0,67800.0,2298.0
2024-02-21,2291.0,2298.0,2260.0,2265.0,94700.0,2265.0
2024-02-22,2271.0,2277.0,2263.0,2265.0,76900.0,2265.0
2024-02-26,2274.0,2279.0,2253.0,2255.0,102400.0,2255.0
2024-02-27,2254.0,2260.0,2245.0,2249.0,127900.0,2249.0
2024-02-28,2240.0,2257.0,2228.0,2250.0,120400.0,2250.0
2024-02-29,2261.0,2274.0,2251.0,2267.0,96400.0,2267.0
2024-03-01,2261.0,2263.0,2248.0,2258.0,115000.0,2258.0
2024-03-04,2265.0,2266.0,2242.0,2249.0,132500.0,2249.0
2024-03-05,2252.0,2263.0,2245.0,2259.0,117100.0,2259.0
2024-03-06,2265.0,2275.0,2259.0,2272.0,106200.0,2272.0
2024-03-07,2280.0,2297.0,2269.0,2297.0,90000.0,2297.0
2024-03-08,2277.0,2316.0,2273.0,2312.0,119700.0,2312.0
2024-03-11,2325.0,2328.0,2268.0,2280.0,114400.0,2280.0
2024-03-12,2282.0,2282.0,2246.0,2280.0,109300.0,2280.0
2024-03-13,2280.0,2286.0,2256.0,2262.0,66600.0,2262.0
2024-03-14,2266.0,2294.0,2263.0,2290.0,64500.0,2290.0
2024-03-15,2290.0,2320.0,2285.0,2303.0,92700.0,2303.0
2024-03-18,2309.0,2311.0,2298.0,2302.0,65100.0,2302.0
2024-03-19,2303.0,2324.0,2289.0,2318.0,66500.0,2318.0
2024-03-21,2329.0,2336.0,2315.0,2332.0,88800.0,2332.0
2024-03-22,2332.0,2354.0,2330.0,2348.0,69400.0,2348.0
2024-03-25,2349.0,2357.0,2340.0,2345.0,70000.0,2345.0
2024-03-26,2340.0,2340.0,2315.0,2334.0,69200.0,2334.0
2024-03-27,2339.0,2340.0,2325.0,2327.0,94600.0,2327.0
2024-03-28,2285.0,2294.0,2259.0,2265.0,167400.0,2265.0
2024-03-29,2283.0,2308.0,2274.0,2303.0,91400.0,2303.0
2024-04-01,2312.0,2315.0,2281.0,2298.0,83300.0,2298.0
2024-04-02,2285.0,2288.0,2262.0,2269.0,69200.0,2269.0
2024-04-03,2258.0,2282.0,2255.0,2278.0,105900.0,2278.0
2024-04-04,2283.0,2283.0,2263.0,2263.0,75900.0,2263.0
2024-04-05,2254.0,2272.0,2248.0,2263.0,76700.0,2263.0
2024-04-08,2270.0,2294.0,2265.0,2291.0,42100.0,2291.0
2024-04-09,2291.0,2304.0,2278.0,2298.0,88300.0,2298.0
2024-04-10,2294.0,2300.0,2275.0,2275.0,58800.0,2275.0
2024-04-11,2263.0,2276.0,2257.0,2271.0,119400.0,2271.0
2024-04-12,2273.0,2279.0,2262.0,2274.0,93800.0,2274.0
2024-04-15,2262.0,2277.0,2259.0,2265.0,89600.0,2265.0
2024-04-16,2265.0,2265.0,2247.0,2250.0,116900.0,2250.0
2024-04-17,2250.0,2252.0,2216.0,2224.0,180500.0,2224.0
2024-04-18,2221.0,2259.0,2221.0,2252.0,82300.0,2252.0
2024-04-19,2249.0,2263.0,2220.0,2233.0,122000.0,2233.0
2024-04-22,2252.0,2277.0,2246.0,2273.0,72600.0,2273.0
2024-04-23,2256.0,2275.0,2253.0,2274.0,131800.0,2274.0
2024-04-24,2270.0,2277.0,2254.0,2265.0,119600.0,2265.0
2024-04-25,2267.0,2271.0,2255.0,2259.0,75300.0,2259.0
2024-04-26,2254.0,2282.0,2250.0,2282.0,82000.0,2282.0
2024-04-30,2285.0,2313.0,2283.0,2308.0,139800.0,2308.0
2024-05-01,2309.0,2319.0,2296.0,2315.0,87100.0,2315.0
2024-05-02,2320.0,2329.0,2307.0,2320.0,128500.0,2320.0
2024-05-07,2329.0,2456.0,2274.0,2450.0,947900.0,2450.0
2024-05-08,2368.0,2470.0,2368.0,2441.0,544900.0,2441.0
2024-05-09,2455.0,2458.0,2387.0,2396.0,204200.0,2396.0
2024-05-10,2397.0,2409.0,2375.0,2390.0,219000.0,2390.0
2024-05-13,2377.0,2377.0,2333.0,2345.0,212400.0,2345.0
2024-05-14,2345.0,2369.0,2338.0,2356.0,150300.0,2356.0
2024-05-15,2350.0,2365.0,2337.0,2342.0,138200.0,2342.0
2024-05-16,2324.0,2330.0,2293.0,2324.0,131500.0,2324.0
2024-05-17,2303.0,2352.0,2298.0,2347.0,86300.0,2347.0
2024-05-20,2351.0,2371.0,2344.0,2349.0,73200.0,2349.0
2024-05-21,2338.0,2368.0,2335.0,2352.0,93400.0,2352.0
2024-05-22,2353.0,2375.0,2349.0,2362.0,62000.0,2362.0
2024-05-23,2374.0,2407.0,2358.0,2407.0,100200.0,2407.0
2024-05-24,2401.0,2423.0,2394.0,2409.0,50600.0,2409.0
2024-05-27,2408.0,2408.0,2364.0,2372.0,61300.0,2372.0
2024-05-28,2360.0,2370.0,2340.0,2340.0,64800.0,2340.0
2024-05-29,2338.0,2360.0,2326.0,2328.0,93400.0,2328.0
2024-05-30,2322.0,2352.0,2308.0,2350.0,92300.0,2350.0
2024-05-31,2365.0,2370.0,2343.0,2364.0,114700.0,2364.0
2024-06-03,2370.0,2375.0,2340.0,2345.0,55500.0,2345.0
2024-06-04,2353.0,2377.0,2351.0,2371.0,76600.0,2371.0
2024-06-05,2374.0,2380.0,2357.0,2377.0,59200.0,2377.0
2024-06-06,2385.0,2385.0,2359.0,2383.0,52500.0,2383.0
2024-06-07,2390.0,2404.0,2380.0,2402.0,95500.0,2402.0
2024-06-10,2405.0,2408.0,2382.0,2408.0,87600.0,2408.0
2024-06-11,2409.0,2413.0,2392.0,2403.0,74500.0,2403.0
2024-06-12,2403.0,2403.0,2368.0,2369.0,84300.0,2369.0
2024-06-13,2378.0,2378.0,2348.0,2354.0,65600.0,2354.0
2024-06-14,2356.0,2395.0,2356.0,2395.0,84500.0,2395.0
2024-06-17,2387.0,2387.0,2348.0,2378.0,75900.0,2378.0
2024-06-18,2388.0,2388.0,2375.0,2384.0,48000.0,2384.0
2024-06-19,2384.0,2392.0,2372.0,2379.0,29200.0,2379.0
2024-06-20,2390.0,2390.0,2361.0,2380.0,44400.0,2380.0
2024-06-21,2380.0,2403.0,2355.0,2357.0,128700.0,2357.0
2024-06-24,2370.0,2384.0,2370.0,2375.0,50000.0,2375.0
2024-06-25,2386.0,2402.0,2376.0,2396.0,42400.0,2396.0
2024-06-26,2409.0,2409.0,2383.0,2390.0,66800.0,2390.0
2024-06-27,2390.0,2395.0,2380.0,2388.0,60700.0,2388.0
2024-06-28,2383.0,2394.0,2378.0,2382.0,66800.0,2382.0
2024-07-01,2400.0,2403.0,2377.0,2379.0,38100.0,2379.0
2024-07-02,2378.0,2399.0,2376.0,2389.0,44600.0,2389.0
2024-07-03,2380.0,2400.0,2379.0,2387.0,36200.0,2387.0
2024-07-04,2395.0,2395.0,2381.0,2390.0,41400.0,2390.0
2024-07-05,2394.0,2394.0,2361.0,2361.0,59300.0,2361.0
2024-07-08,2368.0,2379.0,2354.0,2358.0,64600.0,2358.0
2024-07-09,2354.0,2368.0,2350.0,2354.0,59500.0,2354.0
2024-07-10,2356.0,2364.0,2346.0,2357.0,69500.0,2357.0
2024-07-11,2365.0,2388.0,2364.0,2382.0,62300.0,2382.0
2024-07-12,2382.0,2400.0,2375.0,2396.0,49000.0,2396.0
2024-07-16,2415.0,2415.0,2389.0,2390.0,56000.0,2390.0
2024-07-17,2400.0,2405.0,2387.0,2399.0,34400.0,2399.0
2024-07-18,2395.0,2480.0,2390.0,2444.0,160000.0,2444.0
2024-07-19,2424.0,2445.0,2417.0,2445.0,59800.0,2445.0
2024-07-22,2455.0,2455.0,2416.0,2418.0,38000.0,2418.0
2024-07-23,2420.0,2450.0,2420.0,2444.0,57700.0,2444.0
2024-07-24,2444.0,2444.0,2401.0,2410.0,39700.0,2410.0
2024-07-25,2420.0,2455.0,2404.0,2450.0,100400.0,2450.0
2024-07-26,2450.0,2457.0,2417.0,2455.0,110400.0,2455.0
2024-07-29,2453.0,2483.0,2451.0,2473.0,116900.0,2473.0
2024-07-30,2463.0,2477.0,2442.0,2442.0,71400.0,2442.0
2024-07-31,2466.0,2560.0,2454.0,2508.0,247600.0,2508.0
2024-08-01,2308.0,2344.0,2250.0,2266.0,705300.0,2266.0
2024-08-02,2260.0,2260.0,2180.0,2186.0,381400.0,2186.0
2024-08-05,2152.0,2171.0,2024.0,2046.0,369000.0,2046.0
2024-08-06,2146.0,2161.0,2070.0,2099.0,242900.0,2099.0
2024-08-07,2149.0,2228.0,2148.0,2189.0,229300.0,2189.0
2024-08-08,2172.0,2220.0,2168.0,2168.0,136700.0,2168.0
2024-08-09,2218.0,2229.0,2170.0,2199.0,188100.0,2199.0
2024-08-13,2210.0,2220.0,2181.0,2217.0,121100.0,2217.0
2024-08-14,2221.0,2244.0,2217.0,2230.0,117200.0,2230.0
2024-08-15,2220.0,2237.0,2200.0,2235.0,129200.0,2235.0
2024-08-16,2246.0,2256.0,2231.0,2254.0,127400.0,2254.0
2024-08-19,2270.0,2270.0,2251.0,2251.0,110200.0,2251.0
2024-08-20,2255.0,2265.0,2241.0,2252.0,82800.0,2252.0
2024-08-21,2241.0,2260.0,2239.0,2243.0,64600.0,2243.0
2024-08-22,2249.0,2270.0,2248.0,2269.0,46400.0,2269.0
2024-08-23,2279.0,2290.0,2269.0,2283.0,66900.0,2283.0
2024-08-26,2270.0,2294.0,2260.0,2291.0,134600.0,2291.0
2024-08-27,2291.0,2327.0,2291.0,2325.0,60900.0,2325.0
2024-08-28,2311.0,2324.0,2295.0,2311.0,58300.0,2311.0
2024-08-29,2312.0,2325.0,2302.0,2313.0,69000.0,2313.0
2024-08-30,2323.0,2326.0,2305.0,2309.0,160000.0,2309.0
2024-09-02,2320.0,2328.0,2306.0,2327.0,86100.0,2327.0
2024-09-03,2336.0,2349.0,2329.0,2345.0,78800.0,2345.0
2024-09-04,2329.0,2353.0,2327.0,2336.0,128100.0,2336.0
2024-09-05,2334.0,2355.0,2328.0,2335.0,119700.0,2335.0
2024-09-06,2353.0,2390.0,2353.0,2374.0,167800.0,2374.0
2024-09-09,2350.0,2389.0,2343.0,2382.0,175800.0,2382.0
2024-09-10,2411.0,2438.0,2404.0,2426.0,180900.0,2426.0
2024-09-11,2424.0,2424.0,2365.0,2379.0,194500.0,2379.0
2024-09-12,2382.0,2383.0,2345.0,2355.0,208700.0,2355.0
2024-09-13,2343.0,2353.0,2325.0,2335.0,171900.0,2335.0
2024-09-17,2339.0,2359.0,2323.0,2342.0,215000.0,2342.0
2024-09-18,2349.0,2382.0,2349.0,2378.0,267200.0,2378.0
2024-09-19,2375.0,2390.0,2360.0,2360.0,257800.0,2360.0
2024-09-20,2369.0,2373.0,2352.0,2359.0,250500.0,2359.0
2024-09-24,2353.0,2359.0,2340.0,2348.0,478300.0,2348.0
2024-09-25,2342.0,2345.0,2325.0,2341.0,323000.0,2341.0
2024-09-26,2350.0,2383.0,2348.0,2383.0,748200.0,2383.0
2024-09-27,2338.0,2386.0,2329.0,2370.0,370400.0,2370.0
2024-09-30,2332.0,2378.0,2320.0,2374.0,142000.0,2374.0
2024-10-01,2370.0,2388.0,2355.0,2385.0,128600.0,2385.0
2024-10-02,2385.0,2427.0,2374.0,2382.0,150500.0,2382.0
2024-10-03,2409.0,2409.0,2375.0,2393.0,70000.0,2393.0
2024-10-04,2395.0,2404.0,2387.0,2392.0,73600.0,2392.0
2024-10-07,2405.0,2405.0,2381.0,2394.0,62600.0,2394.0
2024-10-08,2383.0,2383.0,2336.0,2342.0,89000.0,2342.0
2024-10-09,2360.0,2367.0,2342.0,2367.0,111000.0,2367.0
2024-10-10,2344.0,2350.0,2331.0,2337.0,51700.0,2337.0
2024-10-11,2337.0,2341.0,2307.0,2310.0,58900.0,2310.0
2024-10-15,2330.0,2339.0,2316.0,2326.0,82600.0,2326.0
2024-10-16,2330.0,2346.0,2303.0,2303.0,74000.0,2303.0
2024-10-17,2318.0,2318.0,2283.0,2284.0,56900.0,2284.0
2024-10-18,2297.0,2301.0,2273.0,2278.0,34100.0,2278.0
2024-10-21,2270.0,2272.0,2256.0,2263.0,50900.0,2263.0
2024-10-22,2261.0,2261.0,2230.0,2247.0,84800.0,2247.0
2024-10-23,2240.0,2245.0,2208.0,2208.0,69600.0,2208.0
2024-10-24,2206.0,2221.0,2201.0,2221.0,71000.0,2221.0
2024-10-25,2221.0,2221.0,2193.0,2205.0,75600.0,2205.0
2024-10-28,2220.0,2238.0,2204.0,2233.0,72600.0,2233.0
2024-10-29,2249.0,2254.0,2239.0,2248.0,70700.0,2248.0
2024-10-30,2243.0,2254.0,2227.0,2238.0,121200.0,2238.0
2024-10-31,2242.0,2259.0,2237.0,2245.0,56500.0,2245.0
2024-11-01,2233.0,2247.0,2215.0,2216.0,64900.0,2216.0
2024-11-05,2221.0,2349.0,2210.0,2294.0,419300.0,2294.0
2024-11-06,2247.0,2297.0,2207.0,2207.0,407800.0,2207.0
2024-11-07,2226.0,2252.0,2220.0,2235.0,86300.0,2235.0
2024-11-08,2241.0,2244.0,2211.0,2213.0,60900.0,2213.0
2024-11-11,2210.0,2213.0,2191.0,2201.0,78800.0,2201.0
2024-11-12,2210.0,2218.0,2197.0,2200.0,48100.0,2200.0
2024-11-13,2202.0,2221.0,2202.0,2202.0,77500.0,2202.0
2024-11-14,2211.0,2218.0,2192.0,2195.0,78000.0,2195.0
2024-11-15,2206.0,2230.0,2206.0,2212.0,118300.0,2212.0
2024-11-18,2201.0,2211.0,2186.0,2196.0,66500.0,2196.0
2024-11-19,2196.0,2206.0,2191.0,2193.0,29000.0,2193.0
2024-11-20,2190.0,2198.0,2185.0,2193.0,45900.0,2193.0
2024-11-21,2197.0,2202.0,2191.0,2192.0,35900.0,2192.0
2024-11-22,2193.0,2200.0,2192.0,2192.0,31900.0,2192.0
2024-11-25,2198.0,2200.0,2180.0,2180.0,74300.0,2180.0
2024-11-26,2179.0,2188.0,2174.0,2188.0,64800.0,2188.0
2024-11-27,2188.0,2195.0,2165.0,2179.0,82100.0,2179.0
2024-11-28,2175.0,2194.0,2175.0,2190.0,73000.0,2190.0
2024-11-29,2191.0,2202.0,2181.0,2181.0,63500.0,2181.0
2024-12-02,2180.0,2182.0,2169.0,2173.0,82800.0,2173.0
2024-12-03,2183.0,2209.0,2179.0,2198.0,113100.0,2198.0
2024-12-04,2205.0,2208.0,2191.0,2199.0,69900.0,2199.0
2024-12-05,2199.0,2199.0,2185.0,2198.0,62900.0,2198.0
2024-12-06,2198.0,2203.0,2195.0,2198.0,59400.0,2198.0
2024-12-09,2200.0,2212.0,2195.0,2203.0,75100.0,2203.0
2024-12-10,2218.0,2219.0,2203.0,2208.0,52200.0,2208.0
2024-12-11,2220.0,2253.0,2220.0,2245.0,87400.0,2245.0
2024-12-12,2260.0,2277.0,2255.0,2264.0,79500.0,2264.0
2024-12-13,2250.0,2259.0,2230.0,2247.0,58500.0,2247.0
2024-12-16,2247.0,2247.0,2226.0,2229.0,43900.0,2229.0
2024-12-17,2230.0,2238.0,2225.0,2225.0,39400.0,2225.0
2024-12-18,2225.0,2226.0,2206.0,2206.0,34300.0,2206.0
2024-12-19,2196.0,2223.0,2195.0,2221.0,67200.0,2221.0
2024-12-20,2222.0,2222.0,2194.0,2194.0,97700.0,2194.0
2024-12-23,2192.0,2201.0,2180.0,2184.0,111600.0,2184.0
2024-12-24,2184.0,2197.0,2181.0,2195.0,62100.0,2195.0
2024-12-25,2202.0,2202.0,2182.0,2197.0,49000.0,2197.0
2024-12-26,2197.0,2210.0,2195.0,2210.0,79300.0,2210.0
2024-12-27,2216.0,2227.0,2206.0,2227.0,42100.0,2227.0
2024-12-30,2232.0,2238.0,2218.0,2222.0,60200.0,2222.0
2025-01-06,2225.0,2226.0,2210.0,2214.0,84700.0,2214.0
2025-01-07,2214.0,2214.0,2194.0,2196.0,79000.0,2196.0
2025-01-08,2196.0,2199.0,2171.0,2172.0,134400.0,2172.0
2025-01-09,2172.0,2173.0,2156.0,2163.0,85500.0,2163.0
2025-01-10,2158.0,2158.0,2145.0,2150.0,74000.0,2150.0
2025-01-14,2151.0,2155.0,2130.0,2136.0,83100.0,2136.0
2025-01-15,2163.0,2175.0,2152.0,2169.0,89800.0,2169.0
2025-01-16,2171.0,2183.0,2163.0,2175.0,101500.0,2175.0
2025-01-17,2177.0,2178.0,2150.0,2170.0,71400.0,2170.0
2025-01-20,2180.0,2181.0,2166.0,2178.0,45700.0,2178.0
2025-01-21,2181.0,2186.0,2171.0,2181.0,65000.0,2181.0
2025-01-22,2186.0,2193.0,2174.0,2174.0,57200.0,2174.0
2025-01-23,2174.0,2174.0,2153.0,2158.0,71300.0,2158.0
2025-01-24,2176.0,2184.0,2164.0,2164.0,37000.0,2164.0
2025-01-27,2175.0,2186.0,2168.0,2180.0,53200.0,2180.0
2025-01-28,2185.0,2205.0,2184.0,2193.0,57600.0,2193.0
2025-01-29,2193.0,2197.0,2180.0,2189.0,55000.0,2189.0
2025-01-30,2189.0,2204.0,2185.0,2204.0,54800.0,2204.0
2025-01-31,2196.0,2200.0,2189.0,2193.0,40000.0,2193.0
2025-02-03,2208.0,2244.0,2180.0,2190.0,282600.0,2190.0
2025-02-04,2100.0,2128.0,2071.0,2071.0,500000.0,2071.0
2025-02-05,2100.0,2108.0,2082.0,2090.0,195800.0,2090.0
2025-02-06,2100.0,2112.0,2093.0,2099.0,137100.0,2099.0
2025-02-07,2109.0,2120.0,2101.0,2113.0,90400.0,2113.0
2025-02-10,2125.0,2154.0,2122.0,2153.0,96400.0,2153.0
2025-02-12,2173.0,2173.0,2143.0,2157.0,109300.0,2157.0
2025-02-13,2168.0,2187.0,2160.0,2175.0,70500.0,2175.0
2025-02-14,2188.0,2189.0,2155.0,2164.0,88500.0,2164.0
2025-02-17,2164.0,2175.0,2150.0,2150.0,89300.0,2150.0
2025-02-18,2150.0,2162.0,2146.0,2155.0,51300.0,2155.0
2025-02-19,2157.0,2178.0,2152.0,2158.0,69300.0,2158.0
2025-02-20,2159.0,2165.0,2133.0,2137.0,125100.0,2137.0
2025-02-21,2138.0,2158.0,2126.0,2144.0,135200.0,2144.0
2025-02-25,2155.0,2158.0,2144.0,2151.0,94700.0,2151.0
2025-02-26,2165.0,2168.0,2138.0,2154.0,85900.0,2154.0
2025-02-27,2143.0,2184.0,2141.0,2184.0,113700.0,2184.0
2025-02-28,2185.0,2198.0,2182.0,2189.0,118800.0,2189.0
2025-03-03,2200.0,2215.0,2191.0,2193.0,97400.0,2193.0
2025-03-04,2210.0,2213.0,2180.0,2180.0,59700.0,2180.0
2025-03-05,2188.0,2206.0,2185.0,2199.0,45900.0,2199.0
2025-03-06,2205.0,2215.0,2198.0,2205.0,70300.0,2205.0
2025-03-07,2203.0,2213.0,2184.0,2213.0,50600.0,2213.0
2025-03-10,2225.0,2229.0,2208.0,2217.0,86500.0,2217.0
2025-03-11,2215.0,2219.0,2202.0,2214.0,104500.0,2214.0
2025-03-12,2200.0,2207.0,2193.0,2207.0,101400.0,2207.0
2025-03-13,2200.0,2218.0,2198.0,2212.0,65000.0,2212.0
2025-03-14,2201.0,2216.0,2201.0,2209.0,53800.0,2209.0
2025-03-17,2212.0,2234.0,2209.0,2230.0,60300.0,2230.0
2025-03-18,2240.0,2262.0,2239.0,2255.0,75900.0,2255.0
2025-03-19,2250.0,2269.0,2246.0,2263.0,50100.0,2263.0
2025-03-21,2258.0,2274.0,2257.0,2258.0,60500.0,2258.0
2025-03-24,2279.0,2279.0,2255.0,2274.0,61700.0,2274.0
2025-03-25,2275.0,2288.0,2262.0,2283.0,57300.0,2283.0
2025-03-26,2285.0,2287.0,2273.0,2283.0,65400.0,2283.0
2025-03-27,2280.0,2292.0,2271.0,2292.0,86000.0,2292.0
2025-03-28,2262.0,2268.0,2244.0,2261.0,87400.0,2261.0
2025-03-31,2240.0,2240.0,2208.0,2222.0,100400.0,2222.0
2025-04-01,2245.0,2249.0,2221.0,2222.0,53400.0,2222.0
2025-04-02,2222.0,2229.0,2202.0,2210.0,69900.0,2210.0
2025-04-03,2183.0,2202.0,2170.0,2195.0,105900.0,2195.0
2025-04-04,2157.0,2190.0,2151.0,2166.0,129000.0,2166.0
2025-04-07,2030.0,2125.0,2012.0,2089.0,238700.0,2089.0
2025-04-08,2139.0,2181.0,2100.0,2172.0,113900.0,2172.0
2025-04-09,2170.0,2172.0,2114.0,2155.0,143800.0,2155.0
2025-04-10,2236.0,2239.0,2180.0,2209.0,93800.0,2209.0
2025-04-11,2172.0,2205.0,2162.0,2198.0,89300.0,2198.0
2025-04-14,2212.0,2238.0,2200.0,2217.0,68600.0,2217.0
2025-04-15,2222.0,2233.0,2201.0,2208.0,68100.0,2208.0
2025-04-16,2223.0,2235.0,2210.0,2229.0,54300.0,2229.0
2025-04-17,2229.0,2243.0,2228.0,2239.0,43300.0,2239.0
2025-04-18,2244.0,2271.0,2240.0,2268.0,65800.0,2268.0
2025-04-21,2275.0,2316.0,2273.0,2313.0,92000.0,2313.0
2025-04-22,2299.0,2328.0,2298.0,2323.0,91700.0,2323.0
2025-04-23,2321.0,2349.0,2311.0,2330.0,97000.0,2330.0
2025-04-24,2323.0,2327.0,2280.0,2287.0,67300.0,2287.0
2025-04-25,2274.0,2291.0,2258.0,2268.0,58500.0,2268.0
2025-04-28,2267.0,2286.0,2266.0,2282.0,62500.0,2282.0
2025-04-30,2290.0,2309.0,2278.0,2300.0,89300.0,2300.0
2025-05-01,2300.0,2300.0,2271.0,2287.0,45000.0,2287.0
2025-05-02,2273.0,2288.0,2255.0,2282.0,89300.0,2282.0
2025-05-07,2321.0,2343.0,2293.0,2328.0,167200.0,2328.0
2025-05-08,2231.0,2281.0,2226.0,2255.0,362300.0,2255.0
2025-05-09,2255.0,2320.0,2245.0,2305.0,231400.0,2305.0
2025-05-12,2310.0,2320.0,2287.0,2308.0,172900.0,2308.0
2025-05-13,2300.0,2317.0,2261.0,2270.0,105500.0,2270.0
2025-05-14,2260.0,2261.0,2224.0,2243.0,90900.0,2243.0
2025-05-15,2240.0,2285.0,2230.0,2271.0,88000.0,2271.0
2025-05-16,2299.0,2300.0,2267.0,2279.0,61400.0,2279.0
2025-05-19,2265.0,2277.0,2245.0,2263.0,87400.0,2263.0
2025-05-20,2252.0,2258.0,2228.0,2242.0,90200.0,2242.0
2025-05-21,2250.0,2256.0,2232.0,2232.0,53100.0,2232.0
2025-05-22,2226.0,2242.0,2219.0,2236.0,57300.0,2236.0
2025-05-23,2239.0,2248.0,2235.0,2248.0,55500.0,2248.0
2025-05-26,2248.0,2273.0,2241.0,2253.0,60900.0,2253.0
2025-05-27,2253.0,2268.0,2247.0,2260.0,51100.0,2260.0
2025-05-28,2272.0,2272.0,2256.0,2264.0,42500.0,2264.0
2025-05-29,2266.0,2274.0,2249.0,2254.0,58000.0,2254.0
2025-05-30,2249.0,2280.0,2242.0,2275.0,81200.0,2275.0
2025-06-02,2275.0,2280.0,2269.0,2273.0,53200.0,2273.0
2025-06-03,2275.0,2279.0,2265.0,2275.0,53800.0,2275.0
2025-06-04,2271.0,2272.0,2251.0,2262.0,57800.0,2262.0
2025-06-05,2262.0,2267.0,2250.0,2254.0,72800.0,2254.0
2025-06-06,2256.0,2266.0,2253.0,2265.0,60000.0,2265.0
2025-06-09,2268.0,2276.0,2262.0,2269.0,50900.0,2269.0
2025-06-10,2269.0,2277.0,2260.0,2262.0,61100.0,2262.0
2025-06-11,2260.0,2288.0,2256.0,2284.0,77800.0,2284.0
2025-06-12,2284.0,2302.0,2268.0,2294.0,77300.0,2294.0
2025-06-13,2290.0,2297.0,2276.0,2280.0,76900.0,2280.0
2025-06-16,2281.0,2303.0,2281.0,2297.0,67600.0,2297.0
2025-06-17,2291.0,2293.0,2276.0,2290.0,50300.0,2290.0
2025-06-18,2287.0,2299.0,2284.0,2294.0,37700.0,2294.0
2025-06-19,2290.0,2300.0,2277.0,2296.0,34200.0,2296.0
2025-06-20,2286.0,2301.0,2282.0,2301.0,159800.0,2301.0
2025-06-23,2300.0,2308.0,2284.0,2293.0,67600.0,2293.0
2025-06-24,2300.0,2302.0,2282.0,2285.0,54600.0,2285.0
2025-06-25,2281.0,2281.0,2258.0,2260.0,72300.0,2260.0
2025-06-26,2258.0,2270.0,2256.0,2263.0,55100.0,2263.0
2025-06-27,2262.0,2270.0,2258.0,2270.0,83900.0,2270.0
2025-06-30,2276.0,2283.0,2267.0,2267.0,81800.0,2267.0
2025-07-01,2263.0,2278.0,2261.0,2261.0,53000.0,2261.0
2025-07-02,2255.0,2291.0,2254.0,2283.0,67800.0,2283.0
2025-07-03,2280.0,2283.0,2269.0,2277.0,39900.0,2277.0
2025-07-04,2278.0,2298.0,2274.0,2292.0,77300.0,2292.0
2025-07-07,2290.0,2299.0,2276.0,2281.0,76600.0,2281.0
2025-07-08,2281.0,2281.0,2260.0,2270.0,82400.0,2270.0
2025-07-09,2270.0,2293.0,2265.0,2280.0,43200.0,2280.0
2025-07-10,2280.0,2281.0,2265.0,2274.0,61600.0,2274.0
2025-07-11,2282.0,2298.0,2279.0,2291.0,36900.0,2291.0
2025-07-14,2292.0,2328.0,2292.0,2325.0,92800.0,2325.0
2025-07-15,2326.0,2338.0,2319.0,2327.0,48900.0,2327.0
2025-07-16,2326.0,2327.0,2311.0,2318.0,102300.0,2318.0
2025-07-17,2310.0,2315.0,2298.0,2312.0,62800.0,2312.0
2025-07-18,2319.0,2332.0,2311.0,2311.0,51000.0,2311.0
2025-07-22,2310.0,2323.0,2301.0,2301.0,38000.0,2301.0
2025-07-23,2305.0,2321.0,2294.0,2305.0,99200.0,2305.0
2025-07-24,2305.0,2334.0,2305.0,2327.0,70600.0,2327.0
2025-07-25,2335.0,2358.0,2328.0,2350.0,115000.0,2350.0
2025-07-28,2373.0,2565.0,2371.0,2553.0,878900.0,2553.0
2025-07-29,2528.0,2583.0,2371.0,2404.0,793200.0,2404.0
2025-07-30,2399.0,2413.0,2375.0,2407.0,200800.0,2407.0
2025-07-31,2360.0,2409.0,2354.0,2390.0,314600.0,2390.0
2025-08-01,2369.0,2412.0,2360.0,2402.0,255600.0,2402.0
2025-08-04,2390.0,2405.0,2377.0,2380.0,82800.0,2380.0
2025-08-05,2378.0,2395.0,2365.0,2380.0,98200.0,2380.0
2025-08-06,2399.0,2413.0,2386.0,2397.0,116800.0,2397.0
2025-08-07,2391.0,2405.0,2385.0,2398.0,79500.0,2398.0
2025-08-08,2398.0,2413.0,2387.0,2405.0,91300.0,2405.0
2025-08-12,2409.0,2438.0,2382.0,2403.0,179100.0,2403.0
2025-08-13,2401.0,2403.0,2378.0,2391.0,144100.0,2391.0
2025-08-14,2391.0,2399.0,2352.0,2355.0,106400.0,2355.0
2025-08-15,2356.0,2356.0,2330.0,2344.0,122700.0,2344.0
2025-08-18,2353.0,2383.0,2350.0,2374.0,110000.0,2374.0
2025-08-19,2382.0,2383.0,2361.0,2366.0,91200.0,2366.0
2025-08-20,2353.0,2387.0,2353.0,2368.0,131700.0,2368.0
2025-08-21,2378.0,2378.0,2354.0,2367.0,60400.0,2367.0
2025-08-22,2378.0,2378.0,2361.0,2366.0,46900.0,2366.0
2025-08-25,2365.0,2374.0,2351.0,2359.0,72100.0,2359.0
2025-08-26,2365.0,2367.0,2343.0,2364.0,144900.0,2364.0
2025-08-27,2358.0,2361.0,2341.0,2356.0,87200.0,2356.0
2025-08-28,2352.0,2369.0,2343.0,2366.0,90500.0,2366.0
2025-08-29,2364.0,2367.0,2348.0,2360.0,99000.0,2360.0
2025-09-01,2364.0,2392.0,2361.0,2385.0,136600.0,2385.0
2025-09-02,2393.0,2406.0,2379.0,2404.0,106400.0,2404.0
2025-09-03,2416.0,2423.0,2401.0,2414.0,125600.0,2414.0
2025-09-04,2419.0,2427.0,2395.0,2426.0,103500.0,2426.0
2025-09-05,2412.0,2428.0,2408.0,2418.0,97700.0,2418.0
2025-09-08,2424.0,2432.0,2420.0,2429.0,133000.0,2429.0
2025-09-09,2430.0,2437.0,2412.0,2412.0,113400.0,2412.0
2025-09-10,2410.0,2423.0,2405.0,2414.0,85300.0,2414.0
2025-09-11,2414.0,2424.0,2399.0,2414.0,155300.0,2414.0
2025-09-12,2414.0,2420.0,2405.0,2412.0,139800.0,2412.0
2025-09-16,2405.0,2433.0,2398.0,2430.0,200300.0,2430.0
2025-09-17,2438.0,2441.0,2423.0,2431.0,153500.0,2431.0
2025-09-18,2425.0,2433.0,2414.0,2431.0,211100.0,2431.0
2025-09-19,2427.0,2444.0,2419.0,2419.0,281500.0,2419.0
2025-09-22,2404.0,2445.0,2403.0,2430.0,334900.0,2430.0
2025-09-24,2428.0,2454.0,2426.0,2445.0,355800.0,2445.0
2025-09-25,2459.0,2460.0,2447.0,2449.0,298000.0,2449.0
2025-09-26,2458.0,2475.0,2454.0,2460.0,588200.0,2460.0
2025-09-29,2401.0,2411.0,2390.0,2392.0,342200.0,2392.0
2025-09-30,2398.0,2400.0,2355.0,2355.0,125900.0,2355.0
2025-10-01,2340.0,2340.0,2292.0,2301.0,207900.0,2301.0
2025-10-02,2300.0,2306.0,2276.0,2288.0,108300.0,2288.0
2025-10-03,2276.0,2297.0,2276.0,2283.0,122300.0,2283.0
2025-10-06,2314.0,2320.0,2295.0,2302.0,106700.0,2302.0
2025-10-07,2303.0,2313.0,2297.0,2297.0,95400.0,2297.0
2025-10-08,2300.0,2313.0,2267.0,2267.0,137800.0,2267.0
2025-10-09,2251.0,2267.0,2246.0,2258.0,124900.0,2258.0
2025-10-10,2241.0,2245.0,2215.0,2241.0,282600.0,2241.0
2025-10-14,2218.0,2250.0,2213.0,2250.0,107300.0,2250.0
2025-10-15,2265.0,2266.0,2249.0,2249.0,69700.0,2249.0
2025-10-16,2249.0,2257.0,2247.0,2250.0,64400.0,2250.0
2025-10-17,2254.0,2273.0,2254.0,2268.0,61800.0,2268.0
2025-10-20,2281.0,2291.0,2275.0,2291.0,60200.0,2291.0
2025-10-21,2291.0,2298.0,2289.0,2291.0,93800.0,2291.0
2025-10-22,2294.0,2312.0,2294.0,2300.0,113800.0,2300.0
2025-10-23,2302.0,2324.0,2299.0,2317.0,76500.0,2317.0
2025-10-24,2331.0,2357.0,2314.0,2317.0,161300.0,2317.0
2025-10-27,2313.0,2420.0,2311.0,2417.0,314700.0,2417.0
2025-10-28,2415.0,2540.0,2394.0,2511.0,1096200.0,2511.0
2025-10-29,2536.0,2607.0,2502.0,2592.0,784400.0,2592.0
2025-10-30,2601.0,2694.0,2586.0,2675.0,891600.0,2675.0
