Date,Open,High,Low,Close,Volume,Adj Close
2005-03-22,456.996,492.549,456.996,475.415,142189.0,475.415
2005-03-23,468.557,478.399,464.269,478.399,41325.0,478.399
2005-03-24,476.7,476.7,456.996,461.275,20312.8,461.275
2005-03-25,438.577,452.708,438.577,441.591,51131.3,441.591
2005-03-28,438.577,439.862,433.014,435.583,25916.3,435.583
2005-03-29,435.583,461.275,435.583,439.862,43426.9,439.862
2005-03-30,439.862,447.154,438.577,445.425,28018.2,445.425
2005-03-31,445.425,448.429,445.425,448.429,9805.26,448.429
2005-04-01,448.429,461.275,448.429,461.275,31519.7,461.275
2005-04-04,461.275,462.549,459.99,459.99,11206.8,459.99
2005-04-05,459.99,474.13,459.99,469.842,32219.0,469.842
2005-04-06,469.842,476.7,469.842,476.7,37824.5,476.7
2005-04-07,476.7,480.988,476.7,476.7,27318.9,476.7
2005-04-08,478.399,479.694,475.415,478.399,30820.4,478.399
2005-04-11,478.399,479.694,472.421,472.421,50432.0,472.421
2005-04-12,472.421,472.421,453.982,453.982,20312.8,453.982
2005-04-13,453.982,455.702,453.982,455.702,14009.1,455.702
2005-04-14,455.702,455.702,447.154,455.702,25916.3,455.702
2005-04-15,453.982,455.702,444.14,453.982,10506.5,453.982
2005-04-18,452.708,452.708,438.577,438.577,14009.1,438.577
2005-04-19,439.862,439.862,437.292,438.577,19611.5,438.577
2005-04-20,438.577,444.14,433.014,438.577,16810.3,438.577
2005-04-22,442.856,453.982,442.856,445.425,7004.05,445.425
2005-04-25,438.577,439.862,428.725,439.862,35022.2,439.862
2005-04-26,439.862,439.862,428.725,433.014,7004.05,433.014
2005-04-27,433.014,447.154,433.014,444.14,3501.52,444.14
2005-04-28,453.982,455.702,447.154,453.982,14009.1,453.982
2005-05-02,453.982,456.996,453.982,453.982,7004.05,453.982
2005-05-06,459.99,468.557,451.423,456.996,14708.4,456.996
2005-05-09,461.275,479.694,461.275,479.694,55333.1,479.694
2005-05-10,475.415,491.265,472.421,479.694,49730.6,479.694
2005-05-11,474.13,475.415,448.429,453.982,35721.5,453.982
2005-05-12,458.281,458.281,453.982,453.982,2802.22,453.982
2005-05-13,455.702,456.996,435.583,453.982,25216.0,453.982
2005-05-16,451.423,452.708,438.577,442.856,14009.1,442.856
2005-05-17,439.862,441.591,428.725,439.862,31519.7,439.862
2005-05-18,441.591,441.591,439.862,439.862,4202.83,439.862
2005-05-19,434.308,439.862,433.014,438.577,11906.1,438.577
2005-05-20,437.292,448.429,437.292,447.154,5602.43,447.154
2005-05-23,445.425,447.154,441.591,442.856,9805.26,442.856
2005-05-24,437.292,439.862,424.872,425.721,26617.6,425.721
2005-05-25,424.872,431.304,424.872,425.721,26617.6,425.721
2005-05-26,419.298,425.721,419.298,425.721,2802.22,425.721
2005-05-27,411.601,418.874,411.601,418.874,9805.26,418.874
2005-05-30,418.874,425.721,418.874,419.298,3501.52,419.298
2005-05-31,425.721,425.721,420.168,420.168,2100.91,420.168
2005-06-01,424.457,424.872,422.727,424.872,4202.83,424.872
2005-06-02,425.721,441.591,424.457,424.872,14009.1,424.872
2005-06-03,433.014,433.014,424.872,425.721,2802.22,425.721
2005-06-06,427.016,428.725,427.016,428.725,1399.59,428.725
2005-06-07,441.591,444.14,435.583,435.583,28018.2,435.583
2005-06-08,441.591,441.591,437.292,437.292,25916.3,437.292
2005-06-09,438.577,439.862,423.607,430.03,21011.1,430.03
2005-06-10,433.014,434.308,428.725,431.304,24517.7,431.304
2005-06-13,434.308,449.713,434.308,445.425,52532.9,445.425
2005-06-14,452.708,468.557,451.423,453.982,88955.8,453.982
2005-06-15,452.708,456.996,447.154,456.996,47629.7,456.996
2005-06-16,453.982,461.275,449.713,459.99,53234.2,459.99
2005-06-17,458.281,461.275,452.708,461.275,49730.6,461.275
2005-06-20,461.275,462.549,447.154,453.982,91057.7,453.982
2005-06-21,447.154,449.713,442.856,447.154,32219.0,447.154
2005-06-22,445.425,447.154,435.583,439.862,44128.2,439.862
2005-06-23,437.292,437.292,437.292,437.292,2802.22,437.292
2005-06-24,433.014,441.591,433.014,439.862,9805.26,439.862
2005-06-27,434.308,449.713,434.308,435.583,19611.5,435.583
2005-06-28,435.583,437.292,433.014,435.583,6303.74,435.583
2005-06-29,435.583,438.577,433.014,437.292,14009.1,437.292
2005-07-01,435.583,438.577,435.583,438.577,4202.83,438.577
2005-07-04,437.292,438.577,435.583,437.292,11206.8,437.292
2005-07-05,439.862,453.982,435.583,447.154,54634.8,447.154
2005-07-06,445.425,456.996,445.425,455.702,50432.0,455.702
2005-07-07,455.702,455.702,453.982,453.982,26617.6,453.982
2005-07-08,452.708,455.702,444.14,453.982,32922.3,453.982
2005-07-11,453.982,453.982,448.429,448.429,7004.05,448.429
2005-07-12,451.423,451.423,442.856,442.856,23816.4,442.856
2005-07-13,441.591,442.856,439.862,439.862,18210.9,439.862
2005-07-14,441.591,453.982,441.591,453.982,5602.43,453.982
2005-07-15,452.708,453.982,439.862,447.154,50432.0,447.154
2005-07-19,445.425,447.154,442.856,442.856,21714.4,442.856
2005-07-20,445.425,448.429,438.577,438.577,61637.8,438.577
2005-07-21,437.292,439.862,437.292,438.577,25216.0,438.577
2005-07-22,437.292,438.577,434.308,435.583,75647.0,435.583
2005-07-25,434.308,452.708,433.014,449.713,44128.2,449.713
2005-07-26,442.856,451.423,441.591,441.591,24517.7,441.591
2005-07-27,441.591,452.708,441.591,447.154,53234.2,447.154
2005-07-28,441.591,452.708,441.591,448.429,4905.16,448.429
2005-07-29,452.708,462.549,452.708,456.996,255659.0,456.996
2005-08-01,456.996,469.842,456.996,465.573,108569.0,465.573
2005-08-02,468.557,475.415,466.858,471.126,48331.0,471.126
2005-08-03,472.421,476.7,471.126,471.126,52532.9,471.126
2005-08-04,468.557,469.842,453.982,456.996,32922.3,456.996
2005-08-05,468.557,468.557,465.573,465.573,9805.26,465.573
2005-08-08,465.573,466.858,452.708,456.996,39926.4,456.996
2005-08-09,461.275,461.275,461.275,461.275,701.316,461.275
2005-08-10,461.275,469.842,459.99,462.549,31519.7,462.549
2005-08-11,468.557,474.13,466.858,468.557,23114.0,468.557
2005-08-12,466.858,469.842,464.269,468.557,9805.26,468.557
2005-08-15,468.557,469.842,465.573,465.573,4202.83,465.573
2005-08-16,465.573,474.13,465.573,474.13,17510.6,474.13
2005-08-17,474.13,474.13,465.573,468.557,14708.4,468.557
2005-08-18,469.842,471.126,466.858,468.557,9104.96,468.557
2005-08-19,466.858,466.858,462.549,465.573,22415.8,465.573
2005-08-22,465.573,469.842,465.573,465.573,23816.4,465.573
2005-08-23,465.573,466.858,464.269,465.573,26617.6,465.573
2005-08-24,465.573,468.557,465.573,466.858,7004.05,466.858
2005-08-25,468.557,469.842,464.269,465.573,35022.2,465.573
2005-08-26,464.269,464.269,462.549,464.269,5602.43,464.269
2005-08-29,462.549,464.269,459.99,461.275,8405.67,461.275
2005-08-30,464.269,465.573,461.275,462.549,6303.74,462.549
2005-08-31,466.858,466.858,465.573,465.573,2100.91,465.573
2005-09-01,469.842,469.842,468.557,468.557,2802.22,468.557
2005-09-02,468.557,469.842,464.269,465.573,21011.1,465.573
2005-09-05,465.573,468.557,464.269,466.858,12606.4,466.858
2005-09-06,469.842,475.415,468.557,475.415,19611.5,475.415
2005-09-07,475.415,475.415,472.421,475.415,6303.74,475.415
2005-09-08,474.13,475.415,469.842,469.842,13307.8,469.842
2005-09-09,468.557,469.842,466.858,468.557,11906.1,468.557
2005-09-12,474.13,474.13,468.557,468.557,5602.43,468.557
2005-09-13,468.557,469.842,466.858,469.842,22415.8,469.842
2005-09-14,468.557,472.421,468.557,472.421,11206.8,472.421
2005-09-15,476.7,476.7,475.415,475.415,21011.1,475.415
2005-09-16,475.415,483.992,475.415,482.708,44128.2,482.708
2005-09-20,482.708,491.265,482.708,485.257,44828.5,485.257
2005-09-21,486.986,493.834,486.986,492.549,30820.4,492.549
2005-09-22,492.549,498.113,492.549,492.549,77049.6,492.549
2005-09-26,493.834,499.407,491.265,496.828,65842.7,496.828
2005-09-27,509.674,510.968,488.686,488.686,15408.7,488.686
2005-09-28,495.119,499.407,495.119,498.113,26617.6,498.113
2005-09-29,499.407,501.542,493.834,500.257,40626.7,500.257
2005-09-30,491.69,499.407,483.123,499.407,7004.05,499.407
2005-10-03,489.545,491.69,489.545,489.545,1868.15,489.545
2005-10-04,489.545,489.545,487.411,487.411,15408.7,487.411
2005-10-05,484.407,485.257,480.128,483.123,6536.5,483.123
2005-10-06,485.257,487.411,485.257,486.551,2802.22,486.551
2005-10-07,486.551,488.686,485.257,487.411,6536.5,487.411
2005-10-11,485.257,489.545,485.257,489.545,12606.4,489.545
2005-10-12,488.686,497.263,488.686,493.834,16342.7,493.834
2005-10-13,498.113,500.257,490.82,491.69,15408.7,491.69
2005-10-14,493.834,493.834,493.834,493.834,1399.59,493.834
2005-10-17,493.834,497.263,493.834,495.978,4202.83,495.978
2005-10-18,495.119,495.978,492.984,492.984,4669.36,492.984
2005-10-20,498.113,500.257,492.984,498.113,12140.9,498.113
2005-10-21,499.407,499.407,495.978,498.113,7472.6,498.113
2005-10-24,498.113,500.257,493.834,498.113,20080.1,498.113
2005-10-25,499.407,500.257,498.113,498.113,34088.2,498.113
2005-10-26,499.407,500.257,498.113,498.113,8405.67,498.113
2005-10-27,499.407,499.407,495.119,495.978,3267.74,495.978
2005-10-28,498.113,498.113,493.834,495.978,7472.6,495.978
2005-10-31,498.113,498.113,497.263,497.263,5602.43,497.263
2005-11-01,499.407,499.407,495.978,497.263,7938.12,497.263
2005-11-02,495.978,498.113,491.69,495.978,23816.4,495.978
2005-11-04,495.119,495.119,478.844,480.988,20080.1,480.988
2005-11-07,480.988,485.257,478.844,478.844,19148.0,478.844
2005-11-08,478.844,480.988,476.7,480.988,22880.3,480.988
2005-11-09,480.128,480.988,480.128,480.988,5602.43,480.988
2005-11-10,485.257,487.411,485.257,485.257,10739.3,485.257
2005-11-11,489.545,500.257,489.545,489.545,2802.22,489.545
2005-11-14,489.545,500.257,488.686,491.69,10739.3,491.69
2005-11-15,490.82,491.69,488.686,489.545,10739.3,489.545
2005-11-16,489.545,490.82,487.411,488.686,8405.67,488.686
2005-11-17,489.545,489.545,480.128,488.686,8873.21,488.686
2005-11-18,486.551,488.686,480.128,482.273,21480.7,482.273
2005-11-21,486.551,487.411,482.273,483.123,10274.8,483.123
2005-11-22,482.273,487.411,477.974,478.844,49498.9,478.844
2005-11-24,478.844,484.407,477.974,478.844,40158.1,478.844
2005-11-25,477.974,480.128,475.83,478.844,46230.1,478.844
2005-11-28,477.974,478.844,477.974,478.844,18677.4,478.844
2005-11-29,477.974,478.844,477.974,477.974,21480.7,477.974
2005-11-30,477.974,478.844,475.83,476.7,7938.12,476.7
2005-12-01,478.844,480.128,475.83,476.7,6069.97,476.7
2005-12-02,476.7,491.69,476.7,489.545,34556.7,489.545
2005-12-05,490.82,521.65,490.82,517.381,73780.8,517.381
2005-12-06,519.536,530.227,519.536,530.227,62571.9,530.227
2005-12-07,530.227,531.097,520.385,521.65,24281.9,521.65
2005-12-08,520.385,521.65,495.119,508.834,37824.5,508.834
2005-12-09,507.54,508.834,506.67,507.54,9338.73,507.54
2005-12-12,507.54,513.972,501.542,507.54,28951.2,507.54
2005-12-13,507.54,508.834,506.67,507.54,8873.21,507.54
2005-12-14,506.67,508.834,501.542,506.67,15877.2,506.67
2005-12-15,508.834,508.834,502.401,503.696,21946.2,503.696
2005-12-16,504.536,511.818,504.536,504.536,25683.5,504.536
2005-12-19,510.968,536.65,510.968,532.381,34556.7,532.381
2005-12-20,532.381,534.526,532.381,532.381,19611.5,532.381
2005-12-21,532.381,539.674,531.097,536.65,16810.3,536.65
2005-12-22,536.65,538.785,534.526,537.51,29417.8,537.51
2005-12-26,537.51,574.783,537.51,568.35,28951.2,568.35
2005-12-27,568.35,569.634,566.225,568.35,17744.4,568.35
2005-12-28,567.51,576.927,566.225,574.783,25683.5,574.783
2005-12-29,574.783,576.067,573.913,573.913,19611.5,573.913
2005-12-30,573.913,579.911,573.913,579.061,6536.5,579.061
2006-01-04,576.067,583.35,576.067,583.35,17276.8,583.35
2006-01-05,591.917,597.045,584.19,596.186,37357.9,596.186
2006-01-06,601.324,604.743,601.324,602.619,21011.1,602.619
2006-01-10,611.176,621.453,611.176,617.184,23347.8,617.184
2006-01-11,617.184,624.891,613.33,613.33,37824.5,613.33
2006-01-12,612.036,613.33,604.743,604.743,21011.1,604.743
2006-01-13,603.478,613.33,602.619,611.176,29886.3,611.176
2006-01-16,611.176,617.184,604.743,617.184,18677.4,617.184
2006-01-17,619.328,624.891,600.474,606.917,33155.1,606.917
2006-01-18,596.186,605.623,521.65,532.381,69110.4,532.381
2006-01-19,532.381,606.917,532.381,605.623,46694.6,605.623
2006-01-20,605.623,606.917,594.051,594.911,17276.8,594.911
2006-01-23,570.484,571.789,542.658,543.943,15408.7,543.943
2006-01-24,544.802,574.783,544.802,564.061,13542.5,564.061
2006-01-25,571.789,574.783,552.5,564.061,41091.2,564.061
2006-01-26,576.927,596.186,576.927,596.186,8873.21,596.186
2006-01-27,602.619,604.743,574.783,579.911,8405.67,579.911
2006-01-30,596.186,596.186,594.911,594.911,7938.12,594.911
2006-01-31,594.911,607.757,594.911,600.474,34088.2,600.474
2006-02-01,594.911,596.186,557.648,566.225,110670.0,566.225
2006-02-02,567.51,568.35,561.937,561.937,43895.5,561.937
2006-02-03,553.37,554.644,543.943,546.947,30351.9,546.947
2006-02-06,542.658,546.947,536.65,539.674,31752.5,539.674
2006-02-07,538.785,543.943,537.51,539.674,20545.6,539.674
2006-02-08,541.789,553.37,541.789,544.802,9338.73,544.802
2006-02-09,552.5,564.061,551.215,551.215,18677.4,551.215
2006-02-10,550.366,557.648,550.366,553.37,31752.5,553.37
2006-02-13,552.5,553.37,540.929,540.929,31752.5,540.929
2006-02-14,539.674,540.929,509.674,513.103,14475.6,513.103
2006-02-15,521.65,532.381,520.385,532.381,23347.8,532.381
2006-02-16,532.381,532.381,513.103,513.103,15408.7,513.103
2006-02-17,511.818,513.103,510.968,510.968,12606.4,510.968
2006-02-20,509.674,510.968,491.69,500.257,20545.6,500.257
2006-02-21,495.978,510.968,489.545,510.968,21946.2,510.968
2006-02-22,519.536,519.536,506.67,506.67,7938.12,506.67
2006-02-23,516.107,516.107,506.67,506.67,18677.4,506.67
2006-02-24,520.385,521.65,520.385,520.385,2802.22,520.385
2006-02-27,511.818,532.381,511.818,521.65,30351.9,521.65
2006-02-28,518.231,519.536,510.968,510.968,9805.26,510.968
2006-03-01,510.968,510.968,509.674,510.968,5602.43,510.968
2006-03-02,510.968,510.968,505.395,509.674,4202.83,509.674
2006-03-03,505.395,506.67,495.978,495.978,25683.5,495.978
2006-03-06,493.834,495.119,491.69,495.119,3734.28,495.119
2006-03-07,495.119,511.818,495.119,510.968,8873.21,510.968
2006-03-08,510.968,517.381,509.674,510.968,19611.5,510.968
2006-03-09,510.968,521.65,510.968,515.247,8405.67,515.247
2006-03-10,517.381,520.385,515.247,519.536,9338.73,519.536
2006-03-13,520.385,532.381,520.385,531.097,7472.6,531.097
2006-03-14,532.381,534.526,532.381,534.526,20545.6,534.526
2006-03-15,539.674,540.929,536.65,536.65,7938.12,536.65
2006-03-16,534.526,538.785,534.526,534.526,2802.22,534.526
2006-03-17,538.785,540.929,538.785,540.929,1868.15,540.929
2006-03-20,542.658,542.658,540.929,540.929,16342.7,540.929
2006-03-22,543.943,543.943,542.658,542.658,3734.28,542.658
2006-03-23,544.802,546.077,542.658,544.802,8873.21,544.802
2006-03-24,546.077,546.947,546.077,546.947,7472.6,546.947
2006-03-27,546.947,557.648,546.947,546.947,25216.0,546.947
2006-03-28,546.947,551.215,546.947,548.221,6069.97,548.221
2006-03-29,548.221,548.221,546.077,548.221,9805.26,548.221
2006-03-30,548.221,550.366,546.947,548.221,36422.8,548.221
2006-03-31,548.221,548.221,532.381,532.381,28951.2,532.381
2006-04-03,537.51,542.658,533.221,538.785,15408.7,538.785
2006-04-04,539.674,553.37,539.674,549.071,28018.2,549.071
2006-04-05,554.644,565.346,553.37,561.937,56035.4,561.937
2006-04-06,561.937,567.51,561.937,563.221,34088.2,563.221
2006-04-07,561.937,564.061,558.943,558.943,18677.4,558.943
2006-04-10,558.943,564.061,558.943,564.061,19611.5,564.061
2006-04-11,566.225,568.35,564.061,565.346,20545.6,565.346
2006-04-12,565.346,566.225,563.221,565.346,18677.4,565.346
2006-04-13,564.061,565.346,558.943,564.061,28951.2,564.061
2006-04-14,563.221,566.225,563.221,566.225,23347.8,566.225
2006-04-17,566.225,567.51,561.937,561.937,20545.6,561.937
2006-04-18,561.937,564.061,555.504,555.504,7938.12,555.504
2006-04-19,556.789,557.648,556.789,556.789,4202.83,556.789
2006-04-20,556.789,556.789,551.215,556.789,9338.73,556.789
2006-04-21,556.789,558.943,555.504,556.789,18210.9,556.789
2006-04-24,555.504,558.943,555.504,558.943,25216.0,558.943
2006-04-25,532.381,553.37,532.381,542.658,65374.1,542.658
2006-04-26,543.943,543.943,541.789,541.789,4202.83,541.789
2006-04-27,535.366,536.65,531.097,531.097,17276.8,531.097
2006-04-28,531.097,537.51,531.097,537.51,4202.83,537.51
2006-05-01,533.221,534.526,531.097,532.381,3734.28,532.381
2006-05-02,531.097,548.221,531.097,548.221,7938.12,548.221
2006-05-08,553.37,553.37,552.5,553.37,2802.22,553.37
2006-05-09,552.5,554.644,548.221,550.366,6069.97,550.366
2006-05-10,548.221,548.221,532.381,534.526,16810.3,534.526
2006-05-11,534.526,535.366,523.814,523.814,16342.7,523.814
2006-05-12,519.536,520.385,505.395,506.67,16342.7,506.67
2006-05-15,505.395,506.67,505.395,506.67,7938.12,506.67
2006-05-16,506.67,508.834,489.545,489.545,18677.4,489.545
2006-05-17,489.545,489.545,488.686,489.545,8873.21,489.545
2006-05-18,489.545,493.834,480.988,493.834,10739.3,493.834
2006-05-19,492.984,500.257,487.411,493.834,23347.8,493.834
2006-05-22,493.834,498.113,489.545,489.545,25216.0,489.545
2006-05-23,489.545,489.545,468.557,468.557,10739.3,468.557
2006-05-24,471.551,473.696,471.551,472.421,14475.6,472.421
2006-05-25,472.421,476.7,471.551,471.551,21011.1,471.551
2006-05-26,471.551,472.421,471.551,472.421,3267.74,472.421
2006-05-29,473.696,475.83,472.421,472.421,19611.5,472.421
2006-05-30,473.696,475.83,472.421,472.421,13542.5,472.421
2006-05-31,471.551,471.551,467.273,467.273,4669.36,467.273
2006-06-01,466.423,466.423,462.144,462.994,10274.8,462.994
2006-06-02,462.144,462.144,414.18,447.154,32219.0,447.154
2006-06-05,449.269,465.138,448.004,451.423,19611.5,451.423
2006-06-06,448.004,450.138,447.154,447.154,19148.0,447.154
2006-06-07,447.154,447.154,442.856,442.856,10274.8,442.856
2006-06-08,435.148,442.856,404.308,404.308,84053.6,404.308
2006-06-09,404.308,416.749,404.308,407.737,15877.2,407.737
2006-06-12,415.03,423.607,410.741,410.741,28018.2,410.741
2006-06-13,411.166,421.443,407.737,421.443,21480.7,421.443
2006-06-14,415.03,417.589,408.607,408.607,17276.8,408.607
2006-06-15,425.721,425.721,421.443,421.443,4669.36,421.443
2006-06-16,425.721,442.856,425.721,430.03,25683.5,430.03
2006-06-19,454.407,455.702,449.269,449.269,10274.8,449.269
2006-06-20,451.423,451.423,447.154,448.004,5137.92,448.004
2006-06-21,447.154,447.154,447.154,447.154,3734.28,447.154
2006-06-23,447.154,447.154,447.154,447.154,935.088,447.154
2006-06-26,445.86,468.557,438.577,451.423,21480.7,451.423
2006-06-27,451.423,451.423,451.423,451.423,1399.59,451.423
2006-06-28,447.154,447.154,447.154,447.154,8873.21,447.154
2006-06-29,450.138,451.423,447.154,447.154,8405.67,447.154
2006-06-30,451.423,451.423,451.423,451.423,1868.15,451.423
2006-07-03,451.423,453.577,445.86,453.577,14475.6,453.577
2006-07-04,454.407,454.407,450.138,451.423,1399.59,451.423
2006-07-05,448.004,449.269,447.154,449.269,1868.15,449.269
2006-07-06,447.154,447.154,447.154,447.154,935.088,447.154
2006-07-07,442.856,442.856,442.856,442.856,2335.69,442.856
2006-07-10,438.577,440.721,436.443,440.721,20545.6,440.721
2006-07-11,438.577,440.721,435.148,438.577,3267.74,438.577
2006-07-12,434.308,436.443,427.866,430.03,5137.92,430.03
2006-07-13,427.016,430.03,425.721,430.03,10274.8,430.03
2006-07-14,423.607,425.721,423.607,425.721,6536.5,425.721
2006-07-18,415.03,415.03,402.154,404.308,15877.2,404.308
2006-07-19,415.03,415.03,404.308,404.308,28485.7,404.308
2006-07-20,406.472,409.457,406.472,408.607,8873.21,408.607
2006-07-24,415.03,415.03,405.168,405.583,6069.97,405.583
2006-07-25,421.443,421.443,421.443,421.443,8405.67,421.443
2006-07-26,415.03,416.304,415.03,415.03,3734.28,415.03
2006-07-27,416.304,416.304,416.304,416.304,2335.69,416.304
2006-07-28,404.743,413.33,403.893,408.607,18210.9,408.607
2006-07-31,408.607,408.607,404.308,406.472,6536.5,406.472
2006-08-01,406.472,411.166,404.308,404.308,17276.8,404.308
2006-08-02,408.607,417.174,408.607,417.174,28018.2,417.174
2006-08-03,417.174,417.174,417.174,417.174,465.52,417.174
2006-08-04,410.741,410.741,409.022,409.022,2335.69,409.022
2006-08-07,409.891,409.891,409.891,409.891,3267.74,409.891
2006-08-08,415.03,415.03,409.022,409.891,2335.69,409.891
2006-08-09,415.03,415.03,415.03,415.03,1399.59,415.03
2006-08-15,415.03,415.03,409.457,409.891,1399.59,409.891
2006-08-16,407.737,408.607,404.308,408.607,25683.5,408.607
2006-08-17,409.891,409.891,409.457,409.891,10274.8,409.891
2006-08-18,415.03,415.03,415.03,415.03,2335.69,415.03
2006-08-21,415.03,415.03,414.595,415.03,7004.05,415.03
2006-08-22,415.03,415.03,411.601,415.03,22415.8,415.03
2006-08-23,415.03,415.03,412.875,414.18,4669.36,414.18
2006-08-24,416.304,416.304,412.875,412.875,2802.22,412.875
2006-08-25,415.03,423.607,415.03,415.03,10739.3,415.03
2006-08-28,415.03,417.174,408.607,415.03,14942.1,415.03
2006-08-29,412.875,412.875,412.875,412.875,465.52,412.875
2006-08-30,415.03,415.03,415.03,415.03,935.088,415.03
2006-08-31,411.166,415.03,411.166,415.03,9805.26,415.03
2006-09-01,415.03,415.03,415.03,415.03,5602.43,415.03
2006-09-04,415.03,415.03,415.03,415.03,935.088,415.03
2006-09-06,415.03,415.455,413.745,415.03,10739.3,415.03
2006-09-07,412.026,415.03,412.026,414.18,14475.6,414.18
2006-09-08,414.18,414.18,411.601,413.745,4202.83,413.745
2006-09-11,415.03,415.03,410.741,412.875,3267.74,412.875
2006-09-12,412.875,412.875,412.875,412.875,465.52,412.875
2006-09-13,410.741,412.875,409.457,409.891,7472.6,409.891
2006-09-14,409.891,409.891,409.891,409.891,9338.73,409.891
2006-09-15,409.891,415.03,409.891,412.875,7004.05,412.875
2006-09-19,412.875,412.875,408.607,408.607,1399.59,408.607
2006-09-20,408.607,409.891,408.607,409.891,3734.28,409.891
2006-09-21,408.607,409.891,408.607,409.891,9338.73,409.891
2006-09-22,409.457,409.891,406.877,409.891,7938.12,409.891
2006-09-25,451.423,452.273,425.721,431.304,26148.0,431.304
2006-09-26,425.721,427.016,425.721,425.721,6069.97,425.721
2006-09-27,423.607,423.607,412.026,412.875,2802.22,412.875
2006-09-28,412.875,421.443,412.875,412.875,4669.36,412.875
2006-09-29,412.875,412.875,412.875,412.875,465.52,412.875
2006-10-02,412.875,413.33,410.741,412.875,9805.26,412.875
2006-10-03,412.875,415.03,412.875,413.745,9338.73,413.745
2006-10-04,415.03,415.03,415.03,415.03,2335.69,415.03
2006-10-05,412.875,413.33,412.875,413.33,1868.15,413.33
2006-10-06,410.741,410.741,404.743,404.743,8873.21,404.743
2006-10-10,404.743,404.743,404.308,404.308,5137.92,404.308
2006-10-11,402.154,402.154,402.154,402.154,935.088,402.154
2006-10-12,397.895,415.03,391.887,415.03,23347.8,415.03
2006-10-13,406.472,406.472,406.472,406.472,465.52,406.472
2006-10-17,423.607,424.022,412.875,412.875,5137.92,412.875
2006-10-18,412.875,412.875,412.875,412.875,3267.74,412.875
2006-10-19,423.607,423.607,421.443,421.443,2802.22,421.443
2006-10-20,412.875,415.03,412.875,415.03,3734.28,415.03
2006-10-23,415.03,416.304,415.03,416.304,2802.22,416.304
2006-10-24,417.174,423.607,417.174,423.607,15408.7,423.607
2006-10-25,432.154,433.014,423.607,423.607,16342.7,423.607
2006-10-27,436.443,447.154,425.296,447.154,7938.12,447.154
2006-10-30,432.154,456.581,432.154,455.702,11206.8,455.702
2006-10-31,455.702,455.702,447.154,447.154,16810.3,447.154
2006-11-01,448.004,448.004,415.03,447.154,12140.9,447.154
2006-11-02,445.01,445.01,423.607,423.607,9805.26,423.607
2006-11-06,423.607,425.721,423.607,425.721,13542.5,425.721
2006-11-07,425.721,425.721,417.174,417.174,6536.5,417.174
2006-11-08,415.455,415.455,406.877,406.877,11674.4,406.877
2006-11-09,409.891,415.03,391.038,394.032,37357.9,394.032
2006-11-10,391.887,394.032,390.613,394.032,69578.0,394.032
2006-11-13,394.032,397.026,393.192,397.026,1868.15,397.026
2006-11-14,402.154,402.154,396.176,396.176,4669.36,396.176
2006-11-15,394.032,394.032,394.032,394.032,2335.69,394.032
2006-11-16,396.176,396.176,396.176,396.176,2335.69,396.176
2006-11-17,395.741,395.741,392.332,392.332,6069.97,392.332
2006-11-20,389.763,391.887,380.751,383.32,7938.12,383.32
2006-11-21,364.061,412.875,364.061,383.32,12606.4,383.32
2006-11-22,383.32,383.32,361.907,370.474,25216.0,370.474
2006-11-24,372.628,376.897,361.907,361.907,33621.6,361.907
2006-11-27,362.332,372.628,361.907,361.907,22415.8,361.907
2006-11-28,362.777,368.765,361.907,367.065,24281.9,367.065
2006-11-29,366.196,368.34,361.492,361.907,18210.9,361.907
2006-11-30,361.907,364.061,353.34,353.34,27550.6,353.34
2006-12-01,361.907,361.907,353.34,356.334,41091.2,356.334
2006-12-04,361.907,361.907,360.642,360.642,6536.5,360.642
2006-12-05,360.642,361.492,349.071,351.215,44361.0,351.215
2006-12-06,351.215,355.494,347.796,355.494,14009.1,355.494
2006-12-07,356.789,361.907,356.789,361.907,7938.12,361.907
2006-12-08,365.771,376.897,355.494,362.777,34088.2,362.777
2006-12-11,356.789,365.771,352.055,358.063,24281.9,358.063
2006-12-12,359.763,359.763,349.486,349.486,30820.4,349.486
2006-12-13,361.492,361.492,353.34,360.642,3267.74,360.642
2006-12-14,354.625,355.494,346.927,355.494,51831.6,355.494
2006-12-15,355.059,355.494,347.362,348.626,40626.7,348.626
2006-12-18,348.626,353.34,346.927,346.927,37824.5,346.927
2006-12-19,349.071,349.931,340.514,340.514,63972.5,340.514
2006-12-20,351.215,353.34,337.51,343.923,22880.3,343.923
2006-12-21,348.626,348.626,337.51,340.949,63040.5,340.949
2006-12-22,340.949,345.652,340.514,345.652,41091.2,345.652
2006-12-25,341.354,346.927,336.215,340.514,73311.3,340.514
2006-12-26,337.085,344.783,335.366,335.366,32219.0,335.366
2006-12-27,345.652,345.652,340.514,345.652,20080.1,345.652
2006-12-28,346.067,346.927,339.644,341.779,39692.6,341.779
2006-12-29,340.514,348.211,340.514,346.927,31286.9,346.927
2007-01-04,346.927,350.366,346.927,350.366,4669.36,350.366
2007-01-05,349.071,350.366,348.626,348.626,13078.0,348.626
2007-01-09,345.217,351.215,344.783,345.217,31752.5,345.217
2007-01-10,349.071,350.366,345.217,350.366,10739.3,350.366
2007-01-11,349.931,350.366,344.783,345.217,12140.9,345.217
2007-01-12,344.783,350.791,344.783,350.791,16342.7,350.791
2007-01-15,357.204,357.204,340.949,340.949,37357.9,340.949
2007-01-16,349.931,349.931,347.796,348.626,10274.8,348.626
2007-01-17,348.626,348.626,347.796,347.796,4669.36,347.796
2007-01-18,343.923,350.366,343.923,346.927,24749.4,346.927
2007-01-19,346.927,349.931,346.927,349.071,14942.1,349.071
2007-01-22,351.215,351.63,349.486,351.63,17744.4,351.63
2007-01-23,352.5,354.625,349.931,349.931,31286.9,349.931
2007-01-24,349.931,351.215,347.362,347.362,23347.8,347.362
2007-01-25,347.796,349.071,347.796,347.796,28485.7,347.796
2007-01-26,347.796,347.796,345.217,345.217,16342.7,345.217
2007-01-29,345.217,345.217,340.949,341.354,47629.7,341.354
2007-01-30,341.779,343.923,341.779,342.638,26148.0,342.638
2007-01-31,343.053,346.067,340.949,341.354,32219.0,341.354
2007-02-01,341.354,342.638,341.354,341.354,14475.6,341.354
2007-02-02,341.779,341.779,339.644,340.514,25683.5,340.514
2007-02-05,340.514,346.067,340.514,340.949,16342.7,340.949
2007-02-06,340.514,343.508,340.514,343.508,12140.9,343.508
2007-02-07,343.508,343.508,340.514,340.514,21480.7,340.514
2007-02-08,340.514,340.949,340.069,340.514,16810.3,340.514
2007-02-09,339.644,342.223,339.644,340.514,12140.9,340.514
2007-02-13,342.223,342.638,342.223,342.223,14009.1,342.223
2007-02-14,342.638,343.053,341.354,341.354,19611.5,341.354
2007-02-15,340.514,344.783,340.514,344.783,29886.3,344.783
2007-02-16,343.923,343.923,342.223,342.638,12606.4,342.638
2007-02-19,343.053,343.053,341.779,341.779,24749.4,341.779
2007-02-20,341.779,342.638,340.069,342.638,46230.1,342.638
2007-02-21,340.514,341.779,338.785,340.949,18677.4,340.949
2007-02-22,341.354,342.638,341.354,341.779,12140.9,341.779
2007-02-23,344.358,344.783,342.638,344.783,28951.2,344.783
2007-02-26,343.923,344.783,342.638,343.053,32687.6,343.053
2007-02-27,343.923,344.783,341.779,341.779,17276.8,341.779
2007-02-28,334.081,340.069,331.937,337.51,47629.7,337.51
2007-03-01,339.644,339.644,336.65,337.085,15408.7,337.085
2007-03-02,337.085,337.935,335.791,337.935,10739.3,337.935
2007-03-05,337.085,337.085,331.937,331.937,47629.7,331.937
2007-03-06,332.352,336.215,330.227,336.215,35022.2,336.215
2007-03-07,340.069,340.069,337.085,337.085,5137.92,337.085
2007-03-08,336.65,337.085,336.215,336.65,12606.4,336.65
2007-03-09,338.35,344.358,337.935,337.935,24281.9,337.935
2007-03-12,344.358,344.358,342.638,343.508,14475.6,343.508
2007-03-13,345.652,350.366,345.652,349.931,33155.1,349.931
2007-03-14,349.486,349.486,344.783,346.927,21011.1,346.927
2007-03-15,347.362,349.486,346.927,349.486,18677.4,349.486
2007-03-16,354.625,354.625,352.5,354.625,29417.8,354.625
2007-03-19,352.915,354.625,352.915,354.625,16810.3,354.625
2007-03-20,355.059,356.334,355.059,355.494,23347.8,355.494
2007-03-22,356.789,357.204,355.929,355.929,22415.8,355.929
2007-03-23,356.789,357.204,355.494,355.494,32219.0,355.494
2007-03-26,359.763,361.067,355.494,361.067,49964.4,361.067
2007-03-27,354.625,354.625,347.362,347.796,11674.4,347.796
2007-03-28,347.796,347.796,344.783,345.217,13542.5,345.217
2007-03-29,342.638,342.638,340.514,342.638,19611.5,342.638
2007-03-30,342.638,349.071,342.638,348.626,13542.5,348.626
2007-04-02,343.923,343.923,339.644,339.644,14942.1,339.644
2007-04-03,340.949,340.949,340.949,340.949,465.52,340.949
2007-04-04,340.514,340.514,338.35,338.35,21946.2,338.35
2007-04-05,341.779,341.779,338.35,338.35,4202.83,338.35
2007-04-06,338.35,338.35,336.215,336.215,6069.97,336.215
2007-04-09,336.65,336.65,334.931,336.215,12606.4,336.215
2007-04-10,336.215,337.51,336.215,336.215,8873.21,336.215
2007-04-11,337.085,337.51,336.215,337.51,17276.8,337.51
2007-04-12,336.215,336.65,336.215,336.215,13078.0,336.215
2007-04-13,336.65,338.35,335.791,338.35,22880.3,338.35
2007-04-16,339.209,339.209,337.51,337.51,13078.0,337.51
2007-04-17,338.35,338.35,337.51,337.51,7004.05,337.51
2007-04-18,337.51,338.35,337.51,338.35,12140.9,338.35
2007-04-19,338.35,338.35,337.935,337.935,21011.1,337.935
2007-04-20,341.354,341.354,337.935,337.935,17276.8,337.935
2007-04-23,338.35,338.35,337.51,337.935,44828.5,337.935
2007-04-24,337.51,337.51,337.51,337.51,6069.97,337.51
2007-04-25,337.51,337.51,337.51,337.51,27550.6,337.51
2007-04-26,338.35,340.069,338.35,340.069,6536.5,340.069
2007-04-27,340.069,340.069,338.35,338.35,4202.83,338.35
2007-05-01,340.514,340.514,337.51,337.51,2335.69,337.51
2007-05-07,337.51,341.779,337.51,339.644,14009.1,339.644
2007-05-08,339.644,341.779,339.209,340.514,7004.05,340.514
2007-05-09,338.35,340.514,337.51,337.51,44828.5,337.51
2007-05-10,336.215,337.51,336.215,336.65,23347.8,336.65
2007-05-11,338.785,338.785,337.935,338.35,8405.67,338.35
2007-05-14,338.35,338.35,336.215,337.51,28951.2,337.51
2007-05-15,336.215,337.085,334.081,337.085,5602.43,337.085
2007-05-16,336.215,336.215,332.777,332.777,5602.43,332.777
2007-05-17,332.352,334.931,331.937,334.081,11206.8,334.081
2007-05-18,334.081,334.081,325.504,334.081,8873.21,334.081
2007-05-21,334.081,334.081,323.804,331.492,8873.21,331.492
2007-05-22,325.504,327.223,325.504,326.798,7472.6,326.798
2007-05-23,323.804,327.648,323.804,326.354,15877.2,326.354
2007-05-24,326.798,329.773,326.798,329.773,935.088,329.773
2007-05-25,331.492,331.492,327.648,328.063,10739.3,328.063
2007-05-28,329.773,329.773,326.798,327.223,8873.21,327.223
2007-05-29,327.648,327.648,327.648,327.648,5137.92,327.648
2007-05-30,326.798,327.223,326.798,327.223,2335.69,327.223
2007-05-31,327.223,328.933,326.798,328.498,7472.6,328.498
2007-06-01,328.498,328.498,328.063,328.498,7472.6,328.498
2007-06-04,326.798,327.648,326.798,327.648,5137.92,327.648
2007-06-05,326.354,328.063,326.354,328.063,9805.26,328.063
2007-06-06,328.933,331.937,328.063,330.652,10274.8,330.652
2007-06-07,325.504,329.773,323.804,329.773,15877.2,329.773
2007-06-08,326.354,327.223,326.354,326.354,6536.5,326.354
2007-06-11,326.798,331.492,326.798,331.492,3267.74,331.492
2007-06-12,328.063,328.063,326.798,326.798,2802.22,326.798
2007-06-13,328.933,328.933,325.504,325.504,7472.6,325.504
2007-06-14,325.504,331.492,325.504,331.492,6069.97,331.492
2007-06-15,326.354,330.652,323.804,323.804,23347.8,323.804
2007-06-18,325.079,325.504,322.5,325.504,36888.4,325.504
2007-06-19,323.36,324.644,322.5,322.5,12140.9,322.5
2007-06-20,323.36,325.504,323.36,324.644,16810.3,324.644
2007-06-21,325.504,327.223,325.504,325.919,5602.43,325.919
2007-06-22,325.919,328.063,324.644,328.063,8405.67,328.063
2007-06-25,334.506,334.506,331.937,331.937,31286.9,331.937
2007-06-26,331.937,331.937,328.498,328.498,2335.69,328.498
2007-06-27,327.648,327.648,327.648,327.648,3267.74,327.648
2007-06-28,328.933,328.933,324.644,325.919,6069.97,325.919
2007-06-29,330.652,331.492,328.063,328.063,11674.4,328.063
2007-07-02,331.492,331.492,325.504,325.504,13078.0,325.504
2007-07-03,326.354,326.354,325.504,325.504,6069.97,325.504
2007-07-04,325.504,327.223,325.504,327.223,935.088,327.223
2007-07-05,326.354,327.648,325.504,327.223,14475.6,327.223
2007-07-06,326.354,326.354,325.079,325.079,6069.97,325.079
2007-07-09,325.079,330.652,325.079,330.652,10274.8,330.652
2007-07-10,330.652,330.652,326.354,327.223,3734.28,327.223
2007-07-11,327.648,330.652,327.223,327.223,10739.3,327.223
2007-07-12,327.223,327.223,325.079,325.079,12140.9,325.079
2007-07-13,324.644,327.223,324.644,327.223,14942.1,327.223
2007-07-17,326.798,329.773,326.798,329.773,5602.43,329.773
2007-07-18,328.933,329.773,325.504,325.504,10274.8,325.504
2007-07-19,329.773,329.773,329.773,329.773,6069.97,329.773
2007-07-20,328.063,330.652,325.919,330.652,14009.1,330.652
2007-07-23,328.933,330.652,328.933,329.773,10274.8,329.773
2007-07-24,331.937,331.937,329.773,329.773,7472.6,329.773
2007-07-25,342.638,342.638,333.221,333.221,34088.2,333.221
2007-07-26,338.35,344.783,338.35,344.358,33621.6,344.358
2007-07-27,334.931,340.514,334.931,336.215,54634.8,336.215
2007-07-30,338.35,340.949,337.51,340.949,9338.73,340.949
2007-07-31,341.779,341.779,338.35,339.644,11206.8,339.644
2007-08-01,337.935,339.209,336.65,339.209,9338.73,339.209
2007-08-02,338.35,341.779,338.35,338.35,7472.6,338.35
2007-08-03,341.779,341.779,337.51,340.949,9805.26,340.949
2007-08-06,341.779,341.779,336.215,336.65,6536.5,336.65
2007-08-07,337.51,337.51,336.215,336.215,9805.26,336.215
2007-08-08,336.215,337.51,334.931,334.931,7472.6,334.931
2007-08-09,334.081,337.085,334.081,334.081,4202.83,334.081
2007-08-10,332.352,332.352,331.492,331.492,8873.21,331.492
2007-08-13,334.081,334.081,329.773,329.773,9338.73,329.773
2007-08-14,329.773,329.773,329.773,329.773,4202.83,329.773
2007-08-15,329.773,329.773,327.223,327.223,3734.28,327.223
2007-08-16,326.354,327.223,321.225,323.804,14942.1,323.804
2007-08-17,321.65,322.075,320.366,320.366,17276.8,320.366
2007-08-20,319.506,321.225,319.506,321.225,7004.05,321.225
2007-08-21,321.225,321.225,320.366,321.225,5137.92,321.225
2007-08-22,321.225,321.225,319.506,319.941,12140.9,319.941
2007-08-23,324.644,324.644,321.65,323.36,4202.83,323.36
2007-08-24,324.644,324.644,322.075,324.644,4202.83,324.644
2007-08-27,325.079,328.933,323.804,323.804,13078.0,323.804
2007-08-28,322.945,327.223,322.945,327.223,4202.83,327.223
2007-08-29,324.644,324.644,321.225,321.225,13542.5,321.225
2007-08-30,323.36,324.644,323.36,324.644,2335.69,324.644
2007-08-31,324.229,324.644,323.804,323.804,1868.15,323.804
2007-09-03,324.644,324.644,324.644,324.644,7004.05,324.644
2007-09-04,324.644,324.644,324.644,324.644,4202.83,324.644
2007-09-05,324.644,325.504,323.804,325.504,7004.05,325.504
2007-09-06,325.504,325.504,322.945,323.36,7938.12,323.36
2007-09-07,322.075,327.223,322.075,327.223,8873.21,327.223
2007-09-10,323.804,324.644,321.225,321.225,7004.05,321.225
2007-09-11,323.36,323.36,321.225,321.65,8405.67,321.65
2007-09-12,322.945,322.945,321.225,321.225,19148.0,321.225
2007-09-13,321.65,321.65,311.798,312.658,18677.4,312.658
2007-09-14,313.528,315.217,312.658,315.217,14942.1,315.217
2007-09-18,319.506,319.506,316.087,316.087,14475.6,316.087
2007-09-19,319.941,320.8,316.087,316.087,4202.83,316.087
2007-09-20,316.937,319.081,316.087,316.937,13542.5,316.937
2007-09-21,318.656,320.8,317.787,320.8,93393.4,320.8
2007-09-25,316.937,316.937,313.528,316.937,24749.4,316.937
2007-09-26,316.502,316.502,314.802,314.802,3734.28,314.802
2007-09-27,315.217,316.937,314.802,316.502,10274.8,316.502
2007-09-28,316.937,316.937,314.802,314.802,8873.21,314.802
2007-10-01,314.802,314.802,313.528,313.528,7004.05,313.528
2007-10-02,311.798,312.223,311.798,311.798,18677.4,311.798
2007-10-03,312.223,312.658,312.223,312.658,6069.97,312.658
2007-10-04,312.658,313.528,312.658,313.528,14475.6,313.528
2007-10-05,312.223,312.658,312.223,312.223,9338.73,312.223
2007-10-09,311.798,312.658,311.798,311.798,25683.5,311.798
2007-10-10,312.223,313.943,312.223,312.658,22415.8,312.658
2007-10-11,312.658,313.943,311.798,313.528,8873.21,313.528
2007-10-12,312.658,313.528,310.939,312.658,7004.05,312.658
2007-10-15,312.658,313.943,312.658,313.943,34556.7,313.943
2007-10-16,313.943,313.943,313.083,313.528,2335.69,313.528
2007-10-17,312.658,313.943,312.658,313.528,9338.73,313.528
2007-10-18,312.658,312.658,310.524,312.658,20080.1,312.658
2007-10-19,312.658,314.377,312.658,314.377,5137.92,314.377
2007-10-22,310.524,310.524,306.215,306.65,14942.1,306.65
2007-10-24,308.379,314.802,307.955,307.955,4669.36,307.955
2007-10-25,316.087,316.087,309.229,309.229,9338.73,309.229
2007-10-26,308.379,309.229,306.65,306.65,4202.83,306.65
2007-10-29,308.379,311.798,308.379,309.229,7004.05,309.229
2007-10-30,310.524,310.524,309.229,310.089,7472.6,310.089
2007-10-31,308.379,310.524,308.379,310.524,5137.92,310.524
2007-11-01,310.524,310.524,308.379,310.524,5602.43,310.524
2007-11-02,304.101,305.81,300.247,305.375,11674.4,305.375
2007-11-05,305.375,307.51,301.097,305.81,11206.8,305.81
2007-11-06,304.941,305.375,299.802,299.802,17744.4,299.802
2007-11-07,299.802,299.802,283.547,292.105,38759.6,292.105
2007-11-08,292.105,292.105,289.526,289.526,11206.8,289.526
2007-11-09,289.526,292.955,289.526,291.235,10739.3,291.235
2007-11-12,289.526,289.526,282.668,283.113,18677.4,283.113
2007-11-13,283.113,291.235,283.113,289.526,12140.9,289.526
2007-11-14,289.526,289.526,286.097,286.097,4669.36,286.097
2007-11-15,284.822,289.091,284.822,285.257,6069.97,285.257
2007-11-16,286.976,287.391,284.822,284.822,10274.8,284.822
2007-11-19,284.822,286.976,284.822,286.976,3267.74,286.976
2007-11-20,283.962,286.522,283.547,286.522,2802.22,286.522
2007-11-21,287.816,288.686,286.522,286.522,4202.83,286.522
2007-11-22,278.814,282.668,278.399,282.253,22415.8,282.253
2007-11-26,288.686,288.686,287.816,288.686,11674.4,288.686
2007-11-27,288.686,288.686,281.828,282.668,6536.5,282.668
2007-11-28,282.253,282.253,278.399,278.814,11206.8,278.814
2007-11-29,278.814,280.543,278.399,280.543,12140.9,280.543
2007-11-30,279.249,282.668,278.399,279.249,26148.0,279.249
2007-12-03,279.694,281.828,279.694,280.968,6069.97,280.968
2007-12-04,280.968,281.828,280.099,280.099,6069.97,280.099
2007-12-05,280.543,284.822,280.543,280.968,13542.5,280.968
2007-12-06,280.968,281.828,278.399,280.099,15877.2,280.099
2007-12-07,280.099,282.668,279.249,280.968,14475.6,280.968
2007-12-10,293.834,293.834,288.686,289.091,15408.7,289.091
2007-12-11,283.547,286.976,283.547,283.547,3734.28,283.547
2007-12-12,283.547,293.379,282.668,293.379,15877.2,293.379
2007-12-13,280.543,286.976,280.543,282.668,44361.0,282.668
2007-12-14,286.976,286.976,284.822,284.822,5137.92,284.822
2007-12-17,288.686,288.686,282.668,282.668,12140.9,282.668
2007-12-18,282.668,284.822,279.249,284.387,7938.12,284.387
2007-12-19,282.668,284.387,282.668,282.668,4669.36,282.668
2007-12-20,282.253,282.253,280.543,280.543,4669.36,280.543
2007-12-21,280.543,281.828,279.249,279.694,13078.0,279.694
2007-12-25,282.253,282.668,279.249,279.249,26148.0,279.249
2007-12-26,282.668,282.668,282.668,282.668,2335.69,282.668
2007-12-27,282.668,282.668,280.099,280.099,7004.05,280.099
2007-12-28,280.543,280.543,279.249,279.249,5137.92,279.249
2008-01-04,280.099,282.668,280.099,282.668,4669.36,282.668
2008-01-07,282.668,282.668,279.249,280.968,7938.12,280.968
2008-01-08,278.399,279.249,278.399,279.249,6536.5,279.249
2008-01-09,277.54,278.399,277.54,277.54,12606.4,277.54
2008-01-10,277.974,278.399,276.265,276.69,11674.4,276.69
2008-01-11,274.121,274.121,267.698,268.972,22415.8,268.972
2008-01-15,268.972,268.972,263.409,263.409,16810.3,263.409
2008-01-16,256.976,256.976,250.128,250.563,34088.2,250.563
2008-01-17,250.563,250.563,239.862,239.862,13078.0,239.862
2008-01-18,244.99,256.126,239.862,256.126,14009.1,256.126
2008-01-21,256.126,256.126,244.13,248.409,5602.43,248.409
2008-01-22,239.862,239.862,231.285,235.563,30351.9,235.563
2008-01-23,232.134,239.862,232.134,235.563,19611.5,235.563
2008-01-24,241.986,264.704,241.986,258.696,14475.6,258.696
2008-01-25,271.551,278.399,267.698,278.399,28485.7,278.399
2008-01-28,282.668,282.668,273.696,282.253,11206.8,282.253
2008-01-29,272.391,278.399,272.391,278.399,4202.83,278.399
2008-01-30,280.543,280.968,278.399,278.399,6536.5,278.399
2008-01-31,277.54,288.686,277.54,282.668,8405.67,282.668
2008-02-01,282.668,283.113,279.249,279.249,4202.83,279.249
2008-02-04,279.249,280.543,279.249,280.099,2335.69,280.099
2008-02-05,280.099,299.802,280.099,299.802,29886.3,299.802
2008-02-06,294.239,294.664,279.249,283.547,16342.7,283.547
2008-02-07,287.816,287.816,280.543,280.543,5602.43,280.543
2008-02-08,289.091,289.091,276.265,284.822,12606.4,284.822
2008-02-12,288.686,288.686,288.686,288.686,935.088,288.686
2008-02-13,286.522,286.976,286.522,286.976,1868.15,286.976
2008-02-14,286.976,287.816,284.822,286.976,3267.74,286.976
2008-02-15,284.822,284.822,284.822,284.822,935.088,284.822
2008-02-18,280.543,286.976,280.543,286.976,4669.36,286.976
2008-02-19,282.668,286.976,282.668,286.976,1399.59,286.976
2008-02-20,286.976,286.976,285.257,285.257,5602.43,285.257
2008-02-21,283.962,284.822,283.547,283.547,2335.69,283.547
2008-02-22,283.547,284.822,281.828,284.822,4202.83,284.822
2008-02-25,291.235,291.235,285.662,286.097,8405.67,286.097
2008-02-26,286.522,292.955,286.097,292.955,7472.6,292.955
2008-02-27,292.955,293.379,292.955,293.379,1868.15,293.379
2008-02-28,292.955,292.955,292.955,292.955,1399.59,292.955
2008-02-29,290.385,292.955,286.976,286.976,7472.6,286.976
2008-03-03,286.522,293.834,284.822,293.834,4202.83,293.834
2008-03-04,291.235,291.235,286.976,286.976,3267.74,286.976
2008-03-05,286.976,286.976,286.976,286.976,1868.15,286.976
2008-03-06,286.976,291.235,286.976,291.235,2335.69,291.235
2008-03-07,288.686,289.091,286.976,287.816,3734.28,287.816
2008-03-10,287.816,287.816,287.816,287.816,1399.59,287.816
2008-03-11,284.387,287.816,284.387,287.816,3267.74,287.816
2008-03-12,287.816,287.816,280.968,280.968,10739.3,280.968
2008-03-13,281.393,282.668,281.393,282.668,1399.59,282.668
2008-03-14,281.393,281.393,281.393,281.393,465.52,281.393
2008-03-17,281.393,281.393,279.694,279.694,7004.05,279.694
2008-03-18,278.399,278.399,267.698,274.121,11674.4,274.121
2008-03-19,282.668,282.668,274.121,274.98,5602.43,274.98
2008-03-21,279.249,284.822,279.249,284.822,4669.36,284.822
2008-03-24,284.387,289.091,282.668,289.091,6069.97,289.091
2008-03-25,297.678,297.678,290.385,293.379,20080.1,293.379
2008-03-26,274.121,276.265,272.391,276.265,4669.36,276.265
2008-03-27,273.251,274.121,267.698,268.123,7472.6,268.123
2008-03-28,272.391,272.391,272.391,272.391,1399.59,272.391
2008-03-31,272.391,272.391,268.123,271.551,1399.59,271.551
2008-04-01,271.551,271.551,271.551,271.551,465.52,271.551
2008-04-02,275.81,278.399,275.81,277.974,5602.43,277.974
2008-04-03,277.974,277.974,274.98,274.98,2335.69,274.98
2008-04-04,274.98,274.98,274.98,274.98,1399.59,274.98
2008-04-07,273.251,273.251,273.251,273.251,465.52,273.251
2008-04-08,273.251,273.251,269.822,273.251,5137.92,273.251
2008-04-09,270.682,270.682,268.972,268.972,2802.22,268.972
2008-04-10,268.123,268.972,268.123,268.123,1399.59,268.123
2008-04-11,267.698,267.698,267.698,267.698,1399.59,267.698
2008-04-15,268.123,268.123,267.698,267.698,2335.69,267.698
2008-04-16,268.123,272.391,259.13,272.391,7004.05,272.391
2008-04-17,272.391,272.391,268.123,271.551,1399.59,271.551
2008-04-18,262.974,263.844,261.275,263.409,13078.0,263.409
2008-04-21,267.273,267.273,265.534,266.413,5602.43,266.413
2008-04-22,265.534,265.534,263.409,265.534,6069.97,265.534
2008-04-23,265.534,265.534,263.409,264.704,4202.83,264.704
2008-04-24,265.534,267.273,264.704,267.273,3267.74,267.273
2008-04-25,267.273,267.273,263.409,263.409,9805.26,263.409
2008-04-28,263.409,263.409,262.115,262.115,4669.36,262.115
2008-04-30,262.974,263.409,262.559,262.559,4202.83,262.559
2008-05-01,262.974,262.974,262.559,262.974,3267.74,262.974
2008-05-02,262.974,263.409,259.99,262.115,8405.67,262.115
2008-05-07,263.409,265.534,262.559,265.534,8405.67,265.534
2008-05-08,268.123,273.251,267.698,273.251,7938.12,273.251
2008-05-09,277.105,278.399,275.81,277.54,5137.92,277.54
2008-05-12,272.391,278.399,272.391,278.399,2335.69,278.399
2008-05-13,272.391,274.98,272.391,274.98,2335.69,274.98
2008-05-14,274.121,277.54,274.121,274.121,3734.28,274.121
2008-05-15,274.121,274.121,273.251,273.696,4202.83,273.696
2008-05-16,274.121,274.121,273.251,274.121,9805.26,274.121
2008-05-19,277.105,278.399,274.98,277.974,8405.67,277.974
2008-05-20,278.399,279.249,276.265,279.249,7004.05,279.249
2008-05-21,277.974,278.399,277.974,278.399,5602.43,278.399
2008-05-22,280.543,280.543,278.399,278.399,5137.92,278.399
2008-05-23,280.543,282.668,279.249,279.249,6069.97,279.249
2008-05-26,284.822,286.097,284.387,286.097,12606.4,286.097
2008-05-27,281.828,281.828,278.399,278.399,3734.28,278.399
2008-05-28,282.668,282.668,281.828,281.828,1399.59,281.828
2008-05-29,281.828,281.828,281.393,281.393,935.088,281.393
2008-05-30,282.668,284.822,282.668,284.822,3267.74,284.822
2008-06-02,284.822,287.816,283.547,283.547,3734.28,283.547
2008-06-03,282.668,282.668,282.668,282.668,2335.69,282.668
2008-06-04,280.543,282.668,280.543,282.668,2802.22,282.668
2008-06-05,282.668,284.822,282.668,284.387,1399.59,284.387
2008-06-06,288.686,288.686,286.976,288.686,3267.74,288.686
2008-06-09,284.387,284.822,279.249,280.543,7004.05,280.543
2008-06-10,284.387,284.387,280.543,283.113,1868.15,283.113
2008-06-11,280.543,282.668,279.249,282.668,3267.74,282.668
2008-06-12,282.668,283.547,282.668,283.547,1868.15,283.547
2008-06-13,284.387,284.387,282.668,283.547,2335.69,283.547
2008-06-16,285.257,286.097,285.257,286.097,1399.59,286.097
2008-06-17,286.976,288.686,285.257,288.686,11206.8,288.686
2008-06-18,288.686,288.686,286.976,288.686,4669.36,288.686
2008-06-20,292.105,292.105,286.976,286.976,15877.2,286.976
2008-06-23,289.091,289.526,286.976,288.251,7004.05,288.251
2008-06-24,291.235,292.955,286.976,292.955,11206.8,292.955
2008-06-25,287.816,291.235,284.822,291.235,13078.0,291.235
2008-06-26,291.235,292.105,291.235,292.105,3734.28,292.105
2008-06-27,289.96,291.235,286.522,291.235,6069.97,291.235
2008-06-30,286.976,286.976,282.668,282.668,8405.67,282.668
2008-07-01,291.235,291.235,291.235,291.235,2335.69,291.235
2008-07-02,291.235,291.235,289.091,291.235,2335.69,291.235
2008-07-03,289.091,289.091,289.091,289.091,2335.69,289.091
2008-07-04,292.105,292.105,291.66,291.66,935.088,291.66
2008-07-07,292.105,292.105,291.66,291.66,1868.15,291.66
2008-07-08,292.105,292.105,292.105,292.105,935.088,292.105
2008-07-09,290.385,291.235,290.385,291.235,1868.15,291.235
2008-07-10,289.96,289.96,289.96,289.96,1399.59,289.96
2008-07-11,290.385,291.235,283.547,291.235,6536.5,291.235
2008-07-14,283.547,290.82,282.668,282.668,6069.97,282.668
2008-07-15,286.976,287.816,283.113,283.113,2335.69,283.113
2008-07-16,286.097,286.097,286.097,286.097,465.52,286.097
2008-07-17,286.097,286.097,286.097,286.097,1868.15,286.097
2008-07-18,286.522,286.522,281.828,281.828,5602.43,281.828
2008-07-22,282.668,282.668,281.828,281.828,1399.59,281.828
2008-07-23,282.668,282.668,280.968,280.968,13542.5,280.968
2008-07-24,284.822,287.816,284.822,287.816,4202.83,287.816
2008-07-25,309.229,309.229,293.379,293.379,41560.8,293.379
2008-07-28,299.368,299.802,296.374,297.678,3267.74,297.678
2008-07-29,296.374,296.798,289.526,296.374,7004.05,296.374
2008-07-30,295.534,295.534,295.534,295.534,1868.15,295.534
2008-07-31,295.534,297.243,295.534,296.374,2335.69,296.374
2008-08-01,295.534,295.534,291.235,291.235,2335.69,291.235
2008-08-04,294.664,294.664,289.526,291.66,6069.97,291.66
2008-08-05,289.091,289.091,286.097,286.097,3734.28,286.097
2008-08-06,289.091,289.091,286.976,289.091,3734.28,289.091
2008-08-07,278.814,285.662,278.399,285.662,11206.8,285.662
2008-08-08,288.686,289.091,288.686,289.091,1868.15,289.091
2008-08-11,289.091,289.091,283.547,283.547,4202.83,283.547
2008-08-12,283.962,284.822,278.814,282.668,4669.36,282.668
2008-08-13,286.976,288.686,284.387,284.387,1399.59,284.387
2008-08-14,282.668,284.387,282.668,284.387,1399.59,284.387
2008-08-15,287.816,287.816,287.816,287.816,465.52,287.816
2008-08-18,286.976,286.976,286.976,286.976,465.52,286.976
2008-08-19,285.257,285.257,283.113,283.547,1399.59,283.547
2008-08-20,283.962,283.962,281.393,281.828,9338.73,281.828
2008-08-21,281.828,284.822,281.828,284.822,1868.15,284.822
2008-08-22,283.547,286.522,283.547,286.522,1399.59,286.522
2008-08-25,287.816,288.686,284.822,286.976,9805.26,286.976
2008-08-26,286.976,288.686,286.976,288.686,1868.15,288.686
2008-08-27,288.686,288.686,286.976,288.686,5137.92,288.686
2008-08-28,288.686,288.686,288.686,288.686,1868.15,288.686
2008-08-29,288.686,288.686,286.976,286.976,5137.92,286.976
2008-09-01,288.686,288.686,288.686,288.686,1399.59,288.686
2008-09-02,288.251,288.251,286.976,286.976,3734.28,286.976
2008-09-03,288.251,288.251,286.522,286.976,2802.22,286.976
2008-09-04,285.257,285.257,283.547,283.547,2802.22,283.547
2008-09-05,284.822,288.686,284.822,284.822,3734.28,284.822
2008-09-08,288.251,288.251,284.822,284.822,4202.83,284.822
2008-09-10,286.976,286.976,284.387,284.387,935.088,284.387
2008-09-11,282.668,284.822,282.253,282.668,8405.67,282.668
2008-09-12,282.668,282.668,281.828,282.668,5137.92,282.668
2008-09-16,278.399,280.543,271.976,271.976,13542.5,271.976
2008-09-17,278.399,278.399,274.98,274.98,5137.92,274.98
2008-09-18,274.545,275.81,274.121,275.81,10274.8,275.81
2008-09-19,276.69,278.399,276.69,277.54,6536.5,277.54
2008-09-22,286.976,286.976,279.694,286.097,21946.2,286.097
2008-09-24,282.668,288.686,282.668,285.257,299789.0,285.257
2008-09-25,277.54,284.822,276.69,284.387,72846.7,284.387
2008-09-26,284.387,284.387,280.543,280.543,9338.73,280.543
2008-09-29,280.099,284.387,280.099,280.968,7004.05,280.968
2008-09-30,280.099,280.099,274.545,274.98,7004.05,274.98
2008-10-01,274.545,274.98,264.704,264.704,13542.5,264.704
2008-10-02,269.822,269.822,260.405,260.405,7004.05,260.405
2008-10-03,251.828,251.828,240.277,241.986,20545.6,241.986
2008-10-06,246.265,246.265,224.862,229.14,21480.7,229.14
2008-10-07,205.583,214.16,205.583,214.16,19611.5,214.16
2008-10-08,214.16,214.16,205.583,206.018,11674.4,206.018
2008-10-09,206.433,208.152,203.864,206.433,7004.05,206.433
2008-10-10,204.723,204.723,192.747,192.747,20545.6,192.747
2008-10-15,218.429,231.285,216.294,231.285,5602.43,231.285
2008-10-16,228.696,228.696,215.0,215.0,1399.59,215.0
2008-10-17,219.308,219.308,219.308,219.308,465.52,219.308
2008-10-20,219.308,219.308,219.308,219.308,1868.15,219.308
2008-10-21,226.996,227.866,223.567,226.996,3267.74,226.996
2008-10-22,226.996,226.996,216.294,216.294,5137.92,216.294
2008-10-23,219.308,219.308,210.287,214.16,3267.74,214.16
2008-10-24,216.719,216.719,210.731,211.166,8405.67,211.166
2008-10-27,219.713,219.713,211.166,211.166,11206.8,211.166
2008-10-28,209.862,212.866,209.862,212.866,935.088,212.866
2008-10-29,216.294,220.573,214.16,218.429,2802.22,218.429
2008-10-30,218.429,218.429,218.429,218.429,1399.59,218.429
2008-10-31,224.437,224.862,224.437,224.862,935.088,224.862
2008-11-04,226.996,226.996,226.996,226.996,4669.36,226.996
2008-11-05,231.285,234.713,231.285,231.285,2802.22,231.285
2008-11-06,230.86,230.86,223.567,223.567,1399.59,223.567
2008-11-07,221.858,221.858,216.719,216.719,2802.22,216.719
2008-11-10,221.008,221.008,219.308,219.308,1399.59,219.308
2008-11-11,224.002,224.002,220.573,220.573,1868.15,220.573
2008-11-12,219.308,219.713,219.308,219.713,935.088,219.713
2008-11-13,220.138,220.138,214.595,214.595,3267.74,214.595
2008-11-14,217.589,217.589,217.589,217.589,465.52,217.589
2008-11-18,220.138,220.573,220.138,220.573,935.088,220.573
2008-11-19,221.008,221.008,221.008,221.008,3734.28,221.008
2008-11-20,220.138,220.138,216.294,217.589,3267.74,217.589
2008-11-21,218.854,220.573,218.429,218.429,2802.22,218.429
2008-11-25,224.862,224.862,219.308,222.717,9805.26,222.717
2008-11-26,226.996,226.996,226.996,226.996,465.52,226.996
2008-12-01,218.429,218.429,218.429,218.429,4669.36,218.429
2008-12-02,218.429,218.429,218.429,218.429,3267.74,218.429
2008-12-04,218.429,218.429,217.589,217.589,1868.15,217.589
2008-12-05,220.138,220.138,209.862,218.429,13078.0,218.429
2008-12-08,218.014,218.429,217.589,218.429,8405.67,218.429
2008-12-09,222.717,225.277,214.16,224.437,9805.26,224.437
2008-12-10,232.994,232.994,226.996,226.996,16810.3,226.996
2008-12-11,226.996,226.996,222.717,222.717,1868.15,222.717
2008-12-12,221.008,221.008,221.008,221.008,1399.59,221.008
2008-12-15,221.008,225.277,221.008,225.277,1399.59,225.277
2008-12-16,222.717,225.277,220.573,225.277,11206.8,225.277
2008-12-17,218.854,222.717,218.429,222.717,6536.5,222.717
2008-12-18,222.717,226.996,222.717,226.996,1399.59,226.996
2008-12-19,221.008,226.996,221.008,226.996,4669.36,226.996
2008-12-22,226.996,226.996,226.996,226.996,2802.22,226.996
2008-12-24,224.862,226.561,224.862,226.561,6069.97,226.561
2008-12-25,232.994,232.994,220.138,224.862,14009.1,224.862
2008-12-26,225.277,226.146,225.277,225.277,2335.69,225.277
2008-12-29,229.585,229.585,226.561,228.281,1868.15,228.281
2008-12-30,229.14,230.415,229.14,229.14,2335.69,229.14
2009-01-05,231.285,231.285,231.285,231.285,3267.74,231.285
2009-01-06,231.285,233.409,231.285,233.409,3267.74,233.409
2009-01-07,233.854,233.854,233.409,233.409,1399.59,233.409
2009-01-08,233.854,233.854,229.14,229.585,2802.22,229.585
2009-01-09,232.134,232.134,232.134,232.134,465.52,232.134
2009-01-13,232.134,232.134,226.996,226.996,5137.92,226.996
2009-01-14,231.285,231.285,229.14,231.285,2335.69,231.285
2009-01-15,229.14,230.415,229.14,230.415,935.088,230.415
2009-01-16,231.285,231.285,231.285,231.285,1399.59,231.285
2009-01-19,235.563,235.563,231.285,231.285,4202.83,231.285
2009-01-20,233.854,233.854,231.285,233.854,1868.15,233.854
2009-01-21,232.134,232.994,232.134,232.994,935.088,232.994
2009-01-22,236.433,237.698,236.433,237.698,3734.28,237.698
2009-01-23,235.563,242.411,235.148,242.411,7938.12,242.411
2009-01-26,245.84,245.84,244.99,244.99,9338.73,244.99
2009-01-27,242.411,244.13,239.862,240.702,4669.36,240.702
2009-01-28,240.702,253.528,239.862,252.688,7472.6,252.688
2009-01-29,244.13,248.409,235.563,248.409,4202.83,248.409
2009-01-30,246.7,246.7,245.84,245.84,1868.15,245.84
2009-02-02,246.265,246.265,244.13,246.265,2335.69,246.265
2009-02-03,246.265,246.265,246.265,246.265,935.088,246.265
2009-02-05,241.136,245.425,241.136,245.425,935.088,245.425
2009-02-06,245.425,245.425,233.409,233.409,11206.8,233.409
2009-02-09,233.854,236.838,233.854,234.713,3267.74,234.713
2009-02-10,238.982,238.982,231.285,231.285,3734.28,231.285
2009-02-12,229.585,233.854,229.585,233.854,935.088,233.854
2009-02-16,226.996,235.563,224.862,234.279,10274.8,234.279
2009-02-17,234.279,235.563,234.279,235.563,935.088,235.563
2009-02-18,235.563,235.563,233.409,233.409,2335.69,233.409
2009-02-19,233.854,233.854,233.854,233.854,935.088,233.854
2009-02-20,235.563,239.862,235.563,239.862,2802.22,239.862
2009-02-23,237.698,238.142,237.698,238.142,1868.15,238.142
2009-02-24,238.982,243.686,237.283,243.686,4669.36,243.686
2009-02-25,246.265,246.265,245.84,246.265,9338.73,246.265
2009-02-26,244.13,248.409,242.411,242.411,2802.22,242.411
2009-02-27,242.411,242.411,242.411,242.411,935.088,242.411
2009-03-02,242.411,244.99,236.433,236.433,2335.69,236.433
2009-03-03,235.563,235.563,231.285,235.563,5137.92,235.563
2009-03-04,241.986,241.986,241.986,241.986,465.52,241.986
2009-03-06,244.13,244.13,239.862,243.686,1399.59,243.686
2009-03-09,245.84,245.84,237.283,237.283,3267.74,237.283
2009-03-10,240.702,240.702,240.702,240.702,1399.59,240.702
2009-03-12,228.696,231.285,224.862,230.86,22880.3,230.86
2009-03-13,235.148,235.148,230.86,234.713,1399.59,234.713
2009-03-16,234.713,237.283,234.713,235.148,3267.74,235.148
2009-03-17,235.563,238.557,234.713,234.713,2802.22,234.713
2009-03-18,239.862,239.862,235.563,235.563,1399.59,235.563
2009-03-19,239.862,240.702,239.862,240.702,1399.59,240.702
2009-03-23,241.571,245.84,239.862,245.84,7938.12,245.84
2009-03-24,245.84,248.409,245.84,248.409,6536.5,248.409
2009-03-25,248.409,256.976,248.409,256.126,24281.9,256.126
2009-03-26,240.702,240.702,236.433,238.142,4202.83,238.142
2009-03-27,238.142,238.142,235.988,235.988,2802.22,235.988
2009-03-30,232.559,232.559,229.585,231.285,3267.74,231.285
2009-03-31,235.563,237.698,235.563,237.698,1399.59,237.698
2009-04-01,237.283,237.698,233.854,237.698,3734.28,237.698
2009-04-02,233.409,236.433,233.409,235.563,1399.59,235.563
2009-04-03,235.563,237.698,235.563,237.283,1868.15,237.283
2009-04-06,237.283,237.283,235.563,235.563,2335.69,235.563
2009-04-07,235.563,235.563,231.285,231.285,4669.36,231.285
2009-04-08,231.709,231.709,231.285,231.285,3267.74,231.285
2009-04-09,231.285,231.285,231.285,231.285,465.52,231.285
2009-04-10,232.134,232.559,232.134,232.559,1868.15,232.559
2009-04-13,232.994,233.854,232.994,232.994,1399.59,232.994
2009-04-14,233.409,233.409,231.285,231.285,2335.69,231.285
2009-04-15,231.285,232.134,231.285,231.285,8873.21,231.285
2009-04-16,227.411,229.98,227.411,227.866,6069.97,227.866
2009-04-17,228.696,228.696,227.866,227.866,5602.43,227.866
2009-04-20,232.134,232.134,232.134,232.134,2335.69,232.134
2009-04-21,232.134,232.134,232.134,232.134,465.52,232.134
2009-04-22,233.854,234.713,233.854,234.713,1868.15,234.713
2009-04-23,234.713,238.982,234.713,238.982,8873.21,238.982
2009-04-24,241.571,241.986,238.142,239.862,7472.6,239.862
2009-04-27,246.265,246.265,245.84,245.84,14009.1,245.84
2009-04-28,245.84,247.559,245.425,246.265,2802.22,246.265
2009-04-30,245.84,246.265,241.986,246.265,3267.74,246.265
2009-05-01,246.7,249.259,246.7,248.409,2335.69,248.409
2009-05-07,248.409,248.409,248.409,248.409,465.52,248.409
2009-05-08,244.13,248.409,244.13,244.13,11206.8,244.13
2009-05-11,245.84,246.265,245.84,246.265,1868.15,246.265
2009-05-13,249.259,249.259,248.409,248.409,1868.15,248.409
2009-05-14,247.559,247.559,246.7,246.7,1868.15,246.7
2009-05-15,247.559,247.559,247.559,247.559,465.52,247.559
2009-05-19,247.974,247.974,247.974,247.974,3267.74,247.974
2009-05-20,248.409,250.128,248.409,250.128,3267.74,250.128
2009-05-21,251.828,254.417,251.828,253.528,2335.69,253.528
2009-05-22,254.417,267.698,254.417,267.698,7472.6,267.698
2009-05-25,267.698,267.698,263.409,263.409,8405.67,263.409
2009-05-26,263.409,263.409,263.409,263.409,935.088,263.409
2009-05-27,263.409,263.409,263.409,263.409,1399.59,263.409
2009-05-28,263.409,265.534,263.409,265.534,1399.59,265.534
2009-05-29,261.7,261.7,260.405,260.405,2335.69,260.405
2009-06-01,263.844,263.844,263.844,263.844,465.52,263.844
2009-06-02,263.844,264.704,263.409,263.409,2802.22,263.409
2009-06-03,262.974,262.974,262.974,262.974,2335.69,262.974
2009-06-04,261.275,265.119,261.275,265.119,1399.59,265.119
2009-06-05,265.119,265.119,261.275,261.275,2802.22,261.275
2009-06-08,263.409,265.534,263.409,265.534,5137.92,265.534
2009-06-09,265.534,267.273,265.534,267.273,2335.69,267.273
2009-06-10,270.682,271.976,269.822,271.976,6536.5,271.976
2009-06-11,276.265,276.265,268.123,271.976,4202.83,271.976
2009-06-12,276.265,278.399,271.976,276.265,2802.22,276.265
2009-06-15,274.121,277.54,274.121,277.54,2802.22,277.54
2009-06-16,277.974,278.399,274.545,277.54,2802.22,277.54
2009-06-17,278.399,278.399,277.54,277.54,935.088,277.54
2009-06-18,277.54,278.399,277.54,277.54,1868.15,277.54
2009-06-19,279.249,279.249,268.972,268.972,3734.28,268.972
2009-06-22,273.251,274.121,265.534,274.121,6069.97,274.121
2009-06-23,274.121,274.121,274.121,274.121,1399.59,274.121
2009-06-24,278.399,283.547,278.399,283.547,6536.5,283.547
2009-06-25,300.662,300.662,294.664,295.534,23347.8,295.534
2009-06-26,291.235,291.235,278.814,289.091,6069.97,289.091
2009-06-29,292.53,295.099,288.686,289.091,7472.6,289.091
2009-06-30,293.379,293.379,289.091,289.091,4669.36,289.091
2009-07-01,295.099,295.099,294.664,294.664,935.088,294.664
2009-07-02,294.664,295.534,294.664,295.534,9805.26,295.534
2009-07-03,295.534,295.534,292.53,292.53,4202.83,292.53
2009-07-06,298.528,298.528,298.528,298.528,935.088,298.528
2009-07-07,298.528,299.802,295.099,299.802,6536.5,299.802
2009-07-08,299.802,299.802,295.534,299.368,3267.74,299.368
2009-07-09,296.374,296.374,295.099,295.534,4669.36,295.534
2009-07-10,295.534,295.534,293.834,293.834,1399.59,293.834
2009-07-13,293.834,293.834,287.391,287.391,6536.5,287.391
2009-07-14,280.543,280.968,278.399,278.814,11206.8,278.814
2009-07-15,291.66,294.239,287.391,293.379,41091.2,293.379
2009-07-16,292.105,294.664,292.105,294.664,1399.59,294.664
2009-07-17,295.534,301.947,294.664,301.947,5137.92,301.947
2009-07-21,304.101,306.215,301.947,301.947,12140.9,301.947
2009-07-22,299.802,299.802,297.678,299.802,5137.92,299.802
2009-07-23,304.101,304.941,301.512,304.101,6536.5,304.101
2009-07-24,304.101,308.379,295.939,308.379,18210.9,308.379
2009-07-27,295.534,299.802,294.664,295.534,24281.9,295.534
2009-07-28,298.962,299.802,295.534,295.534,6536.5,295.534
2009-07-29,298.093,299.802,298.093,298.093,3734.28,298.093
2009-07-30,297.678,300.247,297.678,298.093,5602.43,298.093
2009-07-31,300.662,300.662,298.093,298.093,7004.05,298.093
2009-08-03,298.962,299.802,298.093,299.802,7472.6,299.802
2009-08-04,299.802,299.802,297.243,297.243,7004.05,297.243
2009-08-05,299.802,299.802,297.678,299.802,5602.43,299.802
2009-08-06,297.678,300.662,296.374,300.662,10274.8,300.662
2009-08-07,298.093,300.662,298.093,300.662,2335.69,300.662
2009-08-10,300.662,300.662,298.962,298.962,6536.5,298.962
2009-08-11,299.802,300.662,299.802,300.662,2802.22,300.662
2009-08-12,300.662,301.097,296.374,299.802,10274.8,299.802
2009-08-13,299.802,301.947,297.678,298.962,3267.74,298.962
2009-08-14,302.381,302.381,302.381,302.381,465.52,302.381
2009-08-17,302.381,302.381,301.097,301.097,3267.74,301.097
2009-08-18,301.947,301.947,301.512,301.947,1868.15,301.947
2009-08-19,301.947,302.806,301.947,302.806,4202.83,302.806
2009-08-20,301.947,303.241,301.947,301.947,2335.69,301.947
2009-08-21,303.241,303.241,300.662,300.662,7472.6,300.662
2009-08-24,301.947,303.241,301.512,303.241,11206.8,303.241
2009-08-25,301.512,301.947,301.097,301.097,11674.4,301.097
2009-08-26,301.947,303.241,300.662,302.806,2802.22,302.806
2009-08-27,303.241,303.241,303.241,303.241,6069.97,303.241
2009-08-28,303.241,304.101,301.947,304.101,8873.21,304.101
2009-08-31,304.101,310.524,304.101,309.229,7938.12,309.229
2009-09-01,306.215,309.229,306.215,306.215,3267.74,306.215
2009-09-02,306.65,312.658,306.65,312.658,10274.8,312.658
2009-09-03,310.939,310.939,307.51,307.51,4202.83,307.51
2009-09-04,308.379,309.229,307.955,309.229,7938.12,309.229
2009-09-07,309.664,310.524,305.81,306.65,13078.0,306.65
2009-09-08,308.379,308.379,305.81,305.81,1868.15,305.81
2009-09-09,306.215,306.215,306.215,306.215,2335.69,306.215
2009-09-10,310.089,310.089,307.51,307.51,1868.15,307.51
2009-09-11,309.664,310.524,307.955,310.524,6536.5,310.524
2009-09-14,310.524,316.937,310.524,316.937,18210.9,316.937
2009-09-15,316.937,319.081,316.937,319.081,10739.3,319.081
2009-09-16,318.656,318.656,318.656,318.656,10274.8,318.656
2009-09-17,318.656,320.366,318.656,318.656,11206.8,318.656
2009-09-18,318.656,320.366,316.937,319.941,20545.6,319.941
2009-09-24,316.937,322.945,316.937,322.945,547749.0,322.945
2009-09-25,316.937,316.937,308.379,308.379,95728.1,308.379
2009-09-28,295.534,299.802,293.379,293.379,14475.6,293.379
2009-09-29,296.798,308.379,296.798,304.941,20080.1,304.941
2009-09-30,306.65,306.65,299.802,299.802,7938.12,299.802
2009-10-01,303.241,303.241,297.243,297.678,13078.0,297.678
2009-10-02,296.798,296.798,293.834,293.834,6069.97,293.834
2009-10-05,291.235,291.235,284.822,285.257,7004.05,285.257
2009-10-06,292.105,292.105,286.976,289.091,3267.74,289.091
2009-10-07,289.091,291.235,289.091,291.235,1399.59,291.235
2009-10-08,287.391,288.251,287.391,287.816,5137.92,287.816
2009-10-09,287.816,287.816,286.976,287.816,5602.43,287.816
2009-10-13,291.235,293.379,291.235,291.66,5137.92,291.66
2009-10-14,292.105,293.379,291.235,291.235,5137.92,291.235
2009-10-15,291.235,292.105,291.235,291.235,3267.74,291.235
2009-10-16,289.526,289.526,289.526,289.526,465.52,289.526
2009-10-19,290.385,291.235,290.385,291.235,1868.15,291.235
2009-10-20,292.105,295.099,291.66,291.66,2802.22,291.66
2009-10-21,294.664,294.664,293.834,293.834,935.088,293.834
2009-10-22,293.834,297.678,293.834,297.678,6536.5,297.678
2009-10-23,298.093,299.802,298.093,299.802,2335.69,299.802
2009-10-26,304.101,304.101,301.947,304.101,7938.12,304.101
2009-10-27,303.241,304.101,300.247,304.101,2802.22,304.101
2009-10-28,297.678,297.678,297.678,297.678,2802.22,297.678
2009-10-29,297.678,297.678,291.235,291.235,2802.22,291.235
2009-10-30,293.379,293.379,293.379,293.379,465.52,293.379
2009-11-02,299.802,299.802,294.664,299.802,4669.36,299.802
2009-11-04,299.802,299.802,295.534,295.534,935.088,295.534
2009-11-06,295.534,295.534,295.534,295.534,935.088,295.534
2009-11-09,295.534,297.678,294.664,294.664,1868.15,294.664
2009-11-10,297.243,301.947,295.534,299.802,6536.5,299.802
2009-11-11,301.512,301.512,297.243,299.802,2802.22,299.802
2009-11-12,299.802,301.512,297.243,297.243,3267.74,297.243
2009-11-16,296.374,299.802,295.534,295.534,4202.83,295.534
2009-11-17,295.534,295.534,293.834,293.834,1868.15,293.834
2009-11-18,293.379,293.379,289.526,289.526,7938.12,289.526
2009-11-19,289.091,291.235,289.091,289.526,1868.15,289.526
2009-11-24,290.385,290.385,274.121,280.099,12140.9,280.099
2009-11-25,284.387,284.387,282.253,282.253,7472.6,282.253
2009-11-26,282.253,282.253,282.253,282.253,935.088,282.253
2009-11-27,279.249,279.249,279.249,279.249,465.52,279.249
2009-11-30,283.547,283.547,282.668,282.668,2335.69,282.668
2009-12-02,283.547,286.522,283.547,286.522,5137.92,286.522
2009-12-03,286.976,286.976,286.097,286.097,935.088,286.097
2009-12-04,286.976,286.976,285.257,285.257,2335.69,285.257
2009-12-07,289.091,289.091,289.091,289.091,465.52,289.091
2009-12-08,286.097,287.816,286.097,287.391,5137.92,287.391
2009-12-09,287.391,289.091,287.391,289.091,11206.8,289.091
2009-12-10,286.097,286.976,279.249,286.976,22415.8,286.976
2009-12-11,284.822,284.822,284.822,284.822,1868.15,284.822
2009-12-14,292.105,292.105,286.976,286.976,2335.69,286.976
2009-12-15,284.822,304.101,284.822,304.101,6536.5,304.101
2009-12-17,290.385,290.385,286.976,286.976,5602.43,286.976
2009-12-18,288.686,289.091,286.976,289.091,4669.36,289.091
2009-12-21,293.379,293.379,288.686,288.686,7472.6,288.686
2009-12-22,287.816,290.385,286.522,286.522,6069.97,286.522
2009-12-24,286.522,287.816,286.097,287.816,10739.3,287.816
2009-12-25,285.257,286.976,284.822,286.976,12606.4,286.976
2009-12-28,286.976,287.816,284.822,284.822,7938.12,284.822
2009-12-29,285.257,285.257,285.257,285.257,1868.15,285.257
2009-12-30,285.257,286.097,285.257,286.097,1399.59,286.097
2010-01-04,287.816,287.816,286.097,286.976,6536.5,286.976
2010-01-05,286.976,286.976,286.976,286.976,2335.69,286.976
2010-01-06,286.976,286.976,284.822,286.976,6536.5,286.976
2010-01-07,285.257,286.976,285.257,286.976,935.088,286.976
2010-01-08,286.976,287.391,286.976,287.391,1868.15,287.391
2010-01-12,287.816,292.955,287.391,292.955,4669.36,292.955
2010-01-13,292.105,292.105,291.235,291.235,1399.59,291.235
2010-01-14,291.235,291.235,287.816,287.816,1868.15,287.816
2010-01-15,292.105,292.105,292.105,292.105,465.52,292.105
2010-01-18,292.955,295.099,292.955,295.099,1868.15,295.099
2010-01-19,296.374,297.678,296.374,296.374,7472.6,296.374
2010-01-20,296.798,299.802,296.798,299.802,4669.36,299.802
2010-01-21,299.802,299.802,298.962,299.802,3267.74,299.802
2010-01-22,301.947,304.101,299.802,304.101,4202.83,304.101
2010-01-25,299.802,304.101,299.802,304.101,8405.67,304.101
2010-01-26,304.101,304.101,299.802,300.247,14009.1,300.247
2010-01-27,300.247,300.247,293.379,297.678,8405.67,297.678
2010-01-28,298.962,360.642,298.962,314.802,72378.2,314.802
2010-01-29,338.35,339.209,326.354,334.931,85453.2,334.931
2010-02-01,334.931,338.35,328.063,328.933,39692.6,328.933
2010-02-02,323.36,328.933,319.081,325.504,13542.5,325.504
2010-02-03,319.081,320.8,314.802,316.937,24281.9,316.937
2010-02-04,321.225,323.36,319.081,321.225,11206.8,321.225
2010-02-05,323.804,323.804,312.658,319.081,6069.97,319.081
2010-02-08,319.081,319.081,314.802,317.787,8405.67,317.787
2010-02-09,316.937,316.937,313.528,313.528,6069.97,313.528
2010-02-10,313.528,313.528,309.229,309.229,7472.6,309.229
2010-02-12,316.087,319.081,314.802,317.787,2802.22,317.787
2010-02-15,328.063,330.652,327.648,327.648,24749.4,327.648
2010-02-16,327.648,327.648,327.223,327.223,2802.22,327.223
2010-02-17,325.504,325.504,325.504,325.504,465.52,325.504
2010-02-18,325.504,325.504,320.366,322.075,2335.69,322.075
2010-02-19,321.225,326.354,320.366,321.225,6536.5,321.225
2010-02-22,327.223,331.937,323.36,324.229,15877.2,324.229
2010-02-23,330.652,330.652,325.504,328.933,17276.8,328.933
2010-02-24,328.933,329.773,327.223,329.773,15877.2,329.773
2010-02-25,331.937,331.937,327.223,331.492,9338.73,331.492
2010-02-26,322.945,331.492,322.945,329.773,10739.3,329.773
2010-03-01,329.773,330.652,329.773,330.652,10274.8,330.652
2010-03-02,327.223,330.227,326.354,330.227,3734.28,330.227
2010-03-03,327.648,330.227,325.504,329.358,9338.73,329.358
2010-03-04,329.358,329.773,325.919,328.933,14475.6,328.933
2010-03-05,328.498,328.933,324.644,324.644,9805.26,324.644
2010-03-08,329.773,330.227,327.648,327.648,14942.1,327.648
2010-03-09,327.648,328.933,327.648,328.933,12140.9,328.933
2010-03-10,329.773,329.773,329.773,329.773,6536.5,329.773
2010-03-11,334.931,334.931,331.937,331.937,8405.67,331.937
2010-03-12,332.352,336.215,331.937,336.215,8873.21,336.215
2010-03-15,334.931,336.215,331.937,333.221,13542.5,333.221
2010-03-16,331.937,336.215,326.354,331.937,24281.9,331.937
2010-03-17,331.937,334.931,329.773,331.937,19148.0,331.937
2010-03-18,331.937,334.081,331.937,331.937,10739.3,331.937
2010-03-19,334.081,335.791,331.937,335.791,8873.21,335.791
2010-03-23,336.215,341.779,336.215,338.785,22880.3,338.785
2010-03-24,341.779,341.779,337.51,338.35,15877.2,338.35
2010-03-25,342.638,342.638,338.35,340.069,29417.8,340.069
2010-03-26,338.35,341.779,336.65,341.779,18677.4,341.779
2010-03-29,331.937,331.937,322.075,329.773,21714.4,329.773
2010-03-30,330.652,331.067,328.063,328.063,5602.43,328.063
2010-03-31,325.079,325.079,319.081,323.804,14009.1,323.804
2010-04-01,318.221,322.075,316.502,320.366,18911.2,320.366
2010-04-02,315.217,323.36,313.943,319.081,21714.4,319.081
2010-04-05,317.381,325.504,317.381,325.504,15408.7,325.504
2010-04-06,325.504,325.919,325.079,325.079,4669.36,325.079
2010-04-07,324.229,325.079,323.36,323.36,3267.74,323.36
2010-04-08,323.36,324.644,317.381,319.081,7472.6,319.081
2010-04-09,319.081,325.504,319.081,321.225,6069.97,321.225
2010-04-12,319.081,324.644,319.081,321.225,17044.1,321.225
2010-04-13,319.506,321.225,319.081,320.366,10506.5,320.366
2010-04-14,322.945,324.644,320.366,322.5,4435.59,322.5
2010-04-15,320.8,325.079,320.8,321.225,8873.21,321.225
2010-04-16,321.65,322.5,319.941,322.5,4905.16,322.5
2010-04-19,319.081,324.229,319.081,319.506,8873.21,319.506
2010-04-20,320.366,320.8,319.506,319.506,5837.21,319.506
2010-04-21,319.941,321.225,319.506,320.8,4435.59,320.8
2010-04-22,320.8,320.8,319.506,320.366,7004.05,320.366
2010-04-23,320.366,323.36,319.506,323.36,12140.9,323.36
2010-04-26,325.504,325.504,321.65,322.5,16342.7,322.5
2010-04-27,322.945,324.644,322.5,324.644,4435.59,324.644
2010-04-28,322.5,324.644,322.075,324.644,7938.12,324.644
2010-04-30,324.644,325.079,321.65,323.804,10739.3,323.804
2010-05-06,322.5,323.36,321.225,321.225,10739.3,321.225
2010-05-07,319.081,319.081,316.502,318.221,19845.3,318.221
2010-05-10,318.221,324.644,317.787,321.225,6069.97,321.225
2010-05-11,321.225,322.075,317.381,317.787,8873.21,317.787
2010-05-12,318.656,321.225,317.381,317.787,7704.35,317.787
2010-05-13,320.8,321.225,319.081,321.225,1636.4,321.225
2010-05-14,319.081,322.945,318.221,321.225,7238.83,321.225
2010-05-17,321.225,321.225,319.081,319.081,5137.92,319.081
2010-05-18,319.081,320.8,316.937,316.937,6770.28,316.937
2010-05-19,316.937,319.081,316.937,317.381,4202.83,317.381
2010-05-20,316.937,316.937,313.528,313.528,4905.16,313.528
2010-05-21,310.524,312.658,307.105,309.229,7938.12,309.229
2010-05-24,309.229,309.664,308.379,308.804,3968.05,308.804
2010-05-25,313.528,313.528,308.379,308.804,12373.7,308.804
2010-05-26,313.528,313.528,304.526,304.526,6536.5,304.526
2010-05-27,300.247,304.526,300.247,304.101,4905.16,304.101
2010-05-28,308.379,308.379,302.381,304.101,5837.21,304.101
2010-05-31,303.666,307.955,299.802,300.662,9104.96,300.662
2010-06-01,299.802,299.802,289.091,297.243,16112.0,297.243
2010-06-02,298.528,299.802,297.243,299.368,3734.28,299.368
2010-06-03,298.093,299.802,298.093,299.368,3267.74,299.368
2010-06-04,298.528,299.802,298.093,299.368,1868.15,299.368
2010-06-07,298.962,298.962,296.374,297.243,5137.92,297.243
2010-06-08,297.678,300.662,295.099,295.099,11674.4,295.099
2010-06-09,295.534,295.939,294.239,294.664,2100.91,294.664
2010-06-10,294.664,295.099,294.664,295.099,935.088,295.099
2010-06-11,295.534,296.374,295.534,296.374,701.316,296.374
2010-06-14,300.662,300.662,297.243,299.368,3734.28,299.368
2010-06-15,299.802,300.662,297.678,298.093,6770.28,298.093
2010-06-16,298.962,300.662,297.678,298.093,7704.35,298.093
2010-06-17,298.093,299.802,298.093,299.368,2100.91,299.368
2010-06-18,299.802,299.802,298.093,298.962,3968.05,298.962
2010-06-21,298.962,300.247,298.962,298.962,5602.43,298.962
2010-06-22,299.802,299.802,299.368,299.368,4669.36,299.368
2010-06-23,299.368,300.662,298.962,299.802,9573.52,299.802
2010-06-24,299.802,300.662,298.528,298.962,10739.3,298.962
2010-06-25,303.241,303.241,299.802,301.947,25450.7,301.947
2010-06-28,301.947,302.381,300.247,300.662,4669.36,300.662
2010-06-29,305.81,305.81,301.097,301.097,4905.16,301.097
2010-06-30,301.097,303.241,300.662,301.947,3036.0,301.947
2010-07-01,304.101,307.51,304.101,307.51,5837.21,307.51
2010-07-02,305.375,306.65,304.101,305.375,3036.0,305.375
2010-07-05,306.65,311.374,305.81,311.374,4905.16,311.374
2010-07-06,311.374,311.798,304.101,305.81,11206.8,305.81
2010-07-07,305.81,310.524,305.375,310.524,2567.44,310.524
2010-07-08,310.524,311.798,309.664,309.664,2802.22,309.664
2010-07-09,310.089,310.524,308.379,310.524,3267.74,310.524
2010-07-12,311.798,315.652,309.664,315.652,6303.74,315.652
2010-07-13,315.652,319.081,315.652,319.081,8405.67,319.081
2010-07-14,319.081,319.081,313.083,316.087,17744.4,316.087
2010-07-15,308.804,310.524,308.379,309.664,13776.3,309.664
2010-07-16,307.51,310.089,304.526,310.089,7704.35,310.089
2010-07-20,307.51,307.51,304.526,304.526,6303.74,304.526
2010-07-21,306.215,308.379,306.215,306.65,4435.59,306.65
2010-07-22,306.65,306.65,301.947,302.381,11674.4,302.381
2010-07-23,302.806,307.51,302.806,307.51,7472.6,307.51
2010-07-26,320.366,320.366,313.943,315.217,54168.3,315.217
2010-07-27,317.787,317.787,316.087,316.502,3036.0,316.502
2010-07-28,316.937,319.941,316.087,317.381,6770.28,317.381
2010-07-29,319.941,319.941,319.081,319.941,6303.74,319.941
2010-07-30,319.941,321.225,319.081,321.225,5602.43,321.225
2010-08-02,323.36,326.354,321.225,321.225,7004.05,321.225
2010-08-03,321.225,322.075,321.225,322.075,1868.15,322.075
2010-08-04,322.075,324.229,322.075,323.36,7938.12,323.36
2010-08-05,323.804,325.079,323.804,324.644,10040.0,324.644
2010-08-06,325.504,325.504,322.5,325.079,10506.5,325.079
2010-08-09,325.079,326.354,325.079,326.354,4669.36,326.354
2010-08-10,327.223,329.773,327.223,328.498,6770.28,328.498
2010-08-11,328.498,328.498,327.648,328.063,4669.36,328.063
2010-08-12,328.063,328.063,325.504,325.919,6069.97,325.919
2010-08-13,327.648,328.063,325.919,328.063,3968.05,328.063
2010-08-16,325.504,328.063,325.504,328.063,4202.83,328.063
2010-08-17,328.063,328.063,326.798,327.223,3036.0,327.223
2010-08-18,328.063,329.358,328.063,328.498,6536.5,328.498
2010-08-19,328.933,328.933,328.933,328.933,3501.52,328.933
2010-08-20,328.933,329.358,327.223,327.223,7238.83,327.223
2010-08-23,327.223,329.773,327.223,329.773,5370.68,329.773
2010-08-24,329.773,329.773,328.063,329.773,6069.97,329.773
2010-08-25,330.652,330.652,321.65,329.773,14475.6,329.773
2010-08-26,329.773,329.773,324.644,327.648,5370.68,327.648
2010-08-27,327.648,328.063,325.504,328.063,5837.21,328.063
2010-08-30,328.933,329.773,323.36,325.504,12606.4,325.504
2010-08-31,325.504,326.354,325.504,325.504,4202.83,325.504
2010-09-01,327.648,328.063,327.648,327.648,3734.28,327.648
2010-09-02,328.063,328.063,325.504,327.223,6770.28,327.223
2010-09-03,327.223,328.498,325.504,327.648,5602.43,327.648
2010-09-06,327.648,329.773,327.648,329.358,4202.83,329.358
2010-09-07,328.933,329.358,328.498,329.358,6303.74,329.358
2010-09-08,329.358,330.227,328.933,330.227,5602.43,330.227
2010-09-09,330.652,331.067,330.652,331.067,6069.97,331.067
2010-09-10,331.492,332.352,331.492,332.352,6069.97,332.352
2010-09-13,333.221,336.215,333.221,336.215,9338.73,336.215
2010-09-14,336.215,337.51,336.215,337.51,3968.05,337.51
2010-09-15,336.215,337.935,336.215,337.085,9573.52,337.085
2010-09-16,337.085,337.935,336.215,336.215,7472.6,336.215
2010-09-17,336.215,337.085,333.646,333.646,6303.74,333.646
2010-09-21,334.931,336.215,332.777,333.221,10040.0,333.221
2010-09-22,332.777,334.081,332.352,334.081,11442.6,334.081
2010-09-24,334.081,334.081,331.937,334.081,24517.7,334.081
2010-09-27,334.081,336.215,332.777,336.215,160403.0,336.215
2010-09-28,319.081,321.225,309.229,309.229,57902.5,309.229
2010-09-29,309.229,311.798,308.804,311.798,8873.21,311.798
2010-09-30,309.229,311.798,308.804,311.374,7004.05,311.374
2010-10-01,308.804,311.374,308.804,311.374,3036.0,311.374
2010-10-04,310.524,312.658,308.379,309.229,6069.97,309.229
2010-10-05,307.955,307.955,299.802,300.247,3036.0,300.247
2010-10-06,300.247,304.101,300.247,301.097,1636.4,301.097
2010-10-07,301.947,302.381,300.247,302.381,3036.0,302.381
2010-10-08,302.381,302.381,299.802,299.802,4905.16,299.802
2010-10-12,293.379,302.381,293.379,297.243,8638.43,297.243
2010-10-13,301.512,301.512,301.512,301.512,465.52,301.512
2010-10-14,301.512,307.955,301.097,307.955,2567.44,307.955
2010-10-15,304.101,307.51,301.097,307.51,935.088,307.51
2010-10-18,304.101,304.101,299.802,299.802,1399.59,299.802
2010-10-19,301.947,301.947,300.247,301.947,2567.44,301.947
2010-10-20,300.247,301.097,299.802,301.097,3036.0,301.097
2010-10-21,298.962,300.662,296.374,296.798,2335.69,296.798
2010-10-22,299.802,300.662,299.368,300.247,2100.91,300.247
2010-10-25,306.65,306.65,304.101,306.215,8405.67,306.215
2010-10-26,301.097,304.101,301.097,304.101,701.316,304.101
2010-10-27,305.375,305.375,305.375,305.375,233.772,305.375
2010-10-28,303.241,304.101,299.802,300.247,3501.52,300.247
2010-10-29,296.798,302.806,295.939,302.806,2335.69,302.806
2010-11-01,295.534,298.093,295.534,298.093,3968.05,298.093
2010-11-02,295.534,299.802,295.534,299.802,935.088,299.802
2010-11-04,296.374,296.374,296.374,296.374,233.772,296.374
2010-11-05,295.534,299.802,295.534,296.374,4905.16,296.374
2010-11-08,301.947,302.381,301.512,301.947,2567.44,301.947
2010-11-09,301.947,304.101,301.947,301.947,4202.83,301.947
2010-11-10,304.526,304.526,301.947,304.526,1868.15,304.526
2010-11-11,304.526,306.215,304.526,304.526,2802.22,304.526
2010-11-12,304.101,306.215,304.101,305.81,1636.4,305.81
2010-11-15,305.81,305.81,305.81,305.81,1164.81,305.81
2010-11-16,301.947,310.089,301.947,306.215,4202.83,306.215
2010-11-17,306.215,306.215,301.097,301.097,1164.81,301.097
2010-11-18,301.512,308.379,301.512,308.379,1399.59,308.379
2010-11-19,308.379,308.379,307.955,308.379,935.088,308.379
2010-11-22,308.379,310.524,301.947,301.947,5837.21,301.947
2010-11-24,302.381,310.089,302.381,310.089,4669.36,310.089
2010-11-25,310.089,310.089,306.65,308.379,9104.96,308.379
2010-11-26,304.101,304.101,303.241,303.241,4435.59,303.241
2010-11-29,308.379,312.658,303.666,312.223,7704.35,312.223
2010-11-30,311.798,314.377,308.379,313.943,3036.0,313.943
2010-12-01,312.658,312.658,307.105,307.105,701.316,307.105
2010-12-02,307.955,307.955,307.955,307.955,701.316,307.955
2010-12-03,309.229,313.528,309.229,313.528,1399.59,313.528
2010-12-06,313.083,317.381,313.083,317.381,3968.05,317.381
2010-12-07,317.787,318.656,317.787,318.656,1164.81,318.656
2010-12-08,319.081,319.081,318.656,319.081,3501.52,319.081
2010-12-09,319.081,322.075,317.381,322.075,6303.74,322.075
2010-12-10,328.498,328.498,322.075,325.919,14942.1,325.919
2010-12-13,325.919,325.919,323.36,323.36,2567.44,323.36
2010-12-14,321.65,325.079,316.937,323.804,6536.5,323.804
2010-12-15,321.65,323.36,313.083,318.656,6069.97,318.656
2010-12-16,319.941,319.941,317.381,318.656,1868.15,318.656
2010-12-17,315.652,316.502,315.217,315.217,7004.05,315.217
2010-12-20,313.528,316.087,313.528,313.528,6536.5,313.528
2010-12-21,313.528,316.087,313.528,316.087,9338.73,316.087
2010-12-22,316.087,316.087,313.083,314.802,11674.4,314.802
2010-12-24,314.377,314.802,313.528,314.802,5370.68,314.802
2010-12-27,314.802,314.802,313.943,313.943,9805.26,313.943
2010-12-28,313.943,314.802,313.943,314.802,6770.28,314.802
2010-12-29,314.802,318.656,314.377,318.656,5370.68,318.656
2010-12-30,318.656,319.941,316.937,319.941,1164.81,319.941
2011-01-04,318.221,319.081,316.937,319.081,3267.74,319.081
2011-01-05,318.221,321.225,317.787,317.787,4202.83,317.787
2011-01-06,321.225,321.225,318.656,319.081,2335.69,319.081
2011-01-07,321.225,321.65,316.937,319.081,5837.21,319.081
2011-01-11,320.8,327.648,320.8,321.225,12840.2,321.225
2011-01-12,322.075,325.919,322.075,322.5,12140.9,322.5
2011-01-13,323.36,326.354,321.225,321.225,18677.4,321.225
2011-01-14,324.644,329.358,323.804,325.504,13776.3,325.504
2011-01-17,325.919,326.798,325.919,326.354,4202.83,326.354
2011-01-18,325.919,327.648,325.919,326.798,3968.05,326.798
2011-01-19,326.798,329.773,326.798,328.063,7004.05,328.063
2011-01-20,328.933,332.352,328.933,330.227,2802.22,330.227
2011-01-21,332.352,332.777,323.36,331.937,11206.8,331.937
2011-01-24,328.063,329.358,326.354,329.358,3267.74,329.358
2011-01-25,333.221,333.646,328.933,333.221,9805.26,333.221
2011-01-26,330.227,333.221,330.227,333.221,3036.0,333.221
2011-01-27,332.352,344.783,331.492,342.638,54168.3,342.638
2011-01-28,342.638,349.071,337.085,346.502,59071.4,346.502
2011-01-31,342.638,346.067,341.779,343.923,17276.8,343.923
2011-02-01,343.508,346.067,343.508,346.067,6536.5,346.067
2011-02-02,346.927,349.071,344.783,344.783,8873.21,344.783
2011-02-03,344.783,346.067,343.508,344.358,9573.52,344.358
2011-02-04,344.358,346.067,343.053,343.053,10739.3,343.053
2011-02-07,344.783,347.796,343.923,344.358,16576.5,344.358
2011-02-08,346.067,347.796,345.217,346.927,4435.59,346.927
2011-02-09,347.796,349.071,345.652,349.071,12606.4,349.071
2011-02-10,349.486,349.486,343.923,349.071,13078.0,349.071
2011-02-14,349.486,350.791,348.626,350.366,7472.6,350.366
2011-02-15,350.366,350.366,348.211,348.211,7472.6,348.211
2011-02-16,349.071,349.071,347.362,347.362,8638.43,347.362
2011-02-17,347.362,348.211,344.358,344.783,15877.2,344.783
2011-02-18,343.508,345.652,343.508,345.652,8873.21,345.652
2011-02-21,346.067,349.486,346.067,346.067,6536.5,346.067
2011-02-22,348.626,348.626,344.358,344.783,11442.6,344.783
2011-02-23,344.783,345.217,343.923,343.923,6069.97,343.923
2011-02-24,343.923,346.927,343.508,346.927,7472.6,346.927
2011-02-25,347.362,352.055,345.217,352.055,25916.3,352.055
2011-02-28,353.34,364.061,351.215,358.478,15643.4,358.478
2011-03-01,358.903,358.903,352.055,357.204,17744.4,357.204
2011-03-02,358.903,358.903,351.215,358.063,18677.4,358.063
2011-03-03,361.492,361.907,358.478,359.763,18444.7,359.763
2011-03-04,359.763,360.198,352.5,358.903,9104.96,358.903
2011-03-07,356.789,356.789,350.791,350.791,12373.7,350.791
2011-03-08,349.931,351.215,349.071,351.215,24281.9,351.215
2011-03-09,355.929,355.929,354.625,354.625,4435.59,354.625
2011-03-10,355.494,356.789,348.626,349.486,8638.43,349.486
2011-03-11,349.486,350.791,349.486,349.486,4435.59,349.486
2011-03-14,329.773,340.949,321.225,329.773,27318.9,329.773
2011-03-15,324.644,334.081,289.96,290.82,47162.2,290.82
2011-03-16,277.974,318.656,277.974,302.806,24281.9,302.806
2011-03-17,298.093,319.081,295.534,319.081,13776.3,319.081
2011-03-18,319.081,332.777,319.081,328.063,10274.8,328.063
2011-03-22,340.069,346.502,340.069,341.779,8873.21,341.779
2011-03-23,344.783,345.652,342.638,344.358,6303.74,344.358
2011-03-24,350.791,350.791,346.927,348.626,5602.43,348.626
2011-03-25,349.071,349.931,346.067,347.362,21714.4,347.362
2011-03-28,340.949,343.923,334.081,342.223,17744.4,342.223
2011-03-29,216.719,227.866,215.0,220.138,13542.5,220.138
2011-03-30,223.567,227.866,223.142,224.862,10040.0,224.862
2011-03-31,220.573,224.862,219.713,222.717,15643.4,222.717
2011-04-01,220.573,224.437,220.573,221.443,3734.28,221.443
2011-04-04,223.142,224.437,220.573,221.008,12140.9,221.008
2011-04-05,221.443,222.283,218.854,220.573,12140.9,220.573
2011-04-06,218.854,218.854,216.719,218.429,6770.28,218.429
2011-04-07,217.589,218.429,216.719,217.125,12373.7,217.125
2011-04-08,217.589,218.429,217.589,218.014,10506.5,218.014
2011-04-11,219.713,222.717,218.854,222.717,10274.8,222.717
2011-04-12,222.717,222.717,219.308,219.308,1399.59,219.308
2011-04-13,219.308,220.573,219.308,219.308,3968.05,219.308
2011-04-14,220.573,220.573,218.429,220.138,4202.83,220.138
2011-04-15,219.308,220.573,216.294,219.308,15643.4,219.308
2011-04-18,219.713,220.573,219.308,220.573,3267.74,220.573
2011-04-19,220.573,221.008,218.854,219.713,7704.35,219.713
2011-04-20,220.573,221.443,219.713,220.138,3501.52,220.138
2011-04-21,221.443,221.858,221.008,221.858,2335.69,221.858
2011-04-22,222.283,222.717,221.858,222.717,5837.21,222.717
2011-04-25,226.996,226.996,221.443,221.443,14009.1,221.443
2011-04-26,221.443,222.717,216.294,221.008,15643.4,221.008
2011-04-27,220.573,225.711,220.573,222.717,4435.59,222.717
2011-04-28,226.996,226.996,216.294,217.589,21480.7,217.589
2011-05-02,224.862,224.862,220.573,221.008,13078.0,221.008
2011-05-06,221.008,227.866,221.008,227.866,17044.1,227.866
2011-05-09,226.996,227.866,223.567,224.862,7238.83,224.862
2011-05-10,224.862,226.561,223.567,223.567,5370.68,223.567
2011-05-11,223.567,226.146,222.283,222.717,6069.97,222.717
2011-05-12,223.567,224.862,221.008,224.862,5137.92,224.862
2011-05-13,221.858,222.717,221.443,222.717,6536.5,222.717
2011-05-16,222.717,224.437,221.443,222.717,4669.36,222.717
2011-05-17,224.002,224.437,223.142,223.142,2335.69,223.142
2011-05-18,223.142,224.862,223.142,223.142,3734.28,223.142
2011-05-19,224.862,224.862,224.002,224.002,1164.81,224.002
2011-05-20,224.002,226.146,224.002,224.862,6069.97,224.862
2011-05-23,226.146,226.996,222.717,226.146,7238.83,226.146
2011-05-24,225.277,227.411,225.277,227.411,2567.44,227.411
2011-05-25,227.866,227.866,222.717,225.711,14241.8,225.711
2011-05-26,226.146,226.146,223.567,225.277,2567.44,225.277
2011-05-27,225.711,226.146,222.717,226.146,8172.91,226.146
2011-05-30,224.862,226.146,224.002,226.146,1636.4,226.146
2011-05-31,224.862,225.711,224.437,224.862,3036.0,224.862
2011-06-01,224.002,225.711,222.717,223.567,8873.21,223.567
2011-06-02,218.854,223.142,218.854,221.008,12840.2,221.008
2011-06-03,222.283,224.862,222.283,224.862,701.316,224.862
2011-06-06,222.717,222.717,222.283,222.717,4669.36,222.717
2011-06-07,218.429,221.858,218.429,219.713,17977.1,219.713
2011-06-08,219.713,221.858,219.713,220.573,2100.91,220.573
2011-06-09,220.573,221.443,220.138,221.008,2335.69,221.008
2011-06-10,222.283,222.283,218.429,218.429,13542.5,218.429
2011-06-13,218.854,220.138,218.429,220.138,2100.91,220.138
2011-06-14,222.717,222.717,221.443,221.443,3036.0,221.443
2011-06-15,223.567,223.567,222.717,222.717,3267.74,222.717
2011-06-16,222.717,222.717,221.858,221.858,1636.4,221.858
2011-06-17,218.429,221.008,218.429,218.429,17276.8,218.429
2011-06-20,220.573,222.717,219.308,221.443,2100.91,221.443
2011-06-21,222.283,222.283,221.008,221.008,1636.4,221.008
2011-06-22,221.008,222.717,221.008,221.443,6069.97,221.443
2011-06-23,220.573,222.717,220.573,222.283,7704.35,222.283
2011-06-24,221.443,223.142,221.008,223.142,19845.3,223.142
2011-06-27,227.411,227.411,222.717,225.277,33621.6,225.277
2011-06-28,224.862,224.862,223.142,224.862,6536.5,224.862
2011-06-29,224.862,224.862,222.717,223.567,5837.21,223.567
2011-06-30,224.862,224.862,222.717,224.862,6536.5,224.862
2011-07-01,224.862,224.862,223.142,224.002,9104.96,224.002
2011-07-04,226.561,226.561,224.437,224.862,7704.35,224.862
2011-07-05,224.862,226.146,224.437,224.437,8172.91,224.437
2011-07-06,226.561,226.561,225.711,225.711,4435.59,225.711
2011-07-07,226.146,226.146,225.277,225.711,3968.05,225.711
2011-07-08,225.711,225.711,224.862,225.277,6069.97,225.277
2011-07-11,225.277,225.277,224.437,225.277,12140.9,225.277
2011-07-12,225.277,225.277,224.862,225.277,4905.16,225.277
2011-07-13,225.277,226.146,225.277,225.277,4435.59,225.277
2011-07-14,226.146,226.996,225.711,226.996,10040.0,226.996
2011-07-15,226.146,226.561,226.146,226.561,5137.92,226.561
2011-07-19,226.996,226.996,225.277,225.711,12840.2,225.711
2011-07-20,226.561,226.561,225.711,226.561,10274.8,226.561
2011-07-21,226.561,226.996,225.277,225.711,17977.1,225.711
2011-07-22,226.996,228.696,226.146,228.696,20080.1,228.696
2011-07-25,235.148,235.148,229.14,229.14,77983.7,229.14
2011-07-26,231.709,232.994,231.285,232.994,8172.91,232.994
2011-07-27,232.994,234.713,232.134,234.713,10040.0,234.713
2011-07-28,234.713,234.713,229.98,229.98,11442.6,229.98
2011-07-29,232.559,232.559,229.98,230.86,5837.21,230.86
2011-08-01,226.996,226.996,225.277,226.146,19148.0,226.146
2011-08-02,226.146,226.996,225.277,226.996,4669.36,226.996
2011-08-03,225.277,226.561,225.277,225.277,5837.21,225.277
2011-08-04,226.146,226.561,224.862,226.146,9104.96,226.146
2011-08-05,224.437,226.146,223.142,226.146,7004.05,226.146
2011-08-08,222.717,223.142,222.717,223.142,9338.73,223.142
2011-08-09,215.87,219.713,214.595,218.429,24749.4,218.429
2011-08-10,219.308,222.283,219.308,220.138,9338.73,220.138
2011-08-11,221.443,222.717,220.138,222.283,5602.43,222.283
2011-08-12,222.717,224.862,221.443,221.443,5137.92,221.443
2011-08-15,222.283,224.862,221.858,223.567,4669.36,223.567
2011-08-16,224.437,225.277,224.002,225.277,1164.81,225.277
2011-08-17,225.277,226.561,224.862,226.561,5137.92,226.561
2011-08-18,226.146,226.146,224.862,225.277,5137.92,225.277
2011-08-19,224.002,224.002,222.717,222.717,5602.43,222.717
2011-08-22,220.573,220.573,218.014,218.429,14475.6,218.429
2011-08-23,218.429,218.429,218.014,218.429,4202.83,218.429
2011-08-24,218.429,218.429,216.719,217.125,9338.73,217.125
2011-08-25,217.589,221.858,217.589,220.573,20080.1,220.573
2011-08-26,220.573,220.573,218.014,220.573,7704.35,220.573
2011-08-29,221.008,225.277,220.573,222.717,8405.67,222.717
2011-08-30,223.567,226.996,223.567,226.996,9104.96,226.996
2011-08-31,226.996,229.14,225.711,229.14,4435.59,229.14
2011-09-01,229.14,229.14,228.281,228.281,3968.05,228.281
2011-09-02,227.866,228.696,227.411,227.411,5837.21,227.411
2011-09-05,228.281,228.696,226.996,228.696,5602.43,228.696
2011-09-06,225.277,226.996,225.277,226.561,11442.6,226.561
2011-09-07,226.561,226.996,226.146,226.561,3734.28,226.561
2011-09-08,226.561,226.996,226.561,226.996,3267.74,226.996
2011-09-09,225.711,226.996,224.862,225.277,9805.26,225.277
2011-09-12,226.996,226.996,225.711,226.996,8405.67,226.996
2011-09-13,226.561,226.561,226.146,226.146,3968.05,226.146
2011-09-14,226.561,226.561,225.711,225.711,11206.8,225.711
2011-09-15,226.996,226.996,224.862,226.561,9573.52,226.561
2011-09-16,225.277,226.561,222.717,222.717,16576.5,222.717
2011-09-20,223.567,225.711,221.858,225.711,15643.4,225.711
2011-09-21,224.862,224.862,221.858,222.717,18911.2,222.717
2011-09-22,222.717,222.717,218.429,221.858,34321.9,221.858
2011-09-26,221.858,221.858,217.589,218.014,46230.1,218.014
2011-09-27,218.014,219.713,217.589,218.429,165304.0,218.429
2011-09-28,214.16,214.16,209.022,213.291,49730.6,213.291
2011-09-29,213.291,213.715,212.006,212.866,5137.92,212.866
2011-09-30,211.166,213.291,210.731,212.006,7004.05,212.006
2011-10-03,213.715,215.87,212.006,214.595,4435.59,214.595
2011-10-04,212.006,214.16,211.166,214.16,5137.92,214.16
2011-10-05,213.291,213.291,211.166,211.581,4435.59,211.581
2011-10-06,210.731,210.731,209.862,209.862,8873.21,209.862
2011-10-07,209.862,211.581,209.862,209.862,2567.44,209.862
2011-10-11,209.862,212.006,209.437,209.437,11906.1,209.437
2011-10-12,209.862,211.166,209.862,209.862,2335.69,209.862
2011-10-13,209.862,209.862,209.022,209.022,3501.52,209.022
2011-10-14,209.022,209.862,208.577,209.437,3968.05,209.437
2011-10-17,209.437,211.166,209.437,209.437,2567.44,209.437
2011-10-18,209.862,210.731,208.577,210.731,3501.52,210.731
2011-10-19,209.862,210.731,209.862,209.862,2567.44,209.862
2011-10-20,210.287,210.287,207.312,208.577,9805.26,208.577
2011-10-21,206.858,208.152,206.858,208.152,2802.22,208.152
2011-10-24,208.577,209.022,203.449,205.583,12606.4,205.583
2011-10-25,209.022,209.022,204.723,204.723,12606.4,204.723
2011-10-26,203.449,206.858,202.164,206.858,4202.83,206.858
2011-10-27,203.864,208.152,203.449,207.727,3036.0,207.727
2011-10-28,208.152,208.577,207.727,207.727,4905.16,207.727
2011-10-31,209.862,209.862,209.022,209.022,3267.74,209.022
2011-11-01,207.727,208.577,207.312,208.577,2802.22,208.577
2011-11-02,209.022,209.022,207.727,207.727,1164.81,207.727
2011-11-04,209.862,209.862,207.312,207.312,1868.15,207.312
2011-11-07,206.858,209.022,206.858,208.577,5837.21,208.577
2011-11-08,209.022,209.022,206.858,209.022,2100.91,209.022
2011-11-09,207.727,209.022,207.312,208.577,2802.22,208.577
2011-11-10,206.858,206.858,204.318,204.723,7472.6,204.723
2011-11-11,207.727,207.727,205.148,205.148,2100.91,205.148
2011-11-14,204.723,206.433,204.723,205.148,2567.44,205.148
2011-11-15,204.723,206.433,199.595,201.729,25450.7,201.729
2011-11-16,201.729,203.449,201.294,201.294,5370.68,201.294
2011-11-17,201.294,203.014,201.294,203.014,4202.83,203.014
2011-11-18,201.294,202.589,201.294,202.589,2802.22,202.589
2011-11-21,202.589,202.589,199.595,199.595,4435.59,199.595
2011-11-22,199.595,200.879,199.16,200.445,7472.6,200.445
2011-11-24,200.445,200.445,199.595,200.445,6303.74,200.445
2011-11-25,200.02,200.02,199.16,200.02,14708.4,200.02
2011-11-28,199.16,201.294,197.885,198.745,8172.91,198.745
2011-11-29,199.16,200.02,197.026,198.745,9338.73,198.745
2011-11-30,198.745,202.589,197.46,199.16,7004.05,199.16
2011-12-01,199.16,203.014,199.16,199.16,3968.05,199.16
2011-12-02,199.595,203.014,199.595,201.729,3267.74,201.729
2011-12-05,203.014,205.583,203.014,205.583,7004.05,205.583
2011-12-06,206.858,208.577,206.018,206.433,5370.68,206.433
2011-12-07,208.577,209.022,206.433,208.152,8638.43,208.152
2011-12-08,206.858,208.152,206.018,206.018,7238.83,206.018
2011-12-09,208.152,208.152,206.433,206.858,22415.8,206.858
2011-12-12,209.022,209.022,207.727,208.577,4669.36,208.577
2011-12-13,208.577,209.437,206.858,206.858,5137.92,206.858
2011-12-14,207.312,207.312,205.583,205.583,7938.12,205.583
2011-12-15,205.583,208.152,204.723,204.723,6069.97,204.723
2011-12-16,207.312,207.312,204.723,204.723,1399.59,204.723
2011-12-19,204.723,205.583,204.723,205.583,4669.36,205.583
2011-12-20,205.583,206.018,205.583,206.018,1868.15,206.018
2011-12-21,207.312,208.577,207.312,207.312,2802.22,207.312
2011-12-22,207.312,208.577,206.018,208.577,15176.9,208.577
2011-12-26,208.577,209.022,207.727,208.152,14942.1,208.152
2011-12-27,208.152,208.152,206.858,207.312,9104.96,207.312
2011-12-28,206.858,208.577,206.858,208.577,5370.68,208.577
2011-12-29,208.577,209.022,206.858,208.152,4435.59,208.152
2011-12-30,208.577,212.006,208.152,212.006,13078.0,212.006
2012-01-04,212.006,212.006,210.287,211.581,7472.6,211.581
2012-01-05,210.731,212.006,209.862,211.581,3036.0,211.581
2012-01-06,211.581,212.006,210.287,212.006,3501.52,212.006
2012-01-10,212.006,212.866,211.581,212.006,4669.36,212.006
2012-01-11,211.581,212.866,210.731,210.731,7472.6,210.731
2012-01-12,212.866,212.866,211.581,212.006,3501.52,212.006
2012-01-13,209.862,212.006,209.862,209.862,9338.73,209.862
2012-01-16,209.862,212.006,209.862,210.731,1399.59,210.731
2012-01-17,212.006,212.006,211.581,212.006,1636.4,212.006
2012-01-18,211.581,212.441,211.581,212.441,1636.4,212.441
2012-01-19,212.441,212.441,212.006,212.006,2335.69,212.006
2012-01-20,212.006,212.866,212.006,212.441,3036.0,212.441
2012-01-23,213.291,213.715,212.441,212.866,9573.52,212.866
2012-01-24,212.441,214.16,212.441,214.16,5602.43,214.16
2012-01-25,216.294,216.294,215.0,215.0,11906.1,215.0
2012-01-26,215.0,215.0,212.866,214.16,5837.21,214.16
2012-01-27,214.16,215.0,213.715,214.16,4435.59,214.16
2012-01-30,214.595,215.0,212.441,212.866,10739.3,212.866
2012-01-31,212.866,215.0,212.441,212.441,7004.05,212.441
2012-02-01,212.441,213.291,210.731,210.731,8172.91,210.731
2012-02-02,210.731,212.866,210.731,212.441,3267.74,212.441
2012-02-03,212.441,212.866,212.006,212.441,4905.16,212.441
2012-02-06,212.441,214.16,212.441,213.715,3734.28,213.715
2012-02-07,212.441,213.715,212.441,213.715,2802.22,213.715
2012-02-08,213.715,213.715,212.441,212.441,2335.69,212.441
2012-02-09,212.441,213.291,212.006,212.441,6069.97,212.441
2012-02-10,213.291,213.715,212.441,213.291,3968.05,213.291
2012-02-13,212.866,213.291,212.441,213.291,5137.92,213.291
2012-02-14,213.715,213.715,213.291,213.291,5602.43,213.291
2012-02-15,213.291,214.16,212.866,212.866,7704.35,212.866
2012-02-16,213.715,213.715,212.441,213.715,5837.21,213.715
2012-02-17,213.715,213.715,213.291,213.291,4435.59,213.291
2012-02-20,213.715,214.16,213.291,213.291,5602.43,213.291
2012-02-21,213.715,213.715,212.866,212.866,10739.3,212.866
2012-02-22,212.866,213.715,212.441,213.715,7704.35,213.715
2012-02-23,213.715,214.16,213.291,213.715,5602.43,213.715
2012-02-24,214.16,217.125,214.16,217.125,13776.3,217.125
2012-02-27,218.014,218.429,217.125,218.429,16342.7,218.429
2012-02-28,218.429,218.429,217.125,218.429,6303.74,218.429
2012-02-29,218.854,219.713,218.854,218.854,8873.21,218.854
2012-03-01,218.854,218.854,218.429,218.429,4905.16,218.429
2012-03-02,218.429,218.854,218.014,218.429,2335.69,218.429
2012-03-05,218.429,219.713,218.429,218.429,2100.91,218.429
2012-03-06,219.308,219.713,218.429,218.854,4202.83,218.854
2012-03-07,218.429,218.429,217.589,218.014,5837.21,218.014
2012-03-08,218.429,218.854,218.429,218.429,8873.21,218.429
2012-03-09,218.429,219.308,218.014,218.429,7704.35,218.429
2012-03-12,218.429,218.854,218.014,218.429,8172.91,218.429
2012-03-13,218.429,219.308,218.014,219.308,7004.05,219.308
2012-03-14,218.014,219.308,217.125,217.125,13307.8,217.125
2012-03-15,217.125,218.854,216.719,218.854,6770.28,218.854
2012-03-16,216.294,219.308,216.294,219.308,12606.4,219.308
2012-03-19,218.429,218.429,217.125,217.125,17977.1,217.125
2012-03-21,218.429,218.429,217.589,218.429,9573.52,218.429
2012-03-22,218.429,218.429,217.125,217.125,4435.59,217.125
2012-03-23,217.125,218.854,216.719,218.854,10274.8,218.854
2012-03-26,220.138,220.138,219.308,219.308,14475.6,219.308
2012-03-27,219.308,220.138,219.308,220.138,10974.1,220.138
2012-03-28,212.006,213.715,212.006,213.715,13776.3,213.715
2012-03-29,212.866,214.16,212.006,213.291,13776.3,213.291
2012-03-30,214.16,214.16,211.581,213.715,10974.1,213.715
2012-04-02,213.715,215.0,212.006,215.0,14708.4,215.0
2012-04-03,212.866,215.0,212.866,213.715,5837.21,213.715
2012-04-04,214.595,214.595,213.291,214.595,5370.68,214.595
2012-04-05,214.16,214.16,212.441,212.441,7004.05,212.441
2012-04-06,212.866,214.16,212.866,213.291,2335.69,213.291
2012-04-09,213.715,213.715,213.291,213.715,5837.21,213.715
2012-04-10,213.715,214.16,213.291,213.291,2567.44,213.291
2012-04-11,212.866,214.16,212.866,212.866,6069.97,212.866
2012-04-12,213.715,213.715,212.441,213.715,3036.0,213.715
2012-04-13,213.715,214.16,213.715,214.16,935.088,214.16
2012-04-16,214.16,214.16,213.715,213.715,1868.15,213.715
2012-04-17,213.715,214.16,213.715,213.715,4202.83,213.715
2012-04-18,214.16,214.595,213.291,213.291,8873.21,213.291
2012-04-19,213.291,214.16,213.291,213.291,2802.22,213.291
2012-04-20,214.16,214.16,213.715,214.16,3734.28,214.16
2012-04-23,213.715,214.16,213.715,214.16,7938.12,214.16
2012-04-24,214.16,214.595,213.715,214.595,6536.5,214.595
2012-04-25,214.16,214.16,214.16,214.16,11442.6,214.16
2012-04-26,214.16,215.0,213.715,214.595,2802.22,214.595
2012-04-27,213.715,215.435,213.291,215.435,13078.0,215.435
2012-05-01,215.0,215.435,214.16,215.0,9338.73,215.0
2012-05-02,215.0,215.0,213.715,215.0,5837.21,215.0
2012-05-07,214.595,215.0,213.291,215.0,6069.97,215.0
2012-05-08,215.0,215.0,212.866,213.291,9338.73,213.291
2012-05-09,214.16,214.595,212.866,213.291,14475.6,213.291
2012-05-10,213.291,213.291,212.866,212.866,5137.92,212.866
2012-05-11,212.866,214.16,212.006,214.16,9104.96,214.16
2012-05-14,214.16,214.16,212.441,212.441,4435.59,212.441
2012-05-15,212.006,212.441,211.166,211.581,7938.12,211.581
2012-05-16,212.006,212.006,210.287,210.287,6303.74,210.287
2012-05-17,210.731,211.581,210.287,211.581,6536.5,211.581
2012-05-18,211.581,211.581,209.022,209.437,9573.52,209.437
2012-05-21,207.727,211.581,207.727,209.022,6303.74,209.022
2012-05-22,212.006,212.441,209.022,211.166,7938.12,211.166
2012-05-23,210.731,212.866,210.731,211.166,6069.97,211.166
2012-05-24,210.731,212.006,210.287,211.166,2567.44,211.166
2012-05-25,213.291,213.291,209.862,209.862,11674.4,209.862
2012-05-28,210.287,213.291,210.287,213.291,3968.05,213.291
2012-05-29,210.287,213.291,210.287,210.287,3267.74,210.287
2012-05-30,212.441,212.441,211.166,212.441,2567.44,212.441
2012-05-31,212.441,212.866,212.006,212.866,4669.36,212.866
2012-06-01,213.291,213.715,212.006,213.291,9338.73,213.291
2012-06-04,212.866,213.715,209.862,211.581,14942.1,211.581
2012-06-05,210.287,212.006,210.287,211.581,1636.4,211.581
2012-06-06,211.581,212.866,211.581,212.006,3734.28,212.006
2012-06-07,212.866,212.866,212.441,212.441,7004.05,212.441
2012-06-08,212.866,213.291,212.006,213.291,3036.0,213.291
2012-06-11,213.291,213.291,210.731,213.291,5837.21,213.291
2012-06-12,213.291,213.291,212.866,212.866,1636.4,212.866
2012-06-13,213.291,213.291,212.441,213.291,2567.44,213.291
2012-06-14,212.441,212.866,212.441,212.441,1399.59,212.441
2012-06-15,213.291,213.715,213.291,213.715,2567.44,213.715
2012-06-18,213.715,215.0,213.715,214.16,8172.91,214.16
2012-06-19,214.595,214.595,213.291,214.16,5602.43,214.16
2012-06-20,214.16,215.0,214.16,214.595,3036.0,214.595
2012-06-21,215.0,215.0,215.0,215.0,7704.35,215.0
2012-06-22,215.0,216.294,215.0,216.294,11906.1,216.294
2012-06-25,218.429,218.429,216.719,216.719,29417.8,216.719
2012-06-26,217.125,217.125,216.294,216.294,1399.59,216.294
2012-06-27,217.125,217.125,216.719,216.719,1399.59,216.719
2012-06-28,217.589,218.014,217.589,217.589,3501.52,217.589
2012-06-29,218.014,218.429,217.125,217.125,6770.28,217.125
2012-07-02,218.014,218.429,218.014,218.014,7004.05,218.014
2012-07-03,218.014,218.429,217.589,218.429,4905.16,218.429
2012-07-04,218.429,218.429,217.589,218.014,8172.91,218.014
2012-07-05,218.014,218.429,218.014,218.014,3968.05,218.014
2012-07-06,218.429,218.429,218.429,218.429,6069.97,218.429
2012-07-09,218.429,218.429,218.014,218.429,4669.36,218.429
2012-07-10,218.429,218.854,218.429,218.429,4202.83,218.429
2012-07-11,218.429,218.854,218.429,218.854,6303.74,218.854
2012-07-12,218.854,218.854,217.125,217.125,7004.05,217.125
2012-07-13,217.589,218.014,216.719,218.014,3267.74,218.014
2012-07-17,218.429,218.429,218.014,218.014,5370.68,218.014
2012-07-18,218.429,218.429,217.589,218.014,3267.74,218.014
2012-07-19,216.719,218.014,216.294,216.719,15643.4,216.719
2012-07-20,217.125,218.429,217.125,218.429,2567.44,218.429
2012-07-23,218.429,218.429,217.125,217.125,11906.1,217.125
2012-07-24,218.014,218.429,216.294,218.429,16342.7,218.429
2012-07-25,218.854,218.854,216.719,216.719,81719.0,216.719
2012-07-26,216.719,218.429,216.294,216.294,10974.1,216.294
2012-07-27,216.719,217.589,216.294,216.294,4669.36,216.294
2012-07-30,217.125,219.308,217.125,219.308,8405.67,219.308
2012-07-31,219.308,219.308,215.435,215.435,8405.67,215.435
2012-08-01,216.719,218.854,216.719,218.854,3036.0,218.854
2012-08-02,219.308,219.308,217.589,219.308,2802.22,219.308
2012-08-03,219.308,219.308,217.589,217.589,3501.52,217.589
2012-08-06,218.429,219.308,218.429,219.308,3968.05,219.308
2012-08-07,219.308,219.308,218.429,218.854,3267.74,218.854
2012-08-08,218.854,219.308,218.854,218.854,4905.16,218.854
2012-08-09,219.713,219.713,218.429,218.854,3501.52,218.854
2012-08-10,218.854,219.713,217.589,218.854,10506.5,218.854
2012-08-13,218.854,219.713,218.429,218.429,4669.36,218.429
2012-08-14,218.854,220.138,218.854,220.138,4435.59,220.138
2012-08-15,220.138,221.858,219.713,221.858,6536.5,221.858
2012-08-16,222.283,222.283,221.443,221.858,5370.68,221.858
2012-08-17,221.858,221.858,221.008,221.443,4435.59,221.443
2012-08-20,222.283,222.717,221.443,222.283,14241.8,222.283
2012-08-21,222.283,222.283,221.443,221.858,10040.0,221.858
2012-08-22,222.283,222.717,221.858,221.858,12606.4,221.858
2012-08-23,222.717,222.717,221.858,222.717,2567.44,222.717
2012-08-24,222.717,223.142,222.283,222.283,12840.2,222.283
2012-08-27,226.561,226.561,224.437,224.437,14009.1,224.437
2012-08-28,224.862,226.146,224.862,225.277,7004.05,225.277
2012-08-29,225.711,226.146,224.437,226.146,7472.6,226.146
2012-08-30,225.277,226.146,225.277,225.277,6303.74,225.277
2012-08-31,225.277,226.561,225.277,226.561,9805.26,226.561
2012-09-03,226.561,227.866,226.146,226.146,20545.6,226.146
2012-09-04,226.146,226.146,224.437,224.437,13542.5,224.437
2012-09-05,224.437,226.146,223.567,223.567,7238.83,223.567
2012-09-06,224.437,225.277,224.002,225.277,4435.59,225.277
2012-09-07,225.277,225.711,224.437,225.277,6069.97,225.277
2012-09-10,225.711,226.996,225.277,226.561,8638.43,226.561
2012-09-11,226.561,226.996,225.711,226.561,7004.05,226.561
2012-09-12,226.996,227.411,225.277,227.411,11906.1,227.411
2012-09-13,227.411,227.411,226.146,226.996,7004.05,226.996
2012-09-14,227.866,228.281,226.996,228.281,12606.4,228.281
2012-09-18,227.411,230.415,227.411,228.281,22646.5,228.281
2012-09-19,229.98,230.86,228.696,230.86,10974.1,230.86
2012-09-20,231.285,231.285,229.14,229.98,29886.3,229.98
2012-09-21,229.98,231.285,229.14,229.14,21480.7,229.14
2012-09-24,229.585,230.415,229.14,230.415,41091.2,230.415
2012-09-25,230.415,234.713,229.98,234.279,204296.0,234.279
2012-09-26,221.443,222.717,217.589,217.589,116505.0,217.589
2012-09-27,218.429,219.308,218.014,218.854,20312.8,218.854
2012-09-28,219.308,219.308,217.125,217.125,11674.4,217.125
2012-10-01,217.125,217.589,216.294,216.294,8405.67,216.294
2012-10-02,216.719,218.429,216.719,218.014,6069.97,218.014
2012-10-03,218.854,219.308,216.719,216.719,5370.68,216.719
2012-10-04,216.719,218.854,216.719,218.429,5837.21,218.429
2012-10-05,218.429,218.854,217.125,217.589,5837.21,217.589
2012-10-09,218.014,219.713,218.014,219.713,10040.0,219.713
2012-10-10,218.854,220.138,218.429,219.308,7238.83,219.308
2012-10-11,219.308,220.573,218.854,220.573,5602.43,220.573
2012-10-12,221.858,221.858,220.138,220.138,7938.12,220.138
2012-10-15,219.713,220.573,219.713,220.138,8638.43,220.138
2012-10-16,221.443,221.443,220.138,221.008,7704.35,221.008
2012-10-17,221.443,221.443,220.138,220.573,8873.21,220.573
2012-10-18,220.573,221.443,220.573,221.008,7938.12,221.008
2012-10-19,221.443,221.443,220.138,221.008,11674.4,221.008
2012-10-22,221.008,222.717,220.573,222.717,10506.5,222.717
2012-10-23,222.717,223.567,222.283,223.567,8405.67,223.567
2012-10-24,223.567,223.567,222.717,223.142,5602.43,223.142
2012-10-25,223.142,223.567,223.142,223.567,10040.0,223.567
2012-10-26,223.567,223.567,222.717,223.567,4669.36,223.567
2012-10-29,223.567,224.437,222.717,222.717,7238.83,222.717
2012-10-30,223.567,224.002,222.717,223.142,3734.28,223.142
2012-10-31,223.567,224.862,223.567,224.437,3036.0,224.437
2012-11-01,224.002,224.862,223.142,223.142,2802.22,223.142
2012-11-02,223.142,224.437,223.142,224.437,4905.16,224.437
2012-11-05,224.437,224.862,223.567,224.862,3734.28,224.862
2012-11-06,223.142,224.002,222.717,224.002,9573.52,224.002
2012-11-07,222.717,224.862,222.717,224.437,5137.92,224.437
2012-11-08,224.437,224.437,221.008,221.008,9805.26,221.008
2012-11-09,223.567,223.567,221.858,222.283,3036.0,222.283
2012-11-12,223.142,223.142,222.283,222.283,4202.83,222.283
2012-11-13,223.567,223.567,219.713,221.858,5137.92,221.858
2012-11-14,221.443,222.717,220.573,220.573,2802.22,220.573
2012-11-15,221.443,222.717,221.008,222.717,2567.44,222.717
2012-11-16,224.437,224.862,221.858,222.717,4435.59,222.717
2012-11-20,224.862,226.146,224.437,226.146,8638.43,226.146
2012-11-21,226.146,226.146,224.862,225.711,12373.7,225.711
2012-11-22,225.711,226.146,225.277,225.711,8405.67,225.711
2012-11-26,226.561,226.561,224.862,224.862,13776.3,224.862
2012-11-27,224.862,225.277,223.567,223.567,5837.21,223.567
2012-11-28,223.567,224.862,223.567,224.002,3267.74,224.002
2012-11-29,225.277,226.146,223.567,226.146,3501.52,226.146
2012-11-30,226.146,226.146,225.277,225.711,5137.92,225.711
2012-12-03,225.711,226.996,225.711,226.561,4905.16,226.561
2012-12-04,226.996,226.996,225.711,226.996,2802.22,226.996
2012-12-05,226.996,228.696,225.711,228.696,12140.9,228.696
2012-12-06,228.696,228.696,226.146,226.146,8405.67,226.146
2012-12-07,228.281,229.14,226.561,229.14,7238.83,229.14
2012-12-10,226.996,229.14,226.996,229.14,13078.0,229.14
2012-12-11,227.866,229.14,227.866,228.281,3267.74,228.281
2012-12-12,232.559,233.409,231.285,232.559,35257.0,232.559
2012-12-13,232.134,232.134,231.285,232.134,4669.36,232.134
2012-12-14,232.134,232.994,227.866,232.994,13078.0,232.994
2012-12-17,233.409,233.409,229.14,229.14,8172.91,229.14
2012-12-18,229.98,232.134,229.98,232.134,5137.92,232.134
2012-12-19,232.994,232.994,231.285,231.709,10739.3,231.709
2012-12-20,232.134,232.994,231.285,231.285,11206.8,231.285
2012-12-21,231.285,232.559,231.285,232.134,5837.21,232.134
2012-12-25,233.409,233.409,229.98,233.409,24517.7,233.409
2012-12-26,233.409,233.854,233.409,233.409,2567.44,233.409
2012-12-27,233.854,233.854,232.994,233.409,10739.3,233.409
2012-12-28,233.409,235.563,232.994,235.563,14009.1,235.563
2013-01-04,236.433,243.686,235.563,237.698,19148.0,237.698
2013-01-07,240.277,241.571,238.557,239.862,11906.1,239.862
2013-01-08,239.862,241.986,239.862,241.986,14475.6,241.986
2013-01-09,241.136,243.271,240.277,241.986,11674.4,241.986
2013-01-10,243.271,243.271,242.411,242.411,12840.2,242.411
2013-01-11,242.411,243.271,241.986,243.271,9104.96,243.271
2013-01-15,243.271,244.13,243.271,243.271,13307.8,243.271
2013-01-16,244.13,244.13,242.411,243.271,8405.67,243.271
2013-01-17,241.986,243.271,241.986,243.271,9338.73,243.271
2013-01-18,242.411,243.271,241.571,241.571,8873.21,241.571
2013-01-21,241.986,243.271,241.986,243.271,12373.7,243.271
2013-01-22,243.271,243.686,242.846,243.271,12606.4,243.271
2013-01-23,244.13,244.545,244.13,244.545,10274.8,244.545
2013-01-24,244.545,244.545,243.271,243.271,17276.8,243.271
2013-01-25,244.13,245.84,244.13,244.545,13307.8,244.545
2013-01-28,246.265,247.974,245.84,247.974,15408.7,247.974
2013-01-29,249.259,252.688,249.259,252.688,13776.3,252.688
2013-01-30,253.123,261.275,253.123,261.275,30351.9,261.275
2013-01-31,260.85,261.275,256.976,261.275,11674.4,261.275
2013-02-01,258.251,262.559,257.836,260.405,17977.1,260.405
2013-02-04,260.405,265.534,260.405,264.259,18444.7,264.259
2013-02-05,264.259,265.119,261.7,263.409,7004.05,263.409
2013-02-06,265.534,265.534,260.85,261.7,24517.7,261.7
2013-02-07,263.844,264.704,262.559,264.704,9805.26,264.704
2013-02-08,261.275,262.974,261.275,262.974,8172.91,262.974
2013-02-12,262.559,263.409,262.115,262.115,9104.96,262.115
2013-02-13,263.409,263.409,260.405,261.275,13542.5,261.275
2013-02-14,260.405,260.405,258.696,259.545,6303.74,259.545
2013-02-15,259.545,260.405,256.976,257.411,13776.3,257.411
2013-02-18,259.13,260.85,257.411,257.411,8405.67,257.411
2013-02-19,257.836,259.13,256.976,258.251,9805.26,258.251
2013-02-20,258.251,260.405,258.251,260.405,5137.92,260.405
2013-02-21,261.275,262.115,259.13,262.115,7938.12,262.115
2013-02-22,262.115,267.273,261.7,267.273,29184.0,267.273
2013-02-25,268.972,271.976,258.251,263.409,52066.3,263.409
2013-02-26,265.988,266.828,262.115,264.704,10274.8,264.704
2013-02-27,264.259,264.259,261.275,262.115,11906.1,262.115
2013-02-28,264.704,269.822,262.559,266.828,19379.8,266.828
2013-03-01,267.698,267.698,263.409,266.828,16112.0,266.828
2013-03-04,269.822,270.682,267.698,270.267,11206.8,270.267
2013-03-05,270.682,275.385,270.682,275.385,33621.6,275.385
2013-03-06,276.265,278.399,274.545,277.105,40860.5,277.105
2013-03-07,278.399,278.814,275.81,276.265,14708.4,276.265
2013-03-08,276.265,277.974,275.385,277.105,20312.8,277.105
2013-03-11,279.249,284.387,279.249,283.547,58602.8,283.547
2013-03-12,283.547,284.822,283.113,284.387,26850.3,284.387
2013-03-13,284.387,284.387,283.547,284.387,14942.1,284.387
2013-03-14,284.387,285.662,283.547,285.662,20312.8,285.662
2013-03-15,285.662,286.976,285.257,285.662,15408.7,285.662
2013-03-18,286.097,286.976,285.662,285.662,22415.8,285.662
2013-03-19,286.976,287.816,286.976,287.816,12373.7,287.816
2013-03-21,289.091,295.099,289.091,293.834,37123.1,293.834
2013-03-22,294.664,299.802,293.379,299.802,43193.1,299.802
2013-03-25,301.947,306.215,300.247,305.81,53001.4,305.81
2013-03-26,304.101,305.81,301.097,302.381,32687.6,302.381
2013-03-27,297.243,297.243,286.976,288.686,53234.2,288.686
2013-03-28,288.251,288.686,282.668,282.668,30119.1,282.668
2013-03-29,283.547,283.547,273.251,273.251,26850.3,273.251
2013-04-01,271.976,271.976,262.115,263.409,36190.1,263.409
2013-04-02,250.563,262.974,250.563,262.974,37824.5,262.974
2013-04-03,262.974,265.988,262.559,265.534,7704.35,265.534
2013-04-04,265.119,265.988,263.409,265.534,8873.21,265.534
2013-04-05,267.273,273.251,265.534,268.972,42726.6,268.972
2013-04-08,272.391,274.98,269.822,271.551,31053.2,271.551
2013-04-09,271.976,273.696,267.698,269.407,37357.9,269.407
2013-04-10,271.551,271.976,268.123,268.972,29651.6,268.972
2013-04-11,270.267,271.976,269.407,269.822,17977.1,269.822
2013-04-12,271.976,271.976,269.407,271.551,17276.8,271.551
2013-04-15,271.551,271.976,269.822,271.976,23114.0,271.976
2013-04-16,268.972,271.976,268.972,271.976,16810.3,271.976
2013-04-17,271.976,272.391,269.822,271.551,22646.5,271.551
2013-04-18,272.391,274.545,271.551,274.121,18210.9,274.121
2013-04-19,275.81,279.694,273.251,279.694,27082.1,279.694
2013-04-22,286.097,286.097,282.253,282.668,24981.2,282.668
2013-04-23,285.257,286.976,282.668,283.962,21480.7,283.962
2013-04-24,288.251,288.686,282.668,286.097,27784.4,286.097
2013-04-25,290.385,290.385,286.097,289.091,24047.1,289.091
2013-04-26,290.385,291.235,286.976,286.976,12606.4,286.976
2013-04-30,286.976,287.816,285.662,286.976,24281.9,286.976
2013-05-01,286.976,288.686,286.976,288.251,12840.2,288.251
2013-05-02,289.526,289.96,287.391,288.251,13307.8,288.251
2013-05-07,291.235,292.53,290.385,291.235,24281.9,291.235
2013-05-08,292.955,307.955,292.53,298.962,88256.5,298.962
2013-05-09,306.215,306.215,299.802,303.241,31286.9,303.241
2013-05-10,304.101,304.101,299.802,301.947,22880.3,301.947
2013-05-13,303.241,306.215,300.247,300.247,25916.3,300.247
2013-05-14,300.247,301.512,297.678,299.802,24981.2,299.802
2013-05-15,299.802,300.247,295.099,295.534,29417.8,295.534
2013-05-16,294.239,294.664,286.976,287.391,32922.3,287.391
2013-05-17,286.976,294.664,286.976,293.834,13078.0,293.834
2013-05-20,293.379,299.368,291.235,293.834,27784.4,293.834
2013-05-21,295.939,297.678,294.664,295.099,14009.1,295.099
2013-05-22,298.528,298.528,290.385,295.099,28951.2,295.099
2013-05-23,295.099,295.099,285.257,285.257,22415.8,285.257
2013-05-24,285.257,291.235,282.668,283.547,20312.8,283.547
2013-05-27,286.522,286.522,282.668,283.113,26384.8,283.113
2013-05-28,286.097,286.976,283.113,286.976,8172.91,286.976
2013-05-29,289.96,289.96,286.976,288.686,7704.35,288.686
2013-05-30,288.251,289.091,285.257,286.097,8873.21,286.097
2013-05-31,284.822,289.091,284.822,285.257,8405.67,285.257
2013-06-03,284.822,284.822,282.668,284.387,8873.21,284.387
2013-06-04,283.113,283.113,278.399,281.393,12606.4,281.393
2013-06-05,278.814,280.543,278.814,280.543,5837.21,280.543
2013-06-06,280.543,282.668,274.121,274.545,14942.1,274.545
2013-06-07,265.119,265.534,250.563,258.251,46230.1,258.251
2013-06-10,271.551,271.976,264.259,271.126,10506.5,271.126
2013-06-11,269.822,273.696,269.822,271.976,8638.43,271.976
2013-06-12,272.391,273.251,267.273,267.273,5602.43,267.273
2013-06-13,271.551,273.696,268.972,272.836,2335.69,272.836
2013-06-14,272.836,273.251,271.976,272.836,6303.74,272.836
2013-06-17,271.126,274.121,270.682,274.121,5602.43,274.121
2013-06-18,275.81,275.81,274.545,275.81,4905.16,275.81
2013-06-19,276.265,277.105,274.98,274.98,9338.73,274.98
2013-06-20,276.69,277.974,275.81,276.265,4202.83,276.265
2013-06-21,275.81,280.543,274.545,280.099,17510.6,280.099
2013-06-24,285.662,285.662,283.547,285.257,9573.52,285.257
2013-06-25,288.251,288.251,283.962,283.962,26617.6,283.962
2013-06-26,283.962,284.822,283.547,283.547,4905.16,283.547
2013-06-27,279.249,286.976,278.814,286.976,11206.8,286.976
2013-06-28,282.668,287.391,281.393,283.113,15877.2,283.113
2013-07-01,285.257,289.091,283.547,289.091,12373.7,289.091
2013-07-02,289.96,289.96,286.976,287.391,11206.8,287.391
2013-07-03,287.816,288.251,285.662,286.097,16112.0,286.097
2013-07-04,282.668,286.976,282.668,286.522,9573.52,286.522
2013-07-05,285.662,289.091,285.662,286.522,9104.96,286.522
2013-07-08,287.816,289.091,286.976,288.686,13307.8,288.686
2013-07-09,289.091,289.091,287.391,287.391,5837.21,287.391
2013-07-10,287.816,289.091,284.822,285.662,28951.2,285.662
2013-07-11,285.662,286.976,284.822,286.976,10040.0,286.976
2013-07-12,286.976,288.251,284.822,287.816,12373.7,287.816
2013-07-16,290.82,293.379,287.391,287.391,23114.0,287.391
2013-07-17,287.816,289.96,287.391,289.526,9805.26,289.526
2013-07-18,291.66,292.53,289.091,291.235,16342.7,291.235
2013-07-19,292.53,293.379,289.96,291.235,17977.1,291.235
2013-07-22,292.53,295.534,292.105,295.099,17744.4,295.099
2013-07-23,295.534,297.678,294.664,297.678,18911.2,297.678
2013-07-24,298.962,305.81,292.955,299.802,107869.0,299.802
2013-07-25,304.101,304.101,299.368,300.662,83818.9,300.662
2013-07-26,299.368,299.368,293.379,295.534,15877.2,295.534
2013-07-29,298.962,299.368,292.955,299.368,17977.1,299.368
2013-07-30,297.243,297.678,294.239,295.534,9104.96,295.534
2013-07-31,295.534,296.798,294.239,294.664,5837.21,294.664
2013-08-01,294.239,297.243,294.239,294.239,9805.26,294.239
2013-08-02,298.528,298.528,289.96,292.105,19611.5,292.105
2013-08-05,292.53,296.374,292.105,293.379,8405.67,293.379
2013-08-06,292.955,294.239,292.53,292.53,10274.8,292.53
2013-08-07,292.53,295.939,292.105,293.379,8873.21,293.379
2013-08-08,293.379,295.534,291.66,292.105,8638.43,292.105
2013-08-09,295.534,295.534,290.385,295.099,13078.0,295.099
2013-08-12,294.664,295.099,292.105,292.105,7004.05,292.105
2013-08-13,291.66,294.239,291.66,293.379,6770.28,293.379
2013-08-14,295.099,295.099,289.96,290.385,24281.9,290.385
2013-08-15,290.385,292.53,289.526,289.96,10739.3,289.96
2013-08-16,289.526,293.834,289.526,291.66,6069.97,291.66
2013-08-19,293.379,295.099,292.105,294.664,12373.7,294.664
2013-08-20,294.239,294.664,292.105,294.664,7472.6,294.664
2013-08-21,292.53,292.955,289.526,292.53,14241.8,292.53
2013-08-22,290.385,291.235,290.385,291.235,7004.05,291.235
2013-08-23,290.82,291.235,289.96,290.82,13542.5,290.82
2013-08-26,293.379,293.379,290.82,291.66,16342.7,291.66
2013-08-27,289.526,293.834,289.526,293.834,8873.21,293.834
2013-08-28,293.379,293.834,290.82,293.834,8873.21,293.834
2013-08-29,290.82,291.235,289.96,290.385,11442.6,290.385
2013-08-30,289.96,293.834,289.091,290.82,22646.5,290.82
2013-09-02,289.091,290.385,288.251,289.96,17044.1,289.96
2013-09-03,288.251,290.82,286.976,290.385,37824.5,290.385
2013-09-04,286.976,290.82,286.976,290.82,13542.5,290.82
2013-09-05,290.385,290.385,289.091,290.385,14475.6,290.385
2013-09-06,289.96,290.82,289.091,289.526,18210.9,289.526
2013-09-09,291.235,291.235,289.96,291.235,17977.1,291.235
2013-09-10,291.235,293.379,290.82,292.53,33853.4,292.53
2013-09-11,294.239,294.664,292.53,293.379,15176.9,293.379
2013-09-12,293.379,294.664,293.379,294.239,14708.4,294.239
2013-09-13,295.099,295.099,293.834,295.099,22880.3,295.099
2013-09-17,295.534,297.678,295.099,295.939,43426.9,295.939
2013-09-18,295.939,297.243,295.939,297.243,24749.4,297.243
2013-09-19,297.243,297.243,296.374,296.374,29417.8,296.374
2013-09-20,296.374,297.243,295.939,296.798,37824.5,296.798
2013-09-24,296.798,299.802,296.374,299.802,108569.0,299.802
2013-09-25,301.512,301.512,298.962,301.512,91293.5,301.512
2013-09-26,290.385,290.82,287.816,289.526,103899.0,289.526
2013-09-27,289.526,289.526,288.251,288.251,26148.0,288.251
2013-09-30,288.251,288.251,286.976,286.976,19845.3,286.976
2013-10-01,284.387,286.976,283.547,283.547,21011.1,283.547
2013-10-02,283.547,286.097,282.253,282.253,24047.1,282.253
2013-10-03,281.828,282.253,278.399,278.399,18677.4,278.399
2013-10-04,278.399,280.543,269.407,273.696,33621.6,273.696
2013-10-07,277.105,277.105,271.976,274.98,12606.4,274.98
2013-10-08,272.391,276.265,271.551,273.251,11206.8,273.251
2013-10-09,271.126,274.121,270.682,274.121,11442.6,274.121
2013-10-10,274.545,276.265,274.545,275.81,7004.05,275.81
2013-10-11,276.265,277.105,275.385,276.69,10040.0,276.69
2013-10-15,277.54,280.968,277.54,280.099,10506.5,280.099
2013-10-16,280.543,281.393,277.105,281.393,10974.1,281.393
2013-10-17,281.393,281.393,277.974,279.694,11206.8,279.694
2013-10-18,280.968,280.968,278.399,280.968,8873.21,280.968
2013-10-21,280.099,282.253,279.694,280.968,12140.9,280.968
2013-10-22,279.694,281.828,279.694,280.543,8638.43,280.543
2013-10-23,280.543,281.393,279.694,280.099,11906.1,280.099
2013-10-24,280.099,282.253,279.694,282.253,13307.8,282.253
2013-10-25,282.253,282.253,279.694,279.694,14241.8,279.694
2013-10-28,279.249,281.828,279.249,279.249,10040.0,279.249
2013-10-29,280.099,280.543,279.249,280.099,4905.16,280.099
2013-10-30,282.253,282.668,279.249,279.694,16810.3,279.694
2013-10-31,279.694,280.543,278.814,280.099,8172.91,280.099
2013-11-01,280.543,280.543,279.249,280.099,4905.16,280.099
2013-11-05,282.253,282.253,280.543,280.543,8638.43,280.543
2013-11-06,280.099,281.828,280.099,280.099,8638.43,280.099
2013-11-07,280.543,280.968,279.249,279.249,5370.68,279.249
2013-11-08,280.968,280.968,279.694,279.694,7004.05,279.694
2013-11-11,280.543,282.668,279.249,280.099,24047.1,280.099
2013-11-12,293.834,321.225,280.099,291.235,633667.0,291.235
2013-11-13,289.091,299.802,284.387,293.379,160403.0,293.379
2013-11-14,293.834,301.947,292.105,297.678,91989.7,297.678
2013-11-15,299.802,299.802,286.522,289.96,87322.4,289.96
2013-11-18,289.96,298.093,286.976,295.099,70276.3,295.099
2013-11-19,293.379,293.379,287.816,290.82,31752.5,290.82
2013-11-20,291.235,291.235,286.976,287.391,18444.7,287.391
2013-11-21,288.251,288.686,285.662,287.391,15877.2,287.391
2013-11-22,287.391,287.816,285.257,286.097,25216.0,286.097
2013-11-25,286.097,287.391,283.962,285.662,25216.0,285.662
2013-11-26,285.257,285.662,284.387,284.822,21714.4,284.822
2013-11-27,286.976,286.976,283.547,284.387,12140.9,284.387
2013-11-28,284.387,286.976,284.387,286.522,13307.8,286.522
2013-11-29,287.391,289.526,286.976,289.526,22646.5,289.526
2013-12-02,291.235,292.53,289.091,291.66,25683.5,291.66
2013-12-03,292.955,292.955,282.668,285.257,29184.0,285.257
2013-12-04,286.522,287.391,284.387,287.391,12140.9,287.391
2013-12-05,286.976,289.091,286.522,286.522,15643.4,286.522
2013-12-06,287.816,289.091,282.253,283.962,30585.6,283.962
2013-12-09,286.522,287.816,283.547,287.391,12840.2,287.391
2013-12-10,292.955,292.955,289.96,292.105,33155.1,292.105
2013-12-11,292.105,292.105,284.822,288.686,23114.0,288.686
2013-12-12,286.522,288.686,286.097,286.522,15408.7,286.522
2013-12-13,286.522,295.099,286.522,289.526,89424.3,289.526
2013-12-16,292.53,292.53,280.543,286.522,62339.2,286.522
2013-12-17,286.522,286.976,280.968,282.253,41560.8,282.253
2013-12-18,281.828,283.962,280.099,280.968,23114.0,280.968
2013-12-19,280.099,282.668,279.694,280.099,28951.2,280.099
2013-12-20,280.543,280.543,278.814,279.249,28485.7,279.249
2013-12-24,278.399,281.828,278.399,280.099,51367.0,280.099
2013-12-25,278.399,280.543,278.399,280.099,47629.7,280.099
2013-12-26,282.668,283.547,280.543,283.547,15643.4,283.547
2013-12-27,283.962,288.686,283.962,288.251,21480.7,288.251
2013-12-30,291.235,293.379,289.96,293.379,25683.5,293.379
2014-01-06,295.099,296.798,294.239,295.534,27082.1,295.534
2014-01-07,295.534,295.939,292.53,294.239,23816.4,294.239
2014-01-08,294.664,296.798,294.664,295.534,14009.1,295.534
2014-01-09,296.798,297.243,293.834,295.534,12840.2,295.534
2014-01-10,294.239,297.243,294.239,297.243,13776.3,297.243
2014-01-14,298.093,300.247,296.798,298.962,39926.4,298.962
2014-01-15,299.802,301.097,297.678,297.678,23114.0,297.678
2014-01-16,299.368,301.512,298.093,301.512,21246.9,301.512
2014-01-17,301.512,302.381,299.802,301.512,24981.2,301.512
2014-01-20,302.806,308.804,299.802,307.51,33155.1,307.51
2014-01-21,307.51,307.51,305.81,305.81,15176.9,305.81
2014-01-22,305.81,307.955,304.526,307.955,20312.8,307.955
2014-01-23,310.089,310.089,307.105,307.51,15877.2,307.51
2014-01-24,304.941,306.215,304.101,305.375,17977.1,305.375
2014-01-27,297.678,298.528,291.235,296.374,47162.2,296.374
2014-01-28,299.802,306.215,297.678,305.81,25683.5,305.81
2014-01-29,304.941,320.8,301.947,306.215,114406.0,306.215
2014-01-30,306.65,306.65,299.368,304.101,28485.7,304.101
2014-01-31,306.65,306.65,299.802,302.381,16810.3,302.381
2014-02-03,299.368,301.097,298.528,299.368,15176.9,299.368
2014-02-04,295.939,295.939,289.091,294.239,44828.5,294.239
2014-02-05,299.802,299.802,290.385,291.235,10739.3,291.235
2014-02-06,296.374,299.368,294.664,294.664,5137.92,294.664
2014-02-07,295.534,298.093,294.239,298.093,8873.21,298.093
2014-02-10,300.247,304.101,300.247,300.247,10040.0,300.247
2014-02-12,300.247,301.512,298.093,298.093,13776.3,298.093
2014-02-13,298.528,300.662,298.093,298.962,4435.59,298.962
2014-02-14,299.802,301.097,294.664,295.099,17276.8,295.099
2014-02-17,295.939,297.678,295.939,297.678,5837.21,297.678
2014-02-18,297.678,298.962,296.798,298.528,4202.83,298.528
2014-02-19,298.962,300.247,298.962,300.247,4202.83,300.247
2014-02-20,299.368,299.368,295.534,295.534,7472.6,295.534
2014-02-21,297.243,298.093,295.534,295.534,7938.12,295.534
2014-02-24,296.374,299.802,296.374,297.243,4669.36,297.243
2014-02-25,301.947,301.947,296.374,296.374,16810.3,296.374
2014-02-26,296.798,297.678,296.374,297.243,1636.4,297.243
2014-02-27,299.802,299.802,296.374,296.374,3267.74,296.374
2014-02-28,296.374,297.243,296.374,296.374,3501.52,296.374
2014-03-03,296.374,298.962,296.374,298.962,5602.43,298.962
2014-03-04,298.962,299.802,297.243,299.802,8172.91,299.802
2014-03-05,298.962,300.247,297.678,298.093,3267.74,298.093
2014-03-06,298.962,301.512,297.678,301.512,13307.8,301.512
2014-03-07,301.097,301.097,299.802,299.802,4905.16,299.802
2014-03-10,300.247,300.662,299.802,300.247,4435.59,300.247
2014-03-11,299.802,300.247,299.368,299.368,4202.83,299.368
2014-03-12,300.247,300.662,298.962,299.368,4669.36,299.368
2014-03-13,299.368,301.097,297.678,297.678,9338.73,297.678
2014-03-14,297.678,300.662,296.798,297.678,8172.91,297.678
2014-03-17,299.802,301.512,296.798,298.528,17977.1,298.528
2014-03-18,300.247,304.941,298.528,299.802,17510.6,299.802
2014-03-19,300.247,300.247,291.66,298.962,31987.2,298.962
2014-03-20,296.374,298.962,295.534,298.528,15408.7,298.528
2014-03-24,299.802,299.802,296.374,298.528,9338.73,298.528
2014-03-25,325.079,328.063,315.652,316.087,207565.0,316.087
2014-03-26,317.787,322.5,316.087,316.087,106234.0,316.087
2014-03-27,309.664,322.5,307.51,322.5,45063.3,322.5
2014-03-28,325.504,328.933,320.366,328.933,61405.1,328.933
2014-03-31,336.215,340.949,332.777,337.935,99463.4,337.935
2014-04-01,343.053,376.482,337.935,337.935,366563.0,337.935
2014-04-02,342.638,359.348,340.949,354.625,152462.0,354.625
2014-04-03,358.903,359.763,348.626,352.5,99230.6,352.5
2014-04-04,346.927,352.5,343.508,351.215,44361.0,351.215
2014-04-07,344.783,350.791,343.053,344.783,35257.0,344.783
2014-04-08,344.783,351.215,343.053,349.931,73780.8,349.931
2014-04-09,349.931,352.915,347.362,352.915,76116.5,352.915
2014-04-10,354.209,358.903,349.931,354.625,119309.0,354.625
2014-04-11,353.34,355.494,350.366,352.055,109035.0,352.055
2014-04-14,355.494,361.907,352.5,357.638,181881.0,357.638
2014-04-15,358.063,369.19,358.063,368.765,187485.0,368.765
2014-04-16,367.905,368.34,358.478,358.478,63972.5,358.478
2014-04-17,356.789,363.202,352.5,359.763,60704.8,359.763
2014-04-18,358.903,358.903,351.215,355.494,17044.1,355.494
2014-04-21,351.215,353.34,350.366,351.215,22646.5,351.215
2014-04-22,349.071,351.215,346.927,349.486,18911.2,349.486
2014-04-23,345.652,363.202,345.652,358.063,115105.0,358.063
2014-04-24,359.763,361.907,348.211,349.071,66775.8,349.071
2014-04-25,354.625,356.334,349.071,354.625,95728.1,354.625
2014-04-28,355.494,359.348,342.223,346.927,448052.0,346.927
2014-04-30,342.638,359.348,342.638,356.789,135886.0,356.789
2014-05-01,350.366,358.063,350.366,354.625,49264.1,354.625
2014-05-02,358.903,362.332,355.929,360.642,56501.9,360.642
2014-05-07,355.059,359.763,348.211,354.625,42960.4,354.625
2014-05-08,354.209,363.202,352.5,354.209,96661.1,354.209
2014-05-09,352.055,359.763,352.055,358.478,66775.8,358.478
2014-05-12,358.478,358.478,349.486,355.494,34556.7,355.494
2014-05-13,357.204,357.638,352.055,355.059,12140.9,355.059
2014-05-14,357.204,357.638,353.34,357.638,19611.5,357.638
2014-05-15,352.055,354.209,346.927,347.796,39458.8,347.796
2014-05-16,347.796,347.796,340.949,342.638,39692.6,342.638
2014-05-19,340.949,344.783,336.215,338.35,33155.1,338.35
2014-05-20,341.779,341.779,336.65,337.935,21714.4,337.935
2014-05-21,337.935,337.935,335.791,337.085,14708.4,337.085
2014-05-22,337.51,340.514,336.65,338.35,10274.8,338.35
2014-05-23,342.223,342.638,340.949,342.638,16576.5,342.638
2014-05-26,349.071,349.931,347.796,349.931,33155.1,349.931
2014-05-27,351.215,351.215,346.927,348.626,22183.0,348.626
2014-05-28,348.626,350.791,348.626,349.486,7704.35,349.486
2014-05-29,346.927,347.796,345.217,346.502,17276.8,346.502
2014-05-30,346.502,349.071,346.067,349.071,12606.4,349.071
2014-06-02,349.071,352.055,346.927,352.055,35487.8,352.055
2014-06-03,351.63,351.63,349.486,349.486,18911.2,349.486
2014-06-04,349.931,349.931,348.211,349.071,16576.5,349.071
2014-06-05,347.362,349.071,346.502,347.796,32922.3,347.796
2014-06-06,349.071,349.486,347.362,348.626,19379.8,348.626
2014-06-09,349.486,357.638,349.071,352.5,45528.8,352.5
2014-06-10,353.34,353.34,349.931,352.915,23347.8,352.915
2014-06-11,350.366,353.785,350.366,353.785,28951.2,353.785
2014-06-12,353.34,353.785,349.071,351.63,21246.9,351.63
2014-06-13,355.494,355.494,351.63,354.209,29184.0,354.209
2014-06-16,355.494,357.638,354.209,354.209,27550.6,354.209
2014-06-17,356.334,362.777,354.625,359.348,50200.2,359.348
2014-06-18,359.348,359.763,357.204,359.348,17744.4,359.348
2014-06-19,359.763,360.198,355.929,359.348,42028.3,359.348
2014-06-20,359.763,359.763,357.204,358.478,21480.7,358.478
2014-06-23,359.763,361.492,358.478,358.478,53699.7,358.478
2014-06-24,360.198,363.202,360.198,361.907,81719.0,361.907
2014-06-25,363.617,363.617,361.067,361.067,43193.1,361.067
2014-06-26,360.642,364.061,360.642,363.617,32922.3,363.617
2014-06-27,364.061,364.061,359.763,361.067,27082.1,361.067
2014-06-30,364.061,370.474,361.492,370.474,49498.9,370.474
2014-07-01,372.628,381.186,371.769,379.466,77748.9,379.466
2014-07-02,382.46,394.032,382.46,391.462,101565.0,391.462
2014-07-03,392.332,393.617,390.613,390.613,37123.1,390.613
2014-07-04,391.887,406.877,391.038,397.895,90357.4,397.895
2014-07-07,403.034,405.168,400.455,402.609,40626.7,402.609
2014-07-08,402.609,402.609,397.895,399.605,25216.0,399.605
2014-07-09,395.306,397.026,386.314,390.613,47629.7,390.613
2014-07-10,383.32,387.619,381.611,385.03,49964.4,385.03
2014-07-11,383.755,385.464,381.611,382.045,21246.9,382.045
2014-07-14,382.905,387.174,382.905,385.464,20779.3,385.464
2014-07-15,385.464,389.763,384.615,388.043,16112.0,388.043
2014-07-16,392.332,392.332,389.318,390.613,19148.0,390.613
2014-07-17,394.032,394.901,391.887,392.332,21946.2,392.332
2014-07-18,391.887,392.737,390.178,391.462,12606.4,391.462
2014-07-22,394.032,398.33,392.332,398.33,15176.9,398.33
2014-07-23,403.458,413.33,395.306,402.154,70745.8,402.154
2014-07-24,407.737,411.166,404.743,411.166,40390.9,411.166
2014-07-25,411.166,411.166,405.168,406.472,74712.9,406.472
2014-07-28,409.891,411.166,406.877,409.457,23816.4,409.457
2014-07-29,411.166,411.166,409.457,410.316,28250.9,410.316
2014-07-30,413.33,445.425,413.33,426.156,131683.0,426.156
2014-07-31,428.3,436.877,415.455,430.435,97360.4,430.435
2014-08-01,424.872,428.3,422.292,426.581,27550.6,426.581
2014-08-04,426.581,427.451,423.607,426.156,40626.7,426.156
2014-08-05,427.016,434.733,427.016,431.304,59536.9,431.304
2014-08-06,428.3,428.3,422.727,426.156,31286.9,426.156
2014-08-07,426.156,432.154,425.296,425.721,32219.0,425.721
2014-08-08,426.156,427.451,418.468,424.872,38290.0,424.872
2014-08-11,424.872,443.3,424.457,443.3,71680.9,443.3
2014-08-12,439.447,439.447,432.569,435.583,24281.9,435.583
2014-08-13,435.583,436.877,430.87,435.583,28951.2,435.583
2014-08-14,434.733,435.998,430.435,431.719,24749.4,431.719
2014-08-15,430.87,435.583,430.87,435.583,15408.7,435.583
2014-08-18,435.583,442.006,433.014,439.002,34321.9,439.002
2014-08-19,440.306,440.721,436.877,438.577,26148.0,438.577
2014-08-20,438.577,438.577,431.719,433.014,38759.6,433.014
2014-08-21,432.569,433.439,430.87,432.154,17276.8,432.154
2014-08-22,432.154,432.154,424.872,427.016,42491.8,427.016
2014-08-25,428.3,430.435,427.451,429.15,29651.6,429.15
2014-08-26,429.585,432.154,428.3,429.585,24981.2,429.585
2014-08-27,428.725,436.877,428.725,430.03,26617.6,430.03
2014-08-28,430.87,433.864,430.435,432.569,13776.3,432.569
2014-08-29,432.569,432.569,429.585,430.435,18210.9,430.435
2014-09-01,432.569,434.733,431.719,434.733,18911.2,434.733
2014-09-02,438.577,442.431,435.998,442.006,31286.9,442.006
2014-09-03,445.01,445.01,436.877,443.715,31987.2,443.715
2014-09-04,522.53,572.213,501.097,527.658,3933926.0,527.658
2014-09-05,556.374,556.374,508.834,518.231,996264.0,518.231
2014-09-08,506.255,507.54,492.115,492.984,356527.0,492.984
2014-09-09,492.549,506.67,490.82,490.82,148027.0,490.82
2014-09-10,490.82,526.808,487.836,510.109,206629.0,510.109
2014-09-11,510.109,510.109,497.688,502.401,67476.1,502.401
2014-09-12,502.401,502.401,498.113,500.692,56969.5,500.692
2014-09-16,500.692,501.966,495.978,498.547,74247.4,498.547
2014-09-17,496.828,498.972,492.549,496.393,63272.2,496.393
2014-09-18,495.978,498.547,494.684,495.534,40158.1,495.534
2014-09-19,495.534,500.692,495.534,499.822,53001.4,499.822
2014-09-22,500.257,503.261,499.822,502.816,81719.0,502.816
2014-09-24,505.395,506.67,502.816,506.67,81953.7,506.67
2014-09-25,509.674,512.243,505.395,509.259,127480.0,509.259
2014-09-26,482.273,502.816,475.415,500.257,93976.3,500.257
2014-09-29,501.097,501.097,488.261,492.549,57085.9,492.549
2014-09-30,488.261,491.69,479.694,485.692,53468.0,485.692
2014-10-01,488.261,492.549,475.415,477.134,58135.3,477.134
2014-10-02,465.138,466.858,458.281,459.13,53234.2,459.13
2014-10-03,458.281,465.138,453.982,461.709,38057.2,461.709
2014-10-06,464.269,482.273,462.549,475.415,47629.7,475.415
2014-10-07,477.134,482.273,465.988,465.988,35371.4,465.988
2014-10-08,449.713,463.419,449.713,456.581,41208.6,456.581
2014-10-09,453.982,458.281,446.294,447.154,48215.7,447.154
2014-10-10,442.006,443.715,428.3,437.727,57085.9,437.727
2014-10-14,428.3,440.306,421.443,434.308,74712.9,434.308
2014-10-15,434.308,443.715,434.308,439.447,31403.3,439.447
2014-10-16,430.87,435.148,428.3,429.15,39342.5,429.15
2014-10-17,429.15,436.877,426.581,426.581,32451.8,426.581
2014-10-20,432.569,460.85,432.569,453.142,59887.1,453.142
2014-10-21,452.273,470.267,451.423,466.858,54285.7,466.858
2014-10-22,471.126,479.694,471.126,477.134,47863.5,477.134
2014-10-23,479.694,481.423,471.126,475.415,24981.2,475.415
2014-10-24,483.123,483.123,467.698,475.415,30119.1,475.415
2014-10-27,483.992,483.992,472.836,475.415,23930.7,475.415
2014-10-28,475.415,477.134,467.698,472.836,18210.9,472.836
2014-10-29,475.415,479.694,458.281,465.138,42491.8,465.138
2014-10-30,460.85,461.709,448.004,448.854,48331.0,448.854
2014-10-31,451.423,459.13,438.577,459.13,82301.9,459.13
2014-11-04,476.265,476.265,445.425,451.423,66543.0,451.423
2014-11-05,453.142,456.581,446.294,452.273,37240.5,452.273
2014-11-06,456.581,457.421,448.854,448.854,28018.2,448.854
2014-11-07,448.854,455.702,447.154,453.142,21829.8,453.142
2014-11-10,452.273,453.982,449.713,450.573,23581.6,450.573
2014-11-11,450.573,454.852,450.573,451.423,22880.3,451.423
2014-11-12,453.142,456.581,446.294,449.713,73197.9,449.713
2014-11-13,449.713,449.713,444.585,448.854,34439.3,448.854
2014-11-14,452.273,453.142,448.004,451.423,27200.5,451.423
2014-11-17,448.854,452.273,444.585,445.425,28718.5,445.425
2014-11-18,446.294,453.142,446.294,452.273,25216.0,452.273
2014-11-19,450.573,453.142,449.713,452.273,36657.6,452.273
2014-11-20,452.273,456.581,451.423,454.852,24047.1,454.852
2014-11-21,454.852,469.417,454.852,467.698,45063.3,467.698
2014-11-25,475.415,477.974,461.709,465.988,33271.5,465.988
2014-11-26,467.698,476.265,467.698,471.126,18328.3,471.126
2014-11-27,473.696,475.415,468.557,468.557,17977.1,468.557
2014-11-28,472.836,472.836,462.549,468.557,12140.9,468.557
2014-12-01,467.698,471.126,467.698,469.417,14475.6,469.417
2014-12-02,471.986,471.986,469.417,470.267,12373.7,470.267
2014-12-03,467.698,473.696,467.698,472.836,24400.3,472.836
2014-12-04,474.545,485.692,471.126,484.842,55567.9,484.842
2014-12-05,488.261,497.688,488.261,496.828,57552.4,496.828
2014-12-08,500.257,508.834,495.978,507.105,61171.3,507.105
2014-12-09,507.105,508.834,501.966,502.816,41793.5,502.816
2014-12-10,504.536,504.536,492.549,496.828,42491.8,496.828
2014-12-11,490.82,500.257,484.842,489.121,27318.9,489.121
2014-12-12,491.69,502.816,491.69,496.828,31636.1,496.828
2014-12-15,488.261,491.69,477.134,479.694,27901.8,479.694
2014-12-16,471.986,475.415,467.698,471.986,37123.1,471.986
2014-12-17,463.419,471.126,462.549,466.858,18328.3,466.858
2014-12-18,471.126,477.974,470.267,475.415,19028.6,475.415
2014-12-19,486.551,486.551,477.974,483.992,17628.0,483.992
2014-12-22,488.261,489.121,481.423,483.992,12373.7,483.992
2014-12-24,487.411,488.261,483.123,484.842,20312.8,484.842
2014-12-25,482.273,484.842,479.694,483.123,22415.8,483.123
2014-12-26,479.694,487.411,479.694,487.411,8521.04,487.411
2014-12-29,493.399,493.399,485.692,491.69,17044.1,491.69
2014-12-30,492.549,494.269,488.261,489.121,8172.91,489.121
2015-01-05,488.261,489.98,488.261,489.98,7938.12,489.98
2015-01-06,488.261,489.121,479.694,480.553,20779.3,480.553
2015-01-07,479.694,487.411,476.265,478.844,10274.8,478.844
2015-01-08,481.423,481.423,474.545,477.134,13659.9,477.134
2015-01-09,477.974,479.694,475.415,475.415,14124.4,475.415
2015-01-13,462.549,470.267,462.549,466.858,29535.2,466.858
2015-01-14,466.858,477.134,466.858,471.126,9922.66,471.126
2015-01-15,471.126,475.415,471.126,473.696,11206.8,473.696
2015-01-16,472.836,478.844,464.269,470.267,15760.8,470.267
2015-01-19,470.267,471.986,462.549,466.858,11906.1,466.858
2015-01-20,465.988,477.974,465.138,476.265,12023.5,476.265
2015-01-21,471.986,477.974,470.267,471.986,10857.7,471.986
2015-01-22,471.986,479.694,471.986,477.974,16227.4,477.974
2015-01-23,477.974,481.423,477.974,481.423,10274.8,481.423
2015-01-26,486.551,486.551,429.15,461.709,55685.3,461.709
2015-01-27,465.988,476.265,463.419,472.836,13307.8,472.836
2015-01-28,473.696,543.093,472.836,511.374,261616.0,511.374
2015-01-29,515.672,517.381,501.966,507.105,94092.7,507.105
2015-01-30,510.534,515.672,505.395,509.674,51367.0,509.674
2015-02-02,509.674,512.243,504.536,511.374,60120.8,511.374
2015-02-03,507.955,513.103,505.395,509.674,50084.8,509.674
2015-02-04,511.374,519.121,509.674,513.972,64673.8,513.972
2015-02-05,516.532,526.808,515.672,519.951,72378.2,519.951
2015-02-06,519.951,525.089,519.121,519.951,28132.5,519.951
2015-02-09,522.53,528.508,522.53,527.658,43193.1,527.658
2015-02-10,527.658,529.397,516.532,526.808,26850.3,526.808
2015-02-12,526.808,534.526,526.808,529.397,49264.1,529.397
2015-02-13,533.666,533.666,529.397,531.097,22300.4,531.097
2015-02-16,532.816,540.504,531.927,535.366,39809.0,535.366
2015-02-17,538.785,541.374,533.666,538.785,36190.1,538.785
2015-02-18,540.504,546.522,540.504,543.943,41793.5,543.943
2015-02-19,544.802,549.071,537.935,542.223,59654.3,542.223
2015-02-20,543.943,544.802,540.504,543.093,44010.8,543.093
2015-02-23,541.374,543.093,537.935,542.223,42609.2,542.223
2015-02-24,543.093,555.079,543.093,547.362,77397.7,547.362
2015-02-25,554.229,555.949,550.791,555.949,42260.1,555.949
2015-02-26,556.789,567.935,550.791,563.646,67358.7,563.646
2015-02-27,566.225,570.484,564.506,568.775,36774.0,568.775
2015-03-02,570.484,578.211,570.484,573.073,49848.0,573.073
2015-03-03,577.332,579.911,572.213,573.913,35839.9,573.913
2015-03-04,573.913,575.632,570.484,572.213,37005.8,572.213
2015-03-05,573.073,585.909,573.073,579.061,61054.9,579.061
2015-03-06,583.35,590.208,583.35,588.488,50315.6,588.488
2015-03-09,590.208,597.045,588.488,594.466,40974.8,594.466
2015-03-10,598.775,609.051,598.775,603.893,62222.8,603.893
2015-03-11,609.051,617.599,607.312,614.18,60003.5,614.18
2015-03-12,621.887,637.312,620.188,633.034,82884.8,633.034
2015-03-13,645.879,651.018,642.46,649.298,70862.2,649.298
2015-03-16,649.298,659.585,645.03,654.427,67943.6,654.427
2015-03-17,662.154,665.583,657.866,663.854,72965.2,663.854
2015-03-18,665.583,669.002,548.221,618.458,200092.0,618.458
2015-03-19,618.458,618.458,585.909,603.053,130749.0,603.053
2015-03-20,595.356,604.743,592.777,600.474,55567.9,600.474
2015-03-23,597.045,603.893,596.186,600.474,44243.6,600.474
2015-03-24,599.625,607.312,597.895,607.312,57786.2,607.312
2015-03-25,606.462,608.172,591.047,594.466,62806.7,594.466
2015-03-26,590.208,594.466,587.609,590.208,42028.3,590.208
2015-03-27,573.913,589.338,573.913,579.061,42609.2,579.061
2015-03-30,578.211,578.211,556.789,565.346,49848.0,565.346
2015-03-31,557.648,570.484,557.648,567.055,43544.3,567.055
2015-04-01,556.789,586.779,556.789,583.35,87553.1,583.35
2015-04-02,575.632,591.047,572.213,585.059,56735.7,585.059
2015-04-03,593.626,602.184,582.49,588.488,41325.0,588.488
2015-04-06,590.208,590.208,574.783,579.061,27432.2,579.061
2015-04-07,582.49,594.466,582.49,590.208,39108.7,590.208
2015-04-08,591.917,591.917,575.632,579.061,26148.0,579.061
2015-04-09,579.061,581.64,575.632,579.061,16460.1,579.061
2015-04-10,582.49,585.059,575.632,579.061,17276.8,579.061
2015-04-13,579.061,579.061,570.484,570.484,24281.9,570.484
2015-04-14,570.484,571.364,553.37,569.634,38992.3,569.634
2015-04-15,569.634,569.634,561.937,563.646,13307.8,563.646
2015-04-16,566.225,567.935,559.358,563.646,18561.0,563.646
2015-04-17,563.646,566.225,559.358,561.937,15525.0,561.937
2015-04-20,559.358,565.346,558.498,559.358,18210.9,559.358
2015-04-21,560.208,567.935,556.789,562.787,25216.0,562.787
2015-04-22,565.346,569.634,561.087,562.787,17861.8,562.787
2015-04-23,561.087,567.935,560.208,561.937,12723.8,561.937
2015-04-24,565.346,565.346,561.937,562.787,12606.4,562.787
2015-04-27,565.346,566.225,561.087,565.346,18095.5,565.346
2015-04-28,565.346,567.935,561.087,563.646,10274.8,563.646
2015-04-30,562.787,564.506,555.079,555.949,27550.6,555.949
2015-05-01,555.949,555.949,544.802,546.522,25334.4,546.522
2015-05-07,549.941,556.789,548.221,548.221,29651.6,548.221
2015-05-08,547.362,554.229,543.943,551.65,12140.9,551.65
2015-05-11,561.087,561.087,552.5,555.079,17044.1,555.079
2015-05-12,561.937,578.211,558.498,567.055,48680.2,567.055
2015-05-13,567.055,581.64,561.937,571.364,45880.0,571.364
2015-05-14,573.913,578.211,572.213,575.632,31987.2,575.632
2015-05-15,579.061,581.64,568.775,576.502,25334.4,576.502
2015-05-18,576.502,579.061,570.484,573.913,30585.6,573.913
2015-05-19,574.783,578.211,570.484,573.073,15293.3,573.073
2015-05-20,579.061,579.911,569.634,572.213,25683.5,572.213
2015-05-21,573.073,577.332,573.073,573.913,27550.6,573.913
2015-05-22,573.913,573.913,569.634,573.073,12960.6,573.073
2015-05-25,577.332,581.64,576.502,581.64,33039.7,581.64
2015-05-26,583.35,584.19,573.913,579.911,24749.4,579.911
2015-05-27,557.648,566.225,555.079,561.937,105998.0,561.937
2015-05-28,565.346,566.225,561.087,561.087,20779.3,561.087
2015-05-29,559.358,561.937,554.229,556.789,50548.3,556.789
2015-06-01,551.65,559.358,543.943,554.229,112654.0,554.229
2015-06-02,564.506,572.213,563.646,565.346,229862.0,565.346
2015-06-03,567.055,568.775,566.225,567.935,31987.2,567.935
2015-06-04,567.935,576.502,567.935,569.634,46694.6,569.634
2015-06-05,573.913,574.783,569.634,572.213,30936.8,572.213
2015-06-08,573.913,577.332,572.213,573.913,27318.9,573.913
2015-06-09,576.502,576.502,566.225,566.225,34672.1,566.225
2015-06-10,566.225,569.634,563.646,564.506,25098.6,564.506
2015-06-11,567.935,573.913,567.055,573.913,19845.3,573.913
2015-06-12,576.502,576.502,567.935,573.073,28368.3,573.073
2015-06-15,574.783,587.609,574.783,579.911,82420.3,579.911
2015-06-16,595.356,629.615,585.059,612.47,210834.0,612.47
2015-06-17,600.474,608.172,587.609,592.777,86036.1,592.777
2015-06-18,609.051,609.051,593.626,595.356,48795.6,595.356
2015-06-19,600.474,600.474,581.64,585.909,55333.1,585.909
2015-06-22,585.909,593.626,581.64,585.909,24633.0,585.909
2015-06-23,584.19,591.917,581.64,590.208,44477.4,590.208
2015-06-24,587.609,591.917,586.779,591.917,26384.8,591.917
2015-06-25,595.356,595.356,591.047,593.626,29184.0,593.626
2015-06-26,596.186,596.186,581.64,585.059,21714.4,585.059
2015-06-29,582.49,584.19,569.634,577.332,33504.2,577.332
2015-06-30,573.913,578.211,571.364,574.783,37590.7,574.783
2015-07-01,573.913,579.911,573.073,579.061,14594.0,579.061
2015-07-02,582.49,586.779,578.211,585.909,21011.1,585.909
2015-07-03,583.35,586.779,579.061,580.771,22183.0,580.771
2015-07-06,579.061,582.49,569.634,573.913,28485.7,573.913
2015-07-07,573.913,582.49,573.913,579.061,12023.5,579.061
2015-07-08,579.061,579.061,548.221,553.37,63855.1,553.37
2015-07-09,536.245,546.522,520.81,544.802,62571.9,544.802
2015-07-10,546.522,548.221,538.785,540.504,35606.2,540.504
2015-07-13,541.374,555.949,541.374,555.079,18561.0,555.079
2015-07-14,561.087,563.646,558.498,561.087,13425.1,561.087
2015-07-15,561.087,569.634,560.208,565.346,27432.2,565.346
2015-07-16,566.225,578.211,564.506,574.783,35721.5,574.783
2015-07-17,576.502,579.911,575.632,578.211,8521.04,578.211
2015-07-21,582.49,586.779,580.771,585.909,21598.1,585.909
2015-07-22,585.909,588.488,581.64,581.64,20312.8,581.64
2015-07-23,584.19,591.917,581.64,591.047,24517.7,591.047
2015-07-24,587.609,590.208,582.49,590.208,18677.4,590.208
2015-07-27,593.626,593.626,585.909,585.909,49730.6,585.909
2015-07-28,579.061,583.35,569.634,581.64,19845.3,581.64
2015-07-29,579.061,584.19,578.211,578.211,8055.52,578.211
2015-07-30,583.35,583.35,578.211,578.211,15760.8,578.211
2015-07-31,579.061,579.061,565.346,571.364,26501.2,571.364
2015-08-03,572.213,573.073,560.208,569.634,21714.4,569.634
2015-08-04,571.364,571.364,561.087,566.225,19845.3,566.225
2015-08-05,562.787,568.775,558.498,567.935,25334.4,567.935
2015-08-06,569.634,571.364,567.055,567.055,14009.1,567.055
2015-08-07,568.775,568.775,562.787,563.646,17977.1,563.646
2015-08-10,567.935,577.332,565.346,577.332,19495.1,577.332
2015-08-11,582.49,583.35,577.332,579.911,22762.9,579.911
2015-08-12,579.061,580.771,568.775,571.364,21363.3,571.364
2015-08-13,571.364,573.073,567.935,571.364,13425.1,571.364
2015-08-14,570.484,574.783,569.634,572.213,10390.2,572.213
2015-08-17,561.087,567.935,560.208,564.506,40509.3,564.506
2015-08-18,566.225,573.913,566.225,569.634,10274.8,569.634
2015-08-19,571.364,573.913,566.225,567.935,10390.2,567.935
2015-08-20,565.346,565.346,560.208,560.208,12723.8,560.208
2015-08-21,556.789,556.789,545.662,545.662,34787.5,545.662
2015-08-24,519.951,531.097,507.105,507.105,55450.5,507.105
2015-08-25,464.269,505.395,453.982,482.273,72846.7,482.273
2015-08-26,483.123,505.395,483.123,503.696,36190.1,503.696
2015-08-27,513.972,530.227,510.534,519.121,31053.2,519.121
2015-08-28,536.245,537.085,527.658,532.816,20312.8,532.816
2015-08-31,533.666,537.935,527.658,536.245,18210.9,536.245
2015-09-01,526.808,531.097,518.231,519.951,30470.3,519.951
2015-09-02,516.532,520.81,509.674,512.243,24281.9,512.243
2015-09-03,516.532,524.249,513.972,515.672,10857.7,515.672
2015-09-04,515.672,527.658,501.966,502.816,26384.8,502.816
2015-09-07,501.097,501.097,489.98,496.828,23114.0,496.828
2015-09-08,488.261,489.121,477.974,477.974,32802.9,477.974
2015-09-09,481.423,504.536,481.423,497.688,23114.0,497.688
2015-09-10,488.261,502.816,488.261,501.966,14824.7,501.966
2015-09-11,493.399,517.381,493.399,513.103,30820.4,513.103
2015-09-14,513.972,519.121,508.834,508.834,12373.7,508.834
2015-09-15,507.955,514.812,507.955,511.374,12606.4,511.374
2015-09-16,513.103,513.972,509.674,511.374,5837.21,511.374
2015-09-17,513.972,522.53,512.243,521.65,20779.3,521.65
2015-09-18,519.121,519.121,513.103,513.103,20429.2,513.103
2015-09-24,511.374,515.672,509.674,509.674,46579.3,509.674
2015-09-25,509.674,512.243,496.828,501.097,235232.0,501.097
2015-09-28,489.121,500.257,489.121,498.547,68176.4,498.547
2015-09-29,494.269,497.688,489.98,493.399,32687.6,493.399
2015-09-30,493.399,496.828,491.69,495.119,10506.5,495.119
2015-10-01,496.828,496.828,488.261,494.269,10040.0,494.269
2015-10-02,493.399,494.269,490.82,494.269,7238.83,494.269
2015-10-05,492.549,495.119,490.82,495.119,10739.3,495.119
2015-10-06,496.828,496.828,489.98,495.119,11790.8,495.119
2015-10-07,495.978,495.978,492.549,495.119,11906.1,495.119
2015-10-08,493.399,493.399,489.121,491.69,14124.4,491.69
2015-10-09,488.261,493.399,486.551,493.399,13190.4,493.399
2015-10-13,489.121,495.119,487.411,490.82,15877.2,490.82
2015-10-14,490.82,490.82,483.992,486.551,17276.8,486.551
2015-10-15,483.992,491.69,483.992,490.82,5602.43,490.82
2015-10-16,491.69,492.549,488.261,489.98,8873.21,489.98
2015-10-19,489.98,490.82,486.551,488.261,6303.74,488.261
2015-10-20,489.98,490.82,486.551,489.121,9688.88,489.121
2015-10-21,486.551,492.549,486.551,492.549,10274.8,492.549
2015-10-22,492.549,493.399,490.82,492.549,7238.83,492.549
2015-10-23,494.269,496.828,491.69,495.978,14124.4,495.978
2015-10-26,510.534,510.534,496.828,504.536,21946.2,504.536
2015-10-27,505.395,505.395,498.547,498.547,9456.12,498.547
2015-10-28,498.547,501.966,497.688,500.257,5837.21,500.257
2015-10-29,498.547,502.816,496.828,497.688,15525.0,497.688
2015-10-30,497.688,498.547,493.399,496.828,14942.1,496.828
2015-11-02,494.269,494.269,487.411,491.69,17744.4,491.69
2015-11-04,497.688,497.688,489.98,490.82,17276.8,490.82
2015-11-05,490.82,493.399,488.261,489.98,12373.7,489.98
2015-11-06,490.82,493.399,488.261,492.549,24281.9,492.549
2015-11-09,495.119,498.547,492.549,498.547,15760.8,498.547
2015-11-10,495.119,495.978,489.98,493.399,12373.7,493.399
2015-11-11,493.399,501.097,492.549,495.978,26967.7,495.978
2015-11-12,495.978,499.407,495.978,499.407,10974.1,499.407
2015-11-13,496.828,497.688,489.98,497.688,16810.3,497.688
2015-11-16,496.828,496.828,489.98,491.69,13776.3,491.69
2015-11-17,495.119,496.828,493.399,495.978,8405.67,495.978
2015-11-18,498.547,500.257,493.399,495.119,11790.8,495.119
2015-11-19,498.547,499.407,495.119,498.547,9688.88,498.547
2015-11-20,498.547,499.407,495.119,499.407,12491.1,499.407
2015-11-24,499.407,505.395,495.978,504.536,16112.0,504.536
2015-11-25,507.955,508.834,501.966,507.955,16112.0,507.955
2015-11-26,507.105,507.955,503.696,505.395,11906.1,505.395
2015-11-27,508.834,508.834,505.395,505.395,7704.35,505.395
2015-11-30,503.696,507.105,502.816,506.255,8289.29,506.255
2015-12-01,504.536,507.105,502.816,506.255,9688.88,506.255
2015-12-02,507.955,507.955,504.536,506.255,15877.2,506.255
2015-12-03,506.255,506.255,504.536,505.395,7121.44,505.395
2015-12-04,502.816,504.536,501.966,503.696,12023.5,503.696
2015-12-07,505.395,506.255,503.696,504.536,8873.21,504.536
2015-12-08,505.395,506.255,503.696,503.696,8172.91,503.696
2015-12-09,503.696,503.696,489.121,496.828,22183.0,496.828
2015-12-10,489.121,495.119,489.121,490.82,14241.8,490.82
2015-12-11,489.98,496.828,489.98,496.828,22415.8,496.828
2015-12-14,488.261,491.69,486.551,489.98,14824.7,489.98
2015-12-15,488.261,489.121,486.551,486.551,10274.8,486.551
2015-12-16,486.551,494.269,486.551,493.399,13190.4,493.399
2015-12-17,495.978,500.257,492.549,497.688,22762.9,497.688
2015-12-18,498.547,501.966,492.549,496.828,17628.0,496.828
2015-12-21,496.828,496.828,491.69,492.549,10274.8,492.549
2015-12-22,493.399,493.399,488.261,490.82,9338.73,490.82
2015-12-24,492.549,494.269,490.82,491.69,17744.4,491.69
2015-12-25,502.816,502.816,489.121,495.119,46460.9,495.119
2015-12-28,496.828,498.547,493.399,498.547,7820.73,498.547
2015-12-29,500.257,503.696,494.269,503.696,14124.4,503.696
2015-12-30,503.696,504.536,498.547,500.257,11906.1,500.257
2016-01-04,505.395,506.255,502.816,503.696,17276.8,503.696
2016-01-05,507.955,513.103,504.536,504.536,18911.2,504.536
2016-01-06,507.955,509.674,499.407,500.257,14942.1,500.257
2016-01-07,499.407,501.097,496.828,497.688,6653.9,497.688
2016-01-08,491.69,495.978,488.261,493.399,21829.8,493.399
2016-01-12,493.399,493.399,482.273,482.273,19845.3,482.273
2016-01-13,484.842,491.69,484.842,487.411,9573.52,487.411
2016-01-14,480.553,480.553,469.417,472.836,21246.9,472.836
2016-01-15,477.134,479.694,472.836,474.545,9222.35,474.545
2016-01-18,466.858,470.267,463.419,469.417,12723.8,469.417
2016-01-19,474.545,475.415,470.267,471.126,8172.91,471.126
2016-01-20,471.126,473.696,463.419,464.269,16576.5,464.269
2016-01-21,462.549,470.267,459.13,459.13,23347.8,459.13
2016-01-22,462.549,474.545,458.281,472.836,19028.6,472.836
2016-01-25,494.269,494.269,475.415,483.123,19845.3,483.123
2016-01-26,483.123,483.123,471.126,471.126,7586.96,471.126
2016-01-27,476.265,488.261,472.836,485.692,9805.26,485.692
2016-01-28,485.692,489.121,477.974,486.551,8754.81,486.551
2016-01-29,463.419,483.992,460.85,476.265,51249.7,476.265
2016-02-01,478.844,478.844,464.269,465.988,54752.2,465.988
2016-02-02,467.698,471.986,465.988,468.557,14124.4,468.557
2016-02-03,464.269,465.988,462.549,464.269,17394.2,464.269
2016-02-04,464.269,464.269,461.709,461.709,7704.35,461.709
2016-02-05,461.709,464.269,456.581,460.85,14824.7,460.85
2016-02-08,455.702,461.709,453.982,456.581,11442.6,456.581
2016-02-09,453.982,454.852,444.585,445.425,15293.3,445.425
2016-02-10,442.006,444.585,430.03,430.03,24633.0,430.03
2016-02-12,421.443,421.443,405.168,405.168,31869.9,405.168
2016-02-15,412.026,426.581,412.026,424.872,16692.9,424.872
2016-02-16,426.581,430.87,424.872,427.451,10156.4,427.451
2016-02-17,428.3,430.87,425.721,426.581,6653.9,426.581
2016-02-18,434.308,438.577,432.569,436.877,6536.5,436.877
2016-02-19,435.148,437.727,427.451,431.719,7586.96,431.719
2016-02-22,428.3,434.308,427.451,429.15,11558.0,429.15
2016-02-23,430.03,430.87,424.872,426.581,11558.0,426.581
2016-02-24,426.581,431.719,426.581,429.15,12723.8,429.15
2016-02-25,437.727,444.585,432.569,437.727,17861.8,437.727
2016-02-26,437.727,442.856,437.727,440.306,6069.97,440.306
2016-02-29,446.294,448.004,439.447,439.447,10739.3,439.447
2016-03-01,439.447,442.856,435.998,440.306,6186.35,440.306
2016-03-02,453.982,453.982,436.877,449.713,16112.0,449.713
2016-03-03,449.713,455.702,448.854,452.273,16460.1,452.273
2016-03-04,450.573,459.13,450.573,458.281,11558.0,458.281
2016-03-07,462.549,465.988,458.281,465.138,15994.6,465.138
2016-03-08,465.138,465.138,460.85,464.269,7356.22,464.269
2016-03-09,464.269,467.698,453.982,467.698,12491.1,467.698
2016-03-10,467.698,468.557,459.13,466.858,10857.7,466.858
2016-03-11,462.549,471.126,460.85,467.698,16576.5,467.698
2016-03-14,500.257,553.37,500.257,553.37,125379.0,553.37
2016-03-15,630.474,639.022,626.176,639.022,591059.0,639.022
2016-03-16,608.172,635.603,595.356,625.316,1662154.0,625.316
2016-03-17,616.739,627.875,578.211,589.338,638572.0,589.338
2016-03-18,586.779,639.022,580.771,604.743,991128.0,604.743
2016-03-22,603.053,618.458,597.895,609.051,256361.0,609.051
2016-03-23,616.739,616.739,603.053,609.901,101329.0,609.901
2016-03-24,605.623,611.601,591.047,601.324,166120.0,601.324
2016-03-25,608.172,633.883,608.172,612.47,268503.0,612.47
2016-03-28,607.312,611.601,596.186,599.625,107284.0,599.625
2016-03-29,608.36,617.115,607.48,615.366,94154.4,615.366
2016-03-30,620.593,622.342,582.125,587.401,149870.0,587.401
2016-03-31,588.251,603.123,573.389,576.038,125960.0,576.038
2016-04-01,585.632,605.741,567.273,596.996,153761.0,596.996
2016-04-04,583.893,623.211,583.014,611.868,163140.0,611.868
2016-04-05,601.364,606.621,587.401,603.123,77795.4,603.123
2016-04-06,594.368,603.992,584.763,603.123,95300.0,603.123
2016-04-07,598.755,633.696,585.632,590.889,216454.0,590.889
2016-04-08,575.148,582.125,553.31,576.897,144609.0,576.897
2016-04-11,579.536,583.893,527.955,577.777,79626.1,577.777
2016-04-12,576.897,577.777,555.929,562.905,40956.6,562.905
2016-04-13,570.761,570.761,556.789,568.162,20020.3,568.162
2016-04-14,576.897,576.897,558.528,569.032,42788.3,569.032
2016-04-15,560.267,576.038,560.267,567.273,39928.4,567.273
2016-04-18,547.154,557.668,546.304,549.802,31461.0,549.802
2016-04-19,563.785,567.273,559.407,564.664,19448.6,564.664
2016-04-20,562.026,585.632,561.156,562.026,62122.6,562.026
2016-04-21,569.911,577.777,567.273,573.389,28830.8,573.389
2016-04-22,568.162,579.536,555.04,563.785,32604.6,563.785
2016-04-25,566.403,590.889,565.524,571.65,69900.8,571.65
2016-04-26,569.911,570.761,541.937,548.913,61205.7,548.913
2016-04-27,546.304,553.31,533.172,541.057,34665.0,541.057
2016-04-28,548.063,554.17,537.559,540.188,45419.5,540.188
2016-05-02,525.326,530.573,517.46,530.573,37869.0,530.573
2016-05-06,548.063,548.063,533.172,539.298,17504.5,539.298
2016-05-09,536.68,554.17,533.172,550.672,21853.1,550.672
2016-05-10,555.04,559.407,530.573,534.931,53770.5,534.931
2016-05-11,534.931,534.931,515.711,517.46,95528.7,517.46
2016-05-12,516.591,516.591,505.208,512.213,42788.3,512.213
2016-05-13,513.083,513.083,496.482,501.719,45992.3,501.719
2016-05-16,496.482,506.966,496.482,501.719,40383.8,501.719
2016-05-17,501.719,505.208,499.101,502.599,20020.3,502.599
2016-05-18,502.599,502.599,486.858,492.105,29058.5,492.105
2016-05-19,493.864,501.719,486.858,488.617,35350.1,488.617
2016-05-20,488.617,499.101,488.617,497.352,21967.4,497.352
2016-05-23,496.482,506.966,493.864,502.599,31117.9,502.599
2016-05-24,502.599,506.107,492.105,503.458,20480.8,503.458
2016-05-25,507.826,510.455,502.599,505.208,19335.2,505.208
2016-05-26,515.711,515.711,503.458,505.208,18649.1,505.208
2016-05-27,503.458,506.966,499.101,502.599,10640.1,502.599
2016-05-30,511.314,515.711,504.358,513.083,20135.7,513.083
2016-05-31,515.711,515.711,502.599,509.585,19790.6,509.585
2016-06-01,544.555,545.425,535.81,540.188,133512.0,540.188
2016-06-02,541.937,561.156,537.559,541.937,88092.5,541.937
2016-06-03,548.913,568.162,548.913,568.162,110286.0,568.162
2016-06-06,559.407,583.893,559.407,579.536,87174.6,579.536
2016-06-07,577.777,603.992,577.777,596.996,112004.0,596.996
2016-06-08,599.625,617.974,592.628,596.107,126532.0,596.107
2016-06-09,594.368,605.741,586.492,599.625,67040.9,599.625
2016-06-10,599.625,617.974,599.625,617.115,117036.0,617.115
2016-06-13,607.48,614.486,603.123,603.123,79054.4,603.123
2016-06-14,597.856,606.621,568.162,585.632,99304.5,585.632
2016-06-16,596.107,605.741,579.536,579.536,110630.0,579.536
2016-06-17,580.385,586.492,579.536,581.265,55028.5,581.265
2016-06-20,582.125,592.628,582.125,589.121,76308.8,589.121
2016-06-21,589.121,598.755,583.014,596.996,40956.6,596.996
2016-06-22,596.996,610.099,590.889,608.36,64981.5,608.36
2016-06-23,606.621,617.974,585.632,602.233,66012.7,602.233
2016-06-24,606.621,610.988,537.559,554.17,59835.5,554.17
2016-06-27,583.893,590.889,577.777,588.251,46334.4,588.251
2016-06-28,570.761,589.121,569.911,584.763,23454.1,584.763
2016-06-29,596.107,610.099,592.628,602.233,31003.6,602.233
2016-06-30,607.48,607.48,597.856,598.755,18649.1,598.755
2016-07-01,598.755,603.123,587.401,595.257,94615.9,595.257
2016-07-04,600.494,607.48,583.893,602.233,66585.5,602.233
2016-07-05,602.233,620.593,602.233,620.593,82144.0,620.593
2016-07-06,620.593,638.083,610.988,637.204,119783.0,637.204
2016-07-07,637.204,637.204,617.115,625.83,75623.7,625.83
2016-07-08,620.593,627.579,608.36,608.36,46220.0,608.36
2016-07-11,609.219,621.462,609.219,614.486,22539.2,614.486
2016-07-12,609.219,615.366,600.494,602.233,42444.2,602.233
2016-07-13,603.123,607.48,594.368,596.107,17617.9,596.107
2016-07-14,598.755,605.741,592.628,599.625,18991.1,599.625
2016-07-15,609.219,609.219,595.257,598.755,25055.0,598.755
2016-07-19,596.107,609.219,590.0,596.996,25627.8,596.996
2016-07-20,596.996,606.621,595.257,605.741,18534.7,605.741
2016-07-21,610.099,610.099,598.755,603.123,13042.6,603.123
2016-07-22,597.856,608.36,594.368,608.36,20707.5,608.36
2016-07-25,610.988,616.225,602.233,610.988,52054.2,610.988
2016-07-26,610.988,610.988,596.107,597.856,10296.0,597.856
2016-07-27,595.257,596.107,587.401,587.401,16359.9,587.401
2016-07-28,585.632,596.996,585.632,596.996,10982.2,596.996
2016-07-29,585.632,586.492,553.31,562.026,34206.6,562.026
2016-08-01,562.026,562.026,551.561,554.17,19561.9,554.17
2016-08-02,556.789,562.026,553.31,555.929,11555.0,555.929
2016-08-03,555.04,555.04,543.686,544.555,17274.8,544.555
2016-08-04,544.555,544.555,530.573,534.051,13728.7,534.051
2016-08-05,534.051,538.439,526.196,527.085,11555.0,527.085
2016-08-08,535.81,546.304,532.322,534.931,13956.4,534.931
2016-08-09,541.937,541.937,534.051,536.68,3660.4,536.68
2016-08-10,540.188,548.063,537.559,541.057,5948.53,541.057
2016-08-12,541.057,553.31,539.298,550.672,10982.2,550.672
2016-08-15,541.937,558.528,541.937,551.561,7895.62,551.561
2016-08-16,552.421,552.421,541.937,542.806,15673.8,542.806
2016-08-17,534.931,543.686,534.931,537.559,12699.5,537.559
2016-08-18,537.559,539.298,534.931,534.931,6063.9,534.931
2016-08-19,535.81,537.559,528.814,528.814,9610.96,528.814
2016-08-22,530.573,548.913,529.694,545.425,21507.0,545.425
2016-08-23,545.425,553.31,539.298,542.806,10640.1,542.806
2016-08-24,546.304,551.561,544.555,551.561,6292.61,551.561
2016-08-25,554.17,555.04,549.802,554.17,15101.0,554.17
2016-08-26,555.04,555.04,548.063,548.913,9382.25,548.913
2016-08-29,557.668,557.668,548.063,555.04,8923.81,555.04
2016-08-30,555.04,558.528,551.561,557.668,9151.51,557.668
2016-08-31,556.789,559.407,551.561,559.407,9265.87,559.407
2016-09-01,556.789,562.026,548.913,557.668,10410.4,557.668
2016-09-02,562.026,566.403,559.407,562.026,10182.7,562.026
2016-09-05,565.524,575.148,562.026,562.905,14187.2,562.905
2016-09-06,566.403,574.259,561.156,572.52,10410.4,572.52
2016-09-07,575.148,583.893,570.761,583.893,20480.8,583.893
2016-09-08,579.536,583.014,579.536,581.265,9954.03,581.265
2016-09-09,573.389,578.626,573.389,576.038,17617.9,576.038
2016-09-12,575.148,576.897,569.911,575.148,13272.3,575.148
2016-09-13,569.911,580.385,569.911,578.626,7436.17,578.626
2016-09-14,577.777,580.385,573.389,574.259,12927.2,574.259
2016-09-15,576.038,578.626,570.761,577.777,10867.8,577.777
2016-09-16,576.038,576.897,567.273,575.148,19220.9,575.148
2016-09-20,575.148,580.385,568.162,577.777,18534.7,577.777
2016-09-21,575.148,584.763,574.259,583.014,19790.6,583.014
2016-09-23,588.251,601.364,586.492,601.364,28029.3,601.364
2016-09-26,592.628,601.364,592.628,596.996,47823.0,596.996
2016-09-27,590.0,596.996,582.125,583.014,140488.0,583.014
2016-09-28,576.897,580.385,567.273,576.038,48507.1,576.038
2016-09-29,572.52,578.626,571.65,578.626,17161.4,578.626
2016-09-30,569.911,569.911,555.929,562.905,20592.1,562.905
2016-10-03,559.407,565.524,559.407,563.785,58462.2,563.785
2016-10-04,569.911,569.911,558.528,563.785,7780.25,563.785
2016-10-05,563.785,568.162,559.407,561.156,8238.69,561.156
2016-10-06,562.026,563.785,560.267,560.267,4919.33,560.267
2016-10-07,555.929,557.668,546.304,553.31,31346.7,553.31
2016-10-11,545.425,555.04,544.555,550.672,13499.0,550.672
2016-10-12,542.806,551.561,541.937,541.937,16932.7,541.937
2016-10-13,541.057,544.555,540.188,544.555,7092.09,544.555
2016-10-14,542.806,549.802,542.806,549.802,7436.17,549.802
2016-10-17,552.421,552.421,543.686,543.686,11096.5,543.686
2016-10-18,545.425,553.31,544.555,549.802,16245.6,549.802
2016-10-19,546.304,552.421,546.304,552.421,6063.9,552.421
2016-10-20,548.913,555.929,544.555,555.929,13383.7,555.929
2016-10-21,555.929,562.026,553.31,554.17,8578.72,554.17
2016-10-24,553.31,558.528,550.672,557.668,12012.4,557.668
2016-10-25,563.785,567.273,557.668,561.156,21392.6,561.156
2016-10-26,561.156,567.273,561.156,567.273,13042.6,567.273
2016-10-27,567.273,570.761,562.026,568.162,17733.2,568.162
2016-10-28,557.668,579.536,557.668,579.536,23110.0,579.536
2016-10-31,579.536,579.536,562.026,573.389,13272.3,573.389
2016-11-01,573.389,576.897,569.911,576.038,9151.51,576.038
2016-11-02,576.897,578.626,571.65,573.389,10182.7,573.389
2016-11-04,568.162,572.52,560.267,571.65,22651.5,571.65
2016-11-07,571.65,574.259,568.162,574.259,9954.03,574.259
2016-11-08,568.162,574.259,567.273,569.911,5263.41,569.911
2016-11-09,561.156,573.389,549.802,551.561,29629.3,551.561
2016-11-10,568.162,572.52,565.524,569.911,16932.7,569.911
2016-11-11,572.52,576.897,557.668,562.026,13728.7,562.026
2016-11-14,558.528,569.911,558.528,566.403,9610.96,566.403
2016-11-15,562.905,568.162,559.407,563.785,6635.68,563.785
2016-11-16,563.785,564.664,559.407,564.664,9610.96,564.664
2016-11-17,567.273,571.65,565.524,569.911,7664.88,569.911
2016-11-18,576.038,576.038,565.524,565.524,10296.0,565.524
2016-11-21,565.524,571.65,565.524,569.911,6749.02,569.911
2016-11-22,567.273,576.897,567.273,576.897,13157.0,576.897
2016-11-24,578.626,578.626,572.52,576.897,14986.7,576.897
2016-11-25,580.385,580.385,569.911,572.52,15330.7,572.52
2016-11-28,576.038,576.897,573.389,576.897,7664.88,576.897
2016-11-29,576.897,578.626,575.148,578.626,8578.72,578.626
2016-11-30,579.536,580.385,576.038,579.536,8693.08,579.536
2016-12-01,582.125,582.125,573.389,576.038,10982.2,576.038
2016-12-02,576.897,576.897,570.761,571.65,10753.5,571.65
2016-12-05,569.911,575.148,566.403,568.162,12812.9,568.162
2016-12-06,568.162,568.162,562.026,562.026,14986.7,562.026
2016-12-07,562.905,567.273,562.026,566.403,10182.7,566.403
2016-12-08,571.65,571.65,566.403,571.65,10640.1,571.65
2016-12-09,565.524,569.911,565.524,569.032,16017.9,569.032
2016-12-12,563.785,570.761,563.785,569.032,10982.2,569.032
2016-12-13,569.032,585.632,566.403,577.777,18075.3,577.777
2016-12-14,574.259,577.777,574.259,576.038,6749.02,576.038
2016-12-15,576.038,579.536,570.761,578.626,13956.4,578.626
2016-12-16,580.385,583.893,573.389,576.038,11670.3,576.038
2016-12-19,572.52,579.536,562.026,576.038,16932.7,576.038
2016-12-20,578.626,581.265,575.148,581.265,6978.75,581.265
2016-12-21,582.125,583.893,579.536,579.536,8578.72,579.536
2016-12-22,581.265,590.889,575.148,590.889,19105.5,590.889
2016-12-26,610.988,610.988,585.632,599.625,42673.0,599.625
2016-12-27,591.759,596.996,585.632,595.257,18534.7,595.257
2016-12-28,586.492,595.257,586.492,589.121,8578.72,589.121
2016-12-29,581.265,594.368,581.265,594.368,8238.69,594.368
2016-12-30,595.257,595.257,576.897,591.759,7436.17,591.759
2017-01-04,596.107,600.494,594.368,600.494,11670.3,600.494
2017-01-05,603.123,603.123,595.257,600.494,10525.8,600.494
2017-01-06,596.996,603.123,591.759,603.123,13272.3,603.123
2017-01-10,604.862,604.862,595.257,604.862,21163.9,604.862
2017-01-11,604.862,604.862,597.856,603.992,6292.61,603.992
2017-01-12,601.364,602.233,596.107,602.233,8238.69,602.233
2017-01-13,602.233,603.123,597.856,603.123,8578.72,603.123
2017-01-16,607.48,607.48,601.364,605.741,9610.96,605.741
2017-01-17,605.741,605.741,597.856,602.233,10410.4,602.233
2017-01-18,594.368,600.494,594.368,595.257,7322.83,595.257
2017-01-19,596.107,599.625,592.628,596.996,9610.96,596.996
2017-01-20,598.755,602.233,592.628,598.755,8693.08,598.755
2017-01-23,598.755,603.992,596.107,601.364,10182.7,601.364
2017-01-24,603.123,605.741,593.498,602.233,17161.4,602.233
2017-01-25,599.625,610.099,597.856,610.099,23909.5,610.099
2017-01-26,604.862,613.617,604.862,611.868,36610.1,611.868
2017-01-27,610.988,610.988,597.856,600.494,20592.1,600.494
2017-01-30,598.755,606.621,598.755,606.621,7092.09,606.621
2017-01-31,598.755,600.494,596.996,597.856,6635.68,597.856
2017-02-01,595.257,601.364,595.257,599.625,6407.98,599.625
2017-02-02,604.862,604.862,596.996,601.364,8007.95,601.364
2017-02-03,598.755,603.123,598.755,600.494,6863.38,600.494
2017-02-06,603.123,603.992,599.625,601.364,4004.48,601.364
2017-02-07,599.625,603.992,598.755,603.123,6407.98,603.123
2017-02-08,603.992,603.992,599.625,601.364,4919.33,601.364
2017-02-09,599.625,603.992,599.625,603.992,6178.26,603.992
2017-02-10,603.992,606.621,599.625,603.123,8007.95,603.123
2017-02-13,599.625,609.219,599.625,609.219,8353.04,609.219
2017-02-14,610.099,610.099,599.625,603.992,5948.53,603.992
2017-02-15,605.741,605.741,600.494,603.123,7322.83,603.123
2017-02-16,605.741,607.48,602.233,604.862,9954.03,604.862
2017-02-17,601.364,609.219,601.364,607.48,6407.98,607.48
2017-02-20,598.755,600.494,596.996,597.856,12127.8,597.856
2017-02-21,595.257,603.123,595.257,597.856,9497.62,597.856
2017-02-22,596.107,599.625,596.107,597.856,4462.92,597.856
2017-02-23,598.755,602.233,596.107,597.856,7322.83,597.856
2017-02-24,597.856,605.741,595.257,602.233,13844.1,602.233
2017-02-27,594.368,601.364,594.368,596.996,20250.1,596.996
2017-02-28,597.856,600.494,594.368,594.368,9725.32,594.368
2017-03-01,591.759,597.856,591.759,597.856,9725.32,597.856
2017-03-02,597.856,598.755,594.368,598.755,9265.87,598.755
2017-03-03,595.257,603.123,594.368,594.368,7092.09,594.368
2017-03-06,593.498,593.498,590.889,593.498,4462.92,593.498
2017-03-07,590.889,597.856,590.889,596.996,6407.98,596.996
2017-03-08,596.996,596.996,594.368,596.107,5033.68,596.107
2017-03-09,595.257,599.625,595.257,596.996,4348.56,596.996
2017-03-10,599.625,604.862,597.856,601.364,24025.8,601.364
2017-03-13,606.621,609.219,601.364,606.621,8353.04,606.621
2017-03-14,605.741,605.741,600.494,602.233,3546.04,602.233
2017-03-15,599.625,603.123,599.625,601.364,6292.61,601.364
2017-03-16,597.856,603.992,596.996,603.992,12584.2,603.992
2017-03-17,605.741,605.741,601.364,603.992,6292.61,603.992
2017-03-21,603.992,604.862,602.233,602.233,7895.62,602.233
2017-03-22,600.494,605.741,599.625,603.123,8238.69,603.123
2017-03-23,601.364,603.992,598.755,601.364,5604.45,601.364
2017-03-24,604.862,606.621,603.123,604.862,4232.18,604.862
2017-03-27,603.992,603.992,595.257,600.494,16816.4,600.494
2017-03-28,600.494,607.48,600.494,603.123,8353.04,603.123
2017-03-29,608.478,614.723,605.791,614.723,9413.62,614.723
2017-03-30,614.723,614.723,605.791,613.814,10871.9,613.814
2017-03-31,609.348,613.814,607.569,609.348,48644.8,609.348
2017-04-03,609.348,609.348,601.324,601.324,8182.02,601.324
2017-04-04,593.3,599.545,591.522,597.787,28022.2,597.787
2017-04-05,592.391,596.858,592.391,593.3,5828.1,593.3
2017-04-06,593.3,593.3,579.911,579.911,8182.02,579.911
2017-04-07,571.868,587.955,570.109,581.709,12217.8,581.709
2017-04-10,581.709,593.3,578.132,590.613,10758.5,590.613
2017-04-11,581.709,590.613,580.81,586.176,14569.7,586.176
2017-04-12,588.834,590.613,578.132,579.911,15579.7,579.911
2017-04-13,579.911,580.81,573.676,573.676,13674.1,573.676
2017-04-14,573.676,600.445,573.676,586.176,13113.4,586.176
2017-04-17,577.243,596.858,577.243,593.3,13450.4,593.3
2017-04-18,601.324,604.901,597.787,604.012,12889.8,604.012
2017-04-19,595.089,604.901,589.743,590.613,21296.5,590.613
2017-04-20,599.545,600.445,593.3,599.545,10534.9,599.545
2017-04-21,602.223,606.69,596.858,605.791,13113.4,605.791
2017-04-24,612.036,614.723,604.901,612.036,17037.0,612.036
2017-04-25,619.17,619.17,612.925,615.613,22752.7,615.613
2017-04-26,612.036,620.069,611.146,618.291,18269.6,618.291
2017-04-27,620.949,630.781,613.814,630.781,48419.1,630.781
2017-04-28,637.036,645.049,627.213,629.872,60523.6,629.872
2017-05-01,627.213,631.67,622.747,628.992,26229.0,628.992
2017-05-02,632.549,637.905,628.992,634.338,22866.1,634.338
2017-05-08,646.838,674.496,646.838,671.808,127103.0,671.808
2017-05-09,674.496,804.753,673.587,743.192,494404.0,743.192
2017-05-10,727.125,728.024,676.285,684.318,226299.0,684.318
2017-05-11,695.899,725.336,679.842,725.336,111076.0,725.336
2017-05-12,716.413,749.427,692.332,748.557,93254.7,748.557
2017-05-15,749.427,817.233,749.427,777.974,392632.0,777.974
2017-05-16,786.008,816.344,768.162,768.162,249613.0,768.162
2017-05-17,761.038,770.85,756.571,756.571,105807.0,756.571
2017-05-18,744.96,747.638,713.745,744.96,77002.0,744.96
2017-05-19,744.96,744.96,718.221,723.557,64448.2,723.557
2017-05-22,727.125,727.125,718.221,720.889,28694.2,720.889
2017-05-23,721.779,736.038,710.178,733.379,46740.2,733.379
2017-05-24,738.735,755.672,738.735,753.903,57049.4,753.903
2017-05-25,777.085,887.717,777.085,887.717,1121293.0,887.717
2017-05-26,860.958,887.717,829.723,839.536,691784.0,839.536
2017-05-29,852.045,923.409,835.978,877.026,424687.0,877.026
2017-05-30,865.415,936.798,856.492,924.298,350041.0,924.298
2017-05-31,963.567,970.692,863.626,890.385,496198.0,890.385
2017-06-01,878.794,916.275,870.761,876.126,166223.0,876.126
2017-06-02,876.126,878.794,837.767,837.767,183259.0,837.767
2017-06-05,837.767,847.579,812.777,822.579,120156.0,822.579
2017-06-06,828.834,833.31,801.176,802.075,102107.0,802.075
2017-06-07,802.964,816.344,786.008,813.676,99533.2,813.676
2017-06-08,808.32,823.498,808.32,815.464,53016.6,815.464
2017-06-09,807.431,807.431,792.263,793.152,67361.7,793.152
2017-06-12,786.008,798.498,771.749,793.152,81934.5,793.152
2017-06-13,785.119,802.075,781.551,781.551,53914.3,781.551
2017-06-14,792.263,792.263,761.927,763.715,84175.1,763.715
2017-06-15,764.585,777.085,758.36,770.85,44607.9,770.85
2017-06-16,767.273,771.749,756.571,766.383,50437.0,766.383
2017-06-19,764.585,802.964,758.36,792.263,60523.6,792.263
2017-06-20,787.796,856.492,780.662,803.854,249613.0,803.854
2017-06-21,795.83,814.565,771.749,803.854,92694.1,803.854
2017-06-22,814.565,838.646,806.532,835.089,87536.9,835.089
2017-06-23,852.045,852.045,776.206,794.941,135959.0,794.941
2017-06-26,785.119,802.964,777.974,791.374,68597.4,791.374
2017-06-27,794.042,806.532,780.662,802.075,30375.1,802.075
2017-06-28,802.964,802.964,775.316,775.316,57386.4,775.316
2017-06-29,778.874,813.676,778.874,794.042,39004.5,794.042
2017-06-30,793.152,793.152,778.874,782.451,23985.4,782.451
2017-07-03,775.316,792.263,775.316,786.897,32392.0,786.897
2017-07-04,794.042,798.498,776.206,779.783,58733.4,779.783
2017-07-05,785.119,789.585,774.417,784.219,26899.9,784.219
2017-07-06,786.897,797.599,772.628,774.417,35644.6,774.417
2017-07-07,770.85,771.749,744.071,755.672,75657.1,755.672
2017-07-10,753.903,767.273,753.903,763.715,50662.7,763.715
2017-07-11,759.249,767.273,757.46,761.927,28356.2,761.927
2017-07-12,765.504,769.061,754.792,757.46,54361.6,757.46
2017-07-13,765.504,767.273,753.903,757.46,28131.5,757.46
2017-07-14,764.585,769.941,759.249,762.826,21407.8,762.826
2017-07-18,766.383,766.383,751.225,763.715,45058.2,763.715
2017-07-19,763.715,769.941,760.138,765.504,39903.1,765.504
2017-07-20,768.162,779.783,766.383,778.874,39117.8,778.874
2017-07-21,782.451,784.219,773.528,782.451,26229.0,782.451
2017-07-24,783.33,802.964,777.974,802.964,60076.3,802.964
2017-07-25,812.777,812.777,788.686,800.296,72518.9,800.296
2017-07-26,800.296,802.964,782.451,788.686,28694.2,788.686
2017-07-27,791.374,811.887,786.008,811.887,70949.2,811.887
2017-07-28,752.994,756.571,737.846,742.302,186732.0,742.302
2017-07-31,740.514,741.413,731.591,732.48,50997.7,732.48
2017-08-01,732.48,733.379,720.889,731.591,48870.4,731.591
2017-08-02,731.591,733.379,726.235,729.812,17261.6,729.812
2017-08-03,737.846,737.846,722.668,728.913,29477.5,728.913
2017-08-04,730.692,730.692,724.447,728.024,23649.4,728.024
2017-08-07,734.269,744.96,732.48,744.96,25668.3,744.96
2017-08-08,741.413,741.413,733.379,738.735,21857.1,738.735
2017-08-09,738.735,738.735,725.336,733.379,27124.6,733.379
2017-08-10,732.48,737.846,727.125,729.812,16588.7,729.812
2017-08-14,724.447,730.692,717.302,727.125,39679.5,727.125
2017-08-15,731.591,742.302,731.591,741.413,26339.3,741.413
2017-08-16,741.413,744.071,735.158,737.846,22080.8,737.846
2017-08-17,736.947,740.514,721.779,724.447,56489.8,724.447
2017-08-18,720.889,724.447,718.221,720.889,29703.2,720.889
2017-08-21,721.779,728.024,718.221,722.668,10648.2,722.668
2017-08-22,728.024,736.038,724.447,734.269,22639.4,734.269
2017-08-23,732.48,738.735,730.692,733.379,24209.0,733.379
2017-08-24,737.846,753.903,734.269,744.071,29924.8,744.071
2017-08-25,752.105,752.105,742.302,746.759,21520.1,746.759
2017-08-28,748.557,751.225,742.302,749.427,48419.1,749.427
2017-08-29,745.86,749.427,741.413,746.759,14907.7,746.759
2017-08-30,750.326,761.038,742.302,748.557,69380.6,748.557
2017-08-31,750.326,754.792,749.427,749.427,15803.3,749.427
2017-09-01,752.994,752.994,743.192,747.638,21969.5,747.638
2017-09-04,749.427,752.105,735.158,741.413,34073.0,741.413
2017-09-05,737.846,743.192,695.899,708.389,66354.8,708.389
2017-09-06,695.899,719.101,688.775,711.957,35420.0,711.957
2017-09-07,719.101,723.557,711.057,718.221,20174.2,718.221
2017-09-08,717.302,728.024,711.057,712.866,28131.5,712.866
2017-09-11,713.745,733.379,713.745,726.235,17037.0,726.235
2017-09-12,735.158,735.158,728.024,735.158,14121.4,735.158
2017-09-13,737.846,744.071,733.379,743.192,14795.4,743.192
2017-09-14,739.615,741.413,725.336,728.024,15131.4,728.024
2017-09-15,722.668,739.615,722.668,737.846,17261.6,737.846
2017-09-19,737.846,757.46,737.846,753.903,40910.1,753.903
2017-09-20,752.994,753.903,740.514,741.413,17821.3,741.413
2017-09-21,744.071,760.138,740.514,752.994,43712.3,752.994
2017-09-22,755.672,755.672,742.302,744.96,60415.3,744.96
2017-09-25,749.427,769.061,749.427,766.383,86641.3,766.383
2017-09-26,769.061,772.628,741.413,745.86,184491.0,745.86
2017-09-27,736.947,748.557,727.125,742.302,111299.0,742.302
2017-09-28,745.86,758.36,745.86,756.571,28694.2,756.571
2017-09-29,758.36,758.36,751.225,753.903,17596.6,753.903
2017-10-02,753.903,755.672,748.557,753.903,14234.7,753.903
2017-10-03,754.792,763.715,749.427,749.427,23313.4,749.427
2017-10-04,751.225,754.792,740.514,744.071,16140.3,744.071
2017-10-05,741.413,747.638,741.413,742.302,8631.34,742.302
2017-10-06,741.413,744.071,736.947,738.735,11881.8,738.735
2017-10-10,720.0,743.192,720.0,738.735,46740.2,738.735
2017-10-11,738.735,752.994,734.269,749.427,18718.9,749.427
2017-10-12,756.571,756.571,748.557,753.903,19839.2,753.903
2017-10-13,753.903,758.36,750.326,754.792,20062.9,754.792
2017-10-16,755.672,766.383,752.994,761.038,41134.7,761.038
2017-10-17,726.235,736.038,723.557,731.591,100091.0,731.591
2017-10-18,732.48,734.269,728.024,731.591,26676.3,731.591
2017-10-19,727.125,734.269,723.557,727.125,22530.1,727.125
2017-10-20,722.668,724.447,714.644,716.413,42479.7,716.413
2017-10-23,727.125,727.125,722.668,725.336,17373.0,725.336
2017-10-24,719.101,732.48,719.101,732.48,24657.3,732.48
2017-10-25,733.379,733.379,721.779,728.024,20286.5,728.024
2017-10-26,728.024,733.379,723.557,728.024,18156.2,728.024
2017-10-27,724.447,744.071,724.447,738.735,42479.7,738.735
2017-10-30,743.192,748.557,737.846,747.638,45732.2,747.638
2017-10-31,749.427,755.672,749.427,754.792,22639.4,754.792
2017-11-01,754.792,756.571,750.326,753.903,15019.0,753.903
2017-11-02,757.46,757.46,742.302,742.302,17373.0,742.302
2017-11-06,743.192,753.903,743.192,747.638,18831.2,747.638
2017-11-07,742.302,748.557,741.413,748.557,10422.5,748.557
2017-11-08,748.557,752.994,744.96,752.994,11769.5,752.994
2017-11-09,756.571,756.571,738.735,749.427,26451.6,749.427
2017-11-10,738.735,746.759,738.735,746.759,10534.9,746.759
2017-11-13,744.96,752.994,737.846,751.225,24882.0,751.225
2017-11-14,750.326,750.326,743.192,746.759,9639.3,746.759
2017-11-15,741.413,741.413,716.413,720.889,29477.5,720.889
2017-11-16,728.913,729.812,720.0,721.779,15803.3,721.779
2017-11-17,723.557,727.125,714.644,719.101,18831.2,719.101
2017-11-20,722.668,728.913,719.101,727.125,18043.9,727.125
2017-11-21,727.125,731.591,720.889,723.557,20062.9,723.557
2017-11-22,723.557,726.235,720.889,723.557,24096.7,723.557
2017-11-24,720.889,728.913,712.866,728.024,32840.4,728.024
2017-11-27,726.235,730.692,723.557,728.024,22418.8,728.024
2017-11-28,726.235,733.379,721.779,728.913,24322.4,728.913
2017-11-29,726.235,732.48,726.235,730.692,14010.1,730.692
2017-11-30,726.235,728.024,711.057,716.413,70275.3,716.413
2017-12-01,716.413,721.779,716.413,720.0,16700.0,720.0
2017-12-04,727.125,728.024,718.221,719.101,23200.1,719.101
2017-12-05,715.524,720.889,715.524,717.302,20848.2,717.302
2017-12-06,717.302,721.779,713.745,714.644,23426.7,714.644
2017-12-07,720.889,729.812,720.0,727.125,27012.3,727.125
2017-12-08,714.644,728.913,714.644,727.125,22752.7,727.125
2017-12-11,727.125,730.692,723.557,730.692,14795.4,730.692
2017-12-12,730.692,733.379,729.812,731.591,11769.5,731.591
2017-12-13,730.692,738.735,729.812,737.846,19501.2,737.846
2017-12-14,738.735,738.735,730.692,734.269,13339.1,734.269
2017-12-15,733.379,733.379,720.889,727.125,16477.3,727.125
2017-12-18,726.235,729.812,721.779,724.447,25779.6,724.447
2017-12-19,728.024,728.913,722.668,726.235,24882.0,726.235
2017-12-20,728.024,728.913,717.302,720.0,34521.3,720.0
2017-12-21,720.889,726.235,717.302,726.235,22193.1,726.235
2017-12-22,723.557,734.269,723.557,734.269,22639.4,734.269
2017-12-25,741.413,749.427,736.947,747.638,53240.3,747.638
2017-12-26,748.557,828.834,747.638,767.273,210830.0,767.273
2017-12-27,771.749,778.874,762.826,774.417,30711.1,774.417
2017-12-28,776.206,788.686,771.749,776.206,36090.9,776.206
2017-12-29,782.451,782.451,771.749,776.206,8069.68,776.206
2018-01-04,785.119,786.897,780.662,786.897,21969.5,786.897
2018-01-05,793.152,793.152,786.008,788.686,30598.8,788.686
2018-01-09,788.686,789.585,760.138,772.628,50326.7,772.628
2018-01-10,772.628,777.974,767.273,772.628,12666.1,772.628
2018-01-11,773.528,777.974,769.941,776.206,12889.8,776.206
2018-01-12,775.316,775.316,765.504,766.383,28917.9,766.383
2018-01-15,771.749,771.749,760.138,761.038,17821.3,761.038
2018-01-16,762.826,763.715,756.571,760.138,13000.1,760.138
2018-01-17,757.46,759.249,756.571,757.46,10422.5,757.46
2018-01-18,756.571,762.826,742.302,743.192,33961.7,743.192
2018-01-19,744.071,749.427,742.302,744.96,10983.2,744.96
2018-01-22,747.638,753.903,744.96,753.903,16252.7,753.903
2018-01-23,758.36,763.715,757.46,761.038,16140.3,761.038
2018-01-24,756.571,760.138,753.903,758.36,12217.8,758.36
2018-01-25,755.672,758.36,753.903,754.792,11320.2,754.792
2018-01-26,761.038,761.038,755.672,756.571,18718.9,756.571
2018-01-29,755.672,757.46,749.427,749.427,16588.7,749.427
2018-01-30,749.427,752.994,736.038,737.846,24994.3,737.846
2018-01-31,729.812,767.273,729.812,744.96,33961.7,744.96
2018-02-01,737.846,751.225,734.269,751.225,24096.7,751.225
2018-02-02,752.994,752.994,743.192,748.557,16140.3,748.557
2018-02-05,731.591,736.947,728.024,729.812,21185.2,729.812
2018-02-06,669.14,695.899,657.549,671.808,65680.8,671.808
2018-02-07,692.332,704.832,692.332,696.798,49093.1,696.798
2018-02-08,698.577,710.178,698.577,705.711,13674.1,705.711
2018-02-09,671.808,689.674,671.808,687.875,22193.1,687.875
2018-02-13,694.111,707.5,691.433,696.798,18606.6,696.798
2018-02-14,688.775,701.265,652.194,654.852,40014.4,654.852
2018-02-15,668.251,672.717,655.771,666.453,15243.7,666.453
2018-02-16,674.496,685.198,664.674,675.375,15355.0,675.375
2018-02-19,678.962,706.611,678.962,706.611,11994.2,706.611
2018-02-20,703.053,712.866,695.899,711.057,7511.06,711.057
2018-02-21,711.057,713.745,704.832,709.298,8631.34,709.298
2018-02-22,705.711,710.178,700.356,710.178,6950.41,710.178
2018-02-23,711.957,720.889,711.957,720.0,10871.9,720.0
2018-02-26,728.913,756.571,726.235,746.759,27572.9,746.759
2018-02-27,752.994,754.792,740.514,751.225,26788.6,751.225
2018-02-28,749.427,753.903,725.336,725.336,26115.6,725.336
2018-03-01,711.957,720.0,707.5,714.644,22080.8,714.644
2018-03-02,701.265,706.611,696.798,696.798,15692.0,696.798
2018-03-05,695.899,695.899,679.842,682.52,26451.6,682.52
2018-03-06,679.842,700.356,679.842,686.986,14121.4,686.986
2018-03-07,686.986,691.433,683.389,684.318,12889.8,684.318
2018-03-08,684.318,688.775,682.52,684.318,5603.44,684.318
2018-03-09,687.875,698.577,684.318,685.198,18831.2,685.198
2018-03-12,697.688,698.577,679.842,687.875,16028.0,687.875
2018-03-13,688.775,711.057,688.775,709.298,15131.4,709.298
2018-03-14,705.711,713.745,700.356,708.389,10871.9,708.389
2018-03-15,711.957,740.514,711.057,734.269,22978.4,734.269
2018-03-16,747.638,753.903,722.668,729.812,35307.6,729.812
2018-03-19,713.745,729.812,707.5,720.0,26005.3,720.0
2018-03-20,720.0,720.0,709.298,713.745,16925.7,713.745
2018-03-22,714.644,720.0,711.957,711.957,11655.2,711.957
2018-03-23,701.265,701.265,688.775,688.775,29703.2,688.775
2018-03-26,715.524,722.668,682.52,706.611,37101.9,706.611
2018-03-27,730.692,819.022,718.221,786.897,308792.0,786.897
2018-03-28,770.553,799.625,763.281,793.281,96735.0,793.281
2018-03-29,796.917,796.917,769.654,781.453,44680.8,781.453
2018-03-30,782.372,791.462,772.352,780.543,27514.2,780.543
2018-04-02,780.543,780.543,749.654,752.372,50732.5,752.372
2018-04-03,746.018,756.927,726.028,748.735,48312.8,748.735
2018-04-04,748.735,767.826,744.2,758.745,25751.3,758.745
2018-04-05,766.917,766.917,752.372,756.008,16066.5,756.008
2018-04-06,759.644,772.352,750.553,754.18,22781.1,754.18
2018-04-09,740.573,748.735,727.836,736.018,37858.9,736.018
2018-04-10,740.573,743.3,734.2,739.654,9464.22,739.654
2018-04-11,741.472,742.381,726.028,726.927,16176.8,726.927
2018-04-12,726.927,741.472,726.028,737.846,23659.5,737.846
2018-04-13,742.381,742.381,732.372,735.109,9464.22,735.109
2018-04-16,737.846,737.846,729.664,730.553,10233.3,730.553
2018-04-17,730.553,730.553,719.674,722.401,21129.5,722.401
2018-04-18,726.927,734.2,723.3,733.291,15845.8,733.291
2018-04-19,730.553,736.927,727.836,730.553,7812.64,730.553
2018-04-20,727.836,736.927,727.836,735.109,6603.3,735.109
2018-04-23,731.482,733.291,729.664,729.664,5061.01,729.664
2018-04-24,729.664,738.755,728.745,737.846,11885.9,737.846
2018-04-25,736.018,736.018,730.553,734.2,12327.1,734.2
2018-04-26,734.2,741.472,732.372,739.654,13536.5,739.654
2018-04-27,738.755,742.381,732.372,734.2,11335.4,734.2
2018-05-01,732.372,734.2,728.745,731.482,11556.0,731.482
2018-05-02,733.291,739.654,729.664,739.654,9133.3,739.654
2018-05-07,740.573,740.573,733.291,740.573,9793.12,740.573
2018-05-08,736.927,748.735,736.927,748.735,10783.8,748.735
2018-05-09,745.109,789.625,745.109,759.644,59978.2,759.644
2018-05-10,760.543,762.372,749.654,762.372,15627.3,762.372
2018-05-11,762.372,767.826,752.372,766.917,22120.2,766.917
2018-05-14,761.462,777.816,761.462,775.998,28943.2,775.998
2018-05-15,781.453,781.453,759.644,764.2,22009.9,764.2
2018-05-16,790.553,792.372,775.998,790.553,101578.0,790.553
2018-05-17,799.625,811.443,793.281,808.715,109501.0,808.715
2018-05-18,817.806,818.715,811.443,817.806,74944.6,817.806
2018-05-21,819.615,837.796,815.079,834.15,79458.1,834.15
2018-05-22,845.978,863.231,823.251,831.433,130960.0,831.433
2018-05-23,826.897,850.514,806.887,849.625,81437.6,849.625
2018-05-24,858.696,866.858,839.605,864.14,95413.3,864.14
2018-05-25,861.413,861.413,828.706,836.877,46992.2,836.877
2018-05-28,841.413,842.342,816.887,826.897,31142.2,826.897
2018-05-29,827.806,827.806,810.534,815.988,23551.2,815.988
2018-05-30,807.787,808.715,790.553,805.988,28943.2,805.988
2018-05-31,804.17,807.787,794.17,795.089,25311.1,795.089
2018-06-01,798.715,845.069,795.089,841.413,77476.6,841.413
2018-06-04,836.877,848.696,829.615,830.524,41269.3,830.524
2018-06-05,831.433,847.796,820.534,845.978,30594.7,845.978
2018-06-06,840.514,840.514,827.806,830.524,29493.7,830.524
2018-06-07,833.251,856.868,829.615,855.968,48862.3,855.968
2018-06-08,852.322,861.413,850.514,858.696,29274.1,858.696
2018-06-11,867.787,898.686,867.787,880.504,110272.0,880.504
2018-06-12,885.049,893.211,852.322,879.595,98165.0,879.595
2018-06-13,888.666,982.263,888.666,969.545,380996.0,969.545
2018-06-14,969.545,976.818,955.02,961.374,143837.0,961.374
2018-06-15,954.111,964.99,925.02,927.757,84078.9,927.757
2018-06-18,927.757,937.737,908.666,909.585,61077.2,909.585
2018-06-19,910.474,951.383,908.666,927.757,93432.9,927.757
2018-06-20,918.676,919.565,884.13,911.383,67020.7,911.383
2018-06-21,914.111,935.929,911.383,911.383,30924.6,911.383
2018-06-22,911.383,918.676,899.585,906.848,38848.6,906.848
2018-06-25,911.383,921.393,875.04,879.595,69332.1,879.595
2018-06-26,873.231,874.14,826.897,849.625,80778.8,849.625
2018-06-27,850.514,867.787,843.231,865.958,26633.8,865.958
2018-06-28,865.958,865.958,838.696,849.625,26852.4,849.625
2018-06-29,849.625,854.15,835.978,848.696,17937.7,848.696
2018-07-02,843.231,848.696,807.787,808.715,35326.8,808.715
2018-07-03,812.342,830.524,795.089,804.17,42809.6,804.17
2018-07-04,797.806,816.887,795.988,808.715,22781.1,808.715
2018-07-05,804.17,809.625,775.998,775.998,36647.5,775.998
2018-07-06,780.543,793.281,773.291,791.462,33015.4,791.462
2018-07-09,789.625,800.543,767.826,796.917,33786.6,796.917
2018-07-10,822.352,834.15,814.17,816.887,48753.1,816.887
2018-07-11,805.079,805.079,782.372,792.372,26633.8,792.372
2018-07-12,792.372,813.251,792.372,809.625,20909.9,809.625
2018-07-13,815.988,815.988,801.443,806.887,12436.4,806.887
2018-07-17,806.887,816.887,803.251,808.715,17388.1,808.715
2018-07-18,815.079,829.615,813.251,827.806,41269.3,827.806
2018-07-19,829.615,829.615,808.715,810.534,26852.4,810.534
2018-07-20,810.534,824.17,802.362,804.17,28393.6,804.17
2018-07-23,802.362,812.342,802.362,808.715,16618.0,808.715
2018-07-24,813.251,825.059,808.715,825.059,28614.3,825.059
2018-07-25,829.615,889.595,829.615,889.595,272487.0,889.595
2018-07-26,879.595,883.231,841.413,853.241,92994.7,853.241
2018-07-27,853.241,854.15,842.342,852.322,41929.1,852.322
2018-07-30,857.777,857.777,840.514,844.17,32793.8,844.17
2018-07-31,845.069,858.696,835.978,835.978,56017.2,835.978
2018-08-01,843.231,884.13,838.696,884.13,63390.6,884.13
2018-08-02,883.231,886.858,869.605,876.868,86280.0,876.868
2018-08-03,869.605,874.14,851.433,860.504,34114.5,860.504
2018-08-06,872.322,883.231,856.868,859.595,47322.1,859.595
2018-08-07,860.504,867.787,851.433,858.696,41379.6,858.696
2018-08-08,849.625,866.858,844.17,855.049,46881.9,855.049
2018-08-09,850.514,858.696,848.696,853.241,23990.4,853.241
2018-08-10,855.049,886.858,851.433,877.777,78906.6,877.777
2018-08-13,864.14,867.787,837.796,838.696,51614.0,838.696
2018-08-14,835.978,861.413,835.978,860.504,23990.4,860.504
2018-08-15,858.696,861.413,836.877,840.514,31914.4,840.514
2018-08-16,828.706,839.605,815.079,825.998,45560.2,825.998
2018-08-17,825.998,835.978,825.059,830.524,24651.3,830.524
2018-08-20,830.524,835.069,815.988,815.988,18709.8,815.988
2018-08-21,824.17,835.069,813.251,831.433,32134.0,831.433
2018-08-22,829.615,837.796,819.615,836.877,24761.6,836.877
2018-08-23,843.231,873.231,843.231,868.676,52274.8,868.676
2018-08-24,865.049,868.676,860.504,867.787,27402.9,867.787
2018-08-27,867.787,885.958,867.787,874.14,34225.8,874.14
2018-08-28,877.777,877.777,852.322,859.595,23551.2,859.595
2018-08-29,857.777,864.14,851.433,858.696,27514.2,858.696
2018-08-30,863.231,871.423,854.15,862.332,34446.4,862.332
2018-08-31,861.413,863.231,849.625,852.322,62068.9,852.322
2018-09-03,843.231,843.231,825.998,833.251,67131.0,833.251
2018-09-04,841.413,841.413,833.251,840.514,44902.4,840.514
2018-09-05,843.231,854.15,840.514,843.231,58986.4,843.231
2018-09-06,835.978,841.413,820.534,829.615,72635.2,829.615
2018-09-07,825.059,841.413,825.059,837.796,45450.9,837.796
2018-09-10,845.978,848.696,837.796,837.796,59536.9,837.796
2018-09-11,838.696,838.696,831.433,834.15,23440.9,834.15
2018-09-12,840.514,840.514,819.615,823.251,26193.5,823.251
2018-09-13,823.251,831.433,820.534,829.615,40167.2,829.615
2018-09-14,834.15,850.514,834.15,845.978,100808.0,845.978
2018-09-18,842.342,867.787,842.342,860.504,104988.0,860.504
2018-09-19,867.787,867.787,851.433,856.868,47981.9,856.868
2018-09-20,856.868,865.049,848.696,856.868,49632.5,856.868
2018-09-21,863.231,879.595,861.413,863.231,80228.3,863.231
2018-09-25,860.504,873.231,846.887,853.241,230777.0,853.241
2018-09-26,855.968,878.676,849.625,876.868,144607.0,876.868
2018-09-27,878.676,878.676,857.777,860.504,72414.6,860.504
2018-09-28,865.958,875.04,857.777,860.504,34776.3,860.504
2018-10-01,855.968,874.14,855.049,870.504,32464.9,870.504
2018-10-02,875.949,926.848,875.949,921.393,204585.0,921.393
2018-10-03,910.474,913.211,892.302,899.585,60527.7,899.585
2018-10-04,896.858,908.666,886.858,902.302,34887.6,902.302
2018-10-05,894.13,902.302,866.858,874.14,57666.7,874.14
2018-10-09,867.787,873.231,858.696,868.676,32905.1,868.676
2018-10-10,874.14,891.413,868.676,874.14,26522.4,874.14
2018-10-11,824.17,845.978,814.17,816.887,96623.7,816.887
2018-10-12,821.423,838.696,813.251,837.796,48423.1,837.796
2018-10-15,844.17,844.17,808.715,809.625,56236.8,809.625
2018-10-16,809.625,816.887,805.988,809.625,31805.1,809.625
2018-10-17,833.251,837.796,826.897,837.796,23990.4,837.796
2018-10-18,840.514,850.514,836.877,838.696,28943.2,838.696
2018-10-19,827.806,842.342,825.059,838.696,36426.9,838.696
2018-10-22,833.251,844.17,823.251,837.796,26193.5,837.796
2018-10-23,835.978,837.796,821.423,824.17,31253.5,824.17
2018-10-24,827.806,831.433,815.988,827.806,23329.6,827.806
2018-10-25,798.715,808.715,788.715,789.625,48862.3,789.625
2018-10-26,800.543,800.543,756.008,764.2,38958.9,764.2
2018-10-29,764.2,768.735,736.927,737.846,40717.8,737.846
2018-10-30,710.583,789.625,710.583,760.543,101468.0,760.543
2018-10-31,733.291,783.271,733.291,782.372,51614.0,782.372
2018-11-01,777.816,799.625,767.826,786.897,35437.2,786.897
2018-11-02,793.281,799.625,759.644,766.008,32685.5,766.008
2018-11-05,759.644,765.099,742.381,747.836,37858.9,747.836
2018-11-06,750.553,753.281,738.755,742.381,27514.2,742.381
2018-11-07,742.381,763.281,740.573,752.372,18157.3,752.372
2018-11-08,756.008,766.008,750.553,758.745,20800.6,758.745
2018-11-09,759.644,765.099,749.654,756.927,17276.8,756.927
2018-11-12,759.644,760.543,737.846,739.654,17057.2,739.654
2018-11-13,720.583,740.573,715.119,731.482,27622.5,731.482
2018-11-14,738.755,738.755,708.755,709.674,25531.7,709.674
2018-11-15,702.411,719.674,702.411,710.583,19259.3,710.583
2018-11-16,710.583,713.32,695.119,696.947,22449.1,696.947
2018-11-19,696.947,705.119,693.32,701.492,20580.0,701.492
2018-11-20,696.038,696.038,674.219,680.593,41599.2,680.593
2018-11-21,672.411,685.138,660.603,676.047,21461.4,676.047
2018-11-22,676.947,694.219,673.32,694.219,29604.0,694.219
2018-11-26,695.119,696.947,682.411,686.047,21461.4,686.047
2018-11-27,692.401,693.32,685.138,691.492,15627.3,691.492
2018-11-28,695.119,701.492,689.694,698.765,18821.1,698.765
2018-11-29,708.755,716.028,696.038,701.492,23219.3,701.492
2018-11-30,702.411,710.583,694.219,700.573,27733.8,700.573
2018-12-03,707.856,709.674,703.3,707.856,15737.6,707.856
2018-12-04,712.391,712.391,695.119,695.119,23219.3,695.119
2018-12-05,686.047,696.038,683.3,693.32,21239.8,693.32
2018-12-06,693.32,698.765,669.684,675.148,32574.2,675.148
2018-12-07,677.866,681.482,669.684,677.866,21680.0,677.866
2018-12-10,668.785,672.411,650.603,651.512,34114.5,651.512
2018-12-11,645.148,649.694,629.704,633.35,31693.8,633.35
2018-12-12,635.168,648.794,635.168,645.148,34446.4,645.148
2018-12-13,648.794,665.128,646.057,661.512,28393.6,661.512
2018-12-14,661.512,664.239,647.866,656.986,38737.3,656.986
2018-12-17,649.694,649.694,636.986,638.794,22449.1,638.794
2018-12-18,634.249,634.249,596.087,596.996,51943.9,596.996
2018-12-19,601.532,621.532,599.713,607.905,27182.3,607.905
2018-12-20,605.178,609.723,577.006,587.905,37527.9,587.905
2018-12-21,578.824,578.824,547.006,560.652,52274.8,560.652
2018-12-25,536.117,540.652,508.864,510.672,114892.0,510.672
2018-12-26,519.743,534.289,514.298,518.844,43140.5,518.844
2018-12-27,553.379,553.379,540.652,548.834,24541.0,548.834
2018-12-28,549.753,549.753,529.753,541.551,28062.7,541.551
2019-01-04,535.188,541.551,527.036,539.743,26522.4,539.743
2019-01-07,557.925,562.48,552.46,555.188,28834.9,555.188
2019-01-08,555.188,563.379,554.289,557.006,28834.9,557.006
2019-01-09,567.925,568.814,550.652,552.46,27292.6,552.46
2019-01-10,554.289,554.289,538.834,542.48,33123.7,542.48
2019-01-11,545.198,555.188,535.188,538.834,21021.2,538.834
2019-01-15,538.834,563.379,538.834,557.925,32793.8,557.925
2019-01-16,558.824,572.451,554.289,561.551,33455.7,561.551
2019-01-17,567.925,570.623,559.743,567.006,26522.4,567.006
2019-01-18,573.36,585.188,570.623,576.097,39618.7,576.097
2019-01-21,587.905,591.532,572.451,573.36,48423.1,573.36
2019-01-22,573.36,577.006,563.379,569.733,21791.3,569.733
2019-01-23,558.824,571.561,558.824,567.925,12105.5,567.925
2019-01-24,572.451,584.269,567.925,583.37,22781.1,583.37
2019-01-25,592.441,598.814,586.986,588.804,37088.7,588.804
2019-01-28,595.188,599.713,588.804,590.623,19038.7,590.623
2019-01-29,590.623,594.259,582.451,594.259,17167.5,594.259
2019-01-30,598.814,598.814,584.269,585.188,53044.9,585.188
2019-01-31,676.047,676.047,676.047,676.047,36538.2,676.047
2019-02-01,667.866,674.219,660.603,668.785,184557.0,668.785
2019-02-04,673.32,696.947,672.411,690.583,84850.1,690.583
2019-02-05,695.119,709.674,687.866,709.674,50623.2,709.674
2019-02-06,714.209,748.735,714.209,746.018,136243.0,746.018
2019-02-07,746.018,770.553,733.291,756.927,129749.0,756.927
2019-02-08,748.735,780.543,741.472,767.826,93543.2,767.826
2019-02-12,769.654,797.806,769.654,795.988,89361.6,795.988
2019-02-13,799.625,806.887,795.089,799.625,81659.2,799.625
2019-02-14,802.362,803.251,785.988,790.553,84408.8,790.553
2019-02-15,783.271,791.462,774.19,789.625,81547.9,789.625
2019-02-18,797.806,812.342,797.806,811.443,77476.6,811.443
2019-02-19,811.443,844.17,804.17,829.615,91122.5,829.615
2019-02-20,821.423,821.423,795.988,802.362,47872.6,802.362
2019-02-21,788.715,788.715,756.927,756.927,112581.0,756.927
2019-02-22,747.836,774.19,746.018,764.2,67020.7,764.2
2019-02-25,774.19,781.453,763.281,767.826,33234.0,767.826
2019-02-26,762.372,764.2,748.735,758.745,21350.1,758.745
2019-02-27,761.462,771.453,754.18,768.735,31364.9,768.735
2019-02-28,768.735,772.352,756.008,760.543,16397.4,760.543
2019-03-01,761.462,765.099,757.826,763.281,15187.0,763.281
2019-03-04,767.826,767.826,755.119,761.462,33015.4,761.462
2019-03-05,761.462,761.462,755.119,760.543,15405.6,760.543
2019-03-06,760.543,762.372,756.008,758.745,12215.8,758.745
2019-03-07,755.119,755.119,732.372,739.654,32023.7,739.654
2019-03-08,726.927,727.836,710.583,712.391,35105.2,712.391
2019-03-11,708.755,717.846,699.664,713.32,15187.0,713.32
2019-03-12,718.745,735.109,718.745,734.2,20470.7,734.2
2019-03-13,735.109,736.018,717.846,723.3,13755.1,723.3
2019-03-14,724.209,726.927,708.755,712.391,14416.9,712.391
2019-03-15,712.391,736.018,712.391,719.674,22449.1,719.674
2019-03-18,720.583,729.664,713.32,726.927,16727.3,726.927
2019-03-19,726.927,726.927,713.32,717.846,19369.6,717.846
2019-03-20,717.846,730.553,717.846,730.553,12327.1,730.553
2019-03-22,729.664,731.482,719.674,731.482,15956.2,731.482
2019-03-25,726.028,726.028,706.937,711.502,23990.4,711.502
2019-03-26,711.502,746.018,711.502,746.018,42259.0,746.018
2019-03-27,746.018,752.51,731.186,752.51,32911.2,752.51
2019-03-28,750.642,750.642,732.115,740.455,19315.0,740.455
2019-03-29,737.678,740.455,727.49,740.455,14458.4,740.455
2019-04-01,746.018,760.83,744.16,744.16,21582.9,744.16
2019-04-02,759.921,759.921,736.759,741.383,12948.5,741.383
2019-04-03,733.972,745.089,727.49,738.597,12517.4,738.597
2019-04-04,735.82,746.947,733.972,745.089,11113.7,745.089
2019-04-05,741.383,744.16,737.678,743.241,9713.17,743.241
2019-04-08,743.241,750.642,743.241,750.642,4317.19,750.642
2019-04-09,750.642,750.642,743.241,746.018,5503.25,746.018
2019-04-10,749.733,752.51,746.018,752.51,7661.85,752.51
2019-04-11,750.642,751.581,742.312,745.089,8847.91,745.089
2019-04-12,743.241,746.947,736.759,743.241,7985.69,743.241
2019-04-15,746.018,758.982,746.018,758.982,17696.8,758.982
2019-04-16,759.921,766.403,753.429,761.779,12840.2,761.779
2019-04-17,759.921,759.921,753.429,756.215,9388.32,756.215
2019-04-18,759.921,759.921,743.241,746.947,15430.9,746.947
2019-04-19,751.581,758.982,750.642,753.429,8200.23,753.429
2019-04-22,751.581,755.287,743.241,747.875,9603.88,747.875
2019-04-23,745.089,755.287,745.089,755.287,8633.37,755.287
2019-04-24,756.215,758.063,747.875,751.581,11761.4,751.581
2019-04-25,758.063,806.255,758.063,784.941,72837.6,784.941
2019-04-26,798.834,831.275,700.603,727.49,168658.0,727.49
2019-05-07,728.419,744.16,727.49,743.241,40139.9,743.241
2019-05-08,754.348,754.348,742.312,753.429,27841.1,753.429
2019-05-09,743.241,751.581,723.775,726.561,24388.1,726.561
2019-05-10,723.775,746.018,723.775,741.383,25897.0,741.383
2019-05-13,740.455,745.089,736.759,742.312,18883.9,742.312
2019-05-14,724.704,733.972,716.364,733.043,13920.0,733.043
2019-05-15,741.383,754.348,733.972,754.348,16618.0,754.348
2019-05-16,758.982,771.028,751.581,771.028,20826.9,771.028
2019-05-17,771.966,789.565,750.642,787.727,33234.0,787.727
2019-05-20,833.123,926.729,833.123,902.628,1035254.0,902.628
2019-05-21,892.441,916.532,883.172,912.826,408533.0,912.826
2019-05-22,925.8,932.283,896.146,897.065,205346.0,897.065
2019-05-23,885.958,896.146,880.395,893.36,97978.8,893.36
2019-05-24,886.868,906.334,881.314,892.441,61074.2,892.441
2019-05-27,905.405,905.405,887.806,896.146,49097.1,896.146
2019-05-28,896.146,900.771,887.806,889.654,46292.9,889.654
2019-05-29,883.172,898.913,881.314,889.654,43485.6,889.654
2019-05-30,884.091,889.654,849.802,857.233,67117.8,857.233
2019-05-31,847.964,857.233,834.98,846.097,50716.3,846.097
2019-06-03,834.042,834.042,780.296,789.565,86972.2,789.565
2019-06-04,794.2,799.773,774.743,785.87,60967.9,785.87
2019-06-05,810.899,819.229,796.057,815.534,26762.3,815.534
2019-06-06,814.585,814.585,780.296,780.296,29458.3,780.296
2019-06-07,780.296,780.296,763.626,772.885,34097.3,772.885
2019-06-10,780.296,796.996,780.296,794.2,23739.4,794.2
2019-06-11,796.057,796.057,771.966,774.743,40139.9,774.743
2019-06-12,771.028,771.028,749.733,758.063,70571.8,758.063
2019-06-13,754.348,754.348,738.597,744.16,49529.3,744.16
2019-06-14,746.018,764.536,746.018,751.581,48126.6,751.581
2019-06-17,747.875,755.287,739.526,741.383,42730.6,741.383
2019-06-18,746.018,746.018,724.704,725.623,31400.3,725.623
2019-06-19,736.759,744.16,731.186,743.241,18019.6,743.241
2019-06-20,747.875,747.875,736.759,740.455,41760.1,740.455
2019-06-21,744.16,744.16,725.623,725.623,44890.2,725.623
2019-06-24,732.115,752.51,716.364,752.51,48558.7,752.51
2019-06-25,750.642,750.642,725.623,732.115,55031.5,732.115
2019-06-26,732.115,733.043,720.059,720.059,21797.4,720.059
2019-06-27,720.988,732.115,716.364,731.186,19962.7,731.186
2019-06-28,735.82,737.678,727.49,727.49,17696.8,727.49
2019-07-01,740.455,751.581,734.901,751.581,37228.4,751.581
2019-07-02,758.063,759.921,748.785,758.982,20934.2,758.982
2019-07-03,759.921,771.966,756.215,771.966,26762.3,771.966
2019-07-04,772.885,794.2,772.885,792.362,49853.1,792.362
2019-07-05,792.362,795.138,770.109,788.646,40895.9,788.646
2019-07-08,792.362,796.057,774.743,776.591,18883.9,776.591
2019-07-09,784.941,786.789,771.966,781.235,20393.8,781.235
2019-07-10,772.885,783.083,767.332,775.662,23308.3,775.662
2019-07-11,780.296,785.87,775.662,776.591,13056.8,776.591
2019-07-12,777.53,777.53,763.626,770.109,19531.6,770.109
2019-07-16,763.626,771.966,758.982,769.17,20072.0,769.17
2019-07-17,771.966,771.966,751.581,759.921,29027.1,759.921
2019-07-18,761.779,762.698,743.241,743.241,31077.5,743.241
2019-07-19,746.947,765.484,746.947,758.982,29458.3,758.982
2019-07-22,762.698,765.484,756.215,758.982,16185.9,758.982
2019-07-23,764.536,788.646,764.536,784.022,38521.7,784.022
2019-07-24,792.362,809.96,779.368,809.96,42407.8,809.96
2019-07-25,787.727,796.996,780.296,784.022,50931.9,784.022
2019-07-26,781.235,790.504,780.296,784.941,18019.6,784.941
2019-07-29,795.138,807.194,787.727,807.194,36472.4,807.194
2019-07-30,810.899,822.935,802.549,806.255,39601.5,806.255
2019-07-31,799.773,814.585,792.362,808.103,41437.3,808.103
2019-08-01,722.856,778.449,722.856,774.743,132509.0,774.743
2019-08-02,767.332,767.332,745.089,748.785,33451.6,748.785
2019-08-05,748.785,748.785,708.943,727.49,59672.5,727.49
2019-08-06,699.674,725.623,698.755,720.988,30213.2,720.988
2019-08-07,722.856,733.972,714.506,732.115,32480.1,732.115
2019-08-08,734.901,734.901,720.988,722.856,22984.5,722.856
2019-08-09,727.49,730.267,719.13,720.059,26653.0,720.059
2019-08-13,712.658,712.658,700.603,705.237,32050.0,705.237
2019-08-14,708.943,712.658,703.379,712.658,21688.1,712.658
2019-08-15,693.192,711.719,687.638,708.024,26653.0,708.024
2019-08-16,702.47,712.658,699.674,704.308,24388.1,704.308
2019-08-19,709.872,712.658,704.308,704.308,20393.8,704.308
2019-08-20,710.791,718.221,708.943,717.292,14891.5,717.292
2019-08-21,711.719,712.658,702.47,706.166,17481.2,706.166
2019-08-22,708.943,719.13,700.603,702.47,31832.4,702.47
2019-08-23,705.237,708.943,698.755,704.308,14891.5,704.308
2019-08-26,694.111,694.111,683.004,685.781,35825.8,685.781
2019-08-27,695.968,701.532,691.334,691.334,14566.7,691.334
2019-08-28,689.486,699.674,683.004,698.755,28918.9,698.755
2019-08-29,695.04,695.04,676.512,682.065,42947.2,682.065
2019-08-30,683.004,705.237,683.004,705.237,88374.9,705.237
2019-09-02,705.237,713.567,696.897,696.897,30752.6,696.897
2019-09-03,688.557,696.897,683.004,692.273,103804.0,692.273
2019-09-04,692.273,694.111,683.004,686.709,23308.3,686.709
2019-09-05,688.557,708.024,688.557,703.379,95928.4,703.379
2019-09-06,708.024,708.943,695.04,695.04,49314.7,695.04
2019-09-09,699.674,714.506,698.755,712.658,36904.6,712.658
2019-09-10,718.221,720.059,708.943,713.567,28704.3,713.567
2019-09-11,713.567,733.043,711.719,729.328,47587.2,729.328
2019-09-12,729.328,736.759,729.328,734.901,113842.0,734.901
2019-09-13,737.678,746.018,728.419,737.678,71972.4,737.678
2019-09-17,740.455,754.348,739.526,750.642,56110.3,750.642
2019-09-18,752.51,762.698,746.018,747.875,47046.8,747.875
2019-09-19,748.785,758.063,743.241,756.215,41110.4,756.215
2019-09-20,753.429,768.261,753.429,764.536,41110.4,764.536
2019-09-24,762.698,774.743,762.698,771.028,48558.7,771.028
2019-09-25,784.941,786.789,770.109,771.966,92583.8,771.966
2019-09-26,771.966,782.164,749.733,752.51,249480.0,752.51
2019-09-27,741.275,753.439,730.978,734.713,123403.0,734.713
2019-09-30,726.304,732.846,711.324,714.121,66668.5,714.121
2019-10-01,715.998,730.04,715.998,723.488,19766.3,723.488
2019-10-02,720.692,740.326,716.937,729.101,19232.0,729.101
2019-10-03,715.998,715.998,703.824,709.447,29703.2,709.447
2019-10-04,709.447,715.998,705.702,714.121,15598.9,714.121
2019-10-07,714.121,721.621,711.324,719.753,14103.2,719.753
2019-10-08,720.692,732.846,719.753,732.846,18910.2,732.846
2019-10-09,722.549,731.907,721.621,726.304,11325.2,726.304
2019-10-10,729.101,729.101,720.692,722.549,16666.6,722.549
2019-10-11,726.304,727.233,712.253,716.937,22437.0,716.937
2019-10-15,716.937,728.162,716.937,724.417,29275.1,724.417
2019-10-16,729.101,733.785,720.692,721.621,26924.2,721.621
2019-10-17,722.549,723.488,714.121,719.753,20300.7,719.753
2019-10-18,718.804,729.101,712.253,718.804,17949.8,718.804
2019-10-21,719.753,723.488,714.121,717.866,15385.4,717.866
2019-10-23,717.866,725.356,714.121,720.692,17629.0,720.692
2019-10-24,728.162,730.04,720.692,727.233,18591.4,727.233
2019-10-25,730.978,730.978,722.549,728.162,28740.8,728.162
2019-10-28,731.907,733.785,725.356,730.978,22972.4,730.978
2019-10-29,732.846,749.704,732.846,749.704,49362.3,749.704
2019-10-30,752.51,772.174,743.142,772.174,44874.1,772.174
2019-10-31,758.123,759.051,736.601,739.407,48292.6,739.407
2019-11-01,731.907,742.204,730.978,742.204,18803.9,742.204
2019-11-05,748.745,750.623,742.204,749.704,23504.7,749.704
2019-11-06,748.745,748.745,738.458,741.275,19232.0,741.275
2019-11-07,738.458,745.958,737.53,743.142,11645.0,743.142
2019-11-08,747.826,747.826,740.326,743.142,18377.9,743.142
2019-11-11,746.897,746.897,739.407,745.958,13034.5,745.958
2019-11-12,748.745,754.368,745.01,745.958,22650.5,745.958
2019-11-13,745.958,745.958,737.53,740.326,13676.1,740.326
2019-11-14,740.326,741.275,728.162,731.907,19445.5,731.907
2019-11-15,727.233,739.407,727.233,734.713,17094.7,734.713
2019-11-18,733.785,745.958,731.907,745.958,21796.4,745.958
2019-11-19,747.826,749.704,739.407,749.704,19123.7,749.704
2019-11-20,748.745,750.623,737.53,741.275,12393.9,741.275
2019-11-21,761.868,789.012,740.326,753.439,239009.0,753.439
2019-11-22,753.439,761.868,751.571,754.368,39211.9,754.368
2019-11-25,761.868,767.47,754.368,758.123,35792.4,758.123
2019-11-26,762.806,762.806,747.826,747.826,25535.7,747.826
2019-11-27,748.745,755.306,740.326,755.306,33547.8,755.306
2019-11-28,758.123,761.868,748.745,748.745,26498.2,748.745
2019-11-29,749.704,753.439,742.204,742.204,17736.3,742.204
2019-12-02,743.142,752.51,743.142,746.897,25856.6,746.897
2019-12-03,743.142,751.571,737.53,751.571,28740.8,751.571
2019-12-04,746.897,755.306,746.897,753.439,18162.3,753.439
2019-12-05,754.368,756.255,744.071,744.071,22437.0,744.071
2019-12-06,743.142,751.571,743.142,749.704,20726.7,749.704
2019-12-09,758.123,761.868,749.704,751.571,26924.2,751.571
2019-12-10,749.704,755.306,749.704,751.571,16240.5,751.571
2019-12-11,750.623,752.51,745.01,746.897,18162.3,746.897
2019-12-12,747.826,747.826,733.785,739.407,34296.6,739.407
2019-12-13,745.01,750.623,741.275,745.958,25749.3,745.958
2019-12-16,746.897,750.623,741.275,742.204,22544.3,742.204
2019-12-17,744.071,748.745,736.601,748.745,28312.7,748.745
2019-12-18,749.704,750.623,739.407,743.142,25107.7,743.142
2019-12-19,743.142,743.142,738.458,743.142,12821.0,743.142
2019-12-20,744.071,747.826,739.407,744.071,17842.5,744.071
2019-12-23,743.142,744.071,730.04,734.713,43698.1,734.713
2019-12-24,733.785,737.53,730.04,736.601,23504.7,736.601
2019-12-25,750.623,750.623,735.652,743.142,47332.2,743.142
2019-12-26,745.958,748.745,739.407,748.745,29703.2,748.745
2019-12-27,748.745,750.623,744.071,744.071,16881.1,744.071
2019-12-30,744.071,747.826,741.275,745.01,11753.3,745.01
2020-01-06,744.071,745.01,731.907,732.846,33120.7,732.846
2020-01-07,742.204,749.704,739.407,746.897,28312.7,746.897
2020-01-08,739.407,740.326,721.621,728.162,30021.9,728.162
2020-01-09,730.978,742.204,730.978,741.275,18057.1,741.275
2020-01-10,741.275,745.01,741.275,743.142,9937.84,743.142
2020-01-14,746.897,761.868,744.071,758.123,43912.7,758.123
2020-01-15,756.255,758.123,747.826,758.123,22116.2,758.123
2020-01-16,762.806,768.419,751.571,754.368,37289.1,754.368
2020-01-17,767.47,767.47,751.571,754.368,43164.8,754.368
2020-01-20,759.051,780.583,759.051,777.767,53207.9,777.767
2020-01-21,783.389,801.166,782.46,785.267,77035.4,785.267
2020-01-22,785.267,788.063,778.725,780.583,27244.0,780.583
2020-01-23,780.583,788.063,770.287,778.725,29060.5,778.725
2020-01-24,776.838,776.838,757.174,763.735,33442.5,763.735
2020-01-27,752.51,759.99,746.897,751.571,40600.4,751.571
2020-01-28,742.204,754.368,738.458,748.745,41776.3,748.745
2020-01-29,760.919,774.96,728.162,731.907,95625.9,731.907
2020-01-30,730.978,736.601,709.447,716.937,42525.2,716.937
2020-01-31,703.824,723.488,702.895,715.998,30343.8,715.998
2020-02-03,701.957,716.937,701.028,713.202,26176.3,713.202
2020-02-04,715.998,729.101,715.998,725.356,31305.2,725.356
2020-02-05,730.978,736.601,727.233,727.233,19232.0,727.233
2020-02-06,735.652,737.53,725.356,735.652,28526.2,735.652
2020-02-07,735.652,735.652,722.549,729.101,17309.2,729.101
2020-02-10,729.101,729.101,717.866,720.692,22329.7,720.692
2020-02-12,725.356,725.356,712.253,717.866,16561.3,717.866
2020-02-13,717.866,720.692,711.324,716.937,16134.3,716.937
2020-02-14,716.937,716.937,705.702,711.324,16240.5,711.324
2020-02-17,703.824,704.783,692.599,695.405,26282.6,695.405
2020-02-18,697.283,697.283,677.628,678.567,27459.6,678.567
2020-02-19,675.761,692.599,675.761,681.374,28312.7,681.374
2020-02-20,687.925,694.486,680.435,683.231,19766.3,683.231
2020-02-21,680.435,680.435,658.913,661.709,66563.2,661.709
2020-02-25,636.453,648.617,628.962,633.636,117421.0,633.636
2020-02-26,631.769,634.575,617.727,632.698,38571.3,632.698
2020-02-27,625.208,627.085,609.298,609.298,41134.7,609.298
2020-02-28,585.899,592.451,568.132,569.061,63252.0,569.061
2020-03-02,560.632,609.298,560.632,602.747,72866.0,602.747
2020-03-03,629.891,629.891,596.196,596.196,50002.9,596.196
2020-03-04,584.032,601.818,584.032,587.767,21688.1,587.767
2020-03-05,599.002,602.747,588.715,591.532,19979.9,591.532
2020-03-06,582.154,582.154,565.316,565.316,37073.6,565.316
2020-03-09,554.081,554.081,520.385,524.13,61861.5,524.13
2020-03-10,486.7,534.427,486.7,533.498,79063.5,533.498
2020-03-11,534.427,551.265,511.038,511.038,50537.2,511.038
2020-03-12,496.047,511.957,483.893,488.557,72012.9,488.557
2020-03-13,449.259,461.423,432.411,452.065,85153.7,452.065
2020-03-16,452.065,482.016,452.065,453.933,52032.9,453.933
2020-03-17,449.259,485.761,439.891,482.016,83657.9,482.016
2020-03-18,477.342,490.445,459.545,459.545,60365.8,459.545
2020-03-19,482.016,482.016,441.769,452.065,53422.4,452.065
2020-03-23,452.065,480.148,446.443,477.342,52888.1,477.342
2020-03-24,493.241,514.763,487.628,514.763,36647.5,514.763
2020-03-25,555.958,555.958,520.385,541.917,54062.0,541.917
2020-03-26,526.018,535.356,509.15,534.427,39531.7,534.427
2020-03-27,562.51,570.929,550.336,569.061,35792.4,569.061
2020-03-30,556.68,578.557,549.071,578.557,53909.2,578.557
2020-03-31,578.557,578.557,554.792,563.35,26901.9,563.35
2020-04-01,549.071,559.545,533.854,538.597,30685.8,538.597
2020-04-02,533.854,543.35,519.575,526.235,29739.6,526.235
2020-04-03,524.338,534.802,501.492,515.761,20281.4,515.761
2020-04-06,506.255,550.978,506.255,545.267,36464.3,545.267
2020-04-07,547.164,568.113,542.411,567.144,25116.8,567.144
2020-04-08,568.113,591.897,559.545,586.196,49810.6,586.196
2020-04-09,595.692,596.66,577.619,596.66,26796.7,596.66
2020-04-10,593.794,593.794,572.866,589.032,25642.0,589.032
2020-04-13,594.753,602.362,584.279,586.196,29214.4,586.196
2020-04-14,589.99,609.022,586.196,609.022,19125.7,609.022
2020-04-15,613.785,621.403,602.362,608.083,32576.2,608.083
2020-04-16,608.083,632.816,604.269,632.816,48129.7,632.816
2020-04-17,642.332,646.136,625.198,625.198,39827.2,625.198
2020-04-20,625.198,630.899,613.785,628.063,23854.8,628.063
2020-04-21,621.403,622.352,601.413,617.589,16813.3,617.589
2020-04-22,604.269,606.166,589.032,596.66,17023.8,596.66
2020-04-23,600.464,619.486,600.464,619.486,23748.6,619.486
2020-04-24,621.403,633.765,610.929,633.765,22279.1,633.765
2020-04-27,647.085,649.941,630.899,636.611,26165.2,636.611
2020-04-28,644.239,646.136,627.105,643.281,15236.6,643.281
2020-04-30,656.601,662.312,650.899,658.498,36360.1,658.498
2020-05-01,658.498,658.498,642.332,645.188,23012.8,645.188
2020-05-07,651.838,665.158,649.002,665.158,18914.2,665.158
2020-05-08,675.632,688.014,670.879,679.447,38671.5,679.447
2020-05-11,679.447,704.19,677.549,704.19,26062.0,704.19
2020-05-12,713.696,729.881,689.901,702.283,77763.0,702.283
2020-05-13,730.83,736.542,715.603,728.923,52962.0,728.923
2020-05-14,730.83,730.83,686.107,686.107,24801.0,686.107
2020-05-15,700.375,700.375,668.024,695.623,33627.7,695.623
2020-05-18,697.53,708.004,694.684,706.097,19020.5,706.097
2020-05-19,743.202,748.903,732.737,739.397,78498.8,739.397
2020-05-20,741.304,758.429,734.634,745.099,52122.0,745.099
2020-05-21,744.15,747.006,729.881,745.099,45608.8,745.099
2020-05-22,750.81,754.625,740.336,745.099,32472.0,745.099
2020-05-25,755.563,759.377,744.15,755.563,32260.5,755.563
2020-05-26,760.336,760.336,740.336,749.862,51807.3,749.862
2020-05-27,753.676,753.676,732.737,744.15,35938.1,744.15
2020-05-28,742.243,742.243,717.5,735.593,45817.2,735.593
2020-05-29,724.17,741.304,723.211,734.634,28057.7,734.634
2020-06-01,732.737,743.202,731.779,742.243,22382.4,742.243
2020-06-02,753.676,753.676,739.397,743.202,30159.6,743.202
2020-06-03,743.202,749.862,736.542,743.202,23644.3,743.202
2020-06-04,744.15,744.15,733.676,744.15,23748.6,744.15
2020-06-05,745.099,745.099,733.676,734.634,19020.5,734.634
2020-06-08,753.676,768.893,747.006,764.14,83962.6,764.14
2020-06-09,767.945,769.842,754.625,759.377,24381.1,759.377
2020-06-10,753.676,760.336,747.964,756.522,15027.1,756.522
2020-06-11,750.81,751.759,734.634,734.634,25955.7,734.634
2020-06-12,711.798,734.634,708.943,729.881,77343.1,729.881
2020-06-15,740.336,740.336,717.5,721.314,40458.7,721.314
2020-06-16,728.923,758.429,728.923,758.429,52122.0,758.429
2020-06-17,785.069,829.792,779.358,829.792,284783.0,829.792
2020-06-18,845.978,847.875,818.37,834.555,166035.0,834.555
2020-06-19,837.411,846.927,822.184,840.267,100358.0,840.267
2020-06-22,843.103,843.103,825.03,833.607,49495.9,833.607
2020-06-23,836.453,847.875,809.812,809.812,96678.3,809.812
2020-06-24,806.957,809.812,799.348,802.204,52543.0,802.204
2020-06-25,803.142,824.091,797.441,819.338,87010.7,819.338
2020-06-26,833.607,886.887,828.844,886.887,237495.0,886.887
2020-06-29,942.085,1018.21,926.868,991.561,1329550.0,991.561
2020-06-30,1046.77,1075.32,959.219,1012.51,1120008.0,1012.51
2020-07-01,1002.04,1017.27,955.415,967.767,360129.0,967.767
2020-07-02,961.107,980.148,871.66,876.423,375682.0,876.423
2020-07-03,890.702,905.929,864.051,892.609,165614.0,892.609
2020-07-06,894.496,950.652,894.496,947.787,162884.0,947.787
2020-07-07,942.085,961.107,911.63,947.787,136190.0,947.787
2020-07-08,942.085,946.838,922.105,922.105,104981.0,922.105
2020-07-09,923.043,944.941,898.31,922.105,120743.0,922.105
2020-07-10,922.105,922.105,889.743,889.743,105190.0,889.743
2020-07-13,904.022,943.034,888.794,934.466,109394.0,934.466
2020-07-14,934.466,934.466,898.31,918.291,75450.6,918.291
2020-07-15,918.291,929.704,904.022,928.765,74926.4,928.765
2020-07-16,932.569,937.342,901.156,901.156,59689.7,901.156
2020-07-17,904.022,924.951,900.217,912.579,50546.3,912.579
2020-07-20,922.105,955.415,909.733,953.498,91319.8,953.498
2020-07-21,961.107,983.004,938.281,949.694,134090.0,949.694
2020-07-22,943.034,989.664,930.662,980.148,134720.0,980.148
2020-07-27,963.972,1018.21,963.972,1014.41,202081.0,1014.41
2020-07-28,1015.36,1054.37,999.18,1005.85,279740.0,1005.85
2020-07-29,1008.7,1008.7,954.447,983.004,180222.0,983.004
2020-07-30,1046.77,1072.45,965.889,971.581,705863.0,971.581
2020-07-31,955.415,956.354,869.763,897.362,306852.0,897.362
2020-08-03,925.909,925.909,899.269,907.826,123477.0,907.826
2020-08-04,921.146,1035.35,916.393,1012.51,580076.0,1012.51
2020-08-05,1009.64,1045.81,981.097,1027.73,301387.0,1027.73
2020-08-06,1010.6,1022.02,970.632,973.488,171500.0,973.488
2020-08-07,966.828,1002.04,962.075,963.014,112022.0,963.014
2020-08-11,963.014,963.014,923.043,953.498,108869.0,953.498
2020-08-12,965.889,971.581,939.229,962.075,118011.0,962.075
2020-08-13,975.395,997.283,956.354,983.962,131043.0,983.962
2020-08-14,991.561,1012.51,981.097,986.808,120112.0,986.808
2020-08-17,992.52,1042.01,992.52,1022.02,177910.0,1022.02
2020-08-18,1012.51,1021.07,983.004,1002.98,180432.0,1002.98
2020-08-19,1022.96,1117.18,1016.3,1117.18,543399.0,1117.18
2020-08-20,1103.86,1112.43,1066.75,1081.02,263871.0,1081.02
2020-08-21,1099.1,1153.34,1081.98,1149.54,356241.0,1149.54
2020-08-24,1146.68,1159.04,1115.29,1137.16,233501.0,1137.16
2020-08-25,1146.68,1157.15,1102.9,1111.47,217423.0,1111.47
2020-08-26,1099.1,1104.81,1077.21,1090.54,188733.0,1090.54
2020-08-27,1099.1,1123.84,1075.32,1082.92,114648.0,1082.92
2020-08-28,1075.32,1076.26,1016.3,1036.29,293821.0,1036.29
2020-08-31,1051.51,1070.55,1039.15,1044.85,116645.0,1044.85
2020-09-01,1039.15,1047.71,1009.64,1045.81,157838.0,1045.81
2020-09-02,1062.93,1089.58,1053.43,1067.69,195775.0,1067.69
2020-09-03,1066.75,1074.35,1047.71,1062.93,134509.0,1062.93
2020-09-04,1028.68,1075.32,1020.11,1047.71,198507.0,1047.71
2020-09-07,1065.8,1112.43,1040.09,1102.9,341215.0,1102.9
2020-09-08,1160.0,1237.09,1147.63,1237.09,1033627.0,1237.09
2020-09-09,1203.77,1267.53,1186.64,1206.63,955337.0,1206.63
2020-09-10,1213.3,1253.25,1171.42,1181.89,419713.0,1181.89
2020-09-11,1237.09,1240.88,1190.45,1227.56,317360.0,1227.56
2020-09-14,1227.56,1233.28,1160.95,1164.75,360129.0,1164.75
2020-09-15,1189.5,1214.24,1181.89,1208.54,314523.0,1208.54
2020-09-16,1208.54,1208.54,1172.36,1191.41,243484.0,1191.41
2020-09-17,1201.88,1297.97,1193.31,1284.65,700189.0,1284.65
2020-09-18,1313.21,1317.97,1238.97,1257.08,591003.0,1257.08
2020-09-23,1252.29,1295.13,1239.94,1283.72,303172.0,1283.72
2020-09-24,1275.15,1279.9,1223.75,1230.42,303592.0,1230.42
2020-09-25,1272.29,1356.98,1258.96,1356.98,760193.0,1356.98
2020-09-28,1381.73,1409.32,1309.41,1347.47,668558.0,1347.47
2020-09-29,1331.2,1384.79,1322.58,1366.61,235421.0,1366.61
2020-09-30,1366.61,1369.48,1338.84,1342.68,184219.0,1342.68
2020-10-02,1340.77,1348.43,1283.34,1304.4,332912.0,1304.4
2020-10-05,1313.01,1337.9,1274.73,1306.31,220687.0,1306.31
2020-10-06,1312.07,1313.01,1282.39,1294.83,165830.0,1294.83
2020-10-07,1284.31,1313.97,1277.61,1290.04,166143.0,1290.04
2020-10-08,1313.01,1359.91,1294.83,1354.16,325075.0,1354.16
2020-10-09,1337.9,1351.29,1313.97,1336.95,198743.0,1336.95
2020-10-12,1371.39,1444.13,1347.47,1429.77,551824.0,1429.77
2020-10-13,1435.51,1478.58,1397.23,1478.58,497593.0,1478.58
2020-10-14,1492.92,1509.2,1460.4,1496.77,407728.0,1496.77
2020-10-15,1496.77,1530.25,1455.61,1462.31,385368.0,1462.31
2020-10-16,1454.65,1460.4,1390.53,1415.42,359453.0,1415.42
2020-10-19,1427.85,1464.21,1393.39,1464.21,294459.0,1464.21
2020-10-20,1472.84,1598.2,1471.89,1593.42,534896.0,1593.42
2020-10-21,1619.25,1671.89,1598.2,1618.3,731551.0,1618.3
2020-10-22,1598.2,1598.2,1435.51,1453.7,778887.0,1453.7
2020-10-23,1435.51,1495.8,1335.98,1416.36,628208.0,1416.36
2020-10-26,1405.85,1405.85,1258.46,1268.02,559976.0,1268.02
2020-10-27,1268.02,1381.92,1268.02,1348.43,658197.0,1348.43
2020-10-28,1320.67,1397.23,1276.65,1335.98,808875.0,1335.98
2020-10-29,1278.56,1319.71,1258.46,1301.53,354333.0,1301.53
2020-10-30,1290.04,1325.45,1234.55,1254.63,346392.0,1254.63
2020-11-02,1254.63,1273.77,1181.91,1231.67,335942.0,1231.67
2020-11-04,1260.38,1304.4,1241.25,1291.96,300415.0,1291.96
2020-11-05,1317.8,1348.43,1295.79,1346.51,305431.0,1346.51
2020-11-06,1375.21,1395.32,1331.2,1347.47,272306.0,1347.47
2020-11-09,1418.28,1483.37,1416.36,1473.79,551406.0,1473.79
2020-11-10,1431.68,1431.68,1333.1,1348.43,561124.0,1348.43
2020-11-11,1325.45,1375.21,1270.91,1357.03,378992.0,1357.03
2020-11-12,1391.49,1427.85,1354.16,1380.96,367499.0,1380.96
2020-11-13,1390.53,1437.43,1343.64,1409.67,419537.0,1409.67
2020-11-16,1409.67,1409.67,1357.03,1394.37,272411.0,1394.37
2020-11-17,1381.92,1381.92,1291.96,1303.44,303550.0,1303.44
2020-11-18,1298.67,1355.13,1298.67,1342.68,242526.0,1342.68
2020-11-19,1344.59,1365.65,1318.75,1357.03,190803.0,1357.03
2020-11-20,1349.38,1357.99,1320.67,1338.84,159560.0,1338.84
2020-11-24,1344.59,1359.91,1313.01,1324.5,160291.0,1324.5
2020-11-25,1324.5,1324.5,1286.22,1286.22,196341.0,1286.22
2020-11-26,1272.82,1322.58,1269.95,1318.75,172307.0,1318.75
2020-11-27,1328.33,1376.19,1302.49,1367.56,272411.0,1367.56
2020-11-30,1396.27,1413.5,1365.65,1383.83,242526.0,1383.83
2020-12-01,1412.55,1418.28,1374.26,1398.18,153812.0,1398.18
2020-12-02,1398.18,1401.07,1362.78,1369.48,167187.0,1369.48
2020-12-03,1352.25,1355.13,1312.07,1314.92,177115.0,1314.92
2020-12-04,1314.92,1323.55,1263.25,1278.56,180039.0,1278.56
2020-12-07,1267.08,1272.82,1198.17,1220.19,316402.0,1220.19
2020-12-08,1200.09,1249.85,1191.48,1229.75,143676.0,1229.75
2020-12-09,1229.75,1236.45,1202.96,1213.49,101148.0,1213.49
2020-12-10,1196.25,1212.53,1181.91,1184.78,141379.0,1184.78
2020-12-11,1198.17,1222.09,1197.21,1214.45,106895.0,1214.45
2020-12-14,1217.31,1247.93,1215.4,1233.58,125390.0,1233.58
2020-12-15,1233.58,1263.25,1209.66,1223.05,143886.0,1223.05
2020-12-16,1224.97,1246.03,1211.57,1246.03,139288.0,1246.03
2020-12-17,1241.25,1256.55,1226.89,1256.55,86937.8,1256.55
2020-12-18,1257.51,1261.33,1229.75,1239.33,96655.1,1239.33
2020-12-21,1238.37,1249.85,1224.97,1241.25,80145.3,1241.25
2020-12-22,1222.09,1230.71,1179.99,1184.78,138452.0,1184.78
2020-12-23,1185.73,1220.19,1185.73,1210.61,112643.0,1210.61
2020-12-24,1203.91,1231.67,1202.01,1231.67,91953.3,1231.67
2020-12-25,1234.55,1246.03,1198.17,1214.45,104909.0,1214.45
2020-12-28,1208.7,1218.27,1181.91,1188.61,120166.0,1188.61
2020-12-29,1177.12,1218.27,1172.33,1202.01,84951.3,1202.01
2020-12-30,1179.03,1200.09,1163.73,1186.69,104388.0,1186.69
2021-01-04,1180.95,1191.48,1149.37,1175.21,92685.0,1175.21
2021-01-05,1176.16,1199.13,1166.59,1188.61,88609.7,1188.61
2021-01-06,1188.61,1211.57,1175.21,1180.95,58620.1,1180.95
2021-01-07,1195.31,1198.17,1178.07,1183.81,57261.9,1183.81
2021-01-08,1191.48,1204.87,1178.07,1204.87,82861.5,1204.87
2021-01-12,1189.56,1191.48,1171.37,1185.73,84430.1,1185.73
2021-01-13,1188.61,1209.66,1185.73,1202.01,76383.7,1202.01
2021-01-14,1196.25,1221.15,1174.25,1188.61,100104.0,1188.61
2021-01-15,1192.43,1192.43,1164.67,1177.12,84324.9,1177.12
2021-01-18,1167.55,1179.03,1143.63,1179.03,81190.7,1179.03
2021-01-19,1182.86,1193.39,1167.55,1173.29,65726.3,1173.29
2021-01-20,1169.46,1186.69,1163.73,1179.99,77324.8,1179.99
2021-01-21,1171.37,1202.01,1166.59,1197.21,99686.0,1197.21
2021-01-22,1188.61,1202.01,1182.86,1196.25,62904.9,1196.25
2021-01-25,1210.61,1233.58,1201.04,1229.75,114628.0,1229.75
2021-01-26,1235.49,1240.28,1202.96,1210.61,111597.0,1210.61
2021-01-27,1239.33,1241.25,1208.7,1226.89,235316.0,1226.89
2021-01-28,1177.12,1203.91,1148.4,1178.07,429777.0,1178.07
2021-01-29,1178.07,1179.99,1115.87,1115.87,243050.0,1115.87
2021-02-01,1100.55,1137.88,1087.15,1133.09,128526.0,1133.09
2021-02-02,1133.09,1155.11,1130.22,1139.79,97491.0,1139.79
2021-02-03,1139.79,1144.58,1126.39,1126.39,88713.9,1126.39
2021-02-04,1126.39,1135.97,1108.21,1131.2,93101.9,1131.2
2021-02-05,1134.05,1141.71,1118.74,1128.31,79310.4,1128.31
2021-02-08,1124.49,1129.27,1113.0,1127.36,91117.4,1127.36
2021-02-09,1124.49,1130.22,1112.04,1127.36,63949.2,1127.36
2021-02-10,1121.61,1156.07,1121.61,1147.45,86101.9,1147.45
2021-02-12,1151.27,1151.27,1123.52,1131.2,66874.9,1131.2
2021-02-15,1134.05,1154.15,1128.31,1154.15,73352.7,1154.15
2021-02-16,1160.86,1162.76,1135.97,1137.88,72621.1,1137.88
2021-02-17,1129.27,1136.93,1119.69,1121.61,70636.5,1121.61
2021-02-18,1132.14,1133.09,1078.55,1082.37,123091.0,1082.37
2021-02-19,1087.15,1115.87,1083.34,1113.96,122047.0,1113.96
2021-02-22,1110.13,1125.44,1104.39,1121.61,76697.4,1121.61
2021-02-24,1116.83,1119.69,1061.32,1064.19,140124.0,1064.19
2021-02-25,1071.86,1087.15,1063.23,1067.07,80773.7,1067.07
2021-02-26,1038.35,1061.32,1030.7,1042.19,138973.0,1042.19
2021-03-01,1042.19,1054.62,1033.57,1052.7,61859.5,1052.7
2021-03-02,1071.86,1088.11,1059.41,1068.02,69487.9,1068.02
2021-03-03,1077.59,1077.59,1039.31,1045.05,84220.6,1045.05
2021-03-04,1028.78,1038.35,1011.56,1028.78,105432.0,1028.78
2021-03-05,1014.43,1021.13,979.022,1021.13,86728.4,1021.13
2021-03-08,1022.08,1039.31,1010.6,1016.33,71681.9,1016.33
2021-03-09,1015.39,1035.49,990.504,1031.66,72934.8,1031.66
2021-03-10,1025.91,1057.49,1024.0,1045.05,68755.2,1045.05
2021-03-11,1034.52,1071.86,1031.66,1071.86,90177.2,1071.86
2021-03-12,1077.59,1089.08,1070.89,1089.08,68755.2,1089.08
2021-03-15,1107.26,1108.21,1077.59,1087.15,60709.8,1087.15
2021-03-16,1088.11,1104.39,1083.34,1103.43,60082.4,1103.43
2021-03-17,1103.43,1116.83,1099.6,1112.04,42632.5,1112.04
2021-03-18,1137.88,1154.15,1129.27,1151.27,109716.0,1151.27
2021-03-19,1138.84,1169.46,1125.44,1169.46,124659.0,1169.46
2021-03-22,1166.59,1166.59,1136.93,1151.27,62068.9,1151.27
2021-03-23,1156.07,1159.89,1135.01,1135.01,47857.4,1135.01
2021-03-24,1129.27,1129.27,1102.48,1106.3,65203.1,1106.3
2021-03-25,1105.34,1120.66,1086.21,1116.83,78056.5,1116.83
2021-03-26,1130.22,1136.93,1119.69,1132.14,40856.4,1132.14
2021-03-29,1138.84,1155.11,1125.44,1139.79,84324.9,1139.79
2021-03-30,1120.49,1139.79,1113.74,1118.56,65795.1,1118.56
2021-03-31,1118.56,1145.59,1115.66,1134.97,45591.6,1134.97
2021-04-01,1142.7,1153.31,1135.94,1148.48,41757.1,1148.48
2021-04-02,1152.34,1160.07,1139.79,1140.76,43932.9,1140.76
2021-04-05,1162.95,1170.67,1143.66,1147.52,70044.5,1147.52
2021-04-06,1150.42,1150.42,1119.53,1127.25,64966.3,1127.25
2021-04-07,1121.46,1164.89,1118.56,1161.03,86103.9,1161.03
2021-04-08,1162.95,1162.95,1127.25,1137.86,60614.7,1137.86
2021-04-09,1143.66,1158.13,1134.0,1158.13,56987.7,1158.13
2021-04-12,1159.09,1162.0,1145.59,1158.13,52843.6,1158.13
2021-04-13,1177.43,1213.14,1142.7,1153.31,243599.0,1153.31
2021-04-14,1153.31,1182.26,1150.42,1178.41,99677.9,1178.41
2021-04-15,1189.01,1195.77,1158.13,1165.85,116773.0,1165.85
2021-04-16,1164.89,1182.26,1159.09,1173.57,66417.5,1173.57
2021-04-19,1173.57,1191.91,1162.0,1189.98,68385.9,1189.98
2021-04-20,1182.26,1197.71,1165.85,1183.23,76157.0,1183.23
2021-04-21,1159.09,1160.07,1109.88,1110.84,201530.0,1110.84
2021-04-22,1117.6,1132.08,1117.6,1129.18,36990.6,1129.18
2021-04-23,1122.42,1141.73,1112.78,1124.36,45383.1,1124.36
2021-04-26,1135.94,1135.94,1107.94,1117.6,51185.9,1117.6
2021-04-27,1115.66,1123.39,1109.88,1109.88,40098.4,1109.88
2021-04-28,1109.88,1117.6,1093.47,1110.84,80197.9,1110.84
2021-04-30,1109.88,1113.74,1101.19,1104.08,35228.7,1104.08
2021-05-06,1100.23,1100.23,1077.07,1077.07,64137.5,1077.07
2021-05-07,1076.11,1085.75,1063.55,1072.24,65795.1,1072.24
2021-05-10,1071.26,1071.26,1050.05,1060.65,61132.8,1060.65
2021-05-11,1050.05,1054.87,1025.91,1037.49,155941.0,1037.49
2021-05-12,989.239,1020.12,967.045,980.553,167752.0,980.553
2021-05-13,962.223,980.553,950.632,963.182,86518.9,963.182
2021-05-14,972.826,995.03,964.14,983.449,66105.8,983.449
2021-05-17,989.239,1010.47,977.658,984.417,67038.9,984.417
2021-05-18,993.103,1008.54,982.48,995.998,52946.8,995.998
2021-05-19,994.061,1024.95,989.239,1011.43,45072.4,1011.43
2021-05-20,1053.9,1093.47,1053.9,1071.26,243495.0,1071.26
2021-05-21,1071.26,1080.93,1053.9,1075.13,76157.0,1075.13
2021-05-24,1072.24,1072.24,1050.05,1055.83,51185.9,1055.83
2021-05-25,1071.26,1071.26,1035.56,1035.56,48492.0,1035.56
2021-05-26,1035.56,1050.05,1023.98,1029.77,28908.7,1029.77
2021-05-27,1022.06,1032.67,1014.34,1017.23,31395.2,1017.23
2021-05-28,1032.67,1040.39,1011.43,1016.25,31602.7,1016.25
2021-05-31,1006.61,1018.19,1003.72,1005.64,31292.0,1005.64
2021-06-01,1006.61,1021.09,998.893,1018.19,36472.4,1018.19
2021-06-02,1020.12,1020.12,1004.67,1004.67,31705.9,1004.67
2021-06-03,1004.67,1021.09,1002.76,1007.58,26525.5,1007.58
2021-06-04,1011.43,1011.43,981.522,981.522,31602.7,981.522
2021-06-07,994.061,1002.76,991.166,995.998,30462.2,995.998
2021-06-08,988.281,997.925,987.302,994.061,20826.9,994.061
2021-06-09,999.852,1002.76,988.281,988.281,16993.5,988.281
2021-06-10,986.344,997.925,979.585,997.925,32534.7,997.925
2021-06-11,997.925,1013.37,997.925,997.925,40617.6,997.925
2021-06-14,1026.88,1034.59,1006.61,1023.01,47870.6,1023.01
2021-06-15,1018.19,1021.09,1005.64,1005.64,22069.6,1005.64
2021-06-16,1005.64,1005.64,993.103,997.925,22069.6,997.925
2021-06-17,994.061,997.925,989.239,996.957,22898.5,996.957
2021-06-18,1003.72,1003.72,974.763,974.763,27458.5,974.763
2021-06-21,963.182,969.941,954.486,957.391,44139.3,957.391
2021-06-22,972.826,986.344,968.962,983.449,33674.3,983.449
2021-06-23,997.925,1022.06,997.925,1021.09,113561.0,1021.09
2021-06-24,1032.67,1036.53,1012.4,1028.81,52118.0,1028.81
2021-06-25,1027.84,1027.84,1013.37,1013.37,35436.1,1013.37
2021-06-28,1013.37,1018.19,1007.58,1015.3,19479.9,1015.3
2021-06-29,1013.37,1023.98,1005.64,1019.16,57610.1,1019.16
2021-06-30,1023.98,1028.81,1009.51,1009.51,19479.9,1009.51
2021-07-01,1009.51,1011.43,995.03,995.03,26214.8,995.03
2021-07-02,1001.78,1013.37,999.852,1013.37,14610.2,1013.37
2021-07-05,1004.67,1014.34,995.03,995.03,14298.5,995.03
2021-07-06,995.03,997.925,987.302,997.925,16267.9,997.925
2021-07-07,994.061,994.061,982.48,983.449,19479.9,983.449
2021-07-08,983.449,987.302,962.223,962.223,27769.2,962.223
2021-07-09,958.36,977.658,954.486,972.826,61443.5,972.826
2021-07-12,986.344,995.03,981.522,988.281,26421.2,988.281
2021-07-13,989.239,1001.78,989.239,995.03,21863.2,995.03
2021-07-14,1007.58,1011.43,999.852,1006.61,18857.6,1006.61
2021-07-15,1007.58,1007.58,985.375,985.375,18857.6,985.375
2021-07-16,985.375,996.957,985.375,985.375,12641.9,985.375
2021-07-19,985.375,988.281,969.941,978.626,40513.3,978.626
2021-07-20,971.868,979.585,962.223,962.223,29737.6,962.223
2021-07-21,978.626,987.302,973.794,983.449,24348.7,983.449
2021-07-26,989.239,992.134,976.7,980.553,29012.0,980.553
2021-07-27,980.553,985.375,973.794,978.626,11501.3,978.626
2021-07-28,973.794,975.721,959.318,961.245,31913.4,961.245
2021-07-29,962.223,977.658,962.223,973.794,12952.5,973.794
2021-07-30,976.7,976.7,962.223,962.223,24763.6,962.223
2021-08-02,969.941,974.763,965.109,972.826,22587.8,972.826
2021-08-03,972.826,982.48,972.826,977.658,10983.2,977.658
2021-08-04,976.7,978.626,965.109,965.109,24142.2,965.109
2021-08-05,1040.39,1040.39,990.198,993.103,91076.9,993.103
2021-08-06,987.302,1000.82,974.763,985.375,29737.6,985.375
2021-08-10,997.925,1008.54,992.134,1008.54,19375.7,1008.54
2021-08-11,1003.72,1014.34,998.893,1002.76,21551.5,1002.76
2021-08-12,998.893,1007.58,994.061,994.061,19479.9,994.061
2021-08-13,996.957,1006.61,993.103,1002.76,23105.9,1002.76
2021-08-16,1001.78,1001.78,979.585,979.585,21551.5,979.585
2021-08-17,980.553,980.553,948.706,949.664,59164.5,949.664
2021-08-18,946.769,977.658,943.883,972.826,41549.6,972.826
2021-08-19,972.826,984.417,972.826,973.794,24452.9,973.794
2021-08-20,972.826,983.449,961.245,968.962,57920.8,968.962
2021-08-23,968.962,993.103,968.962,990.198,31187.8,990.198
2021-08-24,995.998,1005.64,995.03,1002.76,29219.4,1002.76
2021-08-25,1003.72,1016.25,1002.76,1015.3,36575.7,1015.3
2021-08-26,1023.98,1031.71,1015.3,1018.19,44036.1,1018.19
2021-08-27,1013.37,1021.09,1000.82,1016.25,56884.5,1016.25
2021-08-30,1026.88,1056.79,1023.01,1056.79,65899.4,1056.79
2021-08-31,1051.97,1066.44,1051.97,1054.87,55123.6,1054.87
2021-09-01,1061.62,1069.35,1045.22,1069.35,30358.9,1069.35
2021-09-02,1072.24,1078.02,1068.38,1068.38,31602.7,1068.38
2021-09-03,1079.96,1079.96,1062.59,1063.55,181844.0,1063.55
2021-09-06,1066.44,1107.94,1066.44,1107.94,71908.6,1107.94
2021-09-07,1108.91,1108.91,1080.93,1085.75,53879.8,1085.75
2021-09-08,1085.75,1092.5,1078.02,1090.58,37508.7,1090.58
2021-09-09,1085.75,1093.47,1069.35,1076.11,42275.2,1076.11
2021-09-10,1078.99,1111.81,1073.2,1111.81,115738.0,1111.81
2021-09-13,1109.88,1125.32,1106.98,1125.32,46316.2,1125.32
2021-09-14,1126.28,1126.28,1105.06,1117.6,52118.0,1117.6
2021-09-15,1101.19,1108.91,1093.47,1106.98,42067.8,1106.98
2021-09-16,1101.19,1101.19,1054.87,1071.26,75224.9,1071.26
2021-09-17,1073.2,1085.75,1062.59,1085.75,48492.0,1085.75
2021-09-21,1061.62,1064.52,1049.07,1063.55,38234.3,1063.55
2021-09-22,1058.73,1068.38,1053.9,1053.9,45798.0,1053.9
2021-09-24,1071.26,1081.89,1066.44,1080.93,49424.0,1080.93
2021-09-27,1088.65,1089.6,1076.11,1076.11,49010.1,1076.11
2021-09-28,1071.26,1071.26,1042.31,1048.11,176975.0,1048.11
2021-09-29,1030.61,1036.44,1011.17,1017.0,112622.0,1017.0
2021-09-30,1018.94,1018.94,996.581,1006.3,32706.8,1006.3
2021-10-01,997.549,1006.3,983.943,990.741,31061.3,990.741
2021-10-04,998.528,998.528,972.273,973.241,36718.3,973.241
2021-10-05,964.496,970.326,947.964,955.741,47620.6,955.741
2021-10-06,972.273,981.028,949.911,957.688,38158.4,957.688
2021-10-07,958.656,976.166,958.656,969.358,27461.6,969.358
2021-10-08,972.273,984.911,972.273,976.166,19953.6,976.166
2021-10-11,984.911,992.688,967.411,992.688,17690.7,992.688
2021-10-12,988.804,988.804,972.273,974.219,15016.0,974.219
2021-10-13,967.411,975.188,962.549,975.188,22421.8,975.188
2021-10-14,975.188,981.996,970.326,975.188,16250.6,975.188
2021-10-15,983.943,988.804,978.103,988.804,20981.7,988.804
2021-10-18,998.528,998.528,981.996,986.858,17176.6,986.858
2021-10-19,982.964,989.773,981.996,989.773,10182.7,989.773
2021-10-20,986.858,992.688,983.943,984.911,13884.6,984.911
2021-10-21,981.996,983.943,968.379,968.379,19850.3,968.379
2021-10-22,970.326,981.028,967.411,971.304,13268.3,971.304
2021-10-25,971.304,972.273,964.496,971.304,14091.0,971.304
2021-10-26,976.166,979.081,971.304,977.134,8948.1,977.134
2021-10-27,977.134,977.134,967.411,972.273,9359.98,972.273
2021-10-28,966.443,973.241,964.496,969.358,18924.4,969.358
2021-10-29,970.326,972.273,963.518,970.326,18101.6,970.326
2021-11-01,974.219,978.103,966.443,978.103,18410.3,978.103
2021-11-02,979.081,990.741,978.103,981.996,22421.8,981.996
2021-11-04,981.996,1017.0,981.996,1017.0,69836.0,1017.0
2021-11-05,1001.44,1028.67,987.826,1006.3,87218.2,1006.3
2021-11-08,998.528,1000.46,973.241,973.241,40009.4,973.241
2021-11-09,976.166,980.049,956.719,956.719,42580.9,956.719
2021-11-10,957.688,962.549,952.826,953.804,12136.9,953.804
2021-11-11,952.826,955.741,944.081,949.911,18718.9,949.911
2021-11-12,947.964,966.443,947.964,966.443,11621.8,966.443
2021-11-15,972.273,975.188,968.379,975.188,18924.4,975.188
2021-11-16,973.241,980.049,971.304,980.049,17484.3,980.049
2021-11-17,980.049,980.049,968.379,968.379,16868.0,968.379
2021-11-18,968.379,970.326,959.634,961.581,15324.7,961.581
2021-11-19,961.581,965.464,951.858,959.634,19130.8,959.634
2021-11-22,959.634,970.326,950.879,966.443,18204.8,966.443
2021-11-24,962.549,962.549,952.826,955.741,17176.6,955.741
2021-11-25,962.549,962.549,954.773,955.741,13268.3,955.741
2021-11-26,959.634,959.634,926.571,926.571,41551.7,926.571
2021-11-29,898.379,913.933,877.964,879.911,61299.8,879.911
2021-11-30,886.709,906.156,873.103,873.103,42169.0,873.103
2021-12-01,862.401,879.911,854.625,875.049,31780.8,875.049
2021-12-02,875.049,885.741,863.379,863.379,26741.0,863.379
2021-12-03,872.125,882.826,866.294,878.933,31472.1,878.933
2021-12-06,878.933,890.603,872.125,880.879,25404.2,880.879
2021-12-07,888.656,920.741,888.656,920.741,46489.2,920.741
2021-12-08,932.411,932.411,921.719,923.656,40214.8,923.656
2021-12-09,922.688,926.571,914.911,921.719,19233.0,921.719
2021-12-10,950.879,950.879,936.294,940.188,53688.6,940.188
2021-12-13,940.188,946.018,928.518,937.273,20262.2,937.273
2021-12-14,938.241,941.156,922.688,929.496,19644.9,929.496
2021-12-15,926.571,946.018,926.571,942.134,15119.2,942.134
2021-12-16,947.964,952.826,942.134,943.103,15427.9,943.103
2021-12-17,946.018,946.018,929.496,933.379,13679.2,933.379
2021-12-20,922.688,928.518,903.241,903.241,45666.5,903.241
2021-12-21,911.018,921.719,903.241,921.719,26021.5,921.719
2021-12-22,921.719,931.433,915.879,928.518,17690.7,928.518
2021-12-23,936.294,941.156,934.358,940.188,15530.1,940.188
2021-12-24,942.134,949.911,941.156,949.911,31678.6,949.911
2021-12-27,972.273,1020.89,970.326,1020.89,143889.0,1020.89
2021-12-28,1020.89,1030.61,981.996,994.634,95138.1,994.634
2021-12-29,994.634,1010.19,983.943,1010.19,45666.5,1010.19
2021-12-30,1010.19,1019.91,1003.39,1016.03,32398.1,1016.03
2022-01-04,1030.61,1040.34,1011.17,1018.94,42683.1,1018.94
2022-01-05,1028.67,1028.67,982.964,992.688,41860.3,992.688
2022-01-06,963.518,980.049,954.773,967.411,41449.4,967.411
2022-01-07,972.273,977.134,950.879,966.443,42683.1,966.443
2022-01-11,964.496,975.188,958.656,963.518,21599.1,963.518
2022-01-12,964.496,982.964,964.496,978.103,22627.3,978.103
2022-01-13,973.241,973.241,949.911,949.911,38158.4,949.911
2022-01-14,944.081,944.081,930.464,941.156,33118.7,941.156
2022-01-17,941.156,950.879,935.326,940.188,12651.0,940.188
2022-01-18,940.188,947.964,931.433,936.294,17792.9,936.294
2022-01-19,928.518,928.518,891.571,891.571,42580.9,891.571
2022-01-20,888.656,915.879,888.656,908.103,23347.8,908.103
2022-01-21,908.103,916.858,890.603,916.858,24684.7,916.858
2022-01-24,916.858,933.379,908.103,928.518,21804.5,928.518
2022-01-25,928.518,928.518,899.348,901.294,34969.6,901.294
2022-01-26,901.294,911.996,898.379,900.326,15222.5,900.326
2022-01-27,908.103,908.103,861.433,872.125,60579.3,872.125
2022-01-28,876.986,885.741,866.294,875.049,37849.8,875.049
2022-01-31,878.933,901.294,878.933,899.348,18204.8,899.348
2022-02-01,908.103,921.719,889.634,893.518,25198.8,893.518
2022-02-02,910.049,932.411,907.134,932.411,33220.9,932.411
2022-02-03,937.273,943.103,915.879,919.773,41551.7,919.773
2022-02-04,911.018,922.688,904.209,914.911,25302.0,914.911
2022-02-07,911.996,915.879,904.209,905.188,21701.3,905.188
2022-02-08,913.933,913.933,898.379,899.348,24067.3,899.348
2022-02-09,904.209,916.858,899.348,909.071,15530.1,909.071
2022-02-10,923.656,928.518,914.911,928.518,25095.5,928.518
2022-02-14,914.911,916.858,905.188,907.134,20981.7,907.134
2022-02-15,909.071,925.603,906.156,911.018,19438.4,911.018
2022-02-16,925.603,925.603,907.134,910.049,17792.9,910.049
2022-02-17,906.156,909.071,896.433,896.433,18308.0,896.433
2022-02-18,890.603,899.348,882.826,892.549,18822.1,892.549
2022-02-21,892.549,892.549,876.018,881.848,12651.0,881.848
2022-02-22,877.964,890.603,873.103,877.964,17176.6,877.964
2022-02-24,869.209,876.986,855.603,862.401,33529.5,862.401
2022-02-25,866.294,890.603,866.294,888.656,26124.7,888.656
2022-02-28,888.656,900.326,882.826,898.379,30341.7,898.379
2022-03-01,901.294,911.996,894.486,911.018,24890.1,911.018
2022-03-02,904.209,905.188,890.603,890.603,23553.2,890.603
2022-03-03,903.241,903.241,887.688,893.518,15633.3,893.518
2022-03-04,888.656,890.603,876.018,876.018,17484.3,876.018
2022-03-07,863.379,867.263,848.794,858.518,35380.5,858.518
2022-03-08,840.04,864.348,837.125,845.879,35586.9,845.879
2022-03-09,841.986,853.656,836.156,841.018,27256.1,841.018
2022-03-10,859.486,874.071,859.486,874.071,27770.2,874.071
2022-03-11,865.326,871.156,856.571,865.326,20776.3,865.326
2022-03-14,865.326,874.071,855.603,855.603,13987.8,855.603
2022-03-15,856.571,870.188,849.763,863.379,17587.5,863.379
2022-03-16,867.263,884.773,864.348,883.794,23039.1,883.794
2022-03-17,889.634,893.518,881.848,892.549,21804.5,892.549
2022-03-18,893.518,900.326,886.709,896.433,25095.5,896.433
2022-03-22,899.348,901.294,887.688,897.411,27563.8,897.411
2022-03-23,899.348,909.071,898.379,905.188,31369.9,905.188
2022-03-24,904.209,911.996,897.411,911.996,22113.2,911.996
2022-03-25,913.933,913.933,894.486,903.241,25198.8,903.241
2022-03-28,902.273,903.241,891.571,900.326,14810.6,900.326
2022-03-29,903.241,911.018,894.486,908.103,23758.7,908.103
2022-03-30,916.008,922.925,910.079,922.925,20644.8,922.925
2022-03-31,916.008,923.913,914.032,920.949,26312.0,920.949
2022-04-01,918.972,923.913,908.103,923.913,21555.6,923.913
2022-04-04,923.913,928.854,921.937,924.901,19329.2,924.901
2022-04-05,928.854,931.818,921.937,926.877,25806.0,926.877
2022-04-06,916.008,919.96,912.055,913.043,14066.8,913.043
2022-04-07,912.055,912.055,894.269,898.221,19734.0,898.221
2022-04-08,905.138,905.138,885.375,893.281,24692.8,893.281
2022-04-11,886.364,898.221,884.387,896.245,20746.0,896.245
2022-04-12,881.423,891.304,881.423,882.411,16090.8,882.411
2022-04-13,881.423,891.304,877.47,886.364,21454.4,886.364
2022-04-14,890.316,896.245,884.387,894.269,15584.8,894.269
2022-04-15,893.281,893.281,883.399,884.387,9310.4,884.387
2022-04-18,883.399,889.328,874.506,885.375,15584.8,885.375
2022-04-19,882.411,888.34,879.447,884.387,9816.4,884.387
2022-04-20,884.387,892.292,881.423,882.411,17406.4,882.411
2022-04-21,887.352,888.34,880.435,887.352,7387.6,887.352
2022-04-22,875.494,880.435,872.53,877.47,13662.0,877.47
2022-04-25,875.494,877.47,871.542,873.518,12346.4,873.518
2022-04-26,873.518,885.375,873.518,878.458,13156.0,878.458
2022-04-27,870.553,889.328,866.601,889.328,40176.4,889.328
2022-04-28,888.34,889.328,879.447,889.328,15180.0,889.328
2022-05-02,879.447,891.304,879.447,886.364,13156.0,886.364
2022-05-06,889.328,890.316,878.458,885.375,15584.8,885.375
2022-05-09,885.375,889.328,877.47,877.47,12245.2,877.47
2022-05-10,873.518,883.399,867.589,883.399,15686.0,883.399
2022-05-11,883.399,894.269,879.447,880.435,18823.2,880.435
2022-05-12,880.435,880.435,864.625,864.625,22972.4,864.625
2022-05-13,873.518,885.375,870.553,882.411,26716.8,882.411
2022-05-16,883.399,889.328,880.435,889.328,18418.4,889.328
2022-05-17,889.328,893.281,881.423,893.281,19835.2,893.281
2022-05-18,894.269,898.221,894.269,897.233,19734.0,897.233
2022-05-19,888.34,895.257,884.387,891.304,17811.2,891.304
2022-05-20,897.233,909.091,891.304,909.091,26210.8,909.091
2022-05-23,914.032,922.925,912.055,919.96,27222.8,919.96
2022-05-24,914.032,916.996,897.233,900.198,23276.0,900.198
2022-05-25,907.115,909.091,895.257,909.091,19734.0,909.091
2022-05-26,912.055,916.996,907.115,907.115,11941.6,907.115
2022-05-27,914.032,916.008,908.103,913.043,11739.2,913.043
2022-05-30,918.972,941.7,917.984,941.7,51004.8,941.7
2022-05-31,930.83,940.711,927.866,931.818,17507.6,931.818
2022-06-01,927.866,934.783,926.877,933.794,15382.4,933.794
2022-06-02,932.806,932.806,919.96,925.889,15483.6,925.889
2022-06-03,925.889,931.818,918.972,919.96,18722.0,919.96
2022-06-06,916.996,917.984,909.091,914.032,18924.4,914.032
2022-06-07,917.984,922.925,914.032,915.02,15382.4,915.02
2022-06-08,919.96,923.913,916.996,921.937,11334.4,921.937
2022-06-09,920.949,925.889,916.996,921.937,12447.6,921.937
2022-06-10,921.937,921.937,914.032,914.032,20442.4,914.032
2022-06-13,921.937,930.83,914.032,930.83,46349.6,930.83
2022-06-14,928.854,928.854,896.245,906.126,35217.6,906.126
2022-06-15,904.15,907.115,883.399,884.387,21758.0,884.387
2022-06-16,889.328,892.292,879.447,879.447,17204.0,879.447
2022-06-17,874.506,879.447,869.565,875.494,20138.8,875.494
2022-06-20,883.399,884.387,868.577,869.565,20138.8,869.565
2022-06-21,869.565,883.399,869.565,879.447,19025.6,879.447
2022-06-22,887.352,887.352,874.506,885.375,11840.4,885.375
2022-06-23,884.387,893.281,880.435,886.364,14168.0,886.364
2022-06-24,891.304,898.221,887.352,893.281,19126.8,893.281
2022-06-27,906.126,906.126,889.328,893.281,29246.8,893.281
2022-06-28,886.364,899.209,886.364,899.209,18924.4,899.209
2022-06-29,895.257,905.138,890.316,905.138,30056.4,905.138
2022-06-30,905.138,907.115,893.281,893.281,20240.0,893.281
2022-07-01,889.328,896.245,878.458,883.399,34104.4,883.399
2022-07-04,889.328,898.221,884.387,898.221,11334.4,898.221
2022-07-05,899.209,906.126,894.269,900.198,15787.2,900.198
2022-07-06,972.332,984.19,958.498,978.261,317768.0,978.261
2022-07-07,988.142,994.071,960.474,981.225,136923.0,981.225
2022-07-08,979.249,991.107,973.32,973.32,65476.4,973.32
2022-07-11,978.261,991.107,978.261,991.107,41188.4,991.107
2022-07-12,990.119,991.107,985.178,986.166,26615.6,986.166
2022-07-13,988.142,998.024,987.154,998.024,25704.8,998.024
2022-07-14,993.083,1015.81,993.083,1015.81,28032.4,1015.81
2022-07-15,1024.7,1025.69,1007.91,1010.87,16394.4,1010.87
2022-07-19,1015.81,1015.81,1003.95,1006.92,12852.4,1006.92
2022-07-20,1016.8,1020.75,1014.82,1019.76,20644.8,1019.76
2022-07-21,1016.8,1021.74,1011.86,1017.79,14876.4,1017.79
2022-07-22,1021.74,1052.37,1020.75,1050.4,45944.8,1050.4
2022-07-25,1065.22,1067.19,1038.54,1045.45,29752.8,1045.45
2022-07-26,1043.48,1049.41,1032.61,1047.43,17406.4,1047.43
2022-07-27,1045.45,1045.45,1032.61,1045.45,16799.2,1045.45
2022-07-28,1045.45,1074.11,1039.53,1074.11,42807.6,1074.11
2022-07-29,1077.08,1077.08,1052.37,1052.37,24186.8,1052.37
2022-08-01,1056.32,1073.12,1043.48,1073.12,23478.4,1073.12
2022-08-02,1074.11,1081.03,1062.25,1066.21,20746.0,1066.21
2022-08-03,1067.19,1076.09,1062.25,1069.17,25603.6,1069.17
2022-08-04,977.273,984.19,971.344,976.285,148156.0,976.285
2022-08-05,976.285,993.083,976.285,985.178,58392.4,985.178
2022-08-08,992.095,995.059,986.166,988.142,28943.2,988.142
2022-08-09,989.13,991.107,984.19,985.178,29449.2,985.178
2022-08-10,987.154,990.119,978.261,988.142,19025.6,988.142
2022-08-12,993.083,1002.96,992.095,1000.0,44224.4,1000.0
2022-08-15,1002.96,1002.96,990.119,993.083,31169.6,993.083
2022-08-16,993.083,1011.86,993.083,1008.89,26210.8,1008.89
2022-08-17,1008.89,1015.81,1008.89,1013.83,21150.8,1013.83
2022-08-18,1014.82,1025.69,1009.88,1023.72,26716.8,1023.72
2022-08-19,1023.72,1023.72,1007.91,1007.91,53231.2,1007.91
2022-08-22,1007.91,1016.8,1000.0,1016.8,38253.6,1016.8
2022-08-23,1009.88,1016.8,1007.91,1010.87,22972.4,1010.87
2022-08-24,1014.82,1021.74,1005.93,1021.74,28437.2,1021.74
2022-08-25,1024.7,1029.64,1020.75,1024.7,32586.4,1024.7
2022-08-26,1033.6,1039.53,1027.67,1027.67,124982.0,1027.67
2022-08-29,1014.82,1023.72,1013.83,1019.76,23680.8,1019.76
2022-08-30,1019.76,1022.73,1016.8,1021.74,18620.8,1021.74
2022-08-31,1021.74,1033.6,1016.8,1031.62,18823.2,1031.62
2022-09-01,1024.7,1026.68,1017.79,1017.79,29752.8,1017.79
2022-09-02,1017.79,1018.77,1000.99,1014.82,93002.8,1014.82
2022-09-05,1012.85,1012.85,1004.94,1007.91,93913.6,1007.91
2022-09-06,1010.87,1019.76,1010.87,1014.82,20240.0,1014.82
2022-09-07,1011.86,1011.86,996.047,1000.99,92800.4,1000.99
2022-09-08,1010.87,1010.87,1002.96,1007.91,36533.2,1007.91
2022-09-09,999.012,1008.89,999.012,1002.96,42908.8,1002.96
2022-09-12,1013.83,1020.75,1010.87,1017.79,31776.8,1017.79
2022-09-13,1024.7,1024.7,1014.82,1017.79,30360.0,1017.79
2022-09-14,1006.92,1010.87,1000.99,1002.96,43516.0,1002.96
2022-09-15,1007.91,1009.88,1000.99,1000.99,29752.8,1000.99
2022-09-16,997.036,1000.99,994.071,997.036,40378.8,997.036
2022-09-20,1004.94,1007.91,1000.99,1006.92,19025.6,1006.92
2022-09-21,1005.93,1007.91,999.012,1006.92,24389.2,1006.92
2022-09-22,1004.94,1009.88,1003.95,1009.88,32384.0,1009.88
2022-09-26,1015.81,1015.81,1005.93,1009.88,57178.0,1009.88
2022-09-27,1007.91,1009.88,993.083,993.083,57076.8,993.083
2022-09-28,998.024,1001.98,989.13,1000.0,155342.0,1000.0
2022-09-29,976.0,988.0,971.0,980.0,94300.0,980.0
2022-09-30,974.0,982.0,942.0,949.0,49800.0,949.0
2022-10-03,944.0,965.0,940.0,965.0,29200.0,965.0
2022-10-04,970.0,980.0,965.0,980.0,33100.0,980.0
2022-10-05,986.0,991.0,973.0,976.0,24100.0,976.0
2022-10-06,976.0,985.0,976.0,982.0,16600.0,982.0
2022-10-07,980.0,986.0,976.0,979.0,23100.0,979.0
2022-10-11,965.0,971.0,962.0,965.0,23100.0,965.0
2022-10-12,962.0,967.0,958.0,958.0,17200.0,958.0
2022-10-13,953.0,953.0,944.0,945.0,28300.0,945.0
2022-10-14,957.0,963.0,954.0,963.0,22400.0,963.0
2022-10-17,962.0,966.0,956.0,962.0,11900.0,962.0
2022-10-18,968.0,974.0,962.0,969.0,20200.0,969.0
2022-10-19,970.0,976.0,967.0,976.0,10400.0,976.0
2022-10-20,968.0,979.0,968.0,979.0,11200.0,979.0
2022-10-21,979.0,980.0,974.0,979.0,10600.0,979.0
2022-10-24,980.0,986.0,974.0,986.0,17700.0,986.0
2022-10-25,990.0,990.0,981.0,987.0,16700.0,987.0
2022-10-26,987.0,992.0,985.0,990.0,12300.0,990.0
2022-10-27,985.0,988.0,979.0,984.0,12300.0,984.0
2022-10-28,977.0,1008.0,976.0,1008.0,133000.0,1008.0
2022-10-31,1007.0,1007.0,994.0,1000.0,20600.0,1000.0
2022-11-01,1003.0,1003.0,992.0,997.0,11200.0,997.0
2022-11-02,997.0,997.0,975.0,975.0,44800.0,975.0
2022-11-04,963.0,986.0,961.0,986.0,28700.0,986.0
2022-11-07,987.0,989.0,979.0,985.0,15800.0,985.0
2022-11-08,989.0,994.0,984.0,994.0,23200.0,994.0
2022-11-09,996.0,997.0,988.0,993.0,9500.0,993.0
2022-11-10,996.0,1000.0,991.0,1000.0,20300.0,1000.0
2022-11-11,1000.0,1003.0,996.0,1000.0,20800.0,1000.0
2022-11-14,999.0,1011.0,997.0,1003.0,33900.0,1003.0
2022-11-15,1003.0,1003.0,994.0,997.0,16000.0,997.0
2022-11-16,994.0,995.0,990.0,994.0,10500.0,994.0
2022-11-17,996.0,1009.0,995.0,1009.0,27600.0,1009.0
2022-11-18,1010.0,1020.0,1009.0,1011.0,30100.0,1011.0
2022-11-21,1011.0,1022.0,1011.0,1020.0,27100.0,1020.0
2022-11-22,1020.0,1038.0,1020.0,1038.0,32700.0,1038.0
2022-11-24,1042.0,1055.0,1042.0,1050.0,38000.0,1050.0
2022-11-25,1056.0,1060.0,1050.0,1060.0,42600.0,1060.0
2022-11-28,1060.0,1060.0,1042.0,1046.0,12500.0,1046.0
2022-11-29,1033.0,1037.0,1030.0,1035.0,13800.0,1035.0
2022-11-30,1034.0,1034.0,1017.0,1017.0,16000.0,1017.0
2022-12-01,1021.0,1025.0,1012.0,1015.0,16200.0,1015.0
2022-12-02,1010.0,1012.0,1003.0,1006.0,18200.0,1006.0
2022-12-05,1019.0,1019.0,995.0,1000.0,26000.0,1000.0
2022-12-06,996.0,1000.0,994.0,995.0,14400.0,995.0
2022-12-07,995.0,1012.0,992.0,1010.0,22200.0,1010.0
2022-12-08,1007.0,1010.0,996.0,1007.0,12200.0,1007.0
2022-12-09,1050.0,1090.0,1042.0,1085.0,219900.0,1085.0
2022-12-12,1080.0,1080.0,1053.0,1056.0,71500.0,1056.0
2022-12-13,1059.0,1066.0,1056.0,1056.0,31500.0,1056.0
2022-12-14,1056.0,1077.0,1056.0,1075.0,24300.0,1075.0
2022-12-15,1105.0,1124.0,1080.0,1113.0,87200.0,1113.0
2022-12-16,1110.0,1110.0,1065.0,1072.0,41300.0,1072.0
2022-12-19,1070.0,1084.0,1066.0,1084.0,21500.0,1084.0
2022-12-20,1080.0,1084.0,1049.0,1054.0,30900.0,1054.0
2022-12-21,1051.0,1051.0,1034.0,1036.0,20400.0,1036.0
2022-12-22,1041.0,1042.0,1022.0,1022.0,24100.0,1022.0
2022-12-23,1016.0,1022.0,1009.0,1018.0,43400.0,1018.0
2022-12-26,1025.0,1034.0,1016.0,1016.0,36200.0,1016.0
2022-12-27,1019.0,1038.0,1019.0,1036.0,11200.0,1036.0
2022-12-28,1028.0,1035.0,1022.0,1027.0,17600.0,1027.0
2022-12-29,1025.0,1045.0,1025.0,1045.0,12700.0,1045.0
2022-12-30,1049.0,1056.0,1039.0,1041.0,14600.0,1041.0
2023-01-04,1039.0,1039.0,1030.0,1030.0,20300.0,1030.0
2023-01-05,1030.0,1036.0,1000.0,1016.0,31700.0,1016.0
2023-01-06,1016.0,1023.0,1012.0,1023.0,15400.0,1023.0
2023-01-10,1026.0,1036.0,1014.0,1014.0,21200.0,1014.0
2023-01-11,1022.0,1031.0,1021.0,1029.0,9300.0,1029.0
2023-01-12,1037.0,1037.0,1024.0,1027.0,8100.0,1027.0
2023-01-13,1029.0,1035.0,1023.0,1030.0,14600.0,1030.0
2023-01-16,1030.0,1040.0,1030.0,1038.0,19400.0,1038.0
2023-01-17,1039.0,1044.0,1034.0,1036.0,8000.0,1036.0
2023-01-18,1042.0,1042.0,1021.0,1022.0,56800.0,1022.0
2023-01-19,1027.0,1032.0,1020.0,1029.0,10800.0,1029.0
2023-01-20,1030.0,1055.0,1030.0,1051.0,27100.0,1051.0
2023-01-23,1051.0,1067.0,1051.0,1064.0,14800.0,1064.0
2023-01-24,1072.0,1092.0,1072.0,1092.0,26500.0,1092.0
2023-01-25,1090.0,1110.0,1090.0,1100.0,54700.0,1100.0
2023-01-26,1100.0,1100.0,1083.0,1083.0,19000.0,1083.0
2023-01-27,1086.0,1086.0,1071.0,1082.0,18600.0,1082.0
2023-01-30,1081.0,1088.0,1077.0,1088.0,15200.0,1088.0
2023-01-31,1090.0,1099.0,1090.0,1099.0,15700.0,1099.0
2023-02-01,1100.0,1100.0,1083.0,1083.0,11500.0,1083.0
2023-02-02,1092.0,1092.0,1081.0,1081.0,12900.0,1081.0
2023-02-03,1081.0,1084.0,1074.0,1081.0,8700.0,1081.0
2023-02-06,1080.0,1087.0,1079.0,1081.0,9700.0,1081.0
2023-02-07,1077.0,1084.0,1076.0,1077.0,7400.0,1077.0
2023-02-08,1085.0,1088.0,1080.0,1081.0,10700.0,1081.0
2023-02-09,1069.0,1107.0,1066.0,1105.0,39700.0,1105.0
2023-02-10,1108.0,1135.0,1100.0,1119.0,49600.0,1119.0
2023-02-13,1115.0,1115.0,1090.0,1101.0,27500.0,1101.0
2023-02-14,1115.0,1123.0,1104.0,1120.0,24900.0,1120.0
2023-02-15,1125.0,1125.0,1100.0,1108.0,16700.0,1108.0
2023-02-16,1111.0,1122.0,1107.0,1121.0,18000.0,1121.0
2023-02-17,1120.0,1120.0,1103.0,1108.0,14200.0,1108.0
2023-02-20,1105.0,1117.0,1100.0,1117.0,19300.0,1117.0
2023-02-21,1112.0,1125.0,1111.0,1122.0,15600.0,1122.0
2023-02-22,1112.0,1122.0,1104.0,1110.0,18200.0,1110.0
2023-02-24,1118.0,1129.0,1111.0,1129.0,18400.0,1129.0
2023-02-27,1133.0,1141.0,1133.0,1141.0,25400.0,1141.0
2023-02-28,1147.0,1158.0,1147.0,1153.0,23500.0,1153.0
2023-03-01,1155.0,1170.0,1151.0,1167.0,23800.0,1167.0
2023-03-02,1177.0,1177.0,1165.0,1170.0,21700.0,1170.0
2023-03-03,1177.0,1179.0,1170.0,1176.0,24000.0,1176.0
2023-03-06,1187.0,1191.0,1182.0,1188.0,25600.0,1188.0
2023-03-07,1190.0,1193.0,1184.0,1193.0,14700.0,1193.0
2023-03-08,1192.0,1224.0,1192.0,1222.0,52200.0,1222.0
2023-03-09,1230.0,1235.0,1216.0,1225.0,32600.0,1225.0
2023-03-10,1210.0,1223.0,1188.0,1192.0,49900.0,1192.0
2023-03-13,1180.0,1180.0,1155.0,1170.0,26700.0,1170.0
2023-03-14,1149.0,1155.0,1126.0,1127.0,28100.0,1127.0
2023-03-15,1148.0,1153.0,1140.0,1149.0,24300.0,1149.0
2023-03-16,1119.0,1135.0,1119.0,1129.0,25500.0,1129.0
2023-03-17,1140.0,1166.0,1140.0,1162.0,17300.0,1162.0
2023-03-20,1162.0,1162.0,1126.0,1128.0,17100.0,1128.0
2023-03-22,1140.0,1159.0,1139.0,1158.0,17600.0,1158.0
2023-03-23,1149.0,1160.0,1141.0,1159.0,12800.0,1159.0
2023-03-24,1159.0,1170.0,1148.0,1170.0,15300.0,1170.0
2023-03-27,1170.0,1176.0,1154.0,1164.0,23900.0,1164.0
2023-03-28,1170.0,1170.0,1139.0,1145.0,17500.0,1145.0
2023-03-29,1145.0,1167.0,1138.0,1166.0,27900.0,1166.0
2023-03-30,1142.0,1150.0,1131.0,1138.0,36800.0,1138.0
2023-03-31,1142.0,1142.0,1130.0,1142.0,20600.0,1142.0
2023-04-03,1155.0,1155.0,1145.0,1151.0,20400.0,1151.0
2023-04-04,1158.0,1164.0,1142.0,1157.0,24700.0,1157.0
2023-04-05,1150.0,1150.0,1129.0,1133.0,22800.0,1133.0
2023-04-06,1121.0,1129.0,1114.0,1114.0,21200.0,1114.0
2023-04-07,1115.0,1124.0,1111.0,1122.0,28400.0,1122.0
2023-04-10,1137.0,1139.0,1125.0,1135.0,21900.0,1135.0
2023-04-11,1139.0,1140.0,1125.0,1129.0,15700.0,1129.0
2023-04-12,1130.0,1145.0,1130.0,1143.0,8600.0,1143.0
2023-04-13,1144.0,1148.0,1136.0,1144.0,11200.0,1144.0
2023-04-14,1146.0,1150.0,1140.0,1150.0,13800.0,1150.0
2023-04-17,1150.0,1150.0,1131.0,1133.0,13800.0,1133.0
2023-04-18,1134.0,1144.0,1134.0,1143.0,14300.0,1143.0
2023-04-19,1137.0,1147.0,1133.0,1147.0,10900.0,1147.0
2023-04-20,1142.0,1153.0,1142.0,1152.0,9400.0,1152.0
2023-04-21,1152.0,1155.0,1146.0,1155.0,9700.0,1155.0
2023-04-24,1156.0,1165.0,1155.0,1163.0,14100.0,1163.0
2023-04-25,1166.0,1172.0,1155.0,1158.0,23400.0,1158.0
2023-04-26,1150.0,1152.0,1141.0,1149.0,9200.0,1149.0
2023-04-27,1149.0,1149.0,1139.0,1143.0,14700.0,1143.0
2023-04-28,1146.0,1155.0,1143.0,1148.0,20400.0,1148.0
2023-05-01,1148.0,1152.0,1134.0,1145.0,20900.0,1145.0
2023-05-02,1141.0,1152.0,1139.0,1151.0,11200.0,1151.0
2023-05-08,1151.0,1165.0,1149.0,1162.0,20700.0,1162.0
2023-05-09,1166.0,1184.0,1159.0,1184.0,20500.0,1184.0
2023-05-10,1186.0,1186.0,1162.0,1167.0,12700.0,1167.0
2023-05-11,1191.0,1206.0,1184.0,1189.0,37100.0,1189.0
2023-05-12,1183.0,1192.0,1172.0,1188.0,23000.0,1188.0
2023-05-15,1186.0,1197.0,1181.0,1197.0,15300.0,1197.0
2023-05-16,1203.0,1203.0,1194.0,1203.0,24600.0,1203.0
2023-05-17,1204.0,1209.0,1194.0,1205.0,22300.0,1205.0
2023-05-18,1210.0,1211.0,1191.0,1198.0,20800.0,1198.0
2023-05-19,1202.0,1202.0,1186.0,1189.0,9500.0,1189.0
2023-05-22,1187.0,1200.0,1172.0,1200.0,12900.0,1200.0
2023-05-23,1200.0,1202.0,1171.0,1177.0,14600.0,1177.0
2023-05-24,1170.0,1182.0,1168.0,1174.0,10400.0,1174.0
2023-05-25,1166.0,1175.0,1166.0,1170.0,15900.0,1170.0
2023-05-26,1170.0,1170.0,1144.0,1144.0,20100.0,1144.0
2023-05-29,1144.0,1150.0,1141.0,1144.0,13000.0,1144.0
2023-05-30,1150.0,1150.0,1135.0,1142.0,13200.0,1142.0
2023-05-31,1132.0,1156.0,1131.0,1151.0,31300.0,1151.0
2023-06-01,1150.0,1159.0,1149.0,1151.0,14300.0,1151.0
2023-06-02,1151.0,1163.0,1148.0,1162.0,13600.0,1162.0
2023-06-05,1174.0,1179.0,1168.0,1179.0,27000.0,1179.0
2023-06-06,1179.0,1198.0,1177.0,1197.0,26400.0,1197.0
2023-06-07,1197.0,1209.0,1193.0,1204.0,36800.0,1204.0
2023-06-08,1209.0,1210.0,1186.0,1192.0,37200.0,1192.0
2023-06-09,1201.0,1230.0,1193.0,1229.0,62400.0,1229.0
2023-06-12,1229.0,1255.0,1222.0,1255.0,65600.0,1255.0
2023-06-13,1285.0,1288.0,1256.0,1271.0,66500.0,1271.0
2023-06-14,1271.0,1271.0,1234.0,1236.0,29400.0,1236.0
2023-06-15,1230.0,1255.0,1224.0,1243.0,27100.0,1243.0
2023-06-16,1250.0,1265.0,1248.0,1265.0,31400.0,1265.0
2023-06-19,1273.0,1280.0,1268.0,1280.0,21200.0,1280.0
2023-06-20,1270.0,1270.0,1246.0,1258.0,17100.0,1258.0
2023-06-21,1247.0,1279.0,1247.0,1265.0,24800.0,1265.0
2023-06-22,1265.0,1265.0,1250.0,1250.0,20400.0,1250.0
2023-06-23,1251.0,1265.0,1236.0,1246.0,32600.0,1246.0
2023-06-26,1236.0,1247.0,1217.0,1230.0,39900.0,1230.0
2023-06-27,1226.0,1229.0,1209.0,1224.0,33600.0,1224.0
2023-06-28,1234.0,1253.0,1231.0,1253.0,25600.0,1253.0
2023-06-29,1253.0,1260.0,1241.0,1257.0,21900.0,1257.0
2023-06-30,1257.0,1257.0,1240.0,1241.0,22300.0,1241.0
2023-07-03,1242.0,1262.0,1242.0,1253.0,18300.0,1253.0
2023-07-04,1252.0,1264.0,1248.0,1249.0,21600.0,1249.0
2023-07-05,1240.0,1247.0,1230.0,1241.0,22800.0,1241.0
2023-07-06,1230.0,1235.0,1215.0,1220.0,20600.0,1220.0
2023-07-07,1203.0,1215.0,1200.0,1200.0,18300.0,1200.0
2023-07-10,1204.0,1212.0,1192.0,1192.0,19400.0,1192.0
2023-07-11,1198.0,1213.0,1196.0,1206.0,19400.0,1206.0
2023-07-12,1213.0,1213.0,1191.0,1191.0,21500.0,1191.0
2023-07-13,1207.0,1210.0,1190.0,1207.0,17600.0,1207.0
2023-07-14,1216.0,1216.0,1194.0,1199.0,15200.0,1199.0
2023-07-18,1196.0,1210.0,1194.0,1201.0,12500.0,1201.0
2023-07-19,1208.0,1223.0,1208.0,1223.0,16200.0,1223.0
2023-07-20,1217.0,1220.0,1208.0,1208.0,13000.0,1208.0
2023-07-21,1208.0,1216.0,1200.0,1213.0,24500.0,1213.0
2023-07-24,1205.0,1215.0,1205.0,1214.0,15800.0,1214.0
2023-07-25,1206.0,1206.0,1196.0,1196.0,22100.0,1196.0
2023-07-26,1195.0,1198.0,1188.0,1197.0,12200.0,1197.0
2023-07-27,1186.0,1196.0,1186.0,1194.0,9500.0,1194.0
2023-07-28,1188.0,1197.0,1179.0,1196.0,24400.0,1196.0
2023-07-31,1206.0,1209.0,1197.0,1209.0,20000.0,1209.0
2023-08-01,1215.0,1229.0,1215.0,1224.0,18200.0,1224.0
2023-08-02,1230.0,1240.0,1215.0,1231.0,54200.0,1231.0
2023-08-03,1195.0,1203.0,1168.0,1169.0,87100.0,1169.0
2023-08-04,1169.0,1179.0,1157.0,1160.0,21700.0,1160.0
2023-08-07,1160.0,1173.0,1150.0,1173.0,28500.0,1173.0
2023-08-08,1174.0,1178.0,1166.0,1167.0,14700.0,1167.0
2023-08-09,1165.0,1175.0,1160.0,1168.0,13800.0,1168.0
2023-08-10,1161.0,1167.0,1158.0,1166.0,19400.0,1166.0
2023-08-14,1164.0,1169.0,1150.0,1150.0,26800.0,1150.0
2023-08-15,1151.0,1158.0,1149.0,1158.0,16100.0,1158.0
2023-08-16,1150.0,1161.0,1150.0,1153.0,18600.0,1153.0
2023-08-17,1144.0,1145.0,1127.0,1140.0,38400.0,1140.0
2023-08-18,1135.0,1143.0,1116.0,1122.0,26200.0,1122.0
2023-08-21,1128.0,1139.0,1126.0,1126.0,35400.0,1126.0
2023-08-22,1135.0,1135.0,1127.0,1131.0,19600.0,1131.0
2023-08-23,1132.0,1143.0,1132.0,1142.0,21300.0,1142.0
2023-08-24,1148.0,1150.0,1138.0,1146.0,37500.0,1146.0
2023-08-25,1142.0,1152.0,1134.0,1145.0,31300.0,1145.0
2023-08-28,1158.0,1163.0,1153.0,1160.0,46500.0,1160.0
2023-08-29,1162.0,1169.0,1160.0,1164.0,31300.0,1164.0
2023-08-30,1169.0,1169.0,1157.0,1161.0,89400.0,1161.0
2023-08-31,1159.0,1169.0,1157.0,1162.0,107100.0,1162.0
2023-09-01,1161.0,1168.0,1157.0,1168.0,96100.0,1168.0
2023-09-04,1176.0,1196.0,1171.0,1192.0,58400.0,1192.0
2023-09-05,1195.0,1210.0,1189.0,1206.0,50400.0,1206.0
2023-09-06,1209.0,1212.0,1201.0,1204.0,23100.0,1204.0
2023-09-07,1199.0,1209.0,1198.0,1201.0,37900.0,1201.0
2023-09-08,1193.0,1205.0,1191.0,1191.0,34100.0,1191.0
2023-09-11,1193.0,1198.0,1177.0,1182.0,32900.0,1182.0
2023-09-12,1178.0,1190.0,1178.0,1189.0,13200.0,1189.0
2023-09-13,1190.0,1195.0,1181.0,1190.0,36100.0,1190.0
2023-09-14,1192.0,1192.0,1179.0,1180.0,59900.0,1180.0
2023-09-15,1181.0,1191.0,1178.0,1187.0,48700.0,1187.0
2023-09-19,1196.0,1202.0,1188.0,1202.0,64700.0,1202.0
2023-09-20,1207.0,1207.0,1185.0,1186.0,47600.0,1186.0
2023-09-21,1186.0,1196.0,1177.0,1177.0,34100.0,1177.0
2023-09-22,1170.0,1191.0,1168.0,1187.0,29100.0,1187.0
2023-09-25,1194.0,1197.0,1189.0,1197.0,25500.0,1197.0
2023-09-26,1200.0,1200.0,1193.0,1196.0,26600.0,1196.0
2023-09-27,1193.0,1206.0,1192.0,1206.0,173600.0,1206.0
2023-09-28,1172.0,1186.0,1142.0,1156.0,122400.0,1156.0
2023-09-29,1152.0,1154.0,1131.0,1137.0,23300.0,1137.0
2023-10-02,1135.0,1149.0,1124.0,1124.0,28200.0,1124.0
2023-10-03,1117.0,1122.0,1103.0,1103.0,22400.0,1103.0
2023-10-04,1085.0,1095.0,1074.0,1076.0,34900.0,1076.0
2023-10-05,1074.0,1110.0,1074.0,1109.0,36800.0,1109.0
2023-10-06,1117.0,1117.0,1106.0,1113.0,11300.0,1113.0
2023-10-10,1112.0,1120.0,1112.0,1118.0,14200.0,1118.0
2023-10-11,1115.0,1115.0,1097.0,1103.0,24300.0,1103.0
2023-10-12,1105.0,1111.0,1096.0,1111.0,19300.0,1111.0
2023-10-13,1094.0,1101.0,1086.0,1088.0,21500.0,1088.0
2023-10-16,1085.0,1085.0,1066.0,1069.0,20800.0,1069.0
2023-10-17,1070.0,1080.0,1065.0,1072.0,18000.0,1072.0
2023-10-18,1072.0,1082.0,1060.0,1082.0,21000.0,1082.0
2023-10-19,1072.0,1076.0,1062.0,1065.0,14600.0,1065.0
2023-10-20,1065.0,1067.0,1053.0,1067.0,17700.0,1067.0
2023-10-23,1065.0,1065.0,1045.0,1045.0,21500.0,1045.0
2023-10-24,1044.0,1059.0,1024.0,1058.0,30200.0,1058.0
2023-10-25,1066.0,1066.0,1054.0,1059.0,24700.0,1059.0
2023-10-26,1053.0,1058.0,1041.0,1043.0,22300.0,1043.0
2023-10-27,1045.0,1063.0,1045.0,1063.0,19700.0,1063.0
2023-10-30,1052.0,1064.0,1042.0,1051.0,93900.0,1051.0
2023-10-31,1056.0,1063.0,1045.0,1063.0,22400.0,1063.0
2023-11-01,1070.0,1072.0,1059.0,1067.0,43500.0,1067.0
2023-11-02,1077.0,1121.0,1075.0,1119.0,68400.0,1119.0
2023-11-06,1104.0,1124.0,1103.0,1123.0,38400.0,1123.0
2023-11-07,1123.0,1123.0,1107.0,1111.0,21900.0,1111.0
2023-11-08,1123.0,1126.0,1100.0,1100.0,31600.0,1100.0
2023-11-09,1099.0,1102.0,1087.0,1101.0,16300.0,1101.0
2023-11-10,1084.0,1104.0,1082.0,1104.0,13800.0,1104.0
2023-11-13,1106.0,1106.0,1091.0,1093.0,7300.0,1093.0
2023-11-14,1089.0,1093.0,1081.0,1084.0,9700.0,1084.0
2023-11-15,1093.0,1093.0,1080.0,1084.0,7000.0,1084.0
2023-11-16,1081.0,1087.0,1072.0,1073.0,11800.0,1073.0
2023-11-17,1073.0,1087.0,1073.0,1087.0,10200.0,1087.0
2023-11-20,1078.0,1092.0,1078.0,1082.0,17000.0,1082.0
2023-11-21,1081.0,1088.0,1072.0,1072.0,21300.0,1072.0
2023-11-22,1073.0,1084.0,1073.0,1082.0,11000.0,1082.0
2023-11-24,1084.0,1088.0,1080.0,1087.0,14900.0,1087.0
2023-11-27,1088.0,1094.0,1077.0,1077.0,20800.0,1077.0
2023-11-28,1077.0,1078.0,1065.0,1072.0,17600.0,1072.0
2023-11-29,1075.0,1078.0,1068.0,1074.0,7700.0,1074.0
2023-11-30,1078.0,1116.0,1078.0,1112.0,36100.0,1112.0
2023-12-01,1110.0,1110.0,1099.0,1102.0,15500.0,1102.0
2023-12-04,1105.0,1109.0,1095.0,1106.0,8500.0,1106.0
2023-12-05,1098.0,1102.0,1084.0,1084.0,15300.0,1084.0
2023-12-06,1110.0,1128.0,1110.0,1121.0,27200.0,1121.0
2023-12-07,1111.0,1111.0,1104.0,1109.0,15500.0,1109.0
2023-12-08,1147.0,1147.0,1089.0,1094.0,50700.0,1094.0
2023-12-11,1101.0,1111.0,1101.0,1111.0,14900.0,1111.0
2023-12-12,1120.0,1120.0,1097.0,1097.0,13600.0,1097.0
2023-12-13,1095.0,1101.0,1086.0,1086.0,15900.0,1086.0
2023-12-14,1086.0,1099.0,1086.0,1097.0,24600.0,1097.0
2023-12-15,1082.0,1094.0,1076.0,1085.0,28200.0,1085.0
2023-12-18,1073.0,1075.0,1064.0,1073.0,14400.0,1073.0
2023-12-19,1073.0,1083.0,1068.0,1083.0,10600.0,1083.0
2023-12-20,1085.0,1088.0,1081.0,1085.0,9200.0,1085.0
2023-12-21,1081.0,1086.0,1075.0,1077.0,13800.0,1077.0
2023-12-22,1076.0,1084.0,1075.0,1084.0,11300.0,1084.0
2023-12-25,1089.0,1089.0,1070.0,1072.0,26700.0,1072.0
2023-12-26,1070.0,1084.0,1070.0,1074.0,19300.0,1074.0
2023-12-27,1073.0,1093.0,1071.0,1087.0,24700.0,1087.0
2023-12-28,1080.0,1094.0,1080.0,1094.0,7800.0,1094.0
2023-12-29,1099.0,1101.0,1091.0,1101.0,9500.0,1101.0
2024-01-04,1100.0,1117.0,1092.0,1117.0,10400.0,1117.0
2024-01-05,1131.0,1134.0,1112.0,1112.0,15000.0,1112.0
2024-01-09,1110.0,1124.0,1103.0,1109.0,14700.0,1109.0
2024-01-10,1109.0,1124.0,1109.0,1113.0,16700.0,1113.0
2024-01-11,1113.0,1123.0,1108.0,1123.0,14700.0,1123.0
2024-01-12,1129.0,1129.0,1105.0,1110.0,12100.0,1110.0
2024-01-15,1119.0,1123.0,1109.0,1116.0,13300.0,1116.0
2024-01-16,1115.0,1115.0,1106.0,1107.0,9200.0,1107.0
2024-01-17,1117.0,1118.0,1099.0,1099.0,14900.0,1099.0
2024-01-18,1106.0,1106.0,1099.0,1099.0,5200.0,1099.0
2024-01-19,1100.0,1106.0,1098.0,1100.0,9200.0,1100.0
2024-01-22,1105.0,1128.0,1105.0,1121.0,11500.0,1121.0
2024-01-23,1121.0,1129.0,1118.0,1118.0,13500.0,1118.0
2024-01-24,1119.0,1119.0,1109.0,1114.0,11300.0,1114.0
2024-01-25,1120.0,1135.0,1115.0,1127.0,26700.0,1127.0
2024-01-26,1127.0,1135.0,1124.0,1124.0,13000.0,1124.0
2024-01-29,1129.0,1132.0,1127.0,1132.0,6100.0,1132.0
2024-01-30,1138.0,1138.0,1123.0,1125.0,8400.0,1125.0
2024-01-31,1123.0,1134.0,1121.0,1134.0,7200.0,1134.0
2024-02-01,1123.0,1127.0,1120.0,1120.0,9900.0,1120.0
2024-02-02,1135.0,1135.0,1116.0,1118.0,10600.0,1118.0
2024-02-05,1132.0,1140.0,1125.0,1130.0,13000.0,1130.0
2024-02-06,1138.0,1138.0,1125.0,1126.0,10300.0,1126.0
2024-02-07,1135.0,1147.0,1130.0,1139.0,38400.0,1139.0
2024-02-08,1099.0,1123.0,1091.0,1106.0,64800.0,1106.0
2024-02-09,1117.0,1117.0,1091.0,1091.0,21700.0,1091.0
2024-02-13,1097.0,1109.0,1093.0,1104.0,12900.0,1104.0
2024-02-14,1105.0,1105.0,1090.0,1091.0,15300.0,1091.0
2024-02-15,1103.0,1105.0,1088.0,1088.0,15400.0,1088.0
2024-02-16,1091.0,1114.0,1091.0,1109.0,14900.0,1109.0
2024-02-19,1103.0,1116.0,1101.0,1108.0,6500.0,1108.0
2024-02-20,1117.0,1128.0,1110.0,1119.0,17300.0,1119.0
2024-02-21,1120.0,1120.0,1106.0,1108.0,9600.0,1108.0
2024-02-22,1115.0,1115.0,1095.0,1104.0,18500.0,1104.0
2024-02-26,1116.0,1120.0,1111.0,1111.0,14800.0,1111.0
2024-02-27,1111.0,1119.0,1110.0,1110.0,8200.0,1110.0
2024-02-28,1100.0,1113.0,1100.0,1108.0,8800.0,1108.0
2024-02-29,1114.0,1114.0,1099.0,1102.0,13200.0,1102.0
2024-03-01,1098.0,1104.0,1098.0,1099.0,7600.0,1099.0
2024-03-04,1104.0,1104.0,1090.0,1090.0,24000.0,1090.0
2024-03-05,1080.0,1099.0,1076.0,1093.0,31200.0,1093.0
2024-03-06,1095.0,1105.0,1093.0,1098.0,13500.0,1098.0
2024-03-07,1100.0,1130.0,1100.0,1120.0,50900.0,1120.0
2024-03-08,1100.0,1116.0,1100.0,1110.0,20600.0,1110.0
2024-03-11,1104.0,1107.0,1080.0,1089.0,18800.0,1089.0
2024-03-12,1082.0,1094.0,1072.0,1094.0,13700.0,1094.0
2024-03-13,1097.0,1098.0,1077.0,1078.0,15900.0,1078.0
2024-03-14,1078.0,1089.0,1078.0,1089.0,7500.0,1089.0
2024-03-15,1086.0,1103.0,1081.0,1102.0,12200.0,1102.0
2024-03-18,1106.0,1118.0,1102.0,1111.0,13900.0,1111.0
2024-03-19,1111.0,1140.0,1111.0,1132.0,27300.0,1132.0
2024-03-21,1135.0,1143.0,1130.0,1138.0,30400.0,1138.0
2024-03-22,1142.0,1142.0,1130.0,1135.0,24300.0,1135.0
2024-03-25,1137.0,1137.0,1111.0,1111.0,28300.0,1111.0
2024-03-26,1114.0,1114.0,1104.0,1108.0,19700.0,1108.0
2024-03-27,1122.0,1128.0,1119.0,1124.0,17000.0,1124.0
2024-03-28,1107.0,1111.0,1095.0,1095.0,18700.0,1095.0
2024-03-29,1096.0,1113.0,1096.0,1105.0,15700.0,1105.0
2024-04-01,1115.0,1119.0,1099.0,1099.0,9000.0,1099.0
2024-04-02,1101.0,1101.0,1085.0,1086.0,16900.0,1086.0
2024-04-03,1086.0,1098.0,1080.0,1094.0,13400.0,1094.0
2024-04-04,1090.0,1096.0,1082.0,1092.0,13700.0,1092.0
2024-04-05,1090.0,1094.0,1082.0,1091.0,12000.0,1091.0
2024-04-08,1097.0,1098.0,1091.0,1098.0,6600.0,1098.0
2024-04-09,1095.0,1108.0,1093.0,1108.0,10000.0,1108.0
2024-04-10,1110.0,1115.0,1101.0,1102.0,8500.0,1102.0
2024-04-11,1099.0,1105.0,1099.0,1101.0,3500.0,1101.0
2024-04-12,1110.0,1114.0,1105.0,1106.0,10700.0,1106.0
2024-04-15,1101.0,1106.0,1100.0,1101.0,3800.0,1101.0
2024-04-16,1105.0,1105.0,1087.0,1087.0,12100.0,1087.0
2024-04-17,1096.0,1097.0,1082.0,1088.0,10200.0,1088.0
2024-04-18,1092.0,1094.0,1088.0,1090.0,4100.0,1090.0
2024-04-19,1091.0,1091.0,1065.0,1069.0,16200.0,1069.0
2024-04-22,1073.0,1084.0,1069.0,1073.0,16500.0,1073.0
2024-04-23,1081.0,1084.0,1077.0,1084.0,3400.0,1084.0
2024-04-24,1084.0,1089.0,1079.0,1084.0,11800.0,1084.0
2024-04-25,1094.0,1099.0,1085.0,1091.0,23100.0,1091.0
2024-04-26,1087.0,1090.0,1081.0,1090.0,19800.0,1090.0
2024-04-30,1090.0,1108.0,1088.0,1108.0,15100.0,1108.0
2024-05-01,1105.0,1105.0,1099.0,1100.0,4200.0,1100.0
2024-05-02,1107.0,1107.0,1100.0,1100.0,5300.0,1100.0
2024-05-07,1094.0,1107.0,1094.0,1107.0,8000.0,1107.0
2024-05-08,1110.0,1115.0,1102.0,1102.0,15000.0,1102.0
2024-05-09,1108.0,1114.0,1096.0,1113.0,26100.0,1113.0
2024-05-10,1113.0,1113.0,1097.0,1100.0,17500.0,1100.0
2024-05-13,1103.0,1109.0,1099.0,1105.0,9200.0,1105.0
2024-05-14,1105.0,1110.0,1102.0,1106.0,8800.0,1106.0
2024-05-15,1108.0,1108.0,1101.0,1102.0,6800.0,1102.0
2024-05-16,1103.0,1103.0,1088.0,1092.0,9200.0,1092.0
2024-05-17,1088.0,1098.0,1088.0,1097.0,4300.0,1097.0
2024-05-20,1099.0,1103.0,1092.0,1094.0,13200.0,1094.0
2024-05-21,1094.0,1100.0,1093.0,1093.0,4600.0,1093.0
2024-05-22,1093.0,1097.0,1086.0,1086.0,10200.0,1086.0
2024-05-23,1088.0,1096.0,1086.0,1094.0,12500.0,1094.0
2024-05-24,1089.0,1094.0,1086.0,1089.0,8800.0,1089.0
2024-05-27,1094.0,1096.0,1090.0,1091.0,9700.0,1091.0
2024-05-28,1096.0,1099.0,1091.0,1099.0,6900.0,1099.0
2024-05-29,1094.0,1096.0,1080.0,1080.0,14100.0,1080.0
2024-05-30,1082.0,1095.0,1082.0,1095.0,11500.0,1095.0
2024-05-31,1095.0,1109.0,1094.0,1109.0,13500.0,1109.0
2024-06-03,1109.0,1112.0,1106.0,1110.0,8500.0,1110.0
2024-06-04,1114.0,1115.0,1107.0,1113.0,8800.0,1113.0
2024-06-05,1107.0,1115.0,1102.0,1102.0,9700.0,1102.0
2024-06-06,1103.0,1113.0,1100.0,1107.0,8600.0,1107.0
2024-06-07,1104.0,1112.0,1104.0,1108.0,5600.0,1108.0
2024-06-10,1105.0,1118.0,1105.0,1118.0,13500.0,1118.0
2024-06-11,1119.0,1125.0,1118.0,1124.0,11500.0,1124.0
2024-06-12,1154.0,1155.0,1141.0,1141.0,58200.0,1141.0
2024-06-13,1141.0,1148.0,1126.0,1132.0,11500.0,1132.0
2024-06-14,1124.0,1144.0,1124.0,1143.0,17300.0,1143.0
2024-06-17,1128.0,1132.0,1117.0,1127.0,14700.0,1127.0
2024-06-18,1127.0,1137.0,1125.0,1128.0,10200.0,1128.0
2024-06-19,1122.0,1138.0,1117.0,1134.0,13800.0,1134.0
2024-06-20,1139.0,1139.0,1131.0,1139.0,12700.0,1139.0
2024-06-21,1139.0,1144.0,1136.0,1136.0,18400.0,1136.0
2024-06-24,1147.0,1174.0,1143.0,1173.0,35200.0,1173.0
2024-06-25,1200.0,1200.0,1179.0,1195.0,35900.0,1195.0
2024-06-26,1189.0,1195.0,1176.0,1195.0,17700.0,1195.0
2024-06-27,1190.0,1197.0,1183.0,1195.0,15200.0,1195.0
2024-06-28,1194.0,1195.0,1181.0,1191.0,14600.0,1191.0
2024-07-01,1185.0,1195.0,1182.0,1187.0,13100.0,1187.0
2024-07-02,1193.0,1193.0,1182.0,1183.0,13000.0,1183.0
2024-07-03,1189.0,1191.0,1179.0,1180.0,8100.0,1180.0
2024-07-04,1180.0,1182.0,1170.0,1176.0,8900.0,1176.0
2024-07-05,1178.0,1178.0,1158.0,1167.0,16000.0,1167.0
2024-07-08,1178.0,1178.0,1157.0,1157.0,17500.0,1157.0
2024-07-09,1160.0,1160.0,1148.0,1153.0,13100.0,1153.0
2024-07-10,1148.0,1153.0,1142.0,1148.0,16900.0,1148.0
2024-07-11,1150.0,1157.0,1144.0,1155.0,14700.0,1155.0
2024-07-12,1150.0,1163.0,1147.0,1162.0,12600.0,1162.0
2024-07-16,1162.0,1169.0,1158.0,1169.0,15000.0,1169.0
2024-07-17,1157.0,1177.0,1157.0,1176.0,25500.0,1176.0
2024-07-18,1178.0,1181.0,1162.0,1162.0,14800.0,1162.0
2024-07-19,1165.0,1176.0,1163.0,1169.0,13200.0,1169.0
2024-07-22,1176.0,1176.0,1154.0,1154.0,13800.0,1154.0
2024-07-23,1164.0,1170.0,1156.0,1156.0,12000.0,1156.0
2024-07-24,1159.0,1176.0,1159.0,1159.0,17600.0,1159.0
2024-07-25,1159.0,1164.0,1147.0,1149.0,21200.0,1149.0
2024-07-26,1150.0,1153.0,1140.0,1140.0,14700.0,1140.0
2024-07-29,1149.0,1166.0,1145.0,1166.0,19500.0,1166.0
2024-07-30,1167.0,1178.0,1161.0,1163.0,21600.0,1163.0
2024-07-31,1158.0,1183.0,1158.0,1183.0,17400.0,1183.0
2024-08-01,1180.0,1180.0,1150.0,1150.0,21000.0,1150.0
2024-08-02,1138.0,1145.0,1101.0,1101.0,42400.0,1101.0
2024-08-05,1071.0,1086.0,951.0,970.0,58300.0,970.0
2024-08-06,1049.0,1058.0,1013.0,1018.0,22300.0,1018.0
2024-08-07,1007.0,1073.0,1007.0,1051.0,20800.0,1051.0
2024-08-08,1002.0,1017.0,980.0,994.0,56000.0,994.0
2024-08-09,1009.0,1009.0,970.0,977.0,61800.0,977.0
2024-08-13,982.0,1010.0,980.0,1010.0,36300.0,1010.0
2024-08-14,1008.0,1015.0,999.0,1001.0,24200.0,1001.0
2024-08-15,1007.0,1024.0,1002.0,1014.0,27300.0,1014.0
2024-08-16,1018.0,1020.0,1000.0,1007.0,69100.0,1007.0
2024-08-19,999.0,1000.0,981.0,984.0,96500.0,984.0
2024-08-20,989.0,995.0,985.0,988.0,43700.0,988.0
2024-08-21,987.0,993.0,985.0,987.0,42500.0,987.0
2024-08-22,986.0,988.0,975.0,981.0,90900.0,981.0
2024-08-23,984.0,999.0,983.0,996.0,51900.0,996.0
2024-08-26,1003.0,1010.0,995.0,1007.0,76100.0,1007.0
2024-08-27,1028.0,1069.0,1019.0,1061.0,95600.0,1061.0
2024-08-28,1089.0,1089.0,1057.0,1068.0,87600.0,1068.0
2024-08-29,1102.0,1102.0,1067.0,1080.0,251100.0,1080.0
2024-08-30,1081.0,1105.0,1076.0,1083.0,70800.0,1083.0
2024-09-02,1086.0,1086.0,1074.0,1080.0,30200.0,1080.0
2024-09-03,1095.0,1095.0,1083.0,1085.0,16000.0,1085.0
2024-09-04,1075.0,1091.0,1067.0,1069.0,32600.0,1069.0
2024-09-05,1060.0,1085.0,1060.0,1066.0,32500.0,1066.0
2024-09-06,1076.0,1078.0,1053.0,1057.0,20700.0,1057.0
2024-09-09,1045.0,1061.0,1040.0,1061.0,25300.0,1061.0
2024-09-10,1061.0,1063.0,1046.0,1047.0,22900.0,1047.0
2024-09-11,1047.0,1047.0,1016.0,1020.0,32600.0,1020.0
2024-09-12,1038.0,1054.0,1032.0,1032.0,24400.0,1032.0
2024-09-13,1038.0,1044.0,1028.0,1031.0,22400.0,1031.0
2024-09-17,1030.0,1035.0,1012.0,1027.0,60900.0,1027.0
2024-09-18,1027.0,1034.0,1021.0,1034.0,28700.0,1034.0
2024-09-19,1039.0,1039.0,1028.0,1036.0,52300.0,1036.0
2024-09-20,1038.0,1038.0,1019.0,1023.0,67100.0,1023.0
2024-09-24,1031.0,1042.0,1028.0,1040.0,49000.0,1040.0
2024-09-25,1043.0,1044.0,1028.0,1044.0,47700.0,1044.0
2024-09-26,1047.0,1049.0,1038.0,1046.0,221200.0,1046.0
2024-09-27,1020.0,1021.0,1006.0,1010.0,131600.0,1010.0
2024-09-30,990.0,1003.0,986.0,988.0,66100.0,988.0
2024-10-01,991.0,995.0,985.0,994.0,29200.0,994.0
2024-10-02,989.0,993.0,982.0,983.0,37000.0,983.0
2024-10-03,995.0,1001.0,988.0,995.0,27800.0,995.0
2024-10-04,996.0,1009.0,996.0,999.0,34100.0,999.0
2024-10-07,1013.0,1013.0,1005.0,1010.0,26400.0,1010.0
2024-10-08,1001.0,1001.0,991.0,991.0,41600.0,991.0
2024-10-09,998.0,1003.0,993.0,996.0,21300.0,996.0
2024-10-10,1018.0,1026.0,1000.0,1008.0,61600.0,1008.0
2024-10-11,1005.0,1009.0,1001.0,1006.0,27800.0,1006.0
2024-10-15,1007.0,1015.0,1002.0,1012.0,23400.0,1012.0
2024-10-16,1006.0,1014.0,1006.0,1009.0,13700.0,1009.0
2024-10-17,1016.0,1016.0,1004.0,1004.0,11900.0,1004.0
2024-10-18,1004.0,1007.0,1003.0,1004.0,7900.0,1004.0
2024-10-21,1004.0,1010.0,1001.0,1006.0,13100.0,1006.0
2024-10-22,1005.0,1007.0,996.0,996.0,28800.0,996.0
2024-10-23,996.0,996.0,979.0,989.0,36200.0,989.0
2024-10-24,985.0,985.0,969.0,975.0,49500.0,975.0
2024-10-25,982.0,982.0,958.0,960.0,41900.0,960.0
2024-10-28,961.0,986.0,961.0,981.0,22600.0,981.0
2024-10-29,983.0,990.0,981.0,988.0,14100.0,988.0
2024-10-30,992.0,998.0,984.0,986.0,46600.0,986.0
2024-10-31,987.0,1003.0,987.0,1002.0,21200.0,1002.0
2024-11-01,991.0,1000.0,991.0,994.0,14100.0,994.0
2024-11-05,1001.0,1004.0,995.0,997.0,11700.0,997.0
2024-11-06,1002.0,1007.0,992.0,996.0,17600.0,996.0
2024-11-07,999.0,1019.0,999.0,1012.0,30100.0,1012.0
2024-11-08,1015.0,1025.0,1015.0,1023.0,27500.0,1023.0
2024-11-11,1023.0,1023.0,1007.0,1009.0,12400.0,1009.0
2024-11-12,1010.0,1020.0,1003.0,1009.0,20000.0,1009.0
2024-11-13,1010.0,1025.0,1010.0,1025.0,19700.0,1025.0
2024-11-14,1023.0,1034.0,1020.0,1025.0,26000.0,1025.0
2024-11-15,1026.0,1030.0,1014.0,1018.0,10100.0,1018.0
2024-11-18,1027.0,1063.0,1027.0,1050.0,62500.0,1050.0
2024-11-19,1050.0,1072.0,1050.0,1063.0,38800.0,1063.0
2024-11-20,1064.0,1066.0,1048.0,1048.0,22700.0,1048.0
2024-11-21,1048.0,1077.0,1048.0,1065.0,32200.0,1065.0
2024-11-22,1065.0,1080.0,1065.0,1077.0,23700.0,1077.0
2024-11-25,1086.0,1089.0,1060.0,1060.0,22800.0,1060.0
2024-11-26,1061.0,1074.0,1058.0,1062.0,13800.0,1062.0
2024-11-27,1062.0,1062.0,1047.0,1048.0,13700.0,1048.0
2024-11-28,1048.0,1056.0,1037.0,1043.0,22500.0,1043.0
2024-11-29,1042.0,1049.0,1038.0,1040.0,10800.0,1040.0
2024-12-02,1040.0,1049.0,1037.0,1039.0,14000.0,1039.0
2024-12-03,1045.0,1062.0,1044.0,1062.0,23700.0,1062.0
2024-12-04,1059.0,1062.0,1040.0,1040.0,18200.0,1040.0
2024-12-05,1047.0,1049.0,1040.0,1047.0,12400.0,1047.0
2024-12-06,1041.0,1052.0,1041.0,1052.0,10200.0,1052.0
2024-12-09,1050.0,1056.0,1046.0,1054.0,11500.0,1054.0
2024-12-10,1084.0,1084.0,1060.0,1066.0,43800.0,1066.0
2024-12-11,1067.0,1069.0,1060.0,1066.0,12200.0,1066.0
2024-12-12,1066.0,1071.0,1060.0,1069.0,14000.0,1069.0
2024-12-13,1060.0,1072.0,1060.0,1069.0,11000.0,1069.0
2024-12-16,1072.0,1075.0,1066.0,1066.0,10800.0,1066.0
2024-12-17,1066.0,1075.0,1061.0,1068.0,10200.0,1068.0
2024-12-18,1065.0,1069.0,1060.0,1063.0,10300.0,1063.0
2024-12-19,1062.0,1063.0,1054.0,1056.0,7700.0,1056.0
2024-12-20,1056.0,1059.0,1050.0,1050.0,14400.0,1050.0
2024-12-23,1050.0,1055.0,1050.0,1054.0,7900.0,1054.0
2024-12-24,1055.0,1060.0,1050.0,1058.0,15700.0,1058.0
2024-12-25,1070.0,1070.0,1052.0,1060.0,28700.0,1060.0
2024-12-26,1061.0,1065.0,1051.0,1053.0,17900.0,1053.0
2024-12-27,1055.0,1069.0,1055.0,1069.0,16100.0,1069.0
2024-12-30,1066.0,1070.0,1064.0,1065.0,7200.0,1065.0
2025-01-06,1064.0,1064.0,1047.0,1048.0,18700.0,1048.0
2025-01-07,1051.0,1051.0,1042.0,1043.0,14100.0,1043.0
2025-01-08,1041.0,1045.0,1038.0,1038.0,10000.0,1038.0
2025-01-09,1040.0,1040.0,1031.0,1032.0,10900.0,1032.0
2025-01-10,1032.0,1039.0,1027.0,1028.0,9100.0,1028.0
2025-01-14,1029.0,1030.0,1016.0,1018.0,11100.0,1018.0
2025-01-15,1018.0,1026.0,1018.0,1020.0,5100.0,1020.0
2025-01-16,1025.0,1025.0,1013.0,1013.0,8400.0,1013.0
2025-01-17,1015.0,1020.0,1014.0,1020.0,4500.0,1020.0
2025-01-20,1017.0,1030.0,1017.0,1030.0,6400.0,1030.0
2025-01-21,1032.0,1032.0,1021.0,1021.0,8100.0,1021.0
2025-01-22,1027.0,1031.0,1026.0,1031.0,3400.0,1031.0
2025-01-23,1032.0,1032.0,1025.0,1029.0,5600.0,1029.0
2025-01-24,1026.0,1037.0,1026.0,1037.0,6700.0,1037.0
2025-01-27,1045.0,1045.0,1036.0,1037.0,12700.0,1037.0
2025-01-28,1037.0,1060.0,1037.0,1060.0,18100.0,1060.0
2025-01-29,1060.0,1061.0,1054.0,1055.0,5600.0,1055.0
2025-01-30,1048.0,1059.0,1047.0,1050.0,9000.0,1050.0
2025-01-31,1050.0,1056.0,1045.0,1046.0,4000.0,1046.0
2025-02-03,1045.0,1053.0,1034.0,1034.0,14500.0,1034.0
2025-02-04,1046.0,1046.0,1031.0,1032.0,12900.0,1032.0
2025-02-05,1036.0,1057.0,1036.0,1054.0,28400.0,1054.0
2025-02-06,1012.0,1020.0,1005.0,1017.0,25900.0,1017.0
2025-02-07,1021.0,1026.0,1016.0,1020.0,8400.0,1020.0
2025-02-10,1020.0,1028.0,1017.0,1023.0,5900.0,1023.0
2025-02-12,1020.0,1023.0,1014.0,1016.0,6800.0,1016.0
2025-02-13,1016.0,1027.0,1014.0,1026.0,5900.0,1026.0
2025-02-14,1028.0,1029.0,1023.0,1023.0,3600.0,1023.0
2025-02-17,1024.0,1028.0,1020.0,1020.0,5100.0,1020.0
2025-02-18,1021.0,1023.0,1018.0,1020.0,5400.0,1020.0
2025-02-19,1019.0,1024.0,1019.0,1022.0,4900.0,1022.0
2025-02-20,1024.0,1024.0,1007.0,1007.0,14200.0,1007.0
2025-02-21,1007.0,1008.0,998.0,1006.0,15600.0,1006.0
2025-02-25,1024.0,1024.0,1002.0,1002.0,16400.0,1002.0
2025-02-26,1002.0,1005.0,999.0,1000.0,9900.0,1000.0
2025-02-27,1009.0,1010.0,1000.0,1009.0,7100.0,1009.0
2025-02-28,1012.0,1014.0,1005.0,1007.0,5100.0,1007.0
2025-03-03,1011.0,1030.0,1011.0,1030.0,12900.0,1030.0
2025-03-04,1030.0,1036.0,1028.0,1030.0,8100.0,1030.0
2025-03-05,1031.0,1039.0,1027.0,1032.0,7200.0,1032.0
2025-03-06,1035.0,1038.0,1031.0,1038.0,5200.0,1038.0
2025-03-07,1037.0,1048.0,1025.0,1032.0,12000.0,1032.0
2025-03-10,1036.0,1039.0,1030.0,1036.0,5800.0,1036.0
2025-03-11,1035.0,1035.0,1022.0,1023.0,7700.0,1023.0
2025-03-12,1023.0,1039.0,1023.0,1029.0,6200.0,1029.0
2025-03-13,1034.0,1035.0,1027.0,1030.0,5400.0,1030.0
2025-03-14,1032.0,1039.0,1027.0,1027.0,9100.0,1027.0
2025-03-17,1029.0,1041.0,1029.0,1029.0,8900.0,1029.0
2025-03-18,1030.0,1039.0,1030.0,1034.0,11600.0,1034.0
2025-03-19,1033.0,1036.0,1027.0,1033.0,12100.0,1033.0
2025-03-21,1033.0,1038.0,1029.0,1032.0,8500.0,1032.0
2025-03-24,1036.0,1036.0,1030.0,1030.0,9000.0,1030.0
2025-03-25,1036.0,1037.0,1027.0,1030.0,14200.0,1030.0
2025-03-26,1030.0,1036.0,1028.0,1036.0,16000.0,1036.0
2025-03-27,1029.0,1048.0,1027.0,1048.0,28700.0,1048.0
2025-03-28,1027.0,1029.0,1022.0,1023.0,14800.0,1023.0
2025-03-31,1019.0,1019.0,998.0,998.0,20600.0,998.0
2025-04-01,1000.0,1009.0,1000.0,1000.0,6200.0,1000.0
2025-04-02,1008.0,1008.0,997.0,997.0,12400.0,997.0
2025-04-03,996.0,1005.0,988.0,988.0,17200.0,988.0
2025-04-04,981.0,989.0,963.0,963.0,21400.0,963.0
2025-04-07,928.0,928.0,900.0,905.0,34100.0,905.0
2025-04-08,922.0,957.0,920.0,921.0,22100.0,921.0
2025-04-09,919.0,930.0,915.0,915.0,21300.0,915.0
2025-04-10,960.0,961.0,940.0,960.0,13000.0,960.0
2025-04-11,947.0,965.0,938.0,962.0,14400.0,962.0
2025-04-14,971.0,986.0,971.0,972.0,10700.0,972.0
2025-04-15,981.0,981.0,961.0,961.0,5300.0,961.0
2025-04-16,960.0,970.0,959.0,959.0,6700.0,959.0
2025-04-17,959.0,964.0,959.0,960.0,4300.0,960.0
2025-04-18,974.0,993.0,966.0,990.0,7800.0,990.0
2025-04-21,993.0,998.0,984.0,990.0,6100.0,990.0
2025-04-22,996.0,1005.0,990.0,993.0,11300.0,993.0
2025-04-23,1000.0,1010.0,1000.0,1007.0,10400.0,1007.0
2025-04-24,1009.0,1009.0,990.0,1001.0,9600.0,1001.0
2025-04-25,1001.0,1008.0,1001.0,1007.0,10300.0,1007.0
2025-04-28,1007.0,1011.0,1002.0,1011.0,7900.0,1011.0
2025-04-30,1004.0,1013.0,1002.0,1008.0,8100.0,1008.0
2025-05-01,1008.0,1010.0,1000.0,1002.0,7500.0,1002.0
2025-05-02,1002.0,1009.0,1000.0,1004.0,6100.0,1004.0
2025-05-07,1008.0,1031.0,993.0,1011.0,63600.0,1011.0
2025-05-08,1019.0,1024.0,1007.0,1024.0,15200.0,1024.0
2025-05-09,1040.0,1071.0,1040.0,1065.0,44500.0,1065.0
2025-05-12,1072.0,1075.0,1062.0,1075.0,20000.0,1075.0
2025-05-13,1077.0,1083.0,1055.0,1062.0,19700.0,1062.0
2025-05-14,1062.0,1063.0,1046.0,1062.0,11900.0,1062.0
2025-05-15,1050.0,1056.0,1043.0,1045.0,6400.0,1045.0
2025-05-16,1049.0,1065.0,1042.0,1060.0,23800.0,1060.0
2025-05-19,1050.0,1062.0,1050.0,1062.0,8100.0,1062.0
2025-05-20,1065.0,1065.0,1033.0,1033.0,13100.0,1033.0
2025-05-21,1033.0,1042.0,1032.0,1037.0,7300.0,1037.0
2025-05-22,1037.0,1047.0,1036.0,1038.0,7900.0,1038.0
2025-05-23,1038.0,1045.0,1037.0,1043.0,9100.0,1043.0
2025-05-26,1047.0,1054.0,1045.0,1049.0,12600.0,1049.0
2025-05-27,1047.0,1055.0,1046.0,1055.0,5000.0,1055.0
2025-05-28,1059.0,1070.0,1049.0,1050.0,16500.0,1050.0
2025-05-29,1060.0,1063.0,1049.0,1057.0,12900.0,1057.0
2025-05-30,1049.0,1062.0,1047.0,1062.0,8100.0,1062.0
2025-06-02,1055.0,1057.0,1049.0,1053.0,10600.0,1053.0
2025-06-03,1058.0,1072.0,1058.0,1058.0,18700.0,1058.0
2025-06-04,1058.0,1073.0,1056.0,1071.0,13300.0,1071.0
2025-06-05,1070.0,1076.0,1063.0,1067.0,9800.0,1067.0
2025-06-06,1067.0,1067.0,1060.0,1062.0,6500.0,1062.0
2025-06-09,1092.0,1108.0,1083.0,1107.0,51300.0,1107.0
2025-06-10,1103.0,1105.0,1085.0,1085.0,19400.0,1085.0
2025-06-11,1084.0,1096.0,1077.0,1094.0,13600.0,1094.0
2025-06-12,1087.0,1096.0,1087.0,1096.0,12800.0,1096.0
2025-06-13,1091.0,1091.0,1082.0,1082.0,12900.0,1082.0
2025-06-16,1082.0,1096.0,1082.0,1093.0,9300.0,1093.0
2025-06-17,1093.0,1093.0,1083.0,1086.0,7700.0,1086.0
2025-06-18,1089.0,1107.0,1089.0,1107.0,8200.0,1107.0
2025-06-19,1106.0,1114.0,1100.0,1112.0,7700.0,1112.0
2025-06-20,1112.0,1114.0,1103.0,1113.0,14100.0,1113.0
2025-06-23,1113.0,1120.0,1106.0,1120.0,10800.0,1120.0
2025-06-24,1122.0,1142.0,1122.0,1142.0,27000.0,1142.0
2025-06-25,1154.0,1155.0,1113.0,1125.0,34400.0,1125.0
2025-06-26,1129.0,1129.0,1111.0,1116.0,12000.0,1116.0
2025-06-27,1126.0,1127.0,1111.0,1127.0,14400.0,1127.0
2025-06-30,1129.0,1129.0,1116.0,1117.0,8500.0,1117.0
2025-07-01,1120.0,1120.0,1111.0,1111.0,10000.0,1111.0
2025-07-02,1113.0,1130.0,1110.0,1127.0,11500.0,1127.0
2025-07-03,1122.0,1131.0,1120.0,1128.0,9400.0,1128.0
2025-07-04,1130.0,1131.0,1120.0,1122.0,12200.0,1122.0
2025-07-07,1127.0,1127.0,1117.0,1118.0,6900.0,1118.0
2025-07-08,1120.0,1123.0,1117.0,1117.0,12200.0,1117.0
2025-07-09,1117.0,1125.0,1117.0,1119.0,8300.0,1119.0
2025-07-10,1122.0,1122.0,1102.0,1102.0,18300.0,1102.0
2025-07-11,1099.0,1114.0,1099.0,1107.0,6300.0,1107.0
2025-07-14,1114.0,1119.0,1104.0,1113.0,8000.0,1113.0
2025-07-15,1117.0,1120.0,1110.0,1110.0,5800.0,1110.0
2025-07-16,1110.0,1130.0,1110.0,1121.0,9100.0,1121.0
2025-07-17,1124.0,1147.0,1124.0,1141.0,32400.0,1141.0
2025-07-18,1148.0,1150.0,1136.0,1137.0,14100.0,1137.0
2025-07-22,1137.0,1137.0,1116.0,1120.0,16600.0,1120.0
2025-07-23,1127.0,1129.0,1117.0,1129.0,15900.0,1129.0
2025-07-24,1125.0,1135.0,1124.0,1135.0,22100.0,1135.0
2025-07-25,1137.0,1149.0,1130.0,1149.0,20200.0,1149.0
2025-07-28,1149.0,1154.0,1142.0,1148.0,11500.0,1148.0
2025-07-29,1148.0,1170.0,1141.0,1170.0,16700.0,1170.0
2025-07-30,1169.0,1169.0,1145.0,1145.0,14200.0,1145.0
2025-07-31,1158.0,1173.0,1152.0,1173.0,10600.0,1173.0
2025-08-01,1170.0,1178.0,1165.0,1177.0,15800.0,1177.0
2025-08-04,1170.0,1184.0,1169.0,1176.0,16900.0,1176.0
2025-08-05,1170.0,1177.0,1161.0,1166.0,20200.0,1166.0
2025-08-06,1173.0,1183.0,1168.0,1183.0,24600.0,1183.0
2025-08-07,1204.0,1220.0,1178.0,1188.0,76300.0,1188.0
2025-08-08,1188.0,1199.0,1182.0,1190.0,18600.0,1190.0
2025-08-12,1183.0,1192.0,1177.0,1189.0,37600.0,1189.0
2025-08-13,1189.0,1191.0,1180.0,1183.0,16800.0,1183.0
2025-08-14,1183.0,1190.0,1172.0,1176.0,22800.0,1176.0
2025-08-15,1180.0,1183.0,1173.0,1180.0,14200.0,1180.0
2025-08-18,1184.0,1193.0,1181.0,1187.0,21700.0,1187.0
2025-08-19,1183.0,1200.0,1177.0,1198.0,28900.0,1198.0
2025-08-20,1200.0,1209.0,1192.0,1200.0,28600.0,1200.0
2025-08-21,1224.0,1245.0,1222.0,1227.0,72700.0,1227.0
2025-08-22,1239.0,1240.0,1227.0,1237.0,29800.0,1237.0
2025-08-25,1230.0,1230.0,1205.0,1208.0,68200.0,1208.0
2025-08-26,1203.0,1205.0,1183.0,1192.0,65200.0,1192.0
2025-08-27,1197.0,1200.0,1175.0,1181.0,86000.0,1181.0
2025-08-28,1183.0,1184.0,1159.0,1161.0,196300.0,1161.0
2025-08-29,1156.0,1185.0,1156.0,1178.0,139000.0,1178.0
2025-09-01,1194.0,1194.0,1175.0,1183.0,100200.0,1183.0
2025-09-02,1190.0,1194.0,1184.0,1185.0,39000.0,1185.0
2025-09-03,1185.0,1190.0,1178.0,1184.0,20200.0,1184.0
2025-09-04,1198.0,1203.0,1189.0,1195.0,41100.0,1195.0
2025-09-05,1196.0,1202.0,1187.0,1201.0,42200.0,1201.0
2025-09-08,1205.0,1207.0,1194.0,1201.0,62600.0,1201.0
2025-09-09,1200.0,1200.0,1192.0,1198.0,39800.0,1198.0
2025-09-10,1198.0,1208.0,1198.0,1208.0,22800.0,1208.0
2025-09-11,1210.0,1212.0,1185.0,1200.0,77200.0,1200.0
2025-09-12,1197.0,1197.0,1185.0,1190.0,45100.0,1190.0
2025-09-16,1190.0,1197.0,1184.0,1196.0,38000.0,1196.0
2025-09-17,1195.0,1195.0,1187.0,1193.0,21900.0,1193.0
2025-09-18,1196.0,1212.0,1189.0,1212.0,45800.0,1212.0
2025-09-19,1212.0,1218.0,1201.0,1215.0,24700.0,1215.0
2025-09-22,1224.0,1229.0,1215.0,1216.0,26700.0,1216.0
2025-09-24,1215.0,1223.0,1215.0,1222.0,51200.0,1222.0
2025-09-25,1225.0,1225.0,1218.0,1225.0,44300.0,1225.0
2025-09-26,1225.0,1226.0,1220.0,1223.0,102100.0,1223.0
2025-09-29,1183.0,1186.0,1169.0,1171.0,116000.0,1171.0
2025-09-30,1171.0,1171.0,1152.0,1152.0,44400.0,1152.0
2025-10-01,1150.0,1150.0,1118.0,1118.0,60000.0,1118.0
2025-10-02,1118.0,1130.0,1102.0,1109.0,50900.0,1109.0
2025-10-03,1109.0,1120.0,1109.0,1113.0,22000.0,1113.0
2025-10-06,1129.0,1132.0,1116.0,1127.0,31600.0,1127.0
2025-10-07,1123.0,1132.0,1120.0,1130.0,31200.0,1130.0
2025-10-08,1127.0,1136.0,1127.0,1132.0,28800.0,1132.0
2025-10-09,1137.0,1140.0,1131.0,1134.0,16900.0,1134.0
2025-10-10,1128.0,1131.0,1111.0,1111.0,38200.0,1111.0
2025-10-14,1103.0,1107.0,1088.0,1106.0,42500.0,1106.0
2025-10-15,1114.0,1129.0,1114.0,1128.0,19700.0,1128.0
2025-10-16,1130.0,1135.0,1124.0,1129.0,12700.0,1129.0
2025-10-17,1129.0,1129.0,1119.0,1124.0,13000.0,1124.0
2025-10-20,1127.0,1138.0,1127.0,1137.0,12400.0,1137.0
2025-10-21,1140.0,1147.0,1139.0,1142.0,14500.0,1142.0
2025-10-22,1148.0,1153.0,1141.0,1148.0,16600.0,1148.0
2025-10-23,1148.0,1160.0,1148.0,1152.0,13000.0,1152.0
2025-10-24,1164.0,1165.0,1150.0,1156.0,17000.0,1156.0
2025-10-27,1166.0,1166.0,1157.0,1157.0,23500.0,1157.0
2025-10-28,1155.0,1155.0,1130.0,1131.0,19800.0,1131.0
2025-10-29,1128.0,1131.0,1103.0,1108.0,29100.0,1108.0
2025-10-30,1114.0,1126.0,1092.0,1092.0,106800.0,1092.0
2025-10-31,1099.0,1128.0,1096.0,1128.0,32500.0,1128.0
2025-11-04,1118.0,1142.0,1106.0,1141.0,41600.0,1141.0
2025-11-05,1146.0,1151.0,1117.0,1127.0,90700.0,1127.0
2025-11-06,1067.0,1082.0,1055.0,1060.0,115400.0,1060.0
2025-11-07,1068.0,1081.0,1064.0,1080.0,39700.0,1080.0
2025-11-10,1080.0,1084.0,1070.0,1073.0,21700.0,1073.0
2025-11-11,1078.0,1078.0,1061.0,1068.0,18900.0,1068.0
2025-11-12,1068.0,1084.0,1065.0,1078.0,23500.0,1078.0
2025-11-13,1083.0,1087.0,1078.0,1079.0,14400.0,1079.0
