Date,Open,High,Low,Close,Volume,Adj Close
2007-07-30,657.63,659.18,652.93,654.5,16645,654.5
2007-07-31,654.5,656.05,651.37,656.05,9603,656.05
2007-08-01,656.05,656.05,652.93,656.05,59538,656.05
2007-08-02,656.05,657.63,651.37,652.93,11203,652.93
2007-08-03,652.93,654.5,651.37,652.93,5762,652.93
2007-08-06,651.37,651.37,651.37,651.37,321,651.37
2007-08-09,626.38,643.57,626.38,643.57,6081,643.57
2007-08-10,634.2,643.57,608.9,624.82,38092,624.82
2007-08-13,642.0,643.57,642.0,643.57,11844,643.57
2007-08-14,643.57,643.57,642.0,643.57,2562,643.57
2007-08-15,654.5,659.18,654.5,656.05,73941,656.05
2007-08-16,660.74,660.74,618.57,643.57,12804,643.57
2007-08-17,643.57,646.68,615.74,627.94,46094,627.94
2007-08-20,640.44,687.3,640.44,685.74,52816,685.74
2007-08-21,691.98,718.53,691.98,702.92,35850,702.92
2007-08-22,716.98,737.29,716.98,734.15,58897,734.15
2007-08-23,735.72,751.34,734.15,749.78,32969,749.78
2007-08-24,752.9,795.08,751.34,784.15,130278,784.15
2007-08-27,790.39,827.89,790.39,826.32,53776,826.32
2007-08-28,841.94,851.32,812.27,831.01,85146,831.01
2007-08-29,827.89,829.44,781.01,799.77,17926,799.77
2007-08-30,801.32,801.32,749.78,771.64,24328,771.64
2007-08-31,770.09,771.64,749.78,765.41,9923,765.41
2007-09-03,781.01,782.58,781.01,781.01,14085,781.01
2007-09-04,781.01,782.58,781.01,781.01,13444,781.01
2007-09-05,781.01,804.45,781.01,804.45,23047,804.45
2007-09-06,806.01,806.01,802.89,806.01,17285,806.01
2007-09-07,806.01,809.14,806.01,809.14,10242,809.14
2007-09-10,781.01,807.58,781.01,802.89,20806,802.89
2007-09-11,796.64,798.2,796.64,798.2,17605,798.2
2007-09-12,809.14,810.69,809.14,809.14,9923,809.14
2007-09-13,781.01,781.01,779.47,779.47,3201,779.47
2007-09-14,687.3,752.9,660.74,718.53,7363,718.53
2007-09-18,706.04,706.04,702.92,704.48,1600,704.48
2007-09-19,729.47,729.47,726.35,726.35,1281,726.35
2007-09-21,768.52,768.52,765.41,765.41,6402,765.41
2007-09-25,779.47,782.58,779.47,781.01,16645,781.01
2007-09-27,763.84,766.95,763.84,766.95,2562,766.95
2007-09-28,781.01,787.26,781.01,787.26,16645,787.26
2007-10-02,762.27,765.41,762.27,762.27,3201,762.27
2007-10-04,765.41,765.41,765.41,765.41,19207,765.41
2007-10-10,765.41,776.33,759.15,776.33,40332,776.33
2007-10-11,777.89,777.89,776.33,777.89,3201,777.89
2007-10-12,765.41,779.47,765.41,765.41,3201,765.41
2007-10-15,765.41,765.41,763.84,765.41,4482,765.41
2007-10-16,765.41,765.41,765.41,765.41,6402,765.41
2007-10-17,765.41,765.41,720.09,765.41,10884,765.41
2007-10-18,749.78,765.41,749.78,765.41,5762,765.41
2007-10-19,765.41,765.41,765.41,765.41,10242,765.41
2007-10-24,765.41,765.41,765.41,765.41,9603,765.41
2007-10-25,763.84,765.41,731.03,731.03,8961,731.03
2007-10-29,729.47,782.58,729.47,782.58,17605,782.58
2007-10-30,796.64,798.2,796.64,798.2,640,798.2
2007-10-31,782.58,798.2,762.27,796.64,26887,796.64
2007-11-05,751.34,795.08,751.34,795.08,4800,795.08
2007-11-06,784.15,795.08,781.01,795.08,15684,795.08
2007-11-08,781.01,781.01,751.34,777.89,3201,777.89
2007-11-13,771.64,776.33,771.64,774.77,4482,774.77
2007-11-14,765.41,774.77,765.41,774.77,640,774.77
2007-11-15,763.84,765.41,763.84,765.41,640,765.41
2007-11-16,749.78,762.27,727.91,762.27,960,762.27
2007-11-19,749.78,756.04,734.15,756.04,3521,756.04
2007-11-20,749.78,749.78,749.78,749.78,960,749.78
2007-11-21,718.53,718.53,718.53,718.53,1921,718.53
2007-11-22,704.48,749.78,704.48,749.78,960,749.78
2007-11-26,763.84,765.41,749.78,749.78,6081,749.78
2007-11-27,735.72,737.29,735.72,737.29,1600,737.29
2007-11-28,757.58,759.15,734.15,748.21,8002,748.21
2007-11-29,748.21,748.21,748.21,748.21,960,748.21
2007-11-30,748.21,751.34,746.66,749.78,16324,749.78
2007-12-03,749.78,757.58,743.52,749.78,4482,749.78
2007-12-04,751.34,751.34,746.66,749.78,6402,749.78
2007-12-05,749.78,754.46,746.66,746.66,7042,746.66
2007-12-06,751.34,751.34,746.66,746.66,22087,746.66
2007-12-10,735.72,751.34,735.72,749.78,8002,749.78
2007-12-11,749.78,774.77,749.78,749.78,19525,749.78
2007-12-12,751.34,757.58,749.78,757.58,5121,757.58
2007-12-13,763.84,773.21,762.27,771.64,11844,771.64
2007-12-14,771.64,779.47,771.64,774.77,3201,774.77
2007-12-17,781.01,782.58,771.64,773.21,16645,773.21
2007-12-18,763.84,765.41,763.84,763.84,3201,763.84
2007-12-19,770.09,771.64,770.09,771.64,960,771.64
2007-12-20,782.58,782.58,774.77,781.01,18245,781.01
2007-12-25,781.01,782.58,773.21,781.01,23686,781.01
2007-12-26,781.01,781.01,779.47,781.01,17926,781.01
2007-12-27,781.01,785.7,777.89,777.89,16324,777.89
2007-12-28,790.39,791.96,781.01,781.01,8644,781.01
2008-01-07,779.47,779.47,656.05,656.05,37131,656.05
2008-01-08,659.18,690.43,656.05,656.05,6402,656.05
2008-01-09,626.38,685.74,626.38,671.68,20486,671.68
2008-01-11,657.63,671.68,657.63,671.68,1281,671.68
2008-01-16,709.16,709.16,685.74,687.3,10563,687.3
2008-01-18,685.74,731.03,684.18,718.53,4161,718.53
2008-01-23,715.4,715.4,704.48,706.04,11844,706.04
2008-01-24,704.48,716.98,704.48,716.98,4161,716.98
2008-01-25,735.72,737.29,716.98,718.53,22726,718.53
2008-01-28,727.91,729.47,718.53,720.09,8961,720.09
2008-01-29,718.53,718.53,718.53,718.53,9603,718.53
2008-01-30,702.92,727.91,695.11,727.91,2562,727.91
2008-01-31,718.53,718.53,718.53,718.53,10563,718.53
2008-02-04,718.53,718.53,718.53,718.53,4800,718.53
2008-02-05,702.92,704.48,702.92,704.48,640,704.48
2008-02-06,704.48,713.85,701.35,702.92,8961,702.92
2008-02-07,704.48,704.48,702.92,702.92,1281,702.92
2008-02-15,640.44,640.44,627.94,627.94,960,627.94
2008-02-21,657.63,673.25,657.63,665.44,10242,665.44
2008-02-25,682.61,702.92,667.0,667.0,6723,667.0
2008-02-27,687.3,687.3,687.3,687.3,321,687.3
2008-02-28,706.04,707.6,702.92,702.92,6402,702.92
2008-03-03,629.51,631.07,629.51,631.07,640,631.07
2008-03-05,690.43,690.43,687.3,687.3,640,687.3
2008-03-12,685.74,702.92,685.74,685.74,8323,685.74
2008-03-13,632.62,681.06,632.62,681.06,2241,681.06
2008-03-14,624.82,626.38,624.82,624.82,3521,624.82
2008-03-21,624.82,624.82,624.82,624.82,640,624.82
2008-03-25,624.82,624.82,588.58,609.19,9923,609.19
2008-03-27,573.27,573.27,573.27,573.27,321,573.27
2008-03-28,583.9,583.9,565.45,565.45,13123,565.45
2008-03-31,565.45,565.45,565.45,565.45,640,565.45
2008-04-01,562.33,565.45,562.33,565.45,3201,565.45
2008-04-02,562.33,577.96,562.33,562.33,6081,562.33
2008-04-03,562.65,562.65,559.22,559.22,2562,559.22
2008-04-04,559.22,559.22,559.22,559.22,1281,559.22
2008-04-07,559.22,559.22,559.22,559.22,1600,559.22
2008-04-11,549.53,549.53,549.53,549.53,321,549.53
2008-04-14,540.47,540.47,540.47,540.47,960,540.47
2008-04-15,540.47,540.47,540.47,540.47,2241,540.47
2008-04-16,531.41,531.41,526.72,526.72,9603,526.72
2008-04-17,525.47,531.09,525.47,531.09,5762,531.09
2008-04-18,527.96,527.96,525.15,525.15,3521,525.15
2008-04-22,519.22,519.22,515.48,518.59,3521,518.59
2008-04-23,518.59,518.59,515.48,515.48,6723,515.48
2008-04-24,515.48,515.48,515.48,515.48,6402,515.48
2008-04-25,529.53,529.53,499.85,512.35,11523,512.35
2008-04-28,524.84,524.84,499.85,499.85,11523,499.85
2008-04-30,499.85,499.85,481.11,482.98,4800,482.98
2008-05-01,499.85,499.85,493.61,493.61,1921,493.61
2008-05-02,499.85,509.22,499.85,509.22,4161,509.22
2008-05-08,524.84,524.84,515.48,515.48,10884,515.48
2008-05-09,524.84,537.33,515.48,515.48,20167,515.48
2008-05-12,515.48,515.48,509.22,515.48,4161,515.48
2008-05-13,515.48,524.84,515.48,524.84,6081,524.84
2008-05-14,515.48,540.47,515.48,540.47,8644,540.47
2008-05-15,539.83,548.28,538.91,546.71,9282,546.71
2008-05-16,565.45,568.59,562.33,562.33,5762,562.33
2008-05-19,562.33,562.33,535.78,540.47,3840,540.47
2008-05-20,540.47,540.47,540.47,540.47,1281,540.47
2008-05-21,540.47,540.47,537.33,537.33,2881,537.33
2008-05-22,534.21,537.33,534.21,537.33,1921,537.33
2008-05-23,537.33,546.71,537.33,540.47,2881,540.47
2008-05-26,555.77,555.77,540.47,540.47,7363,540.47
2008-05-27,537.33,545.16,537.33,545.16,4800,545.16
2008-05-28,561.39,561.39,542.65,542.65,7042,542.65
2008-05-30,552.96,552.96,552.96,552.96,3201,552.96
2008-06-02,543.59,559.22,538.91,559.22,1600,559.22
2008-06-04,559.52,559.52,559.52,559.52,960,559.52
2008-06-06,540.47,540.47,540.47,540.47,321,540.47
2008-06-09,546.71,546.71,540.47,540.47,1281,540.47
2008-06-10,531.09,531.09,531.09,531.09,1921,531.09
2008-06-11,531.09,531.09,531.09,531.09,640,531.09
2008-06-16,549.21,549.21,531.09,531.09,640,531.09
2008-06-19,534.21,534.21,534.21,534.21,640,534.21
2008-06-20,531.09,531.09,531.09,531.09,321,531.09
2008-06-23,522.67,522.97,522.67,522.67,1600,522.67
2008-06-24,538.29,538.29,538.29,538.29,321,538.29
2008-06-25,553.9,553.9,537.33,537.33,10242,537.33
2008-06-27,537.67,552.96,537.67,552.96,960,552.96
2008-06-30,562.02,562.02,561.71,561.71,5762,561.71
2008-07-01,562.02,562.02,562.02,562.02,12163,562.02
2008-07-02,554.53,556.08,554.53,556.08,6402,556.08
2008-07-07,546.71,546.71,540.47,540.47,640,540.47
2008-07-14,524.84,524.84,524.84,524.84,321,524.84
2008-07-15,509.22,509.22,481.11,481.11,1921,481.11
2008-07-16,471.74,490.48,471.74,487.36,1921,487.36
2008-07-17,487.36,487.36,487.36,487.36,960,487.36
2008-07-23,490.79,490.79,490.79,490.79,640,490.79
2008-07-24,493.61,515.48,492.35,515.48,3840,515.48
2008-07-25,530.78,530.78,530.78,530.78,21766,530.78
2008-07-28,546.41,546.41,546.41,546.41,5762,546.41
2008-07-29,546.41,546.41,546.41,546.41,321,546.41
2008-08-04,502.66,546.41,502.66,546.41,1600,546.41
2008-08-05,499.53,499.53,499.53,499.53,2241,499.53
2008-08-06,508.91,508.91,508.91,508.91,321,508.91
2008-08-11,489.54,496.74,484.24,496.74,3521,496.74
2008-08-13,474.86,474.86,474.86,474.86,321,474.86
2008-08-14,484.24,484.24,484.24,484.24,321,484.24
2008-08-20,484.24,484.24,484.24,484.24,4161,484.24
2008-08-22,484.55,484.55,484.24,484.24,960,484.24
2008-08-25,490.48,490.48,490.48,490.48,7363,490.48
2008-08-27,484.24,487.67,484.24,487.36,2562,487.36
2008-08-28,490.48,490.48,490.48,490.48,10563,490.48
2008-08-29,490.48,490.48,490.48,490.48,16005,490.48
2008-09-01,486.11,495.16,486.11,495.16,13765,495.16
2008-09-04,493.61,493.61,484.24,484.24,2562,484.24
2008-09-08,460.81,502.97,460.81,502.97,6402,502.97
2008-09-09,502.97,502.97,502.97,502.97,16005,502.97
2008-09-10,502.97,502.97,502.97,502.97,10563,502.97
2008-09-16,449.87,449.87,449.87,449.87,1281,449.87
2008-09-17,468.61,468.61,468.61,468.61,321,468.61
2008-09-19,475.18,475.18,475.18,475.18,321,475.18
2008-09-22,475.18,475.18,475.18,475.18,321,475.18
2008-09-24,493.92,493.92,493.92,493.92,321,493.92
2008-09-25,493.61,493.61,493.61,493.61,11203,493.61
2008-09-26,492.05,492.05,492.05,492.05,960,492.05
2008-09-29,499.85,499.85,499.85,499.85,6723,499.85
2008-10-01,459.24,459.24,459.24,459.24,321,459.24
2008-10-03,459.24,459.24,456.13,456.13,5442,456.13
2008-10-06,453.0,453.0,453.0,453.0,321,453.0
2008-10-07,443.62,443.62,387.38,432.99,3201,432.99
2008-10-08,432.99,432.99,432.99,432.99,640,432.99
2008-10-10,345.53,345.53,345.53,345.53,4482,345.53
2008-10-14,326.79,371.77,326.79,359.26,29128,359.26
2008-10-15,348.96,348.96,345.2,345.2,1921,345.2
2008-10-16,348.02,348.34,343.64,343.64,1921,343.64
2008-10-17,343.64,343.64,343.64,343.64,3201,343.64
2008-10-20,348.34,348.34,348.34,348.34,2241,348.34
2008-10-21,348.34,353.02,348.34,348.34,13444,348.34
2008-10-23,343.64,343.64,328.03,328.03,4800,328.03
2008-10-24,328.66,329.28,328.66,328.66,2241,328.66
2008-10-27,338.34,338.64,319.91,328.34,14085,328.34
2008-10-28,328.03,328.03,328.03,328.03,11203,328.03
2008-10-29,321.78,328.03,303.66,328.03,4800,328.03
2008-10-30,326.46,328.03,326.46,328.03,640,328.03
2008-10-31,328.03,328.03,318.66,321.78,1281,321.78
2008-11-04,328.03,328.03,328.03,328.03,3521,328.03
2008-11-05,328.03,340.22,327.72,340.22,4161,340.22
2008-11-06,328.03,328.03,328.03,328.03,640,328.03
2008-11-12,305.85,305.85,303.98,303.98,3521,303.98
2008-11-13,303.35,303.35,284.61,284.61,1281,284.61
2008-11-17,274.93,274.93,256.81,256.81,5121,256.81
2008-11-18,265.23,265.55,263.99,265.55,3201,265.55
2008-11-19,265.55,265.86,265.55,265.86,1921,265.86
2008-11-20,278.99,278.99,278.99,278.99,321,278.99
2008-11-21,276.48,296.79,276.48,296.79,4482,296.79
2008-11-25,305.54,305.54,305.54,305.54,13123,305.54
2008-11-26,293.04,306.16,293.04,306.16,640,306.16
2008-11-27,303.35,312.09,303.35,312.09,960,312.09
2008-11-28,321.17,321.78,321.17,321.17,5762,321.17
2008-12-01,330.54,330.54,330.54,330.54,321,330.54
2008-12-02,340.22,340.22,340.22,340.22,4482,340.22
2008-12-03,340.22,359.26,340.22,359.26,2562,359.26
2008-12-04,328.03,345.2,328.03,345.2,960,345.2
2008-12-05,336.79,336.79,336.79,336.79,321,336.79
2008-12-08,303.03,303.03,301.47,301.47,9282,301.47
2008-12-09,295.24,296.79,293.66,293.66,3840,293.66
2008-12-10,284.29,296.79,278.04,296.79,1281,296.79
2008-12-11,305.85,305.85,305.54,305.54,20486,305.54
2008-12-12,314.6,315.53,314.6,315.53,6723,315.53
2008-12-15,324.9,324.9,324.9,324.9,1600,324.9
2008-12-16,312.4,343.64,312.4,318.66,4161,318.66
2008-12-17,312.4,312.4,299.91,312.4,1600,312.4
2008-12-18,303.03,303.03,303.03,303.03,6723,303.03
2008-12-22,312.73,321.78,312.73,321.78,960,321.78
2008-12-24,328.03,340.85,328.03,340.51,1921,340.51
2008-12-25,350.52,350.83,334.28,334.28,17285,334.28
2008-12-26,328.03,328.03,328.03,328.03,321,328.03
2008-12-29,338.02,338.02,338.02,338.02,321,338.02
2008-12-30,349.89,368.63,349.89,368.63,1600,368.63
2009-01-05,380.2,380.2,379.57,379.57,14085,379.57
2009-01-06,379.57,379.57,379.57,379.57,321,379.57
2009-01-07,379.27,379.57,379.27,379.57,1281,379.57
2009-01-08,373.32,373.32,373.32,373.32,321,373.32
2009-01-09,367.09,367.09,367.09,367.09,321,367.09
2009-01-13,360.83,360.83,360.83,360.83,321,360.83
2009-01-14,354.58,360.83,354.58,360.83,640,360.83
2009-01-15,354.58,354.58,354.58,354.58,321,354.58
2009-01-16,348.34,354.58,348.34,354.58,960,354.58
2009-01-19,348.34,348.34,348.34,348.34,321,348.34
2009-01-20,354.58,354.58,354.58,354.58,321,354.58
2009-01-21,354.58,354.58,354.58,354.58,321,354.58
2009-01-22,359.26,374.89,359.26,371.77,9282,371.77
2009-01-23,374.89,381.15,374.89,374.89,6081,374.89
2009-01-26,386.13,386.13,374.89,374.89,12804,374.89
2009-01-27,375.2,387.38,371.77,371.77,2241,371.77
2009-01-28,382.69,390.52,382.69,382.69,4800,382.69
2009-01-29,393.94,393.94,368.63,374.89,6081,374.89
2009-01-30,359.26,374.89,348.34,374.89,2241,374.89
2009-02-02,374.89,378.33,359.26,378.33,960,378.33
2009-02-04,374.89,374.89,374.89,374.89,321,374.89
2009-02-06,374.89,377.7,365.52,374.89,7363,374.89
2009-02-10,343.64,343.97,343.64,343.97,960,343.97
2009-02-13,318.96,338.02,318.96,338.02,3840,338.02
2009-02-17,328.03,328.03,328.03,328.03,321,328.03
2009-02-19,328.34,328.34,328.34,328.34,960,328.34
2009-02-20,328.66,328.66,323.34,323.34,4800,323.34
2009-02-23,321.78,321.78,318.66,318.66,2241,318.66
2009-02-24,318.96,331.78,316.47,331.78,2562,331.78
2009-02-25,332.09,341.46,332.09,341.46,11203,341.46
2009-02-27,331.15,337.71,331.15,337.4,2881,337.4
2009-03-02,347.4,347.4,347.4,347.4,9603,347.4
2009-03-03,347.7,347.7,347.7,347.7,640,347.7
2009-03-04,346.46,346.46,343.34,343.64,2241,343.64
2009-03-05,337.4,367.09,337.4,367.09,960,367.09
2009-03-06,339.27,339.27,338.96,338.96,640,338.96
2009-03-09,326.46,326.46,326.46,326.46,321,326.46
2009-03-10,307.71,308.03,306.48,308.03,4161,308.03
2009-03-11,306.16,306.48,306.16,306.48,2562,306.48
2009-03-12,306.48,306.78,306.48,306.78,2562,306.78
2009-03-13,300.54,310.22,300.54,310.22,1281,310.22
2009-03-16,309.91,310.53,309.91,310.53,3521,310.53
2009-03-17,298.03,312.4,298.03,312.4,2241,312.4
2009-03-18,306.16,306.48,304.6,304.6,2241,304.6
2009-03-19,304.29,304.6,304.29,304.6,960,304.6
2009-03-23,303.66,304.6,303.03,303.35,6081,303.35
2009-03-24,306.48,309.59,306.16,306.48,4482,306.48
2009-03-25,306.16,306.16,305.85,306.16,14085,306.16
2009-03-26,288.98,289.29,288.98,288.98,1921,288.98
2009-03-27,288.98,292.11,288.98,292.11,3840,292.11
2009-03-30,300.85,300.85,290.55,290.55,13123,290.55
2009-03-31,290.55,290.55,290.23,290.23,640,290.23
2009-04-02,287.1,287.1,284.29,284.29,3201,284.29
2009-04-03,284.29,284.29,284.29,284.29,321,284.29
2009-04-06,284.61,284.61,284.61,284.61,2562,284.61
2009-04-07,284.91,284.91,284.91,284.91,960,284.91
2009-04-08,285.22,290.55,285.22,290.55,1281,290.55
2009-04-14,290.85,290.85,290.85,290.85,1281,290.85
2009-04-20,290.85,291.17,290.85,291.17,640,291.17
2009-04-21,291.17,291.48,291.17,291.48,960,291.48
2009-04-22,291.48,291.79,287.73,288.03,3521,288.03
2009-04-23,288.03,291.17,288.03,291.17,1281,291.17
2009-04-24,291.17,293.66,290.55,293.66,5442,293.66
2009-04-27,293.66,293.66,292.72,292.72,13123,292.72
2009-04-28,295.86,295.86,293.66,293.66,14725,293.66
2009-05-07,293.35,293.35,293.35,293.35,1600,293.35
2009-05-11,289.91,293.35,289.91,290.55,34570,290.55
2009-05-12,290.55,290.55,288.98,288.98,5121,288.98
2009-05-13,288.98,289.29,288.98,289.29,1600,289.29
2009-05-18,288.98,290.55,284.29,284.29,10884,284.29
2009-05-19,284.61,286.48,284.61,286.48,3201,286.48
2009-05-20,286.48,286.79,286.48,286.79,960,286.79
2009-05-21,286.79,288.36,285.86,287.1,8002,287.1
2009-05-22,284.29,286.79,284.29,286.16,11523,286.16
2009-05-25,287.42,287.42,287.1,287.42,16324,287.42
2009-05-26,287.42,287.42,285.86,285.86,5121,285.86
2009-05-27,286.79,289.29,286.16,286.79,78423,286.79
2009-05-28,295.24,296.79,292.11,293.04,37772,293.04
2009-05-29,287.73,288.98,287.42,288.98,13765,288.98
2009-06-01,289.29,292.41,288.98,291.79,25928,291.79
2009-06-02,293.98,295.86,293.04,295.86,15684,295.86
2009-06-03,299.91,299.91,293.66,293.66,14085,293.66
2009-06-04,296.79,299.91,292.72,299.91,12163,299.91
2009-06-05,303.03,303.03,293.66,300.85,32969,300.85
2009-06-08,303.98,315.53,303.98,315.53,7683,315.53
2009-06-09,315.21,315.21,306.16,312.4,12163,312.4
2009-06-10,315.21,315.21,308.34,313.97,4161,313.97
2009-06-11,315.53,315.53,303.03,312.4,8961,312.4
2009-06-12,315.53,315.53,307.71,313.66,1921,313.66
2009-06-15,319.91,319.91,309.28,312.4,22087,312.4
2009-06-16,310.84,318.34,306.16,318.34,38731,318.34
2009-06-17,312.4,327.72,312.4,327.72,7363,327.72
2009-06-18,324.9,337.4,324.9,337.4,6402,337.4
2009-06-19,337.4,338.96,331.15,334.28,21446,334.28
2009-06-22,336.46,338.34,334.59,338.02,9603,338.02
2009-06-23,338.64,338.64,333.34,338.34,3201,338.34
2009-06-24,338.34,340.51,337.4,340.22,9282,340.22
2009-06-25,346.46,350.52,341.14,350.52,15684,350.52
2009-06-26,353.02,356.46,351.15,356.14,9603,356.14
2009-06-29,367.39,370.2,362.4,362.71,22406,362.71
2009-06-30,365.21,371.77,365.21,371.77,13123,371.77
2009-07-01,384.26,404.87,382.69,404.87,16965,404.87
2009-07-02,406.12,406.12,390.52,406.12,27208,406.12
2009-07-03,393.64,396.14,388.32,396.14,16965,396.14
2009-07-06,395.2,396.14,381.77,395.2,4482,395.2
2009-07-07,395.2,395.2,395.2,395.2,321,395.2
2009-07-08,381.44,390.52,381.15,389.89,2562,389.89
2009-07-09,389.58,389.58,377.07,384.26,5121,384.26
2009-07-10,381.77,390.52,377.7,381.15,5762,381.15
2009-07-13,371.77,374.89,324.9,361.46,18886,361.46
2009-07-14,362.4,367.09,362.4,365.52,2881,365.52
2009-07-15,371.77,371.77,365.21,368.33,1281,368.33
2009-07-16,362.08,363.95,346.46,358.02,6723,358.02
2009-07-17,356.77,359.26,352.71,358.97,3521,358.97
2009-07-21,365.21,365.21,359.26,365.21,1281,365.21
2009-07-22,365.52,367.09,365.52,367.09,1281,367.09
2009-07-23,367.71,368.33,367.71,368.33,2241,368.33
2009-07-24,370.2,377.7,368.01,377.7,8323,377.7
2009-07-27,388.95,388.95,370.2,378.01,35850,378.01
2009-07-28,389.26,389.26,388.95,388.95,12163,388.95
2009-07-30,388.95,396.76,384.26,390.52,2241,390.52
2009-07-31,387.38,395.2,387.38,395.2,960,395.2
2009-08-03,394.89,394.89,394.89,394.89,321,394.89
2009-08-04,401.13,401.13,401.13,401.13,321,401.13
2009-08-06,387.38,393.64,378.01,384.26,1921,384.26
2009-08-07,378.01,381.15,374.89,374.89,5121,374.89
2009-08-10,374.89,381.15,368.63,381.15,4800,381.15
2009-08-11,368.63,387.38,368.63,387.38,2562,387.38
2009-08-12,378.01,381.15,378.01,381.15,640,381.15
2009-08-13,377.7,377.7,377.7,377.7,321,377.7
2009-08-14,377.7,378.01,376.45,376.45,4161,376.45
2009-08-17,357.72,396.76,357.72,396.76,8644,396.76
2009-08-18,395.2,395.2,382.69,382.69,1281,382.69
2009-08-20,382.69,382.69,378.01,382.69,1281,382.69
2009-08-21,381.15,387.38,374.89,387.38,5762,387.38
2009-08-24,388.95,390.52,388.95,390.52,960,390.52
2009-08-25,390.52,390.52,390.52,390.52,9923,390.52
2009-08-26,385.83,385.83,385.83,385.83,640,385.83
2009-08-27,384.26,390.52,384.26,390.52,3201,390.52
2009-08-28,396.76,399.26,396.76,399.26,8002,399.26
2009-08-31,393.94,393.94,393.94,393.94,640,393.94
2009-09-01,393.94,393.94,393.94,393.94,2562,393.94
2009-09-02,393.01,393.01,393.01,393.01,960,393.01
2009-09-03,393.01,393.01,387.38,387.38,960,387.38
2009-09-04,386.13,386.13,384.26,384.26,640,384.26
2009-09-08,374.89,374.89,374.89,374.89,1281,374.89
2009-09-09,362.4,362.4,362.4,362.4,640,362.4
2009-09-10,363.95,363.95,359.26,360.83,6081,360.83
2009-09-11,360.83,360.83,360.83,360.83,640,360.83
2009-09-14,362.4,362.4,359.26,359.6,2241,359.6
2009-09-15,359.6,359.6,357.72,357.72,1281,357.72
2009-09-16,358.34,362.4,358.02,359.26,3201,359.26
2009-09-17,357.72,357.72,347.08,347.08,640,347.08
2009-09-18,348.65,359.26,348.65,359.26,5121,359.26
2009-09-24,362.4,370.2,362.4,370.2,2562,370.2
2009-09-25,381.15,387.38,378.01,378.01,13444,378.01
2009-09-28,389.26,389.26,374.89,374.89,9923,374.89
2009-09-29,374.89,374.89,374.89,374.89,321,374.89
2009-10-05,371.14,371.14,371.14,371.14,321,371.14
2009-10-06,346.77,363.95,346.77,363.95,2241,363.95
2009-10-09,347.08,359.6,347.08,359.6,960,359.6
2009-10-13,359.26,359.26,357.72,359.26,1921,359.26
2009-10-15,370.2,370.2,370.2,370.2,321,370.2
2009-10-16,363.95,371.77,362.4,362.4,1281,362.4
2009-10-20,374.89,374.89,374.89,374.89,321,374.89
2009-10-21,375.82,375.82,375.82,375.82,321,375.82
2009-10-22,375.82,381.15,369.57,381.15,5121,381.15
2009-10-23,375.52,387.08,375.52,387.08,3840,387.08
2009-10-26,396.14,396.14,391.77,391.77,10563,391.77
2009-10-27,384.26,385.83,384.26,385.83,3521,385.83
2009-10-28,393.64,393.64,393.64,393.64,8002,393.64
2009-10-29,372.08,384.57,372.08,383.95,1281,383.95
2009-11-02,341.46,353.96,341.46,353.96,960,353.96
2009-11-06,341.46,341.46,341.46,341.46,2562,341.46
2009-11-09,344.59,344.59,344.59,344.59,321,344.59
2009-11-11,345.2,345.2,345.2,345.2,321,345.2
2009-11-12,346.77,346.77,346.77,346.77,1921,346.77
2009-11-16,343.97,343.97,343.97,343.97,321,343.97
2009-11-17,347.08,347.08,347.08,347.08,321,347.08
2009-11-18,348.65,348.65,348.65,348.65,2881,348.65
2009-11-19,348.96,355.21,348.96,349.59,2241,349.59
2009-11-20,349.89,356.14,349.89,356.14,1600,356.14
2009-11-24,362.4,362.4,343.64,356.14,9923,356.14
2009-11-25,362.4,366.77,362.4,366.77,10884,366.77
2009-11-27,366.77,373.02,366.77,370.2,1281,370.2
2009-11-30,380.82,380.82,349.89,356.14,9282,356.14
2009-12-01,343.97,368.63,343.97,368.63,960,368.63
2009-12-07,371.77,371.77,371.77,371.77,321,371.77
2009-12-10,382.69,387.38,382.69,387.38,10563,387.38
2009-12-11,398.95,404.58,387.38,387.38,13444,387.38
2009-12-15,398.95,398.95,396.76,396.76,640,396.76
2009-12-16,390.52,390.52,390.52,390.52,321,390.52
2009-12-21,390.52,400.82,390.52,393.64,7363,393.64
2009-12-22,393.64,399.88,393.64,395.2,5121,395.2
2009-12-24,401.13,405.5,398.32,405.5,3201,405.5
2009-12-25,395.82,398.32,379.57,387.7,13123,387.7
2009-12-28,399.26,399.26,399.26,399.26,8002,399.26
2009-12-29,374.26,396.14,374.26,396.14,1921,396.14
2010-01-05,396.14,396.14,374.89,374.89,2241,374.89
2010-01-06,365.52,378.01,365.52,378.01,2881,378.01
2010-01-12,367.09,367.09,356.14,365.52,1600,365.52
2010-01-14,374.89,381.15,374.89,381.15,2881,381.15
2010-01-18,379.57,379.57,379.57,379.57,321,379.57
2010-01-20,379.57,379.57,379.57,379.57,1281,379.57
2010-01-21,379.89,387.38,379.89,387.38,2241,387.38
2010-01-22,387.38,387.38,387.38,387.38,1600,387.38
2010-01-25,398.32,398.32,398.32,398.32,9603,398.32
2010-01-27,396.76,401.44,396.76,401.44,3840,401.44
2010-01-28,413.32,413.32,394.57,394.57,8644,394.57
2010-01-29,393.64,393.64,393.64,393.64,960,393.64
2010-02-03,393.64,393.64,393.64,393.64,1600,393.64
2010-02-04,390.52,390.52,388.95,388.95,1281,388.95
2010-02-05,388.95,388.95,388.95,388.95,321,388.95
2010-02-08,388.95,399.57,388.95,399.57,960,399.57
2010-02-09,390.52,401.44,390.52,401.44,640,401.44
2010-02-15,399.88,399.88,399.88,399.88,640,399.88
2010-02-18,393.94,399.88,393.94,398.02,2241,398.02
2010-02-22,403.0,408.94,403.0,406.12,5762,406.12
2010-02-23,411.13,412.37,411.13,412.37,960,412.37
2010-02-24,417.07,421.44,414.57,414.57,2562,414.57
2010-02-25,420.19,420.19,419.57,419.87,10563,419.87
2010-02-26,419.87,421.75,419.87,421.75,2241,421.75
2010-03-01,423.94,423.94,406.44,415.82,10242,415.82
2010-03-02,406.44,406.44,406.44,406.44,960,406.44
2010-03-04,407.06,407.06,406.44,406.44,640,406.44
2010-03-08,415.82,418.0,415.82,418.0,640,418.0
2010-03-09,414.87,421.75,414.87,421.75,3840,421.75
2010-03-10,427.07,427.07,427.07,427.07,321,427.07
2010-03-12,420.82,420.82,420.82,420.82,321,420.82
2010-03-15,421.75,424.88,421.75,424.88,1921,424.88
2010-03-16,424.88,424.88,424.88,424.88,321,424.88
2010-03-17,424.88,424.88,422.38,422.38,2562,422.38
2010-03-18,422.38,432.99,422.38,432.99,2241,432.99
2010-03-19,429.57,429.57,426.44,426.75,2881,426.75
2010-03-23,428.62,431.43,427.37,431.43,7683,431.43
2010-03-24,431.75,438.0,431.75,438.0,5762,438.0
2010-03-25,437.68,446.75,437.68,446.75,11844,446.75
2010-03-26,446.75,453.0,446.75,453.0,960,453.0
2010-03-29,448.31,468.61,448.31,468.61,7683,468.61
2010-03-31,437.38,437.38,437.38,437.38,3521,437.38
2010-04-01,428.62,428.62,424.88,424.88,3840,424.88
2010-04-02,415.5,415.5,409.26,412.69,4482,412.69
2010-04-05,413.0,414.87,413.0,414.87,640,414.87
2010-04-06,414.87,414.87,414.87,414.87,321,414.87
2010-04-07,414.87,414.87,414.57,414.87,3521,414.87
2010-04-08,414.87,415.5,414.87,415.5,2562,415.5
2010-04-09,415.82,415.82,415.82,415.82,321,415.82
2010-04-12,422.06,443.62,421.75,439.56,5442,439.56
2010-04-13,458.31,458.31,445.81,445.81,960,445.81
2010-04-14,453.0,457.68,453.0,457.68,2241,457.68
2010-04-15,457.68,457.68,457.68,457.68,1600,457.68
2010-04-16,457.68,457.68,457.68,457.68,1600,457.68
2010-04-19,451.43,451.43,448.31,451.43,1921,451.43
2010-04-20,451.43,456.13,451.43,456.13,3201,456.13
2010-04-22,461.74,464.56,459.24,459.24,5762,459.24
2010-04-23,459.55,463.61,459.24,462.68,3840,462.68
2010-04-26,443.93,467.67,443.93,466.43,14085,466.43
2010-04-27,465.49,467.36,465.49,467.36,3840,467.36
2010-04-28,457.99,457.99,457.99,457.99,8323,457.99
2010-04-30,457.99,457.99,457.99,457.99,321,457.99
2010-05-06,439.25,445.49,439.25,445.18,4161,445.18
2010-05-07,431.12,437.38,431.12,437.38,8323,437.38
2010-05-11,437.04,437.38,437.04,437.38,1600,437.38
2010-05-13,437.38,437.38,437.38,437.38,4800,437.38
2010-05-14,437.38,437.38,437.38,437.38,321,437.38
2010-05-17,437.38,437.38,437.38,437.38,960,437.38
2010-05-19,432.69,432.69,432.69,432.69,640,432.69
2010-05-20,434.25,434.25,423.32,428.0,2881,428.0
2010-05-21,424.88,424.88,415.5,423.32,9282,423.32
2010-05-24,426.44,428.0,426.44,426.44,3840,426.44
2010-05-25,417.07,418.63,409.26,412.37,18245,412.37
2010-05-26,412.37,412.37,406.12,406.12,3840,406.12
2010-05-27,406.12,406.12,384.26,393.33,9923,393.33
2010-05-28,384.57,399.88,384.57,398.32,16645,398.32
2010-06-01,398.32,398.32,396.76,396.76,2241,396.76
2010-06-02,390.52,390.52,384.26,384.26,1921,384.26
2010-06-04,384.26,388.01,384.26,385.2,5121,385.2
2010-06-07,376.45,376.45,376.45,376.45,640,376.45
2010-06-08,381.15,381.15,381.15,381.15,321,381.15
2010-06-09,377.07,377.07,376.14,376.14,640,376.14
2010-06-11,384.89,385.2,384.89,385.2,960,385.2
2010-06-14,403.63,406.12,403.63,406.12,640,406.12
2010-06-15,406.12,406.12,406.12,406.12,321,406.12
2010-06-16,406.12,406.12,406.12,406.12,321,406.12
2010-06-18,406.12,406.12,406.12,406.12,640,406.12
2010-06-21,406.12,406.12,406.12,406.12,2562,406.12
2010-06-22,406.12,406.12,406.12,406.12,3521,406.12
2010-06-23,421.44,421.44,420.19,420.19,640,420.19
2010-06-24,413.32,415.5,410.82,415.5,4161,415.5
2010-06-25,421.75,421.75,406.12,409.88,13123,409.88
2010-06-28,422.06,422.06,422.06,422.06,7363,422.06
2010-06-29,406.44,425.19,406.44,409.56,4800,409.56
2010-06-30,421.75,421.75,415.5,415.5,21446,415.5
2010-07-01,406.44,406.44,406.44,406.44,1600,406.44
2010-07-02,406.12,406.12,406.12,406.12,1600,406.12
2010-07-05,419.57,419.57,419.57,419.57,321,419.57
2010-07-12,422.06,422.06,421.75,421.75,960,421.75
2010-07-13,424.88,432.36,424.88,432.36,1921,432.36
2010-07-14,432.69,435.8,425.51,430.49,13444,430.49
2010-07-15,433.63,433.63,433.63,433.63,1600,433.63
2010-07-16,431.12,431.12,429.87,429.87,4482,429.87
2010-07-20,437.04,437.38,434.25,437.38,2881,437.38
2010-07-21,438.0,443.3,437.68,443.3,2562,443.3
2010-07-22,443.62,443.62,440.5,443.62,3521,443.62
2010-07-23,440.5,440.5,439.25,439.25,1921,439.25
2010-07-26,446.42,446.42,443.62,443.62,34250,443.62
2010-07-27,444.87,449.87,444.87,449.87,2241,449.87
2010-07-28,459.24,459.24,448.31,448.31,7363,448.31
2010-07-29,437.38,437.38,437.38,437.38,4800,437.38
2010-08-02,437.38,437.38,437.38,437.38,3201,437.38
2010-08-03,434.25,434.25,434.25,434.25,321,434.25
2010-08-05,437.38,437.38,437.38,437.38,321,437.38
2010-08-06,453.0,453.0,453.0,453.0,7363,453.0
2010-08-09,437.38,452.67,437.38,452.67,3521,452.67
2010-08-12,437.38,437.38,437.38,437.38,321,437.38
2010-08-16,429.57,429.57,429.57,429.57,640,429.57
2010-08-19,435.8,435.8,435.8,435.8,1921,435.8
2010-08-23,436.43,436.43,433.63,433.63,3201,433.63
2010-08-24,435.5,437.68,435.5,437.68,2881,437.68
2010-08-25,440.5,440.5,431.12,431.12,9923,431.12
2010-08-27,437.38,437.38,437.04,437.38,6081,437.38
2010-08-30,428.0,440.5,428.0,440.5,9603,440.5
2010-09-10,421.75,434.56,421.75,434.56,321,434.56
2010-09-13,437.38,437.38,437.38,437.38,640,437.38
2010-09-15,437.38,437.38,437.38,437.38,640,437.38
2010-09-17,437.68,437.68,437.04,437.04,3521,437.04
2010-09-21,437.38,437.38,436.75,437.38,2241,437.38
2010-09-22,437.38,437.38,437.38,437.38,321,437.38
2010-09-24,435.5,437.38,435.5,437.38,3521,437.38
2010-09-27,435.8,438.93,435.8,438.93,11203,438.93
2010-09-28,443.62,443.62,437.04,437.04,9923,437.04
2010-09-29,431.43,437.04,428.31,431.43,7042,431.43
2010-09-30,428.31,428.31,428.31,428.31,1600,428.31
2010-10-01,428.62,428.62,428.62,428.62,321,428.62
2010-10-04,424.88,425.19,424.88,425.19,960,425.19
2010-10-05,414.57,415.5,414.57,415.5,1600,415.5
2010-10-06,413.95,414.24,412.37,412.37,1921,412.37
2010-10-08,412.69,412.69,412.69,412.69,640,412.69
2010-10-12,413.0,415.5,409.26,415.5,2241,415.5
2010-10-13,415.2,415.2,415.2,415.2,640,415.2
2010-10-18,415.5,415.5,413.95,413.95,7683,413.95
2010-10-19,414.24,414.24,406.12,406.44,1281,406.44
2010-10-20,406.76,406.76,406.12,406.12,3521,406.12
2010-10-21,406.44,412.37,406.44,412.37,960,412.37
2010-10-22,412.69,418.0,412.69,415.82,3840,415.82
2010-10-25,424.88,424.88,415.5,415.82,10563,415.82
2010-10-26,416.13,418.63,412.69,416.76,4800,416.76
2010-10-27,413.95,415.5,413.0,415.5,2562,415.5
2010-10-28,406.12,406.44,406.12,406.44,8644,406.44
2010-10-29,396.76,397.07,396.76,397.07,2241,397.07
2010-11-05,397.38,397.38,397.38,397.38,960,397.38
2010-11-08,397.69,397.69,397.69,397.69,960,397.69
2010-11-09,398.02,421.75,398.02,421.44,8961,421.44
2010-11-10,421.75,421.75,421.75,421.75,321,421.75
2010-11-11,396.76,396.76,396.76,396.76,640,396.76
2010-11-12,398.02,406.12,398.02,406.12,1281,406.12
2010-11-15,406.44,406.44,406.44,406.44,640,406.44
2010-11-16,406.76,406.76,406.76,406.76,640,406.76
2010-11-17,408.32,412.37,408.32,412.37,1281,412.37
2010-11-18,413.0,413.95,412.37,412.37,9923,412.37
2010-11-19,412.69,421.75,410.19,421.75,6723,421.75
2010-11-22,421.44,421.44,415.5,417.07,5442,417.07
2010-11-24,417.37,417.37,415.5,415.5,4161,415.5
2010-11-25,406.44,407.69,406.44,406.76,13765,406.76
2010-11-26,407.06,419.87,407.06,419.87,1600,419.87
2010-11-29,419.87,419.87,419.87,419.87,8002,419.87
2010-12-01,412.37,412.69,412.37,412.69,1600,412.69
2010-12-02,413.0,413.0,413.0,413.0,640,413.0
2010-12-03,413.32,413.32,413.32,413.32,1921,413.32
2010-12-06,413.62,415.5,413.62,415.2,1600,415.2
2010-12-07,416.13,416.13,415.82,416.13,1600,416.13
2010-12-08,416.44,418.63,415.5,415.82,7683,415.82
2010-12-09,419.57,431.12,419.57,431.12,5121,431.12
2010-12-13,437.04,437.38,431.43,431.43,21766,431.43
2010-12-14,432.69,432.69,414.87,424.25,2881,424.25
2010-12-15,421.75,421.75,421.75,421.75,1600,421.75
2010-12-16,422.06,424.88,422.06,424.88,1921,424.88
2010-12-17,428.0,434.25,428.0,434.25,960,434.25
2010-12-20,431.12,431.43,431.12,431.43,1281,431.43
2010-12-21,431.75,431.75,431.75,431.75,1281,431.75
2010-12-22,431.12,431.12,430.49,431.12,3201,431.12
2010-12-24,431.12,431.12,425.81,425.81,3840,425.81
2010-12-27,416.44,435.8,416.44,431.12,12163,431.12
2010-12-28,435.5,435.5,407.69,411.13,11844,411.13
2010-12-29,412.08,421.12,412.08,421.12,960,421.12
2010-12-30,426.13,426.13,426.13,426.13,1281,426.13
2011-01-04,428.31,428.31,428.31,428.31,6402,428.31
2011-01-06,428.31,428.62,428.31,428.62,2241,428.62
2011-01-07,421.75,437.38,421.75,437.38,1921,437.38
2011-01-11,437.38,437.38,436.43,437.38,8323,437.38
2011-01-12,437.68,437.68,436.12,436.12,1600,436.12
2011-01-13,436.43,437.38,436.43,437.38,960,437.38
2011-01-14,436.43,436.43,431.12,431.43,3201,431.43
2011-01-17,432.69,432.69,432.06,432.06,1600,432.06
2011-01-18,431.43,431.75,431.12,431.75,1600,431.75
2011-01-19,431.12,433.93,431.12,433.93,1281,433.93
2011-01-20,434.56,440.5,434.56,437.38,2241,437.38
2011-01-21,435.5,435.5,426.44,428.0,1281,428.0
2011-01-24,426.13,433.93,426.13,430.49,1600,430.49
2011-01-25,435.8,435.8,429.57,429.57,10242,429.57
2011-01-26,429.57,437.38,429.57,434.25,2881,434.25
2011-01-27,429.87,437.38,428.0,437.38,2881,437.38
2011-01-28,446.75,446.75,428.95,428.95,8323,428.95
2011-01-31,428.95,428.95,428.95,428.95,1600,428.95
2011-02-01,419.57,423.32,419.57,422.99,1600,422.99
2011-02-02,420.5,422.06,420.5,422.06,960,422.06
2011-02-03,422.38,423.94,422.38,423.94,960,423.94
2011-02-04,423.94,436.43,423.94,429.57,2562,429.57
2011-02-07,437.38,437.38,429.87,431.43,2881,431.43
2011-02-08,432.06,433.63,432.06,432.69,960,432.69
2011-02-09,428.62,429.24,425.81,425.81,1281,425.81
2011-02-10,409.56,413.95,409.56,410.82,5762,410.82
2011-02-14,412.37,420.19,412.08,412.37,5121,412.37
2011-02-15,413.95,421.75,413.95,415.2,1921,415.2
2011-02-16,414.24,414.57,414.24,414.57,960,414.57
2011-02-17,421.75,421.75,415.5,415.5,960,415.5
2011-02-18,421.12,423.32,414.24,414.24,4161,414.24
2011-02-21,418.63,419.87,418.63,419.87,1281,419.87
2011-02-22,421.44,423.32,419.25,419.25,6081,419.25
2011-02-23,418.94,420.19,418.94,420.19,960,420.19
2011-02-24,419.25,424.56,419.25,420.5,1281,420.5
2011-02-25,418.63,424.56,418.63,424.56,14085,424.56
2011-02-28,433.63,433.63,424.25,424.25,7683,424.25
2011-03-01,424.56,426.44,424.56,424.88,5762,424.88
2011-03-02,423.32,423.32,423.32,423.32,960,423.32
2011-03-03,422.99,423.62,422.99,423.62,640,423.62
2011-03-04,425.19,428.0,424.88,424.88,3201,424.88
2011-03-07,424.88,424.88,418.94,418.94,1281,418.94
2011-03-08,418.63,418.94,418.63,418.94,960,418.94
2011-03-09,418.63,433.93,418.63,422.06,1921,422.06
2011-03-10,420.5,420.5,419.25,419.25,960,419.25
2011-03-11,420.19,420.19,416.44,418.63,3521,418.63
2011-03-14,409.56,409.56,374.89,403.0,16645,403.0
2011-03-15,390.52,390.52,331.15,331.15,2241,331.15
2011-03-16,329.59,367.09,329.59,351.46,4800,351.46
2011-03-17,343.64,343.97,337.4,337.4,2241,337.4
2011-03-18,343.64,375.2,343.64,375.2,3201,375.2
2011-03-22,378.33,392.06,378.33,392.06,1921,392.06
2011-03-23,390.81,406.12,390.81,403.0,4161,403.0
2011-03-24,403.0,403.95,399.88,399.88,4800,399.88
2011-03-25,390.52,399.88,390.52,394.57,15045,394.57
2011-03-28,403.95,403.95,393.64,395.2,9603,395.2
2011-03-29,362.4,371.77,362.4,368.63,1600,368.63
2011-03-30,372.08,374.26,372.08,373.95,1600,373.95
2011-03-31,373.95,373.95,362.71,363.95,5762,363.95
2011-04-01,363.95,373.32,363.95,370.2,3840,370.2
2011-04-04,370.2,370.2,366.77,367.09,1600,367.09
2011-04-05,368.63,370.51,368.63,370.2,1921,370.2
2011-04-06,370.2,370.2,365.83,369.57,2241,369.57
2011-04-07,366.46,366.46,366.15,366.15,1281,366.15
2011-04-08,367.09,367.09,365.83,365.83,3521,365.83
2011-04-11,365.83,365.83,365.52,365.52,1281,365.52
2011-04-12,365.52,365.52,364.28,364.28,1281,364.28
2011-04-13,364.28,364.28,363.95,363.95,1600,363.95
2011-04-14,363.95,368.33,363.95,365.52,2241,365.52
2011-04-15,365.52,368.33,365.52,367.39,1281,367.39
2011-04-18,369.26,374.89,369.26,370.51,1921,370.51
2011-04-19,370.51,370.51,369.89,369.89,1600,369.89
2011-04-20,369.89,375.2,369.89,375.2,1281,375.2
2011-04-21,375.82,378.01,375.82,378.01,960,378.01
2011-04-22,376.45,381.44,376.45,381.15,2241,381.15
2011-04-25,369.57,386.76,369.57,376.45,15684,376.45
2011-04-26,370.51,378.01,370.51,378.01,960,378.01
2011-04-27,373.32,379.57,373.32,379.27,1281,379.27
2011-04-28,388.65,388.65,388.65,388.65,8644,388.65
2011-05-02,369.89,398.02,369.89,379.57,1281,379.57
2011-05-06,379.57,379.57,379.57,379.57,960,379.57
2011-05-09,378.01,378.64,378.01,378.64,960,378.64
2011-05-10,375.82,378.33,375.2,375.2,960,375.2
2011-05-11,377.39,378.01,377.39,378.01,960,378.01
2011-05-12,378.01,378.01,377.7,377.7,960,377.7
2011-05-13,377.7,377.7,377.7,377.7,960,377.7
2011-05-16,381.44,381.44,378.64,378.64,2241,378.64
2011-05-17,378.33,378.33,374.89,375.82,4161,375.82
2011-05-18,376.14,377.07,376.14,377.07,640,377.07
2011-05-19,377.39,378.01,377.39,378.01,640,378.01
2011-05-20,378.33,379.27,378.33,379.27,640,379.27
2011-05-23,381.15,383.32,381.15,383.32,960,383.32
2011-05-24,383.32,388.95,383.32,386.45,5121,386.45
2011-05-25,370.2,381.77,370.2,374.89,16645,374.89
2011-05-26,374.89,374.89,368.96,369.57,19846,369.57
2011-05-27,369.57,370.2,367.39,369.57,1921,369.57
2011-05-30,366.15,369.57,366.15,367.71,14085,367.71
2011-05-31,368.63,374.89,368.63,368.63,2562,368.63
2011-06-01,368.01,368.63,368.01,368.63,1600,368.63
2011-06-02,368.63,368.63,365.52,365.52,1600,365.52
2011-06-03,365.83,384.26,362.4,362.4,1600,362.4
2011-06-06,362.4,362.71,362.4,362.4,1281,362.4
2011-06-07,362.4,363.33,362.4,363.02,1600,363.02
2011-06-08,363.33,363.33,362.71,363.02,1921,363.02
2011-06-09,363.33,381.77,363.02,381.77,1921,381.77
2011-06-10,363.33,372.7,363.33,365.21,1281,365.21
2011-06-13,365.21,366.77,365.21,366.77,960,366.77
2011-06-14,367.39,369.57,367.39,369.57,1281,369.57
2011-06-15,369.57,371.14,369.57,370.2,1921,370.2
2011-06-16,367.71,368.63,367.71,368.63,1921,368.63
2011-06-17,376.14,376.14,371.14,371.14,1281,371.14
2011-06-20,373.32,384.57,373.32,375.52,1921,375.52
2011-06-21,375.2,379.57,375.2,379.57,2241,379.57
2011-06-22,381.44,384.26,381.44,382.07,2881,382.07
2011-06-23,382.39,384.89,382.39,383.32,4161,383.32
2011-06-24,383.01,384.26,383.01,384.26,960,384.26
2011-06-27,368.63,378.33,368.63,377.39,17926,377.39
2011-06-28,371.14,376.77,371.14,372.08,11844,372.08
2011-06-29,373.95,378.33,373.95,375.2,960,375.2
2011-06-30,375.52,378.33,375.52,378.33,1600,378.33
2011-07-01,386.45,386.45,380.2,380.2,21766,380.2
2011-07-04,371.45,386.13,371.45,381.15,960,381.15
2011-07-05,376.77,376.77,376.77,376.77,640,376.77
2011-07-06,377.7,378.33,377.7,378.33,960,378.33
2011-07-07,381.44,385.51,381.44,385.51,1281,385.51
2011-07-08,379.89,381.44,379.89,381.44,1281,381.44
2011-07-11,381.44,383.01,381.44,383.01,960,383.01
2011-07-12,383.01,383.01,377.39,377.39,960,377.39
2011-07-13,378.33,378.33,377.39,377.39,4161,377.39
2011-07-14,379.27,379.27,378.33,378.33,2241,378.33
2011-07-15,378.33,390.52,378.33,390.52,4482,390.52
2011-07-19,390.19,390.19,387.38,387.38,3201,387.38
2011-07-20,387.7,390.52,387.7,390.52,8323,390.52
2011-07-21,392.06,396.76,392.06,396.14,4800,396.14
2011-07-22,399.26,412.37,399.26,406.12,7363,406.12
2011-07-25,390.52,409.26,390.52,398.95,45133,398.95
2011-07-26,398.95,398.95,390.81,392.06,2241,392.06
2011-07-27,392.06,393.64,392.06,393.64,960,393.64
2011-07-28,393.64,393.64,383.01,383.01,9923,383.01
2011-07-29,383.63,383.95,382.69,382.69,5762,382.69
2011-08-01,375.2,375.2,375.2,375.2,640,375.2
2011-08-02,375.2,375.52,360.2,360.2,14404,360.2
2011-08-05,360.2,360.2,351.77,352.71,5762,352.71
2011-08-08,352.71,352.71,352.71,352.71,960,352.71
2011-08-09,343.97,343.97,343.64,343.64,8002,343.64
2011-08-10,350.83,351.15,349.89,349.89,2562,349.89
2011-08-11,349.59,349.89,349.59,349.89,5121,349.89
2011-08-12,365.21,365.21,348.02,348.02,3840,348.02
2011-08-15,357.39,359.26,357.39,359.26,960,359.26
2011-08-16,359.89,359.89,359.26,359.26,31689,359.26
2011-08-18,365.21,365.21,348.02,351.46,2881,351.46
2011-08-22,353.64,353.64,353.64,353.64,640,353.64
2011-08-23,353.64,353.64,353.64,353.64,321,353.64
2011-08-24,353.96,361.77,352.38,352.38,3840,352.38
2011-08-25,349.89,360.83,349.89,354.9,15364,354.9
2011-08-26,358.34,358.34,358.34,358.34,640,358.34
2011-08-29,356.14,365.21,356.14,365.21,7363,365.21
2011-08-30,355.84,355.84,353.02,353.34,3521,353.34
2011-08-31,353.02,353.02,353.02,353.02,640,353.02
2011-09-01,356.14,356.14,354.9,354.9,640,354.9
2011-09-02,355.21,355.21,355.21,355.21,640,355.21
2011-09-05,353.02,353.02,353.02,353.02,1600,353.02
2011-09-08,353.96,353.96,353.96,353.96,640,353.96
2011-09-09,353.96,353.96,353.96,353.96,640,353.96
2011-09-12,356.14,356.14,353.02,353.02,640,353.02
2011-09-13,353.02,353.02,353.02,353.02,1281,353.02
2011-09-14,353.34,353.34,353.34,353.34,640,353.34
2011-09-15,354.58,356.14,354.58,354.58,4800,354.58
2011-09-20,355.84,360.52,355.84,360.52,1600,360.52
2011-09-21,360.52,360.52,359.26,359.26,960,359.26
2011-09-22,361.14,365.52,361.14,362.4,3840,362.4
2011-09-26,371.77,371.77,371.77,371.77,12163,371.77
2011-09-27,374.58,374.58,374.58,374.58,321,374.58
2011-09-28,371.45,374.89,371.45,374.89,7363,374.89
2011-09-29,374.89,374.89,374.89,374.89,321,374.89
2011-10-03,356.14,356.14,356.14,356.14,321,356.14
2011-10-05,368.63,368.63,368.63,368.63,321,368.63
2011-10-06,368.96,368.96,368.96,368.96,321,368.96
2011-10-11,350.22,359.26,350.22,359.26,2562,359.26
2011-10-12,356.14,356.14,356.14,356.14,1600,356.14
2011-10-14,359.6,359.6,359.6,359.6,321,359.6
2011-10-20,359.89,359.89,359.89,359.89,640,359.89
2011-10-21,378.64,378.64,378.64,378.64,640,378.64
2011-10-24,366.46,371.45,366.46,371.45,3201,371.45
2011-10-25,382.39,382.39,374.89,374.89,15684,374.89
2011-10-26,370.2,370.2,370.2,370.2,321,370.2
2011-10-27,371.77,371.77,371.77,371.77,960,371.77
2011-10-28,374.89,374.89,371.77,371.77,7363,371.77
2011-10-31,374.89,374.89,367.09,367.09,5121,367.09
2011-11-01,365.52,365.52,365.52,365.52,1281,365.52
2011-11-07,362.4,362.4,362.4,362.4,321,362.4
2011-11-08,359.89,359.89,359.89,359.89,321,359.89
2011-11-10,368.63,368.63,368.63,368.63,1281,368.63
2011-11-11,371.77,371.77,371.77,371.77,321,371.77
2011-11-14,365.83,365.83,365.83,365.83,1281,365.83
2011-11-15,363.65,363.65,363.65,363.65,321,363.65
2011-11-16,365.52,368.63,365.52,368.63,2241,368.63
2011-11-17,368.63,368.63,362.71,362.71,1600,362.71
2011-11-21,364.28,364.28,363.95,363.95,2562,363.95
2011-11-22,364.28,364.28,357.39,357.39,1281,357.39
2011-11-24,368.63,368.63,368.63,368.63,4800,368.63
2011-11-25,368.63,368.63,368.63,368.63,13765,368.63
2011-11-28,379.57,379.57,368.63,368.63,17926,368.63
2011-11-29,366.15,366.15,366.15,366.15,640,366.15
2011-11-30,368.33,368.33,368.33,368.33,321,368.33
2011-12-02,372.39,375.52,372.39,375.52,1600,375.52
2011-12-05,375.2,375.2,375.2,375.2,321,375.2
2011-12-06,384.57,390.52,379.57,379.57,5442,379.57
2011-12-07,381.15,383.63,378.94,378.94,10884,378.94
2011-12-08,383.95,383.95,383.95,383.95,321,383.95
2011-12-09,387.38,390.52,387.38,390.52,3201,390.52
2011-12-12,383.95,383.95,383.95,383.95,23047,383.95
2011-12-13,390.52,390.52,381.15,381.15,3201,381.15
2011-12-14,379.57,379.57,379.57,379.57,2241,379.57
2011-12-16,387.08,387.08,387.08,387.08,960,387.08
2011-12-19,387.08,387.08,387.08,387.08,321,387.08
2011-12-21,396.45,399.88,390.81,390.81,1921,390.81
2011-12-22,403.0,403.0,393.64,398.32,5762,398.32
2011-12-26,396.14,396.14,396.14,396.14,12163,396.14
2011-12-27,396.14,398.95,396.14,398.95,1600,398.95
2011-12-28,399.57,399.57,399.57,399.57,6402,399.57
2012-01-04,401.44,401.44,390.52,390.52,640,390.52
2012-01-11,390.52,390.52,390.52,390.52,640,390.52
2012-01-12,390.52,390.52,390.52,390.52,321,390.52
2012-01-16,390.81,390.81,390.81,390.81,321,390.81
2012-01-18,437.38,437.38,402.37,406.12,2562,406.12
2012-01-19,403.32,407.69,403.32,407.69,1281,407.69
2012-01-23,435.8,435.8,435.8,435.8,321,435.8
2012-01-24,434.25,456.13,434.25,443.62,2881,443.62
2012-01-25,456.75,456.75,456.43,456.43,10242,456.43
2012-01-26,462.36,462.36,462.36,462.36,960,462.36
2012-01-27,469.55,469.55,468.61,468.61,960,468.61
2012-01-30,468.61,468.61,462.36,462.36,6081,462.36
2012-01-31,462.36,462.36,462.36,462.36,321,462.36
2012-02-01,462.05,462.05,459.24,459.24,960,459.24
2012-02-02,453.3,453.3,450.17,450.17,1921,450.17
2012-02-03,446.75,446.75,446.75,446.75,640,446.75
2012-02-06,443.62,443.62,443.62,443.62,321,443.62
2012-02-08,442.06,442.06,442.06,442.06,1921,442.06
2012-02-10,443.0,443.0,440.8,440.8,3840,440.8
2012-02-13,422.06,428.0,422.06,428.0,1281,428.0
2012-02-14,431.12,432.69,431.12,432.69,2241,432.69
2012-02-15,431.12,431.12,431.12,431.12,1921,431.12
2012-02-17,428.0,431.12,428.0,431.12,3521,431.12
2012-02-21,437.38,437.38,437.38,437.38,321,437.38
2012-02-22,438.31,443.62,438.31,443.62,1281,443.62
2012-02-23,449.56,451.43,448.94,451.43,2562,451.43
2012-02-24,452.67,457.68,452.67,457.68,2562,457.68
2012-02-27,467.05,467.05,460.81,460.81,10563,460.81
2012-02-28,466.73,466.73,466.73,466.73,5762,466.73
2012-02-29,466.73,466.73,466.73,466.73,640,466.73
2012-03-01,463.93,463.93,463.93,463.93,321,463.93
2012-03-02,462.36,462.36,462.36,462.36,321,462.36
2012-03-06,461.42,461.42,446.75,446.75,3521,446.75
2012-03-09,459.24,459.24,459.24,459.24,1600,459.24
2012-03-12,453.0,453.0,449.87,449.87,2241,449.87
2012-03-13,449.87,453.0,449.87,453.0,6402,453.0
2012-03-14,453.0,453.0,453.0,453.0,321,453.0
2012-03-19,465.8,468.3,465.49,468.3,1921,468.3
2012-03-21,467.98,467.98,467.98,467.98,2562,467.98
2012-03-22,467.98,467.98,467.98,467.98,640,467.98
2012-03-23,468.3,468.61,467.98,468.61,10242,468.61
2012-03-26,471.74,471.74,471.74,471.74,9923,471.74
2012-03-27,477.99,477.99,468.92,468.92,960,468.92
2012-03-28,468.3,471.74,468.3,471.74,6081,471.74
2012-03-29,459.24,459.24,447.06,447.06,2241,447.06
2012-04-03,446.75,449.87,446.75,449.87,1921,449.87
2012-04-04,450.17,450.17,450.17,450.17,1281,450.17
2012-04-05,449.56,449.56,449.24,449.24,1600,449.24
2012-04-06,449.24,449.24,449.24,449.24,640,449.24
2012-04-10,439.87,440.18,437.38,437.38,4161,437.38
2012-04-11,434.88,434.88,434.56,434.56,1281,434.56
2012-04-13,444.25,444.25,444.25,444.25,321,444.25
2012-04-16,442.37,442.37,437.38,437.38,6723,437.38
2012-04-17,437.38,437.68,437.38,437.38,9282,437.38
2012-04-18,437.38,437.38,437.38,437.38,1600,437.38
2012-04-20,441.43,442.37,438.0,438.0,2881,438.0
2012-04-23,439.25,439.25,439.25,439.25,640,439.25
2012-04-24,442.68,444.55,442.68,444.55,1281,444.55
2012-04-25,442.37,442.37,441.43,441.43,11523,441.43
2012-04-26,446.75,446.75,438.31,438.31,3201,438.31
2012-04-27,437.38,437.38,429.57,437.04,2562,437.04
2012-05-01,439.87,439.87,433.63,433.63,6402,433.63
2012-05-08,434.25,434.25,434.25,434.25,321,434.25
2012-05-09,421.75,421.75,421.75,421.75,321,421.75
2012-05-10,415.5,415.5,415.5,415.5,321,415.5
2012-05-14,418.94,418.94,418.63,418.63,960,418.63
2012-05-17,418.94,418.94,418.94,418.94,321,418.94
2012-05-18,419.25,419.25,413.95,413.95,1281,413.95
2012-05-21,414.24,414.24,414.24,414.24,640,414.24
2012-05-22,419.25,419.25,419.25,419.25,960,419.25
2012-05-23,428.0,428.0,428.0,428.0,640,428.0
2012-05-24,437.38,437.38,431.12,434.25,2562,434.25
2012-05-25,434.25,438.93,434.25,437.68,13123,437.68
2012-05-28,436.75,436.75,436.75,436.75,6081,436.75
2012-05-29,431.12,431.12,428.0,428.0,1281,428.0
2012-05-31,418.63,418.63,418.63,418.63,321,418.63
2012-06-07,425.19,425.19,425.19,425.19,640,425.19
2012-06-11,430.81,431.12,430.81,431.12,960,431.12
2012-06-12,430.81,430.81,430.81,430.81,321,430.81
2012-06-13,430.81,437.38,429.57,437.38,2562,437.38
2012-06-14,437.38,437.38,437.38,437.38,2241,437.38
2012-06-19,443.62,445.18,443.62,445.18,640,445.18
2012-06-20,449.56,449.87,449.56,449.87,960,449.87
2012-06-21,453.3,453.3,451.12,451.12,2881,451.12
2012-06-22,456.13,456.13,454.25,454.25,2562,454.25
2012-06-25,453.3,453.3,453.3,453.3,10884,453.3
2012-06-26,457.06,457.06,454.87,454.87,640,454.87
2012-06-27,457.36,463.93,457.36,463.93,5442,463.93
2012-06-28,467.05,467.05,467.05,467.05,8961,467.05
2012-06-29,467.05,468.61,467.05,468.61,3201,468.61
2012-07-02,482.68,482.68,482.68,482.68,18886,482.68
2012-07-03,477.99,477.99,458.61,458.61,8323,458.61
2012-07-05,462.68,462.68,462.68,462.68,640,462.68
2012-07-09,462.68,462.68,462.68,462.68,2241,462.68
2012-07-11,454.87,457.99,454.87,456.43,6723,456.43
2012-07-13,467.05,468.61,467.05,468.61,2241,468.61
2012-07-17,468.61,468.61,468.61,468.61,4800,468.61
2012-07-18,462.98,462.98,462.36,462.36,8644,462.36
2012-07-19,463.61,463.61,462.36,462.36,4482,462.36
2012-07-20,462.68,462.68,462.36,462.36,2881,462.36
2012-07-23,462.36,462.36,462.36,462.36,8961,462.36
2012-07-24,462.36,462.36,459.24,459.55,6081,459.55
2012-07-25,451.43,453.0,451.43,453.0,44813,453.0
2012-07-26,459.24,459.24,459.24,459.24,1921,459.24
2012-07-27,454.87,454.87,454.55,454.55,960,454.55
2012-07-30,453.0,453.0,447.06,447.06,6402,447.06
2012-07-31,452.67,452.67,437.38,440.5,1921,440.5
2012-08-02,440.5,440.5,440.5,440.5,3201,440.5
2012-08-06,440.5,440.5,440.5,440.5,3201,440.5
2012-08-07,440.5,440.5,440.5,440.5,7363,440.5
2012-08-08,440.5,440.5,440.5,440.5,12804,440.5
2012-08-13,440.5,440.5,440.5,440.5,3521,440.5
2012-08-14,440.5,440.5,440.5,440.5,640,440.5
2012-08-17,443.62,443.62,443.62,443.62,3201,443.62
2012-08-20,443.62,443.62,443.62,443.62,2562,443.62
2012-08-21,443.62,443.93,443.62,443.62,4482,443.62
2012-08-22,445.49,445.49,443.62,443.62,2562,443.62
2012-08-24,450.5,450.5,450.5,450.5,640,450.5
2012-08-27,462.36,462.36,460.18,460.18,11844,460.18
2012-08-28,460.18,460.18,460.18,460.18,5121,460.18
2012-08-29,453.0,453.0,453.0,453.0,3840,453.0
2012-08-31,453.0,453.0,453.0,453.0,1281,453.0
2012-09-03,453.0,453.0,453.0,453.0,4161,453.0
2012-09-04,452.67,453.0,452.05,452.38,12163,452.38
2012-09-05,450.17,453.0,450.17,453.0,27208,453.0
2012-09-06,446.75,446.75,443.93,443.93,960,443.93
2012-09-07,441.13,441.13,434.56,434.56,1281,434.56
2012-09-10,428.31,440.5,428.31,434.56,4161,434.56
2012-09-11,434.25,434.25,432.99,432.99,960,432.99
2012-09-12,430.19,434.56,430.19,434.56,960,434.56
2012-09-13,434.88,434.88,434.88,434.88,1600,434.88
2012-09-14,437.38,442.06,431.75,432.69,2241,432.69
2012-09-19,440.5,440.5,440.5,440.5,3201,440.5
2012-09-20,440.5,440.5,440.5,440.5,1921,440.5
2012-09-24,441.13,441.13,441.13,441.13,4161,441.13
2012-09-25,443.62,443.62,443.62,443.62,10884,443.62
2012-09-26,445.18,445.18,445.18,445.18,321,445.18
2012-09-28,443.62,443.62,443.62,443.62,5121,443.62
2012-10-01,453.0,453.0,443.62,443.62,640,443.62
2012-10-02,443.62,443.62,443.62,443.62,8002,443.62
2012-10-05,437.38,437.38,437.38,437.38,1600,437.38
2012-10-09,453.0,453.0,453.0,453.0,1600,453.0
2012-10-10,440.5,440.5,440.5,440.5,321,440.5
2012-10-11,453.0,453.0,440.5,440.5,2241,440.5
2012-10-12,431.43,431.43,431.43,431.43,1921,431.43
2012-10-15,437.38,437.38,437.38,437.38,321,437.38
2012-10-17,432.36,432.36,432.36,432.36,960,432.36
2012-10-18,440.5,440.5,440.5,440.5,960,440.5
2012-10-19,453.0,453.0,441.43,441.43,1600,441.43
2012-10-23,448.31,448.31,448.31,448.31,640,448.31
2012-10-24,446.12,446.12,446.12,446.12,1281,446.12
2012-10-25,453.0,453.0,453.0,453.0,16324,453.0
2012-10-26,453.0,453.0,451.43,451.43,1281,451.43
2012-10-29,453.0,453.0,449.87,449.87,7042,449.87
2012-11-02,452.67,452.67,452.67,452.67,4161,452.67
2012-11-07,448.31,453.0,448.31,453.0,1281,453.0
2012-11-09,453.0,453.0,440.8,440.8,1600,440.8
2012-11-14,443.62,443.62,437.68,443.62,3201,443.62
2012-11-15,453.0,453.0,453.0,453.0,960,453.0
2012-11-19,450.8,450.8,450.8,450.8,1281,450.8
2012-11-21,462.05,462.05,462.05,462.05,321,462.05
2012-11-22,462.36,463.93,459.55,463.93,3201,463.93
2012-11-26,468.61,468.61,463.93,463.93,10563,463.93
2012-11-27,467.98,467.98,465.49,465.49,960,465.49
2012-11-28,474.86,474.86,474.86,474.86,5121,474.86
2012-11-30,475.18,475.18,475.18,475.18,640,475.18
2012-12-04,475.18,483.92,475.18,483.92,1600,483.92
2012-12-05,476.43,490.17,476.43,490.17,8644,490.17
2012-12-06,481.42,481.42,479.56,479.56,960,479.56
2012-12-07,485.8,488.93,485.8,488.93,2562,488.93
2012-12-11,499.85,499.85,499.85,499.85,18886,499.85
2012-12-12,497.36,497.36,497.36,497.36,321,497.36
2012-12-13,499.85,499.85,499.85,499.85,3201,499.85
2012-12-14,474.86,480.79,474.86,475.18,1921,475.18
2012-12-18,482.98,483.3,482.98,483.3,640,483.3
2012-12-19,484.85,521.72,484.85,502.97,12484,502.97
2012-12-20,490.48,492.35,490.48,490.48,6081,490.48
2012-12-21,490.79,490.79,490.79,490.79,960,490.79
2012-12-25,477.99,477.99,472.05,474.86,12163,474.86
2012-12-26,483.92,484.24,483.92,484.24,1281,484.24
2012-12-27,481.11,484.24,478.3,484.24,1921,484.24
2012-12-28,496.74,506.1,496.74,506.1,7363,506.1
2013-01-04,486.42,503.59,486.42,491.1,1921,491.1
2013-01-07,491.1,537.33,491.1,499.85,6081,499.85
2013-01-08,499.85,499.85,497.03,497.36,1281,497.36
2013-01-09,497.66,497.66,497.66,497.66,960,497.66
2013-01-10,499.53,499.85,498.29,498.61,12484,498.61
2013-01-11,498.29,499.85,497.98,497.98,2881,497.98
2013-01-15,489.23,499.85,465.17,489.23,9282,489.23
2013-01-16,480.49,499.85,480.49,484.55,1921,484.55
2013-01-17,484.85,487.67,484.85,487.36,1600,487.36
2013-01-18,487.36,499.53,487.36,492.98,8323,492.98
2013-01-21,493.61,499.53,493.61,493.92,1281,493.92
2013-01-22,493.92,493.92,493.92,493.92,1281,493.92
2013-01-23,494.22,494.55,494.22,494.22,3201,494.22
2013-01-24,494.22,494.22,494.22,494.22,1921,494.22
2013-01-25,493.61,499.53,493.61,499.53,12163,499.53
2013-01-28,499.53,499.53,499.53,499.53,5121,499.53
2013-01-29,499.85,499.85,494.22,494.22,960,494.22
2013-01-30,494.55,494.55,494.55,494.55,321,494.55
2013-01-31,494.85,494.85,494.85,494.85,640,494.85
2013-02-01,499.53,499.85,499.53,499.85,1921,499.85
2013-02-04,512.35,524.84,512.35,524.84,1600,524.84
2013-02-06,499.85,499.85,499.85,499.85,960,499.85
2013-02-07,500.17,500.17,500.17,500.17,640,500.17
2013-02-08,506.1,506.1,493.92,493.92,960,493.92
2013-02-12,495.48,495.48,487.36,487.36,1921,487.36
2013-02-14,496.74,496.74,496.74,496.74,321,496.74
2013-02-15,490.79,490.79,490.48,490.48,2241,490.48
2013-02-18,496.74,496.74,496.74,496.74,321,496.74
2013-02-19,496.74,496.74,493.61,493.61,960,493.61
2013-02-20,496.41,499.85,496.41,499.85,2562,499.85
2013-02-21,500.17,502.97,500.17,502.97,640,502.97
2013-02-22,504.22,507.66,501.41,507.66,2881,507.66
2013-02-25,507.66,507.66,499.85,499.85,14404,499.85
2013-02-26,496.74,504.53,496.74,504.53,2562,504.53
2013-02-27,502.35,506.1,502.35,506.1,1600,506.1
2013-02-28,506.1,506.1,506.1,506.1,4482,506.1
2013-03-01,502.04,502.04,502.04,502.04,321,502.04
2013-03-04,512.03,512.03,512.03,512.03,321,512.03
2013-03-06,506.1,509.22,506.1,507.66,6723,507.66
2013-03-07,506.1,507.66,506.1,507.66,640,507.66
2013-03-08,501.73,506.1,499.85,499.85,2241,499.85
2013-03-11,495.78,499.85,495.78,499.85,2241,499.85
2013-03-12,499.85,500.17,495.48,500.17,3521,500.17
2013-03-13,501.41,501.41,498.61,498.61,1600,498.61
2013-03-14,502.97,502.97,502.97,502.97,1281,502.97
2013-03-15,502.97,513.61,502.97,513.61,7683,513.61
2013-03-18,507.04,527.96,506.73,506.73,7042,506.73
2013-03-19,508.28,509.22,508.28,509.22,10884,509.22
2013-03-21,511.73,515.48,510.78,510.78,10884,510.78
2013-03-22,512.97,513.61,512.66,512.66,3521,512.66
2013-03-25,506.41,512.66,506.41,507.98,24967,507.98
2013-03-26,507.98,509.22,507.98,508.61,7042,508.61
2013-03-27,499.85,501.41,499.53,499.53,3201,499.53
2013-03-28,508.91,508.91,485.8,485.8,9282,485.8
2013-03-29,487.36,513.9,487.36,504.53,6723,504.53
2013-04-01,506.1,513.9,493.61,493.61,5121,493.61
2013-04-02,493.61,493.61,487.36,487.36,4800,487.36
2013-04-03,487.36,487.36,487.36,487.36,640,487.36
2013-04-04,487.67,487.67,484.24,484.24,3201,484.24
2013-04-05,496.11,496.11,487.05,490.48,6402,490.48
2013-04-08,487.36,487.67,484.24,487.36,11203,487.36
2013-04-09,486.42,487.36,485.18,487.36,3840,487.36
2013-04-10,484.55,487.05,484.24,485.8,3521,485.8
2013-04-11,485.8,487.36,485.8,486.11,11844,486.11
2013-04-12,484.55,484.55,484.24,484.24,8644,484.24
2013-04-15,483.92,484.24,483.92,483.92,1921,483.92
2013-04-16,486.42,486.42,486.42,486.42,1281,486.42
2013-04-17,486.11,486.11,474.86,484.24,10242,484.24
2013-04-18,484.24,484.24,484.24,484.24,6081,484.24
2013-04-19,481.42,484.24,481.42,484.24,5762,484.24
2013-04-22,484.55,487.36,484.24,487.05,6402,487.05
2013-04-23,486.11,488.3,485.8,487.36,16965,487.36
2013-04-24,486.42,488.93,486.42,488.93,8323,488.93
2013-04-25,489.23,495.16,488.3,490.48,22087,490.48
2013-04-26,490.48,495.78,489.86,493.61,3201,493.61
2013-04-30,498.29,499.85,493.61,497.66,7042,497.66
2013-05-01,499.85,499.85,493.92,493.92,8961,493.92
2013-05-02,492.35,493.61,491.1,493.61,3201,493.61
2013-05-07,501.41,505.16,499.85,499.85,11203,499.85
2013-05-08,499.85,506.1,495.16,502.97,13444,502.97
2013-05-09,502.97,515.48,502.97,506.1,14725,506.1
2013-05-10,500.48,506.1,496.74,498.61,7363,498.61
2013-05-13,507.35,508.61,489.23,499.85,30729,499.85
2013-05-14,501.73,504.53,499.85,504.53,15364,504.53
2013-05-15,515.48,523.28,504.53,506.1,58577,506.1
2013-05-16,506.1,511.73,490.79,499.85,24328,499.85
2013-05-17,497.03,499.85,490.79,499.85,14404,499.85
2013-05-20,506.1,510.78,506.1,509.22,67860,509.22
2013-05-21,506.73,509.22,505.79,505.79,10242,505.79
2013-05-22,507.66,556.08,507.66,524.84,148524,524.84
2013-05-23,549.84,579.51,509.22,535.78,219265,535.78
2013-05-24,546.71,561.39,506.1,524.84,59857,524.84
2013-05-27,534.21,534.21,506.1,512.66,44813,512.66
2013-05-28,521.72,522.97,501.73,522.97,25608,522.97
2013-05-29,522.97,522.97,513.9,513.9,13444,513.9
2013-05-30,505.48,512.35,501.73,501.73,16005,501.73
2013-05-31,502.35,508.91,501.73,507.66,8644,507.66
2013-06-03,495.16,504.53,493.61,499.85,7683,499.85
2013-06-04,493.61,496.74,491.1,491.1,5442,491.1
2013-06-05,501.41,501.41,487.98,493.29,5442,493.29
2013-06-06,492.05,492.05,474.86,474.86,16324,474.86
2013-06-07,443.93,460.81,437.38,443.62,35850,443.62
2013-06-10,456.13,476.43,456.13,473.3,10242,473.3
2013-06-11,462.68,468.61,460.81,460.81,6402,460.81
2013-06-12,459.24,465.49,453.0,459.24,9923,459.24
2013-06-13,459.55,459.55,453.0,453.0,6723,453.0
2013-06-14,454.25,456.43,454.25,456.43,640,456.43
2013-06-17,456.43,459.24,456.43,457.68,4800,457.68
2013-06-18,459.86,459.86,459.24,459.55,2881,459.55
2013-06-19,460.49,472.98,460.49,471.74,1921,471.74
2013-06-20,465.49,469.86,462.68,469.86,2241,469.86
2013-06-21,468.3,473.3,459.24,473.3,8323,473.3
2013-06-24,473.3,473.3,468.92,468.92,4800,468.92
2013-06-25,472.67,472.67,465.49,466.43,11203,466.43
2013-06-26,466.73,472.67,464.23,464.23,12484,464.23
2013-06-27,462.36,462.36,437.38,452.38,28489,452.38
2013-06-28,458.61,472.67,456.75,470.18,16005,470.18
2013-07-01,471.74,471.74,462.36,462.36,19207,462.36
2013-07-02,471.42,473.3,459.24,473.3,12163,473.3
2013-07-03,465.8,465.8,465.8,465.8,640,465.8
2013-07-04,459.24,459.55,459.24,459.24,2881,459.24
2013-07-05,461.11,472.35,461.11,468.61,2562,468.61
2013-07-08,474.55,474.55,468.61,468.61,3201,468.61
2013-07-09,468.61,468.61,465.8,468.61,3201,468.61
2013-07-10,468.61,468.61,467.05,467.36,2881,467.36
2013-07-11,469.86,483.3,467.98,483.3,11523,483.3
2013-07-12,481.73,483.3,475.18,475.18,1281,475.18
2013-07-16,475.18,491.1,468.61,491.1,3201,491.1
2013-07-17,468.61,468.61,453.0,453.0,39371,453.0
2013-07-18,456.43,467.05,456.43,466.73,5121,466.73
2013-07-19,465.49,465.49,462.36,462.36,2881,462.36
2013-07-22,463.61,468.61,462.05,468.61,6723,468.61
2013-07-23,464.56,465.49,464.56,465.49,3521,465.49
2013-07-24,474.86,476.1,468.61,476.1,12484,476.1
2013-07-25,472.98,472.98,459.55,467.36,48334,467.36
2013-07-26,467.05,468.3,461.42,468.3,4161,468.3
2013-07-29,473.3,473.3,459.55,468.61,12804,468.61
2013-07-30,465.49,465.49,460.81,460.81,640,460.81
2013-08-01,467.98,468.61,462.98,462.98,960,462.98
2013-08-02,462.98,467.98,462.98,463.3,1281,463.3
2013-08-05,468.61,468.61,463.61,463.61,960,463.61
2013-08-06,463.61,463.61,463.61,463.61,321,463.61
2013-08-07,465.49,465.49,462.98,465.49,2241,465.49
2013-08-09,466.73,467.05,465.49,465.49,3201,465.49
2013-08-12,457.99,468.3,453.63,468.3,2562,468.3
2013-08-13,468.3,468.3,456.13,459.24,2241,459.24
2013-08-14,457.68,457.68,457.68,457.68,321,457.68
2013-08-15,454.87,456.13,454.87,456.13,1281,456.13
2013-08-16,456.43,459.24,456.13,459.24,3521,459.24
2013-08-19,466.1,466.1,466.1,466.1,640,466.1
2013-08-20,467.98,467.98,462.36,462.36,960,462.36
2013-08-21,462.36,463.93,460.49,463.93,2562,463.93
2013-08-22,462.68,467.36,453.0,467.36,11523,467.36
2013-08-23,467.36,469.55,467.36,469.55,6402,469.55
2013-08-26,468.3,471.74,465.8,465.8,18245,465.8
2013-08-27,467.98,467.98,467.36,467.98,3521,467.98
2013-08-28,467.98,467.98,464.56,464.56,4800,464.56
2013-08-30,458.61,458.61,455.5,455.5,3521,455.5
2013-09-02,455.5,455.5,455.5,455.5,3201,455.5
2013-09-03,456.43,456.43,456.43,456.43,1921,456.43
2013-09-05,468.61,468.61,468.61,468.61,5762,468.61
2013-09-06,468.3,468.61,465.17,468.61,8961,468.61
2013-09-09,468.61,470.18,462.36,470.18,2881,470.18
2013-09-10,472.98,474.86,472.98,473.3,2241,473.3
2013-09-11,465.49,465.49,465.49,465.49,3201,465.49
2013-09-13,474.86,474.86,474.86,474.86,4800,474.86
2013-09-17,466.43,471.74,466.43,471.74,1600,471.74
2013-09-18,471.42,471.42,471.42,471.42,640,471.42
2013-09-19,468.61,469.86,448.62,463.93,9603,463.93
2013-09-20,462.05,469.24,462.05,469.24,4161,469.24
2013-09-24,469.24,470.18,465.8,469.86,5762,469.86
2013-09-25,474.55,474.55,468.3,468.3,9923,468.3
2013-09-26,472.98,472.98,465.49,471.74,960,471.74
2013-09-27,472.98,473.3,472.98,473.3,4161,473.3
2013-09-30,474.23,474.23,472.05,473.3,8002,473.3
2013-10-01,474.55,474.86,473.6,474.86,5762,474.86
2013-10-02,483.61,483.61,475.18,475.18,1281,475.18
2013-10-04,475.18,478.93,473.6,474.86,12163,474.86
2013-10-07,474.86,474.86,473.3,473.3,4482,473.3
2013-10-08,469.86,469.86,465.49,465.49,3201,465.49
2013-10-09,462.68,462.68,462.68,462.68,1281,462.68
2013-10-10,470.18,470.18,470.18,470.18,1600,470.18
2013-10-11,463.93,469.86,463.93,464.23,960,464.23
2013-10-15,465.49,468.3,465.49,465.49,2881,465.49
2013-10-16,466.43,468.61,466.43,468.61,5442,468.61
2013-10-17,471.74,471.74,465.49,465.49,2241,465.49
2013-10-18,471.74,484.24,470.49,472.05,5442,472.05
2013-10-21,473.3,474.23,471.74,473.3,6723,473.3
2013-10-22,473.93,475.81,473.93,475.81,3521,475.81
2013-10-23,475.47,483.61,472.05,472.05,8002,472.05
2013-10-25,483.92,483.92,479.56,482.68,14404,482.68
2013-10-28,482.68,482.68,476.43,476.43,5121,476.43
2013-10-29,483.61,483.61,483.61,483.61,321,483.61
2013-10-30,474.23,481.42,474.23,481.42,640,481.42
2013-10-31,468.92,470.18,464.56,468.92,1921,468.92
2013-11-01,469.24,469.24,467.67,467.67,2562,467.67
2013-11-05,468.92,515.48,468.92,475.47,23367,475.47
2013-11-06,474.55,475.47,462.36,475.47,16965,475.47
2013-11-07,484.24,484.24,474.86,476.43,6402,476.43
2013-11-08,474.86,477.99,467.36,477.99,3840,477.99
2013-11-11,476.73,477.99,471.74,471.74,2881,471.74
2013-11-12,472.35,474.86,472.35,474.86,1281,474.86
2013-11-13,473.3,473.3,468.92,468.92,3840,468.92
2013-11-14,468.92,474.86,468.92,474.86,10884,474.86
2013-11-15,474.86,474.86,474.55,474.55,960,474.55
2013-11-18,474.55,474.55,468.61,470.18,6723,470.18
2013-11-19,473.93,473.93,470.18,470.49,1600,470.49
2013-11-20,470.49,470.49,469.55,470.49,3840,470.49
2013-11-21,471.12,473.3,469.55,469.55,7363,469.55
2013-11-22,473.3,488.93,470.79,475.18,22087,475.18
2013-11-25,475.47,476.43,467.98,474.86,37451,474.86
2013-11-26,474.86,476.43,468.61,472.98,34570,472.98
2013-11-27,474.86,490.48,471.42,474.86,195258,474.86
2013-11-28,473.3,474.86,470.79,474.55,58897,474.55
2013-11-29,473.3,473.3,471.74,472.67,13444,472.67
2013-12-02,472.98,474.86,472.67,473.3,21446,473.3
2013-12-03,474.55,477.99,471.42,472.67,31049,472.67
2013-12-04,473.3,473.3,469.86,470.79,17285,470.79
2013-12-05,470.49,472.35,470.49,470.79,8961,470.79
2013-12-06,470.18,471.42,469.86,470.18,9923,470.18
2013-12-09,471.42,471.74,469.55,469.55,7042,469.55
2013-12-10,470.79,471.74,470.18,471.74,5121,471.74
2013-12-11,473.3,474.86,471.74,474.86,42893,474.86
2013-12-12,474.86,474.86,472.35,473.3,29449,473.3
2013-12-13,473.3,477.35,472.67,473.3,27208,473.3
2013-12-16,473.3,473.6,472.05,472.05,35531,472.05
2013-12-17,480.49,493.61,477.05,477.99,156526,477.99
2013-12-18,484.24,487.36,474.86,484.24,148844,484.24
2013-12-19,484.24,487.36,477.68,486.73,59538,486.73
2013-12-20,484.24,485.8,482.98,483.61,20806,483.61
2013-12-24,486.42,486.42,481.73,482.68,21766,482.68
2013-12-25,485.18,493.61,483.61,484.85,77462,484.85
2013-12-26,492.05,515.48,488.93,502.97,109791,502.97
2013-12-27,502.97,508.28,493.61,502.04,24647,502.04
2013-12-30,506.1,515.16,502.66,508.61,35531,508.61
2014-01-06,513.61,513.61,502.66,502.66,18245,502.66
2014-01-07,505.16,513.9,504.86,509.22,14725,509.22
2014-01-08,509.85,519.85,509.55,519.85,23047,519.85
2014-01-09,522.34,535.78,522.34,531.41,21126,531.41
2014-01-10,531.41,531.41,516.11,525.47,16645,525.47
2014-01-14,515.48,523.28,503.29,515.48,42893,515.48
2014-01-15,515.78,515.78,509.22,509.22,14725,509.22
2014-01-16,517.03,539.83,517.03,539.83,20486,539.83
2014-01-17,539.83,539.83,523.91,536.72,15364,536.72
2014-01-20,538.91,540.47,524.84,530.47,12163,530.47
2014-01-21,531.09,538.29,527.35,527.35,9282,527.35
2014-01-22,537.04,537.04,527.66,533.91,6723,533.91
2014-01-23,535.78,537.33,531.41,533.28,8644,533.28
2014-01-24,531.09,539.83,527.96,537.04,23047,537.04
2014-01-27,520.47,521.1,502.04,513.9,45773,513.9
2014-01-28,526.4,526.4,509.85,523.6,9923,523.6
2014-01-29,530.47,530.47,517.98,527.35,8644,527.35
2014-01-30,517.98,517.98,507.66,511.1,13444,511.1
2014-01-31,511.73,515.78,509.22,509.22,6081,509.22
2014-02-03,505.16,505.79,487.36,487.36,29449,487.36
2014-02-04,479.86,484.55,453.63,468.61,41933,468.61
2014-02-05,475.18,489.23,470.79,473.3,14085,473.3
2014-02-06,473.3,477.99,473.3,477.99,5762,477.99
2014-02-07,478.93,490.48,478.93,490.48,11203,490.48
2014-02-10,506.1,507.04,497.98,502.35,14085,502.35
2014-02-12,511.73,523.6,506.41,523.6,4482,523.6
2014-02-13,517.35,517.35,503.59,504.86,8323,504.86
2014-02-14,500.17,501.73,499.85,499.85,15684,499.85
2014-02-17,504.53,504.53,497.66,497.66,5121,497.66
2014-02-18,497.66,498.29,497.36,497.98,6402,497.98
2014-02-19,499.85,499.85,487.36,492.35,28168,492.35
2014-02-20,489.23,489.86,489.23,489.23,2241,489.23
2014-02-21,493.29,499.53,493.29,495.78,4800,495.78
2014-02-24,502.97,503.29,497.03,500.48,8002,500.48
2014-02-25,512.97,512.97,505.48,506.1,12484,506.1
2014-02-26,507.35,507.66,499.85,499.85,11523,499.85
2014-02-27,505.79,505.79,494.55,500.48,2241,500.48
2014-02-28,504.22,504.22,497.36,497.36,4800,497.36
2014-03-03,499.85,499.85,486.11,490.48,3521,490.48
2014-03-04,492.05,492.05,491.42,491.42,7042,491.42
2014-03-05,492.98,494.85,492.98,494.22,3201,494.22
2014-03-06,493.61,494.85,489.54,493.61,7683,493.61
2014-03-07,495.16,495.48,492.67,492.67,11844,492.67
2014-03-10,492.67,492.67,488.93,489.23,3201,489.23
2014-03-11,490.48,492.67,490.48,492.67,4800,492.67
2014-03-12,490.48,490.48,489.54,490.48,4161,490.48
2014-03-13,489.86,490.17,488.3,488.3,2241,488.3
2014-03-14,487.98,487.98,482.04,482.04,4800,482.04
2014-03-17,486.73,489.54,486.42,486.42,5442,486.42
2014-03-18,488.93,495.16,488.93,495.16,11844,495.16
2014-03-19,495.78,495.78,493.61,493.61,2241,493.61
2014-03-20,493.61,493.61,481.42,482.36,9282,482.36
2014-03-24,488.93,490.48,482.68,487.05,7683,487.05
2014-03-25,485.8,488.93,484.55,484.55,11523,484.55
2014-03-26,493.29,493.29,493.29,493.29,321,493.29
2014-03-27,466.73,481.42,464.23,481.42,7683,481.42
2014-03-28,487.36,490.48,478.93,480.49,16005,480.49
2014-03-31,480.49,484.24,470.79,476.43,55056,476.43
2014-04-01,482.68,490.48,482.68,488.6,4161,488.6
2014-04-02,481.42,481.73,481.42,481.73,1600,481.73
2014-04-03,492.98,492.98,487.36,489.54,2241,489.54
2014-04-04,492.67,492.67,485.48,492.05,2241,492.05
2014-04-07,490.48,490.48,490.48,490.48,321,490.48
2014-04-09,478.61,491.42,477.05,477.05,4482,477.05
2014-04-10,480.16,480.16,480.16,480.16,1600,480.16
2014-04-11,475.18,483.92,473.6,480.16,4161,480.16
2014-04-14,475.47,479.86,475.47,479.86,640,479.86
2014-04-15,476.43,480.79,476.43,480.79,2562,480.79
2014-04-16,473.6,475.47,473.6,475.47,2241,475.47
2014-04-17,482.98,482.98,482.98,482.98,321,482.98
2014-04-18,483.61,483.61,476.73,477.68,1600,477.68
2014-04-21,481.11,481.73,481.11,481.73,1281,481.73
2014-04-22,481.73,484.24,481.73,484.24,37451,484.24
2014-04-23,487.36,490.48,485.8,490.17,2562,490.17
2014-04-24,488.93,488.93,485.18,485.8,2241,485.8
2014-04-25,487.05,487.05,471.74,485.48,17285,485.48
2014-04-28,497.98,497.98,476.73,481.11,7042,481.11
2014-05-01,482.68,488.93,482.68,488.93,2881,488.93
2014-05-02,504.22,504.22,493.61,498.9,56016,498.9
2014-05-07,492.05,493.61,491.73,491.73,7042,491.73
2014-05-08,490.48,496.74,490.48,494.55,3840,494.55
2014-05-09,495.16,495.16,493.92,493.92,1921,493.92
2014-05-12,489.86,491.1,488.6,488.93,4800,488.93
2014-05-13,497.98,497.98,487.36,487.36,4161,487.36
2014-05-14,482.68,487.67,482.68,485.48,4161,485.48
2014-05-15,502.35,506.1,498.29,500.79,26567,500.79
2014-05-16,500.79,500.79,500.79,500.79,321,500.79
2014-05-19,506.41,506.73,499.24,499.24,2881,499.24
2014-05-20,505.48,505.48,501.11,502.97,4161,502.97
2014-05-21,499.24,499.85,499.24,499.85,640,499.85
2014-05-22,501.73,503.92,501.73,503.92,3840,503.92
2014-05-23,505.79,505.79,502.97,503.29,4161,503.29
2014-05-26,502.97,506.1,502.04,502.66,14085,502.66
2014-05-27,504.53,506.1,503.59,505.48,3521,505.48
2014-05-28,503.59,505.79,502.66,505.79,8002,505.79
2014-05-29,505.79,505.79,505.79,505.79,321,505.79
2014-05-30,506.1,514.86,505.79,507.04,11844,507.04
2014-06-02,500.79,507.35,500.79,507.35,5121,507.35
2014-06-03,502.97,506.1,501.73,503.92,1600,503.92
2014-06-04,503.59,503.92,503.59,503.92,1281,503.92
2014-06-05,503.29,505.79,503.29,505.79,2241,505.79
2014-06-06,507.35,509.55,507.35,509.55,2881,509.55
2014-06-09,509.85,515.48,509.85,512.97,18565,512.97
2014-06-10,512.35,512.66,508.61,511.41,10563,511.41
2014-06-11,506.1,510.78,506.1,507.35,3201,507.35
2014-06-12,532.34,532.34,510.78,512.97,37131,512.97
2014-06-13,514.86,532.65,514.86,531.09,22726,531.09
2014-06-16,543.59,546.71,532.97,538.91,32330,538.91
2014-06-17,535.46,540.15,535.46,537.04,8002,537.04
2014-06-18,534.21,539.21,534.21,539.21,6723,539.21
2014-06-19,540.47,548.58,540.47,545.78,47374,545.78
2014-06-20,542.02,544.84,537.33,544.84,13765,544.84
2014-06-23,545.78,571.71,543.59,571.71,87386,571.71
2014-06-24,577.64,584.19,573.27,577.96,34890,577.96
2014-06-25,577.64,577.64,566.08,566.08,11844,566.08
2014-06-26,568.59,570.47,568.59,569.52,7042,569.52
2014-06-27,568.9,569.21,559.84,559.84,10884,559.84
2014-06-30,559.84,587.33,559.22,581.08,48655,581.08
2014-07-01,597.95,597.95,539.21,567.02,40973,567.02
2014-07-02,577.96,584.19,568.9,577.33,35531,577.33
2014-07-03,577.33,577.33,568.9,568.9,3201,568.9
2014-07-04,567.02,571.39,564.52,569.21,5121,569.21
2014-07-07,563.27,575.15,562.33,575.15,8323,575.15
2014-07-08,562.65,562.65,562.65,562.65,640,562.65
2014-07-09,562.65,562.65,559.52,560.47,7363,560.47
2014-07-10,560.76,560.76,546.41,546.71,16324,546.71
2014-07-11,534.21,542.02,531.41,542.02,16324,542.02
2014-07-14,544.52,545.16,542.02,543.59,6081,543.59
2014-07-15,556.08,556.08,541.72,543.28,11203,543.28
2014-07-16,540.47,541.4,540.47,540.47,9282,540.47
2014-07-17,545.16,545.16,541.09,543.59,3201,543.59
2014-07-18,543.59,543.59,542.02,542.02,7042,542.02
2014-07-22,542.65,557.64,542.65,551.72,8002,551.72
2014-07-23,553.59,574.83,553.59,563.9,17926,563.9
2014-07-24,564.52,571.08,564.52,571.08,9603,571.08
2014-07-25,582.65,582.65,562.33,571.71,45773,571.71
2014-07-28,577.96,577.96,568.59,572.96,5121,572.96
2014-07-29,577.64,577.96,577.64,577.96,3201,577.96
2014-07-30,571.71,571.71,569.21,569.21,1281,569.21
2014-07-31,565.45,567.02,562.65,564.21,3840,564.21
2014-08-01,558.89,564.21,556.08,564.21,9923,564.21
2014-08-04,557.01,569.21,556.08,556.08,3840,556.08
2014-08-05,562.65,562.65,559.22,559.22,5442,559.22
2014-08-06,549.84,549.84,547.33,547.65,2881,547.65
2014-08-07,543.9,553.27,543.9,552.96,1921,552.96
2014-08-08,540.47,543.28,531.09,543.28,12484,543.28
2014-08-11,545.16,552.96,537.33,545.16,19525,545.16
2014-08-12,537.33,552.96,537.33,545.16,6081,545.16
2014-08-13,549.84,552.33,544.22,544.22,1600,544.22
2014-08-14,549.84,549.84,538.29,542.02,8323,542.02
2014-08-15,542.65,546.71,542.65,546.71,1281,546.71
2014-08-18,547.04,552.96,547.04,552.96,3840,552.96
2014-08-19,558.59,559.22,557.64,557.64,2241,557.64
2014-08-20,559.22,559.22,547.04,556.4,3201,556.4
2014-08-21,559.84,559.84,557.64,559.22,1600,559.22
2014-08-22,557.96,574.83,555.77,574.83,7683,574.83
2014-08-25,577.96,577.96,577.33,577.96,14725,577.96
2014-08-26,571.71,577.96,570.76,577.96,4161,577.96
2014-08-27,572.02,574.83,568.59,572.96,10563,572.96
2014-08-28,577.33,577.33,573.27,573.27,8002,573.27
2014-08-29,577.02,577.02,574.83,576.39,5762,576.39
2014-09-01,568.59,576.39,568.59,573.27,5442,573.27
2014-09-02,576.39,578.27,574.21,576.09,37131,576.09
2014-09-03,576.39,579.83,576.09,576.09,11844,576.09
2014-09-04,576.09,576.09,569.84,570.13,25608,570.13
2014-09-05,571.71,577.96,571.71,573.27,26248,573.27
2014-09-08,568.9,577.96,568.59,577.96,6402,577.96
2014-09-09,577.02,577.33,574.52,574.52,2881,574.52
2014-09-10,571.71,571.71,567.02,568.59,8323,568.59
2014-09-11,576.09,576.09,567.34,567.34,960,567.34
2014-09-12,577.96,593.56,570.47,572.96,36491,572.96
2014-09-16,578.27,587.63,572.96,576.09,22406,576.09
2014-09-17,577.96,577.96,571.71,573.27,12804,573.27
2014-09-18,578.89,585.76,577.96,585.76,13765,585.76
2014-09-19,587.01,615.45,585.76,615.45,18565,615.45
2014-09-22,624.82,702.92,624.82,699.79,69780,699.79
2014-09-24,690.43,702.92,680.73,684.18,53135,684.18
2014-09-25,702.92,702.92,652.93,683.86,52175,683.86
2014-09-26,683.86,683.86,681.36,681.36,8002,681.36
2014-09-29,696.68,696.68,681.99,684.18,10884,684.18
2014-09-30,692.93,718.53,690.73,718.53,47374,718.53
2014-10-01,720.72,731.03,698.54,698.54,23047,698.54
2014-10-02,684.48,684.48,643.57,653.25,34890,653.25
2014-10-03,657.0,677.6,657.0,665.44,3201,665.44
2014-10-06,675.73,675.73,672.0,673.25,6723,673.25
2014-10-07,673.25,677.31,673.25,677.31,5442,677.31
2014-10-08,662.31,672.92,659.18,672.92,14085,672.92
2014-10-09,665.12,665.12,642.63,643.57,12804,643.57
2014-10-10,612.32,623.88,609.19,620.13,15684,620.13
2014-10-14,590.45,607.64,590.45,593.56,12484,593.56
2014-10-15,593.56,613.88,593.56,613.88,2881,613.88
2014-10-16,599.82,612.32,578.27,581.08,14725,581.08
2014-10-17,593.56,593.56,568.9,568.9,26887,568.9
2014-10-20,606.38,611.39,599.19,609.19,3201,609.19
2014-10-21,609.19,620.13,609.19,609.19,5442,609.19
2014-10-22,602.95,612.64,602.95,612.64,24967,612.64
2014-10-23,625.13,625.13,616.38,616.38,1600,616.38
2014-10-24,624.49,625.13,621.7,624.19,4800,624.19
2014-10-27,638.56,638.56,624.82,627.94,10884,627.94
2014-10-28,636.38,636.38,622.0,625.13,5121,625.13
2014-10-29,633.86,634.2,623.25,625.13,8002,625.13
2014-10-30,628.25,628.25,623.25,623.56,1281,623.56
2014-10-31,627.94,627.94,625.13,625.13,2881,625.13
2014-11-04,634.5,634.5,627.94,627.94,640,627.94
2014-11-05,633.86,635.75,627.63,627.63,6723,627.63
2014-11-06,624.19,624.82,615.74,617.32,8644,617.32
2014-11-07,623.56,624.82,615.45,617.32,11844,617.32
2014-11-10,624.49,624.82,604.51,605.76,13765,605.76
2014-11-11,621.37,623.88,609.19,612.32,14085,612.32
2014-11-12,617.0,618.26,608.9,610.77,25608,610.77
2014-11-13,603.58,620.75,603.58,618.57,1600,618.57
2014-11-14,614.19,614.19,611.39,611.39,5442,611.39
2014-11-17,612.32,613.88,609.19,609.19,9923,609.19
2014-11-18,613.58,615.12,610.14,615.12,3840,615.12
2014-11-19,615.45,620.13,615.45,620.13,6402,620.13
2014-11-20,621.08,623.25,621.08,623.25,960,623.25
2014-11-21,622.62,624.82,616.38,617.0,16324,617.0
2014-11-25,621.37,631.07,621.37,630.45,10884,630.45
2014-11-26,630.12,630.12,610.77,617.94,11844,617.94
2014-11-27,617.94,621.08,609.51,609.51,16324,609.51
2014-11-28,618.57,619.2,618.26,619.2,4800,619.2
2014-12-01,621.37,621.7,621.37,621.7,3840,621.7
2014-12-02,621.08,621.7,621.08,621.7,2241,621.7
2014-12-04,621.7,621.7,619.2,619.2,3840,619.2
2014-12-05,618.57,618.57,609.51,610.14,8002,610.14
2014-12-08,614.51,614.51,610.44,612.32,5442,612.32
2014-12-09,609.51,609.51,604.51,606.08,5442,606.08
2014-12-10,593.56,603.88,593.27,599.82,22406,599.82
2014-12-11,607.64,607.64,607.32,607.32,14085,607.32
2014-12-12,609.82,624.82,609.82,624.82,20486,624.82
2014-12-15,626.06,649.81,624.82,649.81,28168,649.81
2014-12-16,646.68,674.81,640.75,646.68,30089,646.68
2014-12-17,642.94,651.06,642.0,651.06,6723,651.06
2014-12-18,666.68,683.55,662.31,667.3,19525,667.3
2014-12-19,673.25,696.35,667.0,696.35,12484,696.35
2014-12-22,696.35,696.35,687.61,696.35,18245,696.35
2014-12-24,696.06,698.24,692.93,696.68,35210,696.68
2014-12-25,696.68,696.68,681.06,687.61,18886,687.61
2014-12-26,681.06,683.86,680.43,683.86,9282,683.86
2014-12-29,683.86,781.01,682.61,768.52,29769,768.52
2014-12-30,768.52,806.01,738.22,795.08,32650,795.08
2015-01-05,810.69,874.75,798.51,848.19,66260,848.19
2015-01-06,874.75,1004.4,821.64,821.64,177973,821.64
2015-01-07,871.63,977.83,871.63,977.83,348263,977.83
2015-01-08,1130.93,1196.53,946.6,1013.77,813039,1013.77
2015-01-09,1032.52,1093.43,921.6,966.91,391796,966.91
2015-01-13,937.22,959.08,879.75,959.08,177973,959.08
2015-01-14,966.91,984.08,890.99,905.36,150124,905.36
2015-01-15,905.98,918.48,879.43,885.05,72662,885.05
2015-01-16,896.3,937.22,855.68,879.43,100509,879.43
2015-01-19,866.94,937.22,866.94,903.8,97308,903.8
2015-01-20,927.85,1059.07,912.22,1040.32,317533,1040.32
2015-01-21,996.59,998.14,918.48,949.72,152045,949.72
2015-01-22,930.97,968.45,900.36,905.98,99549,905.98
2015-01-23,915.35,971.59,907.23,962.22,65939,962.22
2015-01-26,949.72,1046.57,940.34,1015.32,142121,1015.32
2015-01-27,1043.44,1146.53,1001.27,1063.76,358185,1063.76
2015-01-28,1238.7,1282.44,1071.57,1140.29,741658,1140.29
2015-01-29,1126.23,1134.04,1013.77,1013.77,285525,1013.77
2015-01-30,1007.51,1093.43,1007.51,1093.43,134119,1093.43
2015-02-02,1084.06,1119.98,1030.94,1055.95,117154,1055.95
2015-02-03,1048.13,1062.19,937.22,952.84,198458,952.84
2015-02-04,996.59,1013.77,959.08,1013.77,67541,1013.77
2015-02-05,1002.83,1012.2,966.91,971.59,59857,971.59
2015-02-06,980.97,1018.45,968.45,1018.45,67860,1018.45
2015-02-09,1029.39,1030.94,991.89,1010.64,54096,1010.64
2015-02-10,946.6,968.45,909.1,941.91,151084,941.91
2015-02-12,938.79,960.65,912.22,920.99,78743,920.99
2015-02-13,906.3,915.35,879.43,885.68,63379,885.68
2015-02-16,887.25,902.24,879.11,902.24,37772,902.24
2015-02-17,899.73,899.73,876.31,876.31,49935,876.31
2015-02-18,875.05,877.87,859.13,862.55,38731,862.55
2015-02-19,874.75,874.75,859.74,868.18,28489,868.18
2015-02-20,862.87,868.5,862.55,867.56,19846,867.56
2015-02-23,868.5,918.48,863.81,903.18,66579,903.18
2015-02-24,918.79,918.79,882.56,887.25,41292,887.25
2015-02-25,913.8,913.8,876.62,887.25,33289,887.25
2015-02-26,887.25,887.25,868.81,874.42,27208,874.42
2015-02-27,874.42,874.42,864.42,871.0,19207,871.0
2015-03-02,864.75,878.81,855.38,856.31,39051,856.31
2015-03-03,852.57,854.45,812.56,833.82,64659,833.82
2015-03-04,818.2,824.45,813.82,818.2,15364,818.2
2015-03-05,827.27,827.27,812.89,813.2,18886,813.2
2015-03-06,815.39,816.32,810.06,810.69,16965,810.69
2015-03-09,805.08,821.64,801.32,821.64,14725,821.64
2015-03-10,818.51,824.45,786.64,787.89,44172,787.89
2015-03-11,782.89,807.26,782.89,785.4,32330,785.4
2015-03-12,786.02,788.84,779.47,782.28,29769,782.28
2015-03-13,782.89,790.39,775.09,787.89,32330,787.89
2015-03-16,788.84,815.69,784.45,806.01,35850,806.01
2015-03-17,818.2,881.0,816.95,874.75,84185,874.75
2015-03-18,905.98,909.1,856.31,862.25,96348,862.25
2015-03-19,890.37,890.37,862.55,865.99,18245,865.99
2015-03-20,874.75,874.75,864.42,864.75,22726,864.75
2015-03-23,884.12,884.12,867.87,882.56,27208,882.56
2015-03-24,877.87,881.62,866.94,877.87,21446,877.87
2015-03-25,880.05,880.05,829.75,834.12,44172,834.12
2015-03-26,834.12,834.12,806.01,829.13,27847,829.13
2015-03-27,836.94,839.75,810.4,838.19,19846,838.19
2015-03-30,853.82,853.82,827.89,828.19,10884,828.19
2015-03-31,819.14,821.64,812.89,819.44,18565,819.44
2015-04-01,822.26,824.45,809.14,816.64,5442,816.64
2015-04-02,812.89,821.64,800.07,817.89,8323,817.89
2015-04-03,818.2,818.2,806.95,813.52,4800,813.52
2015-04-06,815.39,839.45,815.39,839.45,8961,839.45
2015-04-07,839.12,848.83,829.75,836.0,4800,836.0
2015-04-08,836.63,848.83,834.75,836.0,10563,836.0
2015-04-09,838.82,841.94,834.44,841.62,10884,841.62
2015-04-10,848.19,848.19,828.19,840.06,8002,840.06
2015-04-13,871.3,871.3,849.75,851.95,11844,851.95
2015-04-14,858.5,868.5,854.45,868.5,23047,868.5
2015-04-15,868.5,870.05,857.87,865.37,16005,865.37
2015-04-16,868.5,890.05,865.68,885.68,29128,885.68
2015-04-17,885.68,902.55,883.8,887.25,50574,887.25
2015-04-20,869.11,879.11,850.7,852.87,35210,852.87
2015-04-21,855.38,871.63,855.38,859.13,11203,859.13
2015-04-22,859.44,882.56,859.44,871.0,29769,871.0
2015-04-23,871.0,877.55,867.56,874.75,12484,874.75
2015-04-24,872.55,874.75,871.63,871.92,10884,871.92
2015-04-27,875.05,876.93,868.5,871.63,18245,871.63
2015-04-28,887.25,912.22,879.43,888.8,83865,888.8
2015-04-30,887.25,887.25,850.37,868.5,43533,868.5
2015-05-01,852.87,853.19,820.07,820.07,46733,820.07
2015-05-07,807.88,818.51,806.95,815.39,15364,815.39
2015-05-08,827.56,827.56,816.02,827.56,6081,827.56
2015-05-11,831.01,861.93,820.07,831.63,18245,831.63
2015-05-12,825.06,831.01,815.69,831.01,7363,831.01
2015-05-13,818.2,827.56,818.2,826.32,7363,826.32
2015-05-14,838.82,854.12,835.37,835.37,3840,835.37
2015-05-15,837.57,846.31,834.12,843.5,10563,843.5
2015-05-18,847.87,847.87,837.25,837.25,7363,837.25
2015-05-19,837.25,841.32,837.25,840.38,9923,840.38
2015-05-20,845.07,846.63,838.82,846.63,8644,846.63
2015-05-21,849.12,853.19,841.32,841.94,16965,841.94
2015-05-22,841.94,844.75,840.38,843.5,6081,843.5
2015-05-25,846.31,867.56,834.12,865.37,30089,865.37
2015-05-26,865.37,870.05,851.95,852.87,9923,852.87
2015-05-27,847.56,865.37,840.69,851.32,19846,851.32
2015-05-28,845.07,846.63,838.5,838.5,12163,838.5
2015-05-29,838.82,846.31,838.82,840.38,4800,840.38
2015-06-01,840.38,854.12,838.5,845.07,8323,845.07
2015-06-02,850.37,850.37,844.14,844.14,7363,844.14
2015-06-03,843.81,850.37,842.25,843.5,16005,843.5
2015-06-04,839.75,849.44,839.75,840.38,12484,840.38
2015-06-05,840.69,847.56,837.25,839.12,7042,839.12
2015-06-08,839.45,846.31,838.19,838.19,9282,838.19
2015-06-09,837.25,859.13,827.89,856.0,33930,856.0
2015-06-10,843.81,855.38,842.25,848.19,8961,848.19
2015-06-11,852.87,852.87,836.32,843.5,19525,843.5
2015-06-12,843.5,852.87,843.19,846.63,14404,846.63
2015-06-15,846.63,912.22,846.63,912.22,114914,912.22
2015-06-16,927.85,930.97,904.42,918.48,69140,918.48
2015-06-17,927.54,927.54,896.61,905.98,23686,905.98
2015-06-18,899.73,920.67,874.75,912.22,58897,912.22
2015-06-19,921.6,987.21,905.98,974.71,96990,974.71
2015-06-22,1038.76,1087.18,1005.96,1068.45,215743,1068.45
2015-06-23,1077.81,1174.66,1055.95,1071.57,340900,1071.57
2015-06-24,1038.76,1062.19,1026.26,1049.7,92507,1049.7
2015-06-25,1054.38,1201.21,1054.38,1190.28,322014,1190.28
2015-06-26,1187.16,1265.26,1137.15,1157.47,341540,1157.47
2015-06-29,1098.12,1149.66,1059.07,1093.43,158446,1093.43
2015-06-30,1071.57,1116.86,1071.57,1109.04,63058,1109.04
2015-07-01,1141.84,1184.03,1121.55,1124.67,100830,1124.67
2015-07-02,1146.53,1154.36,1065.32,1074.68,75542,1074.68
2015-07-03,1115.3,1115.3,1062.19,1090.3,80343,1090.3
2015-07-06,1077.81,1084.06,1043.44,1054.38,56977,1054.38
2015-07-07,1046.57,1171.53,1046.57,1148.1,151404,1148.1
2015-07-08,1130.93,1130.93,1062.19,1074.68,111712,1074.68
2015-07-09,1040.32,1123.1,988.77,1115.3,112673,1115.3
2015-07-10,1126.23,1126.23,1037.2,1093.43,56977,1093.43
2015-07-13,1071.57,1101.24,1060.63,1060.63,91867,1060.63
2015-07-14,1068.45,1087.18,1034.07,1059.07,88666,1059.07
2015-07-15,1063.76,1073.13,1007.51,1018.45,88666,1018.45
2015-07-16,1005.96,1052.82,1005.96,1023.14,50255,1023.14
2015-07-17,1024.7,1026.26,993.46,995.02,36171,995.02
2015-07-21,995.02,1030.94,987.21,1015.32,34890,1015.32
2015-07-22,1015.32,1021.57,987.21,1004.4,43213,1004.4
2015-07-23,1004.4,1070.0,1004.4,1059.07,58897,1059.07
2015-07-24,1077.81,1077.81,1041.89,1074.68,34570,1074.68
2015-07-27,1091.88,1091.88,999.71,1009.09,65939,1009.09
2015-07-28,974.71,1046.57,971.59,1043.44,50894,1043.44
2015-07-29,1052.82,1060.63,988.77,993.46,38092,993.46
2015-07-30,1015.32,1015.32,987.21,987.21,21766,987.21
2015-07-31,987.21,999.71,968.45,987.21,20486,987.21
2015-08-03,1030.94,1030.94,982.52,990.34,26567,990.34
2015-08-04,990.34,990.34,971.59,982.52,14725,982.52
2015-08-05,980.97,980.97,945.02,948.16,17926,948.16
2015-08-06,948.16,968.45,945.02,945.02,20806,945.02
2015-08-07,945.02,945.02,890.37,899.73,67860,899.73
2015-08-10,806.01,824.76,796.64,815.39,205821,815.39
2015-08-11,827.56,827.56,806.01,815.08,48334,815.08
2015-08-12,815.39,818.51,798.2,798.51,30089,798.51
2015-08-13,813.52,813.52,795.39,796.01,22087,796.01
2015-08-14,796.34,807.88,784.45,791.02,14404,791.02
2015-08-17,791.02,805.71,784.45,790.09,38731,790.09
2015-08-18,784.45,801.32,784.45,791.96,20167,791.96
2015-08-19,797.58,797.58,768.52,781.33,31689,781.33
2015-08-20,774.77,776.96,769.77,773.21,14725,773.21
2015-08-21,765.41,765.41,746.66,760.72,42572,760.72
2015-08-24,671.68,731.03,640.44,640.44,88666,640.44
2015-08-25,624.82,685.74,624.82,656.05,54096,656.05
2015-08-26,656.05,722.91,646.99,718.53,38410,718.53
2015-08-27,715.4,745.09,702.61,718.53,43853,718.53
2015-08-28,722.29,752.9,722.29,749.47,23686,749.47
2015-08-31,754.46,754.46,715.11,750.09,22087,750.09
2015-09-01,737.29,737.29,696.35,696.35,14725,696.35
2015-09-02,677.93,713.53,672.29,688.87,14404,688.87
2015-09-03,695.11,730.73,695.11,703.86,4161,703.86
2015-09-04,719.49,719.49,622.32,651.68,47054,651.68
2015-09-07,634.2,660.74,629.51,649.49,19207,649.49
2015-09-08,660.74,660.74,629.51,629.51,9282,629.51
2015-09-09,660.74,687.3,655.75,687.3,17285,687.3
2015-09-10,671.68,671.68,657.93,671.68,2562,671.68
2015-09-11,671.68,699.79,671.68,699.17,4161,699.17
2015-09-14,709.16,732.28,703.55,712.28,11844,712.28
2015-09-15,703.55,743.52,703.23,740.41,19525,740.41
2015-09-16,751.34,761.03,737.29,761.03,20486,761.03
2015-09-17,749.78,749.78,726.04,746.66,5442,746.66
2015-09-18,743.52,749.78,737.29,746.66,2241,746.66
2015-09-24,730.73,740.41,709.16,719.49,6081,719.49
2015-09-25,735.1,737.29,721.97,737.29,9282,737.29
2015-09-28,755.71,755.71,705.42,721.04,5442,721.04
2015-09-29,721.04,721.04,681.36,687.3,8961,687.3
2015-09-30,687.3,693.56,684.18,684.18,3840,684.18
2015-10-01,679.49,693.85,674.81,681.06,10563,681.06
2015-10-02,665.44,749.47,640.75,749.47,42253,749.47
2015-10-05,781.33,790.39,750.09,756.04,15364,756.04
2015-10-06,771.64,790.39,765.41,790.39,40652,790.39
2015-10-07,796.64,807.58,778.22,788.84,23047,788.84
2015-10-08,795.08,796.64,776.96,777.89,9603,777.89
2015-10-09,778.22,934.11,765.41,934.11,113314,934.11
2015-10-13,918.48,930.97,849.44,849.44,106272,849.44
2015-10-14,849.44,871.3,828.51,846.63,19846,846.63
2015-10-15,831.01,884.12,831.01,845.07,20486,845.07
2015-10-16,829.44,856.0,812.27,818.51,35210,818.51
2015-10-19,834.12,836.94,796.64,830.69,17926,830.69
2015-10-20,830.07,833.49,807.58,821.64,48014,821.64
2015-10-21,821.01,837.25,821.01,822.58,33610,822.58
2015-10-22,822.58,831.01,812.89,812.89,6723,812.89
2015-10-23,814.76,823.2,811.01,817.57,27847,817.57
2015-10-26,818.51,820.07,810.4,810.4,29128,810.4
2015-10-27,812.27,812.27,796.64,796.64,10242,796.64
2015-10-28,785.7,796.01,785.7,793.83,17605,793.83
2015-10-29,793.52,796.64,785.7,787.26,11523,787.26
2015-10-30,790.39,793.83,782.89,786.97,19525,786.97
2015-11-02,793.52,793.52,784.15,784.15,11844,784.15
2015-11-04,787.26,787.26,762.9,762.9,16005,762.9
2015-11-05,757.28,757.28,723.54,740.41,23367,740.41
2015-11-06,746.66,761.97,724.78,761.97,6723,761.97
2015-11-09,765.41,782.58,747.59,774.46,11523,774.46
2015-11-10,781.01,802.89,752.9,752.9,21766,752.9
2015-11-11,749.78,785.4,749.78,754.46,5762,754.46
2015-11-12,754.46,762.27,745.72,757.58,6723,757.58
2015-11-13,752.9,757.58,752.9,757.58,1281,757.58
2015-11-16,759.15,796.34,749.78,775.09,13444,775.09
2015-11-17,782.89,782.89,768.52,768.52,9923,768.52
2015-11-18,765.41,776.33,765.41,766.33,7363,766.33
2015-11-19,773.21,792.89,771.97,771.97,6723,771.97
2015-11-20,789.76,806.01,786.64,806.01,12163,806.01
2015-11-24,812.27,837.25,812.27,821.64,46094,821.64
2015-11-25,837.25,837.25,809.14,812.56,29128,812.56
2015-11-26,826.0,868.5,826.0,859.13,38092,859.13
2015-11-27,871.63,874.75,849.75,856.0,47374,856.0
2015-11-30,871.63,871.63,837.25,866.62,13765,866.62
2015-12-01,860.68,866.94,844.75,846.63,13444,846.63
2015-12-02,844.44,846.63,837.25,840.69,14725,840.69
2015-12-03,838.82,840.69,837.25,837.88,9923,837.88
2015-12-04,829.44,835.7,820.07,831.01,6402,831.01
2015-12-07,846.63,855.68,838.19,843.19,20167,843.19
2015-12-08,844.14,844.44,822.26,822.26,15045,822.26
2015-12-09,822.26,823.2,820.7,820.7,2881,820.7
2015-12-10,810.69,811.32,795.39,807.58,15684,807.58
2015-12-11,807.58,811.94,795.39,798.82,36491,798.82
2015-12-14,751.96,776.33,751.96,768.52,21766,768.52
2015-12-15,752.9,764.78,752.9,757.91,22726,757.91
2015-12-16,758.84,787.26,758.84,787.26,19846,787.26
2015-12-17,805.71,805.71,781.33,783.21,54736,783.21
2015-12-18,787.26,787.26,749.78,763.53,34890,763.53
2015-12-21,750.41,753.22,720.72,732.91,40973,732.91
2015-12-22,724.17,735.72,724.17,725.73,21126,725.73
2015-12-24,728.53,732.28,725.11,725.11,24647,725.11
2015-12-25,721.66,727.6,708.23,718.53,48655,718.53
2015-12-28,720.42,748.54,720.42,748.54,13123,748.54
2015-12-29,748.54,756.04,747.28,756.04,9923,756.04
2015-12-30,751.34,761.03,751.34,759.15,12163,759.15
2016-01-04,765.41,806.01,759.78,777.26,16645,777.26
2016-01-05,761.65,764.78,751.66,756.34,14725,756.34
2016-01-06,756.34,756.34,734.49,740.41,16645,740.41
2016-01-07,735.41,752.9,731.03,731.03,11523,731.03
2016-01-08,731.03,731.35,718.53,728.23,13765,728.23
2016-01-12,728.23,728.23,699.79,706.98,10563,706.98
2016-01-13,707.6,728.23,707.6,726.66,2881,726.66
2016-01-14,719.16,719.16,703.23,707.6,11203,707.6
2016-01-15,709.48,709.78,703.23,703.23,9282,703.23
2016-01-18,677.93,699.48,634.2,697.61,18886,697.61
2016-01-19,690.43,690.43,677.93,684.48,2562,684.48
2016-01-20,679.18,679.49,642.31,643.25,25288,643.25
2016-01-21,640.44,649.81,617.0,618.26,37772,618.26
2016-01-22,624.82,646.68,624.82,646.68,12804,646.68
2016-01-25,666.06,734.15,654.5,697.29,42893,697.29
2016-01-26,676.68,702.3,660.74,664.18,17926,664.18
2016-01-27,695.43,696.68,671.68,696.68,8644,696.68
2016-01-28,709.16,716.36,681.06,688.87,12163,688.87
2016-01-29,690.43,709.16,676.97,696.35,23367,696.35
2016-02-01,713.85,713.85,681.06,694.18,7363,694.18
2016-02-02,690.43,699.79,671.68,685.42,13444,685.42
2016-02-03,671.37,677.93,671.37,677.6,6081,677.6
2016-02-04,662.31,677.93,652.3,658.56,7363,658.56
2016-02-05,657.63,657.63,631.07,643.88,12804,643.88
2016-02-08,643.57,674.81,632.62,671.05,19846,671.05
2016-02-09,635.75,635.75,631.07,634.82,16324,634.82
2016-02-10,627.31,655.42,618.26,618.26,27528,618.26
2016-02-12,593.89,593.89,571.71,593.89,98909,593.89
2016-02-15,606.38,621.7,595.14,605.14,12804,605.14
2016-02-16,609.19,634.2,609.19,622.62,5762,622.62
2016-02-17,610.14,612.64,584.82,587.95,12484,587.95
2016-02-18,624.49,648.87,621.7,646.68,16965,646.68
2016-02-19,640.44,640.44,628.25,628.25,2241,628.25
2016-02-22,627.94,631.07,606.08,609.51,11203,609.51
2016-02-23,612.32,612.64,611.06,612.32,3201,612.32
2016-02-24,647.31,668.24,640.44,666.06,60178,666.06
2016-02-25,697.29,774.77,696.68,774.77,162928,774.77
2016-02-26,790.39,790.39,695.11,709.16,106591,709.16
2016-02-29,702.61,734.15,702.61,707.29,49295,707.29
2016-03-01,718.53,734.15,718.53,729.47,42253,729.47
2016-03-02,734.15,748.21,733.54,734.49,16324,734.49
2016-03-03,740.71,740.71,716.03,727.91,14085,727.91
2016-03-04,702.92,718.53,687.3,713.53,35210,713.53
2016-03-07,728.23,728.23,701.04,701.04,23367,701.04
2016-03-08,702.92,702.92,684.8,689.17,19846,689.17
2016-03-09,684.18,690.43,681.06,690.43,13765,690.43
2016-03-10,689.17,689.17,672.0,676.97,32969,676.97
2016-03-11,672.0,687.3,671.68,677.93,15045,677.93
2016-03-14,718.53,824.76,718.53,819.76,185334,819.76
2016-03-15,834.12,863.81,827.89,854.45,162928,854.45
2016-03-16,863.81,887.25,846.63,848.19,102111,848.19
2016-03-17,871.3,871.3,781.01,823.83,66900,823.83
2016-03-18,812.27,840.38,791.02,831.01,21446,831.01
2016-03-22,842.57,858.81,842.57,856.93,34250,856.93
2016-03-23,856.93,863.49,845.07,863.49,27528,863.49
2016-03-24,850.37,862.25,824.76,836.32,32009,836.32
2016-03-25,859.13,881.0,852.87,871.63,48975,871.63
2016-03-28,874.42,874.75,807.58,827.89,42253,827.89
2016-03-29,793.52,827.56,787.26,815.69,20806,815.69
2016-03-30,824.45,826.32,806.01,817.26,13444,817.26
2016-03-31,809.14,818.51,796.64,804.45,8961,804.45
2016-04-01,804.45,804.45,728.53,748.54,29449,748.54
2016-04-04,734.15,737.29,710.72,712.6,28489,712.6
2016-04-05,728.23,743.52,691.36,691.36,22087,691.36
2016-04-06,687.3,695.11,684.48,688.24,24007,688.24
2016-04-07,706.04,706.04,684.48,693.56,16645,693.56
2016-04-08,672.63,702.3,671.68,693.23,22726,693.23
2016-04-11,692.93,696.68,676.36,696.68,18886,696.68
2016-04-12,716.98,727.91,706.04,716.98,20167,716.98
2016-04-13,729.16,765.71,727.6,759.15,33930,759.15
2016-04-14,761.65,774.77,753.83,754.79,32650,754.79
2016-04-15,739.17,761.97,739.17,743.22,14085,743.22
2016-04-18,732.91,741.34,714.79,721.66,10563,721.66
2016-04-19,737.29,746.03,734.15,742.28,21446,742.28
2016-04-20,742.9,761.97,742.9,752.28,21766,752.28
2016-04-21,796.64,797.27,784.77,796.34,37451,796.34
2016-04-22,813.82,852.87,813.82,829.13,87386,829.13
2016-04-25,888.8,968.45,863.81,890.37,165489,890.37
2016-04-26,905.98,905.98,834.44,867.87,71061,867.87
2016-04-27,900.36,940.34,898.49,904.42,73622,904.42
2016-04-28,931.29,938.79,859.44,869.74,53135,869.74
2016-05-02,846.01,859.13,826.32,852.24,6723,852.24
2016-05-06,874.13,899.73,852.24,875.68,23686,875.68
2016-05-09,875.68,916.3,875.68,892.54,21766,892.54
2016-05-10,908.8,909.1,894.43,905.67,11523,905.67
2016-05-11,905.98,909.1,891.93,907.54,20167,907.54
2016-05-12,909.1,915.04,890.37,915.04,21766,915.04
2016-05-13,915.35,949.72,896.61,937.22,46413,937.22
2016-05-16,928.16,928.16,860.06,884.12,39051,884.12
2016-05-17,874.42,874.42,849.75,858.5,17605,858.5
2016-05-18,858.5,858.5,832.87,848.19,21766,848.19
2016-05-19,850.07,850.07,813.52,826.32,19525,826.32
2016-05-20,841.94,868.5,832.87,858.2,13765,858.2
2016-05-23,871.63,871.63,859.13,863.81,12804,863.81
2016-05-24,863.81,884.12,859.74,884.12,14404,884.12
2016-05-25,899.73,932.53,874.75,903.18,48014,903.18
2016-05-26,937.22,937.22,897.22,909.1,33610,909.1
2016-05-27,909.1,909.1,853.51,897.56,30409,897.56
2016-05-30,897.56,908.17,881.93,900.98,13444,900.98
2016-05-31,900.98,905.98,874.75,905.98,12484,905.98
2016-06-01,890.37,905.67,877.87,904.11,18565,904.11
2016-06-02,878.18,888.8,874.75,888.8,4161,888.8
2016-06-03,873.18,909.1,864.12,908.48,27208,908.48
2016-06-06,912.22,912.22,890.99,907.86,50894,907.86
2016-06-07,915.35,915.35,898.49,904.42,5121,904.42
2016-06-08,901.29,920.05,901.29,918.17,16324,918.17
2016-06-09,918.17,921.29,909.1,916.3,17285,916.3
2016-06-10,921.6,1073.13,921.6,1073.13,141161,1073.13
2016-06-13,1182.47,1229.33,1096.56,1174.66,588013,1174.66
2016-06-14,1087.18,1112.18,955.96,955.96,361386,955.96
2016-06-16,930.66,999.71,828.81,984.08,232709,984.08
2016-06-17,962.22,976.28,909.1,911.61,50255,911.61
2016-06-20,902.85,971.59,890.99,937.22,29769,937.22
2016-06-21,980.97,980.97,945.02,959.08,33610,959.08
2016-06-22,959.08,959.08,898.49,918.79,37772,918.79
2016-06-23,903.18,917.86,894.43,917.86,22087,917.86
2016-06-24,915.35,935.04,781.01,815.69,66579,815.69
2016-06-27,848.19,899.73,845.38,884.44,29449,884.44
2016-06-28,915.67,933.78,857.25,914.43,39371,914.43
2016-06-29,909.1,988.77,909.1,957.54,58257,957.54
2016-06-30,974.71,980.97,938.79,949.72,29449,949.72
2016-07-01,977.83,1052.82,962.22,1045.01,93467,1045.01
2016-07-04,1024.7,1060.63,996.59,1051.25,38731,1051.25
2016-07-05,1065.32,1077.81,1030.94,1076.25,30409,1076.25
2016-07-06,1032.52,1055.95,995.02,1030.94,30409,1030.94
2016-07-07,1055.95,1055.95,1018.45,1038.76,12163,1038.76
2016-07-08,1038.76,1045.01,1018.45,1030.94,13765,1030.94
2016-07-11,1046.57,1052.82,1024.7,1032.52,7683,1032.52
2016-07-12,1054.38,1054.38,1018.45,1046.57,14725,1046.57
2016-07-13,1043.44,1051.25,1029.39,1032.52,6402,1032.52
2016-07-14,1024.7,1045.01,1021.57,1035.63,4800,1035.63
2016-07-15,1030.94,1030.94,987.21,1005.96,10242,1005.96
2016-07-19,1005.96,1037.2,966.91,1035.63,21126,1035.63
2016-07-20,1035.63,1051.25,1009.09,1034.07,14404,1034.07
2016-07-21,1059.07,1059.07,1037.2,1051.25,7683,1051.25
2016-07-22,1040.32,1055.95,1030.94,1043.44,7363,1043.44
2016-07-25,1074.68,1074.68,1043.44,1059.07,20167,1059.07
2016-07-26,1024.7,1024.7,1023.14,1023.14,960,1023.14
2016-07-27,1027.82,1057.5,1027.82,1055.95,4161,1055.95
2016-07-28,1059.07,1074.68,988.77,993.46,11203,993.46
2016-07-29,999.71,1034.07,968.45,1034.07,13765,1034.07
2016-08-01,1001.27,1043.44,990.34,1002.83,11203,1002.83
2016-08-02,1024.7,1024.7,996.59,998.14,5762,998.14
2016-08-03,1020.01,1020.01,996.59,996.59,2881,996.59
2016-08-04,999.71,999.71,974.71,976.28,3521,976.28
2016-08-05,984.08,984.08,984.08,984.08,321,984.08
2016-08-08,984.08,984.08,971.59,971.59,640,971.59
2016-08-09,999.71,999.71,960.65,968.45,1921,968.45
2016-08-10,968.45,999.71,968.45,999.71,4482,999.71
2016-08-12,999.71,1016.89,990.34,1016.89,8961,1016.89
2016-08-15,1030.94,1030.94,970.03,1010.64,11523,1010.64
2016-08-16,1024.7,1024.7,977.83,991.89,3201,991.89
2016-08-17,1013.77,1013.77,968.45,968.45,4482,968.45
2016-08-18,990.34,990.34,952.84,952.84,4482,952.84
2016-08-19,952.84,968.45,952.84,952.84,2562,952.84
2016-08-22,952.84,968.45,930.97,937.22,11844,937.22
2016-08-23,965.34,965.34,938.79,946.6,6723,946.6
2016-08-24,946.6,949.72,938.79,949.72,3521,949.72
2016-08-25,971.59,971.59,940.34,940.34,7363,940.34
2016-08-26,951.28,951.28,937.22,948.16,4482,948.16
2016-08-29,966.91,968.45,945.02,952.84,4800,952.84
2016-08-30,959.08,959.08,959.08,959.08,321,959.08
2016-08-31,952.84,952.84,932.53,948.16,1921,948.16
2016-09-01,957.54,957.54,931.29,931.29,8002,931.29
2016-09-02,930.97,931.29,862.25,895.68,24007,895.68
2016-09-05,897.86,910.67,897.56,897.56,11523,897.56
2016-09-06,899.73,899.73,882.56,896.61,8644,896.61
2016-09-07,898.18,907.86,898.18,907.86,16324,907.86
2016-09-08,924.41,924.73,909.42,909.42,1921,909.42
2016-09-09,909.42,918.17,909.42,918.17,1281,918.17
2016-09-12,918.17,918.17,918.17,918.17,960,918.17
2016-09-13,917.86,917.86,899.73,900.98,3521,900.98
2016-09-14,896.61,899.73,888.49,888.49,6723,888.49
2016-09-15,899.73,899.73,890.37,890.37,2241,890.37
2016-09-16,898.18,912.22,885.99,896.61,8323,896.61
2016-09-20,890.37,907.54,890.37,896.93,5442,896.93
2016-09-21,912.56,915.35,901.29,910.67,3521,910.67
2016-09-23,910.67,928.79,910.67,928.79,6402,928.79
2016-09-26,948.16,948.16,922.22,924.73,7363,924.73
2016-09-27,921.6,943.48,921.6,937.22,11523,937.22
2016-09-28,951.28,951.28,929.73,951.28,5121,951.28
2016-09-29,951.28,951.28,938.79,943.48,7363,943.48
2016-09-30,930.97,940.34,930.97,937.22,6081,937.22
2016-10-03,921.6,946.6,921.6,940.34,4482,940.34
2016-10-04,954.4,954.4,925.04,951.28,2881,951.28
2016-10-05,955.96,959.08,938.79,959.08,9923,959.08
2016-10-06,960.65,979.4,941.91,977.83,13123,977.83
2016-10-07,977.83,977.83,954.4,954.4,1921,954.4
2016-10-11,963.77,963.77,955.96,955.96,2881,955.96
2016-10-12,949.72,966.91,923.16,927.85,22406,927.85
2016-10-13,929.42,937.22,929.42,936.28,5442,936.28
2016-10-14,937.22,937.22,925.98,937.22,3840,937.22
2016-10-17,930.97,943.48,930.97,943.48,4161,943.48
2016-10-18,946.6,962.22,946.6,962.22,7683,962.22
2016-10-19,966.91,977.83,952.84,977.83,6402,977.83
2016-10-20,977.83,995.02,977.83,987.21,7042,987.21
2016-10-21,995.02,1027.82,995.02,1013.77,17605,1013.77
2016-10-24,1013.77,1015.32,999.71,1002.83,4800,1002.83
2016-10-25,1021.57,1021.57,999.71,1016.89,15045,1016.89
2016-10-26,1030.94,1030.94,974.71,996.59,20806,996.59
2016-10-27,1007.51,1009.09,1007.51,1007.51,1281,1007.51
2016-10-28,1007.51,1007.51,984.08,984.08,4482,984.08
2016-10-31,984.08,998.14,970.03,970.03,4800,970.03
2016-11-01,984.08,984.08,970.03,974.71,3521,974.71
2016-11-02,974.71,979.4,930.97,943.48,40973,943.48
2016-11-04,990.34,1029.39,976.28,1029.39,98589,1029.39
2016-11-07,985.65,1010.64,938.79,990.34,14725,990.34
2016-11-08,1021.57,1021.57,1002.83,1002.83,1281,1002.83
2016-11-09,1007.51,1007.51,931.29,970.03,16324,970.03
2016-11-10,1005.96,1068.45,996.59,1068.45,56336,1068.45
2016-11-11,1085.62,1124.67,1085.62,1107.49,39691,1107.49
2016-11-14,1094.99,1119.98,1082.5,1101.24,14725,1101.24
2016-11-15,1101.24,1101.24,1062.19,1088.75,9282,1088.75
2016-11-16,1077.81,1080.93,1068.45,1068.45,6723,1068.45
2016-11-17,1062.19,1101.24,1062.19,1080.93,10563,1080.93
2016-11-18,1084.06,1093.43,1080.93,1093.43,4482,1093.43
2016-11-21,1115.3,1184.03,1115.3,1184.03,38092,1184.03
2016-11-22,1182.47,1202.77,1157.47,1193.4,22087,1193.4
2016-11-24,1185.58,1187.16,1157.47,1179.34,14085,1179.34
2016-11-25,1171.53,1171.53,1129.35,1137.15,11523,1137.15
2016-11-28,1152.78,1152.78,1129.35,1152.78,9282,1152.78
2016-11-29,1166.84,1166.84,1132.47,1132.47,1921,1132.47
2016-11-30,1132.47,1148.1,1124.67,1148.1,3201,1148.1
2016-12-01,1168.41,1168.41,1144.98,1166.84,4482,1166.84
2016-12-02,1173.09,1182.47,1135.61,1182.47,13444,1182.47
2016-12-05,1188.71,1234.02,1188.71,1218.39,35531,1218.39
2016-12-06,1234.02,1246.52,1187.16,1216.83,45773,1216.83
2016-12-07,1216.83,1218.39,1187.16,1198.09,13444,1198.09
2016-12-08,1210.59,1215.27,1187.16,1196.53,12163,1196.53
2016-12-09,1218.39,1224.64,1198.09,1218.39,38092,1218.39
2016-12-12,1196.53,1209.01,1162.15,1173.09,19846,1173.09
2016-12-13,1162.15,1188.71,1162.15,1177.78,9282,1177.78
2016-12-14,1173.09,1187.16,1162.15,1169.96,18565,1169.96
2016-12-15,1169.96,1169.96,1126.23,1130.93,14404,1130.93
2016-12-16,1130.93,1130.93,1096.56,1102.79,9282,1102.79
2016-12-19,1118.41,1118.41,1065.32,1079.38,19207,1079.38
2016-12-20,1079.38,1112.18,1062.19,1109.04,22406,1109.04
2016-12-21,1109.04,1146.53,1109.04,1146.53,5442,1146.53
2016-12-22,1140.29,1140.29,1102.79,1107.49,8961,1107.49
2016-12-26,1123.1,1123.1,1098.12,1107.49,8323,1107.49
2016-12-27,1105.92,1109.04,1090.3,1109.04,11523,1109.04
2016-12-28,1109.04,1137.15,1074.68,1082.5,14404,1082.5
2016-12-29,1104.36,1105.92,1080.93,1105.92,2881,1105.92
2016-12-30,1105.92,1115.3,1102.79,1115.3,5762,1115.3
2017-01-04,1123.1,1215.27,1116.86,1160.59,32969,1160.59
2017-01-05,1168.41,1234.02,1162.15,1166.84,77462,1166.84
2017-01-06,1174.66,1205.9,1173.09,1191.84,36171,1191.84
2017-01-10,1234.02,1234.02,1207.46,1230.89,33930,1230.89
2017-01-11,1234.02,1234.02,1140.29,1201.21,36491,1201.21
2017-01-12,1201.21,1210.59,1174.66,1210.59,11523,1210.59
2017-01-13,1212.14,1224.64,1190.28,1190.28,9282,1190.28
2017-01-16,1207.46,1207.46,1180.9,1201.21,4800,1201.21
2017-01-17,1196.53,1196.53,1166.84,1168.41,7363,1168.41
2017-01-18,1165.27,1168.41,1148.1,1154.36,7683,1154.36
2017-01-19,1159.04,1180.9,1159.04,1159.04,4800,1159.04
2017-01-20,1159.04,1162.15,1146.53,1146.53,4161,1146.53
2017-01-23,1127.79,1152.78,1102.79,1149.66,9923,1149.66
2017-01-24,1165.27,1165.27,1141.84,1154.36,3521,1154.36
2017-01-25,1185.58,1187.16,1173.09,1187.16,5442,1187.16
2017-01-26,1187.16,1193.4,1169.96,1176.21,10884,1176.21
2017-01-27,1171.53,1174.66,1157.47,1157.47,4800,1157.47
2017-01-30,1157.47,1157.47,1146.53,1152.78,2881,1152.78
2017-01-31,1152.78,1152.78,1151.22,1151.22,1600,1151.22
2017-02-01,1151.22,1155.9,1151.22,1152.78,960,1152.78
2017-02-02,1152.78,1152.78,1124.67,1129.35,7042,1129.35
2017-02-03,1129.35,1129.35,1096.56,1124.67,8002,1124.67
2017-02-06,1109.04,1126.23,1101.24,1109.04,3840,1109.04
2017-02-07,1109.04,1135.61,1107.49,1135.61,7042,1135.61
2017-02-08,1154.36,1155.9,1149.66,1149.66,4482,1149.66
2017-02-09,1165.27,1165.27,1149.66,1163.73,6723,1163.73
2017-02-10,1162.15,1171.53,1130.93,1169.96,14725,1169.96
2017-02-13,1165.27,1165.27,1146.53,1146.53,3521,1146.53
2017-02-14,1143.41,1143.41,1126.23,1126.23,6402,1126.23
2017-02-15,1140.29,1154.36,1110.6,1124.67,8644,1124.67
2017-02-16,1144.98,1337.11,1126.23,1205.9,104670,1205.9
2017-02-17,1205.9,1218.39,1160.59,1179.34,23047,1179.34
2017-02-20,1205.9,1207.46,1155.9,1157.47,12804,1157.47
2017-02-21,1165.27,1166.84,1148.1,1148.1,10563,1148.1
2017-02-22,1169.96,1177.78,1151.22,1151.22,3201,1151.22
2017-02-23,1194.96,1194.96,1168.41,1176.21,14404,1176.21
2017-02-24,1165.27,1171.53,1163.73,1171.53,6081,1171.53
2017-02-27,1171.53,1171.53,1162.15,1171.53,7042,1171.53
2017-02-28,1191.84,1191.84,1171.53,1171.53,2241,1171.53
2017-03-01,1157.47,1168.41,1121.55,1157.47,9282,1157.47
2017-03-02,1148.1,1182.47,1146.53,1182.47,16324,1182.47
2017-03-03,1160.59,1193.4,1160.59,1165.27,14085,1165.27
2017-03-06,1146.53,1193.4,1140.29,1190.28,9282,1190.28
2017-03-07,1168.41,1188.71,1155.9,1188.71,6081,1188.71
2017-03-08,1184.03,1184.03,1171.53,1171.53,6402,1171.53
2017-03-09,1149.66,1171.53,1148.1,1168.41,10242,1168.41
2017-03-10,1168.41,1168.41,1143.41,1168.41,9923,1168.41
2017-03-13,1185.58,1185.58,1163.73,1165.27,5121,1165.27
2017-03-14,1165.27,1180.9,1157.47,1166.84,7363,1166.84
2017-03-15,1159.04,1174.66,1151.22,1162.15,3840,1162.15
2017-03-16,1160.59,1168.41,1160.59,1163.73,2881,1163.73
2017-03-17,1168.41,1177.78,1140.29,1151.22,17926,1151.22
2017-03-21,1155.9,1168.41,1149.66,1151.22,11844,1151.22
2017-03-22,1146.53,1157.47,1146.53,1146.53,7683,1146.53
2017-03-23,1148.1,1148.1,1146.53,1146.53,5442,1146.53
2017-03-24,1143.41,1155.9,1143.41,1146.53,5121,1146.53
2017-03-27,1166.84,1171.53,1143.41,1171.53,14725,1171.53
2017-03-28,1171.53,1171.53,1159.04,1166.84,4482,1166.84
2017-03-29,1171.53,1188.71,1166.84,1187.16,6081,1187.16
2017-03-30,1223.08,1223.08,1193.4,1193.4,8002,1193.4
2017-03-31,1215.27,1215.27,1196.53,1199.64,2881,1199.64
2017-04-03,1205.9,1210.59,1201.21,1210.59,8644,1210.59
2017-04-04,1215.27,1215.27,1141.84,1184.03,10563,1184.03
2017-04-05,1162.15,1184.03,1157.47,1166.84,3840,1166.84
2017-04-06,1168.41,1168.41,1116.86,1141.84,12804,1141.84
2017-04-07,1140.29,1154.36,1127.79,1146.53,5442,1146.53
2017-04-10,1165.27,1165.27,1137.15,1143.41,2881,1143.41
2017-04-11,1130.93,1143.41,1127.79,1143.41,4161,1143.41
2017-04-12,1143.41,1143.41,1093.43,1109.04,9282,1109.04
2017-04-13,1107.49,1107.49,1068.45,1093.43,4800,1093.43
2017-04-14,1101.24,1104.36,1101.24,1104.36,640,1104.36
2017-04-17,1070.0,1093.43,1068.45,1079.38,14725,1079.38
2017-04-18,1101.24,1109.04,1101.24,1109.04,1600,1109.04
2017-04-20,1110.6,1116.86,1110.6,1110.6,1281,1110.6
2017-04-21,1088.75,1110.6,1088.75,1094.99,14404,1094.99
2017-04-24,1099.67,1099.67,1098.12,1098.12,640,1098.12
2017-04-25,1129.35,1129.35,1107.49,1107.49,4482,1107.49
2017-04-26,1113.72,1115.3,1113.72,1115.3,640,1115.3
2017-04-27,1124.67,1146.53,1124.67,1146.53,640,1146.53
2017-04-28,1155.9,1155.9,1115.3,1127.79,9923,1127.79
2017-05-01,1105.92,1121.55,1105.92,1118.41,3840,1118.41
2017-05-02,1115.3,1134.04,1115.3,1127.79,8961,1127.79
2017-05-08,1112.18,1135.61,1112.18,1134.04,10563,1134.04
2017-05-09,1137.15,1155.9,1127.79,1155.9,8323,1155.9
2017-05-10,1176.21,1176.21,1176.21,1176.21,2562,1176.21
2017-05-11,1174.66,1174.66,1143.41,1165.27,4482,1165.27
2017-05-12,1165.27,1173.09,1157.47,1171.53,4800,1171.53
2017-05-15,1127.79,1127.79,1096.56,1123.1,17285,1123.1
2017-05-16,1110.6,1127.79,1110.6,1124.67,4482,1124.67
2017-05-17,1124.67,1159.04,1090.3,1127.79,28489,1127.79
2017-05-18,1112.18,1126.23,1110.6,1124.67,8323,1124.67
2017-05-19,1129.35,1155.9,1129.35,1141.84,6402,1141.84
2017-05-22,1143.41,1148.1,1134.04,1138.73,11203,1138.73
2017-05-23,1148.1,1155.9,1148.1,1155.9,5762,1155.9
2017-05-24,1155.9,1157.47,1149.66,1154.36,4800,1154.36
2017-05-25,1154.36,1154.36,1135.61,1149.66,10563,1149.66
2017-05-26,1149.66,1149.66,1129.35,1129.35,13123,1129.35
2017-05-29,1135.61,1148.1,1132.47,1132.47,4161,1132.47
2017-05-30,1134.04,1143.41,1129.35,1135.61,6402,1135.61
2017-05-31,1134.04,1134.04,1124.67,1124.67,6081,1124.67
2017-06-01,1123.1,1127.79,1123.1,1127.79,5121,1127.79
2017-06-02,1130.93,1134.04,1124.67,1124.67,3521,1124.67
2017-06-05,1123.1,1124.67,1118.41,1121.55,4161,1121.55
2017-06-06,1129.35,1129.35,1105.92,1112.18,11844,1112.18
2017-06-07,1094.99,1112.18,1094.99,1099.67,10563,1099.67
2017-06-08,1099.67,1129.35,1099.67,1124.67,10242,1124.67
2017-06-09,1124.67,1124.67,1124.67,1124.67,1600,1124.67
2017-06-12,1116.86,1124.67,1109.04,1123.1,11844,1123.1
2017-06-13,1121.55,1124.67,1115.3,1124.67,6723,1124.67
2017-06-14,1116.86,1121.55,1109.04,1116.86,5121,1116.86
2017-06-15,1107.49,1115.3,1102.79,1105.92,7363,1105.92
2017-06-16,1101.24,1109.04,1101.24,1105.92,6402,1105.92
2017-06-19,1101.24,1101.24,1098.12,1098.12,5442,1098.12
2017-06-20,1105.92,1105.92,1094.99,1099.67,7363,1099.67
2017-06-21,1099.67,1099.67,1094.99,1099.67,10884,1099.67
2017-06-22,1098.12,1102.79,1094.99,1099.67,15684,1099.67
2017-06-23,1104.36,1105.92,1099.67,1104.36,8961,1104.36
2017-06-26,1093.43,1109.04,1093.43,1099.67,61139,1099.67
2017-06-27,1101.24,1113.72,1099.67,1099.67,17605,1099.67
2017-06-28,1091.88,1099.67,1070.0,1070.0,26887,1070.0
2017-06-29,1071.57,1077.81,1068.45,1071.57,17285,1071.57
2017-06-30,1077.81,1077.81,1062.19,1062.19,14404,1062.19
2017-07-03,1093.43,1093.43,1066.87,1066.87,14404,1066.87
2017-07-04,1065.32,1068.45,1054.38,1066.87,14085,1066.87
2017-07-05,1048.13,1068.45,1046.57,1068.45,11523,1068.45
2017-07-06,1068.45,1068.45,1068.45,1068.45,1921,1068.45
2017-07-07,1057.5,1062.19,1051.25,1052.82,5762,1052.82
2017-07-10,1062.19,1070.0,1054.38,1070.0,3201,1070.0
2017-07-11,1054.38,1057.5,1043.44,1052.82,15684,1052.82
2017-07-12,1054.38,1054.38,1043.44,1049.7,7683,1049.7
2017-07-13,1046.57,1046.57,1040.32,1043.44,8323,1043.44
2017-07-14,1043.44,1043.44,1037.2,1043.44,11523,1043.44
2017-07-18,1043.44,1049.7,1037.2,1038.76,11203,1038.76
2017-07-19,1035.63,1035.63,1020.01,1021.57,18886,1021.57
2017-07-20,1023.14,1030.94,1020.01,1020.01,16965,1020.01
2017-07-21,1015.32,1015.32,993.46,998.14,30409,998.14
2017-07-24,1007.51,1007.51,993.46,998.14,8002,998.14
2017-07-25,1012.2,1012.2,999.71,1002.83,33610,1002.83
2017-07-26,1004.4,1012.2,998.14,1001.27,8961,1001.27
2017-07-27,1001.27,1007.51,998.14,1004.4,5442,1004.4
2017-07-28,1009.09,1009.09,1004.4,1004.4,4161,1004.4
2017-07-31,1004.4,1007.51,988.77,990.34,10242,990.34
2017-08-01,1002.83,1002.83,976.28,998.14,7042,998.14
2017-08-02,995.02,996.59,990.34,990.34,7042,990.34
2017-08-03,985.65,1005.96,970.03,995.02,9923,995.02
2017-08-04,1005.96,1060.63,984.08,1060.63,39691,1060.63
2017-08-07,1041.89,1041.89,977.83,1030.94,57616,1030.94
2017-08-08,1015.32,1038.76,998.14,1020.01,13444,1020.01
2017-08-09,1026.26,1026.26,990.34,996.59,13765,996.59
2017-08-10,996.59,996.59,993.46,995.02,1600,995.02
2017-08-14,988.77,988.77,968.45,968.45,4482,968.45
2017-08-15,979.4,990.34,979.4,985.65,1921,985.65
2017-08-16,990.34,998.14,990.34,998.14,2562,998.14
2017-08-17,999.71,1007.51,993.46,996.59,5762,996.59
2017-08-18,1007.51,1009.09,1002.83,1002.83,2881,1002.83
2017-08-21,998.14,1010.64,998.14,1010.64,2241,1010.64
2017-08-22,1002.83,1004.4,980.97,985.65,10242,985.65
2017-08-23,990.34,998.14,984.08,998.14,3201,998.14
2017-08-24,996.59,996.59,987.21,987.21,5121,987.21
2017-08-25,995.02,995.02,988.77,995.02,15045,995.02
2017-08-28,1009.09,1009.09,1009.09,1009.09,5442,1009.09
2017-08-29,1009.09,1010.64,996.59,1010.64,4161,1010.64
2017-08-30,1012.2,1029.39,1012.2,1029.39,8644,1029.39
2017-08-31,1032.52,1032.52,1027.82,1030.94,6402,1030.94
2017-09-01,1034.07,1041.89,1030.94,1034.07,4800,1034.07
2017-09-04,1034.07,1040.32,1026.26,1030.94,7683,1030.94
2017-09-05,1032.52,1048.13,999.71,1048.13,23047,1048.13
2017-09-06,1024.7,1024.7,999.71,1020.01,12163,1020.01
2017-09-07,1023.14,1024.7,1007.51,1007.51,2241,1007.51
2017-09-08,1018.45,1018.45,1010.64,1012.2,2241,1012.2
2017-09-11,1018.45,1041.89,1016.89,1021.57,9923,1021.57
2017-09-12,1018.45,1038.76,1016.89,1026.26,5762,1026.26
2017-09-13,1026.26,1046.57,1021.57,1030.94,10242,1030.94
2017-09-14,1032.52,1048.13,1032.52,1038.76,5121,1038.76
2017-09-15,1037.2,1037.2,1023.14,1027.82,2241,1027.82
2017-09-19,1032.52,1052.82,1021.57,1027.82,25288,1027.82
2017-09-20,1032.52,1034.07,1032.52,1034.07,960,1034.07
2017-09-21,1030.94,1034.07,1030.94,1034.07,2241,1034.07
2017-09-22,1046.57,1046.57,1024.7,1034.07,13765,1034.07
2017-09-25,1055.95,1102.79,1035.63,1063.76,52495,1063.76
2017-09-26,1076.25,1076.25,1055.95,1063.76,6723,1063.76
2017-09-27,1062.19,1076.25,1062.19,1065.32,6723,1065.32
2017-09-28,1087.18,1087.18,1071.57,1071.57,5762,1071.57
2017-09-29,1068.45,1076.25,1057.5,1057.5,8323,1057.5
2017-10-02,1079.38,1082.5,1074.68,1082.5,11844,1082.5
2017-10-03,1080.93,1094.99,1080.93,1094.99,8961,1094.99
2017-10-04,1096.56,1096.56,1080.93,1091.88,5762,1091.88
2017-10-05,1088.75,1088.75,1071.57,1087.18,7042,1087.18
2017-10-06,1087.18,1087.18,1071.57,1071.57,1600,1071.57
2017-10-10,1093.43,1105.92,1088.75,1091.88,17926,1091.88
2017-10-11,1098.12,1102.79,1091.88,1102.79,4482,1102.79
2017-10-12,1102.79,1102.79,1093.43,1093.43,4800,1093.43
2017-10-13,1093.43,1096.56,1090.3,1096.56,5762,1096.56
2017-10-16,1093.43,1093.43,1079.38,1079.38,10884,1079.38
2017-10-17,1077.81,1096.56,1077.81,1088.75,15364,1088.75
2017-10-18,1084.06,1090.3,1084.06,1090.3,8961,1090.3
2017-10-19,1084.06,1084.06,1040.32,1068.45,16005,1068.45
2017-10-20,1060.63,1068.45,1060.63,1063.76,3201,1063.76
2017-10-23,1063.76,1084.06,1063.76,1074.68,6723,1074.68
2017-10-24,1070.0,1079.38,1068.45,1079.38,3201,1079.38
2017-10-25,1085.62,1087.18,1073.13,1087.18,15364,1087.18
2017-10-26,1091.88,1096.56,1080.93,1084.06,8002,1084.06
2017-10-27,1077.81,1079.38,1077.81,1079.38,1921,1079.38
2017-10-30,1096.56,1096.56,1080.93,1082.5,8961,1082.5
2017-10-31,1091.88,1091.88,1088.75,1091.88,960,1091.88
2017-11-01,1087.18,1087.18,1087.18,1087.18,640,1087.18
2017-11-02,1090.3,1094.99,1079.38,1094.99,26567,1094.99
2017-11-06,1105.92,1105.92,1080.93,1090.3,21766,1090.3
2017-11-07,1088.75,1088.75,1084.06,1088.75,2881,1088.75
2017-11-08,1093.43,1104.36,1088.75,1099.67,12804,1099.67
2017-11-09,1093.43,1096.56,1087.18,1087.18,11203,1087.18
2017-11-10,1087.18,1087.18,1084.06,1085.62,3521,1085.62
2017-11-13,1085.62,1091.88,1084.06,1084.06,7683,1084.06
2017-11-14,1082.5,1082.5,1080.93,1080.93,4161,1080.93
2017-11-15,1080.93,1080.93,1049.7,1051.25,9603,1051.25
2017-11-16,1051.25,1070.0,1051.25,1070.0,11203,1070.0
2017-11-17,1068.45,1070.0,1052.82,1070.0,3201,1070.0
2017-11-20,1070.0,1082.5,1070.0,1074.68,5442,1074.68
2017-11-21,1082.5,1091.88,1082.5,1085.62,15364,1085.62
2017-11-22,1093.43,1093.43,1071.57,1071.57,9282,1071.57
2017-11-24,1074.68,1087.18,1071.57,1087.18,8961,1087.18
2017-11-27,1105.92,1112.18,1098.12,1112.18,23686,1112.18
2017-11-28,1112.18,1112.18,1098.12,1105.92,14725,1105.92
2017-11-29,1113.72,1113.72,1102.79,1102.79,1921,1102.79
2017-11-30,1113.72,1132.47,1109.04,1126.23,56336,1126.23
2017-12-01,1129.35,1149.66,1127.79,1140.29,16645,1140.29
2017-12-04,1141.84,1141.84,1127.79,1134.04,5121,1134.04
2017-12-05,1118.41,1143.41,1101.24,1140.29,20486,1140.29
2017-12-06,1134.04,1137.15,1127.79,1129.35,9282,1129.35
2017-12-07,1127.79,1134.04,1127.79,1134.04,4161,1134.04
2017-12-08,1143.41,1171.53,1134.04,1148.1,23047,1148.1
2017-12-11,1168.41,1168.41,1154.36,1154.36,11523,1154.36
2017-12-12,1151.22,1152.78,1146.53,1152.78,8002,1152.78
2017-12-13,1157.47,1157.47,1129.35,1151.22,4800,1151.22
2017-12-14,1149.66,1154.36,1149.66,1152.78,2562,1152.78
2017-12-15,1138.73,1149.66,1138.73,1149.66,2241,1149.66
2017-12-18,1149.66,1149.66,1130.93,1130.93,6081,1130.93
2017-12-19,1124.67,1126.23,1115.3,1124.67,5442,1124.67
2017-12-20,1121.55,1130.93,1121.55,1130.93,5442,1130.93
2017-12-21,1134.04,1134.04,1134.04,1134.04,2881,1134.04
2017-12-22,1135.61,1140.29,1132.47,1137.15,13444,1137.15
2017-12-25,1143.41,1143.41,1132.47,1143.41,13444,1143.41
2017-12-26,1143.41,1146.53,1132.47,1146.53,7042,1146.53
2017-12-27,1140.29,1148.1,1135.61,1140.29,6081,1140.29
2017-12-28,1146.53,1146.53,1130.93,1130.93,10563,1130.93
2017-12-29,1137.15,1137.15,1124.67,1124.67,4482,1124.67
2018-01-04,1124.67,1134.04,1124.67,1134.04,10884,1134.04
2018-01-05,1137.15,1151.22,1137.15,1151.22,10242,1151.22
2018-01-09,1152.78,1163.73,1151.22,1160.59,14404,1160.59
2018-01-10,1169.96,1184.03,1169.96,1177.78,13444,1177.78
2018-01-11,1182.47,1194.96,1163.73,1163.73,21446,1163.73
2018-01-12,1169.96,1196.53,1169.96,1174.66,19525,1174.66
2018-01-15,1191.84,1191.84,1171.53,1180.9,10884,1180.9
2018-01-16,1177.78,1184.03,1174.66,1179.34,8323,1179.34
2018-01-17,1176.21,1184.03,1168.41,1184.03,9603,1184.03
2018-01-18,1184.03,1188.71,1177.78,1185.58,8961,1185.58
2018-01-19,1180.9,1185.58,1180.9,1185.58,5762,1185.58
2018-01-22,1187.16,1210.59,1187.16,1210.59,25288,1210.59
2018-01-23,1218.39,1240.26,1194.96,1212.14,31370,1212.14
2018-01-24,1209.01,1221.52,1188.71,1198.09,14404,1198.09
2018-01-25,1191.84,1196.53,1187.16,1196.53,9282,1196.53
2018-01-26,1196.53,1209.01,1196.53,1202.77,6723,1202.77
2018-01-29,1204.33,1204.33,1188.71,1188.71,7363,1188.71
2018-01-30,1190.28,1191.84,1174.66,1174.66,11844,1174.66
2018-01-31,1174.66,1174.66,1163.73,1163.73,4800,1163.73
2018-02-01,1165.27,1201.21,1165.27,1196.53,22406,1196.53
2018-02-02,1190.28,1196.53,1171.53,1179.34,35850,1179.34
2018-02-05,1135.61,1146.53,1104.36,1112.18,46094,1112.18
2018-02-06,1034.07,1059.07,1015.32,1026.26,53135,1026.26
2018-02-07,1063.76,1099.67,1063.76,1068.45,29449,1068.45
2018-02-08,1090.3,1090.3,1054.38,1057.5,19525,1057.5
2018-02-09,1024.7,1040.32,1018.45,1040.32,18886,1040.32
2018-02-13,1052.82,1052.82,1030.94,1030.94,12484,1030.94
2018-02-14,1030.94,1034.07,1016.89,1016.89,10884,1016.89
2018-02-15,1040.32,1082.5,1040.32,1062.19,5442,1062.19
2018-02-16,1084.06,1085.62,1068.45,1068.45,4482,1068.45
2018-02-19,1068.45,1094.99,1068.45,1085.62,4161,1085.62
2018-02-20,1085.62,1085.62,1082.5,1082.5,1600,1082.5
2018-02-21,1093.43,1093.43,1090.3,1093.43,1600,1093.43
2018-02-22,1090.3,1099.67,1090.3,1099.67,1921,1099.67
2018-02-23,1099.67,1119.98,1099.67,1119.98,7683,1119.98
2018-02-26,1119.98,1137.15,1119.98,1137.15,12163,1137.15
2018-02-27,1138.73,1140.29,1132.47,1132.47,15364,1132.47
2018-02-28,1148.1,1148.1,1141.84,1141.84,2881,1141.84
2018-03-01,1124.67,1126.23,1112.18,1112.18,3521,1112.18
2018-03-02,1090.3,1096.56,1090.3,1096.56,3521,1096.56
2018-03-05,1096.56,1099.67,1093.43,1093.43,4800,1093.43
2018-03-06,1112.18,1112.18,1079.38,1080.93,1921,1080.93
2018-03-07,1080.93,1082.5,1080.93,1082.5,960,1082.5
2018-03-08,1082.5,1085.62,1082.5,1085.62,1281,1085.62
2018-03-09,1085.62,1085.62,1085.62,1085.62,640,1085.62
2018-03-12,1090.3,1099.67,1090.3,1099.67,960,1099.67
2018-03-13,1099.67,1099.67,1096.56,1096.56,2881,1096.56
2018-03-14,1096.56,1096.56,1096.56,1096.56,640,1096.56
2018-03-15,1094.99,1109.04,1094.99,1098.12,8961,1098.12
2018-03-16,1107.49,1107.49,1099.67,1099.67,3201,1099.67
2018-03-19,1096.56,1101.24,1090.3,1101.24,3521,1101.24
2018-03-20,1104.36,1107.49,1102.79,1107.49,5121,1107.49
2018-03-22,1107.49,1116.86,1107.49,1116.86,5762,1116.86
2018-03-23,1105.92,1105.92,1087.18,1101.24,5121,1101.24
2018-03-26,1123.1,1123.1,1099.67,1099.67,16005,1099.67
2018-03-27,1099.67,1102.79,1099.67,1099.67,4161,1099.67
2018-03-28,1113.72,1113.72,1087.18,1088.75,8644,1088.75
2018-03-29,1088.75,1124.67,1088.75,1104.36,11523,1104.36
2018-03-30,1124.67,1126.23,1124.67,1126.23,960,1126.23
2018-04-02,1124.67,1124.67,1124.67,1124.67,1281,1124.67
2018-04-04,1124.67,1130.93,1124.67,1124.67,2562,1124.67
2018-04-05,1124.67,1126.23,1124.67,1124.67,1600,1124.67
2018-04-06,1143.41,1143.41,1124.67,1126.23,2562,1126.23
2018-04-09,1134.04,1151.22,1130.93,1130.93,2241,1130.93
2018-04-10,1127.79,1132.47,1127.79,1132.47,2241,1132.47
2018-04-11,1132.47,1132.47,1129.35,1129.35,640,1129.35
2018-04-12,1134.04,1134.04,1134.04,1134.04,640,1134.04
2018-04-13,1134.04,1138.73,1132.47,1132.47,960,1132.47
2018-04-16,1134.04,1134.04,1127.79,1127.79,34570,1127.79
2018-04-17,1129.35,1129.35,1121.55,1121.55,3521,1121.55
2018-04-18,1134.04,1134.04,1104.36,1105.92,3840,1105.92
2018-04-19,1107.49,1113.72,1107.49,1107.49,8644,1107.49
2018-04-20,1112.18,1115.3,1098.12,1098.12,6081,1098.12
2018-04-23,1099.67,1099.67,1094.99,1098.12,14404,1098.12
2018-04-24,1096.56,1123.1,1094.99,1123.1,17285,1123.1
2018-04-25,1141.84,1144.98,1124.67,1127.79,12484,1127.79
2018-04-26,1127.79,1141.84,1126.23,1141.84,960,1141.84
2018-04-27,1127.79,1135.61,1121.55,1121.55,6081,1121.55
2018-05-01,1124.67,1124.67,1112.18,1116.86,5442,1116.86
2018-05-02,1115.3,1118.41,1115.3,1118.41,2881,1118.41
2018-05-07,1138.73,1138.73,1138.73,1138.73,960,1138.73
2018-05-08,1140.29,1140.29,1140.29,1140.29,321,1140.29
2018-05-10,1137.15,1137.15,1119.98,1124.67,1600,1124.67
2018-05-11,1129.35,1129.35,1113.72,1113.72,960,1113.72
2018-05-14,1096.56,1107.49,1066.87,1107.49,3521,1107.49
2018-05-15,1071.57,1107.49,1068.45,1107.49,7042,1107.49
2018-05-16,1107.49,1107.49,1085.62,1105.92,960,1105.92
2018-05-17,1105.92,1105.92,1084.06,1102.79,960,1102.79
2018-05-18,1098.12,1099.67,1087.18,1099.67,2241,1099.67
2018-05-21,1094.99,1105.92,1094.99,1105.92,2562,1105.92
2018-05-22,1109.04,1118.41,1109.04,1118.41,2562,1118.41
2018-05-23,1113.72,1123.1,1112.18,1123.1,5442,1123.1
2018-05-24,1124.67,1130.93,1124.67,1130.93,1921,1130.93
2018-05-25,1137.15,1137.15,1124.67,1124.67,8323,1124.67
2018-05-28,1135.61,1135.61,1124.67,1124.67,2881,1124.67
2018-05-29,1124.67,1124.67,1101.24,1121.55,4161,1121.55
2018-05-30,1101.24,1101.24,1101.24,1101.24,960,1101.24
2018-05-31,1110.6,1112.18,1105.92,1105.92,2241,1105.92
2018-06-01,1102.79,1102.79,1099.67,1099.67,1281,1099.67
2018-06-04,1102.79,1102.79,1098.12,1098.12,1600,1098.12
2018-06-05,1104.36,1104.36,1077.81,1088.75,3521,1088.75
2018-06-06,1091.88,1102.79,1077.81,1102.79,4161,1102.79
2018-06-07,1109.04,1109.04,1107.49,1107.49,960,1107.49
2018-06-08,1107.49,1107.49,1085.62,1085.62,640,1085.62
2018-06-11,1101.24,1101.24,1101.24,1101.24,640,1101.24
2018-06-12,1101.24,1101.24,1082.5,1101.24,8323,1101.24
2018-06-13,1107.49,1107.49,1101.24,1101.24,960,1101.24
2018-06-14,1109.04,1109.04,1096.56,1096.56,3201,1096.56
2018-06-15,1130.93,1130.93,1109.04,1123.1,10242,1123.1
2018-06-18,1134.04,1134.04,1094.99,1094.99,15364,1094.99
2018-06-19,1105.92,1105.92,1093.43,1096.56,7042,1096.56
2018-06-20,1099.67,1099.67,1084.06,1096.56,2241,1096.56
2018-06-21,1116.86,1116.86,1101.24,1101.24,1600,1101.24
2018-06-22,1116.86,1116.86,1101.24,1112.18,3521,1112.18
2018-06-25,1137.15,1137.15,1110.6,1110.6,11203,1110.6
2018-06-26,1110.6,1115.3,1110.6,1112.18,1921,1112.18
2018-06-27,1124.67,1140.29,1124.67,1140.29,2562,1140.29
2018-06-28,1141.84,1141.84,1115.3,1126.23,7042,1126.23
2018-06-29,1126.23,1126.23,1115.3,1123.1,7363,1123.1
2018-07-02,1155.9,1165.27,1124.67,1124.67,17605,1124.67
2018-07-03,1154.36,1154.36,1112.18,1112.18,1921,1112.18
2018-07-04,1140.29,1140.29,1123.1,1124.67,1281,1124.67
2018-07-05,1124.67,1124.67,1094.99,1094.99,4161,1094.99
2018-07-06,1093.43,1107.49,1093.43,1104.36,3201,1104.36
2018-07-09,1118.41,1118.41,1116.86,1116.86,640,1116.86
2018-07-10,1124.67,1124.67,1124.67,1124.67,321,1124.67
2018-07-11,1124.67,1124.67,1102.79,1109.04,1281,1109.04
2018-07-12,1109.04,1115.3,1109.04,1115.3,640,1115.3
2018-07-13,1118.41,1118.41,1109.04,1109.04,640,1109.04
2018-07-17,1123.1,1123.1,1112.18,1112.18,960,1112.18
2018-07-18,1123.1,1134.04,1123.1,1124.67,4161,1124.67
2018-07-19,1137.15,1137.15,1137.15,1137.15,960,1137.15
2018-07-20,1137.15,1148.1,1137.15,1146.53,4161,1146.53
2018-07-23,1146.53,1180.9,1143.41,1177.78,12804,1177.78
2018-07-24,1180.9,1180.9,1169.96,1180.9,5762,1180.9
2018-07-25,1205.9,1216.83,1193.4,1193.4,22406,1193.4
2018-07-26,1216.83,1224.64,1207.46,1219.96,9603,1219.96
2018-07-27,1216.83,1216.83,1210.59,1210.59,7363,1210.59
2018-07-30,1218.39,1218.39,1202.77,1202.77,5762,1202.77
2018-07-31,1180.9,1182.47,1180.9,1182.47,960,1182.47
2018-08-01,1160.59,1162.15,1148.1,1152.78,4161,1152.78
2018-08-02,1174.66,1174.66,1155.9,1155.9,1281,1155.9
2018-08-03,1134.04,1143.41,1119.98,1119.98,7042,1119.98
2018-08-06,1121.55,1151.22,1105.92,1105.92,12163,1105.92
2018-08-07,1109.04,1127.79,1109.04,1109.04,2241,1109.04
2018-08-08,1124.67,1124.67,1124.67,1124.67,321,1124.67
2018-08-09,1140.29,1140.29,1124.67,1124.67,640,1124.67
2018-08-10,1129.35,1129.35,1105.92,1105.92,2241,1105.92
2018-08-13,1127.79,1127.79,1124.67,1124.67,640,1124.67
2018-08-14,1124.67,1124.67,1124.67,1124.67,321,1124.67
2018-08-15,1124.67,1124.67,1090.3,1090.3,2881,1090.3
2018-08-16,1093.43,1093.43,1077.81,1093.43,3521,1093.43
2018-08-17,1093.43,1190.28,1093.43,1190.28,10563,1190.28
2018-08-20,1190.28,1190.28,1184.03,1184.03,1600,1184.03
2018-08-21,1184.03,1184.03,1162.15,1176.21,2241,1176.21
2018-08-22,1184.03,1184.03,1171.53,1171.53,1281,1171.53
2018-08-23,1184.03,1184.03,1162.15,1180.9,2241,1180.9
2018-08-24,1182.47,1198.09,1173.09,1198.09,3840,1198.09
2018-08-27,1226.21,1226.21,1218.39,1218.39,5762,1218.39
2018-08-28,1230.89,1230.89,1218.39,1221.52,7363,1221.52
2018-08-29,1221.52,1221.52,1221.52,1221.52,321,1221.52
2018-08-30,1221.52,1221.52,1215.27,1215.27,3201,1215.27
2018-09-03,1218.39,1218.39,1218.39,1218.39,321,1218.39
2018-09-04,1218.39,1218.39,1218.39,1218.39,640,1218.39
2018-09-05,1218.39,1218.39,1218.39,1218.39,640,1218.39
2018-09-06,1218.39,1218.39,1174.66,1174.66,1921,1174.66
2018-09-07,1196.53,1196.53,1196.53,1196.53,321,1196.53
2018-09-10,1196.53,1196.53,1196.53,1196.53,960,1196.53
2018-09-11,1196.53,1196.53,1196.53,1196.53,640,1196.53
2018-09-12,1213.71,1213.71,1213.71,1213.71,640,1213.71
2018-09-13,1212.14,1212.14,1187.16,1187.16,1281,1187.16
2018-09-14,1210.59,1210.59,1188.71,1188.71,640,1188.71
2018-09-18,1188.71,1190.28,1159.04,1163.73,2881,1163.73
2018-09-19,1180.9,1182.47,1169.96,1169.96,2241,1169.96
2018-09-21,1191.84,1227.76,1191.84,1227.76,33930,1227.76
2018-09-25,1232.45,1232.45,1216.83,1216.83,13765,1216.83
2018-09-26,1230.89,1243.39,1224.64,1241.83,7363,1241.83
2018-09-27,1234.02,1234.02,1218.39,1218.39,4161,1218.39
2018-09-28,1227.76,1238.7,1218.39,1218.39,7363,1218.39
2018-10-01,1218.39,1218.39,1218.39,1218.39,321,1218.39
2018-10-02,1218.39,1218.39,1218.39,1218.39,321,1218.39
2018-10-03,1218.39,1218.39,1218.39,1218.39,3201,1218.39
2018-10-04,1234.02,1234.02,1223.08,1223.08,640,1223.08
2018-10-05,1218.39,1240.26,1216.83,1216.83,4161,1216.83
2018-10-09,1216.83,1216.83,1216.83,1216.83,321,1216.83
2018-10-10,1216.83,1216.83,1216.83,1216.83,640,1216.83
2018-10-11,1216.83,1232.45,1187.16,1218.39,9282,1218.39
2018-10-12,1205.9,1234.02,1205.9,1213.71,5762,1213.71
2018-10-15,1213.71,1218.39,1199.64,1202.77,5762,1202.77
2018-10-16,1218.39,1224.64,1202.77,1224.64,1921,1224.64
2018-10-17,1224.64,1226.21,1218.39,1218.39,2881,1218.39
2018-10-18,1227.76,1227.76,1227.76,1227.76,321,1227.76
2018-10-19,1224.64,1224.64,1224.64,1224.64,1921,1224.64
2018-10-22,1227.76,1230.89,1227.76,1230.89,1600,1230.89
2018-10-23,1224.64,1224.64,1207.46,1216.83,3521,1216.83
2018-10-24,1218.39,1218.39,1202.77,1218.39,5762,1218.39
2018-10-25,1184.03,1185.58,1182.47,1182.47,12163,1182.47
2018-10-26,1187.16,1187.16,1134.04,1137.15,9603,1137.15
2018-10-29,1169.96,1171.53,1169.96,1171.53,4161,1171.53
2018-10-30,1185.58,1187.16,1185.58,1187.16,8002,1187.16
2018-10-31,1210.59,1218.39,1210.59,1218.39,1281,1218.39
2018-11-01,1218.39,1218.39,1215.27,1215.27,640,1215.27
2018-11-02,1212.14,1212.14,1202.77,1212.14,3840,1212.14
2018-11-05,1277.75,1421.46,1277.75,1341.8,87386,1341.8
2018-11-06,1385.53,1385.53,1341.8,1385.53,20486,1385.53
2018-11-07,1363.66,1374.6,1279.32,1337.11,22406,1337.11
2018-11-08,1358.97,1366.78,1358.97,1363.66,4800,1363.66
2018-11-09,1349.6,1349.6,1310.54,1335.54,8644,1335.54
2018-11-12,1313.68,1340.23,1313.68,1315.23,8323,1315.23
2018-11-13,1293.38,1293.38,1252.76,1259.0,8961,1259.0
2018-11-14,1259.0,1269.95,1251.2,1269.95,2562,1269.95
2018-11-15,1251.2,1277.75,1249.64,1277.75,2241,1277.75
2018-11-16,1280.88,1280.88,1249.64,1249.64,3840,1249.64
2018-11-19,1255.89,1268.37,1255.89,1268.37,5442,1268.37
2018-11-20,1268.37,1280.88,1243.39,1249.64,8644,1249.64
2018-11-21,1249.64,1263.69,1249.64,1259.0,2241,1259.0
2018-11-22,1259.0,1263.69,1205.9,1238.7,12163,1238.7
2018-11-26,1249.64,1326.17,1249.64,1265.26,16324,1265.26
2018-11-27,1287.12,1287.12,1249.64,1262.13,8323,1262.13
2018-11-28,1254.95,1264.31,1247.44,1263.37,4054,1263.37
2018-11-29,1260.57,1273.69,1210.89,1224.01,9817,1224.01
2018-11-30,1273.69,1273.69,1224.96,1254.0,3308,1254.0
2018-12-03,1256.82,1329.92,1255.89,1255.89,17392,1255.89
2018-12-04,1268.06,1268.06,1223.08,1227.76,4268,1227.76
2018-12-05,1222.14,1240.89,1211.84,1211.84,3948,1211.84
2018-12-06,1231.52,1231.52,1202.46,1202.46,5655,1202.46
2018-12-07,1219.33,1229.64,1214.64,1214.64,4588,1214.64
2018-12-10,1200.58,1227.76,1196.84,1215.58,10777,1215.58
2018-12-11,1251.2,1268.99,1215.58,1215.58,18139,1215.58
2018-12-12,1211.84,1218.39,1209.96,1209.96,3840,1209.96
2018-12-13,1211.84,1218.39,1209.01,1218.39,1067,1218.39
2018-12-14,1218.39,1218.39,1205.27,1205.27,4054,1205.27
2018-12-17,1195.9,1216.52,1194.96,1215.58,4695,1215.58
2018-12-18,1159.35,1197.77,1143.41,1143.41,14190,1143.41
2018-12-19,1149.03,1190.28,1149.03,1188.41,2987,1188.41
2018-12-20,1177.15,1177.15,1143.41,1168.72,4588,1168.72
2018-12-21,1167.78,1167.78,1030.94,1126.55,11203,1126.55
2018-12-25,1131.23,1166.84,1105.92,1126.55,16965,1126.55
2018-12-26,1126.55,1134.04,1105.92,1117.17,4375,1117.17
2018-12-27,1128.42,1171.53,1124.67,1152.78,7469,1152.78
2018-12-28,1186.53,1217.46,1151.85,1152.78,9817,1152.78
2019-01-04,1124.67,1220.27,1124.67,1218.39,8429,1218.39
2019-01-07,1221.2,1273.69,1180.9,1219.33,4800,1219.33
2019-01-08,1247.44,1247.44,1189.34,1245.57,4161,1245.57
2019-01-09,1237.14,1237.14,1209.01,1219.33,960,1219.33
2019-01-10,1212.77,1232.45,1180.9,1180.9,2667,1180.9
2019-01-11,1209.96,1218.39,1209.96,1218.39,1067,1218.39
2019-01-15,1213.71,1213.71,1180.9,1180.9,2241,1180.9
2019-01-16,1180.9,1199.64,1151.85,1199.64,2562,1199.64
2019-01-17,1194.96,1214.64,1194.03,1199.64,2987,1199.64
2019-01-18,1199.64,1199.64,1163.1,1171.53,5762,1171.53
2019-01-21,1217.46,1217.46,1181.84,1187.45,2881,1187.45
2019-01-22,1188.41,1188.41,1164.98,1164.98,3948,1164.98
2019-01-23,1157.47,1166.84,1127.48,1162.15,4161,1162.15
2019-01-24,1162.15,1178.09,1162.15,1178.09,3201,1178.09
2019-01-25,1206.21,1209.01,1179.03,1195.9,9177,1195.9
2019-01-28,1218.39,1218.39,1194.96,1199.64,6295,1199.64
2019-01-29,1199.64,1200.58,1185.58,1197.77,2455,1197.77
2019-01-30,1198.72,1198.72,1143.41,1143.41,6295,1143.41
2019-01-31,1143.41,1171.53,1124.67,1137.78,8749,1137.78
2019-02-01,1138.73,1172.46,1137.78,1172.46,9390,1172.46
2019-02-04,1160.29,1169.66,1144.35,1164.98,5975,1164.98
2019-02-05,1166.84,1199.64,1165.91,1199.64,4054,1199.64
2019-02-06,1185.58,1209.01,1185.58,1201.52,3521,1201.52
2019-02-07,1181.84,1203.4,1181.84,1184.66,3628,1184.66
2019-02-08,1184.66,1192.14,1143.41,1160.29,4908,1160.29
2019-02-12,1160.29,1171.53,1146.23,1153.73,2881,1153.73
2019-02-13,1156.54,1176.21,1124.67,1148.1,4054,1148.1
2019-02-14,1161.23,1162.15,1156.54,1162.15,1600,1162.15
2019-02-15,1159.35,1179.97,1159.35,1163.1,1921,1163.1
2019-02-18,1166.84,1190.28,1166.84,1189.34,854,1189.34
2019-02-19,1189.34,1199.64,1184.66,1188.41,5549,1188.41
2019-02-20,1198.72,1198.72,1190.28,1193.09,2241,1193.09
2019-02-21,1193.09,1197.77,1190.28,1190.28,1600,1190.28
2019-02-22,1190.28,1208.09,1185.58,1208.09,3308,1208.09
2019-02-25,1242.76,1245.57,1200.58,1203.4,35850,1203.4
2019-02-26,1209.96,1243.7,1190.28,1190.28,5442,1190.28
2019-02-27,1199.64,1211.84,1189.34,1199.64,14404,1199.64
2019-02-28,1218.39,1219.33,1190.28,1190.28,11631,1190.28
2019-03-01,1185.58,1196.84,1181.84,1183.72,1281,1183.72
2019-03-04,1201.52,1215.58,1145.29,1193.09,3201,1193.09
2019-03-05,1180.9,1180.9,1171.53,1172.46,3628,1172.46
2019-03-07,1169.66,1170.59,1161.23,1161.23,747,1161.23
2019-03-08,1161.23,1161.23,1142.47,1142.47,1281,1142.47
2019-03-11,1142.47,1142.47,1142.47,1142.47,213,1142.47
2019-03-12,1143.41,1170.59,1106.86,1140.6,3735,1140.6
2019-03-13,1133.1,1133.1,1133.1,1133.1,108,1133.1
2019-03-14,1148.1,1148.1,1134.99,1134.99,3201,1134.99
2019-03-15,1162.15,1168.72,1162.15,1166.84,2241,1166.84
2019-03-18,1147.15,1171.53,1147.15,1171.53,3201,1171.53
2019-03-19,1172.46,1175.29,1172.46,1175.29,1600,1175.29
2019-03-20,1194.96,1217.46,1194.03,1198.72,3308,1198.72
2019-03-22,1199.64,1220.27,1199.64,1219.33,5975,1219.33
2019-03-25,1189.34,1231.52,1189.34,1223.08,13230,1223.08
2019-03-26,1225.88,1227.76,1199.64,1199.64,3840,1199.64
2019-03-27,1228.21,1228.21,1171.09,1209.17,1995,1209.17
2019-03-28,1234.88,1234.88,1161.56,1161.56,4096,1161.56
2019-03-29,1171.09,1200.6,1171.09,1200.6,525,1200.6
2019-04-01,1209.17,1237.74,1209.17,1233.92,2415,1233.92
2019-04-02,1228.21,1228.21,1216.79,1216.79,1365,1216.79
2019-04-03,1213.92,1237.74,1213.92,1236.77,2521,1236.77
2019-04-04,1228.21,1228.21,1228.21,1228.21,2731,1228.21
2019-04-05,1228.21,1228.21,1223.45,1223.45,1365,1223.45
2019-04-08,1227.26,1228.21,1223.45,1223.45,1995,1223.45
2019-04-09,1235.82,1235.82,1222.5,1228.21,3256,1228.21
2019-04-10,1228.21,1228.21,1216.79,1216.79,735,1216.79
2019-04-11,1197.75,1202.5,1197.75,1200.6,1891,1200.6
2019-04-12,1201.55,1209.17,1191.07,1209.17,1891,1209.17
2019-04-15,1209.17,1242.49,1209.17,1242.49,4516,1242.49
2019-04-16,1237.74,1237.74,1209.17,1231.07,3361,1231.07
2019-04-17,1227.26,1227.26,1202.5,1205.36,1786,1205.36
2019-04-18,1218.69,1219.64,1210.13,1210.13,1786,1210.13
2019-04-19,1206.31,1208.22,1206.31,1208.22,419,1208.22
2019-04-22,1218.69,1237.74,1218.69,1218.69,4202,1218.69
2019-04-23,1218.69,1218.69,1157.76,1217.73,8822,1217.73
2019-04-24,1218.69,1226.31,1210.13,1215.83,3570,1215.83
2019-04-25,1232.98,1232.98,1209.17,1218.69,6301,1218.69
2019-04-26,1196.79,1212.02,1193.94,1206.31,2311,1206.31
2019-05-07,1232.98,1232.98,1199.64,1199.64,4516,1199.64
2019-05-08,1199.64,1199.64,1196.79,1196.79,1259,1196.79
2019-05-09,1194.88,1200.6,1181.56,1200.6,4411,1200.6
2019-05-10,1199.64,1201.55,1172.03,1201.55,4726,1201.55
2019-05-13,1212.97,1223.45,1209.17,1209.17,21111,1209.17
2019-05-14,1205.36,1214.89,1190.13,1214.89,13654,1214.89
2019-05-15,1218.69,1221.55,1204.41,1204.41,8718,1204.41
2019-05-16,1203.46,1208.22,1193.94,1204.41,6197,1204.41
2019-05-17,1199.64,1199.64,1194.88,1199.64,2100,1199.64
2019-05-20,1198.7,1200.6,1194.88,1194.88,3361,1194.88
2019-05-21,1198.7,1223.45,1198.7,1218.69,18065,1218.69
2019-05-22,1228.21,1269.15,1227.26,1250.11,13969,1250.11
2019-05-23,1275.81,1284.38,1239.64,1239.64,22582,1239.64
2019-05-24,1230.11,1265.34,1229.16,1247.24,4726,1247.24
2019-05-27,1247.24,1247.24,1246.3,1247.24,36340,1247.24
2019-05-28,1247.24,1247.24,1242.49,1242.49,2415,1242.49
2019-05-29,1242.49,1250.11,1228.21,1237.74,6407,1237.74
2019-05-30,1241.54,1246.3,1236.77,1246.3,1471,1246.3
2019-05-31,1237.74,1237.74,1228.21,1228.21,4307,1228.21
2019-06-03,1224.39,1224.39,1212.02,1212.02,5251,1212.02
2019-06-04,1212.02,1218.69,1212.02,1218.69,946,1218.69
2019-06-05,1228.21,1241.54,1218.69,1219.64,19746,1219.64
2019-06-06,1218.69,1232.98,1217.73,1218.69,4516,1218.69
2019-06-07,1218.69,1218.69,1213.92,1213.92,210,1213.92
2019-06-10,1216.79,1219.64,1216.79,1218.69,2731,1218.69
2019-06-11,1220.6,1220.6,1220.6,1220.6,106,1220.6
2019-06-12,1236.77,1266.3,1228.21,1251.06,13654,1251.06
2019-06-13,1247.24,1250.11,1242.49,1242.49,735,1242.49
2019-06-14,1242.49,1247.24,1242.49,1242.49,1259,1242.49
2019-06-17,1248.2,1252.01,1241.54,1241.54,1995,1241.54
2019-06-18,1219.64,1228.21,1218.69,1219.64,3256,1219.64
2019-06-19,1223.45,1223.45,1220.6,1220.6,630,1220.6
2019-06-20,1224.39,1235.82,1224.39,1235.82,946,1235.82
2019-06-21,1238.68,1238.68,1236.77,1236.77,1365,1236.77
2019-06-24,1254.87,1256.77,1244.4,1249.16,6197,1249.16
2019-06-25,1263.43,1263.43,1246.3,1246.3,8612,1246.3
2019-06-26,1262.49,1262.49,1254.87,1260.59,1995,1260.59
2019-06-27,1258.67,1269.15,1258.67,1269.15,5986,1269.15
2019-06-28,1264.39,1269.15,1262.49,1265.34,20480,1265.34
2019-07-01,1272.96,1272.96,1266.3,1272.96,5147,1272.96
2019-07-02,1271.05,1275.81,1271.05,1274.86,5567,1274.86
2019-07-03,1274.86,1274.86,1254.87,1260.59,6723,1260.59
2019-07-04,1257.73,1257.73,1251.06,1251.06,525,1251.06
2019-07-05,1252.01,1267.25,1250.11,1267.25,1681,1267.25
2019-07-08,1261.53,1261.53,1261.53,1261.53,210,1261.53
2019-07-09,1261.53,1261.53,1250.11,1250.11,3046,1250.11
2019-07-11,1251.06,1253.92,1250.11,1250.11,946,1250.11
2019-07-12,1266.3,1266.3,1260.59,1260.59,1891,1260.59
2019-07-16,1259.62,1268.2,1249.16,1249.16,3992,1249.16
2019-07-17,1248.2,1258.67,1237.74,1241.54,2940,1241.54
2019-07-18,1237.74,1253.92,1232.98,1238.68,3151,1238.68
2019-07-19,1244.4,1258.67,1244.4,1252.96,3780,1252.96
2019-07-22,1248.2,1261.53,1248.2,1249.16,1891,1249.16
2019-07-23,1249.16,1268.2,1249.16,1268.2,2940,1268.2
2019-07-24,1271.05,1274.86,1266.3,1274.86,6723,1274.86
2019-07-25,1284.38,1312.95,1284.38,1307.24,31404,1307.24
2019-07-26,1310.09,1310.09,1285.34,1298.66,4832,1298.66
2019-07-29,1304.37,1307.24,1294.87,1299.62,3886,1299.62
2019-07-30,1299.62,1299.62,1292.95,1299.62,3046,1299.62
2019-07-31,1305.33,1311.04,1305.33,1311.04,316,1311.04
2019-08-01,1292.0,1308.19,1292.0,1308.19,419,1308.19
2019-08-02,1295.81,1304.37,1292.0,1293.9,1575,1293.9
2019-08-05,1265.34,1284.38,1190.13,1209.17,6513,1209.17
2019-08-06,1219.64,1228.21,1198.7,1225.35,2311,1225.35
2019-08-07,1213.92,1229.16,1213.92,1229.16,1365,1229.16
2019-08-08,1215.83,1215.83,1215.83,1215.83,106,1215.83
2019-08-09,1213.92,1237.74,1212.02,1231.07,2311,1231.07
2019-08-13,1202.5,1202.5,1146.34,1151.09,7247,1151.09
2019-08-14,1170.13,1173.94,1160.61,1162.51,1156,1162.51
2019-08-15,1166.32,1200.6,1166.32,1169.19,3256,1169.19
2019-08-16,1168.22,1177.75,1168.22,1174.89,946,1174.89
2019-08-19,1174.89,1174.89,1153.0,1161.56,2311,1161.56
2019-08-20,1172.99,1207.26,1172.99,1207.26,2205,1207.26
2019-08-21,1185.37,1211.07,1185.37,1194.88,1681,1194.88
2019-08-22,1211.07,1217.73,1210.13,1217.73,419,1217.73
2019-08-23,1211.07,1230.11,1211.07,1229.16,2836,1229.16
2019-08-26,1233.92,1235.82,1219.64,1227.26,9347,1227.26
2019-08-27,1224.39,1226.31,1213.92,1226.31,2415,1226.31
2019-08-28,1232.98,1232.98,1222.5,1231.07,5357,1231.07
2019-08-29,1231.07,1231.07,1182.51,1207.26,1891,1207.26
2019-09-02,1207.26,1232.02,1207.26,1222.5,2521,1222.5
2019-09-03,1214.89,1219.64,1214.89,1219.64,630,1219.64
2019-09-04,1222.5,1222.5,1217.73,1217.73,419,1217.73
2019-09-05,1212.97,1218.69,1212.97,1218.69,630,1218.69
2019-09-06,1216.79,1216.79,1216.79,1216.79,210,1216.79
2019-09-09,1217.73,1232.98,1217.73,1228.21,3570,1228.21
2019-09-10,1220.6,1225.35,1192.04,1218.69,4096,1218.69
2019-09-11,1218.69,1224.39,1218.69,1224.39,419,1224.39
2019-09-12,1237.74,1237.74,1237.74,1237.74,9977,1237.74
2019-09-13,1237.74,1237.74,1237.74,1237.74,525,1237.74
2019-09-17,1237.74,1237.74,1237.74,1237.74,210,1237.74
2019-09-18,1237.74,1247.24,1237.74,1247.24,1259,1247.24
2019-09-19,1252.01,1252.96,1252.01,1252.01,840,1252.01
2019-09-20,1237.74,1247.24,1237.74,1247.24,840,1247.24
2019-09-24,1237.74,1251.06,1229.16,1245.35,5567,1245.35
2019-09-25,1251.06,1261.53,1244.4,1261.53,9663,1261.53
2019-09-26,1261.53,1266.3,1261.53,1261.53,630,1261.53
2019-09-27,1257.73,1266.3,1257.73,1266.3,1995,1266.3
2019-09-30,1239.64,1251.06,1211.07,1211.07,4202,1211.07
2019-10-01,1226.31,1235.82,1212.97,1217.73,1786,1217.73
2019-10-02,1218.69,1237.74,1212.97,1236.77,2940,1236.77
2019-10-03,1214.89,1232.02,1192.98,1204.41,2205,1204.41
2019-10-04,1194.88,1196.79,1194.88,1196.79,316,1196.79
2019-10-07,1194.88,1211.07,1194.88,1211.07,630,1211.07
2019-10-08,1228.21,1228.21,1217.73,1219.64,1050,1219.64
2019-10-10,1212.97,1222.5,1212.97,1222.5,419,1222.5
2019-10-15,1222.5,1231.07,1200.6,1214.89,1891,1214.89
2019-10-16,1216.79,1216.79,1204.41,1204.41,2311,1204.41
2019-10-17,1206.31,1222.5,1206.31,1222.5,840,1222.5
2019-10-18,1214.89,1225.35,1214.89,1223.45,1786,1223.45
2019-10-21,1213.92,1245.35,1212.02,1245.35,2100,1245.35
2019-10-23,1242.49,1247.24,1237.74,1245.35,1575,1245.35
2019-10-24,1245.35,1254.87,1237.74,1254.87,3361,1254.87
2019-10-25,1268.2,1280.58,1268.2,1280.58,6932,1280.58
2019-10-28,1286.28,1286.28,1276.77,1281.52,3676,1281.52
2019-10-29,1228.21,1255.83,1228.21,1238.68,4832,1238.68
2019-10-30,1267.25,1267.25,1243.45,1243.45,316,1243.45
2019-10-31,1243.45,1243.45,1235.82,1235.82,840,1235.82
2019-11-01,1261.53,1269.15,1261.53,1269.15,1681,1269.15
2019-11-05,1264.39,1264.39,1261.53,1262.49,1575,1262.49
2019-11-06,1248.2,1261.53,1247.24,1261.53,1050,1261.53
2019-11-07,1251.06,1251.06,1237.74,1237.74,1365,1237.74
2019-11-08,1231.07,1237.74,1229.16,1232.02,1786,1232.02
2019-11-12,1242.49,1242.49,1232.02,1237.74,1681,1237.74
2019-11-13,1237.74,1239.64,1232.98,1239.64,735,1239.64
2019-11-14,1236.77,1236.77,1221.55,1228.21,1050,1228.21
2019-11-15,1238.68,1238.68,1237.74,1237.74,630,1237.74
2019-11-18,1239.64,1239.64,1236.77,1239.64,1259,1239.64
2019-11-19,1239.64,1265.34,1233.92,1263.43,2731,1263.43
2019-11-20,1266.3,1266.3,1240.58,1252.96,1995,1252.96
2019-11-21,1265.34,1266.3,1260.59,1260.59,735,1260.59
2019-11-22,1265.34,1275.81,1265.34,1275.81,3256,1275.81
2019-11-25,1285.34,1290.1,1271.05,1285.34,9137,1285.34
2019-11-26,1285.34,1285.34,1276.77,1282.48,1259,1282.48
2019-11-27,1286.28,1292.0,1286.28,1292.0,1156,1292.0
2019-11-28,1296.76,1296.76,1295.81,1296.76,3151,1296.76
2019-11-29,1272.01,1285.34,1272.01,1277.72,1575,1277.72
2019-12-02,1271.05,1284.38,1248.2,1284.38,1891,1284.38
2019-12-03,1285.34,1292.95,1282.48,1292.95,1995,1292.95
2019-12-04,1292.95,1292.95,1285.34,1286.28,1156,1286.28
2019-12-05,1285.34,1305.33,1284.38,1304.37,5567,1304.37
2019-12-06,1304.37,1304.37,1290.1,1298.66,735,1298.66
2019-12-09,1299.62,1311.04,1299.62,1311.04,1891,1311.04
2019-12-10,1350.07,1366.26,1302.47,1345.32,16805,1345.32
2019-12-11,1342.47,1342.47,1316.75,1325.32,630,1325.32
2019-12-12,1325.32,1325.32,1314.85,1315.8,419,1315.8
2019-12-13,1311.04,1338.65,1308.19,1333.89,5357,1333.89
2019-12-16,1333.89,1333.89,1333.89,1333.89,106,1333.89
2019-12-17,1311.04,1329.14,1305.33,1313.9,2415,1313.9
2019-12-18,1313.9,1319.62,1313.9,1319.62,840,1319.62
2019-12-19,1319.62,1342.47,1319.62,1331.04,3676,1331.04
2019-12-20,1341.51,1341.51,1330.09,1330.09,1786,1330.09
2019-12-23,1339.6,1339.6,1333.89,1339.6,630,1339.6
2019-12-24,1338.65,1342.47,1333.89,1339.6,2731,1339.6
2019-12-25,1326.28,1326.28,1309.13,1309.13,5147,1309.13
2019-12-26,1318.66,1318.66,1318.66,1318.66,735,1318.66
2019-12-27,1318.66,1323.42,1315.8,1323.42,840,1323.42
2019-12-30,1346.27,1346.27,1317.72,1328.18,2940,1328.18
2020-01-06,1324.38,1333.89,1291.05,1291.05,4516,1291.05
2020-01-07,1289.15,1301.53,1288.19,1301.53,630,1301.53
2020-01-08,1285.34,1296.76,1285.34,1293.9,1891,1293.9
2020-01-09,1292.0,1292.0,1285.34,1288.19,1786,1288.19
2020-01-10,1294.87,1294.87,1278.68,1290.1,1471,1290.1
2020-01-14,1290.1,1312.95,1261.53,1284.38,3151,1284.38
2020-01-15,1284.38,1289.15,1284.38,1288.19,630,1288.19
2020-01-16,1280.58,1284.38,1272.96,1274.86,2521,1274.86
2020-01-17,1292.0,1296.76,1280.58,1280.58,1259,1280.58
2020-01-20,1298.66,1298.66,1284.38,1292.0,946,1292.0
2020-01-21,1311.04,1312.0,1308.19,1312.0,1050,1312.0
2020-01-22,1312.0,1332.94,1312.0,1332.94,2627,1332.94
2020-01-23,1332.94,1380.55,1332.94,1361.5,9558,1361.5
2020-01-24,1375.79,1379.59,1367.22,1379.59,4726,1379.59
2020-01-27,1375.79,1379.59,1320.56,1378.64,11764,1378.64
2020-01-28,1375.79,1375.79,1367.22,1374.84,2731,1374.84
2020-01-29,1361.5,1361.5,1360.55,1360.55,946,1360.55
2020-01-30,1356.74,1356.74,1290.1,1290.1,3046,1290.1
2020-01-31,1304.37,1355.79,1299.62,1300.57,3467,1300.57
2020-02-03,1325.32,1325.32,1321.51,1323.42,525,1323.42
2020-02-04,1323.42,1336.75,1323.42,1336.75,3151,1336.75
2020-02-05,1336.75,1336.75,1302.47,1336.75,2521,1336.75
2020-02-06,1322.47,1323.42,1309.13,1309.13,1681,1309.13
2020-02-07,1304.37,1304.37,1285.34,1297.71,2731,1297.71
2020-02-10,1305.33,1332.94,1303.43,1330.09,8928,1330.09
2020-02-12,1317.72,1349.13,1313.9,1341.51,10083,1341.51
2020-02-13,1328.18,1359.6,1328.18,1359.6,4726,1359.6
2020-02-14,1376.74,1376.74,1323.42,1332.94,3676,1332.94
2020-02-17,1336.75,1336.75,1323.42,1332.94,106502,1332.94
2020-02-18,1332.94,1354.84,1332.94,1354.84,7247,1354.84
2020-02-19,1354.84,1366.26,1351.99,1351.99,4307,1351.99
2020-02-20,1351.99,1398.64,1347.23,1363.42,7562,1363.42
2020-02-21,1364.36,1379.59,1361.5,1379.59,4096,1379.59
2020-02-25,1373.88,1375.79,1316.75,1351.99,12604,1351.99
2020-02-26,1333.89,1333.89,1285.34,1303.43,5882,1303.43
2020-02-27,1294.87,1313.9,1294.87,1301.53,2100,1301.53
2020-02-28,1301.53,1307.24,1150.14,1150.14,14497405,1150.14
2020-03-02,1142.52,1236.77,1142.52,1188.22,3256,1188.22
2020-03-03,1199.64,1292.0,1199.64,1273.91,7247,1273.91
2020-03-04,1245.35,1272.96,1216.79,1246.3,1259,1246.3
2020-03-05,1219.64,1239.64,1212.02,1212.02,1156,1212.02
2020-03-06,1183.46,1189.17,1167.28,1189.17,840,1189.17
2020-03-09,1166.32,1223.45,1139.66,1139.66,4832,1139.66
2020-03-10,1105.39,1191.07,1105.39,1169.19,5357,1169.19
2020-03-11,1197.75,1204.41,1133.95,1162.51,3992,1162.51
2020-03-12,1144.43,1193.94,1093.96,1102.53,6513,1102.53
2020-03-13,931.16,974.96,904.5,952.11,17540,952.11
2020-03-16,909.26,1011.13,856.9,934.96,39177,934.96
2020-03-17,920.68,1036.84,920.68,1003.52,3780,1003.52
2020-03-18,1032.08,1032.08,1002.56,1009.23,5251,1009.23
2020-03-19,1014.94,1033.98,986.38,986.38,4202,986.38
2020-03-23,986.38,996.84,986.38,996.84,3570,996.84
2020-03-24,998.75,1068.26,998.75,1058.73,4202,1058.73
2020-03-25,1090.15,1204.41,1089.21,1102.53,10923,1102.53
2020-03-26,1091.11,1101.58,1076.82,1076.82,2731,1076.82
2020-03-27,1105.39,1172.99,1104.43,1142.52,5357,1142.52
2020-03-30,1163.86,1163.86,1154.16,1161.91,4949,1161.91
2020-03-31,1157.07,1157.07,1133.79,1134.76,2578,1134.76
2020-04-01,1137.68,1137.68,1137.68,1137.68,825,1137.68
2020-04-02,1129.91,1129.91,1075.6,1103.73,1341,1103.73
2020-04-03,1103.73,1124.1,1021.29,1099.85,4640,1099.85
2020-04-06,1094.03,1097.91,1094.03,1097.91,206,1097.91
2020-04-07,1123.12,1161.91,1083.35,1161.91,4743,1161.91
2020-04-08,1159.01,1159.01,1152.22,1154.16,310,1154.16
2020-04-09,1154.16,1154.16,1152.22,1152.22,619,1152.22
2020-04-13,1152.22,1162.89,1152.22,1162.89,722,1162.89
2020-04-14,1156.1,1156.1,1142.52,1153.19,928,1153.19
2020-04-15,1150.28,1150.28,1150.28,1150.28,104,1150.28
2020-04-16,1140.58,1140.58,1111.49,1136.7,722,1136.7
2020-04-17,1212.35,1427.67,1212.35,1270.55,22477,1270.55
2020-04-20,1270.55,1309.34,1268.61,1269.57,6187,1269.57
2020-04-21,1269.57,1269.57,1231.76,1232.72,3299,1232.72
2020-04-22,1241.45,1281.22,1239.51,1278.3,4434,1278.3
2020-04-23,1289.94,1326.8,1289.94,1326.8,6702,1326.8
2020-04-24,1337.47,1365.59,1315.16,1365.59,2784,1365.59
2020-04-27,1343.29,1343.29,1308.37,1328.74,7526,1328.74
2020-04-28,1357.84,1357.84,1318.07,1318.07,2680,1318.07
2020-04-30,1312.25,1312.25,1307.4,1307.4,1547,1307.4
2020-05-01,1309.34,1310.32,1295.76,1304.49,4021,1304.49
2020-05-07,1304.49,1304.49,1245.33,1303.53,1237,1303.53
2020-05-08,1303.53,1303.53,1302.55,1302.55,206,1302.55
2020-05-11,1284.13,1311.28,1282.18,1311.28,3505,1311.28
2020-05-12,1320.98,1320.98,1308.37,1308.37,3093,1308.37
2020-05-13,1299.64,1299.64,1299.64,1299.64,104,1299.64
2020-05-14,1280.24,1280.24,1231.76,1277.34,2372,1277.34
2020-05-15,1309.34,1309.34,1308.37,1308.37,2165,1308.37
2020-05-18,1319.04,1319.04,1308.37,1309.34,825,1309.34
2020-05-19,1310.32,1321.95,1310.32,1313.22,1649,1313.22
2020-05-20,1356.86,1356.86,1318.07,1324.86,722,1324.86
2020-05-21,1353.96,1353.96,1330.68,1353.96,1237,1353.96
2020-05-22,1356.86,1366.57,1356.86,1366.57,2887,1366.57
2020-05-25,1366.57,1366.57,1348.13,1348.13,4640,1348.13
2020-05-26,1367.53,1367.53,1321.95,1352.99,1031,1352.99
2020-05-27,1357.84,1357.84,1345.23,1357.84,928,1357.84
2020-05-28,1362.69,1362.69,1333.59,1357.84,2372,1357.84
2020-05-29,1331.65,1357.84,1310.32,1350.07,928,1350.07
2020-06-01,1356.86,1356.86,1356.86,1356.86,104,1356.86
2020-06-02,1356.86,1396.63,1350.07,1366.57,15260,1366.57
2020-06-03,1381.11,1386.94,1346.2,1385.96,11547,1385.96
2020-06-04,1386.94,1386.94,1317.1,1327.77,3815,1327.77
2020-06-05,1328.74,1333.59,1319.04,1320.98,619,1320.98
2020-06-08,1376.26,1376.26,1330.68,1330.68,825,1330.68
2020-06-09,1333.59,1362.69,1333.59,1343.29,412,1343.29
2020-06-10,1342.32,1365.59,1342.32,1365.59,3196,1365.59
2020-06-11,1357.84,1365.59,1357.84,1358.8,1959,1358.8
2020-06-12,1358.8,1365.59,1358.8,1365.59,2474,1365.59
2020-06-15,1336.5,1359.78,1326.8,1342.32,1959,1342.32
2020-06-16,1371.42,1372.38,1325.83,1325.83,7320,1325.83
2020-06-17,1341.34,1357.84,1341.34,1355.9,24642,1355.9
2020-06-18,1335.53,1349.11,1320.98,1348.13,3196,1348.13
2020-06-19,1414.09,1597.39,1414.09,1541.14,90527,1541.14
2020-06-22,1496.52,1500.41,1455.79,1473.25,8145,1473.25
2020-06-23,1474.23,1476.16,1432.52,1435.42,3711,1435.42
2020-06-24,1453.85,1468.4,1424.76,1468.4,6495,1468.4
2020-06-25,1479.07,1479.07,1450.94,1462.58,6599,1462.58
2020-06-26,1480.04,1480.04,1462.58,1470.34,3196,1470.34
2020-06-29,1485.86,1485.86,1442.21,1443.19,4846,1443.19
2020-06-30,1449.98,1460.64,1449.98,1454.82,3918,1454.82
2020-07-01,1498.47,1498.47,1422.82,1456.77,13610,1456.77
2020-07-02,1483.92,1483.92,1409.24,1411.17,2268,1411.17
2020-07-03,1406.33,1414.09,1367.53,1367.53,928,1367.53
2020-07-06,1425.73,1452.88,1412.15,1452.88,6187,1452.88
2020-07-07,1423.79,1454.82,1423.79,1454.82,310,1454.82
2020-07-08,1443.19,1451.92,1443.19,1451.92,412,1451.92
2020-07-09,1443.19,1454.82,1443.19,1454.82,1237,1454.82
2020-07-10,1445.13,1446.09,1392.75,1392.75,1959,1392.75
2020-07-13,1395.67,1432.52,1386.94,1414.09,3196,1414.09
2020-07-14,1422.82,1422.82,1422.82,1422.82,104,1422.82
2020-07-15,1417.96,1417.96,1397.6,1406.33,619,1406.33
2020-07-16,1406.33,1406.33,1401.48,1404.39,825,1404.39
2020-07-17,1453.85,1454.82,1425.73,1449.98,3815,1449.98
2020-07-20,1466.46,1521.75,1462.58,1520.77,9073,1520.77
2020-07-21,1522.71,1522.71,1498.47,1513.02,5464,1513.02
2020-07-22,1498.47,1520.77,1463.56,1520.77,7526,1520.77
2020-07-27,1474.23,1474.23,1420.88,1453.85,21137,1453.85
2020-07-28,1478.1,1481.02,1434.46,1446.09,5156,1446.09
2020-07-29,1445.13,1445.13,1395.67,1395.67,3196,1395.67
2020-07-30,1411.17,1433.48,1411.17,1429.61,1237,1429.61
2020-07-31,1403.42,1423.79,1359.78,1365.59,2887,1365.59
2020-08-03,1377.23,1384.99,1320.01,1372.38,5156,1372.38
2020-08-04,1430.58,1436.4,1391.78,1391.78,1031,1391.78
2020-08-05,1387.9,1390.81,1387.9,1390.81,310,1390.81
2020-08-06,1396.63,1421.85,1396.63,1421.85,516,1421.85
2020-08-07,1421.85,1424.76,1399.54,1415.06,619,1415.06
2020-08-11,1435.42,1435.42,1379.17,1395.67,2784,1395.67
2020-08-12,1422.82,1431.55,1393.72,1410.21,1237,1410.21
2020-08-13,1381.11,1411.17,1381.11,1411.17,1135,1411.17
2020-08-14,1411.17,1411.17,1357.84,1357.84,516,1357.84
2020-08-17,1416.03,1451.92,1416.03,1432.52,3815,1432.52
2020-08-18,1452.88,1452.88,1432.52,1432.52,1649,1432.52
2020-08-19,1427.67,1429.61,1384.99,1405.36,22374,1405.36
2020-08-20,1407.3,1407.3,1368.5,1372.38,13919,1372.38
2020-08-21,1401.48,1401.48,1386.94,1399.54,310,1399.54
2020-08-24,1406.33,1406.33,1380.15,1406.33,2990,1406.33
2020-08-25,1380.15,1382.09,1369.48,1369.48,8351,1369.48
2020-08-26,1369.48,1405.36,1361.71,1363.65,3403,1363.65
2020-08-27,1367.53,1367.53,1320.98,1324.86,6805,1324.86
2020-08-28,1324.86,1324.86,1309.34,1314.19,6908,1314.19
2020-08-31,1314.19,1333.59,1307.4,1311.28,5877,1311.28
2020-09-01,1297.7,1336.5,1297.7,1314.19,2474,1314.19
2020-09-02,1311.28,1364.63,1309.34,1321.95,7526,1321.95
2020-09-03,1330.68,1330.68,1319.04,1322.92,3403,1322.92
2020-09-04,1315.16,1324.86,1308.37,1309.34,3711,1309.34
2020-09-07,1302.55,1320.01,1299.64,1299.64,3711,1299.64
2020-09-08,1338.44,1338.44,1302.55,1315.16,1237,1315.16
2020-09-09,1309.34,1309.34,1290.91,1290.91,1135,1290.91
2020-09-11,1283.15,1309.34,1281.22,1281.22,1959,1281.22
2020-09-14,1310.32,1310.32,1310.32,1310.32,104,1310.32
2020-09-15,1298.67,1299.64,1298.67,1299.64,1237,1299.64
2020-09-16,1301.59,1328.74,1301.59,1323.89,722,1323.89
2020-09-17,1323.89,1335.53,1319.04,1319.04,1547,1319.04
2020-09-18,1334.56,1343.29,1323.89,1325.83,1959,1325.83
2020-09-23,1345.23,1345.23,1324.86,1327.77,825,1327.77
2020-09-24,1328.74,1341.34,1328.74,1341.34,1959,1341.34
2020-09-25,1348.13,1348.13,1324.86,1330.68,5774,1330.68
2020-09-28,1330.68,1330.68,1317.1,1317.1,3403,1317.1
2020-09-29,1337.47,1391.78,1337.47,1360.75,1649,1360.75
2020-09-30,1384.02,1384.02,1320.01,1340.38,4537,1340.38
2020-10-02,1339.4,1384.99,1339.4,1384.99,4331,1384.99
2020-10-05,1390.81,1390.81,1340.38,1383.05,1341,1383.05
2020-10-06,1388.88,1388.88,1378.21,1388.88,722,1388.88
2020-10-07,1367.53,1367.53,1341.34,1343.29,1341,1343.29
2020-10-08,1341.34,1342.32,1341.34,1342.32,206,1342.32
2020-10-09,1371.42,1371.42,1342.32,1343.29,619,1343.29
2020-10-12,1343.29,1347.17,1312.25,1314.19,3711,1314.19
2020-10-13,1309.34,1338.44,1309.34,1316.13,1649,1316.13
2020-10-14,1337.47,1337.47,1320.01,1320.01,206,1320.01
2020-10-15,1290.91,1310.32,1282.18,1285.09,6495,1285.09
2020-10-16,1289.94,1289.94,1289.94,1289.94,104,1289.94
2020-10-19,1285.09,1294.8,1285.09,1294.8,310,1294.8
2020-10-20,1320.01,1331.65,1309.34,1320.01,1135,1320.01
2020-10-21,1329.71,1348.13,1329.71,1339.4,1547,1339.4
2020-10-22,1352.99,1352.99,1344.26,1345.23,1341,1345.23
2020-10-23,1352.02,1381.11,1320.98,1381.11,9692,1381.11
2020-10-26,1371.42,1371.42,1325.83,1331.65,8042,1331.65
2020-10-27,1349.11,1360.75,1318.07,1351.05,3505,1351.05
2020-10-28,1348.13,1348.13,1320.01,1329.71,2268,1329.71
2020-10-29,1352.02,1352.02,1325.83,1325.83,206,1325.83
2020-10-30,1315.16,1324.86,1309.34,1309.34,4227,1309.34
2020-11-02,1338.44,1338.44,1310.32,1310.32,206,1310.32
2020-11-04,1339.4,1339.4,1339.4,1339.4,104,1339.4
2020-11-05,1340.38,1340.38,1320.01,1320.01,206,1320.01
2020-11-06,1330.68,1330.68,1330.68,1330.68,104,1330.68
2020-11-09,1337.47,1337.47,1328.74,1329.71,1135,1329.71
2020-11-10,1345.23,1345.23,1329.71,1329.71,310,1329.71
2020-11-11,1346.2,1347.17,1330.68,1338.44,4949,1338.44
2020-11-12,1331.65,1331.65,1330.68,1330.68,1341,1330.68
2020-11-13,1331.65,1347.17,1331.65,1331.65,722,1331.65
2020-11-16,1325.83,1328.74,1312.25,1328.74,26395,1328.74
2020-11-17,1328.74,1330.68,1309.34,1309.34,928,1309.34
2020-11-18,1337.47,1337.47,1319.04,1319.04,310,1319.04
2020-11-19,1329.71,1329.71,1317.1,1317.1,1135,1317.1
2020-11-20,1333.59,1343.29,1320.98,1343.29,3918,1343.29
2020-11-24,1355.9,1366.57,1349.11,1352.02,2578,1352.02
2020-11-25,1343.29,1356.86,1324.86,1324.86,7939,1324.86
2020-11-26,1344.26,1344.26,1308.37,1334.56,6083,1334.56
2020-11-27,1343.29,1343.29,1325.83,1342.32,3505,1342.32
2020-11-30,1344.26,1344.26,1324.86,1327.77,5362,1327.77
2020-12-01,1324.86,1346.2,1322.92,1343.29,4434,1343.29
2020-12-02,1341.34,1344.26,1331.65,1344.26,2268,1344.26
2020-12-03,1344.26,1357.84,1331.65,1344.26,2990,1344.26
2020-12-04,1346.2,1351.05,1345.23,1345.23,412,1345.23
2020-12-07,1376.26,1380.15,1372.38,1374.32,2165,1374.32
2020-12-08,1364.63,1368.5,1364.63,1368.5,206,1368.5
2020-12-09,1364.63,1367.53,1357.84,1362.69,2680,1362.69
2020-12-10,1354.92,1371.42,1354.92,1371.42,2165,1371.42
2020-12-11,1412.15,1412.15,1358.8,1386.94,10620,1386.94
2020-12-14,1389.84,1389.84,1375.29,1375.29,310,1375.29
2020-12-15,1349.11,1365.59,1349.11,1361.71,516,1361.71
2020-12-16,1359.78,1376.26,1356.86,1364.63,5464,1364.63
2020-12-17,1357.84,1376.26,1357.84,1376.26,2372,1376.26
2020-12-18,1376.26,1377.23,1376.26,1377.23,1135,1377.23
2020-12-21,1384.99,1384.99,1361.71,1362.69,5568,1362.69
2020-12-22,1377.23,1378.21,1309.34,1378.21,8764,1378.21
2020-12-23,1357.84,1365.59,1355.9,1364.63,4434,1364.63
2020-12-24,1367.53,1374.32,1357.84,1372.38,4331,1372.38
2020-12-25,1358.8,1361.71,1356.86,1357.84,7011,1357.84
2020-12-28,1386.94,1390.81,1367.53,1371.42,5568,1371.42
2020-12-29,1377.23,1406.33,1377.23,1406.33,1237,1406.33
2020-12-30,1386.94,1420.88,1385.96,1420.88,3196,1420.88
2021-01-04,1377.23,1404.39,1349.11,1391.78,4124,1391.78
2021-01-05,1364.63,1403.42,1364.63,1403.42,619,1403.42
2021-01-06,1392.75,1392.75,1392.75,1392.75,206,1392.75
2021-01-07,1404.39,1404.39,1378.21,1403.42,1959,1403.42
2021-01-08,1403.42,1416.03,1380.15,1413.12,10516,1413.12
2021-01-12,1403.42,1403.42,1374.32,1382.09,5052,1382.09
2021-01-14,1403.42,1403.42,1364.63,1364.63,1753,1364.63
2021-01-15,1370.44,1372.38,1334.56,1348.13,15878,1348.13
2021-01-18,1337.47,1338.44,1315.16,1315.16,7114,1315.16
2021-01-19,1344.26,1404.39,1310.32,1332.61,7011,1332.61
2021-01-20,1357.84,1384.99,1348.13,1353.96,4434,1353.96
2021-01-21,1357.84,1359.78,1336.5,1341.34,9898,1341.34
2021-01-22,1357.84,1359.78,1342.32,1359.78,4434,1359.78
2021-01-25,1357.84,1357.84,1343.29,1352.02,7424,1352.02
2021-01-26,1357.84,1359.78,1346.2,1359.78,3505,1359.78
2021-01-27,1350.07,1362.69,1348.13,1360.75,2887,1360.75
2021-01-28,1354.92,1354.92,1338.44,1338.44,4949,1338.44
2021-01-29,1319.04,1348.13,1319.04,1334.56,2578,1334.56
2021-02-01,1338.44,1376.26,1338.44,1354.92,2372,1354.92
2021-02-02,1354.92,1354.92,1354.92,1354.92,206,1354.92
2021-02-03,1342.32,1342.32,1342.32,1342.32,310,1342.32
2021-02-04,1348.13,1349.11,1311.28,1311.28,7114,1311.28
2021-02-05,1338.44,1338.44,1338.44,1338.44,206,1338.44
2021-02-08,1367.53,1367.53,1349.11,1349.11,2474,1349.11
2021-02-09,1356.86,1373.36,1356.86,1361.71,516,1361.71
2021-02-10,1357.84,1369.48,1356.86,1362.69,2372,1362.69
2021-02-12,1362.69,1362.69,1359.78,1359.78,1547,1359.78
2021-02-15,1360.75,1361.71,1356.86,1360.75,1649,1360.75
2021-02-17,1357.84,1361.71,1351.05,1352.99,1753,1352.99
2021-02-18,1366.57,1366.57,1348.13,1348.13,3505,1348.13
2021-02-19,1361.71,1361.71,1347.17,1347.17,2372,1347.17
2021-02-22,1357.84,1362.69,1357.84,1357.84,825,1357.84
2021-02-24,1363.65,1374.32,1360.75,1374.32,1959,1374.32
2021-02-25,1357.84,1357.84,1348.13,1357.84,5877,1357.84
2021-02-26,1357.84,1364.63,1357.84,1358.8,2887,1358.8
2021-03-01,1383.05,1383.05,1357.84,1357.84,2784,1357.84
2021-03-02,1372.38,1372.38,1308.37,1308.37,8351,1308.37
2021-03-03,1338.44,1357.84,1329.71,1357.84,2372,1357.84
2021-03-04,1356.86,1356.86,1356.86,1356.86,104,1356.86
2021-03-05,1355.9,1355.9,1332.61,1354.92,2372,1354.92
2021-03-08,1360.75,1362.69,1338.44,1349.11,8971,1349.11
2021-03-09,1349.11,1356.86,1349.11,1356.86,412,1356.86
2021-03-10,1349.11,1352.99,1349.11,1352.99,206,1352.99
2021-03-11,1349.11,1352.02,1349.11,1349.11,516,1349.11
2021-03-15,1357.84,1376.26,1356.86,1371.42,5362,1371.42
2021-03-16,1344.26,1352.99,1344.26,1346.2,619,1346.2
2021-03-17,1370.44,1370.44,1339.4,1339.4,7424,1339.4
2021-03-18,1339.4,1353.96,1338.44,1339.4,1856,1339.4
2021-03-19,1344.26,1370.44,1344.26,1360.75,5568,1360.75
2021-03-22,1361.71,1370.44,1356.86,1359.78,1649,1359.78
2021-03-23,1360.75,1360.75,1357.84,1358.8,825,1358.8
2021-03-24,1357.84,1358.8,1334.56,1354.92,5774,1354.92
2021-03-25,1348.13,1355.9,1316.13,1344.26,11754,1344.26
2021-03-26,1368.5,1368.5,1330.68,1356.86,7630,1356.86
2021-03-29,1358.8,1360.75,1330.68,1360.75,5980,1360.75
2021-03-31,1376.51,1376.51,1352.86,1376.51,2740,1376.51
2021-04-01,1361.73,1371.58,1360.75,1361.73,609,1361.73
2021-04-02,1360.75,1360.75,1360.75,1360.75,203,1360.75
2021-04-05,1360.75,1399.17,1360.75,1376.51,2740,1376.51
2021-04-06,1372.57,1379.47,1356.8,1356.8,2740,1356.8
2021-04-07,1369.61,1369.61,1369.61,1369.61,203,1369.61
2021-04-08,1369.61,1369.61,1359.76,1359.76,304,1359.76
2021-04-09,1366.66,1369.61,1357.79,1358.77,609,1358.77
2021-04-12,1359.76,1374.54,1359.76,1367.64,1015,1367.64
2021-04-13,1367.64,1377.5,1360.75,1377.5,1421,1377.5
2021-04-14,1377.5,1393.26,1359.76,1392.28,32679,1392.28
2021-04-15,1403.11,1416.91,1394.25,1398.19,2436,1398.19
2021-04-16,1387.35,1389.32,1379.47,1382.42,2740,1382.42
2021-04-19,1382.42,1382.42,1364.69,1364.69,3248,1364.69
2021-04-20,1364.69,1379.47,1364.69,1367.64,1827,1367.64
2021-04-21,1384.39,1384.39,1346.95,1347.94,4364,1347.94
2021-04-22,1351.88,1368.63,1351.88,1368.63,203,1368.63
2021-04-23,1383.41,1389.32,1366.66,1389.32,4263,1389.32
2021-04-26,1387.35,1387.35,1379.47,1379.47,4668,1379.47
2021-04-27,1385.38,1388.33,1373.55,1383.41,3349,1383.41
2021-04-28,1379.47,1379.47,1369.61,1369.61,3146,1369.61
2021-04-30,1369.61,1369.61,1368.63,1369.61,812,1369.61
2021-05-06,1366.66,1366.66,1366.66,1366.66,101,1366.66
2021-05-07,1367.64,1382.42,1367.64,1367.64,1116,1367.64
2021-05-10,1367.64,1368.63,1367.64,1367.64,304,1367.64
2021-05-11,1363.7,1369.61,1363.7,1364.69,812,1364.69
2021-05-12,1365.67,1379.47,1364.69,1364.69,1218,1364.69
2021-05-13,1364.69,1373.55,1359.76,1359.76,4770,1359.76
2021-05-17,1357.79,1358.77,1217.87,1248.42,13498,1248.42
2021-05-18,1266.15,1348.92,1266.15,1345.97,4668,1345.97
2021-05-19,1335.13,1339.07,1316.41,1324.29,3755,1324.29
2021-05-20,1330.2,1330.2,1299.65,1307.54,5785,1307.54
2021-05-21,1323.3,1330.2,1290.79,1324.29,21719,1324.29
2021-05-24,1328.23,1365.67,1301.63,1337.1,63227,1337.1
2021-05-25,1377.5,1428.73,1376.51,1392.28,15426,1392.28
2021-05-26,1399.17,1413.95,1396.22,1404.1,4871,1404.1
2021-05-27,1412.97,1417.89,1409.03,1417.89,4770,1417.89
2021-05-28,1418.88,1426.76,1414.94,1422.82,4973,1422.82
2021-05-31,1427.75,1458.29,1421.84,1444.5,14107,1444.5
2021-06-01,1456.32,1457.31,1433.66,1433.66,3755,1433.66
2021-06-02,1422.82,1422.82,1378.48,1378.48,2030,1378.48
2021-06-03,1380.45,1380.45,1380.45,1380.45,203,1380.45
2021-06-04,1390.31,1390.31,1390.31,1390.31,101,1390.31
2021-06-07,1398.19,1405.09,1398.19,1405.09,406,1405.09
2021-06-09,1393.26,1393.26,1393.26,1393.26,609,1393.26
2021-06-11,1388.33,1409.03,1388.33,1394.25,2233,1394.25
2021-06-14,1381.44,1394.25,1381.44,1394.25,710,1394.25
2021-06-15,1394.25,1394.25,1390.31,1390.31,812,1390.31
2021-06-16,1396.22,1400.16,1384.39,1395.23,4364,1395.23
2021-06-17,1404.1,1424.79,1403.11,1416.91,6800,1416.91
2021-06-18,1416.91,1416.91,1387.35,1411.98,1421,1411.98
2021-06-21,1409.03,1427.75,1406.07,1426.76,5886,1426.76
2021-06-22,1427.75,1473.07,1427.75,1465.19,7510,1465.19
2021-06-23,1465.19,1522.34,1461.25,1508.55,9946,1508.55
2021-06-24,1526.28,1541.06,1494.75,1511.5,9337,1511.5
2021-06-25,1495.74,1497.71,1478.99,1497.71,7510,1497.71
2021-06-28,1505.59,1517.41,1505.59,1517.41,2537,1517.41
2021-06-29,1525.3,1525.3,1501.65,1511.5,913,1511.5
2021-06-30,1519.38,1532.19,1499.68,1532.19,3654,1532.19
2021-07-01,1497.71,1532.19,1497.71,1517.41,15020,1517.41
2021-07-02,1478.0,1515.44,1473.07,1473.07,7206,1473.07
2021-07-05,1464.21,1470.12,1464.21,1470.12,1015,1470.12
2021-07-06,1458.29,1468.15,1458.29,1468.15,2639,1468.15
2021-07-07,1452.38,1458.29,1451.4,1458.29,609,1458.29
2021-07-08,1428.73,1447.45,1401.14,1401.14,913,1401.14
2021-07-09,1402.13,1425.78,1402.13,1418.88,1218,1418.88
2021-07-12,1389.32,1406.07,1389.32,1389.32,1116,1389.32
2021-07-13,1389.32,1411.0,1388.33,1404.1,2842,1404.1
2021-07-14,1374.54,1405.09,1354.83,1379.47,3045,1379.47
2021-07-15,1379.47,1418.88,1379.47,1395.23,4871,1395.23
2021-07-16,1412.97,1462.23,1408.04,1462.23,5176,1462.23
2021-07-19,1447.45,1447.45,1379.47,1431.69,9438,1431.69
2021-07-20,1429.72,1443.51,1427.75,1443.51,2030,1443.51
2021-07-21,1466.18,1493.77,1455.34,1493.77,5480,1493.77
2021-07-26,1538.11,1538.11,1464.21,1465.19,16441,1465.19
2021-07-27,1478.0,1497.71,1455.34,1497.71,1624,1497.71
2021-07-28,1497.71,1497.71,1457.31,1458.29,4876421,1458.29
2021-07-29,1502.63,1504.6,1429.72,1504.6,5886,1504.6
2021-07-30,1499.68,1499.68,1458.29,1458.29,609,1458.29
2021-08-02,1446.47,1446.47,1446.47,1446.47,101,1446.47
2021-08-03,1446.47,1446.47,1446.47,1446.47,101,1446.47
2021-08-04,1478.0,1478.0,1438.59,1438.59,1116,1438.59
2021-08-05,1438.59,1438.59,1438.59,1438.59,1218,1438.59
2021-08-06,1438.59,1458.29,1438.59,1458.29,812,1458.29
2021-08-10,1452.38,1452.38,1409.03,1409.03,913,1409.03
2021-08-11,1405.09,1432.67,1399.17,1424.79,3146,1424.79
2021-08-12,1422.82,1446.47,1418.88,1446.47,1725,1446.47
2021-08-13,1443.51,1445.48,1431.69,1431.69,609,1431.69
2021-08-16,1402.13,1428.73,1402.13,1415.92,609,1415.92
2021-08-17,1413.95,1419.87,1413.95,1419.87,1624,1419.87
2021-08-18,1458.29,1513.47,1457.31,1458.29,3451,1458.29
2021-08-19,1475.04,1475.04,1454.35,1459.28,2740,1459.28
2021-08-20,1446.47,1458.29,1446.47,1458.29,1116,1458.29
2021-08-23,1487.85,1487.85,1444.5,1444.5,4668,1444.5
2021-08-24,1458.29,1478.99,1457.31,1478.99,2842,1478.99
2021-08-25,1518.4,1518.4,1458.29,1458.29,6191,1458.29
2021-08-26,1473.07,1482.93,1473.07,1482.93,304,1482.93
2021-08-27,1501.65,1501.65,1477.01,1485.88,710,1485.88
2021-08-30,1511.5,1511.5,1458.29,1461.25,2537,1461.25
2021-08-31,1514.46,1514.46,1482.93,1482.93,203,1482.93
2021-09-01,1460.26,1460.26,1460.26,1460.26,101,1460.26
2021-09-03,1489.82,1489.82,1453.37,1454.35,1725,1454.35
2021-09-06,1443.51,1465.19,1442.53,1465.19,609,1465.19
2021-09-08,1494.75,1494.75,1464.21,1464.21,203,1464.21
2021-09-10,1464.21,1464.21,1459.28,1464.21,1827,1464.21
2021-09-13,1464.21,1478.0,1447.45,1447.45,3248,1447.45
2021-09-14,1459.28,1459.28,1429.72,1458.29,2842,1458.29
2021-09-15,1455.34,1468.15,1438.59,1458.29,5074,1458.29
2021-09-16,1429.72,1458.29,1429.72,1444.5,5785,1444.5
2021-09-17,1444.5,1463.22,1444.5,1463.22,3654,1463.22
2021-09-21,1460.26,1498.69,1458.29,1495.74,4770,1495.74
2021-09-22,1480.96,1513.47,1472.09,1513.47,6292,1513.47
2021-09-24,1517.41,1526.28,1498.69,1514.46,3349,1514.46
2021-09-27,1530.22,1530.22,1496.72,1517.41,6394,1517.41
2021-09-28,1517.41,1517.41,1500.66,1509.53,3248,1509.53
2021-09-29,1509.53,1509.53,1463.22,1471.1,1218,1471.1
2021-09-30,1500.66,1500.66,1454.35,1473.07,6292,1473.07
2021-10-01,1475.04,1525.3,1475.04,1507.56,4567,1507.56
2021-10-04,1514.46,1514.46,1468.15,1480.96,1319,1480.96
2021-10-05,1473.07,1493.77,1466.18,1493.77,1116,1493.77
2021-10-06,1493.77,1496.72,1469.13,1469.13,710,1469.13
2021-10-07,1476.03,1476.03,1476.03,1476.03,101,1476.03
2021-10-11,1476.03,1495.74,1465.19,1493.77,710,1493.77
2021-10-12,1478.0,1478.0,1478.0,1478.0,203,1478.0
2021-10-13,1471.1,1471.1,1471.1,1471.1,101,1471.1
2021-10-14,1478.0,1478.0,1478.0,1478.0,101,1478.0
2021-10-15,1450.41,1492.78,1450.41,1490.81,913,1490.81
2021-10-18,1487.85,1518.4,1476.03,1476.03,5785,1476.03
2021-10-19,1482.93,1508.55,1458.29,1468.15,4364,1468.15
2021-10-20,1477.01,1493.77,1477.01,1485.88,1319,1485.88
2021-10-21,1505.59,1505.59,1500.66,1500.66,304,1500.66
2021-10-22,1504.6,1520.37,1478.99,1520.37,4871,1520.37
2021-10-25,1520.37,1521.35,1458.29,1492.78,9337,1492.78
2021-10-26,1522.34,1522.34,1492.78,1512.49,2131,1512.49
2021-10-27,1501.65,1507.56,1497.71,1507.56,913,1507.56
2021-10-28,1506.57,1506.57,1477.01,1485.88,3045,1485.88
2021-10-29,1478.0,1490.81,1472.09,1490.81,710,1490.81
2021-11-01,1478.0,1478.0,1459.28,1459.28,2131,1459.28
2021-11-02,1454.35,1454.35,1454.35,1454.35,101,1454.35
2021-11-04,1471.1,1474.06,1471.1,1474.06,203,1474.06
2021-11-05,1474.06,1474.06,1474.06,1474.06,304,1474.06
2021-11-08,1458.29,1486.87,1456.32,1474.06,2537,1474.06
2021-11-09,1472.09,1472.09,1472.09,1472.09,304,1472.09
2021-11-10,1463.22,1463.22,1462.23,1462.23,304,1462.23
2021-11-11,1454.35,1462.23,1452.38,1462.23,812,1462.23
2021-11-12,1462.23,1462.23,1462.23,1462.23,101,1462.23
2021-11-16,1457.31,1485.88,1457.31,1478.0,3146,1478.0
2021-11-17,1478.0,1493.77,1476.03,1493.77,1827,1493.77
2021-11-18,1493.77,1502.63,1484.9,1495.74,2842,1495.74
2021-11-19,1497.71,1527.27,1484.9,1484.9,6394,1484.9
2021-11-22,1500.66,1501.65,1488.84,1501.65,1218,1501.65
2021-11-24,1501.65,1506.57,1478.0,1506.57,5683,1506.57
2021-11-25,1506.57,1506.57,1478.0,1494.75,6800,1494.75
2021-11-26,1494.75,1516.43,1494.75,1516.43,2537,1516.43
2021-11-29,1520.37,1537.12,1478.99,1515.44,5582,1515.44
2021-11-30,1515.44,1517.41,1478.0,1497.71,3755,1497.71
2021-12-01,1497.71,1504.6,1477.01,1504.6,5176,1504.6
2021-12-02,1496.72,1496.72,1493.77,1493.77,812,1493.77
2021-12-03,1485.88,1495.74,1485.88,1495.74,609,1495.74
2021-12-06,1495.74,1505.59,1495.74,1505.59,1319,1505.59
2021-12-07,1501.65,1515.44,1501.65,1514.46,3146,1514.46
2021-12-08,1515.44,1516.43,1514.46,1516.43,406,1516.43
2021-12-09,1516.43,1517.41,1511.5,1517.41,3349,1517.41
2021-12-10,1487.85,1503.62,1474.06,1503.62,2639,1503.62
2021-12-13,1526.28,1526.28,1477.01,1490.81,10656,1490.81
2021-12-14,1514.46,1514.46,1512.49,1512.49,304,1512.49
2021-12-15,1495.74,1495.74,1440.56,1478.99,5988,1478.99
2021-12-16,1480.96,1480.96,1480.96,1480.96,101,1480.96
2021-12-17,1478.99,1484.9,1466.18,1478.99,812,1478.99
2021-12-20,1478.99,1501.65,1469.13,1474.06,1218,1474.06
2021-12-21,1495.74,1499.68,1495.74,1499.68,203,1499.68
2021-12-22,1497.71,1497.71,1448.44,1465.19,2842,1465.19
2021-12-23,1486.87,1486.87,1464.21,1465.19,609,1465.19
2021-12-24,1476.03,1476.03,1323.3,1412.97,27605,1412.97
2021-12-27,1442.53,1442.53,1399.17,1435.63,8322,1435.63
2021-12-28,1458.29,1478.0,1455.34,1477.01,4668,1477.01
2021-12-29,1467.16,1476.03,1464.21,1475.04,1827,1475.04
2022-01-04,1475.04,1496.72,1473.07,1496.72,1522,1496.72
2022-01-05,1470.12,1483.91,1464.21,1464.21,1928,1464.21
2022-01-06,1410.01,1468.15,1409.03,1457.31,7815,1457.31
2022-01-07,1456.32,1456.32,1423.81,1423.81,2131,1423.81
2022-01-11,1434.65,1438.59,1419.87,1435.63,609,1435.63
2022-01-12,1420.85,1434.65,1350.89,1420.85,7815,1420.85
2022-01-13,1420.85,1431.69,1411.98,1431.69,609,1431.69
2022-01-14,1431.69,1459.28,1411.0,1411.0,6292,1411.0
2022-01-17,1426.76,1426.76,1412.97,1412.97,304,1412.97
2022-01-18,1419.87,1431.69,1418.88,1431.69,609,1431.69
2022-01-19,1445.48,1470.12,1421.84,1451.4,4668,1451.4
2022-01-20,1476.03,1479.97,1460.26,1479.97,1116,1479.97
2022-01-21,1504.6,1505.59,1489.82,1489.82,1522,1489.82
2022-01-24,1488.84,1497.71,1470.12,1497.71,6698,1497.71
2022-01-25,1488.84,1488.84,1456.32,1471.1,6089,1471.1
2022-01-26,1462.23,1477.01,1432.67,1459.28,2131,1459.28
2022-01-27,1459.28,1475.04,1446.47,1475.04,1218,1475.04
2022-01-28,1478.0,1492.78,1476.03,1478.0,3857,1478.0
2022-01-31,1462.23,1474.06,1444.5,1446.47,1928,1446.47
2022-02-03,1448.44,1448.44,1448.44,1448.44,101,1448.44
2022-02-04,1430.7,1457.31,1430.7,1432.67,1725,1432.67
2022-02-07,1433.66,1451.4,1433.66,1451.4,609,1451.4
2022-02-08,1474.06,1478.0,1456.32,1461.25,3451,1461.25
2022-02-09,1432.67,1479.97,1432.67,1464.21,1116,1464.21
2022-02-10,1479.97,1480.96,1477.01,1478.0,2131,1478.0
2022-02-14,1439.57,1476.03,1439.57,1476.03,609,1476.03
2022-02-15,1446.47,1446.47,1446.47,1446.47,101,1446.47
2022-02-16,1445.48,1445.48,1445.48,1445.48,507,1445.48
2022-02-17,1444.5,1459.28,1444.5,1452.38,1015,1452.38
2022-02-18,1471.1,1492.78,1456.32,1492.78,5379,1492.78
2022-02-21,1486.87,1486.87,1478.99,1478.99,507,1478.99
2022-02-22,1489.82,1496.72,1483.91,1496.72,1116,1496.72
2022-02-24,1490.81,1495.74,1446.47,1459.28,5582,1459.28
2022-02-25,1488.84,1488.84,1430.7,1467.16,8627,1467.16
2022-02-28,1496.72,1496.72,1420.85,1453.37,7409,1453.37
2022-03-01,1462.23,1470.12,1462.23,1466.18,710,1466.18
2022-03-02,1462.23,1466.18,1427.75,1466.18,913,1466.18
2022-03-03,1475.04,1478.0,1464.21,1465.19,2740,1465.19
2022-03-04,1464.21,1477.01,1462.23,1477.01,609,1477.01
2022-03-07,1478.0,1478.0,1458.29,1459.28,2334,1459.28
2022-03-09,1456.32,1465.19,1435.63,1456.32,3146,1456.32
2022-03-14,1456.32,1456.32,1426.76,1427.75,304,1427.75
2022-03-15,1400.16,1411.0,1400.16,1411.0,203,1411.0
2022-03-16,1416.91,1419.87,1416.91,1419.87,203,1419.87
2022-03-18,1474.06,1493.77,1474.06,1493.77,9235,1493.77
2022-03-22,1478.0,1481.94,1476.03,1478.99,1725,1478.99
2022-03-23,1485.88,1486.87,1476.03,1486.87,1827,1486.87
2022-03-24,1486.87,1487.85,1409.03,1478.0,7713,1478.0
2022-03-25,1478.0,1478.0,1464.21,1477.01,7206,1477.01
2022-03-28,1484.9,1484.9,1477.01,1478.0,2639,1478.0
2022-03-31,1500.0,1507.0,1462.0,1462.0,400,1462.0
2022-04-04,1448.0,1483.0,1448.0,1456.0,900,1456.0
2022-04-05,1456.0,1496.0,1456.0,1475.0,700,1475.0
2022-04-08,1450.0,1486.0,1450.0,1484.0,1200,1484.0
2022-04-11,1484.0,1492.0,1484.0,1492.0,300,1492.0
2022-04-12,1492.0,1518.0,1487.0,1513.0,5700,1513.0
2022-04-13,1504.0,1514.0,1472.0,1500.0,2300,1500.0
2022-04-14,1500.0,1500.0,1500.0,1500.0,100,1500.0
2022-04-18,1500.0,1502.0,1498.0,1500.0,2300,1500.0
2022-04-19,1500.0,1511.0,1499.0,1499.0,1100,1499.0
2022-04-20,1506.0,1506.0,1500.0,1500.0,700,1500.0
2022-04-21,1508.0,1508.0,1499.0,1500.0,1800,1500.0
2022-04-22,1500.0,1501.0,1480.0,1501.0,1500,1501.0
2022-04-25,1509.0,1510.0,1499.0,1510.0,5400,1510.0
2022-04-26,1502.0,1510.0,1502.0,1509.0,600,1509.0
2022-04-27,1507.0,1507.0,1499.0,1507.0,2300,1507.0
2022-04-28,1510.0,1510.0,1472.0,1497.0,2600,1497.0
2022-05-02,1476.0,1497.0,1476.0,1497.0,200,1497.0
2022-05-06,1470.0,1495.0,1470.0,1489.0,1600,1489.0
2022-05-09,1462.0,1462.0,1462.0,1462.0,100,1462.0
2022-05-10,1458.0,1480.0,1449.0,1462.0,2100,1462.0
2022-05-11,1433.0,1459.0,1433.0,1437.0,600,1437.0
2022-05-12,1410.0,1410.0,1379.0,1386.0,1200,1386.0
2022-05-13,1386.0,1386.0,1386.0,1386.0,200,1386.0
2022-05-16,1386.0,1428.0,1386.0,1428.0,800,1428.0
2022-05-17,1398.0,1412.0,1397.0,1407.0,700,1407.0
2022-05-18,1398.0,1427.0,1398.0,1427.0,300,1427.0
2022-05-19,1427.0,1441.0,1422.0,1440.0,600,1440.0
2022-05-20,1441.0,1455.0,1441.0,1455.0,2600,1455.0
2022-05-23,1455.0,1455.0,1451.0,1455.0,1000,1455.0
2022-05-24,1455.0,1464.0,1455.0,1464.0,3400,1464.0
2022-05-25,1463.0,1510.0,1462.0,1500.0,19700,1500.0
2022-05-26,1480.0,1519.0,1478.0,1487.0,9500,1487.0
2022-05-27,1480.0,1502.0,1479.0,1500.0,8300,1500.0
2022-05-30,1514.0,1514.0,1465.0,1465.0,4600,1465.0
2022-05-31,1468.0,1486.0,1468.0,1486.0,300,1486.0
2022-06-02,1514.0,1515.0,1496.0,1515.0,700,1515.0
2022-06-03,1510.0,1510.0,1475.0,1475.0,200,1475.0
2022-06-06,1471.0,1471.0,1471.0,1471.0,100,1471.0
2022-06-07,1441.0,1471.0,1441.0,1471.0,300,1471.0
2022-06-09,1470.0,1470.0,1467.0,1467.0,300,1467.0
2022-06-17,1407.0,1432.0,1407.0,1432.0,300,1432.0
2022-06-20,1430.0,1430.0,1430.0,1430.0,143000,1430.0
2022-06-21,1490.0,1500.0,1481.0,1498.0,3100,1498.0
2022-06-22,1498.0,1510.0,1494.0,1510.0,19800,1510.0
2022-06-23,1510.0,1510.0,1501.0,1505.0,1200,1505.0
2022-06-24,1500.0,1510.0,1499.0,1510.0,1700,1510.0
2022-06-27,1505.0,1515.0,1499.0,1515.0,7300,1515.0
2022-06-28,1515.0,1545.0,1515.0,1545.0,4700,1545.0
2022-06-29,1505.0,1515.0,1501.0,1515.0,3700,1515.0
2022-06-30,1505.0,1529.0,1505.0,1525.0,2700,1525.0
2022-07-01,1564.0,1564.0,1526.0,1528.0,8200,1528.0
2022-07-04,1508.0,1508.0,1491.0,1501.0,1700,1501.0
2022-07-05,1500.0,1505.0,1499.0,1505.0,1300,1505.0
2022-07-06,1500.0,1504.0,1480.0,1504.0,500,1504.0
2022-07-07,1464.0,1503.0,1454.0,1503.0,2200,1503.0
2022-07-08,1488.0,1504.0,1439.0,1496.0,15700,1496.0
2022-07-11,1498.0,1498.0,1471.0,1496.0,2500,1496.0
2022-07-12,1493.0,1493.0,1493.0,1493.0,100,1493.0
2022-07-13,1488.0,1489.0,1487.0,1488.0,1200,1488.0
2022-07-14,1487.0,1498.0,1480.0,1498.0,1800,1498.0
2022-07-15,1500.0,1558.0,1500.0,1530.0,5200,1530.0
2022-07-19,1500.0,1503.0,1480.0,1491.0,3700,1491.0
2022-07-20,1494.0,1509.0,1493.0,1495.0,8100,1495.0
2022-07-21,1497.0,1500.0,1495.0,1499.0,1700,1499.0
2022-07-22,1501.0,1509.0,1501.0,1507.0,2800,1507.0
2022-07-25,1547.0,1547.0,1400.0,1476.0,24800,1476.0
2022-07-26,1504.0,1504.0,1499.0,1500.0,1700,1500.0
2022-07-27,1498.0,1500.0,1484.0,1500.0,1000,1500.0
2022-07-28,1500.0,1500.0,1495.0,1497.0,4800,1497.0
2022-07-29,1497.0,1501.0,1497.0,1500.0,1200,1500.0
2022-08-01,1500.0,1501.0,1499.0,1499.0,4100,1499.0
2022-08-02,1482.0,1500.0,1482.0,1500.0,600,1500.0
2022-08-03,1497.0,1497.0,1469.0,1474.0,3700,1474.0
2022-08-04,1470.0,1489.0,1470.0,1489.0,1000,1489.0
2022-08-05,1473.0,1498.0,1466.0,1485.0,2100,1485.0
2022-08-08,1484.0,1499.0,1472.0,1474.0,1200,1474.0
2022-08-10,1481.0,1481.0,1478.0,1478.0,200,1478.0
2022-08-12,1470.0,1494.0,1470.0,1478.0,5600,1478.0
2022-08-15,1498.0,1498.0,1412.0,1470.0,83200,1470.0
2022-08-17,1455.0,1479.0,1455.0,1470.0,800,1470.0
2022-08-18,1455.0,1486.0,1453.0,1486.0,5100,1486.0
2022-08-19,1486.0,1498.0,1485.0,1497.0,3600,1497.0
2022-08-22,1497.0,1504.0,1494.0,1494.0,4400,1494.0
2022-08-23,1503.0,1503.0,1495.0,1497.0,800,1497.0
2022-08-24,1501.0,1504.0,1499.0,1500.0,17400,1500.0
2022-08-25,1501.0,1501.0,1500.0,1501.0,4700,1501.0
2022-08-26,1508.0,1508.0,1498.0,1501.0,2300,1501.0
2022-08-29,1528.0,1528.0,1528.0,1528.0,1500,1528.0
2022-08-30,1494.0,1505.0,1494.0,1505.0,1500,1505.0
2022-08-31,1481.0,1481.0,1480.0,1480.0,200,1480.0
2022-09-01,1480.0,1520.0,1480.0,1520.0,200,1520.0
2022-09-02,1520.0,1520.0,1517.0,1520.0,38700,1520.0
2022-09-05,1503.0,1518.0,1503.0,1518.0,600,1518.0
2022-09-06,1520.0,1520.0,1520.0,1520.0,12000,1520.0
2022-09-08,1528.0,1528.0,1528.0,1528.0,300,1528.0
2022-09-09,1520.0,1528.0,1520.0,1520.0,2000,1520.0
2022-09-12,1530.0,1530.0,1530.0,1530.0,100,1530.0
2022-09-13,1526.0,1526.0,1526.0,1526.0,100,1526.0
2022-09-15,1536.0,1540.0,1536.0,1540.0,2100,1540.0
2022-09-16,1535.0,1545.0,1532.0,1545.0,600,1545.0
2022-09-20,1548.0,1548.0,1544.0,1544.0,600,1544.0
2022-09-21,1545.0,1545.0,1545.0,1545.0,100,1545.0
2022-09-22,1547.0,1580.0,1547.0,1580.0,3600,1580.0
2022-09-26,1599.0,1599.0,1560.0,1560.0,4300,1560.0
2022-09-27,1566.0,1600.0,1566.0,1590.0,700,1590.0
2022-09-28,1637.0,1708.0,1637.0,1657.0,2800,1657.0
2022-09-29,1706.0,1706.0,1601.0,1624.0,1300,1624.0
2022-09-30,1630.0,1630.0,1630.0,1630.0,1000,1630.0
2022-10-05,1605.0,1645.0,1605.0,1607.0,600,1607.0
2022-10-06,1567.0,1567.0,1567.0,1567.0,200,1567.0
2022-10-07,1500.0,1520.0,1500.0,1503.0,1600,1503.0
2022-10-11,1504.0,1520.0,1504.0,1504.0,800,1504.0
2022-10-12,1520.0,1520.0,1520.0,1520.0,300,1520.0
2022-10-14,1502.0,1502.0,1502.0,1502.0,300,1502.0
2022-10-17,1502.0,1510.0,1498.0,1510.0,1000,1510.0
2022-10-18,1494.0,1494.0,1494.0,1494.0,300,1494.0
2022-10-19,1513.0,1542.0,1513.0,1521.0,2100,1521.0
2022-10-20,1561.0,1597.0,1557.0,1597.0,1400,1597.0
2022-10-21,1637.0,1668.0,1617.0,1640.0,600,1640.0
2022-10-24,1640.0,1688.0,1640.0,1670.0,1300,1670.0
2022-10-25,1689.0,1689.0,1652.0,1652.0,3800,1652.0
2022-10-26,1652.0,1652.0,1588.0,1588.0,500,1588.0
2022-10-27,1628.0,1628.0,1628.0,1628.0,100,1628.0
2022-10-28,1676.0,1676.0,1676.0,1676.0,1800,1676.0
2022-10-31,1692.0,1692.0,1609.0,1609.0,200,1609.0
2022-11-07,1532.0,1570.0,1532.0,1559.0,1000,1559.0
2022-11-08,1519.0,1569.0,1519.0,1569.0,800,1569.0
2022-11-10,1529.0,1529.0,1529.0,1529.0,400,1529.0
2022-11-15,1502.0,1530.0,1502.0,1530.0,500,1530.0
2022-11-16,1570.0,1669.0,1551.0,1640.0,13200,1640.0
2022-11-17,1639.0,1639.0,1551.0,1580.0,900,1580.0
2022-11-18,1608.0,1608.0,1579.0,1595.0,1600,1595.0
2022-11-21,1627.0,1629.0,1610.0,1629.0,1100,1629.0
2022-11-22,1630.0,1692.0,1630.0,1692.0,4600,1692.0
2022-11-24,1732.0,1732.0,1710.0,1732.0,2500,1732.0
2022-11-25,1783.0,1783.0,1757.0,1780.0,4200,1780.0
2022-11-28,1780.0,1780.0,1748.0,1748.0,1500,1748.0
2022-11-30,1780.0,1800.0,1779.0,1799.0,2400,1799.0
2022-12-01,1788.0,1800.0,1777.0,1777.0,300,1777.0
2022-12-05,1796.0,1846.0,1796.0,1818.0,4600,1818.0
2022-12-06,1849.0,1850.0,1821.0,1830.0,2000,1830.0
2022-12-07,1840.0,1868.0,1831.0,1864.0,5900,1864.0
2022-12-08,1877.0,1945.0,1872.0,1921.0,4400,1921.0
2022-12-09,1915.0,1941.0,1888.0,1920.0,2300,1920.0
2022-12-12,1960.0,1960.0,1936.0,1957.0,8100,1957.0
2022-12-13,1997.0,1997.0,1763.0,1800.0,3800,1800.0
2022-12-14,1788.0,1788.0,1757.0,1781.0,500,1781.0
2022-12-15,1771.0,1771.0,1730.0,1760.0,1100,1760.0
2022-12-16,1775.0,1775.0,1760.0,1760.0,500,1760.0
2022-12-19,1780.0,1798.0,1780.0,1798.0,200,1798.0
2022-12-20,1798.0,1800.0,1720.0,1785.0,2300,1785.0
2022-12-21,1795.0,1830.0,1795.0,1830.0,1600,1830.0
2022-12-22,1854.0,1872.0,1854.0,1872.0,3200,1872.0
2022-12-23,1850.0,1850.0,1842.0,1850.0,700,1850.0
2022-12-26,1810.0,1810.0,1703.0,1703.0,4600,1703.0
2022-12-27,1663.0,1670.0,1605.0,1670.0,1800,1670.0
2022-12-28,1720.0,1720.0,1600.0,1614.0,2200,1614.0
2022-12-29,1600.0,1600.0,1600.0,1600.0,100,1600.0
2022-12-30,1600.0,1729.0,1600.0,1670.0,1600,1670.0
2023-01-04,1630.0,1670.0,1630.0,1670.0,200,1670.0
2023-01-10,1750.0,1750.0,1645.0,1645.0,700,1645.0
2023-01-12,1647.0,1669.0,1647.0,1669.0,300,1669.0
2023-01-13,1649.0,1808.0,1649.0,1760.0,3700,1760.0
2023-01-16,1791.0,1791.0,1750.0,1750.0,800,1750.0
2023-01-17,1749.0,1765.0,1749.0,1765.0,1600,1765.0
2023-01-18,1752.0,1788.0,1752.0,1765.0,700,1765.0
2023-01-19,1765.0,1787.0,1765.0,1776.0,1000,1776.0
2023-01-20,1789.0,1827.0,1770.0,1827.0,1300,1827.0
2023-01-23,1827.0,1832.0,1827.0,1832.0,400,1832.0
2023-01-24,1825.0,1826.0,1804.0,1825.0,1600,1825.0
2023-01-25,1813.0,1813.0,1799.0,1799.0,3700,1799.0
2023-01-26,1814.0,1814.0,1798.0,1798.0,300,1798.0
2023-01-27,1780.0,1799.0,1752.0,1799.0,1000,1799.0
2023-01-30,1810.0,1810.0,1773.0,1773.0,1700,1773.0
2023-02-01,1733.0,1799.0,1733.0,1759.0,1100,1759.0
2023-02-02,1759.0,1775.0,1759.0,1760.0,1800,1760.0
2023-02-03,1775.0,1849.0,1775.0,1844.0,3000,1844.0
2023-02-06,1804.0,1849.0,1770.0,1849.0,5200,1849.0
2023-02-07,1809.0,1840.0,1804.0,1840.0,1200,1840.0
2023-02-08,1815.0,1815.0,1767.0,1807.0,900,1807.0
2023-02-09,1789.0,1789.0,1789.0,1789.0,500,1789.0
2023-02-10,1755.0,1755.0,1755.0,1755.0,200,1755.0
2023-02-13,1745.0,1745.0,1745.0,1745.0,100,1745.0
2023-02-14,1806.0,1806.0,1770.0,1778.0,600,1778.0
2023-02-16,1783.0,1783.0,1743.0,1753.0,500,1753.0
2023-02-17,1756.0,1775.0,1756.0,1775.0,200,1775.0
2023-02-20,1794.0,1806.0,1777.0,1806.0,1400,1806.0
2023-02-21,1781.0,1781.0,1767.0,1767.0,3400,1767.0
2023-02-22,1771.0,1785.0,1764.0,1785.0,700,1785.0
2023-02-24,1772.0,1785.0,1771.0,1785.0,1000,1785.0
2023-02-27,1790.0,1800.0,1790.0,1800.0,3700,1800.0
2023-02-28,1820.0,1820.0,1786.0,1786.0,1400,1786.0
2023-03-02,1785.0,1785.0,1745.0,1785.0,500,1785.0
2023-03-03,1785.0,1785.0,1785.0,1785.0,1600,1785.0
2023-03-06,1751.0,1751.0,1750.0,1750.0,200,1750.0
2023-03-07,1770.0,1770.0,1770.0,1770.0,200,1770.0
2023-03-08,1730.0,1790.0,1730.0,1790.0,300,1790.0
2023-03-10,1800.0,1800.0,1760.0,1760.0,200,1760.0
2023-03-17,1760.0,1790.0,1760.0,1790.0,300,1790.0
2023-03-20,1790.0,1800.0,1773.0,1773.0,2100,1773.0
2023-03-22,1813.0,1813.0,1780.0,1780.0,1300,1780.0
2023-03-23,1790.0,1791.0,1790.0,1791.0,200,1791.0
2023-03-24,1799.0,1830.0,1799.0,1830.0,1200,1830.0
2023-03-27,1780.0,1780.0,1770.0,1770.0,4700,1770.0
2023-03-28,1789.0,1789.0,1789.0,1789.0,1600,1789.0
2023-03-29,1770.0,1770.0,1770.0,1770.0,100,1770.0
2023-03-30,1720.0,1765.0,1718.0,1765.0,400,1765.0
2023-04-03,1725.0,1725.0,1701.0,1724.0,600,1724.0
2023-04-05,1706.0,1706.0,1700.0,1700.0,1100,1700.0
2023-04-06,1660.0,1699.0,1660.0,1699.0,900,1699.0
2023-04-07,1661.0,1698.0,1661.0,1698.0,200,1698.0
2023-04-11,1650.0,1667.0,1616.0,1616.0,1500,1616.0
2023-04-12,1650.0,1650.0,1638.0,1638.0,300,1638.0
2023-04-13,1610.0,1610.0,1610.0,1610.0,100,1610.0
2023-04-14,1610.0,1652.0,1610.0,1652.0,1300,1652.0
2023-04-17,1660.0,1660.0,1637.0,1637.0,400,1637.0
2023-04-18,1654.0,1661.0,1654.0,1661.0,500,1661.0
2023-04-19,1669.0,1678.0,1669.0,1672.0,700,1672.0
2023-04-20,1678.0,1680.0,1678.0,1680.0,600,1680.0
2023-04-21,1691.0,1699.0,1691.0,1696.0,700,1696.0
2023-04-24,1698.0,1700.0,1615.0,1635.0,15500,1635.0
2023-04-25,1684.0,1684.0,1684.0,1684.0,4000,1684.0
2023-04-27,1680.0,1684.0,1680.0,1684.0,400,1684.0
2023-04-28,1686.0,1686.0,1684.0,1684.0,1300,1684.0
2023-05-01,1687.0,1687.0,1641.0,1680.0,500,1680.0
2023-05-02,1656.0,1677.0,1656.0,1662.0,500,1662.0
2023-05-09,1660.0,1660.0,1660.0,1660.0,1200,1660.0
2023-05-11,1630.0,1630.0,1622.0,1622.0,200,1622.0
2023-05-12,1640.0,1640.0,1631.0,1631.0,200,1631.0
2023-05-15,1630.0,1630.0,1570.0,1590.0,1500,1590.0
2023-05-16,1570.0,1570.0,1559.0,1559.0,1400,1559.0
2023-05-17,1558.0,1579.0,1558.0,1560.0,1100,1560.0
2023-05-18,1579.0,1590.0,1578.0,1590.0,2300,1590.0
2023-05-19,1591.0,1610.0,1591.0,1610.0,1100,1610.0
2023-05-22,1610.0,1610.0,1601.0,1610.0,1100,1610.0
2023-05-23,1619.0,1619.0,1607.0,1607.0,600,1607.0
2023-05-24,1601.0,1615.0,1600.0,1615.0,1700,1615.0
2023-05-25,1600.0,1600.0,1587.0,1587.0,5100,1587.0
2023-05-26,1593.0,1595.0,1587.0,1595.0,500,1595.0
2023-05-29,1599.0,1599.0,1550.0,1580.0,5000,1580.0
2023-05-30,1585.0,1591.0,1585.0,1591.0,700,1591.0
2023-05-31,1600.0,1630.0,1588.0,1625.0,5900,1625.0
2023-06-01,1600.0,1650.0,1600.0,1617.0,7600,1617.0
2023-06-02,1620.0,1629.0,1620.0,1629.0,400,1629.0
2023-06-05,1610.0,1610.0,1591.0,1594.0,1200,1594.0
2023-06-06,1610.0,1650.0,1595.0,1642.0,10700,1642.0
2023-06-07,1616.0,1620.0,1615.0,1615.0,2200,1615.0
2023-06-08,1614.0,1615.0,1605.0,1605.0,1000,1605.0
2023-06-09,1604.0,1695.0,1604.0,1695.0,12500,1695.0
2023-06-12,1620.0,1630.0,1619.0,1625.0,3700,1625.0
2023-06-13,1610.0,1610.0,1597.0,1610.0,2700,1610.0
2023-06-14,1618.0,1620.0,1595.0,1620.0,1900,1620.0
2023-06-15,1616.0,1616.0,1602.0,1602.0,400,1602.0
2023-06-16,1619.0,1627.0,1588.0,1624.0,2200,1624.0
2023-06-19,1615.0,1615.0,1600.0,1610.0,4800,1610.0
2023-06-20,1600.0,1619.0,1600.0,1619.0,3100,1619.0
2023-06-21,1619.0,1640.0,1616.0,1620.0,4400,1620.0
2023-06-22,1629.0,1629.0,1603.0,1603.0,1700,1603.0
2023-06-23,1600.0,1600.0,1591.0,1599.0,1600,1599.0
2023-06-26,1599.0,1599.0,1594.0,1596.0,4600,1596.0
2023-06-27,1599.0,1599.0,1599.0,1599.0,200,1599.0
2023-06-28,1600.0,1600.0,1595.0,1597.0,3500,1597.0
2023-06-29,1599.0,1599.0,1595.0,1599.0,1300,1599.0
2023-06-30,1599.0,1600.0,1597.0,1600.0,2100,1600.0
2023-07-03,1648.0,1648.0,1602.0,1612.0,10500,1612.0
2023-07-04,1610.0,1610.0,1599.0,1600.0,1800,1600.0
2023-07-05,1600.0,1600.0,1600.0,1600.0,1200,1600.0
2023-07-06,1600.0,1600.0,1595.0,1600.0,600,1600.0
2023-07-07,1580.0,1582.0,1580.0,1582.0,500,1582.0
2023-07-10,1586.0,1586.0,1580.0,1580.0,400,1580.0
2023-07-11,1582.0,1597.0,1582.0,1597.0,600,1597.0
2023-07-12,1599.0,1600.0,1598.0,1600.0,1600,1600.0
2023-07-13,1600.0,1610.0,1587.0,1600.0,4500,1600.0
2023-07-14,1595.0,1600.0,1595.0,1600.0,2000,1600.0
2023-07-18,1600.0,1600.0,1597.0,1600.0,6200,1600.0
2023-07-19,1602.0,1618.0,1600.0,1618.0,7900,1618.0
2023-07-20,1604.0,1627.0,1604.0,1627.0,5400,1627.0
2023-07-21,1600.0,1610.0,1598.0,1604.0,7600,1604.0
2023-07-24,1600.0,1606.0,1597.0,1606.0,6600,1606.0
2023-07-25,1584.0,1598.0,1582.0,1587.0,18200,1587.0
2023-07-26,1600.0,1600.0,1580.0,1598.0,3600,1598.0
2023-07-27,1595.0,1607.0,1595.0,1607.0,1300,1607.0
2023-07-28,1600.0,1600.0,1599.0,1600.0,2000,1600.0
2023-07-31,1600.0,1600.0,1598.0,1599.0,900,1599.0
2023-08-01,1591.0,1599.0,1591.0,1599.0,400,1599.0
2023-08-02,1594.0,1600.0,1594.0,1600.0,5000,1600.0
2023-08-03,1600.0,1600.0,1589.0,1589.0,2800,1589.0
2023-08-04,1587.0,1610.0,1587.0,1610.0,2200,1610.0
2023-08-07,1600.0,1600.0,1585.0,1599.0,3500,1599.0
2023-08-08,1600.0,1600.0,1581.0,1593.0,4000,1593.0
2023-08-09,1586.0,1590.0,1580.0,1590.0,900,1590.0
2023-08-10,1599.0,1599.0,1586.0,1597.0,400,1597.0
2023-08-14,1598.0,1600.0,1590.0,1590.0,3700,1590.0
2023-08-15,1590.0,1590.0,1586.0,1590.0,2000,1590.0
2023-08-16,1585.0,1590.0,1585.0,1585.0,2500,1585.0
2023-08-17,1585.0,1593.0,1580.0,1593.0,3000,1593.0
2023-08-18,1585.0,1585.0,1575.0,1579.0,4500,1579.0
2023-08-21,1580.0,1592.0,1580.0,1584.0,1200,1584.0
2023-08-22,1584.0,1590.0,1580.0,1587.0,2200,1587.0
2023-08-23,1587.0,1596.0,1587.0,1595.0,700,1595.0
2023-08-24,1598.0,1599.0,1598.0,1598.0,1000,1598.0
2023-08-25,1595.0,1595.0,1579.0,1595.0,6200,1595.0
2023-08-28,1595.0,1595.0,1588.0,1595.0,2200,1595.0
2023-08-29,1592.0,1600.0,1592.0,1600.0,11300,1600.0
2023-08-30,1600.0,1610.0,1600.0,1610.0,3000,1610.0
2023-08-31,1610.0,1610.0,1596.0,1600.0,2100,1600.0
2023-09-01,1590.0,1590.0,1590.0,1590.0,300,1590.0
2023-09-04,1599.0,1600.0,1592.0,1592.0,1100,1592.0
2023-09-05,1600.0,1639.0,1600.0,1624.0,6200,1624.0
2023-09-06,1600.0,1627.0,1599.0,1625.0,6800,1625.0
2023-09-07,1600.0,1600.0,1585.0,1590.0,3800,1590.0
2023-09-08,1590.0,1624.0,1590.0,1618.0,9800,1618.0
2023-09-11,1600.0,1610.0,1600.0,1606.0,4000,1606.0
2023-09-12,1600.0,1622.0,1600.0,1603.0,3900,1603.0
2023-09-13,1603.0,1619.0,1603.0,1618.0,1700,1618.0
2023-09-14,1618.0,1670.0,1618.0,1670.0,6500,1670.0
2023-09-15,1670.0,1720.0,1670.0,1670.0,5900,1670.0
2023-09-19,1676.0,1676.0,1631.0,1660.0,700,1660.0
2023-09-20,1688.0,1692.0,1660.0,1690.0,2900,1690.0
2023-09-21,1701.0,1721.0,1701.0,1716.0,2400,1716.0
2023-09-22,1717.0,1751.0,1670.0,1709.0,7300,1709.0
2023-09-25,1749.0,1750.0,1705.0,1705.0,6700,1705.0
2023-09-26,1715.0,1739.0,1715.0,1720.0,300,1720.0
2023-09-27,1720.0,1743.0,1720.0,1743.0,600,1743.0
2023-09-28,1783.0,1783.0,1732.0,1750.0,2200,1750.0
2023-10-02,1732.0,1732.0,1732.0,1732.0,300,1732.0
2023-10-03,1692.0,1693.0,1674.0,1674.0,300,1674.0
2023-10-04,1665.0,1665.0,1614.0,1625.0,7400,1625.0
2023-10-05,1698.0,1698.0,1678.0,1678.0,1100,1678.0
2023-10-06,1658.0,1707.0,1658.0,1707.0,1500,1707.0
2023-10-10,1667.0,1713.0,1667.0,1713.0,700,1713.0
2023-10-11,1673.0,1713.0,1673.0,1708.0,1300,1708.0
2023-10-12,1720.0,1738.0,1720.0,1737.0,600,1737.0
2023-10-17,1730.0,1730.0,1728.0,1728.0,1000,1728.0
2023-10-18,1690.0,1726.0,1690.0,1718.0,600,1718.0
2023-10-19,1718.0,1725.0,1714.0,1725.0,600,1725.0
2023-10-20,1724.0,1759.0,1700.0,1723.0,3900,1723.0
2023-10-23,1723.0,1729.0,1723.0,1729.0,2900,1729.0
2023-10-24,1729.0,1729.0,1650.0,1719.0,6200,1719.0
2023-10-25,1759.0,1759.0,1700.0,1715.0,4500,1715.0
2023-10-26,1705.0,1721.0,1681.0,1700.0,1600,1700.0
2023-10-27,1725.0,1725.0,1695.0,1705.0,900,1705.0
2023-10-30,1745.0,1745.0,1716.0,1733.0,1900,1733.0
2023-11-01,1749.0,1749.0,1655.0,1700.0,4300,1700.0
2023-11-02,1729.0,1729.0,1721.0,1721.0,600,1721.0
2023-11-06,1730.0,1730.0,1688.0,1715.0,3300,1715.0
2023-11-07,1715.0,1715.0,1715.0,1715.0,1000,1715.0
2023-11-09,1682.0,1700.0,1682.0,1700.0,900,1700.0
2023-11-10,1690.0,1690.0,1690.0,1690.0,200,1690.0
2023-11-13,1718.0,1718.0,1715.0,1715.0,300,1715.0
2023-11-14,1686.0,1687.0,1686.0,1687.0,500,1687.0
2023-11-15,1685.0,1685.0,1681.0,1685.0,300,1685.0
2023-11-16,1685.0,1685.0,1682.0,1682.0,500,1682.0
2023-11-17,1680.0,1695.0,1670.0,1695.0,1700,1695.0
2023-11-20,1685.0,1729.0,1680.0,1729.0,1700,1729.0
2023-11-21,1731.0,1743.0,1722.0,1735.0,800,1735.0
2023-11-22,1735.0,1739.0,1723.0,1739.0,3000,1739.0
2023-11-24,1740.0,1758.0,1740.0,1758.0,3000,1758.0
2023-11-27,1777.0,1777.0,1761.0,1775.0,4100,1775.0
2023-11-28,1789.0,1789.0,1751.0,1764.0,2600,1764.0
2023-11-29,1764.0,1769.0,1744.0,1760.0,1000,1760.0
2023-11-30,1747.0,1760.0,1747.0,1748.0,1400,1748.0
2023-12-01,1758.0,1758.0,1668.0,1748.0,3200,1748.0
2023-12-04,1746.0,1780.0,1746.0,1775.0,1500,1775.0
2023-12-05,1775.0,1789.0,1767.0,1789.0,1900,1789.0
2023-12-06,1775.0,1775.0,1700.0,1775.0,3200,1775.0
2023-12-07,1770.0,1775.0,1766.0,1775.0,1200,1775.0
2023-12-08,1775.0,1790.0,1752.0,1775.0,3100,1775.0
2023-12-11,1819.0,1819.0,1753.0,1772.0,10800,1772.0
2023-12-12,1772.0,1803.0,1772.0,1803.0,1300,1803.0
2023-12-13,1803.0,1803.0,1803.0,1803.0,300,1803.0
2023-12-14,1801.0,1801.0,1780.0,1798.0,400,1798.0
2023-12-15,1775.0,1793.0,1774.0,1792.0,1400,1792.0
2023-12-18,1792.0,1792.0,1792.0,1792.0,100,1792.0
2023-12-19,1790.0,1790.0,1786.0,1787.0,1200,1787.0
2023-12-20,1798.0,1799.0,1777.0,1796.0,1200,1796.0
2023-12-21,1796.0,1820.0,1796.0,1820.0,900,1820.0
2023-12-22,1830.0,1832.0,1810.0,1822.0,3000,1822.0
2023-12-25,1822.0,1834.0,1805.0,1820.0,5200,1820.0
2023-12-26,1820.0,1825.0,1820.0,1821.0,500,1821.0
2023-12-27,1834.0,1838.0,1831.0,1831.0,5800,1831.0
2023-12-28,1850.0,1850.0,1848.0,1848.0,1300,1848.0
2023-12-29,1849.0,1849.0,1848.0,1848.0,200,1848.0
2024-01-04,1848.0,1849.0,1846.0,1849.0,7400,1849.0
2024-01-05,1850.0,1850.0,1826.0,1826.0,700,1826.0
2024-01-09,1827.0,1850.0,1810.0,1827.0,1800,1827.0
2024-01-10,1839.0,1839.0,1839.0,1839.0,400,1839.0
2024-01-11,1799.0,1810.0,1791.0,1801.0,3500,1801.0
2024-01-12,1801.0,1808.0,1795.0,1799.0,1100,1799.0
2024-01-15,1799.0,1800.0,1799.0,1800.0,400,1800.0
2024-01-16,1800.0,1801.0,1800.0,1801.0,300,1801.0
2024-01-17,1815.0,1897.0,1815.0,1880.0,5300,1880.0
2024-01-18,1898.0,1898.0,1864.0,1897.0,2000,1897.0
2024-01-19,1898.0,1898.0,1853.0,1856.0,3000,1856.0
2024-01-22,1860.0,1884.0,1860.0,1873.0,1700,1873.0
2024-01-23,1897.0,1911.0,1887.0,1907.0,3500,1907.0
2024-01-24,1902.0,1913.0,1883.0,1913.0,4500,1913.0
2024-01-25,1920.0,1925.0,1913.0,1913.0,5900,1913.0
2024-01-26,1914.0,1943.0,1863.0,1920.0,6900,1920.0
2024-01-29,1950.0,1950.0,1935.0,1935.0,1700,1935.0
2024-01-30,1950.0,1950.0,1905.0,1905.0,2200,1905.0
2024-01-31,1905.0,1915.0,1900.0,1912.0,500,1912.0
2024-02-01,1905.0,1933.0,1905.0,1933.0,1500,1933.0
2024-02-02,1949.0,2000.0,1946.0,2000.0,6600,2000.0
2024-02-05,1983.0,1995.0,1945.0,1960.0,5700,1960.0
2024-02-06,1988.0,1988.0,1982.0,1982.0,2000,1982.0
2024-02-07,1982.0,1982.0,1951.0,1966.0,2200,1966.0
2024-02-08,1966.0,1984.0,1911.0,1911.0,700,1911.0
2024-02-09,1911.0,1930.0,1911.0,1930.0,600,1930.0
2024-02-13,1925.0,1933.0,1903.0,1903.0,1100,1903.0
2024-02-14,1903.0,1906.0,1889.0,1890.0,2900,1890.0
2024-02-15,1890.0,1930.0,1833.0,1871.0,4200,1871.0
2024-02-16,1930.0,1930.0,1905.0,1905.0,1300,1905.0
2024-02-19,1945.0,1950.0,1860.0,1905.0,8100,1905.0
2024-02-20,1910.0,1951.0,1905.0,1905.0,1400,1905.0
2024-02-21,1930.0,1930.0,1890.0,1905.0,2700,1905.0
2024-02-22,1918.0,1930.0,1901.0,1905.0,2100,1905.0
2024-02-26,1905.0,1942.0,1840.0,1942.0,8100,1942.0
2024-02-27,1930.0,1944.0,1900.0,1909.0,28000,1909.0
2024-02-28,1900.0,1910.0,1890.0,1910.0,2900,1910.0
2024-02-29,1918.0,1918.0,1882.0,1912.0,3500,1912.0
2024-03-01,1914.0,1914.0,1886.0,1907.0,1000,1907.0
2024-03-04,1900.0,1900.0,1882.0,1895.0,1600,1895.0
2024-03-05,1891.0,1892.0,1877.0,1878.0,2300,1878.0
2024-03-06,1881.0,1970.0,1879.0,1941.0,10300,1941.0
2024-03-07,1979.0,1980.0,1864.0,1885.0,9600,1885.0
2024-03-08,1886.0,1896.0,1885.0,1895.0,7600,1895.0
2024-03-11,1899.0,1899.0,1860.0,1865.0,3700,1865.0
2024-03-12,1865.0,1899.0,1861.0,1893.0,600,1893.0
2024-03-13,1884.0,1896.0,1863.0,1863.0,1500,1863.0
2024-03-14,1884.0,1884.0,1829.0,1853.0,2700,1853.0
2024-03-15,1881.0,1881.0,1874.0,1878.0,1100,1878.0
2024-03-18,1878.0,1895.0,1871.0,1892.0,1600,1892.0
2024-03-19,1895.0,1895.0,1884.0,1891.0,1500,1891.0
2024-03-21,1900.0,1908.0,1900.0,1908.0,2200,1908.0
2024-03-22,1908.0,1940.0,1908.0,1940.0,4000,1940.0
2024-03-25,1940.0,1940.0,1917.0,1917.0,4700,1917.0
2024-03-26,1917.0,1917.0,1901.0,1917.0,1100,1917.0
2024-03-27,1939.0,1956.0,1924.0,1928.0,1800,1928.0
2024-03-28,1958.0,2000.0,1956.0,1999.0,4600,1999.0
2024-03-29,1999.0,2084.0,1999.0,2054.0,10300,2054.0
2024-04-01,2054.0,2093.0,1980.0,2040.0,16000,2040.0
2024-04-02,2040.0,2090.0,2039.0,2040.0,2300,2040.0
2024-04-03,2040.0,2060.0,2038.0,2049.0,1900,2049.0
2024-04-04,2051.0,2053.0,2051.0,2053.0,700,2053.0
2024-04-05,2043.0,2043.0,2000.0,2040.0,500,2040.0
2024-04-08,2040.0,2050.0,2038.0,2047.0,3200,2047.0
2024-04-09,2047.0,2050.0,2040.0,2050.0,2400,2050.0
2024-04-10,2050.0,2099.0,2050.0,2080.0,3200,2080.0
2024-04-11,2050.0,2159.0,2050.0,2120.0,12500,2120.0
2024-04-12,2135.0,2157.0,2135.0,2146.0,900,2146.0
2024-04-15,2146.0,2174.0,2146.0,2161.0,2900,2161.0
2024-04-16,2161.0,2661.0,2159.0,2320.0,31500,2320.0
2024-04-17,2430.0,2607.0,2430.0,2525.0,23600,2525.0
2024-04-18,2475.0,2535.0,2240.0,2267.0,12900,2267.0
2024-04-19,2267.0,2270.0,2248.0,2251.0,2600,2251.0
2024-04-22,2267.0,2372.0,2249.0,2340.0,4700,2340.0
2024-04-23,2375.0,2438.0,2375.0,2375.0,5700,2375.0
2024-04-24,2439.0,2440.0,2380.0,2440.0,6700,2440.0
2024-04-25,2440.0,2440.0,2353.0,2384.0,4400,2384.0
2024-04-26,2384.0,2400.0,2365.0,2369.0,10900,2369.0
2024-04-30,2369.0,2400.0,2310.0,2316.0,4900,2316.0
2024-05-01,2302.0,2302.0,2150.0,2248.0,5500,2248.0
2024-05-02,2248.0,2330.0,2248.0,2256.0,3200,2256.0
2024-05-07,2276.0,2276.0,2160.0,2270.0,2200,2270.0
2024-05-08,2270.0,2270.0,2250.0,2260.0,700,2260.0
2024-05-09,2243.0,2243.0,2243.0,2243.0,100,2243.0
2024-05-10,2269.0,2269.0,2269.0,2269.0,100,2269.0
2024-05-13,2240.0,2241.0,2239.0,2239.0,700,2239.0
2024-05-14,2250.0,2250.0,2248.0,2250.0,1400,2250.0
2024-05-15,2150.0,2250.0,2150.0,2201.0,1700,2201.0
2024-05-16,2110.0,2110.0,1999.0,2027.0,3200,2027.0
2024-05-17,2028.0,2140.0,2028.0,2119.0,3900,2119.0
2024-05-20,2247.0,2360.0,2246.0,2252.0,8100,2252.0
2024-05-21,2252.0,2302.0,2252.0,2266.0,900,2266.0
2024-05-22,2266.0,2386.0,2266.0,2290.0,2900,2290.0
2024-05-23,2301.0,2357.0,2265.0,2295.0,2100,2295.0
2024-05-24,2295.0,2388.0,2250.0,2386.0,3900,2386.0
2024-05-27,2389.0,2390.0,2350.0,2379.0,6700,2379.0
2024-05-28,2379.0,2379.0,2341.0,2360.0,1300,2360.0
2024-05-29,2313.0,2368.0,2311.0,2330.0,5200,2330.0
2024-05-30,2311.0,2318.0,2311.0,2318.0,3100,2318.0
2024-05-31,2368.0,2368.0,2357.0,2357.0,700,2357.0
2024-06-04,2312.0,2312.0,2312.0,2312.0,600,2312.0
2024-06-06,2312.0,2312.0,2312.0,2312.0,400,2312.0
2024-06-07,2311.0,2335.0,2311.0,2335.0,2500,2335.0
2024-06-11,2311.0,2314.0,2311.0,2311.0,2200,2311.0
2024-06-12,2325.0,2367.0,2325.0,2367.0,500,2367.0
2024-06-13,2344.0,2347.0,2320.0,2347.0,600,2347.0
2024-06-14,2335.0,2335.0,2312.0,2312.0,200,2312.0
2024-06-17,2311.0,2320.0,2311.0,2320.0,3700,2320.0
2024-06-18,2320.0,2330.0,2315.0,2318.0,800,2318.0
2024-06-19,2344.0,2344.0,2318.0,2318.0,1300,2318.0
2024-06-20,2331.0,2333.0,2299.0,2333.0,2200,2333.0
2024-06-21,2331.0,2331.0,2303.0,2303.0,600,2303.0
2024-06-24,2303.0,2360.0,2303.0,2360.0,5400,2360.0
2024-06-25,2360.0,2499.0,2360.0,2489.0,9300,2489.0
2024-06-26,2489.0,2582.0,2489.0,2578.0,6100,2578.0
2024-06-27,2532.0,2599.0,2521.0,2599.0,3200,2599.0
2024-06-28,2589.0,2601.0,2550.0,2577.0,5800,2577.0
2024-07-01,2600.0,2600.0,2550.0,2574.0,8700,2574.0
2024-07-02,2550.0,2584.0,2516.0,2584.0,2800,2584.0
2024-07-03,2584.0,2594.0,2544.0,2584.0,1100,2584.0
2024-07-04,2584.0,2584.0,2510.0,2580.0,1800,2580.0
2024-07-05,2580.0,2580.0,2530.0,2567.0,400,2567.0
2024-07-08,2575.0,2576.0,2550.0,2550.0,1200,2550.0
2024-07-09,2550.0,2550.0,2550.0,2550.0,100,2550.0
2024-07-10,2550.0,2577.0,2550.0,2577.0,1400,2577.0
2024-07-11,2576.0,2580.0,2555.0,2577.0,2800,2577.0
2024-07-12,2574.0,2574.0,2524.0,2574.0,900,2574.0
2024-07-16,2574.0,2647.0,2545.0,2632.0,4100,2632.0
2024-07-17,2632.0,2637.0,2605.0,2630.0,2400,2630.0
2024-07-18,2635.0,2635.0,2587.0,2628.0,3800,2628.0
2024-07-19,2634.0,2649.0,2604.0,2624.0,3200,2624.0
2024-07-22,2624.0,2640.0,2624.0,2632.0,3600,2632.0
2024-07-23,2635.0,2720.0,2620.0,2655.0,7800,2655.0
2024-07-24,2670.0,2695.0,2646.0,2655.0,3600,2655.0
2024-07-25,2605.0,2605.0,2448.0,2448.0,14800,2448.0
2024-07-26,2521.0,2573.0,2521.0,2573.0,1200,2573.0
2024-07-29,2573.0,2594.0,2478.0,2554.0,3200,2554.0
2024-07-30,2553.0,2553.0,2510.0,2510.0,500,2510.0
2024-07-31,2510.0,2557.0,2470.0,2557.0,2300,2557.0
2024-08-01,2540.0,2540.0,2540.0,2540.0,100,2540.0
2024-08-02,2515.0,2515.0,2296.0,2446.0,1000,2446.0
2024-08-05,2396.0,2396.0,2250.0,2250.0,2600,2250.0
2024-08-06,2250.0,2325.0,2250.0,2251.0,1200,2251.0
2024-08-07,2266.0,2395.0,2250.0,2250.0,3300,2250.0
2024-08-08,2250.0,2250.0,2250.0,2250.0,200,2250.0
2024-08-09,2250.0,2316.0,2250.0,2316.0,400,2316.0
2024-08-13,2400.0,2400.0,2400.0,2400.0,100,2400.0
2024-08-14,2393.0,2393.0,2343.0,2371.0,300,2371.0
2024-08-15,2355.0,2375.0,2305.0,2325.0,1000,2325.0
2024-08-16,2325.0,2330.0,2325.0,2330.0,200,2330.0
2024-08-19,2311.0,2311.0,2255.0,2255.0,9000,2255.0
2024-08-20,2261.0,2291.0,2199.0,2261.0,5600,2261.0
2024-08-21,2257.0,2311.0,2257.0,2294.0,1800,2294.0
2024-08-22,2308.0,2395.0,2308.0,2395.0,800,2395.0
2024-08-23,2398.0,2524.0,2398.0,2515.0,2000,2515.0
2024-08-26,2513.0,2513.0,2428.0,2476.0,5500,2476.0
2024-08-27,2490.0,2515.0,2453.0,2491.0,2500,2491.0
2024-08-28,2491.0,2491.0,2391.0,2393.0,2958300,2393.0
2024-08-29,2515.0,2515.0,2380.0,2381.0,2100,2381.0
2024-08-30,2431.0,2520.0,2431.0,2431.0,3000,2431.0
2024-09-02,2435.0,2435.0,2435.0,2435.0,400,2435.0
2024-09-04,2350.0,2350.0,2307.0,2307.0,200,2307.0
2024-09-06,2325.0,2325.0,2325.0,2325.0,100,2325.0
2024-09-09,2325.0,2425.0,2325.0,2420.0,1400,2420.0
2024-09-10,2420.0,2440.0,2389.0,2389.0,1400,2389.0
2024-09-11,2290.0,2340.0,2290.0,2340.0,800,2340.0
2024-09-13,2340.0,2340.0,2340.0,2340.0,100,2340.0
2024-09-17,2340.0,2353.0,2340.0,2353.0,200,2353.0
2024-09-18,2353.0,2393.0,2353.0,2370.0,900,2370.0
2024-09-19,2392.0,2434.0,2392.0,2434.0,600,2434.0
2024-09-20,2438.0,2440.0,2430.0,2430.0,1100,2430.0
2024-09-24,2449.0,2464.0,2355.0,2399.0,5400,2399.0
2024-09-25,2300.0,2310.0,2255.0,2255.0,5500,2255.0
2024-09-26,2280.0,2321.0,2280.0,2288.0,1900,2288.0
2024-09-27,2299.0,2299.0,2280.0,2281.0,4800,2281.0
2024-09-30,2288.0,2330.0,2280.0,2330.0,2300,2330.0
2024-10-01,2377.0,2377.0,2301.0,2327.0,600,2327.0
2024-10-03,2354.0,2354.0,2320.0,2320.0,200,2320.0
2024-10-04,2280.0,2281.0,2280.0,2280.0,1100,2280.0
2024-10-07,2302.0,2302.0,2281.0,2281.0,200,2281.0
2024-10-08,2285.0,2285.0,2280.0,2280.0,800,2280.0
2024-10-10,2250.0,2255.0,2248.0,2253.0,1000,2253.0
2024-10-15,2270.0,2270.0,2260.0,2260.0,2100,2260.0
2024-10-16,2260.0,2260.0,2260.0,2260.0,1600,2260.0
2024-10-17,2260.0,2260.0,2250.0,2253.0,1500,2253.0
2024-10-18,2253.0,2253.0,2253.0,2253.0,100,2253.0
2024-10-21,2265.0,2294.0,2265.0,2288.0,600,2288.0
2024-10-22,2330.0,2354.0,2306.0,2354.0,1000,2354.0
2024-10-23,2400.0,2450.0,2400.0,2442.0,1100,2442.0
2024-10-24,2440.0,2440.0,2400.0,2400.0,900,2400.0
2024-10-25,2472.0,2472.0,2340.0,2410.0,4800,2410.0
2024-10-28,2402.0,2410.0,2341.0,2390.0,2300,2390.0
2024-10-29,2390.0,2390.0,2342.0,2390.0,700,2390.0
2024-10-30,2390.0,2390.0,2341.0,2343.0,400,2343.0
2024-11-01,2342.0,2342.0,2342.0,2342.0,100,2342.0
2024-11-05,2342.0,2510.0,2341.0,2510.0,7600,2510.0
2024-11-06,2499.0,2499.0,2392.0,2488.0,2000,2488.0
2024-11-08,2479.0,2479.0,2448.0,2448.0,300,2448.0
2024-11-11,2441.0,2479.0,2441.0,2479.0,4200,2479.0
2024-11-13,2386.0,2386.0,2386.0,2386.0,300,2386.0
2024-11-14,2351.0,2413.0,2351.0,2413.0,1200,2413.0
2024-11-15,2390.0,2419.0,2379.0,2419.0,1000,2419.0
2024-11-18,2420.0,2425.0,2420.0,2425.0,200,2425.0
2024-11-19,2444.0,2536.0,2444.0,2481.0,4900,2481.0
2024-11-20,2481.0,2481.0,2451.0,2451.0,200,2451.0
2024-11-21,2479.0,2480.0,2470.0,2470.0,300,2470.0
2024-11-22,2475.0,2535.0,2475.0,2535.0,4700,2535.0
2024-11-25,2533.0,2533.0,2483.0,2483.0,4700,2483.0
2024-11-26,2517.0,2530.0,2500.0,2525.0,1000,2525.0
2024-11-27,2533.0,2572.0,2511.0,2572.0,2500,2572.0
2024-11-28,2600.0,2600.0,2564.0,2565.0,4100,2565.0
2024-11-29,2570.0,2572.0,2550.0,2572.0,1500,2572.0
2024-12-02,2524.0,2524.0,2478.0,2478.0,600,2478.0
2024-12-03,2477.0,2508.0,2408.0,2508.0,800,2508.0
2024-12-04,2501.0,2572.0,2500.0,2572.0,2200,2572.0
2024-12-05,2522.0,2522.0,2502.0,2502.0,900,2502.0
2024-12-09,2524.0,2547.0,2520.0,2537.0,1700,2537.0
2024-12-10,2532.0,2540.0,2501.0,2540.0,2200,2540.0
2024-12-11,2589.0,2589.0,2569.0,2572.0,6900,2572.0
2024-12-12,2570.0,2572.0,2555.0,2572.0,1400,2572.0
2024-12-13,2572.0,2589.0,2571.0,2585.0,1200,2585.0
2024-12-16,2575.0,2585.0,2567.0,2580.0,1100,2580.0
2024-12-17,2585.0,2585.0,2550.0,2550.0,600,2550.0
2024-12-18,2565.0,2580.0,2476.0,2580.0,2500,2580.0
2024-12-19,2584.0,2584.0,2512.0,2579.0,1900,2579.0
2024-12-20,2585.0,2585.0,2579.0,2583.0,1900,2583.0
2024-12-23,2580.0,2585.0,2501.0,2583.0,3400,2583.0
2024-12-24,2583.0,2585.0,2571.0,2585.0,1800,2585.0
2024-12-25,2585.0,2592.0,2571.0,2583.0,3300,2583.0
2024-12-26,2583.0,2593.0,2575.0,2588.0,1800,2588.0
2024-12-27,2589.0,2589.0,2583.0,2587.0,900,2587.0
2024-12-30,2588.0,2645.0,2588.0,2645.0,3600,2645.0
2025-01-06,2600.0,2600.0,2501.0,2501.0,600,2501.0
2025-01-10,2540.0,2540.0,2540.0,2540.0,200,2540.0
2025-01-14,2490.0,2540.0,2490.0,2540.0,600,2540.0
2025-01-15,2446.0,2498.0,2420.0,2497.0,2000,2497.0
2025-01-16,2497.0,2497.0,2447.0,2447.0,200,2447.0
2025-01-17,2397.0,2397.0,2361.0,2389.0,1300,2389.0
2025-01-21,2439.0,2439.0,2410.0,2410.0,1500,2410.0
2025-01-22,2455.0,2455.0,2429.0,2429.0,1100,2429.0
2025-01-23,2429.0,2429.0,2386.0,2429.0,700,2429.0
2025-01-24,2420.0,2435.0,2401.0,2418.0,3500,2418.0
2025-01-27,2417.0,2417.0,2404.0,2404.0,3800,2404.0
2025-01-28,2404.0,2404.0,2404.0,2404.0,1100,2404.0
2025-01-30,2404.0,2404.0,2404.0,2404.0,1100,2404.0
2025-02-04,2404.0,2418.0,2368.0,2368.0,6500,2368.0
2025-02-05,2351.0,2351.0,2351.0,2351.0,200,2351.0
2025-02-06,2401.0,2402.0,2401.0,2402.0,200,2402.0
2025-02-07,2412.0,2462.0,2412.0,2455.0,1700,2455.0
2025-02-10,2474.0,2478.0,2448.0,2451.0,2500,2451.0
2025-02-12,2420.0,2420.0,2420.0,2420.0,200,2420.0
2025-02-13,2400.0,2400.0,2400.0,2400.0,100,2400.0
2025-02-14,2350.0,2368.0,2350.0,2368.0,400,2368.0
2025-02-17,2370.0,2400.0,2370.0,2400.0,400,2400.0
2025-02-18,2400.0,2400.0,2355.0,2355.0,1300,2355.0
2025-02-19,2395.0,2395.0,2370.0,2373.0,700,2373.0
2025-02-20,2394.0,2394.0,2394.0,2394.0,200,2394.0
2025-02-21,2395.0,2425.0,2386.0,2404.0,2500,2404.0
2025-02-25,2404.0,2404.0,2404.0,2404.0,3000,2404.0
2025-02-26,2445.0,2445.0,2439.0,2440.0,800,2440.0
2025-02-27,2423.0,2440.0,2423.0,2438.0,600,2438.0
2025-02-28,2440.0,2440.0,2420.0,2440.0,1200,2440.0
2025-03-03,2440.0,2440.0,2425.0,2425.0,200,2425.0
2025-03-06,2430.0,2430.0,2430.0,2430.0,200,2430.0
2025-03-07,2430.0,2435.0,2430.0,2435.0,200,2435.0
2025-03-10,2385.0,2385.0,2351.0,2358.0,700,2358.0
2025-03-11,2345.0,2345.0,2340.0,2340.0,800,2340.0
2025-03-13,2320.0,2320.0,2320.0,2320.0,100,2320.0
2025-03-14,2320.0,2340.0,2320.0,2320.0,1000,2320.0
2025-03-17,2350.0,2350.0,2328.0,2329.0,1400,2329.0
2025-03-18,2335.0,2343.0,2333.0,2334.0,3100,2334.0
2025-03-19,2337.0,2399.0,2337.0,2352.0,300,2352.0
2025-03-21,2352.0,2391.0,2352.0,2385.0,1100,2385.0
2025-03-24,2399.0,2420.0,2399.0,2420.0,1100,2420.0
2025-03-25,2441.0,2441.0,2371.0,2371.0,3300,2371.0
2025-03-26,2455.0,2455.0,2442.0,2452.0,1500,2452.0
2025-03-27,2452.0,2452.0,2341.0,2341.0,2300,2341.0
2025-03-28,2382.0,2489.0,2382.0,2459.0,2500,2459.0
2025-03-31,2494.0,2494.0,2416.0,2480.0,2600,2480.0
2025-04-01,2433.0,2433.0,2433.0,2433.0,100,2433.0
2025-04-04,2333.0,2333.0,2326.0,2326.0,400,2326.0
2025-04-07,2320.0,2345.0,2320.0,2345.0,900,2345.0
2025-04-08,2358.0,2358.0,2358.0,2358.0,300,2358.0
2025-04-09,2315.0,2380.0,2315.0,2380.0,300,2380.0
2025-04-10,2392.0,2394.0,2311.0,2390.0,2300,2390.0
2025-04-11,2306.0,2389.0,2305.0,2389.0,1100,2389.0
2025-04-16,2315.0,2324.0,2315.0,2315.0,1800,2315.0
2025-04-17,2315.0,2315.0,2315.0,2315.0,500,2315.0
2025-04-18,2305.0,2310.0,2225.0,2234.0,5800,2234.0
2025-04-21,2314.0,2335.0,2313.0,2313.0,3300,2313.0
2025-04-22,2325.0,2350.0,2323.0,2340.0,4300,2340.0
2025-04-23,2341.0,2345.0,2338.0,2339.0,2800,2339.0
2025-04-24,2342.0,2360.0,2342.0,2360.0,1500,2360.0
2025-04-25,2360.0,2385.0,2347.0,2350.0,6000,2350.0
2025-04-28,2350.0,2400.0,2350.0,2400.0,3800,2400.0
2025-04-30,2400.0,2400.0,2400.0,2400.0,100,2400.0
2025-05-07,2405.0,2405.0,2405.0,2405.0,100,2405.0
2025-05-09,2341.0,2341.0,2331.0,2331.0,400,2331.0
2025-05-12,2356.0,2394.0,2356.0,2392.0,400,2392.0
2025-05-13,2342.0,2388.0,2342.0,2388.0,800,2388.0
2025-05-14,2390.0,2394.0,2390.0,2393.0,900,2393.0
2025-05-16,2388.0,2388.0,2385.0,2385.0,200,2385.0
2025-05-19,2385.0,2385.0,2368.0,2369.0,2100,2369.0
2025-05-20,2388.0,2388.0,2368.0,2368.0,1000,2368.0
2025-05-21,2405.0,2405.0,2355.0,2355.0,1300,2355.0
2025-05-22,2355.0,2355.0,2353.0,2353.0,500,2353.0
2025-05-23,2391.0,2391.0,2389.0,2389.0,300,2389.0
2025-05-26,2342.0,2368.0,2342.0,2361.0,4000,2361.0
2025-05-27,2379.0,2379.0,2379.0,2379.0,100,2379.0
2025-05-28,2329.0,2340.0,2329.0,2333.0,1800,2333.0
2025-05-29,2370.0,2370.0,2343.0,2343.0,400,2343.0
2025-05-30,2379.0,2379.0,2340.0,2352.0,1100,2352.0
2025-06-02,2335.0,2335.0,2335.0,2335.0,200,2335.0
2025-06-03,2356.0,2356.0,2340.0,2340.0,1400,2340.0
2025-06-05,2365.0,2365.0,2365.0,2365.0,100,2365.0
2025-06-11,2315.0,2328.0,2283.0,2305.0,800,2305.0
2025-06-12,2305.0,2310.0,2262.0,2286.0,1000,2286.0
2025-06-13,2258.0,2258.0,2258.0,2258.0,600,2258.0
2025-06-16,2258.0,2261.0,2258.0,2261.0,500,2261.0
2025-06-17,2261.0,2265.0,2261.0,2265.0,300,2265.0
2025-06-18,2266.0,2293.0,2259.0,2264.0,3000,2264.0
2025-06-19,2314.0,2347.0,2312.0,2337.0,3600,2337.0
2025-06-20,2337.0,2342.0,2300.0,2300.0,4100,2300.0
2025-06-23,2300.0,2340.0,2300.0,2331.0,2100,2331.0
2025-06-24,2332.0,2340.0,2319.0,2340.0,6500,2340.0
2025-06-25,2300.0,2340.0,2290.0,2292.0,7700,2292.0
2025-06-26,2342.0,2348.0,2317.0,2317.0,4100,2317.0
2025-06-27,2329.0,2338.0,2326.0,2338.0,4500,2338.0
2025-06-30,2369.0,2390.0,2339.0,2378.0,8000,2378.0
2025-07-01,2390.0,2390.0,2300.0,2350.0,10200,2350.0
2025-07-02,2371.0,2371.0,2345.0,2355.0,2300,2355.0
2025-07-03,2355.0,2356.0,2355.0,2356.0,500,2356.0
2025-07-04,2361.0,2370.0,2360.0,2360.0,2100,2360.0
2025-07-08,2315.0,2334.0,2315.0,2334.0,1000,2334.0
2025-07-10,2340.0,2340.0,2315.0,2316.0,1900,2316.0
2025-07-11,2320.0,2320.0,2318.0,2318.0,300,2318.0
2025-07-14,2310.0,2360.0,2310.0,2360.0,2100,2360.0
2025-07-15,2331.0,2370.0,2331.0,2370.0,200,2370.0
2025-07-16,2345.0,2346.0,2345.0,2346.0,300,2346.0
2025-07-17,2350.0,2359.0,2347.0,2359.0,3100,2359.0
2025-07-18,2392.0,2406.0,2367.0,2395.0,2300,2395.0
2025-07-22,2396.0,2437.0,2395.0,2437.0,2100,2437.0
2025-07-23,2440.0,2440.0,2419.0,2422.0,1500,2422.0
2025-07-24,2432.0,2444.0,2416.0,2444.0,3000,2444.0
2025-07-25,2449.0,2450.0,2439.0,2450.0,12600,2450.0
2025-07-28,2450.0,2450.0,2371.0,2371.0,2500,2371.0
2025-07-31,2403.0,2450.0,2403.0,2449.0,2800,2449.0
2025-08-01,2422.0,2450.0,2400.0,2450.0,5300,2450.0
2025-08-04,2450.0,2450.0,2372.0,2372.0,1800,2372.0
2025-08-05,2380.0,2381.0,2338.0,2345.0,2900,2345.0
2025-08-06,2327.0,2340.0,2306.0,2340.0,1400,2340.0
2025-08-07,2340.0,2341.0,2340.0,2340.0,1100,2340.0
2025-08-08,2350.0,2350.0,2340.0,2340.0,500,2340.0
2025-08-12,2304.0,2339.0,2304.0,2335.0,600,2335.0
2025-08-14,2350.0,2350.0,2350.0,2350.0,8200,2350.0
2025-08-15,2348.0,2348.0,2307.0,2340.0,3500,2340.0
2025-08-18,2340.0,2340.0,2327.0,2327.0,700,2327.0
2025-08-19,2348.0,2352.0,2320.0,2338.0,5300,2338.0
2025-08-20,2340.0,2348.0,2315.0,2315.0,5100,2315.0
2025-08-21,2330.0,2340.0,2322.0,2340.0,1600,2340.0
2025-08-22,2350.0,2352.0,2337.0,2337.0,12000,2337.0
2025-08-25,2337.0,2337.0,2280.0,2286.0,11000,2286.0
2025-08-26,2312.0,2389.0,2312.0,2351.0,5500,2351.0
2025-08-27,2330.0,2348.0,2325.0,2339.0,1400,2339.0
2025-08-28,2352.0,2398.0,2331.0,2359.0,9600,2359.0
2025-08-29,2358.0,2358.0,2340.0,2340.0,700,2340.0
2025-09-02,2300.0,2377.0,2300.0,2324.0,2500,2324.0
2025-09-04,2312.0,2377.0,2312.0,2377.0,900,2377.0
2025-09-05,2399.0,2399.0,2282.0,2358.0,6000,2358.0
2025-09-08,2382.0,2382.0,2339.0,2340.0,1500,2340.0
2025-09-09,2340.0,2342.0,2340.0,2340.0,900,2340.0
2025-09-10,2340.0,2370.0,2340.0,2370.0,700,2370.0
2025-09-16,2370.0,2370.0,2340.0,2340.0,600,2340.0
2025-09-17,2340.0,2344.0,2320.0,2334.0,600,2334.0
2025-09-18,2330.0,2343.0,2191.0,2285.0,8000,2285.0
2025-09-19,2335.0,2349.0,2295.0,2295.0,2600,2295.0
2025-09-22,2345.0,2345.0,2296.0,2340.0,4200,2340.0
2025-09-24,2339.0,2340.0,2307.0,2330.0,2500,2330.0
2025-09-25,2310.0,2326.0,2310.0,2312.0,4100,2312.0
2025-09-26,2326.0,2330.0,2317.0,2327.0,2100,2327.0
2025-09-29,2340.0,2350.0,2317.0,2350.0,6800,2350.0
2025-09-30,2350.0,2350.0,2350.0,2350.0,200,2350.0
2025-10-01,2323.0,2323.0,2323.0,2323.0,200,2323.0
2025-10-02,2323.0,2375.0,2307.0,2375.0,900,2375.0
2025-10-03,2347.0,2347.0,2300.0,2340.0,1000,2340.0
2025-10-06,2350.0,2370.0,2350.0,2370.0,300,2370.0
2025-10-07,2360.0,2360.0,2299.0,2300.0,1200,2300.0
2025-10-08,2310.0,2310.0,2302.0,2302.0,1900,2302.0
2025-10-09,2310.0,2310.0,2283.0,2283.0,400,2283.0
2025-10-10,2284.0,2284.0,2284.0,2284.0,300,2284.0
2025-10-14,2290.0,2370.0,2290.0,2290.0,6000,2290.0
2025-10-15,2290.0,2340.0,2290.0,2290.0,2200,2290.0
2025-10-16,2290.0,2290.0,2290.0,2290.0,200,2290.0
2025-10-17,2300.0,2300.0,2290.0,2299.0,800,2299.0
2025-10-20,2304.0,2341.0,2304.0,2315.0,300,2315.0
2025-10-21,2344.0,2344.0,2295.0,2295.0,2700,2295.0
2025-10-22,2333.0,2333.0,2300.0,2320.0,1700,2320.0
2025-10-23,2319.0,2319.0,2295.0,2302.0,3100,2302.0
2025-10-24,2311.0,2339.0,2292.0,2339.0,1300,2339.0
2025-10-27,2339.0,2339.0,2300.0,2300.0,5700,2300.0
2025-10-28,2300.0,2300.0,2295.0,2295.0,1500,2295.0
2025-10-29,2291.0,2291.0,2290.0,2290.0,500,2290.0
2025-10-30,2305.0,2305.0,2280.0,2280.0,800,2280.0
2025-10-31,2280.0,2280.0,2280.0,2280.0,100,2280.0
2025-11-04,2284.0,2284.0,2260.0,2260.0,200,2260.0
2025-11-05,2249.0,2249.0,2228.0,2228.0,400,2228.0
2025-11-06,2273.0,2273.0,2257.0,2257.0,1000,2257.0
2025-11-07,2236.0,2298.0,2236.0,2298.0,1000,2298.0
2025-11-10,2298.0,2298.0,2230.0,2289.0,900,2289.0
2025-11-11,2289.0,2300.0,2250.0,2279.0,1500,2279.0
2025-11-12,2329.0,2350.0,2283.0,2340.0,1700,2340.0
2025-11-13,2340.0,2340.0,2238.0,2283.0,2800,2283.0
