Date,Open,High,Low,Close,Volume,Adj Close
2007-07-30,131.59,131.59,127.95,128.25,3628,128.25
2007-07-31,128.55,128.85,128.55,128.55,1649,128.55
2007-08-01,129.76,129.76,127.95,127.95,2308,127.95
2007-08-02,128.55,128.85,128.25,128.25,3298,128.25
2007-08-03,127.95,128.55,127.95,128.55,1320,128.55
2007-08-06,126.14,126.14,123.7,124.9,10225,124.9
2007-08-07,122.49,123.7,121.28,123.1,6267,123.1
2007-08-08,121.28,121.28,118.24,118.24,4287,118.24
2007-08-09,118.86,130.36,118.86,130.36,27376,130.36
2007-08-10,120.68,125.82,120.37,120.37,13523,120.37
2007-08-13,123.1,123.1,123.1,123.1,659,123.1
2007-08-14,123.1,124.32,123.1,124.32,1320,124.32
2007-08-15,125.52,127.33,123.39,123.39,3628,123.39
2007-08-16,129.76,129.76,121.28,126.14,12863,126.14
2007-08-17,121.87,121.87,120.68,120.68,8576,120.68
2007-08-20,120.68,121.28,120.68,120.97,3958,120.97
2007-08-21,133.1,133.1,127.95,127.95,19460,127.95
2007-08-22,122.49,124.9,122.49,124.9,5608,124.9
2007-08-23,124.9,127.33,124.9,127.33,1320,127.33
2007-08-24,124.32,124.32,124.32,124.32,990,124.32
2007-08-27,123.1,123.1,122.49,122.49,2969,122.49
2007-08-28,121.87,121.87,121.28,121.28,1979,121.28
2007-08-29,123.39,123.39,121.28,121.28,990,121.28
2007-08-30,120.06,120.06,118.86,119.45,3958,119.45
2007-08-31,121.28,121.28,120.37,121.28,2969,121.28
2007-09-03,120.06,121.28,120.06,121.28,2969,121.28
2007-09-04,130.99,131.28,125.82,127.33,12204,127.33
2007-09-05,138.25,138.25,128.85,134.01,46506,134.01
2007-09-06,135.22,135.22,124.9,124.9,16821,124.9
2007-09-07,124.32,124.32,121.28,124.32,6926,124.32
2007-09-10,120.06,122.8,120.06,120.37,6267,120.37
2007-09-11,124.0,124.0,117.64,119.16,11873,119.16
2007-09-12,115.82,116.43,115.82,115.82,2308,115.82
2007-09-13,115.82,115.82,112.18,112.18,3298,112.18
2007-09-14,109.76,109.76,103.99,103.99,5936,103.99
2007-09-18,104.3,108.85,103.99,107.62,2639,107.62
2007-09-19,108.85,109.76,108.85,109.14,6267,109.14
2007-09-20,111.56,112.79,111.56,112.18,11873,112.18
2007-09-21,124.32,124.32,119.77,119.77,22758,119.77
2007-09-25,113.7,113.7,113.7,113.7,331,113.7
2007-09-26,113.99,113.99,113.99,113.99,1649,113.99
2007-09-27,114.6,114.6,114.6,114.6,659,114.6
2007-09-28,117.03,117.64,117.03,117.64,2969,117.64
2007-10-02,117.64,121.28,117.64,118.24,2308,118.24
2007-10-03,118.24,118.24,117.64,117.64,990,117.64
2007-10-05,115.82,117.64,113.4,117.64,4947,117.64
2007-10-09,116.13,119.77,116.13,119.77,2308,119.77
2007-10-10,121.87,122.49,120.37,122.49,11873,122.49
2007-10-11,122.49,122.49,122.49,122.49,2308,122.49
2007-10-12,122.49,122.49,118.53,118.53,2308,118.53
2007-10-15,120.68,120.68,118.24,118.24,3628,118.24
2007-10-16,118.24,118.24,114.6,115.22,3958,115.22
2007-10-17,115.22,115.22,113.99,114.6,2308,114.6
2007-10-18,114.31,114.31,113.99,113.99,3958,113.99
2007-10-19,113.99,115.22,113.7,113.7,10885,113.7
2007-10-22,114.6,123.7,114.6,123.7,35951,123.7
2007-10-23,135.82,135.82,130.36,130.36,22427,130.36
2007-10-24,130.36,130.36,126.73,126.73,990,126.73
2007-10-25,124.32,124.32,124.32,124.32,331,124.32
2007-10-26,122.49,122.49,121.28,121.28,1320,121.28
2007-10-29,121.28,124.32,118.24,121.28,4287,121.28
2007-10-30,124.32,124.32,124.32,124.32,2308,124.32
2007-10-31,125.82,125.82,121.28,121.28,3298,121.28
2007-11-01,128.55,128.55,123.39,123.39,3958,123.39
2007-11-02,121.58,124.32,121.28,124.32,14512,124.32
2007-11-05,121.28,121.28,121.28,121.28,1649,121.28
2007-11-06,120.97,120.97,120.97,120.97,331,120.97
2007-11-07,119.77,119.77,118.24,118.24,1979,118.24
2007-11-08,118.24,118.24,115.22,115.22,1320,115.22
2007-11-09,115.22,116.13,115.22,115.82,1649,115.82
2007-11-12,115.22,115.22,109.14,109.14,5277,109.14
2007-11-13,106.11,106.11,103.68,103.99,10225,103.99
2007-11-14,113.7,116.13,113.7,115.82,6926,115.82
2007-11-15,110.05,113.7,110.05,110.05,2308,110.05
2007-11-16,113.4,113.4,112.18,112.18,659,112.18
2007-11-19,118.24,118.24,116.43,116.43,1649,116.43
2007-11-20,115.22,117.94,115.22,117.94,4947,117.94
2007-11-21,130.07,130.07,127.95,127.95,25397,127.95
2007-11-22,118.24,118.24,118.24,118.24,5936,118.24
2007-11-26,109.14,120.06,109.14,112.79,16162,112.79
2007-11-27,112.79,114.6,110.97,114.6,2639,114.6
2007-11-28,114.6,114.6,110.67,110.67,7256,110.67
2007-11-29,110.97,111.88,109.76,111.88,3298,111.88
2007-11-30,109.76,112.18,109.76,112.18,6596,112.18
2007-12-03,112.18,112.18,108.54,108.54,4947,108.54
2007-12-04,110.36,110.36,109.76,109.76,1320,109.76
2007-12-06,112.18,112.18,111.88,112.18,990,112.18
2007-12-07,109.76,111.56,109.76,111.56,3298,111.56
2007-12-10,110.67,110.67,109.76,109.76,5277,109.76
2007-12-11,110.97,110.97,110.97,110.97,990,110.97
2007-12-12,107.94,110.97,107.94,109.14,9564,109.14
2007-12-13,108.54,108.54,108.24,108.24,2969,108.24
2007-12-14,108.24,109.14,108.24,109.14,2639,109.14
2007-12-17,106.72,107.94,103.39,103.39,9235,103.39
2007-12-18,103.09,104.3,97.627,104.3,8246,104.3
2007-12-19,103.09,107.94,103.09,107.94,1320,107.94
2007-12-20,103.09,105.81,103.09,103.68,10885,103.68
2007-12-21,114.6,114.6,107.33,107.33,36611,107.33
2007-12-25,98.842,101.27,97.019,99.136,30344,99.136
2007-12-26,98.529,103.09,98.529,103.09,8905,103.09
2007-12-27,102.79,103.09,100.35,100.35,1979,100.35
2007-12-28,99.136,99.136,99.136,99.136,331,99.136
2008-01-04,98.529,98.529,98.235,98.235,1979,98.235
2008-01-07,98.235,101.87,98.235,101.87,7256,101.87
2008-01-08,104.3,104.3,104.3,104.3,1320,104.3
2008-01-09,104.3,106.11,104.3,104.3,3958,104.3
2008-01-10,100.66,100.66,100.05,100.05,4947,100.05
2008-01-11,102.48,102.48,98.842,100.66,5608,100.66
2008-01-15,99.45,100.05,98.529,98.529,14512,98.529
2008-01-16,97.019,97.019,91.566,94.896,11214,94.896
2008-01-17,93.99,93.99,93.99,93.99,1649,93.99
2008-01-18,90.35,104.3,90.35,104.3,20779,104.3
2008-01-21,105.51,105.51,104.91,104.91,18800,104.91
2008-01-22,95.501,95.809,95.501,95.501,4947,95.501
2008-01-23,100.05,103.68,93.99,93.99,4618,93.99
2008-01-24,93.99,97.019,93.99,93.99,11214,93.99
2008-01-25,97.019,97.019,95.809,95.809,3298,95.809
2008-01-28,95.809,95.809,93.99,93.99,9235,93.99
2008-01-31,93.99,95.501,93.99,95.501,1320,95.501
2008-02-01,95.501,95.501,95.501,95.501,331,95.501
2008-02-04,93.077,100.05,93.077,100.05,3628,100.05
2008-02-08,92.777,92.777,92.777,92.777,331,92.777
2008-02-12,92.777,93.99,92.777,93.99,990,93.99
2008-02-13,94.598,96.419,93.384,96.419,2308,96.419
2008-02-14,97.019,97.019,97.019,97.019,331,97.019
2008-02-15,97.019,97.019,97.019,97.019,6267,97.019
2008-02-18,98.529,103.09,98.529,103.09,3958,103.09
2008-02-19,103.09,104.91,101.87,104.61,4947,104.61
2008-02-20,105.21,110.67,105.21,110.67,6926,110.67
2008-02-21,111.88,111.88,110.97,110.97,22758,110.97
2008-02-22,101.27,107.33,101.27,107.33,3958,107.33
2008-02-26,110.67,110.67,110.67,110.67,331,110.67
2008-02-27,101.87,103.09,99.136,99.136,2308,99.136
2008-02-28,101.58,101.58,99.45,99.75,2308,99.75
2008-03-03,98.529,98.529,95.501,95.501,7916,95.501
2008-03-04,94.598,94.598,94.598,94.598,659,94.598
2008-03-05,94.598,94.598,93.99,93.99,990,93.99
2008-03-06,95.501,95.501,95.501,95.501,331,95.501
2008-03-07,95.501,96.117,92.476,96.117,3298,96.117
2008-03-10,91.258,91.258,87.925,87.925,3958,87.925
2008-03-11,90.958,90.958,87.925,87.925,5277,87.925
2008-03-12,88.531,88.531,88.531,88.531,331,88.531
2008-03-13,93.682,93.99,93.682,93.99,659,93.99
2008-03-17,90.958,90.958,86.409,86.409,12533,86.409
2008-03-18,87.925,88.531,87.016,88.531,5277,88.531
2008-03-19,88.835,90.958,88.835,89.745,10885,89.745
2008-03-21,90.657,90.958,90.657,90.958,23089,90.958
2008-03-24,90.958,90.958,87.016,87.016,4618,87.016
2008-03-25,87.925,87.925,87.925,87.925,659,87.925
2008-03-26,86.409,86.409,86.106,86.106,659,86.106
2008-03-27,85.5,85.5,84.287,84.287,3958,84.287
2008-03-28,84.287,84.287,82.165,82.165,990,82.165
2008-03-31,84.893,84.893,83.378,83.378,659,83.378
2008-04-01,81.861,81.861,81.861,81.861,1979,81.861
2008-04-04,76.404,79.739,76.404,79.739,6596,79.739
2008-04-07,77.92,77.92,77.92,77.92,2639,77.92
2008-04-09,77.92,77.92,75.797,75.797,7256,75.797
2008-04-10,76.707,78.83,75.797,78.83,1320,78.83
2008-04-11,78.83,81.255,78.83,79.436,1649,79.436
2008-04-14,79.436,79.436,79.436,79.436,990,79.436
2008-04-15,79.739,83.074,79.739,83.074,2639,83.074
2008-04-16,84.287,84.893,84.287,84.893,1320,84.893
2008-04-17,84.893,86.409,84.893,86.409,5936,86.409
2008-04-18,86.409,87.925,85.5,87.925,4947,87.925
2008-04-21,96.419,97.019,95.501,96.117,26717,96.117
2008-04-22,94.896,94.896,84.287,84.287,5608,84.287
2008-04-23,84.287,84.893,83.68,84.893,5277,84.893
2008-04-24,79.436,81.861,79.436,81.861,1320,81.861
2008-04-25,87.925,87.925,87.925,87.925,331,87.925
2008-04-28,81.558,83.378,81.558,83.378,1320,83.378
2008-04-30,87.016,87.016,87.016,87.016,331,87.016
2008-05-01,90.958,90.958,80.649,80.649,10225,80.649
2008-05-02,82.468,84.287,81.861,84.287,13523,84.287
2008-05-07,85.197,85.197,85.197,85.197,331,85.197
2008-05-08,83.68,83.68,82.771,82.771,990,82.771
2008-05-09,83.074,84.893,82.165,84.893,3298,84.893
2008-05-12,86.409,87.925,86.409,87.925,2308,87.925
2008-05-13,89.138,89.138,88.531,88.531,1320,88.531
2008-05-14,85.802,88.228,85.5,88.228,1649,88.228
2008-05-15,87.016,90.048,85.802,85.802,3958,85.802
2008-05-16,87.016,89.441,86.712,89.441,2969,89.441
2008-05-19,90.958,93.99,89.745,93.99,5608,93.99
2008-05-20,94.598,103.09,94.299,103.09,16491,103.09
2008-05-21,104.3,104.3,92.167,92.167,16491,92.167
2008-05-22,85.197,88.228,85.197,87.925,17150,87.925
2008-05-23,97.019,97.019,91.566,93.99,36281,93.99
2008-05-26,85.5,90.958,85.5,90.958,15172,90.958
2008-05-27,87.925,87.925,84.59,85.197,5608,85.197
2008-05-28,86.409,86.712,83.378,86.712,13523,86.712
2008-05-29,84.893,84.893,82.771,84.287,2969,84.287
2008-05-30,81.861,89.441,81.255,89.441,27376,89.441
2008-06-02,83.378,84.893,83.378,83.378,6926,83.378
2008-06-03,83.68,83.68,82.771,83.68,6926,83.68
2008-06-04,86.409,87.925,83.983,85.802,6267,85.802
2008-06-05,85.802,86.712,83.68,86.712,5936,86.712
2008-06-06,85.197,86.712,85.197,86.106,11873,86.106
2008-06-09,83.378,84.287,80.345,83.378,26056,83.378
2008-06-10,81.861,82.771,81.255,82.771,6267,82.771
2008-06-11,83.68,83.68,83.68,83.68,2639,83.68
2008-06-12,82.165,82.771,81.861,82.771,6596,82.771
2008-06-13,82.165,82.165,82.165,82.165,7256,82.165
2008-06-16,83.074,83.074,83.074,83.074,3298,83.074
2008-06-17,82.771,82.771,82.771,82.771,6267,82.771
2008-06-18,83.074,83.68,82.468,82.771,6267,82.771
2008-06-19,82.468,83.074,82.468,82.468,7916,82.468
2008-06-20,82.468,82.771,81.861,82.468,22099,82.468
2008-06-23,81.255,82.165,80.345,82.165,22758,82.165
2008-06-25,81.558,81.861,81.558,81.861,10225,81.861
2008-06-26,81.861,82.165,81.861,82.165,3298,82.165
2008-06-27,81.861,81.861,81.861,81.861,990,81.861
2008-06-30,80.345,80.345,79.132,79.132,3628,79.132
2008-07-01,79.436,79.436,78.83,78.83,2308,78.83
2008-07-02,78.83,78.83,77.617,78.83,1649,78.83
2008-07-03,78.223,81.861,71.553,81.861,36940,81.861
2008-07-04,83.378,83.378,81.861,81.861,71572,81.861
2008-07-07,77.314,77.314,77.314,77.314,659,77.314
2008-07-09,77.617,77.617,77.617,77.617,1979,77.617
2008-07-11,77.314,77.617,77.314,77.617,1320,77.617
2008-07-14,76.404,76.404,73.069,74.888,7256,74.888
2008-07-15,75.192,75.192,70.644,70.644,4947,70.644
2008-07-16,70.644,71.553,69.735,71.553,3958,71.553
2008-07-17,75.797,75.797,73.675,73.675,3628,73.675
2008-07-18,74.281,74.281,74.281,74.281,659,74.281
2008-07-22,82.468,82.468,81.861,81.861,42547,81.861
2008-07-23,80.345,80.345,80.345,80.345,990,80.345
2008-07-24,80.345,80.345,74.281,74.281,2308,74.281
2008-07-25,74.281,74.281,74.281,74.281,4287,74.281
2008-07-29,76.1,76.1,76.1,76.1,331,76.1
2008-07-30,81.861,81.861,77.314,77.314,990,77.314
2008-07-31,81.861,81.861,78.83,78.83,2308,78.83
2008-08-01,80.345,80.345,80.345,80.345,4947,80.345
2008-08-04,76.707,76.707,76.707,76.707,331,76.707
2008-08-05,76.707,76.707,75.797,75.797,4618,75.797
2008-08-06,74.888,74.888,70.644,72.463,5608,72.463
2008-08-07,69.735,69.735,69.735,69.735,4947,69.735
2008-08-08,73.069,75.797,73.069,75.797,4618,75.797
2008-08-11,74.281,77.011,74.281,77.011,13193,77.011
2008-08-12,78.83,79.436,78.83,79.436,7916,79.436
2008-08-13,79.436,79.436,79.436,79.436,3628,79.436
2008-08-14,78.83,78.83,78.83,78.83,2308,78.83
2008-08-15,80.345,80.345,80.345,80.345,3298,80.345
2008-08-18,81.861,82.165,81.861,81.861,1979,81.861
2008-08-19,81.861,83.074,81.861,83.074,5608,83.074
2008-08-20,92.167,92.167,92.167,92.167,24737,92.167
2008-08-21,87.016,87.016,80.043,82.468,45846,82.468
2008-08-22,82.468,82.468,79.436,79.436,5277,79.436
2008-08-25,80.345,80.345,80.345,80.345,331,80.345
2008-08-26,79.436,79.436,78.83,78.83,6596,78.83
2008-08-27,78.83,78.83,76.707,76.707,4947,76.707
2008-08-28,75.797,75.797,74.586,75.797,4947,75.797
2008-08-29,75.495,75.495,73.675,73.675,2308,73.675
2008-09-01,75.192,75.192,73.977,73.977,5277,73.977
2008-09-02,75.797,75.797,75.797,75.797,2639,75.797
2008-09-03,74.281,74.281,74.281,74.281,990,74.281
2008-09-04,73.675,73.675,73.675,73.675,331,73.675
2008-09-05,72.159,72.766,72.159,72.766,4287,72.766
2008-09-08,71.25,72.766,69.127,69.127,6267,69.127
2008-09-12,71.25,72.766,71.25,72.766,990,72.766
2008-09-16,71.25,73.069,70.339,73.069,7586,73.069
2008-09-17,75.797,75.797,74.888,75.797,1320,75.797
2008-09-18,75.797,76.1,75.797,76.1,1979,76.1
2008-09-19,78.223,81.861,77.011,81.861,8246,81.861
2008-09-22,85.5,85.5,82.468,82.468,36611,82.468
2008-09-24,82.165,85.802,82.165,85.802,3628,85.802
2008-09-25,83.378,83.378,83.378,83.378,331,83.378
2008-09-30,75.192,75.797,74.888,74.888,4618,74.888
2008-10-02,74.888,79.739,73.373,73.373,3628,73.373
2008-10-03,72.766,72.766,72.766,72.766,659,72.766
2008-10-06,70.947,70.947,69.127,69.127,1649,69.127
2008-10-07,68.217,68.217,64.277,64.277,4618,64.277
2008-10-08,64.277,64.277,55.181,56.091,12533,56.091
2008-10-09,55.787,60.638,55.787,60.638,5277,60.638
2008-10-10,59.729,59.729,57.606,57.606,9235,57.606
2008-10-14,57.606,63.67,57.606,63.67,14512,63.67
2008-10-15,65.49,65.49,63.67,63.67,6267,63.67
2008-10-16,61.851,61.851,60.941,61.851,33972,61.851
2008-10-17,63.67,64.579,63.67,64.277,9895,64.277
2008-10-20,65.187,68.52,65.187,68.52,11214,68.52
2008-10-21,73.373,73.373,72.766,73.069,33312,73.069
2008-10-22,73.373,73.373,73.373,73.373,1320,73.373
2008-10-23,64.277,67.309,64.277,67.309,8576,67.309
2008-10-24,62.76,62.76,60.638,60.638,16491,60.638
2008-10-27,66.701,66.701,66.701,66.701,2969,66.701
2008-10-28,63.063,63.67,63.063,63.67,1320,63.67
2008-10-29,66.701,72.766,66.701,72.766,5608,72.766
2008-10-30,76.1,76.1,76.1,76.1,331,76.1
2008-10-31,78.83,81.558,78.83,81.255,4947,81.255
2008-11-04,80.952,82.468,80.649,80.649,2969,80.649
2008-11-05,78.83,82.771,78.83,81.861,4947,81.861
2008-11-06,81.861,82.771,78.223,78.223,9564,78.223
2008-11-07,80.043,81.861,80.043,81.861,7916,81.861
2008-11-10,81.861,84.287,81.861,84.287,4618,84.287
2008-11-11,84.59,85.197,80.345,85.197,15832,85.197
2008-11-12,83.378,83.378,83.378,83.378,7256,83.378
2008-11-13,79.739,79.739,79.739,79.739,331,79.739
2008-11-14,80.345,80.345,80.043,80.043,6926,80.043
2008-11-17,80.345,80.345,80.345,80.345,3628,80.345
2008-11-18,82.771,82.771,80.649,80.649,3298,80.649
2008-11-19,83.68,84.287,80.345,80.345,13193,80.345
2008-11-20,83.074,83.074,78.83,79.132,6926,79.132
2008-11-21,78.526,78.526,75.797,75.797,18800,75.797
2008-11-25,77.314,77.314,77.314,77.314,659,77.314
2008-11-26,75.495,75.495,75.495,75.495,659,75.495
2008-11-27,75.797,76.404,73.977,76.404,1320,76.404
2008-11-28,75.797,75.797,75.797,75.797,659,75.797
2008-12-01,75.797,75.797,74.888,75.797,4287,75.797
2008-12-02,75.797,75.797,72.766,75.797,5277,75.797
2008-12-04,69.735,69.735,69.735,69.735,1979,69.735
2008-12-05,69.735,72.463,69.735,71.553,1979,71.553
2008-12-08,72.766,74.586,71.856,74.586,4287,74.586
2008-12-09,74.586,77.314,73.069,73.069,4618,73.069
2008-12-10,67.612,71.553,67.612,69.735,7256,69.735
2008-12-11,69.735,70.037,69.735,69.735,17150,69.735
2008-12-12,69.735,69.735,68.217,69.735,5936,69.735
2008-12-15,68.825,75.192,68.825,75.192,2969,75.192
2008-12-16,77.92,78.83,75.797,78.83,4287,78.83
2008-12-17,79.132,81.861,77.92,77.92,8246,77.92
2008-12-18,80.345,81.255,80.345,80.345,2969,80.345
2008-12-19,81.861,83.074,80.345,83.074,12204,83.074
2008-12-22,81.255,81.255,78.83,78.83,19789,78.83
2008-12-24,78.223,78.223,75.797,75.797,1649,75.797
2008-12-25,84.893,84.893,73.069,80.345,30674,80.345
2008-12-26,80.345,80.345,76.1,76.1,2308,76.1
2008-12-29,83.378,83.378,77.011,77.011,1320,77.011
2008-12-30,83.378,83.378,83.378,83.378,1979,83.378
2009-01-05,83.378,83.378,81.861,81.861,2969,81.861
2009-01-06,81.861,81.861,81.861,81.861,659,81.861
2009-01-07,83.68,83.68,83.68,83.68,659,83.68
2009-01-08,78.223,78.223,78.223,78.223,1649,78.223
2009-01-09,78.223,78.83,78.223,78.83,1979,78.83
2009-01-13,81.861,81.861,81.861,81.861,331,81.861
2009-01-14,75.797,78.526,75.797,78.526,3628,78.526
2009-01-15,77.314,77.314,77.314,77.314,5936,77.314
2009-01-16,78.526,82.165,78.526,82.165,1320,82.165
2009-01-19,83.378,84.287,82.771,84.287,6267,84.287
2009-01-20,84.893,85.802,83.378,85.802,10885,85.802
2009-01-21,86.712,87.319,84.893,87.319,24077,87.319
2009-01-22,87.925,90.958,87.925,90.958,8576,90.958
2009-01-23,87.016,87.016,87.016,87.016,331,87.016
2009-01-26,90.958,90.958,90.958,90.958,331,90.958
2009-01-27,87.925,87.925,85.5,87.925,2308,87.925
2009-01-28,90.958,90.958,88.531,90.958,4287,90.958
2009-01-29,88.835,88.835,87.925,87.925,2308,87.925
2009-01-30,90.958,90.958,90.958,90.958,3298,90.958
2009-02-02,92.777,97.019,92.777,93.99,6596,93.99
2009-02-03,93.99,97.019,92.167,92.167,6267,92.167
2009-02-04,92.167,92.167,92.167,92.167,331,92.167
2009-02-05,97.019,98.235,97.019,97.019,9235,97.019
2009-02-06,109.14,109.14,107.94,109.14,28694,109.14
2009-02-09,96.419,99.75,96.117,96.117,10885,96.117
2009-02-10,92.476,95.501,92.476,92.777,1979,92.777
2009-02-12,93.99,94.598,90.958,92.476,7256,92.476
2009-02-13,93.384,93.384,93.384,93.384,331,93.384
2009-02-16,95.809,95.809,92.167,93.99,990,93.99
2009-02-17,94.299,94.299,93.384,93.384,2969,93.384
2009-02-18,92.777,100.35,92.476,100.35,5277,100.35
2009-02-19,97.019,97.019,97.019,97.019,990,97.019
2009-02-20,97.627,104.61,97.319,104.61,15832,104.61
2009-02-23,108.24,109.14,108.24,109.14,20779,109.14
2009-02-24,103.09,103.09,96.117,96.117,2308,96.117
2009-02-25,95.809,95.809,93.99,95.809,2969,95.809
2009-02-26,95.501,95.501,92.167,92.167,1979,92.167
2009-02-27,95.809,97.627,95.809,97.627,1649,97.627
2009-03-02,88.835,94.598,87.925,87.925,23417,87.925
2009-03-03,87.925,87.925,86.106,86.409,22099,86.409
2009-03-04,90.657,90.958,90.657,90.958,1320,90.958
2009-03-05,88.228,88.228,87.925,87.925,2308,87.925
2009-03-06,86.409,90.958,86.409,90.958,2308,90.958
2009-03-09,90.958,90.958,86.106,86.106,3298,86.106
2009-03-10,85.197,87.925,85.197,86.409,1979,86.409
2009-03-11,87.016,87.622,86.712,86.712,2639,86.712
2009-03-12,90.958,90.958,90.35,90.35,4618,90.35
2009-03-13,90.657,93.99,90.657,93.99,3628,93.99
2009-03-16,92.476,92.476,90.958,90.958,2308,90.958
2009-03-17,92.167,93.682,89.441,89.441,8576,89.441
2009-03-18,93.682,93.99,92.476,92.476,1649,92.476
2009-03-19,92.476,93.99,92.167,92.777,6596,92.777
2009-03-23,96.419,96.419,92.777,92.777,19130,92.777
2009-03-24,92.777,92.777,92.777,92.777,1979,92.777
2009-03-25,92.777,92.777,90.958,92.777,1979,92.777
2009-03-26,90.35,92.777,89.441,89.441,7916,89.441
2009-03-27,90.048,90.048,89.745,89.745,2308,89.745
2009-03-30,92.476,92.476,92.476,92.476,331,92.476
2009-03-31,89.745,89.745,89.745,89.745,331,89.745
2009-04-01,91.258,91.258,91.258,91.258,659,91.258
2009-04-02,88.835,92.777,88.835,92.777,1649,92.777
2009-04-03,92.777,92.777,87.622,90.35,12204,90.35
2009-04-07,95.809,95.809,95.809,95.809,990,95.809
2009-04-09,90.35,90.35,88.531,88.835,1320,88.835
2009-04-10,88.228,88.228,88.228,88.228,331,88.228
2009-04-13,93.682,93.682,89.441,89.441,659,89.441
2009-04-14,89.441,89.745,88.531,88.531,3298,88.531
2009-04-15,89.441,89.441,88.835,88.835,1320,88.835
2009-04-16,88.835,89.441,88.835,89.441,4287,89.441
2009-04-17,90.958,90.958,90.958,90.958,2308,90.958
2009-04-20,91.867,92.476,91.867,92.476,4947,92.476
2009-04-21,93.682,93.682,86.712,91.566,17481,91.566
2009-04-22,90.958,93.682,90.958,93.682,1320,93.682
2009-04-23,90.958,90.958,87.925,87.925,3958,87.925
2009-04-24,86.409,86.409,86.409,86.409,331,86.409
2009-05-01,87.925,87.925,87.925,87.925,659,87.925
2009-05-07,91.566,92.476,90.958,90.958,12204,90.958
2009-05-08,87.925,87.925,87.925,87.925,1649,87.925
2009-05-11,87.925,89.745,87.925,89.745,3628,89.745
2009-05-12,90.048,90.048,87.925,87.925,3628,87.925
2009-05-13,88.835,88.835,87.016,87.925,2969,87.925
2009-05-14,89.745,90.958,89.745,90.958,3958,90.958
2009-05-15,92.476,97.019,92.476,97.019,21109,97.019
2009-05-18,98.235,98.235,92.777,92.777,5936,92.777
2009-05-19,97.019,98.529,97.019,98.529,4287,98.529
2009-05-20,93.682,98.529,93.682,94.598,11214,94.598
2009-05-21,93.99,94.598,90.958,94.598,20449,94.598
2009-05-25,92.167,92.167,91.566,91.566,2969,91.566
2009-05-26,95.809,95.809,91.867,91.867,1320,91.867
2009-05-27,96.71,96.71,88.228,93.682,21768,93.682
2009-05-28,90.048,94.598,90.048,93.99,8905,93.99
2009-05-29,94.896,94.896,90.048,90.958,2639,90.958
2009-06-01,95.203,96.71,91.867,92.476,7586,92.476
2009-06-02,93.99,93.99,91.258,93.682,12533,93.682
2009-06-03,93.384,93.384,91.566,91.566,4618,91.566
2009-06-04,91.867,91.867,91.566,91.566,3298,91.566
2009-06-05,92.476,93.384,92.476,92.777,3628,92.777
2009-06-08,93.682,96.71,93.682,96.419,15502,96.419
2009-06-09,97.019,99.75,93.99,93.99,7916,93.99
2009-06-10,96.71,100.66,94.598,94.598,12863,94.598
2009-06-11,98.235,98.529,97.941,98.529,1979,98.529
2009-06-12,100.66,100.66,97.019,97.941,21768,97.941
2009-06-15,105.21,110.05,105.21,110.05,20779,110.05
2009-06-16,109.76,109.76,106.43,106.43,9235,106.43
2009-06-17,105.21,109.45,105.21,109.45,6596,109.45
2009-06-18,109.45,109.45,108.24,109.14,4287,109.14
2009-06-19,109.14,112.18,109.14,112.18,12204,112.18
2009-06-22,117.64,124.32,117.64,124.32,35951,124.32
2009-06-23,125.52,125.52,115.22,115.51,19460,115.51
2009-06-24,120.37,121.28,115.22,115.22,3958,115.22
2009-06-25,112.79,112.79,107.94,112.18,8576,112.18
2009-06-26,112.18,112.18,107.33,109.76,3298,109.76
2009-06-29,115.82,115.82,115.82,115.82,1979,115.82
2009-06-30,115.22,115.22,112.18,112.18,4618,112.18
2009-07-01,112.18,113.08,112.18,112.18,3298,112.18
2009-07-02,113.7,117.64,110.67,117.64,6267,117.64
2009-07-03,117.64,117.64,117.64,117.64,331,117.64
2009-07-06,112.49,112.79,112.49,112.49,4947,112.49
2009-07-07,114.6,115.22,110.36,110.67,3958,110.67
2009-07-08,112.18,114.6,112.18,112.18,7586,112.18
2009-07-09,113.4,113.7,113.4,113.7,1649,113.7
2009-07-10,113.7,113.7,113.7,113.7,331,113.7
2009-07-13,119.77,123.7,119.77,120.68,19789,120.68
2009-07-14,125.52,125.52,120.06,120.06,14512,120.06
2009-07-15,117.64,121.58,117.64,119.45,2969,119.45
2009-07-16,119.45,120.06,119.45,120.06,3298,120.06
2009-07-17,121.28,122.49,120.68,122.49,10225,122.49
2009-07-21,126.14,132.19,124.62,127.33,33972,127.33
2009-07-22,128.55,130.36,127.33,130.36,8576,130.36
2009-07-23,127.95,127.95,124.32,127.33,5277,127.33
2009-07-24,127.33,131.88,126.42,131.88,3958,131.88
2009-07-27,129.17,129.17,128.85,128.85,2308,128.85
2009-07-28,127.33,127.33,126.14,126.14,2969,126.14
2009-07-29,127.33,127.33,126.42,127.33,990,127.33
2009-07-30,128.85,128.85,128.85,128.85,331,128.85
2009-08-03,128.85,128.85,128.85,128.85,659,128.85
2009-08-04,122.8,128.85,122.8,128.85,3628,128.85
2009-08-05,123.1,125.52,123.1,125.52,5936,125.52
2009-08-06,123.1,123.1,123.1,123.1,990,123.1
2009-08-07,125.52,134.63,125.52,134.63,6926,134.63
2009-08-10,134.63,138.56,134.63,138.56,1320,138.56
2009-08-11,142.19,142.19,135.22,137.96,7586,137.96
2009-08-12,134.31,134.31,129.76,129.76,7256,129.76
2009-08-13,137.96,137.96,137.64,137.64,1979,137.64
2009-08-14,138.86,138.86,138.86,138.86,331,138.86
2009-08-17,134.92,138.56,134.92,137.96,4618,137.96
2009-08-18,138.86,138.86,134.92,134.92,5936,134.92
2009-08-19,136.44,139.47,135.82,139.47,5936,139.47
2009-08-20,140.38,141.9,139.77,139.77,4287,139.77
2009-08-21,140.99,140.99,140.99,140.99,11214,140.99
2009-08-24,139.47,139.47,134.92,134.92,2308,134.92
2009-08-25,140.68,140.68,140.07,140.07,3628,140.07
2009-08-26,140.99,140.99,140.99,140.99,1320,140.99
2009-08-27,139.77,139.77,136.44,136.44,1649,136.44
2009-08-28,136.44,136.44,134.92,134.92,3628,134.92
2009-08-31,137.05,137.05,134.92,134.92,1320,134.92
2009-09-01,133.7,133.7,132.8,133.4,3298,133.4
2009-09-02,135.82,135.82,131.88,131.88,19130,131.88
2009-09-03,130.36,130.36,128.55,128.55,3298,128.55
2009-09-07,121.28,121.58,117.03,121.58,8905,121.58
2009-09-08,118.24,120.37,118.24,118.53,5608,118.53
2009-09-09,121.87,123.7,121.28,123.7,1649,123.7
2009-09-10,132.19,135.82,132.19,135.82,15172,135.82
2009-09-11,135.82,135.82,124.9,124.9,5608,124.9
2009-09-14,126.42,127.04,126.42,126.42,6267,126.42
2009-09-15,133.7,133.7,127.33,127.33,3628,127.33
2009-09-16,139.47,139.47,138.56,139.47,89053,139.47
2009-09-17,132.19,137.96,128.85,131.28,43867,131.28
2009-09-18,131.28,131.28,126.14,127.95,13853,127.95
2009-09-24,127.95,127.95,121.28,124.32,16821,124.32
2009-09-25,127.95,127.95,127.95,127.95,331,127.95
2009-09-28,124.32,127.33,124.32,127.33,1979,127.33
2009-09-29,128.85,128.85,121.28,121.28,5277,121.28
2009-09-30,118.24,121.28,117.34,118.24,6267,118.24
2009-10-01,116.72,116.72,115.82,115.82,10225,115.82
2009-10-02,113.4,113.4,109.14,109.14,10225,109.14
2009-10-05,108.54,109.14,108.54,108.54,3958,108.54
2009-10-06,115.22,117.64,113.99,113.99,1979,113.99
2009-10-07,108.54,125.82,108.54,125.82,9564,125.82
2009-10-08,115.22,131.59,115.22,127.95,13853,127.95
2009-10-09,120.68,120.68,119.77,119.77,659,119.77
2009-10-13,120.06,120.06,115.22,115.22,16821,115.22
2009-10-14,117.64,122.49,113.4,122.49,10885,122.49
2009-10-15,122.49,123.7,121.58,121.58,5936,121.58
2009-10-16,121.58,121.58,121.58,121.58,331,121.58
2009-10-19,122.19,122.49,122.19,122.49,990,122.49
2009-10-20,124.32,127.04,122.49,127.04,7586,127.04
2009-10-21,127.33,127.33,127.33,127.33,10554,127.33
2009-10-22,121.28,121.28,121.28,121.28,331,121.28
2009-10-23,118.86,121.28,118.86,121.28,990,121.28
2009-10-26,124.9,124.9,115.82,116.72,2639,116.72
2009-10-27,117.94,117.94,117.94,117.94,331,117.94
2009-10-28,117.94,117.94,117.94,117.94,331,117.94
2009-10-30,115.51,115.82,115.51,115.82,1979,115.82
2009-11-02,121.58,124.0,121.58,122.8,1979,122.8
2009-11-05,115.51,115.51,115.51,115.51,331,115.51
2009-11-06,115.51,116.72,115.51,116.72,659,116.72
2009-11-09,122.8,122.8,122.8,122.8,9895,122.8
2009-11-10,121.28,123.7,121.28,123.7,9235,123.7
2009-11-11,115.22,117.64,113.7,117.64,4287,117.64
2009-11-12,115.22,115.22,115.22,115.22,990,115.22
2009-11-13,114.9,115.22,114.9,114.9,2639,114.9
2009-11-16,113.7,114.31,113.08,113.08,2969,113.08
2009-11-17,113.7,113.7,112.49,112.49,990,112.49
2009-11-18,114.9,114.9,112.79,112.79,2308,112.79
2009-11-19,117.64,117.64,117.34,117.34,990,117.34
2009-11-20,118.53,118.53,115.22,118.24,2639,118.24
2009-11-24,123.7,123.7,115.22,115.22,11873,115.22
2009-11-25,112.79,112.79,112.18,112.18,2308,112.18
2009-11-26,110.97,110.97,110.97,110.97,331,110.97
2009-11-27,110.97,111.27,98.842,98.842,25397,98.842
2009-11-30,95.203,104.61,95.203,104.61,6267,104.61
2009-12-01,103.09,113.7,99.45,113.7,5277,113.7
2009-12-02,114.9,114.9,114.9,114.9,990,114.9
2009-12-03,116.13,116.13,109.14,109.14,1649,109.14
2009-12-04,106.72,106.72,102.48,103.09,4618,103.09
2009-12-07,109.14,115.22,109.14,114.31,2969,114.31
2009-12-08,109.14,109.14,107.03,107.03,990,107.03
2009-12-09,107.62,111.56,107.62,111.56,659,111.56
2009-12-10,103.09,106.11,103.09,106.11,15172,106.11
2009-12-11,113.4,114.6,107.03,114.31,4947,114.31
2009-12-14,115.22,115.22,115.22,115.22,4618,115.22
2009-12-15,118.24,119.77,117.03,117.03,27045,117.03
2009-12-16,124.32,127.04,117.34,122.49,94660,122.49
2009-12-17,124.62,127.65,118.86,122.19,34302,122.19
2009-12-18,123.39,126.42,122.49,126.42,11544,126.42
2009-12-21,132.8,138.25,130.68,130.68,52113,130.68
2009-12-22,135.22,135.22,125.52,130.36,20779,130.36
2009-12-24,127.95,127.95,123.1,125.52,19789,125.52
2009-12-25,124.0,128.55,123.1,127.33,11873,127.33
2009-12-28,126.14,128.55,126.14,126.14,2969,126.14
2009-12-29,126.14,127.33,125.82,125.82,5936,125.82
2009-12-30,123.1,123.1,121.87,121.87,1649,121.87
2010-01-04,122.8,122.8,116.72,121.28,5277,121.28
2010-01-05,120.97,123.39,120.97,121.28,14182,121.28
2010-01-06,121.28,124.32,121.28,124.32,8905,124.32
2010-01-07,121.58,123.7,121.28,123.7,5277,123.7
2010-01-08,123.7,126.42,123.7,126.42,2639,126.42
2010-01-12,130.36,130.36,124.62,126.14,8576,126.14
2010-01-13,124.9,126.73,124.32,126.73,4287,126.73
2010-01-14,127.33,127.33,124.62,124.62,13853,124.62
2010-01-15,124.9,126.73,124.9,126.42,7916,126.42
2010-01-18,128.55,128.55,128.55,128.55,331,128.55
2010-01-19,128.55,128.55,128.25,128.55,9564,128.55
2010-01-20,129.76,132.19,129.76,132.19,12204,132.19
2010-01-21,129.76,129.76,127.95,127.95,12533,127.95
2010-01-22,129.76,130.07,129.76,130.07,2639,130.07
2010-01-25,128.85,130.07,127.33,130.07,7586,130.07
2010-01-26,132.5,132.5,128.85,128.85,1649,128.85
2010-01-27,128.25,130.36,127.33,130.36,2308,130.36
2010-01-28,128.85,130.36,128.85,130.36,990,130.36
2010-02-01,127.95,127.95,121.58,121.58,3628,121.58
2010-02-02,118.24,121.28,118.24,121.28,3628,121.28
2010-02-03,119.16,124.32,119.16,124.32,1649,124.32
2010-02-04,122.19,125.82,122.19,125.82,1320,125.82
2010-02-05,127.33,127.33,127.33,127.33,990,127.33
2010-02-08,127.33,128.25,125.82,125.82,13523,125.82
2010-02-09,127.33,127.95,126.42,127.95,1320,127.95
2010-02-10,123.7,128.55,123.7,128.55,1979,128.55
2010-02-12,130.07,130.07,126.14,126.14,10225,126.14
2010-02-15,133.4,139.16,133.4,135.22,32983,135.22
2010-02-16,137.34,140.99,137.34,140.68,57719,140.68
2010-02-17,137.96,161.9,137.96,161.29,84105,161.29
2010-02-18,157.66,157.66,148.56,151.59,23748,151.59
2010-02-19,151.59,154.62,145.84,151.59,30674,151.59
2010-02-22,147.95,154.62,147.95,151.29,27704,151.29
2010-02-23,153.1,166.45,150.07,166.45,51783,166.45
2010-02-24,166.75,171.91,157.66,169.79,48485,169.79
2010-02-25,171.3,172.52,160.7,169.79,59039,169.79
2010-02-26,169.79,169.79,154.62,163.72,43867,163.72
2010-03-01,159.19,163.72,159.19,159.19,7256,159.19
2010-03-02,161.6,162.81,156.14,156.44,11214,156.44
2010-03-03,154.62,159.19,151.89,159.19,9895,159.19
2010-03-04,159.19,163.42,156.14,159.48,11873,159.48
2010-03-05,160.7,160.7,153.41,158.56,16821,158.56
2010-03-08,157.66,160.7,156.44,160.7,6267,160.7
2010-03-09,160.38,164.34,153.1,164.34,11873,164.34
2010-03-10,164.34,164.34,155.54,160.38,7256,160.38
2010-03-11,160.38,160.38,155.84,160.38,4287,160.38
2010-03-12,160.38,160.38,156.44,158.87,3958,158.87
2010-03-15,157.96,157.96,152.51,152.51,9895,152.51
2010-03-16,182.82,182.82,182.82,182.82,11873,182.82
2010-03-17,197.99,197.99,173.43,180.4,162933,180.4
2010-03-18,181.92,188.9,177.37,183.43,68274,183.43
2010-03-19,183.43,183.43,178.89,181.61,25066,181.61
2010-03-23,177.37,177.67,172.81,175.25,35951,175.25
2010-03-24,175.25,175.25,172.21,173.12,8246,173.12
2010-03-25,173.12,177.37,173.12,177.37,12533,177.37
2010-03-26,181.61,181.92,177.37,177.37,12204,177.37
2010-03-29,172.81,193.44,167.66,191.62,30674,191.62
2010-03-30,190.4,190.4,179.79,184.34,7256,184.34
2010-03-31,184.34,184.94,181.92,183.43,5936,183.43
2010-04-01,184.64,184.64,174.34,184.34,9895,184.34
2010-04-02,184.34,184.94,178.89,184.94,21109,184.94
2010-04-05,184.94,191.01,184.94,191.01,27704,191.01
2010-04-06,193.74,193.74,184.94,187.98,6596,187.98
2010-04-07,189.49,191.01,187.98,187.98,6596,187.98
2010-04-08,187.98,187.98,183.43,187.98,2639,187.98
2010-04-09,186.76,186.76,186.76,186.76,659,186.76
2010-04-12,186.76,186.76,182.53,186.46,3628,186.46
2010-04-13,185.56,185.56,184.94,185.56,2969,185.56
2010-04-14,184.94,184.94,183.43,184.34,7256,184.34
2010-04-15,183.74,189.49,183.43,186.46,8246,186.46
2010-04-16,186.46,186.46,172.81,181.0,28694,181.0
2010-04-19,181.0,186.16,176.45,186.16,6596,186.16
2010-04-20,189.2,189.2,183.12,186.46,7256,186.46
2010-04-21,187.37,190.72,181.92,190.72,26717,190.72
2010-04-22,191.01,192.22,188.28,192.22,15172,192.22
2010-04-23,194.04,209.5,194.04,195.86,37270,195.86
2010-04-26,204.35,204.35,197.08,204.05,10225,204.05
2010-04-27,201.62,204.35,192.82,199.81,20120,199.81
2010-04-28,200.11,209.2,197.38,209.2,18140,209.2
2010-04-30,215.28,215.28,203.13,209.2,19789,209.2
2010-05-06,200.11,200.71,197.99,200.11,28035,200.11
2010-05-07,187.98,194.04,181.92,194.04,10885,194.04
2010-05-10,184.94,194.04,184.94,194.04,7586,194.04
2010-05-11,194.04,194.04,189.49,192.53,3298,192.53
2010-05-12,189.49,191.01,187.67,191.01,2969,191.01
2010-05-13,189.49,209.2,189.49,208.3,33972,208.3
2010-05-14,208.3,208.3,203.75,205.86,10225,205.86
2010-05-17,224.06,226.48,209.2,224.36,55080,224.36
2010-05-18,217.99,218.6,209.2,215.28,18140,215.28
2010-05-19,211.32,218.3,200.11,218.3,19130,218.3
2010-05-20,218.3,218.3,206.48,211.94,5936,211.94
2010-05-21,205.86,209.2,200.11,209.2,20120,209.2
2010-05-24,200.41,207.99,199.5,207.99,1649,207.99
2010-05-25,203.13,203.13,189.8,193.13,20120,193.13
2010-05-26,181.3,193.13,172.81,193.13,9564,193.13
2010-05-27,189.8,194.04,187.98,193.44,2639,193.44
2010-05-28,191.01,198.9,184.94,184.94,5936,184.94
2010-05-31,181.92,184.94,181.92,184.94,1320,184.94
2010-06-01,185.25,185.86,184.94,184.94,4618,184.94
2010-06-02,176.45,179.19,172.21,172.81,51124,172.81
2010-06-03,174.34,176.45,170.7,172.81,27376,172.81
2010-06-04,173.12,173.73,169.79,170.7,25727,170.7
2010-06-07,161.9,166.16,161.9,165.24,39249,165.24
2010-06-08,165.84,170.39,165.84,170.39,14512,170.39
2010-06-09,166.75,168.27,165.54,165.84,4618,165.84
2010-06-10,168.27,169.79,167.06,169.79,10554,169.79
2010-06-11,172.81,172.81,169.79,172.81,24077,172.81
2010-06-14,174.04,182.82,174.04,180.71,55741,180.71
2010-06-15,181.3,183.12,176.15,181.61,52442,181.61
2010-06-16,187.67,187.67,183.12,183.43,92681,183.43
2010-06-17,183.43,183.43,179.19,183.43,31004,183.43
2010-06-18,183.43,183.43,178.89,181.92,14182,181.92
2010-06-21,181.61,182.22,179.79,181.61,24407,181.61
2010-06-22,182.53,183.74,178.89,178.89,52113,178.89
2010-06-23,180.4,181.3,176.45,181.3,22427,181.3
2010-06-24,179.19,183.43,179.19,181.92,22427,181.92
2010-06-25,178.89,178.89,177.37,177.37,15172,177.37
2010-06-28,183.43,183.43,177.97,178.27,20120,178.27
2010-06-29,178.27,178.27,175.55,175.55,15172,175.55
2010-06-30,172.21,173.12,169.79,173.12,20449,173.12
2010-07-01,171.91,172.81,168.27,172.81,9235,172.81
2010-07-02,172.81,172.81,169.79,172.21,6267,172.21
2010-07-05,169.18,172.81,169.18,172.81,6596,172.81
2010-07-06,171.3,172.81,168.88,168.88,6267,168.88
2010-07-07,169.18,171.91,168.88,171.91,4947,171.91
2010-07-08,172.52,175.85,169.79,172.21,16491,172.21
2010-07-09,170.1,172.52,170.1,172.52,4287,172.52
2010-07-12,173.43,175.85,171.91,172.81,17150,172.81
2010-07-13,175.85,176.15,173.12,173.12,4618,173.12
2010-07-14,174.63,174.63,173.12,173.73,6267,173.73
2010-07-15,175.55,175.55,172.52,172.52,8246,172.52
2010-07-16,172.81,175.85,172.21,172.21,21439,172.21
2010-07-20,171.3,177.37,170.7,174.94,11214,174.94
2010-07-21,170.7,170.7,164.34,164.34,37270,164.34
2010-07-22,164.34,164.34,154.92,154.92,10554,154.92
2010-07-23,156.14,157.96,154.62,157.66,14182,157.66
2010-07-26,160.7,160.7,156.14,157.66,1649,157.66
2010-07-27,157.66,157.66,154.92,155.24,1979,155.24
2010-07-28,155.54,158.56,155.54,158.56,9235,158.56
2010-07-29,157.96,157.96,157.05,157.66,6596,157.66
2010-07-30,158.87,158.87,158.27,158.56,2308,158.56
2010-08-02,159.78,159.78,159.48,159.48,1649,159.48
2010-08-03,158.56,159.48,157.66,159.48,1649,159.48
2010-08-04,156.44,159.19,154.62,159.19,15172,159.19
2010-08-05,157.66,157.66,155.24,157.66,6596,157.66
2010-08-06,157.66,160.7,157.66,160.7,11544,160.7
2010-08-09,157.66,162.21,157.66,160.7,7256,160.7
2010-08-10,156.14,157.66,151.89,157.66,22099,157.66
2010-08-11,152.51,155.24,152.51,152.82,4287,152.82
2010-08-12,152.51,152.82,147.05,147.05,23417,147.05
2010-08-13,151.29,151.29,148.56,148.56,4287,148.56
2010-08-16,144.32,148.56,144.32,148.56,7586,148.56
2010-08-17,148.56,148.88,145.23,145.23,11873,145.23
2010-08-18,145.84,145.84,142.51,145.84,10885,145.84
2010-08-19,146.44,147.05,145.53,145.53,2639,145.53
2010-08-20,146.14,146.44,145.84,145.84,4947,145.84
2010-08-23,146.14,146.14,144.32,145.84,28035,145.84
2010-08-24,143.42,145.53,143.09,145.53,14182,145.53
2010-08-25,144.01,144.01,141.28,143.09,13523,143.09
2010-08-26,141.28,141.28,140.68,140.68,6267,140.68
2010-08-27,139.77,142.51,138.56,141.9,16491,141.9
2010-08-30,141.9,142.19,141.9,141.9,1320,141.9
2010-08-31,145.23,145.23,144.32,144.32,3628,144.32
2010-09-01,140.99,144.32,140.99,144.32,3298,144.32
2010-09-02,141.28,144.32,140.68,140.68,3628,140.68
2010-09-03,142.8,146.74,142.8,143.42,9564,143.42
2010-09-06,143.42,147.05,143.42,147.05,4618,147.05
2010-09-07,148.88,154.02,148.56,154.02,7916,154.02
2010-09-08,156.44,156.44,147.05,147.05,3958,147.05
2010-09-10,148.56,150.07,147.36,150.07,7256,150.07
2010-09-13,151.59,154.62,148.56,148.56,7256,148.56
2010-09-14,150.07,154.02,150.07,153.1,17481,153.1
2010-09-15,156.14,157.66,152.51,157.66,12863,157.66
2010-09-16,158.87,158.87,154.62,157.05,19130,157.05
2010-09-17,159.19,162.21,157.66,162.21,19789,162.21
2010-09-21,165.24,167.97,162.21,166.75,29355,166.75
2010-09-22,166.16,168.27,166.16,166.75,9895,166.75
2010-09-24,166.75,166.75,160.7,163.72,18800,163.72
2010-09-27,165.54,166.75,160.7,162.21,2639,162.21
2010-09-28,160.7,160.7,160.7,160.7,2969,160.7
2010-09-29,162.21,162.21,152.51,156.14,11544,156.14
2010-09-30,159.19,166.75,159.19,162.21,17150,162.21
2010-10-01,159.19,159.19,154.02,159.19,9235,159.19
2010-10-04,157.05,157.05,155.54,156.14,3958,156.14
2010-10-05,154.02,155.54,151.89,151.89,5277,151.89
2010-10-06,151.89,152.2,149.17,150.07,4618,150.07
2010-10-07,147.95,150.39,147.95,150.39,3298,150.39
2010-10-12,147.05,147.05,147.05,147.05,1320,147.05
2010-10-13,150.07,151.59,148.56,148.56,2639,148.56
2010-10-14,148.56,148.56,147.05,147.05,4947,147.05
2010-10-15,148.56,149.78,148.56,149.78,1649,149.78
2010-10-18,154.34,154.34,152.2,152.2,1649,152.2
2010-10-19,154.02,154.02,152.82,152.82,1649,152.82
2010-10-20,153.41,153.41,151.59,151.59,7916,151.59
2010-10-21,148.56,153.41,148.56,153.41,11214,153.41
2010-10-22,149.47,151.59,149.47,151.29,1320,151.29
2010-10-25,152.82,152.82,152.51,152.82,1979,152.82
2010-10-28,150.39,152.82,150.39,152.82,4947,152.82
2010-10-29,149.17,149.17,148.88,148.88,659,148.88
2010-11-02,151.59,151.59,151.59,151.59,1649,151.59
2010-11-04,151.29,153.1,151.29,153.1,6267,153.1
2010-11-05,151.59,153.71,151.59,152.51,18800,152.51
2010-11-08,153.1,153.41,152.51,153.41,4287,153.41
2010-11-09,155.24,158.87,155.24,158.27,25727,158.27
2010-11-10,157.66,160.7,157.36,157.66,8576,157.66
2010-11-11,157.66,157.66,152.51,153.71,12204,153.71
2010-11-12,155.24,155.24,153.1,153.41,15172,153.41
2010-11-15,153.41,154.62,152.82,152.82,11873,152.82
2010-11-16,153.1,154.62,153.1,154.62,4287,154.62
2010-11-17,154.34,155.84,153.1,154.34,8576,154.34
2010-11-18,154.92,157.66,154.02,157.66,8905,157.66
2010-11-19,158.56,158.56,154.02,157.66,33312,157.66
2010-11-22,159.78,163.72,159.19,162.21,34631,162.21
2010-11-24,160.08,164.64,159.78,163.72,17150,163.72
2010-11-25,163.72,165.24,163.72,165.24,6267,165.24
2010-11-26,165.54,166.75,165.24,165.24,15172,165.24
2010-11-29,165.84,166.75,162.21,166.75,9235,166.75
2010-11-30,163.72,163.72,160.7,160.7,2969,160.7
2010-12-01,160.7,163.72,160.7,163.72,2639,163.72
2010-12-02,164.93,165.24,162.51,163.72,30014,163.72
2010-12-03,162.81,164.93,162.81,164.93,5936,164.93
2010-12-06,163.42,166.75,163.42,166.75,20779,166.75
2010-12-07,165.24,165.24,162.51,165.24,17481,165.24
2010-12-08,165.24,165.24,162.21,162.21,10554,162.21
2010-12-09,162.21,162.21,159.78,161.29,2639,161.29
2010-12-10,161.29,163.72,160.7,160.7,23417,160.7
2010-12-13,163.72,168.27,163.72,163.72,18140,163.72
2010-12-14,166.75,167.36,164.64,166.45,28035,166.45
2010-12-15,167.97,171.91,167.06,171.91,34961,171.91
2010-12-16,171.91,172.81,168.27,171.3,31004,171.3
2010-12-17,172.81,172.81,170.7,170.7,9235,170.7
2010-12-20,172.52,177.37,172.52,175.85,31333,175.85
2010-12-21,178.27,181.3,177.67,181.3,40239,181.3
2010-12-22,181.92,184.64,170.1,184.64,62007,184.64
2010-12-24,176.15,181.92,175.85,178.89,51452,178.89
2010-12-27,179.48,180.1,176.76,176.76,8576,176.76
2010-12-28,178.89,179.19,178.89,178.89,7256,178.89
2010-12-29,181.61,181.61,179.19,180.4,3298,180.4
2010-12-30,178.89,181.92,178.89,181.92,5277,181.92
2011-01-04,181.92,182.53,181.61,182.53,29684,182.53
2011-01-05,182.53,184.94,182.22,184.94,17150,184.94
2011-01-06,184.04,190.72,184.04,190.1,42217,190.1
2011-01-07,192.53,197.08,190.4,197.08,76849,197.08
2011-01-11,202.83,202.83,198.59,202.53,31004,202.53
2011-01-12,202.22,205.27,197.08,200.11,42878,200.11
2011-01-13,202.83,202.83,195.56,202.83,73221,202.83
2011-01-14,199.81,204.96,197.08,204.96,37600,204.96
2011-01-17,204.35,204.35,199.18,200.11,16821,200.11
2011-01-18,199.18,200.11,197.08,200.11,15502,200.11
2011-01-19,201.93,203.13,200.11,201.93,17811,201.93
2011-01-20,204.64,208.91,202.53,206.16,105545,206.16
2011-01-21,206.16,206.16,197.08,200.11,58709,200.11
2011-01-24,194.04,200.11,194.04,196.76,26717,196.76
2011-01-25,199.5,199.5,191.92,198.9,16162,198.9
2011-01-26,197.08,197.08,194.35,195.86,13853,195.86
2011-01-27,196.47,199.5,196.47,199.5,3628,199.5
2011-01-28,196.47,196.47,191.92,194.04,12863,194.04
2011-01-31,194.04,194.04,191.01,191.3,14842,191.3
2011-02-01,191.3,193.44,186.76,192.53,21109,192.53
2011-02-02,191.92,195.86,191.01,195.86,14182,195.86
2011-02-03,193.44,195.86,192.82,194.04,16491,194.04
2011-02-04,193.74,200.11,191.3,200.11,21768,200.11
2011-02-07,202.22,208.3,202.22,206.16,35292,206.16
2011-02-08,210.72,220.41,209.81,220.41,87404,220.41
2011-02-09,265.89,265.89,265.89,265.89,114779,265.89
2011-02-10,256.8,262.25,242.55,247.41,388864,247.41
2011-02-14,254.68,276.51,252.56,268.33,262212,268.33
2011-02-15,259.23,266.81,248.92,266.21,144464,266.21
2011-02-16,269.85,271.35,254.98,257.41,61678,257.41
2011-02-17,257.72,257.72,246.19,246.8,37930,246.8
2011-02-18,248.62,254.68,247.1,251.35,23417,251.35
2011-02-21,249.52,257.72,249.52,254.38,33312,254.38
2011-02-22,251.65,254.07,245.58,250.13,50463,250.13
2011-02-23,252.86,253.77,250.13,251.65,21768,251.65
2011-02-24,248.62,248.62,245.58,245.58,23089,245.58
2011-02-25,245.58,247.1,231.94,243.47,54752,243.47
2011-02-28,252.26,252.26,247.41,251.65,27376,251.65
2011-03-01,254.68,265.29,254.68,258.02,62666,258.02
2011-03-02,257.1,257.1,246.19,248.32,24737,248.32
2011-03-03,254.68,254.98,249.84,254.98,15502,254.98
2011-03-04,256.5,263.48,254.98,261.95,43537,261.95
2011-03-07,261.05,300.15,261.05,291.07,223292,291.07
2011-03-08,300.15,302.58,285.0,296.82,149741,296.82
2011-03-09,296.53,297.13,285.0,286.52,79159,286.52
2011-03-10,281.96,281.96,268.33,272.57,67614,272.57
2011-03-11,263.77,272.87,260.74,262.87,57719,262.87
2011-03-14,217.38,227.38,217.38,217.38,131930,217.38
2011-03-15,191.3,191.3,171.91,171.91,147102,171.91
2011-03-16,169.79,191.01,165.84,178.89,142815,178.89
2011-03-17,166.75,181.92,166.75,176.76,47495,176.76
2011-03-18,170.7,206.16,170.7,203.13,63986,203.13
2011-03-22,218.3,222.84,212.24,219.82,77510,219.82
2011-03-23,224.96,224.96,212.24,222.55,24407,222.55
2011-03-24,216.18,216.18,210.11,211.01,37600,211.01
2011-03-25,214.04,214.04,208.59,208.59,19130,208.59
2011-03-28,211.62,211.62,206.16,209.2,18800,209.2
2011-03-29,203.45,203.45,194.65,203.13,13193,203.13
2011-03-30,204.64,204.64,197.68,203.13,2639,203.13
2011-03-31,204.96,204.96,197.08,198.59,16821,198.59
2011-04-01,192.53,206.16,191.62,204.64,41558,204.64
2011-04-04,207.68,207.68,189.8,197.08,43207,197.08
2011-04-05,197.08,200.41,194.04,200.11,17481,200.11
2011-04-06,193.44,198.29,192.22,198.29,8905,198.29
2011-04-07,197.08,197.08,195.56,195.56,3298,195.56
2011-04-08,192.22,195.56,192.22,194.04,4947,194.04
2011-04-11,194.04,197.08,191.01,191.01,11544,191.01
2011-04-12,191.01,191.01,187.98,191.01,18800,191.01
2011-04-13,185.56,187.98,181.92,186.16,35951,186.16
2011-04-14,184.34,187.37,184.34,186.46,6267,186.46
2011-04-15,186.46,189.49,185.86,189.49,4947,189.49
2011-04-18,195.56,206.78,195.56,206.78,25727,206.78
2011-04-19,206.16,206.16,199.81,204.64,21768,204.64
2011-04-20,202.83,206.16,201.32,201.32,23417,201.32
2011-04-21,200.41,204.35,200.11,201.93,13853,201.93
2011-04-22,204.96,205.86,204.96,205.86,4618,205.86
2011-04-25,205.56,205.56,202.53,204.05,3958,204.05
2011-04-26,212.24,212.24,206.16,206.16,11873,206.16
2011-04-27,206.48,212.24,197.38,200.11,16821,200.11
2011-04-28,200.41,208.91,200.41,208.91,9235,208.91
2011-05-02,209.2,216.78,209.2,216.18,16162,216.18
2011-05-06,213.44,213.44,210.11,213.44,16491,213.44
2011-05-09,213.44,218.91,212.24,217.69,24737,217.69
2011-05-10,219.21,231.65,218.6,231.65,42217,231.65
2011-05-11,231.94,237.1,231.94,237.1,31004,237.1
2011-05-12,236.18,236.18,228.9,230.42,19460,230.42
2011-05-13,228.9,230.42,216.78,216.78,26386,216.78
2011-05-16,219.82,224.36,206.48,207.39,40569,207.39
2011-05-17,208.59,212.24,208.59,208.91,27376,208.91
2011-05-18,212.24,214.66,212.24,214.66,6267,214.66
2011-05-19,220.41,220.41,215.28,215.28,4287,215.28
2011-05-20,215.57,215.57,215.28,215.28,3628,215.28
2011-05-23,210.72,211.62,209.81,209.81,8905,209.81
2011-05-24,209.2,211.32,208.59,208.59,9564,208.59
2011-05-25,208.59,211.94,208.59,209.2,1979,209.2
2011-05-26,218.3,218.3,210.72,212.24,11214,212.24
2011-05-27,216.47,216.47,210.42,210.42,8905,210.42
2011-05-30,211.94,216.78,206.16,210.72,15502,210.72
2011-05-31,209.2,213.76,209.2,211.01,2308,211.01
2011-06-01,209.81,211.32,207.08,211.32,6926,211.32
2011-06-02,211.01,211.01,207.39,207.39,5608,207.39
2011-06-03,209.5,212.24,207.39,212.24,33972,212.24
2011-06-06,213.76,213.76,207.99,207.99,6926,207.99
2011-06-07,207.99,208.3,206.48,206.48,6596,206.48
2011-06-08,207.99,207.99,202.83,202.83,11873,202.83
2011-06-09,200.71,205.86,200.71,205.86,11873,205.86
2011-06-10,203.13,208.91,203.13,208.91,12204,208.91
2011-06-13,205.27,205.27,202.22,202.22,16491,202.22
2011-06-14,201.93,207.08,201.93,207.08,13193,207.08
2011-06-15,205.27,207.99,205.27,207.68,7256,207.68
2011-06-16,206.16,206.78,206.16,206.16,5277,206.16
2011-06-17,206.78,209.81,206.48,209.81,16821,209.81
2011-06-20,207.39,236.5,207.39,218.91,30014,218.91
2011-06-21,214.36,215.28,212.53,213.76,14182,213.76
2011-06-22,211.62,215.28,211.62,213.44,5608,213.44
2011-06-23,212.24,214.95,211.62,211.94,9235,211.94
2011-06-24,215.28,218.91,211.94,211.94,7256,211.94
2011-06-27,214.95,214.95,211.94,212.84,11873,212.84
2011-06-28,215.28,215.57,213.76,213.76,9235,213.76
2011-06-29,214.66,215.87,213.14,213.14,13523,213.14
2011-06-30,223.76,223.76,215.57,217.99,36611,217.99
2011-07-01,218.6,221.93,216.78,221.32,14842,221.32
2011-07-04,218.6,221.32,216.78,221.32,10554,221.32
2011-07-05,217.69,219.21,216.18,217.99,12863,217.99
2011-07-06,216.78,217.99,215.28,217.99,10225,217.99
2011-07-07,217.99,218.91,213.76,218.3,9564,218.3
2011-07-08,220.12,220.12,215.28,218.3,21768,218.3
2011-07-11,218.3,219.82,215.87,217.09,31663,217.09
2011-07-12,216.78,218.3,216.18,218.3,6926,218.3
2011-07-13,221.32,230.42,219.82,230.42,33972,230.42
2011-07-14,227.38,231.04,224.06,231.04,16491,231.04
2011-07-15,231.04,234.06,228.9,233.47,16821,233.47
2011-07-19,234.06,247.1,234.06,244.06,45516,244.06
2011-07-20,246.49,248.62,234.98,247.1,34302,247.1
2011-07-21,242.86,246.8,242.86,243.47,15502,243.47
2011-07-22,244.06,245.58,242.86,244.06,15502,244.06
2011-07-25,244.06,248.62,242.55,248.62,25727,248.62
2011-07-26,251.35,257.72,251.35,257.41,53432,257.41
2011-07-27,257.1,265.29,256.5,265.29,87404,265.29
2011-07-28,265.29,271.35,260.74,265.59,46506,265.59
2011-07-29,265.59,271.04,253.16,269.23,73551,269.23
2011-08-01,266.81,269.53,266.81,269.53,11544,269.53
2011-08-02,267.11,267.11,260.74,260.74,19130,260.74
2011-08-03,260.74,260.74,253.16,257.72,24077,257.72
2011-08-04,253.47,258.62,253.16,253.16,12204,253.16
2011-08-05,237.1,247.1,237.1,247.1,30014,247.1
2011-08-08,250.74,250.74,242.86,245.29,25397,245.29
2011-08-09,227.38,245.58,222.84,245.58,36611,245.58
2011-08-10,244.97,244.97,244.38,244.38,6267,244.38
2011-08-11,239.82,242.55,239.82,241.33,6926,241.33
2011-08-12,244.06,248.62,242.24,242.24,7916,242.24
2011-08-15,237.69,242.55,237.69,240.73,6596,240.73
2011-08-16,245.58,245.58,239.82,241.65,3628,241.65
2011-08-17,239.82,245.58,239.82,245.58,2969,245.58
2011-08-18,248.32,248.32,242.55,245.89,9564,245.89
2011-08-19,242.24,245.58,242.24,243.15,16491,243.15
2011-08-22,241.33,248.92,241.33,248.62,19789,248.62
2011-08-23,245.58,248.62,242.24,245.58,10885,245.58
2011-08-24,246.19,247.1,242.55,242.55,12863,242.55
2011-08-25,242.55,248.62,241.96,248.62,3628,248.62
2011-08-26,257.1,257.1,245.89,245.89,8576,245.89
2011-08-29,254.07,254.07,245.58,245.58,1649,245.58
2011-08-30,248.62,248.62,247.1,247.1,6267,247.1
2011-08-31,245.58,247.1,245.58,247.1,4287,247.1
2011-09-01,247.1,251.65,247.1,248.32,4947,248.32
2011-09-02,244.38,249.52,244.06,245.58,9564,245.58
2011-09-05,245.89,248.01,245.89,247.41,14182,247.41
2011-09-06,246.49,246.49,239.82,239.82,9895,239.82
2011-09-07,233.47,239.82,233.15,238.31,20449,238.31
2011-09-08,244.06,246.8,233.15,237.69,19460,237.69
2011-09-09,238.01,240.44,238.01,240.44,2969,240.44
2011-09-12,239.21,239.21,238.31,238.31,1649,238.31
2011-09-13,234.67,234.98,233.47,233.47,9564,233.47
2011-09-14,235.58,236.5,230.42,230.42,15172,230.42
2011-09-15,233.15,234.67,233.15,234.67,4618,234.67
2011-09-16,231.33,234.98,230.42,234.98,2969,234.98
2011-09-20,242.55,242.55,236.5,236.5,1979,236.5
2011-09-21,230.72,232.55,230.42,232.55,7586,232.55
2011-09-22,230.42,233.15,228.61,233.15,2639,233.15
2011-09-26,238.92,238.92,221.32,221.32,16491,221.32
2011-09-27,221.32,221.32,215.57,217.69,8246,217.69
2011-09-28,219.82,219.82,213.76,213.76,11873,213.76
2011-09-29,217.69,217.69,211.62,213.76,12204,213.76
2011-09-30,214.66,216.47,214.66,215.57,7586,215.57
2011-10-03,215.57,215.57,209.2,214.95,23417,214.95
2011-10-04,209.2,209.2,209.2,209.2,3298,209.2
2011-10-05,209.2,212.24,209.2,212.24,7586,212.24
2011-10-06,210.42,210.42,207.99,207.99,4287,207.99
2011-10-07,209.2,212.84,209.2,212.84,990,212.84
2011-10-11,209.5,217.09,209.5,209.5,10885,209.5
2011-10-12,210.11,210.11,210.11,210.11,3298,210.11
2011-10-13,212.84,212.84,211.62,211.62,9564,211.62
2011-10-14,211.62,211.62,211.01,211.62,2639,211.62
2011-10-17,214.66,214.66,213.14,213.14,5277,213.14
2011-10-18,213.14,213.14,213.14,213.14,659,213.14
2011-10-19,217.09,217.09,214.66,214.66,3628,214.66
2011-10-20,215.28,216.47,215.28,215.57,13523,215.57
2011-10-21,211.01,212.84,209.2,210.11,9235,210.11
2011-10-24,215.28,215.28,214.95,214.95,990,214.95
2011-10-25,214.95,214.95,213.44,214.66,6267,214.66
2011-10-26,221.32,221.32,220.41,220.73,11544,220.73
2011-10-27,220.41,220.41,218.3,218.3,1320,218.3
2011-10-28,221.32,221.32,219.21,219.21,659,219.21
2011-10-31,218.3,218.3,216.47,216.47,659,216.47
2011-11-01,218.3,218.3,218.3,218.3,331,218.3
2011-11-02,217.38,217.38,215.87,215.87,1979,215.87
2011-11-04,215.28,215.28,215.28,215.28,990,215.28
2011-11-08,218.3,221.32,218.3,219.21,5277,219.21
2011-11-09,219.82,220.12,215.28,217.99,12533,217.99
2011-11-10,214.66,216.78,212.24,216.78,6267,216.78
2011-11-11,216.78,216.78,208.59,215.28,9564,215.28
2011-11-14,212.53,212.53,209.2,212.24,9235,212.24
2011-11-15,212.53,212.84,212.53,212.84,659,212.84
2011-11-16,209.5,209.81,209.5,209.81,1979,209.81
2011-11-17,211.62,211.62,209.5,210.42,5936,210.42
2011-11-18,210.72,212.24,209.5,212.24,8905,212.24
2011-11-21,212.24,212.53,209.5,210.42,4947,210.42
2011-11-22,210.11,210.11,208.59,208.59,5608,208.59
2011-11-24,204.05,204.05,201.93,202.22,7586,202.22
2011-11-25,201.62,202.22,201.62,202.22,3628,202.22
2011-11-28,210.72,210.72,201.62,201.62,9564,201.62
2011-11-29,203.13,208.91,202.53,202.53,8576,202.53
2011-11-30,203.45,203.45,203.13,203.13,1979,203.13
2011-12-01,208.59,210.42,206.16,210.42,4618,210.42
2011-12-02,208.59,211.01,208.59,209.2,22427,209.2
2011-12-05,210.72,215.28,210.42,215.28,4947,215.28
2011-12-06,217.99,219.82,216.47,219.82,16821,219.82
2011-12-07,220.73,220.73,217.99,217.99,990,217.99
2011-12-08,217.99,217.99,216.78,217.69,3958,217.69
2011-12-09,218.3,220.73,218.3,218.3,12204,218.3
2011-12-12,218.3,218.91,218.3,218.91,1320,218.91
2011-12-13,218.3,218.6,218.3,218.6,12204,218.6
2011-12-14,218.3,218.6,218.3,218.6,10554,218.6
2011-12-15,217.38,221.32,217.38,219.21,4618,219.21
2011-12-16,219.82,219.82,215.87,218.3,24077,218.3
2011-12-19,217.38,218.3,216.78,218.3,990,218.3
2011-12-20,219.82,220.41,217.09,217.09,6596,217.09
2011-12-21,215.28,216.47,212.24,215.28,19460,215.28
2011-12-22,213.76,213.76,211.94,213.76,17150,213.76
2011-12-26,221.32,221.32,219.21,221.02,19460,221.02
2011-12-27,221.02,221.02,216.78,216.78,14842,216.78
2011-12-28,217.09,218.3,215.87,217.09,5936,217.09
2011-12-29,221.02,221.02,215.87,220.12,2969,220.12
2011-12-30,221.32,222.84,221.32,222.84,1320,222.84
2012-01-04,224.96,225.27,223.15,223.45,6596,223.45
2012-01-05,223.45,235.58,223.45,235.58,32653,235.58
2012-01-06,236.5,239.21,235.58,236.5,20120,236.5
2012-01-10,232.23,238.61,232.23,238.31,8905,238.31
2012-01-11,236.5,236.5,234.98,236.5,1320,236.5
2012-01-12,234.98,236.5,231.94,236.5,18140,236.5
2012-01-13,231.94,234.06,231.65,231.94,16821,231.94
2012-01-16,231.94,231.94,228.9,229.82,13193,229.82
2012-01-17,228.3,228.9,227.38,227.38,13853,227.38
2012-01-18,226.78,227.7,224.36,227.7,10225,227.7
2012-01-20,227.7,233.47,224.36,230.42,19789,230.42
2012-01-23,226.78,230.42,225.87,230.42,10225,230.42
2012-01-24,231.04,233.15,231.04,233.15,2969,233.15
2012-01-25,235.87,236.5,233.47,233.47,11873,233.47
2012-01-26,242.24,242.24,230.42,233.47,17811,233.47
2012-01-27,235.58,237.69,231.94,234.36,15172,234.36
2012-01-30,231.94,235.87,231.94,231.94,12863,231.94
2012-01-31,231.94,231.94,228.61,228.61,18140,228.61
2012-02-01,228.61,235.58,228.61,235.58,9235,235.58
2012-02-02,235.58,235.58,233.47,233.47,10885,233.47
2012-02-03,237.4,237.4,234.98,234.98,2308,234.98
2012-02-06,239.52,239.52,236.79,239.21,45846,239.21
2012-02-07,239.21,239.21,233.47,233.47,16162,233.47
2012-02-08,233.47,238.31,233.47,234.98,7586,234.98
2012-02-09,238.01,238.01,230.42,234.67,14512,234.67
2012-02-10,236.5,236.5,235.58,235.58,5608,235.58
2012-02-13,235.58,238.01,235.58,237.1,4287,237.1
2012-02-14,239.52,248.62,239.52,248.01,25727,248.01
2012-02-15,248.62,251.35,248.62,249.22,17481,249.22
2012-02-16,247.1,248.32,245.89,247.1,11873,247.1
2012-02-17,246.19,248.62,242.55,248.62,13523,248.62
2012-02-20,248.62,250.43,242.86,250.43,15832,250.43
2012-02-21,250.13,265.89,249.84,256.2,41558,256.2
2012-02-22,257.41,268.33,257.41,263.77,41558,263.77
2012-02-23,263.77,263.77,256.8,260.74,19789,260.74
2012-02-24,257.72,260.74,256.8,260.43,18471,260.43
2012-02-27,269.53,269.85,263.17,264.99,18471,264.99
2012-02-28,267.71,268.33,262.25,263.17,23417,263.17
2012-02-29,266.51,266.51,263.17,263.77,6596,263.77
2012-03-01,263.77,263.77,257.72,262.56,7586,262.56
2012-03-02,257.72,260.74,257.1,257.72,18471,257.72
2012-03-05,257.1,259.23,256.2,258.92,21768,258.92
2012-03-06,258.92,266.81,258.92,263.77,12533,263.77
2012-03-07,258.62,260.43,256.5,260.43,6267,260.43
2012-03-08,258.02,260.74,257.72,260.14,12863,260.14
2012-03-09,262.87,262.87,257.1,257.1,17150,257.1
2012-03-12,257.1,257.1,255.58,256.5,8905,256.5
2012-03-13,259.23,262.25,258.62,260.14,31663,260.14
2012-03-14,262.25,265.29,262.25,264.99,12863,264.99
2012-03-15,264.99,265.29,262.56,265.29,15172,265.29
2012-03-16,265.29,272.26,264.99,271.35,36281,271.35
2012-03-19,272.57,278.93,271.35,275.9,52113,275.9
2012-03-21,278.93,284.39,278.63,281.96,55741,281.96
2012-03-22,281.67,281.67,273.17,280.76,20779,280.76
2012-03-23,274.39,279.85,273.17,279.85,15502,279.85
2012-03-26,280.76,281.96,277.42,278.03,16162,278.03
2012-03-27,280.44,284.39,274.39,283.79,20120,283.79
2012-03-28,273.78,278.93,273.78,278.93,3298,278.93
2012-03-29,273.48,275.9,267.41,271.67,17150,271.67
2012-03-30,271.67,277.42,271.04,277.42,21109,277.42
2012-04-02,278.03,287.12,278.03,286.52,32322,286.52
2012-04-03,286.52,287.73,280.44,285.3,13193,285.3
2012-04-04,285.0,285.0,273.78,275.9,21768,275.9
2012-04-05,269.85,272.87,268.33,268.93,16491,268.93
2012-04-06,268.93,278.33,268.62,270.15,8246,270.15
2012-04-09,271.35,272.26,270.75,270.75,3958,270.75
2012-04-10,270.75,272.87,268.33,272.57,7916,272.57
2012-04-11,268.33,272.57,265.59,272.57,5608,272.57
2012-04-12,270.44,277.72,268.33,277.42,10554,277.42
2012-04-13,281.67,283.48,281.67,283.48,11873,283.48
2012-04-16,283.18,283.18,278.93,278.93,4618,278.93
2012-04-17,282.87,286.22,280.44,285.9,10554,285.9
2012-04-18,281.96,283.48,278.93,283.48,13193,283.48
2012-04-19,277.12,282.58,276.81,281.96,13193,281.96
2012-04-20,280.44,280.44,277.42,278.93,10885,278.93
2012-04-23,278.93,278.93,273.48,273.48,8246,273.48
2012-04-24,273.48,278.93,273.48,277.42,9235,277.42
2012-04-25,277.42,277.42,275.6,275.6,3958,275.6
2012-04-26,278.93,278.93,273.48,274.39,15172,274.39
2012-04-27,275.3,275.9,274.39,274.39,3958,274.39
2012-05-01,276.51,276.51,273.48,274.39,14512,274.39
2012-05-02,275.9,275.9,270.44,272.87,7586,272.87
2012-05-07,272.87,272.87,261.05,261.05,9895,261.05
2012-05-08,262.25,263.77,262.25,263.77,8576,263.77
2012-05-09,263.77,263.77,258.02,260.74,10554,260.74
2012-05-10,257.72,258.02,257.72,257.72,2308,257.72
2012-05-11,257.72,259.23,256.2,256.2,5608,256.2
2012-05-14,258.92,258.92,239.82,239.82,45516,239.82
2012-05-15,262.56,262.56,244.97,253.47,27045,253.47
2012-05-16,246.49,253.16,241.65,242.55,21768,242.55
2012-05-17,243.15,243.47,243.15,243.15,2308,243.15
2012-05-18,238.31,239.52,233.47,236.5,32322,236.5
2012-05-21,230.72,242.55,230.72,242.55,8905,242.55
2012-05-22,242.55,247.1,242.55,247.1,5936,247.1
2012-05-23,248.32,248.32,244.06,244.06,5936,244.06
2012-05-24,242.86,244.67,242.86,243.15,2308,243.15
2012-05-25,247.41,247.41,245.58,247.41,2308,247.41
2012-05-28,243.15,243.15,242.55,242.55,4287,242.55
2012-05-29,242.86,245.29,242.86,245.29,4287,245.29
2012-05-30,245.29,248.01,243.47,248.01,14182,248.01
2012-05-31,248.01,250.13,248.01,250.13,7586,250.13
2012-06-01,247.7,247.7,244.38,244.38,3298,244.38
2012-06-04,242.24,242.24,237.4,239.52,19789,239.52
2012-06-05,237.4,247.1,237.4,247.1,4287,247.1
2012-06-06,243.15,245.58,242.86,243.15,1979,243.15
2012-06-07,245.29,245.29,244.38,244.38,990,244.38
2012-06-08,244.38,244.38,242.55,242.55,3958,242.55
2012-06-11,242.86,242.86,242.86,242.86,5936,242.86
2012-06-12,242.55,242.86,242.55,242.55,4618,242.55
2012-06-13,238.01,240.44,238.01,240.44,4947,240.44
2012-06-14,240.44,242.55,240.13,240.13,6926,240.13
2012-06-15,242.55,245.29,242.55,242.55,5608,242.55
2012-06-18,245.29,249.84,245.29,249.84,15832,249.84
2012-06-19,249.84,259.53,248.92,259.53,9235,259.53
2012-06-20,259.53,263.77,257.72,263.17,6267,263.17
2012-06-21,254.07,260.14,254.07,260.14,8905,260.14
2012-06-22,259.84,260.14,259.84,260.14,1320,260.14
2012-06-25,260.14,260.74,256.8,260.74,2969,260.74
2012-06-26,265.59,265.59,263.77,263.77,9564,263.77
2012-06-27,266.51,266.51,263.48,265.89,2639,265.89
2012-06-28,263.77,263.77,256.2,256.2,12863,256.2
2012-06-29,262.25,266.81,262.25,266.81,2639,266.81
2012-07-02,266.81,266.81,261.95,266.81,25066,266.81
2012-07-03,266.81,266.81,264.38,264.99,4287,264.99
2012-07-04,278.03,278.03,275.6,277.42,29355,277.42
2012-07-05,281.06,284.39,278.63,278.63,16821,278.63
2012-07-06,274.08,275.3,263.77,275.3,14512,275.3
2012-07-09,273.17,273.17,261.35,268.03,20779,268.03
2012-07-10,270.44,278.63,270.44,278.63,30674,278.63
2012-07-11,282.87,286.22,276.51,285.9,54091,285.9
2012-07-12,285.61,285.61,280.14,280.14,16162,280.14
2012-07-13,280.14,285.9,278.93,284.09,25397,284.09
2012-07-17,285.0,285.61,280.14,283.48,33643,283.48
2012-07-18,283.48,283.48,279.24,279.24,5608,279.24
2012-07-19,278.93,278.93,277.12,277.12,2308,277.12
2012-07-20,278.93,283.18,275.9,282.58,18140,282.58
2012-07-23,287.12,287.12,275.3,276.51,13523,276.51
2012-07-24,273.17,274.39,272.57,274.39,14512,274.39
2012-07-25,274.39,278.03,273.78,278.03,2639,278.03
2012-07-26,284.09,284.09,281.96,281.96,14512,281.96
2012-07-27,281.96,284.09,281.96,281.96,7256,281.96
2012-07-30,281.96,281.96,275.3,275.3,16162,275.3
2012-07-31,275.3,275.9,274.39,274.69,8576,274.69
2012-08-01,274.39,274.39,273.78,273.78,3958,273.78
2012-08-02,273.78,274.39,273.78,274.39,2969,274.39
2012-08-03,271.35,271.35,271.35,271.35,331,271.35
2012-08-06,275.9,277.72,275.9,277.42,1320,277.42
2012-08-07,273.48,276.51,271.96,274.39,7586,274.39
2012-08-08,274.69,278.63,271.67,278.03,11214,278.03
2012-08-09,282.27,283.79,275.9,280.14,18471,280.14
2012-08-10,281.96,281.96,279.85,279.85,3628,279.85
2012-08-13,279.85,279.85,276.51,279.54,11214,279.54
2012-08-14,282.87,282.87,277.42,282.87,7916,282.87
2012-08-15,283.79,289.55,282.87,287.43,31333,287.43
2012-08-16,287.12,287.73,282.87,287.43,27045,287.43
2012-08-17,286.52,287.73,282.87,287.73,15172,287.73
2012-08-20,285.61,285.61,283.18,283.18,12533,283.18
2012-08-21,281.96,281.96,276.81,278.93,23748,278.93
2012-08-22,280.14,280.14,276.51,278.93,15832,278.93
2012-08-23,279.54,282.27,278.93,282.27,7916,282.27
2012-08-24,278.93,280.44,278.93,280.44,12533,280.44
2012-08-27,282.27,282.27,276.81,278.93,26386,278.93
2012-08-28,278.93,278.93,275.9,277.42,8246,277.42
2012-08-29,273.78,273.78,272.26,272.87,9235,272.87
2012-08-30,274.39,274.39,269.53,271.04,25066,271.04
2012-08-31,270.44,274.39,269.53,269.53,26056,269.53
2012-09-03,274.08,274.08,266.81,269.85,26386,269.85
2012-09-04,267.71,268.33,265.29,265.29,11873,265.29
2012-09-05,265.89,268.33,265.29,265.29,10885,265.29
2012-09-06,265.59,265.59,263.77,265.29,8905,265.29
2012-09-07,264.38,271.35,260.74,265.29,26386,265.29
2012-09-10,265.29,269.23,265.29,265.59,16162,265.59
2012-09-11,266.81,291.07,263.77,278.63,48155,278.63
2012-09-12,275.3,276.51,271.35,275.9,14512,275.9
2012-09-13,285.0,285.0,277.12,284.09,24737,284.09
2012-09-14,286.8,288.04,280.44,281.67,45516,281.67
2012-09-18,284.7,285.0,278.33,284.7,16491,284.7
2012-09-19,285.3,285.9,281.36,285.61,6267,285.61
2012-09-20,281.67,284.39,279.85,280.44,11214,280.44
2012-09-21,277.72,283.18,272.87,278.93,21439,278.93
2012-09-24,280.14,280.44,278.93,280.44,6267,280.44
2012-09-25,280.76,282.58,280.44,281.36,8576,281.36
2012-09-26,287.73,287.73,280.14,286.52,22758,286.52
2012-09-27,286.52,302.89,286.52,300.77,68274,300.77
2012-09-28,298.63,301.98,291.67,299.56,27045,299.56
2012-10-01,298.95,299.24,294.09,299.24,6267,299.24
2012-10-02,299.56,315.32,299.56,309.26,63986,309.26
2012-10-03,309.86,315.32,309.86,312.89,29025,312.89
2012-10-04,312.59,315.92,310.78,310.78,21768,310.78
2012-10-05,316.52,319.86,311.68,319.86,35951,319.86
2012-10-09,322.9,327.44,322.9,327.44,16491,327.44
2012-10-10,330.48,331.69,327.44,331.69,22427,331.69
2012-10-11,327.44,330.17,321.38,330.17,16821,330.17
2012-10-12,330.17,331.69,324.72,324.72,11873,324.72
2012-10-15,323.8,327.44,317.75,326.24,28035,326.24
2012-10-16,326.54,328.35,324.42,327.44,17481,327.44
2012-10-17,327.44,333.52,325.93,331.38,62007,331.38
2012-10-18,331.09,331.09,328.65,328.65,12533,328.65
2012-10-19,328.65,338.98,328.65,338.98,42547,338.98
2012-10-22,332.9,341.09,331.38,341.09,18800,341.09
2012-10-23,341.09,341.69,336.54,341.69,12204,341.69
2012-10-24,342.61,345.02,335.03,345.02,20449,345.02
2012-10-25,342.0,348.06,340.79,348.06,16491,348.06
2012-10-26,351.7,363.83,350.18,362.92,45185,362.92
2012-10-29,362.92,367.47,357.77,367.47,68274,367.47
2012-10-30,372.63,372.92,369.29,372.63,33972,372.63
2012-10-31,369.9,372.92,364.43,372.63,19460,372.63
2012-11-01,374.74,385.05,372.92,385.05,47165,385.05
2012-11-02,385.05,388.09,378.99,387.77,44197,387.77
2012-11-05,380.2,389.6,379.29,388.09,24737,388.09
2012-11-06,388.09,390.51,372.92,389.6,39579,389.6
2012-11-07,375.95,388.09,375.95,388.09,27376,388.09
2012-11-08,363.83,375.95,361.1,361.1,59698,361.1
2012-11-09,357.77,369.9,355.64,369.9,47495,369.9
2012-11-12,378.99,378.99,359.29,359.29,31333,359.29
2012-11-13,357.16,359.29,337.15,338.66,43867,338.66
2012-11-14,325.02,334.72,322.9,327.75,37930,327.75
2012-11-15,333.52,333.52,326.54,332.0,12204,332.0
2012-11-16,332.0,332.0,327.44,331.09,9564,331.09
2012-11-19,321.98,332.6,321.98,328.65,20449,328.65
2012-11-20,330.48,342.3,328.06,342.3,16821,342.3
2012-11-21,339.27,347.16,338.05,339.57,12863,339.57
2012-11-22,339.57,339.57,332.6,338.36,20779,338.36
2012-11-26,341.69,341.69,321.38,335.03,24407,335.03
2012-11-27,335.03,335.03,324.72,324.72,21768,324.72
2012-11-28,322.9,328.06,321.38,321.69,18800,321.69
2012-11-29,327.15,327.75,321.38,327.75,8246,327.75
2012-11-30,332.0,332.6,323.5,331.38,12204,331.38
2012-12-03,329.26,330.78,324.42,327.44,9564,327.44
2012-12-04,330.48,333.52,330.48,332.29,10885,332.29
2012-12-05,328.06,328.35,325.02,325.93,16491,325.93
2012-12-06,325.93,328.96,325.93,328.96,15172,328.96
2012-12-07,330.17,332.29,330.17,332.0,14512,332.0
2012-12-10,331.09,333.81,331.09,333.2,3298,333.2
2012-12-11,333.2,351.39,333.2,341.39,24077,341.39
2012-12-12,340.79,341.09,333.52,336.54,11214,336.54
2012-12-13,341.39,351.7,341.39,344.12,13523,344.12
2012-12-14,339.57,357.77,339.57,350.49,10554,350.49
2012-12-17,363.53,363.53,341.09,360.49,13193,360.49
2012-12-18,360.19,360.19,348.98,355.03,17481,355.03
2012-12-19,355.03,355.03,349.88,351.1,15172,351.1
2012-12-20,354.74,355.64,347.16,348.66,11873,348.66
2012-12-21,351.39,351.7,346.54,346.54,11544,346.54
2012-12-25,363.83,363.83,350.49,354.44,27704,354.44
2012-12-26,362.31,362.31,349.28,360.49,12863,360.49
2012-12-27,359.29,359.29,354.74,356.25,5277,356.25
2012-12-28,354.74,362.01,354.74,362.01,10225,362.01
2013-01-04,363.83,363.83,356.55,356.55,22099,356.55
2013-01-07,354.74,354.74,342.0,344.43,40239,344.43
2013-01-08,344.72,357.77,344.72,346.24,18140,346.24
2013-01-09,349.28,360.8,349.28,360.8,18800,360.8
2013-01-10,369.9,372.32,366.86,370.5,40239,370.5
2013-01-11,372.32,378.99,369.29,377.47,52442,377.47
2013-01-15,382.02,389.6,382.02,388.09,38589,388.09
2013-01-16,388.09,388.09,379.29,387.49,15172,387.49
2013-01-17,387.49,387.49,379.59,380.82,25397,380.82
2013-01-18,380.51,382.02,377.77,377.77,31993,377.77
2013-01-21,370.2,373.22,368.06,368.06,37270,368.06
2013-01-22,368.99,372.92,363.83,365.35,42217,365.35
2013-01-23,372.01,372.01,365.35,371.1,12204,371.1
2013-01-24,367.76,372.32,366.86,367.17,17150,367.17
2013-01-25,368.68,372.92,368.68,371.4,15502,371.4
2013-01-28,372.92,372.92,369.9,369.9,21768,369.9
2013-01-29,370.5,372.01,369.9,369.9,23748,369.9
2013-01-30,369.9,372.92,366.86,369.9,18800,369.9
2013-01-31,369.9,369.9,364.43,365.95,17150,365.95
2013-02-01,365.95,369.29,360.8,363.83,23417,363.83
2013-02-04,363.83,369.9,361.71,369.9,21109,369.9
2013-02-05,366.86,375.66,366.86,366.86,9235,366.86
2013-02-06,375.36,375.36,368.68,369.29,7256,369.29
2013-02-07,375.36,375.95,369.29,375.66,18471,375.66
2013-02-08,375.66,382.02,369.9,375.66,24077,375.66
2013-02-12,367.76,372.92,360.19,369.58,59698,369.58
2013-02-13,360.8,360.8,351.7,351.7,29684,351.7
2013-02-14,333.52,362.92,333.52,345.64,49144,345.64
2013-02-15,347.16,348.66,345.64,345.64,11544,345.64
2013-02-18,348.66,352.91,342.61,347.16,21109,347.16
2013-02-19,350.18,350.18,343.2,348.66,20449,348.66
2013-02-20,351.1,351.39,348.06,348.66,20120,348.66
2013-02-21,349.57,349.88,345.64,348.66,31663,348.66
2013-02-22,348.66,350.18,346.24,347.16,38589,347.16
2013-02-25,350.18,356.25,350.18,356.25,27704,356.25
2013-02-26,351.7,356.55,349.57,354.74,14512,354.74
2013-02-27,354.74,355.34,354.13,354.74,11544,354.74
2013-02-28,363.22,363.22,354.44,354.74,24407,354.74
2013-03-01,354.74,354.74,347.76,347.76,43537,347.76
2013-03-04,348.98,356.25,348.98,351.7,55411,351.7
2013-03-05,356.25,366.25,355.03,360.19,63656,360.19
2013-03-06,363.83,371.4,363.53,363.83,60357,363.83
2013-03-07,363.83,365.95,361.1,363.83,29025,363.83
2013-03-08,365.35,369.9,363.22,368.99,45516,368.99
2013-03-11,370.2,372.92,366.86,372.92,38920,372.92
2013-03-12,372.92,377.77,371.4,374.14,24737,374.14
2013-03-13,375.04,380.2,374.74,378.37,33312,378.37
2013-03-14,386.57,397.18,380.51,396.88,119397,396.88
2013-03-15,400.52,412.34,394.46,410.83,83446,410.83
2013-03-18,421.43,427.5,414.46,418.4,81137,418.4
2013-03-19,418.4,418.4,410.83,410.83,33312,410.83
2013-03-21,419.92,429.93,415.37,429.93,78498,429.93
2013-03-22,430.53,447.21,424.77,447.21,108843,447.21
2013-03-25,446.9,506.34,445.69,494.19,240113,494.19
2013-03-26,500.26,515.42,488.44,515.42,129291,515.42
2013-03-27,507.85,507.85,480.56,494.19,86085,494.19
2013-03-28,482.07,482.07,447.21,463.88,88723,463.88
2013-03-29,458.13,458.13,445.08,448.71,57060,448.71
2013-04-01,451.75,452.05,426.6,433.57,74870,433.57
2013-04-02,424.47,443.26,413.86,433.86,33972,433.86
2013-04-03,441.14,442.66,429.62,442.36,14512,442.36
2013-04-04,442.36,466.61,442.36,466.0,26056,466.0
2013-04-05,469.95,478.43,435.08,457.82,31333,457.82
2013-04-08,454.79,463.88,451.75,463.88,24407,463.88
2013-04-09,463.88,469.34,456.91,461.46,20120,461.46
2013-04-10,462.67,471.16,458.43,458.43,21109,458.43
2013-04-11,460.54,463.28,450.24,450.24,36611,450.24
2013-04-12,466.61,466.61,450.24,462.06,11214,462.06
2013-04-15,460.85,460.85,453.27,455.09,6267,455.09
2013-04-16,456.31,456.31,448.71,450.24,32983,450.24
2013-04-17,469.95,469.95,451.75,455.39,29025,455.39
2013-04-18,451.15,455.09,443.87,455.09,79818,455.09
2013-04-19,457.21,463.88,454.79,459.33,23089,459.33
2013-04-22,468.13,468.13,460.24,460.24,26386,460.24
2013-04-23,468.13,479.95,460.85,479.95,84765,479.95
2013-04-24,485.1,491.17,481.47,483.88,65305,483.88
2013-04-25,485.1,491.17,484.2,488.44,44857,488.44
2013-04-26,488.73,492.68,485.1,492.68,62337,492.68
2013-04-30,498.74,499.97,496.02,496.33,23089,496.33
2013-05-01,496.33,498.74,479.65,485.1,42217,485.1
2013-05-02,479.05,486.63,476.9,480.86,29684,480.86
2013-05-07,485.1,500.26,485.1,500.26,54091,500.26
2013-05-08,500.26,530.58,500.26,500.56,132590,500.56
2013-05-09,503.29,518.45,503.29,518.45,56070,518.45
2013-05-10,518.16,521.48,507.85,519.97,55411,519.97
2013-05-13,527.56,527.56,513.91,522.39,32322,522.39
2013-05-14,521.48,523.01,512.71,516.93,29684,516.93
2013-05-15,480.56,486.63,469.95,476.32,134239,476.32
2013-05-16,455.09,469.95,429.02,460.54,114449,460.54
2013-05-17,442.96,469.95,442.96,461.14,34302,461.14
2013-05-20,469.95,474.49,450.24,454.79,85095,454.79
2013-05-21,463.88,465.4,453.58,453.87,38589,453.87
2013-05-22,452.05,452.05,436.6,437.8,63327,437.8
2013-05-23,430.83,437.8,394.14,395.06,130942,395.06
2013-05-24,409.31,418.4,375.95,392.94,100267,392.94
2013-05-27,429.31,438.11,400.21,427.19,227250,427.19
2013-05-28,424.77,433.57,409.91,418.4,65965,418.4
2013-05-29,427.5,427.8,418.4,427.5,59698,427.5
2013-05-30,420.52,422.04,412.34,419.92,17481,419.92
2013-05-31,419.92,424.47,394.46,402.03,66295,402.03
2013-06-03,395.66,408.71,394.46,400.21,32322,400.21
2013-06-04,385.96,397.18,369.9,394.14,50463,394.14
2013-06-05,388.69,406.28,388.38,388.38,29355,388.38
2013-06-06,378.99,385.05,375.04,382.32,29025,382.32
2013-06-07,372.92,378.37,345.94,362.31,140836,362.31
2013-06-10,372.92,393.85,372.92,378.37,25727,378.37
2013-06-11,378.37,404.14,378.37,383.23,23417,383.23
2013-06-12,373.22,409.31,367.17,409.31,64975,409.31
2013-06-13,407.79,407.79,383.23,387.77,20120,387.77
2013-06-14,400.21,405.67,378.99,381.11,24737,381.11
2013-06-17,403.24,403.24,397.18,400.82,22758,400.82
2013-06-18,400.21,400.21,389.6,390.81,28035,390.81
2013-06-19,400.21,400.21,391.72,394.14,30344,394.14
2013-06-20,396.88,400.21,395.66,399.3,24077,399.3
2013-06-21,394.14,399.3,391.12,391.72,32983,391.72
2013-06-24,398.69,400.21,394.14,394.14,12204,394.14
2013-06-25,394.14,398.69,392.63,395.66,17481,395.66
2013-06-26,399.59,399.59,394.14,394.46,37930,394.46
2013-06-27,394.46,394.46,376.26,390.81,41888,390.81
2013-06-28,383.54,389.0,382.32,387.49,17811,387.49
2013-07-01,396.58,397.18,385.35,392.63,21439,392.63
2013-07-02,392.63,407.79,391.12,402.03,18800,402.03
2013-07-03,397.48,397.48,394.14,395.37,10885,395.37
2013-07-04,395.37,397.18,394.14,394.75,9895,394.75
2013-07-05,412.94,412.94,396.58,398.09,42217,398.09
2013-07-08,402.94,409.31,400.52,401.11,42217,401.11
2013-07-09,401.11,404.76,398.69,399.01,13523,399.01
2013-07-10,404.76,404.76,395.66,401.73,18800,401.73
2013-07-11,395.37,401.11,394.14,397.18,8576,397.18
2013-07-12,399.01,404.76,397.18,401.73,32322,401.73
2013-07-16,398.69,402.34,397.18,397.48,20449,397.48
2013-07-17,397.18,401.73,394.46,401.73,12863,401.73
2013-07-18,397.48,401.73,388.09,400.82,41888,400.82
2013-07-19,400.21,400.82,394.46,397.48,30014,397.48
2013-07-22,406.57,406.57,396.27,397.18,23748,397.18
2013-07-23,396.88,397.18,394.75,394.75,20449,394.75
2013-07-24,394.75,397.18,394.46,394.46,12533,394.46
2013-07-25,395.06,397.48,391.42,395.37,13523,395.37
2013-07-26,397.77,397.77,394.14,394.14,8905,394.14
2013-07-29,388.38,388.38,376.26,380.2,18800,380.2
2013-07-30,378.08,390.2,376.26,379.59,20449,379.59
2013-07-31,382.02,385.67,379.59,379.59,9564,379.59
2013-08-01,378.99,385.05,377.77,385.05,7916,385.05
2013-08-02,385.05,399.92,384.75,399.92,4947,399.92
2013-08-05,393.85,393.85,385.05,390.51,13523,390.51
2013-08-06,388.09,394.14,388.09,388.09,4287,388.09
2013-08-07,387.77,394.14,382.32,394.14,25066,394.14
2013-08-08,390.51,394.14,376.56,394.14,24737,394.14
2013-08-09,384.45,384.45,380.51,380.82,4618,380.82
2013-08-12,378.99,383.54,367.47,369.58,13523,369.58
2013-08-13,368.38,374.43,366.86,372.92,13193,372.92
2013-08-14,377.47,388.69,366.86,388.09,27704,388.09
2013-08-15,378.99,380.51,366.86,369.9,22758,369.9
2013-08-16,367.47,375.95,367.47,372.92,14182,372.92
2013-08-19,373.53,384.45,373.22,383.83,11544,383.83
2013-08-20,388.09,397.48,385.05,388.09,49803,388.09
2013-08-21,397.18,397.48,385.35,395.96,39579,395.96
2013-08-22,393.85,396.88,388.09,389.91,11873,389.91
2013-08-23,394.14,396.58,390.81,395.06,12204,395.06
2013-08-26,394.14,396.88,392.63,396.88,13853,396.88
2013-08-27,396.88,402.94,393.85,402.94,28694,402.94
2013-08-28,400.21,406.28,396.27,404.76,35292,404.76
2013-08-29,408.71,408.71,400.21,403.24,22427,403.24
2013-08-30,406.28,407.79,388.09,402.94,16821,402.94
2013-09-02,393.55,397.18,392.32,393.85,9235,393.85
2013-09-03,393.85,405.96,392.94,392.94,18800,392.94
2013-09-04,391.42,403.24,391.12,403.24,12863,403.24
2013-09-05,404.14,404.14,394.14,397.48,16491,397.48
2013-09-06,397.48,397.48,388.09,393.55,21109,393.55
2013-09-09,393.55,397.18,387.77,388.38,13523,388.38
2013-09-10,392.63,397.18,392.63,397.18,18471,397.18
2013-09-11,397.18,397.18,392.63,392.63,5936,392.63
2013-09-12,389.91,400.21,389.91,398.4,16162,398.4
2013-09-13,399.3,399.92,397.18,397.18,18800,397.18
2013-09-17,398.69,401.73,398.69,400.82,8576,400.82
2013-09-18,402.03,402.94,400.82,401.73,14842,401.73
2013-09-19,403.24,404.76,400.21,400.52,9564,400.52
2013-09-20,402.03,402.03,398.69,398.69,4947,398.69
2013-09-24,403.24,403.24,398.69,403.24,12204,403.24
2013-09-25,401.42,401.42,397.48,399.01,11214,399.01
2013-09-26,401.42,401.73,398.4,401.73,11544,401.73
2013-09-27,401.73,402.63,396.88,400.21,15172,400.21
2013-09-30,400.21,408.4,385.05,399.59,34631,399.59
2013-10-01,395.06,401.73,395.06,398.4,4947,398.4
2013-10-02,400.21,403.24,394.14,403.24,23748,403.24
2013-10-03,399.01,403.24,395.06,396.58,16821,396.58
2013-10-04,395.37,398.09,395.37,397.48,5277,397.48
2013-10-07,397.18,400.21,394.14,394.14,7916,394.14
2013-10-08,388.09,397.18,386.57,397.18,13193,397.18
2013-10-09,389.0,397.18,388.69,397.18,6267,397.18
2013-10-10,397.18,400.21,394.14,394.14,8246,394.14
2013-10-11,392.03,402.03,392.03,394.46,30344,394.46
2013-10-15,393.23,398.69,393.23,396.88,13853,396.88
2013-10-16,400.21,401.73,399.92,401.11,10225,401.11
2013-10-17,401.73,404.46,401.73,402.34,17811,402.34
2013-10-18,402.63,408.71,399.01,408.4,16491,408.4
2013-10-21,409.6,415.37,409.6,415.37,50463,415.37
2013-10-22,418.4,418.4,411.42,415.06,31333,415.06
2013-10-23,415.37,415.37,409.31,409.31,17811,409.31
2013-10-24,409.31,410.22,400.21,409.31,9564,409.31
2013-10-25,418.4,418.4,404.76,415.06,17150,415.06
2013-10-28,421.43,421.43,409.31,419.31,30674,419.31
2013-10-29,419.31,421.43,414.46,421.43,7256,421.43
2013-10-30,421.14,421.43,412.34,412.34,15502,412.34
2013-10-31,415.37,415.37,404.76,411.74,5936,411.74
2013-11-01,402.63,409.0,401.42,402.34,8905,402.34
2013-11-05,411.42,411.42,401.11,401.73,10554,401.73
2013-11-06,401.73,405.96,394.46,394.46,16162,394.46
2013-11-07,397.18,402.63,396.58,402.03,10554,402.03
2013-11-08,401.73,402.03,394.75,397.48,7256,397.48
2013-11-11,397.48,404.14,394.14,394.75,21768,394.75
2013-11-12,394.46,403.24,394.46,399.59,11214,399.59
2013-11-13,399.59,400.21,394.46,394.75,28035,394.75
2013-11-14,395.37,403.24,394.46,394.75,27045,394.75
2013-11-15,395.66,400.21,379.89,389.6,108184,389.6
2013-11-18,389.91,393.85,389.91,393.55,17150,393.55
2013-11-19,393.55,397.18,391.12,397.18,11214,397.18
2013-11-20,396.58,399.3,394.14,398.69,13523,398.69
2013-11-21,400.21,400.21,394.14,395.66,18800,395.66
2013-11-22,397.18,397.18,385.96,385.96,79159,385.96
2013-11-25,387.18,393.85,387.18,392.32,15832,392.32
2013-11-26,388.09,392.94,388.09,388.38,13523,388.38
2013-11-27,388.38,388.69,382.92,385.05,43207,385.05
2013-11-28,382.92,387.77,379.89,379.89,63986,379.89
2013-11-29,382.02,388.09,382.02,386.57,27376,386.57
2013-12-02,388.09,391.12,388.09,391.12,19789,391.12
2013-12-03,391.42,391.72,389.29,389.29,14842,389.29
2013-12-04,389.29,397.18,385.67,394.14,27376,394.14
2013-12-05,392.03,394.14,388.69,388.69,11873,388.69
2013-12-06,389.29,394.14,389.29,394.14,27045,394.14
2013-12-09,394.14,395.66,391.42,392.03,23417,392.03
2013-12-10,392.03,394.14,388.69,394.14,40898,394.14
2013-12-11,394.14,433.57,391.12,391.12,145453,391.12
2013-12-12,395.66,397.18,388.38,394.14,31333,394.14
2013-12-13,395.66,397.18,390.51,391.42,26717,391.42
2013-12-16,391.72,395.66,391.42,392.63,44857,392.63
2013-12-17,392.63,394.14,391.72,391.72,7586,391.72
2013-12-18,392.03,393.85,389.29,389.29,10225,389.29
2013-12-19,389.6,390.2,389.6,389.6,18140,389.6
2013-12-20,392.32,394.14,386.57,386.57,21109,386.57
2013-12-24,391.12,391.12,382.32,384.75,41229,384.75
2013-12-25,381.4,385.05,381.4,383.54,21439,383.54
2013-12-26,394.14,394.14,389.91,393.55,20120,393.55
2013-12-27,395.06,402.94,391.42,391.42,26717,391.42
2013-12-30,401.73,403.86,397.18,400.52,35951,400.52
2014-01-06,409.31,430.53,403.86,422.95,77510,422.95
2014-01-07,417.2,431.44,406.57,419.92,134239,419.92
2014-01-08,418.4,419.0,409.6,416.28,22427,416.28
2014-01-09,419.31,424.16,416.88,419.31,26386,419.31
2014-01-10,419.92,424.47,418.4,423.86,10554,423.86
2014-01-14,422.66,430.53,418.71,426.6,35951,426.6
2014-01-15,427.5,433.26,425.97,425.97,19460,425.97
2014-01-16,427.19,432.05,426.6,428.41,21109,428.41
2014-01-17,429.02,430.53,425.97,425.97,10225,425.97
2014-01-20,427.5,439.62,427.5,434.48,26056,434.48
2014-01-21,440.24,454.79,440.24,442.05,48814,442.05
2014-01-22,448.71,448.71,439.62,441.75,12863,441.75
2014-01-23,441.75,449.33,436.9,436.9,18471,436.9
2014-01-24,433.57,433.57,425.38,432.65,13853,432.65
2014-01-27,409.31,416.88,405.06,416.88,51783,416.88
2014-01-28,416.88,430.53,416.88,424.47,17811,424.47
2014-01-29,425.97,433.26,425.97,430.23,8576,430.23
2014-01-30,427.5,427.5,416.28,424.47,16162,424.47
2014-01-31,416.88,421.14,413.86,413.86,20120,413.86
2014-02-03,403.24,416.28,403.24,406.28,37270,406.28
2014-02-04,394.46,401.73,394.46,399.59,28694,399.59
2014-02-05,400.52,405.96,400.21,404.76,11214,404.76
2014-02-06,406.28,406.28,404.76,406.28,12863,406.28
2014-02-07,406.57,410.83,405.38,410.83,10225,410.83
2014-02-10,429.02,430.53,418.11,421.43,19460,421.43
2014-02-12,427.5,428.71,422.95,424.47,17150,424.47
2014-02-13,425.97,425.97,422.95,425.97,7256,425.97
2014-02-14,425.97,425.97,418.4,418.4,3298,418.4
2014-02-17,424.16,424.16,410.83,415.37,27704,415.37
2014-02-18,423.57,424.16,418.71,424.16,5277,424.16
2014-02-19,425.08,425.08,415.68,425.08,9564,425.08
2014-02-20,440.24,454.79,429.62,437.8,93671,437.8
2014-02-21,435.08,435.08,424.77,427.5,27704,427.5
2014-02-24,445.69,454.79,435.68,443.26,109172,443.26
2014-02-25,447.21,454.49,443.26,454.49,57719,454.49
2014-02-26,453.27,454.79,448.12,452.35,31993,452.35
2014-02-27,450.85,450.85,412.34,432.05,58050,432.05
2014-02-28,439.32,445.69,429.31,435.08,28035,435.08
2014-03-03,433.57,457.21,421.43,448.12,81797,448.12
2014-03-04,445.69,457.82,440.24,441.44,53432,441.44
2014-03-05,454.79,461.14,445.39,445.69,86414,445.69
2014-03-06,444.78,469.64,442.96,463.88,65305,463.88
2014-03-07,469.95,469.95,444.48,448.71,55741,448.71
2014-03-10,453.27,456.91,445.69,450.24,20120,450.24
2014-03-11,448.71,454.49,448.71,454.49,15832,454.49
2014-03-12,453.27,469.64,450.24,469.64,53432,469.64
2014-03-13,469.95,479.05,462.36,462.67,47824,462.67
2014-03-14,470.25,470.25,456.91,468.13,54752,468.13
2014-03-17,463.88,490.56,458.13,459.03,63327,459.03
2014-03-18,471.16,481.77,466.91,472.07,44526,472.07
2014-03-19,484.2,484.51,467.22,483.59,91032,483.59
2014-03-20,484.51,507.85,476.0,492.38,204493,492.38
2014-03-24,491.17,516.03,488.15,507.85,219334,507.85
2014-03-25,509.36,527.25,500.26,513.29,136878,513.29
2014-03-26,525.43,525.43,464.8,473.28,283649,473.28
2014-03-27,466.91,466.91,439.62,448.12,62997,448.12
2014-03-28,448.12,457.82,421.14,450.24,119067,450.24
2014-03-31,454.79,457.82,439.62,450.85,53101,450.85
2014-04-01,453.27,456.61,439.62,444.17,55080,444.17
2014-04-02,453.27,466.0,445.08,448.71,30014,448.71
2014-04-03,460.85,460.85,447.81,447.81,45846,447.81
2014-04-04,448.71,456.0,436.9,439.32,38920,439.32
2014-04-07,439.62,440.53,429.02,438.43,13853,438.43
2014-04-08,438.43,438.43,429.02,435.08,11214,435.08
2014-04-09,425.97,434.48,423.86,425.38,53101,425.38
2014-04-10,425.97,432.65,423.86,423.86,21439,423.86
2014-04-11,409.31,421.43,403.24,412.94,41888,412.94
2014-04-14,413.25,419.92,412.04,418.11,21768,418.11
2014-04-15,427.19,427.19,413.86,415.37,22427,415.37
2014-04-16,417.79,420.52,414.16,418.11,15832,418.11
2014-04-17,418.11,418.4,404.46,406.28,47824,406.28
2014-04-18,406.28,411.42,404.46,411.42,34302,411.42
2014-04-21,411.42,414.77,402.63,402.63,39249,402.63
2014-04-22,403.24,406.28,394.46,398.69,32653,398.69
2014-04-23,402.94,407.48,400.52,406.57,9564,406.57
2014-04-24,409.31,409.31,405.96,406.28,10554,406.28
2014-04-25,406.57,406.89,406.28,406.57,10885,406.57
2014-04-28,412.04,412.04,402.94,402.94,12533,402.94
2014-04-30,405.96,412.94,402.03,412.34,20120,412.34
2014-05-01,418.11,425.97,418.11,424.47,31004,424.47
2014-05-02,425.97,429.93,424.47,429.93,6926,429.93
2014-05-07,430.23,437.5,427.8,435.98,27045,435.98
2014-05-08,436.29,439.62,434.48,434.48,20779,434.48
2014-05-09,434.48,436.29,434.16,434.48,4618,434.48
2014-05-12,442.66,442.66,418.71,419.0,48485,419.0
2014-05-13,419.31,433.26,419.0,433.26,10225,433.26
2014-05-14,433.26,439.32,421.43,439.32,62997,439.32
2014-05-15,452.05,452.05,425.97,428.11,25066,428.11
2014-05-16,437.2,437.2,420.83,430.53,79818,430.53
2014-05-19,430.53,435.39,418.4,420.52,9235,420.52
2014-05-20,420.52,421.43,416.88,421.43,4947,421.43
2014-05-21,421.43,421.43,413.25,413.86,7256,413.86
2014-05-22,415.37,418.4,412.94,414.46,10554,414.46
2014-05-23,412.94,427.8,412.94,427.5,36611,427.5
2014-05-26,433.57,433.57,427.5,427.8,8576,427.8
2014-05-27,428.41,432.96,428.41,429.31,18140,429.31
2014-05-28,432.05,432.05,427.5,430.53,2969,430.53
2014-05-29,432.65,432.65,412.34,417.79,28035,417.79
2014-05-30,426.29,426.6,421.74,421.74,4287,421.74
2014-06-02,424.47,424.47,418.4,421.43,10225,421.43
2014-06-03,418.4,421.43,418.4,420.22,16162,420.22
2014-06-04,420.22,424.47,419.92,420.83,15502,420.83
2014-06-05,420.83,425.97,417.2,422.33,35951,422.33
2014-06-06,422.66,436.6,419.31,436.6,28366,436.6
2014-06-09,439.62,442.66,436.6,436.9,31004,436.9
2014-06-10,436.6,436.9,424.47,433.86,25066,433.86
2014-06-11,439.62,443.87,429.31,439.32,33972,439.32
2014-06-12,436.6,451.75,436.6,442.05,49474,442.05
2014-06-13,442.36,460.85,442.36,460.54,58379,460.54
2014-06-16,479.05,488.15,464.8,480.25,136878,480.25
2014-06-17,492.38,506.34,462.67,462.98,116429,462.98
2014-06-18,462.98,470.25,460.85,466.0,36281,466.0
2014-06-19,469.95,469.95,459.95,467.22,28694,467.22
2014-06-20,462.36,462.36,446.3,447.21,57719,447.21
2014-06-23,451.75,462.67,448.71,453.27,41558,453.27
2014-06-24,451.75,458.72,451.75,458.72,40569,458.72
2014-06-25,466.91,466.91,456.0,456.0,36281,456.0
2014-06-26,457.21,459.33,454.79,457.21,17150,457.21
2014-06-27,456.31,456.31,439.62,450.53,33312,450.53
2014-06-30,452.67,452.67,442.05,451.45,9235,451.45
2014-07-01,448.12,451.15,447.21,447.21,18800,447.21
2014-07-02,450.24,451.45,448.12,448.12,7916,448.12
2014-07-03,463.88,463.88,453.27,456.91,26717,456.91
2014-07-04,456.91,456.91,454.79,456.0,9235,456.0
2014-07-07,460.54,460.54,450.24,450.24,16491,450.24
2014-07-08,454.79,454.79,448.71,449.63,6596,449.63
2014-07-09,447.81,452.05,447.81,450.53,11214,450.53
2014-07-10,446.6,451.45,446.6,451.45,6267,451.45
2014-07-11,451.45,451.45,445.99,447.81,6926,447.81
2014-07-14,447.81,449.63,445.69,447.21,8905,447.21
2014-07-15,447.21,448.71,447.21,447.21,6596,447.21
2014-07-16,447.21,448.71,442.96,448.42,18800,448.42
2014-07-17,443.57,444.48,442.66,442.66,12204,442.66
2014-07-18,443.57,445.69,443.57,443.57,2969,443.57
2014-07-22,450.85,450.85,443.87,444.17,13523,444.17
2014-07-23,447.21,447.21,444.17,446.9,2969,446.9
2014-07-24,447.21,454.79,445.99,449.03,10225,449.03
2014-07-25,453.58,453.58,446.3,450.24,14512,450.24
2014-07-28,448.71,453.58,448.71,453.58,20779,453.58
2014-07-29,453.58,457.21,448.71,449.63,23748,449.63
2014-07-30,446.6,451.75,446.6,449.03,10225,449.03
2014-07-31,451.75,451.75,442.66,443.57,30674,443.57
2014-08-01,444.48,445.69,443.57,445.69,10225,445.69
2014-08-04,444.17,444.48,444.17,444.48,990,444.48
2014-08-05,444.48,447.81,443.26,443.57,8246,443.57
2014-08-06,443.57,445.69,439.62,443.57,38260,443.57
2014-08-07,443.57,444.17,443.57,444.17,12204,444.17
2014-08-08,448.71,448.71,434.48,440.24,16821,440.24
2014-08-11,403.86,413.86,385.05,393.23,140836,393.23
2014-08-12,394.14,415.37,391.12,409.31,63986,409.31
2014-08-13,404.14,409.31,401.73,409.31,7916,409.31
2014-08-14,409.31,409.31,403.24,403.55,9895,403.55
2014-08-15,400.52,405.96,400.52,405.96,6267,405.96
2014-08-18,405.06,406.28,401.73,402.34,5936,402.34
2014-08-19,403.24,404.14,399.92,404.14,26056,404.14
2014-08-20,404.14,404.76,398.69,404.76,16162,404.76
2014-08-21,404.76,409.0,397.18,398.09,23748,398.09
2014-08-22,399.3,401.42,395.96,397.18,17811,397.18
2014-08-25,397.18,400.52,397.18,400.52,10885,400.52
2014-08-26,407.79,407.79,400.21,403.24,7586,403.24
2014-08-27,397.77,401.73,395.96,396.88,18140,396.88
2014-08-28,397.48,398.69,395.06,395.06,20120,395.06
2014-08-29,395.66,399.01,388.38,391.12,38920,391.12
2014-09-01,396.27,400.82,395.66,395.66,15172,395.66
2014-09-02,399.59,404.76,397.18,397.18,14182,397.18
2014-09-03,400.21,400.21,395.06,400.21,17150,400.21
2014-09-04,397.48,397.77,391.12,391.12,24407,391.12
2014-09-05,391.72,397.77,391.12,397.77,9564,397.77
2014-09-08,397.77,397.77,389.91,391.12,32322,391.12
2014-09-09,390.81,396.27,390.81,392.32,15832,392.32
2014-09-10,394.14,395.96,392.03,393.85,6596,393.85
2014-09-11,392.63,394.14,392.63,394.14,2639,394.14
2014-09-12,392.63,395.37,392.63,395.37,8905,395.37
2014-09-16,396.58,400.52,396.27,400.52,35292,400.52
2014-09-17,406.28,484.2,395.66,402.34,307067,402.34
2014-09-18,405.38,411.74,404.14,410.52,24737,410.52
2014-09-19,413.25,424.16,402.03,406.28,39579,406.28
2014-09-22,415.37,415.37,406.28,406.28,23089,406.28
2014-09-24,409.31,409.6,403.24,408.4,13523,408.4
2014-09-25,408.4,410.83,407.48,410.83,17150,410.83
2014-09-26,407.79,412.94,407.79,412.94,10885,412.94
2014-09-29,409.31,413.86,409.31,413.86,2969,413.86
2014-09-30,413.86,415.37,403.24,403.55,27376,403.55
2014-10-01,412.04,412.04,401.73,409.6,16491,409.6
2014-10-02,397.18,406.89,397.18,402.94,22758,402.94
2014-10-03,404.76,408.71,401.42,405.96,16491,405.96
2014-10-06,424.16,424.77,413.55,415.68,27704,415.68
2014-10-07,407.79,412.64,407.48,412.34,13853,412.34
2014-10-08,411.42,430.23,406.57,411.74,13853,411.74
2014-10-09,407.79,408.71,405.96,406.28,10554,406.28
2014-10-10,402.34,402.34,396.88,401.42,14842,401.42
2014-10-14,395.66,395.66,388.38,391.42,10554,391.42
2014-10-15,391.72,391.72,382.32,384.15,27704,384.15
2014-10-16,384.15,384.15,378.99,380.51,18471,380.51
2014-10-17,380.51,380.82,379.29,379.29,14842,379.29
2014-10-20,380.82,388.38,380.82,385.96,15172,385.96
2014-10-21,388.38,388.38,383.54,383.54,6596,383.54
2014-10-22,383.54,385.35,383.54,385.05,6267,385.05
2014-10-23,385.05,388.09,383.83,388.09,5277,388.09
2014-10-24,388.38,394.75,388.38,391.12,8905,391.12
2014-10-27,398.4,398.4,398.4,398.4,4287,398.4
2014-10-28,391.42,395.66,391.42,395.37,3298,395.37
2014-10-29,393.85,394.14,393.85,394.14,7256,394.14
2014-10-30,390.51,390.51,389.6,390.51,7256,390.51
2014-10-31,390.51,394.14,389.91,391.12,11544,391.12
2014-11-04,392.94,398.69,391.42,392.63,15172,392.63
2014-11-05,392.94,393.23,389.91,391.12,17481,391.12
2014-11-06,389.6,396.58,389.6,391.42,38260,391.42
2014-11-07,389.6,396.27,385.67,389.91,30674,389.91
2014-11-10,384.45,388.69,379.59,381.4,58379,381.4
2014-11-11,382.02,382.02,376.56,379.59,68604,379.59
2014-11-12,377.47,385.35,377.47,383.54,35621,383.54
2014-11-13,380.51,382.02,378.99,379.89,83116,379.89
2014-11-14,379.29,379.59,376.87,377.77,61018,377.77
2014-11-17,378.37,378.69,375.95,375.95,17150,375.95
2014-11-18,376.26,376.26,371.4,372.32,76849,372.32
2014-11-19,372.92,377.77,372.32,376.87,38260,376.87
2014-11-20,377.47,378.99,374.74,375.66,23417,375.66
2014-11-21,378.99,378.99,375.66,375.66,18800,375.66
2014-11-25,380.2,380.2,373.53,374.74,35292,374.74
2014-11-26,373.84,375.36,368.99,373.84,59039,373.84
2014-11-27,371.1,372.63,370.81,370.81,25066,370.81
2014-11-28,369.9,385.05,366.86,371.72,72561,371.72
2014-12-01,372.92,378.37,372.92,374.14,14182,374.14
2014-12-02,374.14,375.66,374.14,375.36,12204,375.36
2014-12-03,375.36,375.95,375.36,375.95,9235,375.95
2014-12-04,376.26,376.87,373.84,375.36,20120,375.36
2014-12-05,373.53,375.36,373.53,375.04,14512,375.04
2014-12-08,374.14,377.18,373.84,377.18,15502,377.18
2014-12-09,374.43,375.95,373.53,375.36,20449,375.36
2014-12-10,373.53,373.84,372.92,372.92,10885,372.92
2014-12-11,372.92,374.14,371.4,373.84,6596,373.84
2014-12-12,374.74,377.47,370.5,370.81,29684,370.81
2014-12-15,372.92,378.99,370.81,370.81,43537,370.81
2014-12-16,370.5,370.5,367.17,367.47,23748,367.47
2014-12-17,366.86,369.9,366.86,367.47,14182,367.47
2014-12-18,369.9,369.9,367.76,368.38,9895,368.38
2014-12-19,368.38,368.38,364.43,367.47,30674,367.47
2014-12-22,366.86,367.47,350.8,367.47,89713,367.47
2014-12-24,367.47,368.68,366.86,368.68,32983,368.68
2014-12-25,366.56,366.56,361.4,361.4,24077,361.4
2014-12-26,361.1,365.35,360.8,365.35,54091,365.35
2014-12-29,372.32,372.32,363.53,364.74,14842,364.74
2014-12-30,368.38,368.38,363.83,365.04,7916,365.04
2015-01-05,365.65,370.5,365.65,370.5,20449,370.5
2015-01-06,368.68,368.99,364.74,368.99,13193,368.99
2015-01-07,363.83,367.17,363.83,367.17,6267,367.17
2015-01-08,366.86,370.2,366.86,370.2,6926,370.2
2015-01-09,370.2,370.81,366.86,367.17,10225,367.17
2015-01-13,364.13,368.38,364.13,368.38,11873,368.38
2015-01-14,368.38,371.1,366.86,371.1,18471,371.1
2015-01-15,369.9,369.9,364.43,366.86,9235,366.86
2015-01-16,365.35,368.38,365.35,368.38,10225,368.38
2015-01-19,366.56,368.38,365.95,368.38,5936,368.38
2015-01-20,368.99,368.99,365.95,365.95,3628,365.95
2015-01-21,369.9,369.9,368.38,368.68,19130,368.68
2015-01-22,369.58,370.2,368.99,368.99,15502,368.99
2015-01-23,368.68,369.9,366.86,368.06,5936,368.06
2015-01-26,368.06,368.38,366.86,368.38,9235,368.38
2015-01-27,370.81,370.81,367.47,369.58,5936,369.58
2015-01-28,369.58,369.58,367.76,367.76,2308,367.76
2015-01-29,367.17,370.5,366.56,366.56,12204,366.56
2015-01-30,363.83,370.81,363.83,365.35,38920,365.35
2015-02-02,365.65,366.86,365.65,366.86,1649,366.86
2015-02-03,369.29,369.29,368.99,368.99,1320,368.99
2015-02-04,369.29,369.29,365.65,369.29,8905,369.29
2015-02-05,365.95,366.25,364.43,364.74,15502,364.74
2015-02-06,364.13,366.86,363.83,365.35,8246,365.35
2015-02-09,363.83,365.35,363.83,365.35,13193,365.35
2015-02-10,363.83,366.86,363.83,366.86,11544,366.86
2015-02-12,365.35,365.35,363.53,364.43,49803,364.43
2015-02-13,363.83,364.13,362.92,364.13,38260,364.13
2015-02-16,365.04,367.17,363.53,366.86,47495,366.86
2015-02-17,364.13,368.06,364.13,368.06,2969,368.06
2015-02-18,368.06,368.06,361.1,361.1,31004,361.1
2015-02-19,362.92,366.86,362.92,366.86,1979,366.86
2015-02-20,366.86,366.86,363.22,364.43,12533,364.43
2015-02-23,366.86,366.86,363.83,364.13,11873,364.13
2015-02-24,364.43,367.17,364.43,367.17,6596,367.17
2015-02-25,367.17,369.29,366.86,368.68,13853,368.68
2015-02-26,371.4,372.01,369.58,372.01,14842,372.01
2015-02-27,374.43,377.18,372.92,373.84,14182,373.84
2015-03-02,373.84,374.14,372.32,373.22,9895,373.22
2015-03-03,373.22,373.53,372.32,372.32,16821,372.32
2015-03-04,371.72,371.72,370.2,370.81,1979,370.81
2015-03-05,371.4,374.14,371.4,372.92,4618,372.92
2015-03-06,375.04,375.04,365.95,365.95,16821,365.95
2015-03-09,365.95,365.95,365.65,365.65,3958,365.65
2015-03-10,365.95,368.06,365.95,366.86,10225,366.86
2015-03-11,366.86,367.17,365.65,365.65,6926,365.65
2015-03-12,365.95,366.86,365.95,365.95,2308,365.95
2015-03-13,364.74,369.9,364.74,365.04,12204,365.04
2015-03-16,369.58,369.9,368.06,368.68,11214,368.68
2015-03-17,368.68,369.58,366.86,368.99,8246,368.99
2015-03-18,369.9,369.9,361.71,362.31,20449,362.31
2015-03-19,368.06,368.06,362.31,363.53,21768,363.53
2015-03-20,363.83,364.43,363.53,364.13,11214,364.13
2015-03-23,366.86,366.86,363.83,364.13,27376,364.13
2015-03-24,364.13,366.56,364.13,364.13,8246,364.13
2015-03-25,365.35,368.38,365.35,368.06,10554,368.06
2015-03-26,368.06,368.06,365.04,365.35,13523,365.35
2015-03-27,360.8,365.04,359.29,365.04,12533,365.04
2015-03-30,363.53,363.53,360.8,360.8,9564,360.8
2015-03-31,360.8,361.4,360.8,361.1,4618,361.1
2015-04-01,361.1,363.83,360.8,361.1,9895,361.1
2015-04-02,360.8,361.4,360.8,361.1,4287,361.1
2015-04-03,360.8,361.1,359.89,361.1,10885,361.1
2015-04-06,361.71,364.43,361.1,361.71,5608,361.71
2015-04-07,361.1,362.92,360.8,362.92,5277,362.92
2015-04-08,360.8,362.31,360.8,362.31,9564,362.31
2015-04-09,362.62,363.83,362.62,363.22,5277,363.22
2015-04-10,363.22,363.22,363.22,363.22,2639,363.22
2015-04-13,363.22,363.22,361.1,362.92,9895,362.92
2015-04-14,360.8,361.71,360.19,361.71,7586,361.71
2015-04-15,361.4,361.4,359.58,360.49,17150,360.49
2015-04-16,359.58,361.71,359.58,360.8,7256,360.8
2015-04-17,359.29,361.4,359.29,359.58,17150,359.58
2015-04-20,359.29,360.8,358.37,358.98,15502,358.98
2015-04-21,360.8,360.8,357.77,358.67,21109,358.67
2015-04-22,357.77,358.98,357.77,358.67,14842,358.67
2015-04-23,358.67,361.71,358.67,360.19,9235,360.19
2015-04-24,358.37,360.19,356.85,357.77,16162,357.77
2015-04-27,357.77,359.89,356.55,357.77,16162,357.77
2015-04-28,360.8,360.8,356.55,356.55,22099,356.55
2015-04-30,356.55,357.77,349.28,349.28,42547,349.28
2015-05-01,349.28,357.77,349.28,354.74,5608,354.74
2015-05-07,360.8,363.83,354.74,356.55,20449,356.55
2015-05-08,354.74,357.46,352.62,352.62,7256,352.62
2015-05-11,357.46,357.46,321.38,338.66,97628,338.66
2015-05-12,338.66,338.66,330.48,337.46,15172,337.46
2015-05-13,337.46,339.57,327.44,339.57,19789,339.57
2015-05-14,339.57,339.57,318.96,330.48,48155,330.48
2015-05-15,339.57,342.61,338.05,340.18,16162,340.18
2015-05-18,340.18,346.85,340.18,346.54,6926,346.54
2015-05-19,351.7,360.49,350.8,357.77,31663,357.77
2015-05-20,358.37,380.51,357.77,372.92,117748,372.92
2015-05-21,354.74,365.35,354.74,360.8,17150,360.8
2015-05-22,359.29,362.92,357.77,362.92,4287,362.92
2015-05-25,360.49,360.49,354.74,354.74,12533,354.74
2015-05-26,355.64,357.77,355.34,357.77,5608,357.77
2015-05-27,355.34,362.92,355.03,358.07,11214,358.07
2015-05-28,367.17,367.17,363.83,363.83,27704,363.83
2015-06-01,363.83,364.43,363.83,363.83,3298,363.83
2015-06-02,363.83,364.43,363.83,363.83,2308,363.83
2015-06-03,359.29,363.83,359.29,359.29,11214,359.29
2015-06-04,358.67,358.98,358.67,358.98,3628,358.98
2015-06-05,355.95,357.16,355.95,357.16,1979,357.16
2015-06-08,364.13,364.13,358.98,360.8,9895,360.8
2015-06-09,361.4,361.4,358.67,358.67,6267,358.67
2015-06-10,356.85,363.22,356.85,358.37,4618,358.37
2015-06-11,358.67,363.83,358.67,363.83,6267,363.83
2015-06-12,366.86,368.68,364.74,365.35,16162,365.35
2015-06-15,377.18,377.18,366.86,366.86,56729,366.86
2015-06-16,371.4,371.4,364.13,369.9,27376,369.9
2015-06-17,372.92,378.99,372.92,372.92,45516,372.92
2015-06-18,374.43,377.47,372.92,377.47,37600,377.47
2015-06-19,377.47,380.51,374.74,376.26,37600,376.26
2015-06-22,380.51,380.51,375.95,376.26,17150,376.26
2015-06-23,379.59,379.59,374.74,374.74,35621,374.74
2015-06-24,375.95,377.47,375.66,375.95,17150,375.95
2015-06-25,376.26,377.77,375.04,376.26,19130,376.26
2015-06-26,378.37,378.37,373.22,375.36,14512,375.36
2015-06-29,375.95,383.23,372.92,382.02,93340,382.02
2015-06-30,382.02,386.57,382.02,386.26,16821,386.26
2015-07-01,394.14,395.66,387.49,394.14,36281,394.14
2015-07-02,394.14,394.14,386.57,393.23,22099,393.23
2015-07-03,393.23,398.09,391.12,396.88,59039,396.88
2015-07-06,391.12,393.55,389.29,389.29,9564,389.29
2015-07-07,389.29,409.31,388.38,398.69,155348,398.69
2015-07-08,403.86,403.86,389.29,389.29,29025,389.29
2015-07-09,382.02,382.02,366.86,378.37,31993,378.37
2015-07-10,389.29,389.29,380.2,384.15,14842,384.15
2015-07-13,391.72,395.66,391.72,394.14,12533,394.14
2015-07-14,395.37,395.66,392.03,392.03,13193,392.03
2015-07-15,399.92,399.92,394.75,397.18,10225,397.18
2015-07-16,400.21,400.21,394.46,399.92,16491,399.92
2015-07-17,399.92,399.92,392.32,397.18,8905,397.18
2015-07-21,406.28,415.37,400.52,413.55,51452,413.55
2015-07-22,416.28,418.4,397.48,408.71,26717,408.71
2015-07-23,415.68,422.66,409.31,409.91,58050,409.91
2015-07-24,415.37,415.37,407.79,409.0,26386,409.0
2015-07-27,415.06,415.06,406.28,406.28,18140,406.28
2015-07-28,403.24,407.79,389.0,398.69,22758,398.69
2015-07-29,407.48,407.48,394.75,399.59,8246,399.59
2015-07-30,401.11,401.11,394.14,400.21,14512,400.21
2015-07-31,394.14,402.63,394.14,401.73,3298,401.73
2015-08-03,403.24,407.48,400.82,405.96,9895,405.96
2015-08-04,406.28,406.28,400.21,406.28,3298,406.28
2015-08-05,400.21,408.4,400.21,407.79,11214,407.79
2015-08-06,408.71,408.71,401.73,401.73,3958,401.73
2015-08-07,395.66,396.88,395.37,395.66,8246,395.66
2015-08-10,400.21,405.96,395.66,395.66,31333,395.66
2015-08-11,395.66,395.66,394.75,394.75,3628,394.75
2015-08-12,394.75,402.94,388.09,402.63,18471,402.63
2015-08-13,394.14,405.38,385.05,392.63,16162,392.63
2015-08-14,392.63,410.83,392.63,399.92,50793,399.92
2015-08-17,391.12,403.55,391.12,394.14,65305,394.14
2015-08-18,394.14,394.14,385.05,387.49,21768,387.49
2015-08-19,386.57,392.63,386.57,392.03,9895,392.03
2015-08-20,394.14,406.28,388.38,397.18,25066,397.18
2015-08-21,380.82,394.14,380.82,394.14,29025,394.14
2015-08-24,392.03,392.03,357.77,358.37,25066,358.37
2015-08-25,294.7,367.47,290.15,367.47,72892,367.47
2015-08-26,374.74,374.74,363.22,363.22,12533,363.22
2015-08-27,363.22,379.29,354.74,372.92,27376,372.92
2015-08-28,372.92,381.72,369.58,369.9,22758,369.9
2015-08-31,366.86,377.47,366.86,372.92,15502,372.92
2015-09-01,368.06,377.18,355.64,357.16,27045,357.16
2015-09-02,348.06,360.8,333.52,357.16,9235,357.16
2015-09-03,358.07,378.69,358.07,378.69,9895,378.69
2015-09-04,375.66,376.56,352.31,360.8,44197,360.8
2015-09-07,343.2,362.01,343.2,360.19,16821,360.19
2015-09-08,350.8,366.56,340.48,348.66,35621,348.66
2015-09-09,360.19,366.25,351.7,351.7,19789,351.7
2015-09-10,366.56,366.86,357.77,363.83,19460,363.83
2015-09-11,369.9,369.9,359.58,368.68,14512,368.68
2015-09-14,360.19,372.92,360.19,363.53,20120,363.53
2015-09-15,363.53,364.13,363.53,363.53,8246,363.53
2015-09-16,363.53,363.83,348.66,363.53,27045,363.53
2015-09-17,363.53,385.05,363.53,364.43,35292,364.43
2015-09-18,373.53,373.53,357.16,365.35,18800,365.35
2015-09-24,374.43,374.43,344.43,351.7,62007,351.7
2015-09-25,351.7,358.07,348.66,358.07,32653,358.07
2015-09-28,362.01,362.01,350.18,351.7,29684,351.7
2015-09-29,352.0,352.0,341.69,342.0,10554,342.0
2015-09-30,342.61,357.77,340.18,357.16,7586,357.16
2015-10-01,356.25,356.25,356.25,356.25,5277,356.25
2015-10-02,358.67,358.67,348.06,349.57,4947,349.57
2015-10-05,349.88,356.85,349.88,352.31,7586,352.31
2015-10-06,357.46,357.46,350.49,357.16,9564,357.16
2015-10-07,358.67,363.53,354.74,355.64,36611,355.64
2015-10-08,354.74,360.49,351.7,354.74,20779,354.74
2015-10-09,354.74,360.8,353.21,360.49,19130,360.49
2015-10-13,360.19,360.19,353.21,359.29,23089,359.29
2015-10-14,357.77,357.77,357.77,357.77,6267,357.77
2015-10-15,351.1,352.0,351.1,352.0,1649,352.0
2015-10-16,358.07,358.07,354.44,354.74,4947,354.74
2015-10-19,354.74,357.16,348.06,357.16,5277,357.16
2015-10-20,357.16,357.77,356.55,357.77,7586,357.77
2015-10-21,366.86,366.86,351.7,354.13,13193,354.13
2015-10-22,360.49,360.49,353.82,355.03,11544,355.03
2015-10-23,359.89,359.89,354.44,354.74,24737,354.74
2015-10-26,359.58,360.8,355.34,360.8,16821,360.8
2015-10-27,356.25,361.1,338.05,360.8,30344,360.8
2015-10-28,360.8,366.86,360.8,366.86,20449,366.86
2015-10-29,366.56,366.86,351.7,366.86,17150,366.86
2015-10-30,366.86,375.95,366.86,375.95,18140,375.95
2015-11-02,371.4,377.47,364.13,377.47,27376,377.47
2015-11-04,379.29,385.35,379.29,385.05,39579,385.05
2015-11-05,381.4,389.0,379.59,389.0,25066,389.0
2015-11-06,389.0,395.66,389.0,395.66,21109,395.66
2015-11-09,395.66,399.59,391.12,397.77,29355,397.77
2015-11-10,384.75,397.77,375.66,397.77,27045,397.77
2015-11-11,397.77,398.09,391.12,397.18,11214,397.18
2015-11-12,388.09,394.14,378.99,393.85,9895,393.85
2015-11-13,391.12,392.63,388.09,391.12,16162,391.12
2015-11-16,382.02,382.92,377.47,378.99,9235,378.99
2015-11-17,391.12,391.12,379.29,380.2,5936,380.2
2015-11-18,380.2,383.54,379.59,382.92,8576,382.92
2015-11-19,381.72,382.02,381.72,382.02,7586,382.02
2015-11-20,382.02,383.54,379.59,383.54,5936,383.54
2015-11-24,391.12,391.12,383.23,386.57,13193,386.57
2015-11-25,386.57,391.12,386.57,391.12,4287,391.12
2015-11-26,392.63,400.21,392.32,399.59,41888,399.59
2015-11-27,400.82,421.43,383.23,421.43,172168,421.43
2015-11-30,422.95,434.77,415.37,416.58,110162,416.58
2015-12-01,416.58,420.22,403.86,412.94,27045,412.94
2015-12-02,412.34,415.37,406.57,406.57,18471,406.57
2015-12-03,406.57,411.74,397.77,398.09,30344,398.09
2015-12-04,394.46,397.18,392.63,396.27,8576,396.27
2015-12-07,401.73,403.24,400.52,403.24,24737,403.24
2015-12-08,395.96,399.92,395.96,399.92,12204,399.92
2015-12-09,393.85,402.94,391.42,402.94,9564,402.94
2015-12-10,400.21,400.21,391.42,392.94,11544,392.94
2015-12-11,393.85,394.14,391.42,394.14,8246,394.14
2015-12-14,395.66,395.66,388.69,389.6,10225,389.6
2015-12-15,396.88,396.88,387.77,387.77,6926,387.77
2015-12-16,387.77,391.12,387.77,388.09,5608,388.09
2015-12-17,388.38,388.38,385.05,385.05,9235,385.05
2015-12-18,389.91,405.67,389.91,394.75,23748,394.75
2015-12-21,400.21,400.21,384.45,385.96,18140,385.96
2015-12-22,385.96,397.18,385.67,390.81,9895,390.81
2015-12-24,390.81,391.12,378.99,379.59,19460,379.59
2015-12-25,375.66,383.83,374.14,382.92,24077,382.92
2015-12-28,385.05,385.05,378.99,380.51,9895,380.51
2015-12-29,384.75,384.75,380.82,384.45,2639,384.45
2015-12-30,386.57,390.51,382.02,384.75,9235,384.75
2016-01-04,383.54,383.54,375.66,382.02,6926,382.02
2016-01-05,382.02,382.02,376.87,381.4,4618,381.4
2016-01-06,381.4,381.72,371.4,371.72,12533,371.72
2016-01-07,371.72,371.72,365.65,365.65,13853,365.65
2016-01-08,363.83,365.65,363.53,365.04,13853,365.04
2016-01-12,363.83,363.83,352.0,359.89,7916,359.89
2016-01-13,363.83,375.36,363.83,375.36,3298,375.36
2016-01-14,360.8,364.43,353.52,359.89,13193,359.89
2016-01-15,360.8,364.74,357.77,357.77,10554,357.77
2016-01-18,351.7,352.62,348.36,348.66,21439,348.66
2016-01-19,339.57,357.77,339.57,357.77,27704,357.77
2016-01-20,351.7,351.7,344.72,344.72,6596,344.72
2016-01-21,339.57,346.24,336.54,341.69,19460,341.69
2016-01-22,341.69,348.98,335.33,344.43,9895,344.43
2016-01-25,357.46,357.46,351.7,356.25,8576,356.25
2016-01-26,355.95,359.29,347.16,359.29,17811,359.29
2016-01-27,359.29,363.83,350.8,352.31,25066,352.31
2016-01-28,353.21,362.31,353.21,359.89,9235,359.89
2016-01-29,358.37,358.67,352.31,352.31,15502,352.31
2016-02-01,355.34,357.16,345.35,354.74,43207,354.74
2016-02-02,349.28,354.74,348.06,354.74,21439,354.74
2016-02-03,354.13,354.74,349.28,354.74,26386,354.74
2016-02-04,348.66,356.25,345.64,347.76,12863,347.76
2016-02-05,347.76,351.1,336.84,340.18,31993,340.18
2016-02-08,339.57,342.61,330.48,340.79,23748,340.79
2016-02-09,342.3,342.3,328.96,330.78,30344,330.78
2016-02-10,333.52,337.46,329.87,334.72,43207,334.72
2016-02-12,320.17,324.11,298.63,306.23,58379,306.23
2016-02-15,314.41,325.93,313.2,325.93,10554,325.93
2016-02-16,316.83,324.42,316.83,319.86,5608,319.86
2016-02-17,319.86,333.52,318.65,318.65,18471,318.65
2016-02-18,342.0,342.0,319.27,327.44,27704,327.44
2016-02-19,321.98,327.15,318.96,321.38,16821,321.38
2016-02-22,330.48,332.9,321.98,332.9,16162,332.9
2016-02-23,332.9,332.9,323.2,327.44,20779,327.44
2016-02-24,327.44,327.44,324.72,324.72,4947,324.72
2016-02-25,324.72,332.0,324.72,329.58,2308,329.58
2016-02-26,340.18,340.18,317.15,322.9,44197,322.9
2016-02-29,322.9,327.44,317.44,317.75,27376,317.75
2016-03-01,317.44,324.42,315.0,318.34,23748,318.34
2016-03-02,326.54,326.54,319.56,320.78,9235,320.78
2016-03-03,324.72,325.93,320.78,324.42,5277,324.42
2016-03-04,324.42,326.83,319.86,322.9,14842,322.9
2016-03-07,323.8,324.42,322.9,324.42,8905,324.42
2016-03-08,324.42,328.65,322.9,328.35,4618,328.35
2016-03-09,327.75,328.35,324.42,328.35,9235,328.35
2016-03-10,332.0,332.9,325.63,330.78,6926,330.78
2016-03-11,330.48,330.78,327.15,330.48,8246,330.48
2016-03-14,331.69,335.94,330.48,333.52,26386,333.52
2016-03-15,333.52,335.94,333.52,333.81,13523,333.81
2016-03-16,333.81,337.46,333.81,333.81,10225,333.81
2016-03-17,334.42,338.05,329.87,336.54,39908,336.54
2016-03-18,330.78,333.81,325.32,333.52,40239,333.52
2016-03-22,342.61,343.52,333.52,339.88,20449,339.88
2016-03-23,342.3,342.3,340.79,340.79,2639,340.79
2016-03-24,341.69,343.52,338.66,340.48,11544,340.48
2016-03-25,339.88,348.06,339.88,348.06,11544,348.06
2016-03-28,348.06,348.06,334.42,334.42,33312,334.42
2016-03-29,330.78,334.72,330.78,334.72,10554,334.72
2016-03-30,341.09,341.09,330.48,330.48,9895,330.48
2016-03-31,336.54,337.15,331.09,336.54,18800,336.54
2016-04-01,337.46,338.05,321.38,321.38,23748,321.38
2016-04-04,325.32,327.44,318.96,327.44,2639,327.44
2016-04-05,328.96,328.96,318.96,319.86,4947,319.86
2016-04-06,318.65,318.65,308.35,313.2,13853,313.2
2016-04-07,312.29,315.32,305.92,313.81,51783,313.81
2016-04-08,307.74,320.17,307.74,318.34,13193,318.34
2016-04-11,321.09,323.5,312.89,312.89,32322,312.89
2016-04-12,315.32,318.96,309.55,313.2,20779,313.2
2016-04-13,315.63,325.02,315.63,323.2,7586,323.2
2016-04-14,327.15,332.9,317.15,321.98,28035,321.98
2016-04-15,328.96,330.78,324.72,329.87,11544,329.87
2016-04-18,333.52,333.52,322.9,327.75,18471,327.75
2016-04-19,327.75,331.69,325.02,331.69,1979,331.69
2016-04-20,331.69,333.2,326.83,331.38,18471,331.38
2016-04-21,335.03,335.03,328.35,329.26,23417,329.26
2016-04-22,324.42,333.2,323.2,332.0,14842,332.0
2016-04-25,339.57,342.0,330.48,340.79,22427,340.79
2016-04-26,340.79,341.69,336.54,336.84,18800,336.84
2016-04-27,339.57,339.57,333.81,333.81,3958,333.81
2016-04-28,341.09,341.09,329.87,338.66,13853,338.66
2016-05-02,339.57,339.57,330.17,333.52,17150,333.52
2016-05-06,333.52,333.52,330.17,330.17,2969,330.17
2016-05-09,330.48,338.98,320.17,325.02,8576,325.02
2016-05-10,333.2,335.94,330.78,335.94,1979,335.94
2016-05-11,335.94,338.05,335.94,336.54,6596,336.54
2016-05-12,340.79,341.69,335.94,341.69,8905,341.69
2016-05-13,341.09,342.61,333.52,333.52,7586,333.52
2016-05-16,340.79,340.79,334.72,338.05,7586,338.05
2016-05-17,342.61,342.61,335.94,339.57,9895,339.57
2016-05-18,335.03,339.57,334.42,338.05,3958,338.05
2016-05-19,336.54,340.48,336.54,340.48,2639,340.48
2016-05-20,339.57,339.57,334.11,338.36,4947,338.36
2016-05-23,342.61,344.12,337.15,337.15,13193,337.15
2016-05-24,348.66,371.72,340.48,355.03,89713,355.03
2016-05-25,361.71,363.22,352.0,358.67,25397,358.67
2016-05-26,363.22,363.22,352.31,360.8,18800,360.8
2016-05-27,360.8,360.8,357.16,357.77,3628,357.77
2016-05-30,358.67,359.29,356.55,356.85,12533,356.85
2016-05-31,359.58,387.77,358.07,385.67,116429,385.67
2016-06-01,373.84,380.51,370.5,376.26,22099,376.26
2016-06-02,380.51,380.51,356.85,361.71,15502,361.71
2016-06-03,366.86,366.86,360.8,365.95,2639,365.95
2016-06-06,357.16,365.35,357.16,361.4,9895,361.4
2016-06-07,352.31,362.01,350.49,360.8,14842,360.8
2016-06-08,360.8,375.95,360.8,372.92,10885,372.92
2016-06-09,378.37,378.99,371.72,377.47,17811,377.47
2016-06-10,375.66,375.66,370.5,371.1,4947,371.1
2016-06-13,371.1,372.92,359.29,372.92,26386,372.92
2016-06-14,363.83,368.38,363.83,363.83,16821,363.83
2016-06-16,371.72,371.72,362.01,363.83,4618,363.83
2016-06-17,363.83,363.83,360.8,363.83,13523,363.83
2016-06-20,363.83,363.83,361.1,362.31,2969,362.31
2016-06-21,380.51,382.02,368.38,378.37,27376,378.37
2016-06-22,378.37,379.59,374.43,376.56,2639,376.56
2016-06-23,377.47,380.2,359.29,359.29,15172,359.29
2016-06-24,382.02,382.02,345.64,363.53,20779,363.53
2016-06-27,381.4,381.4,354.13,373.84,17481,373.84
2016-06-28,369.9,369.9,361.1,364.74,5936,364.74
2016-06-29,372.01,372.01,369.58,371.4,2639,371.4
2016-06-30,372.92,372.92,367.76,371.4,7256,371.4
2016-07-01,369.9,369.9,361.1,363.83,4618,363.83
2016-07-04,382.02,382.02,373.22,375.95,21109,375.95
2016-07-05,378.99,378.99,371.4,375.36,5936,375.36
2016-07-06,372.92,372.92,365.35,365.65,4287,365.65
2016-07-07,365.65,367.47,365.65,366.86,4287,366.86
2016-07-08,375.95,375.95,364.13,364.13,3298,364.13
2016-07-11,364.13,371.1,361.1,368.38,9564,368.38
2016-07-12,368.38,369.9,368.38,368.68,2308,368.68
2016-07-13,372.32,372.63,362.31,364.74,28366,364.74
2016-07-14,372.01,372.01,367.47,367.47,2308,367.47
2016-07-15,371.4,371.4,365.35,366.56,1979,366.56
2016-07-19,366.56,369.29,361.1,361.1,19460,361.1
2016-07-20,360.8,363.83,360.8,363.83,16162,363.83
2016-07-21,370.2,370.2,365.04,367.47,7916,367.47
2016-07-22,370.81,370.81,366.25,366.86,6267,366.86
2016-07-25,366.86,371.1,366.25,371.1,11214,371.1
2016-07-26,375.66,375.66,365.95,366.86,6926,366.86
2016-07-27,366.86,366.86,362.31,366.86,7586,366.86
2016-07-28,374.43,374.43,374.14,374.14,1649,374.14
2016-07-29,372.63,372.63,367.47,367.47,1979,367.47
2016-08-01,367.47,369.58,360.49,368.99,8246,368.99
2016-08-02,368.99,369.29,359.89,369.29,2308,369.29
2016-08-03,369.29,369.29,360.8,365.35,3298,365.35
2016-08-04,366.86,366.86,362.31,363.83,2639,363.83
2016-08-05,369.29,369.29,363.83,363.83,659,363.83
2016-08-08,371.1,371.1,364.74,370.81,10885,370.81
2016-08-09,392.03,401.73,389.0,400.82,77510,400.82
2016-08-10,400.21,400.21,394.75,396.88,17811,396.88
2016-08-12,396.88,400.82,392.32,396.27,52113,396.27
2016-08-15,396.58,404.76,396.58,400.21,44857,400.21
2016-08-16,395.37,401.42,395.37,399.3,14512,399.3
2016-08-17,402.63,402.63,400.21,400.52,10554,400.52
2016-08-18,404.46,420.83,404.14,410.52,95979,410.52
2016-08-19,410.83,410.83,405.38,406.57,7256,406.57
2016-08-22,406.57,417.79,406.28,410.83,31004,410.83
2016-08-23,410.83,417.79,407.19,416.28,7256,416.28
2016-08-24,414.16,416.28,403.24,403.55,28035,403.55
2016-08-25,403.55,413.25,403.55,413.25,15832,413.25
2016-08-26,415.06,417.79,405.38,409.31,31663,409.31
2016-08-29,410.83,411.12,400.82,403.55,12533,403.55
2016-08-30,409.0,412.04,400.21,407.79,21109,407.79
2016-08-31,412.34,436.6,412.34,435.68,126652,435.68
2016-09-01,430.53,433.26,428.11,428.71,8576,428.71
2016-09-02,433.26,433.57,422.04,422.95,5277,422.95
2016-09-05,433.57,433.57,419.0,421.43,32653,421.43
2016-09-06,424.47,424.77,424.47,424.47,1979,424.47
2016-09-07,424.47,427.5,417.2,427.5,15832,427.5
2016-09-08,427.19,430.53,409.31,417.49,45846,417.49
2016-09-09,409.91,416.88,409.91,410.52,30014,410.52
2016-09-12,409.91,414.77,406.57,413.86,12533,413.86
2016-09-13,412.34,412.34,408.71,409.31,12533,409.31
2016-09-14,409.0,411.74,407.19,410.83,8246,410.83
2016-09-15,409.31,409.31,400.21,400.82,22099,400.82
2016-09-16,402.34,407.48,402.34,405.96,5608,405.96
2016-09-20,403.24,403.24,394.14,399.92,37930,399.92
2016-09-21,403.24,404.76,394.75,394.75,32653,394.75
2016-09-23,427.5,432.96,422.95,430.53,137537,430.53
2016-09-26,439.62,440.24,421.43,439.93,102576,439.93
2016-09-27,438.11,439.02,430.23,437.5,41229,437.5
2016-09-28,428.41,436.6,428.41,432.96,17481,432.96
2016-09-29,439.62,452.35,439.62,445.69,118737,445.69
2016-09-30,452.05,452.05,440.53,442.96,97299,442.96
2016-10-03,448.42,448.42,445.08,445.69,17150,445.69
2016-10-04,451.15,457.82,446.3,446.3,50793,446.3
2016-10-05,454.79,454.79,447.51,448.71,49144,448.71
2016-10-06,448.71,452.35,448.71,452.05,9564,452.05
2016-10-07,455.68,460.54,442.96,452.35,64316,452.35
2016-10-11,461.46,463.88,455.39,463.57,63656,463.57
2016-10-12,464.18,473.28,454.79,473.28,195257,473.28
2016-10-13,476.9,477.83,460.85,469.34,69923,469.34
2016-10-14,481.77,481.77,469.03,476.0,57719,476.0
2016-10-17,476.32,476.32,469.95,472.37,31663,472.37
2016-10-18,478.74,478.74,469.95,475.4,22427,475.4
2016-10-19,480.56,489.65,477.83,486.63,93671,486.63
2016-10-20,488.15,488.73,482.69,484.51,30014,484.51
2016-10-21,490.56,490.56,485.1,485.1,42547,485.1
2016-10-24,490.56,490.86,487.22,489.65,28694,489.65
2016-10-25,491.17,502.99,491.17,500.26,66295,500.26
2016-10-26,502.99,506.02,498.74,505.42,62337,505.42
2016-10-27,503.29,513.91,502.08,513.91,49474,513.91
2016-10-28,515.42,526.94,515.42,526.94,102245,526.94
2016-10-31,527.25,556.36,526.64,555.45,224611,555.45
2016-11-01,543.62,543.62,486.63,507.85,182723,507.85
2016-11-02,497.84,532.1,496.02,509.66,86414,509.66
2016-11-04,509.36,521.19,509.36,516.34,50134,516.34
2016-11-07,519.97,532.4,516.64,518.45,25066,518.45
2016-11-08,518.45,529.07,515.42,521.48,27045,521.48
2016-11-09,527.56,527.56,485.1,502.99,90372,502.99
2016-11-10,515.42,526.34,513.91,518.45,52442,518.45
2016-11-11,521.79,523.01,509.66,511.19,38260,511.19
2016-11-14,511.19,516.93,502.99,516.34,14842,516.34
2016-11-15,516.34,516.34,507.54,512.39,15172,512.39
2016-11-16,510.57,512.71,504.2,506.02,58709,506.02
2016-11-17,500.26,509.36,499.36,501.47,33643,501.47
2016-11-18,501.47,502.69,486.92,493.29,43867,493.29
2016-11-21,487.54,501.17,466.91,499.65,156008,499.65
2016-11-22,499.65,533.62,492.08,529.98,65965,529.98
2016-11-24,529.98,541.49,518.45,536.04,75200,536.04
2016-11-25,536.04,536.34,516.93,521.19,63656,521.19
2016-11-28,515.74,527.56,507.85,521.79,47824,521.79
2016-11-29,523.3,541.49,523.3,541.49,53762,541.49
2016-11-30,539.67,539.67,527.25,530.89,41229,530.89
2016-12-01,530.89,533.0,525.12,528.16,49803,528.16
2016-12-02,533.31,533.62,526.34,533.62,38589,533.62
2016-12-05,533.62,535.74,522.1,530.58,41888,530.58
2016-12-06,529.37,541.2,524.21,539.67,45516,539.67
2016-12-07,537.26,544.53,530.89,530.89,64646,530.89
2016-12-08,524.82,535.44,517.55,520.58,53432,520.58
2016-12-09,516.03,528.46,516.03,517.24,44197,517.24
2016-12-12,493.0,515.11,492.68,492.68,295524,492.68
2016-12-13,492.68,504.82,488.15,500.26,79159,500.26
2016-12-14,498.15,509.96,496.33,509.96,56729,509.96
2016-12-15,504.82,509.36,495.42,508.15,57719,508.15
2016-12-16,500.26,500.88,485.1,489.65,126324,489.65
2016-12-19,489.65,498.74,485.1,492.68,89053,492.68
2016-12-20,495.1,495.1,485.1,490.86,95979,490.86
2016-12-21,494.19,496.33,486.63,488.73,77838,488.73
2016-12-22,493.59,501.79,489.65,501.79,91362,501.79
2016-12-26,501.79,508.76,488.44,506.62,141825,506.62
2016-12-27,507.85,510.57,500.88,510.57,111151,510.57
2016-12-28,511.19,520.27,509.66,516.93,96309,516.93
2016-12-29,515.42,515.42,497.23,507.85,98289,507.85
2016-12-30,514.81,514.81,506.34,513.91,67614,513.91
2017-01-04,519.37,520.27,515.74,520.27,99937,520.27
2017-01-05,516.93,520.27,515.42,519.06,79818,519.06
2017-01-06,518.45,520.58,508.76,520.27,84765,520.27
2017-01-10,520.88,525.73,515.42,522.1,134898,522.1
2017-01-11,520.88,524.53,516.93,523.3,152379,523.3
2017-01-12,519.37,523.3,515.42,522.1,146772,522.1
2017-01-13,516.34,521.48,516.03,516.64,82126,516.64
2017-01-16,516.93,521.48,507.54,510.27,63986,510.27
2017-01-17,504.2,515.42,504.2,510.57,49803,510.57
2017-01-18,509.36,515.11,505.42,514.81,31333,514.81
2017-01-19,510.88,515.11,509.36,512.08,36281,512.08
2017-01-20,506.34,511.48,505.72,506.34,21768,506.34
2017-01-23,518.16,518.16,510.88,514.81,44526,514.81
2017-01-24,516.03,521.48,513.0,519.97,109832,519.97
2017-01-25,519.97,519.97,504.2,510.57,106204,510.57
2017-01-26,514.52,514.52,506.62,509.36,68604,509.36
2017-01-27,512.08,515.11,509.06,510.88,60028,510.88
2017-01-30,508.76,511.19,494.51,511.19,235495,511.19
2017-01-31,518.75,530.28,512.08,529.07,612486,529.07
2017-02-01,527.56,527.85,519.06,521.79,150730,521.79
2017-02-02,521.79,538.77,521.48,534.82,286288,534.82
2017-02-03,534.53,534.53,511.79,517.24,79818,517.24
2017-02-06,522.1,526.94,518.45,526.04,49474,526.04
2017-02-07,517.24,525.43,516.93,516.93,58379,516.93
2017-02-08,509.36,509.36,493.9,499.97,185691,499.97
2017-02-09,497.84,499.05,489.65,493.9,104884,493.9
2017-02-10,494.81,496.62,490.56,493.59,49144,493.59
2017-02-13,493.59,507.54,490.86,506.93,72561,506.93
2017-02-14,508.44,522.71,502.08,522.39,101586,522.39
2017-02-15,522.39,522.39,511.19,514.81,45846,514.81
2017-02-16,510.88,511.48,503.29,506.62,49144,506.62
2017-02-17,505.42,513.0,503.91,504.2,45185,504.2
2017-02-20,501.79,512.08,501.79,509.66,21109,509.66
2017-02-21,507.85,512.08,504.82,510.88,43867,510.88
2017-02-22,507.25,507.85,500.88,505.11,35951,505.11
2017-02-23,502.08,508.76,502.08,506.93,32322,506.93
2017-02-24,506.62,514.22,505.72,514.22,17150,514.22
2017-02-27,518.45,524.53,515.74,524.53,112800,524.53
2017-02-28,524.53,533.31,522.39,531.19,236155,531.19
2017-03-01,530.58,531.8,516.93,521.19,43207,521.19
2017-03-02,519.68,522.39,518.45,521.19,46506,521.19
2017-03-03,521.19,522.1,517.85,522.1,13523,522.1
2017-03-06,521.79,522.1,515.42,519.37,19460,519.37
2017-03-07,519.37,519.37,513.0,513.29,33972,513.29
2017-03-08,514.52,517.24,512.39,516.03,30344,516.03
2017-03-09,511.19,514.81,511.19,512.08,30674,512.08
2017-03-10,510.88,515.74,510.88,513.0,19130,513.0
2017-03-13,513.0,520.88,513.0,517.85,36281,517.85
2017-03-14,517.85,517.85,513.0,515.74,12863,515.74
2017-03-15,518.16,518.16,514.81,516.34,15832,516.34
2017-03-16,513.91,516.34,513.91,515.74,12204,515.74
2017-03-17,514.22,518.16,514.22,515.42,8576,515.42
2017-03-21,519.97,519.97,513.6,516.03,21109,516.03
2017-03-22,513.91,515.11,512.39,513.6,24737,513.6
2017-03-23,513.6,513.6,510.57,511.19,13853,511.19
2017-03-24,511.79,513.91,508.76,513.91,10885,513.91
2017-03-27,516.03,516.03,506.34,511.48,26056,511.48
2017-03-28,513.6,513.6,507.25,513.6,27704,513.6
2017-03-29,511.79,511.79,502.99,509.06,24407,509.06
2017-03-30,502.39,504.51,500.88,502.99,27704,502.99
2017-03-31,506.34,511.48,500.26,509.66,53101,509.66
2017-04-03,509.96,509.96,505.42,505.42,28366,505.42
2017-04-04,500.56,507.85,492.08,503.29,33643,503.29
2017-04-05,500.26,500.88,493.0,493.0,32322,493.0
2017-04-06,486.92,488.73,471.16,481.17,55411,481.17
2017-04-07,476.32,483.88,467.82,474.8,42547,474.8
2017-04-10,472.97,476.0,465.7,471.77,37600,471.77
2017-04-11,468.73,469.03,466.91,467.22,11873,467.22
2017-04-12,467.22,467.22,457.51,459.63,45516,459.63
2017-04-13,459.33,468.13,458.72,467.22,45846,467.22
2017-04-14,467.22,467.22,459.63,463.88,35292,463.88
2017-04-17,493.9,493.9,469.95,470.86,111481,470.86
2017-04-18,479.95,479.95,472.37,472.97,32983,472.97
2017-04-19,473.28,480.25,472.68,472.68,24737,472.68
2017-04-20,471.77,476.0,466.91,467.82,31663,467.82
2017-04-21,476.0,476.0,469.64,474.49,29355,474.49
2017-04-24,474.49,476.0,470.25,473.89,19130,473.89
2017-04-25,472.68,475.71,467.82,475.1,34961,475.1
2017-04-26,476.62,477.83,469.95,472.37,47165,472.37
2017-04-27,477.83,477.83,471.45,472.97,46835,472.97
2017-04-28,477.53,477.53,472.97,473.28,23089,473.28
2017-05-01,478.14,478.14,472.97,474.49,21109,474.49
2017-05-02,476.9,480.56,476.0,476.62,56729,476.62
2017-05-08,477.53,484.2,476.9,481.17,73882,481.17
2017-05-09,481.47,487.22,481.47,485.71,46175,485.71
2017-05-10,489.97,490.25,485.1,486.63,59369,486.63
2017-05-11,488.44,491.77,487.54,488.44,49144,488.44
2017-05-12,486.63,490.56,486.63,486.63,47495,486.63
2017-05-15,486.63,486.63,481.47,482.07,18800,482.07
2017-05-16,490.56,490.56,483.28,483.88,52773,483.88
2017-05-17,491.17,506.34,486.92,506.34,125003,506.34
2017-05-18,498.74,501.47,493.29,500.56,50793,500.56
2017-05-19,500.88,504.51,494.81,498.15,26717,498.15
2017-05-22,500.56,505.11,500.56,502.69,37600,502.69
2017-05-23,500.26,503.29,498.15,501.17,31333,501.17
2017-05-24,503.29,504.2,500.26,501.79,16162,501.79
2017-05-25,501.79,501.79,491.17,491.17,35292,491.17
2017-05-26,490.25,491.17,484.8,486.02,44526,486.02
2017-05-29,484.51,487.22,483.59,484.51,10885,484.51
2017-05-30,491.17,494.51,489.97,493.29,45846,493.29
2017-05-31,500.26,505.72,498.45,504.51,51783,504.51
2017-06-01,505.72,506.02,499.05,501.17,35951,501.17
2017-06-02,501.17,503.91,499.36,501.79,32653,501.79
2017-06-05,501.79,504.82,498.45,503.91,28366,503.91
2017-06-06,503.91,503.91,494.51,496.93,14842,496.93
2017-06-07,496.93,498.74,495.1,497.84,16491,497.84
2017-06-08,500.26,503.29,494.19,494.51,38260,494.51
2017-06-09,495.71,495.71,485.1,488.44,59698,488.44
2017-06-12,487.83,492.38,487.54,489.97,51124,489.97
2017-06-13,489.97,495.1,489.97,492.68,9564,492.68
2017-06-14,492.68,498.45,492.68,495.42,18140,495.42
2017-06-15,498.15,498.15,488.15,488.15,21768,488.15
2017-06-16,495.71,495.71,490.56,491.77,19460,491.77
2017-06-19,496.33,496.93,493.9,496.02,40898,496.02
2017-06-20,497.23,504.2,497.23,497.23,71242,497.23
2017-06-21,500.88,500.88,496.93,497.53,58050,497.53
2017-06-22,500.26,500.26,496.33,497.84,47165,497.84
2017-06-23,499.36,500.26,497.84,498.74,52442,498.74
2017-06-26,497.23,501.79,496.02,500.56,57390,500.56
2017-06-27,498.74,499.65,493.29,496.62,47495,496.62
2017-06-28,496.62,498.15,493.0,493.0,54091,493.0
2017-06-29,493.0,495.1,488.15,491.48,63656,491.48
2017-06-30,491.17,504.82,489.97,504.2,143474,504.2
2017-07-03,501.79,507.85,501.47,501.47,73221,501.47
2017-07-04,507.54,509.06,505.42,506.62,63327,506.62
2017-07-05,503.29,510.88,503.29,510.88,52442,510.88
2017-07-06,508.76,510.57,506.34,507.54,31004,507.54
2017-07-07,503.6,506.93,502.69,505.11,86085,505.11
2017-07-10,505.11,509.96,505.11,507.54,28366,507.54
2017-07-11,509.36,511.19,509.06,510.27,34302,510.27
2017-07-12,511.79,511.79,507.54,508.76,39249,508.76
2017-07-13,509.36,511.19,506.93,509.06,54421,509.06
2017-07-14,507.85,512.39,507.85,511.19,51124,511.19
2017-07-18,512.39,512.39,509.66,511.48,31004,511.48
2017-07-19,512.39,514.22,511.19,511.19,63327,511.19
2017-07-20,511.48,514.22,506.62,509.06,90702,509.06
2017-07-21,509.36,509.96,506.02,506.02,49803,506.02
2017-07-24,506.34,507.54,502.99,502.99,83116,502.99
2017-07-25,526.04,588.19,516.93,549.68,436029,549.68
2017-07-26,557.87,558.78,532.71,545.13,151060,545.13
2017-07-27,544.23,544.82,537.26,539.37,61347,539.37
2017-07-28,539.67,541.2,527.56,531.8,75200,531.8
2017-07-31,530.58,532.1,526.64,528.76,38920,528.76
2017-08-01,530.58,534.82,527.56,532.1,36281,532.1
2017-08-02,533.62,534.53,528.46,532.71,23417,532.71
2017-08-03,532.71,534.82,530.58,534.22,28694,534.22
2017-08-04,524.82,536.95,524.82,536.64,59039,536.64
2017-08-07,534.82,542.41,534.22,539.98,46506,539.98
2017-08-08,536.95,543.62,532.71,540.29,87074,540.29
2017-08-09,542.72,554.54,532.1,548.47,142155,548.47
2017-08-10,548.76,551.81,537.56,548.17,73882,548.17
2017-08-14,551.81,574.55,549.39,564.24,164583,564.24
2017-08-15,569.69,586.67,568.79,578.78,153038,578.78
2017-08-16,578.48,583.65,571.82,582.73,70582,582.73
2017-08-17,584.56,584.56,576.36,582.13,61018,582.13
2017-08-18,574.25,581.22,573.33,578.78,43867,578.78
2017-08-21,578.78,582.13,573.33,579.7,36940,579.7
2017-08-22,574.84,582.13,574.84,577.28,50134,577.28
2017-08-23,574.55,579.11,573.33,574.55,55741,574.55
2017-08-24,576.06,582.73,574.84,580.3,85095,580.3
2017-08-25,577.28,581.82,577.28,581.82,35621,581.82
2017-08-28,578.78,581.22,573.33,578.19,51452,578.19
2017-08-29,577.58,580.91,576.06,580.61,45846,580.61
2017-08-30,581.22,584.56,573.02,583.33,52113,583.33
2017-08-31,583.33,588.19,580.61,587.88,73551,587.88
2017-09-01,589.4,604.86,588.5,603.66,166892,603.66
2017-09-04,605.48,610.93,591.53,599.1,105874,599.1
2017-09-05,604.26,605.78,596.98,603.96,96968,603.96
2017-09-06,592.13,609.41,592.13,609.11,63986,609.11
2017-09-07,609.41,642.77,609.41,629.72,188330,629.72
2017-09-08,637.31,637.91,615.48,622.44,41229,622.44
2017-09-11,637.61,650.05,628.22,637.61,58379,637.61
2017-09-12,650.34,650.34,629.12,635.19,47824,635.19
2017-09-13,637.91,651.25,636.09,650.96,44857,650.96
2017-09-14,654.9,657.61,647.92,654.59,53101,654.59
2017-09-15,658.53,692.79,658.53,689.46,142484,689.46
2017-09-19,688.84,689.15,677.64,684.3,89382,684.3
2017-09-20,684.3,684.3,670.35,675.5,54752,675.5
2017-09-21,679.16,681.27,670.96,676.12,71242,676.12
2017-09-22,670.05,670.66,654.59,663.98,62007,663.98
2017-09-25,663.07,667.92,636.09,663.07,84436,663.07
2017-09-26,666.72,674.9,663.39,666.72,112140,666.72
2017-09-27,667.01,677.93,663.39,666.72,57060,666.72
2017-09-28,670.05,684.3,670.05,682.17,103566,682.17
2017-09-29,684.62,707.65,684.62,697.35,144133,697.35
2017-10-02,706.44,713.4,685.2,696.43,62337,696.43
2017-10-03,697.35,700.37,688.55,696.73,62997,696.73
2017-10-04,696.43,696.43,678.24,683.38,49474,683.38
2017-10-05,692.18,696.43,684.91,685.81,49144,685.81
2017-10-06,679.16,686.12,674.61,681.27,23089,681.27
2017-10-10,686.12,692.49,676.73,679.75,43867,679.75
2017-10-11,688.25,691.27,674.29,677.33,41558,677.33
2017-10-12,672.79,679.16,670.66,676.73,27376,676.73
2017-10-13,676.12,695.82,676.12,695.82,51783,695.82
2017-10-16,801.94,847.42,776.17,822.25,553777,822.25
2017-10-17,824.68,845.0,802.25,821.65,273755,821.65
2017-10-18,814.06,822.25,814.06,819.22,60028,819.22
2017-10-19,808.0,816.19,806.79,807.09,80808,807.09
2017-10-20,808.0,813.46,808.0,812.55,38920,812.55
2017-10-23,823.17,830.74,806.79,808.91,76520,808.91
2017-10-24,812.86,824.68,812.86,820.44,51124,820.44
2017-10-25,822.54,836.51,818.91,832.56,93671,832.56
2017-10-26,841.35,907.46,839.54,886.54,282990,886.54
2017-10-27,900.48,945.96,900.48,924.73,200534,924.73
2017-10-30,924.73,924.73,885.62,895.01,174478,895.01
2017-10-31,903.5,907.76,896.23,899.27,57060,899.27
2017-11-01,905.02,905.02,891.68,899.27,54752,899.27
2017-11-02,898.96,898.96,851.05,864.71,123025,864.71
2017-11-06,864.71,885.92,860.76,877.43,78828,877.43
2017-11-07,877.43,894.41,873.19,880.46,55741,880.46
2017-11-08,878.34,881.07,868.03,877.74,38920,877.74
2017-11-09,832.26,844.69,767.38,818.61,327187,818.61
2017-11-10,818.61,833.47,794.36,811.95,97628,811.95
2017-11-13,803.45,803.45,776.77,779.8,117418,779.8
2017-11-14,774.66,775.25,754.95,756.14,142484,756.14
2017-11-15,764.04,767.07,727.05,730.09,129621,730.09
2017-11-16,722.81,750.69,722.2,746.75,113130,746.75
2017-11-17,746.15,750.4,737.96,745.55,101586,745.55
2017-11-20,743.42,756.47,741.29,745.86,134239,745.86
2017-11-21,749.49,773.14,748.27,762.52,140836,762.52
2017-11-22,764.94,784.97,764.94,781.93,59698,781.93
2017-11-24,784.97,784.97,763.75,775.57,79487,775.57
2017-11-27,782.23,784.66,771.31,773.14,92022,773.14
2017-11-28,776.77,777.68,745.86,771.31,67724,771.31
2017-11-29,776.77,782.23,754.95,763.12,59478,763.12
2017-11-30,772.24,773.14,759.48,762.23,47055,762.23
2017-12-01,759.48,764.04,741.29,744.04,83446,744.04
2017-12-04,745.86,757.67,738.57,749.49,34631,749.49
2017-12-05,749.49,751.31,728.57,746.75,80917,746.75
2017-12-06,744.94,747.67,728.57,732.21,59369,732.21
2017-12-07,736.75,743.12,730.39,735.84,82895,735.84
2017-12-08,734.92,758.58,725.84,758.58,116868,758.58
2017-12-11,764.04,765.86,746.75,748.58,46506,748.58
2017-12-12,749.49,750.4,744.94,749.49,56291,749.49
2017-12-13,749.49,754.95,748.58,752.21,46285,752.21
2017-12-14,759.48,759.48,748.58,749.49,48705,749.49
2017-12-15,746.75,752.21,742.21,752.21,76520,752.21
2017-12-18,754.95,774.95,752.21,771.31,107084,771.31
2017-12-19,777.68,777.68,764.94,767.68,79708,767.68
2017-12-20,774.05,777.68,769.49,773.14,78498,773.14
2017-12-21,779.5,789.5,767.68,778.6,124014,778.6
2017-12-22,786.78,788.6,766.77,770.41,89492,770.41
2017-12-25,771.31,804.97,771.31,804.97,110271,804.97
2017-12-26,806.79,835.89,751.31,753.12,317292,753.12
2017-12-27,763.12,778.6,757.67,771.31,101586,771.31
2017-12-28,773.14,773.14,752.21,757.67,72561,757.67
2017-12-29,763.12,774.05,749.49,754.95,105653,754.95
2018-01-04,755.86,764.94,754.95,757.67,80148,757.67
2018-01-05,757.67,757.67,745.86,754.04,64646,754.04
2018-01-09,754.95,756.77,746.75,751.31,71133,751.31
2018-01-10,751.31,751.31,745.86,750.4,50024,750.4
2018-01-11,745.86,749.49,745.86,748.58,31112,748.58
2018-01-12,747.67,754.95,743.12,754.04,113790,754.04
2018-01-15,757.67,758.58,750.4,751.31,60907,751.31
2018-01-16,750.4,753.12,744.04,744.94,76629,744.94
2018-01-17,742.21,747.67,736.75,736.75,78498,736.75
2018-01-18,736.75,744.94,728.57,729.47,98509,729.47
2018-01-19,731.29,743.12,731.29,734.92,49474,734.92
2018-01-22,735.84,752.21,735.84,744.94,84215,744.94
2018-01-23,744.94,747.67,735.84,744.04,57060,744.04
2018-01-24,740.39,752.21,740.39,751.31,52552,751.31
2018-01-25,747.67,757.67,747.67,757.67,66625,757.67
2018-01-26,759.48,777.68,757.67,771.31,150620,771.31
2018-01-29,777.68,786.78,768.58,775.86,67944,775.86
2018-01-30,779.5,780.41,738.57,744.04,92790,744.04
2018-01-31,739.49,743.12,725.84,726.75,113790,726.75
2018-02-01,727.66,734.03,726.75,728.57,61678,728.57
2018-02-02,730.39,734.03,724.01,727.66,71792,727.66
2018-02-05,709.47,713.1,692.18,694.92,126762,694.92
2018-02-06,640.33,658.53,636.7,652.15,170190,652.15
2018-02-07,679.45,694.0,653.98,653.98,85864,653.98
2018-02-08,666.72,682.17,658.53,668.53,49583,668.53
2018-02-09,627.6,676.73,627.6,674.9,94110,674.9
2018-02-13,695.82,695.82,648.53,652.15,75091,652.15
2018-02-14,652.15,654.9,627.6,636.7,67944,636.7
2018-02-15,638.52,649.44,633.97,642.16,48485,642.16
2018-02-16,638.52,651.25,634.88,651.25,73991,651.25
2018-02-19,678.54,678.54,660.35,671.27,36171,671.27
2018-02-20,670.35,670.35,653.98,666.72,36720,666.72
2018-02-21,666.72,667.63,661.26,664.9,31554,664.9
2018-02-22,665.81,669.44,660.35,663.98,24298,663.98
2018-02-23,670.35,674.9,665.81,666.72,38149,666.72
2018-02-26,676.73,701.28,669.44,675.81,159746,675.81
2018-02-27,676.73,690.36,674.9,678.54,52113,678.54
2018-02-28,679.45,707.65,679.45,701.28,54532,701.28
2018-03-01,700.37,700.37,679.45,685.81,47495,685.81
2018-03-02,672.18,684.0,669.44,680.35,35511,680.35
2018-03-05,680.35,692.18,668.53,672.18,55850,672.18
2018-03-06,673.99,684.91,671.27,676.73,24737,676.73
2018-03-07,675.81,683.1,671.27,673.99,20889,673.99
2018-03-08,670.35,678.54,665.81,670.35,27926,670.35
2018-03-09,673.99,674.9,656.71,658.53,55301,658.53
2018-03-12,664.9,665.81,655.8,663.98,26495,663.98
2018-03-13,667.63,674.9,664.9,673.99,51013,673.99
2018-03-14,678.54,683.1,674.9,680.35,24958,680.35
2018-03-15,681.27,686.72,673.99,678.54,31884,678.54
2018-03-16,679.45,684.91,674.9,684.91,26825,684.91
2018-03-19,682.17,690.36,673.99,676.73,30453,676.73
2018-03-20,676.73,686.72,672.18,678.54,40788,678.54
2018-03-22,690.36,699.46,687.63,698.55,82456,698.55
2018-03-23,684.91,687.63,673.09,673.09,53432,673.09
2018-03-26,673.09,674.9,659.44,667.63,54532,667.63
2018-03-27,673.99,675.81,661.26,672.18,102356,672.18
2018-03-28,666.72,673.99,662.16,669.44,73221,669.44
2018-03-29,673.09,678.54,655.8,667.63,117308,667.63
2018-03-30,680.35,681.27,672.18,675.81,60028,675.81
2018-04-02,677.64,681.27,672.18,676.73,46944,676.73
2018-04-03,672.18,691.27,662.16,689.46,81028,689.46
2018-04-04,691.27,724.93,686.72,721.3,131601,721.3
2018-04-05,721.3,731.29,711.29,726.75,101586,726.75
2018-04-06,728.57,744.04,716.74,719.48,113461,719.48
2018-04-09,715.83,733.11,701.28,731.29,76629,731.29
2018-04-10,730.39,748.58,728.57,733.11,101476,733.11
2018-04-11,731.29,734.92,717.65,717.65,42108,717.65
2018-04-12,728.57,729.47,719.48,723.11,24077,723.11
2018-04-13,726.75,726.75,712.19,714.01,22648,714.01
2018-04-16,720.38,724.93,710.37,716.74,25176,716.74
2018-04-17,717.65,717.65,706.74,710.37,30344,710.37
2018-04-18,707.65,725.84,705.83,717.65,28585,717.65
2018-04-19,717.65,721.3,711.29,719.48,16600,719.48
2018-04-20,718.56,726.75,716.74,717.65,22538,717.65
2018-04-23,715.83,718.56,712.19,714.01,20229,714.01
2018-04-24,714.92,716.74,707.65,709.47,46175,709.47
2018-04-25,706.74,713.1,699.46,708.55,57719,708.55
2018-04-26,714.01,715.83,703.1,710.37,85754,710.37
2018-04-27,710.37,713.1,702.19,709.47,54201,709.47
2018-05-01,710.37,712.19,701.28,702.19,22538,702.19
2018-05-02,704.01,707.65,701.28,705.83,19350,705.83
2018-05-07,710.37,734.92,706.74,725.84,64207,725.84
2018-05-08,730.39,749.49,730.39,747.67,48594,747.67
2018-05-09,744.94,746.75,734.03,734.92,32543,734.92
2018-05-10,737.67,739.49,723.11,724.01,24958,724.01
2018-05-11,724.93,726.75,707.65,717.65,41997,717.65
2018-05-14,730.39,730.39,714.01,720.38,35730,720.38
2018-05-15,721.3,722.2,705.83,711.29,50463,711.29
2018-05-16,709.47,709.47,653.08,663.98,156446,663.98
2018-05-17,674.9,674.9,659.44,661.26,76079,661.26
2018-05-18,663.98,667.63,659.44,663.98,74431,663.98
2018-05-21,670.35,675.81,666.72,675.81,59919,675.81
2018-05-22,675.81,684.0,671.27,681.27,40129,681.27
2018-05-23,678.54,679.45,668.53,671.27,84544,671.27
2018-05-24,669.44,671.27,663.98,669.44,55520,669.44
2018-05-25,664.9,667.63,661.26,662.16,39908,662.16
2018-05-28,660.35,663.07,653.98,655.8,42547,655.8
2018-05-29,651.25,653.08,615.78,633.06,128193,633.06
2018-05-30,628.52,630.34,620.33,625.78,55961,625.78
2018-05-31,633.97,641.25,627.6,637.61,47275,637.61
2018-06-01,637.61,638.52,628.52,629.42,26936,629.42
2018-06-04,634.88,643.98,633.97,639.43,31993,639.43
2018-06-05,643.98,643.98,630.34,634.88,30234,634.88
2018-06-06,636.7,637.61,631.24,633.97,24517,633.97
2018-06-07,640.33,647.62,634.88,647.62,25507,647.62
2018-06-08,649.44,651.25,640.33,642.16,52773,642.16
2018-06-11,646.71,651.25,644.89,646.71,25727,646.71
2018-06-12,653.08,653.98,643.98,652.15,51562,652.15
2018-06-13,653.08,658.53,653.08,656.71,23308,656.71
2018-06-14,656.71,664.9,652.15,653.98,24517,653.98
2018-06-15,654.9,659.44,654.9,659.44,16821,659.44
2018-06-18,668.53,679.45,663.07,673.99,76740,673.99
2018-06-19,678.54,688.55,667.63,670.35,62007,670.35
2018-06-20,666.72,669.44,647.62,663.07,38811,663.07
2018-06-21,667.63,667.63,651.25,656.71,27376,656.71
2018-06-22,668.53,668.53,650.34,657.61,26717,657.61
2018-06-25,658.53,659.44,646.71,648.53,22427,648.53
2018-06-26,646.71,651.25,646.71,650.34,21330,650.34
2018-06-27,648.53,658.53,648.53,652.15,15941,652.15
2018-06-28,650.34,667.63,647.62,659.44,24627,659.44
2018-06-29,668.53,668.53,654.9,663.07,38920,663.07
2018-07-02,667.63,667.63,662.16,662.16,24847,662.16
2018-07-03,662.16,664.9,632.15,643.07,61897,643.07
2018-07-04,638.52,642.16,627.6,634.88,36501,634.88
2018-07-05,629.42,633.06,605.78,612.14,47275,612.14
2018-07-06,639.43,639.43,622.15,628.52,31554,628.52
2018-07-09,629.42,631.24,620.33,620.33,22427,620.33
2018-07-10,626.7,629.42,618.51,618.51,25727,618.51
2018-07-11,629.42,629.42,616.69,620.33,18471,620.33
2018-07-12,620.33,633.06,620.33,629.42,20229,629.42
2018-07-13,630.34,633.97,628.52,631.24,16712,631.24
2018-07-17,632.15,633.06,623.06,624.88,26386,624.88
2018-07-18,622.15,636.7,622.15,635.79,19570,635.79
2018-07-19,632.15,638.52,632.15,636.7,16271,636.7
2018-07-20,630.34,636.7,630.34,633.06,10334,633.06
2018-07-23,637.61,643.07,634.88,641.25,25507,641.25
2018-07-24,643.98,651.25,642.16,649.44,17481,649.44
2018-07-25,654.9,657.61,650.34,657.61,15611,657.61
2018-07-26,666.72,671.27,660.35,670.35,36390,670.35
2018-07-27,672.18,673.99,663.98,667.63,37270,667.63
2018-07-30,667.63,673.09,657.61,661.26,20779,661.26
2018-07-31,659.44,661.26,633.06,633.06,46615,633.06
2018-08-01,640.33,650.34,640.33,645.79,17150,645.79
2018-08-02,647.62,653.08,642.16,643.07,26166,643.07
2018-08-03,644.89,648.53,634.88,636.7,17701,636.7
2018-08-06,637.61,641.25,632.15,633.06,19460,633.06
2018-08-07,635.79,641.25,630.34,641.25,30344,641.25
2018-08-08,641.25,652.15,636.7,641.25,47275,641.25
2018-08-09,609.41,615.78,595.76,605.78,151390,605.78
2018-08-10,602.14,607.59,577.58,579.39,118957,579.39
2018-08-13,582.13,585.76,568.48,576.67,63877,576.67
2018-08-14,576.67,597.58,576.67,594.87,30564,594.87
2018-08-15,598.5,598.5,579.39,583.94,23308,583.94
2018-08-16,582.13,582.13,571.21,576.67,20120,576.67
2018-08-17,590.31,590.31,580.3,583.04,11435,583.04
2018-08-20,583.04,583.04,577.58,579.39,14622,579.39
2018-08-21,577.58,577.58,569.39,569.39,36611,569.39
2018-08-22,569.39,572.13,566.67,572.13,22208,572.13
2018-08-23,572.13,573.02,561.2,573.02,52442,573.02
2018-08-24,577.58,581.22,576.67,579.39,25836,579.39
2018-08-27,590.31,590.31,581.22,583.94,41119,583.94
2018-08-28,590.31,593.04,586.67,592.13,34852,592.13
2018-08-29,593.96,600.33,593.96,600.33,20779,600.33
2018-08-30,608.5,611.24,592.13,595.76,52003,595.76
2018-08-31,596.68,603.96,595.76,601.22,32763,601.22
2018-09-03,608.5,608.5,595.76,596.68,45077,596.68
2018-09-04,600.33,602.14,596.68,596.68,29355,596.68
2018-09-05,603.96,603.96,597.58,597.58,138087,597.58
2018-09-06,597.58,597.58,586.67,591.22,44416,591.22
2018-09-07,594.87,601.22,589.4,601.22,45956,601.22
2018-09-10,603.96,604.86,597.58,600.33,32653,600.33
2018-09-11,603.96,611.24,602.14,610.32,41558,610.32
2018-09-12,608.5,608.5,591.22,593.96,57170,593.96
2018-09-13,600.33,604.86,594.87,600.33,37161,600.33
2018-09-14,600.33,607.59,599.41,605.78,136878,605.78
2018-09-18,612.14,615.78,607.59,612.14,81687,612.14
2018-09-19,616.69,632.15,615.78,628.52,71022,628.52
2018-09-20,634.88,637.61,624.88,626.7,75091,626.7
2018-09-21,633.97,634.88,627.6,629.42,54421,629.42
2018-09-25,633.97,644.89,632.15,640.33,110162,640.33
2018-09-26,632.15,632.15,614.87,623.06,133250,623.06
2018-09-27,623.06,626.7,618.51,620.33,47495,620.33
2018-09-28,623.06,629.42,623.06,623.06,28915,623.06
2018-10-01,622.15,625.78,619.42,625.78,21989,625.78
2018-10-02,626.7,635.79,626.7,628.52,35292,628.52
2018-10-03,630.34,630.34,618.51,623.06,32102,623.06
2018-10-04,626.7,630.34,625.78,628.52,14952,628.52
2018-10-05,625.78,630.34,623.06,627.6,26166,627.6
2018-10-09,628.52,628.52,619.42,621.24,35182,621.24
2018-10-10,621.24,622.15,618.51,618.51,23968,618.51
2018-10-11,600.33,603.04,591.22,600.33,58160,600.33
2018-10-12,593.96,596.68,589.4,591.22,39908,591.22
2018-10-15,584.85,587.58,573.02,573.02,38699,573.02
2018-10-16,573.94,576.67,567.57,572.13,26386,572.13
2018-10-17,579.39,593.96,577.58,592.13,20669,592.13
2018-10-18,593.96,600.33,591.22,591.22,26495,591.22
2018-10-19,591.22,591.22,584.85,585.76,21109,585.76
2018-10-22,594.87,594.87,584.85,585.76,17261,585.76
2018-10-23,582.13,586.67,573.02,573.94,26825,573.94
2018-10-24,573.02,576.67,566.67,573.94,30124,573.94
2018-10-25,564.85,576.67,561.2,573.02,37710,573.02
2018-10-26,582.13,582.13,556.65,559.39,32872,559.39
2018-10-29,560.3,560.3,538.46,541.2,42108,541.2
2018-10-30,540.29,544.82,530.28,539.37,59369,539.37
2018-10-31,553.02,563.94,531.19,546.65,121375,546.65
2018-11-01,546.65,557.57,543.93,554.84,27596,554.84
2018-11-02,555.75,581.22,555.75,580.3,56070,580.3
2018-11-05,580.3,581.22,564.85,571.21,21658,571.21
2018-11-06,571.21,571.21,560.3,563.01,18471,563.01
2018-11-07,568.48,568.48,548.47,556.65,42878,556.65
2018-11-08,560.3,567.57,560.3,567.57,16821,567.57
2018-11-09,544.82,555.75,535.74,553.02,52552,553.02
2018-11-12,551.19,553.02,537.56,537.56,26825,537.56
2018-11-13,536.64,537.56,523.91,535.74,47165,535.74
2018-11-14,535.74,538.46,525.73,526.64,25176,526.64
2018-11-15,523.01,523.01,513.0,516.64,52222,516.64
2018-11-16,516.64,518.45,509.36,512.08,27596,512.08
2018-11-19,519.37,519.37,511.19,513.0,23198,513.0
2018-11-20,513.0,523.91,512.08,515.74,21548,515.74
2018-11-21,513.0,518.45,510.27,516.64,32322,516.64
2018-11-22,525.73,531.19,520.27,531.19,22427,531.19
2018-11-26,535.74,535.74,527.56,527.56,17811,527.56
2018-11-27,530.28,542.11,530.28,538.46,36611,538.46
2018-11-28,540.29,540.29,533.92,536.64,11764,536.64
2018-11-29,542.11,542.11,533.92,533.92,20340,533.92
2018-11-30,533.92,539.37,530.28,532.1,28366,532.1
2018-12-03,534.82,543.01,532.1,541.2,19460,541.2
2018-12-04,536.64,540.29,529.37,529.37,24847,529.37
2018-12-05,528.46,536.64,523.91,532.1,20559,532.1
2018-12-06,526.64,531.19,514.81,525.73,47165,525.73
2018-12-07,524.82,527.56,513.91,519.37,31224,519.37
2018-12-10,516.64,516.64,505.72,505.72,28035,505.72
2018-12-11,513.0,513.0,495.71,498.45,40348,498.45
2018-12-12,500.26,512.08,500.26,510.27,30674,510.27
2018-12-13,510.27,516.64,508.44,513.0,26936,513.0
2018-12-14,505.72,515.74,498.45,500.26,48155,500.26
2018-12-17,501.17,506.62,494.81,494.81,33533,494.81
2018-12-18,491.17,495.71,486.63,486.63,33862,486.63
2018-12-19,482.07,489.35,479.34,483.88,40569,483.88
2018-12-20,482.07,485.71,463.88,478.43,70692,478.43
2018-12-21,478.43,478.43,453.87,453.87,55080,453.87
2018-12-25,413.86,425.67,395.66,417.49,98948,417.49
2018-12-26,437.5,452.05,432.96,446.6,64536,446.6
2018-12-27,457.51,492.08,457.51,490.25,42217,490.25
2018-12-28,482.07,482.99,474.8,481.17,17921,481.17
2019-01-04,472.97,474.8,462.06,474.8,39139,474.8
2019-01-07,487.54,502.99,487.54,502.99,43537,502.99
2019-01-08,504.82,504.82,494.81,502.99,14952,502.99
2019-01-09,503.91,513.0,502.99,504.82,27596,504.82
2019-01-10,502.99,502.99,493.0,494.81,21548,494.81
2019-01-11,494.81,495.71,485.71,489.35,16381,489.35
2019-01-15,486.63,500.26,478.43,489.35,20669,489.35
2019-01-16,498.45,505.72,493.0,499.36,42328,499.36
2019-01-17,499.36,502.99,492.08,494.81,16931,494.81
2019-01-18,495.71,504.82,495.71,504.82,25836,504.82
2019-01-21,509.36,509.36,498.45,500.26,20009,500.26
2019-01-22,502.08,502.08,492.08,495.71,16931,495.71
2019-01-23,493.9,493.9,483.88,490.25,14622,490.25
2019-01-24,491.17,496.62,488.44,493.9,8576,493.9
2019-01-25,495.71,500.26,489.35,494.81,14073,494.81
2019-01-28,494.81,495.71,482.99,484.8,31993,484.8
2019-01-29,482.07,482.07,472.97,476.62,29575,476.62
2019-01-30,476.62,481.17,472.97,472.97,20009,472.97
2019-01-31,473.89,475.71,464.8,467.51,31004,467.51
2019-02-01,467.51,470.25,462.98,462.98,22427,462.98
2019-02-04,464.8,476.62,464.8,472.07,28474,472.07
2019-02-05,476.62,517.55,474.8,502.08,72341,502.08
2019-02-06,500.26,509.36,497.53,509.36,39249,509.36
2019-02-07,508.44,509.36,491.17,503.91,22867,503.91
2019-02-08,496.62,502.08,488.44,489.35,24186,489.35
2019-02-12,489.35,512.08,489.35,504.82,43647,504.82
2019-02-13,505.72,510.27,488.44,509.36,33422,509.36
2019-02-14,509.36,513.0,497.53,506.62,21989,506.62
2019-02-15,505.72,517.55,496.62,511.19,27156,511.19
2019-02-18,513.91,516.64,506.62,513.91,27045,513.91
2019-02-19,513.0,515.74,505.72,507.54,23857,507.54
2019-02-20,507.54,520.27,507.54,516.64,30564,516.64
2019-02-21,517.55,522.1,513.91,522.1,22538,522.1
2019-02-22,521.19,522.1,509.36,510.27,32653,510.27
2019-02-25,514.81,519.37,511.19,518.45,14182,518.45
2019-02-26,518.45,521.19,511.19,520.27,36720,520.27
2019-02-27,522.1,536.64,520.27,527.56,44636,527.56
2019-02-28,522.1,528.46,522.1,525.73,14403,525.73
2019-03-01,531.19,531.19,516.64,522.1,20559,522.1
2019-03-04,531.19,531.19,521.19,526.64,14952,526.64
2019-03-05,523.01,523.01,513.91,520.27,16712,520.27
2019-03-06,516.64,523.01,516.64,521.19,15832,521.19
2019-03-07,517.55,517.55,506.62,510.27,20449,510.27
2019-03-08,501.17,502.08,489.35,496.62,36501,496.62
2019-03-11,496.62,498.45,490.25,494.81,16600,494.81
2019-03-12,498.45,499.36,493.0,494.81,23417,494.81
2019-03-13,494.81,500.26,493.9,494.81,8246,494.81
2019-03-14,499.36,499.36,492.08,496.62,12753,496.62
2019-03-15,495.71,502.08,495.71,495.71,18691,495.71
2019-03-18,496.62,503.91,493.0,494.81,22538,494.81
2019-03-19,495.71,495.71,491.17,492.08,32213,492.08
2019-03-20,495.71,496.62,492.08,495.71,26386,495.71
2019-03-22,499.36,499.36,493.9,496.62,20999,496.62
2019-03-25,491.17,496.62,486.63,495.71,35071,495.71
2019-03-26,496.62,513.0,496.62,513.0,44088,513.0
2019-03-27,516.72,516.72,513.0,514.86,16404,514.86
2019-03-28,506.47,513.0,490.62,513.0,31842,513.0
2019-03-29,512.06,521.39,490.62,516.72,32593,516.72
2019-04-01,514.86,514.86,507.39,513.0,26268,513.0
2019-04-02,518.6,518.6,499.0,499.0,30341,499.0
2019-04-03,500.88,500.88,492.48,496.21,22944,496.21
2019-04-04,497.13,498.07,490.62,490.62,21549,490.62
2019-04-05,493.41,496.21,489.68,493.41,17904,493.41
2019-04-08,502.74,502.74,490.62,492.48,18226,492.48
2019-04-09,492.48,501.81,492.48,499.95,17583,499.95
2019-04-10,495.28,496.21,490.62,494.34,25303,494.34
2019-04-11,490.62,494.34,490.62,490.62,16939,490.62
2019-04-12,489.68,490.62,485.02,485.02,30663,485.02
2019-04-15,489.68,496.21,487.81,494.34,36559,494.34
2019-04-16,493.41,497.13,490.62,493.41,33558,493.41
2019-04-17,493.41,499.0,493.41,499.0,20799,499.0
2019-04-18,498.07,500.88,488.74,489.68,29376,489.68
2019-04-19,490.62,500.88,489.68,492.48,28626,492.48
2019-04-22,494.34,499.0,490.62,494.34,32164,494.34
2019-04-23,491.55,502.74,491.55,497.13,40848,497.13
2019-04-24,494.34,503.67,492.48,496.21,39669,496.21
2019-04-25,495.28,497.13,482.23,485.02,153529,485.02
2019-04-26,485.02,486.89,481.28,485.02,22729,485.02
2019-05-07,488.74,492.48,469.16,469.16,111179,469.16
2019-05-08,470.09,472.89,457.04,459.83,103352,459.83
2019-05-09,460.76,462.63,443.97,446.78,78158,446.78
2019-05-10,448.64,459.83,434.64,443.97,88236,443.97
2019-05-13,443.97,447.71,434.64,439.31,53713,439.31
2019-05-14,434.64,439.31,428.12,439.31,44494,439.31
2019-05-15,444.9,451.44,440.25,451.44,34094,451.44
2019-05-16,451.44,455.17,422.53,423.46,77944,423.46
2019-05-17,438.39,438.39,422.53,430.92,50068,430.92
2019-05-20,438.39,438.39,428.12,434.64,44708,434.64
2019-05-21,436.51,439.31,431.85,438.39,21228,438.39
2019-05-22,440.25,445.84,439.31,441.18,20263,441.18
2019-05-23,441.18,443.05,439.31,439.31,14045,439.31
2019-05-24,439.31,441.18,436.51,441.18,18762,441.18
2019-05-27,441.18,442.11,437.45,441.18,17797,441.18
2019-05-28,441.18,445.84,441.18,443.05,11687,443.05
2019-05-29,443.05,446.78,440.25,445.84,15331,445.84
2019-05-30,447.71,451.44,441.18,451.44,22944,451.44
2019-05-31,452.37,453.3,446.78,453.3,32379,453.3
2019-06-03,452.37,452.37,440.25,441.18,22837,441.18
2019-06-04,443.05,444.9,440.25,443.05,11365,443.05
2019-06-05,450.51,451.44,442.11,444.9,13188,444.9
2019-06-06,449.57,449.57,439.31,441.18,13830,441.18
2019-06-07,442.11,442.11,437.45,440.25,18012,440.25
2019-06-10,443.97,444.9,435.58,436.51,30448,436.51
2019-06-11,435.58,438.39,433.72,438.39,23802,438.39
2019-06-12,437.45,445.84,436.51,439.31,19727,439.31
2019-06-13,438.39,439.31,436.51,438.39,17476,438.39
2019-06-14,442.11,442.11,434.64,435.58,24015,435.58
2019-06-17,438.39,440.25,433.72,433.72,16725,433.72
2019-06-18,434.64,436.51,429.06,429.99,18870,429.99
2019-06-19,435.58,435.58,431.85,431.85,11687,431.85
2019-06-20,433.72,434.64,429.06,434.64,22408,434.64
2019-06-21,438.39,438.39,429.06,429.06,31413,429.06
2019-06-24,429.99,431.85,429.06,429.06,27553,429.06
2019-06-25,428.12,429.06,427.19,429.06,18120,429.06
2019-06-26,432.79,433.72,429.06,431.85,32914,431.85
2019-06-27,430.92,433.72,428.12,433.72,37203,433.72
2019-06-28,431.85,438.39,429.06,435.58,33129,435.58
2019-07-01,446.78,446.78,443.97,446.78,44601,446.78
2019-07-02,454.23,466.37,452.37,466.37,64543,466.37
2019-07-03,472.89,473.82,467.3,473.82,51248,473.82
2019-07-04,473.82,483.15,473.82,482.23,46530,482.23
2019-07-05,490.62,490.62,476.63,482.23,60683,482.23
2019-07-08,487.81,487.81,475.69,477.56,38596,477.56
2019-07-09,479.42,479.42,473.82,475.69,32270,475.69
2019-07-10,474.76,474.76,471.02,471.96,24230,471.96
2019-07-11,471.02,475.69,471.02,475.69,25087,475.69
2019-07-12,475.69,479.42,473.82,477.56,23802,477.56
2019-07-16,477.56,478.48,471.96,474.76,25409,474.76
2019-07-17,474.76,478.48,472.89,475.69,20155,475.69
2019-07-18,474.76,474.76,466.37,466.37,31413,466.37
2019-07-19,468.22,475.69,468.22,474.76,17047,474.76
2019-07-22,475.69,475.69,474.76,475.69,18120,475.69
2019-07-23,476.63,480.35,474.76,475.69,22514,475.69
2019-07-24,479.42,479.42,475.69,477.56,18226,477.56
2019-07-25,477.56,477.56,472.89,475.69,19620,475.69
2019-07-26,478.48,478.48,473.82,475.69,23051,475.69
2019-07-29,477.56,477.56,474.76,475.69,27018,475.69
2019-07-30,477.56,479.42,474.76,479.42,39776,479.42
2019-07-31,479.42,479.42,474.76,476.63,34415,476.63
2019-08-01,475.69,476.63,474.76,475.69,23265,475.69
2019-08-02,475.69,477.56,469.16,470.09,44172,470.09
2019-08-05,470.09,470.09,467.3,469.16,30234,469.16
2019-08-06,467.3,468.22,466.37,468.22,23587,468.22
2019-08-07,468.22,468.22,466.37,468.22,27125,468.22
2019-08-08,468.22,469.16,466.37,467.3,13509,467.3
2019-08-09,466.37,467.3,447.71,455.17,74405,455.17
2019-08-13,453.3,454.23,443.05,446.78,63255,446.78
2019-08-14,443.05,446.78,441.18,443.05,44064,443.05
2019-08-15,439.31,449.57,438.39,449.57,32270,449.57
2019-08-16,444.9,448.64,443.05,443.05,36667,443.05
2019-08-19,453.3,453.3,446.78,447.71,30020,447.71
2019-08-20,453.3,457.04,452.37,457.04,19513,457.04
2019-08-21,457.04,457.04,452.37,453.3,20049,453.3
2019-08-22,454.23,455.17,453.3,454.23,14260,454.23
2019-08-23,455.17,457.97,455.17,456.11,25731,456.11
2019-08-26,454.23,457.04,453.3,455.17,53929,455.17
2019-08-27,459.83,464.5,458.9,458.9,37310,458.9
2019-08-28,460.76,465.43,458.9,459.83,45673,459.83
2019-08-29,466.37,466.37,458.9,458.9,39347,458.9
2019-08-30,461.7,462.63,458.9,459.83,64971,459.83
2019-09-02,459.83,461.7,457.04,457.04,76871,457.04
2019-09-03,458.9,464.5,458.9,463.56,37524,463.56
2019-09-04,464.5,468.22,463.56,463.56,47817,463.56
2019-09-05,464.5,468.22,463.56,467.3,75799,467.3
2019-09-06,468.22,469.16,466.37,466.37,70010,466.37
2019-09-09,473.82,480.35,471.02,480.35,74620,480.35
2019-09-10,481.28,483.15,477.56,477.56,60253,477.56
2019-09-11,478.48,485.02,478.48,485.02,56287,485.02
2019-09-12,485.02,494.34,485.02,492.48,89415,492.48
2019-09-13,492.48,499.0,490.62,499.0,92418,499.0
2019-09-17,500.88,513.93,498.07,513.0,74192,513.0
2019-09-18,513.0,513.0,498.07,498.07,51569,498.07
2019-09-19,499.95,510.2,499.95,510.2,55644,510.2
2019-09-20,508.34,515.8,508.34,514.86,50604,514.86
2019-09-24,513.93,515.8,512.06,515.8,190303,515.8
2019-09-25,514.86,514.86,510.2,513.0,98314,513.0
2019-09-26,515.8,522.32,515.8,515.8,182798,515.8
2019-09-27,504.6,504.6,481.28,484.08,234903,484.08
2019-09-30,483.15,483.15,468.22,470.09,47388,470.09
2019-10-01,471.02,472.89,468.22,469.16,41062,469.16
2019-10-02,471.02,478.48,471.02,478.48,26910,478.48
2019-10-03,467.3,471.96,467.3,471.96,36989,471.96
2019-10-04,473.82,473.82,466.37,471.96,26696,471.96
2019-10-07,471.02,472.89,467.3,468.22,20585,468.22
2019-10-08,469.16,471.96,467.3,471.96,12759,471.96
2019-10-09,471.96,475.69,470.09,475.69,20799,475.69
2019-10-10,475.69,475.69,470.09,471.02,15331,471.02
2019-10-11,472.89,472.89,467.3,469.16,17583,469.16
2019-10-15,474.76,474.76,467.3,469.16,38703,469.16
2019-10-16,474.76,474.76,466.37,470.09,50283,470.09
2019-10-17,468.22,468.22,462.63,465.43,56501,465.43
2019-10-18,465.43,466.37,460.76,462.63,36559,462.63
2019-10-21,467.3,467.3,463.56,465.43,12222,465.43
2019-10-23,466.37,470.09,466.37,469.16,20585,469.16
2019-10-24,471.02,471.96,468.22,469.16,24015,469.16
2019-10-25,471.02,474.76,470.09,474.76,21764,474.76
2019-10-28,477.56,482.23,476.63,479.42,44278,479.42
2019-10-29,483.15,483.15,478.48,479.42,19727,479.42
2019-10-30,477.56,491.55,475.69,491.55,109357,491.55
2019-10-31,491.55,494.34,488.74,489.68,31198,489.68
2019-11-01,487.81,487.81,484.08,486.89,12759,486.89
2019-11-05,493.41,494.34,485.02,493.41,48782,493.41
2019-11-06,494.34,496.21,485.02,485.02,21657,485.02
2019-11-07,489.68,489.68,479.42,485.02,16404,485.02
2019-11-08,489.68,489.68,482.23,485.02,14795,485.02
2019-11-11,485.02,485.02,475.69,478.48,27125,478.48
2019-11-12,474.76,477.56,473.82,475.69,20155,475.69
2019-11-13,475.69,475.69,466.37,466.37,32807,466.37
2019-11-14,467.3,469.16,466.37,467.3,9864,467.3
2019-11-15,467.3,471.96,466.37,470.09,14581,470.09
2019-11-18,470.09,472.89,470.09,471.96,8792,471.96
2019-11-19,471.96,479.42,471.96,475.69,17154,475.69
2019-11-20,475.69,480.35,475.69,480.35,12222,480.35
2019-11-21,485.02,485.02,477.56,480.35,23479,480.35
2019-11-22,478.48,479.42,476.63,476.63,13830,476.63
2019-11-25,476.63,479.42,476.63,479.42,9434,479.42
2019-11-26,484.08,485.02,480.35,481.28,19513,481.28
2019-11-27,485.95,485.95,477.56,477.56,13402,477.56
2019-11-28,475.69,477.56,471.96,473.82,12222,473.82
2019-11-29,476.63,477.56,474.76,477.56,7504,477.56
2019-12-02,478.48,482.23,478.48,481.28,19513,481.28
2019-12-03,476.63,479.42,474.76,475.69,18441,475.69
2019-12-04,474.76,474.76,471.02,473.82,16725,473.82
2019-12-05,473.82,485.95,473.82,485.95,38168,485.95
2019-12-06,485.95,485.95,478.48,478.48,10614,478.48
2019-12-09,485.02,485.95,469.16,470.09,48996,470.09
2019-12-10,468.22,474.76,468.22,470.09,42563,470.09
2019-12-11,468.22,470.09,455.17,457.04,125225,457.04
2019-12-12,457.04,457.04,443.97,447.71,103032,447.71
2019-12-13,447.71,450.51,429.99,437.45,166610,437.45
2019-12-16,437.45,443.97,431.85,432.79,141735,432.79
2019-12-17,436.51,438.39,422.53,424.38,265780,424.38
2019-12-18,428.12,431.85,425.32,428.12,130477,428.12
2019-12-19,435.58,438.39,432.79,434.64,67222,434.64
2019-12-20,440.25,447.71,436.51,445.84,101102,445.84
2019-12-23,448.64,448.64,439.31,443.05,82661,443.05
2019-12-24,443.05,444.9,442.11,444.9,32164,444.9
2019-12-25,443.97,447.71,442.11,447.71,34629,447.71
2019-12-26,447.71,448.64,445.84,448.64,42242,448.64
2019-12-27,449.57,451.44,447.71,450.51,29484,450.51
2019-12-30,451.44,455.17,449.57,454.23,26588,454.23
2020-01-06,449.57,451.44,447.71,450.51,48353,450.51
2020-01-07,450.51,455.17,450.51,455.17,22944,455.17
2020-01-08,455.17,455.17,440.25,444.9,66578,444.9
2020-01-09,444.9,454.23,443.05,453.3,43100,453.3
2020-01-10,455.17,457.04,447.71,450.51,32164,450.51
2020-01-14,452.37,452.37,448.64,452.37,23587,452.37
2020-01-15,452.37,456.11,450.51,456.11,33987,456.11
2020-01-16,457.04,457.97,454.23,457.04,30020,457.04
2020-01-17,456.11,457.04,453.3,454.23,15225,454.23
2020-01-20,450.51,454.23,448.64,452.37,24980,452.37
2020-01-21,450.51,455.17,450.51,451.44,21014,451.44
2020-01-22,452.37,457.04,452.37,453.3,16296,453.3
2020-01-23,455.17,455.17,450.51,450.51,15975,450.51
2020-01-24,453.3,453.3,448.64,452.37,19405,452.37
2020-01-27,452.37,453.3,446.78,446.78,30556,446.78
2020-01-28,445.84,445.84,441.18,444.9,29054,444.9
2020-01-29,447.71,447.71,444.9,444.9,12972,444.9
2020-01-30,444.9,444.9,438.39,440.25,39562,440.25
2020-01-31,443.05,443.05,440.25,443.05,9434,443.05
2020-02-03,438.39,443.05,438.39,441.18,16511,441.18
2020-02-04,439.31,442.11,439.31,442.11,6111,442.11
2020-02-05,443.05,443.97,436.51,440.25,31949,440.25
2020-02-06,449.57,449.57,439.31,447.71,39453,447.71
2020-02-07,450.51,450.51,443.97,445.84,17047,445.84
2020-02-10,450.51,450.51,444.9,447.71,12759,447.71
2020-02-12,448.64,448.64,443.05,443.05,16939,443.05
2020-02-13,443.05,446.78,442.11,443.97,19405,443.97
2020-02-14,442.11,443.05,440.25,443.05,12222,443.05
2020-02-17,442.11,442.11,440.25,440.25,8577,440.25
2020-02-18,440.25,441.18,435.58,441.18,29591,441.18
2020-02-19,441.18,441.18,420.66,422.53,64971,422.53
2020-02-20,430.92,436.51,427.19,428.12,29591,428.12
2020-02-21,429.06,432.79,429.06,431.85,14581,431.85
2020-02-25,429.06,429.99,425.32,429.06,53821,429.06
2020-02-26,430.92,430.92,427.19,428.12,29591,428.12
2020-02-27,428.12,429.06,424.38,424.38,47495,424.38
2020-02-28,419.73,420.66,395.47,395.47,100136,395.47
2020-03-02,387.08,403.88,382.41,401.06,68723,401.06
2020-03-03,418.79,419.73,387.08,387.08,56179,387.08
2020-03-04,387.08,396.41,383.35,387.08,28519,387.08
2020-03-05,406.67,406.67,388.95,389.88,27018,389.88
2020-03-06,385.22,388.01,383.35,383.35,29376,383.35
2020-03-09,377.75,377.75,356.3,357.23,74942,357.23
2020-03-10,342.31,365.63,332.98,365.63,75263,365.63
2020-03-11,373.09,379.62,355.37,355.37,44494,355.37
2020-03-12,362.83,363.76,332.98,340.45,79016,340.45
2020-03-13,317.13,330.18,308.73,328.31,102602,328.31
2020-03-16,326.46,331.12,312.46,314.33,88343,314.33
2020-03-17,308.73,349.78,305.94,344.18,75586,344.18
2020-03-18,344.18,352.57,332.98,332.98,43100,332.98
2020-03-19,333.92,342.31,318.99,325.52,48568,325.52
2020-03-23,322.72,357.23,322.72,349.78,58860,349.78
2020-03-24,361.89,361.89,342.31,352.57,42349,352.57
2020-03-25,360.04,371.22,356.3,371.22,54894,371.22
2020-03-26,377.75,377.75,354.44,370.3,60789,370.3
2020-03-27,376.82,384.28,366.56,384.28,86092,384.28
2020-03-30,378.47,378.47,362.02,370.73,81821,370.73
2020-03-31,377.5,377.5,362.02,366.86,38534,366.86
2020-04-01,362.99,367.83,349.43,350.4,26240,350.4
2020-04-02,349.43,351.37,342.66,345.56,16220,345.56
2020-04-03,346.53,354.27,336.85,336.85,18183,336.85
2020-04-06,338.79,353.3,337.82,352.34,19112,352.34
2020-04-07,364.92,364.92,349.43,362.99,19836,362.99
2020-04-08,364.92,378.47,362.99,378.47,30373,378.47
2020-04-09,385.26,385.26,372.67,384.28,15289,384.28
2020-04-10,396.87,396.87,377.5,384.28,33886,384.28
2020-04-13,392.03,392.03,379.44,380.41,11984,380.41
2020-04-14,385.26,385.26,379.44,383.31,9814,383.31
2020-04-15,386.22,389.13,377.5,381.37,26447,381.37
2020-04-16,372.67,389.13,372.67,389.13,18286,389.13
2020-04-17,391.06,395.9,387.19,387.19,16323,387.19
2020-04-20,380.41,392.03,380.41,389.13,17873,389.13
2020-04-21,390.09,390.09,383.31,390.09,14876,390.09
2020-04-22,386.22,386.22,378.47,380.41,11880,380.41
2020-04-23,381.37,387.19,381.37,387.19,8368,387.19
2020-04-24,387.19,390.09,385.26,390.09,18183,390.09
2020-04-27,392.03,392.03,385.26,390.09,19009,390.09
2020-04-28,388.16,395.9,387.19,395.9,17149,395.9
2020-04-30,395.9,398.8,393.96,394.93,21489,394.93
2020-05-01,390.09,391.06,388.16,389.13,11157,389.13
2020-05-07,390.09,392.03,387.19,390.09,8988,390.09
2020-05-08,392.03,396.87,390.09,396.87,13741,396.87
2020-05-11,401.7,408.48,401.7,406.54,20662,406.54
2020-05-12,404.61,405.58,398.8,398.8,17770,398.8
2020-05-13,394.93,402.67,394.93,402.67,10228,402.67
2020-05-14,395.9,404.61,393.96,393.96,18286,393.96
2020-05-15,402.67,405.58,398.8,405.58,13327,405.58
2020-05-18,405.58,417.2,404.61,412.35,32130,412.35
2020-05-19,419.13,420.1,407.51,411.38,19939,411.38
2020-05-20,413.33,427.84,411.38,427.84,39774,427.84
2020-05-21,445.27,465.59,439.45,458.81,165915,458.81
2020-05-22,420.1,423.97,412.35,419.13,115706,419.13
2020-05-25,418.16,422.03,410.41,414.29,50208,414.29
2020-05-26,419.13,421.07,413.33,421.07,44526,421.07
2020-05-27,418.16,420.1,417.2,420.1,23761,420.1
2020-05-28,419.13,423.0,418.16,423.0,27377,423.0
2020-05-29,421.07,422.03,417.2,417.2,18079,417.2
2020-06-01,417.2,420.1,414.29,414.29,16736,414.29
2020-06-02,414.29,417.2,402.67,410.41,41013,410.41
2020-06-03,410.41,413.33,400.74,402.67,35849,402.67
2020-06-04,403.64,406.54,399.77,401.7,21179,401.7
2020-06-05,401.7,401.7,394.93,396.87,38534,396.87
2020-06-08,401.7,401.7,394.93,397.83,30993,397.83
2020-06-09,400.74,400.74,394.93,396.87,25208,396.87
2020-06-10,397.83,397.83,393.0,395.9,37605,395.9
2020-06-11,396.87,396.87,388.16,389.13,54961,389.13
2020-06-12,387.19,395.9,382.34,394.93,45560,394.93
2020-06-15,394.93,395.9,387.19,388.16,13120,388.16
2020-06-16,389.13,393.0,380.41,391.06,93082,391.06
2020-06-17,388.16,393.0,388.16,393.0,11364,393.0
2020-06-18,393.0,393.96,392.03,393.96,13120,393.96
2020-06-19,394.93,404.61,393.96,404.61,34092,404.61
2020-06-22,406.54,406.54,400.74,401.7,20042,401.7
2020-06-23,405.58,406.54,398.8,399.77,12604,399.77
2020-06-24,400.74,401.7,394.93,397.83,10951,397.83
2020-06-25,393.96,396.87,390.09,393.0,15910,393.0
2020-06-26,400.74,400.74,394.93,398.8,24071,398.8
2020-06-29,400.74,400.74,394.93,397.83,26137,397.83
2020-06-30,400.74,402.67,397.83,397.83,12707,397.83
2020-07-01,398.8,401.7,394.93,394.93,13636,394.93
2020-07-02,395.9,398.8,393.96,393.96,23761,393.96
2020-07-03,396.87,398.8,394.93,398.8,16323,398.8
2020-07-06,411.38,411.38,403.64,406.54,41737,406.54
2020-07-07,409.45,409.45,403.64,409.45,15703,409.45
2020-07-08,410.41,410.41,405.58,405.58,12810,405.58
2020-07-09,405.58,408.48,401.7,401.7,13741,401.7
2020-07-10,401.7,403.64,396.87,396.87,16013,396.87
2020-07-13,396.87,404.61,396.87,404.61,19629,404.61
2020-07-14,408.48,408.48,404.61,406.54,9814,406.54
2020-07-15,407.51,408.48,403.64,407.51,11570,407.51
2020-07-16,407.51,407.51,405.58,406.54,10331,406.54
2020-07-17,406.54,406.54,403.64,406.54,17046,406.54
2020-07-20,408.48,409.45,406.54,409.45,17873,409.45
2020-07-21,410.41,411.38,407.51,411.38,12914,411.38
2020-07-22,411.38,411.38,407.51,410.41,14257,410.41
2020-07-27,413.33,422.03,411.38,422.03,47213,422.03
2020-07-28,421.07,421.07,413.33,419.13,16942,419.13
2020-07-29,416.23,420.1,408.48,408.48,17976,408.48
2020-07-30,408.48,424.94,408.48,424.94,25621,424.94
2020-07-31,419.13,419.13,396.87,396.87,50622,396.87
2020-08-03,403.64,406.54,402.67,405.58,12088,405.58
2020-08-04,407.51,416.23,407.51,416.23,11364,416.23
2020-08-05,418.16,420.1,413.33,416.23,12294,416.23
2020-08-06,416.23,416.23,408.48,408.48,10331,408.48
2020-08-07,411.38,419.13,410.41,414.29,44629,414.29
2020-08-11,479.14,479.14,453.01,461.72,252901,461.72
2020-08-12,462.69,467.52,459.78,467.52,101036,467.52
2020-08-13,468.49,474.31,456.88,474.31,97008,474.31
2020-08-14,474.31,474.31,468.49,471.4,41840,471.4
2020-08-17,474.31,483.98,472.37,483.98,110541,483.98
2020-08-18,483.02,507.22,476.24,507.22,103723,507.22
2020-08-19,511.09,527.55,503.35,505.28,120872,505.28
2020-08-20,512.05,523.67,506.25,520.76,65498,520.76
2020-08-21,532.38,549.8,526.57,549.8,170564,549.8
2020-08-24,617.57,646.6,591.43,646.6,875341,646.6
2020-08-25,665.96,666.92,614.66,638.85,533800,638.85
2020-08-26,636.92,636.92,600.14,615.63,229864,615.63
2020-08-27,624.34,625.31,573.03,585.62,216226,585.62
2020-08-28,590.46,600.14,573.03,579.81,189470,579.81
2020-08-31,584.66,607.88,584.66,600.14,139467,600.14
2020-09-01,591.43,594.33,578.84,582.71,109921,582.71
2020-09-02,595.3,619.5,591.43,616.6,186887,616.6
2020-09-03,626.27,635.95,624.34,626.27,170873,626.27
2020-09-04,607.88,626.27,601.11,614.66,193602,614.66
2020-09-07,621.44,648.54,616.6,648.54,294742,648.54
2020-09-08,643.7,656.28,630.14,656.28,144014,656.28
2020-09-09,648.54,662.09,634.01,658.22,173044,658.22
2020-09-10,667.89,695.96,666.92,686.29,321809,686.29
2020-09-11,696.93,743.4,691.12,736.62,431937,736.62
2020-09-14,745.33,754.04,703.71,718.23,368608,718.23
2020-09-15,708.55,753.07,681.45,750.17,249079,750.17
2020-09-16,740.49,752.11,711.45,723.07,179035,723.07
2020-09-17,723.07,741.46,711.45,733.72,121802,733.72
2020-09-18,737.59,787.93,737.59,787.93,430904,787.93
2020-09-23,783.09,786.96,757.92,773.4,243087,773.4
2020-09-24,755.99,760.82,704.68,715.33,328007,715.33
2020-09-25,715.33,759.86,712.42,745.33,333069,745.33
2020-09-28,750.17,757.92,713.39,731.79,298357,731.79
2020-09-29,729.85,766.63,716.29,751.14,268295,751.14
2020-09-30,754.04,802.44,754.04,783.09,296911,783.09
2020-10-02,780.18,785.99,737.59,752.11,250422,752.11
2020-10-05,748.23,767.6,745.33,757.92,133786,757.92
2020-10-06,761.79,761.79,728.88,733.72,134613,733.72
2020-10-07,726.95,753.07,726.95,743.4,120769,743.4
2020-10-08,746.3,762.76,735.66,746.3,131823,746.3
2020-10-09,747.27,749.2,729.85,740.49,75725,740.49
2020-10-12,737.59,752.11,730.82,752.11,78102,752.11
2020-10-13,751.14,752.11,731.79,744.36,102070,744.36
2020-10-14,733.72,756.95,733.72,748.23,117153,748.23
2020-10-15,745.33,755.02,721.13,728.88,81512,728.88
2020-10-16,721.13,729.85,695.0,697.91,158374,697.91
2020-10-19,688.22,714.36,682.42,711.45,115810,711.45
2020-10-20,711.45,730.82,708.55,717.26,62502,717.26
2020-10-21,716.29,728.88,716.29,720.16,52378,720.16
2020-10-22,724.03,734.69,704.68,720.16,94219,720.16
2020-10-23,716.29,725.97,698.88,725.97,65602,725.97
2020-10-26,717.26,721.13,688.22,693.06,101140,693.06
2020-10-27,681.45,687.25,663.05,673.71,136885,673.71
2020-10-28,668.86,669.84,646.6,657.25,91635,657.25
2020-10-29,647.57,655.31,634.01,653.38,69940,653.38
2020-10-30,652.41,653.38,625.31,632.08,64362,632.08
2020-11-02,629.18,649.51,624.34,638.85,72317,638.85
2020-11-04,638.85,672.74,638.85,667.89,85024,667.89
2020-11-05,677.58,696.93,670.8,694.03,60333,694.03
2020-11-06,695.0,713.39,690.16,706.62,93598,706.62
2020-11-09,719.2,745.33,716.29,741.46,189780,741.46
2020-11-10,828.58,854.71,790.83,803.41,659115,803.41
2020-11-11,798.57,802.44,755.02,786.96,223975,786.96
2020-11-12,785.99,798.57,762.76,767.6,123248,767.6
2020-11-13,762.76,770.5,744.36,763.73,146699,763.73
2020-11-16,774.37,792.77,753.07,779.21,146493,779.21
2020-11-17,814.06,831.48,792.77,799.54,241950,799.54
2020-11-18,799.54,875.04,792.77,863.42,410241,863.42
2020-11-19,891.49,931.19,877.95,925.38,475017,925.38
2020-11-20,898.28,898.28,845.04,874.08,448983,874.08
2020-11-24,897.31,914.73,877.95,894.4,258480,894.4
2020-11-25,905.05,909.89,868.26,886.66,238852,886.66
2020-11-26,880.85,887.62,838.25,855.68,311581,855.68
2020-11-27,856.65,894.4,854.71,885.69,211888,885.69
2020-11-30,872.14,882.78,859.55,870.21,145873,870.21
2020-12-01,857.62,870.21,848.91,864.39,111884,864.39
2020-12-02,851.81,859.55,832.45,846.0,164469,846.0
2020-12-03,836.32,849.88,830.51,832.45,85850,832.45
2020-12-04,828.58,834.38,799.54,808.25,155790,808.25
2020-12-07,813.1,816.97,782.11,789.86,161059,789.86
2020-12-08,790.83,819.87,785.02,811.15,119943,811.15
2020-12-09,817.93,826.64,801.47,810.18,87813,810.18
2020-12-10,807.28,832.45,792.77,817.93,147526,817.93
2020-12-11,810.18,830.51,801.47,830.51,101346,830.51
2020-12-14,834.38,866.32,833.42,848.91,148972,848.91
2020-12-15,861.49,882.78,833.42,850.84,136369,850.84
2020-12-16,855.68,870.21,837.29,862.45,169531,862.45
2020-12-17,864.39,864.39,842.13,844.07,116843,844.07
2020-12-18,845.04,847.94,831.48,843.1,92772,843.1
2020-12-21,836.32,851.81,836.32,845.04,71284,845.04
2020-12-22,837.29,837.29,808.25,816.0,145873,816.0
2020-12-23,826.64,845.04,824.71,837.29,88743,837.29
2020-12-24,842.13,860.52,832.45,852.78,113330,852.78
2020-12-25,857.62,866.32,844.07,851.81,67771,851.81
2020-12-28,851.81,856.65,821.8,834.38,99177,834.38
2020-12-29,841.17,849.88,827.61,848.91,84404,848.91
2020-12-30,840.2,856.65,825.67,847.94,82338,847.94
2021-01-04,845.04,845.04,807.28,813.1,143910,813.1
2021-01-05,819.87,832.45,810.18,822.77,90706,822.77
2021-01-06,831.48,850.84,825.67,831.48,88536,831.48
2021-01-07,832.45,849.88,828.58,847.94,78825,847.94
2021-01-08,847.94,853.75,840.2,852.78,72524,852.78
2021-01-12,861.49,913.76,857.62,911.82,244327,911.82
2021-01-13,900.21,922.47,894.4,901.18,144633,901.18
2021-01-14,913.76,944.73,897.31,900.21,167465,900.21
2021-01-15,900.21,911.82,862.45,871.17,155481,871.17
2021-01-18,863.42,885.69,863.42,882.78,77378,882.78
2021-01-19,877.95,900.21,876.98,891.49,87503,891.49
2021-01-20,902.15,927.32,898.28,926.35,99901,926.35
2021-01-21,929.25,934.09,914.73,921.5,69940,921.5
2021-01-22,928.28,977.64,914.73,974.74,285134,974.74
2021-01-25,982.49,1034.75,982.49,1004.75,238645,1004.75
2021-01-26,988.3,1004.75,941.83,941.83,224698,941.83
2021-01-27,966.03,982.49,930.22,952.47,121699,952.47
2021-01-28,923.43,942.8,906.99,931.19,230896,931.19
2021-01-29,930.22,966.03,912.79,913.76,149076,913.76
2021-02-01,906.02,924.4,899.24,910.86,86676,910.86
2021-02-02,916.66,956.35,908.92,956.35,101967,956.35
2021-02-03,958.29,964.1,940.86,960.22,88847,960.22
2021-02-04,953.44,963.13,937.96,949.57,69630,949.57
2021-02-05,961.19,966.03,943.77,958.29,98454,958.29
2021-02-08,970.87,1000.87,961.19,987.33,270671,987.33
2021-02-09,914.73,924.4,880.85,891.49,725336,891.49
2021-02-10,906.02,975.71,903.11,937.96,391749,937.96
2021-02-12,948.6,977.64,930.22,933.12,278315,933.12
2021-02-15,956.35,977.64,937.96,946.67,212920,946.67
2021-02-16,942.8,955.39,933.12,937.96,185751,937.96
2021-02-17,929.25,940.86,912.79,934.09,138022,934.09
2021-02-18,944.73,944.73,887.62,888.59,198561,888.59
2021-02-19,885.69,887.62,849.88,864.39,329557,864.39
2021-02-22,883.75,910.86,882.78,909.89,211785,909.89
2021-02-24,883.75,896.33,867.29,872.14,217776,872.14
2021-02-25,886.66,886.66,871.17,872.14,75003,872.14
2021-02-26,880.85,922.47,872.14,899.24,335445,899.24
2021-03-01,916.66,953.44,905.05,943.77,245980,943.77
2021-03-02,956.35,973.77,941.83,970.87,278212,970.87
2021-03-03,973.77,992.17,963.13,978.61,200524,978.61
2021-03-04,974.74,990.23,943.77,966.03,223355,966.03
2021-03-05,951.51,964.1,919.56,953.44,179242,953.44
2021-03-08,976.67,977.64,936.02,939.89,145460,939.89
2021-03-09,951.51,968.93,944.73,967.0,125934,967.0
2021-03-10,972.8,1005.71,961.19,999.91,208995,999.91
2021-03-11,1005.71,1087.99,1001.84,1072.51,373670,1072.51
2021-03-12,1096.71,1149.94,1093.8,1148.0,407143,1148.0
2021-03-15,1161.56,1215.77,1161.56,1186.73,319536,1186.73
2021-03-16,1187.7,1233.19,1131.55,1229.31,260236,1229.31
2021-03-17,1233.19,1319.33,1233.19,1295.13,332760,1295.13
2021-03-18,1350.31,1360.96,1314.5,1339.66,346500,1339.66
2021-03-19,1334.83,1382.26,1274.81,1370.64,299288,1370.64
2021-03-22,1389.03,1420.97,1382.26,1391.94,246187,1391.94
2021-03-23,1420.97,1459.69,1385.16,1425.81,278212,1425.81
2021-03-24,1357.09,1357.09,1219.64,1245.77,396295,1245.77
2021-03-25,1234.15,1275.78,1218.67,1249.64,185543,1249.64
2021-03-26,1300.95,1322.24,1263.19,1301.92,140088,1301.92
2021-03-29,1304.82,1309.66,1236.09,1251.58,156824,1251.58
2021-03-30,1254.52,1310.39,1252.56,1302.54,85910,1302.54
2021-03-31,1274.12,1308.43,1269.22,1269.22,67136,1269.22
2021-04-01,1282.94,1287.84,1240.8,1282.94,83563,1282.94
2021-04-02,1293.72,1302.54,1273.14,1293.72,44996,1293.72
2021-04-05,1282.94,1298.62,1250.6,1278.04,84482,1278.04
2021-04-06,1262.36,1268.24,1238.84,1247.66,83053,1247.66
2021-04-07,1230.02,1242.76,1178.07,1240.8,132742,1240.8
2021-04-08,1211.4,1214.34,1183.95,1210.42,123764,1210.42
2021-04-09,1199.63,1245.7,1199.63,1234.92,106827,1234.92
2021-04-12,1234.92,1238.84,1217.28,1220.22,52954,1220.22
2021-04-13,1229.04,1229.04,1204.54,1213.36,75401,1213.36
2021-04-14,1213.36,1214.34,1193.75,1197.67,47751,1197.67
2021-04-15,1190.81,1218.26,1190.81,1204.54,79482,1204.54
2021-04-16,1204.54,1261.38,1204.54,1226.1,97950,1226.1
2021-04-19,1255.5,1287.84,1225.12,1225.12,123866,1225.12
2021-04-20,1205.52,1252.56,1192.77,1227.08,67238,1227.08
2021-04-21,1205.52,1223.16,1189.83,1195.71,76523,1195.71
2021-04-22,1252.56,1253.54,1220.22,1232.96,80809,1232.96
2021-04-23,1210.42,1230.02,1206.5,1212.38,28059,1212.38
2021-04-26,1219.24,1225.12,1181.01,1181.01,55505,1181.01
2021-04-27,1176.11,1186.89,1146.71,1146.71,91930,1146.71
2021-04-28,1169.25,1177.09,1144.75,1161.41,89277,1161.41
2021-04-30,1157.49,1172.19,1147.69,1154.55,44077,1154.55
2021-05-06,1171.21,1198.65,1168.27,1186.89,86012,1186.89
2021-05-07,1186.89,1196.69,1174.15,1185.91,53464,1185.91
2021-05-10,1201.59,1203.56,1156.51,1170.23,63259,1170.23
2021-05-11,1146.71,1160.43,1118.29,1119.27,104786,1119.27
2021-05-12,1112.41,1120.25,1064.38,1084.96,98256,1084.96
2021-05-13,1078.1,1111.43,1030.08,1081.04,159373,1081.04
2021-05-14,1098.69,1127.11,1074.18,1119.27,119989,1119.27
2021-05-17,1148.67,1166.31,1050.66,1054.58,200797,1054.58
2021-05-18,1057.52,1083.98,1051.64,1054.58,93154,1054.58
2021-05-19,1033.02,1057.52,1020.28,1032.04,71116,1032.04
2021-05-20,1036.94,1049.68,1010.48,1034.98,97746,1034.98
2021-05-21,1059.48,1070.26,1044.78,1047.72,49893,1047.72
2021-05-24,1037.92,1037.92,1012.44,1025.18,68157,1025.18
2021-05-25,1025.18,1032.04,1004.6,1014.4,106418,1014.4
2021-05-26,1022.24,1030.08,1013.42,1019.3,83359,1019.3
2021-05-27,1014.4,1017.34,988.91,988.91,46628,988.91
2021-05-28,999.7,1008.52,985.97,998.72,106929,998.72
2021-05-31,990.87,995.78,983.03,983.03,70197,983.03
2021-06-01,989.89,994.8,981.07,989.89,49281,989.89
2021-06-02,988.91,999.7,980.09,984.01,69687,984.01
2021-06-03,993.81,999.7,982.05,993.81,88767,993.81
2021-06-04,993.81,1012.44,983.03,984.99,65810,984.99
2021-06-07,997.74,1008.52,991.85,999.7,75911,999.7
2021-06-08,999.7,1010.48,999.7,1001.66,49791,1001.66
2021-06-09,1010.48,1023.22,999.7,1016.36,57137,1016.36
2021-06-10,1028.12,1066.34,1016.36,1061.44,143456,1061.44
2021-06-11,1067.32,1117.31,1067.32,1086.92,224366,1086.92
2021-06-14,1125.15,1131.03,1059.48,1067.32,218449,1067.32
2021-06-15,1069.28,1078.1,1042.82,1068.3,85094,1068.3
2021-06-16,1068.3,1068.3,1038.9,1039.88,61321,1039.88
2021-06-17,1039.88,1040.86,1012.44,1020.28,49587,1020.28
2021-06-18,1023.22,1028.12,989.89,990.87,63769,990.87
2021-06-21,967.35,994.8,950.69,985.97,93256,985.97
2021-06-22,999.7,1017.34,989.89,1011.46,50097,1011.46
2021-06-23,1018.32,1022.24,999.7,1000.68,28773,1000.68
2021-06-24,1015.38,1018.32,993.81,1016.36,47444,1016.36
2021-06-25,1015.38,1016.36,999.7,1005.58,44384,1005.58
2021-06-28,1005.58,1028.12,1001.66,1028.12,41935,1028.12
2021-06-29,1020.28,1047.72,1019.3,1030.08,52036,1030.08
2021-06-30,1033.02,1063.4,1031.06,1037.92,70810,1037.92
2021-07-01,1042.82,1042.82,1000.68,1002.64,50811,1002.64
2021-07-02,1009.5,1023.22,1006.56,1020.28,48261,1020.28
2021-07-05,1018.32,1023.22,1002.64,1002.64,55811,1002.64
2021-07-06,1015.38,1019.3,1002.64,1009.5,34589,1009.5
2021-07-07,1000.68,1007.54,986.95,992.83,53770,992.83
2021-07-08,989.89,999.7,970.29,970.29,73870,970.29
2021-07-09,955.59,971.27,946.77,965.39,103970,965.39
2021-07-12,979.11,979.11,965.39,965.39,47853,965.39
2021-07-13,968.33,980.09,960.49,966.37,48975,966.37
2021-07-14,962.45,972.25,949.71,961.47,75605,961.47
2021-07-15,962.45,966.37,950.69,951.67,52954,951.67
2021-07-16,950.69,964.41,950.69,957.55,40914,957.55
2021-07-19,955.59,955.59,938.93,947.75,64484,947.75
2021-07-20,939.91,951.67,932.07,932.07,45200,932.07
2021-07-21,942.85,942.85,932.07,935.99,47751,935.99
2021-07-26,949.71,960.49,947.75,952.65,37241,952.65
2021-07-27,957.55,958.53,948.73,954.61,30711,954.61
2021-07-28,947.75,949.71,935.99,939.91,25406,939.91
2021-07-29,935.99,940.89,933.05,939.91,28365,939.91
2021-07-30,935.01,942.85,921.29,922.27,37956,922.27
2021-08-02,919.33,929.13,911.49,926.19,45710,926.19
2021-08-03,921.29,935.01,921.29,923.25,28161,923.25
2021-08-04,931.09,931.09,914.43,914.43,32956,914.43
2021-08-05,914.43,919.33,901.69,901.69,47036,901.69
2021-08-06,901.69,901.69,873.26,883.06,101725,883.06
2021-08-10,891.89,925.21,891.89,915.41,102439,915.41
2021-08-11,921.29,1003.62,915.41,963.43,340070,963.43
2021-08-12,948.73,948.73,906.59,922.27,159373,922.27
2021-08-13,911.49,911.49,868.36,879.14,225489,879.14
2021-08-16,877.18,887.96,868.36,872.28,123458,872.28
2021-08-17,877.18,877.18,845.82,848.76,97134,848.76
2021-08-18,850.72,873.26,846.8,860.52,67034,860.52
2021-08-19,860.52,867.38,856.6,856.6,37343,856.6
2021-08-20,852.68,860.52,837.0,837.0,75197,837.0
2021-08-23,844.84,852.68,839.94,842.88,53260,842.88
2021-08-24,847.78,868.36,845.82,861.5,55505,861.5
2021-08-25,872.28,879.14,863.46,863.46,54791,863.46
2021-08-26,874.24,902.67,874.24,900.71,75197,900.71
2021-08-27,894.83,900.71,875.22,882.08,86420,882.08
2021-08-30,882.08,905.61,882.08,899.73,66830,899.73
2021-08-31,943.83,955.59,924.23,926.19,155393,926.19
2021-09-01,939.91,940.89,923.25,938.93,116009,938.93
2021-09-02,940.89,956.57,932.07,947.75,133253,947.75
2021-09-03,947.75,951.67,930.11,944.81,158964,944.81
2021-09-06,959.51,970.29,946.77,966.37,107949,966.37
2021-09-07,978.13,996.76,976.17,996.76,189166,996.76
2021-09-08,996.76,1013.42,984.99,1010.48,144680,1010.48
2021-09-09,1006.56,1006.56,986.95,988.91,90706,988.91
2021-09-10,988.91,1035.96,988.91,1035.96,222428,1035.96
2021-09-13,1035.96,1041.84,1011.46,1022.24,102439,1022.24
2021-09-14,1033.02,1033.02,1004.6,1027.14,85808,1027.14
2021-09-15,1016.36,1016.36,990.87,1001.66,73360,1001.66
2021-09-16,998.72,1005.58,965.39,972.25,109989,972.25
2021-09-17,980.09,1000.68,961.47,999.7,163556,999.7
2021-09-21,970.29,991.85,958.53,983.03,112030,983.03
2021-09-22,979.11,997.74,966.37,967.35,93971,967.35
2021-09-24,980.09,1010.48,975.19,1001.66,223856,1001.66
2021-09-27,1008.52,1013.42,991.85,996.76,133457,996.76
2021-09-28,1002.64,1002.64,975.19,988.91,163148,988.91
2021-09-29,974.21,979.11,946.77,955.59,179677,955.59
2021-09-30,970.29,1007.54,965.39,989.89,155393,989.89
2021-10-01,989.89,1000.68,961.47,968.33,127029,968.33
2021-10-04,977.15,977.15,936.97,943.83,114071,943.83
2021-10-05,929.13,929.13,899.73,911.49,102847,911.49
2021-10-06,915.41,922.27,880.12,884.04,98154,884.04
2021-10-07,884.04,887.96,862.48,871.3,142639,871.3
2021-10-08,882.08,890.91,873.26,878.16,80911,878.16
2021-10-11,868.36,887.96,855.62,886.98,87032,886.98
2021-10-12,884.04,890.91,868.36,868.36,66626,868.36
2021-10-13,866.4,872.28,857.58,860.52,46322,860.52
2021-10-14,853.66,871.3,849.74,871.3,64382,871.3
2021-10-15,871.3,886.98,865.42,886.98,49893,886.98
2021-10-18,887.96,895.81,879.14,884.04,59178,884.04
2021-10-19,881.1,886.0,874.24,879.14,41731,879.14
2021-10-20,877.18,885.02,873.26,873.26,31324,873.26
2021-10-21,864.44,871.3,855.62,855.62,67545,855.62
2021-10-22,853.66,862.48,847.78,857.58,57750,857.58
2021-10-25,850.72,861.5,849.74,854.64,33772,854.64
2021-10-26,854.64,871.3,854.64,868.36,44281,868.36
2021-10-27,870.32,872.28,853.66,872.28,83972,872.28
2021-10-28,864.44,886.0,856.6,885.02,254261,885.02
2021-10-29,881.1,892.87,873.26,886.98,70503,886.98
2021-11-01,893.85,906.59,889.93,903.65,76319,903.65
2021-11-02,901.69,908.55,893.85,901.69,47342,901.69
2021-11-04,906.59,918.35,905.61,911.49,44792,911.49
2021-11-05,907.57,916.39,901.69,908.55,56729,908.55
2021-11-08,916.39,921.29,906.59,914.43,70708,914.43
2021-11-09,862.48,864.44,821.32,824.26,321398,824.26
2021-11-10,823.28,846.8,823.28,829.16,76829,829.16
2021-11-11,834.06,834.06,800.74,805.64,117030,805.64
2021-11-12,803.68,818.38,797.8,818.38,91828,818.38
2021-11-15,823.28,835.04,818.38,828.18,52240,828.18
2021-11-16,829.16,837.0,811.52,825.24,77238,825.24
2021-11-17,825.24,832.1,814.46,816.42,63667,816.42
2021-11-18,810.54,810.54,794.86,808.58,49077,808.58
2021-11-19,803.68,809.56,791.92,807.6,41425,807.6
2021-11-22,801.72,806.62,792.9,798.78,61423,798.78
2021-11-24,797.8,797.8,777.21,779.17,81421,779.17
2021-11-25,777.21,779.17,767.41,767.41,45098,767.41
2021-11-26,771.33,778.19,752.71,775.25,108663,775.25
2021-11-29,752.71,769.37,745.85,746.83,65300,746.83
2021-11-30,750.75,763.49,724.29,729.19,64586,729.19
2021-12-01,729.19,741.93,719.39,735.07,74177,735.07
2021-12-02,725.27,734.09,706.65,719.39,89991,719.39
2021-12-03,723.31,744.87,720.37,741.93,58158,741.93
2021-12-06,741.93,752.71,725.27,728.21,85910,728.21
2021-12-07,741.93,768.39,741.93,766.43,81523,766.43
2021-12-08,770.35,775.25,758.59,770.35,44690,770.35
2021-12-09,778.19,778.19,759.57,766.43,41119,766.43
2021-12-10,766.43,766.43,743.89,745.85,44077,745.85
2021-12-13,763.49,767.41,742.91,748.79,31936,748.79
2021-12-14,746.83,747.81,728.21,737.03,79074,737.03
2021-12-15,731.15,742.91,728.21,737.03,62341,737.03
2021-12-16,750.75,761.53,737.03,761.53,95705,761.53
2021-12-17,751.73,757.61,738.99,745.85,56321,745.85
2021-12-20,740.95,740.95,713.51,716.45,90502,716.45
2021-12-21,727.23,743.89,723.31,738.01,80094,738.01
2021-12-22,730.17,738.99,728.21,732.13,46322,732.13
2021-12-23,737.03,749.77,736.05,743.89,40608,743.89
2021-12-24,744.87,759.57,741.93,746.83,49587,746.83
2021-12-27,739.97,739.97,725.27,726.25,86726,726.25
2021-12-28,729.19,744.87,729.19,741.93,89073,741.93
2021-12-29,739.97,768.39,739.97,763.49,56627,763.49
2021-12-30,757.61,772.31,750.75,771.33,43567,771.33
2022-01-04,779.17,783.09,764.47,779.17,51832,779.17
2022-01-05,779.17,779.17,759.57,763.49,49587,763.49
2022-01-06,753.69,754.67,736.05,736.05,53056,736.05
2022-01-07,735.07,749.77,728.21,737.03,41629,737.03
2022-01-11,738.01,740.95,720.37,731.15,109887,731.15
2022-01-12,735.07,756.63,735.07,756.63,35405,756.63
2022-01-13,752.71,776.23,746.83,746.83,88053,746.83
2022-01-14,746.83,746.83,731.15,740.95,30609,740.95
2022-01-17,738.99,752.71,732.13,734.09,43567,734.09
2022-01-18,736.05,742.91,723.31,729.19,65708,729.19
2022-01-19,729.19,729.19,688.03,694.89,131722,694.89
2022-01-20,696.85,730.17,696.85,722.33,42649,722.33
2022-01-21,713.51,723.31,704.69,723.31,34078,723.31
2022-01-24,723.31,755.65,721.35,752.71,57750,752.71
2022-01-25,752.71,752.71,725.27,727.23,41221,727.23
2022-01-26,726.25,746.83,725.27,737.03,43975,737.03
2022-01-27,743.89,743.89,712.53,717.43,54791,717.43
2022-01-28,728.21,740.95,721.35,735.07,39588,735.07
2022-01-31,738.01,745.85,732.13,739.97,35507,739.97
2022-02-01,745.85,757.61,734.09,736.05,38058,736.05
2022-02-02,750.75,772.31,750.75,770.35,62341,770.35
2022-02-03,769.37,769.37,744.87,752.71,54178,752.71
2022-02-04,750.75,756.63,742.91,752.71,28569,752.71
2022-02-07,752.71,764.47,750.75,757.61,36731,757.61
2022-02-08,758.59,762.51,739.97,743.89,47036,743.89
2022-02-09,755.65,798.78,755.65,773.29,118662,773.29
2022-02-10,781.13,816.42,780.15,815.44,94379,815.44
2022-02-14,800.74,815.44,792.9,806.62,48261,806.62
2022-02-15,815.44,818.38,794.86,801.72,59382,801.72
2022-02-16,814.46,814.46,786.04,795.84,39486,795.84
2022-02-17,797.8,802.7,788.98,798.78,22549,798.78
2022-02-18,787.02,798.78,782.11,794.86,26528,794.86
2022-02-21,782.11,802.7,779.17,801.72,24181,801.72
2022-02-22,788.0,799.76,784.07,790.94,32038,790.94
2022-02-24,782.11,794.86,774.27,789.96,33568,789.96
2022-02-25,789.96,795.84,781.13,795.84,25202,795.84
2022-02-28,802.7,826.22,800.74,826.22,63565,826.22
2022-03-01,830.14,836.02,810.54,819.36,58872,819.36
2022-03-02,808.58,821.32,796.82,811.52,36119,811.52
2022-03-03,826.22,827.2,807.6,814.46,34486,814.46
2022-03-04,820.34,825.24,799.76,804.66,24283,804.66
2022-03-07,796.82,802.7,781.13,788.98,62137,788.98
2022-03-08,779.17,790.94,770.35,779.17,42751,779.17
2022-03-09,769.37,785.06,765.45,766.43,54995,766.43
2022-03-10,784.07,802.7,781.13,802.7,39690,802.7
2022-03-11,790.94,801.72,788.98,796.82,26426,796.82
2022-03-14,798.78,805.64,784.07,791.92,16835,791.92
2022-03-15,793.88,808.58,790.94,802.7,21733,802.7
2022-03-16,811.52,815.44,802.7,812.5,18876,812.5
2022-03-17,824.26,824.26,804.66,819.36,29079,819.36
2022-03-18,816.42,818.38,809.56,818.38,18978,818.38
2022-03-22,823.28,823.28,804.66,812.5,32344,812.5
2022-03-23,823.28,839.94,819.36,833.08,47546,833.08
2022-03-24,833.08,845.82,822.3,845.82,58260,845.82
2022-03-25,848.76,849.74,828.18,838.96,31119,838.96
2022-03-28,847.78,852.68,837.98,838.96,42649,838.96
2022-03-29,842.88,842.88,817.4,837.0,46220,837.0
2022-03-30,841.0,857.0,836.0,857.0,35000,857.0
2022-03-31,845.0,846.0,832.0,832.0,32200,832.0
2022-04-01,821.0,821.0,802.0,810.0,52400,810.0
2022-04-04,812.0,840.0,812.0,834.0,35200,834.0
2022-04-05,842.0,842.0,821.0,825.0,37000,825.0
2022-04-06,829.0,829.0,818.0,818.0,22500,818.0
2022-04-07,811.0,811.0,794.0,800.0,29900,800.0
2022-04-08,803.0,804.0,790.0,795.0,27200,795.0
2022-04-11,813.0,832.0,805.0,819.0,36800,819.0
2022-04-12,812.0,812.0,795.0,795.0,27500,795.0
2022-04-13,791.0,798.0,786.0,794.0,30900,794.0
2022-04-14,803.0,817.0,800.0,817.0,26300,817.0
2022-04-15,811.0,811.0,804.0,805.0,8600,805.0
2022-04-18,806.0,808.0,796.0,800.0,23300,800.0
2022-04-19,800.0,803.0,796.0,799.0,11500,799.0
2022-04-20,800.0,809.0,798.0,805.0,15700,805.0
2022-04-21,805.0,808.0,796.0,804.0,20000,804.0
2022-04-22,797.0,797.0,788.0,792.0,20100,792.0
2022-04-25,778.0,785.0,774.0,780.0,24500,780.0
2022-04-26,789.0,789.0,780.0,787.0,14400,787.0
2022-04-27,773.0,797.0,765.0,797.0,44900,797.0
2022-04-28,802.0,825.0,797.0,825.0,40800,825.0
2022-05-02,819.0,823.0,803.0,804.0,24200,804.0
2022-05-06,803.0,817.0,798.0,815.0,12600,815.0
2022-05-09,804.0,806.0,793.0,793.0,24000,793.0
2022-05-10,786.0,787.0,775.0,781.0,27800,781.0
2022-05-11,781.0,795.0,780.0,791.0,19100,791.0
2022-05-12,783.0,792.0,771.0,774.0,28100,774.0
2022-05-13,774.0,792.0,774.0,792.0,19900,792.0
2022-05-16,792.0,799.0,767.0,780.0,47500,780.0
2022-05-17,780.0,792.0,761.0,777.0,50300,777.0
2022-05-18,780.0,784.0,762.0,782.0,46100,782.0
2022-05-19,767.0,774.0,766.0,770.0,22300,770.0
2022-05-20,769.0,776.0,766.0,770.0,26000,770.0
2022-05-23,780.0,782.0,773.0,780.0,34700,780.0
2022-05-24,779.0,779.0,772.0,778.0,18100,778.0
2022-05-25,778.0,780.0,772.0,780.0,16200,780.0
2022-05-26,775.0,787.0,775.0,787.0,29500,787.0
2022-05-27,790.0,799.0,787.0,799.0,27900,799.0
2022-05-30,807.0,823.0,801.0,823.0,69900,823.0
2022-05-31,817.0,828.0,810.0,825.0,33200,825.0
2022-06-01,825.0,840.0,823.0,840.0,31400,840.0
2022-06-02,845.0,860.0,835.0,859.0,70800,859.0
2022-06-03,865.0,871.0,851.0,854.0,46100,854.0
2022-06-06,854.0,878.0,842.0,870.0,58000,870.0
2022-06-07,874.0,878.0,861.0,862.0,30700,862.0
2022-06-08,867.0,878.0,864.0,878.0,32300,878.0
2022-06-09,876.0,882.0,852.0,853.0,33400,853.0
2022-06-10,850.0,851.0,836.0,844.0,44400,844.0
2022-06-13,830.0,838.0,828.0,828.0,28600,828.0
2022-06-14,815.0,817.0,805.0,810.0,53200,810.0
2022-06-15,810.0,814.0,799.0,799.0,31600,799.0
2022-06-16,808.0,813.0,803.0,804.0,13700,804.0
2022-06-17,789.0,805.0,788.0,801.0,19700,801.0
2022-06-20,808.0,811.0,788.0,800.0,22300,800.0
2022-06-21,809.0,820.0,808.0,819.0,16700,819.0
2022-06-22,822.0,822.0,807.0,811.0,9600,811.0
2022-06-23,811.0,819.0,809.0,810.0,16000,810.0
2022-06-24,819.0,829.0,815.0,828.0,16400,828.0
2022-06-27,846.0,846.0,830.0,842.0,21800,842.0
2022-06-28,842.0,847.0,829.0,847.0,32300,847.0
2022-06-29,845.0,867.0,835.0,867.0,55000,867.0
2022-06-30,861.0,877.0,857.0,875.0,43100,875.0
2022-07-01,878.0,878.0,853.0,859.0,31600,859.0
2022-07-04,867.0,869.0,862.0,865.0,17300,865.0
2022-07-05,856.0,868.0,852.0,867.0,25800,867.0
2022-07-06,858.0,861.0,852.0,860.0,18300,860.0
2022-07-07,869.0,877.0,864.0,876.0,24300,876.0
2022-07-08,882.0,882.0,860.0,860.0,41500,860.0
2022-07-11,860.0,890.0,860.0,890.0,41600,890.0
2022-07-12,889.0,889.0,870.0,870.0,17700,870.0
2022-07-13,873.0,885.0,873.0,885.0,16700,885.0
2022-07-14,884.0,884.0,873.0,875.0,8700,875.0
2022-07-15,878.0,892.0,871.0,890.0,42000,890.0
2022-07-19,895.0,913.0,895.0,905.0,69000,905.0
2022-07-20,912.0,918.0,897.0,900.0,36100,900.0
2022-07-21,900.0,900.0,888.0,889.0,27300,889.0
2022-07-22,890.0,890.0,878.0,882.0,28600,882.0
2022-07-25,882.0,897.0,879.0,897.0,31000,897.0
2022-07-26,899.0,912.0,899.0,912.0,23600,912.0
2022-07-27,914.0,914.0,902.0,907.0,16800,907.0
2022-07-28,912.0,928.0,903.0,928.0,36800,928.0
2022-07-29,930.0,932.0,917.0,917.0,30600,917.0
2022-08-01,919.0,932.0,919.0,929.0,17700,929.0
2022-08-02,926.0,927.0,896.0,896.0,29500,896.0
2022-08-03,911.0,911.0,896.0,902.0,13400,902.0
2022-08-04,915.0,915.0,897.0,899.0,16600,899.0
2022-08-05,896.0,903.0,892.0,900.0,26400,900.0
2022-08-08,903.0,914.0,900.0,908.0,21000,908.0
2022-08-09,905.0,927.0,894.0,902.0,47400,902.0
2022-08-10,902.0,906.0,895.0,902.0,16700,902.0
2022-08-12,903.0,905.0,891.0,895.0,32800,895.0
2022-08-15,895.0,895.0,882.0,885.0,20500,885.0
2022-08-16,881.0,881.0,865.0,866.0,39400,866.0
2022-08-17,866.0,875.0,861.0,869.0,39900,869.0
2022-08-18,866.0,888.0,858.0,888.0,30800,888.0
2022-08-19,900.0,907.0,889.0,903.0,56700,903.0
2022-08-22,893.0,902.0,885.0,899.0,28900,899.0
2022-08-23,892.0,896.0,883.0,883.0,26800,883.0
2022-08-24,880.0,885.0,875.0,883.0,21000,883.0
2022-08-25,883.0,895.0,883.0,884.0,19800,884.0
2022-08-26,881.0,890.0,877.0,879.0,44600,879.0
2022-08-29,865.0,880.0,863.0,872.0,23700,872.0
2022-08-30,878.0,894.0,878.0,893.0,21800,893.0
2022-08-31,886.0,890.0,878.0,880.0,21900,880.0
2022-09-01,874.0,880.0,871.0,874.0,24500,874.0
2022-09-02,881.0,881.0,855.0,855.0,97500,855.0
2022-09-05,851.0,858.0,845.0,845.0,37600,845.0
2022-09-06,845.0,853.0,843.0,846.0,27800,846.0
2022-09-07,844.0,846.0,827.0,832.0,36200,832.0
2022-09-08,833.0,838.0,833.0,838.0,32000,838.0
2022-09-09,826.0,844.0,826.0,831.0,52400,831.0
2022-09-12,830.0,832.0,820.0,828.0,41100,828.0
2022-09-13,831.0,847.0,828.0,844.0,36300,844.0
2022-09-14,829.0,840.0,829.0,830.0,34300,830.0
2022-09-15,830.0,833.0,816.0,816.0,37600,816.0
2022-09-16,818.0,827.0,817.0,820.0,40700,820.0
2022-09-20,826.0,837.0,826.0,831.0,40000,831.0
2022-09-21,825.0,828.0,806.0,808.0,67300,808.0
2022-09-22,801.0,814.0,801.0,807.0,71400,807.0
2022-09-26,805.0,805.0,789.0,792.0,81000,792.0
2022-09-27,807.0,814.0,795.0,800.0,92100,800.0
2022-09-28,798.0,807.0,781.0,792.0,157000,792.0
2022-09-29,804.0,818.0,804.0,818.0,95600,818.0
2022-09-30,806.0,814.0,802.0,814.0,48300,814.0
2022-10-03,804.0,804.0,788.0,788.0,34700,788.0
2022-10-04,799.0,815.0,799.0,813.0,52700,813.0
2022-10-05,817.0,822.0,808.0,814.0,24000,814.0
2022-10-06,812.0,829.0,812.0,824.0,30300,824.0
2022-10-07,813.0,830.0,813.0,826.0,24300,826.0
2022-10-11,820.0,828.0,804.0,814.0,25700,814.0
2022-10-12,806.0,811.0,802.0,805.0,17400,805.0
2022-10-13,800.0,805.0,795.0,795.0,28400,795.0
2022-10-14,808.0,818.0,800.0,818.0,29900,818.0
2022-10-17,810.0,824.0,810.0,823.0,18600,823.0
2022-10-18,827.0,828.0,822.0,825.0,11300,825.0
2022-10-19,828.0,831.0,824.0,831.0,12200,831.0
2022-10-20,830.0,830.0,823.0,829.0,6300,829.0
2022-10-21,828.0,836.0,817.0,826.0,20500,826.0
2022-10-24,829.0,829.0,822.0,826.0,11800,826.0
2022-10-25,828.0,837.0,823.0,837.0,19800,837.0
2022-10-26,843.0,843.0,832.0,842.0,17300,842.0
2022-10-27,842.0,844.0,832.0,833.0,20800,833.0
2022-10-28,831.0,845.0,831.0,836.0,73900,836.0
2022-10-31,841.0,847.0,838.0,840.0,12300,840.0
2022-11-01,840.0,840.0,834.0,834.0,7600,834.0
2022-11-02,835.0,837.0,829.0,829.0,13000,829.0
2022-11-04,829.0,832.0,818.0,818.0,15200,818.0
2022-11-07,820.0,827.0,818.0,823.0,14300,823.0
2022-11-08,824.0,846.0,823.0,837.0,41000,837.0
2022-11-09,830.0,830.0,796.0,801.0,77200,801.0
2022-11-10,798.0,802.0,794.0,799.0,18200,799.0
2022-11-11,808.0,817.0,802.0,817.0,44000,817.0
2022-11-14,822.0,825.0,813.0,821.0,29200,821.0
2022-11-15,822.0,823.0,809.0,821.0,26900,821.0
2022-11-16,836.0,836.0,817.0,817.0,38800,817.0
2022-11-17,821.0,826.0,818.0,824.0,19900,824.0
2022-11-18,822.0,825.0,815.0,815.0,25900,815.0
2022-11-21,821.0,838.0,816.0,838.0,44500,838.0
2022-11-22,840.0,859.0,833.0,859.0,55700,859.0
2022-11-24,860.0,868.0,853.0,859.0,54800,859.0
2022-11-25,859.0,864.0,845.0,857.0,33300,857.0
2022-11-28,857.0,857.0,847.0,848.0,20500,848.0
2022-11-29,841.0,863.0,840.0,858.0,44000,858.0
2022-11-30,859.0,864.0,853.0,854.0,20100,854.0
2022-12-01,861.0,861.0,847.0,852.0,22100,852.0
2022-12-02,845.0,846.0,834.0,839.0,24500,839.0
2022-12-05,841.0,850.0,837.0,848.0,42300,848.0
2022-12-06,845.0,862.0,842.0,854.0,32900,854.0
2022-12-07,852.0,862.0,851.0,862.0,25600,862.0
2022-12-08,858.0,858.0,842.0,842.0,14600,842.0
2022-12-09,845.0,858.0,845.0,856.0,25400,856.0
2022-12-12,857.0,861.0,854.0,858.0,10500,858.0
2022-12-13,862.0,874.0,862.0,866.0,49700,866.0
2022-12-14,868.0,871.0,867.0,867.0,14600,867.0
2022-12-15,866.0,866.0,858.0,864.0,11700,864.0
2022-12-16,861.0,869.0,859.0,859.0,21400,859.0
2022-12-19,855.0,855.0,840.0,842.0,36300,842.0
2022-12-20,842.0,844.0,817.0,821.0,47500,821.0
2022-12-21,820.0,828.0,810.0,819.0,40800,819.0
2022-12-22,820.0,827.0,817.0,827.0,25200,827.0
2022-12-23,827.0,835.0,824.0,832.0,21000,832.0
2022-12-26,831.0,832.0,824.0,825.0,28900,825.0
2022-12-27,825.0,836.0,825.0,831.0,11300,831.0
2022-12-28,830.0,837.0,827.0,837.0,16400,837.0
2022-12-29,845.0,850.0,831.0,850.0,14100,850.0
2022-12-30,850.0,852.0,842.0,846.0,18200,846.0
2023-01-04,841.0,841.0,823.0,824.0,18400,824.0
2023-01-05,824.0,825.0,790.0,795.0,81300,795.0
2023-01-06,797.0,819.0,797.0,815.0,44300,815.0
2023-01-10,818.0,818.0,803.0,803.0,36600,803.0
2023-01-11,803.0,812.0,803.0,811.0,27900,811.0
2023-01-12,811.0,814.0,810.0,812.0,7100,812.0
2023-01-13,812.0,813.0,802.0,802.0,17800,802.0
2023-01-16,802.0,813.0,801.0,809.0,12400,809.0
2023-01-17,804.0,815.0,796.0,801.0,49800,801.0
2023-01-18,801.0,807.0,798.0,806.0,20300,806.0
2023-01-19,801.0,805.0,799.0,801.0,14900,801.0
2023-01-20,804.0,807.0,802.0,806.0,20500,806.0
2023-01-23,813.0,819.0,809.0,819.0,20800,819.0
2023-01-24,821.0,832.0,817.0,831.0,33800,831.0
2023-01-25,830.0,832.0,821.0,829.0,24100,829.0
2023-01-26,834.0,834.0,826.0,829.0,21800,829.0
2023-01-27,832.0,832.0,819.0,822.0,19800,822.0
2023-01-30,818.0,834.0,817.0,831.0,30100,831.0
2023-01-31,831.0,833.0,825.0,827.0,17200,827.0
2023-02-01,827.0,832.0,823.0,825.0,20000,825.0
2023-02-02,825.0,827.0,821.0,821.0,9400,821.0
2023-02-03,823.0,823.0,812.0,815.0,19600,815.0
2023-02-06,812.0,823.0,812.0,823.0,17100,823.0
2023-02-07,817.0,824.0,817.0,820.0,11000,820.0
2023-02-08,826.0,826.0,818.0,825.0,15500,825.0
2023-02-09,780.0,810.0,779.0,799.0,127200,799.0
2023-02-10,798.0,799.0,781.0,782.0,45000,782.0
2023-02-13,782.0,787.0,778.0,778.0,42000,778.0
2023-02-14,785.0,789.0,779.0,784.0,19800,784.0
2023-02-15,785.0,786.0,780.0,780.0,18200,780.0
2023-02-16,787.0,789.0,783.0,787.0,16700,787.0
2023-02-17,787.0,789.0,783.0,783.0,14400,783.0
2023-02-20,791.0,791.0,785.0,785.0,10900,785.0
2023-02-21,785.0,789.0,785.0,785.0,20400,785.0
2023-02-22,785.0,786.0,782.0,782.0,17300,782.0
2023-02-24,781.0,788.0,781.0,787.0,24500,787.0
2023-02-27,791.0,799.0,789.0,796.0,30600,796.0
2023-02-28,799.0,799.0,787.0,787.0,25700,787.0
2023-03-01,789.0,790.0,784.0,787.0,18000,787.0
2023-03-02,791.0,792.0,786.0,787.0,21300,787.0
2023-03-03,790.0,794.0,788.0,790.0,22300,790.0
2023-03-06,795.0,798.0,792.0,795.0,19900,795.0
2023-03-07,795.0,799.0,793.0,799.0,21700,799.0
2023-03-08,798.0,802.0,797.0,802.0,20900,802.0
2023-03-09,805.0,809.0,800.0,802.0,32200,802.0
2023-03-10,797.0,799.0,791.0,791.0,31900,791.0
2023-03-13,783.0,786.0,770.0,771.0,86600,771.0
2023-03-14,768.0,768.0,744.0,746.0,80400,746.0
2023-03-15,770.0,770.0,756.0,762.0,24300,762.0
2023-03-16,749.0,754.0,739.0,743.0,68700,743.0
2023-03-17,758.0,766.0,752.0,765.0,28500,765.0
2023-03-20,757.0,760.0,741.0,746.0,40100,746.0
2023-03-22,757.0,757.0,748.0,753.0,26300,753.0
2023-03-23,746.0,756.0,745.0,756.0,20000,756.0
2023-03-24,754.0,755.0,749.0,754.0,15800,754.0
2023-03-27,755.0,761.0,753.0,758.0,23900,758.0
2023-03-28,765.0,765.0,755.0,759.0,17000,759.0
2023-03-29,765.0,769.0,758.0,769.0,35900,769.0
2023-03-30,750.0,753.0,745.0,751.0,46200,751.0
2023-03-31,751.0,762.0,751.0,762.0,19500,762.0
2023-04-03,764.0,765.0,760.0,761.0,15000,761.0
2023-04-04,761.0,761.0,756.0,760.0,29200,760.0
2023-04-05,756.0,756.0,748.0,749.0,27000,749.0
2023-04-06,746.0,749.0,741.0,746.0,26700,746.0
2023-04-07,743.0,746.0,736.0,738.0,35100,738.0
2023-04-10,745.0,745.0,740.0,742.0,23200,742.0
2023-04-11,742.0,749.0,742.0,748.0,22300,748.0
2023-04-12,750.0,760.0,748.0,760.0,23200,760.0
2023-04-13,756.0,765.0,754.0,759.0,28600,759.0
2023-04-14,765.0,765.0,759.0,763.0,17100,763.0
2023-04-17,769.0,770.0,764.0,766.0,14900,766.0
2023-04-18,770.0,770.0,764.0,765.0,11800,765.0
2023-04-19,765.0,767.0,760.0,767.0,9800,767.0
2023-04-20,766.0,774.0,764.0,774.0,22700,774.0
2023-04-21,774.0,776.0,764.0,764.0,14600,764.0
2023-04-24,766.0,773.0,765.0,765.0,13400,765.0
2023-04-25,773.0,777.0,768.0,769.0,18800,769.0
2023-04-26,769.0,769.0,758.0,761.0,22900,761.0
2023-04-27,763.0,766.0,760.0,765.0,15400,765.0
2023-04-28,768.0,779.0,766.0,779.0,20000,779.0
2023-05-01,780.0,781.0,776.0,780.0,21100,780.0
2023-05-02,779.0,780.0,770.0,780.0,19500,780.0
2023-05-08,778.0,783.0,773.0,778.0,21200,778.0
2023-05-09,778.0,784.0,777.0,784.0,20300,784.0
2023-05-10,784.0,784.0,775.0,781.0,13200,781.0
2023-05-11,779.0,785.0,779.0,784.0,14000,784.0
2023-05-12,786.0,786.0,776.0,784.0,21500,784.0
2023-05-15,788.0,788.0,772.0,780.0,54500,780.0
2023-05-16,781.0,786.0,776.0,784.0,46100,784.0
2023-05-17,784.0,784.0,778.0,781.0,29000,781.0
2023-05-18,785.0,786.0,779.0,784.0,21400,784.0
2023-05-19,780.0,782.0,777.0,777.0,16300,777.0
2023-05-22,780.0,788.0,779.0,784.0,35500,784.0
2023-05-23,788.0,794.0,781.0,783.0,37000,783.0
2023-05-24,783.0,784.0,781.0,781.0,11900,781.0
2023-05-25,781.0,784.0,778.0,781.0,19700,781.0
2023-05-26,778.0,778.0,765.0,765.0,42300,765.0
2023-05-29,770.0,773.0,768.0,770.0,14900,770.0
2023-05-30,773.0,774.0,766.0,766.0,18900,766.0
2023-05-31,766.0,766.0,754.0,754.0,43300,754.0
2023-06-01,754.0,757.0,748.0,750.0,34500,750.0
2023-06-02,750.0,755.0,750.0,751.0,33300,751.0
2023-06-05,760.0,762.0,756.0,760.0,29200,760.0
2023-06-06,761.0,765.0,759.0,762.0,38000,762.0
2023-06-07,760.0,761.0,752.0,752.0,52200,752.0
2023-06-08,755.0,756.0,744.0,745.0,52000,745.0
2023-06-09,745.0,747.0,740.0,743.0,67800,743.0
2023-06-12,743.0,750.0,743.0,749.0,64500,749.0
2023-06-13,754.0,759.0,750.0,757.0,39500,757.0
2023-06-14,760.0,760.0,748.0,753.0,57800,753.0
2023-06-15,750.0,758.0,748.0,755.0,31300,755.0
2023-06-16,759.0,759.0,754.0,756.0,35000,756.0
2023-06-19,760.0,764.0,758.0,764.0,29200,764.0
2023-06-20,764.0,769.0,763.0,769.0,33700,769.0
2023-06-21,769.0,783.0,767.0,767.0,59600,767.0
2023-06-22,773.0,776.0,767.0,772.0,35000,772.0
2023-06-23,780.0,783.0,773.0,777.0,34400,777.0
2023-06-26,777.0,783.0,770.0,776.0,46200,776.0
2023-06-27,776.0,778.0,771.0,772.0,22800,772.0
2023-06-28,772.0,777.0,772.0,777.0,22800,777.0
2023-06-29,775.0,779.0,775.0,777.0,34900,777.0
2023-06-30,777.0,779.0,774.0,779.0,39400,779.0
2023-07-03,785.0,787.0,781.0,785.0,42400,785.0
2023-07-04,785.0,788.0,781.0,781.0,35600,781.0
2023-07-05,781.0,781.0,774.0,776.0,37200,776.0
2023-07-06,776.0,776.0,765.0,767.0,29500,767.0
2023-07-07,761.0,769.0,758.0,759.0,53800,759.0
2023-07-10,771.0,773.0,763.0,766.0,66300,766.0
2023-07-11,773.0,774.0,767.0,771.0,39800,771.0
2023-07-12,771.0,771.0,767.0,770.0,27900,770.0
2023-07-13,770.0,771.0,763.0,764.0,33500,764.0
2023-07-14,769.0,769.0,755.0,760.0,36200,760.0
2023-07-18,761.0,764.0,760.0,763.0,20200,763.0
2023-07-19,767.0,768.0,763.0,768.0,20600,768.0
2023-07-20,768.0,770.0,764.0,767.0,22100,767.0
2023-07-21,765.0,768.0,762.0,765.0,25000,765.0
2023-07-24,768.0,772.0,768.0,771.0,25100,771.0
2023-07-25,771.0,783.0,770.0,779.0,59300,779.0
2023-07-26,781.0,781.0,774.0,778.0,28100,778.0
2023-07-27,777.0,781.0,773.0,778.0,29400,778.0
2023-07-28,773.0,777.0,768.0,775.0,38400,775.0
2023-07-31,783.0,786.0,781.0,784.0,35900,784.0
2023-08-01,786.0,788.0,780.0,787.0,23700,787.0
2023-08-02,784.0,787.0,778.0,778.0,27500,778.0
2023-08-03,776.0,778.0,768.0,770.0,34900,770.0
2023-08-04,774.0,775.0,770.0,773.0,14100,773.0
2023-08-07,770.0,783.0,769.0,783.0,41000,783.0
2023-08-08,783.0,786.0,780.0,785.0,23400,785.0
2023-08-09,779.0,779.0,773.0,777.0,36000,777.0
2023-08-10,772.0,778.0,772.0,775.0,44400,775.0
2023-08-14,779.0,785.0,779.0,779.0,30800,779.0
2023-08-15,785.0,788.0,780.0,786.0,22200,786.0
2023-08-16,785.0,786.0,780.0,783.0,22300,783.0
2023-08-17,781.0,781.0,766.0,771.0,44600,771.0
2023-08-18,770.0,774.0,769.0,771.0,27800,771.0
2023-08-21,767.0,775.0,766.0,766.0,40300,766.0
2023-08-22,768.0,773.0,767.0,773.0,25000,773.0
2023-08-23,773.0,775.0,770.0,774.0,25600,774.0
2023-08-24,774.0,777.0,770.0,776.0,35200,776.0
2023-08-25,776.0,778.0,772.0,772.0,37000,772.0
2023-08-28,780.0,787.0,776.0,785.0,65600,785.0
2023-08-29,790.0,821.0,790.0,815.0,156100,815.0
2023-08-30,820.0,830.0,811.0,824.0,108200,824.0
2023-08-31,819.0,828.0,815.0,823.0,106600,823.0
2023-09-01,822.0,825.0,818.0,823.0,108500,823.0
2023-09-04,823.0,836.0,823.0,833.0,140300,833.0
2023-09-05,835.0,835.0,827.0,831.0,70100,831.0
2023-09-06,831.0,835.0,826.0,835.0,67300,835.0
2023-09-07,835.0,843.0,830.0,830.0,100000,830.0
2023-09-08,828.0,833.0,820.0,822.0,83900,822.0
2023-09-11,822.0,824.0,811.0,813.0,123300,813.0
2023-09-12,813.0,819.0,808.0,817.0,67000,817.0
2023-09-13,812.0,817.0,800.0,806.0,83500,806.0
2023-09-14,803.0,806.0,799.0,805.0,73100,805.0
2023-09-15,802.0,811.0,802.0,808.0,67400,808.0
2023-09-19,821.0,845.0,819.0,830.0,115800,830.0
2023-09-20,830.0,835.0,821.0,823.0,73900,823.0
2023-09-21,820.0,821.0,810.0,815.0,89200,815.0
2023-09-22,807.0,825.0,804.0,822.0,82200,822.0
2023-09-25,824.0,882.0,823.0,876.0,212900,876.0
2023-09-26,874.0,874.0,855.0,857.0,73900,857.0
2023-09-27,855.0,893.0,850.0,871.0,229400,871.0
2023-09-28,861.0,871.0,855.0,860.0,123300,860.0
2023-09-29,861.0,861.0,832.0,840.0,95700,840.0
2023-10-02,850.0,871.0,848.0,856.0,60000,856.0
2023-10-03,861.0,861.0,836.0,837.0,76800,837.0
2023-10-04,823.0,833.0,808.0,814.0,113600,814.0
2023-10-05,826.0,837.0,824.0,837.0,60400,837.0
2023-10-06,842.0,845.0,833.0,841.0,28100,841.0
2023-10-10,851.0,862.0,851.0,862.0,43500,862.0
2023-10-11,862.0,862.0,846.0,846.0,36300,846.0
2023-10-12,846.0,855.0,838.0,853.0,31600,853.0
2023-10-13,852.0,852.0,833.0,835.0,32000,835.0
2023-10-16,831.0,832.0,817.0,820.0,35100,820.0
2023-10-17,823.0,832.0,823.0,827.0,23500,827.0
2023-10-18,842.0,842.0,819.0,837.0,48800,837.0
2023-10-19,833.0,837.0,826.0,829.0,30600,829.0
2023-10-20,822.0,828.0,820.0,823.0,22400,823.0
2023-10-23,824.0,824.0,810.0,810.0,40400,810.0
2023-10-24,822.0,829.0,803.0,828.0,42200,828.0
2023-10-25,832.0,839.0,831.0,833.0,24200,833.0
2023-10-26,829.0,836.0,819.0,819.0,34900,819.0
2023-10-27,826.0,836.0,826.0,835.0,24100,835.0
2023-10-30,834.0,843.0,831.0,833.0,136200,833.0
2023-10-31,833.0,842.0,827.0,842.0,33300,842.0
2023-11-01,849.0,856.0,843.0,846.0,49100,846.0
2023-11-02,851.0,855.0,847.0,849.0,25400,849.0
2023-11-06,861.0,873.0,857.0,866.0,70800,866.0
2023-11-07,864.0,879.0,861.0,869.0,44300,869.0
2023-11-08,875.0,875.0,858.0,863.0,58800,863.0
2023-11-09,875.0,930.0,874.0,927.0,125700,927.0
2023-11-10,926.0,960.0,920.0,959.0,111500,959.0
2023-11-13,955.0,955.0,907.0,907.0,68000,907.0
2023-11-14,910.0,927.0,910.0,922.0,33900,922.0
2023-11-15,927.0,930.0,913.0,915.0,40200,915.0
2023-11-16,914.0,919.0,901.0,904.0,24200,904.0
2023-11-17,904.0,919.0,897.0,919.0,27400,919.0
2023-11-20,920.0,927.0,914.0,914.0,23600,914.0
2023-11-21,914.0,933.0,914.0,933.0,34600,933.0
2023-11-22,922.0,935.0,922.0,926.0,23100,926.0
2023-11-24,929.0,935.0,926.0,935.0,18100,935.0
2023-11-27,940.0,949.0,920.0,920.0,39600,920.0
2023-11-28,918.0,924.0,907.0,923.0,27800,923.0
2023-11-29,923.0,936.0,919.0,926.0,30100,926.0
2023-11-30,927.0,936.0,921.0,936.0,20500,936.0
2023-12-01,940.0,947.0,933.0,935.0,28100,935.0
2023-12-04,932.0,948.0,931.0,946.0,20500,946.0
2023-12-05,945.0,946.0,928.0,928.0,23600,928.0
2023-12-06,924.0,954.0,924.0,949.0,37100,949.0
2023-12-07,935.0,946.0,929.0,931.0,27400,931.0
2023-12-08,927.0,930.0,906.0,909.0,45100,909.0
2023-12-11,913.0,926.0,913.0,926.0,19300,926.0
2023-12-12,932.0,933.0,909.0,915.0,26200,915.0
2023-12-13,910.0,920.0,908.0,911.0,20800,911.0
2023-12-14,920.0,920.0,895.0,898.0,25200,898.0
2023-12-15,891.0,905.0,890.0,904.0,24200,904.0
2023-12-18,900.0,926.0,899.0,925.0,34500,925.0
2023-12-19,928.0,930.0,917.0,930.0,18400,930.0
2023-12-20,925.0,936.0,924.0,926.0,28600,926.0
2023-12-21,925.0,939.0,921.0,934.0,25100,934.0
2023-12-22,940.0,947.0,936.0,941.0,20400,941.0
2023-12-25,946.0,948.0,933.0,933.0,28300,933.0
2023-12-26,940.0,967.0,936.0,966.0,63400,966.0
2023-12-27,975.0,1013.0,963.0,997.0,85800,997.0
2023-12-28,990.0,1002.0,984.0,996.0,41300,996.0
2023-12-29,1005.0,1019.0,986.0,997.0,40500,997.0
2024-01-04,990.0,1008.0,971.0,994.0,51900,994.0
2024-01-05,1000.0,1013.0,1000.0,1007.0,36600,1007.0
2024-01-09,1019.0,1024.0,1010.0,1020.0,31800,1020.0
2024-01-10,1024.0,1024.0,1004.0,1009.0,30000,1009.0
2024-01-11,1011.0,1014.0,1000.0,1003.0,30500,1003.0
2024-01-12,1000.0,1006.0,978.0,978.0,36900,978.0
2024-01-15,975.0,992.0,956.0,991.0,42000,991.0
2024-01-16,999.0,1000.0,981.0,982.0,30700,982.0
2024-01-17,983.0,999.0,975.0,975.0,29400,975.0
2024-01-18,990.0,996.0,975.0,994.0,27200,994.0
2024-01-19,999.0,1004.0,991.0,995.0,26700,995.0
2024-01-22,995.0,1010.0,992.0,1006.0,32800,1006.0
2024-01-23,1005.0,1011.0,993.0,998.0,26400,998.0
2024-01-24,998.0,1003.0,977.0,984.0,38800,984.0
2024-01-25,981.0,981.0,959.0,969.0,60300,969.0
2024-01-26,969.0,977.0,957.0,957.0,27100,957.0
2024-01-29,957.0,973.0,957.0,969.0,11300,969.0
2024-01-30,969.0,978.0,969.0,978.0,24900,978.0
2024-01-31,978.0,993.0,971.0,993.0,25800,993.0
2024-02-01,987.0,987.0,974.0,976.0,26500,976.0
2024-02-02,982.0,982.0,963.0,965.0,21500,965.0
2024-02-05,972.0,972.0,958.0,969.0,37100,969.0
2024-02-06,969.0,983.0,968.0,968.0,28300,968.0
2024-02-07,975.0,978.0,965.0,974.0,14300,974.0
2024-02-08,978.0,978.0,945.0,962.0,63300,962.0
2024-02-09,951.0,968.0,935.0,952.0,65900,952.0
2024-02-13,951.0,955.0,921.0,951.0,61400,951.0
2024-02-14,951.0,954.0,921.0,943.0,47900,943.0
2024-02-15,944.0,947.0,916.0,924.0,35800,924.0
2024-02-16,924.0,927.0,906.0,927.0,36000,927.0
2024-02-19,923.0,938.0,920.0,938.0,36300,938.0
2024-02-20,938.0,943.0,927.0,933.0,31600,933.0
2024-02-21,933.0,936.0,922.0,922.0,18000,922.0
2024-02-22,922.0,928.0,906.0,913.0,55800,913.0
2024-02-26,916.0,916.0,906.0,906.0,34700,906.0
2024-02-27,904.0,916.0,904.0,910.0,38900,910.0
2024-02-28,912.0,928.0,912.0,925.0,39800,925.0
2024-02-29,925.0,932.0,920.0,921.0,35500,921.0
2024-03-01,921.0,921.0,893.0,897.0,85400,897.0
2024-03-04,900.0,901.0,885.0,893.0,49300,893.0
2024-03-05,888.0,893.0,870.0,888.0,41000,888.0
2024-03-06,885.0,900.0,881.0,895.0,50700,895.0
2024-03-07,897.0,898.0,880.0,880.0,29900,880.0
2024-03-08,870.0,887.0,870.0,880.0,50100,880.0
2024-03-11,876.0,877.0,863.0,871.0,56500,871.0
2024-03-12,867.0,889.0,865.0,889.0,27000,889.0
2024-03-13,892.0,892.0,880.0,884.0,31000,884.0
2024-03-14,891.0,895.0,884.0,892.0,18700,892.0
2024-03-15,892.0,904.0,892.0,902.0,22000,902.0
2024-03-18,906.0,908.0,902.0,903.0,22900,903.0
2024-03-19,904.0,909.0,894.0,909.0,27000,909.0
2024-03-21,910.0,913.0,905.0,906.0,47600,906.0
2024-03-22,908.0,908.0,893.0,901.0,35500,901.0
2024-03-25,900.0,904.0,893.0,898.0,45100,898.0
2024-03-26,898.0,911.0,898.0,907.0,32500,907.0
2024-03-27,913.0,924.0,908.0,923.0,80400,923.0
2024-03-28,908.0,913.0,899.0,899.0,47600,899.0
2024-03-29,897.0,911.0,897.0,907.0,28500,907.0
2024-04-01,902.0,907.0,891.0,891.0,30600,891.0
2024-04-02,891.0,892.0,883.0,888.0,30200,888.0
2024-04-03,880.0,887.0,874.0,877.0,34100,877.0
2024-04-04,877.0,880.0,862.0,865.0,73400,865.0
2024-04-05,858.0,862.0,850.0,856.0,50500,856.0
2024-04-08,857.0,880.0,857.0,874.0,57000,874.0
2024-04-09,874.0,880.0,868.0,877.0,15000,877.0
2024-04-10,877.0,884.0,870.0,870.0,24500,870.0
2024-04-11,867.0,873.0,866.0,868.0,24900,868.0
2024-04-12,868.0,873.0,866.0,867.0,23500,867.0
2024-04-15,866.0,871.0,864.0,866.0,13400,866.0
2024-04-16,860.0,860.0,845.0,850.0,51600,850.0
2024-04-17,852.0,856.0,843.0,844.0,32300,844.0
2024-04-18,842.0,860.0,842.0,860.0,19600,860.0
2024-04-19,851.0,851.0,835.0,845.0,37800,845.0
2024-04-22,847.0,856.0,843.0,852.0,35000,852.0
2024-04-23,853.0,859.0,853.0,858.0,6500,858.0
2024-04-24,854.0,865.0,853.0,863.0,28200,863.0
2024-04-25,860.0,863.0,852.0,852.0,25300,852.0
2024-04-26,862.0,867.0,853.0,867.0,29300,867.0
2024-04-30,868.0,889.0,867.0,889.0,37000,889.0
2024-05-01,889.0,889.0,879.0,885.0,15900,885.0
2024-05-02,885.0,885.0,875.0,878.0,10500,878.0
2024-05-07,887.0,888.0,880.0,884.0,17600,884.0
2024-05-08,882.0,884.0,875.0,879.0,15200,879.0
2024-05-09,880.0,880.0,875.0,876.0,10400,876.0
2024-05-10,877.0,880.0,875.0,877.0,10600,877.0
2024-05-13,879.0,879.0,857.0,867.0,41700,867.0
2024-05-14,866.0,867.0,853.0,859.0,29000,859.0
2024-05-15,869.0,869.0,856.0,861.0,41000,861.0
2024-05-16,858.0,863.0,839.0,840.0,66700,840.0
2024-05-17,838.0,852.0,837.0,846.0,17800,846.0
2024-05-20,846.0,852.0,843.0,847.0,21400,847.0
2024-05-21,851.0,851.0,841.0,841.0,20300,841.0
2024-05-22,841.0,845.0,835.0,835.0,28400,835.0
2024-05-23,836.0,836.0,826.0,832.0,38100,832.0
2024-05-24,829.0,831.0,820.0,821.0,43000,821.0
2024-05-27,829.0,830.0,822.0,830.0,28100,830.0
2024-05-28,832.0,834.0,825.0,825.0,14500,825.0
2024-05-29,823.0,825.0,809.0,811.0,51600,811.0
2024-05-30,811.0,818.0,808.0,818.0,29000,818.0
2024-05-31,823.0,833.0,821.0,833.0,29100,833.0
2024-06-03,839.0,841.0,834.0,837.0,18900,837.0
2024-06-04,839.0,843.0,836.0,843.0,21200,843.0
2024-06-05,841.0,843.0,836.0,837.0,14500,837.0
2024-06-06,837.0,840.0,833.0,840.0,24200,840.0
2024-06-07,837.0,838.0,834.0,837.0,14800,837.0
2024-06-10,839.0,841.0,833.0,840.0,20000,840.0
2024-06-11,840.0,843.0,836.0,839.0,18500,839.0
2024-06-12,839.0,839.0,828.0,828.0,27500,828.0
2024-06-13,828.0,830.0,820.0,823.0,20800,823.0
2024-06-14,821.0,833.0,821.0,831.0,33700,831.0
2024-06-17,832.0,832.0,819.0,827.0,31100,827.0
2024-06-18,828.0,858.0,828.0,850.0,71300,850.0
2024-06-19,853.0,853.0,846.0,851.0,14800,851.0
2024-06-20,851.0,867.0,850.0,863.0,40800,863.0
2024-06-21,867.0,873.0,856.0,863.0,46800,863.0
2024-06-24,868.0,868.0,860.0,867.0,26400,867.0
2024-06-25,869.0,880.0,869.0,880.0,36800,880.0
2024-06-26,884.0,886.0,876.0,884.0,34300,884.0
2024-06-27,884.0,890.0,884.0,890.0,19100,890.0
2024-06-28,892.0,893.0,869.0,874.0,23900,874.0
2024-07-01,875.0,876.0,865.0,866.0,32800,866.0
2024-07-02,871.0,875.0,870.0,871.0,32300,871.0
2024-07-03,870.0,870.0,859.0,867.0,31600,867.0
2024-07-04,868.0,871.0,865.0,871.0,27300,871.0
2024-07-05,869.0,871.0,858.0,859.0,32700,859.0
2024-07-08,874.0,874.0,863.0,865.0,45300,865.0
2024-07-09,861.0,864.0,856.0,861.0,31100,861.0
2024-07-10,860.0,861.0,853.0,861.0,38200,861.0
2024-07-11,865.0,868.0,860.0,865.0,29800,865.0
2024-07-12,864.0,888.0,864.0,883.0,56700,883.0
2024-07-16,895.0,916.0,895.0,901.0,64600,901.0
2024-07-17,905.0,915.0,903.0,908.0,31600,908.0
2024-07-18,905.0,915.0,901.0,912.0,27500,912.0
2024-07-19,914.0,914.0,892.0,904.0,34700,904.0
2024-07-22,911.0,913.0,881.0,881.0,25000,881.0
2024-07-23,881.0,895.0,880.0,890.0,30500,890.0
2024-07-24,889.0,896.0,883.0,884.0,21500,884.0
2024-07-25,881.0,899.0,873.0,890.0,39400,890.0
2024-07-26,893.0,897.0,889.0,892.0,32200,892.0
2024-07-29,897.0,902.0,884.0,892.0,27000,892.0
2024-07-30,890.0,890.0,880.0,884.0,29200,884.0
2024-07-31,884.0,898.0,879.0,897.0,22500,897.0
2024-08-01,890.0,890.0,855.0,855.0,42900,855.0
2024-08-02,840.0,841.0,812.0,812.0,60300,812.0
2024-08-05,790.0,805.0,716.0,728.0,157900,728.0
2024-08-06,773.0,807.0,764.0,783.0,60600,783.0
2024-08-07,782.0,809.0,773.0,779.0,51900,779.0
2024-08-08,778.0,798.0,778.0,781.0,35400,781.0
2024-08-09,772.0,772.0,718.0,729.0,176800,729.0
2024-08-13,744.0,748.0,726.0,747.0,75700,747.0
2024-08-14,745.0,745.0,734.0,740.0,56200,740.0
2024-08-15,747.0,753.0,738.0,745.0,57300,745.0
2024-08-16,759.0,776.0,756.0,776.0,49200,776.0
2024-08-19,769.0,769.0,750.0,753.0,76800,753.0
2024-08-20,757.0,765.0,746.0,757.0,55800,757.0
2024-08-21,755.0,755.0,746.0,754.0,39800,754.0
2024-08-22,755.0,755.0,746.0,753.0,29800,753.0
2024-08-23,755.0,756.0,748.0,749.0,29300,749.0
2024-08-26,751.0,754.0,744.0,754.0,41700,754.0
2024-08-27,754.0,772.0,751.0,772.0,65400,772.0
2024-08-28,771.0,775.0,764.0,774.0,46500,774.0
2024-08-29,774.0,774.0,764.0,768.0,58500,768.0
2024-08-30,775.0,789.0,773.0,780.0,72300,780.0
2024-09-02,785.0,789.0,770.0,771.0,46100,771.0
2024-09-03,772.0,786.0,766.0,786.0,45600,786.0
2024-09-04,768.0,774.0,754.0,755.0,91400,755.0
2024-09-05,752.0,768.0,748.0,758.0,58000,758.0
2024-09-06,762.0,762.0,745.0,751.0,48200,751.0
2024-09-09,737.0,749.0,730.0,747.0,55700,747.0
2024-09-10,745.0,747.0,736.0,736.0,53300,736.0
2024-09-11,739.0,739.0,721.0,725.0,87200,725.0
2024-09-12,739.0,745.0,734.0,742.0,55000,742.0
2024-09-13,737.0,741.0,732.0,739.0,73200,739.0
2024-09-17,746.0,748.0,732.0,742.0,45100,742.0
2024-09-18,740.0,748.0,738.0,743.0,43200,743.0
2024-09-19,752.0,756.0,746.0,755.0,53300,755.0
2024-09-20,755.0,760.0,750.0,750.0,54800,750.0
2024-09-24,761.0,765.0,756.0,760.0,82000,760.0
2024-09-25,765.0,765.0,757.0,760.0,46000,760.0
2024-09-26,762.0,770.0,756.0,769.0,90100,769.0
2024-09-27,775.0,777.0,766.0,773.0,81400,773.0
2024-09-30,750.0,761.0,745.0,751.0,84500,751.0
2024-10-01,751.0,762.0,747.0,758.0,45200,758.0
2024-10-02,755.0,758.0,748.0,751.0,41700,751.0
2024-10-03,758.0,762.0,754.0,759.0,44900,759.0
2024-10-04,763.0,772.0,762.0,770.0,32000,770.0
2024-10-07,775.0,781.0,770.0,778.0,41900,778.0
2024-10-08,771.0,777.0,760.0,761.0,32500,761.0
2024-10-09,764.0,766.0,756.0,762.0,73300,762.0
2024-10-10,767.0,767.0,754.0,763.0,46000,763.0
2024-10-11,758.0,768.0,755.0,765.0,44000,765.0
2024-10-15,765.0,771.0,759.0,764.0,83700,764.0
2024-10-16,758.0,773.0,757.0,758.0,32500,758.0
2024-10-17,757.0,760.0,752.0,752.0,34100,752.0
2024-10-18,752.0,756.0,741.0,755.0,55500,755.0
2024-10-21,753.0,756.0,749.0,754.0,42200,754.0
2024-10-22,750.0,750.0,737.0,740.0,74800,740.0
2024-10-23,736.0,739.0,731.0,731.0,75000,731.0
2024-10-24,728.0,737.0,725.0,734.0,57200,734.0
2024-10-25,732.0,737.0,720.0,721.0,70600,721.0
2024-10-28,721.0,733.0,718.0,733.0,56300,733.0
2024-10-29,729.0,739.0,728.0,739.0,50800,739.0
2024-10-30,739.0,741.0,732.0,738.0,204200,738.0
2024-10-31,733.0,743.0,730.0,743.0,42400,743.0
2024-11-01,738.0,738.0,731.0,734.0,34500,734.0
2024-11-05,740.0,740.0,732.0,732.0,23800,732.0
2024-11-06,735.0,742.0,733.0,734.0,26300,734.0
2024-11-07,737.0,753.0,737.0,752.0,56100,752.0
2024-11-08,752.0,752.0,736.0,736.0,57700,736.0
2024-11-11,737.0,737.0,719.0,720.0,104300,720.0
2024-11-12,720.0,728.0,709.0,710.0,79500,710.0
2024-11-13,712.0,729.0,712.0,723.0,68900,723.0
2024-11-14,728.0,734.0,718.0,718.0,37400,718.0
2024-11-15,725.0,729.0,715.0,715.0,32800,715.0
2024-11-18,718.0,723.0,711.0,717.0,36700,717.0
2024-11-19,717.0,733.0,717.0,726.0,39300,726.0
2024-11-20,726.0,730.0,720.0,720.0,15100,720.0
2024-11-21,730.0,739.0,729.0,731.0,43200,731.0
2024-11-22,732.0,740.0,730.0,735.0,19700,735.0
2024-11-25,736.0,740.0,726.0,726.0,28300,726.0
2024-11-26,737.0,738.0,726.0,733.0,39900,733.0
2024-11-27,731.0,732.0,725.0,732.0,25900,732.0
2024-11-28,740.0,756.0,735.0,746.0,69500,746.0
2024-11-29,744.0,750.0,740.0,740.0,32700,740.0
2024-12-02,746.0,747.0,741.0,741.0,24400,741.0
2024-12-03,746.0,755.0,745.0,748.0,43600,748.0
2024-12-04,750.0,756.0,745.0,751.0,36300,751.0
2024-12-05,755.0,760.0,753.0,755.0,34400,755.0
2024-12-06,757.0,757.0,750.0,754.0,22000,754.0
2024-12-09,755.0,765.0,753.0,763.0,26900,763.0
2024-12-10,759.0,760.0,746.0,746.0,50900,746.0
2024-12-11,752.0,756.0,742.0,742.0,44100,742.0
2024-12-12,744.0,747.0,740.0,743.0,31600,743.0
2024-12-13,740.0,744.0,733.0,736.0,53900,736.0
2024-12-16,735.0,735.0,726.0,728.0,42600,728.0
2024-12-17,729.0,729.0,721.0,721.0,53600,721.0
2024-12-18,722.0,729.0,722.0,724.0,25900,724.0
2024-12-19,724.0,729.0,720.0,729.0,37000,729.0
2024-12-20,729.0,735.0,727.0,727.0,39300,727.0
2024-12-23,739.0,743.0,735.0,740.0,58900,740.0
2024-12-24,745.0,747.0,741.0,744.0,26400,744.0
2024-12-25,746.0,746.0,737.0,744.0,34200,744.0
2024-12-26,743.0,746.0,739.0,745.0,50800,745.0
2024-12-27,748.0,754.0,747.0,753.0,37600,753.0
2024-12-30,757.0,763.0,756.0,759.0,39900,759.0
2025-01-06,761.0,761.0,746.0,746.0,44100,746.0
2025-01-07,746.0,750.0,742.0,743.0,36800,743.0
2025-01-08,743.0,746.0,738.0,739.0,42500,739.0
2025-01-09,740.0,740.0,732.0,734.0,33900,734.0
2025-01-10,733.0,735.0,731.0,731.0,32500,731.0
2025-01-14,733.0,734.0,727.0,731.0,42700,731.0
2025-01-15,734.0,734.0,730.0,730.0,17000,730.0
2025-01-16,734.0,734.0,726.0,726.0,20900,726.0
2025-01-17,726.0,732.0,719.0,727.0,60100,727.0
2025-01-20,730.0,735.0,728.0,733.0,11200,733.0
2025-01-21,736.0,736.0,732.0,736.0,16700,736.0
2025-01-22,735.0,738.0,733.0,734.0,17800,734.0
2025-01-23,734.0,737.0,731.0,734.0,15100,734.0
2025-01-24,736.0,745.0,736.0,742.0,49600,742.0
2025-01-27,750.0,750.0,743.0,746.0,21700,746.0
2025-01-28,749.0,757.0,746.0,755.0,35500,755.0
2025-01-29,757.0,757.0,745.0,746.0,25500,746.0
2025-01-30,741.0,749.0,740.0,747.0,20900,747.0
2025-01-31,753.0,753.0,743.0,747.0,13400,747.0
2025-02-03,745.0,745.0,735.0,735.0,34100,735.0
2025-02-04,740.0,744.0,738.0,739.0,21400,739.0
2025-02-05,739.0,741.0,736.0,736.0,17100,736.0
2025-02-06,740.0,749.0,740.0,749.0,21800,749.0
2025-02-07,754.0,755.0,749.0,749.0,31100,749.0
2025-02-10,743.0,743.0,734.0,740.0,59900,740.0
2025-02-12,742.0,743.0,738.0,741.0,23500,741.0
2025-02-13,744.0,747.0,741.0,747.0,21900,747.0
2025-02-14,752.0,752.0,746.0,748.0,24700,748.0
2025-02-17,750.0,752.0,746.0,747.0,26900,747.0
2025-02-18,750.0,751.0,745.0,751.0,33200,751.0
2025-02-19,753.0,758.0,752.0,755.0,27500,755.0
2025-02-20,760.0,760.0,747.0,747.0,35300,747.0
2025-02-21,750.0,750.0,745.0,748.0,27300,748.0
2025-02-25,746.0,748.0,741.0,743.0,35100,743.0
2025-02-26,744.0,744.0,736.0,741.0,40300,741.0
2025-02-27,737.0,743.0,735.0,738.0,72700,738.0
2025-02-28,735.0,739.0,731.0,735.0,76500,735.0
2025-03-03,744.0,747.0,741.0,744.0,60900,744.0
2025-03-04,741.0,743.0,737.0,741.0,47100,741.0
2025-03-05,742.0,749.0,741.0,746.0,46200,746.0
2025-03-06,749.0,754.0,747.0,750.0,47400,750.0
2025-03-07,743.0,750.0,738.0,745.0,80300,745.0
2025-03-10,750.0,752.0,746.0,748.0,57300,748.0
2025-03-11,740.0,743.0,736.0,740.0,83400,740.0
2025-03-12,739.0,745.0,738.0,740.0,58300,740.0
2025-03-13,738.0,740.0,736.0,738.0,78200,738.0
2025-03-14,735.0,739.0,734.0,736.0,104900,736.0
2025-03-17,734.0,745.0,733.0,741.0,156700,741.0
2025-03-18,741.0,748.0,739.0,739.0,96800,739.0
2025-03-19,736.0,743.0,735.0,739.0,116600,739.0
2025-03-21,739.0,742.0,737.0,738.0,169300,738.0
2025-03-24,843.0,843.0,759.0,768.0,336000,768.0
2025-03-25,769.0,784.0,769.0,778.0,164700,778.0
2025-03-26,776.0,779.0,770.0,775.0,144000,775.0
2025-03-27,775.0,783.0,768.0,783.0,156900,783.0
2025-03-28,752.0,753.0,742.0,745.0,189500,745.0
2025-03-31,748.0,749.0,741.0,743.0,61700,743.0
2025-04-01,758.0,761.0,751.0,757.0,55100,757.0
2025-04-02,761.0,761.0,748.0,751.0,34600,751.0
2025-04-03,740.0,757.0,729.0,756.0,123000,756.0
2025-04-04,751.0,752.0,726.0,736.0,71700,736.0
2025-04-07,710.0,723.0,687.0,705.0,183600,705.0
2025-04-08,724.0,737.0,724.0,737.0,80500,737.0
2025-04-09,735.0,735.0,711.0,725.0,76000,725.0
2025-04-10,747.0,752.0,738.0,752.0,61700,752.0
2025-04-11,751.0,762.0,732.0,761.0,45100,761.0
2025-04-14,764.0,767.0,759.0,765.0,35700,765.0
2025-04-15,765.0,768.0,759.0,759.0,20300,759.0
2025-04-16,764.0,768.0,759.0,764.0,23300,764.0
2025-04-17,763.0,771.0,763.0,768.0,23300,768.0
2025-04-18,772.0,785.0,769.0,785.0,32700,785.0
2025-04-21,785.0,790.0,780.0,780.0,29600,780.0
2025-04-22,779.0,789.0,778.0,789.0,20600,789.0
2025-04-23,791.0,795.0,786.0,788.0,38500,788.0
2025-04-24,792.0,792.0,765.0,770.0,17300,770.0
2025-04-25,772.0,773.0,763.0,764.0,20700,764.0
2025-04-28,765.0,773.0,765.0,772.0,26500,772.0
2025-04-30,773.0,773.0,761.0,773.0,13100,773.0
2025-05-01,772.0,773.0,764.0,769.0,17100,769.0
2025-05-02,769.0,771.0,760.0,771.0,17900,771.0
2025-05-07,774.0,791.0,751.0,776.0,84900,776.0
2025-05-08,779.0,779.0,766.0,776.0,16600,776.0
2025-05-09,776.0,782.0,771.0,775.0,36300,775.0
2025-05-12,776.0,781.0,770.0,778.0,13900,778.0
2025-05-13,780.0,780.0,766.0,771.0,24100,771.0
2025-05-14,766.0,770.0,756.0,770.0,25700,770.0
2025-05-15,769.0,770.0,760.0,761.0,19600,761.0
2025-05-16,751.0,751.0,721.0,728.0,103300,728.0
2025-05-19,729.0,734.0,723.0,734.0,58900,734.0
2025-05-20,744.0,750.0,728.0,728.0,40400,728.0
2025-05-21,732.0,733.0,724.0,724.0,33400,724.0
2025-05-22,721.0,726.0,717.0,719.0,53800,719.0
2025-05-23,722.0,730.0,720.0,726.0,32500,726.0
2025-05-26,726.0,730.0,724.0,729.0,18500,729.0
2025-05-27,733.0,741.0,733.0,735.0,28100,735.0
2025-05-28,740.0,752.0,734.0,734.0,48300,734.0
2025-05-29,736.0,749.0,734.0,738.0,31300,738.0
2025-05-30,738.0,739.0,735.0,737.0,12300,737.0
2025-06-02,740.0,750.0,740.0,750.0,40400,750.0
2025-06-03,754.0,766.0,751.0,761.0,36000,761.0
2025-06-04,767.0,777.0,763.0,777.0,28100,777.0
2025-06-05,780.0,789.0,767.0,767.0,35000,767.0
2025-06-06,778.0,783.0,778.0,780.0,40900,780.0
2025-06-09,779.0,788.0,762.0,763.0,32600,763.0
2025-06-10,762.0,773.0,759.0,760.0,28800,760.0
2025-06-11,763.0,774.0,763.0,774.0,27200,774.0
2025-06-12,774.0,785.0,774.0,779.0,29600,779.0
2025-06-13,786.0,790.0,776.0,777.0,40900,777.0
2025-06-16,784.0,798.0,784.0,791.0,34000,791.0
2025-06-17,789.0,800.0,786.0,793.0,29900,793.0
2025-06-18,788.0,808.0,788.0,793.0,48700,793.0
2025-06-19,787.0,789.0,779.0,785.0,17900,785.0
2025-06-20,777.0,777.0,767.0,767.0,48700,767.0
2025-06-23,771.0,771.0,758.0,758.0,17300,758.0
2025-06-24,770.0,774.0,765.0,770.0,41500,770.0
2025-06-25,772.0,772.0,761.0,770.0,23500,770.0
2025-06-26,771.0,772.0,762.0,767.0,28600,767.0
2025-06-27,770.0,772.0,763.0,770.0,31800,770.0
2025-06-30,770.0,771.0,759.0,759.0,24300,759.0
2025-07-01,761.0,762.0,753.0,753.0,13200,753.0
2025-07-02,758.0,761.0,753.0,756.0,14700,756.0
2025-07-03,761.0,761.0,751.0,751.0,17700,751.0
2025-07-04,756.0,758.0,752.0,758.0,12900,758.0
2025-07-07,751.0,753.0,748.0,751.0,21300,751.0
2025-07-08,761.0,761.0,751.0,754.0,44600,754.0
2025-07-09,757.0,761.0,754.0,759.0,33600,759.0
2025-07-10,756.0,760.0,750.0,752.0,37500,752.0
2025-07-11,759.0,760.0,752.0,759.0,23500,759.0
2025-07-14,760.0,766.0,757.0,757.0,28600,757.0
2025-07-15,757.0,757.0,748.0,748.0,22000,748.0
2025-07-16,752.0,757.0,749.0,749.0,16200,749.0
2025-07-17,749.0,750.0,746.0,750.0,17000,750.0
2025-07-18,752.0,752.0,748.0,748.0,11900,748.0
2025-07-22,758.0,772.0,756.0,765.0,43400,765.0
2025-07-23,756.0,768.0,756.0,768.0,39800,768.0
2025-07-24,769.0,772.0,766.0,770.0,31800,770.0
2025-07-25,773.0,778.0,769.0,778.0,19800,778.0
2025-07-28,784.0,784.0,774.0,776.0,19800,776.0
2025-07-29,775.0,775.0,769.0,771.0,13800,771.0
2025-07-30,771.0,776.0,769.0,772.0,12300,772.0
2025-07-31,770.0,777.0,770.0,777.0,15200,777.0
2025-08-01,777.0,781.0,773.0,779.0,17100,779.0
2025-08-04,781.0,786.0,778.0,785.0,21800,785.0
2025-08-05,785.0,792.0,783.0,783.0,24600,783.0
2025-08-06,783.0,789.0,783.0,789.0,12300,789.0
2025-08-07,790.0,794.0,786.0,789.0,18700,789.0
2025-08-08,794.0,794.0,786.0,787.0,24900,787.0
2025-08-12,817.0,818.0,800.0,813.0,74000,813.0
2025-08-13,808.0,808.0,802.0,805.0,24300,805.0
2025-08-14,805.0,805.0,795.0,801.0,22700,801.0
2025-08-15,796.0,802.0,794.0,802.0,15400,802.0
2025-08-18,802.0,806.0,801.0,801.0,15100,801.0
2025-08-19,801.0,810.0,801.0,807.0,23400,807.0
2025-08-20,807.0,813.0,801.0,803.0,21000,803.0
2025-08-21,808.0,809.0,801.0,801.0,12200,801.0
2025-08-22,808.0,808.0,798.0,801.0,18300,801.0
2025-08-25,808.0,808.0,798.0,804.0,17200,804.0
2025-08-26,806.0,806.0,800.0,804.0,17300,804.0
2025-08-27,800.0,801.0,797.0,799.0,15200,799.0
2025-08-28,802.0,802.0,795.0,798.0,13200,798.0
2025-08-29,798.0,799.0,791.0,792.0,14000,792.0
2025-09-01,795.0,797.0,792.0,797.0,13200,797.0
2025-09-02,800.0,802.0,792.0,792.0,21300,792.0
2025-09-03,792.0,794.0,790.0,790.0,17400,790.0
2025-09-04,792.0,797.0,789.0,795.0,25400,795.0
2025-09-05,799.0,805.0,794.0,804.0,34400,804.0
2025-09-08,805.0,821.0,805.0,821.0,40800,821.0
2025-09-09,822.0,831.0,821.0,823.0,23300,823.0
2025-09-10,825.0,836.0,825.0,832.0,26300,832.0
2025-09-11,823.0,829.0,821.0,821.0,13100,821.0
2025-09-12,821.0,821.0,810.0,810.0,22300,810.0
2025-09-16,810.0,820.0,807.0,820.0,16000,820.0
2025-09-17,816.0,816.0,805.0,812.0,18400,812.0
2025-09-18,812.0,812.0,802.0,810.0,18200,810.0
2025-09-19,811.0,815.0,803.0,806.0,25700,806.0
2025-09-22,809.0,812.0,807.0,808.0,13000,808.0
2025-09-24,809.0,823.0,809.0,820.0,37000,820.0
2025-09-25,829.0,829.0,822.0,828.0,23700,828.0
2025-09-26,832.0,837.0,824.0,836.0,50100,836.0
2025-09-29,845.0,845.0,812.0,812.0,36700,812.0
2025-09-30,812.0,822.0,805.0,821.0,23300,821.0
2025-10-01,821.0,821.0,798.0,798.0,25800,798.0
2025-10-02,800.0,800.0,787.0,788.0,19700,788.0
2025-10-03,791.0,798.0,790.0,790.0,9500,790.0
2025-10-06,850.0,879.0,824.0,871.0,148000,871.0
2025-10-07,880.0,894.0,858.0,876.0,84300,876.0
2025-10-08,880.0,881.0,855.0,856.0,34200,856.0
2025-10-09,854.0,877.0,854.0,875.0,33100,875.0
2025-10-10,860.0,872.0,846.0,851.0,38700,851.0
2025-10-14,840.0,842.0,820.0,834.0,39400,834.0
2025-10-15,846.0,849.0,833.0,837.0,19300,837.0
2025-10-16,839.0,844.0,834.0,835.0,14700,835.0
2025-10-17,836.0,845.0,834.0,834.0,17500,834.0
2025-10-20,851.0,872.0,841.0,869.0,48800,869.0
2025-10-21,870.0,883.0,863.0,879.0,56300,879.0
2025-10-22,894.0,916.0,875.0,882.0,84100,882.0
2025-10-23,880.0,889.0,869.0,883.0,44500,883.0
2025-10-24,890.0,890.0,875.0,879.0,26500,879.0
2025-10-27,891.0,892.0,874.0,881.0,24900,881.0
2025-10-28,871.0,871.0,843.0,845.0,26300,845.0
2025-10-29,845.0,850.0,818.0,822.0,47300,822.0
2025-10-30,832.0,843.0,828.0,831.0,154100,831.0
2025-10-31,838.0,841.0,820.0,830.0,29900,830.0
2025-11-04,836.0,837.0,824.0,826.0,21400,826.0
2025-11-05,823.0,832.0,815.0,823.0,34400,823.0
2025-11-06,819.0,829.0,815.0,824.0,16100,824.0
2025-11-07,820.0,828.0,818.0,820.0,19900,820.0
2025-11-10,970.0,970.0,970.0,970.0,17500,970.0
2025-11-11,1120.0,1120.0,1120.0,1120.0,42900,1120.0
2025-11-12,1217.0,1217.0,1215.0,1215.0,1176800,1215.0
2025-11-13,1216.0,1216.0,1215.0,1215.0,435300,1215.0
