Date,Open,High,Low,Close,Volume,Adj Close
2007-07-30,163.63,163.63,161.69,163.63,11293,163.63
2007-07-31,173.38,187.99,165.58,167.54,413747,167.54
2007-08-01,168.5,177.27,163.63,165.58,98560,165.58
2007-08-02,166.55,180.2,163.63,167.54,80081,167.54
2007-08-03,168.5,171.42,165.58,171.42,21561,171.42
2007-08-06,170.46,171.42,166.55,166.55,19506,166.55
2007-08-07,168.5,168.5,164.62,165.58,17454,165.58
2007-08-08,166.55,168.5,164.62,164.62,15400,164.62
2007-08-09,164.62,165.58,164.62,165.58,4107,165.58
2007-08-10,165.58,165.58,162.67,165.58,21561,165.58
2007-08-13,166.55,166.55,163.63,164.62,3080,164.62
2007-08-14,166.55,166.55,165.58,166.55,4107,166.55
2007-08-15,167.54,167.54,163.63,163.63,32853,163.63
2007-08-16,163.63,163.63,158.76,160.71,25667,160.71
2007-08-17,160.71,160.71,157.79,159.75,14374,159.75
2007-08-20,167.54,167.54,161.69,161.69,7187,161.69
2007-08-21,161.69,161.69,161.69,161.69,2054,161.69
2007-08-22,161.69,161.69,159.75,159.75,9240,159.75
2007-08-23,160.71,160.71,160.71,160.71,1027,160.71
2007-08-24,162.67,162.67,162.67,162.67,1027,162.67
2007-08-27,160.71,164.62,160.71,164.62,12321,164.62
2007-08-28,160.71,163.63,159.75,163.63,8212,163.63
2007-08-29,158.76,161.69,158.76,159.75,22586,159.75
2007-08-30,159.75,162.67,157.79,162.67,8212,162.67
2007-09-03,160.71,160.71,155.85,158.76,35933,158.76
2007-09-04,155.85,158.76,154.86,155.85,23613,155.85
2007-09-05,155.85,155.85,152.93,153.9,11293,153.9
2007-09-06,153.9,153.9,153.9,153.9,2054,153.9
2007-09-07,154.86,155.85,154.86,154.86,5134,154.86
2007-09-10,153.9,153.9,150.97,152.93,13346,152.93
2007-09-11,150.97,152.93,150.97,152.93,6160,152.93
2007-09-12,151.94,151.94,151.94,151.94,15400,151.94
2007-09-13,151.94,151.94,150.0,150.97,9240,150.97
2007-09-14,150.97,150.97,150.97,150.97,10266,150.97
2007-09-18,150.97,156.82,150.97,151.94,21561,151.94
2007-09-19,151.94,151.94,151.94,151.94,5134,151.94
2007-09-20,150.97,151.94,150.97,151.94,12321,151.94
2007-09-21,150.97,150.97,150.0,150.97,8212,150.97
2007-09-25,150.0,150.97,148.05,149.03,10266,149.03
2007-09-26,149.03,150.97,148.05,150.97,19506,150.97
2007-09-27,150.0,151.94,148.05,151.94,5134,151.94
2007-09-28,152.93,152.93,149.03,151.94,10266,151.94
2007-10-01,150.97,150.97,148.05,150.0,19506,150.0
2007-10-02,150.97,150.97,150.0,150.97,13346,150.97
2007-10-03,150.97,150.97,150.97,150.97,4107,150.97
2007-10-04,153.9,154.86,153.9,154.86,4107,154.86
2007-10-05,154.86,155.85,154.86,155.85,7187,155.85
2007-10-09,156.82,156.82,155.85,156.82,13346,156.82
2007-10-10,156.82,157.79,156.82,157.79,6160,157.79
2007-10-11,157.79,157.79,156.82,157.79,10266,157.79
2007-10-12,156.82,157.79,156.82,157.79,8212,157.79
2007-10-15,158.76,159.75,157.79,159.75,10266,159.75
2007-10-16,160.71,160.71,156.82,156.82,20533,156.82
2007-10-17,156.82,156.82,156.82,156.82,5134,156.82
2007-10-18,156.82,157.79,156.82,157.79,3080,157.79
2007-10-19,157.79,158.76,156.82,156.82,8212,156.82
2007-10-22,155.85,155.85,155.85,155.85,4107,155.85
2007-10-23,155.85,156.82,155.85,156.82,21561,156.82
2007-10-24,156.82,157.79,155.85,157.79,5134,157.79
2007-10-25,154.86,155.85,152.93,155.85,9240,155.85
2007-10-26,154.86,155.85,153.9,155.85,4107,155.85
2007-10-29,155.85,155.85,155.85,155.85,3080,155.85
2007-10-30,156.82,156.82,155.85,155.85,8212,155.85
2007-10-31,155.85,155.85,153.9,153.9,13346,153.9
2007-11-01,157.79,157.79,153.9,157.79,13346,157.79
2007-11-02,156.82,156.82,152.93,153.9,3080,153.9
2007-11-05,157.79,157.79,157.79,157.79,2054,157.79
2007-11-06,156.82,156.82,155.85,155.85,3080,155.85
2007-11-07,158.76,169.48,156.82,160.71,98560,160.71
2007-11-08,158.76,158.76,153.9,157.79,24640,157.79
2007-11-09,155.85,155.85,155.85,155.85,2054,155.85
2007-11-12,155.85,155.85,152.93,152.93,18480,152.93
2007-11-13,153.9,154.86,153.9,153.9,7187,153.9
2007-11-14,154.86,155.85,154.86,154.86,9240,154.86
2007-11-15,155.85,155.85,154.86,154.86,19506,154.86
2007-11-16,154.86,155.85,153.9,153.9,15400,153.9
2007-11-19,153.9,154.86,151.94,153.9,16428,153.9
2007-11-20,151.94,153.9,150.97,153.9,16428,153.9
2007-11-21,151.94,152.93,150.97,150.97,17454,150.97
2007-11-22,150.97,152.93,150.97,152.93,11293,152.93
2007-11-26,152.93,152.93,151.94,152.93,9240,152.93
2007-11-27,152.93,152.93,151.94,152.93,7187,152.93
2007-11-28,152.93,152.93,151.94,152.93,5134,152.93
2007-11-29,152.93,152.93,152.93,152.93,14374,152.93
2007-11-30,152.93,152.93,152.93,152.93,5134,152.93
2007-12-03,152.93,154.86,152.93,154.86,7187,154.86
2007-12-04,154.86,154.86,152.93,152.93,17454,152.93
2007-12-05,153.9,154.86,152.93,154.86,4107,154.86
2007-12-06,154.86,154.86,153.9,153.9,7187,153.9
2007-12-07,153.9,153.9,152.93,153.9,10266,153.9
2007-12-10,154.86,155.85,152.93,155.85,16428,155.85
2007-12-11,155.85,156.82,155.85,156.82,8212,156.82
2007-12-12,155.85,158.76,155.85,158.76,10266,158.76
2007-12-13,158.76,158.76,156.82,156.82,14374,156.82
2007-12-14,156.82,157.79,154.86,154.86,12321,154.86
2007-12-17,154.86,155.85,154.86,155.85,25667,155.85
2007-12-18,155.85,155.85,154.86,155.85,5134,155.85
2007-12-19,154.86,156.82,153.9,154.86,20533,154.86
2007-12-20,154.86,154.86,152.93,153.9,23613,153.9
2007-12-21,153.9,153.9,151.94,152.93,21561,152.93
2007-12-25,151.94,152.93,151.94,152.93,15400,152.93
2007-12-26,153.9,154.86,151.94,152.93,11293,152.93
2007-12-27,150.97,152.93,150.97,151.94,25667,151.94
2007-12-28,151.94,151.94,151.94,151.94,3080,151.94
2008-01-04,151.94,151.94,151.94,151.94,7187,151.94
2008-01-07,152.93,152.93,150.97,150.97,14374,150.97
2008-01-08,150.97,152.93,150.97,150.97,15400,150.97
2008-01-09,150.97,150.97,150.97,150.97,14374,150.97
2008-01-10,151.94,152.93,150.97,152.93,8212,152.93
2008-01-11,151.94,151.94,150.97,151.94,18480,151.94
2008-01-15,151.94,151.94,150.97,150.97,33879,150.97
2008-01-16,150.97,150.97,148.05,148.05,26694,148.05
2008-01-17,146.11,148.05,146.11,148.05,16428,148.05
2008-01-18,146.11,150.97,146.11,150.0,28746,150.0
2008-01-21,147.08,150.0,146.11,150.0,11293,150.0
2008-01-22,146.11,147.08,144.16,144.16,28746,144.16
2008-01-23,145.13,147.08,145.13,147.08,16428,147.08
2008-01-24,147.08,149.03,146.11,147.08,13346,147.08
2008-01-25,148.05,149.03,147.08,148.05,17454,148.05
2008-01-28,148.05,150.0,148.05,150.0,14374,150.0
2008-01-29,150.0,150.97,148.05,150.0,20533,150.0
2008-01-30,150.0,150.0,147.08,147.08,17454,147.08
2008-01-31,148.05,150.0,148.05,150.0,5134,150.0
2008-02-01,150.0,150.0,147.08,148.05,28746,148.05
2008-02-04,150.0,150.0,148.05,150.0,10266,150.0
2008-02-05,150.0,150.0,148.05,150.0,18480,150.0
2008-02-06,148.05,149.03,148.05,148.05,8212,148.05
2008-02-07,149.03,149.03,148.05,148.05,11293,148.05
2008-02-08,149.03,150.0,148.05,149.03,15400,149.03
2008-02-12,149.03,150.0,148.05,149.03,14374,149.03
2008-02-13,150.0,150.0,149.03,149.03,11293,149.03
2008-02-14,149.03,150.0,149.03,150.0,16428,150.0
2008-02-15,150.0,150.0,149.03,150.0,30800,150.0
2008-02-18,150.0,150.0,150.0,150.0,8212,150.0
2008-02-19,150.0,150.0,137.33,144.16,119093,144.16
2008-02-20,148.05,148.05,147.08,147.08,15400,147.08
2008-02-21,147.08,149.03,146.11,148.05,21561,148.05
2008-02-22,148.05,148.05,146.11,148.05,28746,148.05
2008-02-25,150.0,150.0,149.03,149.03,23613,149.03
2008-02-26,149.03,150.97,149.03,150.0,18480,150.0
2008-02-27,150.0,150.0,149.03,149.03,20533,149.03
2008-02-28,149.03,150.0,148.05,150.0,20533,150.0
2008-02-29,150.0,150.0,149.03,149.03,15400,149.03
2008-03-03,149.03,150.0,147.08,150.0,25667,150.0
2008-03-04,150.0,150.0,149.03,150.0,15400,150.0
2008-03-05,150.0,150.0,148.05,149.03,21561,149.03
2008-03-06,149.03,150.0,149.03,150.0,10266,150.0
2008-03-07,149.03,150.0,148.05,148.05,24640,148.05
2008-03-10,149.03,150.0,147.08,148.05,23613,148.05
2008-03-11,148.05,149.03,147.08,149.03,24640,149.03
2008-03-12,150.0,150.0,149.03,150.0,17454,150.0
2008-03-13,150.0,150.0,148.05,149.03,15400,149.03
2008-03-14,149.03,149.03,147.08,147.08,31827,147.08
2008-03-17,147.08,149.03,147.08,147.08,45173,147.08
2008-03-18,148.05,149.03,147.08,148.05,27720,148.05
2008-03-19,148.05,149.03,147.08,149.03,31827,149.03
2008-03-21,148.05,149.03,147.08,149.03,45173,149.03
2008-03-24,149.03,150.0,149.03,150.0,70840,150.0
2008-03-25,150.0,151.94,150.0,151.94,87268,151.94
2008-03-26,143.19,143.19,132.46,136.37,79053,136.37
2008-03-27,136.37,137.33,135.39,136.37,16428,136.37
2008-03-28,136.37,136.37,134.41,134.41,11293,134.41
2008-03-31,132.46,133.44,131.5,133.44,22586,133.44
2008-04-01,133.44,134.41,127.6,128.57,26694,128.57
2008-04-02,127.6,127.6,126.62,126.62,35933,126.62
2008-04-03,126.62,127.6,123.69,124.68,47227,124.68
2008-04-04,124.68,124.68,123.69,123.69,25667,123.69
2008-04-07,125.65,126.62,123.69,126.62,12321,126.62
2008-04-08,126.62,126.62,124.68,124.68,6160,124.68
2008-04-09,124.68,124.68,122.73,122.73,3080,122.73
2008-04-10,123.69,123.69,121.75,122.73,16428,122.73
2008-04-11,121.75,121.75,120.78,120.78,15400,120.78
2008-04-14,119.81,119.81,117.86,117.86,11293,117.86
2008-04-15,117.86,120.78,117.86,120.78,10266,120.78
2008-04-16,122.73,122.73,120.78,120.78,5134,120.78
2008-04-17,123.69,123.69,122.73,122.73,7187,122.73
2008-04-18,123.69,124.68,123.69,123.69,14374,123.69
2008-04-21,124.68,128.57,124.68,128.57,20533,128.57
2008-04-22,128.57,128.57,126.62,126.62,6160,126.62
2008-04-23,125.65,125.65,122.73,123.69,6160,123.69
2008-04-24,123.69,124.68,120.78,120.78,18480,120.78
2008-04-25,121.75,121.75,120.78,121.75,3080,121.75
2008-04-28,121.75,123.69,121.75,122.73,7187,122.73
2008-04-30,122.73,122.73,120.78,121.75,9240,121.75
2008-05-01,121.75,121.75,120.78,121.75,4107,121.75
2008-05-02,120.78,122.73,120.78,122.73,9240,122.73
2008-05-07,122.73,123.69,122.73,123.69,8212,123.69
2008-05-08,123.69,125.65,122.73,125.65,17454,125.65
2008-05-09,125.65,125.65,124.68,124.68,3080,124.68
2008-05-12,125.65,125.65,125.65,125.65,2054,125.65
2008-05-13,125.65,125.65,124.68,124.68,17454,124.68
2008-05-14,123.69,124.68,123.69,124.68,3080,124.68
2008-05-15,125.65,140.25,125.65,126.62,154000,126.62
2008-05-16,127.6,130.52,127.6,129.54,17454,129.54
2008-05-19,129.54,131.5,129.54,130.52,7187,130.52
2008-05-20,131.5,131.5,129.54,129.54,39013,129.54
2008-05-21,128.57,128.57,126.62,127.6,11293,127.6
2008-05-22,124.68,124.68,124.68,124.68,3080,124.68
2008-05-23,125.65,127.6,124.68,124.68,4107,124.68
2008-05-26,127.6,127.6,123.69,126.62,14374,126.62
2008-05-27,125.65,125.65,124.68,125.65,5134,125.65
2008-05-28,124.68,124.68,122.73,124.68,13346,124.68
2008-05-29,124.68,124.68,124.68,124.68,10266,124.68
2008-05-30,123.69,123.69,122.73,122.73,10266,122.73
2008-06-02,124.68,124.68,123.69,123.69,6160,123.69
2008-06-03,122.73,124.68,122.73,124.68,9240,124.68
2008-06-04,124.68,124.68,124.68,124.68,1027,124.68
2008-06-05,124.68,125.65,123.69,123.69,4107,123.69
2008-06-06,124.68,124.68,123.69,124.68,13346,124.68
2008-06-09,123.69,123.69,123.69,123.69,3080,123.69
2008-06-10,123.69,124.68,123.69,123.69,17454,123.69
2008-06-11,123.69,123.69,122.73,122.73,10266,122.73
2008-06-12,122.73,122.73,121.75,121.75,14374,121.75
2008-06-13,120.78,121.75,120.78,121.75,15400,121.75
2008-06-16,121.75,123.69,121.75,122.73,6160,122.73
2008-06-17,123.69,124.68,123.69,124.68,9240,124.68
2008-06-18,125.65,126.62,125.65,126.62,10266,126.62
2008-06-19,126.62,126.62,124.68,124.68,19506,124.68
2008-06-20,123.69,123.69,122.73,122.73,4107,122.73
2008-06-23,123.69,123.69,121.75,123.69,14374,123.69
2008-06-24,122.73,122.73,121.75,122.73,16428,122.73
2008-06-25,122.73,122.73,121.75,121.75,4107,121.75
2008-06-26,122.73,122.73,122.73,122.73,4107,122.73
2008-06-27,121.75,121.75,121.75,121.75,7187,121.75
2008-06-30,120.78,121.75,120.78,121.75,16428,121.75
2008-07-01,120.78,121.75,119.81,120.78,14374,120.78
2008-07-02,120.78,120.78,119.81,120.78,11293,120.78
2008-07-03,120.78,120.78,118.83,120.78,10266,120.78
2008-07-04,118.83,119.81,118.83,118.83,7187,118.83
2008-07-07,120.78,120.78,119.81,119.81,15400,119.81
2008-07-08,119.81,119.81,119.81,119.81,7187,119.81
2008-07-09,119.81,119.81,118.83,118.83,4107,118.83
2008-07-10,118.83,119.81,117.86,118.83,17454,118.83
2008-07-11,118.83,118.83,117.86,117.86,10266,117.86
2008-07-14,116.87,117.86,116.87,116.87,20533,116.87
2008-07-15,116.87,116.87,116.87,116.87,10266,116.87
2008-07-16,116.87,116.87,116.87,116.87,24640,116.87
2008-07-17,117.86,117.86,116.87,116.87,7187,116.87
2008-07-18,117.86,118.83,116.87,117.86,9240,117.86
2008-07-22,117.86,118.83,117.86,117.86,25667,117.86
2008-07-23,117.86,117.86,117.86,117.86,5134,117.86
2008-07-24,117.86,117.86,117.86,117.86,2054,117.86
2008-07-25,116.87,116.87,114.94,115.91,19506,115.91
2008-07-28,115.91,115.91,115.91,115.91,22586,115.91
2008-07-29,115.91,115.91,115.91,115.91,7187,115.91
2008-07-30,114.94,116.87,114.94,115.91,19506,115.91
2008-07-31,114.94,115.91,114.94,115.91,5134,115.91
2008-08-01,116.87,116.87,114.94,115.91,11293,115.91
2008-08-04,115.91,115.91,114.94,114.94,9240,114.94
2008-08-05,114.94,114.94,113.96,113.96,12321,113.96
2008-08-06,113.96,113.96,112.99,112.99,10266,112.99
2008-08-07,112.99,113.96,112.01,112.99,8212,112.99
2008-08-08,112.99,112.99,111.04,112.01,9240,112.01
2008-08-11,111.04,111.04,102.27,107.15,28746,107.15
2008-08-12,107.15,107.15,104.23,104.23,12321,104.23
2008-08-13,103.25,103.25,103.25,103.25,8212,103.25
2008-08-14,103.25,104.23,103.25,103.25,4107,103.25
2008-08-15,104.23,105.19,104.23,104.23,8212,104.23
2008-08-18,104.23,105.19,104.23,105.19,23613,105.19
2008-08-20,105.19,105.19,105.19,105.19,7187,105.19
2008-08-21,105.19,105.19,105.19,105.19,4107,105.19
2008-08-22,105.19,105.19,105.19,105.19,6160,105.19
2008-08-25,105.19,105.19,104.23,104.23,4107,104.23
2008-08-26,103.25,104.23,103.25,103.25,15400,103.25
2008-08-27,102.27,102.27,102.27,102.27,4107,102.27
2008-08-28,102.27,103.25,102.27,103.25,9240,103.25
2008-08-29,103.25,103.25,102.27,103.25,8212,103.25
2008-09-01,102.27,102.27,102.27,102.27,10266,102.27
2008-09-02,101.31,102.27,101.31,101.31,5134,101.31
2008-09-03,101.31,102.27,101.31,102.27,4107,102.27
2008-09-04,102.27,103.25,101.31,103.25,8212,103.25
2008-09-05,102.27,103.25,101.31,103.25,6160,103.25
2008-09-08,103.25,103.25,102.27,103.25,4107,103.25
2008-09-09,103.25,103.25,101.31,101.31,31827,101.31
2008-09-10,99.354,101.31,99.354,101.31,7187,101.31
2008-09-11,101.31,101.31,101.31,101.31,4107,101.31
2008-09-12,99.354,101.31,99.354,100.32,8212,100.32
2008-09-16,100.32,101.31,100.32,100.32,19506,100.32
2008-09-17,100.32,100.32,99.354,99.354,13346,99.354
2008-09-18,98.376,98.376,96.429,96.429,22586,96.429
2008-09-19,97.403,97.403,97.403,97.403,7187,97.403
2008-09-22,99.354,100.32,99.354,99.354,14374,99.354
2008-09-24,100.32,100.32,94.48,96.429,36961,96.429
2008-09-25,96.429,97.403,95.455,95.455,15400,95.455
2008-09-26,96.429,96.429,94.48,95.455,18480,95.455
2008-09-29,95.455,97.403,95.455,97.403,5134,97.403
2008-09-30,94.48,97.403,93.506,97.403,10266,97.403
2008-10-01,99.354,99.354,95.455,96.429,6160,96.429
2008-10-02,96.429,96.429,95.455,95.455,6160,95.455
2008-10-03,95.455,95.455,90.585,94.48,22586,94.48
2008-10-06,94.48,94.48,89.61,90.585,17454,90.585
2008-10-07,71.104,75.973,68.182,74.026,85214,74.026
2008-10-08,74.026,76.948,70.13,75.973,23613,75.973
2008-10-09,71.104,79.87,71.104,78.897,15400,78.897
2008-10-10,73.052,75.973,70.13,72.078,43120,72.078
2008-10-14,79.87,89.61,79.87,85.713,26694,85.713
2008-10-15,87.663,88.636,85.713,85.713,31827,85.713
2008-10-16,82.792,86.688,81.818,86.688,10266,86.688
2008-10-17,87.663,89.61,87.663,89.61,7187,89.61
2008-10-20,91.559,92.532,89.61,90.585,13346,90.585
2008-10-21,92.532,94.48,90.585,90.585,10266,90.585
2008-10-22,90.585,90.585,89.61,89.61,6160,89.61
2008-10-23,87.663,88.636,85.713,88.636,5134,88.636
2008-10-24,87.663,87.663,83.767,84.74,26694,84.74
2008-10-27,80.844,87.663,80.844,83.767,9240,83.767
2008-10-28,81.818,86.688,81.818,86.688,11293,86.688
2008-10-29,86.688,90.585,86.688,86.688,22586,86.688
2008-10-30,90.585,93.506,84.74,93.506,23613,93.506
2008-10-31,94.48,94.48,93.506,93.506,4107,93.506
2008-11-04,94.48,94.48,89.61,92.532,16428,92.532
2008-11-05,92.532,92.532,90.585,92.532,8212,92.532
2008-11-06,91.559,91.559,90.585,90.585,13346,90.585
2008-11-07,89.61,90.585,89.61,90.585,6160,90.585
2008-11-10,91.559,91.559,90.585,90.585,6160,90.585
2008-11-11,90.585,90.585,90.585,90.585,4107,90.585
2008-11-12,90.585,91.559,90.585,90.585,3080,90.585
2008-11-13,90.585,91.559,89.61,91.559,14374,91.559
2008-11-14,92.532,92.532,91.559,91.559,3080,91.559
2008-11-17,91.559,91.559,90.585,91.559,23613,91.559
2008-11-18,91.559,91.559,89.61,89.61,11293,89.61
2008-11-19,90.585,90.585,89.61,89.61,9240,89.61
2008-11-20,89.61,90.585,88.636,88.636,6160,88.636
2008-11-21,89.61,90.585,88.636,88.636,15400,88.636
2008-11-25,89.61,89.61,87.663,87.663,21561,87.663
2008-11-26,88.636,89.61,88.636,88.636,10266,88.636
2008-11-27,89.61,89.61,89.61,89.61,3080,89.61
2008-11-28,89.61,89.61,89.61,89.61,13346,89.61
2008-12-01,89.61,89.61,89.61,89.61,8212,89.61
2008-12-02,88.636,89.61,88.636,89.61,5134,89.61
2008-12-03,87.663,87.663,87.663,87.663,17454,87.663
2008-12-04,87.663,87.663,86.688,87.663,6160,87.663
2008-12-05,87.663,87.663,86.688,86.688,5134,86.688
2008-12-08,86.688,87.663,86.688,86.688,9240,86.688
2008-12-09,87.663,87.663,85.713,85.713,11293,85.713
2008-12-10,87.663,87.663,85.713,86.688,11293,86.688
2008-12-11,85.713,87.663,85.713,85.713,25667,85.713
2008-12-12,85.713,86.688,85.713,86.688,8212,86.688
2008-12-15,86.688,88.636,86.688,88.636,39013,88.636
2008-12-16,88.636,95.455,88.636,95.455,29774,95.455
2008-12-17,93.506,93.506,89.61,89.61,21561,89.61
2008-12-18,90.585,90.585,88.636,89.61,13346,89.61
2008-12-19,88.636,88.636,87.663,88.636,10266,88.636
2008-12-22,88.636,88.636,88.636,88.636,4107,88.636
2008-12-24,88.636,88.636,87.663,87.663,11293,87.663
2008-12-25,87.663,87.663,85.713,86.688,31827,86.688
2008-12-26,87.663,89.61,87.663,89.61,13346,89.61
2008-12-29,90.585,92.532,87.663,91.559,11293,91.559
2008-12-30,91.559,92.532,90.585,92.532,9240,92.532
2009-01-05,93.506,93.506,92.532,92.532,11293,92.532
2009-01-06,94.48,94.48,91.559,92.532,18480,92.532
2009-01-07,93.506,93.506,91.559,91.559,13346,91.559
2009-01-08,92.532,93.506,91.559,91.559,12321,91.559
2009-01-09,90.585,92.532,90.585,92.532,19506,92.532
2009-01-13,91.559,93.506,91.559,93.506,9240,93.506
2009-01-14,92.532,93.506,92.532,93.506,14374,93.506
2009-01-15,93.506,94.48,93.506,93.506,26694,93.506
2009-01-16,94.48,94.48,93.506,94.48,12321,94.48
2009-01-19,94.48,95.455,94.48,95.455,4107,95.455
2009-01-20,95.455,95.455,93.506,93.506,19506,93.506
2009-01-21,92.532,94.48,92.532,94.48,5134,94.48
2009-01-22,93.506,94.48,93.506,94.48,9240,94.48
2009-01-23,94.48,94.48,93.506,93.506,9240,93.506
2009-01-26,93.506,94.48,93.506,94.48,6160,94.48
2009-01-27,94.48,95.455,92.532,92.532,13346,92.532
2009-01-28,93.506,93.506,92.532,93.506,20533,93.506
2009-01-29,92.532,93.506,91.559,93.506,13346,93.506
2009-01-30,92.532,94.48,89.61,91.559,37986,91.559
2009-02-02,94.48,94.48,93.506,93.506,13346,93.506
2009-02-03,94.48,94.48,94.48,94.48,6160,94.48
2009-02-04,94.48,94.48,93.506,93.506,7187,93.506
2009-02-05,92.532,95.455,92.532,94.48,7187,94.48
2009-02-06,92.532,93.506,92.532,93.506,17454,93.506
2009-02-09,94.48,94.48,93.506,94.48,5134,94.48
2009-02-10,93.506,93.506,92.532,92.532,10266,92.532
2009-02-12,93.506,93.506,92.532,93.506,9240,93.506
2009-02-13,93.506,93.506,93.506,93.506,4107,93.506
2009-02-16,93.506,94.48,93.506,93.506,6160,93.506
2009-02-17,94.48,94.48,93.506,94.48,15400,94.48
2009-02-18,94.48,95.455,91.559,93.506,52361,93.506
2009-02-19,93.506,93.506,91.559,93.506,15400,93.506
2009-02-20,93.506,94.48,93.506,94.48,9240,94.48
2009-02-23,93.506,93.506,92.532,93.506,14374,93.506
2009-02-24,93.506,93.506,92.532,93.506,16428,93.506
2009-02-25,93.506,94.48,92.532,94.48,10266,94.48
2009-02-26,94.48,95.455,94.48,94.48,11293,94.48
2009-02-27,94.48,96.429,94.48,94.48,37986,94.48
2009-03-02,94.48,95.455,94.48,95.455,15400,95.455
2009-03-03,95.455,95.455,94.48,94.48,34907,94.48
2009-03-04,94.48,95.455,94.48,94.48,22586,94.48
2009-03-05,94.48,96.429,94.48,95.455,22586,95.455
2009-03-06,96.429,96.429,93.506,93.506,54414,93.506
2009-03-09,96.429,96.429,94.48,95.455,15400,95.455
2009-03-10,96.429,96.429,94.48,94.48,26694,94.48
2009-03-11,95.455,95.455,94.48,94.48,28746,94.48
2009-03-12,95.455,95.455,94.48,94.48,10266,94.48
2009-03-13,95.455,96.429,94.48,95.455,17454,95.455
2009-03-16,94.48,94.48,93.506,94.48,43120,94.48
2009-03-17,94.48,94.48,93.506,94.48,27720,94.48
2009-03-18,94.48,94.48,94.48,94.48,77001,94.48
2009-03-19,94.48,95.455,94.48,95.455,35933,95.455
2009-03-23,96.429,97.403,95.455,95.455,86240,95.455
2009-03-24,96.429,97.403,96.429,96.429,70840,96.429
2009-03-25,97.403,102.27,97.403,101.31,95480,101.31
2009-03-26,88.636,90.585,85.713,90.585,123200,90.585
2009-03-27,89.61,90.585,88.636,88.636,42095,88.636
2009-03-30,90.585,90.585,88.636,89.61,12321,89.61
2009-03-31,88.636,88.636,87.663,87.663,24640,87.663
2009-04-01,87.663,87.663,80.844,84.74,77001,84.74
2009-04-02,82.792,83.767,77.922,83.767,88293,83.767
2009-04-03,83.767,83.767,80.844,80.844,29774,80.844
2009-04-06,80.844,82.792,80.844,82.792,16428,82.792
2009-04-07,82.792,82.792,80.844,80.844,23613,80.844
2009-04-08,79.87,80.844,79.87,79.87,12321,79.87
2009-04-09,79.87,79.87,78.897,79.87,27720,79.87
2009-04-10,79.87,81.818,78.897,79.87,51333,79.87
2009-04-13,80.844,81.818,80.844,80.844,8212,80.844
2009-04-14,81.818,81.818,80.844,81.818,9240,81.818
2009-04-15,81.818,82.792,81.818,82.792,11293,82.792
2009-04-16,83.767,83.767,82.792,82.792,21561,82.792
2009-04-17,83.767,83.767,81.818,81.818,21561,81.818
2009-04-20,82.792,82.792,80.844,81.818,9240,81.818
2009-04-21,80.844,80.844,79.87,80.844,14374,80.844
2009-04-22,79.87,80.844,79.87,79.87,15400,79.87
2009-04-23,79.87,79.87,78.897,79.87,15400,79.87
2009-04-24,79.87,79.87,78.897,79.87,27720,79.87
2009-04-27,79.87,80.844,79.87,80.844,11293,80.844
2009-04-28,80.844,80.844,78.897,78.897,10266,78.897
2009-04-30,79.87,79.87,78.897,79.87,18480,79.87
2009-05-01,79.87,79.87,78.897,78.897,5134,78.897
2009-05-07,79.87,79.87,78.897,78.897,11293,78.897
2009-05-08,79.87,79.87,78.897,79.87,21561,79.87
2009-05-11,80.844,80.844,79.87,79.87,11293,79.87
2009-05-12,80.844,80.844,79.87,80.844,6160,80.844
2009-05-13,80.844,80.844,79.87,79.87,13346,79.87
2009-05-14,84.74,86.688,82.792,82.792,78027,82.792
2009-05-15,84.74,85.713,83.767,84.74,26694,84.74
2009-05-18,85.713,86.688,84.74,86.688,62626,86.688
2009-05-19,84.74,85.713,84.74,85.713,13346,85.713
2009-05-20,85.713,85.713,84.74,84.74,9240,84.74
2009-05-21,85.713,85.713,84.74,84.74,12321,84.74
2009-05-22,84.74,84.74,82.792,82.792,50307,82.792
2009-05-25,83.767,84.74,83.767,84.74,6160,84.74
2009-05-26,84.74,85.713,83.767,84.74,22586,84.74
2009-05-27,85.713,85.713,82.792,82.792,28746,82.792
2009-05-28,84.74,84.74,83.767,83.767,13346,83.767
2009-05-29,82.792,84.74,82.792,84.74,26694,84.74
2009-06-01,84.74,85.713,84.74,85.713,28746,85.713
2009-06-02,87.663,87.663,86.688,86.688,40040,86.688
2009-06-03,88.636,92.532,87.663,90.585,46200,90.585
2009-06-04,89.61,90.585,88.636,89.61,18480,89.61
2009-06-05,89.61,89.61,87.663,89.61,26694,89.61
2009-06-08,90.585,90.585,89.61,89.61,30800,89.61
2009-06-09,90.585,90.585,89.61,89.61,12321,89.61
2009-06-10,89.61,89.61,88.636,89.61,15400,89.61
2009-06-11,89.61,90.585,88.636,90.585,25667,90.585
2009-06-12,90.585,92.532,90.585,91.559,21561,91.559
2009-06-15,92.532,96.429,92.532,95.455,49280,95.455
2009-06-16,100.32,100.32,95.455,98.376,73920,98.376
2009-06-17,99.354,101.31,99.354,101.31,49280,101.31
2009-06-18,102.27,104.23,102.27,103.25,56466,103.25
2009-06-19,105.19,105.19,104.23,105.19,34907,105.19
2009-06-22,106.16,111.04,105.19,110.07,53387,110.07
2009-06-23,106.16,108.12,106.16,106.16,32853,106.16
2009-06-24,108.12,108.12,104.23,104.23,30800,104.23
2009-06-25,105.19,105.19,104.23,105.19,35933,105.19
2009-06-26,107.15,107.15,105.19,105.19,16428,105.19
2009-06-29,106.16,107.15,106.16,106.16,51333,106.16
2009-06-30,106.16,107.15,104.23,106.16,42095,106.16
2009-07-01,106.16,110.07,105.19,110.07,72893,110.07
2009-07-02,112.01,113.96,109.09,110.07,87268,110.07
2009-07-03,109.09,110.07,108.12,110.07,29774,110.07
2009-07-06,110.07,112.99,110.07,110.07,35933,110.07
2009-07-07,112.99,112.99,110.07,112.01,33879,112.01
2009-07-08,113.96,113.96,110.07,112.01,42095,112.01
2009-07-09,111.04,111.04,108.12,110.07,30800,110.07
2009-07-10,107.15,109.09,106.16,106.16,34907,106.16
2009-07-13,106.16,109.09,101.31,102.27,37986,102.27
2009-07-14,101.31,103.25,100.32,101.31,23613,101.31
2009-07-15,103.25,106.16,101.31,106.16,40040,106.16
2009-07-16,108.12,109.09,107.15,107.15,26694,107.15
2009-07-17,107.15,107.15,104.23,105.19,57493,105.19
2009-07-21,107.15,107.15,105.19,107.15,20533,107.15
2009-07-22,107.15,108.12,106.16,106.16,14374,106.16
2009-07-23,106.16,107.15,106.16,107.15,9240,107.15
2009-07-24,107.15,107.15,107.15,107.15,7187,107.15
2009-07-27,107.15,107.15,105.19,107.15,19506,107.15
2009-07-28,106.16,106.16,105.19,105.19,12321,105.19
2009-07-29,106.16,106.16,105.19,105.19,10266,105.19
2009-07-30,104.23,105.19,103.25,105.19,20533,105.19
2009-07-31,105.19,106.16,105.19,106.16,13346,106.16
2009-08-03,104.23,104.23,100.32,101.31,59136,101.31
2009-08-04,102.27,104.23,102.27,103.25,31621,103.25
2009-08-05,104.23,105.19,102.27,102.27,37884,102.27
2009-08-06,102.27,103.25,101.31,102.27,19609,102.27
2009-08-07,102.27,103.25,101.31,101.31,19199,101.31
2009-08-10,105.19,140.25,105.19,134.41,1622237,134.41
2009-08-11,126.62,130.52,119.81,120.78,380278,120.78
2009-08-12,120.78,127.6,115.91,121.75,247426,121.75
2009-08-13,124.68,124.68,119.81,121.75,123918,121.75
2009-08-14,116.87,116.87,110.07,114.94,306255,114.94
2009-08-17,114.94,114.94,108.12,112.99,174225,112.99
2009-08-18,110.07,112.01,106.16,110.07,120017,110.07
2009-08-19,110.07,111.04,106.16,108.12,75870,108.12
2009-08-20,110.07,110.07,107.15,109.09,67349,109.09
2009-08-21,109.09,110.07,107.15,108.12,72893,108.12
2009-08-24,107.15,108.12,106.16,108.12,65912,108.12
2009-08-25,108.12,110.07,108.12,110.07,28028,110.07
2009-08-26,110.07,110.07,108.12,109.09,106980,109.09
2009-08-27,109.09,110.07,107.15,109.09,123303,109.09
2009-08-28,108.12,109.09,107.15,109.09,42504,109.09
2009-08-31,109.09,111.04,107.15,109.09,62114,109.09
2009-09-01,108.12,109.09,108.12,109.09,25461,109.09
2009-09-02,107.15,109.09,107.15,107.15,56056,107.15
2009-09-03,108.12,109.09,107.15,108.12,33469,108.12
2009-09-04,109.09,109.09,108.12,108.12,28336,108.12
2009-09-07,110.07,110.07,108.12,109.09,62114,109.09
2009-09-08,109.09,111.04,108.12,110.07,52154,110.07
2009-09-09,111.04,111.04,109.09,110.07,42607,110.07
2009-09-10,110.07,113.96,109.09,112.99,92298,112.99
2009-09-11,112.99,112.99,109.09,111.04,71559,111.04
2009-09-14,112.01,112.01,109.09,111.04,35523,111.04
2009-09-15,111.04,112.01,109.09,111.04,28849,111.04
2009-09-16,111.04,111.04,109.09,110.07,28645,110.07
2009-09-17,111.04,111.04,109.09,110.07,28234,110.07
2009-09-18,110.07,110.07,108.12,109.09,40656,109.09
2009-09-24,109.09,109.09,107.15,109.09,59136,109.09
2009-09-25,107.15,108.12,107.15,107.15,21046,107.15
2009-09-28,107.15,108.12,103.25,105.19,66323,105.19
2009-09-29,105.19,106.16,105.19,106.16,20945,106.16
2009-09-30,106.16,107.15,106.16,106.16,8624,106.16
2009-10-01,106.16,107.15,98.376,102.27,125562,102.27
2009-10-02,102.27,102.27,99.354,100.32,46611,100.32
2009-10-05,99.354,100.32,98.376,99.354,40450,99.354
2009-10-06,100.32,103.25,100.32,102.27,29157,102.27
2009-10-07,100.32,103.25,100.32,103.25,21561,103.25
2009-10-08,103.25,104.23,100.32,104.23,23204,104.23
2009-10-09,104.23,107.15,99.354,101.31,100306,101.31
2009-10-13,102.27,104.23,102.27,103.25,39937,103.25
2009-10-14,104.23,104.23,103.25,103.25,15709,103.25
2009-10-15,104.23,106.16,103.25,103.25,43839,103.25
2009-10-16,105.19,105.19,103.25,103.25,33059,103.25
2009-10-19,103.25,105.19,103.25,104.23,35419,104.23
2009-10-20,104.23,104.23,102.27,103.25,18172,103.25
2009-10-21,102.27,103.25,101.31,102.27,35009,102.27
2009-10-22,102.27,103.25,101.31,103.25,42095,103.25
2009-10-23,102.27,105.19,102.27,104.23,21971,104.23
2009-10-26,104.23,106.16,102.27,104.23,23304,104.23
2009-10-27,105.19,105.19,104.23,105.19,32751,105.19
2009-10-28,105.19,105.19,102.27,104.23,53694,104.23
2009-10-29,103.25,104.23,102.27,104.23,37474,104.23
2009-10-30,104.23,104.23,102.27,104.23,41169,104.23
2009-11-02,102.27,104.23,102.27,103.25,35318,103.25
2009-11-04,103.25,104.23,102.27,103.25,42195,103.25
2009-11-05,103.25,104.23,103.25,103.25,17659,103.25
2009-11-06,104.23,104.23,102.27,103.25,18787,103.25
2009-11-09,102.27,102.27,100.32,101.31,57595,101.31
2009-11-10,101.31,102.27,101.31,102.27,14065,102.27
2009-11-11,101.31,102.27,101.31,102.27,33778,102.27
2009-11-12,99.354,99.354,94.48,96.429,185929,96.429
2009-11-13,96.429,97.403,95.455,97.403,32956,97.403
2009-11-16,97.403,97.403,95.455,95.455,31312,95.455
2009-11-17,95.455,97.403,90.585,92.532,82544,92.532
2009-11-18,91.559,91.559,89.61,90.585,49690,90.585
2009-11-19,89.61,90.585,88.636,89.61,40553,89.61
2009-11-20,88.636,91.559,88.636,91.559,25461,91.559
2009-11-24,90.585,90.585,87.663,89.61,48253,89.61
2009-11-25,89.61,90.585,89.61,89.61,9240,89.61
2009-11-26,89.61,90.585,88.636,90.585,12217,90.585
2009-11-27,89.61,90.585,88.636,90.585,19609,90.585
2009-11-30,89.61,90.585,89.61,89.61,13142,89.61
2009-12-01,90.585,91.559,89.61,91.559,20328,91.559
2009-12-02,91.559,92.532,91.559,92.532,14989,92.532
2009-12-03,92.532,94.48,91.559,92.532,64269,92.532
2009-12-04,93.506,95.455,93.506,94.48,46611,94.48
2009-12-07,94.48,97.403,94.48,96.429,53694,96.429
2009-12-08,97.403,98.376,96.429,98.376,29157,98.376
2009-12-09,97.403,98.376,97.403,97.403,76075,97.403
2009-12-10,97.403,98.376,96.429,97.403,36550,97.403
2009-12-11,97.403,97.403,95.455,97.403,24127,97.403
2009-12-14,96.429,97.403,95.455,96.429,17659,96.429
2009-12-15,96.429,97.403,96.429,96.429,24948,96.429
2009-12-16,96.429,97.403,95.455,95.455,16734,95.455
2009-12-17,95.455,96.429,95.455,96.429,26078,96.429
2009-12-18,96.429,96.429,94.48,96.429,25358,96.429
2009-12-21,95.455,97.403,95.455,97.403,10779,97.403
2009-12-22,97.403,97.403,96.429,96.429,27003,96.429
2009-12-24,97.403,97.403,95.455,97.403,58725,97.403
2009-12-25,96.429,97.403,95.455,96.429,18070,96.429
2009-12-28,97.403,97.403,96.429,96.429,16120,96.429
2009-12-29,95.455,97.403,95.455,97.403,46508,97.403
2009-12-30,96.429,97.403,95.455,97.403,36550,97.403
2010-01-04,96.429,98.376,96.429,98.376,29157,98.376
2010-01-05,99.354,100.32,97.403,100.32,42812,100.32
2010-01-06,99.354,99.354,97.403,99.354,28645,99.354
2010-01-07,97.403,98.376,97.403,98.376,57083,98.376
2010-01-08,97.403,99.354,97.403,99.354,54414,99.354
2010-01-12,98.376,99.354,97.403,99.354,68067,99.354
2010-01-13,98.376,99.354,97.403,98.376,24127,98.376
2010-01-14,99.354,100.32,98.376,99.354,42195,99.354
2010-01-15,99.354,100.32,99.354,99.354,31621,99.354
2010-01-18,99.354,99.354,98.376,99.354,41682,99.354
2010-01-19,99.354,100.32,99.354,99.354,26488,99.354
2010-01-20,100.32,101.31,99.354,101.31,19404,101.31
2010-01-21,101.31,102.27,100.32,102.27,47536,102.27
2010-01-22,103.25,103.25,100.32,101.31,56159,101.31
2010-01-25,101.31,101.31,100.32,101.31,19712,101.31
2010-01-26,101.31,101.31,100.32,101.31,15605,101.31
2010-01-27,101.31,101.31,100.32,100.32,31929,100.32
2010-01-28,100.32,102.27,99.354,100.32,102256,100.32
2010-01-29,99.354,99.354,98.376,99.354,33983,99.354
2010-02-01,99.354,99.354,98.376,98.376,36754,98.376
2010-02-02,98.376,98.376,97.403,98.376,44866,98.376
2010-02-03,98.376,98.376,97.403,98.376,15503,98.376
2010-02-04,98.376,98.376,96.429,97.403,83468,97.403
2010-02-05,96.429,98.376,96.429,98.376,30903,98.376
2010-02-08,99.354,99.354,96.429,96.429,23100,96.429
2010-02-09,97.403,97.403,96.429,97.403,17248,97.403
2010-02-10,97.403,98.376,96.429,98.376,47844,98.376
2010-02-12,96.429,98.376,96.429,97.403,12011,97.403
2010-02-15,98.376,98.376,96.429,97.403,46508,97.403
2010-02-16,97.403,97.403,96.429,97.403,11910,97.403
2010-02-17,96.429,97.403,96.429,97.403,18480,97.403
2010-02-18,97.403,97.403,94.48,95.455,148763,95.455
2010-02-19,96.429,96.429,95.455,96.429,23819,96.429
2010-02-22,96.429,96.429,95.455,96.429,26591,96.429
2010-02-23,96.429,97.403,95.455,97.403,34598,97.403
2010-02-24,97.403,97.403,96.429,97.403,21971,97.403
2010-02-25,96.429,97.403,95.455,96.429,124330,96.429
2010-02-26,96.429,96.429,95.455,96.429,25975,96.429
2010-03-01,96.429,96.429,95.455,96.429,59855,96.429
2010-03-02,96.429,97.403,95.455,96.429,37474,96.429
2010-03-03,96.429,96.429,95.455,95.455,45584,95.455
2010-03-04,96.429,97.403,95.455,97.403,39013,97.403
2010-03-05,97.403,97.403,96.429,97.403,22792,97.403
2010-03-08,97.403,99.354,97.403,99.354,46611,99.354
2010-03-09,99.354,99.354,97.403,98.376,26282,98.376
2010-03-10,98.376,98.376,96.429,97.403,81312,97.403
2010-03-11,98.376,98.376,97.403,98.376,10471,98.376
2010-03-12,98.376,98.376,95.455,97.403,155334,97.403
2010-03-15,97.403,97.403,96.429,97.403,48151,97.403
2010-03-16,97.403,97.403,96.429,97.403,36550,97.403
2010-03-17,97.403,97.403,96.429,97.403,29978,97.403
2010-03-18,97.403,97.403,96.429,97.403,56673,97.403
2010-03-19,97.403,98.376,96.429,97.403,72277,97.403
2010-03-23,97.403,97.403,94.48,96.429,258515,96.429
2010-03-24,96.429,96.429,94.48,95.455,142605,95.455
2010-03-25,95.455,96.429,90.585,92.532,301019,92.532
2010-03-26,93.506,94.48,92.532,93.506,637149,93.506
2010-03-29,88.636,92.532,88.636,90.585,354816,90.585
2010-03-30,91.559,92.532,90.585,92.532,75357,92.532
2010-03-31,92.532,92.532,90.585,91.559,37370,91.559
2010-04-01,90.585,91.559,90.585,91.559,56673,91.559
2010-04-02,92.532,92.532,90.585,91.559,40964,91.559
2010-04-05,90.585,92.532,90.585,90.585,58315,90.585
2010-04-06,90.585,91.559,90.585,90.585,26591,90.585
2010-04-07,90.585,91.559,90.585,90.585,77924,90.585
2010-04-08,90.585,91.559,90.585,91.559,40245,91.559
2010-04-09,91.559,91.559,90.585,91.559,38706,91.559
2010-04-12,91.559,92.532,91.559,91.559,59751,91.559
2010-04-13,92.532,93.506,92.532,92.532,51642,92.532
2010-04-14,93.506,93.506,92.532,92.532,40964,92.532
2010-04-15,93.506,93.506,92.532,92.532,34598,92.532
2010-04-16,93.506,93.506,91.559,91.559,45481,91.559
2010-04-19,91.559,91.559,90.585,91.559,51435,91.559
2010-04-20,91.559,92.532,91.559,91.559,13757,91.559
2010-04-21,92.532,94.48,91.559,94.48,118273,94.48
2010-04-22,92.532,93.506,91.559,91.559,111393,91.559
2010-04-23,92.532,93.506,92.532,93.506,15196,93.506
2010-04-26,93.506,94.48,92.532,94.48,45277,94.48
2010-04-27,94.48,94.48,92.532,94.48,31416,94.48
2010-04-28,93.506,93.506,92.532,92.532,14784,92.532
2010-04-30,93.506,93.506,92.532,92.532,31724,92.532
2010-05-06,92.532,92.532,90.585,91.559,54414,91.559
2010-05-07,90.585,91.559,89.61,91.559,118066,91.559
2010-05-10,89.61,91.559,89.61,91.559,30492,91.559
2010-05-11,91.559,91.559,90.585,90.585,31108,90.585
2010-05-12,90.585,90.585,89.61,90.585,17351,90.585
2010-05-13,90.585,91.559,89.61,90.585,24127,90.585
2010-05-14,89.61,90.585,89.61,90.585,14270,90.585
2010-05-17,90.585,91.559,89.61,89.61,41786,89.61
2010-05-18,89.61,90.585,88.636,88.636,40656,88.636
2010-05-19,88.636,89.61,87.663,88.636,54619,88.636
2010-05-20,88.636,89.61,87.663,88.636,12011,88.636
2010-05-21,87.663,87.663,85.713,85.713,62935,85.713
2010-05-24,87.663,87.663,86.688,87.663,32340,87.663
2010-05-25,87.663,87.663,86.688,86.688,19712,86.688
2010-05-26,86.688,86.688,85.713,85.713,19199,85.713
2010-05-27,85.713,86.688,85.713,86.688,15605,86.688
2010-05-28,87.663,88.636,86.688,87.663,20328,87.663
2010-05-31,87.663,89.61,87.663,89.61,23819,89.61
2010-06-01,89.61,89.61,88.636,88.636,20637,88.636
2010-06-02,88.636,89.61,88.636,88.636,16632,88.636
2010-06-03,88.636,90.585,88.636,89.61,23304,89.61
2010-06-04,90.585,90.585,88.636,90.585,19815,90.585
2010-06-07,88.636,89.61,87.663,87.663,64167,87.663
2010-06-08,86.688,88.636,86.688,87.663,15811,87.663
2010-06-09,87.663,88.636,86.688,88.636,13450,88.636
2010-06-10,88.636,88.636,87.663,88.636,5237,88.636
2010-06-11,87.663,88.636,86.688,88.636,9548,88.636
2010-06-14,87.663,87.663,86.688,87.663,34086,87.663
2010-06-15,87.663,87.663,87.663,87.663,27103,87.663
2010-06-16,87.663,87.663,86.688,86.688,10164,86.688
2010-06-17,87.663,87.663,86.688,86.688,11499,86.688
2010-06-18,86.688,87.663,86.688,86.688,7289,86.688
2010-06-21,87.663,88.636,86.688,86.688,11088,86.688
2010-06-22,87.663,87.663,86.688,86.688,11293,86.688
2010-06-23,87.663,87.663,86.688,86.688,48664,86.688
2010-06-24,86.688,87.663,86.688,86.688,20019,86.688
2010-06-25,87.663,87.663,85.713,86.688,16324,86.688
2010-06-28,86.688,87.663,86.688,86.688,24332,86.688
2010-06-29,86.688,87.663,86.688,86.688,33983,86.688
2010-06-30,85.713,86.688,84.74,86.688,64885,86.688
2010-07-01,84.74,86.688,84.74,86.688,18787,86.688
2010-07-02,86.688,86.688,82.792,84.74,79361,84.74
2010-07-05,85.713,85.713,83.767,84.74,40245,84.74
2010-07-06,84.74,84.74,82.792,84.74,32545,84.74
2010-07-07,84.74,84.74,83.767,84.74,19199,84.74
2010-07-08,84.74,84.74,82.792,84.74,35933,84.74
2010-07-09,84.74,84.74,83.767,83.767,10986,83.767
2010-07-12,83.767,84.74,81.818,82.792,99176,82.792
2010-07-13,82.792,83.767,81.818,81.818,75050,81.818
2010-07-14,82.792,82.792,80.844,81.818,60162,81.818
2010-07-15,81.818,82.792,80.844,81.818,64577,81.818
2010-07-16,81.818,81.818,79.87,79.87,93221,79.87
2010-07-20,79.87,79.87,77.922,79.87,44558,79.87
2010-07-21,78.897,78.897,75.973,76.948,86753,76.948
2010-07-22,76.948,77.922,75.973,75.973,42710,75.973
2010-07-23,75.973,77.922,75.973,77.922,16941,77.922
2010-07-26,76.948,78.897,76.948,78.897,13244,78.897
2010-07-27,78.897,78.897,77.922,78.897,10779,78.897
2010-07-28,77.922,79.87,77.922,79.87,16016,79.87
2010-07-29,79.87,79.87,78.897,78.897,6160,78.897
2010-07-30,78.897,79.87,77.922,77.922,16941,77.922
2010-08-02,77.922,78.897,77.922,77.922,8316,77.922
2010-08-03,78.897,78.897,77.922,77.922,15296,77.922
2010-08-04,77.922,79.87,77.922,79.87,31108,79.87
2010-08-05,79.87,80.844,78.897,78.897,17659,78.897
2010-08-06,79.87,79.87,78.897,79.87,15811,79.87
2010-08-09,78.897,79.87,78.897,79.87,18994,79.87
2010-08-10,79.87,79.87,78.897,79.87,17454,79.87
2010-08-11,78.897,79.87,77.922,79.87,16632,79.87
2010-08-12,79.87,79.87,77.922,77.922,73715,77.922
2010-08-13,78.897,78.897,76.948,77.922,21354,77.922
2010-08-16,77.922,77.922,76.948,77.922,61703,77.922
2010-08-17,77.922,77.922,76.948,77.922,19712,77.922
2010-08-18,77.922,77.922,76.948,77.922,20738,77.922
2010-08-19,77.922,77.922,75.973,77.922,13038,77.922
2010-08-20,77.922,77.922,75.973,76.948,9445,76.948
2010-08-23,76.948,76.948,75.973,76.948,17659,76.948
2010-08-24,76.948,76.948,75.973,75.973,22176,75.973
2010-08-25,75.973,76.948,75.973,75.973,15811,75.973
2010-08-26,76.948,76.948,75.973,75.973,12730,75.973
2010-08-27,76.948,76.948,75.973,76.948,6366,76.948
2010-08-30,76.948,77.922,75.973,77.922,20431,77.922
2010-08-31,77.922,77.922,75.973,76.948,41272,76.948
2010-09-01,76.948,76.948,75.973,75.973,12423,75.973
2010-09-02,75.973,77.922,75.973,76.948,10575,76.948
2010-09-03,76.948,77.922,75.973,77.922,6570,77.922
2010-09-06,77.922,77.922,76.948,77.922,26179,77.922
2010-09-07,77.922,78.897,76.948,76.948,13142,76.948
2010-09-08,77.922,77.922,75.973,75.973,37269,75.973
2010-09-09,75.973,76.948,75.973,76.948,6468,76.948
2010-09-10,75.973,77.922,75.973,76.948,48048,76.948
2010-09-13,77.922,77.922,75.973,75.973,37370,75.973
2010-09-14,76.948,76.948,75.973,75.973,27309,75.973
2010-09-15,76.948,77.922,75.973,75.973,33265,75.973
2010-09-16,75.973,76.948,75.973,76.948,10164,76.948
2010-09-17,76.948,77.922,75.973,75.973,39116,75.973
2010-09-21,75.973,76.948,75.973,75.973,11601,75.973
2010-09-22,75.973,92.532,75.973,80.844,1260439,80.844
2010-09-24,77.922,85.713,77.922,79.87,412515,79.87
2010-09-27,79.87,79.87,74.026,75.0,221965,75.0
2010-09-28,75.973,76.948,75.0,75.973,95584,75.973
2010-09-29,75.973,76.948,75.973,75.973,58931,75.973
2010-09-30,76.948,76.948,75.0,75.973,15400,75.973
2010-10-01,75.973,75.973,75.0,75.0,35419,75.0
2010-10-04,75.973,75.973,74.026,74.026,46713,74.026
2010-10-05,73.052,74.026,60.39,63.312,388594,63.312
2010-10-06,55.52,57.467,51.624,53.571,791252,53.571
2010-10-07,51.624,53.571,50.65,52.596,516208,52.596
2010-10-08,53.571,60.39,52.596,55.52,1310335,55.52
2010-10-12,56.494,58.441,54.546,56.494,274839,56.494
2010-10-13,56.494,56.494,53.571,55.52,210057,55.52
2010-10-14,53.571,54.546,52.596,54.546,76178,54.546
2010-10-15,54.546,54.546,51.624,51.624,149072,51.624
2010-10-18,51.624,52.596,51.624,52.596,43427,52.596
2010-10-19,51.624,52.596,50.65,52.596,66527,52.596
2010-10-20,52.596,52.596,51.624,51.624,45481,51.624
2010-10-21,51.624,52.596,51.624,51.624,32340,51.624
2010-10-22,52.596,55.52,51.624,55.52,271964,55.52
2010-10-25,53.571,55.52,51.624,52.596,137164,52.596
2010-10-26,53.571,53.571,48.701,49.675,260260,49.675
2010-10-27,49.675,51.624,47.727,47.727,226381,47.727
2010-10-28,48.701,48.701,44.805,44.805,325556,44.805
2010-10-29,46.754,47.727,42.857,42.857,269295,42.857
2010-11-01,42.857,42.857,37.013,37.013,780370,37.013
2010-11-02,37.013,37.988,35.064,37.013,982109,37.013
2010-11-04,36.038,37.013,35.064,36.038,663639,36.038
2010-11-05,36.038,37.013,35.064,36.038,672468,36.038
2010-11-08,36.038,38.961,36.038,38.961,1033957,38.961
2010-11-09,38.961,38.961,36.038,37.013,588178,37.013
2010-11-10,37.013,38.961,37.013,38.961,225353,38.961
2010-11-11,37.988,38.961,37.013,37.988,179873,37.988
2010-11-12,37.988,43.831,37.988,38.961,1083340,38.961
2010-11-15,39.935,39.935,37.013,37.988,775340,37.988
2010-11-16,38.961,38.961,37.013,37.013,380073,37.013
2010-11-17,37.988,38.961,37.013,38.961,1016092,38.961
2010-11-18,38.961,39.935,37.013,37.988,883242,37.988
2010-11-19,38.961,40.909,37.988,39.935,1028926,39.935
2010-11-22,40.909,43.831,39.935,42.857,2461847,42.857
2010-11-24,43.831,44.805,41.883,43.831,2703831,43.831
2010-11-25,44.805,48.701,43.831,46.754,3223838,46.754
2010-11-26,47.727,50.65,45.779,50.65,2686275,50.65
2010-11-29,50.65,56.494,50.65,54.546,4213135,54.546
2010-11-30,56.494,56.494,49.675,50.65,2978567,50.65
2010-12-01,49.675,50.65,46.754,47.727,1731373,47.727
2010-12-02,48.701,49.675,45.779,47.727,925746,47.727
2010-12-03,46.754,47.727,45.779,46.754,482431,46.754
2010-12-06,46.754,46.754,45.779,45.779,449578,45.779
2010-12-07,45.779,48.701,44.805,48.701,1024512,48.701
2010-12-08,48.701,48.701,46.754,46.754,330587,46.754
2010-12-09,47.727,48.701,46.754,47.727,194553,47.727
2010-12-10,47.727,47.727,46.754,46.754,210569,46.754
2010-12-13,47.727,47.727,46.754,46.754,252150,46.754
2010-12-14,47.727,47.727,45.779,45.779,270218,45.779
2010-12-15,46.754,47.727,45.779,47.727,208208,47.727
2010-12-16,47.727,47.727,46.754,46.754,183362,46.754
2010-12-17,47.727,47.727,46.754,46.754,70430,46.754
2010-12-20,46.754,50.65,46.754,50.65,1188778,50.65
2010-12-21,49.675,50.65,48.701,49.675,287467,49.675
2010-12-22,49.675,50.65,48.701,50.65,291779,50.65
2010-12-24,50.65,54.546,49.675,52.596,1425322,52.596
2010-12-27,52.596,53.571,50.65,51.624,640538,51.624
2010-12-28,50.65,50.65,48.701,49.675,598444,49.675
2010-12-29,49.675,50.65,47.727,50.65,491773,50.65
2010-12-30,49.675,51.624,49.675,51.624,183158,51.624
2011-01-04,51.624,52.596,50.65,50.65,337157,50.65
2011-01-05,51.624,53.571,50.65,53.571,662098,53.571
2011-01-06,54.546,54.546,52.596,54.546,824824,54.546
2011-01-07,54.546,54.546,52.596,52.596,626473,52.596
2011-01-11,53.571,54.546,52.596,54.546,450809,54.546
2011-01-12,54.546,57.467,53.571,57.467,1275429,57.467
2011-01-13,57.467,59.415,56.494,57.467,657477,57.467
2011-01-14,57.467,58.441,56.494,57.467,338389,57.467
2011-01-17,58.441,58.441,56.494,57.467,385616,57.467
2011-01-18,57.467,64.286,57.467,64.286,1685891,64.286
2011-01-19,65.26,66.233,62.338,62.338,1267010,62.338
2011-01-20,62.338,64.286,61.363,63.312,389723,63.312
2011-01-21,64.286,64.286,62.338,62.338,474732,62.338
2011-01-24,62.338,62.338,57.467,59.415,963732,59.415
2011-01-25,59.415,63.312,59.415,63.312,261595,63.312
2011-01-26,64.286,65.26,60.39,62.338,903980,62.338
2011-01-27,62.338,62.338,58.441,59.415,378020,59.415
2011-01-28,60.39,60.39,58.441,58.441,261183,58.441
2011-01-31,58.441,58.441,54.546,56.494,501219,56.494
2011-02-01,57.467,58.441,56.494,56.494,141474,56.494
2011-02-02,56.494,58.441,55.52,58.441,150099,58.441
2011-02-03,58.441,58.441,56.494,58.441,225764,58.441
2011-02-04,57.467,58.441,56.494,57.467,103282,57.467
2011-02-07,58.441,59.415,57.467,57.467,97739,57.467
2011-02-08,57.467,58.441,56.494,57.467,273401,57.467
2011-02-09,57.467,57.467,55.52,55.52,282231,55.52
2011-02-10,56.494,56.494,54.546,55.52,265292,55.52
2011-02-14,52.596,53.571,49.675,50.65,815379,50.65
2011-02-15,49.675,50.65,49.675,50.65,470008,50.65
2011-02-16,51.624,52.596,50.65,51.624,116424,51.624
2011-02-17,52.596,53.571,52.596,53.571,133365,53.571
2011-02-18,53.571,55.52,52.596,55.52,219194,55.52
2011-02-21,55.52,55.52,54.546,54.546,121763,54.546
2011-02-22,55.52,55.52,53.571,54.546,211083,54.546
2011-02-23,53.571,54.546,53.571,53.571,115500,53.571
2011-02-24,53.571,54.546,52.596,52.596,134185,52.596
2011-02-25,52.596,53.571,52.596,53.571,76795,53.571
2011-02-28,54.546,55.52,53.571,55.52,88704,55.52
2011-03-01,55.52,55.52,54.546,55.52,71559,55.52
2011-03-02,55.52,56.494,54.546,55.52,148250,55.52
2011-03-03,55.52,56.494,54.546,55.52,149996,55.52
2011-03-04,56.494,56.494,54.546,56.494,189523,56.494
2011-03-07,55.52,56.494,53.571,53.571,299171,53.571
2011-03-08,54.546,55.52,54.546,55.52,85111,55.52
2011-03-09,54.546,55.52,53.571,53.571,134083,53.571
2011-03-10,54.546,54.546,53.571,54.546,205437,54.546
2011-03-11,53.571,53.571,52.596,52.596,128847,52.596
2011-03-14,28.247,39.935,27.273,33.117,1888863,33.117
2011-03-15,34.091,36.038,25.324,34.091,1155103,34.091
2011-03-16,33.117,37.988,33.117,37.988,398963,37.988
2011-03-17,37.988,38.961,35.064,38.961,370422,38.961
2011-03-18,38.961,44.805,37.988,42.857,353585,42.857
2011-03-22,45.779,48.701,45.779,48.701,377506,48.701
2011-03-23,48.701,49.675,46.754,47.727,310875,47.727
2011-03-24,47.727,48.701,43.831,43.831,333051,43.831
2011-03-25,37.013,38.961,37.013,37.988,1447806,37.988
2011-03-28,36.038,37.013,34.091,34.091,1118041,34.091
2011-03-29,32.143,34.091,29.221,34.091,1111161,34.091
2011-03-30,34.091,35.064,33.117,34.091,363645,34.091
2011-03-31,34.091,35.064,34.091,35.064,197941,35.064
2011-04-01,35.064,37.013,35.064,36.038,229459,36.038
2011-04-04,37.013,37.013,35.064,35.064,251122,35.064
2011-04-05,36.038,36.038,34.091,34.091,148970,34.091
2011-04-06,34.091,34.091,33.117,34.091,162932,34.091
2011-04-07,33.117,34.091,33.117,33.117,91989,33.117
2011-04-08,34.091,39.935,34.091,36.038,856755,36.038
2011-04-11,37.013,37.013,35.064,36.038,168887,36.038
2011-04-12,36.038,36.038,34.091,34.091,108416,34.091
2011-04-13,35.064,35.064,34.091,35.064,86445,35.064
2011-04-14,36.038,36.038,35.064,36.038,81106,36.038
2011-04-15,36.038,37.013,35.064,35.064,184800,35.064
2011-04-18,35.064,36.038,34.091,36.038,55852,36.038
2011-04-19,35.064,36.038,35.064,35.064,34496,35.064
2011-04-20,35.064,37.988,35.064,37.013,500397,37.013
2011-04-21,36.038,37.988,36.038,37.988,216524,37.988
2011-04-22,37.013,37.013,35.064,36.038,267859,36.038
2011-04-25,36.038,37.013,36.038,36.038,103488,36.038
2011-04-26,36.038,36.038,35.064,35.064,43223,35.064
2011-04-27,35.064,37.013,35.064,37.013,94966,37.013
2011-04-28,36.038,37.013,35.064,35.064,119813,35.064
2011-05-02,36.038,37.013,35.064,36.038,65707,36.038
2011-05-06,36.038,36.038,35.064,36.038,116938,36.038
2011-05-09,36.038,36.038,35.064,35.064,166423,35.064
2011-05-10,35.064,35.064,34.091,35.064,21458,35.064
2011-05-11,35.064,35.064,34.091,35.064,39628,35.064
2011-05-12,35.064,35.064,34.091,34.091,46713,34.091
2011-05-13,34.091,35.064,34.091,34.091,63756,34.091
2011-05-16,34.091,35.064,34.091,34.091,54516,34.091
2011-05-17,34.091,34.091,33.117,33.117,203074,33.117
2011-05-18,33.117,33.117,32.143,32.143,149175,32.143
2011-05-19,32.143,33.117,32.143,33.117,46405,33.117
2011-05-20,32.143,32.143,31.169,31.169,229459,31.169
2011-05-23,31.169,32.143,31.169,32.143,13553,32.143
2011-05-24,32.143,32.143,31.169,31.169,102154,31.169
2011-05-25,31.169,32.143,31.169,31.169,75870,31.169
2011-05-26,31.169,32.143,31.169,31.169,81723,31.169
2011-05-27,32.143,35.064,31.169,32.143,579143,32.143
2011-05-30,33.117,50.65,32.143,39.935,7597749,39.935
2011-05-31,37.013,38.961,34.091,35.064,2709683,35.064
2011-06-01,35.064,36.038,31.169,32.143,1450785,32.143
2011-06-02,32.143,36.038,32.143,33.117,1630347,33.117
2011-06-03,34.091,34.091,32.143,32.143,266728,32.143
2011-06-06,32.143,33.117,31.169,32.143,292703,32.143
2011-06-07,31.169,33.117,31.169,33.117,209544,33.117
2011-06-08,33.117,33.117,32.143,33.117,80183,33.117
2011-06-09,33.117,33.117,32.143,32.143,147943,32.143
2011-06-10,32.143,33.117,32.143,32.143,73098,32.143
2011-06-13,32.143,32.143,31.169,31.169,47329,31.169
2011-06-14,31.169,32.143,31.169,32.143,119915,32.143
2011-06-15,32.143,32.143,31.169,32.143,224636,32.143
2011-06-16,32.143,33.117,31.169,31.169,267959,31.169
2011-06-17,32.143,33.117,31.169,31.169,129257,31.169
2011-06-20,32.143,33.117,32.143,33.117,39937,33.117
2011-06-21,33.117,33.117,32.143,33.117,63961,33.117
2011-06-22,32.143,33.117,32.143,33.117,48664,33.117
2011-06-23,32.143,33.117,32.143,32.143,59547,32.143
2011-06-24,32.143,33.117,31.169,32.143,72893,32.143
2011-06-27,32.143,33.117,32.143,32.143,59341,32.143
2011-06-28,32.143,34.091,31.169,33.117,214470,33.117
2011-06-29,34.091,39.935,33.117,34.091,4419804,34.091
2011-06-30,36.038,36.038,33.117,35.064,967531,35.064
2011-07-01,35.064,36.038,34.091,34.091,425348,34.091
2011-07-04,34.091,35.064,33.117,34.091,198557,34.091
2011-07-05,34.091,35.064,34.091,34.091,108622,34.091
2011-07-06,34.091,36.038,33.117,35.064,509331,35.064
2011-07-07,36.038,36.038,35.064,35.064,191474,35.064
2011-07-08,35.064,35.064,34.091,34.091,308000,34.091
2011-07-11,34.091,35.064,34.091,34.091,101742,34.091
2011-07-12,34.091,39.935,34.091,34.091,3711300,34.091
2011-07-13,35.064,36.038,34.091,35.064,607274,35.064
2011-07-14,36.038,36.038,34.091,36.038,192089,36.038
2011-07-15,36.038,36.038,35.064,35.064,101538,35.064
2011-07-19,35.064,35.064,34.091,34.091,359641,34.091
2011-07-20,34.091,35.064,33.117,35.064,368265,35.064
2011-07-21,34.091,35.064,34.091,34.091,101742,34.091
2011-07-22,35.064,35.064,34.091,35.064,110675,35.064
2011-07-25,35.064,35.064,34.091,34.091,64064,34.091
2011-07-26,34.091,35.064,34.091,34.091,42095,34.091
2011-07-27,34.091,35.064,34.091,34.091,81927,34.091
2011-07-28,34.091,36.038,33.117,35.064,405636,35.064
2011-07-29,35.064,35.064,33.117,34.091,478530,34.091
2011-08-01,33.117,34.091,33.117,34.091,155642,34.091
2011-08-02,34.091,35.064,33.117,34.091,72893,34.091
2011-08-03,34.091,34.091,33.117,34.091,77718,34.091
2011-08-04,34.091,35.064,33.117,34.091,98457,34.091
2011-08-05,33.117,34.091,32.143,34.091,247837,34.091
2011-08-08,33.117,33.117,32.143,32.143,386951,32.143
2011-08-09,31.169,32.143,30.195,32.143,217345,32.143
2011-08-10,32.143,33.117,32.143,32.143,89115,32.143
2011-08-11,32.143,33.117,31.169,33.117,112831,33.117
2011-08-12,33.117,33.117,32.143,32.143,36857,32.143
2011-08-15,32.143,34.091,32.143,34.091,242396,34.091
2011-08-16,40.909,41.883,35.064,36.038,5257873,36.038
2011-08-17,36.038,37.013,34.091,36.038,849054,36.038
2011-08-18,35.064,35.064,33.117,35.064,535407,35.064
2011-08-19,33.117,35.064,33.117,34.091,263238,34.091
2011-08-22,34.091,34.091,33.117,33.117,181926,33.117
2011-08-23,33.117,34.091,32.143,33.117,272375,33.117
2011-08-24,34.091,34.091,32.143,33.117,120531,33.117
2011-08-25,32.143,34.091,32.143,33.117,93838,33.117
2011-08-26,34.091,35.064,33.117,35.064,375863,35.064
2011-08-29,35.064,35.064,34.091,34.091,135314,34.091
2011-08-30,35.064,36.038,35.064,36.038,140961,36.038
2011-08-31,36.038,36.038,34.091,35.064,215806,35.064
2011-09-01,35.064,36.038,34.091,35.064,142809,35.064
2011-09-02,35.064,36.038,34.091,35.064,71252,35.064
2011-09-05,35.064,35.064,34.091,34.091,216421,34.091
2011-09-06,34.091,34.091,33.117,33.117,178537,33.117
2011-09-07,34.091,34.091,33.117,33.117,76075,33.117
2011-09-08,33.117,34.091,33.117,34.091,52361,34.091
2011-09-09,34.091,35.064,34.091,34.091,109443,34.091
2011-09-12,34.091,34.091,33.117,34.091,37474,34.091
2011-09-13,33.117,34.091,33.117,33.117,72277,33.117
2011-09-14,34.091,35.064,33.117,35.064,150509,35.064
2011-09-15,35.064,35.064,33.117,34.091,177613,34.091
2011-09-16,34.091,35.064,34.091,34.091,44454,34.091
2011-09-20,34.091,35.064,33.117,33.117,90143,33.117
2011-09-21,34.091,35.064,33.117,35.064,152871,35.064
2011-09-22,34.091,34.091,33.117,33.117,124022,33.117
2011-09-26,33.117,33.117,32.143,32.143,433356,32.143
2011-09-27,32.143,33.117,32.143,32.143,105234,32.143
2011-09-28,32.143,33.117,32.143,33.117,98560,33.117
2011-09-29,33.117,34.091,32.143,33.117,37884,33.117
2011-09-30,33.117,34.091,33.117,33.117,42710,33.117
2011-10-03,33.117,34.091,33.117,33.117,26386,33.117
2011-10-04,32.143,34.091,32.143,32.143,58315,32.143
2011-10-05,33.117,34.091,32.143,33.117,53078,33.117
2011-10-06,33.117,33.117,32.143,32.143,106671,32.143
2011-10-07,33.117,33.117,32.143,32.143,15400,32.143
2011-10-11,33.117,34.091,32.143,33.117,79874,33.117
2011-10-12,33.117,34.091,33.117,33.117,22895,33.117
2011-10-13,33.117,34.091,33.117,33.117,34598,33.117
2011-10-14,33.117,33.117,32.143,33.117,55441,33.117
2011-10-17,33.117,35.064,33.117,34.091,305433,34.091
2011-10-18,35.064,35.064,33.117,34.091,143528,34.091
2011-10-19,34.091,34.091,33.117,34.091,126896,34.091
2011-10-20,34.091,34.091,34.091,34.091,18583,34.091
2011-10-21,34.091,34.091,34.091,34.091,80799,34.091
2011-10-24,34.091,36.038,34.091,35.064,203382,35.064
2011-10-25,35.064,36.038,34.091,34.091,129667,34.091
2011-10-26,35.064,36.038,34.091,36.038,265804,36.038
2011-10-27,35.064,37.013,35.064,37.013,198865,37.013
2011-10-28,36.038,37.988,36.038,37.013,358102,37.013
2011-10-31,37.988,39.935,37.013,37.988,1378815,37.988
2011-11-01,42.857,43.831,36.038,36.038,4257897,36.038
2011-11-02,36.038,37.988,35.064,36.038,798336,36.038
2011-11-04,37.013,37.013,35.064,37.013,568055,37.013
2011-11-07,37.013,37.013,35.064,36.038,206669,36.038
2011-11-08,37.013,37.013,35.064,36.038,238393,36.038
2011-11-09,35.064,36.038,35.064,36.038,291984,36.038
2011-11-10,35.064,36.038,34.091,35.064,428942,35.064
2011-11-11,35.064,36.038,34.091,36.038,156053,36.038
2011-11-14,35.064,36.038,34.091,36.038,239829,36.038
2011-11-15,36.038,37.988,35.064,36.038,465696,36.038
2011-11-16,36.038,38.961,36.038,37.013,774620,37.013
2011-11-17,37.013,37.988,36.038,37.013,294962,37.013
2011-11-18,37.013,37.013,36.038,37.013,187982,37.013
2011-11-21,37.013,37.013,36.038,36.038,120120,36.038
2011-11-22,36.038,36.038,35.064,36.038,149689,36.038
2011-11-24,35.064,35.064,34.091,35.064,199995,35.064
2011-11-25,34.091,36.038,34.091,36.038,112729,36.038
2011-11-28,36.038,36.038,35.064,36.038,77102,36.038
2011-11-29,35.064,36.038,35.064,36.038,255025,36.038
2011-11-30,35.064,36.038,34.091,35.064,75665,35.064
2011-12-01,36.038,36.038,35.064,36.038,148046,36.038
2011-12-02,35.064,37.013,35.064,36.038,235107,36.038
2011-12-05,36.038,37.013,35.064,35.064,229255,35.064
2011-12-06,36.038,37.013,36.038,36.038,409537,36.038
2011-12-07,36.038,36.038,35.064,36.038,262929,36.038
2011-12-08,36.038,38.961,36.038,37.988,928724,37.988
2011-12-09,37.013,37.013,36.038,37.013,188188,37.013
2011-12-12,37.013,37.988,36.038,36.038,289008,36.038
2011-12-13,37.013,37.013,36.038,36.038,82134,36.038
2011-12-14,37.013,37.988,36.038,37.013,307898,37.013
2011-12-15,37.013,37.013,36.038,36.038,516311,36.038
2011-12-16,36.038,37.013,35.064,36.038,300814,36.038
2011-12-19,37.013,37.013,35.064,36.038,382331,36.038
2011-12-20,36.038,37.013,35.064,36.038,75665,36.038
2011-12-21,37.013,37.013,35.064,36.038,175253,36.038
2011-12-22,36.038,36.038,35.064,35.064,308000,35.064
2011-12-26,35.064,36.038,35.064,35.064,195580,35.064
2011-12-27,35.064,36.038,34.091,34.091,206873,34.091
2011-12-28,35.064,36.038,34.091,35.064,84905,35.064
2011-12-29,35.064,36.038,35.064,36.038,49280,36.038
2011-12-30,36.038,36.038,35.064,36.038,228331,36.038
2012-01-04,35.064,36.038,35.064,36.038,106259,36.038
2012-01-05,36.038,36.038,35.064,36.038,134391,36.038
2012-01-06,36.038,36.038,35.064,35.064,34804,35.064
2012-01-10,36.038,37.013,35.064,36.038,273607,36.038
2012-01-11,37.013,37.013,36.038,37.013,65091,37.013
2012-01-12,37.013,37.013,36.038,36.038,92709,36.038
2012-01-13,37.013,38.961,36.038,38.961,648443,38.961
2012-01-16,37.988,37.988,37.013,37.013,694438,37.013
2012-01-17,37.013,38.961,37.013,37.988,719591,37.988
2012-01-18,39.935,42.857,38.961,42.857,2819331,42.857
2012-01-19,41.883,42.857,39.935,40.909,925644,40.909
2012-01-20,40.909,41.883,39.935,39.935,541054,39.935
2012-01-23,40.909,41.883,38.961,40.909,650599,40.909
2012-01-24,40.909,41.883,39.935,40.909,257180,40.909
2012-01-25,41.883,44.805,40.909,44.805,1163112,44.805
2012-01-26,43.831,44.805,42.857,44.805,623907,44.805
2012-01-27,45.779,47.727,44.805,45.779,859013,45.779
2012-01-30,48.701,51.624,47.727,51.624,2126331,51.624
2012-01-31,50.65,51.624,45.779,48.701,1954056,48.701
2012-02-01,47.727,50.65,47.727,49.675,665383,49.675
2012-02-02,49.675,50.65,48.701,49.675,717744,49.675
2012-02-03,49.675,49.675,45.779,46.754,1135701,46.754
2012-02-06,46.754,47.727,43.831,47.727,1596571,47.727
2012-02-07,47.727,48.701,46.754,48.701,430790,48.701
2012-02-08,47.727,48.701,45.779,46.754,663843,46.754
2012-02-09,47.727,47.727,44.805,46.754,717845,46.754
2012-02-10,46.754,46.754,43.831,44.805,934678,44.805
2012-02-13,45.779,50.65,45.779,49.675,1446575,49.675
2012-02-14,48.701,50.65,47.727,48.701,1267010,48.701
2012-02-15,46.754,47.727,45.779,45.779,1707759,45.779
2012-02-16,46.754,46.754,41.883,42.857,1632094,42.857
2012-02-17,43.831,45.779,42.857,42.857,1091963,42.857
2012-02-20,43.831,45.779,43.831,44.805,931495,44.805
2012-02-21,44.805,45.779,43.831,44.805,283772,44.805
2012-02-22,45.779,45.779,43.831,44.805,318165,44.805
2012-02-23,44.805,45.779,43.831,45.779,227714,45.779
2012-02-24,45.779,46.754,44.805,45.779,499885,45.779
2012-02-27,46.754,48.701,45.779,47.727,912092,47.727
2012-02-28,47.727,49.675,46.754,47.727,914453,47.727
2012-02-29,49.675,55.52,49.675,51.624,6694282,51.624
2012-03-01,49.675,50.65,45.779,46.754,2490798,46.754
2012-03-02,47.727,48.701,46.754,47.727,495264,47.727
2012-03-05,48.701,52.596,48.701,50.65,1297605,50.65
2012-03-06,50.65,50.65,47.727,49.675,609429,49.675
2012-03-07,48.701,49.675,47.727,48.701,358102,48.701
2012-03-08,49.675,51.624,48.701,50.65,828418,50.65
2012-03-09,50.65,51.624,49.675,49.675,537974,49.675
2012-03-12,49.675,51.624,48.701,50.65,1204383,50.65
2012-03-13,49.675,50.65,48.701,48.701,1051205,48.701
2012-03-14,48.701,49.675,47.727,48.701,963527,48.701
2012-03-15,48.701,48.701,47.727,48.701,381510,48.701
2012-03-16,48.701,48.701,47.727,47.727,107902,47.727
2012-03-19,47.727,48.701,46.754,47.727,511075,47.727
2012-03-21,47.727,48.701,46.754,48.701,340135,48.701
2012-03-22,44.805,45.779,43.831,44.805,1696876,44.805
2012-03-23,43.831,44.805,43.831,43.831,426992,43.831
2012-03-26,44.805,44.805,42.857,42.857,454711,42.857
2012-03-27,42.857,43.831,40.909,41.883,1515670,41.883
2012-03-28,41.883,43.831,41.883,42.857,457586,42.857
2012-03-29,43.831,43.831,42.857,42.857,154616,42.857
2012-03-30,43.831,43.831,42.857,42.857,139729,42.857
2012-04-02,42.857,43.831,42.857,42.857,275866,42.857
2012-04-03,42.857,42.857,41.883,41.883,164062,41.883
2012-04-04,41.883,42.857,40.909,40.909,386848,40.909
2012-04-05,40.909,41.883,39.935,41.883,367649,41.883
2012-04-06,41.883,41.883,40.909,40.909,83982,40.909
2012-04-09,40.909,40.909,39.935,40.909,120223,40.909
2012-04-10,40.909,41.883,39.935,39.935,290445,39.935
2012-04-11,39.935,40.909,38.961,40.909,534176,40.909
2012-04-12,39.935,40.909,38.961,39.935,195786,39.935
2012-04-13,40.909,40.909,39.935,40.909,184595,40.909
2012-04-16,40.909,42.857,40.909,42.857,331716,42.857
2012-04-17,42.857,42.857,41.883,42.857,110367,42.857
2012-04-18,42.857,42.857,41.883,42.857,178641,42.857
2012-04-19,41.883,42.857,40.909,42.857,156874,42.857
2012-04-20,42.857,42.857,41.883,42.857,55543,42.857
2012-04-23,42.857,42.857,41.883,42.857,169092,42.857
2012-04-24,41.883,41.883,40.909,40.909,282128,40.909
2012-04-25,41.883,41.883,40.909,41.883,102359,41.883
2012-04-26,41.883,41.883,40.909,40.909,118477,40.909
2012-04-27,41.883,42.857,41.883,41.883,136752,41.883
2012-05-01,41.883,43.831,40.909,43.831,397320,43.831
2012-05-02,43.831,44.805,41.883,43.831,712302,43.831
2012-05-07,43.831,43.831,41.883,43.831,338082,43.831
2012-05-08,42.857,42.857,39.935,39.935,834886,39.935
2012-05-09,39.935,40.909,38.961,40.909,5360436,40.909
2012-05-10,39.935,42.857,39.935,41.883,450708,41.883
2012-05-11,41.883,41.883,39.935,39.935,116424,39.935
2012-05-14,39.935,40.909,38.961,38.961,242806,38.961
2012-05-15,38.961,38.961,35.064,37.013,1186417,37.013
2012-05-16,36.038,37.988,35.064,37.013,345782,37.013
2012-05-17,36.038,37.988,36.038,37.988,104926,37.988
2012-05-18,36.038,37.013,36.038,36.038,286646,36.038
2012-05-21,36.038,37.013,36.038,36.038,107800,36.038
2012-05-22,37.013,38.961,36.038,38.961,321963,38.961
2012-05-23,37.988,37.988,37.013,37.013,377916,37.013
2012-05-24,37.013,37.988,36.038,37.988,138396,37.988
2012-05-25,37.988,37.988,36.038,37.013,120120,37.013
2012-05-28,37.013,37.013,36.038,36.038,57288,36.038
2012-05-29,36.038,37.013,36.038,36.038,35933,36.038
2012-05-30,37.013,37.013,36.038,37.013,61293,37.013
2012-05-31,37.013,37.013,36.038,36.038,151947,36.038
2012-06-01,36.038,36.038,34.091,35.064,419908,35.064
2012-06-04,35.064,35.064,34.091,34.091,343010,34.091
2012-06-05,34.091,35.064,34.091,34.091,99176,34.091
2012-06-06,35.064,37.013,35.064,36.038,293320,36.038
2012-06-07,36.038,37.013,36.038,37.013,189112,37.013
2012-06-08,37.013,37.013,35.064,36.038,135417,36.038
2012-06-11,36.038,37.013,36.038,36.038,55645,36.038
2012-06-12,36.038,37.013,35.064,36.038,115602,36.038
2012-06-13,36.038,37.013,36.038,37.013,116938,37.013
2012-06-14,36.038,37.013,35.064,36.038,116321,36.038
2012-06-15,37.013,43.831,36.038,37.988,3678035,37.988
2012-06-18,38.961,39.935,37.013,37.013,641257,37.013
2012-06-19,37.013,37.988,36.038,36.038,311594,36.038
2012-06-20,37.013,37.988,36.038,37.988,302764,37.988
2012-06-21,37.013,38.961,37.013,37.988,139318,37.988
2012-06-22,37.988,37.988,37.013,37.988,202972,37.988
2012-06-25,37.988,39.935,37.988,39.935,317856,39.935
2012-06-26,38.961,38.961,37.988,38.961,50511,38.961
2012-06-27,38.961,38.961,37.988,37.988,187982,37.988
2012-06-28,37.988,38.961,37.013,38.961,130180,38.961
2012-06-29,38.961,38.961,37.988,37.988,31621,37.988
2012-07-02,38.961,39.935,38.961,39.935,174944,39.935
2012-07-03,38.961,38.961,37.988,38.961,119505,38.961
2012-07-04,38.961,39.935,37.988,38.961,88909,38.961
2012-07-05,38.961,38.961,37.988,37.988,173404,37.988
2012-07-06,37.988,38.961,37.988,37.988,120325,37.988
2012-07-09,37.988,38.961,37.988,37.988,94146,37.988
2012-07-10,37.988,37.988,37.988,37.988,36344,37.988
2012-07-11,37.988,37.988,37.013,37.988,123200,37.988
2012-07-12,37.988,37.988,37.013,37.013,77822,37.013
2012-07-13,37.013,37.988,37.013,37.013,16324,37.013
2012-07-17,37.013,37.988,37.013,37.988,106671,37.988
2012-07-18,37.988,38.961,37.013,37.988,85214,37.988
2012-07-19,37.988,37.988,37.013,37.013,120839,37.013
2012-07-20,37.013,37.988,37.013,37.013,114268,37.013
2012-07-23,36.038,37.013,34.091,34.091,353893,34.091
2012-07-24,35.064,36.038,34.091,35.064,247632,35.064
2012-07-25,36.038,36.038,34.091,35.064,118477,35.064
2012-07-26,35.064,35.064,33.117,35.064,376993,35.064
2012-07-27,35.064,35.064,34.091,34.091,79874,34.091
2012-07-30,34.091,36.038,34.091,35.064,225969,35.064
2012-07-31,35.064,36.038,35.064,36.038,90860,36.038
2012-08-01,35.064,35.064,34.091,35.064,83365,35.064
2012-08-02,35.064,36.038,34.091,35.064,68376,35.064
2012-08-03,34.091,36.038,34.091,35.064,111189,35.064
2012-08-06,35.064,35.064,34.091,34.091,145171,34.091
2012-08-07,34.091,35.064,34.091,35.064,106363,35.064
2012-08-08,35.064,36.038,34.091,35.064,13654,35.064
2012-08-09,35.064,36.038,35.064,35.064,82544,35.064
2012-08-10,35.064,35.064,34.091,35.064,89935,35.064
2012-08-13,33.117,34.091,33.117,34.091,613946,34.091
2012-08-14,33.117,34.091,33.117,34.091,209132,34.091
2012-08-15,34.091,34.091,33.117,34.091,118888,34.091
2012-08-16,34.091,35.064,34.091,35.064,56364,35.064
2012-08-17,34.091,36.038,34.091,35.064,159545,35.064
2012-08-20,35.064,36.038,35.064,35.064,50922,35.064
2012-08-21,35.064,36.038,34.091,35.064,93119,35.064
2012-08-22,34.091,35.064,34.091,34.091,127306,34.091
2012-08-23,34.091,35.064,34.091,34.091,197325,34.091
2012-08-24,34.091,35.064,34.091,34.091,75460,34.091
2012-08-27,34.091,35.064,34.091,34.091,76486,34.091
2012-08-28,34.091,35.064,34.091,34.091,63961,34.091
2012-08-29,34.091,36.038,34.091,36.038,364160,36.038
2012-08-30,36.038,36.038,35.064,36.038,207285,36.038
2012-08-31,36.038,36.038,35.064,36.038,144452,36.038
2012-09-03,35.064,36.038,34.091,36.038,106363,36.038
2012-09-04,35.064,36.038,34.091,35.064,79669,35.064
2012-09-05,34.091,35.064,33.117,33.117,445266,33.117
2012-09-06,33.117,34.091,32.143,33.117,321347,33.117
2012-09-07,33.117,34.091,33.117,33.117,136137,33.117
2012-09-10,34.091,34.091,33.117,33.117,37577,33.117
2012-09-11,33.117,34.091,32.143,33.117,114782,33.117
2012-09-12,33.117,34.091,32.143,34.091,71353,34.091
2012-09-13,33.117,34.091,33.117,33.117,27617,33.117
2012-09-14,33.117,34.091,33.117,33.117,50922,33.117
2012-09-18,33.117,34.091,33.117,33.117,71866,33.117
2012-09-19,33.117,34.091,33.117,33.117,75974,33.117
2012-09-20,33.117,33.117,33.117,33.117,59650,33.117
2012-09-21,33.117,34.091,33.117,33.117,220426,33.117
2012-09-24,33.117,34.091,32.143,32.143,760247,32.143
2012-09-25,32.143,33.117,32.143,32.143,94556,32.143
2012-09-26,32.143,33.117,31.169,31.169,236236,31.169
2012-09-27,31.169,32.143,31.169,32.143,187982,32.143
2012-09-28,31.169,33.117,31.169,32.143,169503,32.143
2012-10-01,31.169,32.143,31.169,31.169,69608,31.169
2012-10-02,32.143,33.117,31.169,33.117,66939,33.117
2012-10-03,32.143,33.117,32.143,32.143,25975,32.143
2012-10-04,32.143,33.117,31.169,32.143,72585,32.143
2012-10-05,32.143,33.117,32.143,32.143,29054,32.143
2012-10-09,33.117,34.091,32.143,33.117,157593,33.117
2012-10-10,33.117,33.117,31.169,32.143,164882,32.143
2012-10-11,32.143,33.117,31.169,32.143,81106,32.143
2012-10-12,32.143,33.117,31.169,32.143,108313,32.143
2012-10-15,32.143,33.117,32.143,32.143,37577,32.143
2012-10-16,32.143,33.117,32.143,32.143,46302,32.143
2012-10-17,32.143,33.117,32.143,32.143,29670,32.143
2012-10-18,32.143,33.117,32.143,32.143,17762,32.143
2012-10-19,33.117,33.117,32.143,32.143,14682,32.143
2012-10-22,32.143,33.117,32.143,33.117,31312,33.117
2012-10-23,33.117,33.117,31.169,32.143,249993,32.143
2012-10-24,32.143,32.143,31.169,32.143,91066,32.143
2012-10-25,32.143,33.117,31.169,32.143,80491,32.143
2012-10-26,32.143,33.117,32.143,32.143,12321,32.143
2012-10-29,32.143,33.117,32.143,32.143,69402,32.143
2012-10-30,32.143,33.117,32.143,32.143,30492,32.143
2012-10-31,32.143,32.143,31.169,32.143,101332,32.143
2012-11-01,32.143,33.117,32.143,32.143,56159,32.143
2012-11-02,32.143,34.091,32.143,32.143,246914,32.143
2012-11-05,33.117,33.117,32.143,33.117,88396,33.117
2012-11-06,32.143,33.117,32.143,32.143,309540,32.143
2012-11-07,32.143,33.117,32.143,32.143,40143,32.143
2012-11-08,32.143,33.117,32.143,32.143,60778,32.143
2012-11-09,32.143,33.117,32.143,32.143,35831,32.143
2012-11-12,32.143,33.117,32.143,32.143,42710,32.143
2012-11-13,32.143,33.117,32.143,32.143,49999,32.143
2012-11-14,32.143,33.117,32.143,33.117,41477,33.117
2012-11-15,33.117,33.117,32.143,32.143,71252,32.143
2012-11-16,32.143,33.117,32.143,32.143,51435,32.143
2012-11-19,32.143,33.117,32.143,32.143,94966,32.143
2012-11-20,33.117,33.117,32.143,32.143,27823,32.143
2012-11-21,32.143,35.064,32.143,34.091,1644926,34.091
2012-11-22,33.117,35.064,33.117,33.117,238186,33.117
2012-11-26,34.091,35.064,33.117,34.091,205027,34.091
2012-11-27,34.091,35.064,34.091,35.064,121147,35.064
2012-11-28,34.091,35.064,33.117,34.091,129667,34.091
2012-11-29,35.064,35.064,34.091,34.091,58623,34.091
2012-11-30,34.091,35.064,34.091,34.091,31724,34.091
2012-12-03,34.091,35.064,33.117,34.091,175971,34.091
2012-12-04,34.091,35.064,34.091,34.091,40245,34.091
2012-12-05,34.091,35.064,34.091,34.091,268268,34.091
2012-12-06,34.091,36.038,34.091,36.038,222377,36.038
2012-12-07,35.064,37.013,35.064,36.038,497933,36.038
2012-12-10,36.038,36.038,35.064,35.064,198557,35.064
2012-12-11,36.038,37.013,35.064,36.038,201432,36.038
2012-12-12,37.013,37.013,36.038,37.013,197839,37.013
2012-12-13,37.013,37.988,36.038,36.038,160879,36.038
2012-12-14,36.038,37.013,36.038,36.038,66835,36.038
2012-12-17,36.038,37.013,36.038,36.038,104721,36.038
2012-12-18,36.038,37.013,36.038,36.038,142706,36.038
2012-12-19,37.013,37.988,36.038,37.013,387669,37.013
2012-12-20,37.013,37.013,36.038,36.038,181309,36.038
2012-12-21,36.038,36.038,35.064,35.064,238906,35.064
2012-12-25,35.064,36.038,35.064,35.064,181309,35.064
2012-12-26,36.038,36.038,35.064,35.064,286542,35.064
2012-12-27,35.064,37.013,35.064,36.038,349682,36.038
2012-12-28,37.013,37.988,36.038,36.038,772361,36.038
2013-01-04,37.988,38.961,37.013,37.013,595057,37.013
2013-01-07,37.988,38.961,37.988,38.961,486537,38.961
2013-01-08,38.961,39.935,37.988,39.935,515489,39.935
2013-01-09,39.935,41.883,38.961,40.909,511178,40.909
2013-01-10,41.883,43.831,40.909,42.857,807166,42.857
2013-01-11,42.857,43.831,40.909,41.883,641153,41.883
2013-01-15,41.883,42.857,40.909,41.883,333051,41.883
2013-01-16,41.883,41.883,39.935,39.935,596186,39.935
2013-01-17,39.935,40.909,39.935,40.909,329253,40.909
2013-01-18,40.909,41.883,39.935,40.909,167141,40.909
2013-01-21,40.909,41.883,39.935,40.909,138908,40.909
2013-01-22,40.909,41.883,40.909,40.909,233156,40.909
2013-01-23,41.883,42.857,40.909,41.883,186236,41.883
2013-01-24,40.909,41.883,39.935,40.909,349478,40.909
2013-01-25,40.909,41.883,40.909,41.883,264983,41.883
2013-01-28,41.883,41.883,40.909,41.883,171145,41.883
2013-01-29,40.909,42.857,40.909,41.883,298760,41.883
2013-01-30,41.883,42.857,40.909,41.883,208312,41.883
2013-01-31,41.883,43.831,40.909,40.909,1520802,40.909
2013-02-01,41.883,41.883,40.909,40.909,321963,40.909
2013-02-04,41.883,42.857,40.909,42.857,198969,42.857
2013-02-05,41.883,42.857,41.883,41.883,165087,41.883
2013-02-06,41.883,42.857,41.883,42.857,202767,42.857
2013-02-07,42.857,42.857,41.883,41.883,160161,41.883
2013-02-08,41.883,42.857,41.883,41.883,216216,41.883
2013-02-12,41.883,42.857,40.909,41.883,169912,41.883
2013-02-13,40.909,41.883,39.935,40.909,374528,40.909
2013-02-14,40.909,40.909,38.961,39.935,301532,39.935
2013-02-15,39.935,39.935,37.988,38.961,373399,38.961
2013-02-18,36.038,39.935,36.038,39.935,760350,39.935
2013-02-19,37.988,38.961,37.013,38.961,503066,38.961
2013-02-20,37.013,38.961,37.013,37.988,438079,37.988
2013-02-21,37.988,38.961,37.013,37.988,187469,37.988
2013-02-22,37.988,37.988,37.013,37.013,143426,37.013
2013-02-25,37.013,38.961,37.013,37.988,248146,37.988
2013-02-26,37.988,38.961,37.013,37.988,148867,37.988
2013-02-27,39.935,39.935,37.988,39.935,472986,39.935
2013-02-28,41.883,42.857,40.909,41.883,1571622,41.883
2013-03-01,42.857,44.805,41.883,42.857,1021637,42.857
2013-03-04,44.805,48.701,42.857,44.805,2031776,44.805
2013-03-05,48.701,51.624,46.754,49.675,2210312,49.675
2013-03-06,51.624,61.363,50.65,60.39,4009957,60.39
2013-03-07,63.312,73.052,58.441,61.363,4722054,61.363
2013-03-08,62.338,64.286,51.624,54.546,2531762,54.546
2013-03-11,52.596,52.596,50.65,51.624,1094119,51.624
2013-03-12,50.65,52.596,50.65,51.624,456866,51.624
2013-03-13,51.624,53.571,51.624,53.571,424218,53.571
2013-03-14,55.52,59.415,54.546,58.441,587870,58.441
2013-03-15,58.441,59.415,56.494,56.494,367958,56.494
2013-03-18,55.52,55.52,52.596,54.546,506764,54.546
2013-03-19,52.596,54.546,52.596,53.571,325864,53.571
2013-03-21,53.571,56.494,53.571,54.546,276481,54.546
2013-03-22,54.546,55.52,52.596,53.571,241985,53.571
2013-03-25,53.571,53.571,51.624,51.624,400401,51.624
2013-03-26,50.65,50.65,44.805,45.779,1459305,45.779
2013-03-27,46.754,58.441,46.754,54.546,2152921,54.546
2013-03-28,53.571,54.546,49.675,52.596,805317,52.596
2013-03-29,52.596,52.596,50.65,50.65,153795,50.65
2013-04-01,50.65,51.624,49.675,49.675,239316,49.675
2013-04-02,47.727,48.701,45.779,48.701,341778,48.701
2013-04-03,48.701,50.65,47.727,50.65,256153,50.65
2013-04-04,49.675,49.675,48.701,49.675,106980,49.675
2013-04-05,50.65,50.65,48.701,50.65,111497,50.65
2013-04-08,50.65,52.596,50.65,52.596,307179,52.596
2013-04-09,53.571,57.467,52.596,54.546,715074,54.546
2013-04-10,55.52,56.494,54.546,54.546,371757,54.546
2013-04-11,54.546,57.467,53.571,54.546,236955,54.546
2013-04-12,56.494,58.441,55.52,58.441,496086,58.441
2013-04-15,56.494,59.415,56.494,58.441,353585,58.441
2013-04-16,56.494,58.441,55.52,57.467,354303,57.467
2013-04-17,58.441,58.441,56.494,57.467,250507,57.467
2013-04-18,57.467,58.441,56.494,57.467,201328,57.467
2013-04-19,57.467,58.441,56.494,57.467,261390,57.467
2013-04-22,57.467,60.39,57.467,58.441,557994,58.441
2013-04-23,58.441,59.415,58.441,59.415,171248,59.415
2013-04-24,58.441,58.441,55.52,57.467,719180,57.467
2013-04-25,57.467,59.415,56.494,57.467,364981,57.467
2013-04-26,58.441,59.415,58.441,59.415,258720,59.415
2013-04-30,59.415,62.338,58.441,60.39,377094,60.39
2013-05-01,61.363,62.338,60.39,61.363,405123,61.363
2013-05-02,61.363,61.363,59.415,61.363,280383,61.363
2013-05-07,62.338,63.312,61.363,63.312,316727,63.312
2013-05-08,64.286,65.26,63.312,65.26,302149,65.26
2013-05-09,65.26,66.233,65.26,66.233,326172,66.233
2013-05-10,66.233,67.208,63.312,63.312,351223,63.312
2013-05-13,64.286,66.233,63.312,65.26,241985,65.26
2013-05-14,66.233,66.233,64.286,65.26,189421,65.26
2013-05-15,66.233,66.233,62.338,62.338,302046,62.338
2013-05-16,60.39,60.39,54.546,55.52,708709,55.52
2013-05-17,55.52,59.415,55.52,59.415,389107,59.415
2013-05-20,59.415,61.363,58.441,61.363,186750,61.363
2013-05-21,61.363,61.363,60.39,60.39,218269,60.39
2013-05-22,61.363,61.363,60.39,60.39,156566,60.39
2013-05-23,60.39,61.363,55.52,55.52,464157,55.52
2013-05-24,56.494,58.441,54.546,55.52,825749,55.52
2013-05-27,55.52,56.494,53.571,56.494,285926,56.494
2013-05-28,55.52,56.494,55.52,56.494,94042,56.494
2013-05-29,56.494,59.415,56.494,58.441,108725,58.441
2013-05-30,58.441,58.441,57.467,57.467,137779,57.467
2013-05-31,57.467,58.441,55.52,57.467,289109,57.467
2013-06-03,56.494,56.494,55.52,55.52,134493,55.52
2013-06-04,54.546,55.52,54.546,54.546,124843,54.546
2013-06-05,54.546,55.52,54.546,55.52,79464,55.52
2013-06-06,54.546,54.546,53.571,53.571,136137,53.571
2013-06-07,52.596,53.571,49.675,49.675,290136,49.675
2013-06-10,50.65,51.624,50.65,50.65,324324,50.65
2013-06-11,51.624,53.571,51.624,53.571,90039,53.571
2013-06-12,53.571,55.52,53.571,55.52,103693,55.52
2013-06-13,55.52,56.494,54.546,55.52,158415,55.52
2013-06-14,55.52,55.52,55.52,55.52,42607,55.52
2013-06-17,56.494,56.494,54.546,55.52,71148,55.52
2013-06-18,56.494,56.494,54.546,55.52,76282,55.52
2013-06-19,55.52,56.494,54.546,56.494,119505,56.494
2013-06-20,56.494,57.467,55.52,56.494,115295,56.494
2013-06-21,56.494,57.467,56.494,56.494,110675,56.494
2013-06-24,56.494,57.467,56.494,56.494,86753,56.494
2013-06-25,56.494,56.494,54.546,56.494,130798,56.494
2013-06-26,56.494,56.494,55.52,55.52,139422,55.52
2013-06-27,56.494,56.494,55.52,55.52,93426,55.52
2013-06-28,55.52,58.441,55.52,57.467,140961,57.467
2013-07-01,58.441,59.415,57.467,59.415,262622,59.415
2013-07-02,59.415,60.39,59.415,60.39,146095,60.39
2013-07-03,61.363,63.312,60.39,63.312,364981,63.312
2013-07-04,63.312,64.286,63.312,64.286,116014,64.286
2013-07-05,65.26,66.233,64.286,66.233,391366,66.233
2013-07-08,66.233,68.182,66.233,66.233,271450,66.233
2013-07-09,67.208,68.182,67.208,67.208,204410,67.208
2013-07-10,67.208,70.13,67.208,70.13,204203,70.13
2013-07-11,70.13,73.052,70.13,72.078,307795,72.078
2013-07-12,72.078,72.078,68.182,69.155,336439,69.155
2013-07-16,69.155,69.155,69.155,69.155,51642,69.155
2013-07-17,69.155,71.104,68.182,71.104,135623,71.104
2013-07-18,70.13,71.104,69.155,70.13,158005,70.13
2013-07-19,70.13,70.13,68.182,69.155,295680,69.155
2013-07-22,68.182,69.155,67.208,68.182,248864,68.182
2013-07-23,68.182,68.182,67.208,67.208,189523,67.208
2013-07-24,67.208,68.182,67.208,68.182,134185,68.182
2013-07-25,68.182,69.155,68.182,69.155,153897,69.155
2013-07-26,69.155,70.13,68.182,69.155,158723,69.155
2013-07-29,69.155,69.155,68.182,69.155,194862,69.155
2013-07-30,67.208,69.155,67.208,68.182,99792,68.182
2013-07-31,69.155,69.155,68.182,68.182,24845,68.182
2013-08-01,66.233,67.208,60.39,62.338,773594,62.338
2013-08-02,60.39,62.338,59.415,60.39,526064,60.39
2013-08-05,58.441,61.363,58.441,61.363,407177,61.363
2013-08-06,60.39,62.338,59.415,62.338,288700,62.338
2013-08-07,61.363,62.338,60.39,60.39,185519,60.39
2013-08-08,60.39,62.338,60.39,60.39,251635,60.39
2013-08-09,60.39,62.338,60.39,61.363,178948,61.363
2013-08-12,60.39,61.363,59.415,61.363,201022,61.363
2013-08-13,61.363,62.338,60.39,61.363,174944,61.363
2013-08-14,61.363,62.338,61.363,62.338,191577,62.338
2013-08-15,66.233,75.973,65.26,66.233,7109055,66.233
2013-08-16,67.208,68.182,62.338,63.312,1550164,63.312
2013-08-19,63.312,65.26,62.338,65.26,352968,65.26
2013-08-20,64.286,66.233,64.286,64.286,253381,64.286
2013-08-21,64.286,65.26,64.286,65.26,217552,65.26
2013-08-22,64.286,65.26,63.312,63.312,248659,63.312
2013-08-23,64.286,66.233,63.312,65.26,164986,65.26
2013-08-26,65.26,65.26,64.286,64.286,238393,64.286
2013-08-27,64.286,66.233,64.286,65.26,212110,65.26
2013-08-28,65.26,65.26,63.312,63.312,262827,63.312
2013-08-29,63.312,65.26,63.312,65.26,186136,65.26
2013-08-30,64.286,65.26,63.312,64.286,221247,64.286
2013-09-02,64.286,65.26,63.312,63.312,352968,63.312
2013-09-03,64.286,65.26,62.338,63.312,368265,63.312
2013-09-04,63.312,64.286,61.363,61.363,443520,61.363
2013-09-05,61.363,62.338,60.39,61.363,638075,61.363
2013-09-06,60.39,61.363,58.441,59.415,457997,59.415
2013-09-09,60.39,61.363,60.39,61.363,298247,61.363
2013-09-10,61.363,65.26,61.363,64.286,412618,64.286
2013-09-11,65.26,67.208,65.26,67.208,409640,67.208
2013-09-12,67.208,67.208,65.26,65.26,234490,65.26
2013-09-13,65.26,66.233,65.26,65.26,114371,65.26
2013-09-17,65.26,68.182,65.26,68.182,346397,68.182
2013-09-18,68.182,69.155,67.208,69.155,378224,69.155
2013-09-19,69.155,70.13,68.182,69.155,371859,69.155
2013-09-20,69.155,70.13,69.155,69.155,232952,69.155
2013-09-24,69.155,70.13,67.208,67.208,449680,67.208
2013-09-25,67.208,68.182,66.233,66.233,656657,66.233
2013-09-26,65.26,66.233,65.26,66.233,322065,66.233
2013-09-27,66.233,68.182,66.233,67.208,228126,67.208
2013-09-30,67.208,69.155,67.208,69.155,154103,69.155
2013-10-01,68.182,70.13,67.208,67.208,294449,67.208
2013-10-02,67.208,68.182,67.208,68.182,139627,68.182
2013-10-03,68.182,70.13,68.182,70.13,186957,70.13
2013-10-04,70.13,70.13,68.182,68.182,214574,68.182
2013-10-07,68.182,70.13,67.208,70.13,196196,70.13
2013-10-08,69.155,70.13,67.208,70.13,220939,70.13
2013-10-09,69.155,70.13,68.182,70.13,181104,70.13
2013-10-10,70.13,70.13,69.155,70.13,213342,70.13
2013-10-11,69.155,70.13,68.182,69.155,244450,69.155
2013-10-15,70.13,71.104,69.155,69.155,260568,69.155
2013-10-16,69.155,71.104,69.155,70.13,229152,70.13
2013-10-17,71.104,72.078,69.155,69.155,492903,69.155
2013-10-18,69.155,72.078,69.155,71.104,495573,71.104
2013-10-21,71.104,74.026,71.104,72.078,612509,72.078
2013-10-22,72.078,73.052,71.104,73.052,256565,73.052
2013-10-23,73.052,102.27,72.078,99.354,9208179,99.354
2013-10-24,90.585,91.559,79.87,80.844,8673184,80.844
2013-10-25,79.87,80.844,75.973,76.948,2653524,76.948
2013-10-28,75.0,77.922,74.026,75.973,1487950,75.973
2013-10-29,75.973,79.87,75.0,76.948,1440620,76.948
2013-10-30,76.948,78.897,75.973,75.973,1229229,75.973
2013-10-31,75.973,76.948,74.026,74.026,636740,74.026
2013-11-01,75.973,79.87,74.026,75.0,1319987,75.0
2013-11-05,75.0,78.897,74.026,78.897,1179949,78.897
2013-11-06,78.897,78.897,76.948,77.922,496907,77.922
2013-11-07,76.948,79.87,76.948,79.87,595672,79.87
2013-11-08,78.897,79.87,77.922,77.922,628628,77.922
2013-11-11,77.922,78.897,75.973,75.973,630682,75.973
2013-11-12,75.973,77.922,75.973,77.922,580785,77.922
2013-11-13,76.948,78.897,76.948,78.897,448858,78.897
2013-11-14,78.897,80.844,77.922,77.922,1825928,77.922
2013-11-15,76.948,76.948,73.052,75.973,1435897,75.973
2013-11-18,75.973,75.973,75.0,75.973,303174,75.973
2013-11-19,75.973,76.948,75.0,76.948,218680,76.948
2013-11-20,76.948,76.948,75.973,75.973,352249,75.973
2013-11-21,75.973,76.948,75.973,75.973,376068,75.973
2013-11-22,75.973,76.948,75.973,75.973,272684,75.973
2013-11-25,75.973,76.948,75.0,75.973,288596,75.973
2013-11-26,75.973,76.948,75.973,75.973,185416,75.973
2013-11-27,76.948,77.922,75.973,77.922,318062,77.922
2013-11-28,77.922,77.922,76.948,76.948,329869,76.948
2013-11-29,77.922,77.922,74.026,76.948,991864,76.948
2013-12-02,76.948,76.948,75.973,76.948,534483,76.948
2013-12-03,76.948,77.922,75.973,75.973,354920,75.973
2013-12-04,75.973,76.948,75.973,75.973,336849,75.973
2013-12-05,75.973,76.948,75.973,75.973,273093,75.973
2013-12-06,75.973,76.948,75.973,76.948,254819,76.948
2013-12-09,76.948,76.948,75.0,75.0,591771,75.0
2013-12-10,75.0,76.948,75.0,75.973,215498,75.973
2013-12-11,75.973,75.973,75.0,75.0,340443,75.0
2013-12-12,75.973,75.973,75.0,75.973,362311,75.973
2013-12-13,75.973,76.948,74.026,75.0,554709,75.0
2013-12-16,75.0,75.973,74.026,74.026,412618,74.026
2013-12-17,74.026,75.0,74.026,74.026,279973,74.026
2013-12-18,73.052,75.0,73.052,74.026,480173,74.026
2013-12-19,74.026,75.0,74.026,74.026,276379,74.026
2013-12-20,74.026,75.0,73.052,74.026,364774,74.026
2013-12-24,73.052,74.026,72.078,72.078,1298529,72.078
2013-12-25,72.078,73.052,70.13,70.13,1280049,70.13
2013-12-26,69.155,70.13,68.182,68.182,2142758,68.182
2013-12-27,68.182,68.182,67.208,67.208,1349452,67.208
2013-12-30,67.208,71.104,66.233,70.13,1304792,70.13
2014-01-06,70.13,70.13,68.182,69.155,779343,69.155
2014-01-07,70.13,71.104,69.155,70.13,373810,70.13
2014-01-08,71.104,73.052,71.104,73.052,451015,73.052
2014-01-09,73.052,74.026,72.078,73.052,501015,73.052
2014-01-10,74.026,74.026,72.078,73.052,282437,73.052
2014-01-14,73.052,74.026,72.078,73.052,328328,73.052
2014-01-15,74.026,74.026,73.052,74.026,476682,74.026
2014-01-16,74.026,74.026,72.078,72.078,504606,72.078
2014-01-17,73.052,74.026,72.078,73.052,699880,73.052
2014-01-20,74.026,75.973,73.052,75.0,995355,75.0
2014-01-21,75.0,78.897,75.0,76.948,1701497,76.948
2014-01-22,77.922,79.87,76.948,77.922,1088986,77.922
2014-01-23,78.897,78.897,76.948,76.948,359026,76.948
2014-01-24,75.973,77.922,75.0,77.922,596801,77.922
2014-01-27,75.973,83.767,75.973,77.922,3417674,77.922
2014-01-28,77.922,79.87,76.948,78.897,1197094,78.897
2014-01-29,78.897,82.792,78.897,81.818,1288776,81.818
2014-01-30,80.844,80.844,76.948,78.897,1090320,78.897
2014-01-31,79.87,80.844,76.948,76.948,728216,76.948
2014-02-03,76.948,91.559,75.973,85.713,5763917,85.713
2014-02-04,78.897,84.74,74.026,80.844,2794999,80.844
2014-02-05,82.792,104.23,82.792,103.25,8106772,103.25
2014-02-06,99.354,103.25,85.713,86.688,7425886,86.688
2014-02-07,89.61,90.585,79.87,79.87,3258129,79.87
2014-02-10,81.818,87.663,78.897,80.844,2049536,80.844
2014-02-12,81.818,85.713,80.844,84.74,1018455,84.74
2014-02-13,84.74,87.663,83.767,86.688,1018249,86.688
2014-02-14,88.636,88.636,78.897,82.792,1092170,82.792
2014-02-17,86.688,87.663,82.792,85.713,1302327,85.713
2014-02-18,85.713,86.688,83.767,83.767,503581,83.767
2014-02-19,85.713,89.61,83.767,89.61,839814,89.61
2014-02-20,89.61,92.532,85.713,87.663,1257360,87.663
2014-02-21,88.636,88.636,84.74,86.688,598650,86.688
2014-02-24,87.663,88.636,85.713,87.663,353481,87.663
2014-02-25,87.663,88.636,86.688,88.636,269295,88.636
2014-02-26,87.663,88.636,86.688,87.663,345782,87.663
2014-02-27,88.636,90.585,87.663,87.663,738995,87.663
2014-02-28,87.663,87.663,84.74,85.713,620210,85.713
2014-03-03,86.688,86.688,81.818,82.792,715792,82.792
2014-03-04,81.818,83.767,81.818,82.792,123405,82.792
2014-03-05,83.767,87.663,83.767,87.663,737763,87.663
2014-03-06,86.688,88.636,84.74,87.663,973693,87.663
2014-03-07,88.636,88.636,86.688,86.688,327917,86.688
2014-03-10,87.663,87.663,82.792,84.74,805420,84.74
2014-03-11,84.74,85.713,83.767,85.713,311799,85.713
2014-03-12,85.713,86.688,84.74,84.74,206155,84.74
2014-03-13,84.74,85.713,82.792,82.792,248248,82.792
2014-03-14,82.792,84.74,82.792,83.767,311080,83.767
2014-03-17,83.767,84.74,82.792,82.792,220119,82.792
2014-03-18,82.792,84.74,81.818,84.74,254510,84.74
2014-03-19,84.74,92.532,84.74,89.61,1906624,89.61
2014-03-20,88.636,89.61,82.792,84.74,801314,84.74
2014-03-24,84.74,87.663,84.74,85.713,386027,85.713
2014-03-25,85.713,87.663,84.74,84.74,583251,84.74
2014-03-26,85.713,85.713,82.792,83.767,1117014,83.767
2014-03-27,82.792,82.792,80.844,81.818,440542,81.818
2014-03-28,81.818,82.792,80.844,82.792,384590,82.792
2014-03-31,82.792,85.713,82.792,85.713,292806,85.713
2014-04-01,86.688,90.585,86.688,89.61,1207874,89.61
2014-04-02,89.61,91.559,88.636,91.559,578835,91.559
2014-04-03,91.559,94.48,91.559,94.48,1207258,94.48
2014-04-04,96.429,96.429,92.532,93.506,1435693,93.506
2014-04-07,93.506,93.506,91.559,93.506,337671,93.506
2014-04-08,93.506,94.48,92.532,93.506,265804,93.506
2014-04-09,92.532,94.48,91.559,91.559,541464,91.559
2014-04-10,91.559,92.532,87.663,91.559,849978,91.559
2014-04-11,88.636,96.429,87.663,95.455,1109826,95.455
2014-04-14,93.506,96.429,93.506,96.429,588792,96.429
2014-04-15,97.403,98.376,95.455,97.403,570109,97.403
2014-04-16,97.403,101.31,96.429,100.32,1447601,100.32
2014-04-17,99.354,100.32,96.429,96.429,964349,96.429
2014-04-18,96.429,99.354,96.429,98.376,513641,98.376
2014-04-21,98.376,99.354,97.403,98.376,412104,98.376
2014-04-22,98.376,103.25,98.376,101.31,1922332,101.31
2014-04-23,101.31,112.99,100.32,110.07,5255407,110.07
2014-04-24,112.01,112.01,106.16,109.09,2752803,109.09
2014-04-25,108.12,117.86,108.12,115.91,3643438,115.91
2014-04-28,116.87,121.75,114.94,114.94,3202381,114.94
2014-04-30,116.87,118.83,114.94,116.87,1736710,116.87
2014-05-01,115.91,122.73,114.94,121.75,1739072,121.75
2014-05-02,125.65,139.29,121.75,138.31,6937910,138.31
2014-05-07,133.44,137.33,130.52,133.44,3295191,133.44
2014-05-08,134.41,148.05,134.41,147.08,6230126,147.08
2014-05-09,145.13,146.11,112.99,116.87,12516821,116.87
2014-05-12,115.91,116.87,111.04,111.04,1939271,111.04
2014-05-13,112.99,113.96,108.12,111.04,1835886,111.04
2014-05-14,113.96,114.94,99.354,106.16,4337670,106.16
2014-05-15,112.01,116.87,111.04,112.99,4771333,112.99
2014-05-16,111.04,117.86,110.07,117.86,1900362,117.86
2014-05-19,115.91,119.81,113.96,118.83,1210954,118.83
2014-05-20,118.83,124.68,117.86,123.69,2120582,123.69
2014-05-21,122.73,131.5,121.75,130.52,1738867,130.52
2014-05-22,131.5,138.31,127.6,135.39,2897359,135.39
2014-05-23,134.41,138.31,131.5,135.39,2465850,135.39
2014-05-26,135.39,141.24,135.39,141.24,1451400,141.24
2014-05-27,139.29,141.24,136.37,136.37,1468647,136.37
2014-05-28,136.37,138.31,133.44,136.37,1028824,136.37
2014-05-29,134.41,136.37,133.44,134.41,573291,134.41
2014-05-30,133.44,144.16,133.44,143.19,1214445,143.19
2014-06-02,145.13,150.97,144.16,150.97,2906598,150.97
2014-06-03,152.93,154.86,148.05,154.86,1842560,154.86
2014-06-04,154.86,157.79,151.94,155.85,1772645,155.85
2014-06-05,152.93,153.9,148.05,149.03,1522342,149.03
2014-06-06,150.0,150.97,143.19,147.08,1517620,147.08
2014-06-09,145.13,148.05,144.16,147.08,350710,147.08
2014-06-10,146.11,147.08,139.29,141.24,673801,141.24
2014-06-11,139.29,151.94,135.39,151.94,1139292,151.94
2014-06-12,150.97,150.97,142.21,148.05,932727,148.05
2014-06-13,146.11,152.93,146.11,146.11,1133338,146.11
2014-06-16,147.08,149.03,143.19,144.16,481096,144.16
2014-06-17,143.19,148.05,143.19,145.13,298041,145.13
2014-06-18,146.11,147.08,141.24,145.13,461075,145.13
2014-06-19,144.16,145.13,139.29,145.13,608711,145.13
2014-06-20,145.13,146.11,144.16,145.13,229459,145.13
2014-06-23,145.13,146.11,144.16,144.16,214778,144.16
2014-06-24,143.19,144.16,140.25,140.25,449167,140.25
2014-06-25,140.25,140.25,135.39,136.37,294551,136.37
2014-06-26,134.41,136.37,133.44,136.37,262109,136.37
2014-06-27,133.44,134.41,130.52,133.44,271040,133.44
2014-06-30,129.54,132.46,124.68,132.46,619388,132.46
2014-07-01,134.41,146.11,133.44,144.16,921434,144.16
2014-07-02,148.05,150.97,148.05,150.0,1094428,150.0
2014-07-03,149.03,150.0,146.11,149.03,372476,149.03
2014-07-04,149.03,149.03,145.13,146.11,304201,146.11
2014-07-07,146.11,146.11,138.31,138.31,398552,138.31
2014-07-08,135.39,143.19,135.39,141.24,311080,141.24
2014-07-09,141.24,143.19,140.25,142.21,304509,142.21
2014-07-10,140.25,142.21,137.33,137.33,289623,137.33
2014-07-11,137.33,140.25,137.33,139.29,155130,139.29
2014-07-14,137.33,138.31,136.37,138.31,130284,138.31
2014-07-15,138.31,139.29,136.37,136.37,123303,136.37
2014-07-16,137.33,137.33,134.41,135.39,158415,135.39
2014-07-17,135.39,135.39,132.46,132.46,139832,132.46
2014-07-18,131.5,131.5,129.54,130.52,137779,130.52
2014-07-22,128.57,130.52,128.57,128.57,154308,128.57
2014-07-23,128.57,135.39,128.57,130.52,327507,130.52
2014-07-24,130.52,132.46,129.54,130.52,143733,130.52
2014-07-25,132.46,134.41,131.5,134.41,113447,134.41
2014-07-28,132.46,134.41,132.46,133.44,74536,133.44
2014-07-29,132.46,133.44,130.52,131.5,132338,131.5
2014-07-30,130.52,133.44,129.54,132.46,94248,132.46
2014-07-31,133.44,133.44,130.52,130.52,107492,130.52
2014-08-01,129.54,131.5,129.54,130.52,138703,130.52
2014-08-04,128.57,129.54,125.65,127.6,975847,127.6
2014-08-05,125.65,126.62,124.68,125.65,216832,125.65
2014-08-06,124.68,126.62,123.69,124.68,191474,124.68
2014-08-07,122.73,123.69,117.86,120.78,370935,120.78
2014-08-08,118.83,119.81,115.91,119.81,138806,119.81
2014-08-11,120.78,125.65,118.83,124.68,152666,124.68
2014-08-12,122.73,129.54,119.81,128.57,251535,128.57
2014-08-13,126.62,127.6,124.68,126.62,238186,126.62
2014-08-14,124.68,125.65,117.86,119.81,361285,119.81
2014-08-15,119.81,121.75,118.83,119.81,142399,119.81
2014-08-18,119.81,121.75,119.81,121.75,75564,121.75
2014-08-19,121.75,122.73,120.78,121.75,76282,121.75
2014-08-20,121.75,123.69,120.78,123.69,200816,123.69
2014-08-21,122.73,123.69,121.75,121.75,120736,121.75
2014-08-22,121.75,121.75,119.81,119.81,142605,119.81
2014-08-25,119.81,119.81,117.86,119.81,143939,119.81
2014-08-26,117.86,118.83,116.87,116.87,278021,116.87
2014-08-27,116.87,119.81,116.87,117.86,156772,117.86
2014-08-28,117.86,120.78,117.86,119.81,224018,119.81
2014-08-29,119.81,121.75,118.83,120.78,158620,120.78
2014-09-01,122.73,126.62,121.75,125.65,486846,125.65
2014-09-02,126.62,126.62,124.68,124.68,195170,124.68
2014-09-03,124.68,143.19,124.68,134.41,2104463,134.41
2014-09-04,131.5,143.19,124.68,125.65,2215959,125.65
2014-09-05,126.62,137.33,121.75,126.62,771849,126.62
2014-09-08,126.62,128.57,125.65,125.65,188803,125.65
2014-09-09,126.62,126.62,124.68,125.65,179051,125.65
2014-09-10,124.68,125.65,122.73,123.69,181104,123.69
2014-09-11,123.69,124.68,122.73,122.73,32853,122.73
2014-09-12,122.73,128.57,121.75,126.62,260260,126.62
2014-09-16,126.62,135.39,123.69,127.6,350914,127.6
2014-09-17,131.5,135.39,129.54,131.5,637663,131.5
2014-09-18,130.52,131.5,127.6,128.57,274429,128.57
2014-09-19,127.6,127.6,124.68,125.65,252252,125.65
2014-09-22,124.68,126.62,124.68,124.68,67144,124.68
2014-09-24,124.68,124.68,123.69,123.69,68890,123.69
2014-09-25,124.68,125.65,122.73,122.73,137984,122.73
2014-09-26,122.73,124.68,121.75,122.73,203999,122.73
2014-09-29,123.69,123.69,121.75,121.75,66631,121.75
2014-09-30,121.75,121.75,119.81,120.78,126382,120.78
2014-10-01,121.75,124.68,120.78,122.73,460049,122.73
2014-10-02,122.73,125.65,122.73,124.68,266113,124.68
2014-10-03,123.69,124.68,123.69,123.69,120531,123.69
2014-10-06,124.68,124.68,122.73,123.69,75974,123.69
2014-10-07,122.73,123.69,119.81,119.81,204512,119.81
2014-10-08,119.81,121.75,118.83,120.78,121968,120.78
2014-10-09,119.81,120.78,117.86,117.86,152357,117.86
2014-10-10,117.86,119.81,116.87,116.87,140654,116.87
2014-10-14,116.87,116.87,112.01,113.96,296091,113.96
2014-10-15,114.94,117.86,114.94,116.87,154616,116.87
2014-10-16,116.87,116.87,114.94,114.94,128539,114.94
2014-10-17,113.96,114.94,113.96,113.96,77616,113.96
2014-10-20,114.94,116.87,114.94,115.91,57904,115.91
2014-10-21,113.96,115.91,113.96,113.96,43017,113.96
2014-10-22,114.94,117.86,113.96,116.87,112421,116.87
2014-10-23,116.87,116.87,114.94,114.94,31621,114.94
2014-10-24,116.87,117.86,115.91,115.91,38910,115.91
2014-10-27,116.87,117.86,115.91,116.87,49485,116.87
2014-10-28,115.91,116.87,115.91,115.91,14475,115.91
2014-10-29,115.91,116.87,115.91,115.91,59444,115.91
2014-10-30,115.91,116.87,115.91,115.91,37577,115.91
2014-10-31,115.91,118.83,115.91,118.83,113035,118.83
2014-11-04,119.81,120.78,115.91,116.87,233259,116.87
2014-11-05,116.87,118.83,114.94,115.91,183773,115.91
2014-11-06,115.91,116.87,114.94,115.91,107492,115.91
2014-11-07,116.87,117.86,115.91,115.91,101229,115.91
2014-11-10,116.87,116.87,115.91,116.87,86548,116.87
2014-11-11,115.91,117.86,115.91,117.86,101229,117.86
2014-11-12,116.87,117.86,115.91,116.87,85522,116.87
2014-11-13,115.91,116.87,114.94,115.91,117348,115.91
2014-11-14,114.94,115.91,113.96,114.94,168168,114.94
2014-11-17,114.94,115.91,113.96,113.96,63037,113.96
2014-11-18,113.96,114.94,112.99,112.99,118580,112.99
2014-11-19,113.96,114.94,112.01,112.99,781910,112.99
2014-11-20,112.01,113.96,112.01,112.99,291471,112.99
2014-11-21,113.96,113.96,112.01,112.99,107492,112.99
2014-11-25,112.99,113.96,112.01,112.01,99382,112.01
2014-11-26,112.01,125.65,112.01,125.65,1236107,125.65
2014-11-27,122.73,124.68,116.87,120.78,1735479,120.78
2014-11-28,120.78,124.68,119.81,123.69,431405,123.69
2014-12-01,121.75,123.69,120.78,122.73,799158,122.73
2014-12-02,121.75,132.46,121.75,129.54,3292523,129.54
2014-12-03,129.54,133.44,123.69,124.68,1987011,124.68
2014-12-04,126.62,130.52,125.65,130.52,1094119,130.52
2014-12-05,131.5,133.44,125.65,133.44,1662277,133.44
2014-12-08,138.31,139.29,131.5,134.41,1740613,134.41
2014-12-09,132.46,132.46,124.68,124.68,938067,124.68
2014-12-10,123.69,128.57,121.75,126.62,875234,126.62
2014-12-11,124.68,126.62,121.75,125.65,318370,125.65
2014-12-12,123.69,132.46,123.69,129.54,535818,129.54
2014-12-15,128.57,128.57,125.65,126.62,219604,126.62
2014-12-16,123.69,126.62,121.75,121.75,584789,121.75
2014-12-17,119.81,121.75,118.83,119.81,339929,119.81
2014-12-18,120.78,120.78,117.86,118.83,461487,118.83
2014-12-19,121.75,124.68,119.81,120.78,1409819,120.78
2014-12-22,119.81,120.78,116.87,118.83,630066,118.83
2014-12-24,118.83,120.78,116.87,117.86,698031,117.86
2014-12-25,116.87,118.83,115.91,116.87,439003,116.87
2014-12-26,116.87,118.83,116.87,118.83,196607,118.83
2014-12-29,118.83,126.62,118.83,125.65,772568,125.65
2014-12-30,126.62,126.62,120.78,124.68,353277,124.68
2015-01-05,121.75,122.73,119.81,122.73,290239,122.73
2015-01-06,121.75,121.75,118.83,118.83,238495,118.83
2015-01-07,117.86,120.78,117.86,120.78,239829,120.78
2015-01-08,119.81,119.81,115.91,118.83,1056133,118.83
2015-01-09,118.83,118.83,116.87,117.86,125870,117.86
2015-01-13,117.86,118.83,115.91,115.91,129771,115.91
2015-01-14,116.87,116.87,113.96,114.94,308719,114.94
2015-01-15,114.94,116.87,113.96,116.87,217860,116.87
2015-01-16,115.91,115.91,113.96,115.91,200303,115.91
2015-01-19,115.91,115.91,113.96,115.91,58623,115.91
2015-01-20,116.87,117.86,114.94,116.87,158005,116.87
2015-01-21,115.91,117.86,114.94,116.87,183877,116.87
2015-01-22,115.91,116.87,113.96,115.91,264469,115.91
2015-01-23,114.94,115.91,112.99,113.96,365186,113.96
2015-01-26,114.94,115.91,112.99,112.99,229768,112.99
2015-01-27,113.96,113.96,112.01,112.99,334077,112.99
2015-01-28,112.99,114.94,112.99,114.94,161083,114.94
2015-01-29,114.94,114.94,112.99,112.99,90449,112.99
2015-01-30,112.99,114.94,112.99,113.96,159030,113.96
2015-02-02,113.96,114.94,112.99,113.96,81312,113.96
2015-02-03,113.96,114.94,112.01,112.01,219604,112.01
2015-02-04,112.99,113.96,112.01,112.99,48767,112.99
2015-02-05,113.96,113.96,112.99,113.96,85214,113.96
2015-02-06,112.99,113.96,112.01,112.99,168373,112.99
2015-02-09,113.96,113.96,112.01,113.96,241061,113.96
2015-02-10,112.99,113.96,112.01,112.99,69711,112.99
2015-02-12,112.99,113.96,112.01,112.01,140859,112.01
2015-02-13,112.99,113.96,112.99,112.99,106363,112.99
2015-02-16,113.96,116.87,112.99,113.96,483355,113.96
2015-02-17,112.01,112.99,111.04,112.01,531505,112.01
2015-02-18,112.99,112.99,112.01,112.99,140961,112.99
2015-02-19,112.99,113.96,112.01,112.99,140550,112.99
2015-02-20,112.99,113.96,112.01,112.99,171762,112.99
2015-02-23,112.99,112.99,112.01,112.99,202356,112.99
2015-02-24,112.99,113.96,112.01,112.99,195580,112.99
2015-02-25,112.99,115.91,112.01,114.94,564564,114.94
2015-02-26,115.91,120.78,114.94,118.83,1302738,118.83
2015-02-27,118.83,118.83,112.99,112.99,896179,112.99
2015-03-02,114.94,115.91,112.99,113.96,189934,113.96
2015-03-03,115.91,115.91,112.99,112.99,283668,112.99
2015-03-04,114.94,114.94,112.99,113.96,261697,113.96
2015-03-05,113.96,114.94,112.99,113.96,165909,113.96
2015-03-06,114.94,115.91,113.96,114.94,167860,114.94
2015-03-09,115.91,115.91,113.96,113.96,145991,113.96
2015-03-10,114.94,114.94,112.99,112.99,325146,112.99
2015-03-11,112.99,112.99,112.01,112.99,375247,112.99
2015-03-12,112.99,112.99,112.01,112.01,253176,112.01
2015-03-13,112.01,112.99,112.01,112.01,152256,112.01
2015-03-16,112.99,112.99,112.01,112.99,152153,112.99
2015-03-17,112.99,112.99,112.01,112.99,102667,112.99
2015-03-18,112.99,112.99,112.01,112.99,257797,112.99
2015-03-19,112.99,112.99,112.01,112.01,77924,112.01
2015-03-20,112.99,113.96,112.01,112.99,88601,112.99
2015-03-23,113.96,117.86,112.99,117.86,660865,117.86
2015-03-24,116.87,116.87,113.96,115.91,621544,115.91
2015-03-25,114.94,115.91,112.99,113.96,630374,113.96
2015-03-26,113.96,114.94,112.99,113.96,890018,113.96
2015-03-27,112.01,112.99,111.04,111.04,425861,111.04
2015-03-30,112.01,112.01,111.04,112.01,158312,112.01
2015-03-31,112.01,112.01,110.07,110.07,219398,110.07
2015-04-01,110.07,111.04,108.12,109.09,276379,109.09
2015-04-02,109.09,111.04,109.09,110.07,68581,110.07
2015-04-03,110.07,111.04,109.09,109.09,83159,109.09
2015-04-06,109.09,110.07,108.12,108.12,117041,108.12
2015-04-07,109.09,111.04,108.12,111.04,127102,111.04
2015-04-08,111.04,111.04,109.09,111.04,127204,111.04
2015-04-09,111.04,111.04,109.09,110.07,118273,110.07
2015-04-10,110.07,111.04,109.09,111.04,128231,111.04
2015-04-13,110.07,110.07,109.09,110.07,90552,110.07
2015-04-14,110.07,111.04,109.09,110.07,137060,110.07
2015-04-15,110.07,111.04,109.09,109.09,145171,109.09
2015-04-16,110.07,111.04,109.09,109.09,78334,109.09
2015-04-17,110.07,111.04,109.09,109.09,80491,109.09
2015-04-20,109.09,110.07,108.12,109.09,267035,109.09
2015-04-21,109.09,109.09,108.12,108.12,80388,108.12
2015-04-22,109.09,109.09,108.12,109.09,181413,109.09
2015-04-23,109.09,109.09,108.12,108.12,122584,108.12
2015-04-24,108.12,109.09,108.12,108.12,74639,108.12
2015-04-27,108.12,109.09,106.16,107.15,723185,107.15
2015-04-28,107.15,108.12,106.16,106.16,176792,106.16
2015-04-30,106.16,107.15,106.16,106.16,113960,106.16
2015-05-01,106.16,107.15,105.19,105.19,176484,105.19
2015-05-07,104.23,106.16,104.23,106.16,127102,106.16
2015-05-08,106.16,107.15,105.19,107.15,67452,107.15
2015-05-11,107.15,107.15,106.16,106.16,83468,106.16
2015-05-12,107.15,108.12,106.16,107.15,85932,107.15
2015-05-13,107.15,107.15,106.16,107.15,41786,107.15
2015-05-14,106.16,107.15,105.19,105.19,101538,105.19
2015-05-15,105.19,107.15,105.19,106.16,81517,106.16
2015-05-18,106.16,107.15,105.19,106.16,62935,106.16
2015-05-19,106.16,107.15,105.19,105.19,67041,105.19
2015-05-20,105.19,106.16,105.19,105.19,86958,105.19
2015-05-21,105.19,106.16,104.23,106.16,111393,106.16
2015-05-22,105.19,106.16,104.23,104.23,204718,104.23
2015-05-25,105.19,105.19,104.23,105.19,86958,105.19
2015-05-26,104.23,105.19,104.23,104.23,105439,104.23
2015-05-27,104.23,105.19,103.25,105.19,130079,105.19
2015-05-28,104.23,105.19,103.25,104.23,127923,104.23
2015-05-29,103.25,105.19,103.25,104.23,259542,104.23
2015-06-01,104.23,105.19,103.25,105.19,84803,105.19
2015-06-02,104.23,105.19,102.27,104.23,356459,104.23
2015-06-03,103.25,104.23,103.25,103.25,136239,103.25
2015-06-04,103.25,103.25,101.31,102.27,388286,102.27
2015-06-05,101.31,103.25,100.32,101.31,300506,101.31
2015-06-08,101.31,101.31,100.32,100.32,256565,100.32
2015-06-09,100.32,101.31,99.354,100.32,116014,100.32
2015-06-10,101.31,101.31,100.32,100.32,80799,100.32
2015-06-11,100.32,101.31,100.32,101.31,85316,101.31
2015-06-12,101.31,103.25,101.31,102.27,190447,102.27
2015-06-15,102.27,103.25,101.31,101.31,100306,101.31
2015-06-16,101.31,102.27,100.32,101.31,125458,101.31
2015-06-17,100.32,102.27,100.32,102.27,92502,102.27
2015-06-18,100.32,102.27,100.32,101.31,63140,101.31
2015-06-19,101.31,102.27,100.32,101.31,57699,101.31
2015-06-22,101.31,101.31,100.32,100.32,39836,100.32
2015-06-23,100.32,102.27,100.32,102.27,105439,102.27
2015-06-24,101.31,102.27,101.31,101.31,95069,101.31
2015-06-25,101.31,102.27,101.31,102.27,84494,102.27
2015-06-26,102.27,103.25,101.31,101.31,186750,101.31
2015-06-29,100.32,100.32,99.354,99.354,406869,99.354
2015-06-30,99.354,99.354,98.376,99.354,166013,99.354
2015-07-01,99.354,101.31,99.354,101.31,95173,101.31
2015-07-02,101.31,101.31,98.376,99.354,337465,99.354
2015-07-03,99.354,100.32,98.376,99.354,100100,99.354
2015-07-06,98.376,99.354,98.376,98.376,272785,98.376
2015-07-07,98.376,99.354,98.376,99.354,148763,99.354
2015-07-08,99.354,99.354,97.403,97.403,185108,97.403
2015-07-09,97.403,97.403,92.532,95.455,660557,95.455
2015-07-10,97.403,97.403,95.455,96.429,114063,96.429
2015-07-13,97.403,97.403,96.429,97.403,66220,97.403
2015-07-14,96.429,101.31,96.429,100.32,641974,100.32
2015-07-15,101.31,107.15,100.32,101.31,2478684,101.31
2015-07-16,101.31,102.27,99.354,101.31,608301,101.31
2015-07-17,102.27,106.16,102.27,104.23,1076769,104.23
2015-07-21,106.16,110.07,103.25,109.09,2544287,109.09
2015-07-22,109.09,111.04,105.19,106.16,1771412,106.16
2015-07-23,106.16,107.15,103.25,103.25,543518,103.25
2015-07-24,105.19,105.19,103.25,103.25,279766,103.25
2015-07-27,103.25,104.23,99.354,99.354,840327,99.354
2015-07-28,99.354,101.31,98.376,99.354,236443,99.354
2015-07-29,102.27,105.19,100.32,105.19,1066399,105.19
2015-07-30,104.23,104.23,102.27,103.25,426272,103.25
2015-07-31,102.27,103.25,101.31,103.25,245065,103.25
2015-08-03,103.25,103.25,101.31,103.25,228435,103.25
2015-08-04,102.27,103.25,102.27,102.27,140038,102.27
2015-08-05,102.27,103.25,101.31,102.27,87164,102.27
2015-08-06,102.27,102.27,100.32,101.31,158518,101.31
2015-08-07,101.31,101.31,99.354,99.354,160161,99.354
2015-08-10,100.32,101.31,98.376,99.354,396498,99.354
2015-08-11,99.354,100.32,98.376,100.32,128949,100.32
2015-08-12,99.354,100.32,98.376,99.354,123097,99.354
2015-08-13,98.376,100.32,98.376,99.354,87883,99.354
2015-08-14,98.376,99.354,98.376,99.354,189112,99.354
2015-08-17,99.354,99.354,97.403,99.354,143630,99.354
2015-08-18,99.354,99.354,97.403,98.376,241061,98.376
2015-08-19,97.403,98.376,97.403,97.403,81826,97.403
2015-08-20,97.403,97.403,96.429,97.403,117451,97.403
2015-08-21,96.429,97.403,95.455,96.429,341162,96.429
2015-08-24,94.48,94.48,89.61,89.61,560253,89.61
2015-08-25,82.792,89.61,79.87,82.792,561895,82.792
2015-08-26,85.713,88.636,83.767,88.636,172583,88.636
2015-08-27,87.663,89.61,87.663,87.663,136137,87.663
2015-08-28,89.61,91.559,88.636,90.585,147326,90.585
2015-08-31,91.559,92.532,90.585,90.585,104001,90.585
2015-09-01,90.585,91.559,87.663,88.636,175457,88.636
2015-09-02,87.663,88.636,86.688,88.636,78848,88.636
2015-09-03,89.61,89.61,87.663,87.663,49280,87.663
2015-09-04,87.663,88.636,85.713,86.688,116527,86.688
2015-09-07,86.688,86.688,83.767,84.74,181515,84.74
2015-09-08,84.74,85.713,82.792,82.792,220219,82.792
2015-09-09,83.767,85.713,82.792,85.713,345473,85.713
2015-09-10,83.767,84.74,83.767,84.74,88601,84.74
2015-09-11,84.74,85.713,83.767,84.74,69608,84.74
2015-09-14,84.74,85.713,83.767,83.767,99382,83.767
2015-09-15,83.767,86.688,83.767,84.74,53489,84.74
2015-09-16,85.713,85.713,84.74,84.74,113035,84.74
2015-09-17,83.767,85.713,83.767,85.713,122172,85.713
2015-09-18,85.713,85.713,84.74,84.74,54106,84.74
2015-09-24,83.767,83.767,82.792,82.792,179564,82.792
2015-09-25,82.792,84.74,81.818,84.74,76075,84.74
2015-09-28,82.792,83.767,82.792,83.767,61908,83.767
2015-09-29,83.767,83.767,80.844,80.844,123918,80.844
2015-09-30,82.792,82.792,80.844,82.792,74536,82.792
2015-10-01,81.818,83.767,81.818,83.767,56774,83.767
2015-10-02,82.792,82.792,81.818,82.792,22792,82.792
2015-10-05,82.792,82.792,81.818,81.818,52770,81.818
2015-10-06,82.792,84.74,82.792,83.767,184697,83.767
2015-10-07,82.792,84.74,82.792,84.74,60677,84.74
2015-10-08,84.74,84.74,81.818,83.767,260363,83.767
2015-10-09,83.767,84.74,82.792,83.767,135520,83.767
2015-10-13,83.767,84.74,83.767,84.74,30903,84.74
2015-10-14,83.767,84.74,83.767,83.767,308616,83.767
2015-10-15,83.767,85.713,83.767,85.713,47432,85.713
2015-10-16,85.713,85.713,83.767,83.767,70122,83.767
2015-10-19,84.74,85.713,83.767,83.767,194040,83.767
2015-10-20,84.74,84.74,83.767,83.767,68479,83.767
2015-10-21,84.74,84.74,82.792,83.767,136957,83.767
2015-10-22,83.767,84.74,82.792,83.767,81005,83.767
2015-10-23,83.767,84.74,83.767,83.767,51128,83.767
2015-10-26,84.74,84.74,83.767,83.767,88909,83.767
2015-10-27,84.74,86.688,84.74,84.74,182849,84.74
2015-10-28,84.74,104.23,83.767,97.403,6962961,97.403
2015-10-29,97.403,108.12,97.403,105.19,6229304,105.19
2015-10-30,103.25,116.87,101.31,116.87,3712840,116.87
2015-11-02,112.99,125.65,95.455,112.01,11520747,112.01
2015-11-04,112.01,118.83,106.16,116.87,3621980,116.87
2015-11-05,118.83,121.75,109.09,114.94,3816225,114.94
2015-11-06,112.01,114.94,106.16,111.04,2349528,111.04
2015-11-09,111.04,111.04,107.15,108.12,807884,108.12
2015-11-10,107.15,111.04,107.15,109.09,426068,109.09
2015-11-11,109.09,109.09,105.19,107.15,605220,107.15
2015-11-12,106.16,107.15,104.23,104.23,342906,104.23
2015-11-13,106.16,108.12,104.23,105.19,313647,105.19
2015-11-16,103.25,105.19,102.27,104.23,157798,104.23
2015-11-17,103.25,105.19,102.27,104.23,227304,104.23
2015-11-18,104.23,107.15,104.23,107.15,191166,107.15
2015-11-19,106.16,110.07,106.16,110.07,590334,110.07
2015-11-20,107.15,108.12,106.16,106.16,190345,106.16
2015-11-24,107.15,108.12,106.16,106.16,256769,106.16
2015-11-25,106.16,110.07,105.19,107.15,327404,107.15
2015-11-26,108.12,109.09,105.19,106.16,296501,106.16
2015-11-27,107.15,107.15,103.25,103.25,569697,103.25
2015-11-30,104.23,104.23,100.32,100.32,306255,100.32
2015-12-01,101.31,102.27,95.455,97.403,1300684,97.403
2015-12-02,98.376,98.376,95.455,97.403,416519,97.403
2015-12-03,96.429,97.403,95.455,96.429,110469,96.429
2015-12-04,96.429,98.376,95.455,98.376,190961,98.376
2015-12-07,98.376,98.376,93.506,97.403,865685,97.403
2015-12-08,97.403,97.403,93.506,94.48,450194,94.48
2015-12-09,94.48,95.455,93.506,95.455,127513,95.455
2015-12-10,94.48,95.455,91.559,92.532,251535,92.532
2015-12-11,93.506,93.506,91.559,93.506,302661,93.506
2015-12-14,91.559,93.506,91.559,93.506,108930,93.506
2015-12-15,93.506,93.506,90.585,90.585,302559,90.585
2015-12-16,91.559,92.532,90.585,90.585,185621,90.585
2015-12-17,92.532,93.506,90.585,92.532,101846,92.532
2015-12-18,92.532,92.532,89.61,90.585,303894,90.585
2015-12-21,90.585,91.559,89.61,91.559,118991,91.559
2015-12-22,90.585,90.585,87.663,87.663,661072,87.663
2015-12-24,88.636,88.636,84.74,85.713,770103,85.713
2015-12-25,85.713,85.713,82.792,82.792,708297,82.792
2015-12-28,85.713,89.61,85.713,89.61,226175,89.61
2015-12-29,88.636,88.636,87.663,87.663,95480,87.663
2015-12-30,86.688,87.663,84.74,87.663,288596,87.663
2016-01-04,88.636,90.585,87.663,87.663,204307,87.663
2016-01-05,88.636,88.636,85.713,88.636,325762,88.636
2016-01-06,87.663,87.663,85.713,87.663,341162,87.663
2016-01-07,86.688,87.663,85.713,85.713,93221,85.713
2016-01-08,86.688,89.61,85.713,87.663,659429,87.663
2016-01-12,86.688,86.688,79.87,81.818,855933,81.818
2016-01-13,80.844,83.767,80.844,82.792,466517,82.792
2016-01-14,84.74,84.74,81.818,83.767,281923,83.767
2016-01-15,84.74,85.713,83.767,84.74,161083,84.74
2016-01-18,82.792,82.792,80.844,82.792,311080,82.792
2016-01-19,81.818,81.818,80.844,80.844,175869,80.844
2016-01-20,81.818,82.792,79.87,79.87,194656,79.87
2016-01-21,79.87,80.844,77.922,77.922,372064,77.922
2016-01-22,78.897,79.87,77.922,79.87,377094,79.87
2016-01-25,80.844,81.818,75.0,79.87,1257565,79.87
2016-01-26,78.897,78.897,75.973,76.948,633044,76.948
2016-01-27,76.948,78.897,75.0,75.0,703371,75.0
2016-01-28,75.973,77.922,75.0,77.922,206462,77.922
2016-01-29,76.948,78.897,75.0,77.922,470830,77.922
2016-02-01,79.87,80.844,76.948,78.897,659634,78.897
2016-02-02,78.897,82.792,78.897,81.818,594030,81.818
2016-02-03,79.87,79.87,78.897,78.897,241884,78.897
2016-02-04,79.87,80.844,77.922,80.844,233876,80.844
2016-02-05,78.897,78.897,76.948,78.897,327096,78.897
2016-02-08,77.922,81.818,76.948,80.844,375863,80.844
2016-02-09,77.922,78.897,75.973,76.948,442596,76.948
2016-02-10,76.948,77.922,75.0,76.948,452041,76.948
2016-02-12,75.0,75.973,73.052,75.0,489002,75.0
2016-02-15,75.973,76.948,74.026,76.948,302661,76.948
2016-02-16,76.948,76.948,75.0,76.948,264983,76.948
2016-02-17,77.922,78.897,75.0,75.973,273504,75.973
2016-02-18,75.973,77.922,75.973,77.922,126691,77.922
2016-02-19,77.922,77.922,75.0,75.973,162419,75.973
2016-02-22,75.973,77.922,75.973,76.948,79260,76.948
2016-02-23,77.922,78.897,75.973,76.948,182952,76.948
2016-02-24,76.948,84.74,75.973,82.792,1080876,82.792
2016-02-25,81.818,83.767,78.897,81.818,671543,81.818
2016-02-26,81.818,81.818,79.87,79.87,190241,79.87
2016-02-29,80.844,82.792,79.87,80.844,298555,80.844
2016-03-01,81.818,82.792,79.87,81.818,356870,81.818
2016-03-02,81.818,84.74,80.844,81.818,372064,81.818
2016-03-03,82.792,82.792,81.818,81.818,175561,81.818
2016-03-04,82.792,85.713,82.792,83.767,580478,83.767
2016-03-07,85.713,86.688,83.767,85.713,386643,85.713
2016-03-08,85.713,85.713,83.767,83.767,230486,83.767
2016-03-09,83.767,84.74,83.767,83.767,125048,83.767
2016-03-10,84.74,86.688,84.74,86.688,274633,86.688
2016-03-11,85.713,88.636,85.713,85.713,480481,85.713
2016-03-14,87.663,87.663,85.713,85.713,218577,85.713
2016-03-15,86.688,87.663,85.713,85.713,225045,85.713
2016-03-16,85.713,87.663,85.713,85.713,142605,85.713
2016-03-17,86.688,87.663,85.713,85.713,153179,85.713
2016-03-18,86.688,86.688,84.74,84.74,375657,84.74
2016-03-22,85.713,86.688,84.74,84.74,149380,84.74
2016-03-23,86.688,86.688,85.713,85.713,85111,85.713
2016-03-24,86.688,87.663,85.713,86.688,227510,86.688
2016-03-25,86.688,86.688,85.713,85.713,331305,85.713
2016-03-28,85.713,86.688,83.767,83.767,1246169,83.767
2016-03-29,81.818,81.818,79.87,79.87,485203,79.87
2016-03-30,80.844,80.844,78.897,79.87,114268,79.87
2016-03-31,79.87,80.844,78.897,78.897,196607,78.897
2016-04-01,79.87,79.87,75.973,75.973,279151,75.973
2016-04-04,76.948,77.922,75.973,77.922,45891,77.922
2016-04-05,76.948,76.948,75.0,75.973,103693,75.973
2016-04-06,75.973,75.973,74.026,75.0,117451,75.0
2016-04-07,75.973,77.922,75.0,76.948,199892,76.948
2016-04-08,75.973,76.948,75.0,75.973,266009,75.973
2016-04-11,76.948,80.844,76.948,78.897,282437,78.897
2016-04-12,77.922,79.87,77.922,77.922,124124,77.922
2016-04-13,78.897,79.87,77.922,78.897,80593,78.897
2016-04-14,78.897,79.87,77.922,77.922,120120,77.922
2016-04-15,77.922,78.897,76.948,76.948,145787,76.948
2016-04-18,76.948,76.948,75.973,76.948,121763,76.948
2016-04-19,76.948,77.922,76.948,76.948,45277,76.948
2016-04-20,76.948,78.897,76.948,77.922,56261,77.922
2016-04-21,77.922,78.897,76.948,78.897,168580,78.897
2016-04-22,77.922,78.897,77.922,77.922,168168,77.922
2016-04-25,78.897,79.87,77.922,77.922,86445,77.922
2016-04-26,78.897,78.897,76.948,76.948,291779,76.948
2016-04-27,77.922,78.897,76.948,78.897,73510,78.897
2016-04-28,77.922,77.922,76.948,76.948,137164,76.948
2016-05-02,76.948,76.948,75.973,76.948,131824,76.948
2016-05-06,76.948,77.922,75.973,76.948,48561,76.948
2016-05-09,76.948,78.897,76.948,78.897,71559,78.897
2016-05-10,78.897,78.897,76.948,77.922,138188,77.922
2016-05-11,77.922,78.897,76.948,76.948,67349,76.948
2016-05-12,77.922,78.897,76.948,77.922,55337,77.922
2016-05-13,77.922,77.922,76.948,76.948,42607,76.948
2016-05-16,76.948,77.922,75.973,75.973,98971,75.973
2016-05-17,76.948,76.948,75.0,75.973,253381,75.973
2016-05-18,75.973,76.948,75.973,75.973,55235,75.973
2016-05-19,75.973,75.973,75.0,75.0,67760,75.0
2016-05-20,75.973,76.948,75.0,75.0,48767,75.0
2016-05-23,75.0,76.948,75.0,75.973,41067,75.973
2016-05-24,76.948,76.948,75.0,75.0,67349,75.0
2016-05-25,76.948,76.948,75.973,75.973,87985,75.973
2016-05-26,75.973,77.922,75.973,75.973,61394,75.973
2016-05-27,75.973,76.948,75.973,75.973,100614,75.973
2016-05-30,76.948,76.948,75.973,76.948,61293,76.948
2016-05-31,76.948,76.948,75.973,75.973,24435,75.973
2016-06-01,76.948,76.948,75.973,75.973,44454,75.973
2016-06-02,76.948,76.948,75.973,75.973,6673,75.973
2016-06-03,75.973,76.948,75.973,75.973,74843,75.973
2016-06-06,75.973,75.973,75.0,75.0,97943,75.0
2016-06-07,75.0,75.973,75.0,75.0,103181,75.0
2016-06-08,75.0,75.0,74.026,75.0,102974,75.0
2016-06-09,75.0,75.0,74.026,74.026,78848,74.026
2016-06-10,74.026,75.0,74.026,75.0,25975,75.0
2016-06-13,74.026,75.0,74.026,74.026,80285,74.026
2016-06-14,75.0,75.0,72.078,73.052,267035,73.052
2016-06-16,73.052,74.026,71.104,71.104,219810,71.104
2016-06-17,71.104,72.078,70.13,71.104,149380,71.104
2016-06-20,71.104,72.078,70.13,70.13,43120,70.13
2016-06-21,71.104,71.104,70.13,71.104,124226,71.104
2016-06-22,71.104,71.104,69.155,70.13,65603,70.13
2016-06-23,70.13,70.13,69.155,69.155,75564,69.155
2016-06-24,69.155,70.13,64.286,66.233,389927,66.233
2016-06-27,68.182,70.13,67.208,69.155,140447,69.155
2016-06-28,69.155,69.155,67.208,69.155,95788,69.155
2016-06-29,69.155,70.13,68.182,69.155,65399,69.155
2016-06-30,70.13,70.13,68.182,69.155,41272,69.155
2016-07-01,69.155,70.13,68.182,69.155,44454,69.155
2016-07-04,69.155,70.13,69.155,69.155,30287,69.155
2016-07-05,69.155,70.13,69.155,69.155,14168,69.155
2016-07-06,69.155,70.13,69.155,69.155,28131,69.155
2016-07-07,69.155,70.13,68.182,68.182,69094,68.182
2016-07-08,69.155,69.155,68.182,68.182,59547,68.182
2016-07-11,69.155,69.155,68.182,69.155,27103,69.155
2016-07-12,69.155,70.13,68.182,68.182,161596,68.182
2016-07-13,69.155,70.13,69.155,69.155,26591,69.155
2016-07-14,69.155,70.13,68.182,68.182,60060,68.182
2016-07-15,69.155,70.13,68.182,68.182,41991,68.182
2016-07-19,69.155,69.155,68.182,68.182,58315,68.182
2016-07-20,68.182,69.155,68.182,68.182,77822,68.182
2016-07-21,69.155,70.13,68.182,69.155,209440,69.155
2016-07-22,70.13,71.104,69.155,69.155,81826,69.155
2016-07-25,70.13,70.13,69.155,69.155,40349,69.155
2016-07-26,69.155,70.13,68.182,68.182,69198,68.182
2016-07-27,69.155,71.104,69.155,69.155,80799,69.155
2016-07-28,69.155,69.155,68.182,68.182,123097,68.182
2016-07-29,69.155,69.155,68.182,69.155,37884,69.155
2016-08-01,69.155,69.155,68.182,69.155,30184,69.155
2016-08-02,69.155,69.155,68.182,69.155,33059,69.155
2016-08-03,68.182,69.155,67.208,67.208,175765,67.208
2016-08-04,67.208,68.182,67.208,68.182,61805,68.182
2016-08-05,68.182,69.155,68.182,69.155,24435,69.155
2016-08-08,69.155,69.155,68.182,68.182,14475,68.182
2016-08-09,69.155,70.13,68.182,69.155,39219,69.155
2016-08-10,70.13,70.13,69.155,69.155,76384,69.155
2016-08-12,69.155,70.13,68.182,69.155,71969,69.155
2016-08-15,69.155,70.13,67.208,67.208,239727,67.208
2016-08-16,68.182,69.155,67.208,68.182,93530,68.182
2016-08-17,68.182,69.155,68.182,68.182,14989,68.182
2016-08-18,69.155,69.155,67.208,68.182,33366,68.182
2016-08-19,68.182,69.155,67.208,67.208,50718,67.208
2016-08-22,68.182,68.182,67.208,67.208,150817,67.208
2016-08-23,68.182,68.182,67.208,68.182,36344,68.182
2016-08-24,68.182,68.182,67.208,67.208,24640,67.208
2016-08-25,67.208,68.182,67.208,67.208,49794,67.208
2016-08-26,67.208,68.182,67.208,67.208,32648,67.208
2016-08-29,68.182,69.155,67.208,68.182,130284,68.182
2016-08-30,68.182,69.155,68.182,69.155,45379,69.155
2016-08-31,69.155,69.155,68.182,68.182,20019,68.182
2016-09-01,69.155,69.155,68.182,68.182,96301,68.182
2016-09-02,69.155,69.155,68.182,69.155,53182,69.155
2016-09-05,69.155,69.155,68.182,68.182,52257,68.182
2016-09-06,68.182,69.155,68.182,68.182,19712,68.182
2016-09-07,73.052,76.948,71.104,72.078,2953004,72.078
2016-09-08,72.078,72.078,70.13,72.078,281101,72.078
2016-09-09,72.078,72.078,71.104,72.078,67966,72.078
2016-09-12,71.104,71.104,69.155,69.155,375144,69.155
2016-09-13,70.13,70.13,69.155,69.155,94146,69.155
2016-09-14,70.13,71.104,69.155,71.104,82441,71.104
2016-09-15,71.104,71.104,69.155,69.155,72277,69.155
2016-09-16,70.13,70.13,69.155,70.13,52770,70.13
2016-09-20,69.155,71.104,69.155,70.13,81005,70.13
2016-09-21,70.13,71.104,69.155,71.104,63037,71.104
2016-09-23,71.104,71.104,70.13,71.104,30287,71.104
2016-09-26,70.13,71.104,70.13,71.104,133775,71.104
2016-09-27,70.13,71.104,69.155,71.104,251535,71.104
2016-09-28,69.155,71.104,69.155,69.155,153179,69.155
2016-09-29,70.13,70.13,69.155,69.155,33778,69.155
2016-09-30,69.155,70.13,69.155,69.155,39732,69.155
2016-10-03,69.155,70.13,69.155,69.155,90552,69.155
2016-10-04,69.155,70.13,69.155,69.155,46200,69.155
2016-10-05,69.155,70.13,69.155,70.13,23100,70.13
2016-10-06,70.13,70.13,69.155,70.13,37678,70.13
2016-10-07,70.13,70.13,69.155,70.13,27309,70.13
2016-10-11,70.13,70.13,69.155,70.13,97636,70.13
2016-10-12,70.13,70.13,69.155,69.155,65193,69.155
2016-10-13,69.155,70.13,69.155,70.13,33469,70.13
2016-10-14,69.155,70.13,69.155,69.155,23100,69.155
2016-10-17,69.155,70.13,69.155,70.13,41169,70.13
2016-10-18,70.13,70.13,69.155,70.13,101332,70.13
2016-10-19,70.13,70.13,69.155,70.13,134698,70.13
2016-10-20,70.13,70.13,69.155,70.13,78642,70.13
2016-10-21,70.13,70.13,69.155,70.13,80183,70.13
2016-10-24,70.13,71.104,69.155,71.104,137574,71.104
2016-10-25,71.104,71.104,69.155,70.13,39836,70.13
2016-10-26,69.155,70.13,69.155,70.13,33265,70.13
2016-10-27,70.13,70.13,69.155,70.13,40349,70.13
2016-10-28,70.13,71.104,69.155,71.104,29054,71.104
2016-10-31,71.104,71.104,70.13,70.13,44353,70.13
2016-11-01,70.13,71.104,70.13,70.13,55132,70.13
2016-11-02,70.13,70.13,69.155,70.13,81517,70.13
2016-11-04,70.13,70.13,69.155,69.155,146712,69.155
2016-11-07,70.13,70.13,69.155,70.13,15296,70.13
2016-11-08,70.13,70.13,69.155,69.155,50411,69.155
2016-11-09,69.155,70.13,68.182,69.155,246503,69.155
2016-11-10,69.155,70.13,69.155,70.13,98251,70.13
2016-11-11,70.13,70.13,69.155,70.13,40349,70.13
2016-11-14,69.155,70.13,69.155,69.155,68479,69.155
2016-11-15,69.155,70.13,69.155,70.13,58725,70.13
2016-11-16,70.13,70.13,69.155,69.155,36961,69.155
2016-11-17,70.13,70.13,69.155,70.13,66426,70.13
2016-11-18,69.155,70.13,69.155,70.13,81106,70.13
2016-11-21,70.13,71.104,70.13,70.13,165499,70.13
2016-11-22,71.104,71.104,70.13,70.13,42710,70.13
2016-11-24,70.13,72.078,70.13,72.078,202459,72.078
2016-11-25,72.078,72.078,70.13,70.13,85932,70.13
2016-11-28,71.104,72.078,70.13,72.078,123918,72.078
2016-11-29,72.078,72.078,71.104,72.078,30492,72.078
2016-11-30,71.104,73.052,71.104,71.104,182645,71.104
2016-12-01,72.078,74.026,72.078,72.078,514873,72.078
2016-12-02,72.078,73.052,71.104,71.104,352455,71.104
2016-12-05,71.104,72.078,70.13,72.078,125356,72.078
2016-12-06,71.104,72.078,71.104,71.104,50615,71.104
2016-12-07,71.104,73.052,71.104,73.052,138087,73.052
2016-12-08,73.052,74.026,72.078,73.052,427813,73.052
2016-12-09,73.052,74.026,72.078,74.026,237571,74.026
2016-12-12,74.026,75.0,74.026,75.0,244039,75.0
2016-12-13,74.026,75.0,74.026,74.026,301327,74.026
2016-12-14,74.026,74.026,73.052,73.052,190961,73.052
2016-12-15,73.052,74.026,73.052,73.052,166217,73.052
2016-12-16,73.052,73.052,72.078,73.052,108211,73.052
2016-12-19,73.052,73.052,72.078,72.078,79568,72.078
2016-12-20,72.078,73.052,71.104,73.052,517748,73.052
2016-12-21,73.052,73.052,72.078,72.078,278638,72.078
2016-12-22,71.104,72.078,71.104,72.078,208927,72.078
2016-12-26,72.078,72.078,70.13,70.13,467237,70.13
2016-12-27,71.104,71.104,70.13,70.13,265393,70.13
2016-12-28,70.13,72.078,70.13,71.104,91476,71.104
2016-12-29,72.078,72.078,71.104,72.078,27617,72.078
2016-12-30,71.104,72.078,71.104,72.078,50307,72.078
2017-01-04,72.078,73.052,71.104,73.052,148763,73.052
2017-01-05,72.078,73.052,72.078,72.078,41477,72.078
2017-01-06,73.052,73.052,72.078,73.052,136957,73.052
2017-01-10,73.052,74.026,72.078,73.052,100922,73.052
2017-01-11,73.052,74.026,73.052,74.026,24332,74.026
2017-01-12,74.026,74.026,72.078,73.052,194553,73.052
2017-01-13,73.052,74.026,73.052,74.026,93426,74.026
2017-01-16,73.052,74.026,73.052,73.052,44249,73.052
2017-01-17,73.052,74.026,72.078,72.078,135623,72.078
2017-01-18,72.078,73.052,72.078,72.078,82441,72.078
2017-01-19,73.052,74.026,72.078,73.052,112010,73.052
2017-01-20,73.052,74.026,73.052,73.052,30081,73.052
2017-01-23,73.052,74.026,73.052,73.052,27103,73.052
2017-01-24,74.026,74.026,73.052,73.052,82647,73.052
2017-01-25,73.052,74.026,73.052,74.026,17351,74.026
2017-01-26,73.052,74.026,73.052,74.026,29054,74.026
2017-01-27,74.026,74.026,73.052,74.026,70326,74.026
2017-01-30,74.026,74.026,73.052,74.026,57493,74.026
2017-01-31,73.052,74.026,73.052,73.052,39937,73.052
2017-02-01,74.026,75.0,73.052,74.026,179256,74.026
2017-02-02,74.026,75.0,73.052,74.026,121865,74.026
2017-02-03,74.026,75.0,73.052,75.0,73920,75.0
2017-02-06,75.0,75.0,74.026,75.0,98971,75.0
2017-02-07,75.0,75.0,74.026,75.0,28645,75.0
2017-02-08,75.0,75.0,73.052,74.026,183979,74.026
2017-02-09,73.052,74.026,73.052,74.026,59855,74.026
2017-02-10,74.026,75.0,73.052,75.0,66323,75.0
2017-02-13,74.026,75.0,74.026,75.0,118169,75.0
2017-02-14,74.026,75.0,74.026,74.026,63243,74.026
2017-02-15,75.0,75.0,74.026,75.0,72483,75.0
2017-02-16,75.0,75.0,74.026,75.0,64064,75.0
2017-02-17,75.0,75.0,74.026,75.0,107287,75.0
2017-02-20,75.0,75.973,74.026,75.973,123816,75.973
2017-02-21,75.973,76.948,75.0,75.973,215394,75.973
2017-02-22,75.973,78.897,75.973,77.922,324736,77.922
2017-02-23,77.922,78.897,76.948,76.948,263750,76.948
2017-02-24,76.948,78.897,76.948,78.897,110265,78.897
2017-02-27,77.922,78.897,76.948,78.897,117759,78.897
2017-02-28,78.897,78.897,77.922,77.922,58828,77.922
2017-03-01,78.897,78.897,77.922,78.897,38910,78.897
2017-03-02,78.897,79.87,77.922,78.897,116938,78.897
2017-03-03,79.87,81.818,78.897,81.818,501219,81.818
2017-03-06,81.818,82.792,79.87,82.792,363440,82.792
2017-03-07,82.792,82.792,80.844,81.818,340648,81.818
2017-03-08,81.818,82.792,80.844,82.792,154000,82.792
2017-03-09,81.818,83.767,81.818,81.818,163342,81.818
2017-03-10,81.818,81.818,79.87,80.844,303381,80.844
2017-03-13,80.844,80.844,78.897,78.897,347322,78.897
2017-03-14,79.87,80.844,78.897,78.897,168066,78.897
2017-03-15,78.897,79.87,78.897,79.87,108725,79.87
2017-03-16,79.87,80.844,78.897,78.897,77822,78.897
2017-03-17,79.87,80.844,78.897,78.897,83263,78.897
2017-03-21,79.87,79.87,77.922,79.87,206462,79.87
2017-03-22,78.897,79.87,78.897,78.897,132851,78.897
2017-03-23,79.87,79.87,78.897,79.87,76282,79.87
2017-03-24,79.87,79.87,78.897,78.897,169400,78.897
2017-03-27,78.897,79.87,77.922,78.897,418162,78.897
2017-03-28,77.922,79.87,77.922,79.87,506969,79.87
2017-03-29,75.973,76.948,75.0,75.973,332435,75.973
2017-03-30,75.973,75.973,75.0,75.973,110161,75.973
2017-03-31,75.0,75.973,75.0,75.0,109340,75.0
2017-04-03,75.0,75.973,74.026,75.973,106055,75.973
2017-04-04,75.0,75.973,74.026,75.0,63551,75.0
2017-04-05,74.026,75.0,74.026,74.026,66220,74.026
2017-04-06,74.026,75.0,73.052,73.052,179770,73.052
2017-04-07,73.052,74.026,73.052,73.052,76486,73.052
2017-04-10,74.026,74.026,73.052,74.026,54310,74.026
2017-04-11,74.026,74.026,73.052,73.052,59239,73.052
2017-04-12,73.052,74.026,72.078,72.078,263442,72.078
2017-04-13,72.078,73.052,71.104,73.052,134493,73.052
2017-04-14,72.078,73.052,71.104,72.078,21354,72.078
2017-04-17,72.078,73.052,72.078,73.052,46611,73.052
2017-04-18,73.052,74.026,72.078,73.052,94865,73.052
2017-04-19,72.078,74.026,72.078,73.052,64372,73.052
2017-04-20,73.052,73.052,72.078,73.052,45891,73.052
2017-04-21,73.052,75.0,73.052,74.026,76486,74.026
2017-04-24,74.026,75.0,73.052,73.052,19199,73.052
2017-04-25,73.052,74.026,73.052,73.052,39836,73.052
2017-04-26,74.026,75.0,74.026,74.026,57288,74.026
2017-04-27,75.0,75.0,74.026,75.0,17762,75.0
2017-04-28,75.0,75.0,74.026,74.026,27515,74.026
2017-05-01,75.0,75.973,73.052,75.0,160571,75.0
2017-05-02,75.0,75.0,73.052,75.0,48972,75.0
2017-05-08,75.0,75.973,74.026,75.0,88909,75.0
2017-05-09,74.026,75.0,74.026,75.0,85418,75.0
2017-05-10,75.0,75.0,74.026,74.026,53798,74.026
2017-05-11,74.026,75.0,74.026,74.026,23304,74.026
2017-05-12,74.026,75.0,74.026,74.026,41272,74.026
2017-05-15,74.026,75.0,74.026,74.026,43941,74.026
2017-05-16,74.026,75.0,74.026,74.026,45481,74.026
2017-05-17,74.026,74.026,73.052,74.026,131208,74.026
2017-05-18,73.052,74.026,73.052,73.052,72585,73.052
2017-05-19,74.026,74.026,73.052,73.052,56056,73.052
2017-05-22,74.026,74.026,73.052,74.026,91989,74.026
2017-05-23,74.026,75.0,74.026,75.0,54927,75.0
2017-05-24,75.0,75.0,74.026,75.0,81723,75.0
2017-05-25,75.0,75.0,74.026,75.0,60882,75.0
2017-05-26,75.0,75.0,74.026,75.0,89628,75.0
2017-05-29,75.0,75.0,74.026,74.026,23613,74.026
2017-05-30,75.0,75.0,74.026,74.026,30081,74.026
2017-05-31,74.026,75.0,74.026,74.026,47637,74.026
2017-06-01,74.026,75.0,74.026,74.026,19917,74.026
2017-06-02,75.0,75.0,74.026,74.026,58315,74.026
2017-06-05,74.026,75.0,74.026,74.026,71353,74.026
2017-06-06,74.026,75.0,74.026,74.026,32648,74.026
2017-06-07,75.0,75.0,74.026,75.0,48357,75.0
2017-06-08,74.026,75.0,74.026,75.0,80491,75.0
2017-06-09,74.026,75.0,74.026,74.026,21971,74.026
2017-06-12,75.0,75.0,74.026,75.0,75768,75.0
2017-06-13,75.0,75.973,74.026,75.973,119606,75.973
2017-06-14,75.973,75.973,75.0,75.0,42195,75.0
2017-06-15,75.0,75.973,74.026,74.026,94248,74.026
2017-06-16,74.026,75.0,74.026,75.0,42195,75.0
2017-06-19,75.0,75.973,74.026,75.0,73407,75.0
2017-06-20,75.0,75.973,75.0,75.0,28849,75.0
2017-06-21,75.973,75.973,75.0,75.0,25257,75.0
2017-06-22,75.0,75.973,75.0,75.973,65502,75.973
2017-06-23,75.0,75.0,74.026,75.0,67966,75.0
2017-06-26,74.026,78.897,74.026,76.948,843305,76.948
2017-06-27,76.948,77.922,75.973,77.922,214470,77.922
2017-06-28,77.922,77.922,75.973,76.948,354611,76.948
2017-06-29,76.948,77.922,75.973,77.922,200508,77.922
2017-06-30,76.948,77.922,75.973,76.948,172890,76.948
2017-07-03,76.948,77.922,76.948,77.922,119401,77.922
2017-07-04,77.922,79.87,75.973,76.948,782320,76.948
2017-07-05,76.948,77.922,76.948,76.948,46200,76.948
2017-07-06,77.922,77.922,76.948,77.922,144452,77.922
2017-07-07,77.922,78.897,76.948,78.897,185005,78.897
2017-07-10,78.897,79.87,77.922,78.897,186340,78.897
2017-07-11,79.87,79.87,77.922,79.87,242806,79.87
2017-07-12,79.87,82.792,78.897,79.87,644850,79.87
2017-07-13,81.818,82.792,79.87,81.818,356356,81.818
2017-07-14,80.844,80.844,79.87,79.87,220939,79.87
2017-07-18,79.87,81.818,79.87,80.844,181515,80.844
2017-07-19,80.844,81.818,80.844,80.844,113960,80.844
2017-07-20,81.818,83.767,80.844,81.818,306049,81.818
2017-07-21,82.792,82.792,81.818,81.818,78232,81.818
2017-07-24,82.792,86.688,81.818,86.688,1379944,86.688
2017-07-25,86.688,87.663,83.767,83.767,887246,83.767
2017-07-26,84.74,85.713,83.767,85.713,230794,85.713
2017-07-27,85.713,85.713,83.767,83.767,200097,83.767
2017-07-28,84.74,84.74,82.792,82.792,218886,82.792
2017-07-31,82.792,82.792,80.844,80.844,365802,80.844
2017-08-01,80.844,81.818,80.844,81.818,102050,81.818
2017-08-02,80.844,82.792,80.844,82.792,89834,82.792
2017-08-03,82.792,82.792,79.87,81.818,118580,81.818
2017-08-04,80.844,81.818,80.844,81.818,48253,81.818
2017-08-07,81.818,81.818,68.182,68.182,890326,68.182
2017-08-08,80.844,91.559,78.897,82.792,7840864,82.792
2017-08-09,82.792,82.792,77.922,80.844,986627,80.844
2017-08-10,79.87,79.87,77.922,79.87,267550,79.87
2017-08-14,79.87,79.87,77.922,77.922,238393,77.922
2017-08-15,78.897,78.897,77.922,77.922,81619,77.922
2017-08-16,78.897,78.897,77.922,78.897,92606,78.897
2017-08-17,79.87,79.87,78.897,78.897,77718,78.897
2017-08-18,77.922,78.897,77.922,77.922,78129,77.922
2017-08-21,77.922,78.897,77.922,78.897,78642,78.897
2017-08-22,77.922,78.897,77.922,78.897,76384,78.897
2017-08-23,78.897,78.897,77.922,78.897,98971,78.897
2017-08-24,78.897,79.87,78.897,79.87,64475,79.87
2017-08-25,78.897,79.87,78.897,79.87,38910,79.87
2017-08-28,79.87,79.87,77.922,79.87,67657,79.87
2017-08-29,79.87,79.87,78.897,78.897,64782,78.897
2017-08-30,78.897,79.87,78.897,78.897,50511,78.897
2017-08-31,79.87,81.818,78.897,79.87,337363,79.87
2017-09-01,80.844,80.844,79.87,79.87,101846,79.87
2017-09-04,80.844,80.844,79.87,79.87,76693,79.87
2017-09-05,79.87,80.844,77.922,78.897,298041,78.897
2017-09-06,77.922,78.897,77.922,77.922,131619,77.922
2017-09-07,78.897,80.844,77.922,80.844,135417,80.844
2017-09-08,79.87,79.87,78.897,79.87,37063,79.87
2017-09-11,78.897,80.844,78.897,80.844,65603,80.844
2017-09-12,80.844,81.818,79.87,81.818,145376,81.818
2017-09-13,80.844,81.818,80.844,81.818,103796,81.818
2017-09-14,81.818,81.818,79.87,80.844,136342,80.844
2017-09-15,80.844,81.818,79.87,80.844,117348,80.844
2017-09-19,81.818,81.818,80.844,81.818,131106,81.818
2017-09-20,81.818,81.818,79.87,79.87,92502,79.87
2017-09-21,80.844,82.792,80.844,82.792,366828,82.792
2017-09-22,82.792,84.74,81.818,83.767,731809,83.767
2017-09-25,83.767,85.713,81.818,82.792,1405302,82.792
2017-09-26,85.713,85.713,82.792,82.792,1048228,82.792
2017-09-27,81.818,81.818,80.844,81.818,388799,81.818
2017-09-28,81.818,81.818,80.844,81.818,143220,81.818
2017-09-29,81.818,82.792,80.844,80.844,375144,80.844
2017-10-02,81.818,82.792,80.844,81.818,153281,81.818
2017-10-03,81.818,82.792,81.818,81.818,107287,81.818
2017-10-04,82.792,82.792,80.844,81.818,212110,81.818
2017-10-05,81.818,81.818,80.844,81.818,119401,81.818
2017-10-06,81.818,81.818,80.844,80.844,55132,80.844
2017-10-10,80.844,81.818,80.844,81.818,90860,81.818
2017-10-11,80.844,81.818,80.844,81.818,59751,81.818
2017-10-12,81.818,81.818,80.844,81.818,122892,81.818
2017-10-13,81.818,81.818,80.844,80.844,108313,80.844
2017-10-16,81.818,81.818,80.844,80.844,194348,80.844
2017-10-17,80.844,81.818,80.844,80.844,133775,80.844
2017-10-18,80.844,81.818,80.844,80.844,50411,80.844
2017-10-19,80.844,81.818,80.844,81.818,36036,81.818
2017-10-20,80.844,81.818,80.844,80.844,39628,80.844
2017-10-23,80.844,81.818,80.844,81.818,90757,81.818
2017-10-24,81.818,81.818,80.844,81.818,63860,81.818
2017-10-25,80.844,81.818,80.844,81.818,91476,81.818
2017-10-26,81.818,81.818,80.844,80.844,70224,80.844
2017-10-27,81.818,81.818,80.844,80.844,48458,80.844
2017-10-30,81.818,81.818,80.844,81.818,37782,81.818
2017-10-31,80.844,81.818,80.844,80.844,53592,80.844
2017-11-01,81.818,81.818,80.844,81.818,50615,81.818
2017-11-02,81.818,83.767,80.844,82.792,563025,82.792
2017-11-06,81.818,82.792,80.844,81.818,168168,81.818
2017-11-07,81.818,82.792,80.844,80.844,140654,80.844
2017-11-08,80.844,82.792,80.844,82.792,116527,82.792
2017-11-09,81.818,82.792,80.844,80.844,91374,80.844
2017-11-10,80.844,81.818,80.844,80.844,196504,80.844
2017-11-13,81.818,81.818,80.844,80.844,130387,80.844
2017-11-14,80.844,81.818,80.844,80.844,108826,80.844
2017-11-15,80.844,81.818,78.897,78.897,646083,78.897
2017-11-16,78.897,80.844,78.897,80.844,143220,80.844
2017-11-17,80.844,80.844,79.87,79.87,71661,79.87
2017-11-20,80.844,80.844,79.87,79.87,65603,79.87
2017-11-21,79.87,80.844,79.87,79.87,128847,79.87
2017-11-22,79.87,80.844,79.87,80.844,67657,80.844
2017-11-24,80.844,80.844,78.897,80.844,110880,80.844
2017-11-27,79.87,80.844,79.87,79.87,86958,79.87
2017-11-28,79.87,80.844,78.897,80.844,75564,80.844
2017-11-29,79.87,80.844,78.897,78.897,125458,78.897
2017-11-30,78.897,79.87,78.897,78.897,219398,78.897
2017-12-01,79.87,79.87,78.897,78.897,68993,78.897
2017-12-04,78.897,79.87,78.897,78.897,215087,78.897
2017-12-05,78.897,79.87,78.897,78.897,111907,78.897
2017-12-06,78.897,79.87,78.897,78.897,205539,78.897
2017-12-07,78.897,79.87,78.897,78.897,222273,78.897
2017-12-08,79.87,79.87,78.897,78.897,86240,78.897
2017-12-11,79.87,79.87,78.897,78.897,76693,78.897
2017-12-12,79.87,79.87,78.897,79.87,125458,79.87
2017-12-13,79.87,81.818,79.87,81.818,699776,81.818
2017-12-14,81.818,83.767,80.844,83.767,924925,83.767
2017-12-15,83.767,83.767,79.87,79.87,685301,79.87
2017-12-18,80.844,81.818,79.87,79.87,185108,79.87
2017-12-19,80.844,80.844,79.87,79.87,118169,79.87
2017-12-20,80.844,80.844,78.897,78.897,270218,78.897
2017-12-21,79.87,80.844,78.897,79.87,359539,79.87
2017-12-22,80.844,80.844,79.87,80.844,198762,80.844
2017-12-25,79.87,80.844,78.897,80.844,334797,80.844
2017-12-26,79.87,79.87,77.922,77.922,757373,77.922
2017-12-27,78.897,79.87,78.897,78.897,182028,78.897
2017-12-28,78.897,79.87,78.897,79.87,23819,79.87
2017-12-29,79.87,79.87,78.897,78.897,59444,78.897
2018-01-04,79.87,80.844,78.897,80.844,73201,80.844
2018-01-05,80.844,81.818,79.87,81.818,209029,81.818
2018-01-09,81.818,81.818,80.844,80.844,113242,80.844
2018-01-10,81.818,82.792,80.844,82.792,194348,82.792
2018-01-11,83.767,83.767,80.844,80.844,775853,80.844
2018-01-12,81.818,82.792,80.844,80.844,420830,80.844
2018-01-15,81.818,82.792,80.844,82.792,324736,82.792
2018-01-16,82.792,82.792,81.818,82.792,443624,82.792
2018-01-17,81.818,83.767,81.818,82.792,329457,82.792
2018-01-18,82.792,86.688,80.844,81.818,1795538,81.818
2018-01-19,81.818,82.792,80.844,81.818,121660,81.818
2018-01-22,81.818,81.818,79.87,80.844,346090,80.844
2018-01-23,81.818,82.792,80.844,82.792,308513,82.792
2018-01-24,82.792,82.792,81.818,82.792,91066,82.792
2018-01-25,82.792,82.792,80.844,81.818,304201,81.818
2018-01-26,81.818,82.792,80.844,82.792,191370,82.792
2018-01-29,81.818,81.818,80.844,80.844,215600,80.844
2018-01-30,81.818,81.818,80.844,80.844,234080,80.844
2018-01-31,80.844,81.818,80.844,80.844,143528,80.844
2018-02-01,80.844,81.818,80.844,80.844,62010,80.844
2018-02-02,80.844,81.818,80.844,80.844,30389,80.844
2018-02-05,80.844,81.818,79.87,81.818,334694,81.818
2018-02-06,79.87,79.87,78.897,78.897,526681,78.897
2018-02-07,79.87,80.844,79.87,79.87,74126,79.87
2018-02-08,79.87,80.844,79.87,79.87,106158,79.87
2018-02-09,78.897,80.844,78.897,80.844,192706,80.844
2018-02-13,80.844,81.818,79.87,81.818,145479,81.818
2018-02-14,80.844,81.818,78.897,79.87,273812,79.87
2018-02-15,79.87,79.87,78.897,78.897,93632,78.897
2018-02-16,79.87,80.844,79.87,80.844,82134,80.844
2018-02-19,80.844,80.844,79.87,79.87,75974,79.87
2018-02-20,80.844,80.844,79.87,79.87,28541,79.87
2018-02-21,79.87,80.844,79.87,79.87,126793,79.87
2018-02-22,80.844,80.844,79.87,79.87,84803,79.87
2018-02-23,80.844,81.818,79.87,81.818,41887,81.818
2018-02-26,81.818,81.818,80.844,81.818,53694,81.818
2018-02-27,81.818,81.818,80.844,81.818,59751,81.818
2018-02-28,80.844,81.818,80.844,81.818,34496,81.818
2018-03-01,80.844,81.818,80.844,81.818,43839,81.818
2018-03-02,80.844,81.818,79.87,81.818,189112,81.818
2018-03-05,80.844,81.818,79.87,79.87,269500,79.87
2018-03-06,80.844,81.818,79.87,81.818,98868,81.818
2018-03-07,81.818,81.818,80.844,80.844,224327,80.844
2018-03-08,81.818,81.818,80.844,81.818,64989,81.818
2018-03-09,80.844,81.818,80.844,81.818,70122,81.818
2018-03-12,81.818,81.818,80.844,81.818,83982,81.818
2018-03-13,81.818,82.792,80.844,82.792,520418,82.792
2018-03-14,82.792,82.792,81.818,82.792,86240,82.792
2018-03-15,82.792,83.767,81.818,83.767,322783,83.767
2018-03-16,82.792,82.792,80.844,82.792,476271,82.792
2018-03-19,82.792,82.792,80.844,81.818,61190,81.818
2018-03-20,80.844,81.818,80.844,81.818,116321,81.818
2018-03-22,81.818,82.792,79.87,80.844,513436,80.844
2018-03-23,80.844,80.844,79.87,79.87,253793,79.87
2018-03-26,80.844,81.818,79.87,79.87,446395,79.87
2018-03-27,81.818,82.792,80.844,82.792,380996,82.792
2018-03-28,80.343,81.323,79.362,79.362,355790,79.362
2018-03-29,80.343,80.343,79.362,79.362,54399,79.362
2018-03-30,79.362,81.323,79.362,81.323,155136,81.323
2018-04-02,81.323,81.323,79.362,79.362,96654,79.362
2018-04-03,80.343,80.343,79.362,79.362,125639,79.362
2018-04-04,79.362,80.343,79.362,79.362,88182,79.362
2018-04-05,80.343,80.343,79.362,80.343,60013,80.343
2018-04-06,79.362,80.343,79.362,79.362,36539,79.362
2018-04-09,79.362,80.343,79.362,79.362,73179,79.362
2018-04-10,80.343,80.343,79.362,79.362,32557,79.362
2018-04-11,79.362,80.343,79.362,79.362,32966,79.362
2018-04-12,79.362,80.343,79.362,79.362,11636,79.362
2018-04-13,79.362,80.343,79.362,79.362,37253,79.362
2018-04-16,79.362,80.343,79.362,79.362,183917,79.362
2018-04-17,79.362,80.343,79.362,79.362,82467,79.362
2018-04-18,80.343,80.343,79.362,80.343,56033,80.343
2018-04-19,79.362,80.343,79.362,80.343,45622,80.343
2018-04-20,79.362,80.343,78.383,80.343,234744,80.343
2018-04-23,80.343,80.343,79.362,80.343,50317,80.343
2018-04-24,80.343,80.343,79.362,80.343,85426,80.343
2018-04-25,80.343,80.343,79.362,80.343,48174,80.343
2018-04-26,80.343,81.323,80.343,81.323,142889,81.323
2018-04-27,80.343,81.323,79.362,80.343,113086,80.343
2018-05-01,81.323,81.323,79.362,79.362,24699,79.362
2018-05-02,79.362,80.343,79.362,79.362,20106,79.362
2018-05-07,80.343,80.343,79.362,79.362,42152,79.362
2018-05-08,79.362,80.343,79.362,79.362,48684,79.362
2018-05-09,80.343,80.343,79.362,79.362,17760,79.362
2018-05-10,79.362,80.343,79.362,79.362,13369,79.362
2018-05-11,79.362,80.343,79.362,80.343,46949,80.343
2018-05-14,80.343,80.343,79.362,79.362,27455,79.362
2018-05-15,80.343,80.343,79.362,79.362,55521,79.362
2018-05-16,80.343,80.343,79.362,79.362,48990,79.362
2018-05-17,79.362,80.343,79.362,79.362,128701,79.362
2018-05-18,80.343,80.343,79.362,79.362,17351,79.362
2018-05-21,80.343,80.343,79.362,79.362,89407,79.362
2018-05-22,79.362,80.343,79.362,79.362,65320,79.362
2018-05-23,79.362,80.343,79.362,80.343,36334,80.343
2018-05-24,80.343,80.343,79.362,80.343,61748,80.343
2018-05-25,79.362,80.343,79.362,79.362,73485,79.362
2018-05-28,80.343,80.343,78.383,79.362,98082,79.362
2018-05-29,79.362,79.362,78.383,78.383,81549,78.383
2018-05-30,78.383,79.362,78.383,78.383,60728,78.383
2018-05-31,79.362,79.362,78.383,78.383,23780,78.383
2018-06-01,79.362,79.362,78.383,78.383,43172,78.383
2018-06-04,79.362,79.362,78.383,78.383,48275,78.383
2018-06-05,79.362,79.362,78.383,78.383,26843,78.383
2018-06-06,78.383,79.362,78.383,79.362,64708,79.362
2018-06-07,79.362,79.362,78.383,78.383,48581,78.383
2018-06-08,79.362,80.343,78.383,79.362,146460,79.362
2018-06-11,78.383,79.362,78.383,79.362,43785,79.362
2018-06-12,79.362,79.362,78.383,78.383,67157,78.383
2018-06-13,79.362,80.343,78.383,79.362,238113,79.362
2018-06-14,79.362,79.362,78.383,79.362,39192,79.362
2018-06-15,79.362,79.362,78.383,79.362,146563,79.362
2018-06-18,79.362,79.362,78.383,78.383,42867,78.383
2018-06-19,78.383,79.362,77.404,77.404,240052,77.404
2018-06-20,77.404,78.383,77.404,77.404,165342,77.404
2018-06-21,78.383,78.383,77.404,77.404,58073,77.404
2018-06-22,77.404,78.383,77.404,77.404,62667,77.404
2018-06-25,77.404,78.383,77.404,77.404,50929,77.404
2018-06-26,77.404,78.383,77.404,77.404,79099,77.404
2018-06-27,78.383,79.362,77.404,79.362,181467,79.362
2018-06-28,78.383,78.383,77.404,77.404,56134,77.404
2018-06-29,77.404,79.362,77.404,78.383,40825,78.383
2018-07-02,79.362,79.362,77.404,78.383,103389,78.383
2018-07-03,77.404,78.383,77.404,77.404,49704,77.404
2018-07-04,77.404,78.383,77.404,78.383,77874,78.383
2018-07-05,77.404,78.383,77.404,77.404,93388,77.404
2018-07-06,78.383,78.383,77.404,78.383,49195,78.383
2018-07-09,78.383,78.383,77.404,78.383,42255,78.383
2018-07-10,78.383,78.383,77.404,77.404,36948,77.404
2018-07-11,78.383,78.383,77.404,78.383,43887,78.383
2018-07-12,78.383,78.383,77.404,77.404,156870,77.404
2018-07-13,78.383,78.383,77.404,77.404,37457,77.404
2018-07-17,78.383,78.383,77.404,77.404,15310,77.404
2018-07-18,78.383,78.383,77.404,77.404,31333,77.404
2018-07-19,78.383,78.383,77.404,77.404,56237,77.404
2018-07-20,78.383,78.383,77.404,77.404,26944,77.404
2018-07-23,78.383,78.383,77.404,77.404,34803,77.404
2018-07-24,77.404,78.383,76.423,77.404,289757,77.404
2018-07-25,77.404,78.383,77.404,77.404,69811,77.404
2018-07-26,77.404,77.404,76.423,76.423,220558,76.423
2018-07-27,77.404,77.404,76.423,77.404,26332,77.404
2018-07-30,76.423,77.404,76.423,76.423,46846,76.423
2018-07-31,77.404,77.404,76.423,77.404,29802,77.404
2018-08-01,77.404,78.383,76.423,76.423,38988,76.423
2018-08-02,76.423,77.404,76.423,77.404,24086,77.404
2018-08-03,76.423,77.404,76.423,76.423,37559,76.423
2018-08-06,76.423,77.404,76.423,76.423,45929,76.423
2018-08-07,77.404,77.404,76.423,77.404,30823,77.404
2018-08-08,76.423,77.404,76.423,76.423,60013,76.423
2018-08-09,77.404,77.404,76.423,76.423,43071,76.423
2018-08-10,76.423,77.404,76.423,76.423,29190,76.423
2018-08-13,76.423,77.404,76.423,76.423,60013,76.423
2018-08-14,77.404,77.404,76.423,76.423,62667,76.423
2018-08-15,76.423,77.404,76.423,76.423,57666,76.423
2018-08-16,77.404,77.404,76.423,76.423,46643,76.423
2018-08-17,77.404,77.404,76.423,77.404,36334,77.404
2018-08-20,77.404,77.404,75.444,75.444,213311,75.444
2018-08-21,76.423,76.423,75.444,76.423,28271,76.423
2018-08-22,75.444,76.423,75.444,75.444,33579,75.444
2018-08-23,76.423,76.423,76.423,76.423,37661,76.423
2018-08-24,75.444,77.404,75.444,77.404,69505,77.404
2018-08-27,77.404,77.404,76.423,77.404,24903,77.404
2018-08-28,77.404,77.404,76.423,77.404,54399,77.404
2018-08-29,76.423,77.404,76.423,76.423,50929,76.423
2018-08-30,76.423,78.383,76.423,78.383,46540,78.383
2018-08-31,78.383,78.383,77.404,78.383,44806,78.383
2018-09-03,78.383,78.383,77.404,78.383,117067,78.383
2018-09-04,78.383,78.383,77.404,78.383,54502,78.383
2018-09-05,78.383,79.362,77.404,79.362,166056,79.362
2018-09-06,79.362,80.343,77.404,77.404,145439,77.404
2018-09-07,78.383,78.383,77.404,78.383,74812,78.383
2018-09-10,78.383,80.343,77.404,79.362,135641,79.362
2018-09-11,78.383,79.362,78.383,79.362,36436,79.362
2018-09-12,78.383,79.362,78.383,78.383,27659,78.383
2018-09-13,78.383,79.362,77.404,77.404,151563,77.404
2018-09-14,77.404,78.383,77.404,78.383,41642,78.383
2018-09-18,78.383,79.362,78.383,79.362,95837,79.362
2018-09-19,79.362,80.343,78.383,80.343,122884,80.343
2018-09-20,80.343,80.343,78.383,78.383,106044,78.383
2018-09-21,78.383,79.362,78.383,78.383,195552,78.383
2018-09-25,79.362,80.343,78.383,79.362,335787,79.362
2018-09-26,78.383,80.343,77.404,77.404,186469,77.404
2018-09-27,77.404,79.362,77.404,78.383,86753,78.383
2018-09-28,78.383,80.343,78.383,79.362,166872,79.362
2018-10-01,79.362,80.343,78.383,80.343,172078,80.343
2018-10-02,80.343,80.343,79.362,79.362,33783,79.362
2018-10-03,79.362,80.343,79.362,79.362,181264,79.362
2018-10-04,78.383,80.343,78.383,79.362,187898,79.362
2018-10-05,79.362,80.343,78.383,79.362,78997,79.362
2018-10-09,79.362,82.302,78.383,79.362,686475,79.362
2018-10-10,79.362,80.343,77.404,77.404,479083,77.404
2018-10-11,77.404,79.362,76.423,79.362,366813,79.362
2018-10-12,78.383,81.323,77.404,77.404,374672,77.404
2018-10-15,77.404,78.383,77.404,77.404,40315,77.404
2018-10-16,78.383,78.383,77.404,77.404,56339,77.404
2018-10-17,78.383,78.383,76.423,76.423,202084,76.423
2018-10-18,77.404,78.383,76.423,77.404,178814,77.404
2018-10-19,77.404,78.383,77.404,77.404,104920,77.404
2018-10-22,77.404,79.362,77.404,77.404,75220,77.404
2018-10-23,77.404,78.383,77.404,77.404,44601,77.404
2018-10-24,77.404,78.383,77.404,77.404,139826,77.404
2018-10-25,77.404,78.383,76.423,78.383,190143,78.383
2018-10-26,77.404,77.404,76.423,76.423,90121,76.423
2018-10-29,76.423,77.404,76.423,76.423,41642,76.423
2018-10-30,76.423,77.404,76.423,77.404,74812,77.404
2018-10-31,77.404,77.404,76.423,76.423,79609,76.423
2018-11-01,77.404,77.404,76.423,76.423,119210,76.423
2018-11-02,77.404,78.383,76.423,77.404,93184,77.404
2018-11-05,77.404,78.383,77.404,78.383,46132,78.383
2018-11-06,77.404,78.383,76.423,76.423,124007,76.423
2018-11-07,76.423,77.404,76.423,76.423,83998,76.423
2018-11-08,77.404,77.404,76.423,76.423,218618,76.423
2018-11-09,77.404,77.404,76.423,76.423,99409,76.423
2018-11-12,76.423,77.404,76.423,76.423,120230,76.423
2018-11-13,76.423,77.404,76.423,77.404,204636,77.404
2018-11-14,77.404,77.404,76.423,77.404,143092,77.404
2018-11-15,77.404,77.404,76.423,76.423,125639,76.423
2018-11-16,77.404,77.404,76.423,76.423,83896,76.423
2018-11-19,76.423,77.404,76.423,76.423,111657,76.423
2018-11-20,76.423,77.404,75.444,75.444,229539,75.444
2018-11-21,75.444,76.423,75.444,76.423,194430,76.423
2018-11-22,76.423,77.404,75.444,77.404,208617,77.404
2018-11-26,76.423,77.404,76.423,77.404,154829,77.404
2018-11-27,77.404,77.404,76.423,76.423,121659,76.423
2018-11-28,76.423,77.404,76.423,76.423,144214,76.423
2018-11-29,77.404,77.404,76.423,76.423,100737,76.423
2018-11-30,77.404,78.383,76.423,76.423,143092,76.423
2018-12-03,77.404,78.383,76.423,76.423,135846,76.423
2018-12-04,78.383,78.383,76.423,77.404,114209,77.404
2018-12-05,76.423,77.404,76.423,76.423,88489,76.423
2018-12-06,76.423,77.404,76.423,76.423,64402,76.423
2018-12-07,76.423,77.404,76.423,77.404,37559,77.404
2018-12-10,76.423,76.423,75.444,76.423,184325,76.423
2018-12-11,76.423,76.423,75.444,76.423,209024,76.423
2018-12-12,75.444,76.423,75.444,75.444,98898,75.444
2018-12-13,76.423,78.383,76.423,76.423,348137,76.423
2018-12-14,77.404,77.404,76.423,77.404,83283,77.404
2018-12-17,76.423,77.404,75.444,75.444,99409,75.444
2018-12-18,75.444,76.423,75.444,75.444,87672,75.444
2018-12-19,75.444,76.423,75.444,75.444,85426,75.444
2018-12-20,75.444,76.423,75.444,75.444,98695,75.444
2018-12-21,75.444,75.444,73.484,73.484,402025,73.484
2018-12-25,70.544,72.505,68.585,69.566,637280,69.566
2018-12-26,72.505,75.444,72.505,73.484,394677,73.484
2018-12-27,75.444,80.343,74.464,77.404,582268,77.404
2018-12-28,76.423,77.404,74.464,74.464,232500,74.464
2019-01-04,73.484,75.444,73.484,74.464,130742,74.464
2019-01-07,76.423,80.343,70.544,75.444,1331307,75.444
2019-01-08,76.423,85.242,76.423,80.343,1776812,80.343
2019-01-09,80.343,80.343,78.383,78.383,111963,78.383
2019-01-10,78.383,79.362,78.383,78.383,96347,78.383
2019-01-11,79.362,79.362,78.383,79.362,81344,79.362
2019-01-15,79.362,79.362,78.383,78.383,140949,78.383
2019-01-16,78.383,79.362,77.404,77.404,118700,77.404
2019-01-17,78.383,78.383,76.423,76.423,221986,76.423
2019-01-18,76.423,76.423,74.464,75.444,320068,75.444
2019-01-21,75.444,77.404,75.444,76.423,146971,76.423
2019-01-22,76.423,77.404,76.423,77.404,173201,77.404
2019-01-23,77.404,77.404,76.423,76.423,110841,76.423
2019-01-24,76.423,77.404,76.423,76.423,98797,76.423
2019-01-25,76.423,77.404,71.524,72.505,1730169,72.505
2019-01-28,73.484,73.484,72.505,73.484,244645,73.484
2019-01-29,73.484,74.464,72.505,73.484,128701,73.484
2019-01-30,74.464,74.464,72.505,74.464,179120,74.464
2019-01-31,74.464,74.464,73.484,73.484,115637,73.484
2019-02-01,74.464,74.464,73.484,73.484,71444,73.484
2019-02-04,74.464,75.444,73.484,74.464,106451,74.464
2019-02-05,75.444,75.444,73.484,74.464,102573,74.464
2019-02-06,74.464,75.444,73.484,73.484,92572,73.484
2019-02-07,75.444,75.444,73.484,73.484,63993,73.484
2019-02-08,73.484,74.464,73.484,73.484,101144,73.484
2019-02-12,74.464,74.464,73.484,74.464,82058,74.464
2019-02-13,74.464,74.464,73.484,74.464,158300,74.464
2019-02-14,74.464,74.464,73.484,73.484,67463,73.484
2019-02-15,73.484,74.464,73.484,73.484,69301,73.484
2019-02-18,74.464,74.464,73.484,73.484,67668,73.484
2019-02-19,73.484,74.464,73.484,73.484,59196,73.484
2019-02-20,74.464,74.464,73.484,73.484,55827,73.484
2019-02-21,74.464,74.464,73.484,73.484,54195,73.484
2019-02-22,73.484,74.464,73.484,73.484,55624,73.484
2019-02-25,74.464,75.444,74.464,74.464,65627,74.464
2019-02-26,75.444,75.444,74.464,75.444,66953,75.444
2019-02-27,74.464,75.444,74.464,75.444,49398,75.444
2019-02-28,74.464,75.444,74.464,75.444,76242,75.444
2019-03-01,75.444,75.444,74.464,74.464,120230,74.464
2019-03-04,74.464,75.444,74.464,74.464,76139,74.464
2019-03-05,74.464,75.444,74.464,75.444,70423,75.444
2019-03-06,75.444,75.444,74.464,75.444,88795,75.444
2019-03-07,75.444,75.444,74.464,75.444,78283,75.444
2019-03-08,74.464,75.444,74.464,75.444,90530,75.444
2019-03-11,74.464,75.444,74.464,74.464,102062,74.464
2019-03-12,74.464,75.444,74.464,74.464,80119,74.464
2019-03-13,74.464,75.444,74.464,74.464,65422,74.464
2019-03-14,75.444,75.444,74.464,75.444,112881,75.444
2019-03-15,75.444,77.404,75.444,75.444,356607,75.444
2019-03-18,76.423,77.404,75.444,75.444,188918,75.444
2019-03-19,76.423,76.423,75.444,76.423,66750,76.423
2019-03-20,76.423,76.423,75.444,76.423,259444,76.423
2019-03-22,76.423,76.423,75.444,76.423,109921,76.423
2019-03-25,75.444,76.423,75.444,75.444,238419,75.444
2019-03-26,76.423,78.383,75.444,77.404,571450,77.404
2019-03-27,73.952,75.925,72.967,73.952,413071,73.952
2019-03-28,73.952,74.938,73.952,73.952,52635,73.952
2019-03-29,74.938,74.938,73.952,73.952,67442,73.952
2019-04-01,74.938,74.938,73.952,73.952,59430,73.952
2019-04-02,74.938,74.938,72.967,72.967,148170,72.967
2019-04-03,72.967,73.952,72.967,73.952,84987,73.952
2019-04-04,73.952,73.952,72.967,73.952,58923,73.952
2019-04-05,73.952,73.952,72.967,72.967,127886,72.967
2019-04-08,72.967,73.952,72.967,73.952,89044,73.952
2019-04-09,72.967,73.952,72.967,73.952,43508,73.952
2019-04-10,73.952,73.952,72.967,73.952,57300,73.952
2019-04-11,72.967,73.952,72.967,72.967,83263,72.967
2019-04-12,72.967,73.952,72.967,72.967,90261,72.967
2019-04-15,73.952,73.952,72.967,72.967,83263,72.967
2019-04-16,72.967,73.952,72.967,73.952,78700,73.952
2019-04-17,73.952,73.952,72.967,72.967,84683,72.967
2019-04-18,70.008,71.98,70.008,70.994,482339,70.994
2019-04-19,70.994,71.98,70.994,71.98,72311,71.98
2019-04-22,71.98,71.98,70.994,71.98,76773,71.98
2019-04-23,71.98,71.98,70.994,71.98,35598,71.98
2019-04-24,70.994,71.98,70.994,71.98,56388,71.98
2019-04-25,71.98,72.967,70.994,72.967,158413,72.967
2019-04-26,72.967,72.967,71.98,72.967,113992,72.967
2019-05-07,71.98,72.967,71.98,72.967,35902,72.967
2019-05-08,71.98,72.967,70.994,71.98,51926,71.98
2019-05-09,70.994,72.967,70.994,71.98,51926,71.98
2019-05-10,71.98,72.967,71.98,72.967,49796,72.967
2019-05-13,71.98,72.967,70.994,70.994,69673,70.994
2019-05-14,70.994,71.98,70.008,70.008,180927,70.008
2019-05-15,70.008,70.994,70.008,70.008,79206,70.008
2019-05-16,70.994,70.994,70.008,70.008,84480,70.008
2019-05-17,70.994,70.994,70.008,70.008,85089,70.008
2019-05-20,71.98,71.98,70.008,70.008,82351,70.008
2019-05-21,70.994,70.994,70.008,70.008,67442,70.008
2019-05-22,70.994,71.98,70.994,71.98,71397,71.98
2019-05-23,71.98,71.98,70.008,70.008,104763,70.008
2019-05-24,70.008,70.994,70.008,70.008,87827,70.008
2019-05-27,70.994,71.98,70.008,71.98,71499,71.98
2019-05-28,70.994,70.994,70.008,70.008,60343,70.008
2019-05-29,70.994,70.994,70.008,70.994,54968,70.994
2019-05-30,70.008,70.994,70.008,70.008,89145,70.008
2019-05-31,70.994,70.994,70.008,70.008,77381,70.008
2019-06-03,70.008,70.994,70.008,70.008,70992,70.008
2019-06-04,70.994,70.994,70.008,70.008,79004,70.008
2019-06-05,70.994,70.994,70.008,70.994,85291,70.994
2019-06-06,70.008,70.994,70.008,70.994,56794,70.994
2019-06-07,70.008,70.994,70.008,70.994,95434,70.994
2019-06-10,70.994,71.98,70.008,70.994,92999,70.994
2019-06-11,70.994,71.98,70.994,71.98,140767,71.98
2019-06-12,72.967,72.967,70.994,71.98,43406,71.98
2019-06-13,71.98,71.98,70.994,70.994,104865,70.994
2019-06-14,70.994,71.98,70.994,70.994,89145,70.994
2019-06-17,72.967,72.967,70.994,70.994,95534,70.994
2019-06-18,71.98,72.967,70.994,71.98,76874,71.98
2019-06-19,71.98,72.967,71.98,72.967,100706,72.967
2019-06-20,72.967,72.967,71.98,72.967,57706,72.967
2019-06-21,72.967,72.967,71.98,71.98,67138,71.98
2019-06-24,70.994,72.967,70.994,72.967,57605,72.967
2019-06-25,71.98,72.967,70.994,70.994,88841,70.994
2019-06-26,71.98,71.98,70.994,71.98,86610,71.98
2019-06-27,70.994,71.98,70.994,71.98,64501,71.98
2019-06-28,71.98,71.98,70.994,71.98,54156,71.98
2019-07-01,71.98,72.967,70.994,70.994,70586,70.994
2019-07-02,70.994,71.98,70.994,71.98,35698,71.98
2019-07-03,71.98,72.967,70.994,72.967,68254,72.967
2019-07-04,71.98,72.967,71.98,71.98,67645,71.98
2019-07-05,71.98,73.952,71.98,73.952,106792,73.952
2019-07-08,73.952,73.952,72.967,72.967,77583,72.967
2019-07-09,73.952,75.925,72.967,73.952,452927,73.952
2019-07-10,74.938,74.938,72.967,72.967,148677,72.967
2019-07-11,72.967,73.952,72.967,72.967,174944,72.967
2019-07-12,73.952,73.952,71.98,72.967,158819,72.967
2019-07-16,72.967,73.952,71.98,73.952,161557,73.952
2019-07-17,72.967,73.952,71.98,71.98,98070,71.98
2019-07-18,71.98,73.952,71.98,71.98,110037,71.98
2019-07-19,72.967,73.952,72.967,73.952,86204,73.952
2019-07-22,72.967,73.952,72.967,73.952,76671,73.952
2019-07-23,72.967,73.952,72.967,73.952,87118,73.952
2019-07-24,73.952,73.952,72.967,72.967,65008,72.967
2019-07-25,72.967,73.952,72.967,72.967,189954,72.967
2019-07-26,73.952,73.952,72.967,72.967,105980,72.967
2019-07-29,73.952,73.952,72.967,72.967,54664,72.967
2019-07-30,73.952,73.952,72.967,72.967,78598,72.967
2019-07-31,73.952,73.952,72.967,73.952,60343,73.952
2019-08-01,72.967,73.952,72.967,72.967,74136,72.967
2019-08-02,73.952,73.952,72.967,72.967,42088,72.967
2019-08-05,73.952,73.952,72.967,72.967,89348,72.967
2019-08-06,72.967,72.967,71.98,72.967,92188,72.967
2019-08-07,72.967,73.952,72.967,72.967,29918,72.967
2019-08-08,72.967,73.952,72.967,73.952,30222,73.952
2019-08-09,73.952,73.952,72.967,73.952,40466,73.952
2019-08-13,73.952,73.952,72.967,73.952,53243,73.952
2019-08-14,73.952,73.952,72.967,72.967,77381,72.967
2019-08-15,73.952,73.952,72.967,72.967,37423,72.967
2019-08-16,73.952,73.952,72.967,73.952,86306,73.952
2019-08-19,73.952,74.938,73.952,74.938,34685,74.938
2019-08-20,74.938,74.938,73.952,74.938,54258,74.938
2019-08-21,74.938,74.938,73.952,74.938,37321,74.938
2019-08-22,74.938,74.938,73.952,74.938,35598,74.938
2019-08-23,74.938,74.938,73.952,74.938,26774,74.938
2019-08-26,73.952,74.938,72.967,73.952,78700,73.952
2019-08-27,73.952,73.952,72.967,73.952,24644,73.952
2019-08-28,72.967,73.952,72.967,73.952,33265,73.952
2019-08-29,73.952,73.952,72.967,72.967,25354,72.967
2019-08-30,73.952,74.938,73.952,74.938,27687,74.938
2019-09-02,74.938,74.938,73.952,73.952,47159,73.952
2019-09-03,74.938,74.938,73.952,73.952,38741,73.952
2019-09-04,74.938,74.938,73.952,73.952,19370,73.952
2019-09-05,74.938,74.938,73.952,74.938,107501,74.938
2019-09-06,74.938,74.938,73.952,74.938,60242,74.938
2019-09-09,74.938,75.925,74.938,75.925,68050,75.925
2019-09-10,75.925,75.925,74.938,74.938,25963,74.938
2019-09-11,75.925,75.925,74.938,74.938,55779,74.938
2019-09-12,75.925,75.925,74.938,74.938,128495,74.938
2019-09-13,74.938,75.925,74.938,74.938,80018,74.938
2019-09-17,74.938,76.91,74.938,76.91,117238,76.91
2019-09-18,76.91,76.91,75.925,75.925,142389,75.925
2019-09-19,75.925,76.91,75.925,76.91,136811,76.91
2019-09-20,76.91,76.91,75.925,76.91,82655,76.91
2019-09-24,76.91,76.91,75.925,76.91,195227,76.91
2019-09-25,76.91,76.91,75.925,76.91,84378,76.91
2019-09-26,76.91,77.896,75.925,76.91,213685,76.91
2019-09-27,74.938,75.925,73.952,73.952,171698,73.952
2019-09-30,74.938,74.938,73.952,73.952,47463,73.952
2019-10-01,74.938,74.938,73.952,74.938,59126,74.938
2019-10-02,74.938,74.938,73.952,73.952,29411,73.952
2019-10-03,73.952,74.938,73.952,74.938,40262,74.938
2019-10-04,74.938,74.938,73.952,73.952,34583,73.952
2019-10-07,73.952,74.938,73.952,73.952,33062,73.952
2019-10-08,74.938,74.938,73.952,73.952,76266,73.952
2019-10-09,74.938,74.938,73.952,73.952,38234,73.952
2019-10-10,74.938,74.938,73.952,74.938,33163,74.938
2019-10-11,73.952,74.938,73.952,74.938,69167,74.938
2019-10-15,74.938,75.925,74.938,74.938,84074,74.938
2019-10-16,75.925,75.925,74.938,75.925,60242,75.925
2019-10-17,75.925,75.925,74.938,75.925,45333,75.925
2019-10-18,75.925,75.925,75.925,75.925,43610,75.925
2019-10-21,74.938,75.925,74.938,75.925,44827,75.925
2019-10-23,75.925,76.91,74.938,76.91,74136,76.91
2019-10-24,75.925,76.91,75.925,75.925,41987,75.925
2019-10-25,76.91,76.91,75.925,76.91,65211,76.91
2019-10-28,76.91,76.91,75.925,75.925,46550,75.925
2019-10-29,76.91,76.91,75.925,76.91,40668,76.91
2019-10-30,76.91,76.91,75.925,75.925,82452,75.925
2019-10-31,76.91,76.91,75.925,76.91,67442,76.91
2019-11-01,76.91,77.896,75.925,77.896,96447,77.896
2019-11-05,77.896,77.896,76.91,77.896,70586,77.896
2019-11-06,77.896,77.896,76.91,77.896,53345,77.896
2019-11-07,77.896,77.896,75.925,76.91,110139,76.91
2019-11-08,75.925,76.91,75.925,76.91,64400,76.91
2019-11-11,76.91,76.91,75.925,75.925,113079,75.925
2019-11-12,75.925,76.91,75.925,75.925,94926,75.925
2019-11-13,76.91,76.91,75.925,76.91,56895,76.91
2019-11-14,75.925,76.91,75.925,75.925,131741,75.925
2019-11-15,75.925,76.91,75.925,76.91,53447,76.91
2019-11-18,76.91,77.896,76.91,77.896,130929,77.896
2019-11-19,77.896,77.896,76.91,76.91,81742,76.91
2019-11-20,77.896,77.896,76.91,77.896,73020,77.896
2019-11-21,76.91,77.896,75.925,76.91,130422,76.91
2019-11-22,76.91,77.896,75.925,76.91,70180,76.91
2019-11-25,76.91,76.91,75.925,76.91,140970,76.91
2019-11-26,76.91,77.896,75.925,77.896,205369,77.896
2019-11-27,76.91,76.91,75.925,76.91,77178,76.91
2019-11-28,76.91,76.91,75.925,75.925,74947,75.925
2019-11-29,76.91,76.91,75.925,76.91,91173,76.91
2019-12-02,75.925,77.896,75.925,77.896,149590,77.896
2019-12-03,77.896,77.896,76.91,77.896,157704,77.896
2019-12-04,76.91,77.896,75.925,75.925,139144,75.925
2019-12-05,76.91,77.896,75.925,75.925,126569,75.925
2019-12-06,76.91,77.896,75.925,76.91,171800,76.91
2019-12-09,75.925,77.896,75.925,77.896,170786,77.896
2019-12-10,76.91,77.896,76.91,76.91,85089,76.91
2019-12-11,76.91,77.896,76.91,76.91,73832,76.91
2019-12-12,76.91,77.896,76.91,77.896,118049,77.896
2019-12-13,77.896,77.896,76.91,76.91,111964,76.91
2019-12-16,76.91,77.896,76.91,76.91,123221,76.91
2019-12-17,76.91,80.854,76.91,78.883,781518,78.883
2019-12-18,79.868,79.868,76.91,77.896,293500,77.896
2019-12-19,77.896,78.883,77.896,77.896,166932,77.896
2019-12-20,78.883,78.883,75.925,75.925,441873,75.925
2019-12-23,75.925,76.91,75.925,75.925,235591,75.925
2019-12-24,76.91,76.91,75.925,75.925,285286,75.925
2019-12-25,75.925,76.91,75.925,76.91,189954,76.91
2019-12-26,75.925,76.91,75.925,76.91,162064,76.91
2019-12-27,76.91,76.91,75.925,76.91,61763,76.91
2019-12-30,75.925,76.91,75.925,75.925,111964,75.925
2020-01-06,75.925,76.91,75.925,76.91,52433,76.91
2020-01-07,75.925,77.896,75.925,77.896,144519,77.896
2020-01-08,76.91,77.896,75.925,77.896,236098,77.896
2020-01-09,77.896,78.883,76.91,78.883,205065,78.883
2020-01-10,78.883,79.868,77.896,79.868,270986,79.868
2020-01-14,79.868,80.854,78.883,78.883,275448,78.883
2020-01-15,79.868,79.868,78.883,79.868,70282,79.868
2020-01-16,79.868,80.854,79.868,79.868,183463,79.868
2020-01-17,80.854,81.841,79.868,79.868,191982,79.868
2020-01-20,80.854,81.841,80.854,80.854,177987,80.854
2020-01-21,80.854,81.841,79.868,79.868,127582,79.868
2020-01-22,80.854,81.841,79.868,81.841,88335,81.841
2020-01-23,81.841,81.841,80.854,81.841,99896,81.841
2020-01-24,81.841,81.841,79.868,80.854,129611,80.854
2020-01-27,79.868,80.854,78.883,80.854,229101,80.854
2020-01-28,78.883,80.854,78.883,78.883,91884,78.883
2020-01-29,80.854,81.841,79.868,81.841,204761,81.841
2020-01-30,81.841,81.841,79.868,79.868,134783,79.868
2020-01-31,79.868,81.841,79.868,81.841,150807,81.841
2020-02-03,79.868,81.841,77.896,81.841,378995,81.841
2020-02-04,80.854,81.841,80.854,81.841,63284,81.841
2020-02-05,81.841,83.812,81.841,82.826,608400,82.826
2020-02-06,82.826,83.812,81.841,81.841,197459,81.841
2020-02-07,81.841,82.826,78.883,78.883,376663,78.883
2020-02-10,79.868,80.854,78.883,78.883,210339,78.883
2020-02-12,78.883,80.854,78.883,78.883,232346,78.883
2020-02-13,79.868,80.854,78.883,79.868,165816,79.868
2020-02-14,78.883,81.841,78.883,81.841,248167,81.841
2020-02-17,80.854,80.854,77.896,77.896,401003,77.896
2020-02-18,77.896,79.868,77.896,77.896,132958,77.896
2020-02-19,78.883,79.868,78.883,78.883,73628,78.883
2020-02-20,78.883,79.868,78.883,78.883,116426,78.883
2020-02-21,79.868,79.868,78.883,78.883,63689,78.883
2020-02-25,77.896,78.883,76.91,78.883,204355,78.883
2020-02-26,77.896,77.896,76.91,76.91,93507,76.91
2020-02-27,76.91,77.896,75.925,75.925,196038,75.925
2020-02-28,74.938,74.938,71.98,71.98,537611,71.98
2020-03-02,70.994,75.925,70.994,74.938,274130,74.938
2020-03-03,76.91,76.91,74.938,75.925,186911,75.925
2020-03-04,74.938,76.91,73.952,76.91,125352,76.91
2020-03-05,76.91,76.91,75.925,75.925,112370,75.925
2020-03-06,75.925,75.925,74.938,75.925,116021,75.925
2020-03-09,73.952,73.952,70.008,70.008,344107,70.008
2020-03-10,69.022,70.008,63.106,69.022,498058,69.022
2020-03-11,70.008,70.994,69.022,70.008,176364,70.008
2020-03-12,69.022,69.022,67.05,68.036,183261,68.036
2020-03-13,64.092,65.078,60.147,65.078,454348,65.078
2020-03-16,67.05,69.022,66.064,68.036,179305,68.036
2020-03-17,66.064,69.022,65.078,68.036,186911,68.036
2020-03-18,69.022,71.98,69.022,70.008,80931,70.008
2020-03-19,71.98,71.98,69.022,69.022,70282,69.022
2020-03-23,70.008,70.008,69.022,69.022,83669,69.022
2020-03-24,70.994,71.98,70.008,70.994,116832,70.994
2020-03-25,71.98,74.938,71.98,73.952,82351,73.952
2020-03-26,72.967,74.938,72.967,74.938,116630,74.938
2020-03-27,74.938,74.938,72.967,73.952,226667,73.952
2020-03-30,69.485,70.478,68.493,68.493,231401,68.493
2020-03-31,69.485,70.478,68.493,68.493,53796,68.493
2020-04-01,68.493,69.485,66.507,67.5,97316,67.5
2020-04-02,64.522,66.507,64.522,66.507,121393,66.507
2020-04-03,66.507,66.507,63.529,63.529,120687,63.529
2020-04-06,63.529,64.522,62.537,62.537,94293,62.537
2020-04-07,64.522,65.515,64.522,65.515,53191,65.515
2020-04-08,65.515,67.5,64.522,67.5,76764,67.5
2020-04-09,68.493,68.493,66.507,66.507,34856,66.507
2020-04-10,66.507,67.5,66.507,67.5,69914,67.5
2020-04-13,67.5,67.5,66.507,66.507,31532,66.507
2020-04-14,67.5,68.493,66.507,67.5,100741,67.5
2020-04-15,67.5,68.493,67.5,68.493,27200,68.493
2020-04-16,68.493,69.485,67.5,68.493,55609,68.493
2020-04-17,69.485,69.485,68.493,68.493,36569,68.493
2020-04-20,69.485,69.485,68.493,69.485,55206,69.485
2020-04-21,69.485,69.485,67.5,67.5,41707,67.5
2020-04-22,67.5,67.5,65.515,65.515,148492,65.515
2020-04-23,65.515,67.5,65.515,65.515,52990,65.515
2020-04-24,66.507,68.493,65.515,66.507,124213,66.507
2020-04-27,67.5,68.493,67.5,67.5,11283,67.5
2020-04-28,68.493,69.485,67.5,68.493,27301,68.493
2020-04-30,68.493,68.493,66.507,67.5,260314,67.5
2020-05-01,67.5,67.5,65.515,66.507,149096,66.507
2020-05-07,66.507,67.5,66.507,66.507,31230,66.507
2020-05-08,66.507,67.5,66.507,67.5,54299,67.5
2020-05-11,67.5,68.493,66.507,68.493,105375,68.493
2020-05-12,68.493,72.463,67.5,69.485,282981,69.485
2020-05-13,70.478,70.478,69.485,70.478,97920,70.478
2020-05-14,70.478,70.478,69.485,70.478,41001,70.478
2020-05-15,70.478,71.471,69.485,71.471,82708,71.471
2020-05-18,71.471,72.463,69.485,69.485,115046,69.485
2020-05-19,71.471,71.471,69.485,70.478,70015,70.478
2020-05-20,70.478,72.463,69.485,69.485,165517,69.485
2020-05-21,69.485,70.478,68.493,69.485,130862,69.485
2020-05-22,70.478,70.478,69.485,70.478,20551,70.478
2020-05-25,70.478,71.471,69.485,71.471,59336,71.471
2020-05-26,71.471,71.471,70.478,71.471,105879,71.471
2020-05-27,71.471,72.463,70.478,70.478,122601,70.478
2020-05-28,71.471,72.463,70.478,72.463,247016,72.463
2020-05-29,73.456,73.456,71.471,71.471,31633,71.471
2020-06-01,72.463,72.463,70.478,71.471,116960,71.471
2020-06-02,71.471,72.463,70.478,72.463,38281,72.463
2020-06-03,72.463,72.463,71.471,71.471,41203,71.471
2020-06-04,71.471,72.463,70.478,71.471,92178,71.471
2020-06-05,71.471,72.463,71.471,71.471,67698,71.471
2020-06-08,71.471,72.463,71.471,72.463,68101,72.463
2020-06-09,72.463,73.456,71.471,71.471,66892,71.471
2020-06-10,72.463,72.463,71.471,71.471,102554,71.471
2020-06-11,71.471,72.463,71.471,71.471,84018,71.471
2020-06-12,70.478,71.471,69.485,70.478,271597,70.478
2020-06-15,70.478,71.471,69.485,69.485,111621,69.485
2020-06-16,69.485,71.471,69.485,69.485,82507,69.485
2020-06-17,70.478,70.478,69.485,70.478,30927,70.478
2020-06-18,70.478,70.478,69.485,69.485,63467,69.485
2020-06-19,69.485,70.478,69.485,70.478,128243,70.478
2020-06-22,70.478,70.478,69.485,70.478,103259,70.478
2020-06-23,69.485,70.478,69.485,70.478,51479,70.478
2020-06-24,70.478,71.471,69.485,69.485,85025,69.485
2020-06-25,69.485,70.478,69.485,69.485,47650,69.485
2020-06-26,70.478,71.471,69.485,69.485,66388,69.485
2020-06-29,70.478,70.478,69.485,69.485,164006,69.485
2020-06-30,70.478,70.478,69.485,70.478,43520,70.478
2020-07-01,70.478,70.478,69.485,69.485,23372,69.485
2020-07-02,70.478,70.478,69.485,69.485,43822,69.485
2020-07-03,69.485,70.478,68.493,68.493,92379,68.493
2020-07-06,69.485,69.485,68.493,68.493,52990,68.493
2020-07-07,68.493,69.485,68.493,69.485,56717,69.485
2020-07-08,69.485,69.485,68.493,69.485,41707,69.485
2020-07-09,68.493,69.485,68.493,68.493,38281,68.493
2020-07-10,69.485,69.485,68.493,68.493,55609,68.493
2020-07-13,69.485,69.485,68.493,68.493,19443,68.493
2020-07-14,69.485,69.485,68.493,68.493,22969,68.493
2020-07-15,68.493,69.485,68.493,69.485,14003,69.485
2020-07-16,69.485,69.485,67.5,67.5,187579,67.5
2020-07-17,68.493,68.493,67.5,67.5,19040,67.5
2020-07-20,68.493,68.493,67.5,67.5,36367,67.5
2020-07-21,67.5,68.493,67.5,68.493,20249,68.493
2020-07-22,68.493,68.493,67.5,68.493,161790,68.493
2020-07-27,67.5,68.493,67.5,68.493,62459,68.493
2020-07-28,68.493,68.493,67.5,68.493,12693,68.493
2020-07-29,67.5,68.493,67.5,68.493,21357,68.493
2020-07-30,68.493,68.493,67.5,67.5,19443,67.5
2020-07-31,67.5,68.493,66.507,66.507,127437,66.507
2020-08-03,66.507,67.5,66.507,67.5,32036,67.5
2020-08-04,67.5,68.493,66.507,66.507,32841,66.507
2020-08-05,70.478,83.382,69.485,69.485,3041665,69.485
2020-08-06,70.478,70.478,67.5,68.493,339799,68.493
2020-08-07,68.493,69.485,67.5,69.485,66892,69.485
2020-08-11,69.485,69.485,67.5,68.493,50673,68.493
2020-08-12,68.493,69.485,67.5,68.493,61653,68.493
2020-08-13,68.493,68.493,67.5,68.493,129351,68.493
2020-08-14,68.493,68.493,67.5,67.5,70015,67.5
2020-08-17,67.5,68.493,67.5,67.5,89256,67.5
2020-08-18,68.493,68.493,67.5,68.493,34554,68.493
2020-08-19,68.493,69.485,68.493,69.485,116154,69.485
2020-08-20,69.485,69.485,68.493,68.493,29920,68.493
2020-08-21,68.493,69.485,68.493,68.493,37979,68.493
2020-08-24,69.485,69.485,68.493,68.493,34050,68.493
2020-08-25,68.493,69.485,68.493,69.485,29316,69.485
2020-08-26,69.485,73.456,68.493,72.463,318039,72.463
2020-08-27,71.471,73.456,70.478,71.471,311188,71.471
2020-08-28,71.471,71.471,69.485,69.485,353499,69.485
2020-08-31,69.485,70.478,69.485,70.478,40800,70.478
2020-09-01,70.478,71.471,69.485,71.471,71526,71.471
2020-09-02,71.471,71.471,70.478,71.471,31935,71.471
2020-09-03,71.471,71.471,70.478,71.471,62459,71.471
2020-09-04,70.478,71.471,70.478,70.478,87644,70.478
2020-09-07,71.471,71.471,70.478,71.471,25890,71.471
2020-09-08,70.478,71.471,70.478,70.478,60344,70.478
2020-09-09,70.478,71.471,70.478,70.478,17327,70.478
2020-09-10,70.478,72.463,70.478,71.471,117867,71.471
2020-09-11,72.463,72.463,70.478,70.478,26797,70.478
2020-09-14,71.471,72.463,71.471,71.471,32338,71.471
2020-09-15,72.463,73.456,71.471,72.463,143959,72.463
2020-09-16,73.456,73.456,72.463,72.463,49161,72.463
2020-09-17,73.456,73.456,71.471,72.463,81902,72.463
2020-09-18,73.456,73.456,71.471,72.463,95200,72.463
2020-09-23,72.463,73.456,71.471,72.463,74246,72.463
2020-09-24,71.471,72.463,70.478,71.471,184557,71.471
2020-09-25,71.471,71.471,70.478,71.471,166927,71.471
2020-09-28,71.471,72.463,70.478,72.463,64474,72.463
2020-09-29,70.478,71.471,69.485,69.485,116356,69.485
2020-09-30,69.485,70.478,69.485,69.485,26495,69.485
2020-10-02,69.485,70.478,68.493,68.493,78175,68.493
2020-10-05,68.493,69.485,68.493,69.485,26898,69.485
2020-10-06,69.485,70.478,68.493,68.493,86133,68.493
2020-10-07,69.485,70.478,69.485,69.485,22969,69.485
2020-10-08,69.485,70.478,69.485,69.485,80794,69.485
2020-10-09,69.485,70.478,69.485,69.485,25689,69.485
2020-10-12,70.478,70.478,69.485,70.478,21861,70.478
2020-10-13,70.478,70.478,68.493,70.478,136504,70.478
2020-10-14,69.485,70.478,69.485,69.485,19745,69.485
2020-10-15,70.478,70.478,68.493,68.493,50874,68.493
2020-10-16,69.485,70.478,68.493,68.493,41707,68.493
2020-10-19,70.478,70.478,68.493,68.493,24782,68.493
2020-10-20,68.493,69.485,68.493,68.493,26696,68.493
2020-10-21,68.493,70.478,68.493,69.485,44729,69.485
2020-10-22,69.485,69.485,68.493,68.493,21961,68.493
2020-10-23,68.493,69.485,68.493,68.493,27200,68.493
2020-10-26,68.493,69.485,68.493,69.485,48154,69.485
2020-10-27,68.493,69.485,68.493,68.493,27905,68.493
2020-10-28,69.485,69.485,68.493,68.493,54098,68.493
2020-10-29,68.493,69.485,68.493,69.485,60041,69.485
2020-10-30,69.485,69.485,68.493,69.485,47449,69.485
2020-11-02,69.485,69.485,68.493,69.485,32841,69.485
2020-11-04,69.485,69.485,68.493,68.493,39793,68.493
2020-11-05,68.493,69.485,68.493,69.485,19745,69.485
2020-11-06,69.485,69.485,68.493,68.493,29819,68.493
2020-11-09,69.485,69.485,68.493,69.485,191710,69.485
2020-11-10,69.485,69.485,68.493,69.485,48759,69.485
2020-11-11,69.485,69.485,68.493,68.493,102050,68.493
2020-11-12,68.493,69.485,68.493,68.493,57120,68.493
2020-11-13,69.485,69.485,68.493,69.485,59538,69.485
2020-11-16,69.485,69.485,68.493,68.493,125019,68.493
2020-11-17,68.493,69.485,67.5,67.5,240367,67.5
2020-11-18,68.493,68.493,67.5,67.5,267164,67.5
2020-11-19,67.5,68.493,67.5,67.5,92379,67.5
2020-11-20,67.5,67.5,66.507,66.507,215484,66.507
2020-11-24,66.507,67.5,66.507,66.507,248427,66.507
2020-11-25,66.507,66.507,65.515,66.507,219313,66.507
2020-11-26,66.507,66.507,65.515,65.515,198761,65.515
2020-11-27,65.515,66.507,65.515,65.515,147384,65.515
2020-11-30,65.515,66.507,64.522,65.515,380196,65.515
2020-12-01,64.522,65.515,64.522,65.515,122501,65.515
2020-12-02,64.522,65.515,64.522,65.515,172972,65.515
2020-12-03,65.515,66.507,65.515,65.515,125120,65.515
2020-12-04,65.515,65.515,64.522,64.522,76059,64.522
2020-12-07,65.515,66.507,64.522,65.515,118370,65.515
2020-12-08,64.522,66.507,64.522,65.515,103964,65.515
2020-12-09,64.522,65.515,64.522,64.522,154436,64.522
2020-12-10,64.522,65.515,64.522,64.522,179016,64.522
2020-12-11,64.522,65.515,64.522,64.522,159876,64.522
2020-12-14,64.522,65.515,64.522,64.522,234625,64.522
2020-12-15,64.522,65.515,63.529,63.529,320859,63.529
2020-12-16,64.522,64.522,63.529,64.522,181333,64.522
2020-12-17,64.522,64.522,63.529,64.522,67597,64.522
2020-12-18,64.522,64.522,63.529,64.522,112225,64.522
2020-12-21,64.522,64.522,63.529,64.522,228883,64.522
2020-12-22,64.522,65.515,63.529,63.529,116053,63.529
2020-12-23,63.529,65.515,63.529,65.515,97517,65.515
2020-12-24,64.522,65.515,64.522,65.515,136000,65.515
2020-12-25,65.515,65.515,64.522,65.515,135295,65.515
2020-12-28,64.522,65.515,63.529,63.529,317636,63.529
2020-12-29,64.522,65.515,63.529,63.529,139123,63.529
2020-12-30,64.522,65.515,63.529,65.515,148089,65.515
2021-01-04,64.522,65.515,63.529,64.522,126228,64.522
2021-01-05,64.522,65.515,63.529,64.522,115449,64.522
2021-01-06,64.522,65.515,64.522,65.515,48053,65.515
2021-01-07,65.515,65.515,64.522,65.515,37677,65.515
2021-01-08,65.515,65.515,64.522,64.522,173778,64.522
2021-01-12,65.515,65.515,64.522,65.515,136504,65.515
2021-01-13,65.515,66.507,64.522,66.507,182039,66.507
2021-01-14,66.507,66.507,65.515,66.507,44527,66.507
2021-01-15,66.507,66.507,65.515,66.507,80794,66.507
2021-01-18,65.515,66.507,64.522,66.507,148492,66.507
2021-01-19,65.515,66.507,64.522,65.515,67093,65.515
2021-01-20,66.507,66.507,65.515,65.515,56818,65.515
2021-01-21,66.507,66.507,65.515,66.507,109505,66.507
2021-01-22,65.515,66.507,65.515,65.515,158163,65.515
2021-01-25,65.515,66.507,65.515,66.507,69612,66.507
2021-01-26,66.507,66.507,64.522,64.522,179721,64.522
2021-01-27,65.515,66.507,64.522,65.515,67799,65.515
2021-01-28,65.515,66.507,65.515,65.515,67799,65.515
2021-01-29,65.515,68.493,65.515,66.507,374957,66.507
2021-02-01,67.5,67.5,66.507,67.5,61754,67.5
2021-02-02,66.507,68.493,66.507,68.493,207727,68.493
2021-02-03,67.5,68.493,67.5,67.5,70418,67.5
2021-02-04,67.5,68.493,66.507,68.493,101748,68.493
2021-02-05,67.5,68.493,67.5,68.493,66489,68.493
2021-02-08,68.493,68.493,67.5,68.493,140634,68.493
2021-02-09,67.5,68.493,66.507,66.507,224551,66.507
2021-02-10,66.507,68.493,66.507,67.5,73037,67.5
2021-02-12,67.5,68.493,66.507,67.5,100539,67.5
2021-02-15,67.5,68.493,67.5,68.493,399135,68.493
2021-02-16,68.493,68.493,66.507,66.507,201179,66.507
2021-02-17,67.5,68.493,66.507,68.493,128948,68.493
2021-02-18,68.493,68.493,67.5,67.5,61754,67.5
2021-02-19,67.5,68.493,67.5,68.493,39490,68.493
2021-02-22,68.493,68.493,67.5,68.493,53493,68.493
2021-02-24,68.493,68.493,67.5,68.493,193523,68.493
2021-02-25,69.485,69.485,68.493,68.493,169043,68.493
2021-02-26,68.493,69.485,68.493,68.493,146074,68.493
2021-03-01,68.493,69.485,68.493,69.485,60948,69.485
2021-03-02,69.485,69.485,68.493,69.485,109102,69.485
2021-03-03,69.485,69.485,68.493,69.485,117161,69.485
2021-03-04,69.485,69.485,68.493,69.485,63164,69.485
2021-03-05,68.493,69.485,68.493,68.493,156249,68.493
2021-03-08,68.493,69.485,68.493,69.485,123609,69.485
2021-03-09,69.485,69.485,68.493,69.485,87644,69.485
2021-03-10,69.485,70.478,68.493,70.478,254673,70.478
2021-03-11,69.485,69.485,68.493,69.485,200575,69.485
2021-03-12,69.485,70.478,68.493,68.493,101144,68.493
2021-03-15,69.485,70.478,69.485,69.485,115953,69.485
2021-03-16,69.485,70.478,69.485,70.478,78074,70.478
2021-03-17,69.485,70.478,69.485,69.485,83716,69.485
2021-03-18,69.485,70.478,69.485,70.478,82104,70.478
2021-03-19,69.485,70.478,69.485,70.478,160077,70.478
2021-03-22,70.478,71.471,69.485,70.478,114744,70.478
2021-03-23,70.478,70.478,69.485,70.478,190501,70.478
2021-03-24,69.485,70.478,69.485,69.485,188486,69.485
2021-03-25,69.485,70.478,69.485,70.478,88047,70.478
2021-03-26,70.478,70.478,69.485,70.478,129250,70.478
2021-03-29,70.478,71.471,69.485,71.471,229084,71.471
2021-03-30,69.485,69.485,66.507,67.5,308569,67.5
2021-03-31,67.5,68.493,67.5,67.5,110815,67.5
2021-04-01,67.5,69.485,67.5,68.493,272604,68.493
2021-04-02,68.493,69.485,67.5,68.493,170151,68.493
2021-04-05,68.493,68.493,67.5,67.5,164409,67.5
2021-04-06,68.493,68.493,67.5,67.5,147283,67.5
2021-04-07,68.493,68.493,67.5,68.493,102957,68.493
2021-04-08,67.5,68.493,67.5,67.5,134791,67.5
2021-04-09,68.493,68.493,67.5,67.5,126228,67.5
2021-04-12,67.5,68.493,67.5,67.5,150305,67.5
2021-04-13,67.5,68.493,67.5,67.5,109001,67.5
2021-04-14,67.5,67.5,66.507,66.507,303431,66.507
2021-04-15,67.5,67.5,66.507,67.5,171964,67.5
2021-04-16,67.5,67.5,66.507,66.507,124717,66.507
2021-04-19,67.5,67.5,66.507,66.507,131668,66.507
2021-04-20,66.507,67.5,66.507,66.507,132575,66.507
2021-04-21,66.507,67.5,65.515,65.515,244296,65.515
2021-04-22,65.515,66.507,65.515,66.507,123508,66.507
2021-04-23,66.507,67.5,65.515,66.507,128545,66.507
2021-04-26,66.507,67.5,66.507,67.5,97618,67.5
2021-04-27,66.507,67.5,66.507,67.5,68101,67.5
2021-04-28,67.5,67.5,66.507,66.507,123710,66.507
2021-04-30,67.5,67.5,65.515,66.507,210447,66.507
2021-05-06,66.507,66.507,65.515,66.507,97215,66.507
2021-05-07,66.507,67.5,65.515,66.507,117867,66.507
2021-05-10,65.515,66.507,65.515,66.507,174684,66.507
2021-05-11,66.507,66.507,65.515,66.507,150708,66.507
2021-05-12,65.515,66.507,65.515,65.515,109505,65.515
2021-05-13,65.515,66.507,65.515,65.515,119579,65.515
2021-05-14,65.515,66.507,65.515,66.507,118773,66.507
2021-05-17,66.507,66.507,65.515,65.515,152521,65.515
2021-05-18,65.515,66.507,65.515,66.507,86637,66.507
2021-05-19,66.507,66.507,65.515,66.507,85428,66.507
2021-05-20,66.507,66.507,65.515,65.515,101244,65.515
2021-05-21,65.515,66.507,65.515,66.507,99028,66.507
2021-05-24,66.507,66.507,65.515,66.507,102655,66.507
2021-05-25,66.507,67.5,65.515,66.507,157458,66.507
2021-05-26,66.507,67.5,66.507,67.5,64575,67.5
2021-05-27,67.5,67.5,66.507,66.507,75556,66.507
2021-05-28,67.5,67.5,66.507,67.5,94495,67.5
2021-05-31,66.507,67.5,66.507,67.5,78981,67.5
2021-06-01,67.5,67.5,66.507,67.5,63870,67.5
2021-06-02,66.507,67.5,66.507,67.5,96711,67.5
2021-06-03,67.5,67.5,66.507,66.507,86738,66.507
2021-06-04,66.507,67.5,66.507,67.5,71526,67.5
2021-06-07,67.5,69.485,67.5,68.493,187378,68.493
2021-06-08,68.493,69.485,68.493,69.485,124616,69.485
2021-06-09,69.485,71.471,69.485,70.478,368812,70.478
2021-06-10,69.485,71.471,69.485,69.485,91271,69.485
2021-06-11,69.485,70.478,68.493,68.493,275727,68.493
2021-06-14,69.485,70.478,68.493,69.485,118975,69.485
2021-06-15,69.485,70.478,68.493,68.493,124818,68.493
2021-06-16,70.478,70.478,68.493,70.478,63567,70.478
2021-06-17,70.478,70.478,69.485,70.478,63265,70.478
2021-06-18,70.478,70.478,68.493,68.493,118169,68.493
2021-06-21,68.493,69.485,68.493,69.485,160480,69.485
2021-06-22,69.485,69.485,68.493,69.485,92279,69.485
2021-06-23,69.485,69.485,68.493,69.485,63064,69.485
2021-06-24,69.485,69.485,68.493,69.485,102856,69.485
2021-06-25,69.485,70.478,68.493,69.485,98927,69.485
2021-06-28,68.493,70.478,68.493,70.478,91876,70.478
2021-06-29,70.478,70.478,69.485,69.485,105274,69.485
2021-06-30,70.478,70.478,69.485,69.485,126027,69.485
2021-07-01,69.485,70.478,69.485,70.478,146477,70.478
2021-07-02,70.478,70.478,69.485,70.478,109505,70.478
2021-07-05,70.478,77.426,70.478,75.441,2679804,75.441
2021-07-06,75.441,75.441,71.471,73.456,1008516,73.456
2021-07-07,74.449,77.426,72.463,77.426,779834,77.426
2021-07-08,76.434,78.419,75.441,77.426,766234,77.426
2021-07-09,76.434,77.426,75.441,76.434,369114,76.434
2021-07-12,76.434,77.426,75.441,77.426,348865,77.426
2021-07-13,77.426,79.412,75.441,75.441,1036723,75.441
2021-07-14,76.434,77.426,74.449,75.441,441647,75.441
2021-07-15,75.441,75.441,73.456,74.449,362264,74.449
2021-07-16,74.449,74.449,72.463,73.456,380498,73.456
2021-07-19,73.456,74.449,73.456,73.456,197553,73.456
2021-07-20,74.449,74.449,72.463,73.456,167330,73.456
2021-07-21,74.449,84.375,72.463,72.463,3867840,72.463
2021-07-26,74.449,75.441,73.456,74.449,560018,74.449
2021-07-27,74.449,75.441,73.456,74.449,206821,74.449
2021-07-28,73.456,75.441,73.456,74.449,172569,74.449
2021-07-29,74.449,75.441,74.449,74.449,180427,74.449
2021-07-30,74.449,75.441,74.449,75.441,177606,75.441
2021-08-02,74.449,75.441,73.456,74.449,293659,74.449
2021-08-03,74.449,75.441,74.449,75.441,190400,75.441
2021-08-04,75.441,75.441,73.456,74.449,196444,74.449
2021-08-05,74.449,74.449,73.456,74.449,138720,74.449
2021-08-06,73.456,74.449,73.456,74.449,243692,74.449
2021-08-10,74.449,74.449,73.456,74.449,253766,74.449
2021-08-11,74.449,75.441,73.456,74.449,277037,74.449
2021-08-12,74.449,75.441,74.449,74.449,150607,74.449
2021-08-13,74.449,75.441,74.449,74.449,148190,74.449
2021-08-16,74.449,75.441,73.456,75.441,303532,75.441
2021-08-17,73.456,75.441,73.456,73.456,142347,73.456
2021-08-18,74.449,74.449,73.456,73.456,140231,73.456
2021-08-19,73.456,74.449,73.456,73.456,128847,73.456
2021-08-20,74.449,74.449,68.493,68.493,1327964,68.493
2021-08-23,67.5,69.485,67.5,67.5,876747,67.5
2021-08-24,67.5,67.5,66.507,67.5,762003,67.5
2021-08-25,68.493,68.493,66.507,68.493,967716,68.493
2021-08-26,67.5,67.5,66.507,66.507,1353250,66.507
2021-08-27,66.507,67.5,66.507,66.507,517606,66.507
2021-08-30,67.5,69.485,66.507,69.485,937796,69.485
2021-08-31,69.485,69.485,68.493,68.493,149197,68.493
2021-09-01,69.485,69.485,68.493,68.493,119680,68.493
2021-09-02,68.493,70.478,68.493,69.485,324385,69.485
2021-09-03,69.485,70.478,68.493,70.478,250441,70.478
2021-09-06,70.478,70.478,69.485,70.478,100439,70.478
2021-09-07,70.478,70.478,69.485,69.485,212563,69.485
2021-09-08,70.478,70.478,69.485,70.478,103763,70.478
2021-09-09,69.485,70.478,69.485,69.485,108498,69.485
2021-09-10,70.478,70.478,69.485,70.478,119781,70.478
2021-09-13,70.478,70.478,69.485,69.485,171058,69.485
2021-09-14,70.478,71.471,70.478,71.471,180326,71.471
2021-09-15,71.471,71.471,70.478,70.478,76261,70.478
2021-09-16,71.471,71.471,70.478,70.478,63769,70.478
2021-09-17,70.478,71.471,70.478,71.471,80895,71.471
2021-09-21,70.478,71.471,70.478,70.478,195437,70.478
2021-09-22,70.478,71.471,70.478,71.471,114341,71.471
2021-09-24,71.471,71.471,70.478,71.471,194027,71.471
2021-09-27,71.471,72.463,70.478,72.463,388759,72.463
2021-09-28,72.463,72.463,71.471,72.463,416059,72.463
2021-09-29,70.478,71.471,70.478,70.478,206921,70.478
2021-09-30,71.471,71.471,70.478,70.478,213671,70.478
2021-10-01,71.471,72.463,70.478,70.478,334056,70.478
2021-10-04,71.471,72.463,70.478,70.478,308166,70.478
2021-10-05,70.478,75.441,69.485,74.449,1839828,74.449
2021-10-06,74.449,74.449,72.463,72.463,375058,72.463
2021-10-07,73.456,74.449,72.463,72.463,479828,72.463
2021-10-08,72.463,74.449,72.463,74.449,399336,74.449
2021-10-11,74.449,74.449,73.456,73.456,250643,73.456
2021-10-12,74.449,74.449,73.456,73.456,206519,73.456
2021-10-13,73.456,74.449,73.456,73.456,169244,73.456
2021-10-14,73.456,74.449,73.456,73.456,262833,73.456
2021-10-15,74.449,74.449,73.456,73.456,232812,73.456
2021-10-18,74.449,74.449,73.456,73.456,163401,73.456
2021-10-19,74.449,74.449,73.456,74.449,113434,74.449
2021-10-20,74.449,74.449,73.456,73.456,161790,73.456
2021-10-21,74.449,74.449,73.456,73.456,134388,73.456
2021-10-22,73.456,74.449,73.456,74.449,148996,74.449
2021-10-25,74.449,74.449,72.463,72.463,418074,72.463
2021-10-26,73.456,73.456,72.463,72.463,202993,72.463
2021-10-27,72.463,73.456,72.463,73.456,164510,73.456
2021-10-28,72.463,73.456,72.463,72.463,167532,72.463
2021-10-29,72.463,73.456,72.463,72.463,145873,72.463
2021-11-01,72.463,73.456,72.463,73.456,153630,73.456
2021-11-02,73.456,73.456,72.463,72.463,140735,72.463
2021-11-04,73.456,73.456,72.463,72.463,127941,72.463
2021-11-05,72.463,73.456,72.463,72.463,191004,72.463
2021-11-08,73.456,73.456,72.463,73.456,143556,73.456
2021-11-09,73.456,73.456,72.463,72.463,211153,72.463
2021-11-10,72.463,73.456,72.463,72.463,112225,72.463
2021-11-11,72.463,73.456,72.463,72.463,172972,72.463
2021-11-12,72.463,73.456,72.463,73.456,202892,73.456
2021-11-15,73.456,73.456,72.463,73.456,178613,73.456
2021-11-16,72.463,73.456,71.471,71.471,388859,71.471
2021-11-17,71.471,72.463,71.471,71.471,140634,71.471
2021-11-18,71.471,72.463,71.471,71.471,125019,71.471
2021-11-19,71.471,72.463,70.478,71.471,276332,71.471
2021-11-22,70.478,71.471,70.478,70.478,244498,70.478
2021-11-24,65.515,67.5,64.522,66.507,2200984,66.507
2021-11-25,66.507,66.507,61.544,61.544,3783822,61.544
2021-11-26,60.551,61.544,59.559,60.551,3323135,60.551
2021-11-29,60.551,61.544,59.559,60.551,1690631,60.551
2021-11-30,61.544,62.537,60.551,61.544,1361410,61.544
2021-12-01,60.551,61.544,60.551,60.551,330530,60.551
2021-12-02,60.551,61.544,60.551,61.544,271093,61.544
2021-12-03,60.551,61.544,60.551,61.544,331135,61.544
2021-12-06,61.544,61.544,60.551,60.551,274519,60.551
2021-12-07,61.544,61.544,60.551,60.551,507431,60.551
2021-12-08,60.551,62.537,60.551,61.544,349268,61.544
2021-12-09,61.544,62.537,61.544,62.537,318039,62.537
2021-12-10,62.537,62.537,61.544,61.544,259307,61.544
2021-12-13,62.537,62.537,61.544,62.537,281369,62.537
2021-12-14,62.537,62.537,61.544,61.544,255176,61.544
2021-12-15,61.544,62.537,61.544,61.544,198459,61.544
2021-12-16,62.537,62.537,61.544,61.544,169244,61.544
2021-12-17,61.544,62.537,61.544,61.544,206418,61.544
2021-12-20,61.544,62.537,60.551,60.551,552865,60.551
2021-12-21,60.551,61.544,60.551,60.551,189090,60.551
2021-12-22,60.551,61.544,60.551,60.551,326601,60.551
2021-12-23,61.544,61.544,60.551,61.544,305144,61.544
2021-12-24,60.551,61.544,60.551,60.551,294264,60.551
2021-12-27,61.544,61.544,60.551,60.551,310281,60.551
2021-12-28,60.551,61.544,60.551,60.551,383218,60.551
2021-12-29,61.544,62.537,61.544,61.544,338892,61.544
2021-12-30,61.544,62.537,61.544,62.537,196344,62.537
2022-01-04,62.537,63.529,61.544,62.537,375964,62.537
2022-01-05,61.544,63.529,61.544,62.537,319348,62.537
2022-01-06,62.537,62.537,61.544,62.537,148895,62.537
2022-01-07,61.544,62.537,61.544,61.544,127336,61.544
2022-01-11,62.537,62.537,61.544,61.544,98021,61.544
2022-01-12,62.537,62.537,61.544,62.537,197553,62.537
2022-01-13,62.537,63.529,62.537,63.529,174987,63.529
2022-01-14,63.529,63.529,61.544,62.537,176397,62.537
2022-01-17,62.537,62.537,61.544,62.537,157961,62.537
2022-01-18,61.544,62.537,61.544,61.544,162596,61.544
2022-01-19,61.544,62.537,61.544,61.544,166424,61.544
2022-01-20,61.544,62.537,61.544,61.544,281167,61.544
2022-01-21,61.544,62.537,61.544,61.544,287313,61.544
2022-01-24,61.544,62.537,61.544,61.544,228480,61.544
2022-01-25,61.544,62.537,61.544,62.537,195437,62.537
2022-01-26,61.544,62.537,61.544,62.537,68504,62.537
2022-01-27,62.537,62.537,60.551,60.551,298092,60.551
2022-01-28,60.551,61.544,60.551,61.544,146376,61.544
2022-01-31,60.551,62.537,60.551,62.537,204302,62.537
2022-02-01,62.537,62.537,61.544,61.544,128747,61.544
2022-02-02,62.537,62.537,61.544,61.544,100539,61.544
2022-02-03,62.537,62.537,61.544,62.537,120990,62.537
2022-02-04,62.537,62.537,61.544,62.537,114039,62.537
2022-02-07,62.537,63.529,61.544,62.537,186068,62.537
2022-02-08,63.529,63.529,62.537,63.529,78276,63.529
2022-02-09,62.537,63.529,62.537,63.529,102554,63.529
2022-02-10,63.529,63.529,62.537,63.529,153428,63.529
2022-02-14,62.537,63.529,62.537,63.529,164308,63.529
2022-02-15,63.529,63.529,62.537,62.537,118270,62.537
2022-02-16,63.529,64.522,63.529,63.529,184456,63.529
2022-02-17,64.522,65.515,63.529,65.515,301013,65.515
2022-02-18,65.515,65.515,63.529,64.522,375561,64.522
2022-02-21,64.522,65.515,63.529,64.522,145570,64.522
2022-02-22,64.522,65.515,63.529,64.522,239058,64.522
2022-02-24,64.522,64.522,63.529,63.529,126933,63.529
2022-02-25,63.529,64.522,63.529,64.522,76966,64.522
2022-02-28,64.522,65.515,64.522,65.515,212966,65.515
2022-03-01,65.515,65.515,64.522,65.515,124213,65.515
2022-03-02,64.522,65.515,64.522,65.515,113132,65.515
2022-03-03,65.515,65.515,64.522,64.522,118773,64.522
2022-03-04,65.515,65.515,64.522,65.515,157760,65.515
2022-03-07,65.515,65.515,63.529,63.529,350578,63.529
2022-03-08,63.529,64.522,62.537,62.537,326601,62.537
2022-03-09,62.537,63.529,62.537,63.529,51076,63.529
2022-03-10,63.529,64.522,62.537,63.529,205511,63.529
2022-03-11,63.529,64.522,62.537,62.537,97215,62.537
2022-03-14,63.529,64.522,63.529,63.529,125422,63.529
2022-03-15,67.5,69.485,63.529,64.522,2343028,64.522
2022-03-16,64.522,65.515,64.522,64.522,160984,64.522
2022-03-17,64.522,65.515,64.522,65.515,191508,65.515
2022-03-18,64.522,66.507,64.522,65.515,208332,65.515
2022-03-22,66.507,66.507,65.515,66.507,142951,66.507
2022-03-23,66.507,67.5,65.515,66.507,273713,66.507
2022-03-24,66.507,67.5,65.515,65.515,148190,65.515
2022-03-25,66.507,66.507,65.515,65.515,182341,65.515
2022-03-28,66.507,66.507,65.515,66.507,238252,66.507
2022-03-29,66.507,67.5,65.515,67.5,456154,67.5
2022-03-30,66.0,66.0,64.0,64.0,453000,64.0
2022-03-31,64.0,66.0,64.0,65.0,198100,65.0
2022-04-01,65.0,66.0,64.0,65.0,177000,65.0
2022-04-04,65.0,66.0,65.0,66.0,191500,66.0
2022-04-05,66.0,66.0,65.0,65.0,175800,65.0
2022-04-06,65.0,66.0,64.0,65.0,152100,65.0
2022-04-07,64.0,65.0,64.0,64.0,126800,64.0
2022-04-08,65.0,65.0,64.0,64.0,107100,64.0
2022-04-11,64.0,65.0,64.0,64.0,118900,64.0
2022-04-12,64.0,65.0,64.0,64.0,142000,64.0
2022-04-13,64.0,65.0,64.0,64.0,137500,64.0
2022-04-14,65.0,65.0,64.0,64.0,135000,64.0
2022-04-15,64.0,65.0,64.0,64.0,130900,64.0
2022-04-18,65.0,65.0,64.0,65.0,89000,65.0
2022-04-19,65.0,65.0,64.0,64.0,164600,64.0
2022-04-20,64.0,65.0,64.0,64.0,111400,64.0
2022-04-21,64.0,65.0,64.0,64.0,126200,64.0
2022-04-22,64.0,65.0,64.0,65.0,83900,65.0
2022-04-25,65.0,65.0,64.0,64.0,146900,64.0
2022-04-26,64.0,65.0,64.0,64.0,90700,64.0
2022-04-27,64.0,65.0,63.0,65.0,233700,65.0
2022-04-28,64.0,65.0,64.0,65.0,104800,65.0
2022-05-02,64.0,65.0,64.0,64.0,167700,64.0
2022-05-06,65.0,65.0,64.0,64.0,141300,64.0
2022-05-09,64.0,65.0,64.0,64.0,214600,64.0
2022-05-10,64.0,65.0,64.0,65.0,213400,65.0
2022-05-11,65.0,65.0,64.0,65.0,118200,65.0
2022-05-12,65.0,65.0,63.0,64.0,178400,64.0
2022-05-13,63.0,65.0,63.0,65.0,173100,65.0
2022-05-16,65.0,65.0,64.0,64.0,199500,64.0
2022-05-17,64.0,65.0,63.0,64.0,203900,64.0
2022-05-18,65.0,65.0,64.0,65.0,155200,65.0
2022-05-19,64.0,65.0,64.0,65.0,151300,65.0
2022-05-20,64.0,65.0,64.0,64.0,116100,64.0
2022-05-23,64.0,65.0,64.0,64.0,147100,64.0
2022-05-24,64.0,65.0,64.0,64.0,175700,64.0
2022-05-25,64.0,65.0,64.0,65.0,138600,65.0
2022-05-26,65.0,65.0,64.0,64.0,138900,64.0
2022-05-27,64.0,65.0,64.0,65.0,142400,65.0
2022-05-30,65.0,65.0,64.0,64.0,181100,64.0
2022-05-31,64.0,65.0,64.0,65.0,145300,65.0
2022-06-01,65.0,65.0,64.0,64.0,164600,64.0
2022-06-02,64.0,65.0,64.0,65.0,199100,65.0
2022-06-03,65.0,65.0,64.0,65.0,231300,65.0
2022-06-06,65.0,67.0,64.0,66.0,583600,66.0
2022-06-07,65.0,66.0,65.0,66.0,188100,66.0
2022-06-08,66.0,66.0,65.0,65.0,159900,65.0
2022-06-09,66.0,66.0,65.0,65.0,184900,65.0
2022-06-10,66.0,66.0,65.0,66.0,155000,66.0
2022-06-13,66.0,66.0,65.0,66.0,190000,66.0
2022-06-14,66.0,66.0,65.0,66.0,184600,66.0
2022-06-15,66.0,66.0,65.0,65.0,179400,65.0
2022-06-16,66.0,66.0,65.0,65.0,135100,65.0
2022-06-17,65.0,66.0,65.0,65.0,400100,65.0
2022-06-20,66.0,66.0,65.0,65.0,161600,65.0
2022-06-21,65.0,66.0,65.0,65.0,180400,65.0
2022-06-22,65.0,66.0,65.0,65.0,208900,65.0
2022-06-23,65.0,66.0,65.0,65.0,167600,65.0
2022-06-24,65.0,66.0,65.0,65.0,132500,65.0
2022-06-27,66.0,66.0,65.0,65.0,194400,65.0
2022-06-28,65.0,66.0,65.0,66.0,141300,66.0
2022-06-29,66.0,66.0,65.0,66.0,141600,66.0
2022-06-30,65.0,67.0,65.0,66.0,328400,66.0
2022-07-01,66.0,67.0,65.0,66.0,222200,66.0
2022-07-04,66.0,67.0,66.0,67.0,196400,67.0
2022-07-05,67.0,67.0,66.0,67.0,205300,67.0
2022-07-06,67.0,67.0,66.0,67.0,161200,67.0
2022-07-07,67.0,67.0,66.0,67.0,154100,67.0
2022-07-08,67.0,67.0,66.0,66.0,160500,66.0
2022-07-11,67.0,67.0,66.0,67.0,178500,67.0
2022-07-12,67.0,67.0,66.0,67.0,188600,67.0
2022-07-13,67.0,67.0,66.0,66.0,134300,66.0
2022-07-14,66.0,67.0,66.0,67.0,139400,67.0
2022-07-15,67.0,67.0,66.0,67.0,174700,67.0
2022-07-19,67.0,67.0,66.0,67.0,184100,67.0
2022-07-20,67.0,68.0,66.0,66.0,297300,66.0
2022-07-21,67.0,68.0,67.0,67.0,255800,67.0
2022-07-22,68.0,68.0,67.0,68.0,120300,68.0
2022-07-25,68.0,68.0,67.0,68.0,195000,68.0
2022-07-26,68.0,68.0,67.0,68.0,196700,68.0
2022-07-27,67.0,68.0,67.0,68.0,136700,68.0
2022-07-28,68.0,69.0,67.0,68.0,323600,68.0
2022-07-29,68.0,69.0,68.0,68.0,160700,68.0
2022-08-01,68.0,69.0,68.0,68.0,191900,68.0
2022-08-02,68.0,69.0,68.0,68.0,171500,68.0
2022-08-03,68.0,69.0,68.0,68.0,170300,68.0
2022-08-04,68.0,69.0,68.0,68.0,138500,68.0
2022-08-05,68.0,69.0,68.0,68.0,218400,68.0
2022-08-08,69.0,69.0,68.0,68.0,170400,68.0
2022-08-09,69.0,69.0,68.0,69.0,214400,69.0
2022-08-10,69.0,69.0,68.0,68.0,230100,68.0
2022-08-12,69.0,69.0,68.0,69.0,197800,69.0
2022-08-15,69.0,70.0,68.0,70.0,425000,70.0
2022-08-16,70.0,70.0,69.0,70.0,235200,70.0
2022-08-17,70.0,70.0,69.0,70.0,246000,70.0
2022-08-18,69.0,70.0,69.0,69.0,162200,69.0
2022-08-19,69.0,70.0,69.0,69.0,190900,69.0
2022-08-22,70.0,70.0,69.0,70.0,243400,70.0
2022-08-23,70.0,70.0,69.0,69.0,143100,69.0
2022-08-24,70.0,71.0,69.0,70.0,504600,70.0
2022-08-25,70.0,71.0,70.0,70.0,172200,70.0
2022-08-26,71.0,71.0,70.0,71.0,141300,71.0
2022-08-29,71.0,71.0,70.0,71.0,165200,71.0
2022-08-30,71.0,71.0,70.0,71.0,179600,71.0
2022-08-31,71.0,72.0,70.0,72.0,403000,72.0
2022-09-01,71.0,72.0,70.0,70.0,402500,70.0
2022-09-02,71.0,71.0,70.0,70.0,126000,70.0
2022-09-05,71.0,72.0,70.0,71.0,112500,71.0
2022-09-06,71.0,72.0,71.0,71.0,48600,71.0
2022-09-07,71.0,72.0,70.0,70.0,230000,70.0
2022-09-08,71.0,71.0,70.0,70.0,129000,70.0
2022-09-09,71.0,71.0,70.0,71.0,36200,71.0
2022-09-12,71.0,71.0,70.0,70.0,116400,70.0
2022-09-13,71.0,72.0,70.0,72.0,138300,72.0
2022-09-14,70.0,71.0,70.0,70.0,108600,70.0
2022-09-15,70.0,71.0,70.0,71.0,56700,71.0
2022-09-16,71.0,71.0,70.0,71.0,107500,71.0
2022-09-20,71.0,72.0,70.0,70.0,141800,70.0
2022-09-21,71.0,71.0,70.0,71.0,57600,71.0
2022-09-22,71.0,72.0,70.0,72.0,112900,72.0
2022-09-26,72.0,72.0,71.0,71.0,80000,71.0
2022-09-27,72.0,72.0,70.0,71.0,171200,71.0
2022-09-28,71.0,72.0,70.0,72.0,311400,72.0
2022-09-29,70.0,70.0,69.0,70.0,237600,70.0
2022-09-30,69.0,70.0,69.0,69.0,121000,69.0
2022-10-03,69.0,70.0,68.0,68.0,225100,68.0
2022-10-04,68.0,69.0,68.0,68.0,155900,68.0
2022-10-05,68.0,69.0,68.0,69.0,215700,69.0
2022-10-06,68.0,69.0,68.0,69.0,117300,69.0
2022-10-07,69.0,70.0,68.0,69.0,194800,69.0
2022-10-11,70.0,70.0,68.0,69.0,108000,69.0
2022-10-12,69.0,69.0,68.0,69.0,119000,69.0
2022-10-13,69.0,69.0,68.0,69.0,110700,69.0
2022-10-14,69.0,69.0,68.0,69.0,98700,69.0
2022-10-17,69.0,69.0,68.0,69.0,126400,69.0
2022-10-18,69.0,69.0,68.0,68.0,115500,68.0
2022-10-19,69.0,69.0,68.0,68.0,99400,68.0
2022-10-20,68.0,69.0,68.0,68.0,139300,68.0
2022-10-21,68.0,69.0,68.0,68.0,116400,68.0
2022-10-24,69.0,69.0,68.0,68.0,105600,68.0
2022-10-25,68.0,69.0,68.0,68.0,116900,68.0
2022-10-26,69.0,69.0,68.0,69.0,99500,69.0
2022-10-27,69.0,69.0,68.0,68.0,91200,68.0
2022-10-28,68.0,69.0,68.0,68.0,178800,68.0
2022-10-31,69.0,69.0,68.0,69.0,147000,69.0
2022-11-01,68.0,69.0,68.0,68.0,115400,68.0
2022-11-02,68.0,69.0,68.0,68.0,128200,68.0
2022-11-04,68.0,69.0,68.0,69.0,154900,69.0
2022-11-07,69.0,69.0,68.0,69.0,107400,69.0
2022-11-08,69.0,69.0,68.0,69.0,151700,69.0
2022-11-09,69.0,69.0,68.0,68.0,103100,68.0
2022-11-10,68.0,69.0,68.0,68.0,94500,68.0
2022-11-11,69.0,69.0,68.0,69.0,310800,69.0
2022-11-14,69.0,69.0,68.0,68.0,223100,68.0
2022-11-15,68.0,69.0,68.0,68.0,597400,68.0
2022-11-16,69.0,69.0,68.0,68.0,192800,68.0
2022-11-17,68.0,69.0,68.0,68.0,178300,68.0
2022-11-18,68.0,69.0,68.0,68.0,168500,68.0
2022-11-21,69.0,69.0,68.0,68.0,157500,68.0
2022-11-22,69.0,69.0,68.0,69.0,202400,69.0
2022-11-24,69.0,70.0,68.0,70.0,459300,70.0
2022-11-25,70.0,70.0,69.0,70.0,202800,70.0
2022-11-28,70.0,70.0,69.0,69.0,212300,69.0
2022-11-29,69.0,70.0,69.0,69.0,178900,69.0
2022-11-30,70.0,70.0,69.0,69.0,205600,69.0
2022-12-01,70.0,70.0,69.0,70.0,161900,70.0
2022-12-02,70.0,70.0,69.0,69.0,159700,69.0
2022-12-05,70.0,70.0,69.0,69.0,200800,69.0
2022-12-06,69.0,70.0,69.0,69.0,141800,69.0
2022-12-07,69.0,70.0,69.0,70.0,153600,70.0
2022-12-08,70.0,70.0,69.0,69.0,205500,69.0
2022-12-09,69.0,70.0,69.0,70.0,167200,70.0
2022-12-12,70.0,70.0,69.0,69.0,187700,69.0
2022-12-13,70.0,70.0,69.0,70.0,189300,70.0
2022-12-14,70.0,70.0,69.0,70.0,273100,70.0
2022-12-15,70.0,71.0,69.0,69.0,351700,69.0
2022-12-16,69.0,70.0,69.0,70.0,173900,70.0
2022-12-19,70.0,70.0,69.0,69.0,137000,69.0
2022-12-20,70.0,70.0,69.0,69.0,185500,69.0
2022-12-21,69.0,70.0,69.0,69.0,253100,69.0
2022-12-22,70.0,70.0,69.0,69.0,143400,69.0
2022-12-23,69.0,70.0,69.0,69.0,152800,69.0
2022-12-26,69.0,70.0,69.0,69.0,207300,69.0
2022-12-27,70.0,70.0,69.0,69.0,213400,69.0
2022-12-28,70.0,70.0,69.0,70.0,144900,70.0
2022-12-29,70.0,70.0,69.0,70.0,153500,70.0
2022-12-30,70.0,70.0,69.0,70.0,122000,70.0
2023-01-04,70.0,70.0,69.0,70.0,147300,70.0
2023-01-05,70.0,71.0,69.0,71.0,215900,71.0
2023-01-06,71.0,71.0,70.0,71.0,174900,71.0
2023-01-10,71.0,71.0,70.0,71.0,195100,71.0
2023-01-11,71.0,71.0,70.0,71.0,205800,71.0
2023-01-12,71.0,72.0,70.0,70.0,280000,70.0
2023-01-13,71.0,71.0,70.0,70.0,167600,70.0
2023-01-16,70.0,71.0,70.0,70.0,182200,70.0
2023-01-17,70.0,71.0,70.0,71.0,130500,71.0
2023-01-18,71.0,71.0,70.0,71.0,162500,71.0
2023-01-19,71.0,71.0,70.0,71.0,197000,71.0
2023-01-20,71.0,72.0,70.0,71.0,321600,71.0
2023-01-23,71.0,72.0,71.0,72.0,268400,72.0
2023-01-24,71.0,72.0,71.0,72.0,238400,72.0
2023-01-25,72.0,75.0,71.0,72.0,1435700,72.0
2023-01-26,73.0,74.0,72.0,74.0,386000,74.0
2023-01-27,73.0,74.0,73.0,74.0,384900,74.0
2023-01-30,73.0,74.0,73.0,73.0,278700,73.0
2023-01-31,74.0,74.0,73.0,74.0,230600,74.0
2023-02-01,74.0,75.0,74.0,75.0,316400,75.0
2023-02-02,75.0,75.0,74.0,74.0,233000,74.0
2023-02-03,75.0,77.0,74.0,76.0,791700,76.0
2023-02-06,76.0,76.0,74.0,74.0,393400,74.0
2023-02-07,75.0,75.0,74.0,74.0,213000,74.0
2023-02-08,75.0,75.0,73.0,73.0,579300,73.0
2023-02-09,74.0,75.0,73.0,75.0,312000,75.0
2023-02-10,74.0,75.0,72.0,74.0,708700,74.0
2023-02-13,74.0,74.0,73.0,74.0,248200,74.0
2023-02-14,74.0,74.0,73.0,73.0,182800,73.0
2023-02-15,73.0,74.0,73.0,73.0,147500,73.0
2023-02-16,74.0,74.0,73.0,74.0,162800,74.0
2023-02-17,74.0,74.0,73.0,74.0,204700,74.0
2023-02-20,74.0,74.0,73.0,74.0,269500,74.0
2023-02-21,73.0,74.0,73.0,74.0,216100,74.0
2023-02-22,74.0,74.0,73.0,74.0,235900,74.0
2023-02-24,74.0,74.0,73.0,74.0,100800,74.0
2023-02-27,74.0,75.0,74.0,75.0,237500,75.0
2023-02-28,74.0,75.0,74.0,75.0,234200,75.0
2023-03-01,74.0,75.0,74.0,74.0,195200,74.0
2023-03-02,75.0,75.0,74.0,74.0,252500,74.0
2023-03-03,74.0,75.0,73.0,74.0,656600,74.0
2023-03-06,74.0,75.0,73.0,75.0,373600,75.0
2023-03-07,75.0,75.0,74.0,75.0,213200,75.0
2023-03-08,74.0,75.0,74.0,75.0,250500,75.0
2023-03-09,75.0,75.0,74.0,75.0,208600,75.0
2023-03-10,74.0,75.0,74.0,75.0,234900,75.0
2023-03-13,74.0,75.0,73.0,73.0,590100,73.0
2023-03-14,73.0,74.0,73.0,73.0,181600,73.0
2023-03-15,74.0,74.0,73.0,74.0,202900,74.0
2023-03-16,74.0,74.0,73.0,73.0,153800,73.0
2023-03-17,74.0,74.0,73.0,74.0,111200,74.0
2023-03-20,74.0,74.0,73.0,74.0,171600,74.0
2023-03-22,74.0,74.0,73.0,74.0,145700,74.0
2023-03-23,75.0,75.0,73.0,74.0,104900,74.0
2023-03-24,75.0,75.0,74.0,75.0,245800,75.0
2023-03-27,75.0,76.0,75.0,75.0,274700,75.0
2023-03-28,76.0,76.0,75.0,76.0,213100,76.0
2023-03-29,76.0,77.0,76.0,77.0,487800,77.0
2023-03-30,73.0,74.0,72.0,72.0,565700,72.0
2023-03-31,72.0,73.0,72.0,73.0,265200,73.0
2023-04-03,72.0,74.0,72.0,73.0,168800,73.0
2023-04-04,73.0,73.0,72.0,72.0,209100,72.0
2023-04-05,72.0,73.0,72.0,72.0,205700,72.0
2023-04-06,72.0,72.0,71.0,71.0,500300,71.0
2023-04-07,71.0,72.0,71.0,72.0,246400,72.0
2023-04-10,71.0,72.0,71.0,71.0,146200,71.0
2023-04-11,72.0,72.0,71.0,72.0,167700,72.0
2023-04-12,71.0,72.0,71.0,71.0,166900,71.0
2023-04-13,71.0,72.0,71.0,72.0,150200,72.0
2023-04-14,72.0,72.0,71.0,72.0,189500,72.0
2023-04-17,72.0,72.0,71.0,72.0,182300,72.0
2023-04-18,72.0,72.0,71.0,72.0,225200,72.0
2023-04-19,71.0,72.0,71.0,71.0,86400,71.0
2023-04-20,71.0,72.0,71.0,71.0,73500,71.0
2023-04-21,71.0,72.0,71.0,72.0,143100,72.0
2023-04-24,71.0,72.0,71.0,72.0,121400,72.0
2023-04-25,72.0,72.0,71.0,71.0,137900,71.0
2023-04-26,71.0,72.0,71.0,71.0,283500,71.0
2023-04-27,71.0,72.0,71.0,71.0,160400,71.0
2023-04-28,71.0,72.0,71.0,71.0,182600,71.0
2023-05-01,71.0,72.0,71.0,71.0,218200,71.0
2023-05-02,71.0,72.0,71.0,71.0,265500,71.0
2023-05-08,71.0,72.0,71.0,71.0,257900,71.0
2023-05-09,71.0,72.0,71.0,71.0,237200,71.0
2023-05-10,71.0,72.0,71.0,71.0,149700,71.0
2023-05-11,71.0,72.0,71.0,71.0,158800,71.0
2023-05-12,71.0,72.0,71.0,72.0,275400,72.0
2023-05-15,71.0,72.0,71.0,72.0,547400,72.0
2023-05-16,71.0,72.0,71.0,72.0,286300,72.0
2023-05-17,71.0,72.0,71.0,71.0,184800,71.0
2023-05-18,71.0,72.0,71.0,71.0,225800,71.0
2023-05-19,71.0,72.0,71.0,71.0,204900,71.0
2023-05-22,71.0,72.0,71.0,72.0,238800,72.0
2023-05-23,72.0,72.0,71.0,71.0,284700,71.0
2023-05-24,71.0,72.0,71.0,72.0,293700,72.0
2023-05-25,72.0,72.0,71.0,71.0,185500,71.0
2023-05-26,71.0,72.0,71.0,72.0,137200,72.0
2023-05-29,71.0,72.0,70.0,71.0,743800,71.0
2023-05-30,71.0,71.0,70.0,71.0,260700,71.0
2023-05-31,70.0,71.0,70.0,71.0,188200,71.0
2023-06-01,70.0,71.0,70.0,70.0,199800,70.0
2023-06-02,71.0,71.0,70.0,71.0,237600,71.0
2023-06-05,71.0,71.0,70.0,71.0,350200,71.0
2023-06-06,70.0,71.0,70.0,70.0,451400,70.0
2023-06-07,70.0,72.0,70.0,70.0,318100,70.0
2023-06-08,70.0,71.0,70.0,71.0,207800,71.0
2023-06-09,70.0,71.0,70.0,71.0,212800,71.0
2023-06-12,71.0,72.0,70.0,70.0,247800,70.0
2023-06-13,71.0,71.0,70.0,70.0,337300,70.0
2023-06-14,71.0,72.0,70.0,71.0,340700,71.0
2023-06-15,71.0,72.0,70.0,71.0,267400,71.0
2023-06-16,71.0,72.0,70.0,71.0,288200,71.0
2023-06-19,71.0,71.0,70.0,70.0,243400,70.0
2023-06-20,71.0,71.0,70.0,70.0,179800,70.0
2023-06-21,70.0,71.0,70.0,71.0,231700,71.0
2023-06-22,71.0,71.0,70.0,71.0,189300,71.0
2023-06-23,70.0,71.0,70.0,71.0,246100,71.0
2023-06-26,71.0,71.0,70.0,71.0,234900,71.0
2023-06-27,71.0,71.0,70.0,71.0,185900,71.0
2023-06-28,71.0,71.0,70.0,70.0,337800,70.0
2023-06-29,71.0,71.0,70.0,71.0,252300,71.0
2023-06-30,71.0,71.0,70.0,71.0,353600,71.0
2023-07-03,71.0,72.0,70.0,72.0,464100,72.0
2023-07-04,72.0,72.0,71.0,72.0,357500,72.0
2023-07-05,71.0,72.0,71.0,72.0,346800,72.0
2023-07-06,71.0,72.0,71.0,71.0,276400,71.0
2023-07-07,72.0,72.0,71.0,71.0,195700,71.0
2023-07-10,71.0,72.0,71.0,72.0,205500,72.0
2023-07-11,71.0,72.0,71.0,72.0,249100,72.0
2023-07-12,71.0,72.0,71.0,71.0,282800,71.0
2023-07-13,72.0,72.0,71.0,71.0,186500,71.0
2023-07-14,71.0,72.0,71.0,72.0,199000,72.0
2023-07-18,72.0,72.0,71.0,71.0,256800,71.0
2023-07-19,71.0,72.0,71.0,71.0,235400,71.0
2023-07-20,71.0,72.0,71.0,72.0,290700,72.0
2023-07-21,72.0,72.0,71.0,71.0,261400,71.0
2023-07-24,71.0,72.0,71.0,71.0,318000,71.0
2023-07-25,72.0,72.0,71.0,72.0,288100,72.0
2023-07-26,71.0,72.0,71.0,72.0,300400,72.0
2023-07-27,72.0,72.0,71.0,72.0,182600,72.0
2023-07-28,71.0,72.0,71.0,71.0,224200,71.0
2023-07-31,72.0,72.0,71.0,71.0,244900,71.0
2023-08-01,72.0,72.0,71.0,72.0,164500,72.0
2023-08-02,71.0,72.0,71.0,71.0,223700,71.0
2023-08-03,71.0,72.0,71.0,71.0,173600,71.0
2023-08-04,72.0,72.0,71.0,71.0,207800,71.0
2023-08-07,71.0,72.0,71.0,71.0,168600,71.0
2023-08-08,72.0,72.0,71.0,72.0,155100,72.0
2023-08-09,71.0,72.0,71.0,72.0,231700,72.0
2023-08-10,72.0,72.0,71.0,72.0,299400,72.0
2023-08-14,72.0,72.0,71.0,72.0,414200,72.0
2023-08-15,72.0,72.0,71.0,72.0,283600,72.0
2023-08-16,71.0,72.0,71.0,72.0,248100,72.0
2023-08-17,72.0,73.0,71.0,72.0,380400,72.0
2023-08-18,73.0,73.0,72.0,72.0,289200,72.0
2023-08-21,72.0,73.0,72.0,72.0,179700,72.0
2023-08-22,72.0,73.0,72.0,73.0,196100,73.0
2023-08-23,72.0,73.0,72.0,73.0,209200,73.0
2023-08-24,73.0,73.0,72.0,73.0,289700,73.0
2023-08-25,72.0,73.0,72.0,72.0,257000,72.0
2023-08-28,73.0,73.0,72.0,73.0,243300,73.0
2023-08-29,73.0,73.0,72.0,73.0,242400,73.0
2023-08-30,73.0,73.0,72.0,73.0,254200,73.0
2023-08-31,73.0,74.0,73.0,74.0,440700,74.0
2023-09-01,74.0,75.0,74.0,75.0,481400,75.0
2023-09-04,75.0,75.0,74.0,74.0,553500,74.0
2023-09-05,75.0,75.0,74.0,75.0,349800,75.0
2023-09-06,74.0,75.0,74.0,75.0,294500,75.0
2023-09-07,75.0,76.0,75.0,76.0,320400,76.0
2023-09-08,75.0,76.0,75.0,76.0,515600,76.0
2023-09-11,76.0,76.0,75.0,75.0,275400,75.0
2023-09-12,76.0,76.0,75.0,76.0,193100,76.0
2023-09-13,76.0,76.0,75.0,76.0,178000,76.0
2023-09-14,75.0,76.0,75.0,75.0,114800,75.0
2023-09-15,76.0,76.0,75.0,76.0,101200,76.0
2023-09-19,76.0,76.0,75.0,76.0,226400,76.0
2023-09-20,75.0,76.0,75.0,76.0,125700,76.0
2023-09-21,76.0,76.0,75.0,75.0,159300,75.0
2023-09-22,75.0,75.0,74.0,75.0,375100,75.0
2023-09-25,75.0,75.0,74.0,75.0,321000,75.0
2023-09-26,75.0,76.0,74.0,75.0,182600,75.0
2023-09-27,75.0,76.0,75.0,76.0,360400,76.0
2023-09-28,73.0,74.0,72.0,73.0,332400,73.0
2023-09-29,73.0,74.0,73.0,73.0,232200,73.0
2023-10-02,73.0,74.0,73.0,73.0,242700,73.0
2023-10-03,73.0,73.0,72.0,72.0,333000,72.0
2023-10-04,72.0,73.0,72.0,72.0,343300,72.0
2023-10-05,73.0,73.0,72.0,72.0,189200,72.0
2023-10-06,72.0,73.0,72.0,72.0,244800,72.0
2023-10-10,72.0,73.0,72.0,73.0,172300,73.0
2023-10-11,73.0,73.0,72.0,72.0,237700,72.0
2023-10-12,73.0,73.0,72.0,72.0,202700,72.0
2023-10-13,73.0,73.0,72.0,72.0,158800,72.0
2023-10-16,72.0,73.0,72.0,72.0,239700,72.0
2023-10-17,72.0,73.0,72.0,72.0,296300,72.0
2023-10-18,72.0,73.0,71.0,72.0,486900,72.0
2023-10-19,72.0,73.0,72.0,72.0,249900,72.0
2023-10-20,73.0,73.0,72.0,72.0,226400,72.0
2023-10-23,72.0,73.0,72.0,72.0,154500,72.0
2023-10-24,73.0,73.0,72.0,73.0,169400,73.0
2023-10-25,72.0,73.0,72.0,72.0,187000,72.0
2023-10-26,72.0,73.0,72.0,72.0,295800,72.0
2023-10-27,72.0,73.0,72.0,73.0,245000,73.0
2023-10-30,72.0,74.0,72.0,72.0,427600,72.0
2023-10-31,73.0,73.0,72.0,72.0,181000,72.0
2023-11-01,72.0,74.0,72.0,73.0,220700,73.0
2023-11-02,73.0,74.0,73.0,74.0,164600,74.0
2023-11-06,74.0,74.0,73.0,73.0,213100,73.0
2023-11-07,73.0,74.0,73.0,73.0,181200,73.0
2023-11-08,74.0,74.0,73.0,73.0,221000,73.0
2023-11-09,73.0,74.0,73.0,73.0,124400,73.0
2023-11-10,73.0,74.0,72.0,74.0,330800,74.0
2023-11-13,74.0,74.0,72.0,72.0,316100,72.0
2023-11-14,72.0,74.0,72.0,74.0,264700,74.0
2023-11-15,74.0,74.0,73.0,74.0,310100,74.0
2023-11-16,73.0,74.0,73.0,74.0,238000,74.0
2023-11-17,74.0,74.0,73.0,74.0,167300,74.0
2023-11-20,74.0,74.0,73.0,73.0,192700,73.0
2023-11-21,74.0,74.0,73.0,74.0,255000,74.0
2023-11-22,74.0,74.0,73.0,73.0,256400,73.0
2023-11-24,74.0,74.0,73.0,73.0,278300,73.0
2023-11-27,74.0,74.0,73.0,74.0,214400,74.0
2023-11-28,74.0,74.0,73.0,74.0,261200,74.0
2023-11-29,73.0,75.0,73.0,75.0,390700,75.0
2023-11-30,74.0,75.0,74.0,75.0,261200,75.0
2023-12-01,74.0,75.0,74.0,74.0,404800,74.0
2023-12-04,74.0,75.0,74.0,74.0,250600,74.0
2023-12-05,74.0,75.0,74.0,75.0,256800,75.0
2023-12-06,75.0,75.0,74.0,74.0,264300,74.0
2023-12-07,74.0,75.0,74.0,75.0,296200,75.0
2023-12-08,74.0,75.0,74.0,75.0,284900,75.0
2023-12-11,74.0,75.0,74.0,74.0,177800,74.0
2023-12-12,74.0,75.0,74.0,74.0,252000,74.0
2023-12-13,74.0,75.0,73.0,73.0,559800,73.0
2023-12-14,73.0,74.0,73.0,74.0,266300,74.0
2023-12-15,73.0,74.0,73.0,73.0,261800,73.0
2023-12-18,73.0,74.0,73.0,73.0,320800,73.0
2023-12-19,73.0,74.0,73.0,73.0,326700,73.0
2023-12-20,73.0,74.0,73.0,73.0,358800,73.0
2023-12-21,73.0,74.0,73.0,73.0,369900,73.0
2023-12-22,73.0,74.0,73.0,73.0,349400,73.0
2023-12-25,73.0,74.0,73.0,73.0,362200,73.0
2023-12-26,73.0,74.0,73.0,73.0,301700,73.0
2023-12-27,73.0,74.0,73.0,73.0,351200,73.0
2023-12-28,73.0,74.0,73.0,74.0,261400,74.0
2023-12-29,73.0,74.0,73.0,74.0,276200,74.0
2024-01-04,73.0,75.0,73.0,75.0,697000,75.0
2024-01-05,75.0,75.0,74.0,74.0,334300,74.0
2024-01-09,75.0,75.0,74.0,74.0,372000,74.0
2024-01-10,75.0,76.0,75.0,76.0,548500,76.0
2024-01-11,76.0,76.0,75.0,76.0,358000,76.0
2024-01-12,75.0,77.0,75.0,77.0,719900,77.0
2024-01-15,76.0,78.0,76.0,77.0,704300,77.0
2024-01-16,78.0,78.0,77.0,77.0,518400,77.0
2024-01-17,77.0,78.0,77.0,77.0,579500,77.0
2024-01-18,78.0,78.0,76.0,77.0,688300,77.0
2024-01-19,77.0,78.0,76.0,78.0,523100,78.0
2024-01-22,77.0,78.0,77.0,78.0,358300,78.0
2024-01-23,77.0,78.0,77.0,77.0,360600,77.0
2024-01-24,77.0,78.0,77.0,77.0,237100,77.0
2024-01-25,77.0,78.0,77.0,77.0,291900,77.0
2024-01-26,77.0,78.0,77.0,77.0,283000,77.0
2024-01-29,77.0,78.0,76.0,76.0,547800,76.0
2024-01-30,77.0,77.0,76.0,76.0,287900,76.0
2024-01-31,77.0,77.0,76.0,76.0,688800,76.0
2024-02-01,77.0,77.0,76.0,76.0,293600,76.0
2024-02-02,77.0,77.0,76.0,77.0,335800,77.0
2024-02-05,77.0,78.0,76.0,77.0,278500,77.0
2024-02-06,78.0,78.0,77.0,77.0,241800,77.0
2024-02-07,77.0,78.0,77.0,77.0,192500,77.0
2024-02-08,77.0,78.0,77.0,77.0,242500,77.0
2024-02-09,78.0,78.0,77.0,77.0,205400,77.0
2024-02-13,78.0,78.0,77.0,78.0,305200,78.0
2024-02-14,78.0,79.0,77.0,79.0,582200,79.0
2024-02-15,79.0,81.0,79.0,80.0,757400,80.0
2024-02-16,80.0,82.0,80.0,82.0,460300,82.0
2024-02-19,82.0,88.0,82.0,87.0,1280500,87.0
2024-02-20,87.0,87.0,84.0,86.0,1061700,86.0
2024-02-21,85.0,86.0,84.0,84.0,388600,84.0
2024-02-22,85.0,85.0,83.0,84.0,328800,84.0
2024-02-26,84.0,86.0,84.0,85.0,413100,85.0
2024-02-27,84.0,85.0,82.0,83.0,735200,83.0
2024-02-28,82.0,85.0,82.0,85.0,586200,85.0
2024-02-29,84.0,85.0,84.0,84.0,371600,84.0
2024-03-01,85.0,85.0,84.0,84.0,366600,84.0
2024-03-04,85.0,85.0,83.0,84.0,624700,84.0
2024-03-05,83.0,84.0,83.0,83.0,331100,83.0
2024-03-06,84.0,84.0,83.0,84.0,343000,84.0
2024-03-07,85.0,89.0,84.0,86.0,2035100,86.0
2024-03-08,85.0,87.0,85.0,86.0,541700,86.0
2024-03-11,87.0,94.0,86.0,88.0,2403400,88.0
2024-03-12,87.0,90.0,87.0,90.0,816800,90.0
2024-03-13,90.0,91.0,89.0,90.0,567600,90.0
2024-03-14,90.0,93.0,90.0,93.0,915500,93.0
2024-03-15,93.0,93.0,91.0,92.0,517900,92.0
2024-03-18,92.0,94.0,92.0,93.0,666600,93.0
2024-03-19,93.0,94.0,92.0,94.0,445100,94.0
2024-03-21,94.0,95.0,93.0,94.0,437700,94.0
2024-03-22,94.0,94.0,92.0,92.0,487400,92.0
2024-03-25,93.0,93.0,92.0,92.0,481300,92.0
2024-03-26,93.0,93.0,91.0,93.0,328900,93.0
2024-03-27,94.0,95.0,93.0,95.0,810300,95.0
2024-03-28,91.0,91.0,87.0,88.0,809900,88.0
2024-03-29,88.0,88.0,84.0,85.0,893500,85.0
2024-04-01,85.0,86.0,84.0,84.0,517100,84.0
2024-04-02,84.0,85.0,82.0,82.0,483600,82.0
2024-04-03,81.0,82.0,79.0,81.0,1204300,81.0
2024-04-04,82.0,85.0,82.0,84.0,612200,84.0
2024-04-05,83.0,83.0,81.0,81.0,395800,81.0
2024-04-08,81.0,83.0,81.0,81.0,594300,81.0
2024-04-09,82.0,82.0,81.0,82.0,376700,82.0
2024-04-10,82.0,83.0,82.0,83.0,379200,83.0
2024-04-11,82.0,82.0,81.0,81.0,390000,81.0
2024-04-12,82.0,82.0,81.0,81.0,256900,81.0
2024-04-15,81.0,81.0,80.0,80.0,713900,80.0
2024-04-16,80.0,80.0,77.0,77.0,942000,77.0
2024-04-17,77.0,78.0,76.0,76.0,582300,76.0
2024-04-18,76.0,78.0,76.0,77.0,455600,77.0
2024-04-19,77.0,78.0,75.0,77.0,800000,77.0
2024-04-22,77.0,78.0,76.0,77.0,493500,77.0
2024-04-23,78.0,78.0,77.0,77.0,264000,77.0
2024-04-24,77.0,78.0,77.0,77.0,460000,77.0
2024-04-25,77.0,78.0,77.0,77.0,423000,77.0
2024-04-26,77.0,77.0,75.0,76.0,869900,76.0
2024-04-30,76.0,77.0,75.0,76.0,661100,76.0
2024-05-01,76.0,77.0,75.0,76.0,626300,76.0
2024-05-02,76.0,77.0,75.0,76.0,493800,76.0
2024-05-07,77.0,77.0,76.0,77.0,399300,77.0
2024-05-08,76.0,77.0,76.0,77.0,423500,77.0
2024-05-09,76.0,77.0,76.0,76.0,350000,76.0
2024-05-10,77.0,77.0,76.0,76.0,291000,76.0
2024-05-13,76.0,78.0,76.0,78.0,494300,78.0
2024-05-14,76.0,78.0,76.0,77.0,399400,77.0
2024-05-15,77.0,78.0,76.0,78.0,677200,78.0
2024-05-16,77.0,77.0,76.0,76.0,428700,76.0
2024-05-17,76.0,77.0,76.0,76.0,178000,76.0
2024-05-20,77.0,77.0,76.0,76.0,274900,76.0
2024-05-21,76.0,77.0,76.0,77.0,174300,77.0
2024-05-22,76.0,77.0,76.0,76.0,448100,76.0
2024-05-23,76.0,77.0,76.0,76.0,278400,76.0
2024-05-24,77.0,77.0,76.0,77.0,244600,77.0
2024-05-27,76.0,77.0,76.0,76.0,407300,76.0
2024-05-28,77.0,77.0,76.0,76.0,375700,76.0
2024-05-29,76.0,76.0,75.0,75.0,420500,75.0
2024-05-30,75.0,76.0,75.0,75.0,271000,75.0
2024-05-31,76.0,76.0,75.0,75.0,210600,75.0
2024-06-03,76.0,76.0,75.0,76.0,539000,76.0
2024-06-04,76.0,77.0,75.0,75.0,408000,75.0
2024-06-05,75.0,76.0,75.0,76.0,266700,76.0
2024-06-06,75.0,76.0,75.0,75.0,369100,75.0
2024-06-07,75.0,76.0,75.0,76.0,300700,76.0
2024-06-10,75.0,76.0,75.0,75.0,477400,75.0
2024-06-11,76.0,76.0,75.0,75.0,452200,75.0
2024-06-12,76.0,76.0,75.0,75.0,220100,75.0
2024-06-13,76.0,76.0,75.0,75.0,297600,75.0
2024-06-14,75.0,76.0,75.0,76.0,407100,76.0
2024-06-17,76.0,76.0,75.0,75.0,391100,75.0
2024-06-18,76.0,76.0,75.0,76.0,158700,76.0
2024-06-19,76.0,76.0,75.0,76.0,360900,76.0
2024-06-20,75.0,76.0,75.0,76.0,353700,76.0
2024-06-21,75.0,76.0,75.0,75.0,313000,75.0
2024-06-24,75.0,76.0,75.0,76.0,230100,76.0
2024-06-25,75.0,76.0,75.0,76.0,452800,76.0
2024-06-26,76.0,77.0,75.0,76.0,661300,76.0
2024-06-27,76.0,77.0,75.0,77.0,526800,77.0
2024-06-28,77.0,77.0,75.0,76.0,1026700,76.0
2024-07-01,77.0,79.0,76.0,76.0,1001300,76.0
2024-07-02,77.0,78.0,76.0,77.0,513700,77.0
2024-07-03,77.0,77.0,76.0,77.0,480700,77.0
2024-07-04,77.0,77.0,76.0,76.0,388800,76.0
2024-07-05,77.0,78.0,77.0,78.0,673800,78.0
2024-07-08,77.0,78.0,76.0,77.0,641200,77.0
2024-07-09,77.0,78.0,76.0,76.0,645800,76.0
2024-07-10,76.0,78.0,76.0,78.0,635400,78.0
2024-07-11,77.0,78.0,76.0,77.0,573100,77.0
2024-07-12,76.0,78.0,76.0,77.0,698200,77.0
2024-07-16,77.0,78.0,77.0,77.0,565800,77.0
2024-07-17,77.0,78.0,77.0,77.0,499200,77.0
2024-07-18,77.0,77.0,76.0,76.0,371000,76.0
2024-07-19,76.0,77.0,76.0,77.0,454700,77.0
2024-07-22,77.0,77.0,76.0,76.0,294000,76.0
2024-07-23,76.0,77.0,76.0,77.0,272400,77.0
2024-07-24,77.0,77.0,76.0,76.0,311100,76.0
2024-07-25,76.0,77.0,76.0,76.0,374300,76.0
2024-07-26,76.0,77.0,76.0,76.0,291700,76.0
2024-07-29,76.0,77.0,76.0,76.0,235600,76.0
2024-07-30,77.0,77.0,76.0,76.0,177700,76.0
2024-07-31,76.0,77.0,76.0,77.0,236400,77.0
2024-08-01,76.0,77.0,75.0,75.0,1130900,75.0
2024-08-02,75.0,76.0,75.0,75.0,1298600,75.0
2024-08-05,74.0,74.0,68.0,70.0,2586400,70.0
2024-08-06,72.0,74.0,72.0,74.0,608400,74.0
2024-08-07,73.0,74.0,72.0,73.0,572300,73.0
2024-08-08,73.0,75.0,73.0,75.0,480600,75.0
2024-08-09,74.0,75.0,73.0,73.0,397300,73.0
2024-08-13,74.0,74.0,73.0,74.0,301700,74.0
2024-08-14,74.0,75.0,74.0,75.0,549000,75.0
2024-08-15,75.0,76.0,74.0,76.0,407000,76.0
2024-08-16,76.0,76.0,75.0,76.0,245800,76.0
2024-08-19,76.0,76.0,75.0,75.0,282100,75.0
2024-08-20,76.0,76.0,75.0,76.0,205200,76.0
2024-08-21,75.0,76.0,75.0,75.0,218500,75.0
2024-08-22,75.0,76.0,75.0,76.0,238300,76.0
2024-08-23,75.0,76.0,75.0,76.0,249200,76.0
2024-08-26,76.0,76.0,75.0,76.0,204700,76.0
2024-08-27,75.0,77.0,75.0,77.0,616500,77.0
2024-08-28,76.0,77.0,75.0,77.0,478200,77.0
2024-08-29,77.0,77.0,75.0,76.0,345300,76.0
2024-08-30,76.0,77.0,75.0,75.0,346200,75.0
2024-09-02,77.0,77.0,75.0,77.0,435300,77.0
2024-09-03,76.0,77.0,76.0,77.0,443200,77.0
2024-09-04,76.0,76.0,75.0,76.0,477800,76.0
2024-09-05,75.0,77.0,75.0,76.0,394500,76.0
2024-09-06,76.0,77.0,75.0,76.0,381000,76.0
2024-09-09,76.0,76.0,75.0,76.0,334100,76.0
2024-09-10,76.0,77.0,75.0,76.0,359100,76.0
2024-09-11,76.0,76.0,75.0,76.0,214800,76.0
2024-09-12,75.0,76.0,75.0,76.0,379900,76.0
2024-09-13,75.0,76.0,75.0,75.0,213000,75.0
2024-09-17,76.0,76.0,75.0,75.0,376700,75.0
2024-09-18,76.0,76.0,75.0,76.0,195900,76.0
2024-09-19,75.0,76.0,75.0,76.0,452000,76.0
2024-09-20,76.0,76.0,75.0,76.0,260100,76.0
2024-09-24,75.0,76.0,75.0,76.0,444600,76.0
2024-09-25,76.0,76.0,75.0,76.0,292500,76.0
2024-09-26,76.0,76.0,75.0,75.0,787100,75.0
2024-09-27,74.0,75.0,73.0,74.0,678900,74.0
2024-09-30,74.0,75.0,73.0,74.0,260900,74.0
2024-10-01,73.0,74.0,73.0,74.0,242200,74.0
2024-10-02,73.0,74.0,73.0,74.0,212000,74.0
2024-10-03,74.0,74.0,73.0,73.0,128100,73.0
2024-10-04,73.0,74.0,73.0,74.0,209300,74.0
2024-10-07,73.0,74.0,73.0,73.0,288600,73.0
2024-10-08,73.0,74.0,73.0,73.0,416800,73.0
2024-10-09,73.0,74.0,73.0,73.0,491500,73.0
2024-10-10,73.0,74.0,73.0,73.0,436200,73.0
2024-10-11,73.0,73.0,72.0,72.0,654800,72.0
2024-10-15,72.0,73.0,72.0,72.0,482900,72.0
2024-10-16,72.0,73.0,72.0,73.0,372900,73.0
2024-10-17,72.0,73.0,72.0,72.0,513400,72.0
2024-10-18,72.0,72.0,71.0,71.0,751100,71.0
2024-10-21,71.0,72.0,71.0,71.0,563900,71.0
2024-10-22,71.0,72.0,71.0,71.0,538900,71.0
2024-10-23,71.0,72.0,70.0,70.0,810400,70.0
2024-10-24,71.0,71.0,70.0,71.0,495900,71.0
2024-10-25,70.0,71.0,70.0,70.0,652300,70.0
2024-10-28,70.0,71.0,70.0,70.0,716900,70.0
2024-10-29,70.0,71.0,70.0,70.0,503100,70.0
2024-10-30,70.0,71.0,70.0,70.0,485900,70.0
2024-10-31,71.0,71.0,70.0,70.0,467500,70.0
2024-11-01,70.0,71.0,70.0,70.0,514200,70.0
2024-11-05,70.0,71.0,70.0,70.0,515700,70.0
2024-11-06,70.0,71.0,70.0,70.0,726300,70.0
2024-11-07,71.0,72.0,70.0,71.0,670400,71.0
2024-11-08,71.0,72.0,70.0,72.0,693400,72.0
2024-11-11,71.0,72.0,71.0,71.0,469300,71.0
2024-11-12,71.0,72.0,71.0,72.0,428600,72.0
2024-11-13,72.0,72.0,71.0,71.0,641000,71.0
2024-11-14,71.0,72.0,70.0,70.0,1223900,70.0
2024-11-15,71.0,71.0,70.0,71.0,641200,71.0
2024-11-18,71.0,71.0,70.0,70.0,575000,70.0
2024-11-19,70.0,71.0,70.0,71.0,465900,71.0
2024-11-20,70.0,71.0,70.0,70.0,524300,70.0
2024-11-21,70.0,71.0,70.0,70.0,543400,70.0
2024-11-22,70.0,71.0,70.0,71.0,527200,71.0
2024-11-25,70.0,71.0,70.0,70.0,911300,70.0
2024-11-26,71.0,71.0,70.0,71.0,455200,71.0
2024-11-27,70.0,71.0,69.0,70.0,1228700,70.0
2024-11-28,70.0,71.0,69.0,71.0,864700,71.0
2024-11-29,70.0,71.0,70.0,71.0,624400,71.0
2024-12-02,70.0,71.0,70.0,70.0,563900,70.0
2024-12-03,70.0,71.0,70.0,70.0,431100,70.0
2024-12-04,71.0,71.0,70.0,70.0,492900,70.0
2024-12-05,70.0,71.0,70.0,71.0,478600,71.0
2024-12-06,70.0,71.0,69.0,70.0,1185200,70.0
2024-12-09,70.0,71.0,69.0,71.0,748300,71.0
2024-12-10,70.0,71.0,69.0,71.0,1197800,71.0
2024-12-11,71.0,71.0,69.0,70.0,806200,70.0
2024-12-12,71.0,71.0,70.0,71.0,549200,71.0
2024-12-13,70.0,71.0,69.0,71.0,805300,71.0
2024-12-16,70.0,71.0,69.0,69.0,663400,69.0
2024-12-17,70.0,71.0,69.0,70.0,667100,70.0
2024-12-18,70.0,71.0,69.0,70.0,827700,70.0
2024-12-19,69.0,70.0,69.0,70.0,677800,70.0
2024-12-20,71.0,71.0,69.0,70.0,490000,70.0
2024-12-23,70.0,71.0,69.0,70.0,659900,70.0
2024-12-24,70.0,70.0,69.0,70.0,551300,70.0
2024-12-25,70.0,70.0,69.0,70.0,463500,70.0
2024-12-26,69.0,70.0,69.0,69.0,457800,69.0
2024-12-27,70.0,71.0,70.0,70.0,451100,70.0
2024-12-30,70.0,71.0,70.0,70.0,345700,70.0
2025-01-06,71.0,71.0,70.0,70.0,303600,70.0
2025-01-07,70.0,71.0,70.0,70.0,608500,70.0
2025-01-08,70.0,71.0,70.0,70.0,426400,70.0
2025-01-09,70.0,71.0,70.0,70.0,444100,70.0
2025-01-10,70.0,71.0,70.0,70.0,445700,70.0
2025-01-14,70.0,71.0,70.0,70.0,562700,70.0
2025-01-15,71.0,71.0,69.0,70.0,1631700,70.0
2025-01-16,69.0,71.0,69.0,70.0,570300,70.0
2025-01-17,70.0,71.0,70.0,70.0,592700,70.0
2025-01-20,69.0,71.0,69.0,70.0,859200,70.0
2025-01-21,71.0,71.0,69.0,70.0,639300,70.0
2025-01-22,70.0,71.0,69.0,71.0,535400,71.0
2025-01-23,70.0,71.0,70.0,70.0,831600,70.0
2025-01-24,71.0,71.0,70.0,70.0,402000,70.0
2025-01-27,71.0,71.0,70.0,71.0,551000,71.0
2025-01-28,70.0,71.0,70.0,70.0,640600,70.0
2025-01-29,71.0,71.0,70.0,70.0,537200,70.0
2025-01-30,71.0,71.0,70.0,70.0,394200,70.0
2025-01-31,70.0,71.0,70.0,71.0,341300,71.0
2025-02-03,71.0,71.0,70.0,70.0,549800,70.0
2025-02-04,70.0,71.0,70.0,70.0,371600,70.0
2025-02-05,70.0,71.0,70.0,71.0,428200,71.0
2025-02-06,70.0,71.0,70.0,70.0,665800,70.0
2025-02-07,70.0,71.0,70.0,71.0,419200,71.0
2025-02-10,70.0,72.0,70.0,70.0,1321000,70.0
2025-02-12,71.0,72.0,70.0,71.0,1679100,71.0
2025-02-13,71.0,72.0,70.0,72.0,509200,72.0
2025-02-14,71.0,72.0,71.0,72.0,399400,72.0
2025-02-17,72.0,72.0,71.0,72.0,372700,72.0
2025-02-18,71.0,72.0,71.0,72.0,373100,72.0
2025-02-19,72.0,72.0,71.0,72.0,428800,72.0
2025-02-20,72.0,72.0,71.0,71.0,418500,71.0
2025-02-21,71.0,72.0,71.0,72.0,352400,72.0
2025-02-25,72.0,72.0,71.0,72.0,410700,72.0
2025-02-26,71.0,72.0,71.0,72.0,262000,72.0
2025-02-27,72.0,72.0,71.0,72.0,450300,72.0
2025-02-28,71.0,72.0,71.0,72.0,440400,72.0
2025-03-03,72.0,73.0,71.0,71.0,1599200,71.0
2025-03-04,71.0,74.0,71.0,74.0,1124800,74.0
2025-03-05,74.0,74.0,72.0,73.0,836900,73.0
2025-03-06,74.0,74.0,73.0,74.0,509500,74.0
2025-03-07,74.0,74.0,73.0,74.0,363200,74.0
2025-03-10,74.0,74.0,73.0,74.0,451800,74.0
2025-03-11,73.0,74.0,73.0,74.0,523500,74.0
2025-03-12,75.0,75.0,73.0,75.0,635400,75.0
2025-03-13,75.0,75.0,74.0,74.0,483400,74.0
2025-03-14,75.0,75.0,74.0,75.0,202800,75.0
2025-03-17,75.0,75.0,74.0,75.0,220800,75.0
2025-03-18,75.0,75.0,74.0,74.0,182300,74.0
2025-03-19,74.0,75.0,74.0,75.0,129000,75.0
2025-03-21,75.0,75.0,74.0,75.0,361100,75.0
2025-03-24,75.0,75.0,74.0,75.0,439200,75.0
2025-03-25,75.0,75.0,74.0,74.0,222900,74.0
2025-03-26,74.0,75.0,74.0,74.0,462900,74.0
2025-03-27,75.0,75.0,74.0,74.0,861100,74.0
2025-03-28,70.0,71.0,70.0,70.0,881000,70.0
2025-03-31,71.0,71.0,70.0,71.0,300200,71.0
2025-04-01,70.0,71.0,70.0,71.0,279800,71.0
2025-04-02,71.0,71.0,70.0,71.0,276200,71.0
2025-04-03,70.0,70.0,69.0,69.0,1114900,69.0
2025-04-04,69.0,70.0,68.0,68.0,951000,68.0
2025-04-07,67.0,68.0,66.0,67.0,1530600,67.0
2025-04-08,69.0,69.0,68.0,69.0,704700,69.0
2025-04-09,68.0,69.0,67.0,68.0,879900,68.0
2025-04-10,70.0,70.0,69.0,69.0,371200,69.0
2025-04-11,68.0,70.0,68.0,70.0,278100,70.0
2025-04-14,70.0,71.0,69.0,71.0,416500,71.0
2025-04-15,70.0,71.0,70.0,70.0,189200,70.0
2025-04-16,70.0,71.0,70.0,70.0,201700,70.0
2025-04-17,70.0,71.0,70.0,71.0,492500,71.0
2025-04-18,71.0,71.0,70.0,71.0,434700,71.0
2025-04-21,72.0,76.0,69.0,71.0,5857400,71.0
2025-04-22,70.0,72.0,70.0,71.0,669000,71.0
2025-04-23,71.0,71.0,70.0,71.0,366400,71.0
2025-04-24,72.0,72.0,70.0,72.0,322200,72.0
2025-04-25,71.0,72.0,71.0,71.0,394700,71.0
2025-04-28,71.0,74.0,69.0,71.0,2955000,71.0
2025-04-30,71.0,72.0,70.0,71.0,411700,71.0
2025-05-01,72.0,72.0,71.0,71.0,184400,71.0
2025-05-02,71.0,72.0,71.0,71.0,184000,71.0
2025-05-07,72.0,72.0,71.0,71.0,192500,71.0
2025-05-08,71.0,72.0,71.0,72.0,169600,72.0
2025-05-09,72.0,72.0,71.0,72.0,214700,72.0
2025-05-12,72.0,72.0,71.0,72.0,259800,72.0
2025-05-13,72.0,72.0,71.0,72.0,229600,72.0
2025-05-14,72.0,72.0,71.0,72.0,206800,72.0
2025-05-15,72.0,72.0,71.0,72.0,215100,72.0
2025-05-16,72.0,72.0,71.0,72.0,297300,72.0
2025-05-19,71.0,72.0,71.0,72.0,208700,72.0
2025-05-20,71.0,72.0,71.0,72.0,190200,72.0
2025-05-21,71.0,72.0,71.0,71.0,263700,71.0
2025-05-22,71.0,72.0,71.0,71.0,256200,71.0
2025-05-23,71.0,72.0,71.0,71.0,226900,71.0
2025-05-26,71.0,72.0,71.0,71.0,223100,71.0
2025-05-27,71.0,72.0,70.0,71.0,683300,71.0
2025-05-28,72.0,72.0,71.0,71.0,468400,71.0
2025-05-29,71.0,72.0,70.0,71.0,547500,71.0
2025-05-30,71.0,72.0,70.0,71.0,465400,71.0
2025-06-02,71.0,71.0,70.0,71.0,246500,71.0
2025-06-03,71.0,72.0,70.0,71.0,285500,71.0
2025-06-04,71.0,72.0,70.0,71.0,199600,71.0
2025-06-05,70.0,71.0,70.0,71.0,255100,71.0
2025-06-06,71.0,71.0,70.0,71.0,192600,71.0
2025-06-09,71.0,71.0,70.0,70.0,214600,70.0
2025-06-10,71.0,71.0,70.0,70.0,198500,70.0
2025-06-11,70.0,71.0,70.0,71.0,242500,71.0
2025-06-12,72.0,72.0,70.0,71.0,290000,71.0
2025-06-13,70.0,71.0,70.0,71.0,184600,71.0
2025-06-16,71.0,71.0,70.0,71.0,218000,71.0
2025-06-17,71.0,71.0,70.0,71.0,203700,71.0
2025-06-18,71.0,71.0,70.0,71.0,299400,71.0
2025-06-19,71.0,72.0,70.0,71.0,341100,71.0
2025-06-20,71.0,71.0,70.0,71.0,381900,71.0
2025-06-23,70.0,71.0,70.0,70.0,331100,70.0
2025-06-24,70.0,71.0,70.0,71.0,236700,71.0
2025-06-25,70.0,71.0,70.0,71.0,233600,71.0
2025-06-26,71.0,71.0,70.0,71.0,148100,71.0
2025-06-27,71.0,71.0,70.0,71.0,207100,71.0
2025-06-30,71.0,71.0,70.0,71.0,296100,71.0
2025-07-01,70.0,72.0,70.0,72.0,414800,72.0
2025-07-02,71.0,71.0,70.0,71.0,351300,71.0
2025-07-03,72.0,72.0,70.0,71.0,485800,71.0
2025-07-04,71.0,72.0,70.0,71.0,372700,71.0
2025-07-07,72.0,72.0,71.0,71.0,280900,71.0
2025-07-08,71.0,72.0,70.0,71.0,414100,71.0
2025-07-09,71.0,72.0,71.0,71.0,295300,71.0
2025-07-10,71.0,72.0,71.0,71.0,290800,71.0
2025-07-11,71.0,72.0,71.0,72.0,313800,72.0
2025-07-14,72.0,72.0,71.0,72.0,307400,72.0
2025-07-15,72.0,72.0,71.0,71.0,349900,71.0
2025-07-16,71.0,72.0,71.0,72.0,348300,72.0
2025-07-17,71.0,72.0,71.0,71.0,511400,71.0
2025-07-18,72.0,72.0,71.0,71.0,342700,71.0
2025-07-22,71.0,72.0,71.0,72.0,352500,72.0
2025-07-23,72.0,72.0,71.0,72.0,355400,72.0
2025-07-24,72.0,72.0,71.0,72.0,436300,72.0
2025-07-25,72.0,72.0,71.0,71.0,355000,71.0
2025-07-28,71.0,72.0,71.0,72.0,517700,72.0
2025-07-29,72.0,72.0,71.0,72.0,322300,72.0
2025-07-30,72.0,72.0,71.0,72.0,364100,72.0
2025-07-31,72.0,73.0,71.0,72.0,465000,72.0
2025-08-01,72.0,73.0,72.0,72.0,524400,72.0
2025-08-04,72.0,73.0,72.0,73.0,651800,73.0
2025-08-05,72.0,73.0,72.0,73.0,420400,73.0
2025-08-06,73.0,73.0,72.0,73.0,483500,73.0
2025-08-07,73.0,73.0,72.0,73.0,538200,73.0
2025-08-08,72.0,74.0,72.0,72.0,765000,72.0
2025-08-12,73.0,74.0,72.0,73.0,572600,73.0
2025-08-13,73.0,73.0,72.0,72.0,574400,72.0
2025-08-14,73.0,74.0,72.0,73.0,677400,73.0
2025-08-15,73.0,74.0,72.0,73.0,463400,73.0
2025-08-18,73.0,74.0,73.0,73.0,432100,73.0
2025-08-19,73.0,74.0,73.0,73.0,575100,73.0
2025-08-20,73.0,74.0,73.0,73.0,515500,73.0
2025-08-21,73.0,74.0,73.0,73.0,567300,73.0
2025-08-22,74.0,74.0,73.0,73.0,544400,73.0
2025-08-25,74.0,74.0,73.0,74.0,592300,74.0
2025-08-26,74.0,74.0,73.0,74.0,508900,74.0
2025-08-27,74.0,74.0,73.0,74.0,493400,74.0
2025-08-28,74.0,74.0,73.0,74.0,519900,74.0
2025-08-29,74.0,74.0,73.0,74.0,644000,74.0
2025-09-01,74.0,74.0,73.0,74.0,792000,74.0
2025-09-02,74.0,75.0,74.0,74.0,846700,74.0
2025-09-03,74.0,75.0,74.0,74.0,686700,74.0
2025-09-04,74.0,75.0,74.0,74.0,593900,74.0
2025-09-05,75.0,75.0,74.0,74.0,740800,74.0
2025-09-08,74.0,75.0,74.0,75.0,668900,75.0
2025-09-09,74.0,75.0,74.0,74.0,673300,74.0
2025-09-10,74.0,75.0,74.0,74.0,909100,74.0
2025-09-11,74.0,74.0,73.0,73.0,468900,73.0
2025-09-12,74.0,74.0,73.0,73.0,84200,73.0
2025-09-16,73.0,74.0,73.0,73.0,147500,73.0
2025-09-17,74.0,74.0,73.0,73.0,96200,73.0
2025-09-18,73.0,74.0,73.0,73.0,90100,73.0
2025-09-19,73.0,74.0,73.0,74.0,210100,74.0
2025-09-22,74.0,74.0,73.0,73.0,231100,73.0
2025-09-24,74.0,74.0,73.0,73.0,242600,73.0
2025-09-25,73.0,74.0,73.0,73.0,345400,73.0
2025-09-26,73.0,74.0,72.0,72.0,701000,72.0
2025-09-29,72.0,73.0,71.0,71.0,755400,71.0
2025-09-30,72.0,72.0,71.0,72.0,692300,72.0
2025-10-01,71.0,72.0,71.0,71.0,994800,71.0
2025-10-02,71.0,72.0,71.0,71.0,878800,71.0
2025-10-03,71.0,72.0,71.0,71.0,900800,71.0
2025-10-06,71.0,71.0,70.0,71.0,1123300,71.0
2025-10-07,70.0,72.0,70.0,72.0,887800,72.0
2025-10-08,71.0,71.0,70.0,71.0,829800,71.0
2025-10-09,71.0,71.0,70.0,71.0,991500,71.0
2025-10-10,70.0,71.0,70.0,71.0,837500,71.0
2025-10-14,70.0,71.0,70.0,70.0,815000,70.0
2025-10-15,71.0,71.0,70.0,71.0,979400,71.0
2025-10-16,71.0,71.0,70.0,70.0,820400,70.0
2025-10-17,70.0,71.0,70.0,71.0,808600,71.0
2025-10-20,71.0,71.0,70.0,70.0,822200,70.0
2025-10-21,70.0,71.0,70.0,70.0,923300,70.0
2025-10-22,70.0,71.0,70.0,71.0,1068200,71.0
2025-10-23,71.0,71.0,70.0,71.0,1156700,71.0
2025-10-24,70.0,71.0,70.0,70.0,1123200,70.0
2025-10-27,70.0,71.0,70.0,70.0,1455600,70.0
2025-10-28,70.0,71.0,70.0,70.0,1265300,70.0
2025-10-29,70.0,71.0,70.0,70.0,787700,70.0
2025-10-30,70.0,71.0,70.0,70.0,1451800,70.0
2025-10-31,70.0,71.0,70.0,70.0,861100,70.0
2025-11-04,70.0,70.0,69.0,70.0,1796400,70.0
2025-11-05,70.0,70.0,69.0,70.0,641200,70.0
2025-11-06,70.0,70.0,69.0,70.0,766100,70.0
2025-11-07,70.0,70.0,69.0,69.0,770400,69.0
2025-11-10,69.0,70.0,69.0,69.0,2068100,69.0
2025-11-11,69.0,70.0,69.0,70.0,780600,70.0
2025-11-12,69.0,70.0,69.0,70.0,1207500,70.0
2025-11-13,70.0,71.0,69.0,70.0,952100,70.0
