Date,Open,High,Low,Close,Volume,Adj Close
2005-03-22,1465.81,1490.59,1458.46,1473.15,290534.0,1473.15
2005-03-23,1468.56,1481.4,1451.16,1481.4,196557.0,1481.4
2005-03-24,1476.83,1480.49,1457.56,1468.56,194597.0,1468.56
2005-03-25,1481.4,1484.16,1460.31,1481.4,85142.7,1481.4
2005-03-28,1408.96,1472.21,1408.96,1463.07,153280.0,1463.07
2005-03-29,1452.04,1452.98,1402.53,1426.36,219998.0,1426.36
2005-03-30,1419.95,1419.95,1395.19,1416.28,138015.0,1416.28
2005-03-31,1394.28,1419.95,1394.28,1419.95,198194.0,1419.95
2005-04-01,1394.28,1438.3,1394.28,1438.3,112943.0,1438.3
2005-04-04,1443.8,1443.8,1425.46,1437.37,215093.0,1437.37
2005-04-05,1443.8,1446.54,1430.94,1441.03,238532.0,1441.03
2005-04-06,1445.64,1445.64,1431.88,1444.71,94300.3,1444.71
2005-04-07,1442.87,1446.54,1422.7,1446.54,115669.0,1446.54
2005-04-08,1447.47,1453.88,1436.46,1453.88,165708.0,1453.88
2005-04-11,1461.22,1461.22,1441.03,1442.87,140524.0,1442.87
2005-04-12,1444.71,1452.98,1430.94,1431.88,163417.0,1431.88
2005-04-13,1435.55,1444.71,1423.63,1435.55,78603.1,1435.55
2005-04-14,1430.94,1430.94,1405.28,1422.7,242891.0,1422.7
2005-04-15,1423.63,1423.63,1404.36,1405.28,123514.0,1405.28
2005-04-18,1398.86,1398.86,1341.97,1354.83,223813.0,1354.83
2005-04-19,1353.89,1372.24,1350.25,1367.66,135838.0,1367.66
2005-04-20,1375.91,1389.69,1360.32,1368.59,217384.0,1368.59
2005-04-21,1357.58,1364.91,1337.4,1353.89,199720.0,1353.89
2005-04-22,1354.83,1379.6,1348.41,1356.64,271780.0,1356.64
2005-04-25,1378.68,1382.32,1364.91,1373.18,165380.0,1373.18
2005-04-26,1368.59,1375.91,1356.64,1373.18,140088.0,1373.18
2005-04-27,1375.91,1388.76,1368.59,1385.09,121227.0,1385.09
2005-04-28,1386.01,1389.69,1364.91,1377.75,153168.0,1377.75
2005-05-02,1383.28,1389.69,1367.66,1385.09,227300.0,1385.09
2005-05-06,1402.53,1419.03,1385.09,1419.03,153606.0,1419.03
2005-05-09,1417.19,1419.95,1386.01,1407.11,151316.0,1407.11
2005-05-10,1411.71,1419.95,1388.76,1400.68,120354.0,1400.68
2005-05-11,1375.91,1394.28,1375.91,1392.44,112182.0,1392.44
2005-05-12,1396.1,1404.36,1384.17,1386.93,79585.0,1386.93
2005-05-13,1377.75,1385.09,1376.85,1380.51,63990.6,1380.51
2005-05-16,1375.91,1379.6,1348.41,1354.83,130494.0,1354.83
2005-05-17,1363.08,1374.08,1348.41,1349.32,198523.0,1349.32
2005-05-18,1331.89,1366.75,1331.89,1357.58,290750.0,1357.58
2005-05-19,1357.58,1357.58,1325.46,1349.32,333158.0,1349.32
2005-05-20,1376.85,1376.85,1353.0,1357.58,177373.0,1357.58
2005-05-23,1362.16,1364.91,1351.15,1355.75,118829.0,1355.75
2005-05-24,1349.32,1357.58,1340.16,1353.0,113488.0,1353.0
2005-05-25,1356.64,1357.58,1350.25,1351.15,79473.1,1351.15
2005-05-26,1353.0,1361.24,1344.71,1358.49,127987.0,1358.49
2005-05-27,1362.16,1371.34,1359.41,1371.34,124281.0,1371.34
2005-05-30,1371.34,1397.94,1371.34,1391.51,171594.0,1391.51
2005-05-31,1391.51,1409.85,1391.51,1405.28,171811.0,1405.28
2005-06-01,1406.22,1406.22,1378.68,1396.1,199612.0,1396.1
2005-06-02,1401.61,1402.53,1381.43,1385.09,170066.0,1385.09
2005-06-03,1389.69,1402.53,1381.43,1394.28,135292.0,1394.28
2005-06-06,1398.86,1402.53,1391.51,1397.94,93535.2,1397.94
2005-06-07,1403.41,1411.71,1399.78,1411.71,127007.0,1411.71
2005-06-08,1417.19,1426.36,1410.78,1420.88,153280.0,1420.88
2005-06-09,1424.52,1430.04,1400.68,1402.53,152843.0,1402.53
2005-06-10,1424.52,1426.36,1404.36,1425.46,203211.0,1425.46
2005-06-13,1430.04,1430.04,1411.71,1413.52,167234.0,1413.52
2005-06-14,1416.28,1428.2,1415.35,1423.63,137579.0,1423.63
2005-06-15,1430.94,1452.98,1430.94,1452.98,253358.0,1452.98
2005-06-16,1451.16,1455.72,1426.36,1447.47,199720.0,1447.47
2005-06-17,1449.3,1462.13,1448.4,1455.72,259136.0,1455.72
2005-06-20,1458.46,1464.9,1450.21,1463.97,305360.0,1463.97
2005-06-21,1459.38,1463.97,1449.3,1454.83,186311.0,1454.83
2005-06-22,1458.46,1467.65,1454.83,1464.9,196339.0,1464.9
2005-06-23,1463.97,1470.38,1463.97,1463.97,122208.0,1463.97
2005-06-24,1463.97,1471.31,1461.22,1471.31,116758.0,1471.31
2005-06-27,1471.31,1474.98,1460.31,1463.07,138670.0,1463.07
2005-06-28,1474.05,1485.98,1473.15,1484.16,171049.0,1484.16
2005-06-29,1485.98,1489.64,1483.24,1485.08,125915.0,1485.08
2005-06-30,1493.34,1505.25,1488.75,1504.33,231444.0,1504.33
2005-07-01,1513.5,1518.09,1503.42,1512.59,224905.0,1512.59
2005-07-04,1517.17,1528.18,1514.44,1527.25,149791.0,1527.25
2005-07-05,1531.86,1534.59,1514.44,1521.76,146085.0,1521.76
2005-07-06,1513.5,1520.85,1494.25,1500.66,172466.0,1500.66
2005-07-07,1473.15,1484.16,1473.15,1482.33,278215.0,1482.33
2005-07-08,1477.74,1511.66,1470.38,1497.91,220542.0,1497.91
2005-07-11,1513.5,1520.85,1507.08,1518.09,200156.0,1518.09
2005-07-12,1512.59,1512.59,1487.81,1495.16,279194.0,1495.16
2005-07-13,1498.83,1498.83,1485.98,1486.91,191326.0,1486.91
2005-07-14,1495.16,1522.69,1494.25,1510.77,275161.0,1510.77
2005-07-15,1516.28,1520.85,1493.34,1493.34,216182.0,1493.34
2005-07-19,1498.83,1503.42,1489.64,1490.59,198958.0,1490.59
2005-07-20,1496.08,1507.08,1486.91,1486.91,184457.0,1486.91
2005-07-21,1486.91,1515.32,1486.91,1501.58,251723.0,1501.58
2005-07-22,1508.01,1508.01,1472.21,1501.58,394645.0,1501.58
2005-07-25,1516.28,1519.03,1497.91,1502.5,118174.0,1502.5
2005-07-26,1512.59,1514.44,1506.18,1506.18,133112.0,1506.18
2005-07-27,1518.09,1530.94,1515.32,1526.37,225012.0,1526.37
2005-07-28,1527.25,1531.86,1523.61,1523.61,129405.0,1523.61
2005-07-29,1530.01,1531.86,1516.28,1516.28,164835.0,1516.28
2005-08-01,1519.03,1527.25,1516.28,1521.76,237443.0,1521.76
2005-08-02,1524.52,1526.37,1498.83,1506.18,220108.0,1506.18
2005-08-03,1467.65,1507.08,1467.65,1507.08,297510.0,1507.08
2005-08-04,1507.08,1510.77,1479.57,1492.41,216618.0,1492.41
2005-08-05,1482.33,1487.81,1471.31,1478.64,205937.0,1478.64
2005-08-08,1478.64,1478.64,1456.63,1470.38,237443.0,1470.38
2005-08-09,1468.56,1513.5,1462.13,1504.33,239839.0,1504.33
2005-08-10,1521.76,1522.69,1495.16,1500.66,248559.0,1500.66
2005-08-11,1497.91,1511.66,1485.08,1506.18,199939.0,1506.18
2005-08-12,1522.69,1522.69,1506.18,1511.66,148374.0,1511.66
2005-08-15,1522.69,1530.01,1518.09,1529.1,159275.0,1529.1
2005-08-16,1530.94,1539.2,1521.76,1537.36,170721.0,1537.36
2005-08-17,1539.2,1540.11,1508.92,1508.92,200703.0,1508.92
2005-08-18,1513.5,1518.09,1492.41,1499.74,181405.0,1499.74
2005-08-19,1495.16,1503.42,1490.59,1497.0,184892.0,1497.0
2005-08-22,1507.08,1519.03,1503.42,1517.17,196339.0,1517.17
2005-08-23,1522.69,1539.2,1518.09,1530.94,161236.0,1530.94
2005-08-24,1534.59,1556.63,1533.7,1551.1,216073.0,1551.1
2005-08-25,1558.45,1559.39,1543.78,1550.22,164289.0,1550.22
2005-08-26,1551.1,1559.39,1547.48,1559.39,125262.0,1559.39
2005-08-29,1559.39,1559.39,1533.7,1540.11,138781.0,1540.11
2005-08-30,1552.06,1558.45,1546.51,1552.06,84161.8,1552.06
2005-08-31,1556.63,1557.53,1549.27,1549.27,91905.0,1549.27
2005-09-01,1557.53,1563.05,1553.88,1554.79,168541.0,1554.79
2005-09-02,1564.89,1574.98,1554.79,1563.94,248015.0,1563.94
2005-09-05,1564.89,1585.97,1564.89,1577.72,149244.0,1577.72
2005-09-06,1586.88,1599.73,1577.72,1587.82,188819.0,1587.82
2005-09-07,1588.73,1595.16,1583.21,1586.88,101496.0,1586.88
2005-09-08,1586.88,1586.88,1559.39,1570.37,141288.0,1570.37
2005-09-09,1568.55,1568.55,1545.63,1561.2,339043.0,1561.2
2005-09-12,1588.73,1588.73,1570.37,1574.98,78493.2,1574.98
2005-09-13,1575.88,1584.14,1552.94,1561.2,206372.0,1561.2
2005-09-14,1565.8,1565.8,1541.02,1545.63,133440.0,1545.63
2005-09-15,1545.63,1563.94,1544.7,1555.69,132783.0,1555.69
2005-09-16,1552.94,1559.39,1523.61,1541.02,213347.0,1541.02
2005-09-20,1545.63,1563.05,1539.2,1552.94,193942.0,1552.94
2005-09-21,1575.88,1575.88,1561.2,1562.12,99096.9,1562.12
2005-09-22,1568.55,1570.37,1560.3,1567.63,108036.0,1567.63
2005-09-26,1568.55,1568.55,1563.05,1568.55,143577.0,1568.55
2005-09-27,1568.55,1575.88,1562.12,1570.37,133766.0,1570.37
2005-09-28,1573.15,1581.41,1571.3,1580.47,118285.0,1580.47
2005-09-29,1586.88,1605.23,1563.05,1600.66,199939.0,1600.66
2005-09-30,1596.07,1607.98,1585.97,1585.97,199503.0,1585.97
2005-10-03,1585.97,1585.97,1562.12,1567.63,202335.0,1567.63
2005-10-04,1568.55,1582.31,1568.55,1572.21,193399.0,1572.21
2005-10-05,1582.31,1582.31,1551.1,1556.63,174647.0,1556.63
2005-10-06,1556.63,1564.89,1529.1,1529.1,212475.0,1529.1
2005-10-07,1563.94,1563.94,1519.03,1523.61,228283.0,1523.61
2005-10-11,1554.79,1554.79,1528.18,1541.02,126242.0,1541.02
2005-10-12,1556.63,1571.3,1544.7,1563.05,196995.0,1563.05
2005-10-13,1551.1,1559.39,1524.52,1537.36,239839.0,1537.36
2005-10-14,1537.36,1537.36,1524.52,1530.01,87649.8,1530.01
2005-10-17,1527.25,1533.7,1504.33,1508.92,150227.0,1508.92
2005-10-18,1509.85,1510.77,1496.08,1497.0,204625.0,1497.0
2005-10-19,1512.59,1524.52,1492.41,1498.83,164289.0,1498.83
2005-10-20,1526.37,1527.25,1505.25,1519.03,122644.0,1519.03
2005-10-21,1513.5,1516.28,1499.74,1513.5,166143.0,1513.5
2005-10-24,1519.03,1519.03,1504.33,1508.01,123298.0,1508.01
2005-10-25,1515.32,1531.86,1510.77,1525.43,210515.0,1525.43
2005-10-26,1536.44,1546.51,1497.91,1546.51,145866.0,1546.51
2005-10-27,1553.88,1570.37,1546.51,1570.37,149898.0,1570.37
2005-10-28,1585.07,1585.07,1559.39,1564.89,192961.0,1564.89
2005-10-31,1564.89,1591.47,1564.89,1585.07,110110.0,1585.07
2005-11-01,1603.41,1603.41,1592.4,1592.4,90048.1,1592.4
2005-11-02,1597.89,1603.41,1582.31,1594.24,245834.0,1594.24
2005-11-04,1603.41,1603.41,1591.47,1598.83,211602.0,1598.83
2005-11-07,1589.63,1599.73,1574.98,1584.14,140961.0,1584.14
2005-11-08,1585.07,1585.07,1558.45,1560.3,88850.5,1560.3
2005-11-09,1564.89,1564.89,1547.48,1553.88,189799.0,1553.88
2005-11-10,1581.41,1582.31,1551.1,1580.47,158404.0,1580.47
2005-11-11,1596.07,1613.5,1589.63,1607.07,279087.0,1607.07
2005-11-14,1611.65,1614.4,1579.56,1585.07,289878.0,1585.07
2005-11-15,1559.39,1574.98,1533.7,1544.7,276689.0,1544.7
2005-11-16,1533.7,1543.78,1533.7,1543.78,248015.0,1543.78
2005-11-17,1537.36,1549.27,1534.59,1542.85,179335.0,1542.85
2005-11-18,1563.05,1570.37,1555.69,1561.2,176608.0,1561.2
2005-11-21,1583.21,1583.21,1551.1,1565.8,180750.0,1565.8
2005-11-22,1574.98,1574.98,1552.94,1566.72,137908.0,1566.72
2005-11-24,1567.63,1567.63,1546.51,1546.51,142158.0,1546.51
2005-11-25,1555.69,1557.53,1537.36,1538.28,174538.0,1538.28
2005-11-28,1559.39,1571.3,1551.1,1560.3,215201.0,1560.3
2005-11-29,1564.89,1571.3,1552.06,1560.3,256193.0,1560.3
2005-11-30,1569.48,1570.37,1535.53,1535.53,292604.0,1535.53
2005-12-01,1536.44,1562.12,1535.53,1560.3,229374.0,1560.3
2005-12-02,1561.2,1580.47,1557.53,1577.72,209857.0,1577.72
2005-12-05,1594.24,1614.4,1583.21,1611.65,283774.0,1611.65
2005-12-06,1609.82,1609.82,1591.47,1596.98,230681.0,1596.98
2005-12-07,1607.07,1609.82,1592.4,1607.98,204407.0,1607.98
2005-12-08,1608.93,1612.57,1597.89,1603.41,389739.0,1603.41
2005-12-09,1583.21,1601.57,1572.21,1587.82,459074.0,1587.82
2005-12-12,1615.34,1615.34,1583.21,1585.07,239839.0,1585.07
2005-12-13,1586.88,1611.65,1586.88,1589.63,255646.0,1589.63
2005-12-14,1605.23,1607.07,1588.73,1592.4,223487.0,1592.4
2005-12-15,1592.4,1596.07,1541.02,1541.02,639717.0,1541.02
2005-12-16,1543.78,1573.15,1543.78,1552.94,430073.0,1552.94
2005-12-19,1573.15,1577.72,1559.39,1572.21,169849.0,1572.21
2005-12-20,1586.88,1586.88,1564.89,1574.04,172466.0,1574.04
2005-12-21,1574.98,1594.24,1560.3,1587.82,425061.0,1587.82
2005-12-22,1578.64,1596.98,1578.64,1596.07,312989.0,1596.07
2005-12-26,1605.23,1609.82,1597.89,1599.73,194378.0,1599.73
2005-12-27,1829.97,1839.14,1660.26,1679.53,1157772.0,1679.53
2005-12-28,1687.78,1687.78,1624.51,1669.45,329887.0,1669.45
2005-12-29,1670.37,1676.8,1651.1,1661.19,238967.0,1661.19
2005-12-30,1662.11,1662.11,1641.94,1641.94,124171.0,1641.94
2006-01-04,1642.85,1678.63,1633.68,1670.37,264913.0,1670.37
2006-01-05,1671.27,1672.2,1642.85,1659.38,230791.0,1659.38
2006-01-06,1660.26,1668.52,1652.03,1652.03,248015.0,1652.03
2006-01-10,1652.03,1662.11,1635.5,1641.03,420264.0,1641.03
2006-01-11,1641.94,1654.74,1632.76,1652.93,225232.0,1652.93
2006-01-12,1652.93,1664.86,1644.68,1663.95,241692.0,1663.95
2006-01-13,1652.03,1668.52,1652.03,1653.86,200047.0,1653.86
2006-01-16,1670.37,1674.06,1655.71,1667.61,300999.0,1667.61
2006-01-17,1664.86,1696.06,1655.71,1681.39,439997.0,1681.39
2006-01-18,1682.27,1682.27,1628.19,1647.44,486876.0,1647.44
2006-01-19,1641.94,1683.22,1638.27,1679.53,400861.0,1679.53
2006-01-20,1682.27,1693.29,1665.78,1674.95,276577.0,1674.95
2006-01-23,1669.45,1691.46,1659.38,1677.69,248997.0,1677.69
2006-01-24,1679.53,1696.06,1673.11,1692.38,283557.0,1692.38
2006-01-25,1692.38,1692.38,1656.6,1656.6,294021.0,1656.6
2006-01-26,1689.63,1689.63,1660.26,1670.37,215420.0,1670.37
2006-01-27,1687.78,1692.38,1675.84,1689.63,248124.0,1689.63
2006-01-30,1715.3,1767.6,1696.96,1729.06,421462.0,1729.06
2006-01-31,1737.33,1737.33,1708.89,1726.32,254668.0,1726.32
2006-02-01,1731.82,1731.82,1699.73,1708.89,229046.0,1708.89
2006-02-02,1717.13,1724.48,1697.9,1698.81,309067.0,1698.81
2006-02-03,1698.81,1699.73,1672.2,1680.45,226757.0,1680.45
2006-02-06,1695.14,1695.14,1667.61,1694.2,355072.0,1694.2
2006-02-07,1694.2,1719.91,1683.22,1715.3,349294.0,1715.3
2006-02-08,1701.55,1715.3,1684.12,1691.46,277016.0,1691.46
2006-02-09,1718.08,1726.32,1694.2,1725.4,477718.0,1725.4
2006-02-10,1707.97,1715.3,1658.42,1684.12,472593.0,1684.12
2006-02-13,1683.22,1683.22,1650.18,1652.03,338719.0,1652.03
2006-02-14,1660.26,1674.95,1652.93,1661.19,244854.0,1661.19
2006-02-15,1683.22,1683.22,1652.93,1659.38,191873.0,1659.38
2006-02-16,1653.86,1663.95,1651.1,1663.95,228937.0,1663.95
2006-02-17,1651.1,1663.95,1605.23,1617.15,346677.0,1617.15
2006-02-20,1631.84,1635.5,1600.66,1607.07,335012.0,1607.07
2006-02-21,1623.59,1637.35,1610.76,1632.76,211821.0,1632.76
2006-02-22,1637.35,1640.09,1606.17,1610.76,172685.0,1610.76
2006-02-23,1615.34,1641.03,1615.34,1632.76,198741.0,1632.76
2006-02-24,1650.18,1650.18,1619.93,1631.84,210404.0,1631.84
2006-02-27,1641.94,1646.5,1621.75,1623.59,193179.0,1623.59
2006-02-28,1631.84,1648.34,1615.34,1647.44,375022.0,1647.44
2006-03-01,1648.34,1672.2,1641.94,1665.78,490036.0,1665.78
2006-03-02,1674.06,1675.84,1663.03,1671.27,274617.0,1671.27
2006-03-03,1665.78,1678.63,1663.95,1668.52,261317.0,1668.52
2006-03-06,1685.94,1693.29,1670.37,1691.46,275161.0,1691.46
2006-03-07,1695.14,1706.13,1689.63,1705.24,248455.0,1705.24
2006-03-08,1706.13,1721.73,1702.48,1712.59,310157.0,1712.59
2006-03-09,1729.06,1740.99,1714.4,1738.27,274288.0,1738.27
2006-03-10,1752.0,1753.84,1723.58,1728.16,423426.0,1728.16
2006-03-13,1742.83,1752.0,1741.92,1745.59,167997.0,1745.59
2006-03-14,1742.83,1751.07,1736.41,1745.59,191545.0,1745.59
2006-03-15,1750.15,1768.51,1718.08,1757.51,385160.0,1757.51
2006-03-16,1768.51,1770.35,1728.16,1736.41,182495.0,1736.41
2006-03-17,1761.19,1785.02,1742.83,1785.02,286827.0,1785.02
2006-03-20,1788.7,1820.8,1785.94,1810.71,207460.0,1810.71
2006-03-22,1823.55,1823.55,1797.86,1802.44,257498.0,1802.44
2006-03-23,1794.18,1812.56,1781.35,1784.11,197320.0,1784.11
2006-03-24,1779.51,1792.37,1763.94,1766.68,227847.0,1766.68
2006-03-27,1766.68,1774.93,1752.92,1767.6,287806.0,1767.6
2006-03-28,1719.91,1755.68,1713.47,1747.41,210077.0,1747.41
2006-03-29,1753.84,1779.51,1743.75,1772.17,156661.0,1772.17
2006-03-30,1786.87,1796.95,1770.35,1780.45,243219.0,1780.45
2006-03-31,1791.45,1792.37,1767.6,1772.17,219127.0,1772.17
2006-04-03,1761.19,1774.93,1747.41,1762.08,238096.0,1762.08
2006-04-04,1761.19,1766.68,1752.92,1753.84,176718.0,1753.84
2006-04-05,1755.68,1755.68,1720.82,1730.0,416995.0,1730.0
2006-04-06,1730.0,1752.0,1730.0,1749.26,297619.0,1749.26
2006-04-07,1752.92,1752.92,1729.06,1752.0,222179.0,1752.0
2006-04-10,1752.0,1752.0,1731.82,1739.15,205170.0,1739.15
2006-04-11,1741.92,1741.92,1724.48,1730.91,210077.0,1730.91
2006-04-12,1724.48,1736.41,1707.97,1707.97,226429.0,1707.97
2006-04-13,1709.8,1714.4,1696.96,1704.29,295004.0,1704.29
2006-04-14,1710.73,1721.73,1692.38,1702.48,197867.0,1702.48
2006-04-17,1701.55,1701.55,1669.45,1669.45,296530.0,1669.45
2006-04-18,1675.84,1694.2,1675.84,1686.89,183042.0,1686.89
2006-04-19,1705.24,1718.08,1689.63,1695.14,167777.0,1695.14
2006-04-20,1700.63,1711.63,1699.73,1705.24,187946.0,1705.24
2006-04-21,1716.25,1730.91,1709.8,1727.25,224250.0,1727.25
2006-04-24,1732.75,1732.75,1679.53,1679.53,226757.0,1679.53
2006-04-25,1694.2,1738.27,1683.22,1734.57,464198.0,1734.57
2006-04-26,1733.65,1752.0,1719.91,1752.0,210296.0,1752.0
2006-04-27,1752.0,1752.92,1741.92,1742.83,148045.0,1742.83
2006-04-28,1743.75,1747.41,1711.63,1740.99,220870.0,1740.99
2006-05-01,1747.41,1755.68,1739.15,1748.33,169523.0,1748.33
2006-05-02,1748.33,1765.76,1743.75,1757.51,196339.0,1757.51
2006-05-08,1761.19,1776.77,1749.26,1750.15,340245.0,1750.15
2006-05-09,1742.83,1746.5,1714.4,1723.58,362811.0,1723.58
2006-05-10,1711.63,1723.58,1696.96,1702.48,283665.0,1702.48
2006-05-11,1705.24,1719.91,1702.48,1710.73,273418.0,1710.73
2006-05-12,1706.13,1712.59,1683.22,1696.96,181405.0,1696.96
2006-05-15,1678.63,1703.38,1678.63,1699.73,149898.0,1699.73
2006-05-16,1700.63,1714.4,1667.61,1674.06,182060.0,1674.06
2006-05-17,1658.42,1668.52,1637.35,1657.54,372514.0,1657.54
2006-05-18,1649.29,1649.29,1623.59,1640.09,319206.0,1640.09
2006-05-19,1640.09,1647.44,1619.93,1647.44,237875.0,1647.44
2006-05-22,1660.26,1660.26,1629.07,1629.07,179115.0,1629.07
2006-05-23,1632.76,1633.68,1614.4,1615.34,297290.0,1615.34
2006-05-24,1618.98,1641.94,1617.15,1632.76,299799.0,1632.76
2006-05-25,1642.85,1659.38,1615.34,1624.51,356053.0,1624.51
2006-05-26,1632.76,1633.68,1620.82,1633.68,204955.0,1633.68
2006-05-29,1633.68,1633.68,1626.34,1630.93,237770.0,1630.93
2006-05-30,1631.84,1631.84,1625.4,1628.19,201248.0,1628.19
2006-05-31,1632.76,1634.6,1626.34,1629.07,349294.0,1629.07
2006-06-01,1629.07,1640.09,1620.82,1624.51,210841.0,1624.51
2006-06-02,1625.4,1631.84,1568.55,1608.93,267530.0,1608.93
2006-06-05,1581.41,1607.98,1581.41,1602.49,239401.0,1602.49
2006-06-06,1605.23,1607.98,1581.41,1592.4,370117.0,1592.4
2006-06-07,1577.72,1593.32,1574.04,1574.04,298600.0,1574.04
2006-06-08,1568.55,1568.55,1515.32,1515.32,389520.0,1515.32
2006-06-09,1517.17,1540.11,1507.08,1522.69,434763.0,1522.69
2006-06-12,1550.22,1553.88,1529.1,1548.36,187621.0,1548.36
2006-06-13,1532.77,1541.95,1503.42,1503.42,188275.0,1503.42
2006-06-14,1485.98,1535.53,1485.98,1507.08,271889.0,1507.08
2006-06-15,1508.01,1524.52,1498.83,1505.25,215201.0,1505.25
2006-06-16,1541.02,1541.02,1506.18,1537.36,129840.0,1537.36
2006-06-19,1552.94,1554.79,1532.77,1550.22,146739.0,1550.22
2006-06-20,1552.06,1552.06,1537.36,1541.02,135838.0,1541.02
2006-06-21,1541.02,1541.02,1514.44,1530.01,177592.0,1530.01
2006-06-22,1540.11,1563.05,1531.86,1563.05,215964.0,1563.05
2006-06-23,1559.39,1559.39,1526.37,1542.85,127657.0,1542.85
2006-06-26,1542.85,1542.85,1523.61,1531.86,110326.0,1531.86
2006-06-27,1532.77,1545.63,1528.18,1534.59,95063.4,1534.59
2006-06-28,1532.77,1569.48,1513.5,1568.55,294677.0,1568.55
2006-06-29,1541.02,1564.89,1541.02,1564.89,150665.0,1564.89
2006-06-30,1568.55,1589.63,1568.55,1586.88,171378.0,1586.88
2006-07-03,1641.94,1644.68,1606.17,1611.65,237223.0,1611.65
2006-07-04,1618.98,1641.03,1618.98,1637.35,119482.0,1637.35
2006-07-05,1633.68,1646.5,1633.68,1640.09,116868.0,1640.09
2006-07-06,1632.76,1636.42,1613.5,1633.68,112615.0,1633.68
2006-07-07,1655.71,1664.86,1642.85,1659.38,192088.0,1659.38
2006-07-10,1652.03,1663.95,1616.26,1660.26,189911.0,1660.26
2006-07-11,1662.11,1664.86,1641.94,1662.11,115776.0,1662.11
2006-07-12,1658.42,1660.26,1619.93,1646.5,141722.0,1646.5
2006-07-13,1623.59,1657.54,1619.93,1636.42,142158.0,1636.42
2006-07-14,1650.18,1650.18,1605.23,1616.26,95391.1,1616.26
2006-07-18,1582.31,1602.49,1579.56,1585.07,232318.0,1585.07
2006-07-19,1569.48,1609.82,1569.48,1575.88,142812.0,1575.88
2006-07-20,1603.41,1617.15,1589.63,1608.93,207131.0,1608.93
2006-07-21,1605.23,1605.23,1576.8,1578.64,125043.0,1578.64
2006-07-24,1566.72,1583.21,1548.36,1576.8,93863.8,1576.8
2006-07-25,1577.72,1590.57,1562.12,1579.56,126135.0,1579.56
2006-07-26,1574.04,1589.63,1561.2,1563.05,103893.0,1563.05
2006-07-27,1561.2,1588.73,1558.45,1584.14,145536.0,1584.14
2006-07-28,1563.94,1578.64,1538.28,1559.39,231336.0,1559.39
2006-07-31,1585.97,1589.63,1576.8,1576.8,107819.0,1576.8
2006-08-01,1600.66,1600.66,1572.21,1574.98,176174.0,1574.98
2006-08-02,1595.16,1595.16,1577.72,1580.47,230681.0,1580.47
2006-08-03,1660.26,1696.06,1638.27,1640.09,664465.0,1640.09
2006-08-04,1651.1,1691.46,1649.29,1660.26,367172.0,1660.26
2006-08-07,1678.63,1708.89,1669.45,1670.37,379275.0,1670.37
2006-08-08,1670.37,1677.69,1641.94,1664.86,273634.0,1664.86
2006-08-09,1660.26,1693.29,1651.1,1691.46,227847.0,1691.46
2006-08-10,1694.2,1718.97,1694.2,1706.13,283992.0,1706.13
2006-08-11,1706.13,1722.64,1703.38,1707.97,203318.0,1707.97
2006-08-14,1696.96,1728.16,1696.96,1723.58,159929.0,1723.58
2006-08-15,1733.65,1741.92,1719.91,1720.82,206154.0,1720.82
2006-08-16,1721.73,1732.75,1710.73,1718.08,230245.0,1718.08
2006-08-17,1714.4,1725.4,1696.06,1696.06,269274.0,1696.06
2006-08-18,1719.91,1739.15,1696.96,1732.75,227738.0,1732.75
2006-08-21,1740.99,1741.92,1716.25,1733.65,158404.0,1733.65
2006-08-22,1738.27,1755.68,1730.91,1746.5,224685.0,1746.5
2006-08-23,1745.59,1751.07,1720.82,1733.65,82634.5,1733.65
2006-08-24,1724.48,1738.27,1705.24,1734.57,190671.0,1734.57
2006-08-25,1724.48,1740.09,1706.13,1726.32,199068.0,1726.32
2006-08-28,1736.41,1737.33,1710.73,1712.59,144993.0,1712.59
2006-08-29,1711.63,1729.06,1711.63,1727.25,129405.0,1727.25
2006-08-30,1740.99,1750.15,1723.58,1731.82,290095.0,1731.82
2006-08-31,1730.91,1756.58,1727.25,1755.68,178463.0,1755.68
2006-09-01,1738.27,1777.69,1734.57,1764.83,280176.0,1764.83
2006-09-04,1765.76,1785.94,1765.76,1778.6,307320.0,1778.6
2006-09-05,1779.51,1779.51,1754.76,1763.94,104983.0,1763.94
2006-09-06,1745.59,1769.43,1744.67,1761.19,302308.0,1761.19
2006-09-07,1756.58,1761.19,1730.0,1730.0,298163.0,1730.0
2006-09-08,1745.59,1763.94,1729.06,1758.42,352456.0,1758.42
2006-09-11,1747.41,1755.68,1717.13,1718.08,289878.0,1718.08
2006-09-12,1718.97,1731.82,1710.73,1711.63,171594.0,1711.63
2006-09-13,1716.25,1735.49,1713.47,1715.3,219670.0,1715.3
2006-09-14,1716.25,1744.67,1715.3,1741.92,167671.0,1741.92
2006-09-15,1742.83,1750.15,1739.15,1744.67,170177.0,1744.67
2006-09-19,1745.59,1764.83,1745.59,1754.76,252595.0,1754.76
2006-09-20,1761.19,1765.76,1743.75,1751.07,192200.0,1751.07
2006-09-21,1749.26,1770.35,1749.26,1763.94,194052.0,1763.94
2006-09-22,1752.0,1774.93,1742.83,1762.98,309503.0,1762.98
2006-09-25,1766.68,1766.68,1729.06,1743.75,272544.0,1743.75
2006-09-26,1752.0,1756.58,1739.15,1748.33,125043.0,1748.33
2006-09-27,1761.19,1777.69,1750.15,1777.69,194488.0,1777.69
2006-09-28,1776.77,1785.94,1768.51,1785.02,205937.0,1785.02
2006-09-29,1779.51,1788.7,1778.6,1788.7,298163.0,1788.7
2006-10-02,1788.7,1832.72,1785.02,1821.7,535388.0,1821.7
2006-10-03,1819.89,1820.8,1799.69,1811.63,235259.0,1811.63
2006-10-04,1810.71,1826.3,1785.02,1788.7,332179.0,1788.7
2006-10-05,1815.29,1843.73,1796.95,1839.14,485348.0,1839.14
2006-10-06,1824.47,1834.57,1817.13,1823.55,160475.0,1823.55
2006-10-10,1831.82,1834.57,1807.96,1817.13,260770.0,1817.13
2006-10-11,1807.96,1821.7,1796.02,1796.02,234715.0,1796.02
2006-10-12,1803.38,1803.38,1777.69,1781.35,159602.0,1781.35
2006-10-13,1793.27,1816.22,1786.87,1811.63,253902.0,1811.63
2006-10-16,1829.97,1839.14,1820.8,1831.82,303833.0,1831.82
2006-10-17,1829.97,1839.14,1816.22,1822.64,274507.0,1822.64
2006-10-18,1799.69,1825.38,1792.37,1811.63,287806.0,1811.63
2006-10-19,1819.89,1819.89,1805.2,1812.56,120246.0,1812.56
2006-10-20,1816.22,1825.38,1811.63,1817.13,224905.0,1817.13
2006-10-23,1818.94,1819.89,1805.2,1816.22,201137.0,1816.22
2006-10-24,1817.13,1819.89,1802.44,1812.56,278430.0,1812.56
2006-10-25,1802.44,1813.46,1791.45,1793.27,295111.0,1793.27
2006-10-26,1771.27,1776.77,1751.07,1762.98,386032.0,1762.98
2006-10-27,1774.93,1784.11,1758.42,1762.98,291948.0,1762.98
2006-10-30,1774.93,1791.45,1737.33,1746.5,389959.0,1746.5
2006-10-31,1747.41,1763.94,1721.73,1750.15,491888.0,1750.15
2006-11-01,1724.48,1785.02,1721.73,1776.77,477718.0,1776.77
2006-11-02,1781.35,1789.6,1762.98,1783.2,226539.0,1783.2
2006-11-06,1751.07,1780.45,1751.07,1773.1,206043.0,1773.1
2006-11-07,1773.1,1785.02,1759.36,1767.6,128968.0,1767.6
2006-11-08,1768.51,1769.43,1737.33,1746.5,175628.0,1746.5
2006-11-09,1739.15,1749.26,1728.16,1740.99,193071.0,1740.99
2006-11-10,1741.92,1741.92,1707.06,1713.47,185221.0,1713.47
2006-11-13,1706.13,1706.13,1685.94,1687.78,320295.0,1687.78
2006-11-14,1693.29,1714.4,1670.37,1695.14,271889.0,1695.14
2006-11-15,1708.89,1738.27,1707.06,1728.16,299799.0,1728.16
2006-11-16,1729.06,1729.06,1699.73,1707.06,305467.0,1707.06
2006-11-17,1707.06,1753.84,1700.63,1733.65,342101.0,1733.65
2006-11-20,1733.65,1746.5,1718.08,1729.06,420264.0,1729.06
2006-11-21,1715.3,1717.13,1690.56,1707.06,386576.0,1707.06
2006-11-22,1687.78,1696.06,1669.45,1690.56,195251.0,1690.56
2006-11-24,1690.56,1691.46,1655.71,1669.45,226539.0,1669.45
2006-11-27,1676.8,1698.81,1671.27,1691.46,185221.0,1691.46
2006-11-28,1689.63,1690.56,1665.78,1681.39,188931.0,1681.39
2006-11-29,1696.96,1723.58,1681.39,1718.08,244638.0,1718.08
2006-11-30,1718.97,1724.48,1694.2,1724.48,230026.0,1724.48
2006-12-01,1731.82,1732.75,1716.25,1729.06,137036.0,1729.06
2006-12-04,1701.55,1720.82,1695.14,1717.13,207244.0,1717.13
2006-12-05,1718.08,1729.06,1703.38,1729.06,254993.0,1729.06
2006-12-06,1729.06,1729.06,1704.29,1717.13,190234.0,1717.13
2006-12-07,1736.41,1742.83,1718.08,1720.82,197867.0,1720.82
2006-12-08,1736.41,1766.68,1727.25,1744.67,382216.0,1744.67
2006-12-11,1815.29,1820.8,1768.51,1777.69,423753.0,1777.69
2006-12-12,1782.28,1784.11,1755.68,1769.43,216400.0,1769.43
2006-12-13,1768.51,1781.35,1752.0,1781.35,192743.0,1781.35
2006-12-14,1785.02,1788.7,1762.98,1787.77,271780.0,1787.77
2006-12-15,1788.7,1792.37,1768.51,1782.28,311902.0,1782.28
2006-12-18,1793.27,1793.27,1765.76,1778.6,158838.0,1778.6
2006-12-19,1779.51,1784.11,1762.08,1766.68,127553.0,1766.68
2006-12-20,1776.77,1792.37,1770.35,1792.37,209969.0,1792.37
2006-12-21,1793.27,1812.56,1785.94,1811.63,217926.0,1811.63
2006-12-22,1816.22,1829.07,1802.44,1815.29,234388.0,1815.29
2006-12-25,1833.63,1834.57,1810.71,1819.89,152406.0,1819.89
2006-12-26,1815.29,1815.29,1798.8,1812.56,126242.0,1812.56
2006-12-27,1807.04,1822.64,1804.28,1818.04,80674.7,1818.04
2006-12-28,1823.55,1823.55,1798.8,1800.63,104113.0,1800.63
2006-12-29,1798.8,1813.46,1794.18,1799.69,52763.3,1799.69
2007-01-04,1810.71,1828.14,1802.44,1828.14,69881.9,1828.14
2007-01-05,1829.07,1829.07,1803.38,1807.96,144776.0,1807.96
2007-01-09,1805.2,1825.38,1797.86,1822.64,124389.0,1822.64
2007-01-10,1824.47,1824.47,1781.35,1783.2,193726.0,1783.2
2007-01-11,1789.6,1805.2,1762.08,1776.77,185985.0,1776.77
2007-01-12,1777.69,1819.89,1769.43,1803.38,209097.0,1803.38
2007-01-15,1818.04,1839.14,1807.96,1829.97,268403.0,1829.97
2007-01-16,1829.97,1829.97,1800.63,1808.87,214328.0,1808.87
2007-01-17,1808.87,1823.55,1790.52,1807.96,142268.0,1807.96
2007-01-18,1797.86,1802.44,1784.11,1792.37,343187.0,1792.37
2007-01-19,1792.37,1792.37,1777.69,1787.77,262623.0,1787.77
2007-01-22,1796.95,1805.2,1789.6,1802.44,276469.0,1802.44
2007-01-23,1802.44,1803.38,1790.52,1799.69,146085.0,1799.69
2007-01-24,1805.2,1807.04,1796.02,1800.63,159164.0,1800.63
2007-01-25,1793.27,1805.2,1785.94,1796.95,158292.0,1796.95
2007-01-26,1796.02,1796.95,1785.02,1796.02,149244.0,1796.02
2007-01-29,1798.8,1803.38,1788.7,1790.52,208225.0,1790.52
2007-01-30,1786.87,1796.02,1785.02,1790.52,92229.7,1790.52
2007-01-31,1791.45,1791.45,1750.15,1753.84,342533.0,1753.84
2007-02-01,1788.7,1802.44,1767.6,1795.13,203973.0,1795.13
2007-02-02,1796.95,1801.54,1785.02,1793.27,102694.0,1793.27
2007-02-05,1793.27,1794.18,1774.93,1785.02,289662.0,1785.02
2007-02-06,1798.8,1830.88,1790.52,1829.97,372187.0,1829.97
2007-02-07,1823.55,1830.88,1805.2,1818.94,224685.0,1818.94
2007-02-08,1825.38,1843.73,1808.87,1827.23,273524.0,1827.23
2007-02-09,1825.38,1862.07,1820.8,1857.5,303287.0,1857.5
2007-02-13,1889.58,1917.13,1866.67,1871.27,359541.0,1871.27
2007-02-14,1875.84,1889.58,1862.07,1862.07,116974.0,1862.07
2007-02-15,1852.9,1880.43,1852.9,1875.84,185330.0,1875.84
2007-02-16,1912.53,1917.13,1898.77,1903.34,294240.0,1903.34
2007-02-19,1921.7,1921.7,1898.77,1898.77,210621.0,1898.77
2007-02-20,1907.93,1907.93,1885.02,1903.34,113051.0,1903.34
2007-02-21,1898.77,1917.13,1894.17,1903.34,116974.0,1903.34
2007-02-22,1917.13,1930.86,1903.34,1930.86,218361.0,1930.86
2007-02-23,1917.13,1921.7,1898.77,1921.7,122317.0,1921.7
2007-02-26,1926.3,1926.3,1894.17,1907.93,155894.0,1907.93
2007-02-27,1912.53,1930.86,1907.93,1930.86,226539.0,1930.86
2007-02-28,1834.57,1898.77,1834.57,1889.58,332724.0,1889.58
2007-03-01,1917.13,1917.13,1871.27,1885.02,262406.0,1885.02
2007-03-02,1885.02,1885.02,1848.32,1857.5,135944.0,1857.5
2007-03-05,1834.57,1839.14,1801.54,1807.04,447411.0,1807.04
2007-03-06,1792.37,1822.64,1771.27,1818.04,238967.0,1818.04
2007-03-07,1823.55,1828.14,1804.28,1817.13,221088.0,1817.13
2007-03-08,1815.29,1821.7,1798.8,1817.13,237875.0,1817.13
2007-03-09,1828.14,1852.9,1825.38,1848.32,555557.0,1848.32
2007-03-12,1862.07,1866.67,1852.9,1862.07,213896.0,1862.07
2007-03-13,1866.67,1894.17,1866.67,1885.02,260662.0,1885.02
2007-03-14,1871.27,1871.27,1822.64,1834.57,214765.0,1834.57
2007-03-15,1834.57,1862.07,1830.88,1843.73,130385.0,1843.73
2007-03-16,1875.84,1875.84,1839.14,1852.9,205280.0,1852.9
2007-03-19,1843.73,1885.02,1843.73,1885.02,187183.0,1885.02
2007-03-20,1898.77,1898.77,1875.84,1885.02,206260.0,1885.02
2007-03-22,1912.53,1912.53,1898.77,1903.34,141288.0,1903.34
2007-03-23,1889.58,1917.13,1889.58,1917.13,203211.0,1917.13
2007-03-26,1926.3,1953.82,1917.13,1944.63,283665.0,1944.63
2007-03-27,1926.3,1930.86,1885.02,1889.58,214875.0,1889.58
2007-03-28,1903.34,1921.7,1885.02,1889.58,181079.0,1889.58
2007-03-29,1852.9,1880.43,1843.73,1852.9,295656.0,1852.9
2007-03-30,1880.43,1885.02,1834.57,1843.73,300455.0,1843.73
2007-04-02,1857.5,1889.58,1848.32,1848.32,205061.0,1848.32
2007-04-03,1843.73,1862.07,1834.57,1852.9,192743.0,1852.9
2007-04-04,1875.84,1889.58,1862.07,1880.43,209969.0,1880.43
2007-04-05,1885.02,1889.58,1875.84,1885.02,141179.0,1885.02
2007-04-06,1871.27,1885.02,1866.67,1866.67,81326.0,1866.67
2007-04-09,1875.84,1903.34,1866.67,1898.77,120899.0,1898.77
2007-04-10,1875.84,1898.77,1866.67,1898.77,211712.0,1898.77
2007-04-11,1885.02,1894.17,1862.07,1885.02,130930.0,1885.02
2007-04-12,1880.43,1885.02,1857.5,1866.67,104113.0,1866.67
2007-04-13,1866.67,1871.27,1848.32,1857.5,186532.0,1857.5
2007-04-16,1866.67,1894.17,1862.07,1875.84,160039.0,1875.84
2007-04-17,1885.02,1885.02,1857.5,1875.84,190889.0,1875.84
2007-04-18,1862.07,1894.17,1857.5,1889.58,116974.0,1889.58
2007-04-19,1866.67,1875.84,1848.32,1866.67,147937.0,1866.67
2007-04-20,1862.07,1885.02,1862.07,1880.43,92229.7,1880.43
2007-04-23,1880.43,1889.58,1857.5,1862.07,115339.0,1862.07
2007-04-24,1866.67,1885.02,1848.32,1885.02,127770.0,1885.02
2007-04-25,1866.67,1875.84,1857.5,1866.67,85578.2,1866.67
2007-04-26,1871.27,1880.43,1862.07,1871.27,134091.0,1871.27
2007-04-27,1866.67,1885.02,1862.07,1862.07,222179.0,1862.07
2007-05-01,1880.43,1880.43,1857.5,1862.07,103021.0,1862.07
2007-05-02,1857.5,1862.07,1843.73,1857.5,129840.0,1857.5
2007-05-07,1866.67,1875.84,1848.32,1852.9,154369.0,1852.9
2007-05-08,1857.5,1871.27,1852.9,1857.5,175083.0,1857.5
2007-05-09,1843.73,1866.67,1843.73,1852.9,87321.2,1852.9
2007-05-10,1852.9,1852.9,1823.55,1839.14,449481.0,1839.14
2007-05-11,1829.97,1839.14,1801.54,1815.29,246926.0,1815.29
2007-05-14,1815.29,1848.32,1815.29,1829.07,184677.0,1829.07
2007-05-15,1834.57,1839.14,1805.2,1808.87,260222.0,1808.87
2007-05-16,1820.8,1831.82,1807.96,1822.64,397698.0,1822.64
2007-05-17,1833.63,1843.73,1819.89,1828.14,439667.0,1828.14
2007-05-18,1828.14,1834.57,1808.87,1809.8,179660.0,1809.8
2007-05-21,1823.55,1839.14,1818.04,1830.88,222725.0,1830.88
2007-05-22,1831.82,1831.82,1785.94,1815.29,344825.0,1815.29
2007-05-23,1804.28,1822.64,1798.8,1816.22,264586.0,1816.22
2007-05-24,1806.12,1818.04,1801.54,1805.2,229920.0,1805.2
2007-05-25,1797.86,1804.28,1748.33,1766.68,456133.0,1766.68
2007-05-28,1788.7,1788.7,1762.98,1774.93,201030.0,1774.93
2007-05-29,1766.68,1780.45,1755.68,1776.77,182714.0,1776.77
2007-05-30,1785.02,1786.87,1765.76,1781.35,182495.0,1781.35
2007-05-31,1790.52,1807.04,1780.45,1800.63,261207.0,1800.63
2007-06-01,1793.27,1804.28,1792.37,1796.02,226647.0,1796.02
2007-06-04,1811.63,1814.38,1795.13,1807.96,268620.0,1807.96
2007-06-05,1818.04,1834.57,1803.38,1827.23,262733.0,1827.23
2007-06-06,1812.56,1831.82,1808.87,1820.8,249434.0,1820.8
2007-06-07,1816.22,1819.89,1807.04,1815.29,182933.0,1815.29
2007-06-08,1813.46,1813.46,1786.87,1804.28,250741.0,1804.28
2007-06-11,1831.82,1831.82,1787.77,1796.02,374150.0,1796.02
2007-06-12,1814.38,1815.29,1798.8,1802.44,298383.0,1802.44
2007-06-13,1791.45,1800.63,1774.93,1791.45,169849.0,1791.45
2007-06-14,1799.69,1821.7,1796.95,1808.87,218689.0,1808.87
2007-06-15,1805.2,1810.71,1785.02,1796.95,214111.0,1796.95
2007-06-18,1796.95,1798.8,1770.35,1781.35,450681.0,1781.35
2007-06-19,1782.28,1782.28,1747.41,1752.92,520777.0,1752.92
2007-06-20,1752.0,1764.83,1745.59,1759.36,345370.0,1759.36
2007-06-21,1756.58,1756.58,1744.67,1748.33,349838.0,1748.33
2007-06-22,1750.15,1752.0,1742.83,1749.26,307539.0,1749.26
2007-06-25,1750.15,1756.58,1740.99,1742.83,345914.0,1742.83
2007-06-26,1752.0,1752.0,1720.82,1738.27,337845.0,1738.27
2007-06-27,1739.15,1751.07,1733.65,1740.99,272980.0,1740.99
2007-06-28,1752.0,1762.08,1741.92,1762.08,216182.0,1762.08
2007-06-29,1761.19,1761.19,1724.48,1736.41,543889.0,1736.41
2007-07-02,1737.33,1738.27,1697.9,1704.29,617259.0,1704.29
2007-07-03,1705.24,1710.73,1691.46,1701.55,680163.0,1701.55
2007-07-04,1702.48,1702.48,1674.95,1684.12,603416.0,1684.12
2007-07-05,1684.12,1702.48,1682.27,1691.46,575833.0,1691.46
2007-07-06,1691.46,1691.46,1674.95,1679.53,475209.0,1679.53
2007-07-09,1679.53,1706.13,1678.63,1704.29,312226.0,1704.29
2007-07-10,1695.14,1696.06,1678.63,1686.89,191655.0,1686.89
2007-07-11,1680.45,1683.22,1662.11,1673.11,445339.0,1673.11
2007-07-12,1655.71,1664.86,1655.71,1663.03,323671.0,1663.03
2007-07-13,1656.6,1680.45,1656.6,1667.61,338719.0,1667.61
2007-07-17,1669.45,1674.06,1660.26,1664.86,374694.0,1664.86
2007-07-18,1664.86,1665.78,1645.6,1663.03,440759.0,1663.03
2007-07-19,1668.52,1679.53,1667.61,1677.69,315715.0,1677.69
2007-07-20,1686.89,1696.06,1678.63,1682.27,347440.0,1682.27
2007-07-23,1680.45,1685.06,1670.37,1678.63,451659.0,1678.63
2007-07-24,1679.53,1684.12,1656.6,1680.45,351692.0,1680.45
2007-07-25,1678.63,1678.63,1636.42,1664.86,518817.0,1664.86
2007-07-26,1665.78,1665.78,1652.93,1654.74,275161.0,1654.74
2007-07-27,1632.76,1650.18,1597.89,1637.35,371860.0,1637.35
2007-07-30,1620.82,1651.1,1614.4,1647.44,275051.0,1647.44
2007-07-31,1641.94,1641.94,1615.34,1624.51,407619.0,1624.51
2007-08-01,1628.19,1674.95,1626.34,1659.38,747862.0,1659.38
2007-08-02,1673.11,1703.38,1669.45,1698.81,778387.0,1698.81
2007-08-03,1698.81,1698.81,1674.95,1685.06,471611.0,1685.06
2007-08-06,1695.14,1723.58,1687.78,1720.82,505079.0,1720.82
2007-08-07,1724.48,1727.25,1696.96,1703.38,545307.0,1703.38
2007-08-08,1710.73,1734.57,1706.13,1729.06,599816.0,1729.06
2007-08-09,1760.23,1871.27,1757.51,1862.07,1669827.0,1862.07
2007-08-10,1802.44,1866.67,1797.86,1831.82,1054314.0,1831.82
2007-08-13,1804.28,1830.88,1699.73,1708.89,1180120.0,1708.89
2007-08-14,1736.41,1746.5,1714.4,1733.65,811751.0,1733.65
2007-08-15,1729.06,1731.82,1674.06,1697.9,475863.0,1697.9
2007-08-16,1670.37,1722.64,1647.44,1714.4,687903.0,1714.4
2007-08-17,1714.4,1714.4,1664.86,1664.86,333378.0,1664.86
2007-08-20,1706.13,1706.13,1668.52,1682.27,220215.0,1682.27
2007-08-21,1720.82,1783.2,1719.91,1746.5,619659.0,1746.5
2007-08-22,1733.65,1734.57,1706.13,1709.8,255211.0,1709.8
2007-08-23,1714.4,1730.91,1702.48,1723.58,234498.0,1723.58
2007-08-24,1698.81,1716.25,1692.38,1700.63,232101.0,1700.63
2007-08-27,1740.09,1754.76,1714.4,1727.25,180862.0,1727.25
2007-08-28,1699.73,1708.89,1687.78,1701.55,211931.0,1701.55
2007-08-29,1687.78,1696.96,1662.11,1681.39,247470.0,1681.39
2007-08-30,1682.27,1697.9,1670.37,1693.29,234173.0,1693.29
2007-08-31,1696.06,1734.57,1694.2,1730.91,374366.0,1730.91
2007-09-03,1740.09,1752.0,1730.91,1748.33,245291.0,1748.33
2007-09-04,1763.94,1779.51,1752.92,1766.68,241472.0,1766.68
2007-09-05,1755.68,1767.6,1729.06,1730.91,194159.0,1730.91
2007-09-06,1731.82,1747.41,1710.73,1746.5,242127.0,1746.5
2007-09-07,1752.0,1752.92,1724.48,1746.5,185657.0,1746.5
2007-09-10,1748.33,1755.68,1723.58,1734.57,285299.0,1734.57
2007-09-11,1733.65,1762.08,1722.64,1749.26,220215.0,1749.26
2007-09-12,1742.83,1755.68,1722.64,1730.0,184786.0,1730.0
2007-09-13,1740.99,1748.33,1725.4,1737.33,150443.0,1737.33
2007-09-14,1747.41,1761.19,1736.41,1752.92,297073.0,1752.92
2007-09-18,1752.92,1753.84,1718.97,1740.09,198848.0,1740.09
2007-09-19,1756.58,1783.2,1731.82,1762.08,149462.0,1762.08
2007-09-20,1761.19,1785.02,1761.19,1778.6,177592.0,1778.6
2007-09-21,1752.92,1769.43,1747.41,1759.36,143466.0,1759.36
2007-09-25,1787.77,1803.38,1779.51,1791.45,223923.0,1791.45
2007-09-26,1818.94,1843.73,1817.13,1839.14,295437.0,1839.14
2007-09-27,1834.57,1839.14,1821.7,1834.57,298273.0,1834.57
2007-09-28,1833.63,1839.14,1813.46,1839.14,310375.0,1839.14
2007-10-01,1843.73,1880.43,1839.14,1871.27,287806.0,1871.27
2007-10-02,1875.84,1880.43,1857.5,1862.07,127007.0,1862.07
2007-10-03,1829.97,1857.5,1829.97,1857.5,161019.0,1857.5
2007-10-04,1834.57,1852.9,1817.13,1834.57,219235.0,1834.57
2007-10-05,1833.63,1843.73,1820.8,1827.23,226212.0,1827.23
2007-10-09,1828.14,1832.72,1811.63,1821.7,257172.0,1821.7
2007-10-10,1824.47,1824.47,1794.18,1806.12,214328.0,1806.12
2007-10-11,1809.8,1827.23,1796.95,1822.64,281157.0,1822.64
2007-10-12,1795.13,1807.96,1777.69,1781.35,339373.0,1781.35
2007-10-15,1785.94,1788.7,1759.36,1774.93,153606.0,1774.93
2007-10-16,1767.6,1767.6,1749.26,1749.26,171594.0,1749.26
2007-10-17,1743.75,1774.93,1742.83,1754.76,293257.0,1754.76
2007-10-18,1752.0,1759.36,1740.99,1746.5,258154.0,1746.5
2007-10-19,1723.58,1740.99,1714.4,1722.64,268620.0,1722.64
2007-10-22,1696.96,1712.59,1680.45,1700.63,206590.0,1700.63
2007-10-23,1720.82,1722.64,1695.14,1698.81,191980.0,1698.81
2007-10-24,1696.06,1696.96,1660.26,1665.78,222615.0,1665.78
2007-10-25,1666.7,1671.27,1646.5,1660.26,267967.0,1660.26
2007-10-26,1672.2,1672.2,1638.27,1658.42,181079.0,1658.42
2007-10-29,1671.27,1671.27,1645.6,1646.5,261750.0,1646.5
2007-10-30,1652.03,1665.78,1642.85,1652.93,243981.0,1652.93
2007-10-31,1651.1,1669.45,1641.94,1668.52,276033.0,1668.52
2007-11-01,1666.7,1677.69,1663.95,1674.06,169414.0,1674.06
2007-11-02,1669.45,1714.4,1655.71,1694.2,422881.0,1694.2
2007-11-05,1700.63,1707.06,1669.45,1685.06,213021.0,1685.06
2007-11-06,1673.11,1677.69,1662.11,1672.2,307214.0,1672.2
2007-11-07,1673.11,1673.11,1642.85,1664.86,511839.0,1664.86
2007-11-08,1658.42,1664.86,1642.85,1650.18,431057.0,1650.18
2007-11-09,1677.69,1705.24,1655.71,1690.56,512384.0,1690.56
2007-11-12,1696.96,1696.96,1655.71,1670.37,330214.0,1670.37
2007-11-13,1671.27,1698.81,1669.45,1688.71,292715.0,1688.71
2007-11-14,1699.73,1699.73,1648.34,1651.1,471391.0,1651.1
2007-11-15,1654.74,1657.54,1618.98,1622.67,570819.0,1622.67
2007-11-16,1625.4,1692.38,1619.93,1685.06,656180.0,1685.06
2007-11-19,1696.96,1731.82,1686.89,1705.24,708835.0,1705.24
2007-11-20,1677.69,1715.3,1667.61,1712.59,592839.0,1712.59
2007-11-21,1724.48,1765.76,1721.73,1728.16,668390.0,1728.16
2007-11-22,1738.27,1782.28,1738.27,1756.58,537784.0,1756.58
2007-11-26,1757.51,1788.7,1752.92,1779.51,478697.0,1779.51
2007-11-27,1784.11,1822.64,1770.35,1818.04,575179.0,1818.04
2007-11-28,1798.8,1815.29,1782.28,1799.69,403256.0,1799.69
2007-11-29,1811.63,1819.89,1800.63,1807.04,416995.0,1807.04
2007-11-30,1779.51,1824.47,1779.51,1804.28,1197670.0,1804.28
2007-12-03,1818.04,1831.82,1804.28,1822.64,466379.0,1822.64
2007-12-04,1825.38,1829.07,1809.8,1825.38,439888.0,1825.38
2007-12-05,1823.55,1824.47,1798.8,1814.38,466270.0,1814.38
2007-12-06,1832.72,1834.57,1807.04,1825.38,315825.0,1825.38
2007-12-07,1832.72,1843.73,1825.38,1825.38,428114.0,1825.38
2007-12-10,1833.63,1839.14,1816.22,1824.47,295873.0,1824.47
2007-12-11,1848.32,1862.07,1830.88,1839.14,276033.0,1839.14
2007-12-12,1833.63,1833.63,1795.13,1827.23,352018.0,1827.23
2007-12-13,1806.12,1807.04,1774.93,1789.6,306994.0,1789.6
2007-12-14,1789.6,1807.04,1788.7,1799.69,368263.0,1799.69
2007-12-17,1788.7,1799.69,1774.02,1774.93,218580.0,1774.93
2007-12-18,1765.76,1787.77,1753.84,1775.84,238313.0,1775.84
2007-12-19,1761.19,1780.45,1756.58,1756.58,227195.0,1756.58
2007-12-20,1756.58,1785.94,1756.58,1760.23,220215.0,1760.23
2007-12-21,1765.76,1786.87,1762.08,1778.6,167344.0,1778.6
2007-12-25,1785.02,1793.27,1752.92,1764.83,129840.0,1764.83
2007-12-26,1776.77,1783.2,1753.84,1771.27,121555.0,1771.27
2007-12-27,1762.08,1770.35,1753.84,1758.42,102149.0,1758.42
2007-12-28,1756.58,1762.08,1726.32,1726.32,86667.9,1726.32
2008-01-04,1699.73,1714.4,1659.38,1659.38,175192.0,1659.38
2008-01-07,1652.93,1667.61,1640.09,1654.74,273634.0,1654.74
2008-01-08,1647.44,1672.2,1637.35,1665.78,231117.0,1665.78
2008-01-09,1663.95,1707.97,1652.93,1702.48,313534.0,1702.48
2008-01-10,1713.47,1713.47,1676.8,1711.63,299037.0,1711.63
2008-01-11,1704.29,1730.0,1693.29,1707.06,402713.0,1707.06
2008-01-15,1712.59,1720.82,1672.2,1677.69,340245.0,1677.69
2008-01-16,1678.63,1695.14,1652.93,1667.61,385704.0,1667.61
2008-01-17,1668.52,1699.73,1652.03,1693.29,345586.0,1693.29
2008-01-18,1653.86,1690.56,1630.02,1682.27,349077.0,1682.27
2008-01-21,1657.54,1674.95,1652.93,1661.19,231555.0,1661.19
2008-01-22,1600.66,1632.76,1577.72,1585.07,423536.0,1585.07
2008-01-23,1587.82,1621.75,1583.21,1597.89,251723.0,1597.89
2008-01-24,1602.49,1630.93,1600.66,1630.93,223159.0,1630.93
2008-01-25,1632.76,1669.45,1632.76,1661.19,241472.0,1661.19
2008-01-28,1682.27,1685.94,1652.03,1652.03,209531.0,1652.03
2008-01-29,1683.22,1698.81,1655.71,1681.39,166796.0,1681.39
2008-01-30,1687.78,1687.78,1647.44,1648.34,211931.0,1648.34
2008-01-31,1674.06,1732.75,1656.6,1728.16,324546.0,1728.16
2008-02-01,1700.63,1700.63,1563.94,1608.93,925998.0,1608.93
2008-02-04,1604.32,1604.32,1571.3,1584.14,718756.0,1584.14
2008-02-05,1577.72,1580.47,1546.51,1555.69,696734.0,1555.69
2008-02-06,1552.06,1552.06,1501.58,1506.18,530375.0,1506.18
2008-02-07,1507.08,1513.5,1466.72,1508.92,487309.0,1508.92
2008-02-08,1513.5,1568.55,1513.5,1533.7,337845.0,1533.7
2008-02-12,1534.59,1537.36,1503.42,1508.92,302198.0,1508.92
2008-02-13,1508.92,1520.85,1483.24,1485.08,324546.0,1485.08
2008-02-14,1504.33,1521.76,1493.34,1509.85,333268.0,1509.85
2008-02-15,1508.01,1527.25,1496.08,1519.93,278757.0,1519.93
2008-02-18,1531.86,1541.02,1514.44,1524.52,213568.0,1524.52
2008-02-19,1527.25,1537.36,1519.93,1526.37,209531.0,1526.37
2008-02-20,1522.69,1523.61,1474.98,1480.49,364881.0,1480.49
2008-02-21,1487.81,1508.01,1478.64,1497.91,234933.0,1497.91
2008-02-22,1480.49,1488.75,1467.65,1478.64,354419.0,1478.64
2008-02-25,1479.57,1512.59,1476.83,1505.25,263712.0,1505.25
2008-02-26,1513.5,1513.5,1456.63,1460.31,450025.0,1460.31
2008-02-27,1461.22,1463.07,1451.16,1455.72,637757.0,1455.72
2008-02-28,1454.83,1455.72,1427.31,1441.98,540074.0,1441.98
2008-02-29,1431.88,1460.31,1426.36,1459.38,385377.0,1459.38
2008-03-03,1444.71,1444.71,1416.28,1423.63,424079.0,1423.63
2008-03-04,1412.62,1415.35,1359.41,1365.84,597637.0,1365.84
2008-03-05,1366.75,1372.24,1351.15,1360.32,388976.0,1360.32
2008-03-06,1361.24,1386.93,1341.97,1372.24,307320.0,1372.24
2008-03-07,1353.89,1370.42,1334.64,1360.32,304922.0,1360.32
2008-03-10,1357.58,1374.08,1354.83,1372.24,228830.0,1372.24
2008-03-11,1373.18,1375.01,1343.82,1368.59,414922.0,1368.59
2008-03-12,1372.24,1385.09,1363.08,1366.75,233953.0,1366.75
2008-03-13,1357.58,1369.49,1327.31,1336.48,298273.0,1336.48
2008-03-14,1337.4,1351.15,1321.81,1330.06,309067.0,1330.06
2008-03-17,1293.36,1302.54,1265.84,1270.43,274617.0,1270.43
2008-03-18,1277.78,1308.97,1275.02,1304.38,233953.0,1304.38
2008-03-19,1322.71,1331.89,1289.69,1306.19,318985.0,1306.19
2008-03-21,1307.13,1349.32,1307.13,1347.48,215201.0,1347.48
2008-03-24,1367.66,1367.66,1339.21,1339.21,303726.0,1339.21
2008-03-25,1375.91,1383.28,1358.49,1372.24,321058.0,1372.24
2008-03-26,1363.08,1377.75,1350.25,1377.75,193288.0,1377.75
2008-03-27,1375.91,1392.44,1374.08,1378.68,212256.0,1378.68
2008-03-28,1379.6,1382.32,1354.83,1368.59,262514.0,1368.59
2008-03-31,1376.85,1382.32,1342.91,1360.32,220326.0,1360.32
2008-04-01,1365.84,1392.44,1360.32,1383.28,185005.0,1383.28
2008-04-02,1408.02,1431.88,1404.36,1413.52,303833.0,1413.52
2008-04-03,1415.35,1423.63,1390.59,1419.03,235916.0,1419.03
2008-04-04,1419.95,1430.04,1414.46,1428.2,163200.0,1428.2
2008-04-07,1437.37,1456.63,1430.94,1454.83,205498.0,1454.83
2008-04-08,1458.46,1467.65,1425.46,1426.36,233734.0,1426.36
2008-04-09,1427.31,1444.71,1412.62,1417.19,238967.0,1417.19
2008-04-10,1403.41,1403.41,1310.78,1326.4,610173.0,1326.4
2008-04-11,1344.71,1387.84,1339.21,1371.34,302414.0,1371.34
2008-04-14,1353.0,1361.24,1330.97,1350.25,127553.0,1350.25
2008-04-15,1346.56,1360.32,1336.48,1339.21,165380.0,1339.21
2008-04-16,1332.8,1341.07,1316.29,1328.21,273963.0,1328.21
2008-04-17,1334.64,1353.0,1321.81,1326.4,181405.0,1326.4
2008-04-18,1339.21,1346.56,1320.87,1334.64,147828.0,1334.64
2008-04-21,1353.0,1364.0,1331.89,1338.32,189799.0,1338.32
2008-04-22,1343.82,1364.0,1340.16,1361.24,185549.0,1361.24
2008-04-23,1362.16,1397.02,1360.32,1389.69,377966.0,1389.69
2008-04-24,1400.68,1413.52,1377.75,1393.33,337410.0,1393.33
2008-04-25,1408.96,1430.94,1406.22,1417.19,336321.0,1417.19
2008-04-28,1436.46,1436.46,1403.41,1414.46,254122.0,1414.46
2008-04-30,1419.03,1490.59,1416.28,1482.33,612027.0,1482.33
2008-05-01,1454.83,1458.46,1425.46,1431.88,254122.0,1431.88
2008-05-02,1454.83,1454.83,1424.52,1437.37,209097.0,1437.37
2008-05-07,1438.3,1438.3,1396.1,1420.88,350492.0,1420.88
2008-05-08,1421.78,1437.37,1419.95,1426.36,149462.0,1426.36
2008-05-09,1449.3,1449.3,1407.11,1410.78,184567.0,1410.78
2008-05-12,1404.36,1418.11,1399.78,1413.52,129511.0,1413.52
2008-05-13,1430.94,1435.55,1419.03,1430.94,184786.0,1430.94
2008-05-14,1476.83,1497.91,1463.97,1493.34,667734.0,1493.34
2008-05-15,1513.5,1553.88,1505.25,1543.78,600581.0,1543.78
2008-05-16,1544.7,1562.12,1534.59,1540.11,374476.0,1540.11
2008-05-19,1539.2,1558.45,1516.28,1517.17,262623.0,1517.17
2008-05-20,1508.92,1539.2,1491.5,1529.1,291188.0,1529.1
2008-05-21,1530.01,1564.89,1530.01,1550.22,405656.0,1550.22
2008-05-22,1526.37,1553.88,1506.18,1552.94,293913.0,1552.94
2008-05-23,1537.36,1573.15,1531.86,1559.39,335775.0,1559.39
2008-05-26,1560.3,1560.3,1495.16,1509.85,320622.0,1509.85
2008-05-27,1497.91,1529.1,1497.0,1520.85,268075.0,1520.85
2008-05-28,1510.77,1534.59,1489.64,1508.92,274507.0,1508.92
2008-05-29,1512.59,1558.45,1505.25,1550.22,450025.0,1550.22
2008-05-30,1551.1,1581.41,1539.2,1562.12,1065104.0,1562.12
2008-06-02,1568.55,1592.4,1531.86,1576.8,504533.0,1576.8
2008-06-03,1568.55,1568.55,1535.53,1548.36,317569.0,1548.36
2008-06-04,1549.27,1580.47,1523.61,1573.15,556971.0,1573.15
2008-06-05,1577.72,1605.23,1564.89,1602.49,414706.0,1602.49
2008-06-06,1607.98,1632.76,1602.49,1616.26,507805.0,1616.26
2008-06-09,1617.15,1627.24,1593.32,1599.73,294021.0,1599.73
2008-06-10,1606.17,1607.98,1575.88,1582.31,176936.0,1582.31
2008-06-11,1611.65,1611.65,1553.88,1561.2,407727.0,1561.2
2008-06-12,1559.39,1563.05,1541.95,1548.36,316369.0,1548.36
2008-06-13,1541.02,1545.63,1519.93,1545.63,471068.0,1545.63
2008-06-16,1568.55,1596.07,1541.02,1558.45,328798.0,1558.45
2008-06-17,1560.3,1573.15,1544.7,1552.94,438580.0,1552.94
2008-06-18,1531.86,1573.15,1525.43,1549.27,403475.0,1549.27
2008-06-19,1542.85,1589.63,1542.85,1571.3,382325.0,1571.3
2008-06-20,1559.39,1572.21,1535.53,1543.78,230681.0,1543.78
2008-06-23,1536.44,1562.12,1517.17,1543.78,301980.0,1543.78
2008-06-24,1553.88,1587.82,1549.27,1568.55,263712.0,1568.55
2008-06-25,1552.06,1572.21,1536.44,1569.48,299583.0,1569.48
2008-06-26,1585.07,1585.97,1559.39,1574.98,172250.0,1574.98
2008-06-27,1531.86,1552.06,1525.43,1546.51,211058.0,1546.51
2008-06-30,1565.8,1587.82,1551.1,1568.55,160366.0,1568.55
2008-07-01,1559.39,1579.56,1543.78,1562.12,220108.0,1562.12
2008-07-02,1562.12,1563.94,1532.77,1550.22,255757.0,1550.22
2008-07-03,1522.69,1535.53,1513.5,1517.17,275816.0,1517.17
2008-07-04,1530.01,1530.01,1505.25,1518.09,187401.0,1518.09
2008-07-07,1500.66,1526.37,1500.66,1520.85,160910.0,1520.85
2008-07-08,1513.5,1519.03,1483.24,1495.16,204190.0,1495.16
2008-07-09,1500.66,1518.09,1485.98,1496.08,240821.0,1496.08
2008-07-10,1495.16,1496.08,1478.64,1485.98,230354.0,1485.98
2008-07-11,1474.05,1509.85,1453.88,1497.0,272980.0,1497.0
2008-07-14,1483.24,1517.17,1483.24,1485.08,174755.0,1485.08
2008-07-15,1483.24,1483.24,1453.88,1468.56,298163.0,1468.56
2008-07-16,1468.56,1507.08,1467.65,1497.91,329887.0,1497.91
2008-07-17,1498.83,1498.83,1458.46,1473.15,289008.0,1473.15
2008-07-18,1494.25,1494.25,1432.77,1457.56,218472.0,1457.56
2008-07-22,1475.89,1475.89,1440.14,1473.15,335775.0,1473.15
2008-07-23,1471.31,1492.41,1470.38,1487.81,245944.0,1487.81
2008-07-24,1506.18,1524.52,1496.08,1524.52,187837.0,1524.52
2008-07-25,1527.25,1537.36,1521.76,1531.86,200156.0,1531.86
2008-07-28,1559.39,1559.39,1541.02,1554.79,227738.0,1554.79
2008-07-29,1536.44,1582.31,1516.28,1577.72,385704.0,1577.72
2008-07-30,1605.23,1689.63,1604.32,1661.19,661629.0,1661.19
2008-07-31,1633.68,1643.77,1620.82,1626.34,605703.0,1626.34
2008-08-01,1641.03,1664.86,1631.84,1640.09,484693.0,1640.09
2008-08-04,1649.29,1667.61,1630.93,1630.93,385377.0,1630.93
2008-08-05,1628.19,1632.76,1619.93,1621.75,230573.0,1621.75
2008-08-06,1632.76,1636.42,1615.34,1616.26,230026.0,1616.26
2008-08-07,1623.59,1630.93,1599.73,1627.24,285735.0,1627.24
2008-08-08,1601.57,1630.93,1582.31,1617.15,291514.0,1617.15
2008-08-11,1622.67,1642.85,1615.34,1628.19,191106.0,1628.19
2008-08-12,1605.23,1622.67,1602.49,1609.82,233843.0,1609.82
2008-08-13,1592.4,1614.4,1558.45,1605.23,315387.0,1605.23
2008-08-14,1579.56,1605.23,1553.88,1556.63,391047.0,1556.63
2008-08-15,1572.21,1584.14,1563.94,1582.31,137363.0,1582.31
2008-08-18,1584.14,1615.34,1575.88,1584.14,145536.0,1584.14
2008-08-19,1574.98,1585.07,1547.48,1564.89,130930.0,1564.89
2008-08-20,1546.51,1586.88,1542.85,1578.64,133871.0,1578.64
2008-08-21,1580.47,1580.47,1556.63,1564.89,98988.0,1564.89
2008-08-22,1577.72,1584.14,1552.06,1572.21,132130.0,1572.21
2008-08-25,1590.57,1598.83,1576.8,1584.14,102367.0,1584.14
2008-08-26,1574.04,1574.04,1546.51,1569.48,131148.0,1569.48
2008-08-27,1559.39,1571.3,1551.1,1568.55,83945.0,1568.55
2008-08-28,1559.39,1578.64,1554.79,1578.64,92883.9,1578.64
2008-08-29,1592.4,1632.76,1591.47,1632.76,321930.0,1632.76
2008-09-01,1632.76,1632.76,1614.4,1624.51,209425.0,1624.51
2008-09-02,1623.59,1639.18,1600.66,1615.34,196339.0,1615.34
2008-09-03,1609.82,1651.1,1609.82,1641.03,272873.0,1641.03
2008-09-04,1610.76,1628.19,1607.07,1607.07,342207.0,1607.07
2008-09-05,1594.24,1607.07,1581.41,1599.73,231555.0,1599.73
2008-09-08,1607.07,1639.18,1602.49,1625.4,246598.0,1625.4
2008-09-09,1631.84,1631.84,1604.32,1610.76,273744.0,1610.76
2008-09-10,1611.65,1632.76,1603.41,1618.98,304922.0,1618.98
2008-09-11,1600.66,1614.4,1577.72,1583.21,189035.0,1583.21
2008-09-12,1586.88,1601.57,1560.3,1570.37,209314.0,1570.37
2008-09-16,1542.85,1563.94,1483.24,1552.94,341333.0,1552.94
2008-09-17,1570.37,1580.47,1552.94,1570.37,226429.0,1570.37
2008-09-18,1545.63,1552.06,1494.25,1537.36,339373.0,1537.36
2008-09-19,1509.85,1530.01,1476.83,1485.08,335012.0,1485.08
2008-09-22,1508.92,1508.92,1433.72,1439.19,292932.0,1439.19
2008-09-24,1466.72,1467.65,1421.78,1439.19,289008.0,1439.19
2008-09-25,1429.12,1446.54,1399.78,1440.14,325090.0,1440.14
2008-09-26,1440.14,1441.98,1410.78,1438.3,209204.0,1438.3
2008-09-29,1438.3,1458.46,1436.46,1450.21,128421.0,1450.21
2008-09-30,1403.41,1430.94,1403.41,1419.95,238858.0,1419.95
2008-10-01,1419.95,1433.72,1419.03,1426.36,307758.0,1426.36
2008-10-02,1451.16,1451.16,1431.88,1436.46,240057.0,1436.46
2008-10-03,1430.94,1514.44,1427.31,1492.41,397045.0,1492.41
2008-10-06,1475.89,1500.66,1436.46,1453.88,443702.0,1453.88
2008-10-07,1395.19,1465.81,1378.68,1451.16,546069.0,1451.16
2008-10-08,1430.04,1459.38,1386.01,1397.94,576923.0,1397.94
2008-10-09,1374.08,1418.11,1340.16,1364.0,460818.0,1364.0
2008-10-10,1320.87,1355.75,1285.11,1292.45,406856.0,1292.45
2008-10-14,1411.71,1444.71,1395.19,1417.19,441850.0,1417.19
2008-10-15,1406.22,1458.46,1389.69,1458.46,278430.0,1458.46
2008-10-16,1330.06,1526.37,1320.87,1439.19,778934.0,1439.19
2008-10-17,1431.88,1480.49,1423.63,1467.65,505189.0,1467.65
2008-10-20,1495.16,1540.11,1473.15,1540.11,248887.0,1540.11
2008-10-21,1567.63,1567.63,1485.98,1521.76,262733.0,1521.76
2008-10-22,1535.53,1536.44,1462.13,1463.07,155787.0,1463.07
2008-10-23,1380.51,1430.04,1357.58,1430.04,208985.0,1430.04
2008-10-24,1385.09,1400.68,1334.64,1351.15,273418.0,1351.15
2008-10-27,1387.84,1390.59,1230.99,1237.41,323456.0,1237.41
2008-10-28,1239.24,1365.84,1220.89,1365.84,484693.0,1365.84
2008-10-29,1405.28,1415.35,1341.07,1415.35,277997.0,1415.35
2008-10-30,1415.35,1447.47,1366.75,1447.47,335557.0,1447.47
2008-10-31,1467.65,1498.83,1430.94,1448.4,343407.0,1448.4
2008-11-04,1474.05,1508.92,1451.16,1480.49,244310.0,1480.49
2008-11-05,1495.16,1495.16,1424.52,1468.56,419830.0,1468.56
2008-11-06,1419.03,1449.3,1389.69,1402.53,359868.0,1402.53
2008-11-07,1375.01,1375.91,1322.71,1337.4,440759.0,1337.4
2008-11-10,1370.42,1395.19,1330.97,1342.91,405437.0,1342.91
2008-11-11,1339.21,1356.64,1306.19,1327.31,337191.0,1327.31
2008-11-12,1326.4,1365.84,1321.81,1356.64,374912.0,1356.64
2008-11-13,1340.16,1392.44,1328.21,1365.84,310264.0,1365.84
2008-11-14,1466.72,1467.65,1435.55,1454.83,649421.0,1454.83
2008-11-17,1427.31,1493.34,1427.31,1462.13,578995.0,1462.13
2008-11-18,1463.07,1486.91,1447.47,1474.98,299255.0,1474.98
2008-11-19,1490.59,1490.59,1452.98,1467.65,383088.0,1467.65
2008-11-20,1468.56,1472.21,1446.54,1452.04,485021.0,1452.04
2008-11-21,1467.65,1485.08,1430.94,1469.5,692155.0,1469.5
2008-11-25,1467.65,1477.74,1415.35,1463.97,442286.0,1463.97
2008-11-26,1470.38,1470.38,1440.14,1460.31,213999.0,1460.31
2008-11-27,1466.72,1472.21,1458.46,1470.38,218909.0,1470.38
2008-11-28,1467.65,1474.98,1462.13,1474.98,268511.0,1474.98
2008-12-01,1465.81,1465.81,1437.37,1440.14,138670.0,1440.14
2008-12-02,1429.12,1447.47,1385.09,1414.46,271999.0,1414.46
2008-12-03,1444.71,1466.72,1440.14,1463.07,295220.0,1463.07
2008-12-04,1463.07,1472.21,1460.31,1467.65,508462.0,1467.65
2008-12-05,1467.65,1468.56,1452.98,1462.13,301107.0,1462.13
2008-12-08,1480.49,1482.33,1459.38,1467.65,474882.0,1467.65
2008-12-09,1467.65,1472.21,1456.63,1465.81,177481.0,1465.81
2008-12-10,1467.65,1485.08,1454.83,1463.97,379709.0,1463.97
2008-12-11,1467.65,1471.31,1458.46,1467.65,270255.0,1467.65
2008-12-12,1467.65,1467.65,1437.37,1454.83,425605.0,1454.83
2008-12-15,1467.65,1476.83,1459.38,1459.38,307866.0,1459.38
2008-12-16,1458.46,1466.72,1441.98,1455.72,167344.0,1455.72
2008-12-17,1467.65,1467.65,1433.72,1462.13,191326.0,1462.13
2008-12-18,1465.81,1472.21,1456.63,1463.07,258482.0,1463.07
2008-12-19,1453.88,1460.31,1407.11,1413.52,352018.0,1413.52
2008-12-22,1438.3,1448.4,1422.7,1437.37,149138.0,1437.37
2008-12-24,1439.19,1446.54,1423.63,1432.77,106291.0,1432.77
2008-12-25,1447.47,1447.47,1423.63,1439.19,102041.0,1439.19
2008-12-26,1450.21,1461.22,1441.98,1456.63,104220.0,1456.63
2008-12-29,1453.88,1467.65,1442.87,1462.13,104002.0,1462.13
2008-12-30,1450.21,1467.65,1450.21,1465.81,82526.6,1465.81
2009-01-05,1472.21,1485.98,1445.64,1447.47,79037.6,1447.47
2009-01-06,1441.03,1450.21,1418.11,1423.63,213999.0,1423.63
2009-01-07,1419.95,1419.95,1328.21,1330.97,540730.0,1330.97
2009-01-08,1284.2,1343.82,1284.2,1316.29,446428.0,1316.29
2009-01-09,1315.4,1341.07,1315.4,1328.21,327381.0,1328.21
2009-01-13,1328.21,1339.21,1298.86,1305.3,485564.0,1305.3
2009-01-14,1315.4,1323.63,1299.77,1319.98,291841.0,1319.98
2009-01-15,1301.61,1337.4,1289.69,1310.78,317786.0,1310.78
2009-01-16,1341.07,1354.83,1329.13,1348.41,593166.0,1348.41
2009-01-19,1369.49,1369.49,1322.71,1328.21,339043.0,1328.21
2009-01-20,1320.87,1326.4,1286.95,1293.36,293913.0,1293.36
2009-01-21,1286.02,1309.88,1284.2,1291.54,251723.0,1291.54
2009-01-22,1296.11,1323.63,1292.45,1323.63,201356.0,1323.63
2009-01-23,1331.89,1331.89,1306.19,1322.71,232864.0,1322.71
2009-01-26,1355.75,1367.66,1345.66,1360.32,386576.0,1360.32
2009-01-27,1374.08,1394.28,1358.49,1389.69,378293.0,1389.69
2009-01-28,1390.59,1398.86,1366.75,1378.68,336539.0,1378.68
2009-01-29,1393.33,1397.94,1367.66,1392.44,308849.0,1392.44
2009-01-30,1364.91,1383.28,1349.32,1379.6,374694.0,1379.6
2009-02-02,1366.75,1372.24,1305.3,1323.63,670569.0,1323.63
2009-02-03,1316.29,1319.98,1296.11,1301.61,643096.0,1301.61
2009-02-04,1306.19,1311.72,1294.29,1301.61,486655.0,1301.61
2009-02-05,1295.19,1307.13,1280.53,1286.02,525357.0,1286.02
2009-02-06,1297.95,1300.71,1279.61,1289.69,292604.0,1289.69
2009-02-09,1301.61,1305.3,1268.6,1269.52,236022.0,1269.52
2009-02-10,1284.2,1295.19,1265.84,1266.75,157639.0,1266.75
2009-02-12,1266.75,1284.2,1256.67,1263.1,265349.0,1263.1
2009-02-13,1263.1,1292.45,1263.1,1284.2,330869.0,1284.2
2009-02-16,1286.95,1310.78,1284.2,1300.71,278430.0,1300.71
2009-02-17,1284.2,1300.71,1277.78,1279.61,198741.0,1279.61
2009-02-18,1280.53,1287.86,1271.35,1280.53,197648.0,1280.53
2009-02-19,1284.2,1293.36,1275.02,1281.43,238967.0,1281.43
2009-02-20,1284.2,1291.54,1274.09,1275.94,209531.0,1275.94
2009-02-23,1276.85,1297.03,1273.18,1284.2,225882.0,1284.2
2009-02-24,1279.61,1289.69,1266.75,1286.02,278430.0,1286.02
2009-02-25,1298.86,1300.71,1275.02,1292.45,273524.0,1292.45
2009-02-26,1296.11,1308.97,1288.77,1297.95,240930.0,1297.95
2009-02-27,1293.36,1319.05,1281.43,1311.72,266767.0,1311.72
2009-03-02,1294.29,1312.63,1284.2,1308.03,275269.0,1308.03
2009-03-03,1289.69,1300.71,1278.68,1286.02,269055.0,1286.02
2009-03-04,1279.61,1295.19,1265.84,1291.54,360412.0,1291.54
2009-03-05,1290.61,1319.98,1285.11,1315.4,269492.0,1315.4
2009-03-06,1284.2,1310.78,1284.2,1296.11,218361.0,1296.11
2009-03-09,1294.29,1310.78,1291.54,1297.95,227957.0,1297.95
2009-03-10,1284.2,1289.69,1263.1,1270.43,293148.0,1270.43
2009-03-11,1284.2,1297.95,1279.61,1282.35,354419.0,1282.35
2009-03-12,1271.35,1287.86,1265.84,1275.02,248455.0,1275.02
2009-03-13,1279.61,1296.11,1269.52,1272.27,379275.0,1272.27
2009-03-16,1265.84,1275.02,1249.33,1256.67,432148.0,1256.67
2009-03-17,1266.75,1267.68,1252.09,1257.58,396607.0,1257.58
2009-03-18,1258.52,1263.1,1247.5,1249.33,459290.0,1249.33
2009-03-19,1263.1,1275.94,1250.24,1254.84,337954.0,1254.84
2009-03-23,1261.26,1266.75,1252.09,1264.92,512057.0,1264.92
2009-03-24,1275.02,1282.35,1258.52,1272.27,651928.0,1272.27
2009-03-25,1278.68,1308.97,1275.94,1308.97,626415.0,1308.97
2009-03-26,1311.72,1311.72,1286.95,1311.72,247798.0,1311.72
2009-03-27,1312.63,1318.13,1300.71,1305.3,207789.0,1305.3
2009-03-30,1311.72,1319.05,1266.75,1270.43,285081.0,1270.43
2009-03-31,1253.0,1279.61,1249.33,1254.84,468122.0,1254.84
2009-04-01,1255.77,1282.35,1253.91,1270.43,245181.0,1270.43
2009-04-02,1288.77,1291.54,1261.26,1266.75,327928.0,1266.75
2009-04-03,1284.2,1290.61,1262.17,1269.52,640372.0,1269.52
2009-04-06,1284.2,1296.11,1267.68,1273.18,439014.0,1273.18
2009-04-07,1276.85,1289.69,1272.27,1286.95,321930.0,1286.95
2009-04-08,1287.86,1292.45,1277.78,1288.77,303615.0,1288.77
2009-04-09,1289.69,1291.54,1275.02,1288.77,171049.0,1288.77
2009-04-10,1288.77,1290.61,1265.84,1284.2,289662.0,1284.2
2009-04-13,1280.53,1289.69,1270.43,1276.85,202009.0,1276.85
2009-04-14,1275.02,1278.68,1260.34,1270.43,301545.0,1270.43
2009-04-15,1259.42,1277.78,1252.09,1276.85,310157.0,1276.85
2009-04-16,1281.43,1289.69,1262.17,1266.75,316698.0,1266.75
2009-04-17,1264.01,1265.84,1252.09,1253.91,415577.0,1253.91
2009-04-20,1254.84,1258.52,1230.07,1239.24,404783.0,1239.24
2009-04-21,1242.89,1251.17,1227.3,1249.33,431710.0,1249.33
2009-04-22,1245.65,1251.17,1230.99,1232.84,295656.0,1232.84
2009-04-23,1221.82,1242.89,1218.14,1236.5,290642.0,1236.5
2009-04-24,1236.5,1238.32,1226.41,1231.9,215310.0,1231.9
2009-04-27,1250.24,1250.24,1224.55,1230.99,179989.0,1230.99
2009-04-28,1237.41,1241.99,1219.97,1219.97,267091.0,1219.97
2009-04-30,1229.16,1235.57,1224.55,1227.3,325203.0,1227.3
2009-05-01,1232.84,1232.84,1220.89,1225.47,304050.0,1225.47
2009-05-07,1226.41,1233.73,1168.6,1185.12,1791712.0,1185.12
2009-05-08,1201.64,1208.05,1190.63,1208.05,700659.0,1208.05
2009-05-11,1229.16,1243.84,1222.73,1238.32,601889.0,1238.32
2009-05-12,1251.17,1277.78,1237.41,1242.89,818834.0,1242.89
2009-05-13,1247.5,1253.0,1233.73,1242.89,447954.0,1242.89
2009-05-14,1235.57,1242.89,1232.84,1234.66,263824.0,1234.66
2009-05-15,1231.9,1241.99,1228.24,1240.15,359650.0,1240.15
2009-05-18,1247.5,1251.17,1237.41,1240.15,357578.0,1240.15
2009-05-19,1241.99,1250.24,1240.15,1246.6,411217.0,1246.6
2009-05-20,1254.84,1255.77,1249.33,1255.77,278976.0,1255.77
2009-05-21,1256.67,1268.6,1254.84,1268.6,543235.0,1268.6
2009-05-22,1271.35,1314.46,1269.52,1298.86,1050499.0,1298.86
2009-05-25,1311.72,1313.54,1301.61,1309.88,290204.0,1309.88
2009-05-26,1308.97,1313.54,1294.29,1308.03,216618.0,1308.03
2009-05-27,1308.97,1330.06,1307.13,1313.54,457767.0,1313.54
2009-05-28,1311.72,1326.4,1300.71,1304.38,464198.0,1304.38
2009-05-29,1308.03,1325.46,1295.19,1308.97,495488.0,1308.97
2009-06-01,1308.03,1320.87,1304.38,1319.98,278540.0,1319.98
2009-06-02,1324.55,1330.06,1312.63,1317.21,215527.0,1317.21
2009-06-03,1312.63,1318.13,1298.86,1300.71,405005.0,1300.71
2009-06-04,1297.03,1307.13,1288.77,1303.44,313863.0,1303.44
2009-06-05,1303.44,1303.44,1281.43,1286.95,213999.0,1286.95
2009-06-08,1298.86,1301.61,1282.35,1284.2,288353.0,1284.2
2009-06-09,1284.2,1292.45,1281.43,1291.54,206260.0,1291.54
2009-06-10,1295.19,1305.3,1289.69,1304.38,199612.0,1304.38
2009-06-11,1307.13,1308.03,1286.95,1297.95,278430.0,1297.95
2009-06-12,1291.54,1299.77,1289.69,1296.11,339698.0,1296.11
2009-06-15,1305.3,1315.4,1294.29,1309.88,297946.0,1309.88
2009-06-16,1302.54,1304.38,1285.11,1287.86,211496.0,1287.86
2009-06-17,1286.02,1297.03,1285.11,1290.61,174103.0,1290.61
2009-06-18,1287.86,1298.86,1286.02,1297.03,262733.0,1297.03
2009-06-19,1297.95,1304.38,1275.94,1286.95,273091.0,1286.95
2009-06-22,1282.35,1297.03,1280.53,1291.54,318116.0,1291.54
2009-06-23,1287.86,1292.45,1277.78,1281.43,213021.0,1281.43
2009-06-24,1281.43,1287.86,1275.94,1277.78,209204.0,1277.78
2009-06-25,1284.2,1289.69,1278.68,1286.95,386142.0,1286.95
2009-06-26,1292.45,1292.45,1280.53,1287.86,288024.0,1287.86
2009-06-29,1291.54,1291.54,1279.61,1287.86,238750.0,1287.86
2009-06-30,1287.86,1288.77,1277.78,1285.11,332724.0,1285.11
2009-07-01,1286.95,1287.86,1278.68,1281.43,283665.0,1281.43
2009-07-02,1282.35,1284.2,1270.43,1274.09,255646.0,1274.09
2009-07-03,1267.68,1268.6,1255.77,1265.84,265895.0,1265.84
2009-07-06,1266.75,1275.02,1253.91,1254.84,285627.0,1254.84
2009-07-07,1247.5,1276.85,1247.5,1272.27,277666.0,1272.27
2009-07-08,1272.27,1277.78,1265.84,1269.52,222940.0,1269.52
2009-07-09,1266.75,1270.43,1254.84,1259.42,308739.0,1259.42
2009-07-10,1264.01,1264.92,1248.42,1264.01,306229.0,1264.01
2009-07-13,1264.92,1274.09,1248.42,1250.24,207351.0,1250.24
2009-07-14,1247.5,1250.24,1221.82,1233.73,428442.0,1233.73
2009-07-15,1233.73,1237.41,1222.73,1227.3,379599.0,1227.3
2009-07-16,1230.99,1236.5,1220.89,1222.73,251832.0,1222.73
2009-07-17,1230.07,1230.07,1220.89,1222.73,236677.0,1222.73
2009-07-21,1229.16,1246.6,1229.16,1242.89,417974.0,1242.89
2009-07-22,1243.84,1244.74,1230.07,1240.15,392792.0,1240.15
2009-07-23,1235.57,1238.32,1219.97,1226.41,502029.0,1226.41
2009-07-24,1227.3,1234.66,1222.73,1229.16,411217.0,1229.16
2009-07-27,1237.41,1238.32,1215.4,1218.14,623256.0,1218.14
2009-07-28,1222.73,1230.99,1217.22,1230.99,720718.0,1230.99
2009-07-29,1238.32,1242.89,1227.3,1231.9,662394.0,1231.9
2009-07-30,1232.84,1235.57,1214.46,1215.4,880753.0,1215.4
2009-07-31,1219.97,1230.99,1207.14,1224.55,1289791.0,1224.55
2009-08-03,1239.24,1284.2,1233.73,1275.94,1148506.0,1275.94
2009-08-04,1282.35,1283.27,1275.02,1276.85,540620.0,1276.85
2009-08-05,1275.94,1281.43,1274.09,1276.85,358013.0,1276.85
2009-08-06,1278.68,1285.11,1268.6,1278.68,818725.0,1278.68
2009-08-07,1276.85,1283.27,1269.52,1283.27,240276.0,1283.27
2009-08-10,1284.2,1290.61,1275.02,1281.43,277885.0,1281.43
2009-08-11,1275.94,1287.86,1275.94,1287.86,294893.0,1287.86
2009-08-12,1276.85,1286.02,1276.85,1278.68,258699.0,1278.68
2009-08-13,1279.61,1286.02,1276.85,1279.61,225882.0,1279.61
2009-08-14,1277.78,1282.35,1274.09,1280.53,251286.0,1280.53
2009-08-17,1280.53,1280.53,1265.84,1267.68,288024.0,1267.68
2009-08-18,1267.68,1273.18,1258.52,1265.84,213568.0,1265.84
2009-08-19,1263.1,1267.68,1248.42,1263.1,267091.0,1263.1
2009-08-20,1263.1,1295.19,1254.84,1291.54,475536.0,1291.54
2009-08-21,1290.61,1294.29,1275.94,1293.36,356161.0,1293.36
2009-08-24,1300.71,1311.72,1297.03,1307.13,274179.0,1307.13
2009-08-25,1306.19,1306.19,1291.54,1291.54,141179.0,1291.54
2009-08-26,1309.88,1319.98,1302.54,1319.98,451659.0,1319.98
2009-08-27,1318.13,1318.13,1296.11,1306.19,184892.0,1306.19
2009-08-28,1312.63,1329.13,1306.19,1327.31,337410.0,1327.31
2009-08-31,1327.31,1345.66,1316.29,1325.46,306994.0,1325.46
2009-09-01,1330.06,1368.59,1325.46,1361.24,678637.0,1361.24
2009-09-02,1347.48,1347.48,1305.3,1347.48,609736.0,1347.48
2009-09-03,1347.48,1373.18,1333.73,1365.84,444466.0,1365.84
2009-09-04,1368.59,1404.36,1364.91,1385.09,836495.0,1385.09
2009-09-07,1372.24,1388.76,1357.58,1369.49,582700.0,1369.49
2009-09-08,1375.91,1376.85,1364.91,1372.24,350928.0,1372.24
2009-09-09,1362.16,1375.01,1353.0,1357.58,309720.0,1357.58
2009-09-10,1349.32,1374.08,1349.32,1373.18,228175.0,1373.18
2009-09-11,1365.84,1375.91,1357.58,1375.91,348748.0,1375.91
2009-09-14,1378.68,1380.51,1364.91,1366.75,238096.0,1366.75
2009-09-15,1379.6,1379.6,1357.58,1371.34,309503.0,1371.34
2009-09-16,1370.42,1374.08,1348.41,1351.15,295765.0,1351.15
2009-09-17,1364.91,1369.49,1345.66,1369.49,233734.0,1369.49
2009-09-18,1366.75,1380.51,1354.83,1380.51,385160.0,1380.51
2009-09-24,1380.51,1396.1,1380.51,1393.33,353001.0,1393.33
2009-09-25,1382.32,1382.32,1356.64,1367.66,252814.0,1367.66
2009-09-28,1365.84,1365.84,1347.48,1354.83,322585.0,1354.83
2009-09-29,1373.18,1379.6,1364.91,1375.91,528191.0,1375.91
2009-09-30,1365.84,1380.51,1365.84,1378.68,201356.0,1378.68
2009-10-01,1364.91,1370.42,1353.0,1363.08,291514.0,1363.08
2009-10-02,1357.58,1372.24,1353.89,1363.08,456133.0,1363.08
2009-10-05,1364.0,1379.6,1359.41,1367.66,376764.0,1367.66
2009-10-06,1359.41,1359.41,1327.31,1334.64,349511.0,1334.64
2009-10-07,1332.8,1332.8,1317.21,1323.63,252269.0,1323.63
2009-10-08,1325.46,1333.73,1308.03,1315.4,215201.0,1315.4
2009-10-09,1319.98,1319.98,1297.03,1303.44,215527.0,1303.44
2009-10-13,1304.38,1309.88,1293.36,1298.86,220542.0,1298.86
2009-10-14,1298.86,1316.29,1293.36,1313.54,215527.0,1313.54
2009-10-15,1319.05,1325.46,1300.71,1309.88,195578.0,1309.88
2009-10-16,1316.29,1319.98,1303.44,1313.54,193399.0,1313.54
2009-10-19,1308.97,1315.4,1300.71,1303.44,263712.0,1303.44
2009-10-20,1311.72,1325.46,1297.95,1308.97,591750.0,1308.97
2009-10-21,1309.88,1313.54,1302.54,1307.13,247251.0,1307.13
2009-10-22,1308.03,1308.03,1290.61,1304.38,332613.0,1304.38
2009-10-23,1322.71,1362.16,1319.98,1349.32,714395.0,1349.32
2009-10-26,1354.83,1365.84,1343.82,1355.75,443922.0,1355.75
2009-10-27,1355.75,1360.32,1339.21,1348.41,231444.0,1348.41
2009-10-28,1357.58,1360.32,1351.15,1358.49,242348.0,1358.49
2009-10-29,1339.21,1349.32,1324.55,1333.73,464853.0,1333.73
2009-10-30,1344.71,1353.89,1318.13,1323.63,398133.0,1323.63
2009-11-02,1323.63,1345.66,1306.19,1344.71,258809.0,1344.71
2009-11-04,1326.4,1326.4,1304.38,1321.81,275051.0,1321.81
2009-11-05,1308.03,1311.72,1287.86,1293.36,363793.0,1293.36
2009-11-06,1302.54,1302.54,1274.09,1280.53,313317.0,1280.53
2009-11-09,1298.86,1298.86,1281.43,1281.43,272435.0,1281.43
2009-11-10,1293.36,1293.36,1275.02,1277.78,282901.0,1277.78
2009-11-11,1282.35,1286.95,1258.52,1259.42,283557.0,1259.42
2009-11-12,1257.58,1260.34,1229.16,1233.73,363249.0,1233.73
2009-11-13,1240.15,1249.33,1237.41,1248.42,260336.0,1248.42
2009-11-16,1241.09,1253.0,1233.73,1241.99,226868.0,1241.99
2009-11-17,1239.24,1242.89,1220.89,1228.24,300999.0,1228.24
2009-11-18,1219.97,1225.47,1203.47,1211.72,428114.0,1211.72
2009-11-19,1211.72,1221.82,1206.21,1220.89,223159.0,1220.89
2009-11-20,1218.14,1230.07,1207.14,1226.41,387668.0,1226.41
2009-11-24,1223.65,1224.55,1207.14,1209.9,231879.0,1209.9
2009-11-25,1216.31,1224.55,1210.79,1219.97,280503.0,1219.97
2009-11-26,1219.97,1231.9,1214.46,1219.97,290204.0,1219.97
2009-11-27,1216.31,1239.24,1215.4,1225.47,398679.0,1225.47
2009-11-30,1226.41,1256.67,1224.55,1256.67,321275.0,1256.67
2009-12-01,1258.52,1274.09,1253.0,1266.75,426914.0,1266.75
2009-12-02,1249.33,1252.09,1234.66,1244.74,299689.0,1244.74
2009-12-03,1263.1,1264.92,1247.5,1260.34,307539.0,1260.34
2009-12-04,1261.26,1261.26,1223.65,1231.9,522306.0,1231.9
2009-12-07,1237.41,1242.89,1222.73,1226.41,444794.0,1226.41
2009-12-08,1226.41,1231.9,1217.22,1226.41,356053.0,1226.41
2009-12-09,1222.73,1229.16,1215.4,1218.14,522197.0,1218.14
2009-12-10,1228.24,1229.16,1215.4,1215.4,252048.0,1215.4
2009-12-11,1252.09,1252.09,1219.08,1227.3,537241.0,1227.3
2009-12-14,1227.3,1228.24,1214.46,1219.97,218144.0,1219.97
2009-12-15,1219.97,1219.97,1211.72,1216.31,153387.0,1216.31
2009-12-16,1224.55,1244.74,1219.08,1227.3,208660.0,1227.3
2009-12-17,1225.47,1233.73,1218.14,1219.97,179989.0,1219.97
2009-12-18,1216.31,1219.08,1211.72,1217.22,265241.0,1217.22
2009-12-21,1219.97,1230.07,1218.14,1224.55,159819.0,1224.55
2009-12-22,1224.55,1228.24,1211.72,1217.22,401620.0,1217.22
2009-12-24,1220.89,1224.55,1218.14,1224.55,170831.0,1224.55
2009-12-25,1217.22,1220.89,1215.4,1216.31,234606.0,1216.31
2009-12-28,1224.55,1225.47,1219.08,1221.82,234061.0,1221.82
2009-12-29,1219.97,1224.55,1215.4,1223.65,164182.0,1223.65
2009-12-30,1219.97,1220.89,1212.65,1212.65,217273.0,1212.65
2010-01-04,1221.82,1221.82,1215.4,1216.31,113704.0,1216.31
2010-01-05,1224.55,1224.55,1215.4,1218.14,248343.0,1218.14
2010-01-06,1219.97,1230.07,1215.4,1230.07,204517.0,1230.07
2010-01-07,1232.84,1239.24,1228.24,1230.99,284646.0,1230.99
2010-01-08,1239.24,1247.5,1233.73,1238.32,278757.0,1238.32
2010-01-12,1243.84,1247.5,1235.57,1243.84,267421.0,1243.84
2010-01-13,1243.84,1255.77,1243.84,1251.17,309829.0,1251.17
2010-01-14,1252.09,1255.77,1245.65,1250.24,250412.0,1250.24
2010-01-15,1251.17,1255.77,1241.09,1247.5,248559.0,1247.5
2010-01-18,1245.65,1252.09,1241.99,1248.42,186311.0,1248.42
2010-01-19,1248.42,1253.91,1246.6,1253.91,139543.0,1253.91
2010-01-20,1256.67,1258.52,1241.99,1243.84,270145.0,1243.84
2010-01-21,1239.24,1253.91,1238.32,1252.09,185005.0,1252.09
2010-01-22,1247.5,1253.0,1240.15,1245.65,312444.0,1245.65
2010-01-25,1241.09,1245.65,1238.32,1238.32,204081.0,1238.32
2010-01-26,1239.24,1242.89,1229.16,1230.07,214875.0,1230.07
2010-01-27,1229.16,1232.84,1221.82,1221.82,207131.0,1221.82
2010-01-28,1222.73,1224.55,1217.22,1219.97,208115.0,1219.97
2010-01-29,1216.31,1224.55,1214.46,1217.22,226974.0,1217.22
2010-02-01,1217.22,1223.65,1210.79,1223.65,249322.0,1223.65
2010-02-02,1223.65,1223.65,1212.65,1217.22,277233.0,1217.22
2010-02-03,1223.65,1224.55,1218.14,1221.82,250412.0,1221.82
2010-02-04,1226.41,1231.9,1223.65,1230.07,192852.0,1230.07
2010-02-05,1228.24,1230.07,1217.22,1218.14,254122.0,1218.14
2010-02-08,1210.79,1211.72,1193.38,1203.47,722026.0,1203.47
2010-02-09,1201.64,1201.64,1189.7,1191.54,396934.0,1191.54
2010-02-10,1198.87,1199.8,1190.63,1191.54,313098.0,1191.54
2010-02-12,1195.23,1200.73,1192.47,1196.11,242348.0,1196.11
2010-02-15,1199.8,1199.8,1187.89,1187.89,297184.0,1187.89
2010-02-16,1187.89,1192.47,1171.35,1178.7,418300.0,1178.7
2010-02-17,1187.89,1189.7,1176.86,1179.61,344060.0,1179.61
2010-02-18,1185.12,1194.28,1180.54,1193.38,243326.0,1193.38
2010-02-19,1194.28,1196.11,1181.45,1182.36,279305.0,1182.36
2010-02-22,1195.23,1201.64,1189.7,1194.28,244745.0,1194.28
2010-02-23,1201.64,1201.64,1190.63,1195.23,196231.0,1195.23
2010-02-24,1192.47,1195.23,1181.45,1185.12,393119.0,1185.12
2010-02-25,1190.63,1192.47,1180.54,1188.79,235807.0,1188.79
2010-02-26,1192.47,1196.11,1188.79,1191.54,210515.0,1191.54
2010-03-01,1198.87,1200.73,1192.47,1197.04,160583.0,1197.04
2010-03-02,1200.73,1202.54,1197.04,1201.64,180316.0,1201.64
2010-03-03,1206.21,1215.4,1204.39,1215.4,406310.0,1215.4
2010-03-04,1216.31,1216.31,1195.23,1198.87,288244.0,1198.87
2010-03-05,1205.31,1217.22,1204.39,1215.4,224576.0,1215.4
2010-03-08,1219.08,1222.73,1217.22,1220.89,190129.0,1220.89
2010-03-09,1219.97,1221.82,1204.39,1207.14,351581.0,1207.14
2010-03-10,1215.4,1215.4,1208.05,1210.79,237659.0,1210.79
2010-03-11,1217.22,1217.22,1211.72,1213.56,196339.0,1213.56
2010-03-12,1210.79,1215.4,1208.05,1211.72,269492.0,1211.72
2010-03-15,1215.4,1218.14,1211.72,1216.31,165489.0,1216.31
2010-03-16,1219.97,1220.89,1217.22,1217.22,127876.0,1217.22
2010-03-17,1224.55,1231.9,1219.97,1229.16,349402.0,1229.16
2010-03-18,1231.9,1236.5,1224.55,1225.47,260336.0,1225.47
2010-03-19,1232.84,1234.66,1227.3,1232.84,252158.0,1232.84
2010-03-23,1233.73,1237.41,1232.84,1234.66,167888.0,1234.66
2010-03-24,1238.32,1239.24,1228.24,1233.73,253139.0,1233.73
2010-03-25,1237.41,1237.41,1229.16,1230.99,241367.0,1230.99
2010-03-26,1230.99,1244.74,1230.99,1244.74,366519.0,1244.74
2010-03-29,1234.66,1238.32,1219.97,1229.16,279194.0,1229.16
2010-03-30,1232.84,1238.32,1230.99,1237.41,218037.0,1237.41
2010-03-31,1233.73,1246.6,1232.84,1246.6,227412.0,1246.6
2010-04-01,1242.89,1245.65,1232.84,1245.65,272873.0,1245.65
2010-04-02,1246.6,1246.6,1233.73,1239.24,136818.0,1239.24
2010-04-05,1240.15,1241.99,1228.24,1236.5,233189.0,1236.5
2010-04-06,1238.32,1242.89,1234.66,1236.5,204081.0,1236.5
2010-04-07,1238.32,1245.65,1236.5,1242.89,269601.0,1242.89
2010-04-08,1241.99,1244.74,1236.5,1241.09,143466.0,1241.09
2010-04-09,1238.32,1243.84,1235.57,1242.89,133654.0,1242.89
2010-04-12,1238.32,1250.24,1236.5,1247.5,220980.0,1247.5
2010-04-13,1243.84,1244.74,1235.57,1240.15,171920.0,1240.15
2010-04-14,1232.84,1240.15,1229.16,1233.73,243544.0,1233.73
2010-04-15,1239.24,1247.5,1239.24,1244.74,170394.0,1244.74
2010-04-16,1244.74,1244.74,1236.5,1239.24,142158.0,1239.24
2010-04-19,1239.24,1239.24,1229.16,1230.07,175736.0,1230.07
2010-04-20,1233.73,1238.32,1224.55,1235.57,157859.0,1235.57
2010-04-21,1237.41,1240.15,1231.9,1238.32,132236.0,1238.32
2010-04-22,1237.41,1237.41,1228.24,1232.84,131801.0,1232.84
2010-04-23,1228.24,1246.6,1228.24,1246.6,220326.0,1246.6
2010-04-26,1247.5,1250.24,1244.74,1249.33,206698.0,1249.33
2010-04-27,1246.6,1246.6,1235.57,1240.15,134091.0,1240.15
2010-04-28,1230.99,1234.66,1229.16,1231.9,282901.0,1231.9
2010-04-30,1232.84,1243.84,1232.84,1242.89,259027.0,1242.89
2010-05-06,1230.07,1234.66,1221.82,1228.24,363355.0,1228.24
2010-05-07,1210.79,1224.55,1203.47,1219.97,397152.0,1219.97
2010-05-10,1210.79,1228.24,1202.54,1224.55,256301.0,1224.55
2010-05-11,1230.99,1230.99,1217.22,1224.55,341554.0,1224.55
2010-05-12,1219.97,1227.3,1211.72,1216.31,304485.0,1216.31
2010-05-13,1223.65,1229.16,1219.08,1228.24,174103.0,1228.24
2010-05-14,1212.65,1227.3,1210.79,1222.73,188164.0,1222.73
2010-05-17,1210.79,1218.14,1206.21,1210.79,240165.0,1210.79
2010-05-18,1210.79,1230.07,1204.39,1218.14,285191.0,1218.14
2010-05-19,1204.39,1215.4,1196.11,1209.9,355399.0,1209.9
2010-05-20,1199.8,1203.47,1195.23,1197.04,201902.0,1197.04
2010-05-21,1183.28,1186.96,1172.3,1172.3,289224.0,1172.3
2010-05-24,1175.01,1176.86,1166.8,1170.45,219235.0,1170.45
2010-05-25,1167.69,1176.86,1157.61,1174.13,343734.0,1174.13
2010-05-26,1174.13,1191.54,1167.69,1176.86,410450.0,1176.86
2010-05-27,1165.86,1169.54,1157.61,1167.69,275707.0,1167.69
2010-05-28,1167.69,1175.98,1162.21,1170.45,240165.0,1170.45
2010-05-31,1170.45,1182.36,1168.6,1179.61,131148.0,1179.61
2010-06-01,1185.12,1186.02,1173.2,1184.2,279087.0,1184.2
2010-06-02,1173.2,1188.79,1172.3,1178.7,189146.0,1178.7
2010-06-03,1183.28,1188.79,1175.98,1186.02,124607.0,1186.02
2010-06-04,1181.45,1190.63,1176.86,1187.89,235042.0,1187.89
2010-06-07,1169.54,1171.35,1162.21,1167.69,146303.0,1167.69
2010-06-08,1163.11,1166.8,1157.61,1164.03,139106.0,1164.03
2010-06-09,1160.37,1165.86,1152.1,1164.95,188491.0,1164.95
2010-06-10,1165.86,1181.45,1162.21,1181.45,157313.0,1181.45
2010-06-11,1200.73,1200.73,1182.36,1185.12,305467.0,1185.12
2010-06-14,1188.79,1193.38,1180.54,1186.02,196887.0,1186.02
2010-06-15,1185.12,1195.23,1177.79,1195.23,120027.0,1195.23
2010-06-16,1201.64,1201.64,1190.63,1196.11,137363.0,1196.11
2010-06-17,1197.04,1200.73,1192.47,1196.11,95063.4,1196.11
2010-06-18,1197.04,1221.82,1192.47,1219.08,277997.0,1219.08
2010-06-21,1220.89,1221.82,1214.46,1218.14,137036.0,1218.14
2010-06-22,1210.79,1219.97,1204.39,1219.08,115339.0,1219.08
2010-06-23,1217.22,1217.22,1207.14,1209.9,119701.0,1209.9
2010-06-24,1202.54,1229.16,1192.47,1224.55,259027.0,1224.55
2010-06-25,1211.72,1222.73,1207.14,1220.89,142594.0,1220.89
2010-06-28,1225.47,1228.24,1216.31,1224.55,154040.0,1224.55
2010-06-29,1223.65,1223.65,1203.47,1209.9,176718.0,1209.9
2010-06-30,1192.47,1201.64,1190.63,1196.11,145975.0,1196.11
2010-07-01,1186.02,1195.23,1184.2,1191.54,120683.0,1191.54
2010-07-02,1199.8,1199.8,1183.28,1186.96,112507.0,1186.96
2010-07-05,1186.96,1197.04,1181.45,1193.38,106400.0,1193.38
2010-07-06,1194.28,1194.28,1180.54,1190.63,202663.0,1190.63
2010-07-07,1191.54,1196.11,1182.36,1195.23,137908.0,1195.23
2010-07-08,1197.04,1210.79,1193.38,1208.97,139761.0,1208.97
2010-07-09,1210.79,1213.56,1197.04,1205.31,106837.0,1205.31
2010-07-12,1206.21,1211.72,1192.47,1193.38,80018.5,1193.38
2010-07-13,1193.38,1195.23,1184.2,1184.2,112833.0,1184.2
2010-07-14,1186.96,1205.31,1184.2,1198.87,110762.0,1198.87
2010-07-15,1194.28,1197.97,1187.89,1193.38,91465.5,1193.38
2010-07-16,1186.96,1191.54,1174.13,1175.98,102802.0,1175.98
2010-07-20,1164.95,1197.04,1164.95,1183.28,152406.0,1183.28
2010-07-21,1184.2,1190.63,1175.01,1184.2,149244.0,1184.2
2010-07-22,1174.13,1190.63,1172.3,1182.36,163526.0,1182.36
2010-07-23,1183.28,1200.73,1181.45,1195.23,178682.0,1195.23
2010-07-26,1196.11,1199.8,1182.36,1184.2,146411.0,1184.2
2010-07-27,1183.28,1185.12,1181.45,1182.36,98117.0,1182.36
2010-07-28,1183.28,1192.47,1181.45,1192.47,204407.0,1192.47
2010-07-29,1182.36,1185.12,1175.98,1175.98,140634.0,1175.98
2010-07-30,1174.13,1178.7,1156.69,1159.45,244963.0,1159.45
2010-08-02,1159.45,1171.35,1156.69,1157.61,121665.0,1157.61
2010-08-03,1164.95,1164.95,1155.78,1159.45,148589.0,1159.45
2010-08-04,1160.37,1165.86,1154.85,1158.53,191655.0,1158.53
2010-08-05,1164.95,1176.86,1159.45,1168.6,269818.0,1168.6
2010-08-06,1168.6,1187.89,1162.21,1186.02,272544.0,1186.02
2010-08-09,1186.96,1193.38,1183.28,1193.38,199068.0,1193.38
2010-08-10,1194.28,1197.04,1177.79,1186.02,221743.0,1186.02
2010-08-11,1182.36,1182.36,1165.86,1174.13,165816.0,1174.13
2010-08-12,1157.61,1175.01,1157.61,1171.35,210077.0,1171.35
2010-08-13,1174.13,1190.63,1169.54,1186.02,188819.0,1186.02
2010-08-16,1186.96,1208.97,1186.02,1206.21,284646.0,1206.21
2010-08-17,1197.04,1199.8,1181.45,1197.04,170831.0,1197.04
2010-08-18,1199.8,1203.47,1189.7,1199.8,172792.0,1199.8
2010-08-19,1197.04,1204.39,1193.38,1198.87,162656.0,1198.87
2010-08-20,1187.89,1197.97,1185.12,1193.38,220652.0,1193.38
2010-08-23,1187.89,1195.23,1186.02,1186.02,88957.3,1186.02
2010-08-24,1176.86,1181.45,1174.13,1180.54,103131.0,1180.54
2010-08-25,1174.13,1184.2,1174.13,1180.54,163526.0,1180.54
2010-08-26,1185.12,1186.96,1177.79,1185.12,118285.0,1185.12
2010-08-27,1179.61,1205.31,1179.61,1202.54,197759.0,1202.54
2010-08-30,1210.79,1221.82,1206.21,1218.14,158186.0,1218.14
2010-08-31,1203.47,1209.9,1195.23,1200.73,184239.0,1200.73
2010-09-01,1193.38,1201.64,1183.28,1201.64,164182.0,1201.64
2010-09-02,1209.9,1217.22,1200.73,1216.31,137143.0,1216.31
2010-09-03,1216.31,1219.97,1208.05,1212.65,107164.0,1212.65
2010-09-06,1195.23,1217.22,1195.23,1214.46,182170.0,1214.46
2010-09-07,1204.39,1210.79,1201.64,1205.31,96152.2,1205.31
2010-09-08,1197.04,1205.31,1188.79,1201.64,158838.0,1201.64
2010-09-09,1207.14,1209.9,1194.28,1204.39,183367.0,1204.39
2010-09-10,1207.14,1219.97,1204.39,1216.31,219889.0,1216.31
2010-09-13,1219.08,1219.08,1207.14,1212.65,77512.3,1212.65
2010-09-14,1208.97,1212.65,1202.54,1206.21,80779.6,1206.21
2010-09-15,1199.8,1221.82,1197.97,1217.22,210732.0,1217.22
2010-09-16,1214.46,1215.4,1194.28,1195.23,215747.0,1195.23
2010-09-17,1197.04,1203.47,1195.23,1199.8,102149.0,1199.8
2010-09-21,1206.21,1208.97,1194.28,1194.28,98224.9,1194.28
2010-09-22,1194.28,1196.11,1186.02,1186.02,109887.0,1186.02
2010-09-24,1183.28,1195.23,1180.54,1186.96,140849.0,1186.96
2010-09-27,1194.28,1197.04,1182.36,1197.04,181514.0,1197.04
2010-09-28,1184.2,1192.47,1181.45,1187.89,102694.0,1187.89
2010-09-29,1186.02,1194.28,1186.02,1191.54,128421.0,1191.54
2010-09-30,1192.47,1194.28,1159.45,1164.03,218144.0,1164.03
2010-10-01,1164.95,1170.45,1156.69,1168.6,205608.0,1168.6
2010-10-04,1169.54,1170.45,1154.85,1154.85,174319.0,1154.85
2010-10-05,1153.94,1166.8,1151.19,1159.45,245181.0,1159.45
2010-10-06,1164.03,1164.95,1154.85,1158.53,165925.0,1158.53
2010-10-07,1161.28,1177.79,1159.45,1164.03,246053.0,1164.03
2010-10-08,1160.37,1163.11,1142.93,1143.86,307976.0,1143.86
2010-10-12,1145.68,1148.43,1100.73,1100.73,461255.0,1100.73
2010-10-13,1109.91,1117.26,1107.16,1110.83,252158.0,1110.83
2010-10-14,1120.0,1122.75,1109.91,1109.91,228611.0,1109.91
2010-10-15,1109.91,1109.91,1097.98,1097.98,172250.0,1097.98
2010-10-18,1098.9,1116.33,1097.98,1113.58,121992.0,1113.58
2010-10-19,1111.74,1122.75,1108.98,1116.33,127223.0,1116.33
2010-10-20,1104.41,1106.23,1094.3,1098.9,138127.0,1098.9
2010-10-21,1099.8,1108.98,1094.3,1105.35,179226.0,1105.35
2010-10-22,1105.35,1113.58,1104.41,1111.74,155132.0,1111.74
2010-10-25,1111.74,1116.33,1105.35,1112.66,174319.0,1112.66
2010-10-26,1118.16,1118.16,1103.5,1106.23,277121.0,1106.23
2010-10-27,1106.23,1112.66,1097.07,1103.5,212587.0,1103.5
2010-10-28,1103.5,1106.23,1089.73,1089.73,308522.0,1089.73
2010-10-29,1086.98,1096.15,1079.65,1090.65,308849.0,1090.65
2010-11-01,1117.26,1137.42,1101.67,1133.76,883809.0,1133.76
2010-11-02,1133.76,1163.11,1133.76,1161.28,606686.0,1161.28
2010-11-04,1158.53,1178.7,1153.02,1175.98,565803.0,1175.98
2010-11-05,1179.61,1197.97,1176.86,1193.38,435855.0,1193.38
2010-11-08,1194.28,1210.79,1176.86,1208.97,511839.0,1208.97
2010-11-09,1207.14,1207.14,1189.7,1202.54,500503.0,1202.54
2010-11-10,1202.54,1227.3,1196.11,1225.47,787219.0,1225.47
2010-11-11,1217.22,1223.65,1202.54,1212.65,640482.0,1212.65
2010-11-12,1208.05,1216.31,1197.97,1211.72,727694.0,1211.72
2010-11-15,1213.56,1237.41,1212.65,1234.66,612463.0,1234.66
2010-11-16,1235.57,1239.24,1220.89,1223.65,413070.0,1223.65
2010-11-17,1225.47,1244.74,1223.65,1241.99,560025.0,1241.99
2010-11-18,1242.89,1261.26,1236.5,1256.67,983016.0,1256.67
2010-11-19,1258.52,1268.6,1250.24,1261.26,716031.0,1261.26
2010-11-22,1261.26,1261.26,1225.47,1226.41,725295.0,1226.41
2010-11-24,1221.82,1230.99,1217.22,1219.97,468013.0,1219.97
2010-11-25,1221.82,1223.65,1210.79,1216.31,331959.0,1216.31
2010-11-26,1223.65,1235.57,1215.4,1218.14,280611.0,1218.14
2010-11-29,1218.14,1230.99,1216.31,1223.65,233081.0,1223.65
2010-11-30,1219.08,1221.82,1208.97,1208.97,293148.0,1208.97
2010-12-01,1207.14,1208.97,1198.87,1206.21,187730.0,1206.21
2010-12-02,1218.14,1218.14,1202.54,1205.31,266332.0,1205.31
2010-12-03,1205.31,1210.79,1194.28,1197.04,347551.0,1197.04
2010-12-06,1201.64,1207.14,1182.36,1187.89,298273.0,1187.89
2010-12-07,1182.36,1191.54,1181.45,1190.63,253358.0,1190.63
2010-12-08,1190.63,1192.47,1184.2,1188.79,310591.0,1188.79
2010-12-09,1187.89,1189.7,1183.28,1185.12,291948.0,1185.12
2010-12-10,1184.2,1200.73,1177.79,1192.47,450243.0,1192.47
2010-12-13,1212.65,1214.46,1190.63,1200.73,329234.0,1200.73
2010-12-14,1201.64,1212.65,1200.73,1212.65,303396.0,1212.65
2010-12-15,1201.64,1208.05,1194.28,1208.05,163090.0,1208.05
2010-12-16,1199.8,1207.14,1197.97,1197.97,175736.0,1197.97
2010-12-17,1194.28,1203.47,1194.28,1197.97,158620.0,1197.97
2010-12-20,1215.4,1215.4,1201.64,1202.54,295437.0,1202.54
2010-12-21,1198.87,1208.05,1197.97,1205.31,187401.0,1205.31
2010-12-22,1201.64,1205.31,1193.38,1197.04,157313.0,1197.04
2010-12-24,1193.38,1196.11,1189.7,1191.54,127987.0,1191.54
2010-12-27,1186.96,1191.54,1180.54,1188.79,177806.0,1188.79
2010-12-28,1184.2,1190.63,1181.45,1189.7,95935.5,1189.7
2010-12-29,1187.89,1201.64,1187.89,1201.64,103242.0,1201.64
2010-12-30,1202.54,1205.31,1194.28,1194.28,131801.0,1194.28
2011-01-04,1198.87,1207.14,1194.28,1201.64,205498.0,1201.64
2011-01-05,1206.21,1206.21,1194.28,1195.23,136925.0,1195.23
2011-01-06,1198.87,1203.47,1193.38,1193.38,144123.0,1193.38
2011-01-07,1197.97,1203.47,1193.38,1197.97,218472.0,1197.97
2011-01-11,1204.39,1217.22,1198.87,1216.31,285735.0,1216.31
2011-01-12,1217.22,1223.65,1211.72,1222.73,328581.0,1222.73
2011-01-13,1229.16,1259.42,1229.16,1251.17,640806.0,1251.17
2011-01-14,1248.42,1261.26,1244.74,1248.42,443049.0,1248.42
2011-01-17,1248.42,1253.91,1219.08,1226.41,342426.0,1226.41
2011-01-18,1229.16,1232.84,1219.97,1221.82,141504.0,1221.82
2011-01-19,1222.73,1224.55,1217.22,1219.97,81109.2,1219.97
2011-01-20,1215.4,1222.73,1210.79,1217.22,110215.0,1217.22
2011-01-21,1218.14,1222.73,1203.47,1204.39,144557.0,1204.39
2011-01-24,1205.31,1217.22,1204.39,1216.31,105967.0,1216.31
2011-01-25,1226.41,1240.15,1219.97,1231.9,250958.0,1231.9
2011-01-26,1231.9,1231.9,1215.4,1220.89,152297.0,1220.89
2011-01-27,1219.08,1233.73,1219.08,1226.41,92774.0,1226.41
2011-01-28,1232.84,1232.84,1216.31,1219.97,244854.0,1219.97
2011-01-31,1219.97,1255.77,1212.65,1244.74,384288.0,1244.74
2011-02-01,1244.74,1244.74,1232.84,1240.15,173119.0,1240.15
2011-02-02,1246.6,1251.17,1238.32,1240.15,135182.0,1240.15
2011-02-03,1240.15,1240.15,1230.07,1234.66,70099.7,1234.66
2011-02-04,1230.99,1241.09,1230.07,1238.32,154913.0,1238.32
2011-02-07,1236.5,1249.33,1235.57,1241.09,150990.0,1241.09
2011-02-08,1247.5,1252.09,1241.99,1241.99,184786.0,1241.99
2011-02-09,1243.84,1253.91,1241.99,1252.09,130930.0,1252.09
2011-02-10,1253.0,1261.26,1249.33,1256.67,145101.0,1256.67
2011-02-14,1256.67,1259.42,1249.33,1255.77,111417.0,1255.77
2011-02-15,1256.67,1256.67,1252.09,1253.91,73371.0,1253.91
2011-02-16,1255.77,1257.58,1250.24,1253.0,126352.0,1253.0
2011-02-17,1258.52,1272.27,1255.77,1270.43,232101.0,1270.43
2011-02-18,1270.43,1272.27,1261.26,1263.1,95826.6,1263.1
2011-02-21,1264.92,1268.6,1256.67,1266.75,92121.8,1266.75
2011-02-22,1261.26,1267.68,1256.67,1261.26,81981.2,1261.26
2011-02-23,1261.26,1270.43,1258.52,1259.42,124715.0,1259.42
2011-02-24,1256.67,1260.34,1240.15,1244.74,225012.0,1244.74
2011-02-25,1244.74,1268.6,1241.09,1267.68,156765.0,1267.68
2011-02-28,1268.6,1270.43,1253.91,1264.01,132783.0,1264.01
2011-03-01,1267.68,1272.27,1262.17,1268.6,184021.0,1268.6
2011-03-02,1259.42,1267.68,1252.09,1253.0,130604.0,1253.0
2011-03-03,1252.09,1265.84,1249.33,1262.17,89504.7,1262.17
2011-03-04,1264.92,1269.52,1261.26,1263.1,103569.0,1263.1
2011-03-07,1266.75,1266.75,1248.42,1253.0,113923.0,1253.0
2011-03-08,1253.91,1264.01,1253.91,1254.84,93863.8,1254.84
2011-03-09,1264.01,1269.52,1260.34,1265.84,139761.0,1265.84
2011-03-10,1269.52,1270.43,1257.58,1260.34,106184.0,1260.34
2011-03-11,1260.34,1263.1,1252.09,1252.09,264368.0,1252.09
2011-03-14,1183.28,1243.84,1175.01,1204.39,218037.0,1204.39
2011-03-15,1201.64,1208.05,1076.88,1118.16,408163.0,1118.16
2011-03-16,1114.49,1155.78,1102.56,1128.25,553157.0,1128.25
2011-03-17,1119.08,1146.6,1101.67,1132.86,327489.0,1132.86
2011-03-18,1143.86,1160.37,1134.68,1147.52,239401.0,1147.52
2011-03-22,1187.89,1190.63,1172.3,1187.89,168107.0,1187.89
2011-03-23,1196.11,1210.79,1179.61,1206.21,217163.0,1206.21
2011-03-24,1240.15,1249.33,1203.47,1204.39,310046.0,1204.39
2011-03-25,1228.24,1228.24,1209.9,1222.73,159275.0,1222.73
2011-03-28,1238.32,1238.32,1222.73,1229.16,267639.0,1229.16
2011-03-29,1214.46,1243.84,1210.79,1242.89,403367.0,1242.89
2011-03-30,1238.32,1244.74,1219.97,1243.84,233299.0,1243.84
2011-03-31,1244.74,1248.42,1234.66,1247.5,275380.0,1247.5
2011-04-01,1240.15,1240.15,1202.54,1203.47,329669.0,1203.47
2011-04-04,1209.9,1210.79,1190.63,1204.39,192416.0,1204.39
2011-04-05,1203.47,1203.47,1185.12,1194.28,154259.0,1194.28
2011-04-06,1201.64,1201.64,1179.61,1182.36,253576.0,1182.36
2011-04-07,1188.79,1195.23,1178.7,1188.79,181841.0,1188.79
2011-04-08,1188.79,1204.39,1179.61,1197.04,206806.0,1197.04
2011-04-11,1200.73,1206.21,1194.28,1201.64,168213.0,1201.64
2011-04-12,1193.38,1208.97,1186.96,1189.7,179115.0,1189.7
2011-04-13,1185.12,1206.21,1185.12,1201.64,109998.0,1201.64
2011-04-14,1194.28,1204.39,1190.63,1199.8,134091.0,1199.8
2011-04-15,1199.8,1203.47,1193.38,1195.23,69008.9,1195.23
2011-04-18,1187.89,1204.39,1187.89,1198.87,79257.3,1198.87
2011-04-19,1187.89,1198.87,1186.96,1197.04,111197.0,1197.04
2011-04-20,1197.97,1206.21,1190.63,1194.28,194272.0,1194.28
2011-04-21,1194.28,1195.23,1183.28,1188.79,155571.0,1188.79
2011-04-22,1196.11,1197.04,1184.2,1189.7,124934.0,1189.7
2011-04-25,1197.04,1200.73,1186.96,1190.63,115776.0,1190.63
2011-04-26,1196.11,1205.31,1192.47,1200.73,191326.0,1200.73
2011-04-27,1201.64,1212.65,1190.63,1194.28,175192.0,1194.28
2011-04-28,1204.39,1214.46,1203.47,1214.46,217599.0,1214.46
2011-05-02,1215.4,1233.73,1212.65,1230.07,138562.0,1230.07
2011-05-06,1227.3,1236.5,1211.72,1235.57,177045.0,1235.57
2011-05-09,1225.47,1242.89,1216.31,1232.84,230681.0,1232.84
2011-05-10,1238.32,1245.65,1225.47,1239.24,222070.0,1239.24
2011-05-11,1245.65,1267.68,1222.73,1243.84,581177.0,1243.84
2011-05-12,1235.57,1246.6,1229.16,1230.07,233625.0,1230.07
2011-05-13,1228.24,1231.9,1214.46,1230.99,249978.0,1230.99
2011-05-16,1218.14,1222.73,1210.79,1212.65,200703.0,1212.65
2011-05-17,1208.97,1220.89,1197.97,1205.31,198412.0,1205.31
2011-05-18,1206.21,1217.22,1203.47,1211.72,253466.0,1211.72
2011-05-19,1219.08,1238.32,1217.22,1224.55,305138.0,1224.55
2011-05-20,1225.47,1234.66,1211.72,1211.72,153168.0,1211.72
2011-05-23,1205.31,1219.08,1202.54,1215.4,185221.0,1215.4
2011-05-24,1213.56,1219.08,1207.14,1213.56,225012.0,1213.56
2011-05-25,1217.22,1218.14,1204.39,1217.22,172357.0,1217.22
2011-05-26,1211.72,1227.3,1210.79,1217.22,220108.0,1217.22
2011-05-27,1210.79,1223.65,1203.47,1212.65,151210.0,1212.65
2011-05-30,1212.65,1216.31,1199.8,1208.05,132130.0,1208.05
2011-05-31,1208.97,1232.84,1207.14,1221.82,230137.0,1221.82
2011-06-01,1223.65,1226.41,1211.72,1225.47,117848.0,1225.47
2011-06-02,1209.9,1215.4,1203.47,1210.79,137036.0,1210.79
2011-06-03,1208.05,1219.08,1202.54,1205.31,212149.0,1205.31
2011-06-06,1205.31,1220.89,1201.64,1213.56,271454.0,1213.56
2011-06-07,1213.56,1213.56,1198.87,1204.39,174319.0,1204.39
2011-06-08,1198.87,1211.72,1194.28,1205.31,193288.0,1205.31
2011-06-09,1206.21,1218.14,1206.21,1218.14,306776.0,1218.14
2011-06-10,1225.47,1252.09,1225.47,1232.84,379055.0,1232.84
2011-06-13,1233.73,1235.57,1218.14,1229.16,248455.0,1229.16
2011-06-14,1229.16,1239.24,1221.82,1232.84,135838.0,1232.84
2011-06-15,1232.84,1235.57,1218.14,1229.16,272217.0,1229.16
2011-06-16,1219.97,1237.41,1214.46,1215.4,233409.0,1215.4
2011-06-17,1219.08,1219.08,1193.38,1199.8,186311.0,1199.8
2011-06-20,1199.8,1220.89,1199.8,1205.31,269055.0,1205.31
2011-06-21,1205.31,1205.31,1193.38,1199.8,274724.0,1199.8
2011-06-22,1201.64,1221.82,1200.73,1218.14,180208.0,1218.14
2011-06-23,1206.21,1220.89,1206.21,1211.72,214655.0,1211.72
2011-06-24,1212.65,1220.89,1208.97,1213.56,165598.0,1213.56
2011-06-27,1213.56,1213.56,1200.73,1200.73,130276.0,1200.73
2011-06-28,1212.65,1216.31,1202.54,1208.97,94300.3,1208.97
2011-06-29,1233.73,1242.89,1229.16,1241.99,318550.0,1241.99
2011-06-30,1238.32,1249.33,1229.16,1245.65,291296.0,1245.65
2011-07-01,1247.5,1264.92,1243.84,1252.09,231990.0,1252.09
2011-07-04,1259.42,1259.42,1246.6,1250.24,154587.0,1250.24
2011-07-05,1261.26,1261.26,1248.42,1248.42,107491.0,1248.42
2011-07-06,1248.42,1253.0,1238.32,1253.0,114359.0,1253.0
2011-07-07,1252.09,1264.92,1248.42,1264.01,163200.0,1264.01
2011-07-08,1264.92,1267.68,1258.52,1264.01,187946.0,1264.01
2011-07-11,1263.1,1269.52,1261.26,1269.52,131911.0,1269.52
2011-07-12,1258.52,1268.6,1249.33,1266.75,128206.0,1266.75
2011-07-13,1264.92,1278.68,1255.77,1272.27,158292.0,1272.27
2011-07-14,1264.92,1269.52,1257.58,1266.75,85034.8,1266.75
2011-07-15,1260.34,1269.52,1256.67,1266.75,84051.9,1266.75
2011-07-19,1266.75,1270.43,1255.77,1258.52,86887.7,1258.52
2011-07-20,1264.92,1264.92,1248.42,1250.24,107710.0,1250.24
2011-07-21,1258.52,1261.26,1248.42,1253.91,74895.3,1253.91
2011-07-22,1254.84,1259.42,1246.6,1252.09,109455.0,1252.09
2011-07-25,1255.77,1258.52,1250.24,1257.58,91140.9,1257.58
2011-07-26,1257.58,1258.52,1244.74,1254.84,213896.0,1254.84
2011-07-27,1248.42,1260.34,1239.24,1255.77,122755.0,1255.77
2011-07-28,1241.99,1247.5,1230.99,1241.09,112615.0,1241.09
2011-07-29,1247.5,1274.09,1242.89,1272.27,330325.0,1272.27
2011-08-01,1272.27,1274.09,1262.17,1266.75,161781.0,1266.75
2011-08-02,1257.58,1273.18,1249.33,1269.52,145757.0,1269.52
2011-08-03,1245.65,1255.77,1243.84,1250.24,218472.0,1250.24
2011-08-04,1255.77,1264.01,1244.74,1257.58,216726.0,1257.58
2011-08-05,1220.89,1233.73,1219.08,1230.99,197320.0,1230.99
2011-08-08,1215.4,1218.14,1199.8,1201.64,277777.0,1201.64
2011-08-09,1179.61,1190.63,1166.8,1190.63,294240.0,1190.63
2011-08-10,1213.56,1215.4,1192.47,1200.73,306229.0,1200.73
2011-08-11,1183.28,1214.46,1183.28,1214.46,190345.0,1214.46
2011-08-12,1221.82,1223.65,1202.54,1219.97,231225.0,1219.97
2011-08-15,1228.24,1228.24,1205.31,1219.97,125915.0,1219.97
2011-08-16,1219.08,1222.73,1210.79,1219.97,105967.0,1219.97
2011-08-17,1208.97,1221.82,1201.64,1219.97,100295.0,1219.97
2011-08-18,1219.08,1219.08,1204.39,1214.46,103673.0,1214.46
2011-08-19,1193.38,1220.89,1193.38,1217.22,136490.0,1217.22
2011-08-22,1217.22,1224.55,1208.05,1219.08,143577.0,1219.08
2011-08-23,1222.73,1238.32,1219.08,1234.66,168651.0,1234.66
2011-08-24,1234.66,1239.24,1223.65,1227.3,206806.0,1227.3
2011-08-25,1246.6,1246.6,1221.82,1223.65,151643.0,1223.65
2011-08-26,1244.74,1249.33,1240.15,1244.74,275380.0,1244.74
2011-08-29,1255.77,1255.77,1230.99,1246.6,167997.0,1246.6
2011-08-30,1254.84,1255.77,1237.41,1248.42,293368.0,1248.42
2011-08-31,1249.33,1264.01,1249.33,1264.01,156334.0,1264.01
2011-09-01,1268.6,1279.61,1265.84,1273.18,160910.0,1273.18
2011-09-02,1261.26,1270.43,1248.42,1264.01,167344.0,1264.01
2011-09-05,1257.58,1268.6,1252.09,1264.92,105856.0,1264.92
2011-09-06,1252.09,1273.18,1252.09,1263.1,165271.0,1263.1
2011-09-07,1272.27,1273.18,1256.67,1263.1,156223.0,1263.1
2011-09-08,1263.1,1275.02,1253.0,1274.09,131365.0,1274.09
2011-09-09,1264.92,1291.54,1264.01,1289.69,314842.0,1289.69
2011-09-12,1272.27,1279.61,1263.1,1276.85,122644.0,1276.85
2011-09-13,1271.35,1286.02,1263.1,1281.43,160583.0,1281.43
2011-09-14,1282.35,1288.77,1270.43,1278.68,140742.0,1278.68
2011-09-15,1283.27,1290.61,1270.43,1278.68,142812.0,1278.68
2011-09-16,1278.68,1282.35,1267.68,1269.52,189691.0,1269.52
2011-09-20,1263.1,1287.86,1258.52,1286.95,141722.0,1286.95
2011-09-21,1290.61,1299.77,1286.95,1291.54,145757.0,1291.54
2011-09-22,1286.02,1297.95,1274.09,1295.19,174103.0,1295.19
2011-09-26,1297.03,1322.71,1293.36,1316.29,340354.0,1316.29
2011-09-27,1319.98,1322.71,1306.19,1315.4,304050.0,1315.4
2011-09-28,1315.4,1340.16,1312.63,1339.21,305578.0,1339.21
2011-09-29,1331.89,1348.41,1324.55,1344.71,303726.0,1344.71
2011-09-30,1348.41,1370.42,1343.82,1370.42,313098.0,1370.42
2011-10-03,1366.75,1412.62,1359.41,1408.96,388758.0,1408.96
2011-10-04,1407.11,1407.11,1376.85,1381.43,223487.0,1381.43
2011-10-05,1405.28,1409.85,1385.09,1390.59,438907.0,1390.59
2011-10-06,1389.69,1402.53,1375.91,1386.01,153606.0,1386.01
2011-10-07,1385.09,1385.09,1349.32,1353.0,256411.0,1353.0
2011-10-11,1353.0,1366.75,1338.32,1353.89,171485.0,1353.89
2011-10-12,1341.07,1355.75,1332.8,1334.64,148374.0,1334.64
2011-10-13,1339.21,1339.21,1303.44,1311.72,292822.0,1311.72
2011-10-14,1302.54,1316.29,1298.86,1308.03,247251.0,1308.03
2011-10-17,1324.55,1330.06,1317.21,1322.71,155240.0,1322.71
2011-10-18,1339.21,1349.32,1318.13,1321.81,245291.0,1321.81
2011-10-19,1339.21,1364.91,1333.73,1357.58,377092.0,1357.58
2011-10-20,1353.0,1354.83,1330.97,1348.41,304269.0,1348.41
2011-10-21,1356.64,1357.58,1341.07,1341.07,142486.0,1341.07
2011-10-24,1346.56,1360.32,1333.73,1335.55,128206.0,1335.55
2011-10-25,1335.55,1349.32,1330.97,1339.21,231009.0,1339.21
2011-10-26,1340.16,1340.16,1309.88,1315.4,192743.0,1315.4
2011-10-27,1312.63,1317.21,1291.54,1302.54,162217.0,1302.54
2011-10-28,1315.4,1321.81,1297.03,1316.29,221743.0,1316.29
2011-10-31,1308.97,1334.64,1299.77,1310.78,210621.0,1310.78
2011-11-01,1303.44,1318.13,1292.45,1303.44,184457.0,1303.44
2011-11-02,1286.95,1298.86,1275.94,1288.77,132893.0,1288.77
2011-11-04,1286.95,1301.61,1281.43,1295.19,123737.0,1295.19
2011-11-07,1294.29,1294.29,1281.43,1286.95,113595.0,1286.95
2011-11-08,1282.35,1308.97,1282.35,1301.61,123843.0,1301.61
2011-11-09,1310.78,1326.4,1302.54,1325.46,137472.0,1325.46
2011-11-10,1301.61,1306.19,1284.2,1290.61,271235.0,1290.61
2011-11-11,1286.02,1296.11,1273.18,1279.61,319968.0,1279.61
2011-11-14,1276.85,1287.86,1270.43,1279.61,222179.0,1279.61
2011-11-15,1270.43,1289.69,1269.52,1282.35,143358.0,1282.35
2011-11-16,1286.95,1291.54,1276.85,1285.11,164398.0,1285.11
2011-11-17,1285.11,1287.86,1266.75,1286.02,151316.0,1286.02
2011-11-18,1273.18,1299.77,1273.18,1288.77,172466.0,1288.77
2011-11-21,1279.61,1307.13,1279.61,1300.71,122102.0,1300.71
2011-11-22,1297.95,1313.54,1297.95,1307.13,182933.0,1307.13
2011-11-24,1303.44,1307.13,1284.2,1289.69,222834.0,1289.69
2011-11-25,1278.68,1304.38,1278.68,1282.35,282792.0,1282.35
2011-11-28,1290.61,1290.61,1266.75,1266.75,171049.0,1266.75
2011-11-29,1270.43,1275.94,1230.99,1246.6,383743.0,1246.6
2011-11-30,1248.42,1282.35,1248.42,1282.35,304161.0,1282.35
2011-12-01,1285.11,1292.45,1273.18,1276.85,203755.0,1276.85
2011-12-02,1286.95,1294.29,1279.61,1290.61,142050.0,1290.61
2011-12-05,1300.71,1313.54,1296.11,1309.88,202884.0,1309.88
2011-12-06,1301.61,1324.55,1292.45,1294.29,165598.0,1294.29
2011-12-07,1299.77,1308.97,1287.86,1304.38,276469.0,1304.38
2011-12-08,1303.44,1319.98,1303.44,1319.05,187621.0,1319.05
2011-12-09,1306.19,1325.46,1304.38,1321.81,333812.0,1321.81
2011-12-12,1360.32,1365.84,1339.21,1341.07,360740.0,1341.07
2011-12-13,1337.4,1341.07,1324.55,1331.89,235916.0,1331.89
2011-12-14,1327.31,1331.89,1318.13,1319.05,107600.0,1319.05
2011-12-15,1319.98,1334.64,1319.98,1326.4,190564.0,1326.4
2011-12-16,1327.31,1335.55,1320.87,1323.63,266114.0,1323.63
2011-12-19,1316.29,1333.73,1311.72,1330.97,183259.0,1330.97
2011-12-20,1330.06,1339.21,1325.46,1330.06,194159.0,1330.06
2011-12-21,1336.48,1336.48,1327.31,1331.89,155351.0,1331.89
2011-12-22,1330.06,1339.21,1326.4,1337.4,231225.0,1337.4
2011-12-26,1355.75,1355.75,1333.73,1336.48,135619.0,1336.48
2011-12-27,1329.13,1339.21,1327.31,1334.64,76531.4,1334.64
2011-12-28,1330.06,1334.64,1320.87,1331.89,78603.1,1331.89
2011-12-29,1325.46,1330.06,1314.46,1329.13,112182.0,1329.13
2011-12-30,1330.06,1333.73,1324.55,1328.21,102478.0,1328.21
2012-01-04,1335.55,1353.0,1334.64,1344.71,213568.0,1344.71
2012-01-05,1342.91,1345.66,1333.73,1335.55,90595.5,1335.55
2012-01-06,1340.16,1342.91,1323.63,1331.89,125696.0,1331.89
2012-01-10,1337.4,1352.07,1332.8,1333.73,154697.0,1333.73
2012-01-11,1337.4,1346.56,1337.4,1345.66,101277.0,1345.66
2012-01-12,1339.21,1341.07,1328.21,1334.64,164726.0,1334.64
2012-01-13,1343.82,1348.41,1336.48,1342.91,147065.0,1342.91
2012-01-16,1341.07,1343.82,1327.31,1338.32,98334.8,1338.32
2012-01-17,1330.06,1342.91,1330.06,1332.8,127223.0,1332.8
2012-01-18,1334.64,1345.66,1327.31,1330.06,138670.0,1330.06
2012-01-19,1330.97,1331.89,1297.95,1302.54,276251.0,1302.54
2012-01-20,1316.29,1323.63,1309.88,1314.46,180750.0,1314.46
2012-01-23,1319.05,1319.98,1310.78,1318.13,158076.0,1318.13
2012-01-24,1320.87,1322.71,1307.13,1310.78,165271.0,1310.78
2012-01-25,1314.46,1323.63,1307.13,1321.81,167560.0,1321.81
2012-01-26,1322.71,1322.71,1310.78,1317.21,118719.0,1317.21
2012-01-27,1317.21,1324.55,1311.72,1320.87,135074.0,1320.87
2012-01-30,1314.46,1318.13,1294.29,1299.77,321275.0,1299.77
2012-01-31,1307.13,1314.46,1297.95,1302.54,210732.0,1302.54
2012-02-01,1307.13,1314.46,1301.61,1308.97,113923.0,1308.97
2012-02-02,1318.13,1319.05,1309.88,1309.88,129405.0,1309.88
2012-02-03,1304.38,1306.19,1293.36,1294.29,201356.0,1294.29
2012-02-06,1298.86,1302.54,1286.95,1289.69,298708.0,1289.69
2012-02-07,1291.54,1297.03,1284.2,1286.95,196123.0,1286.95
2012-02-08,1287.86,1297.95,1286.95,1289.69,187837.0,1289.69
2012-02-09,1287.86,1288.77,1282.35,1286.02,302851.0,1286.02
2012-02-10,1289.69,1293.36,1282.35,1290.61,160255.0,1290.61
2012-02-13,1286.02,1300.71,1286.02,1296.11,110979.0,1296.11
2012-02-14,1297.95,1312.63,1295.19,1308.97,181951.0,1308.97
2012-02-15,1306.19,1306.19,1281.43,1288.77,451007.0,1288.77
2012-02-16,1288.77,1290.61,1278.68,1279.61,269383.0,1279.61
2012-02-17,1286.02,1289.69,1281.43,1285.11,132236.0,1285.11
2012-02-20,1291.54,1292.45,1284.2,1285.11,153497.0,1285.11
2012-02-21,1285.11,1299.77,1285.11,1295.19,225449.0,1295.19
2012-02-22,1298.86,1313.54,1295.19,1307.13,247470.0,1307.13
2012-02-23,1311.72,1311.72,1297.03,1304.38,144667.0,1304.38
2012-02-24,1310.78,1311.72,1297.03,1300.71,130930.0,1300.71
2012-02-27,1308.97,1308.97,1291.54,1295.19,267421.0,1295.19
2012-02-28,1297.95,1306.19,1292.45,1303.44,248559.0,1303.44
2012-02-29,1308.03,1313.54,1296.11,1296.11,345152.0,1296.11
2012-03-01,1300.71,1301.61,1288.77,1299.77,295656.0,1299.77
2012-03-02,1300.71,1307.13,1296.11,1302.54,274179.0,1302.54
2012-03-05,1303.44,1309.88,1290.61,1296.11,389193.0,1296.11
2012-03-06,1296.11,1304.38,1282.35,1290.61,439667.0,1290.61
2012-03-07,1286.02,1298.86,1286.02,1298.86,287699.0,1298.86
2012-03-08,1302.54,1310.78,1299.77,1308.03,207460.0,1308.03
2012-03-09,1308.97,1322.71,1304.38,1316.29,402057.0,1316.29
2012-03-12,1321.81,1322.71,1312.63,1312.63,282792.0,1312.63
2012-03-13,1313.54,1314.46,1300.71,1300.71,228065.0,1300.71
2012-03-14,1306.19,1308.97,1298.86,1300.71,221197.0,1300.71
2012-03-15,1302.54,1311.72,1300.71,1304.38,232753.0,1304.38
2012-03-16,1304.38,1308.97,1300.71,1300.71,170504.0,1300.71
2012-03-19,1301.61,1304.38,1291.54,1291.54,286500.0,1291.54
2012-03-21,1297.03,1304.38,1292.45,1299.77,308192.0,1299.77
2012-03-22,1302.54,1309.88,1299.77,1301.61,332179.0,1301.61
2012-03-23,1300.71,1308.97,1298.86,1300.71,252595.0,1300.71
2012-03-26,1308.97,1308.97,1299.77,1300.71,217926.0,1300.71
2012-03-27,1303.44,1310.78,1301.61,1310.78,342207.0,1310.78
2012-03-28,1297.95,1302.54,1288.77,1299.77,248455.0,1299.77
2012-03-29,1299.77,1302.54,1295.19,1300.71,239513.0,1300.71
2012-03-30,1302.54,1304.38,1294.29,1297.95,264913.0,1297.95
2012-04-02,1302.54,1304.38,1294.29,1297.03,350822.0,1297.03
2012-04-03,1293.36,1295.19,1282.35,1284.2,202988.0,1284.2
2012-04-04,1284.2,1284.2,1260.34,1268.6,410562.0,1268.6
2012-04-05,1268.6,1273.18,1258.52,1262.17,194159.0,1262.17
2012-04-06,1258.52,1267.68,1250.24,1264.92,220652.0,1264.92
2012-04-09,1261.26,1265.84,1253.91,1258.52,167560.0,1258.52
2012-04-10,1264.01,1264.01,1248.42,1259.42,172792.0,1259.42
2012-04-11,1252.09,1260.34,1250.24,1253.0,177153.0,1253.0
2012-04-12,1251.17,1268.6,1247.5,1248.42,192961.0,1248.42
2012-04-13,1248.42,1257.58,1246.6,1253.91,149244.0,1253.91
2012-04-16,1253.0,1261.26,1245.65,1254.84,134853.0,1254.84
2012-04-17,1256.67,1266.75,1252.09,1264.92,116974.0,1264.92
2012-04-18,1265.84,1269.52,1255.77,1264.92,251723.0,1264.92
2012-04-19,1264.92,1264.92,1248.42,1251.17,162434.0,1251.17
2012-04-20,1251.17,1254.84,1245.65,1245.65,135400.0,1245.65
2012-04-23,1243.84,1254.84,1242.89,1244.74,143033.0,1244.74
2012-04-24,1241.99,1243.84,1233.73,1238.32,196557.0,1238.32
2012-04-25,1242.89,1244.74,1229.16,1237.41,289878.0,1237.41
2012-04-26,1241.09,1253.0,1238.32,1253.0,181841.0,1253.0
2012-04-27,1253.91,1253.91,1236.5,1236.5,244963.0,1236.5
2012-05-01,1236.5,1244.74,1231.9,1236.5,117848.0,1236.5
2012-05-02,1237.41,1244.74,1232.84,1242.89,114580.0,1242.89
2012-05-07,1231.9,1241.09,1230.99,1235.57,191762.0,1235.57
2012-05-08,1237.41,1238.32,1224.55,1229.16,232643.0,1229.16
2012-05-09,1224.55,1237.41,1220.89,1225.47,225012.0,1225.47
2012-05-10,1225.47,1240.15,1216.31,1237.41,269492.0,1237.41
2012-05-11,1237.41,1241.09,1213.56,1213.56,156877.0,1213.56
2012-05-14,1211.72,1214.46,1197.97,1198.87,173664.0,1198.87
2012-05-15,1199.8,1216.31,1197.04,1204.39,170938.0,1204.39
2012-05-16,1208.97,1208.97,1191.54,1196.11,189691.0,1196.11
2012-05-17,1198.87,1204.39,1183.28,1190.63,151098.0,1190.63
2012-05-18,1186.96,1188.79,1166.8,1174.13,175192.0,1174.13
2012-05-21,1175.01,1181.45,1166.8,1174.13,121665.0,1174.13
2012-05-22,1174.13,1180.54,1164.03,1167.69,160910.0,1167.69
2012-05-23,1164.95,1166.8,1146.6,1149.35,226212.0,1149.35
2012-05-24,1148.43,1158.53,1140.16,1145.68,198958.0,1145.68
2012-05-25,1147.52,1169.54,1142.01,1154.85,299037.0,1154.85
2012-05-28,1165.86,1174.13,1141.1,1141.1,147065.0,1141.1
2012-05-29,1142.01,1153.02,1135.58,1139.27,135944.0,1139.27
2012-05-30,1137.42,1139.27,1120.0,1121.85,199720.0,1121.85
2012-05-31,1122.75,1142.93,1118.16,1141.1,182060.0,1141.1
2012-06-01,1132.86,1142.93,1128.25,1140.16,143466.0,1140.16
2012-06-04,1126.41,1140.16,1119.08,1137.42,169306.0,1137.42
2012-06-05,1137.42,1151.19,1125.5,1151.19,249106.0,1151.19
2012-06-06,1153.94,1153.94,1132.86,1139.27,162001.0,1139.27
2012-06-07,1140.16,1146.6,1132.86,1146.6,217708.0,1146.6
2012-06-08,1147.52,1150.27,1138.35,1144.79,304379.0,1144.79
2012-06-11,1168.6,1169.54,1150.27,1152.1,228500.0,1152.1
2012-06-12,1146.6,1153.02,1138.35,1148.43,159711.0,1148.43
2012-06-13,1147.52,1174.13,1147.52,1169.54,205716.0,1169.54
2012-06-14,1169.54,1174.13,1164.03,1168.6,165161.0,1168.6
2012-06-15,1169.54,1177.79,1164.03,1164.03,173119.0,1164.03
2012-06-18,1175.98,1182.36,1166.8,1173.2,95391.1,1173.2
2012-06-19,1172.3,1172.3,1149.35,1151.19,219016.0,1151.19
2012-06-20,1153.94,1175.01,1153.94,1174.13,217053.0,1174.13
2012-06-21,1174.13,1187.89,1172.3,1187.89,132783.0,1187.89
2012-06-22,1187.89,1194.28,1175.98,1187.89,179444.0,1187.89
2012-06-25,1200.73,1201.64,1193.38,1200.73,248343.0,1200.73
2012-06-26,1208.97,1209.9,1191.54,1194.28,208442.0,1194.28
2012-06-27,1192.47,1209.9,1190.63,1209.9,99532.4,1209.9
2012-06-28,1225.47,1231.9,1218.14,1231.9,191980.0,1231.9
2012-06-29,1230.07,1244.74,1223.65,1241.09,195467.0,1241.09
2012-07-02,1243.84,1245.65,1229.16,1233.73,105639.0,1233.73
2012-07-03,1237.41,1246.6,1235.57,1239.24,147283.0,1239.24
2012-07-04,1246.6,1246.6,1239.24,1241.99,109343.0,1241.99
2012-07-05,1239.24,1245.65,1230.99,1235.57,70862.8,1235.57
2012-07-06,1241.99,1244.74,1222.73,1225.47,117522.0,1225.47
2012-07-09,1219.97,1233.73,1216.31,1233.73,70972.7,1233.73
2012-07-10,1239.24,1243.84,1233.73,1238.32,96699.6,1238.32
2012-07-11,1231.9,1236.5,1224.55,1233.73,68246.8,1233.73
2012-07-12,1233.73,1240.15,1226.41,1232.84,102478.0,1232.84
2012-07-13,1233.73,1245.65,1232.84,1241.09,148483.0,1241.09
2012-07-17,1241.09,1249.33,1235.57,1239.24,108690.0,1239.24
2012-07-18,1242.89,1251.17,1230.99,1234.66,138454.0,1234.66
2012-07-19,1244.74,1251.17,1236.5,1237.41,136382.0,1237.41
2012-07-20,1238.32,1241.09,1225.47,1226.41,101604.0,1226.41
2012-07-23,1222.73,1233.73,1210.79,1210.79,203535.0,1210.79
2012-07-24,1206.21,1208.97,1186.96,1188.79,289878.0,1188.79
2012-07-25,1193.38,1208.97,1191.54,1198.87,258917.0,1198.87
2012-07-26,1210.79,1214.46,1182.36,1192.47,473248.0,1192.47
2012-07-27,1198.87,1208.97,1187.89,1188.79,182714.0,1188.79
2012-07-30,1193.38,1201.64,1185.12,1197.97,171704.0,1197.97
2012-07-31,1197.04,1205.31,1195.23,1198.87,136271.0,1198.87
2012-08-01,1195.23,1208.05,1191.54,1204.39,147828.0,1204.39
2012-08-02,1204.39,1210.79,1196.11,1197.97,144013.0,1197.97
2012-08-03,1192.47,1192.47,1176.86,1181.45,204955.0,1181.45
2012-08-06,1187.89,1197.97,1180.54,1196.11,157529.0,1196.11
2012-08-07,1196.11,1205.31,1190.63,1203.47,155571.0,1203.47
2012-08-08,1208.97,1217.22,1197.04,1202.54,204625.0,1202.54
2012-08-09,1202.54,1207.14,1190.63,1200.73,230245.0,1200.73
2012-08-10,1199.8,1202.54,1192.47,1196.11,162217.0,1196.11
2012-08-13,1196.11,1204.39,1194.28,1202.54,80018.5,1202.54
2012-08-14,1204.39,1229.16,1203.47,1226.41,227300.0,1226.41
2012-08-15,1226.41,1226.41,1210.79,1213.56,162547.0,1213.56
2012-08-16,1214.46,1222.73,1207.14,1212.65,162872.0,1212.65
2012-08-17,1215.4,1217.22,1208.05,1210.79,162328.0,1210.79
2012-08-20,1211.72,1223.65,1208.05,1215.4,139215.0,1215.4
2012-08-21,1217.22,1219.08,1208.97,1212.65,122427.0,1212.65
2012-08-22,1216.31,1216.31,1207.14,1216.31,100404.0,1216.31
2012-08-23,1218.14,1224.55,1207.14,1223.65,165380.0,1223.65
2012-08-24,1210.79,1224.55,1210.79,1222.73,90375.7,1222.73
2012-08-27,1227.3,1227.3,1214.46,1214.46,131476.0,1214.46
2012-08-28,1224.55,1227.3,1213.56,1214.46,212912.0,1214.46
2012-08-29,1219.08,1228.24,1218.14,1228.24,133219.0,1228.24
2012-08-30,1229.16,1231.9,1220.89,1228.24,90595.5,1228.24
2012-08-31,1220.89,1228.24,1216.31,1216.31,97573.6,1216.31
2012-09-03,1207.14,1219.97,1204.39,1208.97,196451.0,1208.97
2012-09-04,1208.97,1211.72,1199.8,1206.21,166252.0,1206.21
2012-09-05,1202.54,1210.79,1198.87,1201.64,164726.0,1201.64
2012-09-06,1201.64,1205.31,1192.47,1197.04,216836.0,1197.04
2012-09-07,1206.21,1210.79,1186.02,1188.79,263932.0,1188.79
2012-09-10,1194.28,1197.97,1175.01,1178.7,285191.0,1178.7
2012-09-11,1176.86,1180.54,1174.13,1178.7,210515.0,1178.7
2012-09-12,1178.7,1191.54,1178.7,1189.7,259465.0,1189.7
2012-09-13,1186.02,1186.96,1175.01,1177.79,248233.0,1177.79
2012-09-14,1181.45,1187.89,1174.13,1175.98,330325.0,1175.98
2012-09-18,1178.7,1186.02,1176.86,1179.61,208332.0,1179.61
2012-09-19,1188.79,1195.23,1185.12,1190.63,208660.0,1190.63
2012-09-20,1191.54,1194.28,1184.2,1186.02,155571.0,1186.02
2012-09-21,1186.02,1199.8,1184.2,1194.28,210188.0,1194.28
2012-09-24,1198.87,1209.9,1198.87,1208.97,168213.0,1208.97
2012-09-25,1226.41,1226.41,1202.54,1217.22,270475.0,1217.22
2012-09-26,1188.79,1205.31,1182.36,1203.47,142376.0,1203.47
2012-09-27,1201.64,1209.9,1193.38,1206.21,119265.0,1206.21
2012-09-28,1212.65,1214.46,1196.11,1211.72,203426.0,1211.72
2012-10-01,1197.04,1197.97,1186.02,1196.11,167997.0,1196.11
2012-10-02,1194.28,1195.23,1173.2,1175.01,216618.0,1175.01
2012-10-03,1176.86,1186.02,1171.35,1174.13,181514.0,1174.13
2012-10-04,1175.01,1175.98,1161.28,1172.3,222505.0,1172.3
2012-10-05,1175.98,1181.45,1173.2,1175.01,92338.5,1175.01
2012-10-09,1173.2,1182.36,1168.6,1171.35,208442.0,1171.35
2012-10-10,1169.54,1180.54,1163.11,1165.86,224141.0,1165.86
2012-10-11,1165.86,1171.35,1156.69,1156.69,105746.0,1156.69
2012-10-12,1166.8,1176.86,1163.11,1172.3,133112.0,1172.3
2012-10-15,1162.21,1182.36,1161.28,1182.36,207789.0,1182.36
2012-10-16,1180.54,1183.28,1170.45,1175.01,110872.0,1175.01
2012-10-17,1182.36,1186.96,1175.01,1183.28,160366.0,1183.28
2012-10-18,1184.2,1192.47,1179.61,1192.47,106073.0,1192.47
2012-10-19,1187.89,1195.23,1182.36,1191.54,151098.0,1191.54
2012-10-22,1183.28,1195.23,1178.7,1186.02,159275.0,1186.02
2012-10-23,1186.02,1191.54,1182.36,1185.12,122102.0,1185.12
2012-10-24,1186.02,1188.79,1178.7,1182.36,115558.0,1182.36
2012-10-25,1186.02,1209.9,1184.2,1209.9,238967.0,1209.9
2012-10-26,1209.9,1209.9,1196.11,1197.97,117413.0,1197.97
2012-10-29,1203.47,1205.31,1194.28,1201.64,83726.3,1201.64
2012-10-30,1205.31,1207.14,1189.7,1189.7,89069.2,1189.7
2012-10-31,1190.63,1197.97,1179.61,1182.36,126463.0,1182.36
2012-11-01,1183.28,1184.2,1167.69,1178.7,156877.0,1178.7
2012-11-02,1188.79,1189.7,1181.45,1185.12,144123.0,1185.12
2012-11-05,1185.12,1191.54,1180.54,1182.36,92558.3,1182.36
2012-11-06,1180.54,1190.63,1174.13,1190.63,104766.0,1190.63
2012-11-07,1190.63,1190.63,1175.98,1176.86,90158.0,1176.86
2012-11-08,1177.79,1196.11,1171.35,1192.47,206154.0,1192.47
2012-11-09,1181.45,1181.45,1169.54,1169.54,114032.0,1169.54
2012-11-12,1169.54,1175.01,1163.11,1163.11,100843.0,1163.11
2012-11-13,1164.03,1165.86,1151.19,1156.69,158838.0,1156.69
2012-11-14,1156.69,1164.95,1154.85,1160.37,78928.7,1160.37
2012-11-15,1167.69,1169.54,1153.02,1157.61,122317.0,1157.61
2012-11-16,1155.78,1157.61,1142.93,1154.85,240821.0,1154.85
2012-11-20,1177.79,1177.79,1158.53,1158.53,266004.0,1158.53
2012-11-21,1163.11,1170.45,1155.78,1168.6,187946.0,1168.6
2012-11-22,1175.98,1176.86,1161.28,1168.6,181624.0,1168.6
2012-11-26,1177.79,1189.7,1172.3,1184.2,212040.0,1184.2
2012-11-27,1184.2,1189.7,1176.86,1178.7,213021.0,1178.7
2012-11-28,1178.7,1185.12,1166.8,1175.01,250196.0,1175.01
2012-11-29,1168.6,1183.28,1168.6,1180.54,121555.0,1180.54
2012-11-30,1185.12,1186.96,1175.01,1180.54,203101.0,1180.54
2012-12-03,1181.45,1183.28,1175.01,1176.86,130056.0,1176.86
2012-12-04,1177.79,1184.2,1172.3,1176.86,127441.0,1176.86
2012-12-05,1172.3,1177.79,1170.45,1174.13,269818.0,1174.13
2012-12-06,1184.2,1186.02,1177.79,1183.28,141068.0,1183.28
2012-12-07,1182.36,1186.96,1182.36,1184.2,117957.0,1184.2
2012-12-10,1184.2,1187.89,1181.45,1185.12,148155.0,1185.12
2012-12-11,1193.38,1193.38,1181.45,1186.02,209097.0,1186.02
2012-12-12,1192.47,1192.47,1174.13,1177.79,133219.0,1177.79
2012-12-13,1188.79,1188.79,1171.35,1171.35,186204.0,1171.35
2012-12-14,1171.35,1181.45,1170.45,1174.13,253686.0,1174.13
2012-12-17,1184.2,1184.2,1176.86,1178.7,141288.0,1178.7
2012-12-18,1179.61,1186.96,1172.3,1174.13,193179.0,1174.13
2012-12-19,1182.36,1188.79,1174.13,1188.79,222834.0,1188.79
2012-12-20,1192.47,1207.14,1190.63,1199.8,291403.0,1199.8
2012-12-21,1199.8,1205.31,1191.54,1191.54,185766.0,1191.54
2012-12-25,1206.21,1206.21,1192.47,1194.28,101059.0,1194.28
2012-12-26,1194.28,1197.97,1184.2,1195.23,149462.0,1195.23
2012-12-27,1197.04,1204.39,1196.11,1197.04,107600.0,1197.04
2012-12-28,1203.47,1204.39,1191.54,1193.38,142594.0,1193.38
2013-01-04,1211.72,1222.73,1206.21,1219.97,225994.0,1219.97
2013-01-07,1223.65,1226.41,1215.4,1224.55,202663.0,1224.55
2013-01-08,1228.24,1236.5,1225.47,1228.24,163634.0,1228.24
2013-01-09,1230.99,1236.5,1225.47,1230.07,131584.0,1230.07
2013-01-10,1230.07,1238.32,1219.97,1236.5,160149.0,1236.5
2013-01-11,1238.32,1240.15,1230.99,1233.73,186964.0,1233.73
2013-01-15,1241.99,1242.89,1234.66,1239.24,145321.0,1239.24
2013-01-16,1239.24,1244.74,1233.73,1234.66,203426.0,1234.66
2013-01-17,1235.57,1240.15,1228.24,1234.66,185005.0,1234.66
2013-01-18,1242.89,1245.65,1235.57,1240.15,176061.0,1240.15
2013-01-21,1241.99,1248.42,1240.15,1245.65,131365.0,1245.65
2013-01-22,1245.65,1250.24,1228.24,1238.32,227847.0,1238.32
2013-01-23,1230.07,1241.99,1228.24,1238.32,158292.0,1238.32
2013-01-24,1238.32,1243.84,1230.07,1242.89,168213.0,1242.89
2013-01-25,1247.5,1253.91,1240.15,1253.0,237005.0,1253.0
2013-01-28,1264.01,1264.01,1247.5,1248.42,144776.0,1248.42
2013-01-29,1247.5,1251.17,1239.24,1239.24,214328.0,1239.24
2013-01-30,1245.65,1262.17,1241.99,1259.42,218037.0,1259.42
2013-01-31,1261.26,1269.52,1253.91,1266.75,284753.0,1266.75
2013-02-01,1265.84,1275.02,1264.92,1269.52,301651.0,1269.52
2013-02-04,1271.35,1274.09,1261.26,1262.17,182060.0,1262.17
2013-02-05,1263.1,1283.27,1259.42,1275.94,309176.0,1275.94
2013-02-06,1275.94,1281.43,1269.52,1279.61,314299.0,1279.61
2013-02-07,1279.61,1295.19,1279.61,1291.54,222396.0,1291.54
2013-02-08,1291.54,1301.61,1283.27,1297.95,285081.0,1297.95
2013-02-12,1302.54,1309.88,1294.29,1298.86,404565.0,1298.86
2013-02-13,1297.95,1297.95,1285.11,1289.69,280830.0,1289.69
2013-02-14,1289.69,1305.3,1289.69,1297.95,387559.0,1297.95
2013-02-15,1297.95,1298.86,1285.11,1288.77,301107.0,1288.77
2013-02-18,1286.02,1308.03,1286.02,1305.3,294459.0,1305.3
2013-02-19,1300.71,1319.98,1298.86,1316.29,242021.0,1316.29
2013-02-20,1315.4,1346.56,1315.4,1344.71,292166.0,1344.71
2013-02-21,1342.91,1342.91,1331.89,1334.64,174208.0,1334.64
2013-02-22,1325.46,1347.48,1325.46,1345.66,269601.0,1345.66
2013-02-25,1348.41,1366.75,1346.56,1359.41,278323.0,1359.41
2013-02-26,1354.83,1370.42,1346.56,1366.75,256954.0,1366.75
2013-02-27,1357.58,1359.41,1348.41,1351.15,230354.0,1351.15
2013-02-28,1351.15,1371.34,1351.15,1364.91,265678.0,1364.91
2013-03-01,1365.84,1382.32,1359.41,1375.01,211821.0,1375.01
2013-03-04,1377.75,1400.68,1377.75,1396.1,253796.0,1396.1
2013-03-05,1403.41,1408.96,1391.51,1393.33,295111.0,1393.33
2013-03-06,1398.86,1430.94,1398.86,1428.2,302198.0,1428.2
2013-03-07,1439.19,1455.72,1436.46,1444.71,275924.0,1444.71
2013-03-08,1445.64,1456.63,1444.71,1455.72,442612.0,1455.72
2013-03-11,1462.13,1479.57,1455.72,1478.64,320295.0,1478.64
2013-03-12,1478.64,1478.64,1459.38,1460.31,254884.0,1460.31
2013-03-13,1458.46,1464.9,1438.3,1443.8,281592.0,1443.8
2013-03-14,1452.04,1461.22,1445.64,1446.54,288899.0,1446.54
2013-03-15,1452.04,1470.38,1449.3,1467.65,410671.0,1467.65
2013-03-18,1468.56,1470.38,1450.21,1451.16,228500.0,1451.16
2013-03-19,1459.38,1472.21,1454.83,1456.63,269601.0,1456.63
2013-03-21,1462.13,1472.21,1462.13,1470.38,347329.0,1470.38
2013-03-22,1470.38,1492.41,1456.63,1456.63,441959.0,1456.63
2013-03-25,1474.98,1481.4,1462.13,1477.74,286936.0,1477.74
2013-03-26,1480.49,1513.5,1479.57,1511.66,546289.0,1511.66
2013-03-27,1485.98,1511.66,1482.33,1511.66,304596.0,1511.66
2013-03-28,1507.08,1510.77,1495.16,1498.83,214875.0,1498.83
2013-03-29,1498.83,1506.18,1485.98,1502.5,254012.0,1502.5
2013-04-01,1490.59,1492.41,1424.52,1424.52,230026.0,1424.52
2013-04-02,1392.44,1413.52,1353.0,1404.36,336539.0,1404.36
2013-04-03,1395.19,1427.31,1390.59,1424.52,190564.0,1424.52
2013-04-04,1417.19,1465.81,1395.19,1465.81,285299.0,1465.81
2013-04-05,1486.91,1513.5,1474.98,1498.83,443595.0,1498.83
2013-04-08,1509.85,1541.02,1490.59,1523.61,369352.0,1523.61
2013-04-09,1519.93,1527.25,1488.75,1499.74,386904.0,1499.74
2013-04-10,1499.74,1516.28,1495.16,1514.44,238532.0,1514.44
2013-04-11,1516.28,1530.94,1491.5,1507.08,370445.0,1507.08
2013-04-12,1508.92,1539.2,1508.92,1533.7,349511.0,1533.7
2013-04-15,1540.11,1568.55,1535.53,1561.2,399769.0,1561.2
2013-04-16,1524.52,1557.53,1507.08,1530.01,354744.0,1530.01
2013-04-17,1540.11,1557.53,1535.53,1556.63,209097.0,1556.63
2013-04-18,1553.88,1561.2,1532.77,1543.78,179771.0,1543.78
2013-04-19,1534.59,1549.27,1516.28,1539.2,229591.0,1539.2
2013-04-22,1540.11,1558.45,1540.11,1552.06,197867.0,1552.06
2013-04-23,1551.1,1572.21,1541.02,1556.63,376003.0,1556.63
2013-04-24,1561.2,1590.57,1559.39,1588.73,321930.0,1588.73
2013-04-25,1585.97,1596.07,1581.41,1586.88,268620.0,1586.88
2013-04-26,1587.82,1587.82,1552.06,1555.69,221417.0,1555.69
2013-04-30,1556.63,1583.21,1556.63,1557.53,179771.0,1557.53
2013-05-01,1543.78,1580.47,1533.7,1572.21,219998.0,1572.21
2013-05-02,1570.37,1571.3,1551.1,1560.3,119811.0,1560.3
2013-05-07,1579.56,1607.98,1575.88,1604.32,310375.0,1604.32
2013-05-08,1604.32,1629.07,1603.41,1614.4,217708.0,1614.4
2013-05-09,1626.34,1645.6,1608.93,1609.82,219670.0,1609.82
2013-05-10,1637.35,1651.1,1617.15,1644.68,268946.0,1644.68
2013-05-13,1644.68,1645.6,1609.82,1617.15,240165.0,1617.15
2013-05-14,1618.98,1641.94,1618.98,1631.84,130165.0,1631.84
2013-05-15,1630.93,1636.42,1620.82,1634.6,173883.0,1634.6
2013-05-16,1635.5,1643.77,1599.73,1619.93,268837.0,1619.93
2013-05-17,1628.19,1628.19,1606.17,1609.82,175300.0,1609.82
2013-05-20,1626.34,1626.34,1602.49,1603.41,159275.0,1603.41
2013-05-21,1602.49,1609.82,1581.41,1594.24,199176.0,1594.24
2013-05-22,1594.24,1603.41,1586.88,1597.89,161126.0,1597.89
2013-05-23,1591.47,1596.07,1515.32,1516.28,357797.0,1516.28
2013-05-24,1518.09,1577.72,1504.33,1551.1,413616.0,1551.1
2013-05-27,1552.06,1552.06,1488.75,1508.01,230354.0,1508.01
2013-05-28,1485.98,1503.42,1469.5,1492.41,181296.0,1492.41
2013-05-29,1508.01,1528.18,1494.25,1513.5,183915.0,1513.5
2013-05-30,1494.25,1502.5,1438.3,1446.54,222505.0,1446.54
2013-05-31,1473.15,1485.08,1432.77,1440.14,247689.0,1440.14
2013-06-03,1423.63,1439.19,1405.28,1412.62,252919.0,1412.62
2013-06-04,1403.41,1408.02,1374.08,1397.94,329996.0,1397.94
2013-06-05,1403.41,1425.46,1372.24,1372.24,274835.0,1372.24
2013-06-06,1367.66,1384.17,1336.48,1336.48,478262.0,1336.48
2013-06-07,1330.06,1351.15,1311.72,1335.55,391047.0,1335.55
2013-06-10,1355.75,1394.28,1355.75,1389.69,473682.0,1389.69
2013-06-11,1390.59,1397.02,1353.0,1354.83,835187.0,1354.83
2013-06-12,1348.41,1351.15,1319.05,1336.48,604506.0,1336.48
2013-06-13,1337.4,1346.56,1311.72,1312.63,567001.0,1312.63
2013-06-14,1343.82,1349.32,1312.63,1312.63,478262.0,1312.63
2013-06-17,1320.87,1378.68,1320.87,1375.91,257172.0,1375.91
2013-06-18,1389.69,1397.02,1366.75,1370.42,322039.0,1370.42
2013-06-19,1397.02,1407.11,1377.75,1397.02,229810.0,1397.02
2013-06-20,1397.94,1402.53,1381.43,1388.76,191655.0,1388.76
2013-06-21,1375.91,1408.96,1361.24,1400.68,301871.0,1400.68
2013-06-24,1419.03,1424.52,1408.02,1413.52,188164.0,1413.52
2013-06-25,1419.03,1430.04,1395.19,1412.62,380251.0,1412.62
2013-06-26,1432.77,1432.77,1399.78,1405.28,154587.0,1405.28
2013-06-27,1426.36,1442.87,1407.11,1442.87,239729.0,1442.87
2013-06-28,1458.46,1486.91,1446.54,1485.98,310482.0,1485.98
2013-07-01,1499.74,1504.33,1478.64,1503.42,164835.0,1503.42
2013-07-02,1504.33,1507.08,1490.59,1504.33,190780.0,1504.33
2013-07-03,1505.25,1511.66,1495.16,1506.18,176608.0,1506.18
2013-07-04,1494.25,1500.66,1477.74,1494.25,306669.0,1494.25
2013-07-05,1499.74,1504.33,1482.33,1499.74,192200.0,1499.74
2013-07-08,1512.59,1518.09,1494.25,1494.25,202447.0,1494.25
2013-07-09,1495.16,1519.93,1490.59,1517.17,216291.0,1517.17
2013-07-10,1522.69,1545.63,1522.69,1536.44,290204.0,1536.44
2013-07-11,1527.25,1527.25,1508.01,1519.93,260880.0,1519.93
2013-07-12,1519.93,1545.63,1519.93,1542.85,156334.0,1542.85
2013-07-16,1542.85,1552.94,1535.53,1541.95,149244.0,1541.95
2013-07-17,1541.02,1559.39,1535.53,1556.63,162763.0,1556.63
2013-07-18,1556.63,1567.63,1554.79,1563.05,294677.0,1563.05
2013-07-19,1568.55,1573.15,1543.78,1547.48,193179.0,1547.48
2013-07-22,1562.12,1579.56,1555.69,1576.8,180862.0,1576.8
2013-07-23,1574.98,1577.72,1564.89,1572.21,149356.0,1572.21
2013-07-24,1567.63,1570.37,1548.36,1549.27,232101.0,1549.27
2013-07-25,1550.22,1558.45,1539.2,1542.85,185111.0,1542.85
2013-07-26,1539.2,1544.7,1509.85,1523.61,230899.0,1523.61
2013-07-29,1504.33,1504.33,1453.88,1457.56,346349.0,1457.56
2013-07-30,1453.88,1483.24,1452.04,1479.57,269274.0,1479.57
2013-07-31,1458.46,1463.97,1444.71,1444.71,240165.0,1444.71
2013-08-01,1444.71,1450.21,1432.77,1449.3,332397.0,1449.3
2013-08-02,1466.72,1487.81,1459.38,1487.81,235697.0,1487.81
2013-08-05,1485.08,1485.08,1467.65,1474.98,145101.0,1474.98
2013-08-06,1476.83,1506.18,1460.31,1505.25,192088.0,1505.25
2013-08-07,1481.4,1486.91,1460.31,1460.31,128313.0,1460.31
2013-08-08,1458.46,1485.08,1438.3,1443.8,260443.0,1443.8
2013-08-09,1447.47,1457.56,1435.55,1452.98,150009.0,1452.98
2013-08-12,1453.88,1465.81,1441.98,1452.04,131148.0,1452.04
2013-08-13,1458.46,1491.5,1458.46,1486.91,123080.0,1486.91
2013-08-14,1495.16,1503.42,1482.33,1500.66,127770.0,1500.66
2013-08-15,1493.34,1493.34,1477.74,1483.24,121116.0,1483.24
2013-08-16,1479.57,1489.64,1463.97,1474.98,164398.0,1474.98
2013-08-19,1470.38,1476.83,1463.97,1473.15,90811.3,1473.15
2013-08-20,1472.21,1481.4,1463.07,1463.07,148700.0,1463.07
2013-08-21,1463.07,1467.65,1445.64,1459.38,152406.0,1459.38
2013-08-22,1447.47,1447.47,1429.12,1430.94,244963.0,1430.94
2013-08-23,1440.14,1446.54,1431.88,1435.55,202663.0,1435.55
2013-08-26,1441.98,1452.98,1436.46,1440.14,129405.0,1440.14
2013-08-27,1440.14,1447.47,1432.77,1435.55,138997.0,1435.55
2013-08-28,1430.94,1430.94,1408.96,1419.95,198958.0,1419.95
2013-08-29,1414.46,1422.7,1409.85,1420.88,124281.0,1420.88
2013-08-30,1430.94,1430.94,1394.28,1403.41,294893.0,1403.41
2013-09-02,1409.85,1413.52,1399.78,1410.78,144885.0,1410.78
2013-09-03,1419.95,1434.63,1413.52,1434.63,251176.0,1434.63
2013-09-04,1419.95,1427.31,1408.02,1422.7,234715.0,1422.7
2013-09-05,1430.94,1432.77,1416.28,1419.03,138127.0,1419.03
2013-09-06,1421.78,1429.12,1399.78,1404.36,190018.0,1404.36
2013-09-09,1432.77,1440.14,1422.7,1430.94,187075.0,1430.94
2013-09-10,1432.77,1439.19,1417.19,1421.78,368916.0,1421.78
2013-09-11,1428.2,1435.55,1417.19,1419.95,218037.0,1419.95
2013-09-12,1421.78,1426.36,1404.36,1408.96,302088.0,1408.96
2013-09-13,1403.41,1413.52,1390.59,1405.28,417320.0,1405.28
2013-09-17,1408.96,1412.62,1398.86,1398.86,280176.0,1398.86
2013-09-18,1407.11,1407.11,1394.28,1397.02,239076.0,1397.02
2013-09-19,1405.28,1411.71,1397.02,1411.71,275816.0,1411.71
2013-09-20,1412.62,1417.19,1407.11,1411.71,297729.0,1411.71
2013-09-24,1412.62,1421.78,1409.85,1416.28,323347.0,1416.28
2013-09-25,1414.46,1419.95,1409.85,1415.35,452425.0,1415.35
2013-09-26,1406.22,1409.85,1390.59,1408.96,414706.0,1408.96
2013-09-27,1410.78,1411.71,1403.41,1406.22,172573.0,1406.22
2013-09-30,1405.28,1409.85,1397.02,1398.86,272217.0,1398.86
2013-10-01,1399.78,1403.41,1389.69,1394.28,245617.0,1394.28
2013-10-02,1391.51,1395.19,1375.91,1380.51,266767.0,1380.51
2013-10-03,1386.01,1403.41,1376.85,1376.85,342426.0,1376.85
2013-10-04,1375.91,1379.6,1362.16,1369.49,336972.0,1369.49
2013-10-07,1370.42,1377.75,1364.0,1366.75,230573.0,1366.75
2013-10-08,1364.91,1365.84,1350.25,1353.89,327815.0,1353.89
2013-10-09,1354.83,1372.24,1344.71,1372.24,184239.0,1372.24
2013-10-10,1374.08,1389.69,1371.34,1389.69,221197.0,1389.69
2013-10-11,1402.53,1407.11,1390.59,1396.1,257609.0,1396.1
2013-10-15,1398.86,1405.28,1388.76,1393.33,240495.0,1393.33
2013-10-16,1395.19,1402.53,1358.49,1390.59,366301.0,1390.59
2013-10-17,1397.94,1409.85,1397.94,1406.22,200811.0,1406.22
2013-10-18,1403.41,1421.78,1397.02,1419.95,276361.0,1419.95
2013-10-21,1421.78,1423.63,1416.28,1423.63,156223.0,1423.63
2013-10-22,1425.46,1430.94,1424.52,1424.52,108036.0,1424.52
2013-10-23,1425.46,1430.94,1417.19,1419.95,203535.0,1419.95
2013-10-24,1419.03,1430.94,1414.46,1428.2,155025.0,1428.2
2013-10-25,1429.12,1429.12,1399.78,1405.28,235259.0,1405.28
2013-10-28,1413.52,1417.19,1404.36,1417.19,185111.0,1417.19
2013-10-29,1414.46,1422.7,1403.41,1419.95,184457.0,1419.95
2013-10-30,1422.7,1429.12,1411.71,1428.2,300674.0,1428.2
2013-10-31,1421.78,1429.12,1415.35,1425.46,229920.0,1425.46
2013-11-01,1422.7,1425.46,1408.96,1410.78,258262.0,1410.78
2013-11-05,1425.46,1426.36,1406.22,1413.52,255102.0,1413.52
2013-11-06,1410.78,1425.46,1406.22,1412.62,218909.0,1412.62
2013-11-07,1414.46,1425.46,1412.62,1420.88,288679.0,1420.88
2013-11-08,1421.78,1424.52,1410.78,1419.95,255211.0,1419.95
2013-11-11,1426.36,1427.31,1408.96,1427.31,204300.0,1427.31
2013-11-12,1412.62,1429.12,1409.85,1429.12,242021.0,1429.12
2013-11-13,1428.2,1429.12,1416.28,1429.12,149244.0,1429.12
2013-11-14,1430.04,1443.8,1422.7,1438.3,240601.0,1438.3
2013-11-15,1444.71,1449.3,1437.37,1446.54,251286.0,1446.54
2013-11-18,1449.3,1462.13,1447.47,1453.88,264804.0,1453.88
2013-11-19,1453.88,1462.13,1450.21,1459.38,205061.0,1459.38
2013-11-20,1459.38,1461.22,1444.71,1452.98,140849.0,1452.98
2013-11-21,1460.31,1463.07,1451.16,1459.38,144776.0,1459.38
2013-11-22,1460.31,1460.31,1449.3,1456.63,187946.0,1456.63
2013-11-25,1459.38,1467.65,1454.83,1467.65,162328.0,1467.65
2013-11-26,1465.81,1466.72,1441.98,1447.47,212912.0,1447.47
2013-11-27,1452.04,1452.98,1435.55,1441.03,166579.0,1441.03
2013-11-28,1441.03,1441.98,1422.7,1425.46,206043.0,1425.46
2013-11-29,1428.2,1445.64,1428.2,1433.72,268293.0,1433.72
2013-12-02,1439.19,1444.71,1428.2,1430.94,177481.0,1430.94
2013-12-03,1435.55,1439.19,1413.52,1419.95,304379.0,1419.95
2013-12-04,1421.78,1428.2,1409.85,1419.03,356818.0,1419.03
2013-12-05,1422.7,1426.36,1408.96,1410.78,191545.0,1410.78
2013-12-06,1416.28,1420.88,1409.85,1412.62,222179.0,1412.62
2013-12-09,1419.95,1430.94,1419.95,1427.31,202663.0,1427.31
2013-12-10,1430.94,1439.19,1421.78,1436.46,235042.0,1436.46
2013-12-11,1441.03,1443.8,1430.94,1435.55,229483.0,1435.55
2013-12-12,1434.63,1434.63,1425.46,1426.36,126135.0,1426.36
2013-12-13,1422.7,1436.46,1421.78,1426.36,401513.0,1426.36
2013-12-16,1426.36,1430.04,1419.95,1419.95,149791.0,1419.95
2013-12-17,1423.63,1428.2,1418.11,1428.2,186964.0,1428.2
2013-12-18,1429.12,1435.55,1421.78,1434.63,228830.0,1434.63
2013-12-19,1435.55,1440.14,1432.77,1433.72,193505.0,1433.72
2013-12-20,1430.94,1433.72,1419.95,1430.04,223487.0,1430.04
2013-12-24,1427.31,1432.77,1420.88,1424.52,208332.0,1424.52
2013-12-25,1421.78,1427.31,1414.46,1422.7,175083.0,1422.7
2013-12-26,1428.2,1440.14,1419.95,1435.55,237329.0,1435.55
2013-12-27,1435.55,1451.16,1432.77,1449.3,165380.0,1449.3
2013-12-30,1460.31,1461.22,1452.04,1457.56,137797.0,1457.56
2014-01-06,1463.07,1466.72,1449.3,1452.04,218798.0,1452.04
2014-01-07,1454.83,1454.83,1426.36,1428.2,230573.0,1428.2
2014-01-08,1440.14,1454.83,1434.63,1454.83,198848.0,1454.83
2014-01-09,1450.21,1450.21,1435.55,1441.98,206260.0,1441.98
2014-01-10,1436.46,1439.19,1423.63,1436.46,310811.0,1436.46
2014-01-14,1437.37,1437.37,1419.03,1421.78,344825.0,1421.78
2014-01-15,1427.31,1445.64,1420.88,1445.64,244310.0,1445.64
2014-01-16,1445.64,1452.04,1433.72,1443.8,390284.0,1443.8
2014-01-17,1441.03,1453.88,1435.55,1451.16,226647.0,1451.16
2014-01-20,1457.56,1463.07,1452.98,1456.63,117304.0,1456.63
2014-01-21,1458.46,1462.13,1449.3,1452.98,184021.0,1452.98
2014-01-22,1453.88,1454.83,1439.19,1449.3,195578.0,1449.3
2014-01-23,1449.3,1449.3,1427.31,1427.31,231225.0,1427.31
2014-01-24,1422.7,1426.36,1412.62,1424.52,363249.0,1424.52
2014-01-27,1417.19,1419.03,1403.41,1410.78,311682.0,1410.78
2014-01-28,1420.88,1420.88,1401.61,1401.61,242784.0,1401.61
2014-01-29,1420.88,1441.98,1419.95,1441.03,207244.0,1441.03
2014-01-30,1404.36,1425.46,1397.02,1418.11,309503.0,1418.11
2014-01-31,1429.12,1435.55,1399.78,1412.62,294130.0,1412.62
2014-02-03,1412.62,1424.52,1403.41,1404.36,249106.0,1404.36
2014-02-04,1394.28,1397.94,1362.16,1363.08,424079.0,1363.08
2014-02-05,1364.91,1390.59,1362.16,1387.84,335885.0,1387.84
2014-02-06,1388.76,1391.51,1375.01,1375.01,253139.0,1375.01
2014-02-07,1376.85,1400.68,1376.85,1397.02,219998.0,1397.02
2014-02-10,1413.52,1415.35,1397.02,1409.85,180862.0,1409.85
2014-02-12,1419.95,1439.19,1419.03,1437.37,183476.0,1437.37
2014-02-13,1430.94,1444.71,1426.36,1431.88,229483.0,1431.88
2014-02-14,1440.14,1449.3,1419.95,1433.72,297946.0,1433.72
2014-02-17,1430.94,1443.8,1411.71,1441.03,158292.0,1441.03
2014-02-18,1440.14,1453.88,1433.72,1451.16,198958.0,1451.16
2014-02-19,1449.3,1465.81,1431.88,1456.63,287806.0,1456.63
2014-02-20,1458.46,1458.46,1444.71,1452.04,220326.0,1452.04
2014-02-21,1463.07,1481.4,1453.88,1478.64,315715.0,1478.64
2014-02-24,1483.24,1503.42,1468.56,1485.98,306013.0,1485.98
2014-02-25,1490.59,1504.33,1488.75,1504.33,244093.0,1504.33
2014-02-26,1498.83,1506.18,1492.41,1500.66,153280.0,1500.66
2014-02-27,1496.08,1506.18,1483.24,1496.08,128750.0,1496.08
2014-02-28,1490.59,1502.5,1481.4,1499.74,163744.0,1499.74
2014-03-03,1494.25,1497.91,1477.74,1492.41,205937.0,1492.41
2014-03-04,1489.64,1505.25,1478.64,1503.42,172466.0,1503.42
2014-03-05,1508.92,1518.09,1502.5,1505.25,202663.0,1505.25
2014-03-06,1509.85,1510.77,1490.59,1508.92,208332.0,1508.92
2014-03-07,1512.59,1526.37,1505.25,1525.43,225665.0,1525.43
2014-03-10,1526.37,1533.7,1513.5,1521.76,235370.0,1521.76
2014-03-11,1530.01,1536.44,1526.37,1534.59,115122.0,1534.59
2014-03-12,1527.25,1531.86,1507.08,1509.85,175192.0,1509.85
2014-03-13,1504.33,1508.01,1493.34,1504.33,176936.0,1504.33
2014-03-14,1482.33,1505.25,1456.63,1468.56,427458.0,1468.56
2014-03-17,1469.5,1476.83,1446.54,1454.83,256301.0,1454.83
2014-03-18,1474.05,1478.64,1456.63,1464.9,203101.0,1464.9
2014-03-19,1477.74,1482.33,1465.81,1470.38,132458.0,1470.38
2014-03-20,1482.33,1494.25,1463.97,1464.9,317457.0,1464.9
2014-03-24,1485.08,1536.44,1483.24,1520.85,477171.0,1520.85
2014-03-25,1511.66,1552.94,1508.92,1525.43,550975.0,1525.43
2014-03-26,1550.22,1569.48,1533.7,1540.11,570707.0,1540.11
2014-03-27,1509.85,1544.7,1503.42,1534.59,417646.0,1534.59
2014-03-28,1525.43,1552.94,1514.44,1552.94,398023.0,1552.94
2014-03-31,1558.45,1576.8,1550.22,1572.21,324763.0,1572.21
2014-04-01,1574.98,1575.88,1551.1,1561.2,212912.0,1561.2
2014-04-02,1564.89,1567.63,1544.7,1544.7,220870.0,1544.7
2014-04-03,1542.85,1558.45,1535.53,1554.79,274724.0,1554.79
2014-04-04,1553.88,1555.69,1543.78,1552.06,144229.0,1552.06
2014-04-07,1538.28,1553.88,1531.86,1538.28,136382.0,1538.28
2014-04-08,1530.01,1534.59,1516.28,1524.52,150117.0,1524.52
2014-04-09,1516.28,1519.03,1498.83,1506.18,294347.0,1506.18
2014-04-10,1520.85,1530.01,1506.18,1510.77,199068.0,1510.77
2014-04-11,1494.25,1508.01,1488.75,1497.0,157422.0,1497.0
2014-04-14,1494.25,1508.01,1490.59,1497.91,145321.0,1497.91
2014-04-15,1500.66,1521.76,1496.08,1519.93,200266.0,1519.93
2014-04-16,1527.25,1533.7,1518.09,1529.1,202771.0,1529.1
2014-04-17,1535.53,1538.28,1528.18,1534.59,161346.0,1534.59
2014-04-18,1534.59,1540.11,1524.52,1540.11,69987.8,1540.11
2014-04-21,1540.11,1552.06,1515.32,1538.28,115231.0,1538.28
2014-04-22,1545.63,1545.63,1527.25,1528.18,117522.0,1528.18
2014-04-23,1528.18,1540.11,1520.85,1534.59,156765.0,1534.59
2014-04-24,1536.44,1541.95,1520.85,1535.53,193179.0,1535.53
2014-04-25,1540.11,1559.39,1527.25,1553.88,253686.0,1553.88
2014-04-28,1552.94,1553.88,1538.28,1551.1,179660.0,1551.1
2014-04-30,1552.06,1563.05,1546.51,1559.39,243111.0,1559.39
2014-05-01,1559.39,1566.72,1542.85,1563.94,245944.0,1563.94
2014-05-02,1563.94,1565.8,1552.94,1556.63,212912.0,1556.63
2014-05-07,1551.1,1551.1,1524.52,1526.37,335233.0,1526.37
2014-05-08,1525.43,1552.94,1525.43,1536.44,229483.0,1536.44
2014-05-09,1612.57,1692.38,1609.82,1648.34,1368831.0,1648.34
2014-05-12,1611.65,1637.35,1596.98,1601.57,765416.0,1601.57
2014-05-13,1605.23,1626.34,1601.57,1608.93,639283.0,1608.93
2014-05-14,1607.98,1624.51,1601.57,1607.98,541599.0,1607.98
2014-05-15,1609.82,1618.1,1593.32,1616.26,341988.0,1616.26
2014-05-16,1616.26,1617.15,1597.89,1611.65,421900.0,1611.65
2014-05-19,1615.34,1646.5,1614.4,1622.67,458093.0,1622.67
2014-05-20,1628.19,1647.44,1624.51,1642.85,314189.0,1642.85
2014-05-21,1642.85,1654.74,1636.42,1650.18,352674.0,1650.18
2014-05-22,1651.1,1677.69,1642.85,1675.84,365975.0,1675.84
2014-05-23,1678.63,1681.39,1665.78,1681.39,344714.0,1681.39
2014-05-26,1686.89,1708.89,1674.95,1707.97,476191.0,1707.97
2014-05-27,1707.97,1710.73,1685.94,1689.63,405983.0,1689.63
2014-05-28,1701.55,1713.47,1690.56,1699.73,434546.0,1699.73
2014-05-29,1699.73,1699.73,1684.12,1697.9,304161.0,1697.9
2014-05-30,1697.9,1710.73,1693.29,1695.14,319312.0,1695.14
2014-06-02,1696.96,1736.41,1695.14,1731.82,409254.0,1731.82
2014-06-03,1736.41,1752.0,1726.32,1732.75,624457.0,1732.75
2014-06-04,1730.91,1730.91,1689.63,1718.08,509769.0,1718.08
2014-06-05,1718.08,1730.91,1713.47,1728.16,318877.0,1728.16
2014-06-06,1729.06,1738.27,1716.25,1730.91,317241.0,1730.91
2014-06-09,1730.91,1731.82,1707.06,1710.73,376876.0,1710.73
2014-06-10,1711.63,1731.82,1700.63,1706.13,425171.0,1706.13
2014-06-11,1705.24,1707.97,1685.06,1699.73,528954.0,1699.73
2014-06-12,1686.89,1706.13,1683.22,1695.14,503774.0,1695.14
2014-06-13,1658.42,1690.56,1652.03,1686.89,716250.0,1686.89
2014-06-16,1686.89,1697.9,1668.52,1674.06,310920.0,1674.06
2014-06-17,1674.06,1685.06,1659.38,1679.53,352456.0,1679.53
2014-06-18,1677.69,1682.27,1668.52,1676.8,266549.0,1676.8
2014-06-19,1681.39,1718.08,1681.39,1711.63,455804.0,1711.63
2014-06-20,1714.4,1717.13,1695.14,1695.14,476410.0,1695.14
2014-06-23,1706.13,1710.73,1692.38,1705.24,384941.0,1705.24
2014-06-24,1706.13,1724.48,1702.48,1718.08,373497.0,1718.08
2014-06-25,1723.58,1733.65,1717.13,1724.48,332724.0,1724.48
2014-06-26,1735.49,1736.41,1713.47,1717.13,232864.0,1717.13
2014-06-27,1730.91,1730.91,1696.06,1709.8,253358.0,1709.8
2014-06-30,1715.3,1742.83,1705.24,1741.92,349949.0,1741.92
2014-07-01,1742.83,1759.36,1734.57,1752.0,321930.0,1752.0
2014-07-02,1752.0,1774.93,1750.15,1762.98,258917.0,1762.98
2014-07-03,1766.68,1768.51,1753.84,1760.23,141288.0,1760.23
2014-07-04,1765.76,1772.17,1762.08,1771.27,116322.0,1771.27
2014-07-07,1770.35,1774.93,1762.98,1768.51,147937.0,1768.51
2014-07-08,1776.77,1785.94,1767.6,1774.02,291296.0,1774.02
2014-07-09,1766.68,1813.46,1754.76,1774.93,996097.0,1774.93
2014-07-10,1788.7,1807.04,1770.35,1770.35,295656.0,1770.35
2014-07-11,1752.92,1771.27,1739.15,1769.43,197105.0,1769.43
2014-07-14,1769.43,1780.45,1761.19,1775.84,252048.0,1775.84
2014-07-15,1775.84,1802.44,1773.1,1800.63,306776.0,1800.63
2014-07-16,1787.77,1800.63,1777.69,1791.45,209204.0,1791.45
2014-07-17,1796.95,1807.04,1794.18,1805.2,180750.0,1805.2
2014-07-18,1793.27,1797.86,1774.02,1794.18,167234.0,1794.18
2014-07-22,1801.54,1818.94,1798.8,1814.38,197214.0,1814.38
2014-07-23,1816.22,1843.73,1807.96,1832.72,581613.0,1832.72
2014-07-24,1833.63,1833.63,1813.46,1816.22,210841.0,1816.22
2014-07-25,1818.04,1825.38,1808.87,1825.38,192635.0,1825.38
2014-07-28,1827.23,1830.88,1820.8,1829.07,174647.0,1829.07
2014-07-29,1826.3,1833.63,1823.55,1832.72,161346.0,1832.72
2014-07-30,1833.63,1834.57,1813.46,1834.57,308957.0,1834.57
2014-07-31,1742.83,1762.08,1703.38,1714.4,1243568.0,1714.4
2014-08-01,1706.13,1708.89,1660.26,1690.56,846526.0,1690.56
2014-08-04,1696.96,1704.29,1684.12,1695.14,293041.0,1695.14
2014-08-05,1696.06,1698.81,1676.8,1679.53,359977.0,1679.53
2014-08-06,1674.06,1694.2,1668.52,1681.39,354963.0,1681.39
2014-08-07,1683.22,1713.47,1683.22,1710.73,333485.0,1710.73
2014-08-08,1700.63,1718.97,1694.2,1699.73,469759.0,1699.73
2014-08-11,1730.0,1730.0,1705.24,1723.58,250087.0,1723.58
2014-08-12,1728.16,1733.65,1717.13,1731.82,279520.0,1731.82
2014-08-13,1724.48,1724.48,1703.38,1720.82,381127.0,1720.82
2014-08-14,1720.82,1754.76,1719.91,1750.15,336646.0,1750.15
2014-08-15,1749.26,1769.43,1741.92,1745.59,264148.0,1745.59
2014-08-18,1742.83,1745.59,1730.91,1740.09,210515.0,1740.09
2014-08-19,1743.75,1754.76,1741.92,1752.0,196451.0,1752.0
2014-08-20,1751.07,1754.76,1740.99,1748.33,225994.0,1748.33
2014-08-21,1752.0,1753.84,1738.27,1749.26,207898.0,1749.26
2014-08-22,1752.0,1756.58,1747.41,1750.15,156111.0,1750.15
2014-08-25,1766.68,1777.69,1751.07,1755.68,261643.0,1755.68
2014-08-26,1755.68,1758.42,1739.15,1742.83,221417.0,1742.83
2014-08-27,1753.84,1758.42,1736.41,1743.75,191980.0,1743.75
2014-08-28,1743.75,1743.75,1697.9,1707.06,538767.0,1707.06
2014-08-29,1702.48,1717.13,1698.81,1711.63,322695.0,1711.63
2014-09-01,1711.63,1713.47,1701.55,1702.48,215964.0,1702.48
2014-09-02,1712.59,1718.08,1698.81,1703.38,273744.0,1703.38
2014-09-03,1704.29,1709.8,1669.45,1677.69,626526.0,1677.69
2014-09-04,1678.63,1678.63,1666.7,1673.11,308192.0,1673.11
2014-09-05,1678.63,1679.53,1667.61,1670.37,337629.0,1670.37
2014-09-08,1680.45,1681.39,1653.86,1657.54,397372.0,1657.54
2014-09-09,1668.52,1668.52,1646.5,1650.18,394972.0,1650.18
2014-09-10,1650.18,1669.45,1648.34,1667.61,270039.0,1667.61
2014-09-11,1676.8,1678.63,1659.38,1668.52,255320.0,1668.52
2014-09-12,1676.8,1684.12,1665.78,1683.22,367391.0,1683.22
2014-09-16,1687.78,1690.56,1674.95,1689.63,315825.0,1689.63
2014-09-17,1689.63,1708.89,1682.27,1702.48,469540.0,1702.48
2014-09-18,1708.89,1718.97,1707.06,1715.3,384615.0,1715.3
2014-09-19,1718.97,1730.91,1714.4,1727.25,305250.0,1727.25
2014-09-22,1735.49,1757.51,1728.16,1757.51,529827.0,1757.51
2014-09-24,1755.68,1761.19,1749.26,1756.58,374366.0,1756.58
2014-09-25,1762.98,1779.51,1761.19,1779.51,355943.0,1779.51
2014-09-26,1740.09,1758.42,1733.65,1753.84,386250.0,1753.84
2014-09-29,1761.19,1762.98,1749.26,1759.36,180095.0,1759.36
2014-09-30,1759.36,1762.08,1725.4,1746.5,366083.0,1746.5
2014-10-01,1742.83,1764.83,1727.25,1756.58,289662.0,1756.58
2014-10-02,1741.92,1757.51,1715.3,1717.13,256738.0,1717.13
2014-10-03,1710.73,1733.65,1710.73,1729.06,207898.0,1729.06
2014-10-06,1741.92,1742.83,1718.97,1720.82,225994.0,1720.82
2014-10-07,1720.82,1737.33,1718.97,1718.97,225232.0,1718.97
2014-10-08,1710.73,1740.09,1709.8,1732.75,342533.0,1732.75
2014-10-09,1736.41,1741.92,1703.38,1705.24,193832.0,1705.24
2014-10-10,1680.45,1705.24,1679.53,1685.94,232970.0,1685.94
2014-10-14,1656.6,1685.94,1652.03,1669.45,324656.0,1669.45
2014-10-15,1668.52,1682.27,1666.7,1677.69,332724.0,1677.69
2014-10-16,1652.03,1676.8,1638.27,1643.77,270582.0,1643.77
2014-10-17,1651.1,1657.54,1612.57,1613.5,270039.0,1613.5
2014-10-20,1652.93,1665.78,1651.1,1662.11,258699.0,1662.11
2014-10-21,1663.95,1668.52,1637.35,1642.85,163854.0,1642.85
2014-10-22,1662.11,1680.45,1653.86,1675.84,184567.0,1675.84
2014-10-23,1664.86,1685.94,1662.11,1672.2,167451.0,1672.2
2014-10-24,1689.63,1691.46,1667.61,1688.71,175518.0,1688.71
2014-10-27,1704.29,1728.16,1702.48,1718.97,290861.0,1718.97
2014-10-28,1719.91,1727.25,1713.47,1722.64,128750.0,1722.64
2014-10-29,1733.65,1750.15,1724.48,1745.59,280611.0,1745.59
2014-10-30,1745.59,1745.59,1710.73,1718.97,600035.0,1718.97
2014-10-31,1651.1,1757.51,1633.68,1753.84,1188514.0,1753.84
2014-11-04,1779.51,1788.7,1716.25,1718.97,664901.0,1718.97
2014-11-05,1718.08,1742.83,1707.97,1741.92,461472.0,1741.92
2014-11-06,1754.76,1769.43,1721.73,1731.82,430839.0,1731.82
2014-11-07,1749.26,1786.87,1739.15,1778.6,482187.0,1778.6
2014-11-10,1761.19,1773.1,1745.59,1749.26,286500.0,1749.26
2014-11-11,1751.07,1776.77,1751.07,1766.68,253029.0,1766.68
2014-11-12,1779.51,1796.95,1774.93,1775.84,414812.0,1775.84
2014-11-13,1774.93,1829.07,1774.93,1828.14,443702.0,1828.14
2014-11-14,1834.57,1870.33,1833.63,1867.57,709599.0,1867.57
2014-11-17,1857.5,1864.83,1820.8,1830.88,442503.0,1830.88
2014-11-18,1851.07,1886.82,1847.4,1884.1,517399.0,1884.1
2014-11-19,1889.58,1906.12,1872.16,1883.19,300889.0,1883.19
2014-11-20,1878.59,1885.95,1863.01,1878.59,285846.0,1878.59
2014-11-21,1875.84,1888.68,1863.01,1882.25,165598.0,1882.25
2014-11-25,1885.95,1885.95,1850.15,1859.31,258482.0,1859.31
2014-11-26,1860.25,1863.91,1827.23,1830.88,319748.0,1830.88
2014-11-27,1827.23,1840.97,1814.38,1823.55,209641.0,1823.55
2014-11-28,1817.13,1831.82,1817.13,1828.14,154697.0,1828.14
2014-12-01,1843.73,1939.13,1843.73,1928.13,1012885.0,1928.13
2014-12-02,1907.93,1949.2,1904.28,1920.77,598835.0,1920.77
2014-12-03,1907.93,1931.8,1901.5,1915.27,560025.0,1915.27
2014-12-04,1916.19,1930.86,1867.57,1890.5,680163.0,1890.5
2014-12-05,1889.58,1905.17,1870.33,1901.5,283117.0,1901.5
2014-12-08,1901.5,1911.61,1866.67,1892.35,369895.0,1892.35
2014-12-09,1880.43,1911.61,1878.59,1905.17,302198.0,1905.17
2014-12-10,1905.17,1932.7,1896.94,1910.68,539638.0,1910.68
2014-12-11,1909.78,1922.61,1869.43,1886.82,524268.0,1886.82
2014-12-12,1868.5,1885.95,1862.07,1868.5,539857.0,1868.5
2014-12-15,1852.9,1892.35,1850.15,1881.34,240821.0,1881.34
2014-12-16,1852.9,1872.16,1836.39,1837.31,474228.0,1837.31
2014-12-17,1833.63,1844.65,1812.56,1824.47,426151.0,1824.47
2014-12-18,1856.58,1880.43,1847.4,1868.5,233843.0,1868.5
2014-12-19,1901.5,1910.68,1873.08,1902.44,266004.0,1902.44
2014-12-22,1897.84,1900.6,1876.74,1888.68,244418.0,1888.68
2014-12-24,1913.44,1933.62,1902.44,1933.62,249978.0,1933.62
2014-12-25,1926.3,1943.71,1919.87,1936.36,186311.0,1936.36
2014-12-26,1941.88,1943.71,1919.87,1932.7,421245.0,1932.7
2014-12-29,1940.04,1949.2,1918.96,1931.8,281704.0,1931.8
2014-12-30,1939.13,1939.13,1909.78,1911.61,102478.0,1911.61
2015-01-05,1897.84,1913.44,1885.95,1907.93,215201.0,1907.93
2015-01-06,1885.95,1910.68,1875.84,1877.68,263169.0,1877.68
2015-01-07,1862.07,1905.17,1862.07,1887.77,212587.0,1887.77
2015-01-08,1912.53,1937.3,1907.03,1921.7,181624.0,1921.7
2015-01-09,1921.7,1926.3,1883.19,1893.26,232753.0,1893.26
2015-01-13,1879.5,1919.87,1878.59,1918.01,191655.0,1918.01
2015-01-14,1895.11,1930.86,1895.11,1914.36,189363.0,1914.36
2015-01-15,1927.2,1965.73,1927.2,1962.05,189146.0,1962.05
2015-01-16,1928.13,1942.8,1891.44,1932.7,266549.0,1932.7
2015-01-19,1953.82,1959.31,1929.03,1956.56,135944.0,1956.56
2015-01-20,1958.39,1979.49,1953.82,1973.99,158186.0,1973.99
2015-01-21,1970.32,1986.83,1958.39,1972.14,321930.0,1972.14
2015-01-22,1979.49,2009.76,1955.64,2006.09,349402.0,2006.09
2015-01-23,2018.02,2027.2,1972.14,1997.84,439888.0,1997.84
2015-01-26,1990.5,2022.6,1988.68,2008.85,363793.0,2008.85
2015-01-27,2000.59,2021.7,1982.25,2020.77,494068.0,2020.77
2015-01-28,2006.09,2137.24,2005.18,2119.82,890894.0,2119.82
2015-01-29,2107.91,2158.37,2081.3,2108.82,647895.0,2108.82
2015-01-30,2142.76,2201.48,2142.76,2170.3,656943.0,2170.3
2015-02-02,2147.35,2199.64,2147.35,2166.6,463543.0,2166.6
2015-02-03,2182.22,2202.38,2143.67,2153.77,440431.0,2153.77
2015-02-04,2158.37,2158.37,2101.5,2114.33,566675.0,2114.33
2015-02-05,2115.24,2136.34,2083.14,2093.23,357906.0,2093.23
2015-02-06,2109.74,2109.74,2073.97,2081.3,287699.0,2081.3
2015-02-09,2091.38,2125.34,2084.04,2123.51,353765.0,2123.51
2015-02-10,2131.74,2141.86,2062.05,2092.33,402276.0,2092.33
2015-02-12,2137.24,2231.75,2123.51,2213.4,855138.0,2213.4
2015-02-13,2213.4,2213.4,2180.38,2184.05,307758.0,2184.05
2015-02-16,2187.71,2196.88,2144.6,2151.91,271235.0,2151.91
2015-02-17,2161.11,2240.93,2141.86,2238.16,482296.0,2238.16
2015-02-18,2247.34,2269.35,2227.15,2260.16,421136.0,2260.16
2015-02-19,2257.42,2287.67,2254.67,2280.35,318332.0,2280.35
2015-02-20,2271.18,2284.04,2257.42,2276.68,355834.0,2276.68
2015-02-23,2274.85,2279.43,2252.84,2265.67,252158.0,2265.67
2015-02-24,2265.67,2265.67,2231.75,2240.93,331089.0,2240.93
2015-02-25,2240.93,2250.1,2220.74,2248.25,330431.0,2248.25
2015-02-26,2232.65,2285.86,2232.65,2284.95,278540.0,2284.95
2015-02-27,2289.52,2320.71,2285.86,2293.19,348529.0,2293.19
2015-03-02,2293.19,2339.07,2293.19,2303.3,288899.0,2303.3
2015-03-03,2309.71,2338.13,2302.35,2330.81,201902.0,2330.81
2015-03-04,2329.89,2331.72,2294.12,2318.87,275051.0,2318.87
2015-03-05,2306.98,2337.24,2306.98,2329.89,248343.0,2329.89
2015-03-06,2317.03,2378.5,2312.46,2378.5,315607.0,2378.5
2015-03-09,2362.92,2394.12,2342.72,2372.98,317569.0,2372.98
2015-03-10,2384.91,2396.83,2358.32,2364.76,286606.0,2364.76
2015-03-11,2359.23,2388.6,2357.4,2372.08,247798.0,2372.08
2015-03-12,2372.98,2402.35,2360.16,2398.68,235370.0,2398.68
2015-03-13,2396.83,2420.68,2372.98,2373.92,600470.0,2373.92
2015-03-16,2367.5,2382.16,2354.66,2364.76,356924.0,2364.76
2015-03-17,2376.67,2379.41,2344.56,2365.64,398133.0,2365.64
2015-03-18,2350.07,2389.51,2347.34,2387.65,420701.0,2387.65
2015-03-19,2384.91,2385.85,2341.79,2357.4,348529.0,2357.4
2015-03-20,2365.64,2378.5,2349.16,2369.33,279741.0,2369.33
2015-03-23,2380.34,2401.42,2372.98,2398.68,236132.0,2398.68
2015-03-24,2398.68,2410.6,2385.85,2406.01,262733.0,2406.01
2015-03-25,2402.35,2416.1,2376.67,2396.83,251612.0,2396.83
2015-03-26,2384.01,2384.91,2352.84,2365.64,327161.0,2365.64
2015-03-27,2339.07,2359.23,2297.79,2315.22,329342.0,2315.22
2015-03-30,2314.29,2378.5,2314.29,2352.84,293586.0,2352.84
2015-03-31,2378.5,2383.1,2311.55,2311.55,314189.0,2311.55
2015-04-01,2293.19,2302.35,2262.0,2284.95,301107.0,2284.95
2015-04-02,2293.19,2330.81,2293.19,2311.55,284537.0,2311.55
2015-04-03,2311.55,2365.64,2302.35,2364.76,218580.0,2364.76
2015-04-06,2354.66,2400.52,2354.66,2385.85,205608.0,2385.85
2015-04-07,2385.85,2407.85,2381.26,2398.68,274943.0,2398.68
2015-04-08,2404.19,2441.8,2401.42,2436.3,310920.0,2436.3
2015-04-09,2441.8,2476.66,2439.98,2454.66,284427.0,2454.66
2015-04-10,2469.3,2473.89,2446.37,2458.29,269274.0,2458.29
2015-04-13,2457.4,2457.4,2400.52,2414.28,239185.0,2414.28
2015-04-14,2400.52,2412.44,2385.85,2407.85,187401.0,2407.85
2015-04-15,2390.44,2404.19,2357.4,2361.08,274835.0,2361.08
2015-04-16,2339.07,2357.4,2305.12,2328.07,325854.0,2328.07
2015-04-17,2311.55,2344.56,2298.7,2300.52,345696.0,2300.52
2015-04-20,2293.19,2322.55,2266.61,2311.55,252919.0,2311.55
2015-04-21,2312.46,2343.65,2296.87,2342.72,236569.0,2342.72
2015-04-22,2357.4,2370.24,2315.22,2330.81,316369.0,2330.81
2015-04-23,2315.22,2325.31,2295.03,2301.47,393991.0,2301.47
2015-04-24,2302.35,2332.65,2302.35,2311.55,232753.0,2311.55
2015-04-27,2313.39,2317.03,2293.19,2296.87,187183.0,2296.87
2015-04-28,2297.79,2309.71,2292.3,2293.19,215310.0,2293.19
2015-04-30,2290.47,2290.47,2228.99,2239.99,318332.0,2239.99
2015-05-01,2239.08,2243.67,2213.4,2220.74,321058.0,2220.74
2015-05-07,2204.23,2251.91,2200.54,2201.48,223159.0,2201.48
2015-05-08,2197.8,2232.65,2197.8,2220.74,194705.0,2220.74
2015-05-11,2241.82,2251.0,2220.74,2221.64,204845.0,2221.64
2015-05-12,2217.99,2239.99,2204.23,2235.44,199503.0,2235.44
2015-05-13,2210.64,2213.4,2152.86,2163.87,620857.0,2163.87
2015-05-14,2152.86,2177.6,2133.59,2137.24,322258.0,2137.24
2015-05-15,2109.74,2131.74,2077.64,2111.58,667517.0,2111.58
2015-05-18,2109.74,2136.34,2103.31,2126.23,543565.0,2126.23
2015-05-19,2137.24,2154.68,2112.48,2148.26,381344.0,2148.26
2015-05-20,2151.04,2162.03,2133.59,2151.04,308629.0,2151.04
2015-05-21,2169.36,2182.22,2151.04,2151.91,271454.0,2151.91
2015-05-22,2159.27,2161.11,2125.34,2144.6,267091.0,2144.6
2015-05-25,2144.6,2151.91,2130.85,2141.86,180970.0,2141.86
2015-05-26,2146.43,2161.11,2141.86,2151.91,217163.0,2151.91
2015-05-27,2155.6,2170.3,2140.0,2158.37,293041.0,2158.37
2015-05-28,2163.87,2171.19,2149.2,2164.77,299909.0,2164.77
2015-05-29,2155.6,2206.07,2155.6,2165.68,485131.0,2165.68
2015-06-01,2164.77,2182.22,2142.76,2166.6,261970.0,2166.6
2015-06-02,2162.92,2166.6,2134.51,2149.2,364554.0,2149.2
2015-06-03,2144.6,2159.27,2139.1,2151.04,211712.0,2151.04
2015-06-04,2140.0,2144.6,2119.82,2136.34,216618.0,2136.34
2015-06-05,2120.76,2165.68,2120.76,2156.52,191219.0,2156.52
2015-06-08,2156.52,2157.44,2120.76,2128.08,225559.0,2128.08
2015-06-09,2122.57,2129.92,2109.74,2111.58,207244.0,2111.58
2015-06-10,2112.48,2117.09,2093.23,2099.66,245944.0,2099.66
2015-06-11,2101.5,2131.74,2099.66,2128.08,205280.0,2128.08
2015-06-12,2129.01,2144.6,2108.82,2114.33,385160.0,2114.33
2015-06-15,2107.91,2131.74,2107.91,2120.76,284319.0,2120.76
2015-06-16,2096.89,2101.5,2035.43,2049.2,1284016.0,2049.2
2015-06-17,2053.78,2084.04,2052.87,2057.45,635794.0,2057.45
2015-06-18,2055.6,2072.14,2055.6,2063.87,410562.0,2063.87
2015-06-19,2072.14,2106.07,2066.64,2091.38,708291.0,2091.38
2015-06-22,2114.33,2171.19,2114.33,2151.91,568746.0,2151.91
2015-06-23,2168.44,2184.96,2136.34,2181.29,543781.0,2181.29
2015-06-24,2178.55,2195.96,2163.87,2188.63,614970.0,2188.63
2015-06-25,2182.22,2193.22,2162.03,2182.22,320184.0,2182.22
2015-06-26,2188.63,2197.8,2168.44,2184.96,323671.0,2184.96
2015-06-29,2128.08,2168.44,2109.74,2134.51,288789.0,2134.51
2015-06-30,2127.17,2151.91,2122.57,2135.43,263279.0,2135.43
2015-07-01,2128.08,2142.76,2110.65,2141.86,224141.0,2141.86
2015-07-02,2142.76,2142.76,2106.07,2109.74,351912.0,2109.74
2015-07-03,2109.74,2124.41,2091.38,2096.0,251942.0,2096.0
2015-07-06,2082.22,2082.22,2053.78,2055.6,332832.0,2055.6
2015-07-07,2073.97,2099.66,2071.22,2094.15,219889.0,2094.15
2015-07-08,2096.89,2096.89,2062.96,2062.96,318332.0,2062.96
2015-07-09,2047.35,2047.35,1999.68,2029.04,366738.0,2029.04
2015-07-10,2054.71,2091.38,2047.35,2057.45,245834.0,2057.45
2015-07-13,2068.46,2131.74,2055.6,2117.09,281375.0,2117.09
2015-07-14,2131.74,2134.51,2107.91,2114.33,240495.0,2114.33
2015-07-15,2114.33,2140.92,2100.57,2140.0,294893.0,2140.0
2015-07-16,2130.85,2145.52,2114.33,2129.01,371206.0,2129.01
2015-07-17,2137.24,2143.67,2112.48,2121.67,248124.0,2121.67
2015-07-21,2136.34,2144.6,2129.01,2137.24,170938.0,2137.24
2015-07-22,2128.08,2129.01,2109.74,2110.65,151753.0,2110.65
2015-07-23,2124.41,2178.55,2117.09,2176.73,349511.0,2176.73
2015-07-24,2168.44,2188.63,2154.68,2184.96,275597.0,2184.96
2015-07-27,2184.96,2217.99,2173.94,2184.05,533753.0,2184.05
2015-07-28,2152.86,2196.88,2147.35,2190.44,344280.0,2190.44
2015-07-29,2194.13,2228.07,2194.13,2223.47,267203.0,2223.47
2015-07-30,2241.82,2246.41,2192.29,2208.78,338284.0,2208.78
2015-07-31,2210.64,2316.13,2210.64,2299.64,629035.0,2299.64
2015-08-03,2299.64,2299.64,2259.27,2279.43,384615.0,2279.43
2015-08-04,2284.04,2316.13,2261.1,2306.05,323567.0,2306.05
2015-08-05,2306.05,2348.22,2293.19,2339.07,398244.0,2339.07
2015-08-06,2339.07,2378.5,2339.07,2343.65,435637.0,2343.65
2015-08-07,2336.29,2336.29,2297.79,2327.14,251395.0,2327.14
2015-08-10,2334.49,2356.49,2318.87,2353.73,260119.0,2353.73
2015-08-11,2350.07,2350.07,2256.52,2284.04,460382.0,2284.04
2015-08-12,2284.04,2284.04,2229.9,2231.75,267312.0,2231.75
2015-08-13,2223.47,2256.52,2209.76,2247.34,166143.0,2247.34
2015-08-14,2237.23,2257.42,2226.23,2235.44,181624.0,2235.44
2015-08-17,2250.1,2265.67,2241.82,2262.94,184457.0,2262.94
2015-08-18,2252.84,2263.84,2230.82,2236.32,148700.0,2236.32
2015-08-19,2226.23,2229.9,2187.71,2189.56,186204.0,2189.56
2015-08-20,2173.94,2182.22,2140.92,2141.86,248997.0,2141.86
2015-08-21,2109.74,2125.34,2091.38,2092.33,289224.0,2092.33
2015-08-24,2038.2,2077.64,1998.74,2000.59,339043.0,2000.59
2015-08-25,1920.77,1990.5,1896.01,1907.03,503662.0,1907.03
2015-08-26,1907.93,1931.8,1891.44,1921.7,518489.0,1921.7
2015-08-27,1972.14,2030.88,1971.24,2000.59,405983.0,2000.59
2015-08-28,2054.71,2057.45,2006.09,2029.04,304814.0,2029.04
2015-08-31,2052.87,2057.45,2018.92,2036.38,252376.0,2036.38
2015-09-01,2027.2,2033.62,1947.38,1949.2,375892.0,1949.2
2015-09-02,1926.3,1978.56,1909.78,1930.86,332068.0,1930.86
2015-09-03,1947.38,1966.65,1929.96,1935.46,259352.0,1935.46
2015-09-04,1950.14,1957.47,1884.1,1898.77,238313.0,1898.77
2015-09-07,1887.77,1904.28,1868.5,1885.02,199176.0,1885.02
2015-09-08,1887.77,1898.77,1838.23,1840.97,225449.0,1840.97
2015-09-09,1898.77,1942.8,1872.16,1941.88,309392.0,1941.88
2015-09-10,1904.28,1911.61,1867.57,1894.17,317457.0,1894.17
2015-09-11,1882.25,1921.7,1876.74,1898.77,402821.0,1898.77
2015-09-14,1923.53,1935.46,1881.34,1884.1,189146.0,1884.1
2015-09-15,1897.84,1947.38,1892.35,1903.34,304704.0,1903.34
2015-09-16,1926.3,1926.3,1863.01,1878.59,237005.0,1878.59
2015-09-17,1871.27,1877.68,1844.65,1864.83,445010.0,1864.83
2015-09-18,1852.9,1864.83,1823.55,1825.38,391156.0,1825.38
2015-09-24,1823.55,1869.43,1818.04,1821.7,343624.0,1821.7
2015-09-25,1834.57,1884.1,1830.88,1884.1,425605.0,1884.1
2015-09-28,1866.67,1886.82,1843.73,1855.67,282030.0,1855.67
2015-09-29,1829.97,1838.23,1784.11,1788.7,411761.0,1788.7
2015-09-30,1835.47,1871.27,1825.38,1852.9,336757.0,1852.9
2015-10-01,1853.83,1865.74,1818.94,1848.32,271127.0,1848.32
2015-10-02,1816.22,1841.9,1796.02,1820.8,441305.0,1820.8
2015-10-05,1784.11,1850.15,1784.11,1845.56,478588.0,1845.56
2015-10-06,1872.16,1903.34,1869.43,1874.9,260553.0,1874.9
2015-10-07,1874.0,1880.43,1838.23,1858.41,352891.0,1858.41
2015-10-08,1850.15,1857.5,1814.38,1818.94,401295.0,1818.94
2015-10-09,1807.96,1824.47,1785.02,1818.04,402493.0,1818.04
2015-10-13,1825.38,1847.4,1812.56,1842.82,400204.0,1842.82
2015-10-14,1830.88,1832.72,1807.04,1821.7,412633.0,1821.7
2015-10-15,1817.13,1837.31,1811.63,1832.72,358013.0,1832.72
2015-10-16,1841.9,1851.98,1835.47,1842.82,334684.0,1842.82
2015-10-19,1851.07,1868.5,1841.9,1856.58,279849.0,1856.58
2015-10-20,1857.5,1871.27,1834.57,1843.73,247363.0,1843.73
2015-10-21,1834.57,1848.32,1818.04,1845.56,267091.0,1845.56
2015-10-22,1839.14,1871.27,1839.14,1856.58,219563.0,1856.58
2015-10-23,1880.43,1910.68,1879.5,1904.28,262188.0,1904.28
2015-10-26,1922.61,1923.53,1895.11,1899.68,172250.0,1899.68
2015-10-27,1903.34,1929.96,1896.94,1897.84,266985.0,1897.84
2015-10-28,1897.84,1907.03,1885.02,1895.11,284427.0,1895.11
2015-10-29,1889.58,1896.94,1866.67,1887.77,878469.0,1887.77
2015-10-30,1897.84,1932.7,1891.44,1922.61,304269.0,1922.61
2015-11-02,2013.43,2013.43,1902.44,1958.39,926108.0,1958.39
2015-11-04,1990.5,1990.5,1926.3,1931.8,528520.0,1931.8
2015-11-05,1935.46,1966.65,1929.96,1940.04,297510.0,1940.04
2015-11-06,1942.8,1946.48,1897.84,1912.53,499192.0,1912.53
2015-11-09,1930.86,1950.14,1921.7,1940.04,374366.0,1940.04
2015-11-10,1939.13,1952.88,1929.03,1949.2,179335.0,1949.2
2015-11-11,1949.2,1975.83,1945.54,1969.38,317353.0,1969.38
2015-11-12,1980.41,1998.74,1973.06,1986.83,236677.0,1986.83
2015-11-13,1979.49,2016.18,1978.56,2006.09,277777.0,2006.09
2015-11-16,1983.15,2010.68,1971.24,1998.74,215201.0,1998.74
2015-11-17,2018.02,2023.52,1996.02,2000.59,229591.0,2000.59
2015-11-18,2012.5,2029.04,2002.43,2009.76,203426.0,2009.76
2015-11-19,2031.77,2031.77,2013.43,2025.35,310701.0,2025.35
2015-11-20,2029.04,2060.22,2017.11,2052.87,419830.0,2052.87
2015-11-24,2050.12,2058.37,2030.88,2038.2,440868.0,2038.2
2015-11-25,2039.12,2041.86,2022.6,2027.2,272655.0,2027.2
2015-11-26,2027.2,2032.69,2010.68,2024.43,291948.0,2024.43
2015-11-27,2021.7,2036.38,2017.11,2018.92,195578.0,2018.92
2015-11-30,2022.6,2029.93,1989.58,1989.58,244197.0,1989.58
2015-12-01,1988.68,1996.91,1978.56,1992.33,246380.0,1992.33
2015-12-02,1986.83,2002.43,1981.33,1999.68,244745.0,1999.68
2015-12-03,2054.71,2103.31,2050.12,2086.8,1202685.0,2086.8
2015-12-04,2086.8,2166.6,2083.14,2138.18,1183281.0,2138.18
2015-12-07,2173.04,2244.58,2173.04,2220.74,987702.0,2220.74
2015-12-08,2201.48,2285.86,2179.45,2232.65,1241716.0,2232.65
2015-12-09,2226.23,2251.0,2167.53,2185.87,616825.0,2185.87
2015-12-10,2183.1,2196.88,2150.08,2173.94,489601.0,2173.94
2015-12-11,2188.63,2205.12,2150.08,2161.11,627727.0,2161.11
2015-12-14,2126.23,2182.22,2126.23,2165.68,432256.0,2165.68
2015-12-15,2165.68,2177.6,2120.76,2126.23,284646.0,2126.23
2015-12-16,2162.92,2164.77,2116.17,2151.91,297184.0,2151.91
2015-12-17,2183.1,2200.54,2165.68,2192.29,262188.0,2192.29
2015-12-18,2187.71,2217.08,2145.52,2151.91,457551.0,2151.91
2015-12-21,2151.91,2162.03,2097.81,2147.35,493633.0,2147.35
2015-12-22,2160.21,2208.78,2157.44,2162.92,540294.0,2162.92
2015-12-24,2176.73,2180.38,2146.43,2147.35,236350.0,2147.35
2015-12-25,2148.26,2178.55,2142.76,2151.91,174866.0,2151.91
2015-12-28,2167.53,2177.6,2129.92,2162.92,200047.0,2162.92
2015-12-29,2133.59,2185.87,2116.17,2178.55,216836.0,2178.55
2015-12-30,2187.71,2217.08,2177.6,2194.13,356818.0,2194.13
2016-01-04,2175.78,2187.71,2118.92,2122.57,413288.0,2122.57
2016-01-05,2108.82,2121.67,2070.32,2102.43,432910.0,2102.43
2016-01-06,2111.58,2127.17,2073.05,2107.91,391810.0,2107.91
2016-01-07,2098.73,2123.51,2064.8,2093.23,504646.0,2093.23
2016-01-08,2073.97,2109.74,2051.03,2063.87,373386.0,2063.87
2016-01-12,2041.86,2059.29,2024.43,2028.1,379382.0,2028.1
2016-01-13,2040.93,2067.55,2029.04,2065.7,278215.0,2065.7
2016-01-14,2023.52,2045.56,1974.92,2004.25,378076.0,2004.25
2016-01-15,2031.77,2053.78,2002.43,2016.18,236569.0,2016.18
2016-01-18,1973.99,2007.01,1958.39,2004.25,203318.0,2004.25
2016-01-19,1993.24,2007.92,1940.97,1951.05,335012.0,1951.05
2016-01-20,1940.04,1977.67,1905.17,1910.68,323018.0,1910.68
2016-01-21,1892.35,1918.96,1837.31,1838.23,346242.0,1838.23
2016-01-22,1902.44,1928.13,1874.9,1925.38,270801.0,1925.38
2016-01-25,1961.15,1984.06,1941.88,1974.92,233081.0,1974.92
2016-01-26,1964.81,2008.85,1953.82,1960.21,432038.0,1960.21
2016-01-27,2040.93,2105.16,2015.26,2051.03,988140.0,2051.03
2016-01-28,2050.12,2117.09,2049.2,2096.89,444684.0,2096.89
2016-01-29,2107.91,2185.87,2107.91,2180.38,460382.0,2180.38
2016-02-01,2188.63,2228.07,2181.29,2226.23,431710.0,2226.23
2016-02-02,2203.31,2265.67,2190.44,2253.75,300455.0,2253.75
2016-02-03,2205.12,2251.0,2199.64,2243.67,364775.0,2243.67
2016-02-04,2212.47,2218.91,2162.03,2176.73,307214.0,2176.73
2016-02-05,2155.6,2162.92,2118.92,2148.26,238858.0,2148.26
2016-02-08,2109.74,2187.71,2106.07,2174.88,321275.0,2174.88
2016-02-09,2100.57,2145.52,2089.57,2102.43,369352.0,2102.43
2016-02-10,2113.42,2119.82,2015.26,2040.93,433672.0,2040.93
2016-02-12,1974.92,2004.25,1910.68,1945.54,554139.0,1945.54
2016-02-15,2032.69,2062.05,1990.5,2049.2,530699.0,2049.2
2016-02-16,2018.02,2023.52,1964.81,1964.81,587825.0,1964.81
2016-02-17,1970.32,1979.49,1919.87,1948.31,403147.0,1948.31
2016-02-18,1990.5,2010.68,1976.71,1990.5,294783.0,1990.5
2016-02-19,1985.01,2016.18,1973.99,1992.33,272110.0,1992.33
2016-02-22,1996.91,2035.43,1992.33,2022.6,275051.0,2022.6
2016-02-23,2027.2,2036.38,1974.92,1983.15,308739.0,1983.15
2016-02-24,1954.72,2009.76,1951.98,1969.38,330977.0,1969.38
2016-02-25,1969.38,2015.26,1966.65,2007.92,277666.0,2007.92
2016-02-26,2029.04,2043.71,2008.85,2015.26,308522.0,2015.26
2016-02-29,2027.2,2027.2,1972.14,1972.14,286827.0,1972.14
2016-03-01,1973.99,1989.58,1951.05,1976.71,204845.0,1976.71
2016-03-02,2010.68,2012.5,1966.65,1993.24,443922.0,1993.24
2016-03-03,1975.83,2003.35,1965.73,1988.68,561987.0,1988.68
2016-03-04,1988.68,2030.88,1970.32,2027.2,488401.0,2027.2
2016-03-07,2011.6,2014.35,1980.41,1987.75,314953.0,1987.75
2016-03-08,1977.67,1982.25,1957.47,1963.88,355834.0,1963.88
2016-03-09,1963.0,1973.99,1942.8,1947.38,392247.0,1947.38
2016-03-10,1968.49,1999.68,1957.47,1985.01,360412.0,1985.01
2016-03-11,1963.0,1995.07,1959.31,1986.83,456021.0,1986.83
2016-03-14,1998.74,2000.59,1978.56,1995.07,288135.0,1995.07
2016-03-15,1994.17,2010.68,1985.01,1995.07,332068.0,1995.07
2016-03-16,1986.83,2012.5,1985.9,2007.01,273852.0,2007.01
2016-03-17,1998.74,1998.74,1973.06,1979.49,533208.0,1979.49
2016-03-18,1972.14,1977.67,1947.38,1961.15,309176.0,1961.15
2016-03-22,1963.0,2001.49,1963.0,1987.75,266437.0,1987.75
2016-03-23,1991.42,2021.7,1991.42,2006.09,268075.0,2006.09
2016-03-24,2008.85,2041.86,2007.92,2027.2,318985.0,2027.2
2016-03-25,2034.53,2038.2,1996.91,2003.35,269055.0,2003.35
2016-03-28,2013.43,2031.77,2010.68,2031.77,409363.0,2031.77
2016-03-29,2030.88,2049.33,2017.93,2031.77,365228.0,2031.77
2016-03-30,2022.53,2028.07,1988.36,1991.13,328194.0,1991.13
2016-03-31,2002.22,2003.14,1943.12,1943.12,409080.0,1943.12
2016-04-01,1948.66,1948.66,1864.61,1868.3,442214.0,1868.3
2016-04-04,1884.94,1915.41,1877.55,1892.33,314227.0,1892.33
2016-04-05,1900.63,1923.72,1874.76,1877.55,502417.0,1877.55
2016-04-06,1868.3,1874.76,1848.0,1863.69,409731.0,1863.69
2016-04-07,1851.7,1875.7,1835.99,1860.91,272215.0,1860.91
2016-04-08,1847.08,1901.54,1842.44,1883.09,276005.0,1883.09
2016-04-11,1888.63,1898.79,1868.3,1878.47,204431.0,1878.47
2016-04-12,1871.09,1879.39,1857.23,1860.91,221647.0,1860.91
2016-04-13,1871.99,1908.02,1870.15,1891.4,516060.0,1891.4
2016-04-14,1911.72,1933.88,1892.33,1933.88,266152.0,1933.88
2016-04-15,1929.26,1934.81,1904.33,1919.12,257705.0,1919.12
2016-04-18,1890.48,1911.72,1873.84,1903.39,379955.0,1903.39
2016-04-19,1927.4,1943.12,1914.48,1931.1,246552.0,1931.1
2016-04-20,1940.34,1964.36,1929.26,1936.63,206488.0,1936.63
2016-04-21,1962.5,1965.28,1939.43,1956.03,214070.0,1956.03
2016-04-22,1944.97,1961.6,1924.65,1957.89,262362.0,1957.89
2016-04-25,1985.59,2031.77,1971.74,2010.54,737493.0,2010.54
2016-04-26,2005.01,2022.53,1987.43,2005.01,447628.0,2005.01
2016-04-27,2012.38,2018.83,1988.36,1996.67,442431.0,1996.67
2016-04-28,2008.7,2016.08,1945.88,1946.81,307082.0,1946.81
2016-05-02,1900.63,1915.41,1887.71,1901.54,298308.0,1901.54
2016-05-06,1909.88,1928.34,1896.94,1910.79,234208.0,1910.79
2016-05-09,1919.12,1952.34,1918.17,1945.88,196202.0,1945.88
2016-05-10,1956.97,1984.69,1951.43,1978.2,251750.0,1978.2
2016-05-11,1999.45,2003.14,1966.19,1970.82,186130.0,1970.82
2016-05-12,1949.57,2031.77,1939.43,2028.07,634408.0,2028.07
2016-05-13,2027.17,2027.17,1975.42,1992.07,583627.0,1992.07
2016-05-16,1980.98,2016.08,1968.99,1976.38,328629.0,1976.38
2016-05-17,1996.67,2048.4,1991.13,2042.86,653793.0,2042.86
2016-05-18,2037.32,2041.0,2019.77,2034.54,410594.0,2034.54
2016-05-19,2031.77,2041.0,2018.83,2035.46,293223.0,2035.46
2016-05-20,2021.63,2040.07,2011.45,2033.63,309246.0,2033.63
2016-05-23,2014.24,2036.4,2005.91,2028.07,369450.0,2028.07
2016-05-24,2023.47,2032.7,2000.36,2008.7,186027.0,2008.7
2016-05-25,2027.17,2032.7,2016.08,2020.69,246227.0,2020.69
2016-05-26,2016.08,2032.7,2008.7,2026.23,204865.0,2026.23
2016-05-27,2021.63,2040.07,2020.69,2037.32,278929.0,2037.32
2016-05-30,2031.77,2045.64,2028.07,2045.64,295171.0,2045.64
2016-05-31,2031.77,2034.54,2018.83,2026.23,312712.0,2026.23
2016-06-01,2029.92,2031.77,2004.06,2007.76,232800.0,2007.76
2016-06-02,2001.3,2004.06,1977.29,1982.83,299178.0,1982.83
2016-06-03,1987.43,2032.7,1987.43,2032.7,259112.0,2032.7
2016-06-06,2024.39,2073.32,2018.83,2070.57,312602.0,2070.57
2016-06-07,2077.96,2136.13,2074.26,2135.22,793800.0,2135.22
2016-06-08,2138.9,2170.31,2128.74,2139.82,438100.0,2139.82
2016-06-09,2130.59,2156.44,2130.59,2152.76,275031.0,2152.76
2016-06-10,2163.85,2177.68,2132.45,2152.76,375191.0,2152.76
2016-06-13,2120.44,2129.66,2086.28,2091.78,358622.0,2091.78
2016-06-14,2077.02,2108.43,2052.09,2071.48,335991.0,2071.48
2016-06-16,2079.79,2086.28,2026.23,2032.7,397603.0,2032.7
2016-06-17,2068.72,2078.87,2034.54,2034.54,523640.0,2034.54
2016-06-20,2077.02,2078.87,2053.02,2061.33,236591.0,2061.33
2016-06-21,2060.41,2108.43,2052.09,2105.66,303941.0,2105.66
2016-06-22,2105.66,2133.35,2101.96,2125.98,292031.0,2125.98
2016-06-23,2105.66,2127.82,2097.34,2111.19,269292.0,2111.19
2016-06-24,2098.27,2113.06,1968.99,1997.62,472317.0,1997.62
2016-06-27,2043.79,2155.51,2043.79,2151.8,569008.0,2151.8
2016-06-28,2125.98,2218.32,2125.06,2211.87,576048.0,2211.87
2016-06-29,2216.47,2220.17,2172.16,2197.08,338590.0,2197.08
2016-06-30,2207.23,2207.23,2173.99,2188.77,243519.0,2188.77
2016-07-01,2198.02,2225.71,2182.33,2220.17,290731.0,2220.17
2016-07-04,2225.71,2262.66,2222.93,2261.72,373132.0,2261.72
2016-07-05,2244.2,2268.2,2236.81,2268.2,322132.0,2268.2
2016-07-06,2229.41,2279.28,2227.56,2279.28,265935.0,2279.28
2016-07-07,2280.2,2284.82,2252.5,2268.2,206056.0,2268.2
2016-07-08,2279.28,2283.91,2230.34,2231.26,216668.0,2231.26
2016-07-11,2262.66,2282.96,2258.97,2274.66,304481.0,2274.66
2016-07-12,2274.66,2283.91,2221.09,2222.03,386018.0,2222.03
2016-07-13,2236.81,2238.63,2192.48,2201.71,389482.0,2201.71
2016-07-14,2213.71,2271.89,2210.95,2259.89,347143.0,2259.89
2016-07-15,2263.57,2264.51,2190.61,2206.34,316824.0,2206.34
2016-07-19,2206.34,2235.86,2194.31,2235.86,269073.0,2235.86
2016-07-20,2232.18,2260.81,2222.93,2260.81,220890.0,2260.81
2016-07-21,2262.66,2262.66,2210.95,2218.32,222623.0,2218.32
2016-07-22,2189.71,2225.71,2183.22,2204.49,256407.0,2204.49
2016-07-25,2202.63,2211.87,2173.07,2198.02,260522.0,2198.02
2016-07-26,2193.4,2228.48,2180.46,2217.42,297769.0,2217.42
2016-07-27,2232.18,2234.03,2202.63,2211.87,270699.0,2211.87
2016-07-28,2210.01,2246.96,2189.71,2241.42,349526.0,2241.42
2016-07-29,2281.13,2359.63,2281.13,2329.14,935644.0,2329.14
2016-08-01,2303.3,2331.9,2271.89,2307.01,394243.0,2307.01
2016-08-02,2292.23,2326.39,2282.96,2285.75,222732.0,2285.75
2016-08-03,2248.8,2248.8,2204.49,2206.34,233342.0,2206.34
2016-08-04,2205.38,2206.34,2094.58,2116.74,413088.0,2116.74
2016-08-05,2125.98,2140.74,2084.42,2110.29,223923.0,2110.29
2016-08-08,2148.15,2151.8,2069.62,2103.82,274816.0,2103.82
2016-08-09,2120.44,2161.06,2112.12,2159.21,270484.0,2159.21
2016-08-10,2159.21,2204.49,2137.98,2198.02,237673.0,2198.02
2016-08-12,2216.47,2223.89,2192.48,2214.64,198477.0,2214.64
2016-08-15,2211.87,2211.87,2183.22,2190.61,153758.0,2190.61
2016-08-16,2183.22,2189.71,2156.44,2171.22,214826.0,2171.22
2016-08-17,2186.01,2186.01,2127.82,2159.21,300367.0,2159.21
2016-08-18,2145.37,2171.22,2133.35,2133.35,250016.0,2133.35
2016-08-19,2122.29,2124.12,2075.18,2106.57,254134.0,2106.57
2016-08-22,2087.18,2113.06,2078.87,2095.49,428786.0,2095.49
2016-08-23,2111.19,2142.61,2104.72,2117.66,313254.0,2117.66
2016-08-24,2117.66,2123.2,2089.03,2116.74,243195.0,2116.74
2016-08-25,2117.66,2130.59,2099.19,2117.66,224139.0,2117.66
2016-08-26,2098.27,2104.72,2072.42,2090.9,367393.0,2090.9
2016-08-29,2125.98,2139.82,2059.47,2073.32,468523.0,2073.32
2016-08-30,2073.32,2079.79,2057.63,2061.33,201507.0,2061.33
2016-08-31,2066.87,2066.87,2027.17,2055.78,378329.0,2055.78
2016-09-01,2061.33,2070.57,2039.17,2065.04,185808.0,2065.04
2016-09-02,2064.09,2105.66,2064.09,2087.18,229769.0,2087.18
2016-09-05,2114.89,2115.82,2072.42,2084.42,166100.0,2084.42
2016-09-06,2082.56,2137.04,2078.87,2134.28,188622.0,2134.28
2016-09-07,2120.44,2149.07,2114.89,2142.61,166533.0,2142.61
2016-09-08,2147.22,2151.8,2125.06,2132.45,160687.0,2132.45
2016-09-09,2128.74,2131.52,2093.65,2095.49,217641.0,2095.49
2016-09-12,2083.49,2103.82,2065.04,2096.43,160578.0,2096.43
2016-09-13,2101.04,2114.89,2092.74,2100.11,220673.0,2100.11
2016-09-14,2084.42,2100.11,2072.42,2074.26,236916.0,2074.26
2016-09-15,2066.87,2081.65,2062.25,2066.87,187866.0,2066.87
2016-09-16,2077.96,2077.96,2044.69,2060.41,260630.0,2060.41
2016-09-20,2050.25,2086.28,2039.17,2074.26,226087.0,2074.26
2016-09-21,2076.1,2131.52,2075.18,2128.74,259657.0,2128.74
2016-09-23,2123.2,2135.22,2101.04,2114.89,359921.0,2114.89
2016-09-26,2124.12,2132.45,2110.29,2112.12,205731.0,2112.12
2016-09-27,2097.34,2150.92,2091.78,2149.07,324946.0,2149.07
2016-09-28,2144.41,2161.14,2123.98,2160.24,214089.0,2160.24
2016-09-29,2175.11,2181.58,2140.7,2154.64,226998.0,2154.64
2016-09-30,2126.75,2167.66,2115.59,2147.21,275409.0,2147.21
2016-10-03,2153.7,2182.54,2149.98,2166.72,260023.0,2166.72
2016-10-04,2169.49,2171.37,2140.7,2170.45,322101.0,2170.45
2016-10-05,2162.07,2171.37,2149.07,2152.79,301444.0,2152.79
2016-10-06,2161.14,2165.79,2142.56,2161.14,193538.0,2161.14
2016-10-07,2154.64,2162.07,2145.34,2160.24,228611.0,2160.24
2016-10-11,2179.74,2182.54,2149.07,2158.36,283157.0,2158.36
2016-10-12,2149.07,2175.11,2146.28,2160.24,262283.0,2160.24
2016-10-13,2175.11,2184.39,2160.24,2171.37,238725.0,2171.37
2016-10-14,2173.24,2191.82,2165.79,2172.3,217530.0,2172.3
2016-10-17,2173.24,2175.11,2121.17,2149.98,570936.0,2149.98
2016-10-18,2133.27,2161.14,2133.27,2146.28,474327.0,2146.28
2016-10-19,2156.49,2176.0,2151.82,2157.43,415696.0,2157.43
2016-10-20,2146.28,2160.24,2138.83,2155.56,455287.0,2155.56
2016-10-21,2157.43,2159.28,2143.48,2146.28,332749.0,2146.28
2016-10-24,2151.82,2165.79,2143.48,2161.14,313277.0,2161.14
2016-10-25,2164.86,2164.86,2139.77,2142.56,469161.0,2142.56
2016-10-26,2146.28,2162.07,2142.56,2150.93,355773.0,2150.93
2016-10-27,2165.79,2179.74,2157.43,2162.07,330492.0,2162.07
2016-10-28,2172.3,2182.54,2149.07,2173.24,887766.0,2173.24
2016-10-31,2173.24,2187.17,2166.72,2179.74,304240.0,2179.74
2016-11-01,2183.46,2227.14,2176.0,2225.29,487560.0,2225.29
2016-11-02,2229.92,2251.32,2202.03,2222.5,456576.0,2222.5
2016-11-04,2200.18,2200.18,2163.95,2187.17,429037.0,2187.17
2016-11-07,2187.17,2187.17,2134.19,2159.28,386327.0,2159.28
2016-11-08,2156.49,2157.43,2138.83,2144.41,186759.0,2144.41
2016-11-09,2153.7,2170.45,2070.06,2080.28,339098.0,2080.28
2016-11-10,2147.21,2147.21,2085.86,2097.94,386866.0,2097.94
2016-11-11,2100.72,2100.72,2036.59,2044.03,375674.0,2044.03
2016-11-14,2072.86,2072.86,2046.83,2057.97,303487.0,2057.97
2016-11-15,2063.56,2071.91,2044.96,2050.54,362981.0,2050.54
2016-11-16,2063.56,2069.13,2047.73,2058.89,250772.0,2058.89
2016-11-17,2067.28,2084.94,2058.89,2066.33,262069.0,2066.33
2016-11-18,2079.35,2080.28,2053.33,2077.48,286060.0,2077.48
2016-11-21,2088.63,2107.24,2080.28,2097.0,270999.0,2097.0
2016-11-22,2097.94,2110.02,2094.23,2099.81,197303.0,2099.81
2016-11-24,2125.84,2125.84,2097.0,2098.85,307682.0,2098.85
2016-11-25,2100.72,2100.72,2079.35,2095.13,329844.0,2095.13
2016-11-28,2103.52,2115.59,2097.94,2108.16,275195.0,2108.16
2016-11-29,2100.72,2112.81,2100.72,2108.16,237649.0,2108.16
2016-11-30,2116.53,2140.7,2111.9,2132.33,389984.0,2132.33
2016-12-01,2128.61,2128.61,2084.94,2091.42,597186.0,2091.42
2016-12-02,2087.72,2091.42,2050.54,2054.26,396869.0,2054.26
2016-12-05,2053.33,2062.6,2040.31,2043.09,251956.0,2043.09
2016-12-06,2052.38,2054.26,2028.21,2028.21,268740.0,2028.21
2016-12-07,2037.53,2041.24,2018.92,2025.43,263144.0,2025.43
2016-12-08,2050.54,2054.26,2035.67,2044.03,305316.0,2044.03
2016-12-09,2030.08,2052.38,2026.35,2048.68,345015.0,2048.68
2016-12-12,2076.57,2104.45,2058.89,2097.0,433552.0,2097.0
2016-12-13,2106.29,2175.11,2105.38,2165.79,653882.0,2165.79
2016-12-14,2184.39,2206.69,2171.37,2171.37,391382.0,2171.37
2016-12-15,2179.74,2202.99,2168.59,2196.47,334363.0,2196.47
2016-12-16,2206.69,2216.92,2177.87,2183.46,408810.0,2183.46
2016-12-19,2199.26,2218.79,2197.39,2215.99,194830.0,2215.99
2016-12-20,2219.69,2257.82,2216.92,2245.73,349209.0,2245.73
2016-12-21,2240.14,2264.32,2233.66,2244.8,244104.0,2244.8
2016-12-22,2241.1,2246.67,2221.55,2233.66,256043.0,2233.66
2016-12-26,2245.73,2274.55,2236.43,2266.19,233668.0,2266.19
2016-12-27,2259.66,2272.68,2241.1,2241.1,126622.0,2241.1
2016-12-28,2242.01,2259.66,2226.21,2253.18,204619.0,2253.18
2016-12-29,2253.18,2263.38,2234.57,2243.87,204728.0,2243.87
2016-12-30,2254.11,2257.82,2233.66,2251.32,119631.0,2251.32
2017-01-04,2260.61,2292.23,2255.96,2284.77,231514.0,2284.77
2017-01-05,2284.77,2293.14,2268.97,2288.51,176542.0,2288.51
2017-01-06,2290.37,2308.93,2284.77,2304.3,219360.0,2304.3
2017-01-10,2311.75,2312.64,2268.97,2286.65,347704.0,2286.65
2017-01-11,2286.65,2288.51,2257.82,2261.54,176971.0,2261.54
2017-01-12,2268.06,2268.97,2225.29,2238.3,177402.0,2238.3
2017-01-13,2229.01,2264.32,2214.13,2253.18,164170.0,2253.18
2017-01-16,2249.45,2255.96,2238.3,2246.67,94778.2,2246.67
2017-01-17,2249.45,2253.18,2213.2,2213.2,215700.0,2213.2
2017-01-18,2228.07,2231.81,2204.83,2219.69,202576.0,2219.69
2017-01-19,2226.21,2240.14,2218.79,2227.14,119415.0,2227.14
2017-01-20,2231.81,2246.67,2221.55,2239.24,152873.0,2239.24
2017-01-23,2215.99,2216.92,2191.82,2196.47,162125.0,2196.47
2017-01-24,2194.62,2212.25,2189.99,2197.39,106721.0,2197.39
2017-01-25,2217.84,2221.55,2186.25,2190.89,142114.0,2190.89
2017-01-26,2197.39,2229.92,2190.89,2229.92,211720.0,2229.92
2017-01-27,2230.86,2248.53,2221.55,2238.3,216454.0,2238.3
2017-01-30,2235.53,2255.96,2222.5,2255.04,224737.0,2255.04
2017-01-31,2230.86,2260.61,2229.01,2252.23,259273.0,2252.23
2017-02-01,2277.35,2307.07,2272.68,2299.67,476049.0,2299.67
2017-02-02,2305.22,2305.22,2264.32,2270.84,317368.0,2270.84
2017-02-03,2270.84,2293.14,2266.19,2278.26,127483.0,2278.26
2017-02-06,2291.26,2294.99,2256.87,2259.66,151690.0,2259.66
2017-02-07,2251.32,2254.11,2235.53,2244.8,174928.0,2244.8
2017-02-08,2248.53,2249.45,2218.79,2227.14,245823.0,2227.14
2017-02-09,2217.84,2242.01,2217.84,2234.57,314248.0,2234.57
2017-02-10,2254.11,2257.82,2237.37,2248.53,234742.0,2248.53
2017-02-13,2258.75,2266.19,2243.87,2253.18,215485.0,2253.18
2017-02-14,2250.38,2259.66,2228.07,2228.07,252818.0,2228.07
2017-02-15,2244.8,2247.59,2215.05,2216.92,161049.0,2216.92
2017-02-16,2215.99,2219.69,2199.26,2205.77,238401.0,2205.77
2017-02-17,2206.69,2215.99,2193.68,2211.35,198811.0,2211.35
2017-02-20,2215.99,2225.29,2203.89,2223.42,135875.0,2223.42
2017-02-21,2219.69,2230.86,2212.25,2228.07,100482.0,2228.07
2017-02-22,2230.86,2238.3,2219.69,2222.5,130389.0,2222.5
2017-02-23,2227.14,2238.3,2224.35,2238.3,182027.0,2238.3
2017-02-24,2230.86,2254.11,2229.92,2239.24,175143.0,2239.24
2017-02-27,2239.24,2253.18,2234.57,2241.1,164170.0,2241.1
2017-02-28,2257.82,2257.82,2222.5,2223.42,268740.0,2223.42
2017-03-01,2236.43,2257.82,2233.66,2245.73,292622.0,2245.73
2017-03-02,2259.66,2267.09,2240.14,2263.38,213766.0,2263.38
2017-03-03,2266.19,2272.68,2249.45,2257.82,153412.0,2257.82
2017-03-06,2255.96,2269.9,2250.38,2263.38,134584.0,2263.38
2017-03-07,2262.47,2282.89,2255.96,2276.38,275409.0,2276.38
2017-03-08,2277.35,2295.93,2268.97,2276.38,225058.0,2276.38
2017-03-09,2286.65,2287.55,2274.55,2278.26,179123.0,2278.26
2017-03-10,2313.59,2316.38,2289.4,2312.64,335762.0,2312.64
2017-03-13,2315.43,2330.31,2310.8,2321.94,174389.0,2321.94
2017-03-14,2333.11,2333.11,2315.43,2327.52,136199.0,2327.52
2017-03-15,2316.38,2326.61,2316.38,2322.89,154379.0,2322.89
2017-03-16,2310.8,2321.94,2296.86,2321.94,210429.0,2321.94
2017-03-17,2319.17,2329.4,2315.43,2329.4,190418.0,2329.4
2017-03-21,2321.94,2344.26,2321.03,2336.82,254861.0,2336.82
2017-03-22,2318.24,2347.06,2318.24,2325.67,266373.0,2325.67
2017-03-23,2319.17,2337.77,2315.43,2333.11,190636.0,2333.11
2017-03-24,2340.54,2363.78,2336.82,2357.27,263360.0,2357.27
2017-03-27,2349.83,2360.07,2337.77,2342.41,182888.0,2342.41
2017-03-28,2361.0,2374.94,2350.78,2370.28,359538.0,2370.28
2017-03-29,2374.97,2378.7,2348.8,2371.22,205984.0,2371.22
2017-03-30,2360.01,2367.48,2312.3,2316.97,170583.0,2316.97
2017-03-31,2316.97,2319.81,2270.24,2270.24,225984.0,2270.24
2017-04-03,2289.88,2313.27,2276.79,2304.85,250260.0,2304.85
2017-04-04,2292.66,2313.27,2286.13,2295.51,238389.0,2295.51
2017-04-05,2307.64,2327.26,2296.41,2296.41,175930.0,2296.41
2017-04-06,2289.88,2300.17,2247.8,2252.47,282132.0,2252.47
2017-04-07,2266.52,2286.13,2254.34,2271.17,191012.0,2271.17
2017-04-10,2285.2,2290.8,2247.8,2253.41,137964.0,2253.41
2017-04-11,2245.0,2271.17,2245.0,2264.64,133793.0,2264.64
2017-04-12,2248.74,2271.17,2246.86,2265.56,170370.0,2265.56
2017-04-13,2257.15,2274.92,2257.15,2265.56,178925.0,2265.56
2017-04-14,2259.95,2262.77,2228.16,2234.69,138819.0,2234.69
2017-04-17,2235.67,2276.79,2235.67,2269.3,134113.0,2269.3
2017-04-18,2274.92,2276.79,2245.94,2260.9,105238.0,2260.9
2017-04-19,2251.54,2279.59,2251.54,2268.38,136252.0,2268.38
2017-04-20,2263.69,2263.69,2229.11,2241.26,121814.0,2241.26
2017-04-21,2235.67,2263.69,2229.11,2263.69,256784.0,2263.69
2017-04-24,2278.67,2289.88,2264.64,2288.94,175289.0,2288.94
2017-04-25,2290.8,2301.09,2282.41,2292.66,154755.0,2292.66
2017-04-26,2300.17,2306.71,2292.66,2303.88,153791.0,2303.88
2017-04-27,2300.17,2322.61,2300.17,2322.61,144487.0,2322.61
2017-04-28,2315.14,2331.02,2311.39,2316.97,171438.0,2316.97
2017-05-01,2311.39,2318.85,2306.71,2313.27,153149.0,2313.27
2017-05-02,2309.51,2331.02,2306.71,2314.18,120640.0,2314.18
2017-05-08,2328.21,2369.35,2320.73,2367.48,324375.0,2367.48
2017-05-09,2363.75,2380.56,2359.06,2365.6,209833.0,2365.6
2017-05-10,2367.48,2370.28,2350.66,2360.01,224274.0,2360.01
2017-05-11,2370.28,2382.45,2358.14,2363.75,187802.0,2363.75
2017-05-12,2353.45,2363.75,2323.53,2330.07,223096.0,2330.07
2017-05-15,2363.75,2449.75,2337.57,2446.96,586508.0,2446.96
2017-05-16,2447.88,2475.01,2446.03,2452.58,354642.0,2452.58
2017-05-17,2473.14,2529.24,2467.54,2519.9,665543.0,2519.9
2017-05-18,2474.08,2521.75,2474.08,2520.84,364052.0,2520.84
2017-05-19,2523.64,2531.11,2496.52,2518.02,295927.0,2518.02
2017-05-22,2496.52,2501.18,2475.01,2489.03,400737.0,2489.03
2017-05-23,2494.65,2545.14,2494.65,2540.47,261812.0,2540.47
2017-05-24,2546.08,2564.79,2543.27,2563.83,246196.0,2563.83
2017-05-25,2552.62,2575.04,2543.27,2570.37,302236.0,2570.37
2017-05-26,2592.82,2611.53,2576.93,2578.79,298707.0,2578.79
2017-05-29,2576.93,2599.39,2559.16,2591.91,244805.0,2591.91
2017-05-30,2592.82,2595.64,2575.04,2590.94,159352.0,2590.94
2017-05-31,2595.64,2607.79,2569.46,2598.42,389722.0,2598.42
2017-06-01,2604.99,2655.48,2603.12,2654.52,290153.0,2654.52
2017-06-02,2648.93,2657.34,2631.16,2656.4,432609.0,2656.4
2017-06-05,2630.23,2709.7,2630.23,2706.9,397210.0,2706.9
2017-06-06,2720.92,2733.08,2684.45,2690.06,247694.0,2690.06
2017-06-07,2695.69,2710.64,2686.33,2709.7,266302.0,2709.7
2017-06-08,2713.44,2733.08,2699.43,2712.53,220207.0,2712.53
2017-06-09,2712.53,2721.86,2694.73,2709.7,331007.0,2709.7
2017-06-12,2710.64,2735.89,2676.06,2732.15,356888.0,2732.15
2017-06-13,2729.33,2762.09,2729.33,2759.24,285125.0,2759.24
2017-06-14,2758.34,2797.6,2744.28,2755.53,303735.0,2755.53
2017-06-15,2767.67,2792.93,2762.09,2791.06,272078.0,2791.06
2017-06-16,2800.4,2823.77,2773.29,2803.2,384910.0,2803.2
2017-06-19,2786.37,2833.11,2786.37,2833.11,271222.0,2833.11
2017-06-20,2851.83,2856.5,2814.43,2823.77,342879.0,2823.77
2017-06-21,2823.77,2851.83,2819.11,2833.11,299668.0,2833.11
2017-06-22,2833.11,2833.11,2805.09,2814.43,183523.0,2814.43
2017-06-23,2819.11,2819.11,2755.53,2767.67,328010.0,2767.67
2017-06-26,2760.2,2765.82,2736.8,2753.65,340523.0,2753.65
2017-06-27,2753.65,2763.94,2721.86,2741.49,275072.0,2741.49
2017-06-28,2723.73,2723.73,2663.88,2671.36,390150.0,2671.36
2017-06-29,2672.31,2673.24,2637.71,2670.43,370472.0,2670.43
2017-06-30,2642.37,2650.8,2619.02,2633.03,262881.0,2633.03
2017-07-03,2629.29,2636.77,2604.04,2618.05,322238.0,2618.05
2017-07-04,2627.43,2627.43,2591.91,2598.42,267693.0,2598.42
2017-07-05,2588.15,2608.71,2562.92,2606.87,241492.0,2606.87
2017-07-06,2611.53,2633.03,2600.3,2612.46,187909.0,2612.46
2017-07-07,2596.57,2615.27,2585.33,2592.82,202883.0,2592.82
2017-07-10,2613.39,2623.67,2598.42,2608.71,155718.0,2608.71
2017-07-11,2618.05,2674.18,2608.71,2662.02,368012.0,2662.02
2017-07-12,2657.34,2676.06,2635.84,2667.61,371434.0,2667.61
2017-07-13,2683.53,2704.08,2674.18,2697.54,358385.0,2697.54
2017-07-14,2697.54,2704.08,2678.84,2686.33,347584.0,2686.33
2017-07-18,2682.58,2689.14,2647.98,2668.59,174540.0,2668.59
2017-07-19,2664.82,2708.77,2653.62,2707.83,301596.0,2707.83
2017-07-20,2712.53,2733.08,2704.08,2720.92,159248.0,2720.92
2017-07-21,2733.08,2736.8,2707.83,2722.81,165664.0,2722.81
2017-07-24,2706.9,2734.97,2690.06,2734.0,191867.0,2734.0
2017-07-25,2720.0,2720.0,2701.29,2702.22,163203.0,2702.22
2017-07-26,2708.77,2708.77,2676.97,2677.92,195180.0,2677.92
2017-07-27,2685.4,2734.0,2685.4,2711.57,257317.0,2711.57
2017-07-28,2711.57,2711.57,2687.25,2699.43,233683.0,2699.43
2017-07-31,2689.14,2696.6,2662.94,2662.94,342342.0,2662.94
2017-08-01,2842.5,2940.66,2787.31,2935.98,904252.0,2935.98
2017-08-02,2954.67,3029.47,2954.67,2982.72,579449.0,2982.72
2017-08-03,2982.72,3006.11,2959.36,2978.06,302023.0,2978.06
2017-08-04,2964.03,2987.4,2945.31,2987.4,302023.0,2987.4
2017-08-07,2945.31,2987.4,2931.3,2968.7,263735.0,2968.7
2017-08-08,2968.7,2992.08,2950.02,2973.38,294431.0,2973.38
2017-08-09,2973.38,3001.46,2945.31,2992.08,368439.0,2992.08
2017-08-10,2950.02,3029.47,2950.02,3029.47,312825.0,3029.47
2017-08-14,3015.45,3020.14,2978.06,2982.72,256249.0,2982.72
2017-08-15,3024.81,3043.52,2978.06,3024.81,270151.0,3024.81
2017-08-16,3015.45,3043.52,3015.45,3029.47,202560.0,3029.47
2017-08-17,3015.45,3048.19,3001.46,3024.81,240955.0,3024.81
2017-08-18,2992.08,3020.14,2982.72,3015.45,224913.0,3015.45
2017-08-21,3024.81,3052.86,3010.77,3020.14,210581.0,3020.14
2017-08-22,3034.17,3048.19,3010.77,3015.45,219994.0,3015.45
2017-08-23,3043.52,3062.2,3024.81,3052.86,245019.0,3052.86
2017-08-24,3057.53,3080.91,3048.19,3076.25,203630.0,3076.25
2017-08-25,3052.86,3080.91,3034.17,3066.88,185127.0,3066.88
2017-08-28,3076.25,3076.25,3034.17,3057.53,152614.0,3057.53
2017-08-29,3038.82,3108.97,3038.82,3108.97,334749.0,3108.97
2017-08-30,3113.62,3141.69,3113.62,3132.35,307692.0,3132.35
2017-08-31,3132.35,3151.02,3108.97,3127.66,183096.0,3127.66
2017-09-01,3141.69,3165.08,3104.27,3155.72,211436.0,3155.72
2017-09-04,3160.39,3174.4,3099.6,3113.62,207374.0,3113.62
2017-09-05,3108.97,3108.97,3057.53,3062.2,176358.0,3062.2
2017-09-06,3057.53,3122.99,3048.19,3104.27,204057.0,3104.27
2017-09-07,3104.27,3151.02,3104.27,3127.66,163203.0,3127.66
2017-09-08,3127.66,3141.69,3104.27,3137.01,193576.0,3137.01
2017-09-11,3160.39,3179.08,3146.35,3169.75,168658.0,3169.75
2017-09-12,3188.43,3216.49,3179.08,3216.49,219994.0,3216.49
2017-09-13,3244.55,3253.88,3225.83,3230.51,200528.0,3230.51
2017-09-14,3211.81,3235.19,3202.48,3230.51,226197.0,3230.51
2017-09-15,3244.55,3314.67,3244.55,3272.59,456672.0,3272.59
2017-09-19,3291.3,3309.98,3272.59,3286.62,211222.0,3286.62
2017-09-20,3277.26,3281.93,3211.81,3221.17,218605.0,3221.17
2017-09-21,3211.81,3216.49,3151.02,3165.08,269938.0,3165.08
2017-09-22,3165.08,3165.08,3141.69,3160.39,182348.0,3160.39
2017-09-25,3165.08,3165.08,3122.99,3155.72,227479.0,3155.72
2017-09-26,3146.35,3151.02,3099.6,3108.97,386514.0,3108.97
2017-09-27,3120.24,3134.34,3077.95,3087.35,223763.0,3087.35
2017-09-28,3092.04,3092.04,3059.15,3087.35,347508.0,3087.35
2017-09-29,3063.83,3153.15,3059.15,3143.73,348042.0,3143.73
2017-10-02,3289.4,3373.99,3284.71,3294.1,915482.0,3294.1
2017-10-03,3298.81,3331.71,3270.61,3275.33,360915.0,3275.33
2017-10-04,3247.12,3247.12,3190.73,3233.02,271111.0,3233.02
2017-10-05,3251.82,3275.33,3228.33,3251.82,193651.0,3251.82
2017-10-06,3251.82,3251.82,3195.42,3223.64,280369.0,3223.64
2017-10-10,3200.12,3247.12,3195.42,3233.02,226954.0,3233.02
2017-10-11,3247.12,3256.5,3204.81,3223.64,209613.0,3223.64
2017-10-12,3237.71,3251.82,3214.22,3247.12,187800.0,3247.12
2017-10-13,3233.02,3275.33,3233.02,3261.21,262600.0,3261.21
2017-10-16,3270.61,3312.91,3261.21,3298.81,224934.0,3298.81
2017-10-17,3294.1,3298.81,3265.91,3284.71,153432.0,3284.71
2017-10-18,3265.91,3284.71,3247.12,3270.61,190460.0,3270.61
2017-10-19,3275.33,3275.33,3247.12,3251.82,168116.0,3251.82
2017-10-20,3148.44,3214.22,3115.53,3157.84,848983.0,3157.84
2017-10-23,3186.03,3186.03,3129.64,3143.73,411669.0,3143.73
2017-10-24,3148.44,3181.34,3134.34,3157.84,328143.0,3157.84
2017-10-25,3167.21,3171.92,3139.03,3143.73,407627.0,3143.73
2017-10-26,3157.84,3186.03,3148.44,3176.64,302821.0,3176.64
2017-10-27,3190.73,3190.73,3148.44,3167.21,302075.0,3167.21
2017-10-30,3143.73,3162.51,3129.64,3148.44,585956.0,3148.44
2017-10-31,3148.44,3171.92,3134.34,3162.51,240468.0,3162.51
2017-11-01,3186.03,3223.64,3167.21,3209.51,400178.0,3209.51
2017-11-02,3242.41,3247.12,3148.44,3162.51,378790.0,3162.51
2017-11-06,3223.64,3294.1,3186.03,3280.01,472959.0,3280.01
2017-11-07,3233.02,3265.91,3209.51,3237.71,331017.0,3237.71
2017-11-08,3251.82,3251.82,3223.64,3233.02,257173.0,3233.02
2017-11-09,3218.92,3251.82,3176.64,3214.22,398797.0,3214.22
2017-11-10,3186.03,3247.12,3186.03,3247.12,284731.0,3247.12
2017-11-13,3275.33,3326.99,3251.82,3275.33,346551.0,3275.33
2017-11-14,3280.01,3359.88,3270.61,3317.61,484130.0,3317.61
2017-11-15,3298.81,3326.99,3247.12,3261.21,256323.0,3261.21
2017-11-16,3237.71,3322.31,3218.92,3317.61,209185.0,3317.61
2017-11-17,3336.39,3345.81,3303.5,3317.61,172904.0,3317.61
2017-11-20,3275.33,3336.39,3265.91,3326.99,155986.0,3326.99
2017-11-21,3341.09,3397.49,3322.31,3373.99,524243.0,3373.99
2017-11-22,3373.99,3378.7,3280.01,3284.71,289201.0,3284.71
2017-11-24,3270.61,3336.39,3270.61,3331.71,225677.0,3331.71
2017-11-27,3341.09,3341.09,3280.01,3294.1,151836.0,3294.1
2017-11-28,3317.61,3341.09,3294.1,3341.09,136407.0,3341.09
2017-11-29,3359.88,3416.3,3359.88,3416.3,238767.0,3416.3
2017-11-30,3416.3,3449.19,3388.08,3439.78,355277.0,3439.78
2017-12-01,3458.56,3477.38,3435.06,3458.56,181948.0,3458.56
2017-12-04,3472.68,3505.57,3458.56,3463.28,210781.0,3463.28
2017-12-05,3463.28,3514.96,3435.06,3510.26,227594.0,3510.26
2017-12-06,3500.87,3543.16,3463.28,3463.28,264301.0,3463.28
2017-12-07,3496.18,3590.14,3491.46,3571.36,229403.0,3571.36
2017-12-08,3547.87,3608.94,3547.87,3604.26,282390.0,3604.26
2017-12-11,3618.36,3623.04,3557.26,3613.65,231105.0,3613.65
2017-12-12,3623.04,3637.13,3594.86,3627.76,242385.0,3627.76
2017-12-13,3618.36,3627.76,3585.44,3599.54,158645.0,3599.54
2017-12-14,3618.36,3623.04,3576.06,3608.94,165454.0,3608.94
2017-12-15,3580.78,3604.26,3557.26,3585.44,217273.0,3585.44
2017-12-18,3608.94,3613.65,3576.06,3599.54,143429.0,3599.54
2017-12-19,3608.94,3608.94,3576.06,3585.44,118426.0,3585.44
2017-12-20,3571.36,3576.06,3533.76,3538.46,172477.0,3538.46
2017-12-21,3519.67,3519.67,3477.38,3510.26,231318.0,3510.26
2017-12-22,3500.87,3547.87,3500.87,3538.46,138853.0,3538.46
2017-12-25,3566.64,3599.54,3552.55,3580.78,101826.0,3580.78
2017-12-26,3590.14,3604.26,3576.06,3580.78,105444.0,3580.78
2017-12-27,3608.94,3608.94,3566.64,3576.06,70756.0,3576.06
2017-12-28,3571.36,3571.36,3529.07,3538.46,102784.0,3538.46
2017-12-29,3529.07,3529.07,3496.18,3514.96,102041.0,3514.96
2018-01-04,3529.07,3547.87,3505.57,3547.87,208014.0,3547.87
2018-01-05,3557.26,3557.26,3510.26,3533.76,137365.0,3533.76
2018-01-09,3524.37,3538.46,3505.57,3533.76,178010.0,3533.76
2018-01-10,3533.76,3538.46,3505.57,3510.26,117149.0,3510.26
2018-01-11,3524.37,3543.16,3510.26,3519.67,172053.0,3519.67
2018-01-12,3491.46,3491.46,3420.99,3430.38,284625.0,3430.38
2018-01-15,3430.38,3467.96,3420.99,3435.06,168220.0,3435.06
2018-01-16,3435.06,3519.67,3435.06,3505.57,165349.0,3505.57
2018-01-17,3496.18,3538.46,3491.46,3510.26,149706.0,3510.26
2018-01-18,3547.87,3561.95,3467.96,3467.96,255046.0,3467.96
2018-01-19,3482.07,3510.26,3449.19,3458.56,158008.0,3458.56
2018-01-22,3477.38,3477.38,3435.06,3439.78,152368.0,3439.78
2018-01-23,3467.96,3496.18,3453.89,3477.38,151090.0,3477.38
2018-01-24,3500.87,3514.96,3467.96,3486.78,140876.0,3486.78
2018-01-25,3467.96,3472.68,3435.06,3439.78,144387.0,3439.78
2018-01-26,3449.19,3500.87,3444.48,3458.56,188330.0,3458.56
2018-01-29,3467.96,3491.46,3439.78,3439.78,225252.0,3439.78
2018-01-30,3439.78,3444.48,3355.2,3359.88,302606.0,3359.88
2018-01-31,3491.46,3698.24,3472.68,3566.64,845790.0,3566.64
2018-02-01,3543.16,3547.87,3420.99,3463.28,419541.0,3463.28
2018-02-02,3425.69,3486.78,3425.69,3449.19,193544.0,3449.19
2018-02-05,3472.68,3543.16,3472.68,3491.46,412201.0,3491.46
2018-02-06,3392.77,3425.69,3275.33,3317.61,429013.0,3317.61
2018-02-07,3378.7,3416.3,3289.4,3294.1,264728.0,3294.1
2018-02-08,3294.1,3341.09,3294.1,3312.91,212059.0,3312.91
2018-02-09,3242.41,3317.61,3242.41,3317.61,217804.0,3317.61
2018-02-13,3341.09,3359.88,3322.31,3326.99,233340.0,3326.99
2018-02-14,3336.39,3402.19,3336.39,3388.08,299204.0,3388.08
2018-02-15,3397.49,3439.78,3364.59,3392.77,238554.0,3392.77
2018-02-16,3406.89,3496.18,3406.89,3482.07,216421.0,3482.07
2018-02-19,3482.07,3561.95,3472.68,3547.87,206208.0,3547.87
2018-02-20,3519.67,3547.87,3491.46,3496.18,120340.0,3496.18
2018-02-21,3486.78,3514.96,3463.28,3482.07,109808.0,3482.07
2018-02-22,3425.69,3435.06,3388.08,3406.89,200567.0,3406.89
2018-02-23,3420.99,3439.78,3402.19,3435.06,107466.0,3435.06
2018-02-26,3449.19,3458.56,3430.38,3449.19,106828.0,3449.19
2018-02-27,3477.38,3477.38,3416.3,3435.06,194714.0,3435.06
2018-02-28,3416.3,3444.48,3383.4,3383.4,230147.0,3383.4
2018-03-01,3369.29,3369.29,3312.91,3317.61,192375.0,3317.61
2018-03-02,3284.71,3326.99,3275.33,3298.81,184606.0,3298.81
2018-03-05,3294.1,3322.31,3256.5,3265.91,190034.0,3265.91
2018-03-06,3270.61,3284.71,3251.82,3265.91,249407.0,3265.91
2018-03-07,3256.5,3331.71,3247.12,3280.01,269090.0,3280.01
2018-03-08,3275.33,3280.01,3218.92,3233.02,236638.0,3233.02
2018-03-09,3364.59,3505.57,3350.51,3383.4,905589.0,3383.4
2018-03-12,3397.49,3402.19,3303.5,3326.99,320269.0,3326.99
2018-03-13,3298.81,3341.09,3294.1,3312.91,235360.0,3312.91
2018-03-14,3308.21,3336.39,3298.81,3308.21,190884.0,3308.21
2018-03-15,3298.81,3345.81,3284.71,3341.09,150557.0,3341.09
2018-03-16,3322.31,3345.81,3298.81,3322.31,302821.0,3322.31
2018-03-19,3303.5,3317.61,3284.71,3294.1,119809.0,3294.1
2018-03-20,3237.71,3284.71,3214.22,3228.33,217273.0,3228.33
2018-03-22,3228.33,3265.91,3223.64,3256.5,169072.0,3256.5
2018-03-23,3223.64,3256.5,3181.34,3181.34,246533.0,3181.34
2018-03-26,3186.03,3214.22,3148.44,3214.22,246322.0,3214.22
2018-03-27,3218.92,3289.4,3218.92,3289.4,236426.0,3289.4
2018-03-28,3268.61,3287.51,3240.29,3263.91,170212.0,3263.91
2018-03-29,3287.51,3301.68,3263.91,3296.96,113478.0,3296.96
2018-03-30,3315.87,3353.65,3287.51,3339.47,181539.0,3339.47
2018-04-02,3330.03,3344.2,3306.41,3315.87,114324.0,3315.87
2018-04-03,3278.07,3358.35,3278.07,3344.2,171590.0,3344.2
2018-04-04,3339.47,3391.43,3330.03,3381.99,221765.0,3381.99
2018-04-05,3405.6,3419.79,3377.27,3400.89,211709.0,3400.89
2018-04-06,3410.32,3495.34,3377.27,3471.72,299571.0,3471.72
2018-04-09,3471.72,3528.4,3462.29,3523.67,177835.0,3523.67
2018-04-10,3518.96,3585.1,3500.07,3500.07,183129.0,3500.07
2018-04-11,3481.19,3490.62,3410.32,3452.83,205251.0,3452.83
2018-04-12,3476.46,3495.34,3438.67,3476.46,142904.0,3476.46
2018-04-13,3490.62,3495.34,3448.12,3481.19,155394.0,3481.19
2018-04-16,3481.19,3537.88,3462.29,3523.67,216368.0,3523.67
2018-04-17,3500.07,3542.58,3490.62,3518.96,189056.0,3518.96
2018-04-18,3533.14,3575.65,3523.67,3566.19,178260.0,3566.19
2018-04-19,3566.19,3566.19,3500.07,3518.96,140469.0,3518.96
2018-04-20,3509.52,3556.74,3504.8,3537.88,99927.6,3537.88
2018-04-23,3537.88,3561.48,3500.07,3556.74,188952.0,3556.74
2018-04-24,3566.19,3580.37,3542.58,3561.48,128084.0,3561.48
2018-04-25,3556.74,3585.1,3537.88,3580.37,154547.0,3580.37
2018-04-26,3589.82,3637.03,3547.3,3622.89,259663.0,3622.89
2018-04-27,3637.03,3641.78,3603.98,3641.78,216261.0,3641.78
2018-05-01,3632.32,3641.78,3603.98,3637.03,108078.0,3637.03
2018-05-02,3646.5,3660.66,3603.98,3651.24,127767.0,3651.24
2018-05-07,3660.66,3679.56,3646.5,3674.84,171590.0,3674.84
2018-05-08,3655.94,3655.94,3608.72,3618.17,182705.0,3618.17
2018-05-09,3599.25,3613.45,3556.74,3575.65,236057.0,3575.65
2018-05-10,3589.82,3641.78,3575.65,3618.17,254157.0,3618.17
2018-05-11,3641.78,3670.12,3608.72,3655.94,325821.0,3655.94
2018-05-14,3651.24,3712.61,3632.32,3707.9,263366.0,3707.9
2018-05-15,3703.17,3774.03,3698.46,3764.59,380655.0,3764.59
2018-05-16,3740.97,3788.2,3731.52,3778.76,230869.0,3778.76
2018-05-17,3764.59,3816.53,3759.86,3811.82,190962.0,3811.82
2018-05-18,3825.99,3835.45,3783.48,3802.37,184610.0,3802.37
2018-05-21,3778.76,3792.94,3755.15,3759.86,109770.0,3759.86
2018-05-22,3759.86,3764.59,3707.9,3731.52,150526.0,3731.52
2018-05-23,3726.81,3774.03,3717.36,3736.24,130412.0,3736.24
2018-05-24,3764.59,3816.53,3755.15,3764.59,157829.0,3764.59
2018-05-25,3778.76,3807.09,3745.69,3802.37,120566.0,3802.37
2018-05-28,3825.99,3835.45,3778.76,3797.64,123215.0,3797.64
2018-05-29,3811.82,3825.99,3774.03,3788.2,108078.0,3788.2
2018-05-30,3740.97,3764.59,3712.61,3740.97,130096.0,3740.97
2018-05-31,3764.59,3778.76,3745.69,3769.31,131895.0,3769.31
2018-06-01,3722.09,3792.94,3717.36,3736.24,136552.0,3736.24
2018-06-04,3797.64,3811.82,3745.69,3764.59,181436.0,3764.59
2018-06-05,3774.03,3816.53,3774.03,3807.09,145338.0,3807.09
2018-06-06,3774.03,3788.2,3736.24,3769.31,150845.0,3769.31
2018-06-07,3736.24,3745.69,3698.46,3717.36,162171.0,3717.36
2018-06-08,3693.72,3764.59,3693.72,3745.69,206312.0,3745.69
2018-06-11,3778.76,3863.77,3769.31,3835.45,265802.0,3835.45
2018-06-12,3844.88,3854.33,3816.53,3849.61,187044.0,3849.61
2018-06-13,3854.33,3906.3,3835.45,3840.16,208217.0,3840.16
2018-06-14,3802.37,3825.99,3769.31,3792.94,216368.0,3792.94
2018-06-15,3844.88,3844.88,3755.15,3774.03,271518.0,3774.03
2018-06-18,3792.94,3844.88,3759.86,3764.59,198796.0,3764.59
2018-06-19,3707.9,3726.81,3674.84,3703.17,269719.0,3703.17
2018-06-20,3712.61,3792.94,3703.17,3740.97,313860.0,3740.97
2018-06-21,3712.61,3755.15,3707.9,3717.36,171801.0,3717.36
2018-06-22,3684.29,3707.9,3637.03,3646.5,287502.0,3646.5
2018-06-25,3637.03,3637.03,3575.65,3599.25,183975.0,3599.25
2018-06-26,3622.89,3665.4,3618.17,3660.66,161745.0,3660.66
2018-06-27,3693.72,3745.69,3674.84,3731.52,192550.0,3731.52
2018-06-28,3726.81,3726.81,3665.4,3689.02,154230.0,3689.02
2018-06-29,3684.29,3717.36,3641.78,3703.17,147561.0,3703.17
2018-07-02,3684.29,3684.29,3570.93,3570.93,166933.0,3570.93
2018-07-03,3589.82,3599.25,3495.34,3523.67,190539.0,3523.67
2018-07-04,3495.34,3589.82,3481.19,3580.37,140788.0,3580.37
2018-07-05,3566.19,3580.37,3518.96,3542.58,162063.0,3542.58
2018-07-06,3580.37,3594.54,3514.26,3547.3,155819.0,3547.3
2018-07-09,3528.4,3533.14,3500.07,3509.52,144386.0,3509.52
2018-07-10,3523.67,3542.58,3448.12,3448.12,196783.0,3448.12
2018-07-11,3424.52,3448.12,3396.15,3415.04,190115.0,3415.04
2018-07-12,3462.29,3500.07,3443.39,3448.12,193820.0,3448.12
2018-07-13,3448.12,3500.07,3429.22,3495.34,114216.0,3495.34
2018-07-17,3509.52,3613.45,3504.8,3603.98,176248.0,3603.98
2018-07-18,3618.17,3637.03,3533.14,3547.3,172329.0,3547.3
2018-07-19,3533.14,3537.88,3485.9,3485.9,118557.0,3485.9
2018-07-20,3462.29,3485.9,3448.12,3467.01,150947.0,3467.01
2018-07-23,3471.72,3504.8,3457.57,3467.01,140575.0,3467.01
2018-07-24,3471.72,3471.72,3429.22,3433.94,97175.4,3433.94
2018-07-25,3433.94,3433.94,3405.6,3419.79,167040.0,3419.79
2018-07-26,3448.12,3490.62,3438.67,3485.9,171061.0,3485.9
2018-07-27,3495.34,3518.96,3476.46,3509.52,152220.0,3509.52
2018-07-30,3495.34,3495.34,3448.12,3452.83,168946.0,3452.83
2018-07-31,3467.01,3514.26,3325.3,3334.74,485028.0,3334.74
2018-08-01,3344.2,3348.94,3296.96,3306.41,270037.0,3306.41
2018-08-02,3348.94,3377.27,3306.41,3325.3,259555.0,3325.3
2018-08-03,3353.65,3363.08,3320.58,3325.3,266648.0,3325.3
2018-08-06,3320.58,3325.3,3259.18,3268.61,151795.0,3268.61
2018-08-07,3273.35,3292.23,3259.18,3282.8,155076.0,3282.8
2018-08-08,3273.35,3306.41,3263.91,3263.91,142480.0,3263.91
2018-08-09,3240.29,3273.35,3230.82,3263.91,99292.5,3263.91
2018-08-10,3268.61,3287.51,3240.29,3245.0,134330.0,3245.0
2018-08-13,3273.35,3287.51,3211.95,3211.95,153701.0,3211.95
2018-08-14,3226.11,3282.8,3221.37,3273.35,150103.0,3273.35
2018-08-15,3278.07,3287.51,3221.37,3221.37,120886.0,3221.37
2018-08-16,3221.37,3245.0,3183.59,3188.31,241453.0,3188.31
2018-08-17,3178.88,3211.95,3164.71,3202.51,159312.0,3202.51
2018-08-20,3188.31,3193.04,3093.86,3093.86,339477.0,3093.86
2018-08-21,3065.51,3098.59,3032.47,3070.23,208746.0,3070.23
2018-08-22,3032.47,3079.68,3032.47,3065.51,134012.0,3065.51
2018-08-23,3074.96,3089.15,3065.51,3070.23,112100.0,3070.23
2018-08-24,3112.75,3141.1,3084.39,3126.92,189692.0,3126.92
2018-08-27,3126.92,3141.1,3112.75,3117.46,161956.0,3117.46
2018-08-28,3112.75,3122.19,3079.68,3089.15,148302.0,3089.15
2018-08-29,3108.02,3131.63,3098.59,3103.31,165134.0,3103.31
2018-08-30,3108.02,3155.25,3103.31,3131.63,240606.0,3131.63
2018-08-31,3122.19,3145.83,3112.75,3112.75,188210.0,3112.75
2018-09-03,3122.19,3145.83,3103.31,3122.19,155606.0,3122.19
2018-09-04,3108.02,3112.75,3032.47,3041.9,293535.0,3041.9
2018-09-05,3041.9,3056.07,3027.72,3037.18,172226.0,3037.18
2018-09-06,3032.47,3032.47,2989.94,2989.94,209697.0,2989.94
2018-09-07,2966.31,2989.94,2947.42,2985.23,165980.0,2985.23
2018-09-10,2975.78,2994.66,2956.87,2985.23,133377.0,2985.23
2018-09-11,2985.23,3008.84,2980.5,2999.39,138035.0,2999.39
2018-09-12,2994.66,2994.66,2952.15,2989.94,200382.0,2989.94
2018-09-13,3013.56,3056.07,3004.11,3032.47,171169.0,3032.47
2018-09-14,3051.35,3079.68,3046.61,3051.35,252887.0,3051.35
2018-09-18,3051.35,3131.63,3032.47,3122.19,175507.0,3122.19
2018-09-19,3155.25,3169.43,3131.63,3159.99,223142.0,3159.99
2018-09-20,3169.43,3183.59,3145.83,3164.71,192339.0,3164.71
2018-09-21,3193.04,3235.56,3178.88,3216.67,261355.0,3216.67
2018-09-25,3202.51,3287.51,3197.78,3287.51,282738.0,3287.51
2018-09-26,3278.01,3325.52,3268.5,3320.78,196601.0,3320.78
2018-09-27,3306.52,3311.27,3221.01,3225.74,199442.0,3225.74
2018-09-28,3273.27,3287.51,3235.26,3240.01,176813.0,3240.01
2018-10-01,3230.5,3263.77,3206.75,3221.01,143766.0,3221.01
2018-10-02,3240.01,3278.01,3216.26,3263.77,191127.0,3263.77
2018-10-03,3278.01,3278.01,3225.74,3225.74,149555.0,3225.74
2018-10-04,3249.52,3254.27,3206.75,3221.01,209967.0,3221.01
2018-10-05,3221.01,3282.77,3211.5,3259.02,227543.0,3259.02
2018-10-09,3244.76,3273.27,3192.52,3211.5,202388.0,3211.5
2018-10-10,3202.0,3249.52,3197.26,3221.01,204073.0,3221.01
2018-10-11,3149.73,3163.98,3121.24,3140.25,230911.0,3140.25
2018-10-12,3116.5,3216.26,3111.74,3183.01,336788.0,3183.01
2018-10-15,3149.73,3183.01,3073.74,3078.47,191127.0,3078.47
2018-10-16,3068.98,3087.98,3045.23,3083.22,151239.0,3083.22
2018-10-17,3092.74,3149.73,3092.74,3144.98,120927.0,3144.98
2018-10-18,3154.5,3192.52,3144.98,3144.98,121140.0,3144.98
2018-10-19,3121.24,3135.49,3083.22,3121.24,146399.0,3121.24
2018-10-22,3121.24,3163.98,3102.25,3144.98,161659.0,3144.98
2018-10-23,3111.74,3111.74,3049.98,3059.49,152185.0,3059.49
2018-10-24,3087.98,3111.74,3059.49,3097.49,139452.0,3097.49
2018-10-25,3064.24,3068.98,3016.71,3035.73,187969.0,3035.73
2018-10-26,3049.98,3054.73,2969.22,2988.21,234384.0,2988.21
2018-10-29,3007.23,3035.73,2983.47,2988.21,152501.0,2988.21
2018-10-30,2983.47,3054.73,2983.47,3030.98,193232.0,3030.98
2018-10-31,3059.49,3097.49,3045.23,3087.98,174814.0,3087.98
2018-11-01,3106.99,3168.74,3078.47,3087.98,294583.0,3087.98
2018-11-02,3487.05,3548.81,3387.29,3539.31,1170131.0,3539.31
2018-11-05,3501.29,3501.29,3411.04,3411.04,626007.0,3411.04
2018-11-06,3420.54,3472.8,3401.53,3472.8,271851.0,3472.8
2018-11-07,3472.8,3529.81,3444.28,3510.8,378046.0,3510.8
2018-11-08,3539.31,3615.32,3510.8,3610.58,337420.0,3610.58
2018-11-09,3610.58,3653.32,3567.82,3596.31,266485.0,3596.31
2018-11-12,3653.32,3710.34,3586.81,3705.59,323421.0,3705.59
2018-11-13,3639.08,3643.83,3577.32,3624.82,227543.0,3624.82
2018-11-14,3596.31,3629.57,3577.32,3582.07,144924.0,3582.07
2018-11-15,3548.81,3610.58,3520.31,3601.07,149660.0,3601.07
2018-11-16,3582.07,3648.57,3567.82,3620.06,181340.0,3620.06
2018-11-19,3610.58,3620.06,3591.55,3601.07,163237.0,3601.07
2018-11-20,3601.07,3643.83,3567.82,3643.83,184077.0,3643.83
2018-11-21,3591.55,3648.57,3577.32,3624.82,244594.0,3624.82
2018-11-22,3605.82,3686.57,3577.32,3681.82,287849.0,3681.82
2018-11-26,3705.59,3748.34,3662.82,3691.33,234488.0,3691.33
2018-11-27,3795.86,3848.11,3767.36,3776.84,428037.0,3776.84
2018-11-28,3795.86,3824.36,3781.59,3805.33,253961.0,3805.33
2018-11-29,3800.59,3800.59,3762.6,3776.84,184814.0,3776.84
2018-11-30,3781.59,3838.61,3781.59,3824.36,249854.0,3824.36
2018-12-03,3824.36,3848.11,3814.85,3824.36,210386.0,3824.36
2018-12-04,3800.59,3819.59,3757.84,3762.6,226596.0,3762.6
2018-12-05,3715.08,3791.1,3700.84,3791.1,194495.0,3791.1
2018-12-06,3743.59,3772.1,3719.83,3734.08,216807.0,3734.08
2018-12-07,3710.34,3814.85,3686.57,3805.33,284059.0,3805.33
2018-12-10,3738.83,3753.09,3691.33,3724.57,217861.0,3724.57
2018-12-11,3748.34,3776.84,3705.59,3724.57,257010.0,3724.57
2018-12-12,3772.1,3814.85,3767.36,3805.33,260801.0,3805.33
2018-12-13,3819.59,3843.35,3800.59,3810.1,224701.0,3810.1
2018-12-14,3810.1,3862.35,3805.33,3833.86,356365.0,3833.86
2018-12-17,3824.36,3838.61,3767.36,3810.1,187760.0,3810.1
2018-12-18,3753.09,3786.35,3729.35,3738.83,241015.0,3738.83
2018-12-19,3729.35,3791.1,3705.59,3738.83,239122.0,3738.83
2018-12-20,3686.57,3729.35,3629.57,3648.57,273431.0,3648.57
2018-12-21,3639.08,3639.08,3553.57,3582.07,300373.0,3582.07
2018-12-25,3458.54,3468.03,3358.77,3387.29,266274.0,3387.29
2018-12-26,3453.8,3520.31,3396.79,3439.54,262168.0,3439.54
2018-12-27,3572.57,3667.58,3558.3,3658.06,214807.0,3658.06
2018-12-28,3643.83,3643.83,3544.06,3586.81,258380.0,3586.81
2019-01-04,3529.81,3601.07,3525.04,3567.82,270484.0,3567.82
2019-01-07,3629.57,3648.57,3572.57,3591.55,199338.0,3591.55
2019-01-08,3577.32,3662.82,3577.32,3620.06,349733.0,3620.06
2019-01-09,3629.57,3700.84,3624.82,3691.33,228596.0,3691.33
2019-01-10,3672.33,3691.33,3639.08,3662.82,220702.0,3662.82
2019-01-11,3800.59,3800.59,3653.32,3667.58,314267.0,3667.58
2019-01-15,3601.07,3677.09,3591.55,3591.55,271640.0,3591.55
2019-01-16,3591.55,3700.84,3591.55,3681.82,309213.0,3681.82
2019-01-17,3795.86,3838.61,3705.59,3743.59,383307.0,3743.59
2019-01-18,3743.59,3819.59,3734.08,3795.86,225436.0,3795.86
2019-01-21,3800.59,3810.1,3767.36,3800.59,194286.0,3800.59
2019-01-22,3805.33,3805.33,3748.34,3767.36,190286.0,3767.36
2019-01-23,3753.09,3767.36,3719.83,3738.83,194704.0,3738.83
2019-01-24,3715.08,3729.35,3686.57,3691.33,185127.0,3691.33
2019-01-25,3696.09,3743.59,3691.33,3696.09,233331.0,3696.09
2019-01-28,3658.06,3677.09,3591.55,3596.31,219756.0,3596.31
2019-01-29,3591.55,3610.58,3582.07,3596.31,192391.0,3596.31
2019-01-30,3610.58,3624.82,3582.07,3596.31,259644.0,3596.31
2019-01-31,3582.07,3620.06,3572.57,3586.81,293427.0,3586.81
2019-02-01,3843.35,3919.38,3810.1,3895.62,657581.0,3895.62
2019-02-04,3867.11,3895.62,3848.11,3881.34,272061.0,3881.34
2019-02-05,3881.34,3890.87,3810.1,3833.86,356365.0,3833.86
2019-02-06,3829.12,3876.61,3819.59,3867.11,186075.0,3867.11
2019-02-07,3843.35,3843.35,3772.1,3786.35,162922.0,3786.35
2019-02-08,3748.34,3795.86,3724.57,3738.83,146083.0,3738.83
2019-02-12,3762.6,3833.86,3757.84,3833.86,186600.0,3833.86
2019-02-13,3848.11,3876.61,3819.59,3862.35,180602.0,3862.35
2019-02-14,3886.12,3976.38,3886.12,3962.13,368151.0,3962.13
2019-02-15,3976.38,4038.14,3924.1,4023.89,382887.0,4023.89
2019-02-18,4042.88,4147.41,4042.88,4128.4,308688.0,4128.4
2019-02-19,4128.4,4199.65,4123.65,4166.4,310373.0,4166.4
2019-02-20,4175.92,4237.66,4175.92,4218.67,314370.0,4218.67
2019-02-21,4218.67,4223.41,4133.15,4171.16,271430.0,4171.16
2019-02-22,4190.17,4237.66,4171.16,4209.16,260486.0,4209.16
2019-02-25,4223.41,4266.17,4209.16,4242.42,244488.0,4242.42
2019-02-26,4242.42,4247.18,4190.17,4199.65,281324.0,4199.65
2019-02-27,4213.93,4228.16,4171.16,4190.17,391201.0,4190.17
2019-02-28,4218.67,4266.17,4194.9,4237.66,311423.0,4237.66
2019-03-01,4237.66,4327.92,4228.16,4318.43,354683.0,4318.43
2019-03-04,4337.43,4365.94,4304.18,4332.68,260277.0,4332.68
2019-03-05,4332.68,4346.94,4294.67,4337.43,207546.0,4337.43
2019-03-06,4323.19,4323.19,4275.67,4313.69,289008.0,4313.69
2019-03-07,4318.43,4389.69,4318.43,4370.69,362258.0,4370.69
2019-03-08,4318.43,4351.68,4313.69,4323.19,343420.0,4323.19
2019-03-11,4308.93,4332.68,4280.44,4294.67,321738.0,4294.67
2019-03-12,4299.42,4380.18,4280.44,4365.94,320264.0,4365.94
2019-03-13,4370.69,4399.2,4232.91,4285.17,439930.0,4285.17
2019-03-14,4237.66,4256.67,4128.4,4133.15,585275.0,4133.15
2019-03-15,4137.88,4209.16,4133.15,4175.92,483292.0,4175.92
2019-03-18,4166.4,4199.65,4152.16,4171.16,375096.0,4171.16
2019-03-19,4180.65,4190.17,4123.65,4161.65,276167.0,4161.65
2019-03-20,4142.64,4185.42,4128.4,4175.92,296267.0,4175.92
2019-03-22,4209.16,4223.41,4118.9,4142.64,359521.0,4142.64
2019-03-25,4133.15,4161.65,4104.65,4137.88,309951.0,4137.88
2019-03-26,4223.41,4323.19,4199.65,4308.93,385519.0,4308.93
2019-03-27,4310.83,4315.61,4253.55,4263.09,303106.0,4263.09
2019-03-28,4244.01,4244.01,4167.62,4196.26,270950.0,4196.26
2019-03-29,4210.58,4258.33,4210.58,4248.78,213033.0,4248.78
2019-04-01,4334.72,4358.58,4315.61,4334.72,235656.0,4334.72
2019-04-02,4391.99,4396.77,4239.22,4244.01,250841.0,4244.01
2019-04-03,4239.22,4239.22,4172.39,4215.37,183078.0,4215.37
2019-04-04,4191.49,4244.01,4177.17,4234.45,138983.0,4234.45
2019-04-05,4253.55,4267.87,4191.49,4205.81,127464.0,4205.81
2019-04-08,4248.78,4310.83,4234.45,4291.75,222983.0,4291.75
2019-04-09,4267.87,4267.87,4181.94,4196.26,167368.0,4196.26
2019-04-10,4196.26,4244.01,4191.49,4224.91,178575.0,4224.91
2019-04-11,4234.45,4272.65,4205.81,4234.45,116465.0,4234.45
2019-04-12,4267.87,4267.87,4191.49,4229.68,97614.0,4229.68
2019-04-15,4282.17,4296.52,4220.14,4239.22,204445.0,4239.22
2019-04-16,4224.91,4229.68,4162.85,4191.49,189259.0,4191.49
2019-04-17,4186.72,4224.91,4172.39,4220.14,125368.0,4220.14
2019-04-18,4191.49,4191.49,4124.65,4134.2,187372.0,4134.2
2019-04-19,4129.43,4158.08,4100.79,4124.65,239113.0,4124.65
2019-04-22,4100.79,4196.26,4100.79,4177.17,179204.0,4177.17
2019-04-23,4201.04,4244.01,4196.26,4224.91,158674.0,4224.91
2019-04-24,4234.45,4277.42,4220.14,4224.91,182345.0,4224.91
2019-04-25,4258.33,4267.87,4224.91,4239.22,199522.0,4239.22
2019-04-26,4229.68,4277.42,4201.04,4267.87,193238.0,4267.87
2019-05-07,4248.78,4358.58,4244.01,4315.61,218794.0,4315.61
2019-05-08,4272.65,4291.75,4205.81,4224.91,168833.0,4224.91
2019-05-09,4181.94,4186.72,4115.1,4129.43,170089.0,4129.43
2019-05-10,4134.2,4220.14,4124.65,4186.72,246443.0,4186.72
2019-05-13,4167.62,4239.22,4153.3,4210.58,220888.0,4210.58
2019-05-14,4057.83,4162.85,4038.72,4153.3,406059.0,4153.3
2019-05-15,4167.62,4286.97,4167.62,4229.68,295249.0,4229.68
2019-05-16,4220.14,4220.14,4148.52,4186.72,274407.0,4186.72
2019-05-17,4248.78,4277.42,4210.58,4272.65,167263.0,4272.65
2019-05-20,4296.52,4372.91,4296.52,4353.81,167055.0,4353.81
2019-05-21,4334.72,4425.41,4334.72,4406.31,236913.0,4406.31
2019-05-22,4425.41,4439.74,4320.37,4320.37,222041.0,4320.37
2019-05-23,4349.02,4454.06,4349.02,4434.97,238483.0,4434.97
2019-05-24,4430.18,4497.02,4425.41,4463.6,228638.0,4463.6
2019-05-27,4458.84,4473.16,4411.09,4425.41,135632.0,4425.41
2019-05-28,4444.51,4473.16,4434.97,4458.84,140868.0,4458.84
2019-05-29,4391.99,4449.28,4363.35,4396.77,157104.0,4396.77
2019-05-30,4329.94,4329.94,4220.14,4234.45,269799.0,4234.45
2019-05-31,4239.22,4291.75,4224.91,4224.91,161713.0,4224.91
2019-06-03,4162.85,4191.49,4143.75,4181.94,116046.0,4181.94
2019-06-04,4215.37,4224.91,4057.83,4100.79,234608.0,4100.79
2019-06-05,4158.08,4167.62,4081.7,4148.52,244033.0,4148.52
2019-06-06,4158.08,4201.04,4138.98,4172.39,119295.0,4172.39
2019-06-07,4167.62,4167.62,4100.79,4124.65,149876.0,4124.65
2019-06-10,4158.08,4201.04,4119.88,4196.26,157417.0,4196.26
2019-06-11,4186.72,4210.58,4153.3,4210.58,169253.0,4210.58
2019-06-12,4220.14,4244.01,4186.72,4196.26,151343.0,4196.26
2019-06-13,4196.26,4196.26,4105.56,4143.75,192924.0,4143.75
2019-06-14,4134.2,4148.52,4005.3,4033.95,372860.0,4033.95
2019-06-17,4010.07,4043.5,4000.55,4010.07,214290.0,4010.07
2019-06-18,4005.3,4048.27,3967.11,3981.44,170824.0,3981.44
2019-06-19,3976.67,3995.77,3952.78,3995.77,190514.0,3995.77
2019-06-20,4038.72,4038.72,3943.24,3948.01,198475.0,3948.01
2019-06-21,3928.93,3938.47,3900.28,3919.38,243616.0,3919.38
2019-06-24,3919.38,3924.14,3862.09,3914.6,166530.0,3914.6
2019-06-25,3933.7,3976.67,3928.93,3943.24,187372.0,3943.24
2019-06-26,3924.14,3952.78,3909.83,3924.14,143907.0,3924.14
2019-06-27,3890.75,3890.75,3833.45,3847.77,229686.0,3847.77
2019-06-28,3823.9,3885.97,3819.13,3862.09,204445.0,3862.09
2019-07-01,3914.6,3957.57,3885.97,3957.57,161607.0,3957.57
2019-07-02,3957.57,4043.5,3957.57,4014.86,217326.0,4014.86
2019-07-03,4048.27,4062.59,4024.39,4029.17,124530.0,4029.17
2019-07-04,4091.23,4110.33,4038.72,4057.83,100546.0,4057.83
2019-07-05,4067.37,4100.79,4043.5,4091.23,120759.0,4091.23
2019-07-08,4067.37,4081.7,4000.55,4010.07,195229.0,4010.07
2019-07-09,4038.72,4100.79,4033.95,4033.95,164853.0,4033.95
2019-07-10,4014.86,4014.86,3943.24,4000.55,209157.0,4000.55
2019-07-11,4005.3,4033.95,3990.99,3995.77,114581.0,3995.77
2019-07-12,3986.21,3995.77,3957.57,3962.35,118874.0,3962.35
2019-07-16,3928.93,3933.7,3885.97,3909.83,153124.0,3909.83
2019-07-17,3866.85,3900.28,3857.31,3871.62,191771.0,3871.62
2019-07-18,3876.41,3885.97,3771.37,3785.7,223611.0,3785.7
2019-07-19,3776.16,3905.06,3771.37,3890.75,182031.0,3890.75
2019-07-22,3857.31,3876.41,3814.35,3819.13,148516.0,3819.13
2019-07-23,3809.58,3895.51,3795.25,3857.31,128196.0,3857.31
2019-07-24,3862.09,3881.19,3833.45,3871.62,149562.0,3871.62
2019-07-25,3862.09,3881.19,3857.31,3862.09,65983.6,3862.09
2019-07-26,3876.41,3905.06,3876.41,3895.51,176376.0,3895.51
2019-07-29,3909.83,3928.93,3890.75,3909.83,114477.0,3909.83
2019-07-30,3924.14,3928.93,3881.19,3909.83,153962.0,3909.83
2019-07-31,3862.09,3871.62,3819.13,3838.21,315045.0,3838.21
2019-08-01,3852.54,3938.47,3800.04,3928.93,265191.0,3928.93
2019-08-02,3895.51,3981.44,3890.75,3914.6,324576.0,3914.6
2019-08-05,3895.51,3938.47,3785.7,3819.13,235133.0,3819.13
2019-08-06,3752.29,3895.51,3733.19,3885.97,300382.0,3885.97
2019-08-07,3838.21,3890.75,3809.58,3876.41,202140.0,3876.41
2019-08-08,3866.85,3900.28,3842.99,3866.85,143487.0,3866.85
2019-08-09,3881.19,3885.97,3838.21,3838.21,86406.8,3838.21
2019-08-13,3790.48,3819.13,3761.84,3804.81,180878.0,3804.81
2019-08-14,3828.67,3866.85,3809.58,3866.85,114057.0,3866.85
2019-08-15,3800.04,3809.58,3780.94,3804.81,123693.0,3804.81
2019-08-16,3809.58,3866.85,3785.7,3833.45,124530.0,3833.45
2019-08-19,3852.54,3857.31,3809.58,3823.9,96671.4,3823.9
2019-08-20,3814.35,3871.62,3809.58,3871.62,143802.0,3871.62
2019-08-21,3828.67,3847.77,3804.81,3828.67,97405.3,3828.67
2019-08-22,3838.21,3842.99,3800.04,3828.67,99708.8,3828.67
2019-08-23,3862.09,3862.09,3814.35,3828.67,115104.0,3828.67
2019-08-26,3771.37,3795.25,3728.41,3757.06,248643.0,3757.06
2019-08-27,3823.9,3823.9,3752.29,3795.25,182031.0,3795.25
2019-08-28,3785.7,3804.81,3742.75,3771.37,117199.0,3771.37
2019-08-29,3771.37,3790.48,3733.19,3790.48,91852.6,3790.48
2019-08-30,3833.45,3871.62,3809.58,3866.85,135528.0,3866.85
2019-09-02,3833.45,3862.09,3800.04,3804.81,97509.1,3804.81
2019-09-03,3809.58,3847.77,3776.16,3819.13,145373.0,3819.13
2019-09-04,3814.35,3833.45,3776.16,3776.16,143698.0,3776.16
2019-09-05,3819.13,3871.62,3814.35,3862.09,169776.0,3862.09
2019-09-06,3838.21,3847.77,3804.81,3804.81,110182.0,3804.81
2019-09-09,3804.81,3890.75,3804.81,3885.97,107564.0,3885.97
2019-09-10,3852.54,3852.54,3733.19,3747.52,330441.0,3747.52
2019-09-11,3752.29,3814.35,3728.41,3804.81,176585.0,3804.81
2019-09-12,3814.35,3866.85,3795.25,3852.54,197426.0,3852.54
2019-09-13,3866.85,3890.75,3847.77,3881.19,235656.0,3881.19
2019-09-17,3881.19,3905.06,3852.54,3885.97,158571.0,3885.97
2019-09-18,3914.6,3990.99,3914.6,3948.01,191562.0,3948.01
2019-09-19,3990.99,4010.07,3943.24,3976.67,144220.0,3976.67
2019-09-20,4000.55,4000.55,3948.01,3952.78,199311.0,3952.78
2019-09-24,3943.24,3962.35,3924.14,3938.47,261002.0,3938.47
2019-09-25,3928.93,3938.47,3876.41,3924.14,233667.0,3924.14
2019-09-26,3952.78,3986.21,3924.14,3957.57,230208.0,3957.57
2019-09-27,3955.65,3965.26,3878.83,3912.43,164043.0,3912.43
2019-09-30,3869.24,3898.04,3845.25,3878.83,124673.0,3878.83
2019-10-01,3883.63,3950.86,3883.63,3936.45,110091.0,3936.45
2019-10-02,3946.06,4003.65,3936.45,3960.45,139463.0,3960.45
2019-10-03,3893.24,3917.23,3874.04,3878.83,147379.0,3878.83
2019-10-04,3869.24,3898.04,3854.83,3898.04,141129.0,3898.04
2019-10-07,3922.04,3926.84,3888.45,3912.43,94364.8,3912.43
2019-10-08,3936.45,3998.86,3931.63,3989.25,127798.0,3989.25
2019-10-09,3960.45,3998.86,3955.65,3998.86,131131.0,3998.86
2019-10-10,3998.86,3998.86,3912.43,3931.63,118528.0,3931.63
2019-10-11,3955.65,3955.65,3902.85,3936.45,97487.9,3936.45
2019-10-15,3979.66,3994.06,3926.84,3955.65,138837.0,3955.65
2019-10-16,3974.86,3979.66,3907.64,3941.25,212580.0,3941.25
2019-10-17,3955.65,3974.86,3931.63,3941.25,158941.0,3941.25
2019-10-18,3946.06,3970.05,3874.04,3874.04,144982.0,3874.04
2019-10-21,3878.83,3893.24,3859.64,3874.04,105613.0,3874.04
2019-10-23,3883.63,3902.85,3830.84,3898.04,182895.0,3898.04
2019-10-24,3922.04,3922.04,3883.63,3893.24,120299.0,3893.24
2019-10-25,3926.84,3946.06,3907.64,3941.25,133318.0,3941.25
2019-10-28,3926.84,3926.84,3878.83,3898.04,137380.0,3898.04
2019-10-29,3922.04,3946.06,3893.24,3898.04,153836.0,3898.04
2019-10-30,3888.45,3960.45,3888.45,3955.65,212892.0,3955.65
2019-10-31,3989.25,3994.06,3936.45,3950.86,109675.0,3950.86
2019-11-01,3931.63,3984.46,3907.64,3974.86,172479.0,3974.86
2019-11-05,4090.07,4142.86,4032.45,4123.67,486717.0,4123.67
2019-11-06,4094.87,4114.07,3941.25,3941.25,372458.0,3941.25
2019-11-07,3960.45,3960.45,3840.43,3859.64,239868.0,3859.64
2019-11-08,3888.45,3888.45,3797.24,3811.64,285176.0,3811.64
2019-11-11,3797.24,3821.23,3782.82,3811.64,195499.0,3811.64
2019-11-12,3821.23,3826.04,3768.43,3787.62,204663.0,3787.62
2019-11-13,3802.03,3826.04,3787.62,3806.82,165501.0,3806.82
2019-11-14,3821.23,3859.64,3773.23,3778.02,204351.0,3778.02
2019-11-15,3778.02,3811.64,3763.62,3787.62,160710.0,3787.62
2019-11-18,3763.62,3768.43,3739.63,3768.43,248408.0,3768.43
2019-11-19,3710.83,3758.83,3677.21,3730.02,827823.0,3730.02
2019-11-20,3725.23,3806.82,3725.23,3806.82,760018.0,3806.82
2019-11-21,3811.64,3835.64,3730.02,3821.23,414431.0,3821.23
2019-11-22,3802.03,3816.44,3787.62,3787.62,174875.0,3787.62
2019-11-25,3787.62,3787.62,3734.82,3744.42,148003.0,3744.42
2019-11-26,3763.62,3763.62,3706.02,3706.02,241847.0,3706.02
2019-11-27,3715.63,3754.03,3710.83,3720.43,187686.0,3720.43
2019-11-28,3706.02,3715.63,3658.0,3658.0,799284.0,3658.0
2019-11-29,3648.42,3682.02,3638.81,3643.61,730749.0,3643.61
2019-12-02,3696.42,3710.83,3667.62,3686.82,356937.0,3686.82
2019-12-03,3672.41,3701.21,3662.81,3686.82,235493.0,3686.82
2019-12-04,3672.41,3691.62,3653.2,3691.62,253408.0,3691.62
2019-12-05,3706.02,3734.82,3691.62,3710.83,261845.0,3710.83
2019-12-06,3691.62,3701.21,3667.62,3701.21,258929.0,3701.21
2019-12-09,3710.83,3720.43,3682.02,3710.83,177270.0,3710.83
2019-12-10,3715.63,3720.43,3691.62,3696.42,177897.0,3696.42
2019-12-11,3686.82,3686.82,3648.42,3653.2,235076.0,3653.2
2019-12-12,3653.2,3653.2,3600.41,3605.21,258096.0,3605.21
2019-12-13,3648.42,3658.0,3614.81,3624.42,366103.0,3624.42
2019-12-16,3629.21,3658.0,3624.42,3634.01,114049.0,3634.01
2019-12-17,3629.21,3653.2,3619.62,3653.2,139046.0,3653.2
2019-12-18,3662.81,3682.02,3629.21,3638.81,133944.0,3638.81
2019-12-19,3629.21,3648.42,3629.21,3643.61,108008.0,3643.61
2019-12-20,3643.61,3648.42,3614.81,3638.81,145399.0,3638.81
2019-12-23,3653.2,3667.62,3638.81,3643.61,117590.0,3643.61
2019-12-24,3629.21,3662.81,3629.21,3658.0,90927.2,3658.0
2019-12-25,3638.81,3643.61,3600.41,3605.21,164669.0,3605.21
2019-12-26,3614.81,3653.2,3605.21,3648.42,181645.0,3648.42
2019-12-27,3658.0,3667.62,3629.21,3634.01,115403.0,3634.01
2019-12-30,3614.81,3614.81,3581.2,3581.2,120507.0,3581.2
2020-01-06,3542.8,3542.8,3485.19,3490.0,259659.0,3490.0
2020-01-07,3518.8,3600.41,3518.8,3586.01,211746.0,3586.01
2020-01-08,3552.4,3566.8,3514.0,3547.61,191123.0,3547.61
2020-01-09,3581.2,3595.61,3557.21,3586.01,124464.0,3586.01
2020-01-10,3610.01,3629.21,3595.61,3595.61,138108.0,3595.61
2020-01-14,3629.21,3629.21,3576.4,3600.41,159044.0,3600.41
2020-01-15,3571.61,3605.21,3566.8,3605.21,127278.0,3605.21
2020-01-16,3614.81,3643.61,3586.01,3610.01,145399.0,3610.01
2020-01-17,3619.62,3624.42,3576.4,3586.01,122277.0,3586.01
2020-01-20,3590.81,3595.61,3576.4,3586.01,77907.5,3586.01
2020-01-21,3571.61,3571.61,3518.8,3528.39,191020.0,3528.39
2020-01-22,3538.0,3571.61,3538.0,3566.8,134776.0,3566.8
2020-01-23,3547.61,3562.0,3523.59,3538.0,130714.0,3538.0
2020-01-24,3542.8,3571.61,3533.2,3552.4,138943.0,3552.4
2020-01-27,3542.8,3586.01,3514.0,3571.61,245701.0,3571.61
2020-01-28,3533.2,3533.2,3494.81,3514.0,211955.0,3514.0
2020-01-29,3485.19,3523.59,3485.19,3523.59,194040.0,3523.59
2020-01-30,3499.6,3509.2,3451.59,3475.58,209664.0,3475.58
2020-01-31,3355.57,3384.38,3312.39,3345.98,559832.0,3345.98
2020-02-03,3307.57,3422.8,3288.38,3408.39,297883.0,3408.39
2020-02-04,3398.78,3523.59,3393.98,3509.2,321213.0,3509.2
2020-02-05,3533.2,3533.2,3470.79,3485.19,214039.0,3485.19
2020-02-06,3528.39,3581.2,3514.0,3547.61,244347.0,3547.61
2020-02-07,3523.59,3542.8,3504.39,3504.39,135921.0,3504.39
2020-02-10,3490.0,3490.0,3456.39,3485.19,149150.0,3485.19
2020-02-12,3485.19,3490.0,3427.58,3432.38,231848.0,3432.38
2020-02-13,3384.38,3403.59,3365.18,3398.78,209768.0,3398.78
2020-02-14,3384.38,3389.19,3321.98,3336.37,266636.0,3336.37
2020-02-17,3331.58,3331.58,3293.18,3312.39,149984.0,3312.39
2020-02-18,3293.18,3297.97,3264.37,3288.38,243305.0,3288.38
2020-02-19,3312.39,3341.17,3307.57,3317.18,138004.0,3317.18
2020-02-20,3317.18,3345.98,3302.77,3302.77,125298.0,3302.77
2020-02-21,3273.97,3307.57,3273.97,3278.77,146755.0,3278.77
2020-02-25,3182.77,3230.76,3168.36,3177.97,298611.0,3177.97
2020-02-26,3168.36,3225.96,3158.76,3187.56,303819.0,3187.56
2020-02-27,3168.36,3177.97,3110.75,3120.34,304548.0,3120.34
2020-02-28,3038.75,3072.35,3005.13,3057.95,325172.0,3057.95
2020-03-02,3009.95,3115.55,3009.95,3105.95,296842.0,3105.95
2020-03-03,3163.57,3168.36,3091.56,3101.15,272885.0,3101.15
2020-03-04,3072.35,3163.57,3053.15,3134.75,215393.0,3134.75
2020-03-05,3158.76,3192.37,3134.75,3177.97,187166.0,3177.97
2020-03-06,3144.37,3168.36,3120.34,3144.37,229661.0,3144.37
2020-03-09,3086.76,3125.14,3033.95,3067.55,253305.0,3067.55
2020-03-10,3062.75,3134.75,2990.73,3110.75,332150.0,3110.75
2020-03-11,3081.94,3173.15,3081.94,3134.75,262782.0,3134.75
2020-03-12,3072.35,3105.95,3005.13,3048.35,370790.0,3048.35
2020-03-13,2879.38,2966.74,2799.68,2889.93,556915.0,2889.93
2020-03-16,2894.72,2947.52,2833.28,2841.93,305903.0,2841.93
2020-03-17,2799.68,3048.35,2795.83,3009.95,645967.0,3009.95
2020-03-18,3048.35,3125.14,2981.14,3000.33,563582.0,3000.33
2020-03-19,3024.35,3091.56,2808.32,2808.32,1134870.0,2808.32
2020-03-23,2894.72,3144.37,2889.93,3115.55,1069046.0,3115.55
2020-03-24,3182.77,3235.56,2981.14,3105.95,482758.0,3105.95
2020-03-25,3081.94,3206.76,3072.35,3197.16,534731.0,3197.16
2020-03-26,3230.76,3341.17,3115.55,3336.37,420264.0,3336.37
2020-03-27,3398.78,3461.19,3374.78,3461.19,574725.0,3461.19
2020-03-30,3425.44,3551.05,3391.62,3541.39,494890.0,3541.39
2020-03-31,3517.24,3546.22,3372.3,3406.12,351039.0,3406.12
2020-04-01,3372.3,3430.27,3270.83,3285.33,274249.0,3285.33
2020-04-02,3256.35,3348.14,3241.85,3261.17,196942.0,3261.17
2020-04-03,3237.01,3352.97,3237.01,3280.49,229127.0,3280.49
2020-04-06,3333.64,3425.44,3323.99,3372.3,277354.0,3372.3
2020-04-07,3328.82,3343.32,3212.85,3270.83,449459.0,3270.83
2020-04-08,3101.74,3164.54,3029.27,3130.73,785388.0,3130.73
2020-04-09,3135.56,3145.22,3005.1,3058.27,421619.0,3058.27
2020-04-10,3077.59,3077.59,2980.95,3063.1,351866.0,3063.1
2020-04-13,3038.93,3063.1,3000.28,3048.6,222608.0,3048.6
2020-04-14,3077.59,3096.91,3048.6,3082.42,203565.0,3082.42
2020-04-15,3092.08,3159.71,3092.08,3154.88,384673.0,3154.88
2020-04-16,3154.88,3232.18,3140.39,3232.18,258933.0,3232.18
2020-04-17,3285.33,3299.83,3188.7,3193.53,243719.0,3193.53
2020-04-20,3183.87,3212.85,3154.88,3203.19,142609.0,3203.19
2020-04-21,3203.19,3256.35,3188.7,3227.35,161237.0,3227.35
2020-04-22,3251.51,3314.32,3237.01,3280.49,295466.0,3280.49
2020-04-23,3309.5,3333.64,3290.17,3333.64,191972.0,3333.64
2020-04-24,3323.99,3323.99,3261.17,3299.83,414790.0,3299.83
2020-04-27,3299.83,3309.5,3261.17,3290.17,158650.0,3290.17
2020-04-28,3299.83,3314.32,3256.35,3304.66,134536.0,3304.66
2020-04-30,3333.64,3343.32,3256.35,3266.0,210706.0,3266.0
2020-05-01,3256.35,3294.99,3222.52,3232.18,137435.0,3232.18
2020-05-07,3251.51,3314.32,3232.18,3309.5,218054.0,3309.5
2020-05-08,3323.99,3338.48,3290.17,3328.82,193423.0,3328.82
2020-05-11,3377.13,3410.95,3314.32,3396.45,290394.0,3396.45
2020-05-12,3396.45,3435.09,3362.64,3425.44,295050.0,3425.44
2020-05-13,3478.59,3522.07,3420.61,3478.59,484230.0,3478.59
2020-05-14,3526.9,3531.73,3454.42,3454.42,233164.0,3454.42
2020-05-15,3444.76,3468.92,3386.78,3454.42,208118.0,3454.42
2020-05-18,3435.09,3464.1,3406.12,3425.44,183902.0,3425.44
2020-05-19,3449.59,3464.1,3410.95,3410.95,161651.0,3410.95
2020-05-20,3381.95,3425.44,3357.81,3420.61,207188.0,3420.61
2020-05-21,3406.12,3425.44,3381.95,3386.78,136089.0,3386.78
2020-05-22,3372.3,3377.13,3333.64,3367.46,157926.0,3367.46
2020-05-25,3401.28,3401.28,3362.64,3391.62,95728.8,3391.62
2020-05-26,3430.27,3473.76,3401.28,3464.1,227988.0,3464.1
2020-05-27,3478.59,3497.91,3435.09,3497.91,229851.0,3497.91
2020-05-28,3517.24,3531.73,3464.1,3512.4,221572.0,3512.4
2020-05-29,3512.4,3541.39,3488.25,3522.07,311815.0,3522.07
2020-06-01,3565.54,3565.54,3473.76,3488.25,196528.0,3488.25
2020-06-02,3497.91,3507.57,3435.09,3478.59,238234.0,3478.59
2020-06-03,3507.57,3522.07,3483.42,3512.4,214845.0,3512.4
2020-06-04,3531.73,3623.52,3526.9,3599.37,298465.0,3599.37
2020-06-05,3628.35,3638.03,3541.39,3541.39,260485.0,3541.39
2020-06-08,3522.07,3522.07,3464.1,3512.4,251170.0,3512.4
2020-06-09,3541.39,3560.71,3502.74,3560.71,226953.0,3560.71
2020-06-10,3560.71,3575.21,3531.73,3541.39,217019.0,3541.39
2020-06-11,3541.39,3551.05,3483.42,3483.42,193836.0,3483.42
2020-06-12,3449.59,3454.42,3396.45,3396.45,337584.0,3396.45
2020-06-15,3396.45,3459.27,3396.45,3396.45,239166.0,3396.45
2020-06-16,3488.25,3560.71,3468.92,3555.88,253861.0,3555.88
2020-06-17,3575.21,3589.71,3555.88,3555.88,232645.0,3555.88
2020-06-18,3575.21,3580.04,3555.88,3565.54,174589.0,3565.54
2020-06-19,3575.21,3589.71,3551.05,3565.54,310161.0,3565.54
2020-06-22,3536.57,3546.22,3468.92,3502.74,150372.0,3502.74
2020-06-23,3497.91,3497.91,3425.44,3473.76,230265.0,3473.76
2020-06-24,3444.76,3449.59,3372.3,3396.45,200875.0,3396.45
2020-06-25,3396.45,3410.95,3362.64,3381.95,188663.0,3381.95
2020-06-26,3391.62,3391.62,3362.64,3391.62,210189.0,3391.62
2020-06-29,3357.81,3372.3,3333.64,3338.48,153993.0,3338.48
2020-06-30,3377.13,3386.78,3343.32,3362.64,126775.0,3362.64
2020-07-01,3338.48,3352.97,3280.49,3280.49,152440.0,3280.49
2020-07-02,3314.32,3367.46,3314.32,3357.81,183592.0,3357.81
2020-07-03,3377.13,3391.62,3333.64,3343.32,104524.0,3343.32
2020-07-06,3372.3,3410.95,3357.81,3386.78,142713.0,3386.78
2020-07-07,3362.64,3362.64,3314.32,3333.64,190111.0,3333.64
2020-07-08,3290.17,3362.64,3275.67,3280.49,252723.0,3280.49
2020-07-09,3237.01,3251.51,3198.36,3212.85,295466.0,3212.85
2020-07-10,3222.52,3227.35,3169.38,3169.38,225298.0,3169.38
2020-07-13,3227.35,3266.0,3193.53,3266.0,151405.0,3266.0
2020-07-14,3256.35,3261.17,3203.19,3203.19,145610.0,3203.19
2020-07-15,3251.51,3290.17,3217.68,3280.49,182867.0,3280.49
2020-07-16,3309.5,3328.82,3275.67,3275.67,148508.0,3275.67
2020-07-17,3261.17,3280.49,3241.85,3266.0,103388.0,3266.0
2020-07-20,3261.17,3261.17,3217.68,3256.35,144783.0,3256.35
2020-07-21,3270.83,3299.83,3261.17,3280.49,174381.0,3280.49
2020-07-22,3261.17,3266.0,3217.68,3246.68,112184.0,3246.68
2020-07-27,3232.18,3241.85,3183.87,3241.85,161754.0,3241.85
2020-07-28,3212.85,3232.18,3193.53,3203.19,119428.0,3203.19
2020-07-29,3183.87,3203.19,3169.38,3193.53,97591.8,3193.53
2020-07-30,3174.21,3198.36,3150.05,3164.54,178521.0,3164.54
2020-07-31,3145.22,3164.54,3096.91,3106.56,176968.0,3106.56
2020-08-03,3208.03,3251.51,3169.38,3241.85,281804.0,3241.85
2020-08-04,3323.99,3531.73,3319.15,3454.42,612352.0,3454.42
2020-08-05,3386.78,3420.61,3367.46,3396.45,190009.0,3396.45
2020-08-06,3362.64,3381.95,3314.32,3367.46,166205.0,3367.46
2020-08-07,3362.64,3362.64,3314.32,3333.64,114667.0,3333.64
2020-08-11,3357.81,3401.28,3348.14,3401.28,132984.0,3401.28
2020-08-12,3410.95,3439.93,3377.13,3425.44,155649.0,3425.44
2020-08-13,3473.76,3512.4,3444.76,3497.91,187421.0,3497.91
2020-08-14,3497.91,3526.9,3483.42,3512.4,169621.0,3512.4
2020-08-17,3497.91,3497.91,3430.27,3430.27,85275.7,3430.27
2020-08-18,3420.61,3459.27,3401.28,3459.27,116323.0,3459.27
2020-08-19,3444.76,3444.76,3420.61,3444.76,84551.9,3444.76
2020-08-20,3381.95,3425.44,3367.46,3381.95,132260.0,3381.95
2020-08-21,3406.12,3420.61,3367.46,3372.3,96452.6,3372.3
2020-08-24,3348.14,3377.13,3328.82,3343.32,93968.6,3343.32
2020-08-25,3410.95,3478.59,3391.62,3468.92,177382.0,3468.92
2020-08-26,3454.42,3459.27,3415.78,3430.27,126879.0,3430.27
2020-08-27,3444.76,3444.76,3401.28,3425.44,61783.8,3425.44
2020-08-28,3435.09,3478.59,3396.45,3415.78,178211.0,3415.78
2020-08-31,3435.09,3473.76,3420.61,3459.27,134744.0,3459.27
2020-09-01,3430.27,3430.27,3391.62,3401.28,128949.0,3401.28
2020-09-02,3425.44,3439.93,3401.28,3439.93,105146.0,3439.93
2020-09-03,3478.59,3478.59,3425.44,3430.27,120152.0,3430.27
2020-09-04,3401.28,3415.78,3377.13,3377.13,95004.0,3377.13
2020-09-07,3377.13,3386.78,3338.48,3343.32,79584.0,3343.32
2020-09-08,3343.32,3391.62,3328.82,3391.62,92831.5,3391.62
2020-09-09,3323.99,3372.3,3323.99,3362.64,195286.0,3362.64
2020-09-10,3381.95,3420.61,3372.3,3420.61,100695.0,3420.61
2020-09-11,3444.76,3468.92,3410.95,3435.09,143851.0,3435.09
2020-09-14,3435.09,3454.42,3430.27,3444.76,78342.0,3444.76
2020-09-15,3435.09,3435.09,3381.95,3396.45,158339.0,3396.45
2020-09-16,3420.61,3497.91,3415.78,3493.08,156891.0,3493.08
2020-09-17,3493.08,3526.9,3478.59,3507.57,137330.0,3507.57
2020-09-18,3517.24,3555.88,3502.74,3541.39,268040.0,3541.39
2020-09-23,3507.57,3560.71,3497.91,3546.22,227678.0,3546.22
2020-09-24,3580.04,3613.86,3551.05,3555.88,219089.0,3555.88
2020-09-25,3609.03,3676.67,3584.88,3671.85,344106.0,3671.85
2020-09-28,3724.99,3744.31,3681.5,3724.99,403406.0,3724.99
2020-09-29,3655.0,3689.02,3596.67,3679.3,280328.0,3679.3
2020-09-30,3674.44,3693.88,3635.56,3635.56,158424.0,3635.56
2020-10-02,3684.15,3684.15,3577.23,3586.95,179616.0,3586.95
2020-10-05,3606.39,3659.86,3596.67,3625.83,189389.0,3625.83
2020-10-06,3620.97,3635.56,3548.08,3572.37,164081.0,3572.37
2020-10-07,3567.52,3567.52,3528.63,3538.34,146285.0,3538.34
2020-10-08,3538.34,3582.1,3528.63,3552.93,120978.0,3552.93
2020-10-09,3548.08,3548.08,3504.32,3518.91,73348.8,3518.91
2020-10-12,3523.76,3562.66,3514.05,3523.76,106474.0,3523.76
2020-10-13,3523.76,3538.34,3504.32,3504.32,55036.6,3504.32
2020-10-14,3499.47,3518.91,3494.61,3509.19,59358.3,3509.19
2020-10-15,3494.61,3504.32,3460.58,3460.58,66146.9,3460.58
2020-10-16,3441.14,3465.45,3431.42,3450.86,72012.1,3450.86
2020-10-19,3450.86,3465.45,3436.28,3455.72,95054.4,3455.72
2020-10-20,3407.12,3441.14,3363.37,3363.37,136512.0,3363.37
2020-10-21,3382.82,3402.27,3363.37,3373.09,130957.0,3373.09
2020-10-22,3339.08,3343.93,3305.06,3319.64,110690.0,3319.64
2020-10-23,3319.64,3363.37,3319.64,3329.36,86311.1,3329.36
2020-10-26,3334.22,3368.24,3334.22,3353.66,133427.0,3353.66
2020-10-27,3348.8,3416.84,3305.06,3402.27,142066.0,3402.27
2020-10-28,3402.27,3441.14,3377.95,3431.42,128385.0,3431.42
2020-10-29,3411.98,3431.42,3392.54,3411.98,90733.6,3411.98
2020-10-30,3397.4,3397.4,3329.36,3358.51,180643.0,3358.51
2020-11-02,3494.61,3582.1,3470.3,3523.76,341434.0,3523.76
2020-11-04,3552.93,3562.66,3489.74,3518.91,168917.0,3518.91
2020-11-05,3518.91,3572.37,3499.47,3567.52,167580.0,3567.52
2020-11-06,3567.52,3567.52,3518.91,3528.63,149576.0,3528.63
2020-11-09,3562.66,3567.52,3523.76,3543.2,139805.0,3543.2
2020-11-10,3577.23,3655.0,3562.66,3630.7,308310.0,3630.7
2020-11-11,3659.86,3679.3,3640.42,3659.86,188977.0,3659.86
2020-11-12,3674.44,3679.3,3635.56,3659.86,119641.0,3659.86
2020-11-13,3679.3,3679.3,3606.39,3645.28,154617.0,3645.28
2020-11-16,3669.57,3723.04,3669.57,3703.59,178587.0,3703.59
2020-11-17,3703.59,3718.18,3650.13,3698.73,151223.0,3698.73
2020-11-18,3679.3,3708.46,3655.0,3708.46,119641.0,3708.46
2020-11-19,3664.72,3713.33,3664.72,3703.59,99169.5,3703.59
2020-11-20,3693.88,3703.59,3669.57,3693.88,101845.0,3693.88
2020-11-24,3742.49,3747.34,3693.88,3693.88,171489.0,3693.88
2020-11-25,3727.91,3727.91,3630.7,3635.56,166242.0,3635.56
2020-11-26,3630.7,3650.13,3601.53,3635.56,107708.0,3635.56
2020-11-27,3640.42,3669.57,3625.83,3640.42,170563.0,3640.42
2020-11-30,3645.28,3645.28,3499.47,3499.47,198955.0,3499.47
2020-12-01,3548.08,3548.08,3484.89,3504.32,136717.0,3504.32
2020-12-02,3538.34,3538.34,3460.58,3480.03,158835.0,3480.03
2020-12-03,3494.61,3548.08,3489.74,3548.08,109764.0,3548.08
2020-12-04,3552.93,3596.67,3548.08,3572.37,97935.5,3572.37
2020-12-07,3606.39,3620.97,3567.52,3567.52,110999.0,3567.52
2020-12-08,3548.08,3562.66,3514.05,3514.05,143713.0,3514.05
2020-12-09,3548.08,3596.67,3548.08,3582.1,100917.0,3582.1
2020-12-10,3616.12,3723.04,3616.12,3718.18,275700.0,3718.18
2020-12-11,3732.76,3825.11,3723.04,3815.39,331455.0,3815.39
2020-12-14,3810.53,3839.69,3776.5,3776.5,207906.0,3776.5
2020-12-15,3742.49,3761.93,3713.33,3732.76,122213.0,3732.76
2020-12-16,3766.78,3839.69,3757.06,3766.78,173752.0,3766.78
2020-12-17,3781.36,3791.09,3737.62,3776.5,89808.2,3776.5
2020-12-18,3766.78,3776.5,3679.3,3698.73,202248.0,3698.73
2020-12-21,3703.59,3718.18,3664.72,3693.88,64707.3,3693.88
2020-12-22,3655.0,3684.15,3645.28,3664.72,90322.3,3664.72
2020-12-23,3693.88,3698.73,3669.57,3689.02,80035.6,3689.02
2020-12-24,3708.46,3718.18,3684.15,3698.73,75198.7,3698.73
2020-12-25,3713.33,3742.49,3698.73,3737.62,74274.3,3737.62
2020-12-28,3757.06,3786.22,3742.49,3776.5,139084.0,3776.5
2020-12-29,3771.64,3810.53,3761.93,3810.53,117583.0,3810.53
2020-12-30,3815.39,3825.11,3766.78,3810.53,151120.0,3810.53
2021-01-04,3800.81,3800.81,3732.76,3737.62,77361.1,3737.62
2021-01-05,3737.62,3737.62,3703.59,3713.33,77361.1,3713.33
2021-01-06,3698.73,3708.46,3669.57,3679.3,62444.1,3679.3
2021-01-07,3703.59,3752.2,3703.59,3727.91,103798.0,3727.91
2021-01-08,3679.3,3727.91,3669.57,3723.04,155646.0,3723.04
2021-01-12,3732.76,3752.2,3708.46,3752.2,118612.0,3752.2
2021-01-13,3703.59,3771.64,3703.59,3771.64,119538.0,3771.64
2021-01-14,3752.2,3781.36,3747.34,3766.78,98964.8,3766.78
2021-01-15,3766.78,3791.09,3747.34,3776.5,100094.0,3776.5
2021-01-18,3761.93,3766.78,3718.18,3723.04,83327.1,3723.04
2021-01-19,3693.88,3723.04,3674.44,3674.44,102461.0,3674.44
2021-01-20,3650.13,3650.13,3591.81,3611.25,119846.0,3611.25
2021-01-21,3625.83,3669.57,3601.53,3635.56,97935.5,3635.56
2021-01-22,3601.53,3625.83,3586.95,3625.83,85796.9,3625.83
2021-01-25,3630.7,3659.86,3616.12,3645.28,89912.0,3645.28
2021-01-26,3655.0,3693.88,3650.13,3693.88,132294.0,3693.88
2021-01-27,3708.46,3752.2,3708.46,3737.62,112954.0,3737.62
2021-01-28,3679.3,3732.76,3669.57,3708.46,208522.0,3708.46
2021-01-29,3703.59,3795.95,3703.59,3761.93,265309.0,3761.93
2021-02-01,3718.18,3752.2,3713.33,3723.04,94231.8,3723.04
2021-02-02,3689.02,3693.88,3640.42,3664.72,169225.0,3664.72
2021-02-03,3664.72,3747.34,3664.72,3727.91,141142.0,3727.91
2021-02-04,3810.53,3951.47,3810.53,3863.98,414475.0,3863.98
2021-02-05,3820.25,3854.27,3771.64,3849.41,208729.0,3849.41
2021-02-08,3854.27,3907.74,3839.69,3849.41,160481.0,3849.41
2021-02-09,3849.41,3849.41,3786.22,3815.39,125813.0,3815.39
2021-02-10,3820.25,3844.54,3810.53,3810.53,115320.0,3810.53
2021-02-12,3815.39,3815.39,3747.34,3752.2,134146.0,3752.2
2021-02-15,3791.09,3800.81,3737.62,3747.34,110485.0,3747.34
2021-02-16,3742.49,3766.78,3713.33,3732.76,87339.3,3732.76
2021-02-17,3713.33,3713.33,3645.28,3645.28,196898.0,3645.28
2021-02-18,3708.46,3713.33,3655.0,3664.72,175295.0,3664.72
2021-02-19,3650.13,3655.0,3606.39,3606.39,157190.0,3606.39
2021-02-22,3606.39,3640.42,3596.67,3616.12,109560.0,3616.12
2021-02-24,3620.97,3620.97,3557.79,3586.95,173238.0,3586.95
2021-02-25,3611.25,3611.25,3538.34,3548.08,136204.0,3548.08
2021-02-26,3543.2,3543.2,3460.58,3460.58,204202.0,3460.58
2021-03-01,3514.05,3523.76,3465.45,3514.05,154824.0,3514.05
2021-03-02,3518.91,3518.91,3480.03,3504.32,127562.0,3504.32
2021-03-03,3518.91,3518.91,3475.17,3494.61,129208.0,3494.61
2021-03-04,3475.17,3475.17,3421.7,3470.3,150811.0,3470.3
2021-03-05,3475.17,3494.61,3436.28,3494.61,197207.0,3494.61
2021-03-08,3548.08,3557.79,3470.3,3499.47,189595.0,3499.47
2021-03-09,3543.2,3567.52,3523.76,3538.34,204408.0,3538.34
2021-03-10,3567.52,3567.52,3494.61,3499.47,182906.0,3499.47
2021-03-11,3528.63,3528.63,3489.74,3509.19,127460.0,3509.19
2021-03-12,3514.05,3514.05,3470.3,3494.61,225085.0,3494.61
2021-03-15,3484.89,3552.93,3484.89,3552.93,229509.0,3552.93
2021-03-16,3538.34,3543.2,3518.91,3533.49,142684.0,3533.49
2021-03-17,3601.53,3611.25,3562.66,3586.95,217678.0,3586.95
2021-03-18,3572.37,3630.7,3548.08,3611.25,281460.0,3611.25
2021-03-19,3582.1,3635.56,3572.37,3630.7,376721.0,3630.7
2021-03-22,3620.97,3684.15,3611.25,3664.72,180850.0,3664.72
2021-03-23,3674.44,3713.33,3635.56,3645.28,151531.0,3645.28
2021-03-24,3645.28,3650.13,3606.39,3620.97,117583.0,3620.97
2021-03-25,3650.13,3679.3,3645.28,3650.13,120258.0,3650.13
2021-03-26,3674.44,3693.88,3645.28,3664.72,178483.0,3664.72
2021-03-29,3732.76,3747.34,3698.73,3732.76,288455.0,3732.76
2021-03-30,3711.25,3711.25,3608.56,3652.58,253596.0,3652.58
2021-03-31,3618.35,3633.02,3559.67,3559.67,151749.0,3559.67
2021-04-01,3559.67,3574.34,3535.22,3535.22,123526.0,3535.22
2021-04-02,3564.56,3564.56,3476.55,3501.0,182323.0,3501.0
2021-04-05,3505.88,3520.55,3481.44,3501.0,113914.0,3501.0
2021-04-06,3510.77,3545.0,3486.33,3520.55,209319.0,3520.55
2021-04-07,3545.0,3598.78,3540.11,3569.44,229259.0,3569.44
2021-04-08,3559.67,3564.56,3505.88,3505.88,161463.0,3505.88
2021-04-09,3545.0,3593.9,3535.22,3569.44,181914.0,3569.44
2021-04-12,3574.34,3574.34,3515.67,3525.44,98268.2,3525.44
2021-04-13,3525.44,3530.33,3476.55,3476.55,124445.0,3476.55
2021-04-14,3476.55,3486.33,3452.09,3466.76,81293.7,3466.76
2021-04-15,3452.09,3491.21,3452.09,3466.76,57672.8,3466.76
2021-04-16,3456.99,3471.65,3422.76,3466.76,100824.0,3466.76
2021-04-19,3456.99,3471.65,3432.53,3442.31,101949.0,3442.31
2021-04-20,3422.76,3427.64,3383.64,3393.42,148067.0,3393.42
2021-04-21,3373.86,3417.87,3349.42,3393.42,164428.0,3393.42
2021-04-22,3432.53,3461.87,3412.97,3442.31,138148.0,3442.31
2021-04-23,3378.76,3417.87,3373.86,3412.97,171996.0,3412.97
2021-04-26,3412.97,3412.97,3339.64,3349.42,151543.0,3349.42
2021-04-27,3334.74,3359.2,3324.96,3339.64,159111.0,3339.64
2021-04-28,3339.64,3344.53,3300.52,3310.29,169746.0,3310.29
2021-04-30,3320.07,3349.42,3310.29,3320.07,188153.0,3320.07
2021-05-06,3359.2,3412.97,3359.2,3378.76,145101.0,3378.76
2021-05-07,3417.87,3422.76,3383.64,3383.64,104301.0,3383.64
2021-05-10,3383.64,3442.31,3373.86,3417.87,137125.0,3417.87
2021-05-11,3427.64,3452.09,3403.2,3427.64,240508.0,3427.64
2021-05-12,3290.73,3290.73,3197.82,3222.29,637775.0,3222.29
2021-05-13,3227.18,3295.62,3217.39,3232.06,282024.0,3232.06
2021-05-14,3246.73,3305.4,3236.95,3285.85,195106.0,3285.85
2021-05-17,3295.62,3305.4,3192.94,3207.62,255949.0,3207.62
2021-05-18,3178.27,3202.73,3153.82,3173.38,247972.0,3173.38
2021-05-19,3139.15,3144.05,3095.15,3124.49,369658.0,3124.49
2021-05-20,3119.6,3168.49,3109.82,3119.6,202365.0,3119.6
2021-05-21,3104.93,3119.6,3095.15,3100.04,190913.0,3100.04
2021-05-24,3090.26,3158.71,3080.48,3158.71,246029.0,3158.71
2021-05-25,3158.71,3183.16,3144.05,3183.16,175574.0,3183.16
2021-05-26,3168.49,3183.16,3158.71,3168.49,146227.0,3168.49
2021-05-27,3163.61,3188.05,3114.71,3114.71,309838.0,3114.71
2021-05-28,3148.94,3192.94,3148.94,3163.61,187539.0,3163.61
2021-05-31,3168.49,3192.94,3129.38,3129.38,158498.0,3129.38
2021-06-01,3139.15,3153.82,3080.48,3134.27,277115.0,3134.27
2021-06-02,3119.6,3139.15,3100.04,3134.27,153793.0,3134.27
2021-06-03,3139.15,3183.16,3124.49,3178.27,184164.0,3178.27
2021-06-04,3183.16,3188.05,3153.82,3158.71,188867.0,3158.71
2021-06-07,3173.38,3183.16,3163.61,3173.38,103688.0,3173.38
2021-06-08,3148.94,3188.05,3139.15,3178.27,142545.0,3178.27
2021-06-09,3192.94,3192.94,3173.38,3183.16,115242.0,3183.16
2021-06-10,3168.49,3192.94,3158.71,3192.94,142954.0,3192.94
2021-06-11,3188.05,3192.94,3163.61,3192.94,208297.0,3192.94
2021-06-14,3197.82,3202.73,3168.49,3183.16,119027.0,3183.16
2021-06-15,3320.07,3324.96,3266.29,3290.73,382235.0,3290.73
2021-06-16,3276.06,3300.52,3266.29,3280.96,160645.0,3280.96
2021-06-17,3295.62,3295.62,3236.95,3236.95,132115.0,3236.95
2021-06-18,3266.29,3285.85,3241.85,3266.29,394813.0,3266.29
2021-06-21,3236.95,3251.62,3192.94,3192.94,225475.0,3192.94
2021-06-22,3241.85,3290.73,3222.29,3276.06,222919.0,3276.06
2021-06-23,3285.85,3324.96,3276.06,3300.52,188254.0,3300.52
2021-06-24,3285.85,3344.53,3276.06,3329.85,172609.0,3329.85
2021-06-25,3339.64,3388.53,3329.85,3373.86,217398.0,3373.86
2021-06-28,3378.76,3388.53,3339.64,3378.76,162793.0,3378.76
2021-06-29,3368.97,3403.2,3354.3,3388.53,176903.0,3388.53
2021-06-30,3388.53,3393.42,3315.18,3320.07,159827.0,3320.07
2021-07-01,3295.62,3315.18,3266.29,3300.52,139477.0,3300.52
2021-07-02,3300.52,3339.64,3295.62,3329.85,139171.0,3329.85
2021-07-05,3329.85,3364.09,3310.29,3349.42,113300.0,3349.42
2021-07-06,3349.42,3349.42,3324.96,3344.53,62070.1,3344.53
2021-07-07,3285.85,3349.42,3271.18,3329.85,129559.0,3329.85
2021-07-08,3329.85,3359.2,3324.96,3324.96,159622.0,3324.96
2021-07-09,3276.06,3315.18,3261.4,3310.29,180585.0,3310.29
2021-07-12,3373.86,3378.76,3354.3,3373.86,144387.0,3373.86
2021-07-13,3393.42,3403.2,3378.76,3398.31,111665.0,3398.31
2021-07-14,3378.76,3427.64,3373.86,3417.87,88963.4,3417.87
2021-07-15,3437.43,3447.2,3354.3,3359.2,143875.0,3359.2
2021-07-16,3334.74,3373.86,3324.96,3334.74,115242.0,3334.74
2021-07-19,3324.96,3344.53,3315.18,3320.07,141318.0,3320.07
2021-07-20,3305.4,3349.42,3295.62,3339.64,111357.0,3339.64
2021-07-21,3334.74,3368.97,3324.96,3368.97,126798.0,3368.97
2021-07-26,3417.87,3417.87,3349.42,3368.97,131400.0,3368.97
2021-07-27,3378.76,3412.97,3364.09,3398.31,142034.0,3398.31
2021-07-28,3364.09,3388.53,3364.09,3383.64,94587.6,3383.64
2021-07-29,3373.86,3383.64,3329.85,3339.64,114833.0,3339.64
2021-07-30,3339.64,3354.3,3310.29,3329.85,162894.0,3329.85
2021-08-02,3373.86,3447.2,3364.09,3447.2,225066.0,3447.2
2021-08-03,3461.87,3510.77,3315.18,3320.07,418127.0,3320.07
2021-08-04,3315.18,3329.85,3276.06,3285.85,168723.0,3285.85
2021-08-05,3256.51,3305.4,3251.62,3305.4,148476.0,3305.4
2021-08-06,3276.06,3300.52,3256.51,3276.06,128639.0,3276.06
2021-08-10,3280.96,3315.18,3261.4,3271.18,136819.0,3271.18
2021-08-11,3271.18,3290.73,3236.95,3256.51,174552.0,3256.51
2021-08-12,3261.4,3285.85,3232.06,3276.06,183755.0,3276.06
2021-08-13,3276.06,3310.29,3266.29,3276.06,144181.0,3276.06
2021-08-16,3276.06,3276.06,3227.18,3227.18,121685.0,3227.18
2021-08-17,3271.18,3290.73,3256.51,3280.96,119538.0,3280.96
2021-08-18,3280.96,3329.85,3276.06,3276.06,139171.0,3276.06
2021-08-19,3251.62,3315.18,3251.62,3305.4,98371.0,3305.4
2021-08-20,3315.18,3378.76,3315.18,3354.3,175370.0,3354.3
2021-08-23,3403.2,3432.53,3368.97,3398.31,168928.0,3398.31
2021-08-24,3368.97,3422.76,3368.97,3412.97,111152.0,3412.97
2021-08-25,3403.2,3432.53,3398.31,3427.64,102870.0,3427.64
2021-08-26,3422.76,3437.43,3403.2,3437.43,100415.0,3437.43
2021-08-27,3437.43,3456.99,3403.2,3408.09,105426.0,3408.09
2021-08-30,3427.64,3456.99,3398.31,3456.99,100824.0,3456.99
2021-08-31,3442.31,3471.65,3417.87,3452.09,124242.0,3452.09
2021-09-01,3427.64,3476.55,3427.64,3466.76,95917.3,3466.76
2021-09-02,3456.99,3505.88,3452.09,3505.88,127105.0,3505.88
2021-09-03,3525.44,3579.23,3515.67,3554.78,236520.0,3554.78
2021-09-06,3569.44,3584.11,3559.67,3569.44,146227.0,3569.44
2021-09-07,3593.9,3608.56,3584.11,3593.9,154714.0,3593.9
2021-09-08,3603.67,3618.35,3574.34,3593.9,162894.0,3593.9
2021-09-09,3598.78,3613.46,3584.11,3608.56,141830.0,3608.56
2021-09-10,3608.56,3637.91,3598.78,3637.91,236826.0,3637.91
2021-09-13,3633.02,3637.91,3593.9,3637.91,177824.0,3637.91
2021-09-14,3633.02,3652.58,3593.9,3647.68,205024.0,3647.68
2021-09-15,3598.78,3628.12,3589.0,3603.67,172098.0,3603.67
2021-09-16,3628.12,3647.68,3589.0,3637.91,233963.0,3637.91
2021-09-17,3647.68,3652.58,3613.46,3628.12,373646.0,3628.12
2021-09-21,3608.56,3662.35,3589.0,3642.79,179051.0,3642.79
2021-09-22,3579.23,3579.23,3422.76,3432.53,472426.0,3432.53
2021-09-24,3501.0,3505.88,3447.2,3486.33,235087.0,3486.33
2021-09-27,3491.21,3501.0,3427.64,3427.64,214738.0,3427.64
2021-09-28,3427.64,3432.53,3373.86,3388.53,242655.0,3388.53
2021-09-29,3342.26,3357.02,3302.88,3357.02,231293.0,3357.02
2021-09-30,3376.71,3401.32,3352.1,3357.02,181215.0,3357.02
2021-10-01,3337.33,3337.33,3297.96,3297.96,206913.0,3297.96
2021-10-04,3332.41,3352.1,3302.88,3317.65,118338.0,3317.65
2021-10-05,3302.88,3322.57,3288.11,3302.88,158360.0,3302.88
2021-10-06,3347.18,3381.63,3312.72,3361.95,208336.0,3361.95
2021-10-07,3381.63,3411.18,3347.18,3347.18,143122.0,3347.18
2021-10-08,3366.87,3371.79,3342.26,3357.02,101476.0,3357.02
2021-10-11,3357.02,3371.79,3337.33,3371.79,136825.0,3371.79
2021-10-12,3332.41,3342.26,3283.19,3293.03,203562.0,3293.03
2021-10-13,3293.03,3322.57,3283.19,3307.8,95482.8,3307.8
2021-10-14,3297.96,3322.57,3288.11,3312.72,92842.6,3312.72
2021-10-15,3322.57,3332.41,3307.8,3332.41,144139.0,3332.41
2021-10-18,3317.65,3327.49,3278.27,3293.03,153788.0,3293.03
2021-10-19,3283.19,3293.03,3263.5,3278.27,152061.0,3278.27
2021-10-20,3288.11,3288.11,3258.58,3263.5,120268.0,3263.5
2021-10-21,3268.42,3273.35,3233.97,3238.89,111837.0,3238.89
2021-10-22,3219.2,3233.97,3204.43,3229.04,140076.0,3229.04
2021-10-25,3204.43,3224.12,3179.82,3184.74,134692.0,3184.74
2021-10-26,3184.74,3209.36,3165.06,3189.67,115392.0,3189.67
2021-10-27,3224.12,3224.12,3169.98,3184.74,97717.8,3184.74
2021-10-28,3194.59,3204.43,3160.13,3184.74,148811.0,3184.74
2021-10-29,3160.13,3214.28,3160.13,3214.28,137028.0,3214.28
2021-11-01,3253.66,3268.42,3233.97,3263.5,131644.0,3263.5
2021-11-02,3248.73,3253.66,3219.2,3224.12,108587.0,3224.12
2021-11-04,3258.58,3258.58,3204.43,3238.89,139466.0,3238.89
2021-11-05,3204.43,3238.89,3204.43,3224.12,109906.0,3224.12
2021-11-08,3101.07,3115.83,3051.84,3061.69,462890.0,3061.69
2021-11-09,3061.69,3071.53,3007.54,3007.54,319563.0,3007.54
2021-11-10,3017.39,3046.92,3012.47,3032.16,264610.0,3032.16
2021-11-11,3012.47,3022.31,2968.17,2968.17,569141.0,2968.17
2021-11-12,2968.17,3046.92,2968.17,3032.16,459132.0,3032.16
2021-11-15,3081.38,3101.07,3027.23,3046.92,354304.0,3046.92
2021-11-16,3032.16,3061.69,3017.39,3037.08,229972.0,3037.08
2021-11-17,3056.77,3061.69,2997.7,3002.62,259938.0,3002.62
2021-11-18,2953.4,2978.01,2945.52,2973.09,326369.0,2973.09
2021-11-19,2953.4,2968.17,2948.48,2953.4,302905.0,2953.4
2021-11-22,2930.75,2936.66,2911.06,2934.69,305952.0,2934.69
2021-11-24,2914.02,2948.48,2902.2,2904.18,352881.0,2904.18
2021-11-25,2894.33,2902.2,2864.79,2867.75,259226.0,2867.75
2021-11-26,2854.95,2863.81,2836.25,2853.96,372384.0,2853.96
2021-11-29,2811.64,2833.29,2796.87,2814.58,282285.0,2814.58
2021-11-30,2805.72,2834.27,2745.67,2745.67,428252.0,2745.67
2021-12-01,2763.4,2810.65,2763.4,2795.88,381831.0,2795.88
2021-12-02,2776.19,2833.29,2772.25,2808.68,224791.0,2808.68
2021-12-03,2818.52,2873.65,2805.72,2867.75,203968.0,2867.75
2021-12-06,2875.63,2892.36,2867.75,2868.73,138958.0,2868.73
2021-12-07,2913.03,2947.49,2879.56,2943.56,223572.0,2943.56
2021-12-08,2872.67,2917.95,2870.7,2895.32,271314.0,2895.32
2021-12-09,2884.49,2901.22,2874.63,2893.34,187614.0,2893.34
2021-12-10,2896.3,2896.3,2870.7,2883.5,181215.0,2883.5
2021-12-13,2842.15,2862.82,2836.25,2849.04,267353.0,2849.04
2021-12-14,2898.26,2913.03,2882.51,2907.12,267556.0,2907.12
2021-12-15,2884.49,2923.87,2884.49,2906.14,163845.0,2906.14
2021-12-16,2940.6,2950.44,2919.93,2934.69,237794.0,2934.69
2021-12-17,2950.44,2950.44,2918.94,2921.89,376142.0,2921.89
2021-12-20,2884.49,2915.99,2882.51,2902.2,142818.0,2902.2
2021-12-21,2920.91,2931.74,2902.2,2905.16,140787.0,2905.16
2021-12-22,2909.1,2909.1,2866.76,2874.63,130425.0,2874.63
2021-12-23,2894.33,2897.28,2854.95,2859.87,93857.8,2859.87
2021-12-24,2856.92,2862.82,2845.1,2850.02,98936.6,2850.02
2021-12-27,2852.0,2861.84,2820.49,2823.45,127582.0,2823.45
2021-12-28,2827.39,2875.63,2824.43,2875.63,178777.0,2875.63
2021-12-29,2879.56,2913.03,2877.59,2886.45,142006.0,2886.45
2021-12-30,2869.71,2878.57,2854.95,2855.94,114783.0,2855.94
2022-01-04,2845.1,2892.36,2844.12,2888.42,182636.0,2888.42
2022-01-05,2897.28,2916.97,2885.47,2905.16,156328.0,2905.16
2022-01-06,2886.45,2915.0,2866.76,2875.63,131950.0,2875.63
2022-01-07,2869.71,2895.32,2857.9,2870.7,131035.0,2870.7
2022-01-11,2871.69,2872.67,2842.15,2869.71,148811.0,2869.71
2022-01-12,2881.53,2906.14,2870.7,2894.33,137028.0,2894.33
2022-01-13,2894.33,2894.33,2861.84,2867.75,137129.0,2867.75
2022-01-14,2869.71,2885.47,2850.02,2881.53,170651.0,2881.53
2022-01-17,2874.63,2893.34,2858.89,2867.75,124230.0,2867.75
2022-01-18,2900.24,2900.24,2848.06,2850.02,128394.0,2850.02
2022-01-19,2830.33,2853.96,2796.87,2806.72,205288.0,2806.72
2022-01-20,2795.88,2858.89,2793.91,2825.41,161915.0,2825.41
2022-01-21,2824.43,2864.79,2809.66,2857.9,147897.0,2857.9
2022-01-24,2874.63,2916.97,2858.89,2910.08,222354.0,2910.08
2022-01-25,2894.33,2952.41,2879.56,2946.5,231699.0,2946.5
2022-01-26,2945.52,2949.46,2900.24,2907.12,182230.0,2907.12
2022-01-27,2904.18,2904.18,2855.94,2887.44,313266.0,2887.44
2022-01-28,2904.18,2928.79,2884.49,2900.24,206101.0,2900.24
2022-01-31,2905.16,2915.99,2867.75,2898.26,170854.0,2898.26
2022-02-01,2875.63,2897.28,2860.86,2879.56,158563.0,2879.56
2022-02-02,2885.47,2899.26,2844.12,2875.63,253945.0,2875.63
2022-02-03,2854.95,2902.2,2854.95,2896.3,249678.0,2896.3
2022-02-04,2872.67,2921.89,2855.94,2899.26,264915.0,2899.26
2022-02-07,2872.67,2896.3,2862.82,2875.63,217071.0,2875.63
2022-02-08,2894.33,2932.72,2882.51,2922.87,195537.0,2922.87
2022-02-09,2922.87,2922.87,2875.63,2892.36,186700.0,2892.36
2022-02-10,2884.49,2899.26,2870.7,2892.36,196045.0,2892.36
2022-02-14,2884.49,2930.75,2872.67,2923.87,205797.0,2923.87
2022-02-15,2943.56,2982.93,2932.72,2982.93,225503.0,2982.93
2022-02-16,3007.54,3017.39,2987.86,2987.86,257906.0,2987.86
2022-02-17,2987.86,2992.78,2953.4,2978.01,149015.0,2978.01
2022-02-18,2968.17,3007.54,2968.17,2992.78,121893.0,2992.78
2022-02-21,2982.93,2987.86,2953.4,2968.17,96397.2,2968.17
2022-02-22,2952.41,2958.32,2932.72,2958.32,150436.0,2958.32
2022-02-24,2913.03,2918.94,2890.39,2914.02,252014.0,2914.02
2022-02-25,2883.5,2906.14,2837.23,2852.98,262782.0,2852.98
2022-02-28,2852.0,2929.77,2852.0,2929.77,235661.0,2929.77
2022-03-01,2932.72,2945.52,2910.08,2919.93,175424.0,2919.93
2022-03-02,2903.19,2913.03,2867.75,2873.65,177964.0,2873.65
2022-03-03,2884.49,2902.2,2870.7,2885.47,142818.0,2885.47
2022-03-04,2898.26,2923.87,2886.45,2903.19,234036.0,2903.19
2022-03-07,2899.26,2916.97,2869.71,2906.14,252420.0,2906.14
2022-03-08,2902.2,2906.14,2850.02,2854.95,228042.0,2854.95
2022-03-09,2855.94,2867.75,2819.51,2827.39,205999.0,2827.39
2022-03-10,2874.63,2898.26,2852.98,2890.39,250897.0,2890.39
2022-03-11,2869.71,2924.85,2867.75,2905.16,281066.0,2905.16
2022-03-14,2921.89,2942.56,2888.42,2919.93,186294.0,2919.93
2022-03-15,2945.52,2987.86,2939.62,2978.01,198178.0,2978.01
2022-03-16,2978.01,3022.31,2963.24,2992.78,242466.0,2992.78
2022-03-17,3017.39,3017.39,2958.32,2987.86,195841.0,2987.86
2022-03-18,2987.86,3002.62,2958.32,2973.09,398591.0,2973.09
2022-03-22,3012.47,3012.47,2958.32,2958.32,166385.0,2958.32
2022-03-23,2963.24,3007.54,2963.24,3002.62,186395.0,3002.62
2022-03-24,3002.62,3002.62,2958.32,2982.93,171971.0,2982.93
2022-03-25,2992.78,3002.62,2973.09,2992.78,150030.0,2992.78
2022-03-28,3002.62,3017.39,2982.93,2992.78,161204.0,2992.78
2022-03-29,2997.7,3002.62,2953.4,2997.7,215650.0,2997.7
2022-03-30,3005.63,3005.63,2908.42,2927.27,296181.0,2927.27
2022-03-31,2906.44,2912.39,2862.79,2870.73,278338.0,2870.73
2022-04-01,2840.97,2875.69,2828.07,2872.71,196681.0,2872.71
2022-04-04,2876.68,2917.35,2849.9,2913.38,200210.0,2913.38
2022-04-05,2924.29,2931.24,2910.4,2921.32,193354.0,2921.32
2022-04-06,2915.36,2917.35,2848.9,2852.87,263317.0,2852.87
2022-04-07,2812.2,2862.79,2808.23,2861.8,290536.0,2861.8
2022-04-08,2849.9,2891.56,2830.06,2874.69,248700.0,2874.69
2022-04-11,2884.61,2888.58,2855.85,2881.64,138917.0,2881.64
2022-04-12,2871.72,2906.44,2871.72,2886.6,146881.0,2886.6
2022-04-13,2879.65,2900.49,2869.73,2899.49,159784.0,2899.49
2022-04-14,2892.55,2931.24,2891.56,2912.39,153937.0,2912.39
2022-04-15,2925.28,2928.26,2886.6,2900.49,101617.0,2900.49
2022-04-18,2876.68,2876.68,2828.07,2852.87,132364.0,2852.87
2022-04-19,2872.71,2882.63,2853.86,2873.7,110286.0,2873.7
2022-04-20,2896.52,2928.26,2887.59,2921.32,205553.0,2921.32
2022-04-21,2932.23,2951.08,2924.29,2932.23,159180.0,2932.23
2022-04-22,2899.49,2945.12,2889.57,2932.23,279850.0,2932.23
2022-04-25,2898.5,2930.24,2896.52,2924.29,202024.0,2924.29
2022-04-26,2926.28,2967.94,2926.28,2950.08,332473.0,2950.08
2022-04-27,2918.34,2955.04,2870.73,2878.66,706179.0,2878.66
2022-04-28,2911.4,3025.47,2902.47,3015.55,378544.0,3015.55
2022-05-02,2980.83,3025.47,2973.89,3000.67,191137.0,3000.67
2022-05-06,3000.67,3045.31,2995.71,3035.39,244264.0,3035.39
2022-05-09,3030.43,3030.43,2960.0,2960.99,179745.0,2960.99
2022-05-10,2960.99,3010.59,2939.17,2975.87,305053.0,2975.87
2022-05-11,2942.15,2995.71,2942.15,2970.91,235292.0,2970.91
2022-05-12,2898.5,2918.34,2801.29,2837.0,579459.0,2837.0
2022-05-13,2849.9,2870.73,2819.14,2849.9,416146.0,2849.9
2022-05-16,2867.75,2869.73,2822.12,2823.11,197891.0,2823.11
2022-05-17,2823.11,2855.85,2775.5,2779.47,275414.0,2779.47
2022-05-18,2778.47,2813.19,2766.57,2804.27,215331.0,2804.27
2022-05-19,2777.48,2803.27,2754.67,2789.39,295072.0,2789.39
2022-05-20,2784.43,2797.32,2760.62,2767.56,200814.0,2767.56
2022-05-23,2814.18,2829.06,2778.47,2798.31,192246.0,2798.31
2022-05-24,2792.36,2795.34,2752.68,2759.63,197185.0,2759.63
2022-05-25,2778.47,2782.44,2745.74,2756.65,184786.0,2756.65
2022-05-26,2751.69,2770.54,2721.93,2726.89,312009.0,2726.89
2022-05-27,2716.97,2716.97,2657.46,2665.39,435300.0,2665.39
2022-05-30,2668.37,2702.09,2653.49,2699.12,620389.0,2699.12
2022-05-31,2706.06,2714.99,2668.37,2668.37,332070.0,2668.37
2022-06-01,2685.23,2736.81,2685.23,2720.94,283681.0,2720.94
2022-06-02,2708.05,2711.02,2690.19,2693.17,175914.0,2693.17
2022-06-03,2693.17,2719.95,2690.19,2704.08,204948.0,2704.08
2022-06-06,2690.19,2714.0,2688.21,2703.09,186197.0,2703.09
2022-06-07,2708.05,2733.84,2701.1,2720.94,175612.0,2720.94
2022-06-08,2738.8,2768.55,2735.82,2743.76,213517.0,2743.76
2022-06-09,2739.79,2759.63,2730.86,2730.86,169765.0,2730.86
2022-06-10,2714.0,2724.91,2696.14,2698.13,222489.0,2698.13
2022-06-13,2686.22,2716.97,2683.25,2710.03,205956.0,2710.03
2022-06-14,2697.13,2719.95,2697.13,2705.07,205250.0,2705.07
2022-06-15,2708.05,2720.94,2678.29,2681.26,193354.0,2681.26
2022-06-16,2692.17,2712.01,2689.2,2705.07,135691.0,2705.07
2022-06-17,2723.92,2782.44,2697.13,2769.55,445583.0,2769.55
2022-06-20,2789.39,2789.39,2718.96,2728.88,273801.0,2728.88
2022-06-21,2708.05,2713.01,2675.31,2695.15,424211.0,2695.15
2022-06-22,2698.13,2743.76,2683.25,2733.84,333381.0,2733.84
2022-06-23,2743.76,2780.46,2721.93,2772.52,307976.0,2772.52
2022-06-24,2787.4,2826.09,2780.46,2821.13,351728.0,2821.13
2022-06-27,2837.99,2856.84,2818.15,2838.98,251018.0,2838.98
2022-06-28,2834.02,2867.75,2818.15,2866.76,265837.0,2866.76
2022-06-29,2788.39,2821.13,2782.44,2807.24,678153.0,2807.24
2022-06-30,2852.87,2858.82,2804.27,2804.27,293661.0,2804.27
2022-07-01,2833.03,2858.82,2828.07,2841.96,321283.0,2841.96
2022-07-04,2876.68,2895.53,2856.84,2870.73,189927.0,2870.73
2022-07-05,2884.61,2892.55,2860.81,2884.61,235695.0,2884.61
2022-07-06,2873.7,2905.45,2868.74,2903.46,195774.0,2903.46
2022-07-07,2916.36,2945.12,2914.37,2939.17,217952.0,2939.17
2022-07-08,2939.17,2945.12,2896.52,2917.35,245373.0,2917.35
2022-07-11,2945.12,2968.93,2924.29,2967.94,257873.0,2967.94
2022-07-12,2964.96,2971.91,2937.19,2945.12,157869.0,2945.12
2022-07-13,2960.99,2961.99,2918.34,2919.33,88612.6,2919.33
2022-07-14,2916.36,2934.21,2901.48,2919.33,129541.0,2919.33
2022-07-15,2919.33,2921.32,2868.74,2898.5,148695.0,2898.5
2022-07-19,2904.45,2904.45,2872.71,2893.54,196883.0,2893.54
2022-07-20,2911.4,2927.27,2900.49,2923.3,152829.0,2923.3
2022-07-21,2900.49,2934.21,2899.49,2934.21,144260.0,2934.21
2022-07-22,2932.23,2933.22,2906.44,2912.39,204242.0,2912.39
2022-07-25,2911.4,2967.94,2911.4,2955.04,183576.0,2955.04
2022-07-26,2964.96,2964.96,2910.4,2918.34,174503.0,2918.34
2022-07-27,2918.34,2932.23,2892.55,2893.54,110488.0,2893.54
2022-07-28,2881.64,2892.55,2862.79,2873.7,205553.0,2873.7
2022-07-29,2865.77,2869.73,2828.07,2835.02,236804.0,2835.02
2022-08-01,2833.03,2889.57,2825.1,2887.59,284185.0,2887.59
2022-08-02,2937.19,2985.79,2894.53,2949.09,654967.0,2949.09
2022-08-03,2960.99,2960.99,2928.26,2930.24,285395.0,2930.24
2022-08-04,2944.13,2946.12,2886.6,2891.56,296081.0,2891.56
2022-08-05,2876.68,2941.16,2872.71,2928.26,322594.0,2928.26
2022-08-08,2933.22,2948.1,2921.32,2941.16,208778.0,2941.16
2022-08-09,2960.0,2985.79,2935.2,2946.12,385802.0,2946.12
2022-08-10,2960.0,2963.97,2934.21,2963.97,187306.0,2963.97
2022-08-12,2975.87,2985.79,2951.08,2965.95,242651.0,2965.95
2022-08-15,2985.79,3005.63,2973.89,2990.75,174805.0,2990.75
2022-08-16,3015.55,3025.47,2990.75,3015.55,173192.0,3015.55
2022-08-17,3025.47,3030.43,3005.63,3020.51,182366.0,3020.51
2022-08-18,3025.47,3025.47,2964.96,2965.95,180854.0,2965.95
2022-08-19,2962.98,2990.75,2960.99,2973.89,119964.0,2973.89
2022-08-22,2952.07,2960.99,2933.22,2954.05,119259.0,2954.05
2022-08-23,2943.14,2955.04,2937.19,2948.1,137405.0,2948.1
2022-08-24,2946.12,2946.12,2915.36,2936.2,150308.0,2936.2
2022-08-25,2960.0,2960.0,2941.16,2951.08,152728.0,2951.08
2022-08-26,2944.13,2951.08,2933.22,2933.22,146074.0,2933.22
2022-08-29,2905.45,2933.22,2891.56,2928.26,186298.0,2928.26
2022-08-30,2943.14,2958.02,2929.25,2948.1,130247.0,2948.1
2022-08-31,2936.2,2949.09,2927.27,2934.21,157869.0,2934.21
2022-09-01,2906.44,2927.27,2906.44,2919.33,167547.0,2919.33
2022-09-02,2919.33,2930.24,2905.45,2916.36,166438.0,2916.36
2022-09-05,2906.44,2921.32,2897.51,2909.41,171378.0,2909.41
2022-09-06,2906.44,2938.18,2899.49,2903.46,167244.0,2903.46
2022-09-07,2888.58,2902.47,2859.82,2859.82,246885.0,2859.82
2022-09-08,2891.56,2924.29,2883.62,2909.41,224001.0,2909.41
2022-09-09,2931.24,2995.71,2925.28,2985.79,367555.0,2985.79
2022-09-12,2980.83,2980.83,2937.19,2950.08,235292.0,2950.08
2022-09-13,2936.2,2960.99,2930.24,2945.12,139723.0,2945.12
2022-09-14,2904.45,2907.43,2883.62,2899.49,170874.0,2899.49
2022-09-15,2895.53,2901.48,2884.61,2892.55,144159.0,2892.55
2022-09-16,2882.63,2915.36,2879.65,2907.43,376124.0,2907.43
2022-09-20,2904.45,2909.41,2866.76,2884.61,207972.0,2884.61
2022-09-21,2867.75,2896.52,2862.79,2877.67,214827.0,2877.67
2022-09-22,2874.69,2876.68,2843.94,2843.94,162406.0,2843.94
2022-09-26,2827.08,2848.9,2812.2,2822.12,352434.0,2822.12
2022-09-27,2827.08,2872.71,2826.09,2858.82,253135.0,2858.82
2022-09-28,2824.1,2840.97,2816.17,2837.0,247187.0,2837.0
2022-09-29,2861.0,2885.0,2827.0,2876.0,247700.0,2876.0
2022-09-30,2888.0,2908.0,2867.0,2887.0,188800.0,2887.0
2022-10-03,2853.0,2853.0,2807.0,2820.0,206800.0,2820.0
2022-10-04,2885.0,2926.0,2861.0,2920.0,334000.0,2920.0
2022-10-05,2932.0,2932.0,2897.0,2907.0,155700.0,2907.0
2022-10-06,2891.0,2906.0,2877.0,2882.0,214200.0,2882.0
2022-10-07,2849.0,2868.0,2843.0,2846.0,213600.0,2846.0
2022-10-11,2819.0,2853.0,2808.0,2818.0,328800.0,2818.0
2022-10-12,2820.0,2869.0,2812.0,2848.0,261500.0,2848.0
2022-10-13,2840.0,2840.0,2815.0,2817.0,188600.0,2817.0
2022-10-14,2838.0,2856.0,2812.0,2835.0,222700.0,2835.0
2022-10-17,2824.0,2832.0,2812.0,2812.0,138700.0,2812.0
2022-10-18,2813.0,2829.0,2806.0,2815.0,175000.0,2815.0
2022-10-19,2805.0,2827.0,2801.0,2809.0,235800.0,2809.0
2022-10-20,2799.0,2807.0,2791.0,2792.0,206700.0,2792.0
2022-10-21,2790.0,2800.0,2767.0,2767.0,178300.0,2767.0
2022-10-24,2780.0,2781.0,2746.0,2755.0,214600.0,2755.0
2022-10-25,2740.0,2779.0,2728.0,2772.0,191800.0,2772.0
2022-10-26,2771.0,2810.0,2770.0,2795.0,250300.0,2795.0
2022-10-27,2787.0,2789.0,2753.0,2759.0,257400.0,2759.0
2022-10-28,2730.0,2746.0,2716.0,2746.0,1257700.0,2746.0
2022-10-31,2767.0,2792.0,2766.0,2783.0,216200.0,2783.0
2022-11-01,2800.0,2812.0,2769.0,2770.0,142100.0,2770.0
2022-11-02,2759.0,2801.0,2746.0,2800.0,215600.0,2800.0
2022-11-04,2770.0,2778.0,2745.0,2760.0,224500.0,2760.0
2022-11-07,2784.0,2784.0,2761.0,2782.0,159100.0,2782.0
2022-11-08,2794.0,2794.0,2762.0,2783.0,245400.0,2783.0
2022-11-09,2734.0,2735.0,2670.0,2684.0,812700.0,2684.0
2022-11-10,2680.0,2722.0,2667.0,2722.0,433400.0,2722.0
2022-11-11,2712.0,2729.0,2679.0,2685.0,364700.0,2685.0
2022-11-14,2671.0,2690.0,2666.0,2682.0,250300.0,2682.0
2022-11-15,2685.0,2693.0,2664.0,2672.0,286700.0,2672.0
2022-11-16,2666.0,2693.0,2662.0,2687.0,446100.0,2687.0
2022-11-17,2699.0,2738.0,2699.0,2738.0,425000.0,2738.0
2022-11-18,2740.0,2754.0,2734.0,2743.0,247200.0,2743.0
2022-11-21,2736.0,2750.0,2726.0,2740.0,206100.0,2740.0
2022-11-22,2761.0,2793.0,2758.0,2783.0,228000.0,2783.0
2022-11-24,2797.0,2806.0,2780.0,2789.0,207400.0,2789.0
2022-11-25,2793.0,2806.0,2787.0,2799.0,123100.0,2799.0
2022-11-28,2787.0,2787.0,2752.0,2767.0,160200.0,2767.0
2022-11-29,2767.0,2776.0,2735.0,2736.0,152200.0,2736.0
2022-11-30,2724.0,2738.0,2714.0,2714.0,301600.0,2714.0
2022-12-01,2720.0,2732.0,2709.0,2725.0,194200.0,2725.0
2022-12-02,2711.0,2721.0,2685.0,2714.0,244500.0,2714.0
2022-12-05,2713.0,2713.0,2690.0,2707.0,197800.0,2707.0
2022-12-06,2709.0,2730.0,2704.0,2728.0,232200.0,2728.0
2022-12-07,2715.0,2741.0,2709.0,2730.0,181500.0,2730.0
2022-12-08,2740.0,2749.0,2726.0,2740.0,225400.0,2740.0
2022-12-09,2725.0,2769.0,2725.0,2768.0,201900.0,2768.0
2022-12-12,2768.0,2775.0,2743.0,2757.0,174000.0,2757.0
2022-12-13,2759.0,2790.0,2752.0,2775.0,216000.0,2775.0
2022-12-14,2775.0,2788.0,2764.0,2782.0,149200.0,2782.0
2022-12-15,2784.0,2788.0,2761.0,2764.0,93600.0,2764.0
2022-12-16,2750.0,2759.0,2742.0,2759.0,171600.0,2759.0
2022-12-19,2741.0,2760.0,2739.0,2759.0,154400.0,2759.0
2022-12-20,2771.0,2772.0,2721.0,2754.0,171900.0,2754.0
2022-12-21,2739.0,2765.0,2730.0,2752.0,166000.0,2752.0
2022-12-22,2748.0,2773.0,2729.0,2765.0,169200.0,2765.0
2022-12-23,2763.0,2775.0,2763.0,2775.0,80900.0,2775.0
2022-12-26,2789.0,2789.0,2761.0,2771.0,110500.0,2771.0
2022-12-27,2783.0,2802.0,2775.0,2785.0,132000.0,2785.0
2022-12-28,2790.0,2808.0,2786.0,2808.0,119200.0,2808.0
2022-12-29,2804.0,2809.0,2771.0,2791.0,134600.0,2791.0
2022-12-30,2800.0,2807.0,2777.0,2778.0,106800.0,2778.0
2023-01-04,2742.0,2743.0,2688.0,2710.0,308900.0,2710.0
2023-01-05,2694.0,2699.0,2666.0,2692.0,203700.0,2692.0
2023-01-06,2677.0,2684.0,2658.0,2671.0,228100.0,2671.0
2023-01-10,2678.0,2692.0,2634.0,2639.0,219800.0,2639.0
2023-01-11,2648.0,2662.0,2642.0,2642.0,183500.0,2642.0
2023-01-12,2661.0,2679.0,2646.0,2662.0,186300.0,2662.0
2023-01-13,2646.0,2678.0,2646.0,2654.0,179200.0,2654.0
2023-01-16,2650.0,2686.0,2650.0,2673.0,157200.0,2673.0
2023-01-17,2670.0,2679.0,2657.0,2664.0,110500.0,2664.0
2023-01-18,2664.0,2715.0,2664.0,2695.0,151000.0,2695.0
2023-01-19,2687.0,2697.0,2677.0,2682.0,92600.0,2682.0
2023-01-20,2686.0,2734.0,2683.0,2708.0,124600.0,2708.0
2023-01-23,2720.0,2727.0,2707.0,2717.0,106700.0,2717.0
2023-01-24,2735.0,2745.0,2726.0,2738.0,118900.0,2738.0
2023-01-25,2730.0,2747.0,2730.0,2737.0,87400.0,2737.0
2023-01-26,2738.0,2753.0,2732.0,2732.0,118200.0,2732.0
2023-01-27,2737.0,2737.0,2705.0,2710.0,127300.0,2710.0
2023-01-30,2713.0,2740.0,2713.0,2740.0,105600.0,2740.0
2023-01-31,2746.0,2769.0,2746.0,2768.0,161200.0,2768.0
2023-02-01,2789.0,2789.0,2736.0,2737.0,107600.0,2737.0
2023-02-02,2740.0,2745.0,2705.0,2706.0,85500.0,2706.0
2023-02-03,2706.0,2717.0,2693.0,2702.0,118100.0,2702.0
2023-02-06,2695.0,2705.0,2666.0,2690.0,259500.0,2690.0
2023-02-07,2704.0,2716.0,2681.0,2686.0,130400.0,2686.0
2023-02-08,2690.0,2694.0,2675.0,2684.0,102300.0,2684.0
2023-02-09,2674.0,2697.0,2673.0,2680.0,122000.0,2680.0
2023-02-10,2670.0,2680.0,2662.0,2680.0,171700.0,2680.0
2023-02-13,2690.0,2694.0,2675.0,2683.0,89900.0,2683.0
2023-02-14,2698.0,2711.0,2693.0,2711.0,74400.0,2711.0
2023-02-15,2703.0,2708.0,2684.0,2691.0,66000.0,2691.0
2023-02-16,2698.0,2700.0,2681.0,2685.0,76400.0,2685.0
2023-02-17,2683.0,2694.0,2677.0,2691.0,83000.0,2691.0
2023-02-20,2698.0,2703.0,2680.0,2689.0,133500.0,2689.0
2023-02-21,2691.0,2697.0,2686.0,2693.0,86400.0,2693.0
2023-02-22,2690.0,2694.0,2668.0,2686.0,154100.0,2686.0
2023-02-24,2691.0,2704.0,2684.0,2698.0,122100.0,2698.0
2023-02-27,2695.0,2711.0,2689.0,2711.0,103600.0,2711.0
2023-02-28,2711.0,2716.0,2699.0,2701.0,139800.0,2701.0
2023-03-01,2696.0,2700.0,2688.0,2696.0,116400.0,2696.0
2023-03-02,2707.0,2725.0,2705.0,2718.0,162300.0,2718.0
2023-03-03,2733.0,2744.0,2713.0,2740.0,147100.0,2740.0
2023-03-06,2739.0,2740.0,2724.0,2736.0,135200.0,2736.0
2023-03-07,2733.0,2758.0,2733.0,2742.0,131000.0,2742.0
2023-03-08,2742.0,2760.0,2742.0,2755.0,107300.0,2755.0
2023-03-09,2764.0,2790.0,2764.0,2787.0,129700.0,2787.0
2023-03-10,2756.0,2766.0,2734.0,2739.0,258400.0,2739.0
2023-03-13,2705.0,2709.0,2671.0,2692.0,273700.0,2692.0
2023-03-14,2680.0,2724.0,2657.0,2718.0,337400.0,2718.0
2023-03-15,2734.0,2749.0,2726.0,2737.0,158100.0,2737.0
2023-03-16,2711.0,2739.0,2706.0,2737.0,155800.0,2737.0
2023-03-17,2732.0,2735.0,2714.0,2722.0,239700.0,2722.0
2023-03-20,2728.0,2728.0,2700.0,2701.0,125700.0,2701.0
2023-03-22,2726.0,2727.0,2710.0,2722.0,131600.0,2722.0
2023-03-23,2723.0,2741.0,2716.0,2740.0,134000.0,2740.0
2023-03-24,2732.0,2761.0,2731.0,2757.0,148700.0,2757.0
2023-03-27,2782.0,2813.0,2762.0,2762.0,264200.0,2762.0
2023-03-28,2772.0,2797.0,2763.0,2778.0,235200.0,2778.0
2023-03-29,2793.0,2866.0,2782.0,2865.0,490600.0,2865.0
2023-03-30,2817.0,2845.0,2802.0,2842.0,216600.0,2842.0
2023-03-31,2836.0,2836.0,2798.0,2810.0,164100.0,2810.0
2023-04-03,2820.0,2839.0,2813.0,2838.0,215200.0,2838.0
2023-04-04,2833.0,2848.0,2818.0,2848.0,190900.0,2848.0
2023-04-05,2842.0,2842.0,2801.0,2802.0,134600.0,2802.0
2023-04-06,2800.0,2817.0,2793.0,2816.0,191000.0,2816.0
2023-04-07,2820.0,2820.0,2791.0,2791.0,115700.0,2791.0
2023-04-10,2806.0,2816.0,2797.0,2806.0,130000.0,2806.0
2023-04-11,2810.0,2821.0,2796.0,2801.0,113600.0,2801.0
2023-04-12,2801.0,2816.0,2796.0,2796.0,125400.0,2796.0
2023-04-13,2795.0,2805.0,2787.0,2792.0,135700.0,2792.0
2023-04-14,2804.0,2826.0,2795.0,2820.0,161900.0,2820.0
2023-04-17,2824.0,2832.0,2808.0,2830.0,117400.0,2830.0
2023-04-18,2859.0,2875.0,2851.0,2872.0,232600.0,2872.0
2023-04-19,2864.0,2878.0,2861.0,2878.0,135100.0,2878.0
2023-04-20,2878.0,2899.0,2864.0,2897.0,203600.0,2897.0
2023-04-21,2896.0,2900.0,2882.0,2896.0,125400.0,2896.0
2023-04-24,2921.0,2933.0,2906.0,2915.0,208300.0,2915.0
2023-04-25,2921.0,2932.0,2916.0,2927.0,121900.0,2927.0
2023-04-26,2925.0,2939.0,2919.0,2931.0,182200.0,2931.0
2023-04-27,2930.0,2930.0,2900.0,2918.0,163600.0,2918.0
2023-04-28,2951.0,3000.0,2947.0,2990.0,393200.0,2990.0
2023-05-01,3000.0,3045.0,2995.0,3040.0,286700.0,3040.0
2023-05-02,3035.0,3035.0,2974.0,2999.0,238700.0,2999.0
2023-05-08,2999.0,3035.0,2986.0,3000.0,238400.0,3000.0
2023-05-09,3015.0,3040.0,3005.0,3040.0,202600.0,3040.0
2023-05-10,3030.0,3035.0,2985.0,3010.0,236700.0,3010.0
2023-05-11,3175.0,3215.0,3080.0,3170.0,647000.0,3170.0
2023-05-12,3160.0,3220.0,3125.0,3210.0,414500.0,3210.0
2023-05-15,3230.0,3235.0,3195.0,3215.0,205100.0,3215.0
2023-05-16,3220.0,3285.0,3205.0,3285.0,336900.0,3285.0
2023-05-17,3275.0,3285.0,3235.0,3280.0,179800.0,3280.0
2023-05-18,3290.0,3290.0,3210.0,3215.0,256700.0,3215.0
2023-05-19,3210.0,3250.0,3200.0,3240.0,145100.0,3240.0
2023-05-22,3235.0,3275.0,3225.0,3260.0,167900.0,3260.0
2023-05-23,3255.0,3265.0,3225.0,3250.0,172400.0,3250.0
2023-05-24,3245.0,3250.0,3210.0,3220.0,162800.0,3220.0
2023-05-25,3200.0,3240.0,3190.0,3215.0,147300.0,3215.0
2023-05-26,3215.0,3230.0,3195.0,3205.0,201800.0,3205.0
2023-05-29,3220.0,3240.0,3205.0,3230.0,289600.0,3230.0
2023-05-30,3245.0,3280.0,3240.0,3275.0,372900.0,3275.0
2023-05-31,3250.0,3270.0,3225.0,3270.0,556400.0,3270.0
2023-06-01,3260.0,3285.0,3200.0,3210.0,245400.0,3210.0
2023-06-02,3250.0,3315.0,3240.0,3270.0,365600.0,3270.0
2023-06-05,3300.0,3301.0,3254.0,3275.0,308900.0,3275.0
2023-06-06,3279.0,3308.0,3270.0,3308.0,246300.0,3308.0
2023-06-07,3291.0,3301.0,3228.0,3238.0,323900.0,3238.0
2023-06-08,3241.0,3256.0,3227.0,3235.0,177100.0,3235.0
2023-06-09,3269.0,3280.0,3237.0,3272.0,204900.0,3272.0
2023-06-12,3292.0,3298.0,3270.0,3291.0,156300.0,3291.0
2023-06-13,3274.0,3286.0,3264.0,3271.0,112100.0,3271.0
2023-06-14,3275.0,3281.0,3254.0,3258.0,130400.0,3258.0
2023-06-15,3250.0,3264.0,3231.0,3231.0,149600.0,3231.0
2023-06-16,3200.0,3229.0,3191.0,3210.0,416600.0,3210.0
2023-06-19,3228.0,3229.0,3169.0,3188.0,184100.0,3188.0
2023-06-20,3185.0,3208.0,3173.0,3191.0,202300.0,3191.0
2023-06-21,3185.0,3226.0,3183.0,3205.0,149800.0,3205.0
2023-06-22,3186.0,3200.0,3168.0,3185.0,191200.0,3185.0
2023-06-23,3185.0,3200.0,3170.0,3172.0,141200.0,3172.0
2023-06-26,3175.0,3190.0,3146.0,3188.0,113500.0,3188.0
2023-06-27,3187.0,3200.0,3165.0,3195.0,180900.0,3195.0
2023-06-28,3200.0,3251.0,3195.0,3249.0,203200.0,3249.0
2023-06-29,3236.0,3236.0,3203.0,3212.0,138200.0,3212.0
2023-06-30,3200.0,3215.0,3188.0,3205.0,134100.0,3205.0
2023-07-03,3251.0,3310.0,3249.0,3290.0,262100.0,3290.0
2023-07-04,3277.0,3291.0,3260.0,3279.0,153100.0,3279.0
2023-07-05,3324.0,3359.0,3306.0,3310.0,258400.0,3310.0
2023-07-06,3313.0,3320.0,3242.0,3266.0,220300.0,3266.0
2023-07-07,3271.0,3291.0,3260.0,3276.0,134700.0,3276.0
2023-07-10,3282.0,3304.0,3265.0,3286.0,217700.0,3286.0
2023-07-11,3297.0,3297.0,3251.0,3258.0,96200.0,3258.0
2023-07-12,3250.0,3273.0,3242.0,3263.0,92000.0,3263.0
2023-07-13,3276.0,3287.0,3258.0,3266.0,112200.0,3266.0
2023-07-14,3258.0,3277.0,3245.0,3270.0,140200.0,3270.0
2023-07-18,3277.0,3314.0,3277.0,3293.0,183000.0,3293.0
2023-07-19,3320.0,3333.0,3301.0,3330.0,191300.0,3330.0
2023-07-20,3330.0,3332.0,3279.0,3303.0,175000.0,3303.0
2023-07-21,3315.0,3370.0,3315.0,3365.0,290100.0,3365.0
2023-07-24,3400.0,3405.0,3371.0,3377.0,184800.0,3377.0
2023-07-25,3390.0,3391.0,3344.0,3357.0,168600.0,3357.0
2023-07-26,3342.0,3345.0,3275.0,3336.0,372300.0,3336.0
2023-07-27,3331.0,3342.0,3304.0,3335.0,174000.0,3335.0
2023-07-28,3330.0,3341.0,3306.0,3335.0,190200.0,3335.0
2023-07-31,3366.0,3366.0,3278.0,3285.0,212500.0,3285.0
2023-08-01,3261.0,3301.0,3258.0,3301.0,183400.0,3301.0
2023-08-02,3262.0,3309.0,3262.0,3304.0,389300.0,3304.0
2023-08-03,2974.0,3073.0,2941.0,3017.0,1184000.0,3017.0
2023-08-04,3031.0,3070.0,3012.0,3029.0,663700.0,3029.0
2023-08-07,3012.0,3026.0,2981.5,3019.0,567900.0,3019.0
2023-08-08,3030.0,3073.0,3025.0,3058.0,408200.0,3058.0
2023-08-09,3080.0,3090.0,3029.0,3082.0,285400.0,3082.0
2023-08-10,3092.0,3109.0,3068.0,3086.0,329800.0,3086.0
2023-08-14,3096.0,3114.0,3075.0,3099.0,229400.0,3099.0
2023-08-15,3101.0,3103.0,3066.0,3070.0,237700.0,3070.0
2023-08-16,3058.0,3066.0,3045.0,3045.0,218200.0,3045.0
2023-08-17,3063.0,3077.0,3048.0,3070.0,275200.0,3070.0
2023-08-18,3057.0,3064.0,3028.0,3041.0,190400.0,3041.0
2023-08-21,3046.0,3064.0,3042.0,3050.0,127800.0,3050.0
2023-08-22,3051.0,3075.0,3038.0,3075.0,162600.0,3075.0
2023-08-23,3065.0,3083.0,3063.0,3083.0,163300.0,3083.0
2023-08-24,3083.0,3097.0,3070.0,3082.0,139600.0,3082.0
2023-08-25,3075.0,3081.0,3059.0,3077.0,139100.0,3077.0
2023-08-28,3109.0,3130.0,3103.0,3118.0,275700.0,3118.0
2023-08-29,3140.0,3144.0,3115.0,3134.0,173700.0,3134.0
2023-08-30,3134.0,3175.0,3125.0,3157.0,274000.0,3157.0
2023-08-31,3159.0,3174.0,3142.0,3145.0,243600.0,3145.0
2023-09-01,3136.0,3178.0,3136.0,3167.0,163000.0,3167.0
2023-09-04,3178.0,3185.0,3156.0,3184.0,142300.0,3184.0
2023-09-05,3184.0,3199.0,3171.0,3183.0,151500.0,3183.0
2023-09-06,3199.0,3200.0,3174.0,3182.0,130800.0,3182.0
2023-09-07,3192.0,3219.0,3182.0,3198.0,204900.0,3198.0
2023-09-08,3190.0,3218.0,3169.0,3181.0,178900.0,3181.0
2023-09-11,3210.0,3218.0,3168.0,3183.0,121500.0,3183.0
2023-09-12,3193.0,3206.0,3191.0,3200.0,94100.0,3200.0
2023-09-13,3205.0,3212.0,3197.0,3198.0,143500.0,3198.0
2023-09-14,3198.0,3207.0,3171.0,3195.0,143900.0,3195.0
2023-09-15,3202.0,3206.0,3186.0,3186.0,244300.0,3186.0
2023-09-19,3185.0,3196.0,3148.0,3166.0,170000.0,3166.0
2023-09-20,3168.0,3180.0,3143.0,3143.0,218900.0,3143.0
2023-09-21,3144.0,3154.0,3110.0,3122.0,180800.0,3122.0
2023-09-22,3103.0,3118.0,3100.0,3106.0,114900.0,3106.0
2023-09-25,3110.0,3141.0,3103.0,3136.0,122800.0,3136.0
2023-09-26,3130.0,3170.0,3122.0,3167.0,165200.0,3167.0
2023-09-27,3167.0,3206.0,3148.0,3202.0,257000.0,3202.0
2023-09-28,3117.0,3158.0,3110.0,3146.0,237400.0,3146.0
2023-09-29,3150.0,3155.0,3118.0,3120.0,180100.0,3120.0
2023-10-02,3127.0,3145.0,3107.0,3109.0,201200.0,3109.0
2023-10-03,3120.0,3150.0,3101.0,3128.0,172800.0,3128.0
2023-10-04,3110.0,3122.0,3095.0,3110.0,208800.0,3110.0
2023-10-05,3100.0,3159.0,3099.0,3146.0,186500.0,3146.0
2023-10-06,3144.0,3177.0,3144.0,3165.0,171700.0,3165.0
2023-10-10,3187.0,3209.0,3174.0,3198.0,228200.0,3198.0
2023-10-11,3198.0,3201.0,3181.0,3181.0,140800.0,3181.0
2023-10-12,3181.0,3185.0,3153.0,3177.0,173100.0,3177.0
2023-10-13,3145.0,3165.0,3133.0,3138.0,185100.0,3138.0
2023-10-16,3132.0,3152.0,3104.0,3116.0,167600.0,3116.0
2023-10-17,3126.0,3147.0,3091.0,3098.0,161400.0,3098.0
2023-10-18,3105.0,3114.0,3051.0,3099.0,147200.0,3099.0
2023-10-19,3070.0,3132.0,3070.0,3113.0,151900.0,3113.0
2023-10-20,3104.0,3136.0,3096.0,3120.0,172400.0,3120.0
2023-10-23,3109.0,3149.0,3106.0,3135.0,184500.0,3135.0
2023-10-24,3120.0,3130.0,3064.0,3120.0,203800.0,3120.0
2023-10-25,3125.0,3140.0,3108.0,3109.0,144500.0,3109.0
2023-10-26,3112.0,3139.0,3093.0,3114.0,162900.0,3114.0
2023-10-27,3141.0,3155.0,3128.0,3140.0,261200.0,3140.0
2023-10-30,3124.0,3124.0,3071.0,3103.0,1018500.0,3103.0
2023-10-31,3105.0,3188.0,3102.0,3183.0,267200.0,3183.0
2023-11-01,3195.0,3214.0,3171.0,3212.0,291500.0,3212.0
2023-11-02,3237.0,3260.0,3230.0,3259.0,296500.0,3259.0
2023-11-06,3290.0,3316.0,3272.0,3282.0,391300.0,3282.0
2023-11-07,3290.0,3315.0,3277.0,3306.0,317800.0,3306.0
2023-11-08,3271.0,3363.0,3251.0,3357.0,422100.0,3357.0
2023-11-09,3335.0,3335.0,3278.0,3318.0,237900.0,3318.0
2023-11-10,3340.0,3352.0,3325.0,3350.0,162900.0,3350.0
2023-11-13,3350.0,3358.0,3334.0,3334.0,87600.0,3334.0
2023-11-14,3348.0,3355.0,3313.0,3315.0,98100.0,3315.0
2023-11-15,3325.0,3373.0,3287.0,3370.0,198600.0,3370.0
2023-11-16,3370.0,3381.0,3345.0,3368.0,197200.0,3368.0
2023-11-17,3368.0,3430.0,3361.0,3430.0,225700.0,3430.0
2023-11-20,3431.0,3442.0,3350.0,3350.0,212800.0,3350.0
2023-11-21,3326.0,3326.0,3239.0,3285.0,285100.0,3285.0
2023-11-22,3270.0,3286.0,3249.0,3256.0,154000.0,3256.0
2023-11-24,3277.0,3277.0,3234.0,3234.0,116500.0,3234.0
2023-11-27,3235.0,3258.0,3220.0,3243.0,163900.0,3243.0
2023-11-28,3242.0,3270.0,3232.0,3265.0,155800.0,3265.0
2023-11-29,3265.0,3267.0,3227.0,3247.0,156200.0,3247.0
2023-11-30,3230.0,3245.0,3208.0,3229.0,168500.0,3229.0
2023-12-01,3248.0,3264.0,3239.0,3258.0,141900.0,3258.0
2023-12-04,3260.0,3282.0,3240.0,3246.0,175800.0,3246.0
2023-12-05,3237.0,3281.0,3237.0,3268.0,137100.0,3268.0
2023-12-06,3261.0,3327.0,3261.0,3320.0,164500.0,3320.0
2023-12-07,3290.0,3314.0,3277.0,3280.0,136400.0,3280.0
2023-12-08,3290.0,3312.0,3253.0,3267.0,161800.0,3267.0
2023-12-11,3279.0,3295.0,3269.0,3295.0,178000.0,3295.0
2023-12-12,3275.0,3304.0,3272.0,3284.0,166300.0,3284.0
2023-12-13,3269.0,3272.0,3218.0,3225.0,199700.0,3225.0
2023-12-14,3230.0,3242.0,3176.0,3180.0,161300.0,3180.0
2023-12-15,3158.0,3162.0,3067.0,3073.0,279100.0,3073.0
2023-12-18,3060.0,3072.0,3032.0,3062.0,185400.0,3062.0
2023-12-19,3087.0,3096.0,3025.0,3054.0,127700.0,3054.0
2023-12-20,3054.0,3065.0,3045.0,3045.0,211100.0,3045.0
2023-12-21,3043.0,3045.0,3009.0,3024.0,171100.0,3024.0
2023-12-22,3024.0,3040.0,3014.0,3040.0,137300.0,3040.0
2023-12-25,3061.0,3073.0,3042.0,3073.0,84500.0,3073.0
2023-12-26,3083.0,3100.0,3072.0,3089.0,152700.0,3089.0
2023-12-27,3088.0,3107.0,3079.0,3107.0,140800.0,3107.0
2023-12-28,3096.0,3126.0,3095.0,3121.0,90500.0,3121.0
2023-12-29,3125.0,3135.0,3096.0,3115.0,92200.0,3115.0
2024-01-04,3145.0,3169.0,3100.0,3167.0,138400.0,3167.0
2024-01-05,3171.0,3183.0,3150.0,3159.0,94000.0,3159.0
2024-01-09,3160.0,3207.0,3160.0,3200.0,118700.0,3200.0
2024-01-10,3220.0,3233.0,3201.0,3228.0,133500.0,3228.0
2024-01-11,3260.0,3276.0,3239.0,3270.0,144500.0,3270.0
2024-01-12,3272.0,3299.0,3267.0,3294.0,122200.0,3294.0
2024-01-15,3294.0,3310.0,3280.0,3304.0,160400.0,3304.0
2024-01-16,3309.0,3309.0,3217.0,3219.0,137500.0,3219.0
2024-01-17,3234.0,3253.0,3221.0,3223.0,103400.0,3223.0
2024-01-18,3234.0,3242.0,3224.0,3236.0,92400.0,3236.0
2024-01-19,3244.0,3250.0,3208.0,3210.0,108600.0,3210.0
2024-01-22,3210.0,3226.0,3188.0,3226.0,95600.0,3226.0
2024-01-23,3227.0,3258.0,3227.0,3252.0,89900.0,3252.0
2024-01-24,3230.0,3235.0,3196.0,3212.0,109100.0,3212.0
2024-01-25,3200.0,3222.0,3200.0,3218.0,77500.0,3218.0
2024-01-26,3221.0,3243.0,3204.0,3227.0,118100.0,3227.0
2024-01-29,3236.0,3266.0,3235.0,3250.0,86500.0,3250.0
2024-01-30,3250.0,3263.0,3223.0,3228.0,105800.0,3228.0
2024-01-31,3215.0,3254.0,3207.0,3253.0,129200.0,3253.0
2024-02-01,3244.0,3268.0,3236.0,3251.0,134200.0,3251.0
2024-02-02,3270.0,3270.0,3230.0,3237.0,108600.0,3237.0
2024-02-05,3254.0,3294.0,3248.0,3275.0,249700.0,3275.0
2024-02-06,3248.0,3248.0,3126.0,3176.0,529100.0,3176.0
2024-02-07,3170.0,3173.0,3121.0,3142.0,291200.0,3142.0
2024-02-08,3120.0,3122.0,3076.0,3094.0,287400.0,3094.0
2024-02-09,3072.0,3103.0,3057.0,3075.0,204900.0,3075.0
2024-02-13,3098.0,3124.0,3081.0,3120.0,146200.0,3120.0
2024-02-14,3122.0,3143.0,3118.0,3135.0,162300.0,3135.0
2024-02-15,3143.0,3145.0,3095.0,3116.0,143500.0,3116.0
2024-02-16,3132.0,3142.0,3103.0,3113.0,125700.0,3113.0
2024-02-19,3131.0,3149.0,3127.0,3146.0,120800.0,3146.0
2024-02-20,3150.0,3152.0,3131.0,3140.0,97500.0,3140.0
2024-02-21,3149.0,3160.0,3136.0,3155.0,102100.0,3155.0
2024-02-22,3158.0,3179.0,3151.0,3158.0,154400.0,3158.0
2024-02-26,3170.0,3177.0,3127.0,3130.0,172300.0,3130.0
2024-02-27,3136.0,3156.0,3122.0,3132.0,147700.0,3132.0
2024-02-28,3133.0,3152.0,3131.0,3144.0,123600.0,3144.0
2024-02-29,3157.0,3165.0,3136.0,3143.0,208600.0,3143.0
2024-03-01,3137.0,3145.0,3115.0,3125.0,139700.0,3125.0
2024-03-04,3109.0,3114.0,3047.0,3066.0,263700.0,3066.0
2024-03-05,3066.0,3066.0,3023.0,3053.0,142400.0,3053.0
2024-03-06,3056.0,3096.0,3056.0,3083.0,157900.0,3083.0
2024-03-07,3085.0,3108.0,3071.0,3103.0,144900.0,3103.0
2024-03-08,3083.0,3102.0,3064.0,3095.0,152400.0,3095.0
2024-03-11,3103.0,3104.0,3043.0,3077.0,226800.0,3077.0
2024-03-12,3071.0,3087.0,3035.0,3085.0,165200.0,3085.0
2024-03-13,3079.0,3089.0,3055.0,3089.0,137000.0,3089.0
2024-03-14,3100.0,3137.0,3089.0,3137.0,168200.0,3137.0
2024-03-15,3130.0,3147.0,3119.0,3128.0,153400.0,3128.0
2024-03-18,3140.0,3152.0,3126.0,3134.0,97600.0,3134.0
2024-03-19,3131.0,3149.0,3131.0,3147.0,76100.0,3147.0
2024-03-21,3147.0,3157.0,3126.0,3128.0,164900.0,3128.0
2024-03-22,3123.0,3131.0,3097.0,3127.0,144000.0,3127.0
2024-03-25,3117.0,3121.0,3086.0,3099.0,164100.0,3099.0
2024-03-26,3100.0,3121.0,3082.0,3114.0,142800.0,3114.0
2024-03-27,3132.0,3140.0,3118.0,3124.0,210700.0,3124.0
2024-03-28,3092.0,3096.0,3055.0,3076.0,187300.0,3076.0
2024-03-29,3075.0,3105.0,3075.0,3096.0,172200.0,3096.0
2024-04-01,3119.0,3122.0,3098.0,3117.0,123100.0,3117.0
2024-04-02,3114.0,3119.0,3050.0,3063.0,152300.0,3063.0
2024-04-03,3067.0,3084.0,3054.0,3073.0,144200.0,3073.0
2024-04-04,3083.0,3102.0,3074.0,3088.0,135700.0,3088.0
2024-04-05,3075.0,3099.0,3056.0,3079.0,101300.0,3079.0
2024-04-08,3081.0,3120.0,3079.0,3108.0,119300.0,3108.0
2024-04-09,3120.0,3120.0,3099.0,3102.0,103000.0,3102.0
2024-04-10,3120.0,3125.0,3098.0,3098.0,123900.0,3098.0
2024-04-11,3078.0,3094.0,3063.0,3088.0,133200.0,3088.0
2024-04-12,3104.0,3104.0,3076.0,3085.0,98400.0,3085.0
2024-04-15,3060.0,3075.0,3053.0,3067.0,93300.0,3067.0
2024-04-16,3060.0,3070.0,3045.0,3058.0,131000.0,3058.0
2024-04-17,3050.0,3059.0,3026.0,3043.0,116200.0,3043.0
2024-04-18,3065.0,3077.0,3045.0,3066.0,93500.0,3066.0
2024-04-19,3050.0,3053.0,3013.0,3033.0,155000.0,3033.0
2024-04-22,3071.0,3092.0,3058.0,3087.0,99400.0,3087.0
2024-04-23,3090.0,3115.0,3082.0,3112.0,109900.0,3112.0
2024-04-24,3120.0,3120.0,3104.0,3108.0,82800.0,3108.0
2024-04-25,3102.0,3107.0,3089.0,3094.0,73300.0,3094.0
2024-04-26,3088.0,3099.0,3063.0,3092.0,176300.0,3092.0
2024-04-30,3120.0,3128.0,3085.0,3107.0,180800.0,3107.0
2024-05-01,3098.0,3130.0,3093.0,3126.0,80200.0,3126.0
2024-05-02,3131.0,3135.0,3121.0,3124.0,80200.0,3124.0
2024-05-07,3122.0,3131.0,3099.0,3117.0,94600.0,3117.0
2024-05-08,3117.0,3126.0,3102.0,3107.0,82900.0,3107.0
2024-05-09,3110.0,3166.0,3105.0,3148.0,232100.0,3148.0
2024-05-10,3056.0,3086.0,2964.0,2964.0,908000.0,2964.0
2024-05-13,2979.0,3020.0,2974.0,3010.0,283300.0,3010.0
2024-05-14,3000.0,3019.0,2987.5,2987.5,220800.0,2987.5
2024-05-15,2987.0,2992.0,2960.0,2960.0,251400.0,2960.0
2024-05-16,2960.0,2966.0,2924.0,2925.0,248800.0,2925.0
2024-05-17,2975.0,2981.5,2956.0,2960.0,196400.0,2960.0
2024-05-20,2962.5,2986.0,2956.0,2986.0,128600.0,2986.0
2024-05-21,2965.0,2975.0,2960.5,2960.5,119500.0,2960.5
2024-05-22,2955.0,2957.0,2908.0,2908.0,190400.0,2908.0
2024-05-23,2902.0,2921.0,2885.0,2917.5,126900.0,2917.5
2024-05-24,2900.0,2935.0,2895.0,2926.0,114000.0,2926.0
2024-05-27,2922.5,2934.5,2904.5,2931.5,158200.0,2931.5
2024-05-28,2918.0,2924.5,2902.0,2904.0,88200.0,2904.0
2024-05-29,2900.0,2901.0,2867.5,2868.0,155300.0,2868.0
2024-05-30,2860.0,2867.0,2845.5,2865.5,126500.0,2865.5
2024-05-31,2859.5,2888.0,2859.5,2887.0,267800.0,2887.0
2024-06-03,2909.5,2936.0,2901.0,2916.5,216000.0,2916.5
2024-06-04,2915.0,2927.5,2908.0,2926.5,85300.0,2926.5
2024-06-05,2923.0,2942.0,2911.0,2933.0,106700.0,2933.0
2024-06-06,2936.5,2936.5,2907.0,2916.0,109000.0,2916.0
2024-06-07,2921.0,2923.0,2907.5,2913.0,91000.0,2913.0
2024-06-10,2922.0,2925.5,2907.5,2917.0,126000.0,2917.0
2024-06-11,2909.0,2931.5,2908.0,2908.0,137400.0,2908.0
2024-06-12,2910.0,2913.0,2900.0,2900.0,81200.0,2900.0
2024-06-13,2900.0,2906.5,2877.0,2880.0,101900.0,2880.0
2024-06-14,2866.5,2909.5,2865.5,2902.5,211500.0,2902.5
2024-06-17,2900.5,2903.5,2880.0,2887.0,91300.0,2887.0
2024-06-18,2900.0,2901.5,2857.0,2869.0,166300.0,2869.0
2024-06-19,2865.0,2870.0,2853.0,2865.5,98000.0,2865.5
2024-06-20,2865.5,2876.0,2857.5,2870.0,104100.0,2870.0
2024-06-21,2875.0,2904.5,2874.5,2882.0,285000.0,2882.0
2024-06-24,2902.0,2904.5,2881.5,2887.5,147400.0,2887.5
2024-06-25,2888.5,2916.0,2888.5,2911.5,152400.0,2911.5
2024-06-26,2906.0,2910.0,2898.0,2898.0,203900.0,2898.0
2024-06-27,2898.0,2902.0,2866.0,2879.0,161300.0,2879.0
2024-06-28,2867.0,2872.5,2843.0,2846.0,341100.0,2846.0
2024-07-01,2860.0,2875.0,2846.5,2858.0,201500.0,2858.0
2024-07-02,2846.0,2848.0,2830.5,2840.5,257100.0,2840.5
2024-07-03,2839.0,2851.5,2832.0,2850.0,226800.0,2850.0
2024-07-04,2850.0,2859.5,2850.0,2858.0,238200.0,2858.0
2024-07-05,2859.0,2859.0,2825.5,2825.5,224600.0,2825.5
2024-07-08,2815.0,2817.5,2800.0,2802.5,340700.0,2802.5
2024-07-09,2807.0,2820.5,2795.0,2810.0,326700.0,2810.0
2024-07-10,2816.0,2845.0,2813.0,2845.0,280300.0,2845.0
2024-07-11,2855.0,2928.0,2852.5,2899.0,310800.0,2899.0
2024-07-12,2899.0,2925.0,2890.5,2918.0,169800.0,2918.0
2024-07-16,2920.0,2920.0,2890.0,2890.0,129500.0,2890.0
2024-07-17,2897.0,2910.0,2890.5,2906.0,123200.0,2906.0
2024-07-18,2900.0,2947.0,2896.0,2936.5,232700.0,2936.5
2024-07-19,2945.0,2948.5,2916.5,2932.0,104200.0,2932.0
2024-07-22,2920.0,2935.0,2908.0,2935.0,151500.0,2935.0
2024-07-23,2941.0,2942.0,2918.0,2918.5,114100.0,2918.5
2024-07-24,2915.0,2929.0,2878.0,2881.5,139000.0,2881.5
2024-07-25,2880.0,2898.5,2866.0,2880.0,217300.0,2880.0
2024-07-26,2887.0,2891.0,2856.0,2867.5,180300.0,2867.5
2024-07-29,2888.0,2910.0,2879.0,2906.0,113500.0,2906.0
2024-07-30,2900.0,2907.0,2893.0,2894.0,82900.0,2894.0
2024-07-31,2920.0,2976.5,2920.0,2968.5,350300.0,2968.5
2024-08-01,2930.0,2950.0,2891.5,2930.0,261500.0,2930.0
2024-08-02,2895.0,2939.0,2825.5,2838.5,315300.0,2838.5
2024-08-05,2820.0,2828.5,2652.0,2665.5,410000.0,2665.5
2024-08-06,2802.0,2869.5,2785.0,2838.0,302300.0,2838.0
2024-08-07,2811.5,2875.0,2799.0,2799.0,177600.0,2799.0
2024-08-08,2789.0,2850.0,2778.0,2802.0,137300.0,2802.0
2024-08-09,2829.0,2829.5,2768.0,2800.0,200300.0,2800.0
2024-08-13,2801.0,2801.0,2769.5,2799.0,101800.0,2799.0
2024-08-14,2800.0,2813.0,2786.5,2790.5,109200.0,2790.5
2024-08-15,2791.5,2802.0,2770.0,2783.0,137100.0,2783.0
2024-08-16,2798.5,2818.5,2772.5,2809.5,120700.0,2809.5
2024-08-19,2809.5,2810.0,2785.0,2795.5,100500.0,2795.5
2024-08-20,2802.0,2842.5,2796.5,2829.0,97100.0,2829.0
2024-08-21,2813.5,2841.5,2813.0,2823.0,59800.0,2823.0
2024-08-22,2823.0,2850.0,2823.0,2850.0,48100.0,2850.0
2024-08-23,2850.0,2874.0,2850.0,2869.5,73800.0,2869.5
2024-08-26,2871.0,2916.0,2871.0,2909.0,128400.0,2909.0
2024-08-27,2909.5,2914.5,2893.0,2905.5,91100.0,2905.5
2024-08-28,2935.5,2957.0,2929.0,2940.5,183600.0,2940.5
2024-08-29,2951.0,2955.5,2920.0,2937.0,223400.0,2937.0
2024-08-30,2937.5,2946.0,2926.5,2930.5,130800.0,2930.5
2024-09-02,2927.0,2930.5,2898.0,2909.5,106300.0,2909.5
2024-09-03,2913.5,2923.5,2909.0,2922.5,57400.0,2922.5
2024-09-04,2903.0,2943.5,2899.0,2936.5,153500.0,2936.5
2024-09-05,2944.0,2985.0,2930.0,2975.5,172300.0,2975.5
2024-09-06,2989.0,3016.0,2987.5,2999.5,228600.0,2999.5
2024-09-09,2998.5,3007.0,2968.5,2985.5,177000.0,2985.5
2024-09-10,2992.0,3010.0,2977.0,2998.0,128500.0,2998.0
2024-09-11,3020.0,3021.0,2969.5,2987.5,198600.0,2987.5
2024-09-12,3009.0,3012.0,2981.5,3008.0,166400.0,3008.0
2024-09-13,2981.5,2998.5,2973.0,2973.5,139000.0,2973.5
2024-09-17,2983.5,3010.0,2977.0,3010.0,148800.0,3010.0
2024-09-18,2998.5,3002.0,2983.0,2998.0,142300.0,2998.0
2024-09-19,2999.5,3020.0,2995.0,2998.0,155400.0,2998.0
2024-09-20,2995.0,3012.0,2960.0,2960.5,547900.0,2960.5
2024-09-24,2965.0,3024.0,2965.0,3010.0,212900.0,3010.0
2024-09-25,2997.0,3028.0,2985.0,3015.0,180700.0,3015.0
2024-09-26,3030.0,3100.0,3027.0,3100.0,413100.0,3100.0
2024-09-27,3080.0,3089.0,3057.0,3071.0,199700.0,3071.0
2024-09-30,3041.0,3069.0,3036.0,3046.0,167600.0,3046.0
2024-10-01,3030.0,3062.0,3026.0,3043.0,100400.0,3043.0
2024-10-02,3050.0,3062.0,3006.0,3018.0,146500.0,3018.0
2024-10-03,3030.0,3043.0,3003.0,3023.0,106600.0,3023.0
2024-10-04,3020.0,3070.0,3020.0,3060.0,169000.0,3060.0
2024-10-07,3075.0,3085.0,3044.0,3077.0,180600.0,3077.0
2024-10-08,3021.0,3045.0,3020.0,3037.0,116800.0,3037.0
2024-10-09,3043.0,3054.0,3026.0,3038.0,88700.0,3038.0
2024-10-10,3047.0,3065.0,3036.0,3065.0,86800.0,3065.0
2024-10-11,3050.0,3055.0,3025.0,3026.0,109300.0,3026.0
2024-10-15,3038.0,3045.0,3026.0,3028.0,129200.0,3028.0
2024-10-16,3028.0,3057.0,3009.0,3009.0,74700.0,3009.0
2024-10-17,3009.0,3019.0,3000.0,3009.0,81000.0,3009.0
2024-10-18,3019.0,3036.0,3000.0,3015.0,58100.0,3015.0
2024-10-21,3012.0,3012.0,2992.0,3001.0,75400.0,3001.0
2024-10-22,2991.5,2998.0,2965.0,2990.5,112100.0,2990.5
2024-10-23,2980.0,2992.5,2953.5,2957.0,62800.0,2957.0
2024-10-24,2950.0,2966.5,2942.5,2953.5,90400.0,2953.5
2024-10-25,2957.5,2957.5,2941.0,2947.5,69200.0,2947.5
2024-10-28,2933.0,2959.5,2929.5,2952.0,104500.0,2952.0
2024-10-29,2961.5,2972.0,2955.5,2957.5,77100.0,2957.5
2024-10-30,2960.0,2981.5,2955.5,2978.0,231600.0,2978.0
2024-10-31,2986.0,2989.5,2955.0,2974.0,137600.0,2974.0
2024-11-01,2949.0,2965.0,2907.5,2916.0,129800.0,2916.0
2024-11-05,2916.0,2931.5,2900.0,2915.0,158500.0,2915.0
2024-11-06,2933.0,2937.5,2880.0,2887.5,201200.0,2887.5
2024-11-07,2900.5,2936.0,2890.0,2916.0,191300.0,2916.0
2024-11-08,2899.5,2915.0,2886.0,2901.0,104800.0,2901.0
2024-11-11,2880.5,2884.5,2843.0,2843.5,176900.0,2843.5
2024-11-12,2855.0,2882.0,2855.0,2874.5,141500.0,2874.5
2024-11-13,2871.5,2898.0,2868.0,2882.0,130500.0,2882.0
2024-11-14,2882.0,2898.0,2852.5,2852.5,128200.0,2852.5
2024-11-15,2863.5,2868.5,2847.0,2851.0,99200.0,2851.0
2024-11-18,2840.0,2869.0,2835.0,2867.0,103400.0,2867.0
2024-11-19,2879.5,2880.5,2830.5,2834.0,197700.0,2834.0
2024-11-20,2845.0,2865.0,2834.0,2842.0,165700.0,2842.0
2024-11-21,2838.0,2843.5,2820.5,2825.0,165900.0,2825.0
2024-11-22,2825.0,2833.0,2805.5,2820.0,209600.0,2820.0
2024-11-25,2842.0,2843.0,2811.5,2837.0,516300.0,2837.0
2024-11-26,2828.5,2845.0,2813.0,2839.5,190700.0,2839.5
2024-11-27,2833.5,2838.5,2795.0,2821.0,207500.0,2821.0
2024-11-28,2821.0,2839.5,2809.0,2839.5,166500.0,2839.5
2024-11-29,2839.0,2844.5,2821.0,2836.0,137400.0,2836.0
2024-12-02,2836.0,2863.0,2830.0,2851.5,136600.0,2851.5
2024-12-03,2860.0,2887.0,2855.0,2872.0,127200.0,2872.0
2024-12-04,2855.5,2882.5,2852.0,2867.5,230000.0,2867.5
2024-12-05,2871.5,2879.5,2852.5,2876.0,185200.0,2876.0
2024-12-06,2893.0,2909.0,2881.0,2899.0,141000.0,2899.0
2024-12-09,2895.0,2902.0,2879.5,2893.5,190500.0,2893.5
2024-12-10,2900.0,2912.5,2885.5,2906.0,156700.0,2906.0
2024-12-11,2906.0,2930.0,2902.0,2910.5,126300.0,2910.5
2024-12-12,2925.0,2929.5,2912.0,2914.5,151600.0,2914.5
2024-12-13,2885.5,2916.0,2876.0,2882.0,203800.0,2882.0
2024-12-16,2893.0,2896.0,2847.5,2860.0,162600.0,2860.0
2024-12-17,2863.0,2891.0,2863.0,2879.5,151200.0,2879.5
2024-12-18,2883.5,2883.5,2859.0,2866.5,85900.0,2866.5
2024-12-19,2851.0,2866.5,2848.5,2857.0,97100.0,2857.0
2024-12-20,2870.0,2873.5,2852.5,2856.0,164600.0,2856.0
2024-12-23,2856.0,2857.0,2840.0,2846.5,104700.0,2846.5
2024-12-24,2840.0,2853.0,2834.0,2839.5,92300.0,2839.5
2024-12-25,2833.0,2833.5,2798.0,2816.0,178300.0,2816.0
2024-12-26,2808.5,2842.0,2808.5,2841.0,183000.0,2841.0
2024-12-27,2856.5,2891.0,2850.0,2881.5,160700.0,2881.5
2024-12-30,2886.0,2904.5,2884.0,2896.0,144900.0,2896.0
2025-01-06,2900.0,2905.0,2862.5,2869.5,175200.0,2869.5
2025-01-07,2870.0,2870.0,2828.0,2832.5,151700.0,2832.5
2025-01-08,2832.5,2836.5,2807.0,2807.0,138600.0,2807.0
2025-01-09,2808.0,2814.0,2794.0,2813.0,159000.0,2813.0
2025-01-10,2808.5,2811.0,2783.0,2785.0,130600.0,2785.0
2025-01-14,2786.0,2793.0,2761.0,2764.0,141000.0,2764.0
2025-01-15,2760.5,2777.5,2756.5,2777.5,88900.0,2777.5
2025-01-16,2766.0,2773.0,2754.5,2759.5,93200.0,2759.5
2025-01-17,2755.0,2758.5,2743.0,2750.5,114400.0,2750.5
2025-01-20,2750.5,2764.0,2745.0,2756.0,81200.0,2756.0
2025-01-21,2766.5,2767.0,2757.0,2762.5,48100.0,2762.5
2025-01-22,2762.5,2768.5,2756.0,2756.0,69800.0,2756.0
2025-01-23,2753.0,2758.0,2725.0,2749.5,118500.0,2749.5
2025-01-24,2763.0,2768.0,2750.0,2758.5,128700.0,2758.5
2025-01-27,2786.5,2817.5,2783.5,2813.0,127200.0,2813.0
2025-01-28,2813.0,2833.0,2811.5,2820.0,120400.0,2820.0
2025-01-29,2802.5,2804.5,2792.5,2795.0,105800.0,2795.0
2025-01-30,2800.0,2831.5,2798.0,2827.5,102000.0,2827.5
2025-01-31,2822.5,2832.0,2804.0,2827.0,123600.0,2827.0
2025-02-03,2827.0,2873.5,2817.0,2848.5,288900.0,2848.5
2025-02-04,2828.5,2848.0,2815.5,2815.5,142900.0,2815.5
2025-02-05,2835.0,2855.5,2790.0,2805.0,310400.0,2805.0
2025-02-06,2803.0,2828.5,2798.5,2809.0,138900.0,2809.0
2025-02-07,2813.5,2823.5,2788.0,2792.5,102700.0,2792.5
2025-02-10,2792.5,2799.5,2785.0,2785.0,89100.0,2785.0
2025-02-12,2790.0,2796.5,2779.5,2786.5,76600.0,2786.5
2025-02-13,2809.5,2813.0,2793.5,2801.5,92700.0,2801.5
2025-02-14,2803.0,2808.0,2791.0,2798.0,62700.0,2798.0
2025-02-17,2798.5,2815.5,2792.5,2792.5,120600.0,2792.5
2025-02-18,2792.5,2801.0,2774.0,2774.0,143700.0,2774.0
2025-02-19,2774.0,2799.5,2770.0,2791.0,123800.0,2791.0
2025-02-20,2792.5,2800.0,2754.5,2767.5,116600.0,2767.5
2025-02-21,2758.0,2763.5,2736.5,2749.5,192400.0,2749.5
2025-02-25,2749.0,2759.5,2738.0,2756.0,155300.0,2756.0
2025-02-26,2762.0,2780.0,2762.0,2773.0,128400.0,2773.0
2025-02-27,2781.5,2805.5,2772.0,2803.0,112600.0,2803.0
2025-02-28,2810.0,2835.0,2805.0,2810.0,248600.0,2810.0
2025-03-03,2810.0,2829.0,2804.5,2817.5,106200.0,2817.5
2025-03-04,2830.0,2861.0,2829.5,2837.5,189100.0,2837.5
2025-03-05,2855.0,2858.5,2831.5,2838.5,134900.0,2838.5
2025-03-06,2825.0,2850.0,2818.0,2848.0,177400.0,2848.0
2025-03-07,2839.0,2855.0,2821.5,2840.5,125200.0,2840.5
2025-03-10,2855.0,2858.0,2834.0,2856.0,109900.0,2856.0
2025-03-11,2855.0,2858.0,2832.0,2840.5,118500.0,2840.5
2025-03-12,2830.0,2846.0,2823.5,2841.5,108700.0,2841.5
2025-03-13,2825.5,2843.0,2824.5,2832.5,79800.0,2832.5
2025-03-14,2829.5,2839.5,2816.5,2825.0,126400.0,2825.0
2025-03-17,2825.0,2840.0,2825.0,2834.0,85300.0,2834.0
2025-03-18,2839.0,2866.0,2836.0,2850.5,113900.0,2850.5
2025-03-19,2850.5,2869.0,2850.5,2869.0,82700.0,2869.0
2025-03-21,2868.5,2874.5,2862.5,2863.5,113300.0,2863.5
2025-03-24,2822.5,2838.0,2798.0,2806.0,277800.0,2806.0
2025-03-25,2801.0,2827.0,2800.5,2818.0,124800.0,2818.0
2025-03-26,2820.0,2838.0,2817.0,2826.5,230000.0,2826.5
2025-03-27,2826.5,2831.5,2805.5,2831.5,250700.0,2831.5
2025-03-28,2797.0,2799.0,2779.0,2792.0,192900.0,2792.0
2025-03-31,2775.0,2775.0,2723.5,2723.5,293000.0,2723.5
2025-04-01,2749.5,2774.5,2738.5,2740.0,226300.0,2740.0
2025-04-02,2740.0,2747.5,2692.0,2692.0,203300.0,2692.0
2025-04-03,2660.0,2706.5,2641.0,2701.5,262700.0,2701.5
2025-04-04,2701.0,2742.5,2692.5,2733.0,239900.0,2733.0
2025-04-07,2640.0,2711.0,2602.0,2673.0,304600.0,2673.0
2025-04-08,2685.0,2753.0,2682.5,2753.0,233400.0,2753.0
2025-04-09,2731.0,2768.0,2695.0,2757.0,180900.0,2757.0
2025-04-10,2795.0,2795.0,2746.0,2790.0,192300.0,2790.0
2025-04-11,2745.5,2768.0,2724.0,2762.5,142300.0,2762.5
2025-04-14,2790.0,2829.0,2770.5,2815.0,200400.0,2815.0
2025-04-15,2825.0,2825.0,2793.0,2799.5,101400.0,2799.5
2025-04-16,2796.5,2823.5,2790.0,2817.5,91800.0,2817.5
2025-04-17,2803.0,2818.0,2793.5,2806.0,111000.0,2806.0
2025-04-18,2811.0,2832.0,2807.0,2830.0,113200.0,2830.0
2025-04-21,2825.0,2859.0,2820.5,2856.5,137700.0,2856.5
2025-04-22,2856.0,2903.0,2849.5,2895.0,187500.0,2895.0
2025-04-23,2907.0,2936.0,2902.0,2911.5,216200.0,2911.5
2025-04-24,2900.0,2905.0,2813.0,2823.5,132000.0,2823.5
2025-04-25,2820.0,2835.0,2785.5,2791.5,147700.0,2791.5
2025-04-28,2781.0,2798.5,2771.0,2785.0,151500.0,2785.0
2025-04-30,2809.0,2824.0,2786.5,2800.5,141100.0,2800.5
2025-05-01,2799.5,2810.5,2764.0,2776.5,166800.0,2776.5
2025-05-02,2783.5,2801.0,2768.5,2791.0,132100.0,2791.0
2025-05-07,2810.0,2819.0,2787.5,2787.5,106400.0,2787.5
2025-05-08,2790.0,2920.0,2769.0,2890.0,507200.0,2890.0
2025-05-09,2840.0,2854.5,2811.0,2826.0,335300.0,2826.0
2025-05-12,2828.0,2852.0,2815.0,2852.0,189700.0,2852.0
2025-05-13,2852.0,2858.5,2820.5,2821.5,182300.0,2821.5
2025-05-14,2810.0,2819.0,2754.0,2776.5,209500.0,2776.5
2025-05-15,2776.5,2814.5,2776.0,2801.5,125800.0,2801.5
2025-05-16,2819.5,2823.0,2785.0,2795.5,135700.0,2795.5
2025-05-19,2798.5,2809.5,2776.5,2793.5,167800.0,2793.5
2025-05-20,2810.0,2813.0,2765.0,2772.5,174900.0,2772.5
2025-05-21,2767.5,2772.0,2734.0,2736.0,238400.0,2736.0
2025-05-22,2715.0,2732.5,2702.5,2716.5,247100.0,2716.5
2025-05-23,2720.0,2727.0,2710.0,2727.0,137700.0,2727.0
2025-05-26,2725.0,2737.5,2720.5,2723.0,145600.0,2723.0
2025-05-27,2727.0,2732.5,2716.0,2721.0,131800.0,2721.0
2025-05-28,2737.5,2750.0,2722.5,2737.5,231100.0,2737.5
2025-05-29,2740.5,2755.0,2740.0,2744.5,193400.0,2744.5
2025-05-30,2735.0,2753.5,2728.0,2741.5,344200.0,2741.5
2025-06-02,2739.5,2742.5,2729.0,2742.5,162700.0,2742.5
2025-06-03,2754.5,2821.0,2751.0,2809.0,347100.0,2809.0
2025-06-04,2787.0,2797.5,2778.5,2789.0,165400.0,2789.0
2025-06-05,2777.0,2800.5,2777.0,2798.5,229400.0,2798.5
2025-06-06,2804.0,2828.5,2804.0,2827.0,170500.0,2827.0
2025-06-09,2826.0,2827.0,2792.5,2812.0,157100.0,2812.0
2025-06-10,2810.0,2824.5,2807.0,2824.5,175000.0,2824.5
2025-06-11,2812.5,2827.0,2811.5,2813.5,119000.0,2813.5
2025-06-12,2805.0,2814.0,2801.0,2808.5,122100.0,2808.5
2025-06-13,2805.0,2810.5,2795.0,2801.0,162300.0,2801.0
2025-06-16,2821.5,2822.5,2802.0,2816.0,178100.0,2816.0
2025-06-17,2807.5,2810.0,2761.0,2768.0,244100.0,2768.0
2025-06-18,2760.0,2762.5,2739.5,2752.0,210700.0,2752.0
2025-06-19,2760.0,2760.5,2725.5,2736.0,190500.0,2736.0
2025-06-20,2732.5,2763.0,2729.0,2763.0,1022800.0,2763.0
2025-06-23,2760.0,2772.0,2743.0,2769.5,184900.0,2769.5
2025-06-24,2780.0,2781.5,2755.0,2759.0,193200.0,2759.0
2025-06-25,2752.5,2793.5,2741.5,2784.5,208500.0,2784.5
2025-06-26,2773.0,2807.0,2773.0,2789.5,187900.0,2789.5
2025-06-27,2780.5,2800.0,2780.5,2800.0,149100.0,2800.0
2025-06-30,2804.5,2817.0,2796.5,2802.5,155800.0,2802.5
2025-07-01,2798.0,2816.0,2786.0,2789.5,155500.0,2789.5
2025-07-02,2789.5,2816.0,2789.0,2806.5,164300.0,2806.5
2025-07-03,2802.5,2804.5,2788.0,2796.5,100100.0,2796.5
2025-07-04,2792.5,2818.5,2790.0,2814.0,150500.0,2814.0
2025-07-07,2814.0,2839.0,2810.0,2839.0,179600.0,2839.0
2025-07-08,2830.0,2837.5,2807.0,2821.5,148200.0,2821.5
2025-07-09,2817.5,2832.5,2814.0,2820.0,114300.0,2820.0
2025-07-10,2840.0,2841.5,2818.0,2827.5,247800.0,2827.5
2025-07-11,2830.0,2852.0,2819.0,2827.0,206800.0,2827.0
2025-07-14,2833.5,2849.0,2822.5,2841.5,163800.0,2841.5
2025-07-15,2855.0,2869.5,2841.5,2869.0,213000.0,2869.0
2025-07-16,2865.0,2904.5,2857.5,2889.0,244200.0,2889.0
2025-07-17,2889.0,2899.5,2879.5,2898.0,124800.0,2898.0
2025-07-18,2907.0,2920.0,2902.0,2909.0,201900.0,2909.0
2025-07-22,2909.0,2926.0,2875.5,2888.5,196600.0,2888.5
2025-07-23,2894.0,2903.5,2867.5,2897.5,244700.0,2897.5
2025-07-24,2908.0,2915.0,2893.5,2906.0,180100.0,2906.0
2025-07-25,2910.0,2940.0,2907.0,2940.0,148300.0,2940.0
2025-07-28,2926.0,2943.0,2921.0,2929.0,206900.0,2929.0
2025-07-29,2920.0,2930.0,2902.0,2907.0,143800.0,2907.0
2025-07-30,2910.0,2931.0,2904.5,2926.0,153500.0,2926.0
2025-07-31,2940.0,2957.0,2783.5,2795.5,665100.0,2795.5
2025-08-01,2835.0,2835.5,2792.5,2811.5,372300.0,2811.5
2025-08-04,2810.0,2822.0,2800.0,2814.0,227800.0,2814.0
2025-08-05,2814.0,2839.5,2813.0,2827.0,199000.0,2827.0
2025-08-06,2829.5,2845.0,2817.0,2832.0,212100.0,2832.0
2025-08-07,2832.0,2833.0,2808.5,2825.5,230000.0,2825.5
2025-08-08,2828.0,2854.5,2824.5,2842.5,213800.0,2842.5
2025-08-12,2843.5,2845.5,2820.5,2831.5,216700.0,2831.5
2025-08-13,2830.0,2831.5,2817.5,2829.5,223500.0,2829.5
2025-08-14,2831.0,2854.0,2829.5,2843.5,235100.0,2843.5
2025-08-15,2841.0,2849.5,2818.0,2830.0,204500.0,2830.0
2025-08-18,2826.0,2844.5,2807.5,2807.5,305800.0,2807.5
2025-08-19,2815.0,2827.5,2808.0,2827.5,208500.0,2827.5
2025-08-20,2833.5,2879.0,2833.5,2862.0,172200.0,2862.0
2025-08-21,2870.0,2879.0,2845.0,2845.5,148500.0,2845.5
2025-08-22,2857.0,2859.5,2842.0,2859.5,133900.0,2859.5
2025-08-25,2860.0,2862.0,2845.0,2858.5,143200.0,2858.5
2025-08-26,2858.5,2861.5,2846.0,2850.5,167100.0,2850.5
2025-08-27,2857.5,2860.0,2840.5,2853.5,179200.0,2853.5
2025-08-28,2861.0,2868.0,2849.0,2861.0,150700.0,2861.0
2025-08-29,2852.5,2856.0,2825.5,2832.0,225700.0,2832.0
2025-09-01,2840.0,2873.0,2835.0,2863.0,153700.0,2863.0
2025-09-02,2870.0,2876.0,2852.0,2864.0,106500.0,2864.0
2025-09-03,2870.0,2881.0,2869.0,2877.5,151700.0,2877.5
2025-09-04,2878.0,2900.0,2864.5,2900.0,175700.0,2900.0
2025-09-05,2900.0,2927.0,2900.0,2921.0,241000.0,2921.0
2025-09-08,2936.0,2959.0,2926.5,2949.5,263700.0,2949.5
2025-09-09,2960.0,2970.0,2940.0,2966.0,290800.0,2966.0
2025-09-10,2966.5,2967.0,2940.0,2956.0,163900.0,2956.0
2025-09-11,2950.5,2963.0,2937.5,2961.0,126000.0,2961.0
2025-09-12,2971.5,2974.0,2933.0,2933.0,173100.0,2933.0
2025-09-16,2931.0,2958.0,2918.0,2951.5,137500.0,2951.5
2025-09-17,2951.0,2974.5,2943.5,2971.5,205600.0,2971.5
2025-09-18,2985.0,2988.0,2963.5,2985.0,184200.0,2985.0
2025-09-19,2980.5,2988.5,2940.0,2941.0,269600.0,2941.0
2025-09-22,2924.5,2953.5,2921.0,2936.5,203700.0,2936.5
2025-09-24,2941.0,2956.0,2927.0,2935.0,176200.0,2935.0
2025-09-25,2950.0,2950.0,2926.0,2938.5,160100.0,2938.5
2025-09-26,2935.0,2962.5,2930.0,2961.0,240600.0,2961.0
2025-09-29,2949.0,2959.5,2914.0,2914.0,195800.0,2914.0
2025-09-30,2900.0,2906.0,2882.0,2900.5,174800.0,2900.5
2025-10-01,2892.5,2892.5,2853.0,2879.0,187500.0,2879.0
2025-10-02,2860.0,2868.0,2829.0,2849.0,168200.0,2849.0
2025-10-03,2854.5,2879.0,2850.0,2870.5,120700.0,2870.5
2025-10-06,2899.5,2904.0,2878.5,2898.0,210600.0,2898.0
2025-10-07,2906.0,2915.5,2896.5,2910.5,181600.0,2910.5
2025-10-08,2914.0,2936.0,2877.0,2878.5,175400.0,2878.5
2025-10-09,2877.0,2890.0,2872.0,2882.0,204400.0,2882.0
2025-10-10,2874.5,2890.5,2865.0,2883.0,161800.0,2883.0
2025-10-14,2877.0,2890.0,2858.0,2882.0,211900.0,2882.0
2025-10-15,2896.0,2906.5,2872.5,2876.0,151100.0,2876.0
2025-10-16,2868.5,2877.5,2830.0,2841.5,204500.0,2841.5
2025-10-17,2863.0,2911.0,2857.5,2906.0,230300.0,2906.0
2025-10-20,2917.5,2930.0,2910.5,2920.0,151100.0,2920.0
2025-10-21,2915.0,2929.0,2908.0,2911.5,113300.0,2911.5
2025-10-22,2906.0,2920.0,2902.5,2903.0,163800.0,2903.0
2025-10-23,2915.0,2934.0,2912.0,2930.5,133300.0,2930.5
2025-10-24,2922.5,2929.5,2884.0,2904.0,150600.0,2904.0
2025-10-27,2904.0,2916.0,2895.0,2911.5,123900.0,2911.5
2025-10-28,2916.0,2936.0,2900.5,2907.0,225500.0,2907.0
2025-10-29,2898.5,2910.0,2861.0,2865.0,215100.0,2865.0
2025-10-30,2865.0,2903.5,2862.5,2892.0,747000.0,2892.0
2025-10-31,2910.0,2910.0,2878.0,2887.0,251600.0,2887.0
2025-11-04,2889.0,2927.0,2883.0,2911.0,239400.0,2911.0
2025-11-05,2935.0,2948.5,2908.0,2919.5,256100.0,2919.5
2025-11-06,2911.0,2919.5,2756.0,2819.5,782700.0,2819.5
2025-11-07,2850.0,2918.0,2837.0,2911.0,381000.0,2911.0
2025-11-10,2920.0,2922.0,2873.5,2873.5,252700.0,2873.5
2025-11-11,2871.5,2901.5,2849.0,2887.0,264000.0,2887.0
2025-11-12,2900.0,2918.0,2876.0,2876.0,213400.0,2876.0
2025-11-13,2898.5,2904.0,2883.5,2904.0,121500.0,2904.0
