Date,Open,High,Low,Close,Volume,Adj Close
2005-03-22,1425.92,1494.63,1425.92,1472.99,37186,1472.99
2005-03-23,1473.92,1473.92,1439.1,1467.34,31874,1467.34
2005-03-24,1439.1,1446.64,1402.4,1421.22,42498,1421.22
2005-03-25,1403.33,1430.64,1402.4,1418.39,44624,1418.39
2005-03-28,1390.15,1408.98,1388.26,1392.98,21250,1392.98
2005-03-29,1374.15,1408.04,1374.15,1408.04,54187,1408.04
2005-03-30,1406.16,1406.16,1378.86,1397.68,24437,1397.68
2005-03-31,1383.56,1410.86,1379.79,1410.86,26560,1410.86
2005-04-01,1392.04,1411.8,1374.15,1410.86,27622,1410.86
2005-04-04,1407.11,1407.11,1383.56,1392.98,17000,1392.98
2005-04-05,1410.86,1456.03,1392.98,1433.45,48874,1433.45
2005-04-06,1435.32,1458.86,1435.32,1449.46,30812,1449.46
2005-04-07,1451.34,1477.68,1451.34,1465.45,38250,1465.45
2005-04-08,1465.45,1468.28,1436.29,1468.28,45686,1468.28
2005-04-11,1460.76,1486.16,1458.86,1467.34,23375,1467.34
2005-04-12,1468.28,1468.28,1441.93,1441.93,23375,1441.93
2005-04-13,1442.87,1442.87,1393.93,1429.69,40373,1429.69
2005-04-14,1424.98,1440.97,1411.8,1440.03,55249,1440.03
2005-04-15,1442.87,1472.99,1440.97,1458.86,100934,1458.86
2005-04-18,1458.86,1468.28,1422.15,1468.28,227369,1468.28
2005-04-19,1469.21,1504.99,1462.62,1504.99,78623,1504.99
2005-04-20,1505.92,1539.81,1505.92,1532.27,61624,1532.27
2005-04-21,1510.63,1510.63,1477.68,1488.99,82871,1488.99
2005-04-22,1524.74,1524.74,1496.5,1505.92,44624,1505.92
2005-04-25,1501.22,1507.8,1464.5,1501.22,44624,1501.22
2005-04-26,1501.22,1505.92,1477.68,1501.22,17000,1501.22
2005-04-27,1501.22,1501.22,1491.81,1501.22,14875,1501.22
2005-04-28,1487.11,1501.22,1481.46,1501.22,29750,1501.22
2005-05-02,1472.99,1497.45,1468.28,1497.45,11686,1497.45
2005-05-06,1488.99,1515.33,1488.04,1515.33,32937,1515.33
2005-05-09,1520.03,1546.39,1520.03,1546.39,84996,1546.39
2005-05-10,1551.12,1589.69,1546.39,1589.69,77561,1589.69
2005-05-11,1600.04,1607.58,1552.97,1607.58,96685,1607.58
2005-05-12,1618.86,1623.57,1600.04,1622.63,64811,1622.63
2005-05-13,1594.39,1610.39,1543.57,1570.87,100934,1570.87
2005-05-16,1562.39,1584.98,1524.74,1584.98,56310,1584.98
2005-05-17,1590.63,1590.63,1488.99,1511.57,73311,1511.57
2005-05-18,1515.33,1548.28,1487.11,1548.28,71186,1548.28
2005-05-19,1586.87,1586.87,1502.16,1581.23,48874,1581.23
2005-05-20,1524.74,1552.97,1522.86,1538.86,17000,1538.86
2005-05-23,1532.27,1533.21,1523.81,1524.74,21250,1524.74
2005-05-24,1496.5,1505.92,1487.11,1505.92,24437,1505.92
2005-05-25,1450.39,1477.68,1450.39,1477.68,28686,1477.68
2005-05-26,1449.46,1463.57,1416.52,1463.57,28686,1463.57
2005-05-27,1439.1,1443.8,1397.68,1411.8,36125,1411.8
2005-05-30,1411.8,1458.86,1411.8,1440.03,91373,1440.03
2005-05-31,1413.68,1448.5,1413.68,1444.76,10626,1444.76
2005-06-01,1444.76,1486.16,1437.23,1465.45,41118,1465.45
2005-06-02,1467.34,1496.5,1462.62,1470.16,19231,1470.16
2005-06-03,1469.21,1505.92,1430.64,1505.92,47917,1505.92
2005-06-06,1470.16,1478.63,1421.22,1447.56,47068,1447.56
2005-06-07,1448.5,1452.27,1424.05,1432.5,39843,1432.5
2005-06-08,1427.8,1432.5,1407.11,1429.69,39843,1429.69
2005-06-09,1401.45,1444.76,1401.45,1444.76,35591,1444.76
2005-06-10,1444.76,1505.92,1435.32,1480.52,82554,1480.52
2005-06-13,1480.52,1491.81,1449.46,1491.81,16681,1491.81
2005-06-14,1473.92,1490.87,1432.5,1472.99,17637,1472.99
2005-06-15,1472.99,1486.16,1472.04,1472.99,21250,1472.99
2005-06-16,1444.76,1477.68,1444.76,1468.28,20611,1468.28
2005-06-17,1487.11,1505.92,1463.57,1501.22,31130,1501.22
2005-06-20,1506.87,1552.97,1506.87,1534.17,58011,1534.17
2005-06-21,1534.17,1562.39,1532.27,1562.39,41863,1562.39
2005-06-22,1534.17,1554.86,1511.57,1550.15,22949,1550.15
2005-06-23,1549.22,1549.22,1524.74,1524.74,6588,1524.74
2005-06-24,1506.87,1552.04,1505.92,1549.22,18807,1549.22
2005-06-27,1548.28,1548.28,1524.74,1532.27,13174,1532.27
2005-06-28,1532.27,1532.27,1511.57,1530.41,10411,1530.41
2005-06-29,1518.16,1552.97,1518.16,1523.81,19762,1523.81
2005-06-30,1511.57,1552.04,1511.57,1548.28,18807,1548.28
2005-07-01,1547.34,1547.34,1515.33,1524.74,14025,1524.74
2005-07-04,1525.69,1537.92,1513.46,1532.27,11050,1532.27
2005-07-05,1532.27,1532.27,1440.97,1529.44,20399,1529.44
2005-07-06,1510.63,1530.41,1487.11,1490.87,23587,1490.87
2005-07-07,1505.92,1515.33,1465.45,1515.33,26986,1515.33
2005-07-08,1487.11,1524.74,1487.11,1497.45,33149,1497.45
2005-07-11,1510.63,1529.44,1498.4,1511.57,25925,1511.57
2005-07-12,1505.92,1524.74,1482.38,1524.74,28368,1524.74
2005-07-13,1524.74,1524.74,1496.5,1523.81,17956,1523.81
2005-07-14,1510.63,1524.74,1505.92,1505.92,19336,1505.92
2005-07-15,1508.74,1520.03,1501.22,1501.22,29111,1501.22
2005-07-19,1501.22,1515.33,1493.69,1496.5,13174,1496.5
2005-07-20,1499.32,1514.39,1490.87,1504.99,40055,1504.99
2005-07-21,1497.45,1520.03,1497.45,1501.22,41542,1501.22
2005-07-22,1515.33,1515.33,1486.16,1514.39,33575,1514.39
2005-07-25,1499.32,1520.03,1494.63,1501.22,62366,1501.22
2005-07-26,1519.1,1529.44,1505.92,1524.74,35169,1524.74
2005-07-27,1524.74,1534.17,1510.63,1520.98,49512,1520.98
2005-07-28,1529.44,1552.04,1526.62,1551.12,54717,1551.12
2005-07-29,1552.04,1570.87,1535.11,1567.09,88930,1567.09
2005-08-01,1562.39,1576.51,1548.28,1567.09,33467,1567.09
2005-08-02,1568.03,1576.51,1505.92,1567.09,49086,1567.09
2005-08-03,1538.86,1571.82,1538.86,1554.86,35381,1554.86
2005-08-04,1557.69,1637.69,1557.69,1631.09,161072,1631.09
2005-08-05,1602.87,1636.76,1581.23,1634.86,93071,1634.86
2005-08-08,1606.64,1647.1,1575.56,1647.1,52380,1647.1
2005-08-09,1648.04,1707.35,1648.04,1701.69,140458,1701.69
2005-08-10,1703.57,1714.87,1687.56,1698.86,70654,1698.86
2005-08-11,1691.33,1694.16,1666.87,1691.33,40480,1691.33
2005-08-12,1691.33,1691.33,1658.4,1670.64,35381,1670.64
2005-08-15,1670.64,1675.34,1620.75,1627.33,62899,1627.33
2005-08-16,1655.58,1665.93,1627.33,1661.21,43350,1661.21
2005-08-17,1662.17,1694.16,1652.74,1666.87,51743,1666.87
2005-08-18,1678.16,1708.28,1670.64,1707.35,90523,1707.35
2005-08-19,1697.93,1712.99,1661.21,1680.05,92541,1680.05
2005-08-22,1692.28,1712.99,1691.33,1712.99,75753,1712.99
2005-08-23,1717.69,1742.17,1712.04,1727.11,69273,1727.11
2005-08-24,1723.34,1755.34,1717.69,1735.57,108373,1735.57
2005-08-25,1730.88,1741.22,1704.51,1731.81,59605,1731.81
2005-08-26,1844.75,1845.7,1696.04,1725.22,291755,1725.22
2005-08-29,1712.99,1712.99,1651.81,1687.56,79792,1687.56
2005-08-30,1684.75,1701.69,1645.23,1689.46,66405,1689.46
2005-08-31,1684.75,1707.35,1661.21,1698.86,31343,1698.86
2005-09-01,1704.51,1707.35,1679.11,1697.93,27837,1697.93
2005-09-02,1698.86,1721.46,1680.99,1701.69,85848,1701.69
2005-09-05,1714.87,1714.87,1675.34,1675.34,25180,1675.34
2005-09-06,1680.05,1692.28,1647.1,1680.05,49723,1680.05
2005-09-07,1680.05,1680.05,1633.92,1651.81,38461,1651.81
2005-09-08,1651.81,1664.98,1619.81,1641.45,30492,1641.45
2005-09-09,1642.4,1642.4,1609.46,1628.29,113684,1628.29
2005-09-12,1665.93,1665.93,1621.7,1654.63,59498,1654.63
2005-09-13,1652.74,1652.74,1633.92,1644.28,24437,1644.28
2005-09-14,1629.22,1637.69,1603.81,1631.09,113048,1631.09
2005-09-15,1633.92,1661.21,1633.0,1652.74,54717,1652.74
2005-09-16,1652.74,1652.74,1614.16,1623.57,48768,1623.57
2005-09-20,1622.63,1634.86,1605.68,1630.17,105079,1630.17
2005-09-21,1635.81,1664.04,1627.33,1652.74,68636,1652.74
2005-09-22,1652.74,1669.7,1636.76,1659.34,79578,1659.34
2005-09-26,1675.34,1703.57,1662.17,1702.63,101678,1702.63
2005-09-27,1708.28,1760.05,1701.69,1759.1,181789,1759.1
2005-09-28,1754.4,1788.28,1731.81,1778.88,99554,1778.88
2005-09-29,1778.88,1788.28,1727.11,1741.22,70124,1741.22
2005-09-30,1755.34,1778.88,1719.58,1747.81,73842,1747.81
2005-10-03,1756.29,1759.1,1694.16,1759.1,95730,1759.1
2005-10-04,1759.1,1766.65,1737.46,1758.16,66086,1758.16
2005-10-05,1769.46,1782.64,1745.93,1774.18,84573,1774.18
2005-10-06,1774.18,1785.46,1736.54,1763.81,79155,1763.81
2005-10-07,1769.46,1785.46,1726.17,1770.4,101253,1770.4
2005-10-11,1777.93,1807.12,1760.05,1802.39,146939,1802.39
2005-10-12,1807.12,1863.58,1803.35,1850.41,125903,1850.41
2005-10-13,1868.29,1934.17,1853.23,1929.46,250425,1929.46
2005-10-14,1929.46,2014.17,1896.52,1985.93,154483,1985.93
2005-10-17,2023.58,2042.41,1985.93,2000.06,126646,2000.06
2005-10-18,2000.06,2042.41,1938.89,2032.99,135253,2032.99
2005-10-19,2032.99,2061.24,1938.89,2018.88,154377,2018.88
2005-10-20,2018.88,2042.41,1985.93,2009.46,84041,2009.46
2005-10-21,1971.81,2032.99,1929.46,1995.35,86273,1995.35
2005-10-24,1990.65,2037.7,1957.7,1962.43,63854,1962.43
2005-10-25,1957.7,2000.06,1953.0,1976.53,73949,1976.53
2005-10-26,2004.76,2047.11,1990.65,2028.28,82024,2028.28
2005-10-27,2047.11,2098.88,2018.88,2089.48,161176,2089.48
2005-10-28,2056.52,2089.48,2000.06,2037.7,120802,2037.7
2005-10-31,2009.46,2089.48,2004.76,2056.52,129515,2056.52
2005-11-01,2112.99,2197.7,2084.77,2112.99,154696,2112.99
2005-11-02,2150.64,2258.89,2131.83,2235.36,241819,2235.36
2005-11-04,2230.66,2254.18,2174.18,2240.06,257012,2240.06
2005-11-07,2183.59,2211.81,2084.77,2207.11,190927,2207.11
2005-11-08,2193.0,2207.11,2098.88,2136.53,194539,2136.53
2005-11-09,2160.06,2183.59,2084.77,2117.72,97960,2117.72
2005-11-10,2112.99,2155.35,2084.77,2108.29,93180,2108.29
2005-11-11,2084.77,2131.83,2009.46,2032.99,106034,2032.99
2005-11-14,1995.35,2047.11,1957.7,1985.93,146408,1985.93
2005-11-15,1985.93,2018.88,1962.43,1981.23,70867,1981.23
2005-11-16,1953.0,2061.24,1920.06,2051.82,105396,2051.82
2005-11-17,2065.94,2108.29,2051.82,2080.06,191563,2080.06
2005-11-18,2089.48,2112.99,1995.35,2075.35,125903,2075.35
2005-11-21,2051.82,2075.35,1967.11,1981.23,155014,1981.23
2005-11-22,2028.28,2028.28,1962.43,2004.76,98702,2004.76
2005-11-24,2023.58,2032.99,1981.23,2018.88,148321,2018.88
2005-11-25,2004.76,2018.88,1957.7,2004.76,134189,2004.76
2005-11-28,1976.53,2070.64,1976.53,2056.52,110922,2056.52
2005-11-29,2070.64,2094.18,2042.41,2075.35,72354,2075.35
2005-11-30,2084.77,2188.29,2084.77,2164.77,162877,2164.77
2005-12-01,2164.77,2211.81,2160.06,2211.81,109646,2211.81
2005-12-02,2221.24,2221.24,2117.72,2178.89,154270,2178.89
2005-12-05,2207.11,2334.18,2183.59,2291.82,138013,2291.82
2005-12-06,2268.3,2352.99,2254.18,2315.36,177007,2315.36
2005-12-07,2305.95,2404.78,2301.24,2404.78,154165,2404.78
2005-12-08,2381.24,2381.24,2277.71,2338.88,285380,2338.88
2005-12-09,2343.6,2390.64,2305.95,2352.99,131958,2352.99
2005-12-12,2357.72,2395.36,2343.6,2381.24,96366,2381.24
2005-12-13,2400.07,2616.53,2390.64,2550.66,199106,2550.66
2005-12-14,2536.53,2607.13,2531.82,2531.82,222694,2531.82
2005-12-15,2531.82,2569.48,2484.77,2513.01,238737,2513.01
2005-12-16,2503.6,2550.66,2447.13,2531.82,117721,2531.82
2005-12-19,2531.82,2560.08,2494.18,2527.13,107098,2527.13
2005-12-20,2522.42,2522.42,2484.77,2489.48,69910,2489.48
2005-12-21,2503.6,2536.53,2442.42,2498.9,269335,2498.9
2005-12-22,2475.36,2494.18,2390.64,2418.89,278792,2418.89
2005-12-26,2456.54,2461.24,2395.36,2442.42,154909,2442.42
2005-12-27,2433.01,2574.19,2433.01,2527.13,88823,2527.13
2005-12-28,2517.71,2564.78,2508.3,2560.08,101359,2560.08
2005-12-29,2597.73,2611.85,2555.36,2607.13,34954,2607.13
2005-12-30,2616.53,2616.53,2503.6,2583.6,35169,2583.6
2006-01-04,2588.32,2625.95,2560.08,2602.42,29536,2602.42
2006-01-05,2602.42,2630.67,2569.48,2597.73,80961,2597.73
2006-01-06,2588.32,2607.13,2428.31,2588.32,111028,2588.32
2006-01-10,2550.66,2663.59,2550.66,2578.88,141416,2578.88
2006-01-11,2494.18,2569.48,2494.18,2541.25,91477,2541.25
2006-01-12,2578.88,2663.59,2569.48,2616.53,228218,2616.53
2006-01-13,2616.53,2635.37,2508.3,2531.82,143327,2531.82
2006-01-16,2541.25,2583.6,2498.9,2508.3,84254,2508.3
2006-01-17,2508.3,2541.25,2447.13,2503.6,107309,2503.6
2006-01-18,2433.01,2465.95,2183.59,2376.53,147684,2376.53
2006-01-19,2334.18,2447.13,2268.3,2343.6,112090,2343.6
2006-01-20,2381.24,2395.36,2136.53,2188.29,174670,2188.29
2006-01-23,2188.29,2291.82,2023.58,2160.06,181576,2160.06
2006-01-24,2131.83,2240.06,2127.12,2164.77,112408,2164.77
2006-01-25,2193.0,2230.66,2150.64,2216.53,86804,2216.53
2006-01-26,2254.18,2258.89,2202.41,2240.06,45900,2240.06
2006-01-27,2244.78,2324.77,2240.06,2320.07,84679,2320.07
2006-01-30,2357.72,2376.53,2324.77,2371.83,83935,2371.83
2006-01-31,2371.83,2381.24,2320.07,2352.99,52166,2352.99
2006-02-01,2352.99,2362.42,2296.53,2296.53,46110,2296.53
2006-02-02,2352.99,2352.99,2244.78,2282.42,72780,2282.42
2006-02-03,2320.07,2320.07,2211.81,2296.53,74797,2296.53
2006-02-06,2305.95,2305.95,2254.18,2301.24,37294,2301.24
2006-02-07,2296.53,2324.77,2258.89,2258.89,53549,2258.89
2006-02-08,2258.89,2296.53,2169.46,2258.89,50998,2258.89
2006-02-09,2249.47,2277.71,2221.24,2258.89,43775,2258.89
2006-02-10,2244.78,2244.78,2032.99,2075.35,95411,2075.35
2006-02-13,2080.06,2112.99,2032.99,2080.06,74055,2080.06
2006-02-14,2080.06,2188.29,1901.24,2188.29,83085,2188.29
2006-02-15,2193.0,2211.81,2089.48,2141.25,98279,2141.25
2006-02-16,2065.94,2117.72,2009.46,2117.72,76709,2117.72
2006-02-17,2155.35,2178.89,2047.11,2080.06,149596,2080.06
2006-02-20,2047.11,2117.72,1976.53,2023.58,52486,2023.58
2006-02-21,1976.53,2117.72,1943.57,2117.72,258287,2117.72
2006-02-22,2089.48,2117.72,1995.35,2047.11,49723,2047.11
2006-02-23,2009.46,2065.94,2000.06,2032.99,38993,2032.99
2006-02-24,2037.7,2065.94,2004.76,2047.11,35169,2047.11
2006-02-27,2075.35,2080.06,1891.82,2056.52,203994,2056.52
2006-02-28,2042.41,2042.41,1910.64,1957.7,236932,1957.7
2006-03-01,1943.57,1962.43,1882.39,1943.57,97004,1943.57
2006-03-02,1929.46,1962.43,1891.82,1957.7,69485,1957.7
2006-03-03,1920.06,1929.46,1838.16,1840.05,101253,1840.05
2006-03-06,1856.05,1872.99,1791.11,1816.52,104335,1816.52
2006-03-07,1816.52,1854.17,1812.76,1838.16,108584,1838.16
2006-03-08,1809.93,1857.93,1789.22,1821.23,99235,1821.23
2006-03-09,1844.75,1880.52,1811.82,1878.64,80854,1878.64
2006-03-10,1846.64,1872.99,1811.82,1866.4,130471,1866.4
2006-03-13,1924.76,1967.11,1868.29,1967.11,134827,1967.11
2006-03-14,2004.76,2014.17,1967.11,1976.53,133233,1976.53
2006-03-15,2000.06,2004.76,1934.17,1995.35,92965,1995.35
2006-03-16,1995.35,1995.35,1915.36,1943.57,75117,1943.57
2006-03-17,1938.89,2000.06,1905.94,1995.35,85848,1995.35
2006-03-20,1995.35,2037.7,1967.11,2018.88,89355,2018.88
2006-03-22,2004.76,2117.72,1971.81,2103.6,155546,2103.6
2006-03-23,2075.35,2127.12,2047.11,2084.77,101786,2084.77
2006-03-24,2023.58,2112.99,2023.58,2103.6,81704,2103.6
2006-03-27,2108.29,2145.94,2047.11,2080.06,35381,2080.06
2006-03-28,2084.77,2202.41,2075.35,2136.53,60348,2136.53
2006-03-29,2160.06,2207.11,2122.41,2193.0,48979,2193.0
2006-03-30,2207.11,2216.53,2136.53,2141.25,56843,2141.25
2006-03-31,2169.46,2174.18,2103.6,2117.72,52486,2117.72
2006-04-03,2108.29,2164.77,2094.18,2141.25,125374,2141.25
2006-04-04,2127.12,2141.25,2051.82,2127.12,110178,2127.12
2006-04-05,2089.48,2112.99,2004.76,2004.76,105716,2004.76
2006-04-06,2037.7,2042.41,1976.53,2004.76,119954,2004.76
2006-04-07,1995.35,1995.35,1901.24,1915.36,282936,1915.36
2006-04-10,1943.57,1976.53,1938.89,1976.53,328515,1976.53
2006-04-11,1967.11,1971.81,1910.64,1953.0,158307,1953.0
2006-04-12,1962.43,1971.81,1934.17,1934.17,114534,1934.17
2006-04-13,1957.7,1967.11,1934.17,1957.7,69062,1957.7
2006-04-14,1971.81,1985.93,1938.89,1985.93,117084,1985.93
2006-04-17,2009.46,2023.58,1967.11,1985.93,165426,1985.93
2006-04-18,1990.65,2028.28,1953.0,2028.28,112834,2028.28
2006-04-19,2051.82,2065.94,2032.99,2042.41,132278,2042.41
2006-04-20,2070.64,2070.64,2051.82,2056.52,173394,2056.52
2006-04-21,2075.35,2117.72,2051.82,2117.72,218763,2117.72
2006-04-24,2112.99,2112.99,1976.53,2018.88,138013,2018.88
2006-04-25,2042.41,2075.35,1990.65,2075.35,116979,2075.35
2006-04-26,2112.99,2122.41,2056.52,2117.72,121440,2117.72
2006-04-27,2127.12,2178.89,2103.6,2160.06,146513,2160.06
2006-04-28,2160.06,2164.77,2098.88,2164.77,102315,2164.77
2006-05-01,2160.06,2164.77,2061.24,2103.6,102635,2103.6
2006-05-02,2089.48,2131.83,2047.11,2117.72,176052,2117.72
2006-05-08,2155.35,2155.35,2117.72,2150.64,97747,2150.64
2006-05-09,2150.64,2193.0,2127.12,2174.18,131640,2174.18
2006-05-10,2193.0,2240.06,2169.46,2202.41,174989,2202.41
2006-05-11,2240.06,2244.78,2141.25,2150.64,70973,2150.64
2006-05-12,2164.77,2254.18,2136.53,2240.06,116341,2240.06
2006-05-15,2221.24,2230.66,2145.94,2197.7,75328,2197.7
2006-05-16,2211.81,2230.66,2032.99,2127.12,74266,2127.12
2006-05-17,2155.35,2155.35,2047.11,2112.99,143115,2112.99
2006-05-18,2075.35,2145.94,2032.99,2070.64,77348,2070.64
2006-05-19,2047.11,2089.48,2014.17,2089.48,123779,2089.48
2006-05-22,2103.6,2131.83,1981.23,2042.41,71610,2042.41
2006-05-23,1976.53,2018.88,1910.64,1943.57,67043,1943.57
2006-05-24,1957.7,1995.35,1896.52,1924.76,102847,1924.76
2006-05-25,1938.89,1938.89,1891.82,1929.46,59815,1929.46
2006-05-26,1957.7,1967.11,1910.64,1938.89,36762,1938.89
2006-05-29,1957.7,1957.7,1882.39,1924.76,54293,1924.76
2006-05-30,1905.94,1915.36,1830.64,1865.47,69698,1865.47
2006-05-31,1752.51,1837.22,1752.51,1814.62,211537,1814.62
2006-06-01,1863.58,1910.64,1722.4,1830.64,104441,1830.64
2006-06-02,1830.64,1851.34,1755.34,1817.46,117827,1817.46
2006-06-05,1843.8,1843.8,1752.51,1783.58,86379,1783.58
2006-06-06,1727.11,1769.46,1629.22,1712.99,165001,1712.99
2006-06-07,1684.75,1741.22,1659.34,1736.54,75753,1736.54
2006-06-08,1651.81,1678.16,1583.1,1618.86,92117,1618.86
2006-06-09,1621.7,1703.57,1583.1,1607.58,178920,1607.58
2006-06-12,1608.52,1712.99,1592.51,1682.87,132596,1682.87
2006-06-13,1618.86,1645.23,1529.44,1562.39,149490,1562.39
2006-06-14,1534.17,1621.7,1526.62,1536.98,222906,1536.98
2006-06-15,1565.24,1608.52,1505.92,1608.52,124098,1608.52
2006-06-16,1693.24,1814.62,1600.04,1788.28,265194,1788.28
2006-06-19,1788.28,1822.16,1720.52,1815.58,84573,1815.58
2006-06-20,1809.93,1809.93,1750.65,1768.51,52272,1768.51
2006-06-21,1789.22,1807.12,1741.22,1807.12,42604,1807.12
2006-06-22,1863.58,1863.58,1792.99,1815.58,49936,1815.58
2006-06-23,1802.39,1807.12,1760.05,1804.3,55354,1804.3
2006-06-26,1776.99,1814.62,1760.05,1802.39,41329,1802.39
2006-06-27,1802.39,1815.58,1765.69,1799.58,48448,1799.58
2006-06-28,1795.81,1806.17,1704.51,1776.99,82871,1776.99
2006-06-29,1752.51,1787.34,1702.63,1768.51,80748,1768.51
2006-06-30,1769.46,1785.46,1727.11,1743.12,64174,1743.12
2006-07-03,1749.7,1750.65,1707.35,1723.34,84679,1723.34
2006-07-04,1715.81,1733.69,1688.51,1712.99,99554,1712.99
2006-07-05,1726.17,1760.99,1709.23,1739.34,59498,1739.34
2006-07-06,1722.4,1750.65,1684.75,1693.24,106141,1693.24
2006-07-07,1706.42,1727.11,1647.1,1694.16,238418,1694.16
2006-07-10,1694.16,1722.4,1649.92,1687.56,136103,1687.56
2006-07-11,1704.51,1704.51,1633.0,1644.28,50256,1644.28
2006-07-12,1647.1,1656.52,1537.92,1557.69,94560,1557.69
2006-07-13,1542.64,1571.82,1511.57,1530.41,113471,1530.41
2006-07-14,1475.8,1520.98,1449.46,1468.28,93711,1468.28
2006-07-18,1478.63,1489.92,1392.98,1424.98,118997,1424.98
2006-07-19,1396.74,1458.86,1328.03,1374.15,102422,1374.15
2006-07-20,1386.4,1453.22,1383.56,1445.69,60772,1445.69
2006-07-21,1455.09,1466.4,1415.57,1425.92,41542,1425.92
2006-07-24,1394.86,1402.4,1345.92,1379.79,54398,1379.79
2006-07-25,1398.62,1421.22,1379.79,1385.45,22420,1385.45
2006-07-26,1401.45,1411.8,1378.86,1392.04,35169,1392.04
2006-07-27,1405.21,1405.21,1374.15,1402.4,40055,1402.4
2006-07-28,1407.11,1453.22,1388.26,1430.64,73523,1430.64
2006-07-31,1486.16,1524.74,1458.86,1505.92,177432,1505.92
2006-08-01,1477.68,1505.92,1475.8,1481.46,30598,1481.46
2006-08-02,1460.76,1475.8,1459.81,1472.04,8075,1472.04
2006-08-03,1464.5,1487.11,1454.17,1456.03,21038,1456.03
2006-08-04,1473.92,1473.92,1440.97,1451.34,22844,1451.34
2006-08-07,1494.63,1494.63,1421.22,1422.15,62156,1422.15
2006-08-08,1456.03,1504.04,1427.8,1492.74,87443,1492.74
2006-08-09,1464.5,1468.28,1431.57,1458.86,61730,1458.86
2006-08-10,1477.68,1490.87,1472.04,1480.52,36336,1480.52
2006-08-11,1504.04,1519.1,1485.21,1519.1,71610,1519.1
2006-08-14,1501.22,1524.74,1496.5,1515.33,34105,1515.33
2006-08-15,1520.98,1557.69,1493.69,1534.17,51956,1534.17
2006-08-16,1552.97,1562.39,1544.51,1556.75,47174,1556.75
2006-08-17,1584.98,1598.17,1577.46,1582.15,65872,1582.15
2006-08-18,1590.63,1630.17,1590.63,1604.75,54612,1604.75
2006-08-21,1608.52,1613.21,1584.98,1592.51,52911,1592.51
2006-08-22,1595.35,1601.94,1592.51,1597.21,52272,1597.21
2006-08-23,1600.04,1617.91,1600.04,1610.39,47068,1610.39
2006-08-24,1617.91,1664.04,1611.34,1664.04,128771,1664.04
2006-08-25,1676.29,1792.99,1676.29,1762.87,272842,1762.87
2006-08-28,1762.87,1804.3,1745.93,1769.46,114215,1769.46
2006-08-29,1797.71,1797.71,1741.22,1776.04,99023,1776.04
2006-08-30,1788.28,1788.28,1724.28,1744.05,36762,1744.05
2006-08-31,1744.05,1769.46,1744.05,1753.46,30068,1753.46
2006-09-01,1764.76,1764.76,1732.75,1743.12,21356,1743.12
2006-09-04,1731.81,1748.76,1722.4,1742.17,33467,1742.17
2006-09-05,1769.46,1769.46,1741.22,1747.81,16149,1747.81
2006-09-06,1732.75,1757.23,1728.05,1728.05,11475,1728.05
2006-09-07,1699.82,1707.35,1673.44,1694.16,26031,1694.16
2006-09-08,1675.34,1706.42,1664.04,1675.34,75012,1675.34
2006-09-11,1618.86,1639.58,1611.34,1612.28,71080,1612.28
2006-09-12,1612.28,1615.11,1576.51,1582.15,30173,1582.15
2006-09-13,1610.39,1610.39,1520.03,1548.28,41649,1548.28
2006-09-14,1547.34,1601.94,1538.86,1587.81,13813,1587.81
2006-09-15,1600.04,1602.87,1587.81,1587.81,15406,1587.81
2006-09-19,1600.98,1626.39,1600.98,1611.34,16681,1611.34
2006-09-20,1683.82,1683.82,1591.57,1601.94,28475,1601.94
2006-09-21,1623.57,1631.09,1589.69,1600.98,18274,1600.98
2006-09-22,1601.94,1601.94,1544.51,1545.45,47385,1545.45
2006-09-25,1549.22,1567.09,1480.52,1552.04,34530,1552.04
2006-09-26,1517.23,1552.04,1510.63,1530.41,18593,1530.41
2006-09-27,1551.12,1627.33,1545.45,1622.63,46854,1622.63
2006-09-28,1628.29,1669.7,1622.63,1664.04,46110,1664.04
2006-09-29,1671.58,1683.82,1648.04,1648.04,44518,1648.04
2006-10-02,1649.92,1709.23,1647.1,1691.33,42923,1691.33
2006-10-03,1712.99,1712.99,1665.93,1678.16,21356,1678.16
2006-10-04,1694.16,1694.16,1642.4,1663.12,23161,1663.12
2006-10-05,1694.16,1701.69,1663.12,1694.16,37400,1694.16
2006-10-06,1694.16,1700.77,1675.34,1694.16,29325,1694.16
2006-10-10,1690.4,1690.4,1677.23,1686.63,22630,1686.63
2006-10-11,1702.63,1721.46,1677.23,1697.93,36975,1697.93
2006-10-12,1697.93,1703.57,1687.56,1690.4,32723,1690.4
2006-10-13,1697.93,1697.93,1672.52,1696.99,47385,1696.99
2006-10-16,1698.86,1712.04,1688.51,1712.04,87972,1712.04
2006-10-17,1683.82,1685.71,1655.58,1673.44,18807,1673.44
2006-10-18,1626.39,1670.64,1588.75,1638.64,50681,1638.64
2006-10-19,1665.93,1668.76,1637.69,1660.28,43561,1660.28
2006-10-20,1645.23,1658.4,1625.46,1654.63,18274,1654.63
2006-10-23,1653.7,1697.93,1653.7,1686.63,25180,1686.63
2006-10-24,1703.57,1739.34,1695.1,1728.98,25180,1728.98
2006-10-25,1744.05,1744.05,1719.58,1735.57,29536,1735.57
2006-10-26,1735.57,1739.34,1713.94,1738.39,13706,1738.39
2006-10-27,1736.54,1736.54,1678.16,1678.16,31980,1678.16
2006-10-30,1661.21,1689.46,1601.94,1605.68,45581,1605.68
2006-10-31,1633.92,1635.81,1609.46,1614.16,26775,1614.16
2006-11-01,1609.46,1631.09,1598.17,1622.63,19124,1622.63
2006-11-02,1650.88,1650.88,1611.34,1642.4,43243,1642.4
2006-11-06,1656.52,1708.28,1652.74,1694.16,34530,1694.16
2006-11-07,1708.28,1708.28,1684.75,1695.1,30068,1695.1
2006-11-08,1694.16,1706.42,1689.46,1691.33,52911,1691.33
2006-11-09,1694.16,1712.99,1689.46,1696.99,34850,1696.99
2006-11-10,1668.76,1694.16,1630.17,1664.04,71716,1664.04
2006-11-13,1692.28,1722.4,1624.51,1627.33,39737,1627.33
2006-11-14,1656.52,1689.46,1616.06,1653.7,37824,1653.7
2006-11-15,1656.52,1680.05,1611.34,1614.16,52063,1614.16
2006-11-16,1611.34,1627.33,1601.94,1621.7,40693,1621.7
2006-11-17,1606.64,1625.46,1573.69,1600.04,45900,1600.04
2006-11-20,1571.82,1599.1,1519.1,1543.57,46536,1543.57
2006-11-21,1543.57,1590.63,1543.57,1550.15,29325,1550.15
2006-11-22,1571.82,1588.75,1468.28,1563.33,52380,1563.33
2006-11-24,1590.63,1590.63,1560.51,1567.09,14981,1567.09
2006-11-27,1572.76,1636.76,1572.76,1631.09,29431,1631.09
2006-11-28,1631.09,1637.69,1605.68,1634.86,27518,1634.86
2006-11-29,1626.39,1651.81,1607.58,1651.81,16149,1651.81
2006-11-30,1665.93,1684.75,1652.74,1683.82,29536,1683.82
2006-12-01,1683.82,1712.99,1671.58,1702.63,41436,1702.63
2006-12-04,1679.11,1701.69,1656.52,1701.69,12644,1701.69
2006-12-05,1703.57,1703.57,1669.7,1696.99,21463,1696.99
2006-12-06,1712.99,1750.65,1708.28,1732.75,61517,1732.75
2006-12-07,1710.16,1739.34,1710.16,1722.4,20399,1722.4
2006-12-08,1696.04,1725.22,1696.04,1714.87,54929,1714.87
2006-12-11,1714.87,1719.58,1696.04,1713.94,11262,1713.94
2006-12-12,1715.81,1731.81,1656.52,1731.81,25712,1731.81
2006-12-13,1731.81,1732.75,1698.86,1712.99,32405,1712.99
2006-12-14,1711.1,1722.4,1688.51,1696.04,23906,1696.04
2006-12-15,1701.69,1756.29,1701.69,1737.46,40906,1737.46
2006-12-18,1739.34,1750.65,1737.46,1749.7,11582,1749.7
2006-12-19,1788.28,1788.28,1737.46,1738.39,21038,1738.39
2006-12-20,1769.46,1786.4,1760.05,1778.88,13599,1778.88
2006-12-21,1788.28,1788.28,1742.17,1743.12,16892,1743.12
2006-12-22,1743.12,1773.22,1732.75,1770.4,14981,1770.4
2006-12-25,1742.17,1779.81,1715.81,1779.81,27306,1779.81
2006-12-26,1773.22,1795.81,1742.17,1795.81,34850,1795.81
2006-12-27,1795.81,1795.81,1752.51,1761.92,22420,1761.92
2006-12-28,1778.88,1796.75,1770.4,1788.28,18807,1788.28
2006-12-29,1788.28,1797.71,1783.58,1792.99,19124,1792.99
2007-01-04,1806.17,1807.12,1794.88,1807.12,19231,1807.12
2007-01-05,1797.71,1797.71,1729.94,1741.22,30812,1741.22
2007-01-09,1771.35,1807.12,1743.12,1776.99,47385,1776.99
2007-01-10,1797.71,1812.76,1729.94,1731.81,45155,1731.81
2007-01-11,1732.75,1760.99,1703.57,1722.4,29217,1722.4
2007-01-12,1722.4,1782.64,1722.4,1772.27,33256,1772.27
2007-01-15,1783.58,1823.1,1783.58,1815.58,24224,1815.58
2007-01-16,1821.23,1829.7,1815.58,1829.7,6588,1829.7
2007-01-17,1834.42,1834.42,1775.11,1834.42,14343,1834.42
2007-01-18,1816.52,1828.75,1779.81,1809.93,21356,1809.93
2007-01-19,1814.62,1831.58,1807.12,1807.12,12855,1807.12
2007-01-22,1821.23,1830.64,1809.93,1811.82,10411,1811.82
2007-01-23,1811.82,1835.35,1801.46,1812.76,19336,1812.76
2007-01-24,1835.35,1835.35,1797.71,1812.76,29750,1812.76
2007-01-25,1801.46,1810.88,1741.22,1741.22,17532,1741.22
2007-01-26,1746.86,1793.92,1736.54,1788.28,18062,1788.28
2007-01-29,1788.28,1816.52,1760.05,1808.04,19869,1808.04
2007-01-30,1788.28,1831.58,1788.28,1824.05,25180,1824.05
2007-01-31,1834.42,1834.42,1798.64,1798.64,14450,1798.64
2007-02-01,1799.58,1830.64,1799.58,1830.64,19655,1830.64
2007-02-02,1835.35,1882.39,1835.35,1872.06,68423,1872.06
2007-02-05,1929.46,1929.46,1855.12,1865.47,27731,1865.47
2007-02-06,1865.47,1880.52,1855.12,1872.99,16149,1872.99
2007-02-07,1872.99,1882.39,1850.41,1850.41,7438,1850.41
2007-02-08,1863.58,1882.39,1863.58,1865.47,33998,1865.47
2007-02-09,1861.7,1891.82,1861.7,1873.93,36442,1873.93
2007-02-13,1861.7,1901.24,1861.7,1862.65,13918,1862.65
2007-02-14,1856.05,1880.52,1855.12,1855.12,9881,1855.12
2007-02-15,1858.87,1896.52,1858.87,1896.52,15406,1896.52
2007-02-16,1901.24,1905.94,1887.1,1896.52,17318,1896.52
2007-02-19,1905.94,1910.64,1863.58,1891.82,20505,1891.82
2007-02-20,1891.82,1905.94,1882.39,1896.52,29217,1896.52
2007-02-21,1863.58,1910.64,1825.93,1880.52,53442,1880.52
2007-02-22,1901.24,1990.65,1891.82,1976.53,58118,1976.53
2007-02-23,1976.53,2098.88,1915.36,2042.41,28899,2042.41
2007-02-26,2014.17,2117.72,2014.17,2023.58,50256,2023.58
2007-02-27,2108.29,2108.29,1910.64,2018.88,81917,2018.88
2007-02-28,1868.29,1971.81,1817.46,1953.0,61517,1953.0
2007-03-01,1957.7,1957.7,1905.94,1929.46,21143,1929.46
2007-03-02,1924.76,1962.43,1896.52,1901.24,24437,1901.24
2007-03-05,1873.93,1905.94,1863.58,1872.99,37294,1872.99
2007-03-06,1882.39,1924.76,1882.39,1920.06,27092,1920.06
2007-03-07,1929.46,1943.57,1896.52,1901.24,20930,1901.24
2007-03-08,1924.76,1948.29,1920.06,1943.57,15724,1943.57
2007-03-09,1905.94,1995.35,1905.94,1938.89,63961,1938.89
2007-03-12,2042.41,2061.24,1971.81,2023.58,31130,2023.58
2007-03-13,2061.24,2061.24,1985.93,1995.35,39631,1995.35
2007-03-14,2009.46,2009.46,1905.94,1924.76,39631,1924.76
2007-03-15,1943.57,1967.11,1924.76,1948.29,29325,1948.29
2007-03-16,1929.46,1934.17,1882.39,1901.24,19869,1901.24
2007-03-19,1929.46,1948.29,1882.39,1882.39,34105,1882.39
2007-03-20,1929.46,1953.0,1910.64,1910.64,55778,1910.64
2007-03-22,1967.11,1985.93,1938.89,1953.0,17637,1953.0
2007-03-23,1953.0,1953.0,1896.52,1934.17,27201,1934.17
2007-03-26,1971.81,1971.81,1896.52,1924.76,53018,1924.76
2007-03-27,1948.29,1948.29,1896.52,1920.06,17212,1920.06
2007-03-28,1967.11,1976.53,1910.64,1924.76,17956,1924.76
2007-03-29,1910.64,1938.89,1882.39,1910.64,14025,1910.64
2007-03-30,1929.46,1943.57,1896.52,1905.94,11582,1905.94
2007-04-02,1896.52,1929.46,1887.1,1905.94,47174,1905.94
2007-04-03,1905.94,1943.57,1891.82,1929.46,34105,1929.46
2007-04-04,1967.11,1995.35,1957.7,1990.65,26349,1990.65
2007-04-05,1938.89,1985.93,1934.17,1962.43,15088,1962.43
2007-04-06,1990.65,1990.65,1948.29,1948.29,5949,1948.29
2007-04-09,2023.58,2023.58,1971.81,1990.65,39947,1990.65
2007-04-10,1990.65,2004.76,1976.53,1981.23,8712,1981.23
2007-04-11,1957.7,1990.65,1953.0,1953.0,7332,1953.0
2007-04-12,1953.0,1995.35,1948.29,1976.53,12855,1976.53
2007-04-13,1971.81,1995.35,1953.0,1962.43,16892,1962.43
2007-04-16,2023.58,2070.64,2000.06,2070.64,375690,2070.64
2007-04-17,2070.64,2070.64,2009.46,2028.28,40162,2028.28
2007-04-18,2056.52,2061.24,2023.58,2051.82,18699,2051.82
2007-04-19,2065.94,2080.06,2028.28,2070.64,84573,2070.64
2007-04-20,2032.99,2056.52,2032.99,2042.41,8499,2042.41
2007-04-23,2075.35,2098.88,2047.11,2070.64,37611,2070.64
2007-04-24,2070.64,2075.35,2047.11,2061.24,48342,2061.24
2007-04-25,2032.99,2080.06,2023.58,2061.24,45474,2061.24
2007-04-26,2070.64,2080.06,2037.7,2065.94,23161,2065.94
2007-04-27,2065.94,2080.06,2047.11,2070.64,35591,2070.64
2007-05-01,2070.64,2080.06,2051.82,2070.64,68740,2070.64
2007-05-02,2042.41,2070.64,2042.41,2065.94,19443,2065.94
2007-05-07,2065.94,2075.35,2051.82,2065.94,69166,2065.94
2007-05-08,2065.94,2080.06,2056.52,2080.06,81491,2080.06
2007-05-09,2070.64,2084.77,2061.24,2080.06,217807,2080.06
2007-05-10,2080.06,2141.25,2028.28,2070.64,139715,2070.64
2007-05-11,2042.41,2094.18,2042.41,2094.18,45793,2094.18
2007-05-14,2160.06,2160.06,2014.17,2065.94,93497,2065.94
2007-05-15,2070.64,2075.35,2023.58,2070.64,63961,2070.64
2007-05-16,2070.64,2075.35,2051.82,2065.94,31449,2065.94
2007-05-17,2032.99,2094.18,2028.28,2080.06,50361,2080.06
2007-05-18,2042.41,2065.94,2028.28,2028.28,33893,2028.28
2007-05-21,2028.28,2080.06,2028.28,2070.64,23161,2070.64
2007-05-22,2070.64,2117.72,2056.52,2094.18,41436,2094.18
2007-05-23,2094.18,2098.88,2047.11,2070.64,30919,2070.64
2007-05-24,2070.64,2094.18,2061.24,2075.35,16786,2075.35
2007-05-25,2070.64,2089.48,2032.99,2070.64,56205,2070.64
2007-05-28,2070.64,2075.35,2032.99,2075.35,43456,2075.35
2007-05-29,2042.41,2089.48,2042.41,2070.64,51743,2070.64
2007-05-30,2075.35,2089.48,2042.41,2080.06,46643,2080.06
2007-05-31,2094.18,2112.99,2075.35,2112.99,36125,2112.99
2007-06-01,2117.72,2131.83,2103.6,2122.41,47280,2122.41
2007-06-04,2112.99,2122.41,2070.64,2108.29,49297,2108.29
2007-06-05,2047.11,2098.88,2047.11,2098.88,37186,2098.88
2007-06-06,2061.24,2108.29,2061.24,2098.88,78198,2098.88
2007-06-07,2103.6,2141.25,2080.06,2117.72,24862,2117.72
2007-06-08,2160.06,2160.06,2094.18,2103.6,79578,2103.6
2007-06-11,2131.83,2230.66,2098.88,2160.06,66935,2160.06
2007-06-12,2155.35,2155.35,2061.24,2065.94,60241,2065.94
2007-06-13,2028.28,2070.64,2028.28,2065.94,21887,2065.94
2007-06-14,2032.99,2089.48,2032.99,2080.06,17743,2080.06
2007-06-15,2108.29,2108.29,2080.06,2094.18,10094,2094.18
2007-06-18,2098.88,2141.25,2098.88,2136.53,12644,2136.53
2007-06-19,2141.25,2141.25,2103.6,2112.99,17318,2112.99
2007-06-20,2160.06,2164.77,2131.83,2155.35,24969,2155.35
2007-06-21,2131.83,2164.77,2131.83,2160.06,15301,2160.06
2007-06-22,2131.83,2160.06,2131.83,2131.83,10519,2131.83
2007-06-25,2117.72,2211.81,2037.7,2037.7,65872,2037.7
2007-06-26,2042.41,2084.77,2042.41,2065.94,44411,2065.94
2007-06-27,2075.35,2112.99,2065.94,2075.35,38142,2075.35
2007-06-28,2070.64,2089.48,2065.94,2080.06,34744,2080.06
2007-06-29,2075.35,2089.48,2056.52,2075.35,146408,2075.35
2007-07-02,2061.24,2080.06,2061.24,2075.35,68317,2075.35
2007-07-03,2070.64,2080.06,2014.17,2051.82,103590,2051.82
2007-07-04,2070.64,2089.48,2065.94,2070.64,62260,2070.64
2007-07-05,2070.64,2080.06,2037.7,2051.82,79367,2051.82
2007-07-06,2051.82,2051.82,2023.58,2032.99,34744,2032.99
2007-07-09,2032.99,2051.82,2018.88,2023.58,21038,2023.58
2007-07-10,2014.17,2032.99,2014.17,2028.28,10519,2028.28
2007-07-11,1995.35,2014.17,1985.93,1995.35,28899,1995.35
2007-07-12,1981.23,2014.17,1957.7,2004.76,28262,2004.76
2007-07-13,2009.46,2047.11,1976.53,2014.17,26456,2014.17
2007-07-17,2037.7,2042.41,2014.17,2023.58,15406,2023.58
2007-07-18,2023.58,2037.7,2004.76,2032.99,378877,2032.99
2007-07-19,2070.64,2127.12,2037.7,2108.29,81066,2108.29
2007-07-20,2070.64,2164.77,2056.52,2117.72,62260,2117.72
2007-07-23,2160.06,2160.06,2047.11,2056.52,44093,2056.52
2007-07-24,2061.24,2098.88,2061.24,2084.77,29856,2084.77
2007-07-25,2047.11,2080.06,2042.41,2080.06,39737,2080.06
2007-07-26,2065.94,2098.88,2037.7,2080.06,45581,2080.06
2007-07-27,2080.06,2084.77,1985.93,2065.94,94879,2065.94
2007-07-30,2070.64,2103.6,2032.99,2047.11,90414,2047.11
2007-07-31,2032.99,2070.64,2009.46,2070.64,23694,2070.64
2007-08-01,2075.35,2094.18,2037.7,2047.11,20188,2047.11
2007-08-02,2028.28,2075.35,1976.53,2075.35,52272,2075.35
2007-08-03,2056.52,2084.77,2042.41,2080.06,32087,2080.06
2007-08-06,2080.06,2112.99,2051.82,2112.99,32723,2112.99
2007-08-07,2075.35,2103.6,2075.35,2089.48,12005,2089.48
2007-08-08,2089.48,2103.6,2075.35,2103.6,39099,2103.6
2007-08-09,2112.99,2258.89,2084.77,2164.77,155864,2164.77
2007-08-10,2193.0,2305.95,2131.83,2145.94,185719,2145.94
2007-08-13,2032.99,2117.72,1985.93,2061.24,100934,2061.24
2007-08-14,2070.64,2112.99,1957.7,1976.53,166490,1976.53
2007-08-15,1995.35,2004.76,1924.76,1967.11,97323,1967.11
2007-08-16,1929.46,1948.29,1882.39,1929.46,86590,1929.46
2007-08-17,1901.24,1934.17,1821.23,1846.64,65449,1846.64
2007-08-20,1976.53,2004.76,1934.17,1948.29,99767,1948.29
2007-08-21,1976.53,2061.24,1976.53,1990.65,58861,1990.65
2007-08-22,1976.53,2023.58,1929.46,1976.53,49512,1976.53
2007-08-23,1995.35,2009.46,1943.57,1971.81,29750,1971.81
2007-08-24,1995.35,2047.11,1953.0,1967.11,56205,1967.11
2007-08-27,1981.23,2014.17,1934.17,1948.29,28793,1948.29
2007-08-28,1929.46,1948.29,1891.82,1938.89,45581,1938.89
2007-08-29,1863.58,1915.36,1828.75,1896.52,80748,1896.52
2007-08-30,1920.06,1920.06,1882.39,1882.39,23161,1882.39
2007-08-31,1915.36,1962.43,1905.94,1962.43,60348,1962.43
2007-09-03,1967.11,1967.11,1934.17,1938.89,21250,1938.89
2007-09-04,1938.89,1938.89,1864.53,1901.24,61197,1901.24
2007-09-05,1872.99,1901.24,1809.93,1844.75,125584,1844.75
2007-09-06,1821.23,1834.42,1752.51,1778.88,61305,1778.88
2007-09-07,1769.46,1773.22,1696.99,1723.34,177114,1723.34
2007-09-10,1723.34,1735.57,1696.99,1722.4,34850,1722.4
2007-09-11,1712.04,1712.04,1663.12,1685.71,131533,1685.71
2007-09-12,1742.17,1785.46,1700.77,1773.22,51211,1773.22
2007-09-13,1716.74,1769.46,1654.63,1720.52,114854,1720.52
2007-09-14,1967.11,1967.11,1807.12,1839.11,119740,1839.11
2007-09-18,1840.05,1853.23,1741.22,1791.11,38250,1791.11
2007-09-19,1810.88,1880.52,1800.52,1813.69,39523,1813.69
2007-09-20,1929.46,1929.46,1825.93,1860.75,56736,1860.75
2007-09-21,1832.51,1833.46,1751.57,1807.12,68210,1807.12
2007-09-25,1879.57,1879.57,1798.64,1849.46,24543,1849.46
2007-09-26,1849.46,1868.29,1824.05,1868.29,25287,1868.29
2007-09-27,1882.39,1896.52,1845.7,1881.46,41542,1881.46
2007-09-28,1887.1,1887.1,1808.98,1858.87,107522,1858.87
2007-10-01,1882.39,1882.39,1822.16,1858.87,44942,1858.87
2007-10-02,1881.46,1896.52,1855.12,1875.82,37294,1875.82
2007-10-03,1910.64,1929.46,1882.39,1910.64,34105,1910.64
2007-10-04,1910.64,1943.57,1910.64,1943.57,29643,1943.57
2007-10-05,1938.89,2009.46,1920.06,1938.89,80005,1938.89
2007-10-09,1976.53,1985.93,1905.94,1948.29,92965,1948.29
2007-10-10,1976.53,1990.65,1948.29,1957.7,32405,1957.7
2007-10-11,2023.58,2065.94,1967.11,2065.94,55992,2065.94
2007-10-12,2037.7,2042.41,1967.11,1976.53,32830,1976.53
2007-10-15,1985.93,2009.46,1962.43,2004.76,49830,2004.76
2007-10-16,2004.76,2004.76,1891.82,1891.82,36655,1891.82
2007-10-17,1896.52,1953.0,1834.42,1855.12,39099,1855.12
2007-10-18,1836.28,1879.57,1829.7,1879.57,17849,1879.57
2007-10-19,1809.93,1844.75,1798.64,1813.69,24437,1813.69
2007-10-22,1788.28,1825.0,1747.81,1773.22,29217,1773.22
2007-10-23,1797.71,1825.93,1774.18,1776.04,34637,1776.04
2007-10-24,1779.81,1795.81,1733.69,1777.93,26986,1777.93
2007-10-25,1747.81,1785.46,1731.81,1785.46,19124,1785.46
2007-10-26,1785.46,1788.28,1753.46,1776.04,18807,1776.04
2007-10-29,1804.3,1887.1,1804.3,1837.22,33575,1837.22
2007-10-30,1836.28,1854.17,1807.12,1815.58,18699,1815.58
2007-10-31,1834.42,1924.76,1810.88,1920.06,33681,1920.06
2007-11-01,1882.39,1929.46,1882.39,1920.06,12751,1920.06
2007-11-02,1882.39,1901.24,1801.46,1852.28,31343,1852.28
2007-11-05,1824.05,1856.99,1792.99,1799.58,17106,1799.58
2007-11-06,1771.35,1843.8,1771.35,1833.46,10944,1833.46
2007-11-07,1861.7,1861.7,1797.71,1807.12,15406,1807.12
2007-11-08,1780.76,1780.76,1741.22,1761.92,38993,1761.92
2007-11-09,1790.18,1805.23,1749.7,1750.65,19550,1750.65
2007-11-12,1741.22,1769.46,1741.22,1741.22,29325,1741.22
2007-11-13,1742.17,1859.82,1742.17,1802.39,25500,1802.39
2007-11-14,1804.3,1860.75,1804.3,1832.51,19975,1832.51
2007-11-15,1832.51,1861.7,1832.51,1843.8,19124,1843.8
2007-11-16,1843.8,1843.8,1773.22,1810.88,18699,1810.88
2007-11-19,1754.4,1807.12,1754.4,1765.69,30919,1765.69
2007-11-20,1708.28,1741.22,1658.4,1685.71,53760,1685.71
2007-11-21,1696.04,1715.81,1673.44,1673.44,16574,1673.44
2007-11-22,1729.94,1800.52,1701.69,1720.52,35274,1720.52
2007-11-26,1722.4,1882.39,1722.4,1808.04,57693,1808.04
2007-11-27,1808.98,1812.76,1723.34,1744.99,45686,1744.99
2007-11-28,1745.93,1776.04,1728.05,1744.05,26349,1744.05
2007-11-29,1772.27,1837.22,1760.05,1824.05,36549,1824.05
2007-11-30,1773.22,1862.65,1742.17,1803.35,59710,1803.35
2007-12-03,1859.82,1859.82,1824.05,1854.17,12961,1854.17
2007-12-04,1857.93,1860.75,1794.88,1802.39,25074,1802.39
2007-12-05,1773.22,1835.35,1766.65,1825.93,17106,1825.93
2007-12-06,1841.0,1882.39,1816.52,1881.46,19124,1881.46
2007-12-07,1858.87,1881.46,1849.46,1858.87,23375,1858.87
2007-12-10,1868.29,1872.99,1836.28,1872.99,14661,1872.99
2007-12-11,1881.46,1910.64,1844.75,1882.39,24117,1882.39
2007-12-12,1887.1,1896.52,1790.18,1880.52,31449,1880.52
2007-12-13,1881.46,1896.52,1857.93,1882.39,21356,1882.39
2007-12-14,1882.39,1896.52,1835.35,1887.1,53335,1887.1
2007-12-17,1887.1,1891.82,1850.41,1880.52,32512,1880.52
2007-12-18,1880.52,1910.64,1837.22,1855.12,13918,1855.12
2007-12-19,1837.22,1855.12,1807.12,1815.58,19017,1815.58
2007-12-20,1856.99,1856.99,1772.27,1820.29,24012,1820.29
2007-12-21,1848.53,1872.99,1794.88,1872.99,23799,1872.99
2007-12-25,1896.52,1915.36,1865.47,1865.47,5207,1865.47
2007-12-26,1910.64,1920.06,1837.22,1915.36,11686,1915.36
2007-12-27,1929.46,2004.76,1882.39,1957.7,23481,1957.7
2007-12-28,1882.39,1953.0,1882.39,1882.39,14661,1882.39
2008-01-04,1882.39,1882.39,1760.05,1872.99,35060,1872.99
2008-01-07,1789.22,1863.58,1741.22,1799.58,21674,1799.58
2008-01-08,1771.35,1830.64,1744.05,1830.64,20079,1830.64
2008-01-09,1774.18,1853.23,1744.05,1835.35,25180,1835.35
2008-01-10,1844.75,1844.75,1788.28,1788.28,11262,1788.28
2008-01-11,1816.52,1816.52,1741.22,1743.12,21356,1743.12
2008-01-15,1827.83,1827.83,1719.58,1720.52,32830,1720.52
2008-01-16,1685.71,1685.71,1610.39,1630.17,17956,1630.17
2008-01-17,1658.4,1728.05,1640.51,1671.58,27837,1671.58
2008-01-18,1699.82,1728.05,1631.09,1708.28,36975,1708.28
2008-01-21,1676.29,1681.92,1569.92,1569.92,28048,1569.92
2008-01-22,1523.81,1593.45,1506.87,1585.94,23161,1585.94
2008-01-23,1557.69,1627.33,1515.33,1600.04,29643,1600.04
2008-01-24,1600.98,1661.21,1600.98,1636.76,22204,1636.76
2008-01-25,1657.45,1741.22,1639.58,1692.28,19124,1692.28
2008-01-28,1719.58,1719.58,1616.98,1616.98,15193,1616.98
2008-01-29,1648.04,1691.33,1633.0,1665.93,11582,1665.93
2008-01-30,1694.16,1741.22,1670.64,1692.28,22204,1692.28
2008-01-31,1640.51,1769.46,1637.69,1764.76,35060,1764.76
2008-02-01,1728.98,1774.18,1728.98,1765.69,9562,1765.69
2008-02-04,1788.28,1807.12,1776.99,1777.93,8394,1777.93
2008-02-05,1777.93,1863.58,1771.35,1790.18,25817,1790.18
2008-02-06,1760.99,1783.58,1712.04,1712.99,20188,1712.99
2008-02-07,1741.22,1741.22,1655.58,1707.35,12005,1707.35
2008-02-08,1698.86,1768.51,1694.16,1712.04,11262,1712.04
2008-02-12,1712.04,1722.4,1656.52,1656.52,9988,1656.52
2008-02-13,1657.45,1702.63,1592.51,1592.51,19231,1592.51
2008-02-14,1694.16,1712.04,1656.52,1696.99,14769,1696.99
2008-02-15,1696.99,1703.57,1636.76,1638.64,36655,1638.64
2008-02-18,1640.51,1698.86,1640.51,1685.71,12112,1685.71
2008-02-19,1742.17,1742.17,1663.12,1689.46,17318,1689.46
2008-02-20,1676.29,1684.75,1614.16,1616.06,26775,1616.06
2008-02-21,1739.34,1754.4,1700.77,1710.16,30598,1710.16
2008-02-22,1653.7,1684.75,1648.04,1656.52,12219,1656.52
2008-02-25,1741.22,1741.22,1692.28,1741.22,17424,1741.22
2008-02-26,1723.34,1741.22,1657.45,1702.63,17424,1702.63
2008-02-27,1704.51,1756.29,1694.16,1718.64,22949,1718.64
2008-02-28,1696.04,1713.94,1637.69,1681.92,13069,1681.92
2008-02-29,1670.64,1693.24,1641.45,1670.64,23587,1670.64
2008-03-03,1604.75,1616.06,1552.97,1581.23,53867,1581.23
2008-03-04,1565.24,1600.98,1536.05,1580.28,20930,1580.28
2008-03-05,1552.97,1562.39,1534.17,1553.92,15088,1553.92
2008-03-06,1553.92,1626.39,1553.92,1609.46,11368,1609.46
2008-03-07,1552.97,1609.46,1552.04,1571.82,14769,1571.82
2008-03-10,1552.97,1608.52,1545.45,1600.04,15938,1600.04
2008-03-11,1600.04,1606.64,1564.28,1600.04,20293,1600.04
2008-03-12,1645.23,1680.05,1611.34,1642.4,14769,1642.4
2008-03-13,1778.88,1797.71,1637.69,1637.69,59074,1637.69
2008-03-14,1722.4,1741.22,1647.1,1681.92,60455,1681.92
2008-03-17,1682.87,1717.69,1647.1,1707.35,20930,1707.35
2008-03-18,1650.88,1688.51,1650.88,1674.39,28048,1674.39
2008-03-19,1712.99,1741.22,1692.28,1692.28,30173,1692.28
2008-03-21,1748.76,1797.71,1724.28,1797.71,46854,1797.71
2008-03-24,1825.93,1825.93,1735.57,1751.57,18807,1751.57
2008-03-25,1723.34,1787.34,1703.57,1787.34,25925,1787.34
2008-03-26,1787.34,1788.28,1731.81,1732.75,19655,1732.75
2008-03-27,1769.46,1769.46,1735.57,1739.34,15938,1739.34
2008-03-28,1769.46,1786.4,1759.1,1783.58,23375,1783.58
2008-03-31,1787.34,1811.82,1774.18,1811.82,43243,1811.82
2008-04-01,1810.88,1825.93,1782.64,1825.93,20825,1825.93
2008-04-02,1835.35,1863.58,1800.52,1856.99,19869,1856.99
2008-04-03,1872.99,1882.39,1828.75,1882.39,26456,1882.39
2008-04-04,1882.39,1882.39,1788.28,1835.35,37400,1835.35
2008-04-07,1788.28,1801.46,1743.12,1782.64,21038,1782.64
2008-04-08,1751.57,1814.62,1751.57,1763.81,14237,1763.81
2008-04-09,1786.4,1786.4,1652.74,1661.21,34744,1661.21
2008-04-10,1639.58,1673.44,1628.29,1645.23,26881,1645.23
2008-04-11,1616.98,1712.99,1616.98,1712.99,31449,1712.99
2008-04-14,1647.1,1683.82,1608.52,1609.46,61517,1609.46
2008-04-15,1616.06,1665.93,1609.46,1665.93,37717,1665.93
2008-04-16,1703.57,1812.76,1693.24,1812.76,45049,1812.76
2008-04-17,1869.23,1877.7,1753.46,1781.7,38037,1781.7
2008-04-18,1838.16,1838.16,1774.18,1804.3,5844,1804.3
2008-04-21,1788.28,1814.62,1763.81,1806.17,22420,1806.17
2008-04-22,1777.93,1802.39,1760.99,1788.28,10944,1788.28
2008-04-23,1751.57,1776.04,1744.99,1760.05,12219,1760.05
2008-04-24,1741.22,1761.92,1716.74,1760.05,7650,1760.05
2008-04-25,1761.92,1830.64,1743.12,1830.64,18807,1830.64
2008-04-28,1802.39,1834.42,1771.35,1787.34,9032,1787.34
2008-04-30,1746.86,1854.17,1746.86,1820.29,32937,1820.29
2008-05-01,1779.81,1807.12,1741.22,1741.22,21356,1741.22
2008-05-02,1797.71,1797.71,1770.4,1788.28,24117,1788.28
2008-05-07,1788.28,1801.46,1751.57,1751.57,24331,1751.57
2008-05-08,1770.4,1770.4,1712.99,1730.88,24331,1730.88
2008-05-09,1713.94,1747.81,1698.86,1712.99,23375,1712.99
2008-05-12,1696.04,1701.69,1668.76,1680.05,20930,1680.05
2008-05-13,1658.4,1717.69,1658.4,1717.69,20188,1717.69
2008-05-14,1723.34,1738.39,1684.75,1695.1,17532,1695.1
2008-05-15,1718.64,1788.28,1718.64,1788.28,23587,1788.28
2008-05-16,1789.22,1816.52,1760.05,1816.52,22099,1816.52
2008-05-19,1835.35,1853.23,1822.16,1844.75,28156,1844.75
2008-05-20,1766.65,1812.76,1766.65,1777.93,25287,1777.93
2008-05-21,1789.22,1789.22,1672.52,1695.1,74055,1695.1
2008-05-22,1703.57,1719.58,1671.58,1711.1,28048,1711.1
2008-05-23,1688.51,1716.74,1685.71,1712.99,20930,1712.99
2008-05-26,1667.8,1708.28,1661.21,1689.46,63005,1689.46
2008-05-27,1722.4,1768.51,1716.74,1760.05,29325,1760.05
2008-05-28,1760.05,1761.92,1707.35,1707.35,26349,1707.35
2008-05-29,1763.81,1763.81,1726.17,1756.29,16256,1756.29
2008-05-30,1728.98,1768.51,1724.28,1760.05,11050,1760.05
2008-06-02,1735.57,1759.1,1717.69,1737.46,7757,1737.46
2008-06-03,1721.46,1743.12,1680.99,1684.75,28262,1684.75
2008-06-04,1685.71,1725.22,1685.71,1706.42,10626,1706.42
2008-06-05,1698.86,1718.64,1696.99,1709.23,11050,1709.23
2008-06-06,1741.22,1741.22,1684.75,1684.75,20079,1684.75
2008-06-09,1656.52,1674.39,1645.23,1655.58,35807,1655.58
2008-06-10,1660.28,1670.64,1655.58,1670.64,21567,1670.64
2008-06-11,1671.58,1671.58,1637.69,1647.1,23055,1647.1
2008-06-12,1648.04,1673.44,1638.64,1673.44,57693,1673.44
2008-06-13,1616.98,1655.58,1616.98,1633.92,45900,1633.92
2008-06-16,1653.7,1676.29,1628.29,1660.28,20399,1660.28
2008-06-17,1694.16,1703.57,1664.98,1664.98,35169,1664.98
2008-06-18,1664.98,1684.75,1652.74,1664.04,26243,1664.04
2008-06-19,1687.56,1687.56,1628.29,1635.81,33149,1635.81
2008-06-20,1636.76,1652.74,1615.11,1618.86,12855,1618.86
2008-06-23,1600.04,1600.04,1558.64,1581.23,23161,1581.23
2008-06-24,1582.15,1599.1,1563.33,1573.69,15088,1573.69
2008-06-25,1573.69,1589.69,1508.74,1570.87,31662,1570.87
2008-06-26,1559.57,1600.04,1559.57,1577.46,10730,1577.46
2008-06-27,1552.97,1562.39,1524.74,1543.57,18913,1543.57
2008-06-30,1545.45,1586.87,1545.45,1574.63,6799,1574.63
2008-07-01,1575.56,1626.39,1552.97,1618.86,21994,1618.86
2008-07-02,1614.16,1614.16,1537.92,1546.39,24650,1546.39
2008-07-03,1543.57,1543.57,1523.81,1543.57,17212,1543.57
2008-07-04,1545.45,1548.28,1515.33,1528.52,13495,1528.52
2008-07-07,1527.57,1580.28,1515.33,1574.63,9988,1574.63
2008-07-08,1557.69,1581.23,1538.86,1555.81,27201,1555.81
2008-07-09,1583.1,1591.57,1520.03,1526.62,14661,1526.62
2008-07-10,1515.33,1525.69,1471.1,1489.92,17212,1489.92
2008-07-11,1491.81,1491.81,1421.22,1438.16,28262,1438.16
2008-07-14,1429.69,1504.04,1429.69,1440.03,20719,1440.03
2008-07-15,1468.28,1501.22,1440.97,1479.57,25606,1479.57
2008-07-16,1479.57,1496.5,1467.34,1467.34,16574,1467.34
2008-07-17,1473.92,1490.87,1467.34,1477.68,17956,1477.68
2008-07-18,1472.04,1491.81,1298.85,1309.21,118891,1309.21
2008-07-22,1328.03,1328.03,1242.39,1263.08,103165,1263.08
2008-07-23,1319.57,1321.46,1298.85,1298.85,41436,1298.85
2008-07-24,1341.2,1378.86,1301.69,1378.86,50787,1378.86
2008-07-25,1363.81,1363.81,1317.68,1325.22,44198,1325.22
2008-07-28,1344.03,1366.62,1284.74,1293.2,49616,1293.2
2008-07-29,1274.4,1288.5,1258.39,1271.57,41649,1271.57
2008-07-30,1328.03,1459.81,1308.28,1459.81,111878,1459.81
2008-07-31,1431.57,1529.44,1426.85,1487.11,51317,1487.11
2008-08-01,1505.92,1521.93,1396.74,1413.68,41118,1413.68
2008-08-04,1385.45,1459.81,1383.56,1383.56,19975,1383.56
2008-08-05,1382.63,1497.45,1382.63,1426.85,16149,1426.85
2008-08-06,1511.57,1520.98,1459.81,1508.74,31449,1508.74
2008-08-07,1509.7,1509.7,1393.93,1405.21,33042,1405.21
2008-08-08,1403.33,1452.27,1401.45,1412.75,8712,1412.75
2008-08-11,1393.93,1458.86,1393.93,1429.69,7968,1429.69
2008-08-12,1429.69,1436.29,1406.16,1408.98,12431,1408.98
2008-08-13,1403.33,1411.8,1370.39,1384.5,31555,1384.5
2008-08-14,1378.86,1417.45,1376.03,1376.98,12855,1376.98
2008-08-15,1380.75,1426.85,1380.75,1404.26,22630,1404.26
2008-08-18,1405.21,1458.86,1404.26,1410.86,21994,1410.86
2008-08-19,1457.92,1457.92,1342.16,1360.04,22312,1360.04
2008-08-20,1345.92,1350.63,1322.39,1334.63,35807,1334.63
2008-08-21,1333.69,1340.28,1294.15,1309.21,55569,1309.21
2008-08-22,1328.03,1328.97,1261.22,1265.93,27412,1265.93
2008-08-25,1284.74,1303.57,1266.86,1274.4,27092,1274.4
2008-08-26,1258.39,1275.33,1203.81,1250.86,29963,1250.86
2008-08-27,1250.86,1250.86,1209.43,1240.52,29963,1240.52
2008-08-28,1230.15,1230.15,1195.32,1214.15,35700,1214.15
2008-08-29,1228.27,1287.57,1228.27,1287.57,50361,1287.57
2008-09-01,1306.37,1306.37,1232.96,1232.96,12219,1232.96
2008-09-02,1232.96,1260.26,1207.57,1221.69,16468,1221.69
2008-09-03,1222.62,1242.39,1218.86,1241.45,12644,1241.45
2008-09-04,1241.45,1248.97,1204.74,1214.15,21994,1214.15
2008-09-05,1195.32,1243.32,1176.51,1223.56,19655,1223.56
2008-09-08,1229.21,1298.85,1229.21,1291.33,32194,1291.33
2008-09-09,1315.8,1345.92,1233.93,1270.63,23055,1270.63
2008-09-10,1251.8,1302.63,1249.91,1249.91,28899,1249.91
2008-09-11,1242.39,1268.74,1205.69,1205.69,17424,1205.69
2008-09-12,1208.49,1243.32,1208.49,1243.32,53867,1243.32
2008-09-16,1242.39,1242.39,1162.38,1191.57,37294,1191.57
2008-09-17,1328.03,1348.74,1267.79,1298.85,80323,1298.85
2008-09-18,1355.33,1392.98,1283.8,1323.32,66192,1323.32
2008-09-19,1304.52,1366.62,1271.57,1324.27,43667,1324.27
2008-09-22,1345.92,1347.8,1280.04,1290.38,28580,1290.38
2008-09-24,1272.51,1322.39,1270.63,1311.1,21994,1311.1
2008-09-25,1311.1,1328.03,1276.26,1284.74,14875,1284.74
2008-09-26,1284.74,1308.28,1144.49,1211.33,52063,1211.33
2008-09-29,1240.52,1287.57,1211.33,1215.09,19869,1215.09
2008-09-30,1215.09,1280.04,1177.46,1280.04,26456,1280.04
2008-10-01,1280.98,1289.46,1232.96,1266.86,31555,1266.86
2008-10-02,1270.63,1298.85,1246.15,1260.26,12431,1260.26
2008-10-03,1247.1,1264.03,1223.56,1244.27,12855,1244.27
2008-10-06,1231.1,1232.96,1176.51,1176.51,9774,1176.51
2008-10-07,1120.03,1176.51,1044.73,1129.44,60348,1129.44
2008-10-08,1129.44,1132.27,941.21,960.03,36442,960.03
2008-10-09,941.21,1035.33,940.26,942.15,22736,942.15
2008-10-10,988.26,988.26,800.02,800.02,35381,800.02
2008-10-14,893.21,894.14,884.73,894.14,40268,894.14
2008-10-15,903.55,988.26,903.55,988.26,62582,988.26
2008-10-16,988.26,989.21,865.91,865.91,77667,865.91
2008-10-17,922.39,939.31,884.73,915.81,31236,915.81
2008-10-20,904.5,969.43,903.55,927.08,36762,927.08
2008-10-21,941.21,1007.08,927.08,958.15,45686,958.15
2008-10-22,920.5,967.56,920.5,934.62,17532,934.62
2008-10-23,912.98,946.85,903.55,922.39,30919,922.39
2008-10-24,912.98,925.2,885.68,912.02,30173,912.02
2008-10-27,912.02,912.02,848.04,856.49,28048,856.49
2008-10-28,837.67,856.49,762.38,809.44,86485,809.44
2008-10-29,809.44,903.55,809.44,856.49,58967,856.49
2008-10-30,847.08,903.55,847.08,894.14,55885,894.14
2008-10-31,875.31,969.43,861.2,920.5,86379,920.5
2008-11-04,901.67,912.98,866.85,886.62,42181,886.62
2008-11-05,922.39,924.25,884.73,894.14,80216,894.14
2008-11-06,922.39,922.39,880.02,880.02,38674,880.02
2008-11-07,865.91,912.02,856.49,879.09,13918,879.09
2008-11-10,944.96,950.62,898.85,922.39,20079,922.39
2008-11-11,922.39,922.39,872.5,873.44,10944,873.44
2008-11-12,848.04,857.44,828.25,830.15,19017,830.15
2008-11-13,809.44,818.85,789.66,806.61,16044,806.61
2008-11-14,856.49,870.61,818.85,860.27,12644,860.27
2008-11-17,860.27,880.02,828.25,873.44,20399,873.44
2008-11-18,873.44,873.44,816.96,826.37,28686,826.37
2008-11-19,864.01,872.5,800.02,821.67,20399,821.67
2008-11-20,828.25,828.25,762.38,804.72,11155,804.72
2008-11-21,784.02,825.44,752.96,805.67,19762,805.67
2008-11-25,899.8,899.8,805.67,830.15,24224,830.15
2008-11-26,867.78,884.73,842.38,864.96,14875,864.96
2008-11-27,865.91,891.32,856.49,879.09,19762,879.09
2008-11-28,861.2,902.6,851.79,894.14,18062,894.14
2008-12-01,889.43,889.43,814.14,815.08,19550,815.08
2008-12-02,755.78,800.02,754.84,771.8,27622,771.8
2008-12-03,775.55,817.91,775.55,817.91,17849,817.91
2008-12-04,823.56,825.44,791.55,801.92,22099,801.92
2008-12-05,795.33,812.25,771.8,771.8,23799,771.8
2008-12-08,800.02,865.91,799.08,865.91,18699,865.91
2008-12-09,863.09,863.09,821.67,856.49,19336,856.49
2008-12-10,818.85,862.14,808.5,847.08,45793,847.08
2008-12-11,823.56,841.42,819.78,841.42,22312,841.42
2008-12-12,865.91,865.91,831.09,859.31,56736,859.31
2008-12-15,925.2,953.43,902.6,953.43,51956,953.43
2008-12-16,953.43,955.32,888.48,913.91,23799,913.91
2008-12-17,941.21,941.21,875.31,883.79,32723,883.79
2008-12-18,921.44,936.51,877.2,920.5,16149,920.5
2008-12-19,904.5,919.56,866.85,890.38,12644,890.38
2008-12-22,890.38,929.92,886.62,904.5,9562,904.5
2008-12-24,896.02,896.02,877.2,890.38,6588,890.38
2008-12-25,867.78,880.02,865.91,880.02,2761,880.02
2008-12-26,936.51,936.51,880.96,889.43,8075,889.43
2008-12-29,898.85,941.21,889.43,941.21,13069,941.21
2008-12-30,930.85,1008.96,902.6,1008.96,16468,1008.96
2009-01-05,1018.38,1045.68,990.15,1007.08,9032,1007.08
2009-01-06,997.68,1032.5,978.85,1032.5,11900,1032.5
2009-01-07,1042.86,1042.86,997.68,1014.62,16786,1014.62
2009-01-08,976.97,1011.79,969.43,975.09,19231,975.09
2009-01-09,964.74,964.74,898.85,903.55,26667,903.55
2009-01-13,894.14,896.97,838.61,838.61,25606,838.61
2009-01-14,857.44,883.79,847.08,861.2,28686,861.2
2009-01-15,860.27,860.27,790.6,794.37,74159,794.37
2009-01-16,800.02,845.2,800.02,843.33,29325,843.33
2009-01-19,833.89,862.14,800.02,822.62,35486,822.62
2009-01-20,804.72,809.44,783.08,790.6,31768,790.6
2009-01-21,771.8,817.91,771.8,800.02,29111,800.02
2009-01-22,773.66,832.03,765.2,832.03,81066,832.03
2009-01-23,831.09,831.09,802.85,815.08,14130,815.08
2009-01-26,805.67,837.67,790.6,833.89,11582,833.89
2009-01-27,862.14,880.96,848.04,865.91,32405,865.91
2009-01-28,865.91,872.5,846.14,859.31,14130,859.31
2009-01-29,840.49,841.42,812.25,832.96,37824,832.96
2009-01-30,785.9,794.37,782.13,785.9,45261,785.9
2009-02-02,778.38,781.22,759.54,771.8,32194,771.8
2009-02-03,766.15,797.19,766.15,771.8,17424,771.8
2009-02-04,771.8,775.55,765.2,771.8,25180,771.8
2009-02-05,790.6,793.44,762.38,771.8,73629,771.8
2009-02-06,773.66,792.5,773.66,780.25,21781,780.25
2009-02-09,785.9,806.61,784.02,784.02,12325,784.02
2009-02-10,781.22,793.44,771.8,778.38,26243,778.38
2009-02-12,775.55,775.55,743.55,756.72,24543,756.72
2009-02-13,757.69,762.38,745.44,755.78,30598,755.78
2009-02-16,756.72,765.2,744.49,753.9,50361,753.9
2009-02-17,750.14,750.14,738.84,747.3,25287,747.3
2009-02-18,741.67,772.73,741.67,765.2,30279,765.2
2009-02-19,742.61,768.01,742.61,768.01,25817,768.01
2009-02-20,753.9,760.49,738.84,756.72,19975,756.72
2009-02-23,725.67,742.61,725.67,742.61,22204,742.61
2009-02-24,725.67,762.38,725.67,762.38,14981,762.38
2009-02-25,752.96,771.8,752.96,765.2,38674,765.2
2009-02-26,765.2,774.62,754.84,762.38,10519,762.38
2009-02-27,762.38,781.22,762.38,780.25,41755,780.25
2009-03-02,780.25,784.96,734.14,752.96,30173,752.96
2009-03-03,727.57,748.26,726.6,736.96,19762,736.96
2009-03-04,724.73,739.78,724.73,736.01,34954,736.01
2009-03-05,752.02,765.2,731.31,743.55,58436,743.55
2009-03-06,735.08,752.02,724.73,724.73,28262,724.73
2009-03-09,720.97,728.5,713.44,713.44,14661,713.44
2009-03-10,705.89,710.62,668.26,676.73,41224,676.73
2009-03-11,710.62,710.62,687.08,687.08,8606,687.08
2009-03-12,658.84,658.84,640.03,651.32,54293,651.32
2009-03-13,630.62,636.25,583.56,609.91,132065,609.91
2009-03-16,630.62,644.72,630.62,641.89,62582,641.89
2009-03-17,641.89,647.54,635.31,637.2,97428,637.2
2009-03-18,627.79,641.89,627.79,628.72,98384,628.72
2009-03-19,631.55,635.31,605.19,608.95,42287,608.95
2009-03-23,608.95,627.79,604.26,624.02,67043,624.02
2009-03-24,626.83,658.84,626.83,644.72,45261,644.72
2009-03-25,668.26,701.2,645.66,700.25,64174,700.25
2009-03-26,715.31,725.67,696.49,721.9,41755,721.9
2009-03-27,750.14,767.08,742.61,757.69,57054,757.69
2009-03-30,761.42,779.32,724.73,724.73,29536,724.73
2009-03-31,707.79,756.72,707.79,710.62,41224,710.62
2009-04-01,720.02,755.78,720.02,752.02,38142,752.02
2009-04-02,761.42,764.25,741.67,753.9,46962,753.9
2009-04-03,770.84,770.84,723.78,744.49,44198,744.49
2009-04-06,743.55,766.15,742.61,761.42,44518,761.42
2009-04-07,742.61,776.49,740.73,765.2,97535,765.2
2009-04-08,741.67,749.2,736.96,741.67,20505,741.67
2009-04-09,751.1,768.01,750.14,757.69,17743,757.69
2009-04-10,750.14,754.84,735.08,735.08,21674,735.08
2009-04-13,753.9,766.15,752.96,753.9,14556,753.9
2009-04-14,768.01,770.84,746.37,755.78,18274,755.78
2009-04-15,762.38,773.66,762.38,770.84,27622,770.84
2009-04-16,780.25,799.08,774.62,775.55,27518,775.55
2009-04-17,841.42,841.42,815.08,819.78,46854,819.78
2009-04-20,811.31,821.67,790.6,799.08,20399,799.08
2009-04-21,808.5,810.37,758.62,778.38,29217,778.38
2009-04-22,768.96,787.8,741.67,743.55,25817,743.55
2009-04-23,752.96,762.38,742.61,747.3,35807,747.3
2009-04-24,768.96,771.8,752.96,752.96,13069,752.96
2009-04-27,755.78,774.62,752.96,757.69,19336,757.69
2009-04-28,766.15,766.15,724.73,734.14,31768,734.14
2009-04-30,743.55,774.62,743.55,754.84,23587,754.84
2009-05-01,783.08,783.08,758.62,758.62,11793,758.62
2009-05-07,785.9,785.9,757.69,773.66,21038,773.66
2009-05-08,764.25,787.8,764.25,779.32,17212,779.32
2009-05-11,776.49,789.66,767.08,769.9,15301,769.9
2009-05-12,763.32,782.13,755.78,755.78,6799,755.78
2009-05-13,765.2,771.8,762.38,771.8,11262,771.8
2009-05-14,755.78,758.62,734.14,734.14,24437,734.14
2009-05-15,743.55,770.84,743.55,765.2,17318,765.2
2009-05-18,765.2,769.9,743.55,750.14,30068,750.14
2009-05-19,759.54,771.8,744.49,771.8,10626,771.8
2009-05-20,775.55,783.08,759.54,772.73,23055,772.73
2009-05-21,765.2,767.08,743.55,751.1,17956,751.1
2009-05-22,743.55,760.49,743.55,752.96,6056,752.96
2009-05-25,743.55,781.22,743.55,768.96,24969,768.96
2009-05-26,768.96,774.62,753.9,768.01,14875,768.01
2009-05-27,768.01,779.32,752.96,752.96,17106,752.96
2009-05-28,757.69,766.15,752.96,761.42,16892,761.42
2009-05-29,753.9,763.32,745.44,749.2,24012,749.2
2009-06-01,756.72,765.2,749.2,758.62,19655,758.62
2009-06-02,771.8,771.8,758.62,758.62,14556,758.62
2009-06-03,768.01,768.01,756.72,759.54,12431,759.54
2009-06-04,766.15,767.08,759.54,759.54,7968,759.54
2009-06-05,759.54,765.2,752.96,752.96,6906,752.96
2009-06-08,757.69,768.96,752.96,753.9,14556,753.9
2009-06-09,757.69,762.38,748.26,748.26,42073,748.26
2009-06-10,750.14,762.38,750.14,762.38,53760,762.38
2009-06-11,762.38,766.15,753.9,765.2,24650,765.2
2009-06-12,755.78,765.2,752.96,756.72,67147,756.72
2009-06-15,762.38,795.33,762.38,787.8,51317,787.8
2009-06-16,788.74,790.6,753.9,753.9,56205,753.9
2009-06-17,757.69,778.38,752.96,768.01,30812,768.01
2009-06-18,769.9,781.22,755.78,781.22,12751,781.22
2009-06-19,780.25,780.25,757.69,765.2,19762,765.2
2009-06-22,770.84,797.19,770.84,780.25,51956,780.25
2009-06-23,761.42,774.62,754.84,759.54,28475,759.54
2009-06-24,762.38,770.84,759.54,760.49,16256,760.49
2009-06-25,769.9,824.49,769.9,812.25,57267,812.25
2009-06-26,828.25,841.42,812.25,835.79,46962,835.79
2009-06-29,835.79,839.56,822.62,834.84,32723,834.84
2009-06-30,835.79,835.79,818.85,818.85,6588,818.85
2009-07-01,817.91,832.96,804.72,828.25,28156,828.25
2009-07-02,819.78,828.25,809.44,814.14,14237,814.14
2009-07-03,804.72,817.91,784.02,808.5,12005,808.5
2009-07-06,817.91,817.91,795.33,799.08,8712,799.08
2009-07-07,813.21,826.37,804.72,823.56,15406,823.56
2009-07-08,823.56,825.44,800.97,823.56,54080,823.56
2009-07-09,795.33,818.85,795.33,805.67,20930,805.67
2009-07-10,806.61,817.91,780.25,817.91,21994,817.91
2009-07-13,799.08,808.5,775.55,775.55,9349,775.55
2009-07-14,770.84,784.02,760.49,781.22,33575,781.22
2009-07-15,783.08,797.19,782.13,788.74,21994,788.74
2009-07-16,792.5,804.72,792.5,800.02,18062,800.02
2009-07-17,827.31,827.31,806.61,815.08,25180,815.08
2009-07-21,827.31,827.31,812.25,826.37,24543,826.37
2009-07-22,825.44,826.37,816.96,826.37,60136,826.37
2009-07-23,827.31,828.25,816.96,826.37,16468,826.37
2009-07-24,825.44,825.44,800.02,800.02,12855,800.02
2009-07-27,808.5,828.25,808.5,828.25,8394,828.25
2009-07-28,828.25,832.96,812.25,832.96,18699,832.96
2009-07-29,828.25,894.14,827.31,889.43,24755,889.43
2009-07-30,889.43,914.84,870.61,914.84,19655,914.84
2009-07-31,914.84,931.78,906.38,922.39,24755,922.39
2009-08-03,931.78,931.78,904.5,927.08,10306,927.08
2009-08-04,931.78,931.78,884.73,889.43,14450,889.43
2009-08-05,936.51,936.51,902.6,903.55,9668,903.55
2009-08-06,894.14,919.56,886.62,901.67,10200,901.67
2009-08-07,910.14,910.14,849.9,880.02,7968,880.02
2009-08-10,889.43,898.85,882.85,893.21,5419,893.21
2009-08-11,897.9,922.39,896.97,918.61,7543,918.61
2009-08-12,909.19,922.39,908.27,914.84,14661,914.84
2009-08-13,915.81,921.44,914.84,917.67,6906,917.67
2009-08-14,921.44,936.51,907.33,936.51,21356,936.51
2009-08-17,939.31,960.03,936.51,960.03,33256,960.03
2009-08-18,960.03,996.74,934.62,954.38,16468,954.38
2009-08-19,954.38,959.08,940.26,941.21,14875,941.21
2009-08-20,941.21,968.49,941.21,959.08,11475,959.08
2009-08-21,959.08,959.08,924.25,949.67,14981,949.67
2009-08-24,1053.2,1137.92,1011.79,1040.03,84893,1040.03
2009-08-25,1021.2,1021.2,978.85,990.15,57162,990.15
2009-08-26,1018.38,1030.61,992.03,996.74,46536,996.74
2009-08-27,1008.04,1011.79,978.85,983.56,23269,983.56
2009-08-28,968.49,1000.48,968.49,991.08,20188,991.08
2009-08-31,1004.27,1030.61,964.74,1006.14,24650,1006.14
2009-09-01,1006.14,1006.14,964.74,971.33,21356,971.33
2009-09-02,964.74,977.92,940.26,959.08,39205,959.08
2009-09-03,983.56,983.56,947.79,948.73,22312,948.73
2009-09-04,950.62,967.56,940.26,942.15,30279,942.15
2009-09-07,942.15,963.79,940.26,947.79,9881,947.79
2009-09-08,966.62,968.49,944.03,959.08,8499,959.08
2009-09-09,959.08,963.79,951.55,952.5,10094,952.5
2009-09-10,953.43,999.55,953.43,974.14,26031,974.14
2009-09-11,986.38,986.38,956.25,958.15,55035,958.15
2009-09-14,942.15,950.62,900.73,928.97,37186,928.97
2009-09-15,931.78,933.67,911.09,914.84,32937,914.84
2009-09-16,930.85,945.9,884.73,915.81,45049,915.81
2009-09-17,934.62,934.62,908.27,918.61,27306,918.61
2009-09-18,909.19,911.09,894.14,906.38,31980,906.38
2009-09-24,915.81,943.09,915.81,943.09,36975,943.09
2009-09-25,944.03,944.03,910.14,931.78,15406,931.78
2009-09-28,940.26,948.73,931.78,948.73,22736,948.73
2009-09-29,949.67,974.14,937.44,974.14,21356,974.14
2009-09-30,978.85,1009.91,950.62,982.61,25287,982.61
2009-10-01,936.51,969.43,915.81,940.26,35486,940.26
2009-10-02,901.67,940.26,900.73,926.13,17212,926.13
2009-10-05,916.73,916.73,895.08,910.14,17000,910.14
2009-10-06,910.14,935.55,902.6,933.67,24224,933.67
2009-10-07,943.09,988.26,942.15,988.26,92965,988.26
2009-10-08,988.26,1001.45,982.61,988.26,23481,988.26
2009-10-09,984.5,1015.56,919.56,1008.04,77030,1008.04
2009-10-13,1008.96,1008.96,989.21,1003.31,29217,1003.31
2009-10-14,984.5,995.79,942.15,986.38,45686,986.38
2009-10-15,988.26,1011.79,988.26,1011.79,30705,1011.79
2009-10-16,1011.79,1020.27,945.9,987.32,41863,987.32
2009-10-19,956.25,996.74,954.38,992.03,24969,992.03
2009-10-20,996.74,1007.08,980.74,1004.27,29217,1004.27
2009-10-21,985.44,1002.38,968.49,979.79,19124,979.79
2009-10-22,978.85,978.85,950.62,954.38,26775,954.38
2009-10-23,963.79,966.62,928.03,928.97,40906,928.97
2009-10-26,940.26,976.97,938.37,974.14,41967,974.14
2009-10-27,974.14,978.85,934.62,949.67,52166,949.67
2009-10-28,941.21,954.38,928.03,935.55,36442,935.55
2009-10-29,922.39,928.97,894.14,894.14,60031,894.14
2009-10-30,916.73,931.78,914.84,927.08,22312,927.08
2009-11-02,928.03,932.72,909.19,918.61,17743,918.61
2009-11-04,910.14,911.09,900.73,910.14,11686,910.14
2009-11-05,908.27,941.21,895.08,935.55,42604,935.55
2009-11-06,936.51,936.51,905.43,910.14,22525,910.14
2009-11-09,919.56,919.56,895.08,902.6,25392,902.6
2009-11-10,908.27,944.03,896.02,909.19,33042,909.19
2009-11-11,916.73,935.55,887.56,890.38,24437,890.38
2009-11-12,862.14,866.85,847.08,847.08,57799,847.08
2009-11-13,848.04,868.73,843.33,852.73,24331,852.73
2009-11-16,855.57,855.57,802.85,835.79,27731,835.79
2009-11-17,835.79,835.79,805.67,806.61,28262,806.61
2009-11-18,802.85,803.77,762.38,802.85,38356,802.85
2009-11-19,818.85,818.85,785.9,811.31,11582,811.31
2009-11-20,792.5,828.25,788.74,828.25,25606,828.25
2009-11-24,828.25,828.25,782.13,790.6,25392,790.6
2009-11-25,771.8,772.73,734.14,741.67,106885,741.67
2009-11-26,736.01,776.49,736.01,766.15,33998,766.15
2009-11-27,766.15,767.08,736.01,742.61,29856,742.61
2009-11-30,740.73,773.66,740.73,767.08,35486,767.08
2009-12-01,761.42,835.79,757.69,832.96,83404,832.96
2009-12-02,802.85,838.61,802.85,817.91,33362,817.91
2009-12-03,823.56,851.79,823.56,851.79,49405,851.79
2009-12-04,852.73,852.73,827.31,842.38,15724,842.38
2009-12-07,842.38,853.66,827.31,842.38,43243,842.38
2009-12-08,842.38,842.38,825.44,828.25,17637,828.25
2009-12-09,826.37,826.37,804.72,804.72,36125,804.72
2009-12-10,800.02,816.96,779.32,808.5,53018,808.5
2009-12-11,817.91,827.31,786.85,810.37,50573,810.37
2009-12-14,800.97,808.5,785.9,799.08,34954,799.08
2009-12-15,799.08,812.25,797.19,809.44,37504,809.44
2009-12-16,810.37,835.79,810.37,832.03,46749,832.03
2009-12-17,833.89,851.79,817.91,827.31,45581,827.31
2009-12-18,810.37,825.44,809.44,814.14,16786,814.14
2009-12-21,815.08,815.08,794.37,795.33,28156,795.33
2009-12-22,800.02,805.67,782.13,787.8,34425,787.8
2009-12-24,791.55,794.37,774.62,781.22,50681,781.22
2009-12-25,771.8,787.8,757.69,766.15,48768,766.15
2009-12-28,766.15,779.32,766.15,766.15,32723,766.15
2009-12-29,768.01,769.9,752.96,761.42,26031,761.42
2009-12-30,762.38,762.38,753.9,753.9,29111,753.9
2010-01-04,751.1,753.9,747.3,748.26,20505,748.26
2010-01-05,754.84,764.25,750.14,750.14,32087,750.14
2010-01-06,752.96,758.62,751.1,755.78,122716,755.78
2010-01-07,760.49,768.96,755.78,762.38,31130,762.38
2010-01-08,762.38,783.08,759.54,781.22,31874,781.22
2010-01-12,776.49,785.9,773.66,781.22,47705,781.22
2010-01-13,781.22,798.14,781.22,785.9,56310,785.9
2010-01-14,781.22,785.9,774.62,785.9,19231,785.9
2010-01-15,781.22,785.9,776.49,781.22,31980,781.22
2010-01-18,770.84,777.43,760.49,768.96,24224,768.96
2010-01-19,770.84,781.22,768.01,776.49,21674,776.49
2010-01-20,772.73,780.25,767.08,771.8,19869,771.8
2010-01-21,760.49,794.37,760.49,790.6,50681,790.6
2010-01-22,777.43,777.43,760.49,768.96,53018,768.96
2010-01-25,768.96,771.8,756.72,766.15,19124,766.15
2010-01-26,767.08,789.66,757.69,759.54,37930,759.54
2010-01-27,760.49,774.62,754.84,755.78,16681,755.78
2010-01-28,757.69,769.9,752.96,762.38,15617,762.38
2010-01-29,762.38,762.38,748.26,748.26,25287,748.26
2010-02-01,748.26,748.26,716.26,736.96,22312,736.96
2010-02-02,733.19,759.54,731.31,746.37,15406,746.37
2010-02-03,760.49,773.66,760.49,762.38,15406,762.38
2010-02-04,762.38,763.32,742.61,748.26,12325,748.26
2010-02-05,731.31,739.78,721.9,734.14,18807,734.14
2010-02-08,735.08,752.96,725.67,752.96,14130,752.96
2010-02-09,724.73,737.91,720.02,729.42,20611,729.42
2010-02-10,741.67,741.67,728.5,729.42,10944,729.42
2010-02-12,742.61,752.96,732.26,752.96,18487,752.96
2010-02-15,752.96,754.84,740.73,746.37,21250,746.37
2010-02-16,746.37,751.1,741.67,744.49,13069,744.49
2010-02-17,752.02,761.42,743.55,757.69,17849,757.69
2010-02-18,757.69,770.84,751.1,760.49,14343,760.49
2010-02-19,776.49,778.38,763.32,769.9,24755,769.9
2010-02-22,769.9,796.26,766.15,785.9,44836,785.9
2010-02-23,784.96,784.96,756.72,780.25,19550,780.25
2010-02-24,766.15,774.62,753.9,755.78,26349,755.78
2010-02-25,748.26,768.01,744.49,763.32,25606,763.32
2010-02-26,750.14,777.43,750.14,772.73,21567,772.73
2010-03-01,772.73,785.9,750.14,770.84,27837,770.84
2010-03-02,771.8,781.22,762.38,779.32,20399,779.32
2010-03-03,766.15,779.32,749.2,759.54,41755,759.54
2010-03-04,758.62,777.43,757.69,763.32,35274,763.32
2010-03-05,776.49,777.43,758.62,769.9,41224,769.9
2010-03-08,781.22,781.22,771.8,776.49,15193,776.49
2010-03-09,765.2,772.73,762.38,765.2,24224,765.2
2010-03-10,764.25,770.84,744.49,762.38,64598,762.38
2010-03-11,763.32,769.9,757.69,765.2,20505,765.2
2010-03-12,765.2,771.8,756.72,767.08,59605,767.08
2010-03-15,767.08,767.08,759.54,763.32,20079,763.32
2010-03-16,765.2,768.96,758.62,762.38,9988,762.38
2010-03-17,768.96,768.96,759.54,768.01,13069,768.01
2010-03-18,765.2,776.49,763.32,768.01,19975,768.01
2010-03-19,765.2,780.25,765.2,775.55,16681,775.55
2010-03-23,771.8,778.38,766.15,774.62,40373,774.62
2010-03-24,780.25,781.22,767.08,780.25,54398,780.25
2010-03-25,781.22,828.25,776.49,828.25,110922,828.25
2010-03-26,836.74,903.55,836.74,892.27,203357,892.27
2010-03-29,892.27,893.21,852.73,861.2,99660,861.2
2010-03-30,875.31,907.33,871.55,903.55,122290,903.55
2010-03-31,917.67,928.03,902.6,908.27,121334,908.27
2010-04-01,906.38,908.27,893.21,904.5,100829,904.5
2010-04-02,904.5,904.5,885.68,898.85,34850,898.85
2010-04-05,897.9,905.43,886.62,898.85,39099,898.85
2010-04-06,889.43,889.43,856.49,869.68,52380,869.68
2010-04-07,869.68,870.61,855.57,863.09,91054,863.09
2010-04-08,848.97,862.14,843.33,850.84,56100,850.84
2010-04-09,843.33,858.37,843.33,856.49,24117,856.49
2010-04-12,856.49,869.68,829.19,847.08,56310,847.08
2010-04-13,856.49,857.44,837.67,850.84,76816,850.84
2010-04-14,850.84,861.2,846.14,851.79,44093,851.79
2010-04-15,847.08,880.96,838.61,866.85,124203,866.85
2010-04-16,871.55,880.96,868.73,871.55,55992,871.55
2010-04-19,847.08,872.5,847.08,851.79,42181,851.79
2010-04-20,847.08,853.66,843.33,843.33,30279,843.33
2010-04-21,857.44,889.43,857.44,884.73,89567,884.73
2010-04-22,884.73,884.73,860.27,874.37,65768,874.37
2010-04-23,866.85,876.26,863.09,874.37,22630,874.37
2010-04-26,875.31,889.43,874.37,886.62,60348,886.62
2010-04-27,886.62,888.48,872.5,881.9,157457,881.9
2010-04-28,856.49,861.2,842.38,846.14,88717,846.14
2010-04-30,854.61,866.85,852.73,863.09,96578,863.09
2010-05-06,848.97,848.97,818.85,820.72,123034,820.72
2010-05-07,806.61,826.37,795.33,821.67,62473,821.67
2010-05-10,822.62,844.26,819.78,842.38,36125,842.38
2010-05-11,847.08,847.08,837.67,837.67,53018,837.67
2010-05-12,844.26,844.26,833.89,837.67,34212,837.67
2010-05-13,841.42,851.79,837.67,846.14,92009,846.14
2010-05-14,833.89,846.14,833.89,838.61,22844,838.61
2010-05-17,838.61,846.14,825.44,835.79,33467,835.79
2010-05-18,825.44,839.56,819.78,827.31,15724,827.31
2010-05-19,826.37,826.37,789.66,811.31,22949,811.31
2010-05-20,818.85,832.96,806.61,820.72,17849,820.72
2010-05-21,804.72,805.67,785.9,793.44,32299,793.44
2010-05-24,788.74,788.74,779.32,783.08,13918,783.08
2010-05-25,779.32,794.37,774.62,779.32,78835,779.32
2010-05-26,780.25,794.37,752.96,755.78,30919,755.78
2010-05-27,755.78,756.72,742.61,746.37,31236,746.37
2010-05-28,760.49,763.32,747.3,760.49,38674,760.49
2010-05-31,768.01,800.97,768.01,800.97,23375,800.97
2010-06-01,800.97,812.25,789.66,803.77,15512,803.77
2010-06-02,800.02,800.02,791.55,793.44,13387,793.44
2010-06-03,800.02,832.03,792.5,824.49,20079,824.49
2010-06-04,824.49,830.15,818.85,828.25,9138,828.25
2010-06-07,802.85,826.37,801.92,815.08,26775,815.08
2010-06-08,829.19,832.03,811.31,823.56,36336,823.56
2010-06-09,823.56,828.25,816.96,826.37,52699,826.37
2010-06-10,823.56,834.84,823.56,831.09,12325,831.09
2010-06-11,844.26,862.14,837.67,856.49,55460,856.49
2010-06-14,872.5,883.79,865.91,881.9,13387,881.9
2010-06-15,881.9,881.9,866.85,875.31,19017,875.31
2010-06-16,877.2,888.48,860.27,874.37,51317,874.37
2010-06-17,863.09,863.09,846.14,851.79,21994,851.79
2010-06-18,842.38,866.85,818.85,847.08,20719,847.08
2010-06-21,860.27,874.37,843.33,864.01,19975,864.01
2010-06-22,851.79,873.44,848.97,868.73,18487,868.73
2010-06-23,854.61,858.37,843.33,851.79,11050,851.79
2010-06-24,852.73,855.57,847.08,850.84,7757,850.84
2010-06-25,836.74,855.57,836.74,845.2,13706,845.2
2010-06-28,846.14,856.49,837.67,852.73,14450,852.73
2010-06-29,846.14,853.66,831.09,839.56,21887,839.56
2010-06-30,814.14,831.09,797.19,828.25,38250,828.25
2010-07-01,820.72,820.72,783.08,793.44,25287,793.44
2010-07-02,794.37,808.5,790.6,790.6,13069,790.6
2010-07-05,791.55,805.67,791.55,802.85,16256,802.85
2010-07-06,794.37,807.55,793.44,804.72,15301,804.72
2010-07-07,799.08,803.77,796.26,798.14,20399,798.14
2010-07-08,807.55,834.84,803.77,809.44,29750,809.44
2010-07-09,818.85,818.85,795.33,801.92,17637,801.92
2010-07-12,799.08,799.08,783.08,784.96,8287,784.96
2010-07-13,784.96,795.33,757.69,769.9,67785,769.9
2010-07-14,776.49,789.66,774.62,781.22,16468,781.22
2010-07-15,781.22,786.85,777.43,778.38,20079,778.38
2010-07-16,776.49,779.32,758.62,760.49,24650,760.49
2010-07-20,760.49,765.2,760.49,763.32,13918,763.32
2010-07-21,764.25,769.9,763.32,763.32,9774,763.32
2010-07-22,740.73,743.55,733.19,733.19,71930,733.19
2010-07-23,739.78,746.37,736.96,736.96,26560,736.96
2010-07-26,738.84,751.1,736.96,738.84,14981,738.84
2010-07-27,739.78,742.61,738.84,738.84,11475,738.84
2010-07-28,743.55,756.72,739.78,752.96,63643,752.96
2010-07-29,751.1,755.78,743.55,752.02,80323,752.02
2010-07-30,752.02,752.02,738.84,740.73,57693,740.73
2010-08-02,741.67,745.44,724.73,727.57,18913,727.57
2010-08-03,730.36,740.73,728.5,732.26,16681,732.26
2010-08-04,724.73,728.5,708.73,710.62,19655,710.62
2010-08-05,723.78,740.73,714.37,724.73,26560,724.73
2010-08-06,717.2,738.84,717.2,731.31,14981,731.31
2010-08-09,724.73,730.36,724.73,725.67,9138,725.67
2010-08-10,724.73,727.57,709.66,713.44,10944,713.44
2010-08-11,710.62,710.62,686.13,698.38,22099,698.38
2010-08-12,703.08,737.91,691.77,733.19,52272,733.19
2010-08-13,732.26,753.9,725.67,751.1,30173,751.1
2010-08-16,751.1,756.72,748.26,749.2,26031,749.2
2010-08-17,739.78,751.1,736.96,746.37,12751,746.37
2010-08-18,751.1,768.96,747.3,766.15,24224,766.15
2010-08-19,757.69,777.43,757.69,772.73,28793,772.73
2010-08-20,763.32,769.9,749.2,749.2,13069,749.2
2010-08-23,738.84,746.37,735.08,735.08,13069,735.08
2010-08-24,729.42,729.42,724.73,727.57,18062,727.57
2010-08-25,739.78,751.1,734.14,742.61,25392,742.61
2010-08-26,743.55,750.14,740.73,747.3,11793,747.3
2010-08-27,749.2,761.42,740.73,761.42,33362,761.42
2010-08-30,766.15,778.38,753.9,772.73,15724,772.73
2010-08-31,759.54,768.01,744.49,760.49,33786,760.49
2010-09-01,760.49,763.32,738.84,753.9,23799,753.9
2010-09-02,768.01,770.84,760.49,768.01,17956,768.01
2010-09-03,753.9,765.2,752.96,765.2,15831,765.2
2010-09-06,765.2,781.22,752.96,774.62,15831,774.62
2010-09-07,765.2,776.49,762.38,769.9,4781,769.9
2010-09-08,763.32,763.32,758.62,762.38,3080,762.38
2010-09-09,762.38,767.08,756.72,767.08,7543,767.08
2010-09-10,781.22,782.13,768.01,770.84,38356,770.84
2010-09-13,772.73,778.38,763.32,767.08,9881,767.08
2010-09-14,768.01,777.43,768.01,775.55,8925,775.55
2010-09-15,775.55,799.08,775.55,789.66,28156,789.66
2010-09-16,796.26,796.26,770.84,777.43,13599,777.43
2010-09-17,780.25,800.02,778.38,796.26,18913,796.26
2010-09-21,799.08,800.02,781.22,781.22,10411,781.22
2010-09-22,775.55,785.9,775.55,778.38,6906,778.38
2010-09-24,778.38,783.08,758.62,768.96,9988,768.96
2010-09-27,771.8,800.02,769.9,800.02,18062,800.02
2010-09-28,800.02,804.72,799.08,800.02,19655,800.02
2010-09-29,805.67,825.44,804.72,816.03,26881,816.03
2010-09-30,816.03,821.67,797.19,806.61,25074,806.61
2010-10-01,806.61,806.61,798.14,800.97,34425,800.97
2010-10-04,795.33,795.33,768.01,771.8,17637,771.8
2010-10-05,757.69,780.25,751.1,771.8,36868,771.8
2010-10-06,771.8,785.9,770.84,783.08,14981,783.08
2010-10-07,781.22,796.26,773.66,780.25,75328,780.25
2010-10-08,772.73,787.8,764.25,764.25,23055,764.25
2010-10-12,768.01,768.01,730.36,730.36,52804,730.36
2010-10-13,731.31,747.3,723.78,723.78,33998,723.78
2010-10-14,723.78,739.78,723.78,734.14,31449,734.14
2010-10-15,735.08,738.84,716.26,720.97,26775,720.97
2010-10-18,718.13,734.14,713.44,724.73,11793,724.73
2010-10-19,718.13,730.36,708.73,716.26,20399,716.26
2010-10-20,711.55,711.55,699.3,703.08,33042,703.08
2010-10-21,703.08,710.62,690.85,704.02,14875,704.02
2010-10-22,699.3,708.73,699.3,702.15,21143,702.15
2010-10-25,688.02,703.08,688.02,693.67,35807,693.67
2010-10-26,693.67,710.62,693.67,704.02,34744,704.02
2010-10-27,705.89,720.02,705.89,713.44,24331,713.44
2010-10-28,719.08,719.08,703.08,703.08,49405,703.08
2010-10-29,703.08,703.08,688.96,700.25,29536,700.25
2010-11-01,701.2,708.73,700.25,700.25,18487,700.25
2010-11-02,703.08,703.08,678.61,686.13,25817,686.13
2010-11-04,688.96,703.08,688.96,698.38,21038,698.38
2010-11-05,705.89,736.96,705.89,726.6,31555,726.6
2010-11-08,728.5,738.84,725.67,728.5,14130,728.5
2010-11-09,725.67,732.26,724.73,727.57,9668,727.57
2010-11-10,721.9,742.61,721.9,736.01,20611,736.01
2010-11-11,729.42,741.67,721.9,724.73,26881,724.73
2010-11-12,722.84,724.73,713.44,714.37,19336,714.37
2010-11-15,714.37,714.37,701.2,704.96,29325,704.96
2010-11-16,703.08,706.83,699.3,699.3,28793,699.3
2010-11-17,696.49,704.96,696.49,698.38,15088,698.38
2010-11-18,705.89,722.84,697.43,720.97,25392,720.97
2010-11-19,724.73,733.19,715.31,715.31,31768,715.31
2010-11-22,727.57,743.55,727.57,743.55,32087,743.55
2010-11-24,729.42,734.14,720.97,725.67,33893,725.67
2010-11-25,739.78,741.67,722.84,722.84,104655,722.84
2010-11-26,722.84,733.19,715.31,718.13,34637,718.13
2010-11-29,718.13,724.73,714.37,719.08,30812,719.08
2010-11-30,720.02,723.78,705.89,719.08,25392,719.08
2010-12-01,719.08,721.9,710.62,716.26,21250,716.26
2010-12-02,733.19,733.19,717.2,717.2,21567,717.2
2010-12-03,720.02,734.14,720.02,729.42,28793,729.42
2010-12-06,733.19,749.2,733.19,737.91,15193,737.91
2010-12-07,723.78,743.55,723.78,743.55,77879,743.55
2010-12-08,739.78,764.25,739.78,759.54,40162,759.54
2010-12-09,758.62,765.2,752.96,754.84,22204,754.84
2010-12-10,757.69,757.69,742.61,744.49,62260,744.49
2010-12-13,744.49,759.54,743.55,756.72,17849,756.72
2010-12-14,760.49,777.43,758.62,776.49,35486,776.49
2010-12-15,776.49,784.02,776.49,784.02,33256,784.02
2010-12-16,784.02,788.74,780.25,784.96,37294,784.96
2010-12-17,785.9,789.66,784.96,784.96,32830,784.96
2010-12-20,784.96,785.9,771.8,774.62,41224,774.62
2010-12-21,779.32,779.32,752.02,768.01,27092,768.01
2010-12-22,768.96,776.49,763.32,767.08,20399,767.08
2010-12-24,767.08,768.96,752.96,761.42,21463,761.42
2010-12-27,762.38,769.9,761.42,764.25,14875,764.25
2010-12-28,764.25,771.8,764.25,765.2,20719,765.2
2010-12-29,769.9,779.32,762.38,779.32,30068,779.32
2010-12-30,779.32,785.9,763.32,785.9,40906,785.9
2011-01-04,784.96,784.96,770.84,771.8,29005,771.8
2011-01-05,771.8,776.49,764.25,766.15,26243,766.15
2011-01-06,767.08,770.84,764.25,767.08,21781,767.08
2011-01-07,768.96,768.96,758.62,758.62,24650,758.62
2011-01-11,762.38,765.2,752.02,758.62,31024,758.62
2011-01-12,765.2,765.2,754.84,755.78,22844,755.78
2011-01-13,755.78,760.49,755.78,757.69,27943,757.69
2011-01-14,755.78,759.54,753.9,756.72,29217,756.72
2011-01-17,757.69,759.54,756.72,756.72,22949,756.72
2011-01-18,756.72,767.08,756.72,763.32,30812,763.32
2011-01-19,771.8,786.85,767.08,786.85,70124,786.85
2011-01-20,786.85,786.85,779.32,781.22,45474,781.22
2011-01-21,776.49,778.38,767.08,767.08,76604,767.08
2011-01-24,764.25,765.2,752.96,759.54,40480,759.54
2011-01-25,758.62,766.15,755.78,761.42,29536,761.42
2011-01-26,762.38,764.25,760.49,762.38,14661,762.38
2011-01-27,763.32,771.8,763.32,768.96,19336,768.96
2011-01-28,768.96,769.9,757.69,757.69,35274,757.69
2011-01-31,751.1,751.1,739.78,743.55,39737,743.55
2011-02-01,744.49,760.49,743.55,750.14,49405,750.14
2011-02-02,760.49,769.9,754.84,760.49,20505,760.49
2011-02-03,764.25,771.8,756.72,759.54,21781,759.54
2011-02-04,769.9,775.55,766.15,766.15,18807,766.15
2011-02-07,771.8,774.62,761.42,763.32,14769,763.32
2011-02-08,765.2,769.9,762.38,762.38,14556,762.38
2011-02-09,760.49,765.2,753.9,757.69,14556,757.69
2011-02-10,757.69,766.15,757.69,762.38,17000,762.38
2011-02-14,767.08,769.9,767.08,769.9,21463,769.9
2011-02-15,771.8,784.96,769.9,776.49,48979,776.49
2011-02-16,776.49,781.22,756.72,756.72,31768,756.72
2011-02-17,758.62,767.08,758.62,758.62,41967,758.62
2011-02-18,769.9,769.9,754.84,761.42,39523,761.42
2011-02-21,797.19,902.6,796.26,902.6,641838,902.6
2011-02-22,846.14,863.09,820.72,831.09,536760,831.09
2011-02-23,817.91,832.03,807.55,812.25,120909,812.25
2011-02-24,801.92,808.5,772.73,783.08,191775,783.08
2011-02-25,783.08,796.26,778.38,793.44,80323,793.44
2011-02-28,793.44,806.61,786.85,806.61,58542,806.61
2011-03-01,806.61,819.78,805.67,815.08,104121,815.08
2011-03-02,812.25,817.91,809.44,815.08,89778,815.08
2011-03-03,815.08,828.25,815.08,819.78,31980,819.78
2011-03-04,828.25,828.25,819.78,822.62,43137,822.62
2011-03-07,818.85,822.62,815.08,816.96,64704,816.96
2011-03-08,814.14,823.56,811.31,813.21,55143,813.21
2011-03-09,816.96,823.56,814.14,816.03,52592,816.03
2011-03-10,816.03,816.03,804.72,806.61,54505,806.61
2011-03-11,802.85,802.85,786.85,786.85,103273,786.85
2011-03-14,677.67,743.55,677.67,711.55,111878,711.55
2011-03-15,705.89,705.89,603.31,656.96,115491,656.96
2011-03-16,638.14,738.84,638.14,702.15,96685,702.15
2011-03-17,673.9,721.9,672.96,707.79,88079,707.79
2011-03-18,719.08,748.26,719.08,736.01,82448,736.01
2011-03-22,750.14,758.62,733.19,733.19,58011,733.19
2011-03-23,733.19,750.14,726.6,738.84,59286,738.84
2011-03-24,732.26,738.84,703.08,708.73,98066,708.73
2011-03-25,722.84,724.73,702.15,705.89,59605,705.89
2011-03-28,705.89,714.37,700.25,714.37,37294,714.37
2011-03-29,705.89,720.97,698.38,720.02,51317,720.02
2011-03-30,715.31,726.6,708.73,726.6,56310,726.6
2011-03-31,728.5,748.26,717.2,748.26,57480,748.26
2011-04-01,748.26,752.96,720.02,721.9,29005,721.9
2011-04-04,721.9,749.2,721.9,727.57,30812,727.57
2011-04-05,725.67,726.6,717.2,723.78,38780,723.78
2011-04-06,723.78,728.5,717.2,722.84,52804,722.84
2011-04-07,721.9,736.01,718.13,723.78,82024,723.78
2011-04-08,719.08,740.73,718.13,731.31,34212,731.31
2011-04-11,732.26,747.3,732.26,739.78,24543,739.78
2011-04-12,733.19,739.78,724.73,733.19,67679,733.19
2011-04-13,731.31,747.3,731.31,740.73,15406,740.73
2011-04-14,734.14,771.8,734.14,759.54,33998,759.54
2011-04-15,759.54,767.08,736.01,742.61,75861,742.61
2011-04-18,743.55,744.49,735.08,735.08,16786,735.08
2011-04-19,733.19,743.55,729.42,738.84,26031,738.84
2011-04-20,745.44,763.32,744.49,750.14,26667,750.14
2011-04-21,752.96,754.84,739.78,747.3,24437,747.3
2011-04-22,740.73,743.55,734.14,738.84,22099,738.84
2011-04-25,734.14,760.49,734.14,760.49,61517,760.49
2011-04-26,759.54,759.54,741.67,751.1,25606,751.1
2011-04-27,751.1,763.32,748.26,748.26,34212,748.26
2011-04-28,750.14,759.54,745.44,759.54,32723,759.54
2011-05-02,759.54,766.15,753.9,762.38,12644,762.38
2011-05-06,757.69,760.49,747.3,750.14,17106,750.14
2011-05-09,755.78,759.54,751.1,759.54,14343,759.54
2011-05-10,760.49,767.08,757.69,761.42,39312,761.42
2011-05-11,763.32,770.84,762.38,762.38,24755,762.38
2011-05-12,748.26,767.08,746.37,758.62,22844,758.62
2011-05-13,759.54,763.32,751.1,760.49,70335,760.49
2011-05-16,760.49,763.32,752.96,757.69,36125,757.69
2011-05-17,752.02,752.02,745.44,745.44,40693,745.44
2011-05-18,742.61,752.02,740.73,748.26,39737,748.26
2011-05-19,749.2,752.02,734.14,736.01,27092,736.01
2011-05-20,734.14,741.67,734.14,735.08,26349,735.08
2011-05-23,736.96,742.61,733.19,740.73,19443,740.73
2011-05-24,740.73,750.14,730.36,743.55,32194,743.55
2011-05-25,752.96,758.62,747.3,752.02,92965,752.02
2011-05-26,746.37,754.84,745.44,752.02,16786,752.02
2011-05-27,757.69,758.62,743.55,748.26,15193,748.26
2011-05-30,748.26,761.42,736.01,757.69,26881,757.69
2011-05-31,755.78,773.66,754.84,773.66,22525,773.66
2011-06-01,776.49,776.49,752.96,771.8,31555,771.8
2011-06-02,753.9,754.84,749.2,753.9,21567,753.9
2011-06-03,754.84,757.69,752.96,754.84,28580,754.84
2011-06-06,755.78,763.32,724.73,750.14,21887,750.14
2011-06-07,745.44,762.38,742.61,759.54,9668,759.54
2011-06-08,760.49,763.32,753.9,760.49,10944,760.49
2011-06-09,760.49,776.49,752.96,770.84,33467,770.84
2011-06-10,784.96,785.9,756.72,781.22,46749,781.22
2011-06-13,767.08,767.08,753.9,758.62,12961,758.62
2011-06-14,758.62,767.08,751.1,761.42,16149,761.42
2011-06-15,759.54,763.32,753.9,755.78,22204,755.78
2011-06-16,751.1,755.78,748.26,748.26,14769,748.26
2011-06-17,748.26,752.02,745.44,751.1,25180,751.1
2011-06-20,752.02,759.54,750.14,750.14,11262,750.14
2011-06-21,748.26,757.69,748.26,755.78,22099,755.78
2011-06-22,756.72,796.26,756.72,784.96,29111,784.96
2011-06-23,771.8,784.96,768.01,771.8,10837,771.8
2011-06-24,775.55,795.33,775.55,795.33,14769,795.33
2011-06-27,795.33,795.33,786.85,794.37,18699,794.37
2011-06-28,793.44,801.92,785.9,797.19,29111,797.19
2011-06-29,799.08,801.92,796.26,801.92,10200,801.92
2011-06-30,802.85,802.85,782.13,800.02,15617,800.02
2011-07-01,800.02,802.85,796.26,798.14,20719,798.14
2011-07-04,804.72,804.72,800.02,801.92,11368,801.92
2011-07-05,795.33,805.67,795.33,800.97,26456,800.97
2011-07-06,796.26,808.5,791.55,808.5,16681,808.5
2011-07-07,805.67,812.25,804.72,806.61,18168,806.61
2011-07-08,813.21,828.25,808.5,816.03,42073,816.03
2011-07-11,807.55,821.67,807.55,820.72,10411,820.72
2011-07-12,809.44,818.85,802.85,814.14,15831,814.14
2011-07-13,809.44,817.91,808.5,814.14,12961,814.14
2011-07-14,809.44,812.25,803.77,804.72,20505,804.72
2011-07-15,804.72,811.31,791.55,800.02,24331,800.02
2011-07-19,803.77,813.21,800.97,808.5,16364,808.5
2011-07-20,809.44,816.96,808.5,815.08,10626,815.08
2011-07-21,814.14,814.14,805.67,808.5,63217,808.5
2011-07-22,811.31,814.14,806.61,806.61,11900,806.61
2011-07-25,800.97,803.77,796.26,799.08,7543,799.08
2011-07-26,796.26,801.92,796.26,797.19,12537,797.19
2011-07-27,797.19,805.67,780.25,800.02,42923,800.02
2011-07-28,800.02,800.02,772.73,772.73,48448,772.73
2011-07-29,786.85,789.66,770.84,774.62,21463,774.62
2011-08-01,774.62,788.74,774.62,780.25,20188,780.25
2011-08-02,780.25,781.22,771.8,779.32,8818,779.32
2011-08-03,765.2,770.84,755.78,755.78,17532,755.78
2011-08-04,757.69,761.42,748.26,748.26,15406,748.26
2011-08-05,738.84,746.37,714.37,745.44,22525,745.44
2011-08-08,731.31,738.84,717.2,729.42,19869,729.42
2011-08-09,708.73,718.13,690.85,709.66,23799,709.66
2011-08-10,720.97,730.36,717.2,724.73,28793,724.73
2011-08-11,722.84,737.91,708.73,736.01,20930,736.01
2011-08-12,752.02,752.02,730.36,739.78,23906,739.78
2011-08-15,740.73,748.26,736.96,741.67,21143,741.67
2011-08-16,737.91,743.55,729.42,739.78,21250,739.78
2011-08-17,733.19,740.73,733.19,739.78,12005,739.78
2011-08-18,739.78,747.3,731.31,746.37,26456,746.37
2011-08-19,732.26,746.37,732.26,746.37,20930,746.37
2011-08-22,735.08,739.78,706.83,706.83,29536,706.83
2011-08-23,720.02,744.49,707.79,736.96,30598,736.96
2011-08-24,744.49,745.44,723.78,737.91,14556,737.91
2011-08-25,737.91,745.44,728.5,728.5,24224,728.5
2011-08-26,735.08,741.67,725.67,734.14,19336,734.14
2011-08-29,735.08,739.78,722.84,733.19,24862,733.19
2011-08-30,747.3,760.49,743.55,752.02,22204,752.02
2011-08-31,753.9,761.42,748.26,753.9,21887,753.9
2011-09-01,753.9,762.38,749.2,753.9,11900,753.9
2011-09-02,748.26,762.38,746.37,760.49,19869,760.49
2011-09-05,760.49,760.49,758.62,758.62,1062,758.62
2011-09-06,758.62,761.42,745.44,754.84,18274,754.84
2011-09-07,753.9,754.84,738.84,752.96,17212,752.96
2011-09-08,752.02,760.49,747.3,760.49,22736,760.49
2011-09-09,761.42,774.62,761.42,765.2,67679,765.2
2011-09-12,751.1,755.78,737.91,754.84,12112,754.84
2011-09-13,747.3,774.62,744.49,753.9,18487,753.9
2011-09-14,764.25,772.73,757.69,762.38,28368,762.38
2011-09-15,765.2,777.43,765.2,771.8,44411,771.8
2011-09-16,774.62,777.43,762.38,777.43,64598,777.43
2011-09-20,776.49,776.49,743.55,745.44,13813,745.44
2011-09-21,751.1,753.9,722.84,722.84,17318,722.84
2011-09-22,720.02,731.31,715.31,728.5,10944,728.5
2011-09-26,729.42,740.73,683.31,691.77,29536,691.77
2011-09-27,691.77,706.83,691.77,699.3,46110,699.3
2011-09-28,697.43,710.62,683.31,691.77,56100,691.77
2011-09-29,691.77,737.91,691.77,731.31,29750,731.31
2011-09-30,732.26,752.02,728.5,752.02,26881,752.02
2011-10-03,727.57,729.42,704.02,704.02,23587,704.02
2011-10-04,695.56,695.56,664.49,673.9,27518,673.9
2011-10-05,678.61,687.08,659.79,660.74,26031,660.74
2011-10-06,665.43,682.37,665.43,682.37,22736,682.37
2011-10-07,680.49,697.43,680.49,688.02,83297,688.02
2011-10-11,716.26,724.73,709.66,719.08,14769,719.08
2011-10-12,727.57,736.96,710.62,733.19,12219,733.19
2011-10-13,740.73,758.62,737.91,751.1,30598,751.1
2011-10-14,747.3,752.02,740.73,747.3,19550,747.3
2011-10-17,747.3,762.38,747.3,762.38,23906,762.38
2011-10-18,762.38,762.38,728.5,734.14,27306,734.14
2011-10-19,746.37,746.37,724.73,729.42,17743,729.42
2011-10-20,727.57,728.5,720.02,720.97,8075,720.97
2011-10-21,720.97,723.78,719.08,720.02,5524,720.02
2011-10-24,723.78,737.91,723.78,734.14,6482,734.14
2011-10-25,720.02,734.14,712.48,716.26,16786,716.26
2011-10-26,710.62,724.73,710.62,719.08,6692,719.08
2011-10-27,719.08,741.67,719.08,737.91,19336,737.91
2011-10-28,747.3,751.1,736.96,747.3,32405,747.3
2011-10-31,747.3,752.02,736.96,740.73,18699,740.73
2011-11-01,740.73,740.73,725.67,732.26,8287,732.26
2011-11-02,721.9,732.26,706.83,714.37,27518,714.37
2011-11-04,714.37,724.73,707.79,719.08,12005,719.08
2011-11-07,709.66,717.2,709.66,716.26,4569,716.26
2011-11-08,707.79,715.31,703.08,706.83,6163,706.83
2011-11-09,708.73,724.73,705.89,724.73,8499,724.73
2011-11-10,703.08,707.79,695.56,707.79,7438,707.79
2011-11-11,712.48,721.9,706.83,721.9,6692,721.9
2011-11-14,723.78,725.67,715.31,720.02,4355,720.02
2011-11-15,720.02,720.02,705.89,711.55,14875,711.55
2011-11-16,714.37,722.84,711.55,721.9,7013,721.9
2011-11-17,719.08,724.73,714.37,723.78,18274,723.78
2011-11-18,714.37,724.73,711.55,721.9,10626,721.9
2011-11-21,712.48,726.6,712.48,726.6,5630,726.6
2011-11-22,724.73,724.73,708.73,717.2,17318,717.2
2011-11-24,703.08,707.79,691.77,701.2,26456,701.2
2011-11-25,709.66,709.66,688.96,688.96,76179,688.96
2011-11-28,688.96,697.43,688.96,692.72,19017,692.72
2011-11-29,701.2,701.2,696.49,701.2,13387,701.2
2011-11-30,696.49,696.49,681.44,687.08,34318,687.08
2011-12-01,691.77,700.25,690.85,692.72,19655,692.72
2011-12-02,688.02,688.02,675.77,675.77,57905,675.77
2011-12-05,677.67,683.31,677.67,677.67,36442,677.67
2011-12-06,678.61,683.31,662.59,662.59,29750,662.59
2011-12-07,668.26,681.44,665.43,673.9,22949,673.9
2011-12-08,679.54,679.54,672.02,672.02,9349,672.02
2011-12-09,672.02,675.77,663.55,673.9,72248,673.9
2011-12-12,676.73,678.61,662.59,662.59,32830,662.59
2011-12-13,663.55,668.26,659.79,664.49,45049,664.49
2011-12-14,667.32,671.07,666.37,666.37,10730,666.37
2011-12-15,666.37,670.13,663.55,663.55,27837,663.55
2011-12-16,668.26,668.26,661.66,661.66,21781,661.66
2011-12-19,663.55,666.37,661.66,661.66,16364,661.66
2011-12-20,662.59,675.77,662.59,668.26,18487,668.26
2011-12-21,680.49,680.49,665.43,668.26,21887,668.26
2011-12-22,668.26,671.07,664.49,671.07,10730,671.07
2011-12-26,672.96,673.9,672.02,672.02,3293,672.02
2011-12-27,672.02,672.96,670.13,671.07,8179,671.07
2011-12-28,664.49,668.26,659.79,664.49,6692,664.49
2011-12-29,664.49,679.54,656.01,670.13,15406,670.13
2011-12-30,670.13,679.54,670.13,675.77,8499,675.77
2012-01-04,679.54,688.02,672.96,676.73,24437,676.73
2012-01-05,666.37,669.19,663.55,664.49,9242,664.49
2012-01-06,664.49,664.49,658.84,660.74,9774,660.74
2012-01-10,671.07,672.02,660.74,663.55,10200,663.55
2012-01-11,661.66,669.19,661.66,663.55,14130,663.55
2012-01-12,663.55,663.55,657.9,660.74,19231,660.74
2012-01-13,657.9,659.79,654.15,656.96,42713,656.96
2012-01-16,657.9,671.07,656.96,661.66,36762,661.66
2012-01-17,661.66,665.43,653.21,665.43,76072,665.43
2012-01-18,663.55,663.55,657.9,658.84,65768,658.84
2012-01-19,658.84,660.74,657.9,657.9,9668,657.9
2012-01-20,671.07,674.85,664.49,671.07,70230,671.07
2012-01-23,682.37,682.37,673.9,675.77,21781,675.77
2012-01-24,679.54,681.44,673.9,674.85,17106,674.85
2012-01-25,684.25,685.19,677.67,680.49,23481,680.49
2012-01-26,675.77,676.73,664.49,666.37,24437,666.37
2012-01-27,669.19,673.9,669.19,671.07,12644,671.07
2012-01-30,672.96,677.67,672.02,673.9,15724,673.9
2012-01-31,672.96,673.9,662.59,667.32,31555,667.32
2012-02-01,668.26,668.26,662.59,664.49,18807,664.49
2012-02-02,665.43,668.26,664.49,664.49,11686,664.49
2012-02-03,665.43,668.26,665.43,665.43,11050,665.43
2012-02-06,668.26,672.96,667.32,669.19,19017,669.19
2012-02-07,670.13,670.13,664.49,664.49,11900,664.49
2012-02-08,670.13,672.02,669.19,672.02,15724,672.02
2012-02-09,672.96,677.67,672.02,673.9,19869,673.9
2012-02-10,673.9,673.9,664.49,664.49,21143,664.49
2012-02-13,668.26,669.19,664.49,667.32,13174,667.32
2012-02-14,671.07,685.19,670.13,677.67,17424,677.67
2012-02-15,677.67,694.6,677.67,687.08,27201,687.08
2012-02-16,687.08,698.38,687.08,692.72,41224,692.72
2012-02-17,705.89,707.79,700.25,702.15,40055,702.15
2012-02-20,693.67,698.38,692.72,694.6,14025,694.6
2012-02-21,691.77,693.67,660.74,684.25,27622,684.25
2012-02-22,694.6,699.3,684.25,693.67,32723,693.67
2012-02-23,699.3,702.15,690.85,700.25,18593,700.25
2012-02-24,698.38,699.3,693.67,696.49,17637,696.49
2012-02-27,703.08,710.62,701.2,704.96,39843,704.96
2012-02-28,704.96,732.26,704.02,718.13,87760,718.13
2012-02-29,719.08,720.97,704.02,704.96,29431,704.96
2012-03-01,709.66,715.31,699.3,703.08,31555,703.08
2012-03-02,715.31,719.08,709.66,716.26,30173,716.26
2012-03-05,719.08,719.08,704.02,707.79,20188,707.79
2012-03-06,703.08,708.73,691.77,691.77,14025,691.77
2012-03-07,672.02,685.19,672.02,685.19,35381,685.19
2012-03-08,693.67,695.56,686.13,687.08,12219,687.08
2012-03-09,688.02,707.79,688.02,705.89,55035,705.89
2012-03-12,704.02,704.96,697.43,701.2,6374,701.2
2012-03-13,702.15,713.44,696.49,699.3,28686,699.3
2012-03-14,703.08,710.62,702.15,702.15,27201,702.15
2012-03-15,702.15,706.83,702.15,703.08,18381,703.08
2012-03-16,704.02,705.89,703.08,704.02,13918,704.02
2012-03-19,718.13,718.13,707.79,711.55,26349,711.55
2012-03-21,710.62,713.44,702.15,702.15,24650,702.15
2012-03-22,706.83,709.66,696.49,700.25,18168,700.25
2012-03-23,696.49,704.02,691.77,701.2,14661,701.2
2012-03-26,702.15,703.08,697.43,699.3,11475,699.3
2012-03-27,699.3,710.62,699.3,710.62,33467,710.62
2012-03-28,710.62,716.26,704.02,706.83,20399,706.83
2012-03-29,710.62,718.13,704.96,715.31,23587,715.31
2012-03-30,715.31,721.9,702.15,717.2,28156,717.2
2012-04-02,703.08,710.62,687.08,710.62,33256,710.62
2012-04-03,700.25,700.25,692.72,692.72,12325,692.72
2012-04-04,692.72,695.56,683.31,687.08,33256,687.08
2012-04-05,682.37,685.19,680.49,684.25,10306,684.25
2012-04-06,684.25,685.19,672.96,684.25,68740,684.25
2012-04-09,686.13,688.96,685.19,685.19,13280,685.19
2012-04-10,685.19,685.19,674.85,674.85,17106,674.85
2012-04-11,672.96,672.96,668.26,668.26,16786,668.26
2012-04-12,670.13,673.9,668.26,668.26,23269,668.26
2012-04-13,669.19,677.67,669.19,677.67,16786,677.67
2012-04-16,677.67,678.61,666.37,666.37,44730,666.37
2012-04-17,666.37,668.26,665.43,666.37,8287,666.37
2012-04-18,665.43,686.13,660.74,672.02,26667,672.02
2012-04-19,668.26,669.19,667.32,667.32,4993,667.32
2012-04-20,666.37,670.13,663.55,667.32,10519,667.32
2012-04-23,681.44,681.44,663.55,664.49,14981,664.49
2012-04-24,660.74,660.74,659.79,659.79,18913,659.79
2012-04-25,663.55,670.13,662.59,670.13,20505,670.13
2012-04-26,667.32,677.67,662.59,673.9,19124,673.9
2012-04-27,676.73,683.31,667.32,680.49,22204,680.49
2012-05-01,680.49,680.49,665.43,668.26,15301,668.26
2012-05-02,672.96,678.61,661.66,678.61,17318,678.61
2012-05-07,660.74,666.37,660.74,662.59,15617,662.59
2012-05-08,662.59,675.77,662.59,674.85,7438,674.85
2012-05-09,665.43,671.07,658.84,658.84,18381,658.84
2012-05-10,660.74,661.66,656.01,661.66,14130,661.66
2012-05-11,660.74,663.55,658.84,658.84,14343,658.84
2012-05-14,656.01,661.66,656.01,658.84,19975,658.84
2012-05-15,656.96,663.55,654.15,663.55,56310,663.55
2012-05-16,658.84,661.66,644.72,656.01,25817,656.01
2012-05-17,656.01,666.37,656.01,661.66,19231,661.66
2012-05-18,654.15,662.59,642.85,656.96,43985,656.96
2012-05-21,656.01,665.43,651.32,661.66,27201,661.66
2012-05-22,660.74,660.74,654.15,656.96,15617,656.96
2012-05-23,656.01,663.55,649.42,660.74,31662,660.74
2012-05-24,657.9,660.74,651.32,659.79,37504,659.79
2012-05-25,660.74,663.55,655.07,659.79,61305,659.79
2012-05-28,659.79,659.79,650.36,656.96,24755,656.96
2012-05-29,654.15,656.01,643.79,654.15,27412,654.15
2012-05-30,654.15,657.9,650.36,657.9,36125,657.9
2012-05-31,642.85,655.07,642.85,654.15,39947,654.15
2012-06-01,654.15,654.15,644.72,648.49,15938,648.49
2012-06-04,642.85,642.85,630.62,630.62,56524,630.62
2012-06-05,630.62,637.2,630.62,637.2,29536,637.2
2012-06-06,631.55,640.03,631.55,639.07,19762,639.07
2012-06-07,640.95,652.26,640.95,652.26,13069,652.26
2012-06-08,642.85,647.54,641.89,645.66,37504,645.66
2012-06-11,645.66,655.07,645.66,645.66,13174,645.66
2012-06-12,640.95,644.72,630.62,644.72,25500,644.72
2012-06-13,644.72,653.21,641.89,646.63,12325,646.63
2012-06-14,640.03,643.79,640.03,640.03,8179,640.03
2012-06-15,640.95,645.66,640.03,640.03,15617,640.03
2012-06-18,641.89,649.42,641.89,646.63,9242,646.63
2012-06-19,654.15,663.55,650.36,650.36,21674,650.36
2012-06-20,656.96,658.84,654.15,654.15,8394,654.15
2012-06-21,651.32,656.96,646.63,656.96,11582,656.96
2012-06-22,655.07,658.84,655.07,656.96,4355,656.96
2012-06-25,655.07,663.55,648.49,648.49,7438,648.49
2012-06-26,656.96,658.84,641.89,644.72,19017,644.72
2012-06-27,646.63,664.49,646.63,656.96,11368,656.96
2012-06-28,657.9,666.37,657.9,666.37,17000,666.37
2012-06-29,666.37,675.77,650.36,672.02,23587,672.02
2012-07-02,672.02,672.02,659.79,659.79,13918,659.79
2012-07-03,661.66,667.32,660.74,660.74,17000,660.74
2012-07-04,661.66,672.96,661.66,665.43,23375,665.43
2012-07-05,664.49,670.13,664.49,667.32,5312,667.32
2012-07-06,666.37,668.26,659.79,659.79,12644,659.79
2012-07-09,650.36,657.9,647.54,648.49,14556,648.49
2012-07-10,648.49,651.32,647.54,647.54,13174,647.54
2012-07-11,647.54,648.49,633.42,633.42,16786,633.42
2012-07-12,637.2,637.2,631.55,631.55,27092,631.55
2012-07-13,631.55,636.25,631.55,633.42,23906,633.42
2012-07-17,635.31,637.2,631.55,631.55,34425,631.55
2012-07-18,631.55,634.37,631.55,632.48,23055,632.48
2012-07-19,639.07,640.03,633.42,636.25,21250,636.25
2012-07-20,631.55,631.55,608.95,612.72,126435,612.72
2012-07-23,611.78,614.6,605.19,605.19,43350,605.19
2012-07-24,602.37,608.95,583.56,592.01,64386,592.01
2012-07-25,586.38,591.08,583.56,591.08,36017,591.08
2012-07-26,591.08,594.82,586.38,594.82,41224,594.82
2012-07-27,602.37,603.31,598.6,601.43,19443,601.43
2012-07-30,601.43,609.91,599.55,609.91,23799,609.91
2012-07-31,602.37,613.67,602.37,613.67,12431,613.67
2012-08-01,614.6,614.6,608.01,608.01,5844,608.01
2012-08-02,607.08,607.08,588.25,593.9,16468,593.9
2012-08-03,592.97,665.43,585.42,656.01,64598,656.01
2012-08-06,637.2,646.63,628.72,645.66,28475,645.66
2012-08-07,648.49,651.32,639.07,646.63,4145,646.63
2012-08-08,656.01,657.9,649.42,654.15,15088,654.15
2012-08-09,653.21,657.9,649.42,657.9,10200,657.9
2012-08-10,654.15,655.07,649.42,650.36,9562,650.36
2012-08-13,650.36,654.15,645.66,646.63,11368,646.63
2012-08-14,649.42,654.15,649.42,652.26,26667,652.26
2012-08-15,652.26,653.21,645.66,645.66,25287,645.66
2012-08-16,649.42,655.07,648.49,655.07,23161,655.07
2012-08-17,654.15,655.07,651.32,655.07,9881,655.07
2012-08-20,650.36,653.21,644.72,644.72,9349,644.72
2012-08-21,648.49,656.96,648.49,652.26,8179,652.26
2012-08-22,656.96,656.96,649.42,650.36,11050,650.36
2012-08-23,652.26,654.15,650.36,654.15,6692,654.15
2012-08-24,654.15,654.15,651.32,652.26,9988,652.26
2012-08-27,652.26,654.15,645.66,645.66,17106,645.66
2012-08-28,649.42,652.26,641.89,646.63,36655,646.63
2012-08-29,649.42,650.36,643.79,650.36,13706,650.36
2012-08-30,649.42,654.15,649.42,649.42,10200,649.42
2012-08-31,649.42,652.26,640.95,640.95,19550,640.95
2012-09-03,640.95,652.26,640.95,648.49,26667,648.49
2012-09-04,641.89,643.79,637.2,640.95,16468,640.95
2012-09-05,637.2,640.95,622.14,639.07,18699,639.07
2012-09-06,640.03,641.89,633.42,640.03,12751,640.03
2012-09-07,649.42,650.36,647.54,647.54,15617,647.54
2012-09-10,649.42,653.21,640.95,653.21,10519,653.21
2012-09-11,649.42,653.21,642.85,653.21,17212,653.21
2012-09-12,652.26,653.21,651.32,653.21,10200,653.21
2012-09-13,653.21,653.21,650.36,651.32,7757,651.32
2012-09-14,655.07,656.01,654.15,656.01,37080,656.01
2012-09-18,656.01,666.37,656.01,665.43,23375,665.43
2012-09-19,665.43,666.37,649.42,663.55,22312,663.55
2012-09-20,658.84,664.49,650.36,650.36,12219,650.36
2012-09-21,656.01,663.55,656.01,656.96,8287,656.96
2012-09-24,659.79,660.74,653.21,656.01,4675,656.01
2012-09-25,656.01,668.26,656.01,665.43,25606,665.43
2012-09-26,666.37,668.26,662.59,667.32,25606,667.32
2012-09-27,667.32,683.31,667.32,672.02,42604,672.02
2012-09-28,675.77,684.25,666.37,684.25,24755,684.25
2012-10-01,675.77,675.77,660.74,666.37,5312,666.37
2012-10-02,658.84,658.84,651.32,651.32,9668,651.32
2012-10-03,649.42,656.01,645.66,646.63,13495,646.63
2012-10-04,646.63,657.9,628.72,656.96,17318,656.96
2012-10-05,666.37,672.02,651.32,672.02,57373,672.02
2012-10-09,672.02,672.02,655.07,655.07,8499,655.07
2012-10-10,655.07,655.07,639.07,639.07,16256,639.07
2012-10-11,640.03,651.32,639.07,639.07,9988,639.07
2012-10-12,643.79,643.79,639.07,639.07,9456,639.07
2012-10-15,639.07,649.42,639.07,647.54,13495,647.54
2012-10-16,647.54,649.42,647.54,647.54,6906,647.54
2012-10-17,651.32,656.96,643.79,647.54,17000,647.54
2012-10-18,654.15,664.49,643.79,656.01,9456,656.01
2012-10-19,646.63,661.66,646.63,656.96,12112,656.96
2012-10-22,655.07,665.43,654.15,663.55,6692,663.55
2012-10-23,650.36,655.07,650.36,654.15,6269,654.15
2012-10-24,649.42,660.74,648.49,653.21,8818,653.21
2012-10-25,650.36,659.79,642.85,650.36,10200,650.36
2012-10-26,646.63,654.15,635.31,648.49,15193,648.49
2012-10-29,648.49,656.01,640.03,641.89,14025,641.89
2012-10-30,639.07,643.79,635.31,639.07,24224,639.07
2012-10-31,635.31,649.42,635.31,649.42,15193,649.42
2012-11-01,651.32,651.32,643.79,648.49,9138,648.49
2012-11-02,653.21,655.07,644.72,646.63,13495,646.63
2012-11-05,644.72,652.26,640.95,649.42,4038,649.42
2012-11-06,641.89,644.72,640.95,640.95,3506,640.95
2012-11-07,650.36,650.36,639.07,639.07,9562,639.07
2012-11-08,639.07,640.95,634.37,636.25,11155,636.25
2012-11-09,634.37,640.03,623.09,640.03,14661,640.03
2012-11-12,628.72,632.48,626.83,627.79,26138,627.79
2012-11-13,627.79,636.25,614.6,636.25,25817,636.25
2012-11-14,626.83,638.14,626.83,634.37,35169,634.37
2012-11-15,634.37,635.31,624.95,632.48,36442,632.48
2012-11-16,626.83,635.31,625.9,634.37,18487,634.37
2012-11-20,635.31,640.95,635.31,638.14,20505,638.14
2012-11-21,639.07,639.07,631.55,631.55,19124,631.55
2012-11-22,632.48,640.03,632.48,633.42,75328,633.42
2012-11-26,646.63,647.54,639.07,644.72,22949,644.72
2012-11-27,645.66,653.21,644.72,652.26,21463,652.26
2012-11-28,652.26,654.15,635.31,645.66,20611,645.66
2012-11-29,643.79,656.96,635.31,639.07,24012,639.07
2012-11-30,639.07,647.54,635.31,637.2,20293,637.2
2012-12-03,637.2,640.95,635.31,636.25,12112,636.25
2012-12-04,636.25,639.07,635.31,635.31,13495,635.31
2012-12-05,642.85,643.79,635.31,642.85,19869,642.85
2012-12-06,650.36,650.36,637.2,646.63,17000,646.63
2012-12-07,641.89,646.63,640.95,642.85,15512,642.85
2012-12-10,648.49,648.49,640.95,643.79,17000,643.79
2012-12-11,642.85,647.54,640.95,643.79,12537,643.79
2012-12-12,644.72,649.42,641.89,642.85,17532,642.85
2012-12-13,648.49,651.32,642.85,642.85,27837,642.85
2012-12-14,640.03,651.32,640.03,645.66,57693,645.66
2012-12-17,645.66,651.32,645.66,645.66,30173,645.66
2012-12-18,646.63,653.21,646.63,648.49,18274,648.49
2012-12-19,652.26,670.13,651.32,669.19,33998,669.19
2012-12-20,672.02,682.37,664.49,679.54,51317,679.54
2012-12-21,683.31,724.73,682.37,704.02,73629,704.02
2012-12-25,710.62,722.84,704.02,711.55,41863,711.55
2012-12-26,713.44,718.13,704.96,715.31,47280,715.31
2012-12-27,723.78,731.31,721.9,724.73,46854,724.73
2012-12-28,726.6,728.5,710.62,720.02,40268,720.02
2013-01-04,741.67,741.67,729.42,737.91,45474,737.91
2013-01-07,741.67,745.44,736.01,745.44,63428,745.44
2013-01-08,745.44,745.44,720.97,725.67,58967,725.67
2013-01-09,725.67,738.84,717.2,731.31,48448,731.31
2013-01-10,741.67,812.25,739.78,779.32,70867,779.32
2013-01-11,786.85,796.26,769.9,789.66,78517,789.66
2013-01-15,803.77,844.26,803.77,822.62,98384,822.62
2013-01-16,823.56,831.09,818.85,824.49,83191,824.49
2013-01-17,816.96,818.85,797.19,803.77,77135,803.77
2013-01-18,813.21,827.31,808.5,813.21,97004,813.21
2013-01-21,822.62,837.67,811.31,837.67,60879,837.67
2013-01-22,846.14,846.14,796.26,800.02,76179,800.02
2013-01-23,790.6,792.5,780.25,785.9,32723,785.9
2013-01-24,790.6,816.03,783.08,811.31,29536,811.31
2013-01-25,823.56,826.37,816.96,823.56,37080,823.56
2013-01-28,864.01,864.01,823.56,854.61,52911,854.61
2013-01-29,862.14,862.14,839.56,839.56,45368,839.56
2013-01-30,832.96,849.9,825.44,844.26,30705,844.26
2013-01-31,845.2,865.91,832.96,842.38,36549,842.38
2013-02-01,856.49,865.91,849.9,858.37,62792,858.37
2013-02-04,872.5,878.15,863.09,869.68,29856,869.68
2013-02-05,864.01,866.85,829.19,834.84,44198,834.84
2013-02-06,855.57,856.49,841.42,854.61,33042,854.61
2013-02-07,846.14,858.37,842.38,842.38,26775,842.38
2013-02-08,834.84,836.74,828.25,832.96,39843,832.96
2013-02-12,847.08,850.84,828.25,828.25,33575,828.25
2013-02-13,824.49,828.25,794.37,799.08,33786,799.08
2013-02-14,797.19,798.14,775.55,789.66,32937,789.66
2013-02-15,789.66,790.6,752.96,769.9,47600,769.9
2013-02-18,784.02,807.55,784.02,807.55,32619,807.55
2013-02-19,803.77,821.67,803.77,811.31,27731,811.31
2013-02-20,823.56,832.03,819.78,824.49,27092,824.49
2013-02-21,811.31,822.62,811.31,815.08,26138,815.08
2013-02-22,805.67,824.49,800.97,803.77,43775,803.77
2013-02-25,817.91,834.84,811.31,827.31,43456,827.31
2013-02-26,818.85,837.67,816.96,824.49,35591,824.49
2013-02-27,825.44,837.67,823.56,823.56,48023,823.56
2013-02-28,837.67,864.01,832.96,855.57,153209,855.57
2013-03-01,865.91,906.38,865.91,896.02,183488,896.02
2013-03-04,985.44,1007.08,960.03,970.37,217593,970.37
2013-03-05,998.61,1011.79,929.92,941.21,145239,941.21
2013-03-06,969.43,969.43,931.78,945.9,63854,945.9
2013-03-07,964.74,968.49,940.26,954.38,65129,954.38
2013-03-08,977.92,988.26,956.25,972.27,154377,972.27
2013-03-11,1016.49,1082.39,989.21,1054.14,131853,1054.14
2013-03-12,1167.1,1167.1,1030.61,1065.44,168402,1065.44
2013-03-13,1093.67,1146.39,1085.21,1134.15,106459,1134.15
2013-03-14,1135.08,1185.9,1124.75,1179.31,110922,1179.31
2013-03-15,1185.9,1210.4,1124.75,1199.1,263174,1199.1
2013-03-18,1177.46,1195.32,1102.15,1142.63,158839,1142.63
2013-03-19,1143.56,1174.62,1037.19,1099.34,186038,1099.34
2013-03-21,1137.92,1137.92,1034.39,1052.27,224607,1052.27
2013-03-22,1062.63,1080.5,1043.78,1060.73,157457,1060.73
2013-03-25,1060.73,1065.44,1025.91,1040.97,95836,1040.97
2013-03-26,1012.74,1037.19,1012.74,1034.39,55460,1034.39
2013-03-27,1025.91,1067.31,1025.91,1061.68,64917,1061.68
2013-03-28,1079.55,1098.38,1067.31,1086.15,116979,1086.15
2013-03-29,1086.15,1086.15,1035.33,1059.79,61941,1059.79
2013-04-01,1044.73,1054.14,985.44,985.44,62260,985.44
2013-04-02,903.55,988.26,871.55,976.97,120060,976.97
2013-04-03,986.38,1035.33,986.38,1014.62,71930,1014.62
2013-04-04,1012.74,1053.2,983.56,1049.44,82871,1049.44
2013-04-05,1185.9,1185.9,1130.39,1157.67,308862,1157.67
2013-04-08,1176.51,1302.63,1176.51,1301.69,404377,1301.69
2013-04-09,1302.63,1414.63,1289.46,1303.57,326921,1303.57
2013-04-10,1308.28,1345.92,1270.63,1297.92,172970,1297.92
2013-04-11,1308.28,1353.44,1251.8,1285.67,134509,1285.67
2013-04-12,1286.63,1343.09,1273.44,1326.17,140246,1326.17
2013-04-15,1316.75,1326.17,1301.69,1316.75,126966,1316.75
2013-04-16,1270.63,1288.5,1217.91,1262.15,197833,1262.15
2013-04-17,1275.33,1330.86,1275.33,1311.1,155227,1311.1
2013-04-18,1312.04,1372.28,1299.79,1331.81,183383,1331.81
2013-04-19,1360.04,1392.98,1339.34,1384.5,185825,1384.5
2013-04-22,1440.03,1562.39,1430.64,1539.81,452401,1539.81
2013-04-23,1506.87,1628.29,1506.87,1612.28,335528,1612.28
2013-04-24,1626.39,1628.29,1580.28,1624.51,297704,1624.51
2013-04-25,1625.46,1647.1,1571.82,1619.81,217170,1619.81
2013-04-26,1624.51,1642.4,1533.21,1549.22,160753,1549.22
2013-04-30,1547.34,1615.11,1510.63,1587.81,220463,1587.81
2013-05-01,1600.04,1639.58,1599.1,1621.7,255206,1621.7
2013-05-02,1609.46,1609.46,1574.63,1594.39,112090,1594.39
2013-05-07,1637.69,1721.46,1636.76,1689.46,193157,1689.46
2013-05-08,1691.33,1691.33,1656.52,1664.98,127603,1664.98
2013-05-09,1691.33,1769.46,1647.1,1650.88,177007,1650.88
2013-05-10,1647.1,1696.04,1647.1,1664.04,101997,1664.04
2013-05-13,1664.04,1664.98,1581.23,1633.92,92754,1633.92
2013-05-14,1610.39,1632.05,1589.69,1591.57,121653,1591.57
2013-05-15,1571.82,1585.94,1470.16,1478.63,278155,1478.63
2013-05-16,1449.46,1517.23,1401.45,1465.45,176902,1465.45
2013-05-17,1464.5,1605.68,1458.86,1575.56,118891,1575.56
2013-05-20,1621.7,1647.1,1564.28,1566.17,72141,1566.17
2013-05-21,1528.52,1528.52,1494.63,1500.28,97641,1500.28
2013-05-22,1504.04,1552.04,1500.28,1517.23,69379,1517.23
2013-05-23,1501.22,1504.99,1391.09,1402.4,212812,1402.4
2013-05-24,1391.09,1458.86,1360.98,1403.33,121334,1403.33
2013-05-27,1369.45,1378.86,1305.44,1345.92,115915,1345.92
2013-05-28,1317.68,1364.73,1301.69,1323.32,89886,1323.32
2013-05-29,1361.91,1400.51,1301.69,1382.63,66618,1382.63
2013-05-30,1364.73,1364.73,1278.16,1297.92,129515,1297.92
2013-05-31,1301.69,1371.33,1297.92,1328.97,115278,1328.97
2013-06-03,1301.69,1314.86,1223.56,1232.96,120909,1232.96
2013-06-04,1247.1,1280.04,1234.85,1276.26,171694,1276.26
2013-06-05,1280.98,1294.15,1195.32,1204.74,78517,1204.74
2013-06-06,1195.32,1216.98,1181.21,1183.1,125903,1183.1
2013-06-07,1098.38,1152.97,1064.5,1115.32,135253,1115.32
2013-06-10,1207.57,1207.57,1184.03,1203.81,51530,1203.81
2013-06-11,1187.79,1187.79,1159.57,1169.92,63111,1169.92
2013-06-12,1159.57,1165.19,1105.92,1154.87,72248,1154.87
2013-06-13,1115.32,1124.75,1066.38,1066.38,91798,1066.38
2013-06-14,1087.1,1115.32,1081.43,1092.74,172970,1092.74
2013-06-17,1092.74,1124.75,1092.74,1113.45,58222,1113.45
2013-06-18,1115.32,1125.68,1092.74,1095.56,57799,1095.56
2013-06-19,1123.79,1136.97,1091.8,1108.74,61410,1108.74
2013-06-20,1093.67,1115.32,1071.09,1108.74,52166,1108.74
2013-06-21,1062.63,1089.91,1028.73,1062.63,86804,1062.63
2013-06-24,1072.03,1107.8,1064.5,1085.21,53124,1085.21
2013-06-25,1073.9,1082.39,1035.33,1058.84,66935,1058.84
2013-06-26,1055.09,1070.15,986.38,987.32,62685,987.32
2013-06-27,993.9,1107.8,991.08,1085.21,107947,1085.21
2013-06-28,1124.75,1161.45,1112.52,1159.57,60348,1159.57
2013-07-01,1187.79,1190.62,1148.27,1185.9,101997,1185.9
2013-07-02,1204.74,1223.56,1162.38,1220.73,108797,1220.73
2013-07-03,1216.98,1235.8,1170.84,1224.51,69062,1224.51
2013-07-04,1206.63,1259.33,1192.5,1252.74,79155,1252.74
2013-07-05,1264.03,1298.85,1259.33,1289.46,102954,1289.46
2013-07-08,1296.05,1312.97,1262.15,1263.08,133979,1263.08
2013-07-09,1276.26,1285.67,1231.1,1259.33,58118,1259.33
2013-07-10,1259.33,1270.63,1217.91,1223.56,67361,1223.56
2013-07-11,1201.91,1230.15,1188.73,1218.86,66723,1218.86
2013-07-12,1216.98,1231.1,1195.32,1230.15,68636,1230.15
2013-07-16,1231.1,1249.91,1214.15,1233.93,57162,1233.93
2013-07-17,1233.93,1258.39,1205.69,1250.86,78411,1250.86
2013-07-18,1245.21,1267.79,1223.56,1249.91,57054,1249.91
2013-07-19,1238.61,1261.22,1171.79,1196.27,71716,1196.27
2013-07-22,1224.51,1224.51,1200.03,1217.91,25074,1217.91
2013-07-23,1204.74,1229.21,1200.97,1215.09,21567,1215.09
2013-07-24,1213.21,1239.55,1213.21,1230.15,33998,1230.15
2013-07-25,1230.15,1230.15,1200.03,1210.4,25925,1210.4
2013-07-26,1174.62,1203.81,1158.61,1161.45,49405,1161.45
2013-07-29,1157.67,1157.67,1090.85,1097.43,48768,1097.43
2013-07-30,1088.96,1142.63,1088.02,1139.8,100403,1139.8
2013-07-31,1111.56,1116.27,1088.96,1088.96,97853,1088.96
2013-08-01,1088.96,1122.85,1065.44,1117.21,58329,1117.21
2013-08-02,1139.8,1194.38,1120.97,1194.38,43243,1194.38
2013-08-05,1167.1,1194.38,1158.61,1178.37,53549,1178.37
2013-08-06,1171.79,1182.15,1147.33,1182.15,30919,1182.15
2013-08-07,1151.09,1163.33,1130.39,1132.27,27731,1132.27
2013-08-08,1111.56,1149.21,1110.61,1116.27,34530,1116.27
2013-08-09,1131.33,1149.21,1098.38,1104.03,40693,1104.03
2013-08-12,1082.39,1098.38,1062.63,1064.5,26456,1064.5
2013-08-13,1070.15,1112.52,1040.03,1086.15,26243,1086.15
2013-08-14,1089.91,1102.15,1066.38,1092.74,33681,1092.74
2013-08-15,1092.74,1092.74,1067.31,1081.43,27092,1081.43
2013-08-16,1074.86,1079.55,1063.56,1063.56,14556,1063.56
2013-08-19,1066.38,1086.15,1061.68,1085.21,15938,1085.21
2013-08-20,1069.22,1092.74,1048.51,1053.2,38356,1053.2
2013-08-21,1055.09,1075.8,1044.73,1051.32,34850,1051.32
2013-08-22,1040.03,1063.56,1036.27,1057.92,23906,1057.92
2013-08-23,1066.38,1083.33,1062.63,1072.97,30919,1072.97
2013-08-26,1082.39,1101.21,1073.9,1094.62,24862,1094.62
2013-08-27,1094.62,1116.27,1092.74,1108.74,31662,1108.74
2013-08-28,1083.33,1084.26,1053.2,1075.8,37717,1075.8
2013-08-29,1066.38,1076.73,1058.84,1067.31,16892,1067.31
2013-08-30,1068.25,1100.26,1064.5,1075.8,58118,1075.8
2013-09-02,1075.8,1123.79,1059.79,1113.45,33998,1113.45
2013-09-03,1131.33,1165.19,1131.33,1165.19,34105,1165.19
2013-09-04,1152.97,1184.03,1147.33,1174.62,26881,1174.62
2013-09-05,1176.51,1191.57,1165.19,1185.9,47280,1185.9
2013-09-06,1185.9,1194.38,1153.91,1171.79,33998,1171.79
2013-09-09,1256.5,1256.5,1195.32,1231.1,48131,1231.1
2013-09-10,1239.55,1254.63,1229.21,1248.97,39312,1248.97
2013-09-11,1242.39,1277.21,1242.39,1273.44,47385,1273.44
2013-09-12,1273.44,1273.44,1235.8,1246.15,36762,1246.15
2013-09-13,1215.09,1254.63,1215.09,1249.91,76709,1249.91
2013-09-17,1257.45,1291.33,1257.45,1280.98,55675,1280.98
2013-09-18,1289.46,1291.33,1259.33,1270.63,41542,1270.63
2013-09-19,1261.22,1300.74,1261.22,1286.63,71610,1286.63
2013-09-20,1286.63,1298.85,1257.45,1263.08,40588,1263.08
2013-09-24,1263.08,1284.74,1261.22,1265.93,50787,1265.93
2013-09-25,1264.97,1264.97,1242.39,1245.21,29325,1245.21
2013-09-26,1245.21,1249.91,1204.74,1239.55,34105,1239.55
2013-09-27,1239.55,1252.74,1237.68,1241.45,43775,1241.45
2013-09-30,1241.45,1277.21,1227.33,1252.74,56310,1252.74
2013-10-01,1244.27,1244.27,1216.03,1216.03,32830,1216.03
2013-10-02,1201.91,1208.49,1165.19,1168.03,53230,1168.03
2013-10-03,1157.67,1170.84,1141.67,1141.67,36231,1141.67
2013-10-04,1134.15,1152.97,1087.1,1140.73,33681,1140.73
2013-10-07,1141.67,1141.67,1101.21,1106.86,26243,1106.86
2013-10-08,1094.62,1106.86,1082.39,1094.62,59605,1094.62
2013-10-09,1095.56,1148.27,1086.15,1139.8,47810,1139.8
2013-10-10,1139.8,1160.51,1111.56,1147.33,26349,1147.33
2013-10-11,1151.09,1169.92,1140.73,1157.67,50891,1157.67
2013-10-15,1159.57,1176.51,1137.92,1143.56,36017,1143.56
2013-10-16,1121.91,1127.56,1115.32,1124.75,30173,1124.75
2013-10-17,1133.21,1141.67,1126.62,1134.15,30388,1134.15
2013-10-18,1130.39,1141.67,1130.39,1131.33,14981,1131.33
2013-10-21,1132.27,1143.56,1132.27,1139.8,14556,1139.8
2013-10-22,1145.44,1154.87,1136.97,1153.91,30705,1153.91
2013-10-23,1154.87,1163.33,1122.85,1124.75,26456,1124.75
2013-10-24,1120.03,1127.56,1103.08,1123.79,25074,1123.79
2013-10-25,1108.74,1112.52,1101.21,1101.21,41011,1101.21
2013-10-28,1119.09,1119.09,1101.21,1106.86,30598,1106.86
2013-10-29,1101.21,1105.92,1089.91,1091.8,53442,1091.8
2013-10-30,1101.21,1105.92,1088.02,1094.62,55035,1094.62
2013-10-31,1094.62,1105.92,1090.85,1093.67,28686,1093.67
2013-11-01,1093.67,1099.34,1087.1,1088.96,35381,1088.96
2013-11-05,1080.5,1081.43,1054.14,1058.84,39947,1058.84
2013-11-06,1058.84,1075.8,1058.84,1068.25,17424,1068.25
2013-11-07,1072.97,1082.39,1061.68,1061.68,18807,1061.68
2013-11-08,1055.09,1069.22,1055.09,1068.25,23055,1068.25
2013-11-11,1072.97,1077.69,1056.02,1059.79,33786,1059.79
2013-11-12,1055.09,1098.38,1055.09,1088.96,55885,1088.96
2013-11-13,1095.56,1095.56,1066.38,1089.91,18274,1089.91
2013-11-14,1089.91,1125.68,1089.91,1122.85,29325,1122.85
2013-11-15,1134.15,1144.49,1122.85,1136.04,67147,1136.04
2013-11-18,1150.15,1150.15,1118.14,1125.68,35807,1125.68
2013-11-19,1111.56,1138.85,1111.56,1123.79,31343,1123.79
2013-11-20,1120.97,1123.79,1108.74,1120.03,29750,1120.03
2013-11-21,1124.75,1138.85,1123.79,1132.27,70654,1132.27
2013-11-22,1138.85,1138.85,1110.61,1120.03,33893,1120.03
2013-11-25,1113.45,1124.75,1110.61,1111.56,26243,1111.56
2013-11-26,1111.56,1129.44,1107.8,1125.68,38461,1125.68
2013-11-27,1129.44,1153.91,1129.44,1144.49,42181,1144.49
2013-11-28,1153.91,1166.15,1150.15,1161.45,51211,1161.45
2013-11-29,1173.68,1173.68,1131.33,1152.97,49194,1152.97
2013-12-02,1152.97,1160.51,1135.08,1140.73,20611,1140.73
2013-12-03,1140.73,1152.03,1140.73,1146.39,26560,1146.39
2013-12-04,1141.67,1143.56,1129.44,1137.92,41863,1137.92
2013-12-05,1132.27,1143.56,1131.33,1131.33,42923,1131.33
2013-12-06,1132.27,1140.73,1120.03,1130.39,55460,1130.39
2013-12-09,1138.85,1146.39,1128.48,1136.04,54398,1136.04
2013-12-10,1145.44,1147.33,1131.33,1134.15,26986,1134.15
2013-12-11,1123.79,1127.56,1121.91,1122.85,26031,1122.85
2013-12-12,1123.79,1126.62,1121.91,1122.85,33681,1122.85
2013-12-13,1067.31,1096.5,1067.31,1084.26,163090,1084.26
2013-12-16,1085.21,1085.21,1056.99,1058.84,82980,1058.84
2013-12-17,1066.38,1073.9,1063.56,1067.31,64811,1067.31
2013-12-18,1068.25,1094.62,1068.25,1082.39,52699,1082.39
2013-12-19,1093.67,1093.67,1072.03,1076.73,61624,1076.73
2013-12-20,1072.97,1076.73,1062.63,1065.44,91266,1065.44
2013-12-24,1058.84,1091.8,1055.09,1058.84,112303,1058.84
2013-12-25,1063.56,1085.21,1063.56,1084.26,89459,1084.26
2013-12-26,1088.96,1142.63,1083.33,1103.08,87123,1103.08
2013-12-27,1115.32,1119.09,1103.08,1112.52,61197,1112.52
2013-12-30,1120.97,1141.67,1101.21,1125.68,87336,1125.68
2014-01-06,1127.56,1127.56,1110.61,1120.97,62685,1120.97
2014-01-07,1115.32,1116.27,1088.96,1089.91,57373,1089.91
2014-01-08,1104.96,1112.52,1086.15,1097.43,38037,1097.43
2014-01-09,1104.96,1104.96,1091.8,1095.56,43030,1095.56
2014-01-10,1091.8,1097.43,1091.8,1094.62,62366,1094.62
2014-01-14,1092.74,1096.5,1057.92,1066.38,119210,1066.38
2014-01-15,1077.69,1093.67,1077.69,1088.96,73311,1088.96
2014-01-16,1102.15,1110.61,1094.62,1095.56,44518,1095.56
2014-01-17,1122.85,1122.85,1104.96,1105.92,39312,1105.92
2014-01-20,1116.27,1122.85,1115.32,1119.09,42181,1119.09
2014-01-21,1118.14,1121.91,1111.56,1113.45,30919,1113.45
2014-01-22,1111.56,1129.44,1106.86,1127.56,39099,1127.56
2014-01-23,1136.04,1141.67,1120.97,1120.97,50787,1120.97
2014-01-24,1101.21,1106.86,1090.85,1095.56,50681,1095.56
2014-01-27,1068.25,1070.15,1058.84,1059.79,63748,1059.79
2014-01-28,1059.79,1088.02,1057.92,1057.92,39523,1057.92
2014-01-29,1063.56,1108.74,1063.56,1073.9,44198,1073.9
2014-01-30,1071.09,1071.09,1049.44,1059.79,50361,1059.79
2014-01-31,1075.8,1094.62,1075.8,1091.8,67254,1091.8
2014-02-03,1094.62,1101.21,1080.5,1081.43,68530,1081.43
2014-02-04,1060.73,1062.63,1011.79,1025.91,138228,1025.91
2014-02-05,1038.15,1046.61,1022.16,1034.39,71823,1034.39
2014-02-06,1035.33,1041.91,1025.91,1038.15,32194,1038.15
2014-02-07,1049.44,1067.31,1042.86,1060.73,32087,1060.73
2014-02-10,1082.39,1087.1,1059.79,1061.68,19975,1061.68
2014-02-12,1080.5,1087.1,1072.03,1080.5,28899,1080.5
2014-02-13,1080.5,1080.5,1053.2,1056.99,19231,1056.99
2014-02-14,1055.09,1063.56,1032.5,1033.44,32194,1033.44
2014-02-17,1017.44,1017.44,962.85,999.55,121334,999.55
2014-02-18,992.97,1018.38,980.74,1018.38,51317,1018.38
2014-02-19,1018.38,1048.51,1015.56,1037.19,73097,1037.19
2014-02-20,1035.33,1035.33,995.79,1009.91,48131,1009.91
2014-02-21,1007.08,1062.63,1007.08,1056.02,51317,1056.02
2014-02-24,1053.2,1087.1,1010.86,1080.5,94454,1080.5
2014-02-25,1101.21,1127.56,1098.38,1115.32,56205,1115.32
2014-02-26,1104.03,1128.48,1100.26,1123.79,42391,1123.79
2014-02-27,1123.79,1129.44,1101.21,1124.75,35807,1124.75
2014-02-28,1122.85,1122.85,1093.67,1104.03,43879,1104.03
2014-03-03,1111.56,1111.56,1073.9,1102.15,46324,1102.15
2014-03-04,1088.96,1102.15,1077.69,1100.26,28580,1100.26
2014-03-05,1107.8,1124.75,1107.8,1118.14,28475,1118.14
2014-03-06,1118.14,1148.27,1118.14,1147.33,81704,1147.33
2014-03-07,1165.19,1190.62,1157.67,1181.21,61305,1181.21
2014-03-10,1181.21,1181.21,1136.97,1161.45,44411,1161.45
2014-03-11,1164.26,1175.57,1162.38,1172.75,29325,1172.75
2014-03-12,1150.15,1164.26,1147.33,1148.27,30598,1148.27
2014-03-13,1129.44,1153.91,1119.09,1144.49,37717,1144.49
2014-03-14,1137.92,1150.15,1105.92,1113.45,118677,1113.45
2014-03-17,1112.52,1112.52,1091.8,1093.67,42181,1093.67
2014-03-18,1105.92,1139.8,1105.92,1128.48,37717,1128.48
2014-03-19,1101.21,1124.75,1087.1,1088.02,60455,1088.02
2014-03-20,1091.8,1099.34,1070.15,1073.9,88504,1073.9
2014-03-24,1102.15,1166.15,1082.39,1155.8,115278,1155.8
2014-03-25,1175.57,1214.15,1153.91,1168.03,93391,1168.03
2014-03-26,1196.27,1208.49,1166.15,1198.16,73629,1198.16
2014-03-27,1203.81,1257.45,1200.03,1256.5,166808,1256.5
2014-03-28,1267.79,1287.57,1231.1,1255.56,145558,1255.56
2014-03-31,1255.56,1255.56,1218.86,1233.93,58967,1233.93
2014-04-01,1232.96,1243.32,1218.86,1240.52,56948,1240.52
2014-04-02,1241.45,1249.91,1231.1,1232.03,40799,1232.03
2014-04-03,1249.91,1250.86,1195.32,1234.85,62260,1234.85
2014-04-04,1234.85,1247.1,1214.15,1224.51,57267,1224.51
2014-04-07,1201.91,1214.15,1184.98,1188.73,30173,1188.73
2014-04-08,1160.51,1169.92,1139.8,1142.63,55249,1142.63
2014-04-09,1136.97,1146.39,1116.27,1125.68,54080,1125.68
2014-04-10,1135.08,1151.09,1117.21,1125.68,44730,1125.68
2014-04-11,1111.56,1152.97,1107.8,1133.21,34318,1133.21
2014-04-14,1134.15,1169.92,1131.33,1156.74,43775,1156.74
2014-04-15,1158.61,1184.98,1156.74,1168.03,36868,1168.03
2014-04-16,1174.62,1196.27,1173.68,1196.27,21567,1196.27
2014-04-17,1227.33,1228.27,1198.16,1220.73,38037,1220.73
2014-04-18,1223.56,1223.56,1192.5,1204.74,13495,1204.74
2014-04-21,1195.32,1211.33,1185.9,1187.79,20930,1187.79
2014-04-22,1197.22,1197.22,1157.67,1157.67,15406,1157.67
2014-04-23,1157.67,1168.98,1142.63,1161.45,18593,1161.45
2014-04-24,1177.46,1221.69,1177.46,1211.33,42181,1211.33
2014-04-25,1220.73,1222.62,1188.73,1202.85,38461,1202.85
2014-04-28,1231.1,1296.05,1231.1,1237.68,146727,1237.68
2014-04-30,1236.75,1248.04,1207.57,1236.75,73418,1236.75
2014-05-01,1236.75,1247.1,1235.8,1246.15,28368,1246.15
2014-05-02,1245.21,1245.21,1205.69,1226.38,25817,1226.38
2014-05-07,1214.15,1217.91,1177.46,1181.21,37717,1181.21
2014-05-08,1188.73,1213.21,1186.86,1188.73,14450,1188.73
2014-05-09,1195.32,1200.03,1174.62,1181.21,17637,1181.21
2014-05-12,1188.73,1191.57,1167.1,1168.03,14875,1168.03
2014-05-13,1180.28,1210.4,1177.46,1204.74,27092,1204.74
2014-05-14,1213.21,1220.73,1204.74,1215.09,14130,1215.09
2014-05-15,1215.09,1215.09,1180.28,1200.97,17743,1200.97
2014-05-16,1183.1,1192.5,1130.39,1149.21,55035,1149.21
2014-05-19,1156.74,1156.74,1114.37,1131.33,45686,1131.33
2014-05-20,1136.04,1136.04,1120.03,1120.03,22204,1120.03
2014-05-21,1107.8,1127.56,1105.92,1108.74,21994,1108.74
2014-05-22,1111.56,1158.61,1111.56,1158.61,24117,1158.61
2014-05-23,1170.84,1170.84,1150.15,1156.74,32937,1156.74
2014-05-26,1184.98,1184.98,1160.51,1164.26,20825,1164.26
2014-05-27,1167.1,1175.57,1136.97,1137.92,29750,1137.92
2014-05-28,1128.48,1165.19,1128.48,1139.8,27201,1139.8
2014-05-29,1137.92,1149.21,1134.15,1142.63,18062,1142.63
2014-05-30,1142.63,1163.33,1142.63,1152.03,36762,1152.03
2014-06-02,1154.87,1202.85,1154.87,1200.97,36017,1200.97
2014-06-03,1213.21,1213.21,1196.27,1200.03,27622,1200.03
2014-06-04,1200.03,1210.4,1184.98,1191.57,10626,1191.57
2014-06-05,1200.03,1213.21,1186.86,1213.21,26243,1213.21
2014-06-06,1214.15,1231.1,1204.74,1225.44,46536,1225.44
2014-06-09,1232.03,1251.8,1226.38,1250.86,38568,1250.86
2014-06-10,1234.85,1251.8,1215.09,1218.86,32194,1218.86
2014-06-11,1212.27,1242.39,1211.33,1237.68,23481,1237.68
2014-06-12,1245.21,1245.21,1223.56,1237.68,9881,1237.68
2014-06-13,1223.56,1252.74,1219.8,1246.15,129515,1246.15
2014-06-16,1261.22,1261.22,1248.97,1251.8,73203,1251.8
2014-06-17,1251.8,1254.63,1224.51,1248.04,42818,1248.04
2014-06-18,1254.63,1254.63,1232.96,1245.21,27201,1245.21
2014-06-19,1251.8,1254.63,1238.61,1243.32,40162,1243.32
2014-06-20,1245.21,1255.56,1234.85,1255.56,48661,1255.56
2014-06-23,1261.22,1267.79,1217.91,1235.8,77030,1235.8
2014-06-24,1221.69,1237.68,1221.69,1233.93,26349,1233.93
2014-06-25,1231.1,1232.96,1215.09,1217.91,29750,1217.91
2014-06-26,1208.49,1236.75,1199.1,1223.56,39843,1223.56
2014-06-27,1232.03,1232.03,1208.49,1217.91,22204,1217.91
2014-06-30,1212.27,1232.03,1210.4,1227.33,32830,1227.33
2014-07-01,1227.33,1264.03,1215.09,1253.69,78623,1253.69
2014-07-02,1241.45,1255.56,1241.45,1248.97,51956,1248.97
2014-07-03,1253.69,1253.69,1232.96,1251.8,19443,1251.8
2014-07-04,1251.8,1258.39,1242.39,1251.8,30492,1251.8
2014-07-07,1251.8,1254.63,1232.96,1248.97,16681,1248.97
2014-07-08,1249.91,1261.22,1230.15,1259.33,83722,1259.33
2014-07-09,1256.5,1263.08,1249.91,1253.69,43879,1253.69
2014-07-10,1253.69,1260.26,1248.04,1248.97,33786,1248.97
2014-07-11,1241.45,1245.21,1215.09,1218.86,27837,1218.86
2014-07-14,1224.51,1244.27,1219.8,1242.39,30705,1242.39
2014-07-15,1242.39,1245.21,1223.56,1241.45,46004,1241.45
2014-07-16,1245.21,1252.74,1242.39,1243.32,28156,1243.32
2014-07-17,1252.74,1259.33,1248.04,1255.56,41224,1255.56
2014-07-18,1259.33,1259.33,1233.93,1253.69,31024,1253.69
2014-07-22,1259.33,1261.22,1248.97,1261.22,23269,1261.22
2014-07-23,1261.22,1261.22,1251.8,1256.5,7968,1256.5
2014-07-24,1242.39,1261.22,1241.45,1260.26,43879,1260.26
2014-07-25,1261.22,1267.79,1256.5,1265.93,31662,1265.93
2014-07-28,1276.26,1289.46,1260.26,1287.57,46429,1287.57
2014-07-29,1293.2,1317.68,1289.46,1317.68,84467,1317.68
2014-07-30,1317.68,1317.68,1255.56,1264.97,129197,1264.97
2014-07-31,1274.4,1280.98,1248.04,1254.63,66618,1254.63
2014-08-01,1254.63,1267.79,1244.27,1253.69,38568,1253.69
2014-08-04,1264.97,1275.33,1240.52,1247.1,32512,1247.1
2014-08-05,1240.52,1248.97,1224.51,1224.51,21143,1224.51
2014-08-06,1232.03,1232.03,1176.51,1191.57,46324,1191.57
2014-08-07,1177.46,1205.69,1177.46,1200.03,29536,1200.03
2014-08-08,1195.32,1226.38,1143.56,1184.03,53974,1184.03
2014-08-11,1184.03,1211.33,1184.03,1198.16,17318,1198.16
2014-08-12,1199.1,1218.86,1199.1,1216.03,17637,1216.03
2014-08-13,1205.69,1221.69,1202.85,1215.09,10519,1215.09
2014-08-14,1215.09,1241.45,1215.09,1235.8,17212,1235.8
2014-08-15,1236.75,1250.86,1236.75,1245.21,14450,1245.21
2014-08-18,1249.91,1261.22,1237.68,1245.21,17849,1245.21
2014-08-19,1262.15,1262.15,1242.39,1249.91,15617,1249.91
2014-08-20,1256.5,1258.39,1233.93,1245.21,20188,1245.21
2014-08-21,1248.97,1267.79,1242.39,1267.79,15301,1267.79
2014-08-22,1270.63,1270.63,1258.39,1264.03,13706,1264.03
2014-08-25,1270.63,1270.63,1263.08,1269.68,5101,1269.68
2014-08-26,1270.63,1273.44,1243.32,1260.26,10200,1260.26
2014-08-27,1260.26,1269.68,1252.74,1266.86,14875,1266.86
2014-08-28,1258.39,1275.33,1247.1,1272.51,17212,1272.51
2014-08-29,1256.5,1279.09,1256.5,1272.51,19869,1272.51
2014-09-01,1280.04,1280.04,1259.33,1269.68,13706,1269.68
2014-09-02,1277.21,1284.74,1266.86,1280.98,19550,1280.98
2014-09-03,1288.5,1298.85,1251.8,1279.09,31130,1279.09
2014-09-04,1279.09,1285.67,1251.8,1275.33,12751,1275.33
2014-09-05,1289.46,1294.15,1283.8,1286.63,43030,1286.63
2014-09-08,1294.15,1294.15,1276.26,1285.67,16786,1285.67
2014-09-09,1289.46,1294.15,1272.51,1277.21,13387,1277.21
2014-09-10,1288.5,1294.15,1283.8,1293.2,27092,1293.2
2014-09-11,1298.85,1303.57,1286.63,1298.85,17106,1298.85
2014-09-12,1303.57,1304.52,1286.63,1295.11,50148,1295.11
2014-09-16,1303.57,1303.57,1280.04,1283.8,20505,1283.8
2014-09-17,1291.33,1291.33,1255.56,1259.33,22736,1259.33
2014-09-18,1259.33,1290.38,1259.33,1290.38,21567,1290.38
2014-09-19,1283.8,1294.15,1280.04,1294.15,39631,1294.15
2014-09-22,1294.15,1295.11,1277.21,1288.5,17637,1288.5
2014-09-24,1278.16,1296.98,1277.21,1285.67,12005,1285.67
2014-09-25,1296.05,1301.69,1283.8,1301.69,32723,1301.69
2014-09-26,1280.98,1301.69,1280.98,1296.05,19762,1296.05
2014-09-29,1298.85,1298.85,1264.03,1272.51,20825,1272.51
2014-09-30,1281.92,1296.98,1266.86,1285.67,38780,1285.67
2014-10-01,1295.11,1304.52,1245.21,1293.2,47280,1293.2
2014-10-02,1272.51,1272.51,1223.56,1223.56,35591,1223.56
2014-10-03,1214.15,1245.21,1206.63,1216.98,27092,1216.98
2014-10-06,1216.98,1232.96,1216.98,1229.21,11793,1229.21
2014-10-07,1223.56,1256.5,1211.33,1213.21,26775,1213.21
2014-10-08,1210.4,1213.21,1188.73,1191.57,28048,1191.57
2014-10-09,1188.73,1192.5,1154.87,1154.87,43561,1154.87
2014-10-10,1154.87,1159.57,1134.15,1142.63,51211,1142.63
2014-10-14,1139.8,1139.8,1124.75,1126.62,70441,1126.62
2014-10-15,1136.97,1157.67,1105.92,1136.97,55992,1136.97
2014-10-16,1110.61,1124.75,1105.92,1112.52,69805,1112.52
2014-10-17,1114.37,1121.91,1088.02,1089.91,63217,1089.91
2014-10-20,1119.09,1148.27,1119.09,1145.44,28368,1145.44
2014-10-21,1148.27,1157.67,1125.68,1135.08,25287,1135.08
2014-10-22,1156.74,1162.38,1142.63,1160.51,18593,1160.51
2014-10-23,1157.67,1158.61,1139.8,1152.03,12219,1152.03
2014-10-24,1158.61,1162.38,1147.33,1151.09,10519,1151.09
2014-10-27,1151.09,1158.61,1136.04,1151.09,27518,1151.09
2014-10-28,1143.56,1148.27,1132.27,1134.15,18487,1134.15
2014-10-29,1132.27,1162.38,1132.27,1156.74,43456,1156.74
2014-10-30,1141.67,1174.62,1141.67,1174.62,52804,1174.62
2014-10-31,1176.51,1262.15,1176.51,1260.26,80323,1260.26
2014-11-04,1344.99,1364.73,1293.2,1312.97,99660,1312.97
2014-11-05,1312.97,1328.03,1262.15,1270.63,99872,1270.63
2014-11-06,1289.46,1296.05,1244.27,1247.1,39737,1247.1
2014-11-07,1260.26,1279.09,1243.32,1272.51,19655,1272.51
2014-11-10,1218.86,1228.27,1181.21,1195.32,80640,1195.32
2014-11-11,1191.57,1203.81,1183.1,1200.97,30388,1200.97
2014-11-12,1213.21,1221.69,1197.22,1203.81,34850,1203.81
2014-11-13,1203.81,1211.33,1198.16,1211.33,21143,1211.33
2014-11-14,1238.61,1238.61,1209.43,1216.03,43030,1216.03
2014-11-17,1216.03,1220.73,1180.28,1183.1,41542,1183.1
2014-11-18,1177.46,1203.81,1177.46,1203.81,26031,1203.81
2014-11-19,1214.15,1214.15,1186.86,1188.73,27943,1188.73
2014-11-20,1190.62,1193.44,1180.28,1181.21,16681,1181.21
2014-11-21,1185.9,1195.32,1178.37,1189.69,19231,1189.69
2014-11-25,1191.57,1195.32,1177.46,1177.46,27622,1177.46
2014-11-26,1190.62,1228.27,1188.73,1201.91,103590,1201.91
2014-11-27,1201.91,1204.74,1183.1,1184.03,68848,1184.03
2014-11-28,1185.9,1191.57,1181.21,1185.9,29856,1185.9
2014-12-01,1185.9,1186.86,1168.03,1171.79,75328,1171.79
2014-12-02,1168.03,1168.98,1155.8,1160.51,42923,1160.51
2014-12-03,1154.87,1168.98,1149.21,1153.91,48874,1153.91
2014-12-04,1156.74,1167.1,1156.74,1159.57,19550,1159.57
2014-12-05,1156.74,1160.51,1149.21,1160.51,31024,1160.51
2014-12-08,1168.03,1172.75,1164.26,1166.15,30279,1166.15
2014-12-09,1166.15,1177.46,1156.74,1166.15,38568,1166.15
2014-12-10,1167.1,1178.37,1165.19,1167.1,66405,1167.1
2014-12-11,1165.19,1168.03,1157.67,1158.61,41011,1158.61
2014-12-12,1163.33,1168.03,1158.61,1160.51,71186,1160.51
2014-12-15,1160.51,1172.75,1157.67,1157.67,32619,1157.67
2014-12-16,1140.73,1142.63,1134.15,1136.97,128028,1136.97
2014-12-17,1134.15,1138.85,1130.39,1131.33,58542,1131.33
2014-12-18,1141.67,1162.38,1141.67,1148.27,35911,1148.27
2014-12-19,1170.84,1170.84,1148.27,1164.26,51317,1164.26
2014-12-22,1165.19,1170.84,1163.33,1170.84,30068,1170.84
2014-12-24,1174.62,1192.5,1174.62,1190.62,65236,1190.62
2014-12-25,1192.5,1200.03,1189.69,1200.03,96259,1200.03
2014-12-26,1199.1,1207.57,1182.15,1203.81,61730,1203.81
2014-12-29,1214.15,1214.15,1186.86,1200.97,55249,1200.97
2014-12-30,1202.85,1202.85,1189.69,1193.44,34637,1193.44
2015-01-05,1195.32,1198.16,1180.28,1193.44,45368,1193.44
2015-01-06,1176.51,1185.9,1168.98,1168.98,67468,1168.98
2015-01-07,1168.03,1177.46,1168.03,1168.98,30812,1168.98
2015-01-08,1168.98,1190.62,1168.03,1185.9,38356,1185.9
2015-01-09,1189.69,1192.5,1175.57,1185.9,49616,1185.9
2015-01-13,1175.57,1193.44,1158.61,1178.37,87547,1178.37
2015-01-14,1179.31,1186.86,1166.15,1168.03,77985,1168.03
2015-01-15,1170.84,1186.86,1168.03,1185.9,63643,1185.9
2015-01-16,1163.33,1176.51,1163.33,1167.1,62366,1167.1
2015-01-19,1163.33,1170.84,1160.51,1165.19,30388,1165.19
2015-01-20,1173.68,1186.86,1164.26,1186.86,19762,1186.86
2015-01-21,1186.86,1186.86,1168.03,1168.98,35486,1168.98
2015-01-22,1173.68,1173.68,1164.26,1166.15,37611,1166.15
2015-01-23,1173.68,1178.37,1167.1,1176.51,54823,1176.51
2015-01-26,1164.26,1172.75,1150.15,1154.87,72035,1154.87
2015-01-27,1167.1,1196.27,1164.26,1190.62,108902,1190.62
2015-01-28,1186.86,1190.62,1179.31,1179.31,66511,1179.31
2015-01-29,1163.33,1173.68,1147.33,1152.03,78623,1152.03
2015-01-30,1171.79,1176.51,1143.56,1152.03,95515,1152.03
2015-02-02,1144.49,1151.09,1130.39,1131.33,75861,1131.33
2015-02-03,1132.27,1138.85,1104.03,1105.92,63217,1105.92
2015-02-04,1125.68,1136.97,1125.68,1134.15,33786,1134.15
2015-02-05,1125.68,1135.08,1115.32,1122.85,29431,1122.85
2015-02-06,1122.85,1130.39,1101.21,1101.21,72035,1101.21
2015-02-09,1120.03,1120.03,1084.26,1086.15,67254,1086.15
2015-02-10,1085.21,1099.34,1082.39,1085.21,38142,1085.21
2015-02-12,1113.45,1136.97,1089.91,1089.91,79578,1089.91
2015-02-13,1091.8,1094.62,1073.9,1078.63,74797,1078.63
2015-02-16,1082.39,1095.56,1067.31,1067.31,80534,1067.31
2015-02-17,1067.31,1080.5,1047.56,1053.2,76923,1053.2
2015-02-18,1068.25,1081.43,1056.99,1076.73,48768,1076.73
2015-02-19,1079.55,1117.21,1079.55,1115.32,44624,1115.32
2015-02-20,1117.21,1119.09,1093.67,1105.92,52911,1105.92
2015-02-23,1120.03,1124.75,1110.61,1120.03,74055,1120.03
2015-02-24,1120.03,1122.85,1112.52,1118.14,53867,1118.14
2015-02-25,1126.62,1126.62,1113.45,1119.09,36336,1119.09
2015-02-26,1116.27,1129.44,1116.27,1120.97,37824,1120.97
2015-02-27,1120.97,1136.97,1120.97,1129.44,58329,1129.44
2015-03-02,1129.44,1145.44,1129.44,1138.85,44836,1138.85
2015-03-03,1138.85,1148.27,1136.97,1138.85,51317,1138.85
2015-03-04,1148.27,1148.27,1137.92,1138.85,50787,1138.85
2015-03-05,1138.85,1145.44,1138.85,1139.8,41863,1139.8
2015-03-06,1138.85,1148.27,1138.85,1142.63,33042,1142.63
2015-03-09,1139.8,1147.33,1136.97,1138.85,29217,1138.85
2015-03-10,1146.39,1147.33,1136.97,1139.8,48768,1139.8
2015-03-11,1138.85,1155.8,1138.85,1150.15,37294,1150.15
2015-03-12,1152.97,1156.74,1139.8,1155.8,39312,1155.8
2015-03-13,1167.1,1176.51,1154.87,1169.92,100192,1169.92
2015-03-16,1169.92,1169.92,1136.04,1148.27,37930,1148.27
2015-03-17,1157.67,1157.67,1139.8,1152.03,22844,1152.03
2015-03-18,1157.67,1173.68,1142.63,1170.84,32619,1170.84
2015-03-19,1169.92,1171.79,1153.91,1162.38,21781,1162.38
2015-03-20,1160.51,1191.57,1160.51,1191.57,48661,1191.57
2015-03-23,1191.57,1204.74,1184.98,1200.03,29431,1200.03
2015-03-24,1176.51,1200.97,1155.8,1197.22,70124,1197.22
2015-03-25,1197.22,1209.43,1197.22,1206.63,55778,1206.63
2015-03-26,1205.69,1208.49,1196.27,1199.1,32405,1199.1
2015-03-27,1209.43,1217.91,1175.57,1189.69,73842,1189.69
2015-03-30,1190.62,1190.62,1168.03,1169.92,36336,1169.92
2015-03-31,1181.21,1181.21,1153.91,1156.74,44730,1156.74
2015-04-01,1162.38,1165.19,1142.63,1152.03,46854,1152.03
2015-04-02,1156.74,1189.69,1155.8,1181.21,53549,1181.21
2015-04-03,1186.86,1186.86,1174.62,1180.28,15193,1180.28
2015-04-06,1175.57,1187.79,1166.15,1177.46,19124,1177.46
2015-04-07,1177.46,1187.79,1167.1,1182.15,18381,1182.15
2015-04-08,1182.15,1193.44,1180.28,1182.15,26560,1182.15
2015-04-09,1188.73,1188.73,1174.62,1184.98,20505,1184.98
2015-04-10,1189.69,1206.63,1180.28,1202.85,74904,1202.85
2015-04-13,1210.4,1210.4,1204.74,1206.63,17212,1206.63
2015-04-14,1204.74,1214.15,1204.74,1214.15,23375,1214.15
2015-04-15,1214.15,1218.86,1186.86,1197.22,56630,1197.22
2015-04-16,1196.27,1204.74,1189.69,1204.74,17849,1204.74
2015-04-17,1191.57,1203.81,1190.62,1192.5,22312,1192.5
2015-04-20,1183.1,1203.81,1183.1,1185.9,16574,1185.9
2015-04-21,1195.32,1195.32,1179.31,1195.32,13706,1195.32
2015-04-22,1195.32,1213.21,1195.32,1204.74,18913,1204.74
2015-04-23,1204.74,1218.86,1189.69,1201.91,24331,1201.91
2015-04-24,1204.74,1218.86,1204.74,1213.21,30068,1213.21
2015-04-27,1213.21,1240.52,1213.21,1233.93,48448,1233.93
2015-04-28,1242.39,1270.63,1240.52,1256.5,52804,1256.5
2015-04-30,1256.5,1256.5,1200.97,1215.09,47068,1215.09
2015-05-01,1211.33,1232.03,1211.33,1221.69,37400,1221.69
2015-05-07,1212.27,1230.15,1209.43,1216.98,24224,1216.98
2015-05-08,1216.03,1217.91,1180.28,1198.16,32619,1198.16
2015-05-11,1226.38,1230.15,1208.49,1221.69,24224,1221.69
2015-05-12,1218.86,1232.03,1197.22,1215.09,30388,1215.09
2015-05-13,1206.63,1222.62,1206.63,1215.09,19017,1215.09
2015-05-14,1217.91,1241.45,1216.03,1224.51,29643,1224.51
2015-05-15,1224.51,1251.8,1224.51,1240.52,22736,1240.52
2015-05-18,1249.91,1267.79,1242.39,1267.79,23269,1267.79
2015-05-19,1270.63,1280.98,1250.86,1263.08,32087,1263.08
2015-05-20,1263.08,1263.08,1252.74,1259.33,14981,1259.33
2015-05-21,1259.33,1275.33,1253.69,1265.93,37930,1265.93
2015-05-22,1263.08,1267.79,1253.69,1267.79,17637,1267.79
2015-05-25,1268.74,1269.68,1253.69,1265.93,18168,1265.93
2015-05-26,1263.08,1275.33,1262.15,1269.68,29643,1269.68
2015-05-27,1270.63,1291.33,1260.26,1288.5,31980,1288.5
2015-05-28,1288.5,1298.85,1280.98,1289.46,41649,1289.46
2015-05-29,1277.21,1291.33,1248.04,1267.79,45261,1267.79
2015-06-01,1267.79,1296.98,1267.79,1295.11,33998,1295.11
2015-06-02,1294.15,1302.63,1287.57,1297.92,40588,1297.92
2015-06-03,1296.98,1306.37,1290.38,1298.85,19762,1298.85
2015-06-04,1303.57,1304.52,1289.46,1299.79,16044,1299.79
2015-06-05,1289.46,1296.98,1285.67,1290.38,31768,1290.38
2015-06-08,1289.46,1293.2,1281.92,1289.46,71716,1289.46
2015-06-09,1272.51,1289.46,1271.57,1271.57,42391,1271.57
2015-06-10,1271.57,1292.27,1271.57,1286.63,30812,1286.63
2015-06-11,1285.67,1295.11,1284.74,1293.2,24862,1293.2
2015-06-12,1290.38,1296.98,1284.74,1291.33,50573,1291.33
2015-06-15,1280.04,1288.5,1280.04,1283.8,11050,1283.8
2015-06-16,1280.98,1287.57,1266.86,1267.79,18274,1267.79
2015-06-17,1267.79,1269.68,1241.45,1246.15,35591,1246.15
2015-06-18,1236.75,1259.33,1223.56,1234.85,58118,1234.85
2015-06-19,1232.96,1261.22,1229.21,1238.61,44942,1238.61
2015-06-22,1236.75,1257.45,1232.03,1255.56,23269,1255.56
2015-06-23,1258.39,1284.74,1242.39,1284.74,44411,1284.74
2015-06-24,1289.46,1289.46,1276.26,1283.8,38356,1283.8
2015-06-25,1279.09,1287.57,1271.57,1276.26,26881,1276.26
2015-06-26,1278.16,1283.8,1248.04,1260.26,43030,1260.26
2015-06-29,1257.45,1280.04,1232.96,1238.61,39099,1238.61
2015-06-30,1238.61,1253.69,1232.96,1250.86,25392,1250.86
2015-07-01,1250.86,1252.74,1223.56,1238.61,28686,1238.61
2015-07-02,1248.97,1249.91,1239.55,1248.97,13706,1248.97
2015-07-03,1248.97,1261.22,1242.39,1247.1,13387,1247.1
2015-07-06,1228.27,1253.69,1228.27,1230.15,29325,1230.15
2015-07-07,1248.04,1266.86,1248.04,1259.33,18487,1259.33
2015-07-08,1249.91,1260.26,1227.33,1232.96,35807,1232.96
2015-07-09,1204.74,1232.03,1201.91,1222.62,42713,1222.62
2015-07-10,1223.56,1248.04,1223.56,1232.03,28048,1232.03
2015-07-13,1250.86,1261.22,1245.21,1255.56,16256,1255.56
2015-07-14,1267.79,1267.79,1262.15,1267.79,15301,1267.79
2015-07-15,1268.74,1289.46,1268.74,1289.46,34425,1289.46
2015-07-16,1292.27,1308.28,1290.38,1308.28,41967,1308.28
2015-07-17,1317.68,1336.5,1316.75,1336.5,60772,1336.5
2015-07-21,1335.56,1335.56,1304.52,1310.16,26881,1310.16
2015-07-22,1303.57,1331.81,1288.5,1330.86,29217,1330.86
2015-07-23,1329.91,1337.44,1320.49,1333.69,16149,1333.69
2015-07-24,1329.91,1331.81,1316.75,1319.57,15724,1319.57
2015-07-27,1327.1,1331.81,1320.49,1329.91,20825,1329.91
2015-07-28,1329.91,1344.03,1325.22,1336.5,48874,1336.5
2015-07-29,1337.44,1337.44,1301.69,1319.57,19124,1319.57
2015-07-30,1321.46,1334.63,1310.16,1317.68,18593,1317.68
2015-07-31,1325.22,1332.74,1317.68,1332.74,9988,1332.74
2015-08-03,1332.74,1348.74,1328.03,1346.87,22312,1346.87
2015-08-04,1346.87,1347.8,1332.74,1347.8,12325,1347.8
2015-08-05,1346.87,1346.87,1334.63,1345.92,31024,1345.92
2015-08-06,1329.91,1345.92,1327.1,1342.16,33042,1342.16
2015-08-07,1339.34,1352.51,1331.81,1352.51,30279,1352.51
2015-08-10,1290.38,1317.68,1280.04,1314.86,34425,1314.86
2015-08-11,1339.34,1367.56,1339.34,1363.81,46536,1363.81
2015-08-12,1360.04,1371.33,1345.92,1356.28,24331,1356.28
2015-08-13,1342.16,1353.44,1320.49,1346.87,24755,1346.87
2015-08-14,1345.92,1372.28,1344.99,1354.39,10306,1354.39
2015-08-17,1355.33,1381.69,1355.33,1381.69,19975,1381.69
2015-08-18,1381.69,1425.92,1381.69,1409.92,36975,1409.92
2015-08-19,1411.8,1411.8,1373.21,1375.11,26881,1375.11
2015-08-20,1364.73,1375.11,1342.16,1352.51,30173,1352.51
2015-08-21,1317.68,1364.73,1304.52,1314.86,47068,1314.86
2015-08-24,1270.63,1306.37,1227.33,1233.93,64704,1233.93
2015-08-25,1174.62,1257.45,1173.68,1178.37,68104,1178.37
2015-08-26,1177.46,1199.1,1146.39,1171.79,92754,1171.79
2015-08-27,1196.27,1231.1,1185.9,1192.5,38356,1192.5
2015-08-28,1220.73,1235.8,1211.33,1227.33,17318,1227.33
2015-08-31,1227.33,1254.63,1212.27,1253.69,25606,1253.69
2015-09-01,1249.91,1249.91,1195.32,1199.1,78730,1199.1
2015-09-02,1170.84,1209.43,1166.15,1184.03,51956,1184.03
2015-09-03,1192.5,1210.4,1185.9,1191.57,31874,1191.57
2015-09-04,1200.03,1203.81,1157.67,1168.98,36231,1168.98
2015-09-07,1163.33,1187.79,1152.97,1182.15,22099,1182.15
2015-09-08,1184.03,1207.57,1172.75,1183.1,38356,1183.1
2015-09-09,1211.33,1243.32,1192.5,1239.55,25817,1239.55
2015-09-10,1214.15,1233.93,1196.27,1227.33,22630,1227.33
2015-09-11,1240.52,1249.91,1221.69,1240.52,54823,1240.52
2015-09-14,1260.26,1260.26,1215.09,1215.09,11475,1215.09
2015-09-15,1216.98,1237.68,1215.09,1216.03,24755,1216.03
2015-09-16,1224.51,1230.15,1216.03,1228.27,7543,1228.27
2015-09-17,1249.91,1249.91,1212.27,1228.27,26456,1228.27
2015-09-18,1212.27,1220.73,1196.27,1204.74,49086,1204.74
2015-09-24,1176.51,1193.44,1175.57,1176.51,63748,1176.51
2015-09-25,1170.84,1200.97,1153.91,1198.16,50467,1198.16
2015-09-28,1200.03,1226.38,1185.9,1225.44,38568,1225.44
2015-09-29,1201.91,1219.8,1184.03,1188.73,60136,1188.73
2015-09-30,1210.4,1217.91,1182.15,1200.03,26243,1200.03
2015-10-01,1209.43,1214.15,1178.37,1212.27,39631,1212.27
2015-10-02,1200.03,1204.74,1182.15,1188.73,32512,1188.73
2015-10-05,1198.16,1198.16,1180.28,1188.73,31130,1188.73
2015-10-06,1208.49,1223.56,1195.32,1214.15,28686,1214.15
2015-10-07,1221.69,1229.21,1205.69,1225.44,22630,1225.44
2015-10-08,1225.44,1225.44,1195.32,1201.91,13174,1201.91
2015-10-09,1203.81,1212.27,1198.16,1212.27,17212,1212.27
2015-10-13,1205.69,1214.15,1200.03,1205.69,17212,1205.69
2015-10-14,1199.1,1199.1,1159.57,1168.98,61730,1168.98
2015-10-15,1168.98,1194.38,1168.98,1190.62,19124,1190.62
2015-10-16,1197.22,1199.1,1174.62,1178.37,41863,1178.37
2015-10-19,1179.31,1180.28,1164.26,1170.84,8606,1170.84
2015-10-20,1167.1,1174.62,1167.1,1173.68,14237,1173.68
2015-10-21,1173.68,1228.27,1173.68,1228.27,25500,1228.27
2015-10-22,1229.21,1247.1,1225.44,1229.21,16256,1229.21
2015-10-23,1249.91,1261.22,1216.98,1228.27,37611,1228.27
2015-10-26,1250.86,1254.63,1239.55,1244.27,14556,1244.27
2015-10-27,1249.91,1249.91,1209.43,1211.33,18593,1211.33
2015-10-28,1227.33,1279.09,1214.15,1248.97,31555,1248.97
2015-10-29,1260.26,1265.93,1234.85,1237.68,19762,1237.68
2015-10-30,1240.52,1284.74,1240.52,1264.03,30492,1264.03
2015-11-02,1261.22,1261.22,1214.15,1224.51,26986,1224.51
2015-11-04,1220.73,1248.97,1216.98,1217.91,25392,1217.91
2015-11-05,1232.03,1264.03,1224.51,1240.52,16044,1240.52
2015-11-06,1259.33,1259.33,1245.21,1259.33,16149,1259.33
2015-11-09,1242.39,1327.1,1242.39,1311.1,52272,1311.1
2015-11-10,1300.74,1318.63,1300.74,1315.8,18381,1315.8
2015-11-11,1334.63,1354.39,1317.68,1336.5,64811,1336.5
2015-11-12,1341.2,1364.73,1335.56,1360.98,24969,1360.98
2015-11-13,1350.63,1364.73,1339.34,1361.91,28793,1361.91
2015-11-16,1348.74,1348.74,1333.69,1339.34,23481,1339.34
2015-11-17,1354.39,1354.39,1333.69,1341.2,26667,1341.2
2015-11-18,1352.51,1352.51,1340.28,1344.99,13174,1344.99
2015-11-19,1355.33,1355.33,1337.44,1341.2,16892,1341.2
2015-11-20,1341.2,1342.16,1313.91,1320.49,21887,1320.49
2015-11-24,1305.44,1328.03,1305.44,1316.75,27412,1316.75
2015-11-25,1315.8,1315.8,1270.63,1290.38,23269,1290.38
2015-11-26,1288.5,1298.85,1265.93,1268.74,42604,1268.74
2015-11-27,1259.33,1281.92,1251.8,1259.33,25074,1259.33
2015-11-30,1251.8,1267.79,1239.55,1250.86,30279,1250.86
2015-12-01,1250.86,1279.09,1250.86,1268.74,20188,1268.74
2015-12-02,1278.16,1279.09,1270.63,1272.51,14237,1272.51
2015-12-03,1265.93,1273.44,1260.26,1262.15,15193,1262.15
2015-12-04,1252.74,1252.74,1230.15,1233.93,26986,1233.93
2015-12-07,1250.86,1274.4,1250.86,1257.45,22736,1257.45
2015-12-08,1266.86,1266.86,1241.45,1241.45,12005,1241.45
2015-12-09,1246.15,1264.97,1246.15,1255.56,21038,1255.56
2015-12-10,1243.32,1251.8,1238.61,1239.55,18168,1239.55
2015-12-11,1268.74,1268.74,1254.63,1266.86,56736,1266.86
2015-12-14,1252.74,1255.56,1232.96,1244.27,27306,1244.27
2015-12-15,1244.27,1254.63,1232.96,1232.96,28475,1232.96
2015-12-16,1242.39,1248.04,1237.68,1248.04,20079,1248.04
2015-12-17,1255.56,1270.63,1249.91,1249.91,35169,1249.91
2015-12-18,1249.91,1260.26,1234.85,1234.85,53124,1234.85
2015-12-21,1223.56,1223.56,1190.62,1195.32,40906,1195.32
2015-12-22,1195.32,1205.69,1195.32,1200.03,20293,1200.03
2015-12-24,1212.27,1220.73,1208.49,1209.43,32619,1209.43
2015-12-25,1208.49,1209.43,1199.1,1207.57,119954,1207.57
2015-12-28,1209.45,1226.53,1200.92,1226.53,42378,1226.53
2015-12-29,1220.84,1229.38,1212.31,1226.53,20346,1226.53
2015-12-30,1226.53,1237.92,1225.59,1237.92,17078,1237.92
2016-01-04,1215.14,1234.13,1207.57,1207.57,25617,1207.57
2016-01-05,1217.06,1232.23,1208.5,1217.06,36265,1217.06
2016-01-06,1214.2,1227.48,1194.27,1219.89,42589,1219.89
2016-01-07,1218.95,1226.53,1173.41,1190.49,39215,1190.49
2016-01-08,1187.63,1201.86,1175.31,1183.85,28464,1183.85
2016-01-12,1176.25,1191.44,1135.47,1139.27,38267,1139.27
2016-01-13,1141.16,1161.07,1141.16,1149.7,29624,1149.7
2016-01-14,1121.24,1122.19,1085.2,1098.47,31308,1098.47
2016-01-15,1108.91,1126.93,1092.78,1098.47,20135,1098.47
2016-01-18,1055.78,1095.63,1040.6,1072.86,15076,1072.86
2016-01-19,1065.28,1084.24,1050.1,1057.69,22666,1057.69
2016-01-20,1052.93,1060.52,1000.76,1009.31,28464,1009.31
2016-01-21,994.12,1009.31,956.17,958.09,35316,958.09
2016-01-22,977.04,999.82,966.62,997.92,47966,997.92
2016-01-25,1026.38,1040.6,1011.21,1037.77,27515,1037.77
2016-01-26,1012.16,1021.63,1005.52,1006.46,21083,1006.46
2016-01-27,1034.92,1066.22,1027.32,1064.33,19502,1064.33
2016-01-28,1067.15,1067.15,1046.28,1048.2,10857,1048.2
2016-01-29,1054.84,1104.17,1037.77,1103.21,21717,1103.21
2016-02-01,1131.67,1144.02,1113.66,1132.63,32996,1132.63
2016-02-02,1132.63,1144.96,1120.3,1127.88,20030,1127.88
2016-02-03,1093.73,1098.47,1070.01,1076.65,10752,1076.65
2016-02-04,1056.74,1070.01,1048.2,1051.05,12861,1051.05
2016-02-05,1032.07,1038.71,1016.91,1030.19,14021,1030.19
2016-02-08,1015.96,1071.92,1015.96,1070.98,5904,1070.98
2016-02-09,1025.43,1043.46,1024.48,1024.48,11702,1024.48
2016-02-10,1024.48,1041.55,990.34,996.97,20873,996.97
2016-02-12,968.5,986.53,937.21,945.75,35000,945.75
2016-02-15,1014.99,1088.03,995.08,1084.24,86972,1084.24
2016-02-16,1088.03,1110.81,1088.03,1096.58,77062,1096.58
2016-02-17,1125.03,1131.67,1070.01,1091.84,53869,1091.84
2016-02-18,1108.91,1117.44,1095.63,1104.17,46175,1104.17
2016-02-19,1100.37,1103.21,1063.38,1091.84,23193,1091.84
2016-02-22,1101.33,1122.19,1093.73,1120.3,32787,1120.3
2016-02-23,1122.19,1128.83,1089.94,1093.73,20767,1093.73
2016-02-24,1065.28,1111.75,1062.43,1098.47,41641,1098.47
2016-02-25,1089.94,1116.5,1089.94,1104.17,42167,1104.17
2016-02-26,1089.94,1094.68,1043.46,1052.93,87287,1052.93
2016-02-29,1070.01,1085.2,1052.93,1058.64,43537,1058.64
2016-03-01,1067.15,1089.94,1067.15,1082.35,29624,1082.35
2016-03-02,1092.78,1106.06,1085.2,1088.98,36790,1088.98
2016-03-03,1088.98,1094.68,1076.65,1092.78,31731,1092.78
2016-03-04,1088.03,1120.3,1086.14,1112.7,63463,1112.7
2016-03-07,1121.24,1124.08,1103.21,1109.85,47334,1109.85
2016-03-08,1109.85,1126.93,1106.06,1106.06,90238,1106.06
2016-03-09,1106.06,1106.06,1078.56,1081.4,51445,1081.4
2016-03-10,1098.47,1098.47,1079.49,1096.58,33207,1096.58
2016-03-11,1081.4,1096.58,1068.13,1091.84,83281,1091.84
2016-03-14,1105.11,1118.39,1101.33,1112.7,38793,1112.7
2016-03-15,1113.66,1132.63,1113.66,1123.14,52182,1123.14
2016-03-16,1123.14,1123.14,1092.78,1093.73,60616,1093.73
2016-03-17,1098.47,1119.35,1090.88,1095.63,31520,1095.63
2016-03-18,1087.1,1109.85,1081.4,1091.84,33102,1091.84
2016-03-22,1100.37,1116.5,1096.58,1111.75,51972,1111.75
2016-03-23,1113.66,1119.35,1100.37,1102.27,39321,1102.27
2016-03-24,1097.52,1110.81,1095.63,1097.52,32047,1097.52
2016-03-25,1094.68,1099.42,1083.3,1088.98,29518,1088.98
2016-03-28,1096.58,1116.5,1094.68,1110.81,52816,1110.81
2016-03-29,1111.75,1129.78,1111.75,1129.78,50075,1129.78
2016-03-30,1136.41,1185.76,1130.72,1150.64,67996,1150.64
2016-03-31,1150.64,1150.64,1122.19,1122.19,28990,1122.19
2016-04-01,1123.14,1145.9,1090.88,1091.84,47122,1091.84
2016-04-04,1091.84,1113.66,1091.84,1103.21,35211,1103.21
2016-04-05,1103.21,1114.6,1088.03,1090.88,66625,1090.88
2016-04-06,1092.78,1107.96,1064.33,1070.98,29832,1070.98
2016-04-07,1063.38,1094.68,1057.69,1081.4,37741,1081.4
2016-04-08,1061.48,1139.27,1052.93,1113.66,54923,1113.66
2016-04-11,1105.11,1116.5,1082.35,1098.47,14337,1098.47
2016-04-12,1097.52,1118.39,1097.52,1102.27,18976,1102.27
2016-04-13,1104.17,1117.44,1104.17,1111.75,30149,1111.75
2016-04-14,1117.44,1150.64,1115.55,1148.75,42378,1148.75
2016-04-15,1147.8,1149.7,1138.31,1144.02,40692,1144.02
2016-04-18,1102.27,1113.66,1093.73,1107.96,43012,1107.96
2016-04-19,1129.78,1149.7,1129.78,1140.2,16657,1140.2
2016-04-20,1145.9,1159.19,1121.24,1139.27,33102,1139.27
2016-04-21,1147.8,1158.24,1141.16,1156.34,33840,1156.34
2016-04-22,1142.11,1162.98,1139.27,1162.03,32047,1162.03
2016-04-25,1162.03,1162.03,1125.99,1131.67,15076,1131.67
2016-04-26,1131.67,1140.2,1106.06,1114.6,18869,1114.6
2016-04-27,1133.57,1133.57,1117.44,1129.78,12439,1129.78
2016-04-28,1152.55,1158.24,1117.44,1132.63,57664,1132.63
2016-05-02,1091.84,1104.17,1063.38,1081.4,40588,1081.4
2016-05-06,1078.56,1086.14,1068.13,1085.2,29832,1085.2
2016-05-09,1085.2,1105.11,1080.46,1097.52,12229,1097.52
2016-05-10,1102.27,1143.05,1102.27,1142.11,32153,1142.11
2016-05-11,1160.12,1160.12,1112.7,1124.08,19818,1124.08
2016-05-12,1112.7,1146.85,1112.7,1142.11,22454,1142.11
2016-05-13,1215.14,1215.14,1170.57,1194.27,47754,1194.27
2016-05-16,1195.22,1205.67,1163.92,1169.61,32258,1169.61
2016-05-17,1182.9,1194.27,1158.24,1194.27,26883,1194.27
2016-05-18,1196.18,1199.03,1185.76,1193.34,16024,1193.34
2016-05-19,1199.97,1201.86,1184.8,1198.09,21717,1198.09
2016-05-20,1200.92,1213.25,1196.18,1212.31,32890,1212.31
2016-05-23,1213.25,1213.25,1191.44,1203.78,18869,1203.78
2016-05-24,1203.78,1206.62,1186.69,1193.34,9697,1193.34
2016-05-25,1209.45,1209.45,1199.03,1206.62,12017,1206.62
2016-05-26,1209.45,1211.36,1199.03,1200.92,15179,1200.92
2016-05-27,1200.92,1207.57,1200.92,1202.82,17289,1202.82
2016-05-30,1207.57,1207.57,1202.82,1205.67,19713,1205.67
2016-05-31,1199.97,1217.06,1193.34,1215.14,47439,1215.14
2016-06-01,1215.14,1215.14,1182.9,1195.22,17289,1195.22
2016-06-02,1180.05,1180.05,1140.2,1145.9,26039,1145.9
2016-06-03,1156.34,1161.07,1141.16,1157.28,7378,1157.28
2016-06-06,1140.2,1177.22,1138.31,1147.8,23193,1147.8
2016-06-07,1145.9,1168.67,1145.9,1161.07,17395,1161.07
2016-06-08,1161.07,1166.76,1151.6,1165.83,21083,1165.83
2016-06-09,1153.49,1163.92,1140.2,1161.07,16236,1161.07
2016-06-10,1183.85,1183.85,1138.31,1165.83,45120,1165.83
2016-06-13,1139.27,1144.02,1071.92,1071.92,24879,1071.92
2016-06-14,1074.76,1083.3,1050.1,1061.48,30572,1061.48
2016-06-16,1065.28,1079.49,1052.93,1061.48,30360,1061.48
2016-06-17,1069.07,1081.4,1050.1,1070.01,22560,1070.01
2016-06-20,1081.4,1099.42,1073.81,1077.61,14021,1077.61
2016-06-21,1077.61,1094.68,1055.78,1093.73,28673,1093.73
2016-06-22,1093.73,1093.73,1070.98,1082.35,25405,1082.35
2016-06-23,1075.71,1102.27,1070.01,1095.63,15497,1095.63
2016-06-24,1089.94,1115.55,1033.96,1043.46,43328,1043.46
2016-06-27,1059.58,1089.94,1059.58,1070.01,25300,1070.01
2016-06-28,1070.01,1098.47,1061.48,1077.61,30255,1077.61
2016-06-29,1065.28,1107.01,1065.28,1091.84,41323,1091.84
2016-06-30,1098.47,1111.75,1068.13,1075.71,15076,1075.71
2016-07-01,1075.71,1096.58,1075.71,1082.35,16551,1082.35
2016-07-04,1086.14,1090.88,1083.3,1088.98,13072,1088.98
2016-07-05,1088.98,1101.33,1084.24,1096.58,18976,1096.58
2016-07-06,1073.81,1087.1,1050.1,1083.3,26145,1083.3
2016-07-07,1086.14,1088.98,1074.76,1080.46,15392,1080.46
2016-07-08,1087.1,1087.1,1016.91,1024.48,45752,1024.48
2016-07-11,1026.38,1088.98,1026.38,1082.35,26670,1082.35
2016-07-12,1100.37,1146.85,1100.37,1133.57,46384,1133.57
2016-07-13,1156.34,1156.34,1134.53,1142.11,32573,1142.11
2016-07-14,1147.8,1190.49,1142.11,1175.31,48071,1175.31
2016-07-15,1177.22,1194.27,1176.25,1185.76,37741,1185.76
2016-07-19,1192.39,1195.22,1174.35,1188.59,45436,1188.59
2016-07-20,1187.63,1195.22,1171.52,1190.49,23614,1190.49
2016-07-21,1190.49,1198.09,1175.31,1191.44,14337,1191.44
2016-07-22,1179.11,1187.63,1168.67,1175.31,10119,1175.31
2016-07-25,1175.31,1199.03,1157.28,1170.57,23193,1170.57
2016-07-26,1170.57,1177.22,1151.6,1170.57,15392,1170.57
2016-07-27,1185.76,1189.54,1154.44,1166.76,20979,1166.76
2016-07-28,1152.55,1168.67,1150.64,1164.89,11385,1164.89
2016-07-29,1173.41,1173.41,1145.9,1163.92,15707,1163.92
2016-08-01,1163.92,1172.47,1146.85,1164.89,14443,1164.89
2016-08-02,1151.6,1165.83,1149.7,1154.44,7378,1154.44
2016-08-03,1144.02,1144.96,1114.6,1119.35,22560,1119.35
2016-08-04,1119.35,1130.72,1104.17,1115.55,13072,1115.55
2016-08-05,1101.33,1134.53,1101.33,1103.21,9697,1103.21
2016-08-08,1128.83,1157.28,1125.99,1154.44,20558,1154.44
2016-08-09,1089.94,1136.41,1089.94,1132.63,28147,1132.63
2016-08-10,1135.47,1135.47,1109.85,1118.39,14126,1118.39
2016-08-12,1131.67,1131.67,1125.03,1131.67,8118,1131.67
2016-08-15,1131.67,1132.63,1101.33,1115.55,15813,1115.55
2016-08-16,1120.3,1120.3,1054.84,1056.74,26039,1056.74
2016-08-17,1055.78,1063.38,1048.2,1054.84,34788,1054.84
2016-08-18,1051.05,1054.84,1031.13,1031.13,26565,1031.13
2016-08-19,1033.02,1048.2,1026.38,1042.51,21823,1042.51
2016-08-22,1042.51,1049.15,1034.92,1046.28,16339,1046.28
2016-08-23,1038.71,1058.64,1038.71,1050.1,19398,1050.1
2016-08-24,1058.64,1060.52,1051.05,1052.0,10332,1052.0
2016-08-25,1050.1,1062.43,1050.1,1052.93,9066,1052.93
2016-08-26,1052.0,1052.93,1039.65,1041.55,9910,1041.55
2016-08-29,1061.48,1069.07,1053.89,1059.58,15392,1059.58
2016-08-30,1061.48,1063.38,1054.84,1055.78,7275,1055.78
2016-08-31,1055.78,1071.92,1055.78,1070.98,27831,1070.98
2016-09-01,1072.86,1078.56,1063.38,1075.71,12334,1075.71
2016-09-02,1079.49,1083.3,1069.07,1075.71,17711,1075.71
2016-09-05,1072.86,1083.3,1066.22,1067.15,11912,1067.15
2016-09-06,1068.13,1090.88,1068.13,1075.71,23403,1075.71
2016-09-07,1077.61,1100.37,1077.61,1098.47,20030,1098.47
2016-09-08,1101.33,1113.66,1093.73,1110.81,13072,1110.81
2016-09-09,1122.19,1122.19,1100.37,1106.06,29096,1106.06
2016-09-12,1093.73,1107.96,1083.3,1100.37,11702,1100.37
2016-09-13,1109.85,1109.85,1091.84,1094.68,12965,1094.68
2016-09-14,1093.73,1109.85,1093.73,1107.96,16657,1107.96
2016-09-15,1107.96,1107.96,1090.88,1092.78,13388,1092.78
2016-09-16,1100.37,1108.91,1098.47,1104.17,17289,1104.17
2016-09-20,1095.63,1109.85,1088.03,1098.47,24879,1098.47
2016-09-21,1100.37,1127.88,1086.14,1125.03,39111,1125.03
2016-09-23,1127.88,1127.88,1092.78,1122.19,35527,1122.19
2016-09-26,1122.19,1122.19,1110.81,1118.39,13705,1118.39
2016-09-27,1118.39,1162.03,1106.06,1162.03,49654,1162.03
2016-09-28,1153.49,1153.49,1138.31,1148.75,27831,1148.75
2016-09-29,1155.39,1159.19,1144.02,1156.34,28464,1156.34
2016-09-30,1153.49,1153.49,1134.53,1140.2,18659,1140.2
2016-10-03,1147.8,1160.12,1146.85,1156.34,11174,1156.34
2016-10-04,1157.28,1171.52,1155.39,1171.52,31308,1171.52
2016-10-05,1170.57,1185.76,1162.03,1179.11,37845,1179.11
2016-10-06,1180.99,1199.97,1180.99,1186.69,23507,1186.69
2016-10-07,1185.76,1185.76,1172.47,1181.94,8750,1181.94
2016-10-11,1181.94,1191.44,1176.25,1191.44,16551,1191.44
2016-10-12,1175.31,1199.03,1175.31,1190.49,23507,1190.49
2016-10-13,1199.03,1215.14,1183.85,1202.82,26565,1202.82
2016-10-14,1212.31,1212.31,1179.11,1196.18,27831,1196.18
2016-10-17,1196.18,1199.97,1180.05,1188.59,20558,1188.59
2016-10-18,1190.49,1199.97,1183.85,1198.09,13705,1198.09
2016-10-19,1198.09,1198.09,1185.76,1191.44,9489,1191.44
2016-10-20,1195.22,1206.62,1189.54,1202.82,19924,1202.82
2016-10-21,1201.86,1201.86,1189.54,1194.27,8539,1194.27
2016-10-24,1195.22,1203.78,1190.49,1199.97,13388,1199.97
2016-10-25,1199.03,1210.42,1199.03,1209.45,29940,1209.45
2016-10-26,1204.72,1215.14,1203.78,1211.36,21612,1211.36
2016-10-27,1212.31,1218.0,1211.36,1216.1,18238,1216.1
2016-10-28,1218.0,1224.65,1196.18,1215.14,48493,1215.14
2016-10-31,1228.43,1239.81,1205.67,1211.36,52499,1211.36
2016-11-01,1211.36,1217.06,1201.86,1205.67,22031,1205.67
2016-11-02,1194.27,1204.72,1162.03,1169.61,28990,1169.61
2016-11-04,1158.24,1163.92,1135.47,1157.28,20979,1157.28
2016-11-07,1176.25,1176.25,1157.28,1160.12,14758,1160.12
2016-11-08,1143.05,1171.52,1141.16,1148.75,12124,1148.75
2016-11-09,1148.75,1162.98,1092.78,1092.78,40588,1092.78
2016-11-10,1159.19,1172.47,1133.57,1168.67,30149,1168.67
2016-11-11,1183.85,1201.86,1173.41,1183.85,45646,1183.85
2016-11-14,1193.34,1228.43,1193.34,1227.48,60299,1227.48
2016-11-15,1226.53,1236.97,1207.57,1211.36,31520,1211.36
2016-11-16,1233.16,1238.87,1220.84,1229.38,38160,1229.38
2016-11-17,1227.48,1233.16,1220.84,1233.16,10964,1233.16
2016-11-18,1247.39,1254.03,1233.16,1236.97,36790,1236.97
2016-11-21,1253.09,1267.32,1247.39,1251.19,28147,1251.19
2016-11-22,1253.09,1255.01,1245.51,1250.25,30677,1250.25
2016-11-24,1250.25,1252.15,1241.72,1247.39,31099,1247.39
2016-11-25,1252.15,1273.97,1251.19,1261.63,61459,1261.63
2016-11-28,1256.88,1256.88,1224.65,1235.07,46175,1235.07
2016-11-29,1230.32,1230.32,1221.79,1227.48,29624,1227.48
2016-11-30,1221.79,1223.69,1212.31,1213.25,28147,1213.25
2016-12-01,1222.74,1248.36,1220.84,1228.43,41114,1228.43
2016-12-02,1224.65,1229.38,1205.67,1212.31,15285,1212.31
2016-12-05,1205.67,1213.25,1197.13,1209.45,28253,1209.45
2016-12-06,1223.69,1223.69,1197.13,1201.86,29624,1201.86
2016-12-07,1204.72,1223.69,1201.86,1218.95,50601,1218.95
2016-12-08,1233.16,1233.16,1208.5,1221.79,45014,1221.79
2016-12-09,1221.79,1226.53,1209.45,1218.95,44065,1218.95
2016-12-12,1228.43,1246.45,1219.89,1229.38,40588,1229.38
2016-12-13,1228.43,1231.29,1219.89,1231.29,41323,1231.29
2016-12-14,1231.29,1235.07,1226.53,1228.43,40692,1228.43
2016-12-15,1233.16,1243.61,1230.32,1235.07,40692,1235.07
2016-12-16,1245.51,1293.89,1242.66,1293.89,90871,1293.89
2016-12-19,1293.89,1346.07,1282.5,1344.15,186276,1344.15
2016-12-20,1346.07,1403.93,1343.21,1348.9,106790,1348.9
2016-12-21,1357.44,1364.08,1320.43,1328.98,39849,1328.98
2016-12-22,1329.92,1365.03,1297.69,1365.03,70314,1365.03
2016-12-26,1361.23,1365.98,1354.6,1361.23,52816,1361.23
2016-12-27,1352.71,1355.53,1299.57,1305.27,186592,1305.27
2016-12-28,1289.02,1311.96,1279.47,1310.05,64675,1310.05
2016-12-29,1307.18,1307.18,1281.38,1300.49,35687,1300.49
2016-12-30,1302.4,1310.05,1284.24,1306.23,20303,1306.23
2017-01-04,1306.23,1320.55,1289.02,1318.65,34850,1318.65
2017-01-05,1315.78,1315.78,1291.89,1294.75,26791,1294.75
2017-01-06,1289.97,1316.74,1287.11,1314.82,36733,1314.82
2017-01-10,1313.86,1323.42,1302.4,1316.74,36209,1316.74
2017-01-11,1321.52,1321.52,1306.23,1311.96,16535,1311.96
2017-01-12,1307.18,1307.18,1273.74,1285.21,29198,1285.21
2017-01-13,1287.11,1288.07,1254.63,1273.74,38094,1273.74
2017-01-16,1273.74,1281.38,1264.18,1271.82,21978,1271.82
2017-01-17,1273.74,1273.74,1246.98,1253.67,21350,1253.67
2017-01-18,1254.63,1261.32,1239.33,1259.4,18210,1259.4
2017-01-19,1267.05,1272.78,1252.71,1263.22,17477,1263.22
2017-01-20,1258.44,1276.6,1258.44,1270.87,12348,1270.87
2017-01-23,1263.22,1263.22,1242.21,1242.21,17792,1242.21
2017-01-24,1242.21,1244.1,1231.69,1237.42,11511,1237.42
2017-01-25,1252.71,1258.44,1242.21,1252.71,24592,1252.71
2017-01-26,1267.05,1282.33,1267.05,1281.38,18943,1281.38
2017-01-27,1285.21,1305.27,1265.13,1265.13,26478,1265.13
2017-01-30,1255.57,1280.43,1255.57,1268.0,25432,1268.0
2017-01-31,1255.57,1267.05,1242.21,1262.26,29513,1262.26
2017-02-01,1256.53,1279.47,1256.53,1275.65,12140,1275.65
2017-02-02,1279.47,1279.47,1243.15,1245.08,21768,1245.08
2017-02-03,1246.98,1265.13,1242.21,1259.4,21036,1259.4
2017-02-06,1268.96,1285.21,1260.36,1262.26,16012,1262.26
2017-02-07,1250.8,1265.13,1248.89,1252.71,18001,1252.71
2017-02-08,1248.89,1266.1,1247.94,1264.18,23024,1264.18
2017-02-09,1253.67,1268.96,1251.76,1260.36,13604,1260.36
2017-02-10,1284.24,1298.58,1273.74,1297.63,19047,1297.63
2017-02-13,1307.18,1316.74,1300.49,1313.86,19988,1313.86
2017-02-14,1318.65,1349.23,1304.31,1304.31,39873,1304.31
2017-02-15,1332.96,1380.76,1322.47,1379.79,48245,1379.79
2017-02-16,1385.53,1402.73,1370.24,1397.0,38094,1397.0
2017-02-17,1478.22,1509.77,1434.25,1439.05,167131,1439.05
2017-02-20,1435.22,1446.68,1415.15,1443.82,42176,1443.82
2017-02-21,1447.63,1451.48,1434.25,1447.63,29303,1447.63
2017-02-22,1438.09,1444.79,1398.92,1406.55,67816,1406.55
2017-02-23,1402.73,1402.73,1338.71,1360.69,97641,1360.69
2017-02-24,1352.08,1399.86,1352.08,1385.53,50547,1385.53
2017-02-27,1359.72,1389.36,1359.72,1384.58,32443,1384.58
2017-02-28,1396.05,1486.81,1376.94,1465.79,118571,1465.79
2017-03-01,1474.39,1474.39,1420.88,1442.87,57456,1442.87
2017-03-02,1461.97,1471.54,1443.82,1449.56,41756,1449.56
2017-03-03,1440.94,1452.43,1433.31,1447.63,19047,1447.63
2017-03-06,1439.99,1452.43,1433.31,1439.99,23129,1439.99
2017-03-07,1439.99,1447.63,1438.09,1445.74,19047,1445.74
2017-03-08,1436.18,1447.63,1429.49,1444.79,24804,1444.79
2017-03-09,1442.87,1452.43,1434.25,1452.43,20722,1452.43
2017-03-10,1457.21,1475.34,1445.74,1468.66,62477,1468.66
2017-03-13,1463.9,1489.69,1463.9,1481.08,38513,1481.08
2017-03-14,1484.91,1484.91,1439.99,1445.74,34117,1445.74
2017-03-15,1433.31,1433.31,1376.94,1381.72,63314,1381.72
2017-03-16,1368.34,1410.37,1366.41,1408.47,33594,1408.47
2017-03-17,1399.86,1409.42,1373.1,1373.1,36314,1373.1
2017-03-21,1380.76,1413.24,1369.29,1411.34,35896,1411.34
2017-03-22,1382.67,1385.53,1368.34,1368.34,28780,1368.34
2017-03-23,1369.29,1388.4,1357.82,1374.07,16535,1374.07
2017-03-24,1370.24,1406.55,1369.29,1406.55,28780,1406.55
2017-03-27,1398.92,1398.92,1361.65,1368.34,26999,1368.34
2017-03-28,1393.17,1407.5,1388.4,1407.5,39245,1407.5
2017-03-29,1418.03,1418.03,1384.58,1406.55,24907,1406.55
2017-03-30,1403.69,1404.65,1371.2,1385.53,17477,1385.53
2017-03-31,1388.4,1391.27,1326.28,1331.08,39873,1331.08
2017-04-03,1337.76,1361.65,1337.76,1342.53,25849,1342.53
2017-04-04,1341.58,1342.53,1273.74,1293.8,43849,1293.8
2017-04-05,1293.8,1320.55,1280.43,1286.16,31187,1286.16
2017-04-06,1271.82,1295.71,1246.02,1246.98,33384,1246.98
2017-04-07,1260.36,1273.74,1246.02,1255.57,37780,1255.57
2017-04-10,1274.68,1292.85,1260.36,1268.0,20407,1268.0
2017-04-11,1268.0,1283.29,1261.32,1269.91,14966,1269.91
2017-04-12,1266.1,1266.1,1243.15,1245.08,14024,1245.08
2017-04-13,1244.1,1251.76,1214.49,1243.15,59338,1243.15
2017-04-14,1243.15,1249.84,1218.32,1224.04,21558,1224.04
2017-04-17,1224.04,1254.63,1196.34,1202.07,45211,1202.07
2017-04-18,1213.54,1231.69,1213.54,1222.13,29513,1222.13
2017-04-19,1222.13,1239.33,1216.4,1221.18,24907,1221.18
2017-04-20,1221.18,1236.47,1220.23,1224.04,15071,1224.04
2017-04-21,1239.33,1239.33,1218.32,1231.69,22813,1231.69
2017-04-24,1257.49,1268.0,1245.08,1260.36,24489,1260.36
2017-04-25,1253.67,1281.38,1253.67,1279.47,21978,1279.47
2017-04-26,1282.33,1292.85,1274.68,1289.97,23965,1289.97
2017-04-27,1292.85,1318.65,1292.85,1311.96,19675,1311.96
2017-04-28,1311.96,1321.52,1306.23,1306.23,19152,1306.23
2017-05-01,1307.18,1332.02,1306.23,1330.11,13604,1330.11
2017-05-02,1337.76,1354.95,1330.11,1334.89,25954,1334.89
2017-05-08,1355.92,1392.22,1352.08,1389.36,49291,1389.36
2017-05-09,1384.58,1391.27,1356.87,1389.36,27105,1389.36
2017-05-10,1372.16,1378.84,1356.87,1364.5,27838,1364.5
2017-05-11,1356.87,1375.03,1341.58,1372.16,21768,1372.16
2017-05-12,1361.65,1366.41,1332.96,1341.58,32339,1341.58
2017-05-15,1341.58,1342.53,1315.78,1315.78,18210,1315.78
2017-05-16,1332.02,1332.02,1303.36,1314.82,26478,1314.82
2017-05-17,1302.4,1306.23,1289.02,1292.85,16012,1292.85
2017-05-18,1277.55,1279.47,1260.36,1263.22,9941,1263.22
2017-05-19,1261.32,1286.16,1256.53,1272.78,18837,1272.78
2017-05-22,1289.97,1304.31,1280.43,1288.07,14756,1288.07
2017-05-23,1292.85,1292.85,1268.96,1270.87,17058,1270.87
2017-05-24,1292.85,1292.85,1274.68,1287.11,10988,1287.11
2017-05-25,1284.24,1293.8,1275.65,1286.16,9419,1286.16
2017-05-26,1286.16,1286.16,1264.18,1265.13,13290,1265.13
2017-05-29,1267.05,1283.29,1259.4,1261.32,17477,1261.32
2017-05-30,1272.78,1279.47,1253.67,1261.32,16221,1261.32
2017-05-31,1255.57,1261.32,1222.13,1227.87,34326,1227.87
2017-06-01,1237.42,1254.63,1237.42,1247.94,19360,1247.94
2017-06-02,1263.22,1304.31,1263.22,1298.58,28674,1298.58
2017-06-05,1299.53,1347.31,1299.53,1335.85,47617,1335.85
2017-06-06,1337.76,1337.76,1298.58,1300.49,19779,1300.49
2017-06-07,1306.23,1307.18,1284.24,1295.71,26478,1295.71
2017-06-08,1295.71,1317.69,1291.89,1300.49,21768,1300.49
2017-06-09,1297.63,1319.59,1294.75,1294.75,26372,1294.75
2017-06-12,1299.53,1302.4,1289.02,1295.71,13082,1295.71
2017-06-13,1293.8,1312.91,1289.97,1297.63,14861,1297.63
2017-06-14,1304.31,1307.18,1276.6,1279.47,36733,1279.47
2017-06-15,1279.47,1282.33,1261.32,1261.32,25639,1261.32
2017-06-16,1259.4,1283.29,1254.63,1254.63,35478,1254.63
2017-06-19,1261.32,1279.47,1261.32,1261.32,18837,1261.32
2017-06-20,1262.26,1277.55,1258.44,1272.78,23756,1272.78
2017-06-21,1273.74,1280.43,1260.36,1260.36,18105,1260.36
2017-06-22,1262.26,1290.94,1259.4,1285.21,17372,1285.21
2017-06-23,1294.75,1295.71,1282.33,1286.16,14547,1286.16
2017-06-26,1281.38,1300.49,1273.74,1287.11,18943,1287.11
2017-06-27,1292.85,1332.02,1287.11,1322.47,32443,1322.47
2017-06-28,1322.47,1328.2,1241.25,1291.89,38931,1291.89
2017-06-29,1299.53,1304.31,1281.38,1286.16,21350,1286.16
2017-06-30,1286.16,1289.97,1263.22,1269.91,33174,1269.91
2017-07-03,1271.82,1288.07,1271.82,1273.74,12244,1273.74
2017-07-04,1287.11,1288.07,1254.63,1263.22,16744,1263.22
2017-07-05,1261.32,1270.87,1247.94,1261.32,22397,1261.32
2017-07-06,1260.36,1272.78,1252.71,1253.67,17372,1253.67
2017-07-07,1252.71,1274.68,1252.71,1253.67,28257,1253.67
2017-07-10,1261.32,1269.91,1203.02,1203.02,58710,1203.02
2017-07-11,1220.23,1246.02,1217.36,1230.73,59862,1230.73
2017-07-12,1233.6,1241.25,1224.04,1225.96,47512,1225.96
2017-07-13,1237.42,1237.42,1212.57,1224.04,50547,1224.04
2017-07-14,1225.01,1242.21,1225.01,1229.78,31187,1229.78
2017-07-18,1229.78,1232.65,1207.8,1216.4,71687,1216.4
2017-07-19,1223.1,1225.96,1209.71,1211.63,34012,1211.63
2017-07-20,1213.54,1223.1,1212.57,1219.26,34953,1219.26
2017-07-21,1217.36,1222.13,1209.71,1213.54,36105,1213.54
2017-07-24,1207.8,1216.4,1204.94,1215.45,46884,1215.45
2017-07-25,1215.45,1216.4,1203.98,1207.8,36105,1207.8
2017-07-26,1213.54,1213.54,1203.98,1205.89,27314,1205.89
2017-07-27,1205.89,1237.42,1203.98,1216.4,90525,1216.4
2017-07-28,1216.4,1259.4,1213.54,1259.4,187956,1259.4
2017-07-31,1241.25,1241.25,1219.26,1221.18,53269,1221.18
2017-08-01,1228.82,1246.02,1224.04,1245.08,24385,1245.08
2017-08-02,1255.57,1255.57,1239.33,1253.67,13710,1253.67
2017-08-03,1251.76,1251.76,1238.39,1250.8,16117,1250.8
2017-08-04,1244.1,1252.71,1237.42,1252.71,7849,1252.71
2017-08-07,1251.76,1289.97,1251.76,1287.11,33698,1287.11
2017-08-08,1274.68,1276.6,1228.82,1267.05,52954,1267.05
2017-08-09,1248.89,1253.67,1223.1,1229.78,22813,1229.78
2017-08-10,1230.73,1237.42,1226.91,1233.6,20722,1233.6
2017-08-14,1221.18,1222.13,1200.15,1201.12,44896,1201.12
2017-08-15,1210.68,1226.91,1205.89,1210.68,17581,1210.68
2017-08-16,1211.63,1221.18,1211.63,1217.36,17058,1217.36
2017-08-17,1225.96,1238.39,1222.13,1228.82,23024,1228.82
2017-08-18,1208.76,1226.91,1206.84,1213.54,17581,1213.54
2017-08-21,1213.54,1222.13,1208.76,1216.4,11617,1216.4
2017-08-22,1215.45,1223.1,1210.68,1221.18,9734,1221.18
2017-08-23,1235.52,1239.33,1224.04,1227.87,20616,1227.87
2017-08-24,1232.65,1234.55,1197.29,1197.29,27314,1197.29
2017-08-25,1201.12,1214.49,1199.2,1202.07,16221,1202.07
2017-08-28,1208.76,1215.45,1199.2,1213.54,25849,1213.54
2017-08-29,1203.98,1212.57,1202.07,1205.89,12140,1205.89
2017-08-30,1210.68,1223.1,1210.68,1218.32,18837,1218.32
2017-08-31,1220.23,1220.23,1201.12,1203.02,41862,1203.02
2017-09-01,1205.89,1214.49,1202.07,1212.57,17477,1212.57
2017-09-04,1206.84,1206.84,1188.68,1190.6,44059,1190.6
2017-09-05,1191.57,1197.29,1179.13,1179.13,26999,1179.13
2017-09-06,1178.19,1189.65,1161.93,1182.96,30035,1182.96
2017-09-07,1190.6,1201.12,1187.73,1196.34,21978,1196.34
2017-09-08,1182.0,1194.42,1180.09,1183.91,36000,1183.91
2017-09-11,1193.46,1204.94,1192.51,1197.29,14651,1197.29
2017-09-12,1208.76,1208.76,1197.29,1204.94,17164,1204.94
2017-09-13,1210.68,1229.78,1210.68,1227.87,19884,1227.87
2017-09-14,1231.69,1246.98,1227.87,1240.29,25535,1240.29
2017-09-15,1241.25,1282.33,1236.47,1276.6,66559,1276.6
2017-09-19,1277.55,1277.55,1265.13,1273.74,31081,1273.74
2017-09-20,1271.82,1279.47,1247.94,1275.65,26059,1275.65
2017-09-21,1268.0,1281.38,1246.02,1251.76,34012,1251.76
2017-09-22,1250.8,1253.67,1235.52,1237.42,21872,1237.42
2017-09-25,1256.53,1263.22,1239.33,1245.08,19779,1245.08
2017-09-26,1250.8,1262.26,1242.21,1261.32,29930,1261.32
2017-09-27,1262.26,1281.38,1255.57,1281.38,24385,1281.38
2017-09-28,1288.07,1311.0,1288.07,1310.05,34640,1310.05
2017-09-29,1315.78,1315.78,1295.71,1295.71,26163,1295.71
2017-10-02,1313.86,1313.86,1298.58,1310.05,22813,1310.05
2017-10-03,1308.13,1311.0,1294.75,1300.49,20199,1300.49
2017-10-04,1303.36,1303.36,1289.02,1289.97,8582,1289.97
2017-10-05,1292.85,1292.85,1282.33,1286.16,6175,1286.16
2017-10-06,1290.94,1299.53,1282.33,1292.85,16535,1292.85
2017-10-10,1292.85,1315.78,1292.85,1315.78,19675,1315.78
2017-10-11,1319.59,1327.24,1304.31,1319.59,23547,1319.59
2017-10-12,1328.2,1336.81,1321.52,1332.96,19152,1332.96
2017-10-13,1324.38,1364.5,1324.38,1348.27,49501,1348.27
2017-10-16,1348.27,1374.07,1348.27,1358.78,23129,1358.78
2017-10-17,1361.65,1370.24,1335.85,1343.5,29825,1343.5
2017-10-18,1343.5,1343.5,1327.24,1335.85,16325,1335.85
2017-10-19,1341.58,1351.13,1337.76,1338.71,16325,1338.71
2017-10-20,1320.55,1349.23,1319.59,1335.85,18105,1335.85
2017-10-23,1346.35,1363.56,1343.5,1353.04,19464,1353.04
2017-10-24,1353.04,1369.29,1333.94,1333.94,30245,1333.94
2017-10-25,1345.4,1354.95,1340.63,1345.4,13604,1345.4
2017-10-26,1347.31,1375.98,1347.31,1354.95,22083,1354.95
2017-10-27,1357.82,1370.24,1347.31,1354.0,27524,1354.0
2017-10-30,1352.08,1360.69,1342.53,1344.45,45000,1344.45
2017-10-31,1354.0,1362.61,1341.58,1347.31,17372,1347.31
2017-11-01,1362.61,1362.61,1338.71,1345.4,26059,1345.4
2017-11-02,1340.63,1346.35,1254.63,1289.97,120350,1289.97
2017-11-06,1305.27,1307.18,1275.65,1278.52,39978,1278.52
2017-11-07,1306.23,1306.23,1271.82,1279.47,35793,1279.47
2017-11-08,1278.52,1293.8,1262.26,1282.33,49501,1282.33
2017-11-09,1280.43,1290.94,1257.49,1274.68,49291,1274.68
2017-11-10,1248.89,1272.78,1242.21,1266.1,26999,1266.1
2017-11-13,1255.57,1255.57,1233.6,1240.29,61955,1240.29
2017-11-14,1234.55,1249.84,1233.6,1239.33,29513,1239.33
2017-11-15,1234.55,1234.55,1190.6,1212.57,95131,1212.57
2017-11-16,1198.26,1211.63,1188.68,1199.2,49501,1199.2
2017-11-17,1211.63,1220.23,1205.89,1215.45,81107,1215.45
2017-11-20,1216.4,1224.04,1206.84,1223.1,56723,1223.1
2017-11-21,1224.04,1236.47,1218.32,1231.69,31291,1231.69
2017-11-22,1218.32,1227.87,1213.54,1225.01,34953,1225.01
2017-11-24,1225.01,1235.52,1214.49,1233.6,22291,1233.6
2017-11-27,1245.08,1252.71,1234.55,1243.15,28674,1243.15
2017-11-28,1243.15,1246.02,1219.26,1237.42,33594,1237.42
2017-11-29,1238.39,1257.49,1238.39,1256.53,26372,1256.53
2017-11-30,1251.76,1251.76,1235.52,1246.98,30140,1246.98
2017-12-01,1251.76,1265.13,1246.98,1265.13,32652,1265.13
2017-12-04,1268.96,1278.52,1261.32,1264.18,19675,1264.18
2017-12-05,1265.13,1265.13,1250.8,1258.44,29618,1258.44
2017-12-06,1256.53,1261.32,1243.15,1245.08,28046,1245.08
2017-12-07,1253.67,1271.82,1246.02,1256.53,30140,1256.53
2017-12-08,1231.69,1271.82,1230.73,1267.05,38827,1267.05
2017-12-11,1266.1,1285.21,1266.1,1284.24,19047,1284.24
2017-12-12,1286.16,1299.53,1268.0,1296.66,37152,1296.66
2017-12-13,1296.66,1301.44,1280.43,1282.33,21350,1282.33
2017-12-14,1285.21,1299.53,1285.21,1299.53,22186,1299.53
2017-12-15,1299.53,1347.31,1299.53,1347.31,88955,1347.31
2017-12-18,1356.87,1384.58,1353.04,1379.79,70431,1379.79
2017-12-19,1382.67,1382.67,1362.61,1375.98,28674,1375.98
2017-12-20,1380.76,1380.76,1363.56,1372.16,21245,1372.16
2017-12-21,1380.76,1408.47,1375.98,1391.27,74932,1391.27
2017-12-22,1391.27,1400.82,1382.67,1395.09,31396,1395.09
2017-12-25,1388.4,1398.92,1385.53,1391.27,62058,1391.27
2017-12-26,1390.31,1408.47,1381.72,1384.58,124641,1384.58
2017-12-27,1384.58,1389.39,1374.96,1384.58,49056,1384.58
2017-12-28,1409.6,1525.06,1409.6,1497.16,209315,1497.16
2017-12-29,1476.94,1496.19,1454.82,1479.84,83040,1479.84
2018-01-04,1480.8,1482.72,1451.93,1462.52,52381,1462.52
2018-01-05,1466.37,1470.21,1448.09,1462.52,36584,1462.52
2018-01-09,1464.43,1558.73,1462.52,1549.11,114220,1549.11
2018-01-10,1526.98,1539.49,1522.17,1536.6,44275,1536.6
2018-01-11,1528.9,1537.57,1519.29,1535.63,26711,1535.63
2018-01-12,1528.9,1528.9,1511.59,1511.59,32635,1511.59
2018-01-15,1533.72,1555.85,1521.2,1551.04,49471,1551.04
2018-01-16,1551.04,1614.54,1551.04,1607.8,65685,1607.8
2018-01-17,1612.62,1679.01,1608.76,1667.46,94889,1667.46
2018-01-18,1677.08,1682.85,1594.33,1597.21,69737,1597.21
2018-01-19,1595.31,1603.95,1561.62,1576.06,43651,1576.06
2018-01-22,1576.06,1585.67,1551.04,1556.81,24423,1556.81
2018-01-23,1557.77,1560.66,1493.3,1499.07,83040,1499.07
2018-01-24,1485.61,1485.61,1446.16,1451.93,153922,1451.93
2018-01-25,1451.93,1451.93,1406.71,1422.1,101748,1422.1
2018-01-26,1422.1,1464.43,1407.66,1440.39,73583,1440.39
2018-01-29,1432.68,1441.35,1417.3,1417.3,34921,1417.3
2018-01-30,1404.79,1406.71,1348.01,1357.64,112037,1357.64
2018-01-31,1349.94,1391.32,1343.2,1359.57,76389,1359.57
2018-02-01,1372.07,1399.01,1363.41,1398.05,40532,1398.05
2018-02-02,1398.05,1425.95,1391.32,1420.17,59344,1420.17
2018-02-05,1362.45,1399.97,1355.71,1364.38,75764,1364.38
2018-02-06,1308.57,1319.15,1264.31,1281.63,118378,1281.63
2018-02-07,1310.49,1361.48,1295.1,1295.1,73790,1295.1
2018-02-08,1301.83,1319.15,1283.56,1302.8,64956,1302.8
2018-02-09,1252.76,1328.77,1252.76,1322.03,81378,1322.03
2018-02-13,1328.77,1342.23,1290.29,1302.8,100710,1302.8
2018-02-14,1302.8,1319.15,1272.0,1312.41,75351,1312.41
2018-02-15,1319.15,1328.77,1233.51,1233.51,128147,1233.51
2018-02-16,1251.8,1279.69,1233.51,1267.2,58097,1267.2
2018-02-19,1283.56,1314.34,1283.56,1313.38,47185,1313.38
2018-02-20,1318.19,1350.9,1306.64,1329.72,108918,1329.72
2018-02-21,1329.72,1332.63,1304.71,1317.22,50198,1317.22
2018-02-22,1310.49,1329.72,1276.82,1316.25,77741,1316.25
2018-02-23,1337.43,1353.79,1313.38,1345.14,63085,1345.14
2018-02-26,1356.67,1361.48,1332.63,1332.63,47601,1332.63
2018-02-27,1345.14,1371.1,1337.43,1362.45,62878,1362.45
2018-02-28,1362.45,1387.46,1357.64,1357.64,83146,1357.64
2018-03-01,1357.64,1373.03,1328.77,1334.54,67347,1334.54
2018-03-02,1305.68,1305.68,1279.69,1290.29,60904,1290.29
2018-03-05,1288.37,1290.29,1257.57,1263.34,37726,1263.34
2018-03-06,1279.69,1297.97,1273.93,1276.82,42716,1276.82
2018-03-07,1276.82,1283.56,1257.57,1264.31,24840,1264.31
2018-03-08,1285.47,1303.76,1280.66,1291.25,48327,1291.25
2018-03-09,1318.19,1337.43,1312.41,1320.11,53628,1320.11
2018-03-12,1337.43,1401.9,1337.43,1398.05,84081,1398.05
2018-03-13,1395.16,1449.99,1393.23,1448.09,146231,1448.09
2018-03-14,1457.7,1459.63,1421.14,1430.77,89069,1430.77
2018-03-15,1430.77,1442.31,1385.54,1408.63,96966,1408.63
2018-03-16,1413.44,1420.17,1397.09,1399.97,48431,1399.97
2018-03-19,1390.35,1394.2,1359.57,1367.26,26918,1367.26
2018-03-20,1341.28,1353.79,1328.77,1353.79,24216,1353.79
2018-03-22,1347.05,1369.18,1345.14,1356.67,34921,1356.67
2018-03-23,1340.32,1342.23,1287.39,1296.07,62151,1296.07
2018-03-26,1282.59,1307.6,1264.31,1306.64,38662,1306.64
2018-03-27,1309.54,1352.83,1309.54,1347.05,57787,1347.05
2018-03-28,1340.32,1373.99,1328.77,1351.86,73375,1351.86
2018-03-29,1361.48,1366.3,1310.49,1332.63,49159,1332.63
2018-03-30,1355.71,1355.71,1323.96,1328.77,35337,1328.77
2018-04-02,1331.66,1334.54,1305.68,1323.96,50511,1323.96
2018-04-03,1307.6,1312.41,1291.25,1295.1,43132,1295.1
2018-04-04,1313.38,1359.57,1303.76,1345.14,47704,1345.14
2018-04-05,1355.71,1358.59,1328.77,1337.43,39078,1337.43
2018-04-06,1337.43,1337.43,1314.34,1320.11,33571,1320.11
2018-04-09,1321.08,1328.77,1303.76,1315.3,18292,1315.3
2018-04-10,1315.3,1322.03,1301.83,1304.71,24111,1304.71
2018-04-11,1304.71,1323.96,1297.02,1318.19,28892,1318.19
2018-04-12,1319.15,1332.63,1316.25,1321.08,24216,1321.08
2018-04-13,1322.99,1337.43,1316.25,1331.66,33777,1331.66
2018-04-16,1331.66,1338.4,1317.22,1333.59,49782,1333.59
2018-04-17,1327.82,1348.01,1318.19,1320.11,22449,1320.11
2018-04-18,1326.85,1349.94,1324.92,1335.5,38039,1335.5
2018-04-19,1332.63,1340.32,1326.85,1337.43,20371,1337.43
2018-04-20,1327.82,1339.36,1319.15,1332.63,22553,1332.63
2018-04-23,1331.66,1351.86,1331.66,1347.05,46977,1347.05
2018-04-24,1349.94,1356.67,1320.11,1334.54,42197,1334.54
2018-04-25,1341.28,1343.2,1321.08,1336.46,24840,1336.46
2018-04-26,1330.7,1340.32,1321.08,1325.89,45834,1325.89
2018-04-27,1325.89,1339.36,1325.89,1337.43,26190,1337.43
2018-05-01,1338.4,1357.64,1327.82,1347.05,67866,1347.05
2018-05-02,1348.97,1354.75,1343.2,1348.01,37518,1348.01
2018-05-07,1346.1,1346.1,1329.72,1337.43,38246,1337.43
2018-05-08,1332.63,1351.86,1332.63,1339.36,32737,1339.36
2018-05-09,1337.43,1337.43,1322.03,1332.63,32737,1332.63
2018-05-10,1332.63,1332.63,1317.22,1322.99,28269,1322.99
2018-05-11,1323.96,1354.75,1323.96,1347.05,38766,1347.05
2018-05-14,1336.46,1342.23,1319.15,1334.54,28892,1334.54
2018-05-15,1334.54,1352.83,1330.7,1339.36,38142,1339.36
2018-05-16,1335.5,1346.1,1330.7,1337.43,19331,1337.43
2018-05-17,1342.23,1342.23,1324.92,1331.66,30140,1331.66
2018-05-18,1334.54,1334.54,1323.96,1333.59,12576,1333.59
2018-05-21,1333.59,1341.28,1324.92,1328.77,13927,1328.77
2018-05-22,1328.77,1331.66,1318.19,1328.77,22762,1328.77
2018-05-23,1324.92,1342.23,1324.92,1341.28,15590,1341.28
2018-05-24,1342.23,1360.53,1338.4,1343.2,54044,1343.2
2018-05-25,1346.1,1351.86,1332.63,1341.28,19642,1341.28
2018-05-28,1342.23,1343.2,1329.72,1333.59,28269,1333.59
2018-05-29,1337.43,1337.43,1293.16,1301.83,64437,1301.83
2018-05-30,1289.33,1289.33,1262.38,1271.04,50718,1271.04
2018-05-31,1271.04,1286.43,1268.15,1270.08,35856,1270.08
2018-06-01,1271.04,1295.1,1266.22,1278.74,67139,1278.74
2018-06-04,1293.16,1315.3,1287.39,1292.2,72128,1292.2
2018-06-05,1292.2,1307.6,1285.47,1297.02,31180,1297.02
2018-06-06,1297.02,1311.45,1294.13,1308.57,40636,1308.57
2018-06-07,1308.57,1308.57,1300.87,1302.8,20058,1302.8
2018-06-08,1294.13,1332.63,1279.69,1284.51,157559,1284.51
2018-06-11,1287.39,1293.16,1275.85,1282.59,40326,1282.59
2018-06-12,1282.59,1290.29,1275.85,1281.63,37103,1281.63
2018-06-13,1281.63,1306.64,1279.69,1295.1,30140,1295.1
2018-06-14,1298.94,1305.68,1281.63,1297.02,38351,1297.02
2018-06-15,1299.9,1317.22,1285.47,1285.47,53316,1285.47
2018-06-18,1295.1,1302.8,1281.63,1289.33,48225,1289.33
2018-06-19,1287.39,1293.16,1251.8,1256.61,48431,1256.61
2018-06-20,1262.38,1268.15,1234.48,1251.8,41572,1251.8
2018-06-21,1253.72,1258.53,1242.18,1246.02,42923,1246.02
2018-06-22,1243.13,1269.12,1238.33,1268.15,40532,1268.15
2018-06-25,1268.15,1270.08,1242.18,1246.02,25046,1246.02
2018-06-26,1246.02,1263.34,1236.4,1253.72,51861,1253.72
2018-06-27,1262.38,1267.2,1250.83,1261.42,37935,1261.42
2018-06-28,1255.64,1263.34,1236.4,1245.07,50302,1245.07
2018-06-29,1245.07,1256.61,1241.21,1251.8,23697,1251.8
2018-07-02,1243.13,1250.83,1225.82,1227.74,51653,1227.74
2018-07-03,1228.7,1231.59,1199.84,1210.43,38351,1210.43
2018-07-04,1209.46,1209.46,1196.95,1196.95,21929,1196.95
2018-07-05,1203.69,1203.69,1185.41,1189.25,27334,1189.25
2018-07-06,1189.25,1209.46,1189.25,1207.54,22553,1207.54
2018-07-09,1206.57,1230.63,1206.57,1229.67,25982,1229.67
2018-07-10,1234.48,1250.83,1230.63,1230.63,33777,1230.63
2018-07-11,1217.16,1221.0,1206.57,1218.13,33571,1218.13
2018-07-12,1216.19,1227.74,1210.43,1210.43,17772,1210.43
2018-07-13,1220.05,1231.59,1213.31,1229.67,19955,1229.67
2018-07-17,1230.63,1256.61,1230.63,1243.13,37935,1243.13
2018-07-18,1259.5,1261.42,1248.91,1261.42,20994,1261.42
2018-07-19,1258.53,1259.5,1245.07,1251.8,21409,1251.8
2018-07-20,1256.61,1256.61,1228.7,1231.59,15382,1231.59
2018-07-23,1229.67,1250.83,1229.67,1237.36,23904,1237.36
2018-07-24,1249.87,1250.83,1237.36,1245.07,15382,1245.07
2018-07-25,1250.83,1253.72,1236.4,1243.13,9666,1243.13
2018-07-26,1256.61,1262.38,1246.02,1259.5,19227,1259.5
2018-07-27,1265.26,1271.04,1259.5,1267.2,33673,1267.2
2018-07-30,1267.2,1267.2,1249.87,1253.72,16421,1253.72
2018-07-31,1249.87,1262.38,1231.59,1245.07,33571,1245.07
2018-08-01,1245.07,1257.57,1234.48,1249.87,21722,1249.87
2018-08-02,1246.02,1257.57,1228.7,1230.63,25566,1230.63
2018-08-03,1226.78,1229.67,1211.39,1213.31,21409,1213.31
2018-08-06,1210.43,1221.0,1196.95,1200.8,29724,1200.8
2018-08-07,1200.8,1211.39,1194.07,1205.62,24216,1205.62
2018-08-08,1216.19,1272.96,1216.19,1266.22,56642,1266.22
2018-08-09,1265.26,1265.26,1241.21,1249.87,16213,1249.87
2018-08-10,1239.29,1247.95,1224.86,1242.18,30140,1242.18
2018-08-13,1232.56,1232.56,1209.46,1218.13,29724,1218.13
2018-08-14,1221.96,1264.31,1221.96,1258.53,13823,1258.53
2018-08-15,1258.53,1276.82,1251.8,1253.72,28373,1253.72
2018-08-16,1237.36,1237.36,1220.05,1231.59,14342,1231.59
2018-08-17,1231.59,1242.18,1229.67,1232.56,8730,1232.56
2018-08-20,1221.0,1229.67,1213.31,1216.19,13511,1216.19
2018-08-21,1212.36,1230.63,1209.46,1225.82,13511,1225.82
2018-08-22,1225.82,1240.25,1225.82,1231.59,20891,1231.59
2018-08-23,1238.33,1255.64,1237.36,1249.87,19852,1249.87
2018-08-24,1259.5,1265.26,1255.64,1257.57,11328,1257.57
2018-08-27,1272.96,1288.37,1264.31,1285.47,18500,1285.47
2018-08-28,1288.37,1297.97,1276.82,1276.82,22449,1276.82
2018-08-29,1287.39,1297.97,1272.0,1285.47,25046,1285.47
2018-08-30,1292.2,1297.02,1277.78,1292.2,17045,1292.2
2018-08-31,1290.29,1296.07,1275.85,1278.74,22553,1278.74
2018-09-03,1284.51,1288.37,1269.12,1280.66,15902,1280.66
2018-09-04,1280.66,1284.51,1272.96,1278.74,17148,1278.74
2018-09-05,1281.63,1281.63,1265.26,1272.96,23592,1272.96
2018-09-06,1272.96,1281.63,1267.2,1275.85,20474,1275.85
2018-09-07,1274.89,1279.69,1262.38,1275.85,12472,1275.85
2018-09-10,1275.85,1294.13,1275.85,1291.25,15797,1291.25
2018-09-11,1291.25,1296.07,1271.04,1274.89,17045,1274.89
2018-09-12,1274.89,1295.1,1250.83,1294.13,30867,1294.13
2018-09-13,1275.85,1319.15,1275.85,1297.97,30660,1297.97
2018-09-14,1314.34,1337.43,1312.41,1328.77,61319,1328.77
2018-09-18,1278.74,1309.54,1267.2,1293.16,74519,1293.16
2018-09-19,1321.08,1321.08,1297.02,1304.71,27543,1304.71
2018-09-20,1320.11,1320.11,1291.25,1310.49,37207,1310.49
2018-09-21,1314.34,1331.66,1311.45,1322.99,36791,1322.99
2018-09-25,1334.54,1373.99,1320.11,1367.26,55396,1367.26
2018-09-26,1365.33,1368.22,1345.14,1359.57,40222,1359.57
2018-09-27,1359.57,1359.57,1332.63,1351.86,52796,1351.86
2018-09-28,1351.86,1356.67,1336.46,1353.79,33258,1353.79
2018-10-01,1353.79,1353.79,1335.5,1346.1,22968,1346.1
2018-10-02,1354.75,1366.3,1341.28,1349.94,54667,1349.94
2018-10-03,1349.94,1363.41,1340.32,1342.23,47391,1342.23
2018-10-04,1364.38,1369.18,1343.2,1347.05,38246,1347.05
2018-10-05,1341.28,1341.28,1320.11,1326.85,35751,1326.85
2018-10-09,1324.92,1324.92,1298.94,1306.64,30140,1306.64
2018-10-10,1320.11,1321.08,1289.33,1300.87,13199,1300.87
2018-10-11,1288.37,1289.33,1252.76,1254.69,44171,1254.69
2018-10-12,1251.8,1253.72,1222.93,1223.9,44066,1223.9
2018-10-15,1223.9,1223.9,1174.83,1176.74,74519,1176.74
2018-10-16,1169.06,1203.69,1168.09,1188.3,39909,1188.3
2018-10-17,1200.8,1210.43,1196.95,1204.65,23697,1204.65
2018-10-18,1197.92,1210.43,1193.11,1196.95,20682,1196.95
2018-10-19,1182.51,1202.73,1181.57,1195.02,28477,1195.02
2018-10-22,1194.07,1203.69,1184.44,1192.14,24736,1192.14
2018-10-23,1192.14,1192.14,1158.46,1158.46,35337,1158.46
2018-10-24,1163.27,1179.63,1154.62,1169.06,29308,1169.06
2018-10-25,1154.62,1154.62,1119.01,1119.01,40845,1119.01
2018-10-26,1123.83,1135.37,1109.4,1119.98,68282,1119.98
2018-10-29,1122.86,1142.11,1113.24,1119.98,36584,1119.98
2018-10-30,1119.98,1155.58,1119.98,1144.03,37622,1144.03
2018-10-31,1154.62,1172.89,1150.76,1170.01,21722,1170.01
2018-11-01,1175.8,1182.51,1164.23,1170.01,26087,1170.01
2018-11-02,1171.93,1186.37,1150.76,1184.44,40949,1184.44
2018-11-05,1170.01,1183.48,1160.39,1171.93,27853,1171.93
2018-11-06,1180.6,1216.19,1176.74,1192.14,35960,1192.14
2018-11-07,1192.14,1195.02,1168.09,1186.37,40532,1186.37
2018-11-08,1201.75,1219.08,1196.95,1201.75,35232,1201.75
2018-11-09,1212.36,1212.36,1193.11,1195.99,41156,1195.99
2018-11-12,1193.11,1195.02,1173.87,1173.87,27543,1173.87
2018-11-13,1166.16,1166.16,1138.26,1146.92,48951,1146.92
2018-11-14,1151.73,1170.01,1151.73,1160.39,29724,1160.39
2018-11-15,1160.39,1166.16,1151.73,1162.32,23904,1162.32
2018-11-16,1154.62,1172.89,1144.99,1158.46,38974,1158.46
2018-11-19,1150.76,1154.62,1139.23,1142.11,31075,1142.11
2018-11-20,1142.11,1142.11,1123.83,1139.23,22762,1139.23
2018-11-21,1122.86,1130.56,1119.01,1125.75,29413,1125.75
2018-11-22,1125.75,1142.11,1120.94,1135.37,26813,1135.37
2018-11-26,1131.53,1143.07,1126.72,1131.53,19852,1131.53
2018-11-27,1135.37,1144.99,1133.45,1143.07,14967,1143.07
2018-11-28,1145.95,1161.36,1145.95,1158.46,29308,1158.46
2018-11-29,1165.19,1172.89,1155.58,1160.39,30244,1160.39
2018-11-30,1160.39,1174.83,1160.39,1171.93,33673,1171.93
2018-12-03,1172.89,1174.83,1152.69,1156.55,37518,1156.55
2018-12-04,1157.5,1159.43,1136.34,1143.07,30451,1143.07
2018-12-05,1130.56,1147.88,1125.75,1146.92,30763,1146.92
2018-12-06,1138.26,1145.95,1130.56,1140.18,34608,1140.18
2018-12-07,1143.07,1149.81,1132.49,1142.11,23072,1142.11
2018-12-10,1129.6,1132.49,1121.9,1128.63,27750,1128.63
2018-12-11,1133.45,1133.45,1102.67,1108.43,29413,1108.43
2018-12-12,1118.06,1136.34,1118.06,1132.49,24423,1132.49
2018-12-13,1141.14,1158.46,1135.37,1153.66,35025,1153.66
2018-12-14,1153.66,1154.62,1140.18,1140.18,61110,1140.18
2018-12-17,1135.37,1137.3,1115.17,1115.17,59448,1115.17
2018-12-18,1105.55,1106.5,1091.11,1093.99,39390,1093.99
2018-12-19,1093.99,1101.69,1086.3,1092.07,54044,1092.07
2018-12-20,1079.56,1084.38,1040.12,1040.12,83872,1040.12
2018-12-21,1039.16,1039.16,991.04,1005.48,108296,1005.48
2018-12-25,1005.48,1006.44,981.43,996.83,133238,996.83
2018-12-26,1002.66,1037.71,1002.66,1028.94,55883,1028.94
2018-12-27,1056.2,1097.09,1050.37,1097.09,37598,1097.09
2018-12-28,1095.14,1103.9,1078.59,1083.46,29585,1083.46
2019-01-04,1068.85,1134.07,1058.15,1106.82,78585,1106.82
2019-01-07,1123.37,1141.86,1113.64,1115.59,27736,1115.59
2019-01-08,1115.59,1133.11,1114.61,1122.39,20956,1122.39
2019-01-09,1144.79,1156.47,1116.55,1129.21,39139,1129.21
2019-01-10,1116.55,1135.04,1103.9,1134.07,20237,1134.07
2019-01-11,1137.0,1137.0,1118.5,1124.34,18285,1124.34
2019-01-15,1124.34,1144.79,1121.43,1138.95,19518,1138.95
2019-01-16,1136.03,1143.82,1118.5,1135.04,38523,1135.04
2019-01-17,1135.04,1154.52,1128.24,1137.97,28044,1137.97
2019-01-18,1137.97,1165.22,1129.21,1137.97,40269,1137.97
2019-01-21,1138.95,1156.47,1124.34,1143.82,26503,1143.82
2019-01-22,1137.0,1157.43,1127.26,1153.55,25785,1153.55
2019-01-23,1137.97,1155.49,1137.97,1139.91,14280,1139.91
2019-01-24,1126.29,1146.73,1126.29,1137.0,11916,1137.0
2019-01-25,1137.0,1164.25,1137.0,1146.73,23833,1146.73
2019-01-28,1146.73,1146.73,1124.34,1124.34,34208,1124.34
2019-01-29,1121.43,1124.34,1109.74,1117.52,25271,1117.52
2019-01-30,1130.18,1130.18,1101.95,1101.95,29996,1101.95
2019-01-31,1104.87,1114.61,1102.93,1110.71,30612,1110.71
2019-02-01,1107.8,1116.55,1103.9,1106.82,23935,1106.82
2019-02-04,1118.5,1134.07,1118.5,1132.13,22189,1132.13
2019-02-05,1132.13,1164.25,1132.13,1164.25,32564,1164.25
2019-02-06,1164.25,1169.12,1142.83,1144.79,23114,1144.79
2019-02-07,1142.83,1142.83,1120.46,1131.16,19210,1131.16
2019-02-08,1119.47,1128.24,1111.68,1111.68,31537,1111.68
2019-02-12,1113.64,1119.47,1112.66,1115.59,20237,1115.59
2019-02-13,1121.43,1145.76,1113.64,1135.04,29585,1135.04
2019-02-14,1132.13,1143.82,1120.46,1123.37,21162,1123.37
2019-02-15,1123.37,1152.57,1123.37,1151.6,26298,1151.6
2019-02-18,1163.27,1187.61,1162.31,1178.86,32153,1178.86
2019-02-19,1178.86,1193.45,1174.96,1183.73,14485,1183.73
2019-02-20,1182.75,1200.27,1182.75,1200.27,20648,1200.27
2019-02-21,1205.13,1207.09,1193.45,1202.22,11300,1202.22
2019-02-22,1197.35,1219.74,1189.56,1217.79,27017,1217.79
2019-02-25,1217.79,1227.53,1208.06,1225.58,12225,1225.58
2019-02-26,1231.42,1250.89,1222.66,1238.24,21162,1238.24
2019-02-27,1241.15,1243.1,1215.85,1219.74,28866,1219.74
2019-02-28,1222.66,1228.49,1214.88,1217.79,19416,1217.79
2019-03-01,1217.79,1228.49,1210.01,1222.66,18182,1222.66
2019-03-04,1226.56,1230.45,1209.04,1211.95,26503,1211.95
2019-03-05,1208.06,1217.79,1199.3,1202.22,28969,1202.22
2019-03-06,1196.38,1205.13,1187.61,1199.3,27120,1199.3
2019-03-07,1193.45,1205.13,1183.73,1191.52,31537,1191.52
2019-03-08,1188.59,1188.59,1172.04,1175.93,39858,1175.93
2019-03-11,1175.93,1193.45,1172.04,1193.45,37290,1193.45
2019-03-12,1210.01,1241.15,1210.01,1241.15,40578,1241.15
2019-03-13,1232.4,1245.06,1215.85,1216.82,17155,1216.82
2019-03-14,1217.79,1235.31,1214.88,1229.48,20546,1229.48
2019-03-15,1229.48,1247.0,1229.48,1232.4,39344,1232.4
2019-03-18,1248.94,1252.84,1237.27,1252.84,34927,1252.84
2019-03-19,1252.84,1253.81,1227.53,1241.15,20032,1241.15
2019-03-20,1241.15,1259.65,1241.15,1259.65,20853,1259.65
2019-03-22,1254.79,1261.6,1242.13,1255.76,24039,1255.76
2019-03-25,1251.87,1251.87,1206.11,1208.06,27223,1208.06
2019-03-26,1215.85,1265.49,1213.91,1265.49,62458,1265.49
2019-03-27,1264.52,1275.23,1249.92,1262.58,33592,1262.58
2019-03-28,1247.97,1247.97,1212.92,1216.82,31846,1216.82
2019-03-29,1231.42,1240.18,1221.7,1228.49,15101,1228.49
2019-04-01,1241.15,1259.65,1238.24,1252.84,29175,1252.84
2019-04-02,1253.81,1255.76,1229.48,1230.45,17772,1230.45
2019-04-03,1230.45,1248.94,1228.49,1247.0,15923,1247.0
2019-04-04,1250.89,1256.73,1246.02,1248.94,9450,1248.94
2019-04-05,1253.81,1268.42,1250.89,1268.42,13046,1268.42
2019-04-08,1268.42,1268.42,1242.13,1246.02,11814,1246.02
2019-04-09,1250.89,1253.81,1225.58,1246.02,40885,1246.02
2019-04-10,1237.27,1244.07,1221.7,1224.61,9965,1224.61
2019-04-11,1226.56,1231.42,1212.92,1221.7,16026,1221.7
2019-04-12,1225.58,1225.58,1207.09,1210.01,14895,1210.01
2019-04-15,1210.01,1254.79,1210.01,1252.84,56603,1252.84
2019-04-16,1252.84,1252.84,1211.95,1223.63,24243,1223.63
2019-04-17,1246.02,1264.52,1233.37,1257.71,25887,1257.71
2019-04-18,1265.49,1265.49,1227.53,1234.34,13355,1234.34
2019-04-19,1246.02,1261.6,1238.24,1241.15,16848,1241.15
2019-04-22,1243.1,1248.94,1230.45,1244.07,13457,1244.07
2019-04-23,1247.97,1256.73,1247.97,1256.73,11916,1256.73
2019-04-24,1258.67,1260.63,1242.13,1252.84,18594,1252.84
2019-04-25,1256.73,1264.52,1247.0,1259.65,24963,1259.65
2019-04-26,1259.65,1265.49,1245.06,1247.0,21880,1247.0
2019-05-07,1250.89,1250.89,1226.56,1229.48,20853,1229.48
2019-05-08,1215.85,1233.37,1210.01,1227.53,37598,1227.53
2019-05-09,1218.76,1239.22,1203.19,1213.91,37803,1213.91
2019-05-10,1213.91,1225.58,1184.7,1184.7,35748,1184.7
2019-05-13,1178.86,1196.38,1141.86,1144.79,38112,1144.79
2019-05-14,1137.0,1160.36,1124.34,1158.41,28969,1158.41
2019-05-15,1161.34,1213.91,1160.36,1209.04,34619,1209.04
2019-05-16,1238.24,1264.52,1218.76,1238.24,51055,1238.24
2019-05-17,1246.02,1249.92,1228.49,1249.92,31948,1249.92
2019-05-20,1247.97,1248.94,1236.28,1245.06,9450,1245.06
2019-05-21,1242.13,1244.07,1217.79,1243.1,15101,1243.1
2019-05-22,1245.06,1245.06,1221.7,1221.7,21984,1221.7
2019-05-23,1219.74,1225.58,1211.95,1219.74,7910,1219.74
2019-05-24,1206.11,1217.79,1196.38,1197.35,21778,1197.35
2019-05-27,1197.35,1210.01,1193.45,1208.06,13560,1208.06
2019-05-28,1208.06,1224.61,1197.35,1224.61,29278,1224.61
2019-05-29,1209.04,1212.92,1185.67,1186.65,25887,1186.65
2019-05-30,1174.96,1174.96,1157.43,1158.41,32975,1158.41
2019-05-31,1158.41,1170.09,1149.65,1169.12,16333,1169.12
2019-06-03,1143.82,1155.49,1143.82,1147.7,16026,1147.7
2019-06-04,1150.62,1203.19,1150.62,1202.22,26914,1202.22
2019-06-05,1216.82,1221.7,1192.49,1216.82,18594,1216.82
2019-06-06,1211.95,1238.24,1211.95,1235.31,25785,1235.31
2019-06-07,1236.28,1236.28,1212.92,1225.58,11403,1225.58
2019-06-10,1232.4,1264.52,1226.56,1264.52,27634,1264.52
2019-06-11,1264.52,1297.62,1255.76,1297.62,46638,1297.62
2019-06-12,1290.8,1299.56,1279.12,1280.1,34414,1280.1
2019-06-13,1265.49,1272.31,1240.18,1270.36,24757,1270.36
2019-06-14,1280.1,1287.88,1270.36,1283.99,27223,1283.99
2019-06-17,1272.31,1272.31,1247.0,1255.76,23011,1255.76
2019-06-18,1255.76,1258.67,1229.48,1234.34,15511,1234.34
2019-06-19,1248.94,1292.76,1248.94,1292.76,41399,1292.76
2019-06-20,1284.97,1287.88,1273.28,1276.2,9450,1276.2
2019-06-21,1275.23,1284.97,1257.71,1259.65,22087,1259.65
2019-06-24,1270.36,1274.25,1255.76,1258.67,11403,1258.67
2019-06-25,1252.84,1279.12,1248.94,1263.55,25682,1263.55
2019-06-26,1249.92,1264.52,1249.92,1251.87,13457,1251.87
2019-06-27,1255.76,1278.15,1252.84,1274.25,24243,1274.25
2019-06-28,1274.25,1278.15,1244.07,1254.79,36057,1254.79
2019-07-01,1283.01,1283.99,1243.1,1269.39,24757,1269.39
2019-07-02,1271.33,1275.23,1260.63,1264.52,21059,1264.52
2019-07-03,1262.58,1270.36,1260.63,1266.46,15614,1266.46
2019-07-04,1272.31,1279.12,1260.63,1272.31,16641,1272.31
2019-07-05,1273.28,1279.12,1263.55,1271.33,43146,1271.33
2019-07-08,1267.44,1271.33,1254.79,1256.73,53623,1256.73
2019-07-09,1257.71,1272.31,1253.81,1258.67,32462,1258.67
2019-07-10,1250.89,1272.31,1250.89,1259.65,53418,1259.65
2019-07-11,1268.42,1313.19,1268.42,1302.49,66669,1302.49
2019-07-12,1314.16,1326.82,1307.36,1309.3,39550,1309.3
2019-07-16,1311.24,1324.87,1311.24,1313.19,46844,1313.19
2019-07-17,1313.19,1324.87,1282.04,1282.04,56603,1282.04
2019-07-18,1273.28,1276.2,1221.7,1224.61,46535,1224.61
2019-07-19,1227.53,1260.63,1227.53,1255.76,23318,1255.76
2019-07-22,1254.79,1278.15,1249.92,1272.31,27120,1272.31
2019-07-23,1266.46,1285.94,1261.6,1271.33,32975,1271.33
2019-07-24,1271.33,1276.2,1247.97,1249.92,51878,1249.92
2019-07-25,1244.07,1265.49,1244.07,1255.76,16641,1255.76
2019-07-26,1246.02,1266.46,1240.18,1261.6,38316,1261.6
2019-07-29,1261.6,1268.42,1253.81,1257.71,23114,1257.71
2019-07-30,1265.49,1276.2,1229.48,1229.48,191996,1229.48
2019-07-31,1232.4,1232.4,1211.95,1211.95,51055,1211.95
2019-08-01,1206.11,1215.85,1194.43,1209.04,29175,1209.04
2019-08-02,1177.88,1188.59,1156.47,1158.41,63177,1158.41
2019-08-05,1159.39,1161.34,1133.11,1150.62,60096,1150.62
2019-08-06,1121.43,1141.86,1115.59,1133.11,40269,1133.11
2019-08-07,1143.82,1158.41,1133.11,1142.83,48487,1142.83
2019-08-08,1172.04,1223.63,1164.25,1206.11,66669,1206.11
2019-08-09,1203.19,1234.34,1203.19,1231.42,35030,1231.42
2019-08-13,1202.22,1209.04,1182.75,1196.38,33694,1196.38
2019-08-14,1208.06,1222.66,1199.3,1222.66,31948,1222.66
2019-08-15,1200.27,1222.66,1192.49,1216.82,20237,1216.82
2019-08-16,1204.17,1230.45,1204.17,1221.7,16641,1221.7
2019-08-19,1230.45,1232.4,1219.74,1221.7,12636,1221.7
2019-08-20,1221.7,1238.24,1211.95,1234.34,13560,1234.34
2019-08-21,1215.85,1219.74,1196.38,1207.09,13868,1207.09
2019-08-22,1224.61,1246.02,1216.82,1240.18,29894,1240.18
2019-08-23,1241.15,1242.13,1215.85,1223.63,20648,1223.63
2019-08-26,1187.61,1201.25,1180.8,1189.56,35235,1189.56
2019-08-27,1200.27,1212.92,1178.86,1184.7,28044,1184.7
2019-08-28,1182.75,1182.75,1160.36,1174.96,44377,1174.96
2019-08-29,1174.96,1189.56,1159.39,1185.67,24860,1185.67
2019-08-30,1209.04,1242.13,1202.22,1229.48,40166,1229.48
2019-09-02,1224.61,1231.42,1202.22,1202.22,14382,1202.22
2019-09-03,1201.25,1218.76,1197.35,1217.79,13149,1217.79
2019-09-04,1210.01,1210.01,1188.59,1197.35,21778,1197.35
2019-09-05,1203.19,1250.89,1203.19,1247.0,38831,1247.0
2019-09-06,1245.06,1246.02,1216.82,1223.63,26914,1223.63
2019-09-09,1221.7,1222.66,1185.67,1194.43,36160,1194.43
2019-09-10,1195.4,1197.35,1170.09,1180.8,46123,1180.8
2019-09-11,1181.77,1209.04,1173.99,1204.17,58144,1204.17
2019-09-12,1211.95,1214.88,1187.61,1191.52,51261,1191.52
2019-09-13,1191.52,1233.37,1182.75,1225.58,86598,1225.58
2019-09-17,1225.58,1234.34,1196.38,1226.56,46227,1226.56
2019-09-18,1234.34,1236.28,1203.19,1218.76,48487,1218.76
2019-09-19,1227.53,1264.52,1224.61,1260.63,64614,1260.63
2019-09-20,1260.63,1305.4,1255.76,1305.4,79921,1305.4
2019-09-24,1308.33,1332.67,1301.51,1326.82,78791,1326.82
2019-09-25,1322.93,1333.64,1314.16,1323.9,43864,1323.9
2019-09-26,1337.52,1340.46,1316.12,1322.93,57014,1322.93
2019-09-27,1317.08,1317.08,1273.28,1283.99,34208,1283.99
2019-09-30,1290.8,1302.49,1273.28,1300.54,51261,1300.54
2019-10-01,1301.51,1320.98,1298.59,1313.19,30407,1313.19
2019-10-02,1305.4,1336.55,1305.4,1332.67,39139,1332.67
2019-10-03,1291.78,1298.59,1281.07,1286.91,25579,1286.91
2019-10-04,1296.64,1296.64,1276.2,1291.78,29688,1291.78
2019-10-07,1297.62,1311.24,1294.7,1310.28,36982,1310.28
2019-10-08,1320.98,1329.73,1305.4,1324.87,40371,1324.87
2019-10-09,1323.9,1333.64,1315.15,1333.64,30716,1333.64
2019-10-10,1331.69,1331.69,1290.8,1306.37,30818,1306.37
2019-10-11,1321.95,1325.85,1300.54,1314.16,28763,1314.16
2019-10-15,1328.77,1344.34,1328.77,1337.52,57014,1337.52
2019-10-16,1353.1,1365.76,1342.39,1354.07,47460,1354.07
2019-10-17,1357.0,1357.0,1328.77,1334.61,33694,1334.61
2019-10-18,1335.58,1357.98,1330.72,1335.58,41707,1335.58
2019-10-21,1344.34,1350.18,1327.8,1330.72,18079,1330.72
2019-10-23,1338.5,1338.5,1313.19,1320.98,28969,1320.98
2019-10-24,1336.55,1336.55,1313.19,1317.08,28044,1317.08
2019-10-25,1323.9,1330.72,1315.15,1325.85,43248,1325.85
2019-10-28,1333.64,1335.58,1320.98,1326.82,27223,1326.82
2019-10-29,1341.42,1359.91,1335.58,1336.55,36570,1336.55
2019-10-30,1342.39,1437.79,1333.64,1437.79,251064,1437.79
2019-10-31,1411.52,1416.38,1363.82,1364.78,63999,1364.78
2019-11-01,1357.0,1357.0,1332.67,1336.55,44480,1336.55
2019-11-05,1353.1,1376.46,1334.61,1375.49,42939,1375.49
2019-11-06,1382.3,1386.21,1360.89,1378.42,42631,1378.42
2019-11-07,1378.42,1389.12,1368.68,1381.34,45302,1381.34
2019-11-08,1388.15,1392.04,1357.0,1361.86,48487,1361.86
2019-11-11,1372.57,1379.39,1363.82,1374.52,45919,1374.52
2019-11-12,1376.46,1385.22,1362.84,1385.22,48487,1385.22
2019-11-13,1378.42,1387.18,1364.78,1364.78,21778,1364.78
2019-11-14,1364.78,1364.78,1331.69,1336.55,16539,1336.55
2019-11-15,1336.55,1369.65,1333.64,1357.98,43659,1357.98
2019-11-18,1359.91,1384.25,1359.91,1384.25,41605,1384.25
2019-11-19,1377.43,1388.15,1374.52,1380.36,20648,1380.36
2019-11-20,1366.73,1376.46,1355.05,1358.94,15101,1358.94
2019-11-21,1358.94,1358.94,1322.93,1343.37,40885,1343.37
2019-11-22,1347.26,1363.82,1343.37,1346.29,15923,1346.29
2019-11-25,1348.24,1359.91,1343.37,1345.32,27223,1345.32
2019-11-26,1351.16,1355.05,1332.67,1342.39,34927,1342.39
2019-11-27,1343.37,1345.32,1335.58,1339.48,18594,1339.48
2019-11-28,1337.52,1343.37,1325.85,1339.48,23318,1339.48
2019-11-29,1345.32,1348.24,1327.8,1340.46,33798,1340.46
2019-12-02,1333.64,1345.32,1328.77,1341.42,47665,1341.42
2019-12-03,1330.72,1330.72,1308.33,1308.33,52287,1308.33
2019-12-04,1297.62,1303.46,1271.33,1303.46,70574,1303.46
2019-12-05,1306.37,1314.16,1293.72,1307.36,37907,1307.36
2019-12-06,1306.37,1310.28,1294.7,1302.49,36776,1302.49
2019-12-09,1311.24,1319.03,1299.56,1316.12,58144,1316.12
2019-12-10,1316.12,1321.95,1309.3,1314.16,31846,1314.16
2019-12-11,1314.16,1315.15,1304.43,1314.16,40371,1314.16
2019-12-12,1314.16,1316.12,1296.64,1298.59,61430,1298.59
2019-12-13,1316.12,1325.85,1306.37,1317.08,77456,1317.08
2019-12-16,1318.06,1339.48,1318.06,1328.77,74067,1328.77
2019-12-17,1340.46,1355.05,1334.61,1354.07,63999,1354.07
2019-12-18,1356.03,1357.0,1334.61,1348.24,51774,1348.24
2019-12-19,1348.24,1365.76,1343.37,1350.18,35132,1350.18
2019-12-20,1357.98,1357.98,1336.55,1338.5,45610,1338.5
2019-12-23,1346.29,1350.18,1324.87,1325.85,65437,1325.85
2019-12-24,1325.85,1338.5,1323.9,1337.52,41912,1337.52
2019-12-25,1338.5,1343.37,1329.73,1336.55,72525,1336.55
2019-12-26,1332.67,1341.42,1324.87,1334.61,195900,1334.61
2019-12-27,1329.69,1329.69,1303.18,1327.74,106105,1327.74
2019-12-30,1329.69,1349.34,1313.0,1340.5,51830,1340.5
2020-01-06,1330.68,1330.68,1308.09,1313.98,51423,1313.98
2020-01-07,1312.03,1338.54,1312.03,1328.72,43684,1328.72
2020-01-08,1312.03,1312.03,1279.61,1287.47,50404,1287.47
2020-01-09,1304.17,1310.06,1293.36,1294.35,40527,1294.35
2020-01-10,1294.35,1297.29,1285.5,1289.44,34214,1289.44
2020-01-14,1292.38,1296.3,1273.72,1278.63,42361,1278.63
2020-01-15,1279.61,1294.35,1267.82,1276.67,38695,1276.67
2020-01-16,1277.65,1282.56,1272.74,1272.74,22504,1272.74
2020-01-17,1278.63,1280.59,1258.01,1272.74,47044,1272.74
2020-01-20,1277.65,1301.21,1277.65,1286.49,35029,1286.49
2020-01-21,1291.4,1296.3,1276.67,1284.52,25049,1284.52
2020-01-22,1274.7,1282.56,1268.81,1274.7,25457,1274.7
2020-01-23,1274.7,1274.7,1256.05,1260.96,28715,1260.96
2020-01-24,1256.05,1258.01,1243.28,1247.2,27901,1247.2
2020-01-27,1227.57,1239.34,1207.92,1222.65,65577,1222.65
2020-01-28,1206.94,1232.48,1195.15,1223.63,52033,1223.63
2020-01-29,1224.62,1234.44,1216.76,1234.44,20366,1234.44
2020-01-30,1227.57,1234.44,1200.06,1212.83,38186,1212.83
2020-01-31,1218.72,1233.46,1212.83,1228.54,30854,1228.54
2020-02-03,1203.01,1225.6,1195.15,1213.82,36455,1213.82
2020-02-04,1218.72,1245.24,1215.78,1245.24,35130,1245.24
2020-02-05,1260.96,1277.65,1243.28,1264.88,54681,1264.88
2020-02-06,1279.61,1283.55,1270.78,1276.67,47350,1276.67
2020-02-07,1277.65,1287.47,1267.82,1271.76,25355,1271.76
2020-02-10,1264.88,1289.44,1239.34,1284.52,61810,1284.52
2020-02-12,1284.52,1284.52,1223.63,1229.53,234102,1229.53
2020-02-13,1226.59,1234.44,1214.8,1228.54,68327,1228.54
2020-02-14,1228.54,1231.49,1209.89,1224.62,93478,1224.62
2020-02-17,1274.7,1285.5,1247.2,1283.55,182679,1283.55
2020-02-18,1305.15,1331.66,1289.44,1326.75,262919,1326.75
2020-02-19,1352.28,1362.11,1331.66,1332.65,133089,1332.65
2020-02-20,1341.48,1349.34,1307.11,1308.09,74639,1308.09
2020-02-21,1308.09,1332.65,1296.3,1297.29,88182,1297.29
2020-02-25,1257.02,1287.47,1253.1,1259.97,126063,1259.97
2020-02-26,1253.1,1262.92,1233.46,1252.11,109261,1252.11
2020-02-27,1265.87,1266.85,1238.37,1243.28,96227,1243.28
2020-02-28,1231.49,1244.26,1204.0,1218.72,159463,1218.72
2020-03-02,1207.92,1252.11,1201.05,1243.28,106206,1243.28
2020-03-03,1252.11,1261.93,1198.11,1198.11,93682,1198.11
2020-03-04,1188.29,1190.24,1146.05,1147.04,168932,1147.04
2020-03-05,1167.66,1170.61,1151.95,1157.84,71890,1157.84
2020-03-06,1144.09,1146.05,1094.99,1108.74,122193,1108.74
2020-03-09,1058.66,1076.32,1014.45,1023.3,142558,1023.3
2020-03-10,1007.59,1044.9,982.05,1039.99,178707,1039.99
2020-03-11,1040.98,1072.4,1029.19,1033.12,87165,1033.12
2020-03-12,1004.64,1014.45,963.4,977.14,131357,977.14
2020-03-13,918.22,930.98,834.74,873.05,344381,873.05
2020-03-16,887.77,894.65,844.57,848.49,296523,848.49
2020-03-17,832.78,851.43,798.41,837.69,274426,837.69
2020-03-18,837.69,849.48,786.62,790.55,132986,790.55
2020-03-19,801.35,814.12,756.18,758.14,160786,758.14
2020-03-23,778.76,781.71,748.32,766.0,223817,766.0
2020-03-24,794.48,847.51,794.48,847.51,123517,847.51
2020-03-25,889.74,906.44,864.2,904.47,91441,904.47
2020-03-26,919.2,964.37,897.59,963.4,163433,963.4
2020-03-27,981.07,1028.21,977.14,1028.21,136143,1028.21
2020-03-30,1069.46,1115.61,1029.19,1043.92,303854,1043.92
2020-03-31,1043.92,1055.7,998.74,1042.93,115880,1042.93
2020-04-01,1049.81,1049.81,999.73,1007.59,89608,1007.59
2020-04-02,992.85,1024.28,988.93,999.73,94802,999.73
2020-04-03,985.98,1014.45,965.35,972.23,89405,972.23
2020-04-06,957.5,1012.5,949.64,1005.62,89507,1005.62
2020-04-07,1034.1,1037.04,962.41,988.93,67512,988.93
2020-04-08,987.94,999.73,962.41,988.93,70465,988.93
2020-04-09,1006.6,1034.1,1002.68,1016.42,85026,1016.42
2020-04-10,1025.27,1025.27,988.93,1019.37,42055,1019.37
2020-04-13,1026.24,1047.85,1016.42,1020.35,104068,1020.35
2020-04-14,1022.31,1038.03,1014.45,1024.28,80647,1024.28
2020-04-15,1027.22,1033.12,974.2,979.11,130746,979.11
2020-04-16,982.05,1013.48,982.05,1011.51,97653,1011.51
2020-04-17,1028.21,1028.21,991.88,1008.57,127386,1008.57
2020-04-20,1007.59,1024.28,1000.71,1006.6,49489,1006.6
2020-04-21,998.74,1009.55,980.09,998.74,50507,998.74
2020-04-22,986.96,1006.6,978.12,990.89,95413,990.89
2020-04-23,996.79,1008.57,981.07,995.8,91441,995.8
2020-04-24,995.8,1001.7,975.17,976.16,176875,976.16
2020-04-27,978.12,994.82,978.12,984.02,79120,984.02
2020-04-28,985.0,997.76,973.21,990.89,78509,990.89
2020-04-30,995.8,1029.19,989.91,1018.39,140828,1018.39
2020-05-01,1018.39,1029.19,1002.68,1014.45,91441,1014.45
2020-05-07,1006.6,1030.18,999.73,1009.55,68122,1009.55
2020-05-08,1027.22,1031.16,1003.65,1024.28,74538,1024.28
2020-05-11,1042.93,1042.93,1021.33,1028.21,71178,1028.21
2020-05-12,1028.21,1034.1,1019.37,1027.22,42055,1027.22
2020-05-13,1011.51,1016.42,1002.68,1008.57,30650,1008.57
2020-05-14,1001.7,1001.7,982.05,982.05,30243,982.05
2020-05-15,997.76,1027.22,991.88,1001.7,63031,1001.7
2020-05-18,1002.68,1014.45,999.73,1002.68,77389,1002.68
2020-05-19,1026.24,1065.52,1024.28,1051.78,115473,1051.78
2020-05-20,1051.78,1100.88,1048.83,1098.91,75556,1098.91
2020-05-21,1098.91,1100.88,1061.6,1075.35,50710,1075.35
2020-05-22,1086.15,1086.15,1067.49,1079.28,24032,1079.28
2020-05-25,1092.04,1116.59,1080.26,1116.59,22606,1116.59
2020-05-26,1132.31,1149.01,1117.57,1143.11,44092,1143.11
2020-05-27,1143.11,1163.73,1123.47,1161.76,39000,1161.76
2020-05-28,1163.73,1185.34,1153.91,1181.41,74233,1181.41
2020-05-29,1178.46,1204.98,1164.72,1188.29,95208,1188.29
2020-06-01,1181.41,1184.35,1157.84,1180.43,40833,1180.43
2020-06-02,1184.35,1204.0,1172.57,1196.14,37981,1196.14
2020-06-03,1207.92,1212.83,1186.32,1198.11,34214,1198.11
2020-06-04,1213.82,1216.76,1187.3,1207.92,30752,1207.92
2020-06-05,1209.89,1262.92,1200.06,1250.16,96431,1250.16
2020-06-08,1240.33,1243.28,1224.62,1240.33,43073,1240.33
2020-06-09,1243.28,1253.1,1232.48,1246.22,41444,1246.22
2020-06-10,1252.11,1253.1,1234.44,1244.26,45007,1244.26
2020-06-11,1233.46,1237.39,1211.85,1211.85,33909,1211.85
2020-06-12,1178.46,1191.23,1163.73,1166.67,67715,1166.67
2020-06-15,1166.67,1169.62,1132.31,1132.31,58449,1132.31
2020-06-16,1161.76,1211.85,1161.76,1211.85,69650,1211.85
2020-06-17,1207.92,1207.92,1174.53,1181.41,28614,1181.41
2020-06-18,1174.53,1190.24,1162.75,1177.48,24133,1177.48
2020-06-19,1186.32,1191.23,1159.81,1180.43,49692,1180.43
2020-06-22,1171.59,1182.39,1159.81,1172.57,26373,1172.57
2020-06-23,1180.43,1187.3,1159.81,1166.67,35130,1166.67
2020-06-24,1166.67,1176.5,1148.02,1152.93,24032,1152.93
2020-06-25,1152.93,1153.91,1127.39,1127.39,27086,1127.39
2020-06-26,1127.39,1168.64,1127.39,1165.7,67715,1165.7
2020-06-29,1154.9,1154.9,1130.34,1140.16,39815,1140.16
2020-06-30,1156.86,1162.75,1122.48,1122.48,45517,1122.48
2020-07-01,1126.42,1127.39,1094.99,1097.94,54885,1097.94
2020-07-02,1099.9,1106.77,1074.37,1078.29,63948,1078.29
2020-07-03,1083.2,1100.88,1066.51,1095.97,42869,1095.97
2020-07-06,1095.97,1103.83,1078.29,1103.83,64661,1103.83
2020-07-07,1111.68,1118.56,1095.97,1114.63,47859,1114.63
2020-07-08,1102.85,1123.47,1086.15,1086.15,64661,1086.15
2020-07-09,1087.14,1088.11,1062.58,1062.58,64253,1062.58
2020-07-10,1052.76,1053.75,1027.22,1027.22,86961,1027.22
2020-07-13,1050.8,1097.94,1050.8,1097.94,68733,1097.94
2020-07-14,1097.94,1097.94,1080.26,1085.17,63846,1085.17
2020-07-15,1091.06,1106.77,1088.11,1104.8,41852,1104.8
2020-07-16,1104.8,1104.8,1084.18,1090.08,69345,1090.08
2020-07-17,1089.09,1089.09,1059.63,1060.61,30650,1060.61
2020-07-20,1058.66,1070.44,1043.92,1070.44,30446,1070.44
2020-07-21,1069.46,1115.61,1064.55,1111.68,57940,1111.68
2020-07-22,1111.68,1115.61,1084.18,1087.14,44702,1087.14
2020-07-27,1087.14,1121.5,1083.2,1116.59,43582,1116.59
2020-07-28,1107.76,1117.57,1080.26,1092.04,40935,1092.04
2020-07-29,1092.04,1113.65,1086.15,1099.9,44804,1099.9
2020-07-30,1117.57,1143.11,1102.85,1137.22,216690,1137.22
2020-07-31,1134.27,1134.27,1087.14,1093.03,71687,1093.03
2020-08-03,1100.88,1116.59,1090.08,1112.66,40731,1112.66
2020-08-04,1126.42,1126.42,1097.94,1119.54,26984,1119.54
2020-08-05,1112.66,1126.42,1099.9,1105.79,32381,1105.79
2020-08-06,1107.76,1116.59,1095.97,1104.8,18126,1104.8
2020-08-07,1104.8,1111.68,1091.06,1099.9,27595,1099.9
2020-08-11,1105.79,1150.96,1105.79,1149.01,63133,1149.01
2020-08-12,1149.01,1163.73,1146.05,1156.86,49081,1156.86
2020-08-13,1165.7,1173.55,1145.07,1165.7,40324,1165.7
2020-08-14,1181.41,1181.41,1145.07,1146.05,51524,1146.05
2020-08-17,1149.01,1154.9,1125.43,1135.25,29734,1135.25
2020-08-18,1125.43,1153.91,1119.54,1147.04,33298,1147.04
2020-08-19,1140.16,1162.75,1134.27,1149.01,23624,1149.01
2020-08-20,1140.16,1147.04,1116.59,1123.47,58042,1123.47
2020-08-21,1123.47,1141.14,1119.54,1136.24,44193,1136.24
2020-08-24,1138.19,1149.98,1122.48,1127.39,27392,1127.39
2020-08-25,1127.39,1162.75,1127.39,1147.04,37981,1147.04
2020-08-26,1145.07,1162.75,1132.31,1151.95,24032,1151.95
2020-08-27,1151.95,1154.9,1135.25,1136.24,25253,1136.24
2020-08-28,1132.31,1186.32,1132.31,1170.61,81768,1170.61
2020-08-31,1170.61,1192.21,1168.64,1181.41,63541,1181.41
2020-09-01,1181.41,1187.3,1152.93,1152.93,36556,1152.93
2020-09-02,1148.02,1167.66,1144.09,1167.66,17412,1167.66
2020-09-03,1175.52,1216.76,1175.52,1204.0,67919,1204.0
2020-09-04,1180.43,1187.3,1156.86,1162.75,44702,1162.75
2020-09-07,1161.76,1188.29,1159.81,1177.48,37472,1177.48
2020-09-08,1184.35,1197.12,1170.61,1191.23,34112,1191.23
2020-09-09,1168.64,1194.18,1158.82,1187.3,58958,1187.3
2020-09-10,1194.18,1194.18,1165.7,1175.52,37778,1175.52
2020-09-11,1186.32,1222.65,1168.64,1200.06,63541,1200.06
2020-09-14,1203.01,1203.01,1181.41,1195.15,50913,1195.15
2020-09-15,1195.15,1206.94,1167.66,1187.3,61911,1187.3
2020-09-16,1195.15,1222.65,1195.15,1217.74,65373,1217.74
2020-09-17,1212.83,1244.26,1211.85,1227.57,53867,1227.57
2020-09-18,1245.24,1282.56,1245.24,1277.65,82785,1277.65
2020-09-23,1252.11,1259.97,1233.46,1241.31,74233,1241.31
2020-09-24,1247.2,1259.97,1197.12,1207.92,101930,1207.92
2020-09-25,1218.72,1249.17,1204.0,1236.4,165063,1236.4
2020-09-28,1243.28,1269.79,1229.53,1265.87,131969,1265.87
2020-09-29,1263.9,1263.9,1229.53,1250.16,77084,1250.16
2020-09-30,1233.46,1248.19,1208.91,1208.91,65373,1208.91
2020-10-02,1203.01,1213.82,1169.62,1175.52,126368,1175.52
2020-10-05,1196.14,1226.59,1193.2,1223.63,95413,1223.63
2020-10-06,1221.68,1224.62,1198.11,1203.01,51932,1203.01
2020-10-07,1193.2,1200.06,1180.43,1195.15,39815,1195.15
2020-10-08,1196.14,1202.03,1190.24,1193.2,46739,1193.2
2020-10-09,1193.2,1199.09,1181.41,1196.14,35538,1196.14
2020-10-12,1195.15,1196.14,1180.43,1183.37,34826,1183.37
2020-10-13,1188.29,1193.2,1180.43,1184.35,32178,1184.35
2020-10-14,1178.46,1186.32,1159.81,1179.44,49489,1179.44
2020-10-15,1179.44,1190.24,1163.73,1170.61,34723,1170.61
2020-10-16,1170.61,1173.55,1154.9,1155.87,21791,1155.87
2020-10-19,1177.48,1182.39,1172.57,1182.39,50099,1182.39
2020-10-20,1166.67,1185.34,1164.72,1164.72,34520,1164.72
2020-10-21,1166.67,1189.26,1166.67,1175.52,27901,1175.52
2020-10-22,1169.62,1169.62,1141.14,1151.95,81870,1151.95
2020-10-23,1151.95,1156.86,1144.09,1149.98,20569,1149.98
2020-10-26,1145.07,1156.86,1142.13,1143.11,29632,1143.11
2020-10-27,1140.16,1143.11,1119.54,1143.11,65373,1143.11
2020-10-28,1143.11,1143.11,1125.43,1135.25,37472,1135.25
2020-10-29,1127.39,1134.27,1119.54,1134.27,45110,1134.27
2020-10-30,1134.27,1140.16,1120.52,1131.33,51423,1131.33
2020-11-02,1137.22,1156.86,1133.28,1153.91,66799,1153.91
2020-11-04,1166.67,1172.57,1154.9,1158.82,48572,1158.82
2020-11-05,1167.66,1200.06,1151.95,1194.18,66086,1194.18
2020-11-06,1193.2,1203.01,1184.35,1193.2,65272,1193.2
2020-11-09,1206.94,1208.91,1187.3,1196.14,50201,1196.14
2020-11-10,1211.85,1243.28,1211.85,1234.44,79527,1234.44
2020-11-11,1259.97,1296.3,1257.02,1282.56,122702,1282.56
2020-11-12,1279.61,1284.52,1247.2,1267.82,90219,1267.82
2020-11-13,1268.81,1268.81,1225.6,1230.51,68021,1230.51
2020-11-16,1259.97,1289.44,1255.07,1278.63,84822,1278.63
2020-11-17,1286.49,1308.09,1281.58,1284.52,63642,1284.52
2020-11-18,1291.4,1302.2,1275.69,1291.4,73724,1291.4
2020-11-19,1291.4,1291.4,1264.88,1264.88,52950,1264.88
2020-11-20,1264.88,1283.55,1263.9,1283.55,28206,1283.55
2020-11-24,1306.13,1319.88,1288.45,1288.45,65781,1288.45
2020-11-25,1301.21,1302.2,1273.72,1273.72,43481,1273.72
2020-11-26,1325.77,1423.98,1324.79,1356.22,239499,1356.22
2020-11-27,1356.22,1385.67,1356.22,1369.96,224327,1369.96
2020-11-30,1365.05,1365.05,1341.48,1343.45,107123,1343.45
2020-12-01,1344.43,1378.8,1336.57,1374.87,101624,1374.87
2020-12-02,1375.85,1380.76,1359.16,1369.96,113537,1369.96
2020-12-03,1370.94,1409.24,1364.07,1406.3,114862,1406.3
2020-12-04,1400.41,1430.85,1389.61,1419.06,121175,1419.06
2020-12-07,1423.0,1424.95,1356.22,1365.05,99282,1365.05
2020-12-08,1364.07,1386.65,1358.17,1362.11,61707,1362.11
2020-12-09,1362.11,1380.76,1360.14,1369.96,79120,1369.96
2020-12-10,1362.11,1381.75,1362.11,1370.94,61402,1370.94
2020-12-11,1370.94,1392.55,1370.94,1387.64,98060,1387.64
2020-12-14,1387.64,1427.9,1387.64,1421.03,120563,1421.03
2020-12-15,1421.03,1469.15,1406.3,1447.54,157629,1447.54
2020-12-16,1443.61,1443.61,1388.62,1401.39,110483,1401.39
2020-12-17,1404.33,1416.12,1389.61,1402.37,89710,1402.37
2020-12-18,1394.51,1406.3,1341.48,1348.36,189909,1348.36
2020-12-21,1356.22,1401.39,1351.31,1359.16,145715,1359.16
2020-12-22,1353.27,1353.27,1306.13,1313.0,149483,1313.0
2020-12-23,1317.91,1357.2,1317.91,1346.39,72807,1346.39
2020-12-24,1350.32,1358.17,1329.69,1333.63,91339,1333.63
2020-12-25,1339.52,1352.28,1334.61,1340.5,145512,1340.5
2020-12-28,1341.48,1355.23,1319.88,1337.55,292041,1337.55
2020-12-29,1336.56,1339.54,1313.71,1338.55,148532,1338.55
2020-12-30,1329.6,1331.59,1313.71,1321.65,67524,1321.65
2021-01-04,1321.65,1323.64,1275.94,1276.94,119651,1276.94
2021-01-05,1281.91,1310.72,1272.96,1296.81,46794,1296.81
2021-01-06,1289.86,1305.76,1279.92,1289.86,56857,1289.86
2021-01-07,1310.72,1324.64,1306.75,1319.67,47800,1319.67
2021-01-08,1317.68,1332.59,1302.77,1330.6,69033,1330.6
2021-01-12,1331.59,1360.41,1327.62,1359.42,55146,1359.42
2021-01-13,1348.49,1351.47,1335.57,1341.53,47599,1341.53
2021-01-14,1341.53,1373.33,1341.53,1363.39,70039,1363.39
2021-01-15,1363.39,1368.36,1327.62,1336.56,45184,1336.56
2021-01-18,1327.62,1331.59,1315.69,1327.62,20428,1327.62
2021-01-19,1333.58,1356.44,1325.63,1342.52,48102,1342.52
2021-01-20,1332.59,1370.35,1331.59,1365.38,47599,1365.38
2021-01-21,1360.41,1378.3,1358.42,1363.39,43775,1363.39
2021-01-22,1356.44,1356.44,1341.53,1341.53,32806,1341.53
2021-01-25,1341.53,1368.36,1341.53,1363.39,26567,1363.39
2021-01-26,1350.47,1357.43,1340.54,1355.44,24152,1355.44
2021-01-27,1355.44,1365.38,1353.45,1356.44,21133,1356.44
2021-01-28,1346.5,1374.32,1339.54,1355.44,56655,1355.44
2021-01-29,1355.44,1366.37,1328.61,1328.61,38542,1328.61
2021-02-01,1328.61,1373.33,1328.61,1350.47,41661,1350.47
2021-02-02,1350.47,1370.35,1339.54,1344.51,48605,1344.51
2021-02-03,1347.49,1363.39,1347.49,1359.42,27472,1359.42
2021-02-04,1349.48,1369.35,1347.49,1363.39,30994,1363.39
2021-02-05,1376.31,1376.31,1356.44,1365.38,43573,1365.38
2021-02-08,1370.35,1389.23,1360.41,1383.27,71549,1383.27
2021-02-09,1383.27,1388.23,1369.35,1386.25,28881,1386.25
2021-02-10,1386.25,1413.08,1375.32,1405.13,49611,1405.13
2021-02-12,1405.13,1422.02,1401.15,1409.1,31498,1409.1
2021-02-15,1421.03,1436.93,1416.06,1428.98,41360,1428.98
2021-02-16,1439.91,1439.91,1391.22,1403.14,65310,1403.14
2021-02-17,1391.22,1407.12,1377.3,1377.3,51221,1377.3
2021-02-18,1378.3,1380.28,1336.56,1345.5,77687,1345.5
2021-02-19,1345.5,1364.39,1345.5,1355.44,44378,1355.44
2021-02-22,1360.41,1387.24,1360.41,1382.27,43171,1382.27
2021-02-24,1383.27,1420.03,1368.36,1406.12,89864,1406.12
2021-02-25,1426.0,1430.96,1407.12,1422.02,51423,1422.02
2021-02-26,1404.13,1416.06,1366.37,1366.37,54945,1366.37
2021-03-01,1366.37,1382.27,1350.47,1354.45,51322,1354.45
2021-03-02,1367.37,1370.35,1343.52,1355.44,41762,1355.44
2021-03-03,1359.42,1371.34,1351.47,1370.35,33108,1370.35
2021-03-04,1371.34,1371.34,1324.64,1342.52,39448,1342.52
2021-03-05,1348.49,1363.39,1322.65,1359.42,51322,1359.42
2021-03-08,1386.25,1386.25,1342.52,1353.45,40957,1353.45
2021-03-09,1371.34,1397.18,1370.35,1386.25,55549,1386.25
2021-03-10,1386.25,1391.22,1369.35,1377.3,32101,1377.3
2021-03-11,1377.3,1398.17,1372.33,1391.22,36932,1391.22
2021-03-12,1391.22,1414.07,1386.25,1411.09,57762,1411.09
2021-03-15,1411.09,1426.0,1402.15,1419.04,51725,1419.04
2021-03-16,1419.04,1435.93,1411.09,1431.96,40756,1431.96
2021-03-17,1422.02,1443.88,1414.07,1440.9,36630,1440.9
2021-03-18,1440.9,1444.88,1419.04,1441.9,45485,1441.9
2021-03-19,1427.98,1456.8,1417.05,1456.8,63599,1456.8
2021-03-22,1443.88,1451.83,1429.97,1442.89,45989,1442.89
2021-03-23,1447.86,1463.76,1435.93,1440.9,43976,1440.9
2021-03-24,1428.98,1428.98,1374.32,1377.3,76581,1377.3
2021-03-25,1387.24,1394.2,1352.46,1367.37,72455,1367.37
2021-03-26,1376.31,1376.31,1356.44,1367.37,62492,1367.37
2021-03-29,1394.2,1424.01,1377.3,1422.02,91172,1422.02
2021-03-30,1426.99,1444.88,1404.13,1440.9,85537,1440.9
2021-03-31,1465.75,1468.73,1433.95,1445.87,86342,1445.87
2021-04-01,1444.88,1453.82,1431.96,1439.91,89361,1439.91
2021-04-02,1467.73,1500.53,1456.8,1476.68,121965,1476.68
2021-04-05,1471.71,1490.59,1456.8,1477.67,58165,1477.67
2021-04-06,1483.63,1497.54,1447.86,1460.78,76178,1460.78
2021-04-07,1489.59,1530.34,1489.59,1525.37,89461,1525.37
2021-04-08,1530.34,1568.1,1509.47,1521.39,116732,1521.39
2021-04-09,1520.4,1531.33,1504.5,1515.43,51322,1515.43
2021-04-12,1515.43,1516.43,1486.61,1501.52,51121,1501.52
2021-04-13,1502.51,1526.36,1501.52,1503.51,33108,1503.51
2021-04-14,1496.55,1508.48,1488.6,1505.49,44982,1505.49
2021-04-15,1505.49,1523.38,1490.59,1494.56,59473,1494.56
2021-04-16,1496.55,1515.43,1492.58,1498.54,50919,1498.54
2021-04-19,1490.59,1510.46,1490.59,1494.56,38844,1494.56
2021-04-20,1493.57,1503.51,1477.67,1490.59,61586,1490.59
2021-04-21,1470.71,1478.66,1427.98,1430.96,73058,1430.96
2021-04-22,1459.78,1485.62,1459.78,1468.73,63901,1468.73
2021-04-23,1456.8,1472.7,1445.87,1448.85,43775,1448.85
2021-04-26,1457.8,1457.8,1423.01,1424.01,49611,1424.01
2021-04-27,1424.01,1426.99,1401.15,1403.14,66719,1403.14
2021-04-28,1404.13,1415.07,1389.23,1396.18,64002,1396.18
2021-04-30,1396.18,1402.15,1377.3,1378.3,62995,1378.3
2021-05-06,1381.28,1419.04,1381.28,1411.09,32303,1411.09
2021-05-07,1411.09,1432.95,1411.09,1423.01,28479,1423.01
2021-05-10,1423.01,1452.83,1423.01,1452.83,27976,1452.83
2021-05-11,1438.91,1455.81,1398.17,1399.17,55951,1399.17
2021-05-12,1394.2,1417.05,1392.21,1402.15,41360,1402.15
2021-05-13,1402.15,1408.11,1378.3,1400.16,58769,1400.16
2021-05-14,1459.78,1462.76,1421.03,1439.91,64404,1439.91
2021-05-17,1453.82,1457.8,1435.93,1436.93,47699,1436.93
2021-05-18,1445.87,1469.72,1435.93,1457.8,83323,1457.8
2021-05-19,1445.87,1483.63,1439.91,1472.7,99021,1472.7
2021-05-20,1459.78,1499.53,1459.78,1478.66,76178,1478.66
2021-05-21,1477.67,1497.54,1463.76,1485.62,72052,1485.62
2021-05-24,1472.7,1503.51,1471.71,1499.53,82115,1499.53
2021-05-25,1490.59,1503.51,1483.63,1499.53,76983,1499.53
2021-05-26,1489.59,1501.52,1484.63,1497.54,54643,1497.54
2021-05-27,1497.54,1540.27,1496.55,1521.39,142695,1521.39
2021-05-28,1532.32,1537.29,1516.43,1530.34,87247,1530.34
2021-05-31,1525.37,1550.21,1491.58,1519.41,145110,1519.41
2021-06-01,1538.29,1538.29,1500.53,1512.45,89864,1512.45
2021-06-02,1519.41,1523.38,1506.49,1517.42,83323,1517.42
2021-06-03,1512.45,1540.27,1508.48,1518.41,75675,1518.41
2021-06-04,1494.56,1528.35,1484.63,1518.41,107877,1518.41
2021-06-07,1525.37,1525.37,1497.54,1497.54,58266,1497.54
2021-06-08,1490.59,1508.48,1489.59,1506.49,33812,1506.49
2021-06-09,1506.49,1543.26,1506.49,1526.36,110695,1526.36
2021-06-10,1533.32,1538.29,1522.39,1535.31,63096,1535.31
2021-06-11,1535.31,1545.24,1517.42,1522.39,67322,1522.39
2021-06-14,1524.37,1540.27,1518.41,1531.33,37435,1531.33
2021-06-15,1531.33,1539.28,1517.42,1524.37,56957,1524.37
2021-06-16,1533.32,1545.24,1519.41,1522.39,69033,1522.39
2021-06-17,1522.39,1530.34,1515.43,1521.39,35221,1521.39
2021-06-18,1521.39,1538.29,1492.58,1492.58,154972,1492.58
2021-06-21,1486.61,1486.61,1441.9,1441.9,117135,1441.9
2021-06-22,1478.66,1478.66,1450.84,1462.76,111298,1462.76
2021-06-23,1469.72,1484.63,1449.85,1450.84,57259,1450.84
2021-06-24,1457.8,1469.72,1452.83,1457.8,49712,1457.8
2021-06-25,1473.69,1489.59,1469.72,1485.62,46995,1485.62
2021-06-28,1496.55,1500.53,1476.68,1486.61,118242,1486.61
2021-06-29,1479.66,1490.59,1464.75,1468.73,90870,1468.73
2021-06-30,1478.66,1484.63,1465.75,1478.66,68027,1478.66
2021-07-01,1479.66,1488.6,1450.84,1460.78,82518,1460.78
2021-07-02,1463.76,1496.55,1458.79,1496.55,49813,1496.55
2021-07-05,1481.64,1503.51,1477.67,1489.59,88052,1489.59
2021-07-06,1496.55,1499.53,1475.68,1482.64,71348,1482.64
2021-07-07,1462.76,1496.55,1459.78,1471.71,99524,1471.71
2021-07-08,1481.64,1481.64,1452.83,1452.83,158998,1452.83
2021-07-09,1424.01,1445.87,1411.09,1439.91,154268,1439.91
2021-07-12,1477.67,1493.57,1469.72,1480.65,109789,1480.65
2021-07-13,1480.65,1511.46,1470.71,1509.47,158998,1509.47
2021-07-14,1498.54,1504.5,1476.68,1488.6,65511,1488.6
2021-07-15,1488.6,1514.44,1486.61,1489.59,115625,1489.59
2021-07-16,1468.73,1494.56,1455.81,1482.64,96606,1482.64
2021-07-19,1474.69,1474.69,1447.86,1451.83,80002,1451.83
2021-07-20,1444.88,1457.8,1435.93,1447.86,127399,1447.86
2021-07-21,1463.76,1480.65,1457.8,1468.73,70140,1468.73
2021-07-26,1494.56,1501.52,1480.65,1499.53,197439,1499.53
2021-07-27,1499.53,1507.48,1485.62,1490.59,123777,1490.59
2021-07-28,1477.67,1506.49,1473.69,1498.54,178419,1498.54
2021-07-29,1472.7,1531.33,1472.7,1525.37,809580,1525.37
2021-07-30,1510.46,1529.34,1497.54,1519.41,274623,1519.41
2021-08-02,1523.38,1542.26,1519.41,1523.38,200055,1523.38
2021-08-03,1519.41,1532.32,1490.59,1490.59,90367,1490.59
2021-08-04,1494.56,1500.53,1478.66,1485.62,134544,1485.62
2021-08-05,1485.62,1502.51,1480.65,1480.65,116028,1480.65
2021-08-06,1486.61,1494.56,1486.61,1490.59,25963,1490.59
2021-08-10,1529.34,1562.14,1521.39,1527.36,96707,1527.36
2021-08-11,1540.27,1609.84,1527.36,1565.12,184558,1565.12
2021-08-12,1556.17,1604.87,1554.19,1557.17,148129,1557.17
2021-08-13,1477.67,1532.32,1451.83,1459.78,144607,1459.78
2021-08-16,1460.78,1483.63,1447.86,1451.83,200961,1451.83
2021-08-17,1471.71,1471.71,1418.05,1418.05,70845,1418.05
2021-08-18,1427.98,1435.93,1400.16,1421.03,64706,1421.03
2021-08-19,1438.91,1445.87,1423.01,1432.95,56454,1432.95
2021-08-20,1454.81,1482.64,1438.91,1443.88,91575,1443.88
2021-08-23,1479.66,1491.58,1469.72,1476.68,68933,1476.68
2021-08-24,1476.68,1488.6,1470.71,1479.66,39850,1479.66
2021-08-25,1476.68,1480.65,1459.78,1461.77,38341,1461.77
2021-08-26,1457.8,1472.7,1455.81,1464.75,51523,1464.75
2021-08-27,1464.75,1464.75,1441.9,1444.88,21032,1444.88
2021-08-30,1472.7,1482.64,1456.8,1478.66,35322,1478.66
2021-08-31,1460.78,1474.69,1460.78,1462.76,30290,1462.76
2021-09-01,1462.76,1467.73,1445.87,1450.84,27875,1450.84
2021-09-02,1450.84,1450.84,1432.95,1445.87,36831,1445.87
2021-09-03,1456.8,1488.6,1452.83,1483.63,43573,1483.63
2021-09-06,1490.59,1509.47,1482.64,1493.57,54140,1493.57
2021-09-07,1504.5,1525.37,1504.5,1518.41,48102,1518.41
2021-09-08,1523.38,1533.32,1513.44,1517.42,36630,1517.42
2021-09-09,1533.32,1547.23,1525.37,1535.31,53133,1535.31
2021-09-10,1535.31,1565.12,1533.32,1560.15,138670,1560.15
2021-09-13,1540.27,1581.02,1532.32,1581.02,81210,1581.02
2021-09-14,1572.07,1612.82,1567.11,1608.84,115726,1608.84
2021-09-15,1593.94,1593.94,1572.07,1576.05,42567,1576.05
2021-09-16,1584.0,1584.0,1560.15,1580.02,52731,1580.02
2021-09-17,1580.02,1606.85,1571.08,1602.88,100531,1602.88
2021-09-21,1555.18,1577.04,1550.21,1571.08,74367,1571.08
2021-09-22,1560.15,1585.99,1557.17,1572.07,68228,1572.07
2021-09-24,1587.97,1620.77,1576.05,1607.85,102443,1607.85
2021-09-27,1614.8,1643.62,1604.87,1616.79,249868,1616.79
2021-09-28,1647.6,1717.16,1646.6,1708.21,239301,1708.21
2021-09-29,1715.17,1715.17,1685.36,1699.27,202974,1699.27
2021-09-30,1701.26,1720.14,1696.29,1706.23,83423,1706.23
2021-10-01,1690.33,1690.33,1652.57,1664.49,110896,1664.49
2021-10-04,1690.33,1704.24,1677.41,1693.31,66819,1693.31
2021-10-05,1671.45,1685.36,1653.56,1654.55,59574,1654.55
2021-10-06,1664.49,1687.35,1656.54,1668.47,41661,1668.47
2021-10-07,1656.54,1691.32,1656.54,1658.53,57863,1658.53
2021-10-08,1691.32,1700.26,1677.41,1685.36,36127,1685.36
2021-10-11,1690.33,1719.15,1685.36,1719.15,30391,1719.15
2021-10-12,1719.15,1719.15,1698.28,1715.17,54442,1715.17
2021-10-13,1710.2,1717.16,1701.26,1707.22,28982,1707.22
2021-10-14,1707.22,1707.22,1669.46,1704.24,37938,1704.24
2021-10-15,1709.21,1771.81,1709.21,1767.84,53435,1767.84
2021-10-18,1768.83,1777.77,1744.98,1763.86,31296,1763.86
2021-10-19,1768.83,1778.77,1756.91,1769.83,30391,1769.83
2021-10-20,1769.83,1782.74,1761.88,1765.85,43171,1765.85
2021-10-21,1781.75,1796.66,1774.79,1774.79,51523,1774.79
2021-10-22,1759.89,1780.76,1744.98,1752.93,58869,1752.93
2021-10-25,1747.96,1764.86,1732.06,1741.01,47196,1741.01
2021-10-26,1763.86,1765.85,1730.08,1730.08,25258,1730.08
2021-10-27,1731.07,1736.04,1711.2,1724.11,32705,1724.11
2021-10-28,1712.19,1744.98,1708.21,1726.1,66417,1726.1
2021-10-29,1725.11,1754.92,1695.3,1717.16,58266,1717.16
2021-11-01,1746.97,1774.79,1733.06,1770.82,41762,1770.82
2021-11-02,1775.79,1788.71,1771.81,1774.79,48001,1774.79
2021-11-04,1788.71,1799.64,1772.81,1794.67,52831,1794.67
2021-11-05,1787.71,1826.47,1781.75,1819.51,87751,1819.51
2021-11-08,1833.42,1849.32,1810.57,1810.57,81713,1810.57
2021-11-09,2208.06,2208.06,2208.06,2208.06,230144,2208.06
2021-11-10,2181.23,2251.78,2181.23,2240.85,961231,2240.85
2021-11-11,2235.88,2273.64,2225.95,2255.76,308637,2255.76
2021-11-12,2260.73,2368.05,2258.74,2311.41,181237,2311.41
2021-11-15,2265.69,2305.44,2260.73,2289.54,340637,2289.54
2021-11-16,2281.59,2284.57,2225.95,2225.95,269088,2225.95
2021-11-17,2218.0,2223.96,2187.19,2190.17,204684,2190.17
2021-11-18,2188.18,2241.84,2182.22,2202.1,217263,2202.1
2021-11-19,2188.18,2232.9,2177.25,2230.91,95600,2230.91
2021-11-22,2207.06,2225.95,2185.2,2186.2,103248,2186.2
2021-11-24,2181.23,2194.15,2178.25,2186.2,91071,2186.2
2021-11-25,2186.2,2192.16,2177.25,2179.24,79298,2179.24
2021-11-26,2172.28,2192.16,2172.28,2184.21,73763,2184.21
2021-11-29,2174.27,2185.2,2170.3,2177.25,124884,2177.25
2021-11-30,2179.24,2192.16,2165.33,2177.25,186269,2177.25
2021-12-01,2168.31,2186.2,2166.32,2180.23,117236,2180.23
2021-12-02,2172.28,2179.24,2148.43,2148.43,195728,2148.43
2021-12-03,2166.32,2176.26,2153.4,2155.39,84128,2155.39
2021-12-06,2149.43,2160.36,2142.47,2155.39,164432,2155.39
2021-12-07,2151.42,2158.37,2139.49,2144.46,189992,2144.46
2021-12-08,2146.45,2153.4,2137.5,2142.47,307932,2142.47
2021-12-09,2144.46,2157.38,2142.47,2151.42,196433,2151.42
2021-12-10,2154.4,2160.36,2144.46,2151.42,160004,2151.42
2021-12-13,2156.38,2165.33,2141.48,2145.45,205288,2145.45
2021-12-14,2142.47,2155.39,2139.49,2146.45,197539,2146.45
2021-12-15,2142.47,2173.28,2142.47,2166.32,277843,2166.32
2021-12-16,2169.3,2262.71,2167.32,2255.76,210420,2255.76
2021-12-17,2160.36,2312.4,2152.41,2271.66,186571,2271.66
2021-12-20,2434.63,2439.6,2297.49,2345.19,269893,2345.19
2021-12-21,2336.25,2416.74,2327.31,2385.93,125588,2385.93
2021-12-22,2412.77,2469.41,2394.88,2455.5,70442,2455.5
2021-12-23,2454.5,2463.45,2398.85,2438.6,74165,2438.6
2021-12-24,2388.92,2438.6,2383.95,2414.75,129110,2414.75
2021-12-27,2365.07,2534.0,2362.09,2471.4,56857,2471.4
2021-12-28,2471.4,2534.0,2437.61,2534.0,93889,2534.0
2021-12-29,2500.0,2530.0,2482.0,2500.0,88300,2500.0
2021-12-30,2470.0,2528.0,2465.0,2465.0,22300,2465.0
2022-01-04,2450.0,2499.0,2448.0,2458.0,44000,2458.0
2022-01-05,2220.0,2365.0,2181.0,2285.0,378700,2285.0
2022-01-06,2280.0,2395.0,2278.0,2381.0,61700,2381.0
2022-01-07,2370.0,2375.0,2290.0,2290.0,81000,2290.0
2022-01-11,2290.0,2313.0,2283.0,2299.0,38300,2299.0
2022-01-12,2323.0,2336.0,2316.0,2336.0,18300,2336.0
2022-01-13,2286.0,2332.0,2248.0,2293.0,93900,2293.0
2022-01-14,2280.0,2348.0,2280.0,2335.0,74500,2335.0
2022-01-17,2300.0,2306.0,2266.0,2271.0,30600,2271.0
2022-01-18,2271.0,2317.0,2254.0,2262.0,50300,2262.0
2022-01-19,2312.0,2315.0,2272.0,2272.0,60700,2272.0
2022-01-20,2250.0,2316.0,2248.0,2273.0,54700,2273.0
2022-01-21,2270.0,2315.0,2245.0,2297.0,63100,2297.0
2022-01-24,2252.0,2289.0,2252.0,2267.0,32800,2267.0
2022-01-25,2250.0,2297.0,2237.0,2257.0,87400,2257.0
2022-01-26,2241.0,2304.0,2241.0,2267.0,53200,2267.0
2022-01-27,2267.0,2288.0,2246.0,2258.0,78700,2258.0
2022-01-28,2288.0,2325.0,2280.0,2319.0,61900,2319.0
2022-01-31,2286.0,2294.0,2271.0,2277.0,33100,2277.0
2022-02-01,2300.0,2339.0,2290.0,2296.0,84100,2296.0
2022-02-02,2285.0,2330.0,2285.0,2330.0,40000,2330.0
2022-02-03,2302.0,2400.0,2291.0,2306.0,85200,2306.0
2022-02-04,2306.0,2432.0,2306.0,2432.0,74600,2432.0
2022-02-07,2383.0,2405.0,2374.0,2398.0,45500,2398.0
2022-02-08,2411.0,2431.0,2350.0,2382.0,52000,2382.0
2022-02-09,2390.0,2390.0,2366.0,2379.0,49500,2379.0
2022-02-10,2399.0,2399.0,2348.0,2371.0,34600,2371.0
2022-02-14,2368.0,2368.0,2310.0,2320.0,58200,2320.0
2022-02-15,2320.0,2333.0,2274.0,2318.0,109100,2318.0
2022-02-16,2302.0,2337.0,2273.0,2290.0,106100,2290.0
2022-02-17,2280.0,2297.0,2250.0,2257.0,64500,2257.0
2022-02-18,2245.0,2333.0,2245.0,2322.0,76500,2322.0
2022-02-21,2292.0,2320.0,2281.0,2289.0,38300,2289.0
2022-02-22,2264.0,2276.0,2245.0,2261.0,51000,2261.0
2022-02-24,2280.0,2365.0,2280.0,2357.0,78300,2357.0
2022-02-25,2332.0,2343.0,2284.0,2320.0,84300,2320.0
2022-02-28,2370.0,2370.0,2285.0,2356.0,53700,2356.0
2022-03-01,2362.0,2371.0,2313.0,2321.0,35900,2321.0
2022-03-02,2293.0,2307.0,2276.0,2276.0,43800,2276.0
2022-03-03,2301.0,2339.0,2301.0,2323.0,55900,2323.0
2022-03-04,2309.0,2331.0,2302.0,2319.0,48900,2319.0
2022-03-07,2270.0,2274.0,2203.0,2256.0,75100,2256.0
2022-03-08,2224.0,2269.0,2208.0,2244.0,69900,2244.0
2022-03-09,2244.0,2270.0,2196.0,2223.0,86400,2223.0
2022-03-10,2273.0,2286.0,2241.0,2261.0,109400,2261.0
2022-03-11,2249.0,2264.0,2233.0,2241.0,50700,2241.0
2022-03-14,2261.0,2271.0,2244.0,2250.0,34200,2250.0
2022-03-15,2231.0,2265.0,2231.0,2255.0,42500,2255.0
2022-03-16,2240.0,2240.0,2195.0,2196.0,86900,2196.0
2022-03-17,2200.0,2215.0,2181.0,2200.0,71800,2200.0
2022-03-18,2184.0,2224.0,2181.0,2210.0,99500,2210.0
2022-03-22,2228.0,2254.0,2218.0,2245.0,63800,2245.0
2022-03-23,2237.0,2259.0,2227.0,2242.0,87800,2242.0
2022-03-24,2250.0,2277.0,2232.0,2265.0,81000,2265.0
2022-03-25,2235.0,2243.0,2187.0,2188.0,53000,2188.0
2022-03-28,2199.0,2240.0,2199.0,2230.0,94600,2230.0
2022-03-29,2213.0,2260.0,2213.0,2244.0,104700,2244.0
2022-03-30,2260.0,2325.0,2240.0,2262.0,78200,2262.0
2022-03-31,2239.0,2313.0,2211.0,2229.0,72800,2229.0
2022-04-01,2210.0,2236.0,2201.0,2214.0,61700,2214.0
2022-04-04,2213.0,2218.0,2195.0,2195.0,17300,2195.0
2022-04-05,2214.0,2218.0,2193.0,2195.0,39200,2195.0
2022-04-06,2197.0,2199.0,2164.0,2186.0,52300,2186.0
2022-04-07,2180.0,2194.0,2153.0,2168.0,52400,2168.0
2022-04-08,2185.0,2194.0,2159.0,2174.0,72400,2174.0
2022-04-11,2164.0,2164.0,2106.0,2141.0,70900,2141.0
2022-04-12,2135.0,2160.0,2110.0,2123.0,44700,2123.0
2022-04-13,2136.0,2152.0,2125.0,2149.0,43500,2149.0
2022-04-14,2147.0,2193.0,2147.0,2172.0,35400,2172.0
2022-04-15,2172.0,2180.0,2162.0,2170.0,33800,2170.0
2022-04-18,2156.0,2177.0,2116.0,2154.0,42200,2154.0
2022-04-19,2165.0,2217.0,2165.0,2209.0,52000,2209.0
2022-04-20,2221.0,2269.0,2200.0,2243.0,58900,2243.0
2022-04-21,2290.0,2310.0,2205.0,2293.0,71300,2293.0
2022-04-22,2276.0,2330.0,2272.0,2305.0,47900,2305.0
2022-04-25,2320.0,2344.0,2309.0,2325.0,54300,2325.0
2022-04-26,2338.0,2376.0,2315.0,2368.0,60300,2368.0
2022-04-27,2357.0,2365.0,2310.0,2347.0,250700,2347.0
2022-04-28,2358.0,2522.0,2358.0,2516.0,96000,2516.0
2022-05-02,2527.0,2619.0,2509.0,2539.0,69200,2539.0
2022-05-06,2525.0,2554.0,2481.0,2537.0,54900,2537.0
2022-05-09,2495.0,2523.0,2456.0,2459.0,43600,2459.0
2022-05-10,2447.0,2479.0,2431.0,2461.0,42900,2461.0
2022-05-11,2478.0,2483.0,2432.0,2481.0,43300,2481.0
2022-05-12,2446.0,2451.0,2384.0,2385.0,48000,2385.0
2022-05-13,2335.0,2416.0,2209.0,2231.0,149700,2231.0
2022-05-16,2237.0,2250.0,2153.0,2185.0,127400,2185.0
2022-05-17,2186.0,2272.0,2182.0,2235.0,94300,2235.0
2022-05-18,2213.0,2288.0,2213.0,2252.0,52400,2252.0
2022-05-19,2208.0,2230.0,2191.0,2204.0,67700,2204.0
2022-05-20,2254.0,2299.0,2213.0,2275.0,61400,2275.0
2022-05-23,2281.0,2299.0,2250.0,2269.0,53900,2269.0
2022-05-24,2276.0,2281.0,2186.0,2189.0,63000,2189.0
2022-05-25,2186.0,2194.0,2132.0,2135.0,67500,2135.0
2022-05-26,2140.0,2172.0,2104.0,2128.0,83200,2128.0
2022-05-27,2151.0,2157.0,2086.0,2136.0,81500,2136.0
2022-05-30,2148.0,2154.0,2085.0,2104.0,214300,2104.0
2022-05-31,2104.0,2119.0,2043.0,2116.0,263400,2116.0
2022-06-01,2127.0,2183.0,2121.0,2162.0,70300,2162.0
2022-06-02,2145.0,2183.0,2124.0,2175.0,54600,2175.0
2022-06-03,2152.0,2168.0,2125.0,2125.0,37100,2125.0
2022-06-06,2132.0,2140.0,2103.0,2133.0,38500,2133.0
2022-06-07,2137.0,2189.0,2137.0,2157.0,35900,2157.0
2022-06-08,2158.0,2200.0,2158.0,2168.0,31600,2168.0
2022-06-09,2158.0,2199.0,2152.0,2179.0,28100,2179.0
2022-06-10,2171.0,2196.0,2133.0,2136.0,39900,2136.0
2022-06-13,2108.0,2127.0,2095.0,2105.0,70000,2105.0
2022-06-14,2092.0,2132.0,2075.0,2104.0,75400,2104.0
2022-06-15,2106.0,2141.0,2059.0,2059.0,70400,2059.0
2022-06-16,2065.0,2075.0,2010.0,2020.0,48500,2020.0
2022-06-17,1987.0,2029.0,1970.0,2008.0,52300,2008.0
2022-06-20,2006.0,2008.0,1940.0,1971.0,42500,1971.0
2022-06-21,1980.0,1996.0,1963.0,1992.0,33600,1992.0
2022-06-22,2003.0,2003.0,1941.0,1944.0,23000,1944.0
2022-06-23,1943.0,1957.0,1916.0,1940.0,35100,1940.0
2022-06-24,1940.0,1965.0,1900.0,1965.0,51000,1965.0
2022-06-27,1995.0,1995.0,1932.0,1981.0,36400,1981.0
2022-06-28,1975.0,2035.0,1975.0,2035.0,72400,2035.0
2022-06-29,2006.0,2057.0,2004.0,2050.0,165000,2050.0
2022-06-30,2037.0,2045.0,2000.0,2025.0,55600,2025.0
2022-07-01,2025.0,2029.0,1945.0,1968.0,62400,1968.0
2022-07-04,1989.0,2011.0,1983.0,2006.0,42800,2006.0
2022-07-05,2006.0,2056.0,2006.0,2039.0,36900,2039.0
2022-07-06,2031.0,2057.0,2021.0,2048.0,29600,2048.0
2022-07-07,2066.0,2076.0,2010.0,2067.0,44000,2067.0
2022-07-08,2060.0,2095.0,2045.0,2055.0,66800,2055.0
2022-07-11,2085.0,2135.0,2084.0,2126.0,54000,2126.0
2022-07-12,2126.0,2126.0,2040.0,2063.0,56100,2063.0
2022-07-13,2053.0,2096.0,2050.0,2083.0,33700,2083.0
2022-07-14,2086.0,2086.0,2030.0,2035.0,35900,2035.0
2022-07-15,2035.0,2054.0,2003.0,2054.0,37100,2054.0
2022-07-19,2054.0,2073.0,2022.0,2053.0,30000,2053.0
2022-07-20,2083.0,2097.0,2065.0,2083.0,44900,2083.0
2022-07-21,2088.0,2088.0,2054.0,2077.0,24600,2077.0
2022-07-22,2077.0,2086.0,2060.0,2073.0,39200,2073.0
2022-07-25,2071.0,2075.0,2055.0,2066.0,29200,2066.0
2022-07-26,2076.0,2086.0,2041.0,2050.0,33700,2050.0
2022-07-27,2052.0,2079.0,2032.0,2066.0,53200,2066.0
2022-07-28,2049.0,2063.0,2012.0,2047.0,297800,2047.0
2022-07-29,2053.0,2073.0,2032.0,2040.0,48700,2040.0
2022-08-01,2040.0,2041.0,1997.0,2014.0,74400,2014.0
2022-08-02,2030.0,2043.0,1999.0,2011.0,43900,2011.0
2022-08-03,2011.0,2017.0,1974.0,1984.0,37800,1984.0
2022-08-04,1986.0,1995.0,1961.0,1966.0,24200,1966.0
2022-08-05,1965.0,2023.0,1965.0,2019.0,39400,2019.0
2022-08-08,2013.0,2028.0,2000.0,2021.0,22400,2021.0
2022-08-09,2030.0,2040.0,1989.0,1993.0,23900,1993.0
2022-08-10,1989.0,2002.0,1962.0,1980.0,35900,1980.0
2022-08-12,2018.0,2064.0,2009.0,2059.0,51500,2059.0
2022-08-15,2060.0,2075.0,2045.0,2068.0,38500,2068.0
2022-08-16,2076.0,2102.0,2066.0,2096.0,24800,2096.0
2022-08-17,2100.0,2124.0,2091.0,2118.0,31400,2118.0
2022-08-18,2110.0,2127.0,2104.0,2110.0,18100,2110.0
2022-08-19,2125.0,2125.0,2053.0,2053.0,43400,2053.0
2022-08-22,2052.0,2052.0,2026.0,2036.0,23300,2036.0
2022-08-23,2020.0,2028.0,2008.0,2012.0,26100,2012.0
2022-08-24,2022.0,2022.0,2006.0,2009.0,19900,2009.0
2022-08-25,2023.0,2041.0,2005.0,2028.0,25200,2028.0
2022-08-26,2028.0,2088.0,2022.0,2086.0,38300,2086.0
2022-08-29,2059.0,2059.0,2023.0,2027.0,52100,2027.0
2022-08-30,2056.0,2085.0,2036.0,2072.0,41600,2072.0
2022-08-31,2051.0,2087.0,2030.0,2033.0,53700,2033.0
2022-09-01,2038.0,2038.0,1991.0,2000.0,57600,2000.0
2022-09-02,1993.0,2019.0,1974.0,2017.0,48700,2017.0
2022-09-05,2015.0,2034.0,2005.0,2026.0,22600,2026.0
2022-09-06,2030.0,2048.0,2000.0,2019.0,36600,2019.0
2022-09-07,2017.0,2017.0,1986.0,1993.0,33700,1993.0
2022-09-08,2020.0,2049.0,2010.0,2049.0,41700,2049.0
2022-09-09,2019.0,2045.0,2018.0,2025.0,38300,2025.0
2022-09-12,2041.0,2041.0,1999.0,2011.0,20500,2011.0
2022-09-13,2021.0,2040.0,2017.0,2031.0,15900,2031.0
2022-09-14,1992.0,2028.0,1989.0,2006.0,35000,2006.0
2022-09-15,2008.0,2008.0,1993.0,1996.0,23100,1996.0
2022-09-16,1987.0,2005.0,1987.0,2001.0,29400,2001.0
2022-09-20,2020.0,2028.0,2008.0,2016.0,22800,2016.0
2022-09-21,2003.0,2044.0,2003.0,2028.0,28800,2028.0
2022-09-22,2000.0,2015.0,2000.0,2014.0,24600,2014.0
2022-09-26,1996.0,2026.0,1996.0,2006.0,64500,2006.0
2022-09-27,2006.0,2020.0,1995.0,2016.0,33300,2016.0
2022-09-28,2000.0,2027.0,1995.0,2027.0,50400,2027.0
2022-09-29,2032.0,2094.0,2032.0,2067.0,82300,2067.0
2022-09-30,2047.0,2070.0,2028.0,2041.0,49100,2041.0
2022-10-03,2028.0,2060.0,2016.0,2050.0,34400,2050.0
2022-10-04,2056.0,2109.0,2056.0,2102.0,41500,2102.0
2022-10-05,2102.0,2105.0,2056.0,2056.0,40100,2056.0
2022-10-06,2056.0,2086.0,2056.0,2075.0,26400,2075.0
2022-10-07,2067.0,2083.0,2064.0,2072.0,33900,2072.0
2022-10-11,2052.0,2066.0,2030.0,2039.0,42200,2039.0
2022-10-12,2039.0,2066.0,2039.0,2050.0,30000,2050.0
2022-10-13,2048.0,2054.0,2025.0,2034.0,146700,2034.0
2022-10-14,2038.0,2090.0,2035.0,2071.0,53200,2071.0
2022-10-17,2071.0,2072.0,2042.0,2042.0,28300,2042.0
2022-10-18,2048.0,2084.0,2042.0,2068.0,35500,2068.0
2022-10-19,2059.0,2074.0,2058.0,2072.0,24200,2072.0
2022-10-20,2055.0,2078.0,2055.0,2061.0,26100,2061.0
2022-10-21,2061.0,2088.0,2060.0,2085.0,37600,2085.0
2022-10-24,2090.0,2090.0,2054.0,2056.0,28700,2056.0
2022-10-25,2063.0,2074.0,2056.0,2073.0,23400,2073.0
2022-10-26,2076.0,2086.0,2063.0,2070.0,27200,2070.0
2022-10-27,2070.0,2076.0,2042.0,2051.0,46200,2051.0
2022-10-28,2040.0,2073.0,2026.0,2030.0,149400,2030.0
2022-10-31,2053.0,2054.0,2024.0,2036.0,65900,2036.0
2022-11-01,2036.0,2053.0,2020.0,2032.0,31500,2032.0
2022-11-02,2013.0,2048.0,2010.0,2013.0,37500,2013.0
2022-11-04,2000.0,2010.0,1980.0,1984.0,85700,1984.0
2022-11-07,1992.0,2001.0,1981.0,1981.0,26300,1981.0
2022-11-08,1995.0,2009.0,1975.0,2009.0,48600,2009.0
2022-11-09,2024.0,2028.0,2004.0,2005.0,28700,2005.0
2022-11-10,1995.0,2009.0,1981.0,2007.0,43700,2007.0
2022-11-11,1980.0,1980.0,1893.0,1893.0,135200,1893.0
2022-11-14,1913.0,1914.0,1830.0,1831.0,107600,1831.0
2022-11-15,1844.0,1885.0,1835.0,1854.0,45100,1854.0
2022-11-16,1855.0,1869.0,1851.0,1859.0,54500,1859.0
2022-11-17,1857.0,1900.0,1853.0,1890.0,64200,1890.0
2022-11-18,1911.0,1916.0,1894.0,1896.0,64100,1896.0
2022-11-21,1877.0,1899.0,1832.0,1855.0,90100,1855.0
2022-11-22,1855.0,1892.0,1846.0,1886.0,87800,1886.0
2022-11-24,1890.0,1934.0,1890.0,1933.0,64700,1933.0
2022-11-25,1933.0,1948.0,1925.0,1944.0,64100,1944.0
2022-11-28,1944.0,1985.0,1932.0,1977.0,119300,1977.0
2022-11-29,1964.0,2015.0,1964.0,1999.0,111400,1999.0
2022-11-30,1995.0,2025.0,1960.0,1975.0,176700,1975.0
2022-12-01,1975.0,1979.0,1940.0,1940.0,58000,1940.0
2022-12-02,1929.0,1929.0,1885.0,1891.0,72800,1891.0
2022-12-05,1895.0,1895.0,1837.0,1848.0,62900,1848.0
2022-12-06,1844.0,1846.0,1821.0,1825.0,51100,1825.0
2022-12-07,1820.0,1843.0,1810.0,1832.0,45400,1832.0
2022-12-08,1830.0,1834.0,1807.0,1832.0,42100,1832.0
2022-12-09,1805.0,1842.0,1805.0,1823.0,90200,1823.0
2022-12-12,1812.0,1818.0,1805.0,1805.0,48200,1805.0
2022-12-13,1806.0,1830.0,1806.0,1817.0,42300,1817.0
2022-12-14,1817.0,1830.0,1811.0,1829.0,59000,1829.0
2022-12-15,1816.0,1841.0,1816.0,1839.0,31800,1839.0
2022-12-16,1820.0,1843.0,1820.0,1839.0,120700,1839.0
2022-12-19,1827.0,1840.0,1785.0,1785.0,127200,1785.0
2022-12-20,1790.0,1799.0,1732.0,1742.0,125200,1742.0
2022-12-21,1741.0,1748.0,1701.0,1706.0,75900,1706.0
2022-12-22,1701.0,1722.0,1686.0,1722.0,85600,1722.0
2022-12-23,1715.0,1765.0,1715.0,1761.0,245400,1761.0
2022-12-26,1769.0,1782.0,1752.0,1758.0,170100,1758.0
2022-12-27,1778.0,1778.0,1733.0,1734.0,222700,1734.0
2022-12-28,1734.0,1736.0,1695.0,1723.0,317200,1723.0
2022-12-29,1697.0,1729.0,1690.0,1726.0,129900,1726.0
2022-12-30,1730.0,1760.0,1729.0,1736.0,42000,1736.0
2023-01-04,1721.0,1721.0,1681.0,1688.0,83500,1688.0
2023-01-05,1680.0,1687.0,1661.0,1661.0,51400,1661.0
2023-01-06,1660.0,1685.0,1655.0,1680.0,61700,1680.0
2023-01-10,1677.0,1699.0,1668.0,1668.0,26700,1668.0
2023-01-11,1677.0,1689.0,1673.0,1689.0,32200,1689.0
2023-01-12,1677.0,1685.0,1671.0,1681.0,20900,1681.0
2023-01-13,1681.0,1690.0,1658.0,1664.0,34600,1664.0
2023-01-16,1663.0,1675.0,1652.0,1668.0,46500,1668.0
2023-01-17,1670.0,1685.0,1667.0,1679.0,23700,1679.0
2023-01-18,1687.0,1711.0,1675.0,1711.0,39700,1711.0
2023-01-19,1710.0,1720.0,1699.0,1704.0,36800,1704.0
2023-01-20,1699.0,1723.0,1699.0,1723.0,13300,1723.0
2023-01-23,1735.0,1746.0,1728.0,1734.0,27500,1734.0
2023-01-24,1745.0,1764.0,1733.0,1759.0,32100,1759.0
2023-01-25,1752.0,1760.0,1745.0,1756.0,20800,1756.0
2023-01-26,1758.0,1759.0,1735.0,1738.0,21400,1738.0
2023-01-27,1743.0,1748.0,1734.0,1735.0,13100,1735.0
2023-01-30,1731.0,1746.0,1723.0,1733.0,39100,1733.0
2023-01-31,1731.0,1772.0,1731.0,1762.0,34300,1762.0
2023-02-01,1763.0,1770.0,1733.0,1733.0,12600,1733.0
2023-02-02,1747.0,1760.0,1738.0,1751.0,21400,1751.0
2023-02-03,1730.0,1730.0,1713.0,1726.0,18200,1726.0
2023-02-06,1719.0,1744.0,1708.0,1742.0,30500,1742.0
2023-02-07,1750.0,1757.0,1746.0,1747.0,8700,1747.0
2023-02-08,1751.0,1764.0,1750.0,1754.0,13900,1754.0
2023-02-09,1751.0,1763.0,1738.0,1758.0,24300,1758.0
2023-02-10,1720.0,1755.0,1720.0,1751.0,8600,1751.0
2023-02-13,1751.0,1755.0,1742.0,1751.0,7500,1751.0
2023-02-14,1767.0,1782.0,1767.0,1782.0,14800,1782.0
2023-02-15,1782.0,1782.0,1750.0,1764.0,77700,1764.0
2023-02-16,1790.0,1802.0,1718.0,1718.0,103400,1718.0
2023-02-17,1716.0,1716.0,1680.0,1696.0,55400,1696.0
2023-02-20,1707.0,1747.0,1706.0,1746.0,55000,1746.0
2023-02-21,1770.0,1804.0,1770.0,1801.0,83500,1801.0
2023-02-22,1801.0,1801.0,1752.0,1765.0,37000,1765.0
2023-02-24,1764.0,1797.0,1764.0,1792.0,36600,1792.0
2023-02-27,1792.0,1792.0,1771.0,1791.0,18600,1791.0
2023-02-28,1792.0,1792.0,1757.0,1762.0,51000,1762.0
2023-03-01,1760.0,1760.0,1731.0,1752.0,31500,1752.0
2023-03-02,1767.0,1770.0,1758.0,1763.0,18800,1763.0
2023-03-03,1776.0,1791.0,1764.0,1789.0,34700,1789.0
2023-03-06,1781.0,1818.0,1777.0,1810.0,38200,1810.0
2023-03-07,1810.0,1821.0,1804.0,1817.0,22900,1817.0
2023-03-08,1813.0,1824.0,1810.0,1816.0,21900,1816.0
2023-03-09,1825.0,1839.0,1821.0,1836.0,47900,1836.0
2023-03-10,1832.0,1851.0,1828.0,1851.0,59500,1851.0
2023-03-13,1842.0,1842.0,1757.0,1786.0,47500,1786.0
2023-03-14,1757.0,1759.0,1721.0,1739.0,53700,1739.0
2023-03-15,1740.0,1779.0,1740.0,1769.0,25400,1769.0
2023-03-16,1739.0,1747.0,1723.0,1742.0,23200,1742.0
2023-03-17,1756.0,1771.0,1756.0,1763.0,19100,1763.0
2023-03-20,1760.0,1770.0,1728.0,1728.0,36700,1728.0
2023-03-22,1768.0,1785.0,1757.0,1781.0,46900,1781.0
2023-03-23,1747.0,1782.0,1746.0,1770.0,22600,1770.0
2023-03-24,1757.0,1769.0,1748.0,1764.0,20600,1764.0
2023-03-27,1765.0,1784.0,1765.0,1780.0,51200,1780.0
2023-03-28,1797.0,1799.0,1786.0,1798.0,23000,1798.0
2023-03-29,1806.0,1826.0,1806.0,1819.0,53400,1819.0
2023-03-30,1829.0,1861.0,1825.0,1856.0,58800,1856.0
2023-03-31,1862.0,1870.0,1848.0,1856.0,30600,1856.0
2023-04-03,1870.0,1879.0,1841.0,1857.0,53600,1857.0
2023-04-04,1857.0,1860.0,1837.0,1857.0,47000,1857.0
2023-04-05,1841.0,1841.0,1790.0,1792.0,36200,1792.0
2023-04-06,1782.0,1802.0,1780.0,1788.0,38100,1788.0
2023-04-07,1788.0,1796.0,1773.0,1775.0,17700,1775.0
2023-04-10,1784.0,1788.0,1754.0,1758.0,22000,1758.0
2023-04-11,1758.0,1771.0,1752.0,1759.0,28900,1759.0
2023-04-12,1762.0,1786.0,1762.0,1785.0,15700,1785.0
2023-04-13,1782.0,1805.0,1771.0,1801.0,19900,1801.0
2023-04-14,1792.0,1829.0,1790.0,1819.0,33200,1819.0
2023-04-17,1820.0,1820.0,1793.0,1795.0,27700,1795.0
2023-04-18,1800.0,1825.0,1798.0,1819.0,15500,1819.0
2023-04-19,1800.0,1813.0,1792.0,1812.0,18600,1812.0
2023-04-20,1812.0,1812.0,1789.0,1790.0,11900,1790.0
2023-04-21,1790.0,1812.0,1779.0,1806.0,27000,1806.0
2023-04-24,1815.0,1827.0,1805.0,1813.0,15300,1813.0
2023-04-25,1830.0,1841.0,1801.0,1804.0,27300,1804.0
2023-04-26,1803.0,1803.0,1778.0,1780.0,12500,1780.0
2023-04-27,1780.0,1780.0,1753.0,1776.0,38000,1776.0
2023-04-28,1791.0,1813.0,1781.0,1813.0,26300,1813.0
2023-05-01,1828.0,1828.0,1810.0,1825.0,18800,1825.0
2023-05-02,1827.0,1827.0,1780.0,1789.0,23200,1789.0
2023-05-08,1794.0,1821.0,1789.0,1802.0,25900,1802.0
2023-05-09,1817.0,1848.0,1812.0,1841.0,27700,1841.0
2023-05-10,1826.0,1826.0,1790.0,1795.0,30400,1795.0
2023-05-11,1805.0,1805.0,1785.0,1791.0,24500,1791.0
2023-05-12,1773.0,1810.0,1755.0,1786.0,48500,1786.0
2023-05-15,1801.0,1817.0,1798.0,1810.0,46300,1810.0
2023-05-16,1822.0,1822.0,1787.0,1792.0,27400,1792.0
2023-05-17,1787.0,1804.0,1780.0,1797.0,17600,1797.0
2023-05-18,1809.0,1809.0,1783.0,1797.0,28000,1797.0
2023-05-19,1793.0,1812.0,1788.0,1800.0,23800,1800.0
2023-05-22,1789.0,1809.0,1788.0,1807.0,16300,1807.0
2023-05-23,1812.0,1812.0,1783.0,1796.0,22700,1796.0
2023-05-24,1801.0,1801.0,1778.0,1778.0,18200,1778.0
2023-05-25,1771.0,1778.0,1745.0,1757.0,36300,1757.0
2023-05-26,1762.0,1762.0,1713.0,1714.0,31900,1714.0
2023-05-29,1724.0,1726.0,1697.0,1698.0,34000,1698.0
2023-05-30,1695.0,1705.0,1654.0,1661.0,56900,1661.0
2023-05-31,1653.0,1674.0,1635.0,1645.0,88900,1645.0
2023-06-01,1646.0,1659.0,1629.0,1629.0,34300,1629.0
2023-06-02,1629.0,1672.0,1629.0,1671.0,21900,1671.0
2023-06-05,1697.0,1700.0,1671.0,1683.0,32700,1683.0
2023-06-06,1683.0,1687.0,1657.0,1677.0,29000,1677.0
2023-06-07,1678.0,1692.0,1650.0,1655.0,48200,1655.0
2023-06-08,1650.0,1678.0,1643.0,1663.0,49300,1663.0
2023-06-09,1677.0,1696.0,1657.0,1684.0,66500,1684.0
2023-06-12,1681.0,1691.0,1664.0,1667.0,16800,1667.0
2023-06-13,1667.0,1668.0,1652.0,1663.0,29300,1663.0
2023-06-14,1670.0,1684.0,1663.0,1678.0,26600,1678.0
2023-06-15,1676.0,1694.0,1670.0,1670.0,20000,1670.0
2023-06-16,1670.0,1675.0,1652.0,1652.0,45000,1652.0
2023-06-19,1656.0,1673.0,1650.0,1665.0,27000,1665.0
2023-06-20,1654.0,1654.0,1631.0,1642.0,20400,1642.0
2023-06-21,1638.0,1660.0,1638.0,1653.0,21800,1653.0
2023-06-22,1660.0,1674.0,1656.0,1661.0,14100,1661.0
2023-06-23,1670.0,1672.0,1646.0,1651.0,23300,1651.0
2023-06-26,1650.0,1660.0,1630.0,1640.0,14300,1640.0
2023-06-27,1620.0,1625.0,1605.0,1621.0,50500,1621.0
2023-06-28,1621.0,1646.0,1621.0,1646.0,45500,1646.0
2023-06-29,1653.0,1670.0,1649.0,1665.0,49400,1665.0
2023-06-30,1665.0,1665.0,1622.0,1629.0,34900,1629.0
2023-07-03,1643.0,1652.0,1623.0,1625.0,24400,1625.0
2023-07-04,1620.0,1620.0,1604.0,1609.0,31200,1609.0
2023-07-05,1609.0,1616.0,1601.0,1610.0,19600,1610.0
2023-07-06,1604.0,1616.0,1599.0,1607.0,28200,1607.0
2023-07-07,1608.0,1620.0,1600.0,1609.0,28000,1609.0
2023-07-10,1608.0,1624.0,1600.0,1605.0,35000,1605.0
2023-07-11,1617.0,1626.0,1612.0,1615.0,28400,1615.0
2023-07-12,1618.0,1635.0,1618.0,1629.0,23600,1629.0
2023-07-13,1629.0,1636.0,1625.0,1628.0,20400,1628.0
2023-07-14,1637.0,1645.0,1628.0,1637.0,29300,1637.0
2023-07-18,1639.0,1662.0,1639.0,1652.0,20400,1652.0
2023-07-19,1660.0,1666.0,1653.0,1664.0,33800,1664.0
2023-07-20,1666.0,1669.0,1644.0,1650.0,18200,1650.0
2023-07-21,1662.0,1662.0,1631.0,1635.0,40200,1635.0
2023-07-24,1675.0,1675.0,1630.0,1647.0,43600,1647.0
2023-07-25,1635.0,1644.0,1629.0,1634.0,21100,1634.0
2023-07-26,1634.0,1636.0,1615.0,1633.0,20500,1633.0
2023-07-27,1624.0,1635.0,1620.0,1624.0,37300,1624.0
2023-07-28,1614.0,1621.0,1597.0,1614.0,53100,1614.0
2023-07-31,1637.0,1637.0,1611.0,1616.0,23200,1616.0
2023-08-01,1616.0,1622.0,1596.0,1617.0,39300,1617.0
2023-08-02,1602.0,1611.0,1602.0,1607.0,37500,1607.0
2023-08-03,1598.0,1601.0,1584.0,1586.0,53100,1586.0
2023-08-04,1588.0,1591.0,1578.0,1586.0,20200,1586.0
2023-08-07,1592.0,1625.0,1592.0,1625.0,25100,1625.0
2023-08-08,1611.0,1641.0,1611.0,1635.0,33800,1635.0
2023-08-09,1640.0,1650.0,1633.0,1647.0,27400,1647.0
2023-08-10,1632.0,1676.0,1616.0,1670.0,51300,1670.0
2023-08-14,1678.0,1706.0,1660.0,1661.0,48700,1661.0
2023-08-15,1661.0,1667.0,1649.0,1658.0,18900,1658.0
2023-08-16,1652.0,1652.0,1632.0,1637.0,21400,1637.0
2023-08-17,1637.0,1637.0,1611.0,1615.0,76000,1615.0
2023-08-18,1607.0,1610.0,1584.0,1591.0,70600,1591.0
2023-08-21,1603.0,1616.0,1598.0,1604.0,26000,1604.0
2023-08-22,1603.0,1611.0,1599.0,1609.0,17600,1609.0
2023-08-23,1609.0,1634.0,1609.0,1627.0,14900,1627.0
2023-08-24,1621.0,1639.0,1619.0,1634.0,14700,1634.0
2023-08-25,1631.0,1631.0,1615.0,1618.0,16800,1618.0
2023-08-28,1624.0,1647.0,1624.0,1638.0,30100,1638.0
2023-08-29,1635.0,1647.0,1635.0,1646.0,30800,1646.0
2023-08-30,1645.0,1648.0,1627.0,1631.0,20400,1631.0
2023-08-31,1627.0,1649.0,1627.0,1638.0,26500,1638.0
2023-09-01,1640.0,1653.0,1628.0,1647.0,25000,1647.0
2023-09-04,1651.0,1692.0,1645.0,1687.0,68600,1687.0
2023-09-05,1693.0,1714.0,1684.0,1711.0,52800,1711.0
2023-09-06,1718.0,1726.0,1703.0,1722.0,32500,1722.0
2023-09-07,1728.0,1742.0,1727.0,1737.0,46700,1737.0
2023-09-08,1737.0,1742.0,1726.0,1732.0,57400,1732.0
2023-09-11,1772.0,1772.0,1742.0,1752.0,75800,1752.0
2023-09-12,1758.0,1791.0,1744.0,1787.0,36700,1787.0
2023-09-13,1780.0,1780.0,1746.0,1774.0,39300,1774.0
2023-09-14,1776.0,1794.0,1774.0,1790.0,22600,1790.0
2023-09-15,1792.0,1824.0,1782.0,1807.0,78000,1807.0
2023-09-19,1811.0,1815.0,1792.0,1812.0,30100,1812.0
2023-09-20,1810.0,1810.0,1751.0,1755.0,67700,1755.0
2023-09-21,1751.0,1766.0,1746.0,1750.0,31400,1750.0
2023-09-22,1737.0,1784.0,1737.0,1773.0,43200,1773.0
2023-09-25,1773.0,1788.0,1768.0,1777.0,24500,1777.0
2023-09-26,1778.0,1778.0,1750.0,1758.0,35400,1758.0
2023-09-27,1732.0,1772.0,1731.0,1768.0,70500,1768.0
2023-09-28,1749.0,1766.0,1737.0,1754.0,33500,1754.0
2023-09-29,1754.0,1758.0,1739.0,1746.0,40400,1746.0
2023-10-02,1752.0,1762.0,1735.0,1738.0,54100,1738.0
2023-10-03,1737.0,1741.0,1712.0,1716.0,51600,1716.0
2023-10-04,1689.0,1724.0,1684.0,1709.0,90900,1709.0
2023-10-05,1713.0,1755.0,1713.0,1755.0,63400,1755.0
2023-10-06,1761.0,1766.0,1746.0,1750.0,33500,1750.0
2023-10-10,1763.0,1774.0,1763.0,1763.0,19800,1763.0
2023-10-11,1765.0,1765.0,1727.0,1742.0,40200,1742.0
2023-10-12,1742.0,1756.0,1734.0,1751.0,30500,1751.0
2023-10-13,1736.0,1738.0,1715.0,1725.0,28600,1725.0
2023-10-16,1725.0,1747.0,1716.0,1735.0,40200,1735.0
2023-10-17,1740.0,1763.0,1740.0,1747.0,37900,1747.0
2023-10-18,1760.0,1760.0,1704.0,1729.0,32100,1729.0
2023-10-19,1732.0,1752.0,1721.0,1739.0,28500,1739.0
2023-10-20,1747.0,1756.0,1739.0,1747.0,31800,1747.0
2023-10-23,1725.0,1733.0,1703.0,1706.0,41900,1706.0
2023-10-24,1706.0,1722.0,1685.0,1707.0,63900,1707.0
2023-10-25,1712.0,1722.0,1696.0,1701.0,49300,1701.0
2023-10-26,1703.0,1718.0,1695.0,1702.0,41100,1702.0
2023-10-27,1703.0,1730.0,1703.0,1721.0,44200,1721.0
2023-10-30,1727.0,1727.0,1672.0,1678.0,30000,1678.0
2023-10-31,1674.0,1697.0,1671.0,1693.0,65500,1693.0
2023-11-01,1733.0,1754.0,1726.0,1744.0,88800,1744.0
2023-11-02,1750.0,1759.0,1730.0,1747.0,42500,1747.0
2023-11-06,1761.0,1764.0,1741.0,1746.0,61000,1746.0
2023-11-07,1758.0,1761.0,1740.0,1749.0,33400,1749.0
2023-11-08,1733.0,1734.0,1679.0,1685.0,89500,1685.0
2023-11-09,1680.0,1703.0,1677.0,1690.0,44600,1690.0
2023-11-10,1690.0,1700.0,1668.0,1695.0,134600,1695.0
2023-11-13,1701.0,1708.0,1653.0,1659.0,55400,1659.0
2023-11-14,1650.0,1672.0,1634.0,1658.0,62600,1658.0
2023-11-15,1660.0,1662.0,1647.0,1653.0,43300,1653.0
2023-11-16,1662.0,1707.0,1662.0,1696.0,75800,1696.0
2023-11-17,1697.0,1722.0,1697.0,1712.0,46200,1712.0
2023-11-20,1712.0,1719.0,1705.0,1705.0,27700,1705.0
2023-11-21,1705.0,1720.0,1696.0,1700.0,29800,1700.0
2023-11-22,1700.0,1708.0,1685.0,1688.0,32000,1688.0
2023-11-24,1688.0,1707.0,1688.0,1700.0,24400,1700.0
2023-11-27,1702.0,1710.0,1671.0,1671.0,58100,1671.0
2023-11-28,1671.0,1696.0,1671.0,1693.0,53900,1693.0
2023-11-29,1686.0,1695.0,1682.0,1685.0,52000,1685.0
2023-11-30,1680.0,1692.0,1668.0,1677.0,91700,1677.0
2023-12-01,1688.0,1703.0,1679.0,1686.0,54500,1686.0
2023-12-04,1681.0,1682.0,1667.0,1671.0,59700,1671.0
2023-12-05,1664.0,1677.0,1664.0,1666.0,42100,1666.0
2023-12-06,1668.0,1697.0,1668.0,1690.0,60100,1690.0
2023-12-07,1683.0,1684.0,1672.0,1673.0,47000,1673.0
2023-12-08,1659.0,1661.0,1642.0,1648.0,109800,1648.0
2023-12-11,1651.0,1661.0,1648.0,1660.0,79700,1660.0
2023-12-12,1655.0,1661.0,1649.0,1655.0,60700,1655.0
2023-12-13,1658.0,1674.0,1656.0,1663.0,56100,1663.0
2023-12-14,1664.0,1680.0,1651.0,1654.0,90700,1654.0
2023-12-15,1653.0,1657.0,1636.0,1645.0,133100,1645.0
2023-12-18,1628.0,1638.0,1608.0,1637.0,137400,1637.0
2023-12-19,1642.0,1654.0,1636.0,1638.0,97500,1638.0
2023-12-20,1642.0,1657.0,1642.0,1644.0,91800,1644.0
2023-12-21,1632.0,1647.0,1631.0,1640.0,136300,1640.0
2023-12-22,1637.0,1641.0,1623.0,1629.0,139000,1629.0
2023-12-25,1631.0,1634.0,1592.0,1592.0,303800,1592.0
2023-12-26,1604.0,1613.0,1589.0,1600.0,387000,1600.0
2023-12-27,1600.0,1622.0,1598.0,1621.0,328900,1621.0
2023-12-28,1600.0,1635.0,1600.0,1635.0,178100,1635.0
2023-12-29,1636.0,1643.0,1626.0,1638.0,44100,1638.0
2024-01-04,1638.0,1670.0,1623.0,1670.0,63800,1670.0
2024-01-05,1675.0,1687.0,1659.0,1685.0,74400,1685.0
2024-01-09,1686.0,1703.0,1682.0,1703.0,78700,1703.0
2024-01-10,1703.0,1717.0,1695.0,1706.0,72800,1706.0
2024-01-11,1720.0,1721.0,1694.0,1699.0,48100,1699.0
2024-01-12,1699.0,1702.0,1669.0,1673.0,46500,1673.0
2024-01-15,1677.0,1700.0,1677.0,1699.0,33500,1699.0
2024-01-16,1700.0,1705.0,1681.0,1683.0,35000,1683.0
2024-01-17,1691.0,1703.0,1680.0,1680.0,53000,1680.0
2024-01-18,1676.0,1696.0,1675.0,1681.0,31600,1681.0
2024-01-19,1685.0,1696.0,1669.0,1691.0,62400,1691.0
2024-01-22,1690.0,1704.0,1689.0,1700.0,74000,1700.0
2024-01-23,1698.0,1698.0,1676.0,1688.0,39100,1688.0
2024-01-24,1690.0,1703.0,1690.0,1697.0,48600,1697.0
2024-01-25,1683.0,1705.0,1683.0,1704.0,63100,1704.0
2024-01-26,1700.0,1703.0,1693.0,1694.0,70400,1694.0
2024-01-29,1694.0,1703.0,1694.0,1703.0,67800,1703.0
2024-01-30,1706.0,1715.0,1696.0,1697.0,63900,1697.0
2024-01-31,1695.0,1707.0,1693.0,1705.0,118300,1705.0
2024-02-01,1700.0,1774.0,1688.0,1759.0,133900,1759.0
2024-02-02,1743.0,1749.0,1726.0,1733.0,38600,1733.0
2024-02-05,1750.0,1760.0,1735.0,1758.0,33500,1758.0
2024-02-06,1758.0,1784.0,1758.0,1762.0,39700,1762.0
2024-02-07,1753.0,1790.0,1753.0,1787.0,37100,1787.0
2024-02-08,1775.0,1791.0,1742.0,1761.0,40500,1761.0
2024-02-09,1765.0,1785.0,1759.0,1760.0,35200,1760.0
2024-02-13,1768.0,1822.0,1763.0,1816.0,110000,1816.0
2024-02-14,1827.0,1834.0,1809.0,1830.0,110100,1830.0
2024-02-15,1870.0,1887.0,1845.0,1866.0,344600,1866.0
2024-02-16,1706.0,1780.0,1702.0,1747.0,398300,1747.0
2024-02-19,1741.0,1809.0,1734.0,1800.0,133000,1800.0
2024-02-20,1812.0,1840.0,1806.0,1826.0,122000,1826.0
2024-02-21,1826.0,1846.0,1796.0,1829.0,87300,1829.0
2024-02-22,1842.0,1849.0,1802.0,1809.0,113000,1809.0
2024-02-26,1819.0,1850.0,1815.0,1822.0,95000,1822.0
2024-02-27,1806.0,1830.0,1790.0,1824.0,66900,1824.0
2024-02-28,1827.0,1839.0,1814.0,1830.0,73500,1830.0
2024-02-29,1833.0,1840.0,1790.0,1798.0,122800,1798.0
2024-03-01,1798.0,1798.0,1754.0,1761.0,65300,1761.0
2024-03-04,1766.0,1805.0,1765.0,1803.0,99300,1803.0
2024-03-05,1778.0,1784.0,1758.0,1777.0,56800,1777.0
2024-03-06,1762.0,1775.0,1757.0,1762.0,34500,1762.0
2024-03-07,1763.0,1763.0,1732.0,1740.0,41100,1740.0
2024-03-08,1739.0,1784.0,1734.0,1776.0,53300,1776.0
2024-03-11,1768.0,1786.0,1745.0,1771.0,58500,1771.0
2024-03-12,1761.0,1772.0,1742.0,1772.0,38200,1772.0
2024-03-13,1775.0,1777.0,1749.0,1755.0,27200,1755.0
2024-03-14,1751.0,1790.0,1751.0,1787.0,39900,1787.0
2024-03-15,1773.0,1803.0,1767.0,1803.0,50000,1803.0
2024-03-18,1816.0,1823.0,1802.0,1819.0,45800,1819.0
2024-03-19,1824.0,1842.0,1802.0,1842.0,30300,1842.0
2024-03-21,1866.0,1922.0,1866.0,1903.0,124900,1903.0
2024-03-22,1903.0,1903.0,1877.0,1885.0,49700,1885.0
2024-03-25,1879.0,1881.0,1855.0,1864.0,64100,1864.0
2024-03-26,1856.0,1876.0,1851.0,1870.0,31100,1870.0
2024-03-27,1898.0,1903.0,1874.0,1889.0,64000,1889.0
2024-03-28,1919.0,1941.0,1898.0,1917.0,105900,1917.0
2024-03-29,1912.0,1945.0,1901.0,1940.0,82700,1940.0
2024-04-01,1950.0,1950.0,1848.0,1858.0,98500,1858.0
2024-04-02,1867.0,1878.0,1838.0,1851.0,71200,1851.0
2024-04-03,1824.0,1842.0,1821.0,1832.0,35800,1832.0
2024-04-04,1832.0,1868.0,1827.0,1858.0,60500,1858.0
2024-04-05,1845.0,1880.0,1842.0,1869.0,50400,1869.0
2024-04-08,1870.0,1877.0,1848.0,1862.0,31600,1862.0
2024-04-09,1862.0,1890.0,1855.0,1882.0,24800,1882.0
2024-04-10,1882.0,1914.0,1867.0,1903.0,109700,1903.0
2024-04-11,1903.0,1983.0,1889.0,1957.0,72100,1957.0
2024-04-12,1957.0,1997.0,1951.0,1973.0,158500,1973.0
2024-04-15,1958.0,1971.0,1945.0,1958.0,58900,1958.0
2024-04-16,1937.0,1941.0,1879.0,1895.0,72600,1895.0
2024-04-17,1890.0,1919.0,1837.0,1856.0,59500,1856.0
2024-04-18,1860.0,1860.0,1829.0,1829.0,22000,1829.0
2024-04-19,1822.0,1855.0,1812.0,1826.0,98400,1826.0
2024-04-22,1823.0,1839.0,1816.0,1830.0,19600,1830.0
2024-04-23,1832.0,1845.0,1828.0,1839.0,12100,1839.0
2024-04-24,1850.0,1875.0,1840.0,1863.0,40300,1863.0
2024-04-25,1877.0,1877.0,1813.0,1836.0,83600,1836.0
2024-04-26,1836.0,1865.0,1815.0,1858.0,67700,1858.0
2024-04-30,1869.0,1932.0,1869.0,1930.0,84000,1930.0
2024-05-01,1850.0,1873.0,1849.0,1868.0,66100,1868.0
2024-05-02,1864.0,1880.0,1853.0,1875.0,12200,1875.0
2024-05-07,1880.0,1917.0,1877.0,1893.0,26300,1893.0
2024-05-08,1884.0,1918.0,1873.0,1878.0,88900,1878.0
2024-05-09,1918.0,1930.0,1898.0,1913.0,31200,1913.0
2024-05-10,1920.0,1939.0,1910.0,1922.0,35100,1922.0
2024-05-13,1923.0,1954.0,1915.0,1946.0,60700,1946.0
2024-05-14,1872.0,1908.0,1854.0,1873.0,42300,1873.0
2024-05-15,1892.0,1893.0,1873.0,1882.0,19600,1882.0
2024-05-16,1882.0,1882.0,1834.0,1835.0,31600,1835.0
2024-05-17,1847.0,1855.0,1826.0,1850.0,25100,1850.0
2024-05-20,1850.0,1897.0,1850.0,1888.0,37400,1888.0
2024-05-21,1898.0,1937.0,1896.0,1908.0,31700,1908.0
2024-05-22,1897.0,1908.0,1869.0,1881.0,41200,1881.0
2024-05-23,1898.0,1924.0,1877.0,1917.0,32800,1917.0
2024-05-24,1901.0,1949.0,1901.0,1928.0,68200,1928.0
2024-05-27,1933.0,1963.0,1915.0,1956.0,59900,1956.0
2024-05-28,1956.0,1983.0,1951.0,1965.0,29800,1965.0
2024-05-29,1973.0,2009.0,1969.0,1977.0,36900,1977.0
2024-05-30,1979.0,2052.0,1976.0,2048.0,81400,2048.0
2024-05-31,2044.0,2070.0,1957.0,2070.0,98700,2070.0
2024-06-03,2070.0,2142.0,2069.0,2101.0,87400,2101.0
2024-06-04,2097.0,2124.0,2086.0,2093.0,77300,2093.0
2024-06-05,2085.0,2114.0,2053.0,2100.0,48700,2100.0
2024-06-06,2101.0,2115.0,2074.0,2094.0,21100,2094.0
2024-06-07,2090.0,2102.0,2039.0,2078.0,32000,2078.0
2024-06-10,2067.0,2141.0,2066.0,2140.0,45600,2140.0
2024-06-11,2137.0,2175.0,2137.0,2160.0,25700,2160.0
2024-06-12,2145.0,2190.0,2145.0,2164.0,54400,2164.0
2024-06-13,2166.0,2183.0,2141.0,2146.0,56200,2146.0
2024-06-14,2139.0,2183.0,2097.0,2100.0,113000,2100.0
2024-06-17,2093.0,2113.0,2040.0,2056.0,91900,2056.0
2024-06-18,2067.0,2129.0,2056.0,2096.0,71800,2096.0
2024-06-19,2104.0,2118.0,2077.0,2089.0,37400,2089.0
2024-06-20,2086.0,2120.0,2086.0,2117.0,24100,2117.0
2024-06-21,2150.0,2174.0,2111.0,2120.0,38300,2120.0
2024-06-24,2170.0,2179.0,2126.0,2152.0,36200,2152.0
2024-06-25,2154.0,2226.0,2154.0,2216.0,84100,2216.0
2024-06-26,2228.0,2233.0,2185.0,2188.0,70100,2188.0
2024-06-27,2187.0,2200.0,2167.0,2186.0,62800,2186.0
2024-06-28,2190.0,2200.0,2147.0,2159.0,39200,2159.0
2024-07-01,2171.0,2185.0,2142.0,2150.0,26600,2150.0
2024-07-02,2154.0,2188.0,2142.0,2178.0,32500,2178.0
2024-07-03,2152.0,2214.0,2135.0,2150.0,29300,2150.0
2024-07-04,2170.0,2170.0,2135.0,2150.0,29500,2150.0
2024-07-05,2150.0,2157.0,2134.0,2136.0,18600,2136.0
2024-07-08,2148.0,2157.0,2079.0,2085.0,52500,2085.0
2024-07-09,2084.0,2099.0,2047.0,2079.0,21000,2079.0
2024-07-10,2066.0,2066.0,2008.0,2034.0,50700,2034.0
2024-07-11,2059.0,2117.0,2015.0,2038.0,27400,2038.0
2024-07-12,2038.0,2068.0,2014.0,2021.0,28300,2021.0
2024-07-16,2040.0,2104.0,2040.0,2093.0,26100,2093.0
2024-07-17,2099.0,2118.0,2066.0,2077.0,22700,2077.0
2024-07-18,2059.0,2081.0,2033.0,2043.0,19600,2043.0
2024-07-19,2035.0,2045.0,2003.0,2022.0,21200,2022.0
2024-07-22,2014.0,2014.0,1964.0,1979.0,19400,1979.0
2024-07-23,1984.0,2018.0,1982.0,2018.0,20400,2018.0
2024-07-24,2011.0,2040.0,2011.0,2013.0,14800,2013.0
2024-07-25,2016.0,2060.0,2006.0,2027.0,51100,2027.0
2024-07-26,2027.0,2072.0,2027.0,2051.0,25400,2051.0
2024-07-29,2067.0,2093.0,2065.0,2088.0,20300,2088.0
2024-07-30,2099.0,2100.0,2027.0,2053.0,67500,2053.0
2024-07-31,2053.0,2099.0,2049.0,2099.0,36000,2099.0
2024-08-01,2071.0,2088.0,2042.0,2072.0,58700,2072.0
2024-08-02,2006.0,2027.0,1967.0,1979.0,91500,1979.0
2024-08-05,1867.0,1874.0,1755.0,1840.0,87900,1840.0
2024-08-06,1860.0,1935.0,1853.0,1883.0,69300,1883.0
2024-08-07,1850.0,1961.0,1850.0,1893.0,71500,1893.0
2024-08-08,1872.0,1910.0,1851.0,1859.0,89400,1859.0
2024-08-09,1890.0,1945.0,1870.0,1926.0,53600,1926.0
2024-08-13,1948.0,2024.0,1940.0,2016.0,32300,2016.0
2024-08-14,2016.0,2060.0,2012.0,2041.0,48000,2041.0
2024-08-15,2051.0,2075.0,2041.0,2075.0,38900,2075.0
2024-08-16,2098.0,2113.0,2065.0,2097.0,45300,2097.0
2024-08-19,2086.0,2117.0,2082.0,2100.0,37000,2100.0
2024-08-20,2117.0,2130.0,2099.0,2130.0,23200,2130.0
2024-08-21,2107.0,2147.0,2107.0,2139.0,43600,2139.0
2024-08-22,2139.0,2158.0,2087.0,2131.0,38400,2131.0
2024-08-23,2126.0,2155.0,2114.0,2150.0,27300,2150.0
2024-08-26,2150.0,2159.0,2118.0,2146.0,97000,2146.0
2024-08-27,2129.0,2154.0,2107.0,2128.0,75500,2128.0
2024-08-28,2128.0,2147.0,2090.0,2105.0,21300,2105.0
2024-08-29,2095.0,2133.0,2073.0,2089.0,31300,2089.0
2024-08-30,2076.0,2076.0,2031.0,2060.0,86500,2060.0
2024-09-02,2099.0,2100.0,2022.0,2026.0,31800,2026.0
2024-09-03,2040.0,2089.0,2036.0,2066.0,24600,2066.0
2024-09-04,2032.0,2047.0,1966.0,1980.0,20200,1980.0
2024-09-05,1970.0,2000.0,1947.0,1977.0,21000,1977.0
2024-09-06,1977.0,1985.0,1949.0,1957.0,35900,1957.0
2024-09-09,1951.0,2005.0,1945.0,1988.0,25300,1988.0
2024-09-10,1986.0,2011.0,1967.0,1967.0,10200,1967.0
2024-09-11,1965.0,1970.0,1932.0,1947.0,20000,1947.0
2024-09-12,1987.0,2034.0,1983.0,2030.0,45200,2030.0
2024-09-13,2012.0,2023.0,1980.0,1987.0,38000,1987.0
2024-09-17,2015.0,2015.0,1990.0,2015.0,18900,2015.0
2024-09-18,2032.0,2038.0,2004.0,2035.0,31200,2035.0
2024-09-19,2048.0,2050.0,2022.0,2042.0,20600,2042.0
2024-09-20,2063.0,2080.0,2036.0,2059.0,65000,2059.0
2024-09-24,2109.0,2109.0,2028.0,2058.0,21400,2058.0
2024-09-25,2067.0,2067.0,2038.0,2050.0,23900,2050.0
2024-09-26,2061.0,2127.0,2053.0,2111.0,54800,2111.0
2024-09-27,2099.0,2130.0,2084.0,2085.0,46400,2085.0
2024-09-30,2035.0,2085.0,2035.0,2061.0,27200,2061.0
2024-10-01,2081.0,2106.0,2079.0,2089.0,12500,2089.0
2024-10-02,2089.0,2119.0,2057.0,2064.0,22100,2064.0
2024-10-03,2101.0,2111.0,2085.0,2089.0,6900,2089.0
2024-10-04,2085.0,2120.0,2085.0,2113.0,12000,2113.0
2024-10-07,2148.0,2148.0,2091.0,2093.0,19600,2093.0
2024-10-08,2064.0,2092.0,2051.0,2065.0,12600,2065.0
2024-10-09,2068.0,2082.0,2033.0,2058.0,30300,2058.0
2024-10-10,2065.0,2077.0,2052.0,2074.0,14100,2074.0
2024-10-11,2074.0,2080.0,2044.0,2049.0,16300,2049.0
2024-10-15,2050.0,2093.0,2050.0,2070.0,17700,2070.0
2024-10-16,2055.0,2094.0,2055.0,2071.0,15600,2071.0
2024-10-17,2071.0,2077.0,2035.0,2036.0,14400,2036.0
2024-10-18,2030.0,2046.0,1993.0,2015.0,21400,2015.0
2024-10-21,2014.0,2025.0,2005.0,2005.0,6200,2005.0
2024-10-22,2001.0,2006.0,1976.0,1983.0,14200,1983.0
2024-10-23,1982.0,1986.0,1950.0,1964.0,31800,1964.0
2024-10-24,1952.0,1982.0,1952.0,1973.0,19300,1973.0
2024-10-25,1971.0,1990.0,1951.0,1979.0,22500,1979.0
2024-10-28,1981.0,2011.0,1981.0,1997.0,18200,1997.0
2024-10-29,2000.0,2016.0,2000.0,2003.0,13100,2003.0
2024-10-30,2003.0,2033.0,1990.0,1999.0,77300,1999.0
2024-10-31,2000.0,2020.0,1971.0,2000.0,63200,2000.0
2024-11-01,1985.0,2002.0,1960.0,1960.0,20400,1960.0
2024-11-05,1989.0,2010.0,1975.0,1987.0,10600,1987.0
2024-11-06,2007.0,2035.0,2006.0,2015.0,17100,2015.0
2024-11-07,2024.0,2043.0,2009.0,2028.0,18500,2028.0
2024-11-08,2047.0,2059.0,2020.0,2035.0,22100,2035.0
2024-11-11,2030.0,2065.0,2030.0,2045.0,33200,2045.0
2024-11-12,2000.0,2005.0,1941.0,1958.0,115800,1958.0
2024-11-13,1960.0,1970.0,1938.0,1946.0,38200,1946.0
2024-11-14,1946.0,1964.0,1923.0,1947.0,29400,1947.0
2024-11-15,1952.0,1974.0,1950.0,1974.0,35200,1974.0
2024-11-18,1974.0,1986.0,1960.0,1972.0,12600,1972.0
2024-11-19,1965.0,1999.0,1965.0,1989.0,22800,1989.0
2024-11-20,1989.0,2009.0,1989.0,1993.0,11300,1993.0
2024-11-21,1993.0,2029.0,1993.0,2019.0,18100,2019.0
2024-11-22,2019.0,2056.0,2019.0,2030.0,17600,2030.0
2024-11-25,2032.0,2044.0,2015.0,2015.0,50600,2015.0
2024-11-26,2012.0,2032.0,2002.0,2004.0,12700,2004.0
2024-11-27,2006.0,2014.0,1988.0,1995.0,26500,1995.0
2024-11-28,1989.0,2013.0,1989.0,2003.0,22000,2003.0
2024-11-29,2005.0,2019.0,1980.0,1980.0,32300,1980.0
2024-12-02,1985.0,2004.0,1985.0,1992.0,22800,1992.0
2024-12-03,2000.0,2037.0,2000.0,2014.0,34800,2014.0
2024-12-04,2001.0,2038.0,1995.0,1995.0,23800,1995.0
2024-12-05,2002.0,2021.0,1984.0,1994.0,41800,1994.0
2024-12-06,1998.0,2007.0,1984.0,2000.0,27300,2000.0
2024-12-09,1996.0,2007.0,1982.0,1982.0,47900,1982.0
2024-12-10,1985.0,1988.0,1922.0,1943.0,85100,1943.0
2024-12-11,1932.0,1940.0,1917.0,1933.0,62100,1933.0
2024-12-12,1944.0,1956.0,1935.0,1940.0,71400,1940.0
2024-12-13,1931.0,1955.0,1919.0,1929.0,80400,1929.0
2024-12-16,1922.0,1933.0,1913.0,1917.0,73300,1917.0
2024-12-17,1922.0,1933.0,1914.0,1919.0,48000,1919.0
2024-12-18,1918.0,1922.0,1881.0,1894.0,75000,1894.0
2024-12-19,1850.0,1898.0,1850.0,1875.0,93100,1875.0
2024-12-20,1881.0,1890.0,1863.0,1863.0,127500,1863.0
2024-12-23,1874.0,1888.0,1871.0,1885.0,152100,1885.0
2024-12-24,1881.0,1884.0,1864.0,1871.0,149000,1871.0
2024-12-25,1851.0,1876.0,1851.0,1875.0,199600,1875.0
2024-12-26,1860.0,1900.0,1860.0,1890.0,511700,1890.0
2024-12-27,1845.0,1918.0,1845.0,1913.0,183800,1913.0
2024-12-30,1913.0,2003.0,1913.0,1991.0,104700,1991.0
2025-01-06,1994.0,2035.0,1991.0,2013.0,113800,2013.0
2025-01-07,1998.0,2008.0,1926.0,1939.0,68600,1939.0
2025-01-08,1928.0,1960.0,1912.0,1939.0,53300,1939.0
2025-01-09,1932.0,1960.0,1932.0,1935.0,42300,1935.0
2025-01-10,1935.0,1976.0,1934.0,1968.0,61900,1968.0
2025-01-14,1976.0,1976.0,1917.0,1947.0,48300,1947.0
2025-01-15,1947.0,2005.0,1947.0,2005.0,66100,2005.0
2025-01-16,2005.0,2005.0,1956.0,1981.0,59500,1981.0
2025-01-17,1968.0,1989.0,1932.0,1955.0,87200,1955.0
2025-01-20,1978.0,1992.0,1963.0,1974.0,58800,1974.0
2025-01-21,1997.0,2002.0,1978.0,2000.0,38400,2000.0
2025-01-22,2000.0,2016.0,1993.0,2006.0,43600,2006.0
2025-01-23,2003.0,2016.0,1991.0,2008.0,43000,2008.0
2025-01-24,1981.0,2035.0,1980.0,2008.0,34800,2008.0
2025-01-27,2008.0,2033.0,2008.0,2023.0,59900,2023.0
2025-01-28,2007.0,2052.0,2007.0,2038.0,67400,2038.0
2025-01-29,2000.0,2046.0,2000.0,2046.0,91700,2046.0
2025-01-30,2021.0,2059.0,2018.0,2055.0,132500,2055.0
2025-01-31,2060.0,2074.0,2047.0,2072.0,62500,2072.0
2025-02-03,2062.0,2079.0,2020.0,2023.0,71000,2023.0
2025-02-04,2038.0,2043.0,2011.0,2030.0,45400,2030.0
2025-02-05,2041.0,2045.0,2019.0,2019.0,41700,2019.0
2025-02-06,2026.0,2040.0,2012.0,2012.0,29800,2012.0
2025-02-07,2012.0,2025.0,1990.0,1998.0,42200,1998.0
2025-02-10,1998.0,2000.0,1974.0,1974.0,31900,1974.0
2025-02-12,1984.0,1984.0,1939.0,1965.0,119100,1965.0
2025-02-13,2005.0,2023.0,1983.0,2000.0,65200,2000.0
2025-02-14,2000.0,2013.0,1988.0,2005.0,93200,2005.0
2025-02-17,2005.0,2083.0,2005.0,2050.0,97800,2050.0
2025-02-18,2051.0,2068.0,1973.0,2000.0,114300,2000.0
2025-02-19,1980.0,2009.0,1980.0,2000.0,74300,2000.0
2025-02-20,1977.0,2003.0,1964.0,1965.0,92400,1965.0
2025-02-21,1956.0,1976.0,1919.0,1976.0,85900,1976.0
2025-02-25,1962.0,1970.0,1922.0,1945.0,87700,1945.0
2025-02-26,1930.0,1964.0,1924.0,1943.0,87000,1943.0
2025-02-27,1943.0,1974.0,1943.0,1961.0,47800,1961.0
2025-02-28,1963.0,2199.0,1962.0,2135.0,785400,2135.0
2025-03-03,2185.0,2233.0,2166.0,2233.0,231900,2233.0
2025-03-04,2238.0,2239.0,2190.0,2212.0,134600,2212.0
2025-03-05,2220.0,2340.0,2220.0,2335.0,159600,2335.0
2025-03-06,2340.0,2376.0,2335.0,2364.0,111900,2364.0
2025-03-07,2364.0,2397.0,2342.0,2370.0,77700,2370.0
2025-03-10,2370.0,2370.0,2310.0,2310.0,44500,2310.0
2025-03-11,2289.0,2295.0,2216.0,2260.0,61200,2260.0
2025-03-12,2259.0,2299.0,2259.0,2269.0,75200,2269.0
2025-03-13,2262.0,2310.0,2260.0,2281.0,64300,2281.0
2025-03-14,2284.0,2290.0,2215.0,2222.0,67800,2222.0
2025-03-17,2222.0,2273.0,2215.0,2241.0,47300,2241.0
2025-03-18,2267.0,2346.0,2262.0,2319.0,87800,2319.0
2025-03-19,2285.0,2370.0,2285.0,2342.0,42800,2342.0
2025-03-21,2350.0,2355.0,2297.0,2297.0,45500,2297.0
2025-03-24,2300.0,2300.0,2260.0,2270.0,21800,2270.0
2025-03-25,2272.0,2296.0,2261.0,2286.0,39800,2286.0
2025-03-26,2290.0,2301.0,2268.0,2285.0,37000,2285.0
2025-03-27,2285.0,2306.0,2267.0,2295.0,44400,2295.0
2025-03-28,2289.0,2289.0,2248.0,2256.0,36300,2256.0
2025-03-31,2224.0,2231.0,2198.0,2210.0,40100,2210.0
2025-04-01,2210.0,2234.0,2200.0,2205.0,26400,2205.0
2025-04-02,2224.0,2255.0,2173.0,2194.0,51800,2194.0
2025-04-03,2102.0,2122.0,2086.0,2108.0,56500,2108.0
2025-04-04,2058.0,2067.0,1995.0,2038.0,64100,2038.0
2025-04-07,1889.0,1955.0,1851.0,1904.0,70700,1904.0
2025-04-08,1984.0,2027.0,1953.0,2017.0,63100,2017.0
2025-04-09,1967.0,1995.0,1937.0,1964.0,38900,1964.0
2025-04-10,2098.0,2098.0,2016.0,2036.0,26900,2036.0
2025-04-11,1995.0,2046.0,1952.0,2039.0,32700,2039.0
2025-04-14,2071.0,2143.0,2059.0,2122.0,45100,2122.0
2025-04-15,2122.0,2167.0,2087.0,2141.0,55700,2141.0
2025-04-16,2158.0,2158.0,2084.0,2090.0,15500,2090.0
2025-04-17,2086.0,2140.0,2086.0,2134.0,35900,2134.0
2025-04-18,2126.0,2163.0,2126.0,2157.0,16400,2157.0
2025-04-21,2148.0,2167.0,2118.0,2118.0,16800,2118.0
2025-04-22,2121.0,2157.0,2121.0,2147.0,15300,2147.0
2025-04-23,2178.0,2190.0,2156.0,2157.0,20500,2157.0
2025-04-24,2174.0,2193.0,2156.0,2159.0,16600,2159.0
2025-04-25,2164.0,2213.0,2162.0,2175.0,44100,2175.0
2025-04-28,2206.0,2221.0,2179.0,2183.0,19900,2183.0
2025-04-30,2198.0,2201.0,2133.0,2155.0,33400,2155.0
2025-05-01,2157.0,2165.0,2104.0,2120.0,27600,2120.0
2025-05-02,2109.0,2150.0,2084.0,2123.0,26400,2123.0
2025-05-07,2104.0,2224.0,2050.0,2166.0,87500,2166.0
2025-05-08,2166.0,2166.0,2117.0,2144.0,21200,2144.0
2025-05-09,2169.0,2247.0,2100.0,2172.0,108400,2172.0
2025-05-12,2173.0,2200.0,2170.0,2192.0,17300,2192.0
2025-05-13,2205.0,2244.0,2193.0,2221.0,24800,2221.0
2025-05-14,2250.0,2293.0,2179.0,2194.0,30800,2194.0
2025-05-15,2165.0,2259.0,2115.0,2192.0,64900,2192.0
2025-05-16,2192.0,2238.0,2156.0,2221.0,52000,2221.0
2025-05-19,2218.0,2237.0,2173.0,2198.0,21100,2198.0
2025-05-20,2203.0,2218.0,2162.0,2191.0,34600,2191.0
2025-05-21,2178.0,2213.0,2165.0,2174.0,14500,2174.0
2025-05-22,2160.0,2174.0,2143.0,2147.0,18500,2147.0
2025-05-23,2173.0,2173.0,2151.0,2156.0,14700,2156.0
2025-05-26,2156.0,2175.0,2136.0,2145.0,11800,2145.0
2025-05-27,2145.0,2160.0,2120.0,2158.0,21800,2158.0
2025-05-28,2178.0,2193.0,2160.0,2171.0,21000,2171.0
2025-05-29,2189.0,2210.0,2181.0,2188.0,29000,2188.0
2025-05-30,2175.0,2209.0,2165.0,2192.0,21000,2192.0
2025-06-02,2181.0,2195.0,2133.0,2147.0,28100,2147.0
2025-06-03,2141.0,2149.0,2112.0,2145.0,48200,2145.0
2025-06-04,2150.0,2247.0,2150.0,2236.0,42900,2236.0
2025-06-05,2209.0,2236.0,2201.0,2214.0,19400,2214.0
2025-06-06,2214.0,2233.0,2211.0,2211.0,10100,2211.0
2025-06-09,2212.0,2234.0,2178.0,2193.0,18700,2193.0
2025-06-10,2200.0,2221.0,2163.0,2181.0,30300,2181.0
2025-06-11,2181.0,2222.0,2164.0,2203.0,22400,2203.0
2025-06-12,2203.0,2214.0,2176.0,2177.0,13900,2177.0
2025-06-13,2168.0,2232.0,2159.0,2208.0,35800,2208.0
2025-06-16,2208.0,2219.0,2189.0,2208.0,16200,2208.0
2025-06-17,2208.0,2277.0,2208.0,2259.0,16900,2259.0
2025-06-18,2229.0,2230.0,2190.0,2216.0,34000,2216.0
2025-06-19,2235.0,2270.0,2221.0,2244.0,23300,2244.0
2025-06-20,2229.0,2249.0,2213.0,2222.0,27000,2222.0
2025-06-23,2225.0,2235.0,2203.0,2222.0,20100,2222.0
2025-06-24,2250.0,2295.0,2250.0,2264.0,27900,2264.0
2025-06-25,2278.0,2280.0,2254.0,2268.0,18200,2268.0
2025-06-26,2267.0,2329.0,2267.0,2298.0,49200,2298.0
2025-06-27,2313.0,2346.0,2298.0,2325.0,27900,2325.0
2025-06-30,2339.0,2354.0,2302.0,2308.0,18100,2308.0
2025-07-01,2320.0,2348.0,2313.0,2313.0,20600,2313.0
2025-07-02,2295.0,2363.0,2278.0,2352.0,29700,2352.0
2025-07-03,2366.0,2392.0,2297.0,2339.0,29000,2339.0
2025-07-04,2340.0,2424.0,2340.0,2405.0,50300,2405.0
2025-07-07,2440.0,2497.0,2413.0,2448.0,62500,2448.0
2025-07-08,2471.0,2479.0,2390.0,2390.0,52600,2390.0
2025-07-09,2430.0,2530.0,2417.0,2514.0,83700,2514.0
2025-07-10,2502.0,2526.0,2437.0,2437.0,62800,2437.0
2025-07-11,2456.0,2546.0,2443.0,2476.0,61000,2476.0
2025-07-14,2490.0,2536.0,2490.0,2507.0,46200,2507.0
2025-07-15,2550.0,2569.0,2500.0,2526.0,40200,2526.0
2025-07-16,2535.0,2585.0,2535.0,2552.0,54100,2552.0
2025-07-17,2575.0,2577.0,2555.0,2570.0,50500,2570.0
2025-07-18,2565.0,2570.0,2540.0,2540.0,60700,2540.0
2025-07-22,2563.0,2605.0,2554.0,2571.0,49000,2571.0
2025-07-23,2583.0,2600.0,2528.0,2584.0,90200,2584.0
2025-07-24,2619.0,2658.0,2587.0,2643.0,94300,2643.0
2025-07-25,2643.0,2647.0,2595.0,2613.0,33300,2613.0
2025-07-28,2638.0,2644.0,2601.0,2604.0,35000,2604.0
2025-07-29,2606.0,2632.0,2595.0,2622.0,41600,2622.0
2025-07-30,2645.0,2653.0,2574.0,2574.0,253800,2574.0
2025-07-31,2593.0,2642.0,2580.0,2619.0,46400,2619.0
2025-08-01,2622.0,2641.0,2600.0,2636.0,27500,2636.0
2025-08-04,2601.0,2641.0,2587.0,2622.0,46600,2622.0
2025-08-05,2639.0,2683.0,2639.0,2668.0,63800,2668.0
2025-08-06,2661.0,2718.0,2661.0,2718.0,50900,2718.0
2025-08-07,2718.0,2744.0,2705.0,2729.0,36200,2729.0
2025-08-08,2732.0,2782.0,2728.0,2766.0,47000,2766.0
2025-08-12,2799.0,2799.0,2739.0,2741.0,44000,2741.0
2025-08-13,2787.0,2803.0,2745.0,2771.0,138400,2771.0
2025-08-14,2728.0,2771.0,2680.0,2730.0,54600,2730.0
2025-08-15,2752.0,2761.0,2703.0,2745.0,50800,2745.0
2025-08-18,2757.0,2781.0,2745.0,2771.0,30400,2771.0
2025-08-19,2770.0,2790.0,2748.0,2769.0,51800,2769.0
2025-08-20,2761.0,2771.0,2739.0,2760.0,22900,2760.0
2025-08-21,2759.0,2784.0,2742.0,2770.0,22800,2770.0
2025-08-22,2767.0,2780.0,2750.0,2780.0,22000,2780.0
2025-08-25,2785.0,2789.0,2757.0,2780.0,38200,2780.0
2025-08-26,2780.0,2780.0,2746.0,2760.0,27500,2760.0
2025-08-27,2770.0,2770.0,2751.0,2766.0,26300,2766.0
2025-08-28,2769.0,2787.0,2748.0,2756.0,18900,2756.0
2025-08-29,2756.0,2780.0,2740.0,2768.0,14900,2768.0
2025-09-01,2770.0,2788.0,2738.0,2759.0,25200,2759.0
2025-09-02,2769.0,2769.0,2733.0,2737.0,11400,2737.0
2025-09-03,2743.0,2780.0,2741.0,2769.0,27800,2769.0
2025-09-04,2755.0,2777.0,2739.0,2777.0,22300,2777.0
2025-09-05,2806.0,2832.0,2791.0,2810.0,108800,2810.0
2025-09-08,2814.0,2889.0,2809.0,2880.0,57200,2880.0
2025-09-09,2881.0,2927.0,2861.0,2877.0,47200,2877.0
2025-09-10,2911.0,2944.0,2877.0,2877.0,29800,2877.0
2025-09-11,2877.0,2888.0,2851.0,2860.0,16200,2860.0
2025-09-12,2867.0,2867.0,2800.0,2836.0,47500,2836.0
2025-09-16,2839.0,2850.0,2811.0,2840.0,32200,2840.0
2025-09-17,2838.0,2838.0,2783.0,2812.0,20900,2812.0
2025-09-18,2825.0,2825.0,2790.0,2809.0,35700,2809.0
2025-09-19,2825.0,2899.0,2808.0,2899.0,113400,2899.0
2025-09-22,2895.0,2895.0,2856.0,2868.0,26500,2868.0
2025-09-24,2880.0,2880.0,2835.0,2841.0,24200,2841.0
2025-09-25,2841.0,2862.0,2840.0,2858.0,29400,2858.0
2025-09-26,2864.0,2881.0,2850.0,2874.0,31000,2874.0
2025-09-29,2874.0,2874.0,2812.0,2840.0,36700,2840.0
2025-09-30,2831.0,2831.0,2793.0,2818.0,28000,2818.0
2025-10-01,2801.0,2801.0,2708.0,2735.0,59400,2735.0
2025-10-02,2735.0,2744.0,2693.0,2707.0,48600,2707.0
2025-10-03,2709.0,2740.0,2693.0,2739.0,22700,2739.0
2025-10-06,2789.0,2789.0,2727.0,2762.0,54700,2762.0
2025-10-07,2755.0,2790.0,2744.0,2762.0,45000,2762.0
2025-10-08,2745.0,2772.0,2717.0,2720.0,58600,2720.0
2025-10-09,2701.0,2746.0,2691.0,2746.0,39800,2746.0
2025-10-10,2699.0,2707.0,2670.0,2676.0,41700,2676.0
2025-10-14,2626.0,2687.0,2610.0,2645.0,40100,2645.0
2025-10-15,2670.0,2709.0,2660.0,2693.0,14900,2693.0
2025-10-16,2693.0,2700.0,2669.0,2677.0,18000,2677.0
2025-10-17,2674.0,2677.0,2649.0,2649.0,17500,2649.0
2025-10-20,2672.0,2705.0,2651.0,2702.0,15200,2702.0
2025-10-21,2705.0,2742.0,2686.0,2694.0,25500,2694.0
2025-10-22,2686.0,2721.0,2686.0,2716.0,11000,2716.0
2025-10-23,2715.0,2750.0,2706.0,2736.0,17500,2736.0
2025-10-24,2736.0,2736.0,2706.0,2711.0,9600,2711.0
2025-10-27,2760.0,2792.0,2757.0,2775.0,21900,2775.0
2025-10-28,2775.0,2776.0,2716.0,2720.0,43300,2720.0
2025-10-29,2721.0,2734.0,2651.0,2655.0,39700,2655.0
2025-10-30,2669.0,2681.0,2644.0,2647.0,33500,2647.0
2025-10-31,2650.0,2671.0,2622.0,2660.0,36800,2660.0
2025-11-04,2660.0,2682.0,2631.0,2650.0,49700,2650.0
2025-11-05,2617.0,2644.0,2583.0,2630.0,37000,2630.0
2025-11-06,2651.0,2678.0,2639.0,2660.0,19800,2660.0
2025-11-07,2640.0,2659.0,2620.0,2659.0,24300,2659.0
2025-11-10,2681.0,2707.0,2677.0,2707.0,12800,2707.0
2025-11-11,2722.0,2722.0,2664.0,2688.0,16500,2688.0
2025-11-12,2716.0,2766.0,2702.0,2727.0,19500,2727.0
2025-11-13,2748.0,2773.0,2748.0,2768.0,14900,2768.0
