Date,Open,High,Low,Close,Volume,Adj Close
2005-03-22,3090,3130,3050,3130,20500,3130
2005-03-23,3110,3120,3050,3060,17900,3060
2005-03-24,3070,3100,3010,3010,31200,3010
2005-03-25,3020,3050,2810,2870,38800,2870
2005-03-28,2900,2950,2830,2880,11700,2880
2005-03-29,2850,2890,2830,2840,15300,2840
2005-03-30,2790,2820,2760,2800,19700,2800
2005-03-31,2780,2820,2770,2800,10000,2800
2005-04-01,2840,2850,2790,2850,7800,2850
2005-04-04,2780,2800,2760,2800,10500,2800
2005-04-05,2750,2900,2750,2890,16700,2890
2005-04-06,2900,2920,2780,2790,19800,2790
2005-04-07,2830,2830,2770,2820,9200,2820
2005-04-08,2830,2830,2790,2830,8400,2830
2005-04-11,2790,2810,2750,2760,14500,2760
2005-04-12,2760,2790,2680,2690,15900,2690
2005-04-13,2700,2700,2600,2640,14100,2640
2005-04-14,2600,2630,2550,2590,15200,2590
2005-04-15,2590,2740,2590,2690,17600,2690
2005-04-18,2700,2700,2520,2520,18500,2520
2005-04-19,2520,2640,2520,2600,23000,2600
2005-04-20,2620,2650,2570,2640,12400,2640
2005-04-21,2610,2610,2530,2570,13800,2570
2005-04-22,2650,2650,2550,2590,10600,2590
2005-04-25,2520,2590,2520,2590,9300,2590
2005-04-26,2540,2580,2530,2570,5500,2570
2005-04-27,2530,2600,2530,2570,11400,2570
2005-04-28,2600,2730,2600,2710,29400,2710
2005-05-02,2750,2850,2740,2830,32400,2830
2005-05-06,2860,2910,2740,2740,28700,2740
2005-05-09,2820,2820,2740,2760,7900,2760
2005-05-10,2750,2800,2690,2800,11500,2800
2005-05-11,2740,2800,2690,2760,15600,2760
2005-05-12,2760,2770,2710,2720,9100,2720
2005-05-13,2750,2790,2720,2750,8900,2750
2005-05-16,2800,2820,2650,2650,23000,2650
2005-05-17,2700,2700,2480,2490,19800,2490
2005-05-18,2500,2630,2500,2550,19900,2550
2005-05-19,2500,2590,2500,2560,13100,2560
2005-05-20,2560,2570,2500,2510,18200,2510
2005-05-23,2500,2520,2460,2490,15200,2490
2005-05-24,2460,2490,2450,2460,7900,2460
2005-05-25,2460,2470,2290,2300,21500,2300
2005-05-26,2300,2390,2260,2320,14800,2320
2005-05-27,2340,2420,2330,2370,6000,2370
2005-05-30,2390,2480,2350,2480,9800,2480
2005-05-31,2520,2520,2470,2500,6500,2500
2005-06-01,2510,2510,2450,2500,5400,2500
2005-06-02,2550,2550,2490,2520,5900,2520
2005-06-03,2500,2550,2450,2460,4900,2460
2005-06-06,2430,2470,2400,2430,7300,2430
2005-06-07,2380,2410,2370,2410,7400,2410
2005-06-08,2370,2490,2370,2400,7800,2400
2005-06-09,2430,2430,2380,2390,2800,2390
2005-06-10,2380,2400,2360,2390,4300,2390
2005-06-13,2370,2430,2370,2410,10600,2410
2005-06-14,2450,2450,2370,2400,8600,2400
2005-06-15,2410,2430,2370,2430,10300,2430
2005-06-16,2470,2640,2450,2580,40300,2580
2005-06-17,2630,2750,2610,2660,44700,2660
2005-06-20,2680,2700,2600,2660,10400,2660
2005-06-21,2660,2660,2560,2590,9700,2590
2005-06-22,2590,2690,2530,2680,19200,2680
2005-06-23,2500,2630,2500,2630,74400,2630
2005-06-24,2530,2660,2530,2650,36400,2650
2005-06-27,2600,2650,2560,2570,11700,2570
2005-06-28,2580,2600,2550,2590,13000,2590
2005-06-29,2610,2610,2530,2540,16300,2540
2005-06-30,2560,2580,2530,2560,12400,2560
2005-07-01,2570,2590,2450,2540,28200,2540
2005-07-04,2500,2520,2450,2480,15000,2480
2005-07-05,2490,2530,2450,2460,14600,2460
2005-07-06,2500,2510,2450,2480,11600,2480
2005-07-07,2490,2490,2450,2470,6200,2470
2005-07-08,2490,2550,2480,2550,19400,2550
2005-07-11,2580,2710,2580,2680,67700,2680
2005-07-12,2770,2890,2760,2790,100200,2790
2005-07-13,2800,2820,2740,2780,36400,2780
2005-07-14,2770,2780,2700,2700,26500,2700
2005-07-15,2720,2720,2640,2690,16900,2690
2005-07-19,2670,2670,2580,2650,25900,2650
2005-07-20,2620,2690,2610,2690,13600,2690
2005-07-21,2660,2680,2630,2640,17300,2640
2005-07-22,2620,2680,2610,2660,31400,2660
2005-07-25,2690,2820,2640,2820,48400,2820
2005-07-26,2780,2780,2710,2710,19600,2710
2005-07-27,2740,2840,2730,2770,35600,2770
2005-07-28,2780,2800,2760,2760,9200,2760
2005-07-29,2750,2780,2710,2770,12100,2770
2005-08-01,2740,2750,2700,2720,25000,2720
2005-08-02,2750,2900,2750,2840,88600,2840
2005-08-03,2820,3020,2820,2930,273000,2930
2005-08-04,2980,3000,2810,2810,63500,2810
2005-08-05,2840,3030,2740,2800,115100,2800
2005-08-08,2750,2790,2640,2740,52800,2740
2005-08-09,2720,2880,2720,2870,23800,2870
2005-08-10,2960,2970,2870,2910,50100,2910
2005-08-11,2910,2920,2880,2880,17100,2880
2005-08-12,2880,2900,2810,2860,22800,2860
2005-08-15,2850,2850,2800,2820,16500,2820
2005-08-16,2820,2930,2780,2930,53300,2930
2005-08-17,2920,2960,2870,2920,27300,2920
2005-08-18,2950,2950,2890,2930,27100,2930
2005-08-19,2880,3110,2880,3060,151100,3060
2005-08-22,3150,3230,3100,3130,147700,3130
2005-08-23,3130,3180,3120,3180,57900,3180
2005-08-24,3250,3280,3200,3230,101900,3230
2005-08-25,3250,3380,3240,3360,132700,3360
2005-08-26,3400,3500,3390,3490,191900,3490
2005-08-29,3580,3650,3350,3440,197700,3440
2005-08-30,3480,3560,3320,3560,85600,3560
2005-08-31,3550,3570,3470,3550,67200,3550
2005-09-01,3550,3650,3520,3640,87900,3640
2005-09-02,3660,3670,3570,3600,53000,3600
2005-09-05,3540,3590,3400,3430,47000,3430
2005-09-06,3330,3450,3160,3420,86400,3420
2005-09-07,3370,3450,3290,3360,26100,3360
2005-09-08,3330,3410,3240,3390,38800,3390
2005-09-09,3350,3410,3310,3390,19800,3390
2005-09-12,3400,3420,3300,3310,28500,3310
2005-09-13,3290,3380,3290,3340,20600,3340
2005-09-14,3300,3410,3300,3350,30000,3350
2005-09-15,3320,3390,3320,3350,16700,3350
2005-09-16,3400,3400,3280,3280,41400,3280
2005-09-20,3230,3260,3060,3100,58500,3100
2005-09-21,3050,3080,3010,3020,46000,3020
2005-09-22,3000,3000,2920,2980,34600,2980
2005-09-26,3020,3090,3020,3040,32400,3040
2005-09-27,3030,3100,3030,3050,37900,3050
2005-09-28,3050,3080,2970,2990,28600,2990
2005-09-29,2960,2980,2820,2870,28000,2870
2005-09-30,2820,2990,2820,2950,20600,2950
2005-10-03,2930,2970,2890,2890,15100,2890
2005-10-04,2890,2910,2840,2870,15000,2870
2005-10-05,2840,2910,2830,2890,11200,2890
2005-10-06,2920,2950,2850,2890,10900,2890
2005-10-07,2900,2900,2820,2830,12000,2830
2005-10-11,2860,2900,2800,2900,15900,2900
2005-10-12,2900,2900,2820,2850,13400,2850
2005-10-13,2850,2850,2770,2770,28800,2770
2005-10-14,2780,2800,2710,2770,25900,2770
2005-10-17,2800,2840,2790,2830,14700,2830
2005-10-18,2820,2870,2780,2870,13800,2870
2005-10-19,2900,2910,2800,2830,26500,2830
2005-10-20,2880,2880,2800,2880,20900,2880
2005-10-21,2850,2950,2810,2900,27500,2900
2005-10-24,2940,3210,2940,3210,175800,3210
2005-10-25,3160,3240,3100,3100,128700,3100
2005-10-26,3140,3150,3040,3090,36600,3090
2005-10-27,3090,3260,3090,3240,82700,3240
2005-10-28,3260,3400,3210,3300,144700,3300
2005-10-31,3330,3420,3310,3310,87000,3310
2005-11-01,3410,3420,3330,3370,91900,3370
2005-11-02,3350,3370,3220,3290,85500,3290
2005-11-04,3260,3290,3160,3190,38200,3190
2005-11-07,3190,3230,3130,3160,20700,3160
2005-11-08,3160,3160,3090,3090,21700,3090
2005-11-09,3060,3240,3060,3230,70100,3230
2005-11-10,3190,3200,3100,3120,25900,3120
2005-11-11,3140,3300,3140,3280,34900,3280
2005-11-14,3320,3320,3250,3250,36100,3250
2005-11-15,3250,3340,3230,3280,40400,3280
2005-11-16,3300,3440,3250,3410,152200,3410
2005-11-17,3360,3570,3350,3530,184900,3530
2005-11-18,3580,3610,3490,3540,136500,3540
2005-11-21,3580,3580,3390,3490,66400,3490
2005-11-22,3450,3490,3370,3420,34700,3420
2005-11-24,3490,3500,3400,3450,52200,3450
2005-11-25,3320,3500,3110,3500,97600,3500
2005-11-28,3560,3870,3480,3870,407900,3870
2005-11-29,3890,4080,3850,4040,451300,4040
2005-11-30,4070,4150,3810,3900,159000,3900
2005-12-01,3800,4030,3740,4020,158400,4020
2005-12-02,4050,4450,4050,4210,400900,4210
2005-12-05,4210,4250,4030,4110,84800,4110
2005-12-06,4000,4100,3930,3930,58000,3930
2005-12-07,3950,4020,3860,3970,38300,3970
2005-12-08,3920,3930,3740,3810,83400,3810
2005-12-09,3810,3890,3750,3840,57400,3840
2005-12-12,3830,3970,3820,3920,42600,3920
2005-12-13,3940,3940,3840,3860,39600,3860
2005-12-14,3900,4220,3880,4150,211800,4150
2005-12-15,4100,4320,3960,4280,152000,4280
2005-12-16,4280,4400,4140,4330,120700,4330
2005-12-19,4370,4400,4220,4280,49500,4280
2005-12-20,4270,4330,4100,4250,64200,4250
2005-12-21,4220,4370,4200,4200,92100,4200
2005-12-22,4240,4300,4160,4190,60500,4190
2005-12-26,4210,4220,4040,4120,50900,4120
2005-12-27,4100,4100,3950,3970,53600,3970
2005-12-28,3950,4080,3840,4020,35600,4020
2005-12-29,4010,4010,3850,4000,68400,4000
2005-12-30,4020,4020,3950,3990,11500,3990
2006-01-04,3940,3950,3900,3920,11300,3920
2006-01-05,3910,3940,3880,3910,25000,3910
2006-01-06,3940,3970,3910,3910,31700,3910
2006-01-10,3970,3990,3940,3960,40100,3960
2006-01-11,3970,3970,3900,3910,31900,3910
2006-01-12,3940,3940,3800,3880,52300,3880
2006-01-13,3890,3890,3810,3830,20900,3830
2006-01-16,3830,3840,3760,3800,32100,3800
2006-01-17,3750,3790,3460,3460,150700,3460
2006-01-18,3350,3370,2860,3150,188700,3150
2006-01-19,3240,3400,3150,3200,94700,3200
2006-01-20,3400,3440,3180,3250,70000,3250
2006-01-23,3080,3120,2870,2920,85700,2920
2006-01-24,2900,3090,2900,3050,71800,3050
2006-01-25,3100,3100,2990,3040,66700,3040
2006-01-26,3060,3130,3060,3090,47100,3090
2006-01-27,3180,3370,3160,3320,95200,3320
2006-01-30,3420,3440,3280,3300,76000,3300
2006-01-31,3310,3310,3220,3230,28400,3230
2006-02-01,3230,3310,3200,3200,25800,3200
2006-02-02,3230,3300,3220,3250,29600,3250
2006-02-03,3260,3330,3250,3320,18900,3320
2006-02-06,3360,3370,3290,3300,23700,3300
2006-02-07,3310,3350,3280,3350,28400,3350
2006-02-08,3360,3420,3300,3330,64700,3330
2006-02-09,3430,3470,3350,3380,72700,3380
2006-02-10,3410,3420,3210,3340,55300,3340
2006-02-13,3200,3200,2950,3020,74400,3020
2006-02-14,2900,3050,2650,3030,57700,3030
2006-02-15,3010,3060,2850,2900,29700,2900
2006-02-16,2840,2900,2760,2800,31400,2800
2006-02-17,2770,2770,2560,2600,59400,2600
2006-02-20,2500,2500,2170,2210,89500,2210
2006-02-21,2160,2530,2150,2530,104800,2530
2006-02-22,2500,2550,2420,2420,51100,2420
2006-02-23,2520,2740,2500,2690,64300,2690
2006-02-24,2640,2760,2620,2750,54200,2750
2006-02-27,2790,2880,2650,2650,73600,2650
2006-02-28,2690,2740,2510,2570,40700,2570
2006-03-01,2550,2570,2490,2570,26600,2570
2006-03-02,2560,2630,2470,2470,38000,2470
2006-03-03,2400,2550,2380,2400,53000,2400
2006-03-06,2400,2510,2400,2490,21700,2490
2006-03-07,2520,2590,2490,2590,25700,2590
2006-03-08,2550,2630,2550,2570,20700,2570
2006-03-09,2610,2640,2580,2620,17700,2620
2006-03-10,2640,2750,2640,2700,43500,2700
2006-03-13,2750,2780,2640,2640,53900,2640
2006-03-14,2680,2710,2640,2670,17600,2670
2006-03-15,2700,2710,2630,2660,17200,2660
2006-03-16,2660,2690,2550,2570,34700,2570
2006-03-17,2560,2630,2550,2570,12800,2570
2006-03-20,2590,2620,2560,2610,20400,2610
2006-03-22,2630,2720,2630,2690,41200,2690
2006-03-23,2720,2810,2690,2720,67200,2720
2006-03-24,2700,2710,2670,2670,25100,2670
2006-03-27,2700,2700,2620,2670,24100,2670
2006-03-28,2660,2660,2620,2650,19200,2650
2006-03-29,2640,2700,2630,2700,28400,2700
2006-03-30,2730,2730,2680,2700,26500,2700
2006-03-31,2710,2800,2700,2760,54300,2760
2006-04-03,2800,2960,2800,2930,99700,2930
2006-04-04,2950,3080,2940,3000,136200,3000
2006-04-05,3010,3230,3010,3120,240500,3120
2006-04-06,3170,3190,2990,3070,104600,3070
2006-04-07,3070,3070,3010,3030,30900,3030
2006-04-10,3010,3030,2950,2980,31500,2980
2006-04-11,3020,3120,3010,3070,50300,3070
2006-04-12,3050,3080,3010,3070,29200,3070
2006-04-13,3080,3100,3030,3040,21400,3040
2006-04-14,3020,3060,3020,3040,23500,3040
2006-04-17,3050,3060,2880,2940,37800,2940
2006-04-18,2850,2990,2850,2990,17500,2990
2006-04-19,2990,3020,2920,2920,17000,2920
2006-04-20,2940,2940,2820,2850,19200,2850
2006-04-21,2900,3070,2710,2770,132300,2770
2006-04-24,2740,2740,2550,2560,84300,2560
2006-04-25,2530,2690,2530,2690,57600,2690
2006-04-26,2690,2750,2670,2680,41800,2680
2006-04-27,2700,2700,2620,2660,29900,2660
2006-04-28,2670,2670,2580,2640,19000,2640
2006-05-01,2660,2670,2600,2600,8800,2600
2006-05-02,2640,2640,2600,2610,21300,2610
2006-05-08,2630,2720,2630,2720,25300,2720
2006-05-09,2760,2780,2690,2720,23500,2720
2006-05-10,2730,2870,2710,2840,70500,2840
2006-05-11,2890,2920,2820,2880,62900,2880
2006-05-12,2830,2860,2710,2830,42000,2830
2006-05-15,2780,2780,2710,2770,15600,2770
2006-05-16,2810,2820,2470,2600,70900,2600
2006-05-17,2450,2500,2320,2420,115200,2420
2006-05-18,2400,2430,2310,2410,29200,2410
2006-05-19,2360,2540,2360,2500,25900,2500
2006-05-22,2500,2510,2380,2380,23300,2380
2006-05-23,2380,2390,2250,2270,41100,2270
2006-05-24,2310,2350,2250,2330,31900,2330
2006-05-25,2330,2330,2260,2280,9500,2280
2006-05-26,2300,2300,2250,2270,17800,2270
2006-05-29,2270,2270,2150,2170,44400,2170
2006-05-30,2170,2220,2110,2200,33900,2200
2006-05-31,2150,2150,2070,2070,45400,2070
2006-06-01,2070,2120,2020,2020,31900,2020
2006-06-02,2010,2020,1570,1960,53400,1960
2006-06-05,1960,2080,1950,2010,38600,2010
2006-06-06,1970,1970,1900,1920,28400,1920
2006-06-07,1910,1930,1780,1800,54900,1800
2006-06-08,1700,1780,1630,1760,40400,1760
2006-06-09,1810,1810,1700,1790,39800,1790
2006-06-12,1790,1900,1770,1890,25300,1890
2006-06-13,1800,1870,1800,1800,24600,1800
2006-06-14,1800,1870,1740,1870,24200,1870
2006-06-15,1930,1980,1900,1900,28500,1900
2006-06-16,1950,1990,1950,1960,30700,1960
2006-06-19,1950,2000,1950,1980,12600,1980
2006-06-20,1980,1990,1910,1920,13000,1920
2006-06-21,1930,1950,1860,1870,15100,1870
2006-06-22,1890,1910,1860,1880,16900,1880
2006-06-23,1890,1890,1840,1870,9900,1870
2006-06-26,1860,1960,1840,1880,19700,1880
2006-06-27,1910,1960,1900,1910,11000,1910
2006-06-28,1910,1910,1840,1890,12700,1890
2006-06-29,1920,1930,1880,1930,5300,1930
2006-06-30,1950,1950,1890,1900,14500,1900
2006-07-03,1910,2100,1910,2060,74400,2060
2006-07-04,2110,2180,2040,2040,40900,2040
2006-07-05,2000,2040,2000,2000,11000,2000
2006-07-06,1950,2050,1950,1990,9700,1990
2006-07-07,2020,2020,1950,1960,9400,1960
2006-07-10,1930,1960,1890,1930,15900,1930
2006-07-11,1920,1930,1850,1860,10300,1860
2006-07-12,1880,1900,1850,1890,7600,1890
2006-07-13,1850,1920,1810,1870,14300,1870
2006-07-14,1790,1840,1760,1790,8200,1790
2006-07-18,1760,1760,1650,1670,25600,1670
2006-07-19,1660,1700,1630,1640,13200,1640
2006-07-20,1740,1740,1660,1680,21100,1680
2006-07-21,1680,1690,1600,1650,20000,1650
2006-07-24,1600,1640,1540,1610,26500,1610
2006-07-25,1660,1660,1600,1600,7900,1600
2006-07-26,1620,1630,1600,1600,4600,1600
2006-07-27,1630,1660,1600,1660,7500,1660
2006-07-28,1650,1710,1650,1710,7800,1710
2006-07-31,1750,1800,1710,1730,20300,1730
2006-08-01,1780,1790,1730,1780,8900,1780
2006-08-02,1770,1780,1720,1770,5800,1770
2006-08-03,1750,1800,1720,1770,14500,1770
2006-08-04,1750,1770,1730,1740,5100,1740
2006-08-07,1640,1710,1640,1660,5800,1660
2006-08-08,1640,1700,1630,1700,7500,1700
2006-08-09,1690,1700,1650,1660,3700,1660
2006-08-10,1660,1710,1640,1650,7300,1650
2006-08-11,1650,1680,1640,1650,3200,1650
2006-08-14,1670,1670,1620,1660,6600,1660
2006-08-15,1650,1680,1650,1670,7000,1670
2006-08-16,1680,1730,1680,1720,12800,1720
2006-08-17,1770,1790,1710,1710,25000,1710
2006-08-18,1720,1770,1720,1760,8900,1760
2006-08-21,1800,1850,1770,1810,29900,1810
2006-08-22,1830,1900,1820,1880,25100,1880
2006-08-23,1920,2020,1890,2000,71900,2000
2006-08-24,2020,2040,1900,1900,37500,1900
2006-08-25,1890,1920,1830,1860,16600,1860
2006-08-28,1870,1870,1750,1760,13600,1760
2006-08-29,1750,1810,1750,1800,8000,1800
2006-08-30,1850,1860,1820,1840,3600,1840
2006-08-31,1840,1870,1840,1850,7400,1850
2006-09-01,1860,1870,1840,1840,8100,1840
2006-09-04,1850,1850,1810,1830,6600,1830
2006-09-05,1820,1830,1790,1820,14200,1820
2006-09-06,1820,1830,1800,1810,6400,1810
2006-09-07,1830,1830,1750,1770,17600,1770
2006-09-08,1760,1830,1760,1800,3600,1800
2006-09-11,1790,1790,1750,1770,7300,1770
2006-09-12,1760,1790,1700,1710,9000,1710
2006-09-13,1730,1740,1700,1700,13000,1700
2006-09-14,1660,1740,1660,1740,10700,1740
2006-09-15,1710,1770,1690,1710,7900,1710
2006-09-19,1730,1790,1720,1780,6000,1780
2006-09-20,1770,1770,1720,1740,7600,1740
2006-09-21,1720,1740,1700,1720,5000,1720
2006-09-22,1680,1760,1680,1730,5500,1730
2006-09-25,1700,1780,1660,1660,7300,1660
2006-09-26,1750,1790,1680,1700,7200,1700
2006-09-27,1710,1720,1700,1720,5400,1720
2006-09-28,1700,1730,1700,1730,4600,1730
2006-09-29,1720,1750,1720,1740,3400,1740
2006-10-02,1750,1800,1750,1800,11100,1800
2006-10-03,1820,1920,1810,1920,36800,1920
2006-10-04,1920,1960,1870,1920,32700,1920
2006-10-05,1930,2130,1930,2130,127000,2130
2006-10-06,2180,2190,2030,2140,89700,2140
2006-10-10,2090,2150,2040,2110,45700,2110
2006-10-11,2200,2400,2170,2400,269200,2400
2006-10-12,2350,2520,2230,2310,246400,2310
2006-10-13,2410,2430,2240,2330,102100,2330
2006-10-16,2320,2410,2310,2360,56300,2360
2006-10-17,2310,2330,2220,2250,49400,2250
2006-10-18,2200,2250,2140,2200,34700,2200
2006-10-19,2300,2320,2220,2230,52700,2230
2006-10-20,2230,2250,2150,2200,21700,2200
2006-10-23,2190,2210,2110,2210,21200,2210
2006-10-24,2230,2280,2230,2270,23700,2270
2006-10-25,2260,2270,2220,2220,14600,2220
2006-10-26,2220,2380,2220,2380,50600,2380
2006-10-27,2420,2570,2400,2540,175000,2540
2006-10-30,2640,2730,2600,2720,207400,2720
2006-10-31,2710,2710,2500,2620,107100,2620
2006-11-01,2700,2750,2640,2650,94800,2650
2006-11-02,2600,2700,2590,2610,62400,2610
2006-11-06,2600,2610,2460,2460,34700,2460
2006-11-07,2500,2710,2490,2590,34700,2590
2006-11-08,2680,2780,2580,2610,116900,2610
2006-11-09,2590,2710,2590,2680,33000,2680
2006-11-10,2700,2860,2690,2850,124900,2850
2006-11-13,2880,2980,2860,2950,232300,2950
2006-11-14,2900,2900,2460,2520,214000,2520
2006-11-15,2330,2390,2180,2390,169700,2390
2006-11-16,2390,2390,2280,2300,47400,2300
2006-11-17,2320,2330,2230,2250,33600,2250
2006-11-20,2160,2160,2050,2070,42300,2070
2006-11-21,2110,2160,2080,2110,25400,2110
2006-11-22,2080,2150,2070,2150,42200,2150
2006-11-24,2130,2350,2100,2270,46100,2270
2006-11-27,2320,2440,2270,2420,43200,2420
2006-11-28,2410,2470,2390,2410,38500,2410
2006-11-29,2380,2450,2260,2350,29500,2350
2006-11-30,2310,2380,2260,2290,22900,2290
2006-12-01,2300,2410,2300,2410,32900,2410
2006-12-04,2440,2450,2320,2350,29100,2350
2006-12-05,2350,2370,2330,2350,23200,2350
2006-12-06,2370,2430,2370,2410,25300,2410
2006-12-07,2400,2410,2350,2380,17600,2380
2006-12-08,2290,2380,2290,2320,17900,2320
2006-12-11,2300,2300,2200,2250,18900,2250
2006-12-12,2260,2260,2200,2230,16000,2230
2006-12-13,2230,2330,2230,2330,45400,2330
2006-12-14,2360,2360,2260,2280,18500,2280
2006-12-15,2310,2430,2270,2360,63300,2360
2006-12-18,2370,2510,2370,2500,96900,2500
2006-12-19,2480,2480,2370,2380,72400,2380
2006-12-20,2370,2480,2370,2440,22500,2440
2006-12-21,2460,2550,2440,2550,82900,2550
2006-12-22,2570,2650,2560,2600,112300,2600
2006-12-25,2600,2640,2540,2550,54400,2550
2006-12-26,2510,2600,2510,2540,24100,2540
2006-12-27,2520,2580,2500,2560,29700,2560
2006-12-28,2560,2560,2500,2530,11800,2530
2006-12-29,2560,2560,2480,2480,13600,2480
2007-01-04,2500,2510,2470,2470,6400,2470
2007-01-05,2430,2450,2400,2410,14000,2410
2007-01-09,2380,2440,2380,2440,12700,2440
2007-01-10,2440,2450,2420,2440,11500,2440
2007-01-11,2440,2450,2410,2410,4800,2410
2007-01-12,2410,2450,2410,2410,4100,2410
2007-01-15,2440,2570,2430,2570,28900,2570
2007-01-16,2570,2620,2510,2550,29700,2550
2007-01-17,2550,2640,2520,2610,31900,2610
2007-01-18,2630,2650,2580,2590,19900,2590
2007-01-19,2550,2610,2520,2580,18600,2580
2007-01-22,2570,2580,2500,2530,21400,2530
2007-01-23,2530,2660,2520,2640,65100,2640
2007-01-24,2650,2700,2620,2690,112300,2690
2007-01-25,2670,2700,2580,2620,46600,2620
2007-01-26,2590,2620,2550,2590,20900,2590
2007-01-29,2640,2710,2620,2680,126800,2680
2007-01-30,2710,2720,2630,2650,48000,2650
2007-01-31,2660,2660,2580,2610,24000,2610
2007-02-01,2580,2650,2580,2600,24900,2600
2007-02-02,2600,2630,2580,2600,19500,2600
2007-02-05,2600,2610,2510,2520,24900,2520
2007-02-06,2510,2590,2510,2550,24600,2550
2007-02-07,2580,2580,2530,2530,9500,2530
2007-02-08,2560,2560,2520,2530,8900,2530
2007-02-09,2520,2530,2470,2520,21300,2520
2007-02-13,2520,2540,2480,2500,18100,2500
2007-02-14,2470,2480,2400,2440,29900,2440
2007-02-15,2390,2390,2250,2310,74800,2310
2007-02-16,2290,2320,2270,2300,43600,2300
2007-02-19,2270,2370,2260,2370,17700,2370
2007-02-20,2350,2390,2340,2390,11700,2390
2007-02-21,2400,2410,2350,2360,13400,2360
2007-02-22,2390,2410,2350,2360,10500,2360
2007-02-23,2360,2390,2330,2390,22400,2390
2007-02-26,2410,2440,2370,2430,25100,2430
2007-02-27,2440,2440,2400,2400,10100,2400
2007-02-28,2150,2340,2150,2330,31300,2330
2007-03-01,2340,2340,2260,2300,9500,2300
2007-03-02,2300,2300,2250,2280,12400,2280
2007-03-05,2220,2260,2160,2260,25700,2260
2007-03-06,2200,2290,2200,2290,7900,2290
2007-03-07,2320,2320,2260,2290,5100,2290
2007-03-08,2260,2280,2250,2270,7500,2270
2007-03-09,2250,2280,2210,2260,17400,2260
2007-03-12,2260,2440,2240,2400,24900,2400
2007-03-13,2440,2450,2350,2420,27800,2420
2007-03-14,2350,2370,2280,2340,16500,2340
2007-03-15,2380,2420,2350,2410,18400,2410
2007-03-16,2370,2370,2290,2350,7000,2350
2007-03-19,2350,2400,2270,2350,4100,2350
2007-03-20,2390,2400,2300,2330,16200,2330
2007-03-22,2330,2350,2280,2310,17200,2310
2007-03-23,2300,2310,2260,2270,16000,2270
2007-03-26,2270,2280,2210,2230,12300,2230
2007-03-27,2230,2270,2210,2240,5500,2240
2007-03-28,2250,2280,2230,2250,6300,2250
2007-03-29,2230,2250,2220,2230,9100,2230
2007-03-30,2260,2260,2220,2240,6100,2240
2007-04-02,2240,2270,2240,2240,6300,2240
2007-04-03,2230,2240,2200,2210,8600,2210
2007-04-04,2220,2230,2200,2230,12600,2230
2007-04-05,2240,2240,2190,2210,18200,2210
2007-04-06,2210,2220,2150,2190,8200,2190
2007-04-09,2200,2200,2150,2170,8300,2170
2007-04-10,2160,2170,2120,2160,18200,2160
2007-04-11,2130,2160,2100,2120,13800,2120
2007-04-12,2070,2090,2040,2090,18700,2090
2007-04-13,2090,2090,2020,2050,18200,2050
2007-04-16,2060,2220,2050,2170,28700,2170
2007-04-17,2170,2180,2130,2150,12300,2150
2007-04-18,2150,2150,2110,2140,2800,2140
2007-04-19,2140,2160,2070,2140,11500,2140
2007-04-20,2090,2100,2030,2030,18200,2030
2007-04-23,2020,2060,2010,2020,9900,2020
2007-04-24,2010,2020,1950,1990,13400,1990
2007-04-25,1970,1990,1960,1970,7100,1970
2007-04-26,2000,2030,1990,2020,7600,2020
2007-04-27,1970,2040,1970,2030,17900,2030
2007-05-01,2080,2090,2000,2050,10300,2050
2007-05-02,2040,2090,2030,2070,7800,2070
2007-05-07,2120,2120,2050,2090,17100,2090
2007-05-08,2120,2290,2110,2290,55900,2290
2007-05-09,2290,2410,2280,2350,53400,2350
2007-05-10,2390,2390,2350,2350,20700,2350
2007-05-11,2320,2360,2240,2340,16500,2340
2007-05-14,2300,2330,2260,2280,15100,2280
2007-05-15,2200,2370,2200,2330,18300,2330
2007-05-16,2400,2450,2360,2430,65500,2430
2007-05-17,2430,2430,2300,2370,18700,2370
2007-05-18,2380,2380,2220,2380,27300,2380
2007-05-21,2350,2420,2350,2390,12300,2390
2007-05-22,2350,2380,2320,2370,7200,2370
2007-05-23,2360,2360,2310,2360,9000,2360
2007-05-24,2320,2330,2260,2330,11600,2330
2007-05-25,2290,2400,2260,2380,60600,2380
2007-05-28,2400,2410,2330,2380,16300,2380
2007-05-29,2350,2370,2310,2370,10500,2370
2007-05-30,2350,2370,2300,2320,14500,2320
2007-05-31,2340,2380,2320,2380,7400,2380
2007-06-01,2380,2380,2330,2370,11400,2370
2007-06-04,2380,2390,2310,2310,16800,2310
2007-06-05,2320,2330,2230,2270,23800,2270
2007-06-06,2270,2270,2210,2230,22300,2230
2007-06-07,2220,2260,2220,2260,10600,2260
2007-06-08,2250,2270,2230,2270,10400,2270
2007-06-11,2300,2310,2270,2270,11500,2270
2007-06-12,2280,2280,2220,2240,9500,2240
2007-06-13,2220,2230,2210,2230,10200,2230
2007-06-14,2230,2240,2120,2160,33800,2160
2007-06-15,2180,2210,2140,2200,26300,2200
2007-06-18,2230,2280,2230,2270,30600,2270
2007-06-19,2280,2290,2260,2290,9400,2290
2007-06-20,2290,2290,2260,2260,12800,2260
2007-06-21,2250,2280,2250,2270,16500,2270
2007-06-22,2250,2360,2250,2350,32200,2350
2007-06-25,2340,2350,2290,2330,23700,2330
2007-06-26,2300,2300,2260,2270,11300,2270
2007-06-27,2270,2280,2260,2270,3800,2270
2007-06-28,2280,2290,2260,2290,5100,2290
2007-06-29,2280,2310,2230,2300,31800,2300
2007-07-02,2270,2300,2270,2270,6300,2270
2007-07-03,2270,2280,2260,2280,8100,2280
2007-07-04,2270,2290,2270,2280,2400,2280
2007-07-05,2290,2290,2260,2280,9600,2280
2007-07-06,2290,2290,2260,2280,8900,2280
2007-07-09,2290,2300,2260,2300,14300,2300
2007-07-10,2290,2320,2270,2280,12100,2280
2007-07-11,2280,2290,2270,2290,5100,2290
2007-07-12,2290,2290,2250,2270,17300,2270
2007-07-13,2270,2470,2260,2460,72600,2460
2007-07-17,2510,2710,2500,2700,266200,2700
2007-07-18,2600,2660,2530,2590,80000,2590
2007-07-19,2580,2750,2570,2680,133700,2680
2007-07-20,2680,2680,2480,2570,84800,2570
2007-07-23,2490,2570,2460,2470,25500,2470
2007-07-24,2470,2550,2460,2540,19700,2540
2007-07-25,2470,2540,2470,2530,9700,2530
2007-07-26,2500,2530,2490,2500,9300,2500
2007-07-27,2400,2440,2310,2310,28000,2310
2007-07-30,2280,2430,2280,2430,16700,2430
2007-07-31,2420,2430,2380,2430,7200,2430
2007-08-01,2380,2410,2330,2340,18700,2340
2007-08-02,2340,2400,2270,2390,25800,2390
2007-08-03,2360,2430,2290,2350,28300,2350
2007-08-06,2270,2300,2240,2280,12700,2280
2007-08-07,2320,2340,2240,2310,10400,2310
2007-08-08,2260,2370,2060,2240,52800,2240
2007-08-09,2290,2340,2100,2340,32300,2340
2007-08-10,2240,2280,2080,2120,36300,2120
2007-08-13,2120,2250,2100,2130,29700,2130
2007-08-14,2130,2180,2130,2160,8300,2160
2007-08-15,2120,2160,2120,2160,14500,2160
2007-08-16,2120,2220,1890,2080,21200,2080
2007-08-17,2130,2130,1730,1770,37900,1770
2007-08-20,1970,2040,1850,1850,38200,1850
2007-08-21,1880,2090,1880,2060,22200,2060
2007-08-22,2030,2070,1950,1990,12300,1990
2007-08-23,2020,2070,2010,2040,9700,2040
2007-08-24,2020,2020,1990,2010,7900,2010
2007-08-27,2050,2050,1920,1990,27700,1990
2007-08-28,1960,2000,1950,1970,12000,1970
2007-08-29,1910,1950,1880,1910,17600,1910
2007-08-30,1990,2000,1920,1920,5600,1920
2007-08-31,1920,1970,1890,1920,34200,1920
2007-09-03,1920,1920,1900,1900,5200,1900
2007-09-04,1900,1910,1880,1880,8800,1880
2007-09-05,1890,1890,1850,1860,7900,1860
2007-09-06,1810,1830,1790,1820,18700,1820
2007-09-07,1830,1830,1780,1790,8900,1790
2007-09-10,1690,1710,1660,1690,34700,1690
2007-09-11,1680,1700,1640,1700,13300,1700
2007-09-12,1760,1780,1600,1630,19600,1630
2007-09-13,1640,1660,1540,1590,34100,1590
2007-09-14,1610,1640,1600,1640,16800,1640
2007-09-18,1690,1690,1590,1610,17000,1610
2007-09-19,1650,1660,1630,1630,11100,1630
2007-09-20,1640,1640,1590,1610,13200,1610
2007-09-21,1600,1630,1600,1610,7900,1610
2007-09-25,1600,1620,1570,1610,6600,1610
2007-09-26,1610,1720,1600,1700,12800,1700
2007-09-27,1750,1750,1660,1740,27400,1740
2007-09-28,1750,1750,1670,1740,20300,1740
2007-10-01,1770,1770,1700,1730,7900,1730
2007-10-02,1750,1780,1680,1730,17000,1730
2007-10-03,1690,1840,1680,1840,32300,1840
2007-10-04,1890,1910,1810,1840,32600,1840
2007-10-05,1830,1850,1790,1800,16300,1800
2007-10-09,1830,1930,1820,1890,23900,1890
2007-10-10,1890,1930,1870,1870,15400,1870
2007-10-11,1860,1900,1850,1900,8900,1900
2007-10-12,1900,1900,1850,1880,9700,1880
2007-10-15,1890,1920,1880,1920,8000,1920
2007-10-16,1890,1890,1850,1880,11800,1880
2007-10-17,1850,1870,1840,1850,7200,1850
2007-10-18,1820,1840,1810,1820,7900,1820
2007-10-19,1810,1820,1780,1790,6600,1790
2007-10-22,1640,1690,1630,1630,45600,1630
2007-10-23,1660,1690,1580,1590,48600,1590
2007-10-24,1630,1650,1610,1650,11600,1650
2007-10-25,1620,1640,1610,1620,7300,1620
2007-10-26,1630,1640,1590,1620,15200,1620
2007-10-29,1630,1700,1620,1640,17900,1640
2007-10-30,1670,1800,1660,1750,20500,1750
2007-10-31,1760,1980,1750,1930,109200,1930
2007-11-01,1940,1950,1850,1880,40900,1880
2007-11-02,1830,1870,1760,1800,22600,1800
2007-11-05,1850,1880,1820,1850,18200,1850
2007-11-06,1810,1850,1790,1810,8100,1810
2007-11-07,1830,1890,1800,1810,31000,1810
2007-11-08,1760,1770,1710,1770,11300,1770
2007-11-09,1770,1770,1680,1740,10900,1740
2007-11-12,1650,1700,1640,1690,12400,1690
2007-11-13,1710,1750,1710,1750,6400,1750
2007-11-14,1700,1750,1680,1710,17800,1710
2007-11-15,1710,1760,1710,1740,7700,1740
2007-11-16,1710,1720,1670,1700,11200,1700
2007-11-19,1670,1690,1600,1600,6900,1600
2007-11-20,1570,1640,1520,1600,8400,1600
2007-11-21,1580,1600,1550,1560,5500,1560
2007-11-22,1510,1600,1510,1570,14300,1570
2007-11-26,1580,1610,1550,1590,7900,1590
2007-11-27,1590,1590,1570,1590,4500,1590
2007-11-28,1610,1660,1610,1660,9300,1660
2007-11-29,1680,1690,1660,1670,5300,1670
2007-11-30,1670,1700,1670,1700,6100,1700
2007-12-03,1690,1720,1650,1660,7600,1660
2007-12-04,1680,1680,1630,1640,3400,1640
2007-12-05,1640,1650,1620,1650,4900,1650
2007-12-06,1640,1660,1640,1660,3200,1660
2007-12-07,1670,1700,1670,1680,7900,1680
2007-12-10,1630,1680,1630,1670,8800,1670
2007-12-11,1640,1660,1630,1650,9200,1650
2007-12-12,1610,1640,1600,1640,9500,1640
2007-12-13,1650,1650,1610,1620,6500,1620
2007-12-14,1630,1640,1590,1610,15100,1610
2007-12-17,1590,1600,1560,1560,5700,1560
2007-12-18,1550,1550,1500,1550,11700,1550
2007-12-19,1550,1550,1510,1530,8000,1530
2007-12-20,1530,1560,1450,1550,17700,1550
2007-12-21,1520,1580,1500,1540,15100,1540
2007-12-25,1540,1570,1450,1450,16400,1450
2007-12-26,1450,1530,1430,1520,16600,1520
2007-12-27,1540,1590,1510,1590,8400,1590
2007-12-28,1580,1610,1560,1590,9500,1590
2008-01-04,1530,1720,1530,1680,33300,1680
2008-01-07,1640,1670,1570,1590,11400,1590
2008-01-08,1580,1610,1570,1610,3100,1610
2008-01-09,1580,1640,1560,1600,9500,1600
2008-01-10,1620,1620,1600,1600,4700,1600
2008-01-11,1600,1600,1470,1490,13200,1490
2008-01-15,1480,1480,1400,1410,16500,1410
2008-01-16,1260,1280,1100,1140,48800,1140
2008-01-17,1090,1160,1080,1130,66100,1130
2008-01-18,1080,1230,1020,1180,33600,1180
2008-01-21,1120,1170,1100,1130,10100,1130
2008-01-22,1050,1090,1000,1000,21000,1000
2008-01-23,1090,1110,1050,1090,15000,1090
2008-01-24,1160,1160,1110,1140,11100,1140
2008-01-25,1130,1200,1130,1200,11400,1200
2008-01-28,1150,1190,1140,1190,7500,1190
2008-01-29,1190,1220,1180,1220,4700,1220
2008-01-30,1200,1200,1170,1190,7000,1190
2008-01-31,1190,1250,1170,1250,11100,1250
2008-02-01,1270,1310,1240,1260,12300,1260
2008-02-04,1280,1330,1280,1300,9200,1300
2008-02-05,1320,1480,1310,1480,28200,1480
2008-02-06,1380,1450,1350,1450,23700,1450
2008-02-07,1420,1460,1400,1410,6700,1410
2008-02-08,1370,1400,1350,1380,8700,1380
2008-02-12,1360,1400,1310,1340,8000,1340
2008-02-13,1390,1460,1370,1420,13200,1420
2008-02-14,1500,1600,1480,1560,49800,1560
2008-02-15,1510,1540,1450,1530,20800,1530
2008-02-18,1500,1530,1470,1500,12500,1500
2008-02-19,1530,1630,1510,1560,31800,1560
2008-02-20,1560,1670,1530,1580,28700,1580
2008-02-21,1630,1630,1580,1610,20400,1610
2008-02-22,1590,1610,1580,1590,10500,1590
2008-02-25,1600,1600,1510,1530,13000,1530
2008-02-26,1570,1570,1510,1530,8700,1530
2008-02-27,1540,1540,1510,1510,4900,1510
2008-02-28,1500,1510,1440,1460,10800,1460
2008-02-29,1450,1470,1430,1450,7300,1450
2008-03-03,1450,1450,1390,1390,6300,1390
2008-03-04,1400,1400,1350,1370,6200,1370
2008-03-05,1340,1370,1320,1330,3600,1330
2008-03-06,1340,1480,1340,1420,5500,1420
2008-03-07,1400,1400,1340,1340,6000,1340
2008-03-10,1350,1360,1270,1310,6700,1310
2008-03-11,1280,1340,1250,1330,4600,1330
2008-03-12,1380,1400,1330,1330,4400,1330
2008-03-13,1330,1340,1210,1240,5400,1240
2008-03-14,1270,1280,1210,1220,8200,1220
2008-03-17,1170,1240,1160,1160,7800,1160
2008-03-18,1200,1200,1170,1170,4800,1170
2008-03-19,1150,1220,1150,1200,6500,1200
2008-03-21,1180,1250,1180,1240,4600,1240
2008-03-24,1250,1320,1250,1300,5100,1300
2008-03-25,1320,1330,1270,1270,4400,1270
2008-03-26,1250,1270,1240,1250,1400,1250
2008-03-27,1270,1270,1250,1270,2000,1270
2008-03-28,1250,1250,1210,1240,3800,1240
2008-03-31,1240,1260,1230,1240,4700,1240
2008-04-01,1250,1260,1220,1240,3700,1240
2008-04-02,1280,1280,1240,1270,3700,1270
2008-04-03,1260,1300,1260,1260,8600,1260
2008-04-04,1260,1270,1250,1250,2800,1250
2008-04-07,1270,1310,1270,1310,3200,1310
2008-04-08,1310,1310,1280,1290,5200,1290
2008-04-09,1290,1290,1230,1230,7400,1230
2008-04-10,1240,1240,1220,1230,1000,1230
2008-04-11,1220,1240,1220,1220,3400,1220
2008-04-14,1190,1220,1170,1210,5100,1210
2008-04-15,1220,1230,1200,1210,2100,1210
2008-04-16,1220,1230,1220,1220,2100,1220
2008-04-17,1250,1270,1230,1260,5000,1260
2008-04-18,1300,1470,1290,1410,57500,1410
2008-04-21,1430,1440,1400,1400,14600,1400
2008-04-22,1390,1410,1380,1400,10200,1400
2008-04-23,1400,1570,1400,1500,17900,1500
2008-04-24,1540,1540,1460,1460,21900,1460
2008-04-25,1480,1480,1450,1460,9300,1460
2008-04-28,1480,1520,1480,1480,8400,1480
2008-04-30,1500,1520,1480,1510,8600,1510
2008-05-01,1510,1520,1490,1490,6700,1490
2008-05-02,1510,1580,1490,1580,13200,1580
2008-05-07,1630,1640,1610,1640,43200,1640
2008-05-08,1620,1630,1600,1620,6100,1620
2008-05-09,1620,1640,1560,1610,13000,1610
2008-05-12,1580,1640,1570,1640,12400,1640
2008-05-13,1650,1770,1650,1730,27800,1730
2008-05-14,1700,1740,1700,1720,13300,1720
2008-05-15,1730,1800,1720,1720,39200,1720
2008-05-16,1730,1730,1600,1630,17000,1630
2008-05-19,1640,1680,1640,1660,8400,1660
2008-05-20,1660,1680,1650,1670,6900,1670
2008-05-21,1640,1640,1610,1610,6900,1610
2008-05-22,1580,1600,1550,1600,8000,1600
2008-05-23,1610,1620,1580,1600,4900,1600
2008-05-26,1600,1600,1530,1530,7700,1530
2008-05-27,1570,1570,1500,1520,6700,1520
2008-05-28,1510,1520,1490,1490,2300,1490
2008-05-29,1540,1580,1500,1580,4900,1580
2008-05-30,1590,1590,1540,1590,3400,1590
2008-06-02,1560,1590,1520,1540,8800,1540
2008-06-03,1540,1560,1530,1530,1500,1530
2008-06-04,1520,1530,1490,1490,6900,1490
2008-06-05,1550,1570,1530,1570,11800,1570
2008-06-06,1580,1580,1510,1540,7500,1540
2008-06-09,1510,1520,1480,1490,12200,1490
2008-06-10,1510,1510,1460,1460,4000,1460
2008-06-11,1470,1470,1400,1420,8700,1420
2008-06-12,1380,1390,1320,1330,16500,1330
2008-06-13,1340,1400,1300,1320,21700,1320
2008-06-16,1380,1390,1330,1350,23900,1350
2008-06-17,1340,1360,1310,1320,19200,1320
2008-06-18,1320,1440,1320,1340,34600,1340
2008-06-19,1370,1370,1330,1350,21100,1350
2008-06-20,1360,1360,1310,1350,37500,1350
2008-06-23,1360,1380,1330,1360,22300,1360
2008-06-24,1370,1450,1370,1420,31900,1420
2008-06-25,1420,1420,1370,1410,13600,1410
2008-06-26,1410,1470,1390,1440,15300,1440
2008-06-27,1400,1430,1400,1420,15300,1420
2008-06-30,1420,1430,1410,1410,4200,1410
2008-07-01,1410,1410,1350,1410,11200,1410
2008-07-02,1410,1410,1360,1360,5900,1360
2008-07-03,1350,1430,1310,1360,9700,1360
2008-07-04,1370,1390,1350,1390,8200,1390
2008-07-07,1370,1410,1350,1370,4200,1370
2008-07-08,1390,1390,1360,1370,2300,1370
2008-07-09,1370,1400,1370,1370,7300,1370
2008-07-10,1370,1380,1360,1370,6500,1370
2008-07-11,1370,1380,1360,1380,1800,1380
2008-07-14,1350,1390,1350,1390,900,1390
2008-07-15,1370,1390,1210,1260,27900,1260
2008-07-16,1270,1300,1230,1250,13800,1250
2008-07-17,1290,1290,1220,1240,16400,1240
2008-07-18,1230,1270,1230,1250,9300,1250
2008-07-22,1230,1260,1060,1190,72500,1190
2008-07-23,1220,1290,1220,1290,7500,1290
2008-07-24,1320,1320,1250,1250,4000,1250
2008-07-25,1260,1260,1200,1250,19100,1250
2008-07-28,1260,1260,1250,1250,2400,1250
2008-07-29,1270,1270,1250,1250,3100,1250
2008-07-30,1270,1340,1270,1300,7700,1300
2008-07-31,1280,1280,1210,1250,7200,1250
2008-08-01,1240,1240,1200,1210,4700,1210
2008-08-04,1190,1190,1160,1180,7200,1180
2008-08-05,1170,1170,1100,1100,19700,1100
2008-08-06,1110,1110,1080,1090,21800,1090
2008-08-07,1110,1130,1090,1110,6500,1110
2008-08-08,1070,1120,1050,1120,21100,1120
2008-08-11,1070,1080,1030,1040,24000,1040
2008-08-12,1020,1100,990,1090,35000,1090
2008-08-13,1050,1050,1040,1050,3500,1050
2008-08-14,1010,1040,680,760,120200,760
2008-08-15,810,830,770,800,70800,800
2008-08-18,800,850,780,820,47800,820
2008-08-19,810,810,710,750,126800,750
2008-08-20,850,1000,780,920,164900,920
2008-08-21,900,930,820,820,68500,820
2008-08-22,840,910,810,830,47500,830
2008-08-25,810,850,800,820,20200,820
2008-08-26,820,820,790,800,9800,800
2008-08-27,800,810,750,760,15900,760
2008-08-28,740,760,680,700,35900,700
2008-08-29,720,770,710,720,19600,720
2008-09-01,720,740,710,710,8900,710
2008-09-02,720,760,710,710,15100,710
2008-09-03,700,700,540,550,63100,550
2008-09-04,560,600,520,560,49400,560
2008-09-05,550,580,500,550,48200,550
2008-09-08,570,630,570,620,23400,620
2008-09-09,610,700,540,550,76200,550
2008-09-10,540,600,540,570,43500,570
2008-09-11,580,580,500,540,67300,540
2008-09-12,560,560,500,510,85700,510
2008-09-16,450,460,360,420,249900,420
2008-09-17,470,470,370,430,158600,430
2008-09-18,400,420,390,420,82400,420
2008-09-19,430,470,420,430,99300,430
2008-09-22,450,460,430,450,88500,450
2008-09-24,500,650,500,630,718600,630
2008-09-25,590,660,550,580,475000,580
2008-09-26,620,660,540,550,420000,550
2008-09-29,550,570,480,480,150000,480
2008-09-30,430,460,410,460,73300,460
2008-10-01,460,470,410,430,49100,430
2008-10-02,400,410,390,400,58900,400
2008-10-03,410,410,390,400,29100,400
2008-10-06,380,380,360,370,57300,370
2008-10-07,310,390,310,340,38300,340
2008-10-08,330,340,310,320,39800,320
2008-10-09,320,330,300,320,22300,320
2008-10-10,300,300,270,290,76300,290
2008-10-14,350,360,330,350,32600,350
2008-10-15,350,350,330,350,11900,350
2008-10-16,310,360,310,330,26900,330
2008-10-17,350,350,330,330,9300,330
2008-10-20,330,330,320,320,12300,320
2008-10-21,330,340,320,320,9000,320
2008-10-22,320,340,310,320,9000,320
2008-10-23,310,320,280,320,22400,320
2008-10-24,320,330,290,290,13800,290
2008-10-27,290,320,280,280,19400,280
2008-10-28,280,290,250,270,29000,270
2008-10-29,300,310,270,270,19000,270
2008-10-30,280,380,280,370,62600,370
2008-10-31,370,380,320,340,35700,340
2008-11-04,320,340,320,320,10700,320
2008-11-05,330,350,320,350,29800,350
2008-11-06,330,340,310,310,13800,310
2008-11-07,310,340,300,320,34200,320
2008-11-10,330,340,320,330,8800,330
2008-11-11,340,380,330,360,21700,360
2008-11-12,360,400,360,380,19900,380
2008-11-13,360,360,340,340,13100,340
2008-11-14,360,360,320,320,16900,320
2008-11-17,320,320,290,300,50300,300
2008-11-18,290,300,280,290,15100,290
2008-11-19,290,290,250,260,53100,260
2008-11-20,250,270,240,260,15700,260
2008-11-21,250,250,230,250,22700,250
2008-11-25,260,260,190,200,98000,200
2008-11-26,210,240,210,230,32500,230
2008-11-27,230,230,210,230,6800,230
2008-11-28,220,220,210,210,5100,210
2008-12-01,210,220,200,200,28500,200
2008-12-02,200,200,190,200,11700,200
2008-12-03,200,210,200,200,4400,200
2008-12-04,200,200,190,190,7900,190
2008-12-05,200,200,190,200,7700,200
2008-12-08,200,200,190,200,6200,200
2008-12-09,200,200,190,190,3000,190
2008-12-10,190,280,190,230,95600,230
2008-12-11,240,240,220,230,34600,230
2008-12-12,220,230,210,220,17800,220
2008-12-15,220,240,220,220,16800,220
2008-12-16,230,280,230,260,72600,260
2008-12-17,260,260,230,240,38600,240
2008-12-18,250,250,230,250,9400,250
2008-12-19,240,240,230,230,13700,230
2008-12-22,210,220,200,220,34100,220
2008-12-24,190,220,190,220,26100,220
2008-12-25,190,210,190,190,19800,190
2008-12-26,200,210,200,200,8000,200
2008-12-29,200,220,200,210,6800,210
2008-12-30,200,210,200,200,2100,200
2009-01-05,210,220,200,220,15400,220
2009-01-06,210,220,210,210,5100,210
2009-01-07,210,230,210,220,18500,220
2009-01-08,220,240,220,230,43700,230
2009-01-09,230,230,220,230,14400,230
2009-01-13,230,240,220,240,22900,240
2009-01-14,240,250,230,250,11800,250
2009-01-15,240,240,210,230,146100,230
2009-01-16,230,230,210,210,32400,210
2009-01-19,220,220,210,210,7200,210
2009-01-20,210,220,210,210,7200,210
2009-01-21,210,220,200,210,11000,210
2009-01-22,210,210,200,200,10600,200
2009-01-23,200,210,190,190,15900,190
2009-01-26,200,200,190,200,16500,200
2009-01-27,200,200,200,200,9600,200
2009-01-28,200,200,200,200,6000,200
2009-01-29,200,210,200,210,12300,210
2009-01-30,210,210,200,210,28100,210
2009-02-02,200,200,190,200,14400,200
2009-02-03,200,210,190,200,12200,200
2009-02-04,200,210,190,200,4000,200
2009-02-05,200,200,200,200,1500,200
2009-02-06,200,200,190,190,7400,190
2009-02-09,200,200,190,190,14400,190
2009-02-10,190,190,180,180,10000,180
2009-02-12,170,180,170,180,16200,180
2009-02-13,170,170,140,170,80400,170
2009-02-16,150,160,150,160,19700,160
2009-02-17,160,160,120,130,62300,130
2009-02-18,130,140,130,130,15500,130
2009-02-19,130,170,130,140,37100,140
2009-02-20,140,140,130,130,8200,130
2009-02-23,130,130,120,120,7400,120
2009-02-24,120,120,90,120,36700,120
2009-02-25,110,120,100,110,9000,110
2009-02-26,120,120,110,120,8700,120
2009-02-27,120,120,110,110,10900,110
2009-03-02,110,110,110,110,3900,110
2009-03-03,120,120,110,110,7000,110
2009-03-04,110,110,110,110,1200,110
2009-03-05,110,130,110,130,5100,130
2009-03-06,110,120,110,120,900,120
2009-03-09,120,120,120,120,2600,120
2009-03-10,130,130,120,130,6900,130
2009-03-11,120,130,110,110,8000,110
2009-03-12,110,120,110,110,1800,110
2009-03-13,120,140,120,120,21800,120
2009-03-16,120,130,120,120,5400,120
2009-03-17,120,130,120,120,3900,120
2009-03-18,120,120,120,120,10300,120
2009-03-19,130,140,130,130,8500,130
2009-03-23,120,130,110,120,17200,120
2009-03-24,120,120,120,120,12000,120
2009-03-25,120,140,110,140,13500,140
2009-03-26,130,140,130,140,6500,140
2009-03-27,140,160,140,150,35600,150
2009-03-30,160,260,160,210,198500,210
2009-03-31,200,200,180,180,57300,180
2009-04-01,190,200,180,190,15800,190
2009-04-02,200,200,190,190,15400,190
2009-04-03,200,230,190,200,74800,200
2009-04-06,200,210,190,190,17900,190
2009-04-07,190,210,190,210,43200,210
2009-04-08,220,220,200,200,11800,200
2009-04-09,200,200,190,200,11900,200
2009-04-10,200,210,200,200,12200,200
2009-04-13,200,240,200,240,47600,240
2009-04-14,250,270,230,240,48700,240
2009-04-15,250,300,250,290,79400,290
2009-04-16,310,310,270,270,69400,270
2009-04-17,270,270,250,260,29500,260
2009-04-20,270,270,260,270,7500,270
2009-04-21,270,270,260,260,15200,260
2009-04-22,260,260,260,260,9400,260
2009-04-23,270,360,270,290,136500,290
2009-04-24,300,300,280,280,22900,280
2009-04-27,270,280,270,270,13900,270
2009-04-28,270,280,270,270,6500,270
2009-04-30,270,300,270,300,35700,300
2009-05-01,300,300,280,280,15500,280
2009-05-07,290,320,290,300,14700,300
2009-05-08,290,300,290,290,19000,290
2009-05-11,310,310,290,300,17600,300
2009-05-12,300,300,270,270,22200,270
2009-05-13,280,280,280,280,5900,280
2009-05-14,280,280,270,270,3600,270
2009-05-15,280,290,280,280,4900,280
2009-05-18,290,290,280,280,9800,280
2009-05-19,290,290,280,280,10400,280
2009-05-20,280,290,280,290,7300,290
2009-05-21,290,290,280,280,11700,280
2009-05-22,280,290,280,280,4000,280
2009-05-25,280,290,280,280,12400,280
2009-05-26,310,370,310,330,175800,330
2009-05-27,330,330,300,320,40500,320
2009-05-28,320,320,300,300,19600,300
2009-05-29,310,310,300,300,9500,300
2009-06-01,300,310,300,300,15200,300
2009-06-02,310,310,290,310,16600,310
2009-06-03,310,320,310,320,18300,320
2009-06-04,320,320,300,310,18700,310
2009-06-05,310,320,310,310,9600,310
2009-06-08,310,320,300,310,32300,310
2009-06-09,310,400,310,370,269700,370
2009-06-10,370,390,340,380,69600,380
2009-06-11,390,410,370,390,57800,390
2009-06-12,400,450,400,410,101800,410
2009-06-15,420,440,400,440,58700,440
2009-06-16,430,430,380,410,72500,410
2009-06-17,390,410,350,370,135700,370
2009-06-18,380,400,360,380,55100,380
2009-06-19,390,390,370,390,19100,390
2009-06-22,390,390,360,380,32300,380
2009-06-23,360,370,350,360,76900,360
2009-06-24,360,370,350,350,23300,350
2009-06-25,350,360,350,350,42200,350
2009-06-26,360,370,350,360,51800,360
2009-06-29,370,430,370,420,277300,420
2009-06-30,420,440,390,410,111600,410
2009-07-01,410,410,390,410,39400,410
2009-07-02,410,410,400,400,39900,400
2009-07-03,400,400,390,390,16100,390
2009-07-06,400,400,370,380,27900,380
2009-07-07,380,380,360,370,55300,370
2009-07-08,360,370,320,340,81000,340
2009-07-09,330,360,320,320,72200,320
2009-07-10,330,340,320,330,37000,330
2009-07-13,330,330,280,280,33000,280
2009-07-14,300,330,300,320,34600,320
2009-07-15,320,320,300,300,34100,300
2009-07-16,310,320,300,300,46500,300
2009-07-17,300,300,280,290,37200,290
2009-07-21,290,300,280,290,18200,290
2009-07-22,290,300,280,300,53800,300
2009-07-23,300,320,290,300,52100,300
2009-07-24,310,310,290,290,35100,290
2009-07-27,290,330,290,300,63600,300
2009-07-28,300,300,290,300,12200,300
2009-07-29,300,320,300,310,22900,310
2009-07-30,310,310,300,310,26800,310
2009-07-31,310,350,300,320,105500,320
2009-08-03,330,340,320,330,44800,330
2009-08-04,340,340,320,330,31700,330
2009-08-05,330,350,330,340,51900,340
2009-08-06,330,340,320,330,49900,330
2009-08-07,320,330,320,320,20000,320
2009-08-10,330,340,320,320,26500,320
2009-08-11,330,340,330,340,20400,340
2009-08-12,330,330,320,320,10200,320
2009-08-13,320,330,320,320,29300,320
2009-08-14,320,330,310,320,16000,320
2009-08-17,310,310,300,310,44300,310
2009-08-18,300,310,300,300,9200,300
2009-08-19,300,310,300,300,24400,300
2009-08-20,310,310,300,300,6300,300
2009-08-21,300,310,300,300,5400,300
2009-08-24,300,310,300,300,17500,300
2009-08-25,310,310,300,300,16100,300
2009-08-26,300,300,280,290,56400,290
2009-08-27,290,300,290,290,12200,290
2009-08-28,290,310,290,310,28900,310
2009-08-31,310,310,300,300,11600,300
2009-09-01,300,320,300,310,32300,310
2009-09-02,310,320,300,320,36400,320
2009-09-03,320,370,320,350,187300,350
2009-09-04,340,350,310,310,90700,310
2009-09-07,310,320,310,320,24400,320
2009-09-08,320,320,300,310,30800,310
2009-09-09,310,350,310,350,55400,350
2009-09-10,350,360,340,340,87100,340
2009-09-11,350,360,310,330,58400,330
2009-09-14,320,330,310,330,28800,330
2009-09-15,330,330,290,300,90600,300
2009-09-16,300,340,300,320,67700,320
2009-09-17,310,330,310,320,62000,320
2009-09-18,310,310,290,300,59800,300
2009-09-24,290,300,280,290,28500,290
2009-09-25,280,310,280,310,41200,310
2009-09-28,300,310,300,300,26400,300
2009-09-29,300,300,270,280,26300,280
2009-09-30,280,280,260,280,21900,280
2009-10-01,280,290,270,270,3600,270
2009-10-02,280,280,240,270,62200,270
2009-10-05,270,270,250,250,4600,250
2009-10-06,250,250,240,250,16900,250
2009-10-07,250,270,250,260,13900,260
2009-10-08,270,280,270,280,20800,280
2009-10-09,280,300,280,290,14000,290
2009-10-13,290,290,270,270,18500,270
2009-10-14,270,270,270,270,10700,270
2009-10-15,270,280,270,270,1400,270
2009-10-16,270,280,270,270,3400,270
2009-10-19,280,280,270,280,900,280
2009-10-20,270,280,260,270,19600,270
2009-10-21,270,280,270,270,1900,270
2009-10-22,270,270,270,270,1900,270
2009-10-23,270,270,270,270,1100,270
2009-10-26,270,270,260,260,13400,260
2009-10-27,260,260,250,260,13000,260
2009-10-28,260,270,250,260,5000,260
2009-10-29,250,260,240,250,27300,250
2009-10-30,260,260,250,250,2800,250
2009-11-02,250,260,240,260,6100,260
2009-11-04,250,250,230,230,45600,230
2009-11-05,240,250,240,250,22500,250
2009-11-06,250,250,230,240,12800,240
2009-11-09,230,230,210,220,54500,220
2009-11-10,220,220,210,220,20400,220
2009-11-11,220,240,220,230,12000,230
2009-11-12,230,240,230,240,10100,240
2009-11-13,240,240,220,220,6100,220
2009-11-16,230,230,190,200,41400,200
2009-11-17,200,200,180,200,30000,200
2009-11-18,180,190,170,170,15500,170
2009-11-19,160,170,150,160,43800,160
2009-11-20,160,190,160,190,42000,190
2009-11-24,180,190,180,190,4700,190
2009-11-25,190,200,180,190,19400,190
2009-11-26,200,210,190,200,6800,200
2009-11-27,210,230,200,220,37000,220
2009-11-30,220,220,220,220,8800,220
2009-12-01,220,220,200,220,20000,220
2009-12-02,290,520,280,500,2356300,500
2009-12-03,450,730,440,560,3790000,560
2009-12-04,590,630,470,480,1604600,480
2009-12-07,520,560,490,540,851300,540
2009-12-08,540,580,510,540,794900,540
2009-12-09,730,780,650,650,2871000,650
2009-12-10,640,680,590,640,1839700,640
2009-12-11,640,650,490,500,2741300,500
2009-12-14,490,510,430,430,1280800,430
2009-12-15,450,480,410,460,1689100,460
2009-12-16,450,460,390,400,1580900,400
2009-12-17,400,420,370,390,1538800,390
2009-12-18,380,400,360,370,1218700,370
2009-12-21,380,400,340,350,2001200,350
2009-12-22,350,350,320,340,1305900,340
2009-12-24,340,350,310,330,1075400,330
2009-12-25,330,330,290,300,877800,300
2009-12-28,300,340,300,310,1046900,310
2009-12-29,320,340,300,340,615800,340
2009-12-30,340,350,320,320,694600,320
2010-01-04,320,320,300,310,258900,310
2010-01-05,310,330,290,320,682800,320
2010-01-06,330,330,300,310,574600,310
2010-01-07,310,310,290,300,338800,300
2010-01-08,290,300,270,290,670400,290
2010-01-12,290,290,270,280,315700,280
2010-01-13,270,280,250,260,382600,260
2010-01-14,260,270,250,260,501500,260
2010-01-15,260,270,250,260,371100,260
2010-01-18,270,320,260,320,1608600,320
2010-01-19,330,340,300,300,1184300,300
2010-01-20,290,310,280,300,693800,300
2010-01-21,300,320,290,310,286200,310
2010-01-22,310,360,300,350,1425200,350
2010-01-25,340,380,320,330,1625700,330
2010-01-26,320,340,310,320,495400,320
2010-01-27,320,340,300,310,506800,310
2010-01-28,310,320,300,300,299600,300
2010-01-29,300,310,280,290,319100,290
2010-02-01,290,290,270,290,229300,290
2010-02-02,290,300,280,290,212800,290
2010-02-03,290,320,280,310,422500,310
2010-02-04,310,320,300,320,178300,320
2010-02-05,300,310,290,300,238900,300
2010-02-08,300,300,280,280,286400,280
2010-02-09,290,310,290,290,245000,290
2010-02-10,290,300,280,290,142200,290
2010-02-12,300,320,300,320,310100,320
2010-02-15,310,310,290,300,211500,300
2010-02-16,300,300,290,300,83500,300
2010-02-17,300,330,300,310,505900,310
2010-02-18,310,320,300,310,166000,310
2010-02-19,310,310,280,290,622000,290
2010-02-22,290,300,280,280,143400,280
2010-02-23,290,290,270,290,188700,290
2010-02-24,280,290,280,280,140700,280
2010-02-25,280,280,270,280,41500,280
2010-02-26,270,280,270,270,66900,270
2010-03-01,270,270,260,260,100600,260
2010-03-02,260,280,260,280,126800,280
2010-03-03,280,290,270,290,111400,290
2010-03-04,290,300,280,280,201400,280
2010-03-05,280,280,270,270,192100,270
2010-03-08,270,290,270,280,165500,280
2010-03-09,280,280,270,270,24800,270
2010-03-10,270,280,270,270,118000,270
2010-03-11,270,280,270,270,60100,270
2010-03-12,270,280,270,270,39900,270
2010-03-15,270,280,260,270,111300,270
2010-03-16,280,310,280,300,907500,300
2010-03-17,300,310,280,290,331000,290
2010-03-18,290,290,280,290,62300,290
2010-03-19,280,290,280,280,53300,280
2010-03-23,280,290,280,280,66600,280
2010-03-24,290,290,280,280,50800,280
2010-03-25,280,280,270,280,66500,280
2010-03-26,280,290,270,290,173700,290
2010-03-29,290,300,280,280,68300,280
2010-03-30,290,300,290,290,94100,290
2010-03-31,290,320,290,310,759500,310
2010-04-01,310,310,290,300,245400,300
2010-04-02,300,300,290,300,154900,300
2010-04-05,300,320,300,320,409000,320
2010-04-06,320,340,320,340,537800,340
2010-04-07,350,420,340,420,2144800,420
2010-04-08,430,440,370,390,1435400,390
2010-04-09,380,410,380,390,620600,390
2010-04-12,390,400,360,370,751100,370
2010-04-13,370,370,350,360,339700,360
2010-04-14,360,450,350,430,1792000,430
2010-04-15,430,470,420,430,1346500,430
2010-04-16,430,460,430,460,674700,460
2010-04-19,470,530,460,510,2221600,510
2010-04-20,500,510,470,480,921900,480
2010-04-21,440,470,410,440,1299300,440
2010-04-22,460,470,430,460,533300,460
2010-04-23,430,470,430,460,577200,460
2010-04-26,460,510,460,510,738500,510
2010-04-27,510,510,470,470,721300,470
2010-04-28,450,470,440,460,486100,460
2010-04-30,460,460,420,430,379300,430
2010-05-06,410,430,400,420,204700,420
2010-05-07,380,400,350,390,649700,390
2010-05-10,410,440,400,410,275700,410
2010-05-11,430,440,390,400,302300,400
2010-05-12,390,420,380,390,275400,390
2010-05-13,400,440,400,440,507900,440
2010-05-14,430,460,410,460,604700,460
2010-05-17,430,440,410,420,302900,420
2010-05-18,430,440,390,390,224800,390
2010-05-19,390,410,360,400,293900,400
2010-05-20,410,440,410,420,357600,420
2010-05-21,400,430,390,420,278700,420
2010-05-24,430,430,400,400,210600,400
2010-05-25,410,410,380,390,268200,390
2010-05-26,390,400,380,390,130600,390
2010-05-27,390,410,380,410,137900,410
2010-05-28,420,430,410,420,145000,420
2010-05-31,430,430,420,430,128900,430
2010-06-01,430,440,410,420,306400,420
2010-06-02,420,420,400,410,98800,410
2010-06-03,410,430,410,430,83100,430
2010-06-04,430,430,410,420,108100,420
2010-06-07,420,460,410,430,379100,430
2010-06-08,420,430,410,430,147300,430
2010-06-09,460,480,440,450,967100,450
2010-06-10,450,460,440,450,107800,450
2010-06-11,460,490,450,480,427800,480
2010-06-14,490,520,480,500,724900,500
2010-06-15,490,490,470,490,258300,490
2010-06-16,490,500,480,490,158800,490
2010-06-17,490,490,460,470,285700,470
2010-06-18,480,510,480,510,521900,510
2010-06-21,530,540,510,530,514400,530
2010-06-22,530,540,510,530,292500,530
2010-06-23,540,580,510,520,1426400,520
2010-06-24,510,530,490,520,334700,520
2010-06-25,510,540,460,490,439000,490
2010-06-28,500,510,470,480,156100,480
2010-06-29,480,500,460,480,205400,480
2010-06-30,470,520,460,520,215800,520
2010-07-01,530,560,520,560,615300,560
2010-07-02,570,630,560,610,1074100,610
2010-07-05,630,640,580,600,958000,600
2010-07-06,580,600,540,580,785400,580
2010-07-07,570,570,530,560,561700,560
2010-07-08,570,570,560,560,180100,560
2010-07-09,560,560,530,540,278400,540
2010-07-12,530,570,530,560,182400,560
2010-07-13,560,570,550,560,114700,560
2010-07-14,560,570,500,520,444000,520
2010-07-15,500,500,400,440,1940700,440
2010-07-16,420,420,380,380,902200,380
2010-07-20,380,410,370,380,631000,380
2010-07-21,390,390,360,360,433800,360
2010-07-22,350,350,310,320,1385700,320
2010-07-23,320,360,310,350,911100,350
2010-07-26,360,360,330,330,434800,330
2010-07-27,340,370,330,350,553200,350
2010-07-28,350,360,340,350,187100,350
2010-07-29,350,350,330,340,251700,340
2010-07-30,340,340,330,330,90600,330
2010-08-02,330,340,320,330,181600,330
2010-08-03,330,340,320,330,137900,330
2010-08-04,330,330,320,320,141700,320
2010-08-05,330,350,310,330,424400,330
2010-08-06,330,340,320,340,98900,340
2010-08-09,340,340,330,330,64100,330
2010-08-10,340,370,330,360,516900,360
2010-08-11,340,350,320,330,569100,330
2010-08-12,320,320,300,320,386100,320
2010-08-13,320,330,310,320,68700,320
2010-08-16,320,320,310,320,53300,320
2010-08-17,320,320,300,310,175300,310
2010-08-18,310,310,290,310,291200,310
2010-08-19,300,310,290,310,107200,310
2010-08-20,300,310,300,310,91000,310
2010-08-23,300,300,290,290,87000,290
2010-08-24,290,290,280,290,182700,290
2010-08-25,280,290,280,280,112200,280
2010-08-26,300,300,290,290,74300,290
2010-08-27,290,300,280,300,83700,300
2010-08-30,300,320,300,310,176400,310
2010-08-31,310,320,300,300,85000,300
2010-09-01,300,310,300,300,89900,300
2010-09-02,310,320,300,320,88800,320
2010-09-03,320,350,310,330,444700,330
2010-09-06,340,340,320,330,131600,330
2010-09-07,330,340,320,340,73600,340
2010-09-08,330,330,320,330,41600,330
2010-09-09,330,330,310,330,145500,330
2010-09-10,320,340,310,340,148400,340
2010-09-13,340,360,330,340,317500,340
2010-09-14,340,360,330,330,378900,330
2010-09-15,330,340,320,340,109400,340
2010-09-16,330,330,320,330,58300,330
2010-09-17,320,330,300,310,289600,310
2010-09-21,290,300,280,290,390800,290
2010-09-22,290,300,290,300,152300,300
2010-09-24,300,300,290,300,237800,300
2010-09-27,300,300,260,270,333500,270
2010-09-28,260,270,260,270,180500,270
2010-09-29,270,290,270,280,88400,280
2010-09-30,290,290,270,280,80100,280
2010-10-01,270,280,270,270,88000,270
2010-10-04,280,280,270,280,39300,280
2010-10-05,270,280,270,270,60400,270
2010-10-06,280,280,270,270,22000,270
2010-10-07,270,280,270,270,33500,270
2010-10-08,280,300,280,290,356600,290
2010-10-12,300,300,280,280,103000,280
2010-10-13,280,290,280,280,57900,280
2010-10-14,280,290,270,270,79100,270
2010-10-15,270,290,270,270,44000,270
2010-10-18,270,280,270,270,6500,270
2010-10-19,270,280,270,270,37600,270
2010-10-20,270,280,260,280,57600,280
2010-10-21,270,280,270,270,26700,270
2010-10-22,270,280,260,270,73100,270
2010-10-25,270,270,260,270,30300,270
2010-10-26,260,270,260,260,34900,260
2010-10-27,270,270,260,260,40900,260
2010-10-28,260,270,260,260,10600,260
2010-10-29,260,270,260,260,28800,260
2010-11-01,270,270,260,260,21100,260
2010-11-02,260,270,260,260,70900,260
2010-11-04,260,270,250,260,36800,260
2010-11-05,260,270,250,270,105700,270
2010-11-08,270,280,270,280,33100,280
2010-11-09,280,300,280,300,183200,300
2010-11-10,300,310,290,290,73100,290
2010-11-11,290,300,280,300,89000,300
2010-11-12,300,300,290,290,82800,290
2010-11-15,300,330,290,330,399300,330
2010-11-16,340,340,320,330,175100,330
2010-11-17,320,320,310,310,77400,310
2010-11-18,310,340,310,340,126700,340
2010-11-19,330,330,320,330,132200,330
2010-11-22,330,330,320,320,101600,320
2010-11-24,310,310,290,300,235000,300
2010-11-25,300,330,300,330,188200,330
2010-11-26,320,320,310,310,38300,310
2010-11-29,310,320,300,310,59600,310
2010-11-30,310,320,300,310,39500,310
2010-12-01,320,320,310,320,27000,320
2010-12-02,320,320,310,310,43800,310
2010-12-03,310,320,310,310,7300,310
2010-12-06,310,320,310,310,50900,310
2010-12-07,310,320,300,310,51400,310
2010-12-08,310,340,310,340,404800,340
2010-12-09,340,340,310,320,261900,320
2010-12-10,320,330,310,320,162900,320
2010-12-13,320,320,310,310,84300,310
2010-12-14,310,320,310,310,87500,310
2010-12-15,320,340,310,330,426100,330
2010-12-16,330,350,320,340,286700,340
2010-12-17,340,350,320,330,254800,330
2010-12-20,330,330,310,320,121300,320
2010-12-21,320,330,310,320,71000,320
2010-12-22,320,320,310,320,120300,320
2010-12-24,320,320,310,310,63500,310
2010-12-27,310,320,300,320,98300,320
2010-12-28,310,320,310,310,20000,310
2010-12-29,310,320,310,310,36600,310
2010-12-30,300,310,300,300,49900,300
2011-01-04,310,320,300,310,36500,310
2011-01-05,310,320,300,310,58500,310
2011-01-06,310,320,310,320,39500,320
2011-01-07,320,320,310,310,21200,310
2011-01-11,310,330,310,320,259800,320
2011-01-12,330,330,310,320,185500,320
2011-01-13,320,320,310,310,46600,310
2011-01-14,310,320,310,310,52000,310
2011-01-17,310,320,310,310,29700,310
2011-01-18,320,330,310,330,98500,330
2011-01-19,330,330,310,320,108800,320
2011-01-20,320,320,310,320,22900,320
2011-01-21,320,320,310,310,51800,310
2011-01-24,310,330,310,330,193200,330
2011-01-25,320,340,320,330,423100,330
2011-01-26,330,340,320,330,156100,330
2011-01-27,330,340,320,320,99400,320
2011-01-28,330,330,320,320,72500,320
2011-01-31,320,320,310,310,98900,310
2011-02-01,320,320,310,320,16800,320
2011-02-02,320,340,320,330,256000,330
2011-02-03,330,340,320,340,145900,340
2011-02-04,330,340,330,340,65300,340
2011-02-07,340,340,330,330,39000,330
2011-02-08,340,360,330,360,634900,360
2011-02-09,370,380,350,350,507700,350
2011-02-10,360,370,340,350,289900,350
2011-02-14,360,360,330,340,445300,340
2011-02-15,330,350,330,340,103600,340
2011-02-16,350,360,330,340,243100,340
2011-02-17,340,340,330,330,196900,330
2011-02-18,330,330,320,330,134600,330
2011-02-21,330,330,320,320,77100,320
2011-02-22,320,330,320,320,157000,320
2011-02-23,320,330,310,320,77700,320
2011-02-24,320,330,310,320,89300,320
2011-02-25,310,330,310,320,40600,320
2011-02-28,320,330,320,320,71600,320
2011-03-01,330,340,320,330,61200,330
2011-03-02,330,340,320,330,37200,330
2011-03-03,330,330,320,330,28100,330
2011-03-04,330,340,320,340,69900,340
2011-03-07,330,340,320,330,56700,330
2011-03-08,340,340,320,330,61900,330
2011-03-09,340,360,320,350,356000,350
2011-03-10,350,350,330,340,251500,340
2011-03-11,330,340,330,330,82700,330
2011-03-14,230,270,230,230,766200,230
2011-03-15,230,240,130,160,770200,160
2011-03-16,160,220,160,210,532200,210
2011-03-17,200,220,190,210,218400,210
2011-03-18,220,250,220,240,206100,240
2011-03-22,260,280,250,270,297300,270
2011-03-23,270,270,250,250,167200,250
2011-03-24,250,260,240,240,145100,240
2011-03-25,240,250,240,240,76600,240
2011-03-28,240,240,220,230,122900,230
2011-03-29,210,230,190,230,287400,230
2011-03-30,230,230,220,230,34100,230
2011-03-31,230,240,220,230,47700,230
2011-04-01,230,240,230,230,48500,230
2011-04-04,230,240,220,230,33400,230
2011-04-05,230,230,220,230,35800,230
2011-04-06,220,230,210,220,52800,220
2011-04-07,210,220,200,210,124500,210
2011-04-08,200,210,200,210,74500,210
2011-04-11,210,210,210,210,31600,210
2011-04-12,210,220,200,210,28900,210
2011-04-13,210,210,200,200,16100,200
2011-04-14,200,210,200,210,25700,210
2011-04-15,210,220,200,210,37100,210
2011-04-18,210,250,210,230,347100,230
2011-04-19,230,240,220,230,51800,230
2011-04-20,240,240,230,240,52200,240
2011-04-21,240,240,230,230,68400,230
2011-04-22,240,260,230,250,291200,250
2011-04-25,260,270,250,260,274500,260
2011-04-26,250,260,240,240,86200,240
2011-04-27,240,250,230,230,46100,230
2011-04-28,240,250,240,240,26800,240
2011-05-02,240,250,240,240,51800,240
2011-05-06,240,240,220,220,73000,220
2011-05-09,230,240,230,230,33200,230
2011-05-10,230,240,220,230,42900,230
2011-05-11,230,240,230,230,20400,230
2011-05-12,230,240,220,230,36200,230
2011-05-13,230,240,220,230,19400,230
2011-05-16,230,230,220,220,31800,220
2011-05-17,220,220,220,220,51300,220
2011-05-18,230,250,220,240,206800,240
2011-05-19,250,250,230,240,44800,240
2011-05-20,240,260,240,260,178100,260
2011-05-23,250,260,240,250,107000,250
2011-05-24,250,250,240,240,65500,240
2011-05-25,250,280,250,280,291700,280
2011-05-26,280,280,250,250,131700,250
2011-05-27,260,270,250,270,65000,270
2011-05-30,270,270,260,260,89500,260
2011-05-31,260,270,250,260,36800,260
2011-06-01,270,270,260,260,26400,260
2011-06-02,260,260,250,260,25400,260
2011-06-03,260,260,250,260,14300,260
2011-06-06,250,260,240,250,59800,250
2011-06-07,240,250,240,240,26400,240
2011-06-08,240,250,230,240,57000,240
2011-06-09,230,250,230,250,42000,250
2011-06-10,240,260,240,250,38800,250
2011-06-13,240,250,230,240,39000,240
2011-06-14,240,250,230,240,19200,240
2011-06-15,240,250,240,240,24600,240
2011-06-16,240,250,230,250,16500,250
2011-06-17,250,250,240,240,56700,240
2011-06-20,250,250,240,250,11900,250
2011-06-21,250,250,240,240,9800,240
2011-06-22,250,250,240,240,26300,240
2011-06-23,240,250,230,240,29000,240
2011-06-24,240,250,240,240,9700,240
2011-06-27,240,250,240,240,24300,240
2011-06-28,240,250,240,240,22900,240
2011-06-29,250,280,240,260,516400,260
2011-06-30,260,270,250,270,85100,270
2011-07-01,260,270,250,270,35000,270
2011-07-04,260,270,250,260,49200,260
2011-07-05,260,270,260,270,34300,270
2011-07-06,270,320,270,320,1042300,320
2011-07-07,320,320,290,310,350900,310
2011-07-08,300,300,290,300,83400,300
2011-07-11,300,300,280,290,79000,290
2011-07-12,290,290,270,280,124900,280
2011-07-13,280,290,270,280,31200,280
2011-07-14,280,290,270,290,29700,290
2011-07-15,280,290,280,280,36200,280
2011-07-19,280,280,270,280,47200,280
2011-07-20,280,280,270,280,20800,280
2011-07-21,280,280,260,260,94400,260
2011-07-22,260,280,260,270,78700,270
2011-07-25,270,280,260,270,29700,270
2011-07-26,270,270,260,260,22900,260
2011-07-27,260,270,250,260,166500,260
2011-07-28,250,270,250,270,127500,270
2011-07-29,260,270,250,250,108500,250
2011-08-01,250,260,250,250,30700,250
2011-08-02,250,250,240,250,48500,250
2011-08-03,250,250,240,250,23900,250
2011-08-04,250,250,240,240,21600,240
2011-08-05,230,240,220,240,151500,240
2011-08-08,230,240,220,220,64300,220
2011-08-09,210,210,190,210,159300,210
2011-08-10,220,230,210,220,65000,220
2011-08-11,220,230,220,230,24800,230
2011-08-12,220,230,220,220,53700,220
2011-08-15,220,230,210,220,47800,220
2011-08-16,220,230,210,210,40800,210
2011-08-17,220,230,220,230,43200,230
2011-08-18,220,230,220,230,17900,230
2011-08-19,220,230,210,230,33100,230
2011-08-22,210,220,210,220,32200,220
2011-08-23,220,220,210,210,102700,210
2011-08-24,210,220,200,210,52700,210
2011-08-25,210,230,210,220,109200,220
2011-08-26,220,270,220,250,506200,250
2011-08-29,240,250,230,240,82200,240
2011-08-30,240,240,230,230,45400,230
2011-08-31,240,250,230,250,60500,250
2011-09-01,250,260,240,240,30700,240
2011-09-02,240,260,240,250,98300,250
2011-09-05,240,280,240,270,214100,270
2011-09-06,270,270,250,250,64800,250
2011-09-07,250,260,250,260,32200,260
2011-09-08,260,260,250,260,45700,260
2011-09-09,260,260,240,240,32100,240
2011-09-12,240,250,240,250,36900,250
2011-09-13,250,260,240,250,15100,250
2011-09-14,250,260,230,230,229500,230
2011-09-15,230,240,230,230,56700,230
2011-09-16,230,230,220,230,55700,230
2011-09-20,220,230,200,200,400900,200
2011-09-21,210,220,200,220,66600,220
2011-09-22,220,220,200,210,108200,210
2011-09-26,210,210,190,200,110100,200
2011-09-27,200,200,190,190,46400,190
2011-09-28,200,200,190,200,41200,200
2011-09-29,220,240,210,230,300900,230
2011-09-30,240,260,230,250,347200,250
2011-10-03,250,260,230,260,181500,260
2011-10-04,250,250,240,240,109400,240
2011-10-05,240,250,230,230,95300,230
2011-10-06,240,240,230,240,30500,240
2011-10-07,240,240,230,240,107200,240
2011-10-11,240,250,230,250,35800,250
2011-10-12,250,250,240,240,44100,240
2011-10-13,240,240,240,240,67100,240
2011-10-14,240,250,240,240,23000,240
2011-10-17,240,240,230,240,50800,240
2011-10-18,240,240,230,230,53300,230
2011-10-19,230,250,230,250,102600,250
2011-10-20,250,280,250,280,737400,280
2011-10-21,290,290,270,280,578300,280
2011-10-24,280,310,280,290,550700,290
2011-10-25,290,300,270,280,205400,280
2011-10-26,270,280,270,270,94200,270
2011-10-27,270,280,270,270,132700,270
2011-10-28,280,300,280,300,164200,300
2011-10-31,300,350,300,320,1168500,320
2011-11-01,310,310,290,290,344200,290
2011-11-02,300,350,290,340,640500,340
2011-11-04,350,370,330,360,981200,360
2011-11-07,360,360,330,340,340000,340
2011-11-08,340,340,300,310,356100,310
2011-11-09,310,330,310,330,91700,330
2011-11-10,320,340,310,330,122600,330
2011-11-11,330,350,330,350,116600,350
2011-11-14,330,340,320,330,172100,330
2011-11-15,320,330,310,330,60000,330
2011-11-16,320,330,290,290,157400,290
2011-11-17,290,290,270,280,189700,280
2011-11-18,280,290,270,280,80600,280
2011-11-21,280,320,280,300,130100,300
2011-11-22,300,300,280,300,103900,300
2011-11-24,290,290,280,290,51800,290
2011-11-25,290,310,290,310,61000,310
2011-11-28,310,310,300,310,50400,310
2011-11-29,300,310,290,310,68500,310
2011-11-30,300,300,290,300,37100,300
2011-12-01,310,310,290,300,43800,300
2011-12-02,290,300,290,300,78300,300
2011-12-05,290,300,290,300,23700,300
2011-12-06,290,300,280,290,84400,290
2011-12-07,300,300,290,300,40900,300
2011-12-08,300,320,300,320,164100,320
2011-12-09,320,330,310,310,91300,310
2011-12-12,320,320,310,310,37700,310
2011-12-13,310,310,300,310,97500,310
2011-12-14,300,310,290,310,51200,310
2011-12-15,300,310,290,300,13400,300
2011-12-16,290,290,280,280,105400,280
2011-12-19,280,280,270,280,24400,280
2011-12-20,280,290,280,290,32100,290
2011-12-21,290,290,280,290,41400,290
2011-12-22,290,300,280,300,19300,300
2011-12-26,290,300,280,280,31600,280
2011-12-27,280,290,270,280,43500,280
2011-12-28,270,300,270,300,87200,300
2011-12-29,300,310,300,310,32100,310
2011-12-30,310,330,310,330,159500,330
2012-01-04,330,340,310,330,155600,330
2012-01-05,320,320,310,320,51900,320
2012-01-06,310,320,310,320,78400,320
2012-01-10,340,350,320,340,231100,340
2012-01-11,330,340,320,340,79700,340
2012-01-12,330,340,320,340,101800,340
2012-01-13,330,330,320,330,56900,330
2012-01-16,320,320,300,310,102800,310
2012-01-17,310,320,300,310,57100,310
2012-01-18,300,320,290,320,110600,320
2012-01-19,320,330,310,310,102200,310
2012-01-20,310,320,310,320,26800,320
2012-01-23,310,320,300,320,65700,320
2012-01-24,320,330,310,330,122500,330
2012-01-25,320,330,320,330,49300,330
2012-01-26,330,330,310,320,38900,320
2012-01-27,310,320,310,320,45400,320
2012-01-30,320,320,310,310,35700,310
2012-01-31,320,330,310,330,64600,330
2012-02-01,330,330,320,330,29900,330
2012-02-02,330,350,330,340,294100,340
2012-02-03,340,350,330,340,110900,340
2012-02-06,340,350,330,340,64100,340
2012-02-07,340,340,330,330,70600,330
2012-02-08,340,350,330,350,158300,350
2012-02-09,350,400,350,380,1407900,380
2012-02-10,400,420,360,380,1147700,380
2012-02-13,370,380,360,370,232000,370
2012-02-14,370,370,360,360,139900,360
2012-02-15,370,370,360,360,88300,360
2012-02-16,370,420,370,390,614900,390
2012-02-17,390,400,380,380,242000,380
2012-02-20,390,400,370,380,199600,380
2012-02-21,380,380,370,370,154700,370
2012-02-22,370,380,360,380,144000,380
2012-02-23,380,380,360,370,129200,370
2012-02-24,370,370,340,360,251700,360
2012-02-27,350,360,340,350,165800,350
2012-02-28,350,350,340,350,45500,350
2012-02-29,350,360,350,350,90200,350
2012-03-01,350,370,350,360,113600,360
2012-03-02,360,370,340,350,144200,350
2012-03-05,350,360,350,350,58300,350
2012-03-06,350,350,340,350,47700,350
2012-03-07,350,350,330,340,86900,340
2012-03-08,310,320,290,310,580000,310
2012-03-09,320,320,310,320,85100,320
2012-03-12,310,320,310,310,103000,310
2012-03-13,310,310,300,300,181900,300
2012-03-14,300,310,290,310,72300,310
2012-03-15,310,320,310,310,74100,310
2012-03-16,310,310,300,300,38100,300
2012-03-19,310,310,300,300,21900,300
2012-03-21,300,300,300,300,51300,300
2012-03-22,300,300,290,290,14200,290
2012-03-23,290,290,280,280,82000,280
2012-03-26,280,290,280,280,75400,280
2012-03-27,290,290,280,290,28700,290
2012-03-28,280,290,280,290,19200,290
2012-03-29,330,340,310,320,319100,320
2012-03-30,320,320,310,310,61300,310
2012-04-02,310,320,300,300,76700,300
2012-04-03,300,300,300,300,49300,300
2012-04-04,300,310,300,310,27900,310
2012-04-05,300,310,300,310,12000,310
2012-04-06,300,310,300,310,32100,310
2012-04-09,310,310,300,300,110100,300
2012-04-10,300,310,300,310,20300,310
2012-04-11,300,310,300,300,24100,300
2012-04-12,300,300,300,300,26900,300
2012-04-13,300,310,300,310,24900,310
2012-04-16,310,320,310,310,52900,310
2012-04-17,310,320,300,300,52500,300
2012-04-18,300,310,300,300,12500,300
2012-04-19,300,310,300,300,45800,300
2012-04-20,300,320,300,320,67500,320
2012-04-23,310,320,310,310,23100,310
2012-04-24,310,310,300,300,27000,300
2012-04-25,300,310,300,300,13700,300
2012-04-26,300,300,290,290,37700,290
2012-04-27,290,310,290,310,70300,310
2012-05-01,310,310,300,300,18100,300
2012-05-02,310,320,300,310,61400,310
2012-05-07,300,300,290,290,48100,290
2012-05-08,290,300,290,290,36900,290
2012-05-09,300,300,280,290,47300,290
2012-05-10,280,290,280,280,23000,280
2012-05-11,280,300,280,290,83600,290
2012-05-14,280,280,260,260,124400,260
2012-05-15,250,250,230,230,124900,230
2012-05-16,230,240,230,240,55700,240
2012-05-17,250,270,240,270,40600,270
2012-05-18,260,270,260,270,31500,270
2012-05-21,270,270,260,270,5600,270
2012-05-22,260,270,260,270,4100,270
2012-05-23,270,270,260,260,22500,260
2012-05-24,260,260,260,260,16900,260
2012-05-25,260,270,250,250,4300,250
2012-05-28,260,260,240,250,64000,250
2012-05-29,240,250,240,250,13700,250
2012-05-30,250,250,240,250,17400,250
2012-05-31,240,250,240,250,5500,250
2012-06-01,250,250,230,240,47800,240
2012-06-04,230,240,230,240,52900,240
2012-06-05,240,240,240,240,24400,240
2012-06-06,240,250,240,250,58500,250
2012-06-07,250,250,240,250,26900,250
2012-06-08,250,250,230,230,128500,230
2012-06-11,230,230,220,230,133600,230
2012-06-12,230,230,220,230,62700,230
2012-06-13,230,230,230,230,23700,230
2012-06-14,230,240,230,230,12200,230
2012-06-15,230,240,220,230,13600,230
2012-06-18,230,250,230,240,83500,240
2012-06-19,250,250,240,240,19800,240
2012-06-20,240,250,240,240,46100,240
2012-06-21,240,240,230,240,24600,240
2012-06-22,230,240,230,230,41100,230
2012-06-25,230,250,230,240,151200,240
2012-06-26,240,240,230,240,10500,240
2012-06-27,240,260,230,250,155100,250
2012-06-28,260,260,240,250,58200,250
2012-06-29,250,250,240,250,61000,250
2012-07-02,250,270,250,260,79500,260
2012-07-03,260,260,260,260,23200,260
2012-07-04,260,260,240,260,72600,260
2012-07-05,250,250,240,240,36800,240
2012-07-06,240,250,240,250,8800,250
2012-07-09,240,250,240,240,57700,240
2012-07-10,240,240,230,240,21100,240
2012-07-11,240,240,230,240,33200,240
2012-07-12,240,240,230,230,14600,230
2012-07-13,230,240,230,240,6500,240
2012-07-17,240,240,230,240,24700,240
2012-07-18,240,240,230,230,9100,230
2012-07-19,230,240,230,230,6000,230
2012-07-20,230,240,230,240,62800,240
2012-07-23,230,230,210,210,137500,210
2012-07-24,210,230,200,210,142200,210
2012-07-25,220,220,210,220,8800,220
2012-07-26,210,220,210,210,18700,210
2012-07-27,220,220,210,210,20700,210
2012-07-30,210,210,200,200,71300,200
2012-07-31,200,200,190,200,108000,200
2012-08-01,200,210,190,200,37900,200
2012-08-02,200,210,200,210,7700,210
2012-08-03,200,200,190,200,21300,200
2012-08-06,200,200,190,190,62000,190
2012-08-07,190,200,190,190,28200,190
2012-08-08,190,200,190,190,42100,190
2012-08-09,190,200,190,190,39000,190
2012-08-10,190,220,190,200,133000,200
2012-08-13,210,210,200,210,60500,210
2012-08-14,210,220,200,210,22900,210
2012-08-15,210,220,210,210,15300,210
2012-08-16,210,220,200,210,48500,210
2012-08-17,210,210,200,210,15400,210
2012-08-20,210,210,200,200,35600,200
2012-08-21,200,210,200,200,8200,200
2012-08-22,200,210,200,200,42700,200
2012-08-23,200,210,200,200,18100,200
2012-08-24,200,210,190,210,51900,210
2012-08-27,210,210,200,200,30300,200
2012-08-28,200,210,200,200,35100,200
2012-08-29,200,200,190,200,24600,200
2012-08-30,200,200,180,190,137700,190
2012-08-31,190,200,180,200,37700,200
2012-09-03,190,190,190,190,23700,190
2012-09-04,190,190,180,190,17000,190
2012-09-05,190,200,190,200,12600,200
2012-09-06,190,200,190,190,64700,190
2012-09-07,190,200,190,190,13100,190
2012-09-10,190,200,180,190,37800,190
2012-09-11,190,200,190,190,10400,190
2012-09-12,190,200,180,190,7700,190
2012-09-13,190,200,190,190,9500,190
2012-09-14,190,200,190,190,10000,190
2012-09-18,190,200,190,190,39000,190
2012-09-19,190,210,190,200,74100,200
2012-09-20,210,220,210,220,99000,220
2012-09-21,220,220,210,210,30500,210
2012-09-24,210,230,210,230,81800,230
2012-09-25,230,240,220,220,35000,220
2012-09-26,230,250,230,240,109900,240
2012-09-27,240,290,230,270,467100,270
2012-09-28,280,280,250,270,262100,270
2012-10-01,260,270,240,250,154800,250
2012-10-02,250,260,240,260,75600,260
2012-10-03,250,260,250,250,25700,250
2012-10-04,250,250,230,230,138200,230
2012-10-05,230,230,220,220,47200,220
2012-10-09,230,240,220,230,57800,230
2012-10-10,230,240,220,230,12000,230
2012-10-11,230,230,230,230,6100,230
2012-10-12,230,240,220,220,27800,220
2012-10-15,220,230,210,220,54700,220
2012-10-16,220,240,220,230,29600,230
2012-10-17,230,240,220,220,87500,220
2012-10-18,220,220,210,220,54700,220
2012-10-19,220,230,210,230,17200,230
2012-10-22,220,230,220,220,7700,220
2012-10-23,220,230,210,210,21500,210
2012-10-24,220,230,220,220,16300,220
2012-10-25,220,220,210,210,38300,210
2012-10-26,220,220,200,210,81900,210
2012-10-29,210,220,200,200,33200,200
2012-10-30,210,210,200,200,45400,200
2012-10-31,210,210,210,210,27000,210
2012-11-01,210,210,190,200,139700,200
2012-11-02,200,200,200,200,14100,200
2012-11-05,200,210,200,200,14500,200
2012-11-06,200,200,200,200,21300,200
2012-11-07,200,200,190,200,84800,200
2012-11-08,200,200,190,200,36900,200
2012-11-09,200,210,190,210,79800,210
2012-11-12,210,220,200,210,85600,210
2012-11-13,220,220,200,210,48600,210
2012-11-14,210,210,200,210,27400,210
2012-11-15,210,220,210,210,20900,210
2012-11-16,210,210,200,210,23200,210
2012-11-20,210,230,210,210,73700,210
2012-11-21,210,220,210,210,9700,210
2012-11-22,220,220,210,220,42200,220
2012-11-26,230,230,220,220,54100,220
2012-11-27,220,220,210,220,21100,220
2012-11-28,220,220,210,220,25500,220
2012-11-29,220,230,210,220,67900,220
2012-11-30,220,230,210,220,25100,220
2012-12-03,220,220,210,220,32500,220
2012-12-04,220,220,210,210,3400,210
2012-12-05,210,230,210,220,42800,220
2012-12-06,220,230,220,220,18900,220
2012-12-07,220,230,220,230,12700,230
2012-12-10,230,230,220,220,50300,220
2012-12-11,220,230,220,220,23300,220
2012-12-12,220,230,220,220,5700,220
2012-12-13,220,230,220,220,15500,220
2012-12-14,220,250,220,240,164800,240
2012-12-17,250,270,240,260,447100,260
2012-12-18,260,260,240,240,195800,240
2012-12-19,240,250,230,240,83000,240
2012-12-20,240,240,230,240,38200,240
2012-12-21,240,240,230,230,84900,230
2012-12-25,240,270,240,270,267800,270
2012-12-26,270,270,230,250,325800,250
2012-12-27,250,270,240,260,115800,260
2012-12-28,260,270,250,250,71200,250
2013-01-04,260,260,250,260,108500,260
2013-01-07,260,290,260,270,406800,270
2013-01-08,280,280,260,270,114800,270
2013-01-09,270,280,260,270,76700,270
2013-01-10,270,290,270,280,194300,280
2013-01-11,290,290,280,280,102500,280
2013-01-15,290,320,280,320,424900,320
2013-01-16,320,320,280,310,495700,310
2013-01-17,300,310,280,290,223900,290
2013-01-18,290,300,290,290,216800,290
2013-01-21,300,300,290,290,74000,290
2013-01-22,290,310,290,300,185500,300
2013-01-23,300,310,290,290,178100,290
2013-01-24,280,280,270,280,189300,280
2013-01-25,290,310,280,310,229000,310
2013-01-28,320,350,310,340,837400,340
2013-01-29,350,350,310,310,314200,310
2013-01-30,320,330,310,320,208300,320
2013-01-31,320,330,310,320,119600,320
2013-02-01,330,370,310,360,800100,360
2013-02-04,360,370,340,360,237400,360
2013-02-05,350,360,340,340,133900,340
2013-02-06,350,350,340,340,119200,340
2013-02-07,340,350,330,340,101700,340
2013-02-08,340,340,330,340,117800,340
2013-02-12,330,350,330,340,150200,340
2013-02-13,290,290,260,280,517300,280
2013-02-14,280,290,260,270,106400,270
2013-02-15,270,270,240,240,367200,240
2013-02-18,250,270,250,270,80200,270
2013-02-19,270,280,260,270,40200,270
2013-02-20,280,280,270,270,124200,270
2013-02-21,270,270,250,260,91800,260
2013-02-22,260,270,250,270,66500,270
2013-02-25,270,270,260,260,61400,260
2013-02-26,260,270,250,260,141100,260
2013-02-27,260,270,250,260,50900,260
2013-02-28,270,280,260,270,76500,270
2013-03-01,270,280,260,270,51600,270
2013-03-04,280,280,270,270,35800,270
2013-03-05,270,280,270,280,38800,280
2013-03-06,290,300,280,290,140100,290
2013-03-07,280,290,280,280,140300,280
2013-03-08,290,290,280,280,143000,280
2013-03-11,290,320,290,320,238800,320
2013-03-12,320,330,300,310,231000,310
2013-03-13,320,330,310,310,83900,310
2013-03-14,320,320,300,310,162600,310
2013-03-15,310,320,270,290,523000,290
2013-03-18,280,290,280,280,132200,280
2013-03-19,280,290,280,280,62500,280
2013-03-21,280,290,280,280,35100,280
2013-03-22,280,290,280,280,58700,280
2013-03-25,280,280,280,280,55400,280
2013-03-26,280,290,280,280,49700,280
2013-03-27,280,290,280,280,59100,280
2013-03-28,290,300,280,290,118200,290
2013-03-29,290,300,280,290,84800,290
2013-04-01,300,320,290,290,393400,290
2013-04-02,280,300,280,290,175900,290
2013-04-03,300,330,290,330,326200,330
2013-04-04,320,340,300,330,371200,330
2013-04-05,340,370,320,330,1009200,330
2013-04-08,370,480,360,470,2803500,470
2013-04-09,560,610,440,440,2758800,440
2013-04-10,450,500,410,450,1022000,450
2013-04-11,490,500,430,440,547000,440
2013-04-12,450,460,430,440,327500,440
2013-04-15,440,440,390,420,487000,420
2013-04-16,390,420,380,420,252800,420
2013-04-17,420,420,400,410,144100,410
2013-04-18,400,410,390,400,191400,400
2013-04-19,400,430,390,430,266100,430
2013-04-22,440,460,430,430,367400,430
2013-04-23,430,440,420,420,151100,420
2013-04-24,370,400,360,390,1215600,390
2013-04-25,390,390,370,380,347200,380
2013-04-26,380,380,370,370,162800,370
2013-04-30,380,410,370,390,541100,390
2013-05-01,400,470,400,420,1117500,420
2013-05-02,430,450,420,450,351200,450
2013-05-07,470,470,440,440,345400,440
2013-05-08,440,450,430,440,298100,440
2013-05-09,440,480,440,470,545300,470
2013-05-10,490,500,460,470,605400,470
2013-05-13,480,480,420,450,668000,450
2013-05-14,440,440,420,420,278900,420
2013-05-15,420,430,380,390,458800,390
2013-05-16,380,390,360,380,260800,380
2013-05-17,390,420,380,410,262500,410
2013-05-20,410,420,400,420,153700,420
2013-05-21,410,420,400,400,90200,400
2013-05-22,400,410,400,410,145300,410
2013-05-23,410,410,370,380,328800,380
2013-05-24,380,390,360,380,212300,380
2013-05-27,400,420,380,420,218100,420
2013-05-28,410,410,380,390,214500,390
2013-05-29,400,410,390,410,117700,410
2013-05-30,400,400,380,390,139300,390
2013-05-31,390,410,380,390,90200,390
2013-06-03,380,390,360,360,259500,360
2013-06-04,360,380,350,360,334500,360
2013-06-05,360,370,350,360,101300,360
2013-06-06,360,360,310,330,241500,330
2013-06-07,310,320,250,290,531700,290
2013-06-10,310,320,310,320,123100,320
2013-06-11,320,320,300,310,98900,310
2013-06-12,310,320,290,310,89800,310
2013-06-13,310,310,290,310,71600,310
2013-06-14,320,320,300,310,33500,310
2013-06-17,310,310,300,300,40400,300
2013-06-18,300,310,290,300,81800,300
2013-06-19,310,310,300,300,83500,300
2013-06-20,300,310,290,290,76300,290
2013-06-21,290,300,280,290,52900,290
2013-06-24,290,290,280,290,45900,290
2013-06-25,280,300,280,290,64600,290
2013-06-26,290,310,280,290,84200,290
2013-06-27,290,290,260,280,231100,280
2013-06-28,270,300,270,290,150800,290
2013-07-01,300,300,290,290,50100,290
2013-07-02,300,360,300,330,412100,330
2013-07-03,340,340,320,320,107300,320
2013-07-04,330,380,320,350,517200,350
2013-07-05,370,380,350,350,258700,350
2013-07-08,360,360,340,340,97800,340
2013-07-09,350,350,330,330,70100,330
2013-07-10,330,350,330,340,181200,340
2013-07-11,340,360,340,360,49300,360
2013-07-12,350,350,340,340,57900,340
2013-07-16,350,350,340,340,46200,340
2013-07-17,340,350,330,340,34900,340
2013-07-18,340,340,330,340,45300,340
2013-07-19,340,340,320,330,111100,330
2013-07-22,330,330,300,310,198600,310
2013-07-23,310,320,310,310,19100,310
2013-07-24,310,320,310,310,62500,310
2013-07-25,310,320,300,310,73400,310
2013-07-26,310,310,300,300,37900,300
2013-07-29,300,300,290,290,72600,290
2013-07-30,300,310,300,310,74200,310
2013-07-31,310,310,300,300,31800,300
2013-08-01,310,310,300,300,19400,300
2013-08-02,310,310,300,310,82500,310
2013-08-05,310,350,310,320,147900,320
2013-08-06,340,350,330,340,67500,340
2013-08-07,340,340,320,340,84400,340
2013-08-08,330,340,330,330,38500,330
2013-08-09,330,350,330,350,82100,350
2013-08-12,350,350,320,320,149200,320
2013-08-13,320,320,310,320,69000,320
2013-08-14,320,320,310,320,41100,320
2013-08-15,320,330,310,320,13700,320
2013-08-16,320,320,310,310,5200,310
2013-08-19,310,320,300,310,93300,310
2013-08-20,310,320,300,310,32800,310
2013-08-21,310,310,300,300,30700,300
2013-08-22,310,310,300,310,24800,310
2013-08-23,310,310,300,300,32400,300
2013-08-26,300,310,300,300,67300,300
2013-08-27,300,300,290,290,27600,290
2013-08-28,290,300,280,290,59800,290
2013-08-29,290,290,280,280,24800,280
2013-08-30,290,300,280,280,21400,280
2013-09-02,290,310,280,300,64500,300
2013-09-03,300,310,290,300,51600,300
2013-09-04,310,310,300,300,42600,300
2013-09-05,300,310,290,300,25900,300
2013-09-06,300,300,280,280,130700,280
2013-09-09,310,320,290,310,237300,310
2013-09-10,300,340,300,330,206400,330
2013-09-11,340,350,330,340,238000,340
2013-09-12,340,340,320,330,87400,330
2013-09-13,320,330,300,310,243200,310
2013-09-17,320,320,310,320,207000,320
2013-09-18,320,350,310,340,224900,340
2013-09-19,340,350,330,340,167900,340
2013-09-20,340,340,320,340,111200,340
2013-09-24,340,350,330,330,94100,330
2013-09-25,340,350,330,340,107700,340
2013-09-26,340,340,330,330,97100,330
2013-09-27,340,370,330,370,256100,370
2013-09-30,380,400,360,360,900900,360
2013-10-01,360,360,350,360,270900,360
2013-10-02,360,380,350,350,140500,350
2013-10-03,350,360,340,340,114300,340
2013-10-04,340,340,320,340,203800,340
2013-10-07,340,340,320,320,62700,320
2013-10-08,320,330,310,330,127500,330
2013-10-09,330,350,320,330,154900,330
2013-10-10,340,340,330,340,77400,340
2013-10-11,350,350,330,350,177300,350
2013-10-15,340,360,340,350,176400,350
2013-10-16,350,350,340,350,74500,350
2013-10-17,350,360,340,350,79600,350
2013-10-18,350,350,340,340,127400,340
2013-10-21,340,350,340,340,35200,340
2013-10-22,350,370,340,370,197800,370
2013-10-23,370,380,350,360,285300,360
2013-10-24,360,380,350,380,171800,380
2013-10-25,380,380,360,360,88100,360
2013-10-28,370,380,360,380,154700,380
2013-10-29,380,380,360,370,118400,370
2013-10-30,370,380,360,380,119500,380
2013-10-31,370,380,360,370,86100,370
2013-11-01,360,370,340,350,229900,350
2013-11-05,350,360,340,350,75500,350
2013-11-06,350,350,340,350,36500,350
2013-11-07,350,360,350,350,35000,350
2013-11-08,350,360,340,350,98400,350
2013-11-11,330,340,320,330,228100,330
2013-11-12,330,340,320,330,31200,330
2013-11-13,330,340,330,330,75600,330
2013-11-14,340,360,330,340,180700,340
2013-11-15,350,350,340,340,79600,340
2013-11-18,350,370,350,360,151800,360
2013-11-19,360,370,350,350,93200,350
2013-11-20,350,360,340,350,70800,350
2013-11-21,350,350,340,340,32200,340
2013-11-22,350,360,340,340,141200,340
2013-11-25,340,350,340,340,15500,340
2013-11-26,340,350,330,350,88100,350
2013-11-27,340,350,330,340,42800,340
2013-11-28,340,350,340,340,22900,340
2013-11-29,340,350,340,340,41100,340
2013-12-02,350,360,340,340,108700,340
2013-12-03,340,350,340,350,46200,350
2013-12-04,350,350,330,340,160300,340
2013-12-05,340,350,330,350,27500,350
2013-12-06,340,340,330,330,62800,330
2013-12-09,340,340,330,330,42300,330
2013-12-10,330,340,330,330,49000,330
2013-12-11,330,340,320,340,141200,340
2013-12-12,330,340,330,330,44100,330
2013-12-13,330,330,320,330,69300,330
2013-12-16,330,330,320,320,90600,320
2013-12-17,320,320,300,320,221300,320
2013-12-18,320,320,310,310,85300,310
2013-12-19,320,320,310,310,90100,310
2013-12-20,310,320,310,310,63000,310
2013-12-24,320,320,310,310,71700,310
2013-12-25,310,310,300,300,119100,300
2013-12-26,310,330,310,330,145400,330
2013-12-27,320,330,310,330,60500,330
2013-12-30,330,340,320,320,89600,320
2014-01-06,330,330,310,330,106400,330
2014-01-07,320,340,320,330,103000,330
2014-01-08,320,330,320,320,27300,320
2014-01-09,320,330,320,320,21700,320
2014-01-10,320,340,320,330,145300,330
2014-01-14,330,340,320,340,47200,340
2014-01-15,330,340,330,340,33800,340
2014-01-16,340,350,330,350,138200,350
2014-01-17,340,350,340,350,81600,350
2014-01-20,350,350,340,350,141700,350
2014-01-21,350,350,340,340,48700,340
2014-01-22,340,350,330,350,136200,350
2014-01-23,340,350,330,340,52600,340
2014-01-24,340,340,330,330,24800,330
2014-01-27,330,330,320,320,70500,320
2014-01-28,320,330,320,320,69000,320
2014-01-29,320,340,320,330,86600,330
2014-01-30,330,330,320,330,38300,330
2014-01-31,330,340,320,330,29000,330
2014-02-03,320,330,310,310,116200,310
2014-02-04,280,290,270,280,230100,280
2014-02-05,290,300,280,290,62700,290
2014-02-06,300,310,300,300,49400,300
2014-02-07,310,310,300,310,28700,310
2014-02-10,310,320,300,310,43200,310
2014-02-12,320,320,310,310,38400,310
2014-02-13,310,310,300,300,44700,300
2014-02-14,300,310,290,300,94900,300
2014-02-17,290,300,290,300,87700,300
2014-02-18,300,310,300,300,17900,300
2014-02-19,300,300,290,300,22600,300
2014-02-20,300,300,290,290,14400,290
2014-02-21,300,300,290,300,43300,300
2014-02-24,300,310,300,300,14400,300
2014-02-25,300,310,290,300,29000,300
2014-02-26,300,300,290,300,5600,300
2014-02-27,300,300,290,290,135900,290
2014-02-28,290,300,290,290,30500,290
2014-03-03,290,300,280,290,101300,290
2014-03-04,290,290,290,290,30300,290
2014-03-05,290,300,280,290,138600,290
2014-03-06,290,300,280,290,23200,290
2014-03-07,290,290,290,290,12400,290
2014-03-10,290,290,280,280,80200,280
2014-03-11,280,300,280,290,136000,290
2014-03-12,290,300,280,290,90600,290
2014-03-13,290,300,290,290,22800,290
2014-03-14,290,290,280,280,34500,280
2014-03-17,290,300,280,290,37900,290
2014-03-18,290,300,290,290,20900,290
2014-03-19,290,300,280,290,31900,290
2014-03-20,290,290,270,270,136300,270
2014-03-24,280,290,270,280,52900,280
2014-03-25,280,290,280,280,17200,280
2014-03-26,280,290,280,280,52900,280
2014-03-27,280,290,280,280,36800,280
2014-03-28,280,340,280,320,295700,320
2014-03-31,320,340,310,340,173100,340
2014-04-01,340,350,330,330,247600,330
2014-04-02,340,340,330,330,44000,330
2014-04-03,340,340,320,320,54200,320
2014-04-04,330,330,310,320,104000,320
2014-04-07,320,330,310,320,39700,320
2014-04-08,320,320,310,310,28400,310
2014-04-09,310,320,300,310,51800,310
2014-04-10,310,310,300,310,17900,310
2014-04-11,310,310,300,310,35100,310
2014-04-14,310,320,310,310,28400,310
2014-04-15,310,320,300,310,56500,310
2014-04-16,310,320,300,310,48800,310
2014-04-17,310,310,310,310,8100,310
2014-04-18,310,310,300,310,18900,310
2014-04-21,310,310,300,310,21200,310
2014-04-22,310,310,300,310,12800,310
2014-04-23,300,320,300,300,46700,300
2014-04-24,310,310,300,300,29900,300
2014-04-25,300,310,300,300,14700,300
2014-04-28,300,300,290,300,29500,300
2014-04-30,300,300,290,290,17100,290
2014-05-01,290,300,290,300,41900,300
2014-05-02,300,310,300,300,8000,300
2014-05-07,300,310,300,300,24300,300
2014-05-08,300,310,300,310,48200,310
2014-05-09,310,320,300,310,22200,310
2014-05-12,330,360,320,320,478500,320
2014-05-13,330,330,320,320,136600,320
2014-05-14,320,330,310,320,83300,320
2014-05-15,330,330,300,310,260700,310
2014-05-16,310,320,310,310,59400,310
2014-05-19,310,310,300,300,116600,300
2014-05-20,300,310,290,290,122700,290
2014-05-21,290,300,290,300,56200,300
2014-05-22,300,310,290,300,48200,300
2014-05-23,300,310,290,300,20000,300
2014-05-26,300,310,300,300,102200,300
2014-05-27,300,320,300,310,51400,310
2014-05-28,310,310,300,310,51500,310
2014-05-29,310,320,300,300,49800,300
2014-05-30,300,310,290,300,86700,300
2014-06-02,300,310,300,300,18400,300
2014-06-03,310,310,300,310,10200,310
2014-06-04,300,310,300,300,10100,300
2014-06-05,300,310,300,300,16600,300
2014-06-06,300,310,300,300,27500,300
2014-06-09,310,310,300,300,40200,300
2014-06-10,300,310,300,310,69000,310
2014-06-11,300,310,300,300,72200,300
2014-06-12,300,310,300,300,37800,300
2014-06-13,300,310,290,300,30500,300
2014-06-16,300,310,300,300,28000,300
2014-06-17,300,310,300,300,44800,300
2014-06-18,300,310,300,300,28300,300
2014-06-19,300,320,300,310,91000,310
2014-06-20,310,320,300,300,113100,300
2014-06-23,310,320,300,310,41500,310
2014-06-24,310,310,300,300,21500,300
2014-06-25,310,310,300,300,62600,300
2014-06-26,300,310,300,300,27900,300
2014-06-27,300,300,290,300,94400,300
2014-06-30,300,310,290,300,14400,300
2014-07-01,310,310,300,310,58600,310
2014-07-02,300,320,300,310,77900,310
2014-07-03,310,310,310,310,24800,310
2014-07-04,310,310,310,310,80800,310
2014-07-07,310,320,310,310,25900,310
2014-07-08,310,320,310,310,9500,310
2014-07-09,310,320,310,310,30900,310
2014-07-10,310,320,310,310,17900,310
2014-07-11,310,310,300,310,38300,310
2014-07-14,310,310,300,310,16500,310
2014-07-15,310,310,300,300,20300,300
2014-07-16,300,310,300,310,22000,310
2014-07-17,310,310,300,310,36600,310
2014-07-18,300,310,300,310,10700,310
2014-07-22,310,310,300,310,10200,310
2014-07-23,310,320,300,310,40700,310
2014-07-24,310,310,300,310,17400,310
2014-07-25,310,320,310,320,13300,320
2014-07-28,310,320,310,310,27100,310
2014-07-29,320,320,300,310,128600,310
2014-07-30,310,330,310,320,186100,320
2014-07-31,330,330,310,320,94700,320
2014-08-01,320,340,310,330,212600,330
2014-08-04,330,330,320,330,242100,330
2014-08-05,340,340,330,340,105200,340
2014-08-06,350,430,340,380,3017400,380
2014-08-07,430,460,370,390,2166000,390
2014-08-08,380,390,340,380,1137900,380
2014-08-11,330,340,310,320,1113600,320
2014-08-12,320,330,310,320,315300,320
2014-08-13,320,320,300,310,291100,310
2014-08-14,310,320,310,310,108700,310
2014-08-15,310,330,300,330,290900,330
2014-08-18,330,330,310,330,212300,330
2014-08-19,320,340,320,330,215300,330
2014-08-20,320,340,320,330,122200,330
2014-08-21,330,340,320,330,133000,330
2014-08-22,330,340,320,330,93200,330
2014-08-25,330,340,320,330,80100,330
2014-08-26,330,330,320,320,38500,320
2014-08-27,320,330,320,320,141300,320
2014-08-28,320,330,320,320,68000,320
2014-08-29,320,330,310,320,47800,320
2014-09-01,320,330,320,330,36000,330
2014-09-02,330,360,330,340,630400,340
2014-09-03,340,340,330,330,77100,330
2014-09-04,330,350,330,340,179900,340
2014-09-05,340,350,330,340,95600,340
2014-09-08,340,380,340,380,321900,380
2014-09-09,380,390,350,360,242400,360
2014-09-10,360,370,340,350,183800,350
2014-09-11,350,360,340,360,113500,360
2014-09-12,350,360,340,350,114600,350
2014-09-16,360,360,350,360,78000,360
2014-09-17,360,380,350,370,161600,370
2014-09-18,380,380,360,370,111300,370
2014-09-19,370,370,350,360,101700,360
2014-09-22,360,370,360,360,89900,360
2014-09-24,360,380,360,380,115300,380
2014-09-25,380,380,360,370,105600,370
2014-09-26,370,380,370,370,79800,370
2014-09-29,370,380,370,370,22900,370
2014-09-30,370,380,370,370,88000,370
2014-10-01,370,420,370,420,431900,420
2014-10-02,400,420,380,390,545600,390
2014-10-03,390,430,380,430,445900,430
2014-10-06,430,490,420,430,2037700,430
2014-10-07,430,430,400,410,510000,410
2014-10-08,410,430,400,410,306800,410
2014-10-09,420,430,390,390,316500,390
2014-10-10,380,390,360,360,338200,360
2014-10-14,360,390,350,380,191500,380
2014-10-15,380,380,360,370,126500,370
2014-10-16,370,380,360,370,118000,370
2014-10-17,370,380,370,380,77800,380
2014-10-20,380,390,370,380,158900,380
2014-10-21,390,390,370,380,57500,380
2014-10-22,380,390,380,380,47300,380
2014-10-23,380,390,380,390,32100,390
2014-10-24,400,420,400,410,114800,410
2014-10-27,420,420,410,410,77100,410
2014-10-28,420,450,420,450,286500,450
2014-10-29,460,470,420,430,670500,430
2014-10-30,430,440,400,400,222700,400
2014-10-31,400,420,400,420,174700,420
2014-11-04,440,450,430,430,278400,430
2014-11-05,430,440,430,430,29400,430
2014-11-06,440,440,420,430,110800,430
2014-11-07,430,440,420,430,36300,430
2014-11-10,430,450,430,450,118400,450
2014-11-11,440,450,420,430,227300,430
2014-11-12,430,440,420,430,107400,430
2014-11-13,430,440,420,430,57100,430
2014-11-14,460,490,410,420,1100800,420
2014-11-17,420,430,410,420,295300,420
2014-11-18,430,440,420,430,67000,430
2014-11-19,440,440,430,430,65100,430
2014-11-20,430,430,420,420,77200,420
2014-11-21,420,430,420,420,51900,420
2014-11-25,420,420,410,420,106500,420
2014-11-26,420,460,420,460,266500,460
2014-11-27,460,470,440,450,293000,450
2014-11-28,450,470,440,450,255600,450
2014-12-01,450,480,450,480,255600,480
2014-12-02,480,490,470,480,399500,480
2014-12-03,480,510,470,490,879000,490
2014-12-04,490,500,480,480,267000,480
2014-12-05,480,550,480,540,1240000,540
2014-12-08,570,710,540,650,4448300,650
2014-12-09,610,640,560,600,1357400,600
2014-12-10,560,600,550,600,869400,600
2014-12-11,590,660,580,640,1326100,640
2014-12-12,660,750,610,610,3217200,610
2014-12-15,660,740,630,740,2100100,740
2014-12-16,730,790,670,710,2866700,710
2014-12-17,760,800,710,770,2510400,770
2014-12-18,770,780,710,740,1002300,740
2014-12-19,730,730,660,670,1008500,670
2014-12-22,670,680,610,620,641400,620
2014-12-24,600,620,580,590,569700,590
2014-12-25,580,590,530,540,726500,540
2014-12-26,520,630,520,600,929600,600
2014-12-29,640,670,620,630,577600,630
2014-12-30,630,640,610,640,235100,640
2015-01-05,660,670,640,640,197300,640
2015-01-06,610,630,590,610,391300,610
2015-01-07,600,620,570,580,492300,580
2015-01-08,590,610,530,570,594300,570
2015-01-09,570,570,540,550,197900,550
2015-01-13,540,580,530,570,273700,570
2015-01-14,550,560,540,550,205900,550
2015-01-15,540,590,530,550,454900,550
2015-01-16,550,580,540,570,241500,570
2015-01-19,580,610,570,610,323400,610
2015-01-20,610,670,600,650,634300,650
2015-01-21,650,680,600,620,484500,620
2015-01-22,620,630,590,590,226300,590
2015-01-23,600,610,570,590,189600,590
2015-01-26,580,600,570,600,85800,600
2015-01-27,600,630,590,630,148200,630
2015-01-28,630,660,620,660,304100,660
2015-01-29,660,660,610,640,272000,640
2015-01-30,640,650,620,640,132900,640
2015-02-02,640,650,630,630,99400,630
2015-02-03,640,650,600,600,202600,600
2015-02-04,610,640,600,640,132200,640
2015-02-05,630,640,620,630,93800,630
2015-02-06,630,640,610,630,121800,630
2015-02-09,630,630,610,620,150400,620
2015-02-10,620,640,580,630,312300,630
2015-02-12,660,670,620,620,507600,620
2015-02-13,610,620,600,610,132200,610
2015-02-16,610,610,600,610,131200,610
2015-02-17,600,600,580,580,111000,580
2015-02-18,580,610,580,610,105800,610
2015-02-19,610,610,590,610,70200,610
2015-02-20,610,610,590,590,75600,590
2015-02-23,610,630,610,630,241600,630
2015-02-24,630,640,620,640,124100,640
2015-02-25,640,640,620,620,67600,620
2015-02-26,620,630,610,620,93100,620
2015-02-27,630,630,610,610,47500,610
2015-03-02,620,630,610,630,88300,630
2015-03-03,630,630,610,630,89200,630
2015-03-04,620,630,610,620,41500,620
2015-03-05,610,660,610,630,280600,630
2015-03-06,650,650,620,640,163200,640
2015-03-09,640,640,620,630,48000,630
2015-03-10,630,640,620,620,44800,620
2015-03-11,620,630,610,630,108600,630
2015-03-12,630,640,620,620,54100,620
2015-03-13,620,630,610,620,126900,620
2015-03-16,620,630,610,630,74300,630
2015-03-17,620,630,600,600,170700,600
2015-03-18,610,610,600,600,64600,600
2015-03-19,610,610,600,600,86800,600
2015-03-20,600,610,590,600,61800,600
2015-03-23,600,610,600,600,64700,600
2015-03-24,600,600,590,600,53100,600
2015-03-25,590,610,590,610,104000,610
2015-03-26,610,610,590,610,43400,610
2015-03-27,600,690,600,620,643100,620
2015-03-30,630,630,610,610,58600,610
2015-03-31,620,630,610,630,49400,630
2015-04-01,630,650,630,650,244900,650
2015-04-02,650,720,650,680,1122300,680
2015-04-03,720,750,710,750,1173700,750
2015-04-06,750,830,740,830,1539800,830
2015-04-07,870,880,790,860,1822300,860
2015-04-08,810,830,790,810,814700,810
2015-04-09,810,810,710,720,1186900,720
2015-04-10,710,730,700,720,330600,720
2015-04-13,730,760,720,750,443000,750
2015-04-14,760,790,750,760,415300,760
2015-04-15,760,760,740,740,133500,740
2015-04-16,750,760,740,750,96200,750
2015-04-17,740,750,730,730,142400,730
2015-04-20,730,740,720,730,99700,730
2015-04-21,740,790,730,790,470600,790
2015-04-22,790,800,760,770,201900,770
2015-04-23,780,800,760,780,206700,780
2015-04-24,780,830,770,810,510600,810
2015-04-27,820,890,810,880,803300,880
2015-04-28,870,890,850,890,515800,890
2015-04-30,890,930,830,860,879800,860
2015-05-01,870,870,830,840,324800,840
2015-05-07,870,930,860,930,732200,930
2015-05-08,940,940,870,870,1036000,870
2015-05-11,830,870,750,770,1014700,770
2015-05-12,750,760,710,750,646500,750
2015-05-13,740,740,720,730,149300,730
2015-05-14,730,770,720,760,316800,760
2015-05-15,760,760,740,750,131200,750
2015-05-18,750,750,730,740,135700,740
2015-05-19,730,740,720,740,197200,740
2015-05-20,740,740,720,740,89100,740
2015-05-21,730,740,720,730,82700,730
2015-05-22,740,770,740,750,272600,750
2015-05-25,750,790,750,790,187900,790
2015-05-26,790,830,790,810,376900,810
2015-05-27,820,850,790,810,447000,810
2015-05-28,810,820,790,790,135500,790
2015-05-29,790,790,760,760,161000,760
2015-06-01,760,770,750,760,106100,760
2015-06-02,770,780,760,780,79600,780
2015-06-03,770,780,760,760,78600,760
2015-06-04,770,780,760,770,50800,770
2015-06-05,760,780,760,780,49900,780
2015-06-08,760,770,750,770,96000,770
2015-06-09,770,770,750,750,70600,750
2015-06-10,750,750,740,740,56800,740
2015-06-11,740,750,730,740,68900,740
2015-06-12,750,750,740,740,105900,740
2015-06-15,740,750,720,750,159700,750
2015-06-16,750,750,730,730,95500,730
2015-06-17,730,740,730,740,57300,740
2015-06-18,740,740,730,730,55000,730
2015-06-19,730,740,730,730,24600,730
2015-06-22,720,740,720,740,42600,740
2015-06-23,730,750,730,730,156600,730
2015-06-24,750,750,730,740,69700,740
2015-06-25,740,790,730,790,335600,790
2015-06-26,810,810,740,750,262800,750
2015-06-29,720,730,700,710,247000,710
2015-06-30,700,710,680,700,254000,700
2015-07-01,700,730,700,720,178700,720
2015-07-02,730,730,710,720,51400,720
2015-07-03,720,720,700,710,79200,710
2015-07-06,700,710,690,690,47900,690
2015-07-07,690,710,680,710,154500,710
2015-07-08,700,700,650,670,177200,670
2015-07-09,620,640,600,630,256700,630
2015-07-10,640,660,640,650,69400,650
2015-07-13,650,670,650,670,56100,670
2015-07-14,670,680,660,660,75600,660
2015-07-15,670,710,670,700,161100,700
2015-07-16,700,700,680,700,77400,700
2015-07-17,690,710,690,700,107600,700
2015-07-21,700,700,680,700,66500,700
2015-07-22,680,690,680,680,38100,680
2015-07-23,700,700,680,690,83600,690
2015-07-24,690,710,680,690,72000,690
2015-07-27,690,690,680,680,37700,680
2015-07-28,670,680,660,670,54900,670
2015-07-29,680,680,660,680,32800,680
2015-07-30,670,670,650,660,54300,660
2015-07-31,670,670,650,660,40600,660
2015-08-03,640,660,640,660,53700,660
2015-08-04,660,660,640,640,91800,640
2015-08-05,650,650,640,650,39500,650
2015-08-06,650,660,640,640,19500,640
2015-08-07,640,650,630,630,55600,630
2015-08-10,640,640,630,630,58100,630
2015-08-11,630,670,630,660,91400,660
2015-08-12,640,640,620,620,100300,620
2015-08-13,620,620,580,610,167100,610
2015-08-14,600,620,590,610,42400,610
2015-08-17,620,620,590,590,36500,590
2015-08-18,590,600,580,590,61300,590
2015-08-19,580,590,550,570,146300,570
2015-08-20,550,560,540,550,61700,550
2015-08-21,530,540,510,530,221300,530
2015-08-24,500,510,450,480,381900,480
2015-08-25,400,480,400,430,340900,430
2015-08-26,460,470,430,460,211700,460
2015-08-27,470,510,470,510,132000,510
2015-08-28,530,600,530,560,274600,560
2015-08-31,550,550,530,540,92600,540
2015-09-01,520,540,510,510,70900,510
2015-09-02,480,510,470,500,164300,500
2015-09-03,510,520,500,500,41700,500
2015-09-04,500,510,470,490,51900,490
2015-09-07,470,490,460,480,47500,480
2015-09-08,480,480,460,470,33600,470
2015-09-09,490,510,480,500,55300,500
2015-09-10,500,510,490,510,14300,510
2015-09-11,500,520,500,510,20900,510
2015-09-14,520,560,510,520,126600,520
2015-09-15,520,540,510,530,44800,530
2015-09-16,550,590,530,580,259600,580
2015-09-17,590,590,550,550,101000,550
2015-09-18,560,560,540,560,49800,560
2015-09-24,550,600,540,590,168200,590
2015-09-25,590,600,570,580,109200,580
2015-09-28,590,600,580,600,109800,600
2015-09-29,590,590,560,570,100000,570
2015-09-30,580,630,570,630,220700,630
2015-10-01,630,650,610,620,403200,620
2015-10-02,640,660,630,650,318100,650
2015-10-05,660,660,610,630,235300,630
2015-10-06,630,630,600,610,136600,610
2015-10-07,600,600,570,570,159800,570
2015-10-08,590,600,570,580,69800,580
2015-10-09,580,600,570,580,55900,580
2015-10-13,590,590,570,580,71200,580
2015-10-14,570,580,560,560,102200,560
2015-10-15,550,570,530,550,92800,550
2015-10-16,550,570,550,550,39800,550
2015-10-19,550,570,540,550,43400,550
2015-10-20,550,560,540,550,32900,550
2015-10-21,550,560,540,540,37200,540
2015-10-22,550,550,530,550,41900,550
2015-10-23,550,560,530,550,70400,550
2015-10-26,560,560,540,550,62000,550
2015-10-27,550,560,540,560,57700,560
2015-10-28,550,580,550,580,65600,580
2015-10-29,580,580,570,570,47900,570
2015-10-30,570,580,570,570,21300,570
2015-11-02,570,580,560,570,41400,570
2015-11-04,580,580,560,560,37600,560
2015-11-05,570,570,560,560,38200,560
2015-11-06,560,570,560,570,27200,570
2015-11-09,570,600,560,590,85900,590
2015-11-10,590,620,590,610,198500,610
2015-11-11,670,680,630,630,662300,630
2015-11-12,640,640,610,630,190400,630
2015-11-13,630,630,610,610,57800,610
2015-11-16,610,620,600,610,55900,610
2015-11-17,620,620,600,600,54300,600
2015-11-18,610,610,590,590,69100,590
2015-11-19,590,610,590,610,56300,610
2015-11-20,620,670,620,640,422000,640
2015-11-24,650,650,630,650,84300,650
2015-11-25,650,650,630,630,44400,630
2015-11-26,630,650,630,630,52600,630
2015-11-27,630,640,620,630,47000,630
2015-11-30,630,640,610,620,93700,620
2015-12-01,620,630,620,620,46600,620
2015-12-02,630,640,620,640,72800,640
2015-12-03,640,640,630,630,34800,630
2015-12-04,620,630,610,620,67400,620
2015-12-07,620,640,620,640,66800,640
2015-12-08,640,640,630,630,52000,630
2015-12-09,630,630,620,620,43300,620
2015-12-10,620,650,610,640,205900,640
2015-12-11,630,650,630,640,155000,640
2015-12-14,640,680,620,680,276600,680
2015-12-15,680,690,630,630,312500,630
2015-12-16,640,660,630,640,119100,640
2015-12-17,640,660,640,650,94500,650
2015-12-18,640,660,630,630,126100,630
2015-12-21,630,630,620,620,83700,620
2015-12-22,620,630,620,620,120200,620
2015-12-24,630,630,610,610,65700,610
2015-12-25,610,620,600,610,93800,610
2015-12-28,610,620,600,620,39300,620
2015-12-29,620,620,610,610,16900,610
2015-12-30,610,620,610,610,33200,610
2016-01-04,610,620,600,610,47500,610
2016-01-05,610,610,600,600,25900,600
2016-01-06,610,630,600,600,91100,600
2016-01-07,600,610,580,600,139600,600
2016-01-08,580,600,580,590,34100,590
2016-01-12,580,580,540,550,85700,550
2016-01-13,560,590,560,590,69600,590
2016-01-14,570,570,550,570,83000,570
2016-01-15,570,580,560,560,54700,560
2016-01-18,530,550,510,550,111000,550
2016-01-19,540,570,530,560,74200,560
2016-01-20,560,560,530,540,43400,540
2016-01-21,520,540,500,500,115300,500
2016-01-22,510,530,510,520,61200,520
2016-01-25,530,550,520,550,49700,550
2016-01-26,540,550,530,530,50600,530
2016-01-27,540,550,530,530,35200,530
2016-01-28,530,540,520,520,33800,520
2016-01-29,530,570,520,570,131500,570
2016-02-01,580,610,580,590,123800,590
2016-02-02,590,600,580,590,32300,590
2016-02-03,560,570,550,560,48600,560
2016-02-04,560,580,560,570,24000,570
2016-02-05,560,570,550,560,31000,560
2016-02-08,560,580,550,580,49200,580
2016-02-09,560,570,540,570,78800,570
2016-02-10,550,560,500,520,161500,520
2016-02-12,460,480,450,450,185600,450
2016-02-15,480,490,460,470,80700,470
2016-02-16,480,500,470,500,52800,500
2016-02-17,500,520,490,500,52900,500
2016-02-18,510,520,500,510,16900,510
2016-02-19,500,510,490,500,26300,500
2016-02-22,500,520,490,510,39400,510
2016-02-23,510,520,500,500,13900,500
2016-02-24,510,510,490,490,24200,490
2016-02-25,490,510,490,490,54300,490
2016-02-26,500,510,490,490,37300,490
2016-02-29,500,510,490,500,35000,500
2016-03-01,510,510,490,500,25100,500
2016-03-02,510,540,510,530,76200,530
2016-03-03,520,540,520,520,36800,520
2016-03-04,530,530,510,530,95500,530
2016-03-07,530,540,520,520,33900,520
2016-03-08,530,530,500,520,72600,520
2016-03-09,510,510,490,500,89800,500
2016-03-10,500,520,500,510,53000,510
2016-03-11,500,530,490,520,86600,520
2016-03-14,520,530,510,530,40300,530
2016-03-15,520,520,510,510,54000,510
2016-03-16,510,520,510,510,60000,510
2016-03-17,520,550,510,530,183700,530
2016-03-18,530,540,520,530,37100,530
2016-03-22,530,540,520,520,30100,520
2016-03-23,520,530,520,520,21800,520
2016-03-24,520,530,520,530,34000,530
2016-03-25,530,550,530,550,34600,550
2016-03-28,550,570,540,560,49900,560
2016-03-29,560,570,550,570,45300,570
2016-03-30,570,570,540,550,89400,550
2016-03-31,550,610,540,590,318500,590
2016-04-01,580,580,550,560,80200,560
2016-04-04,570,570,560,560,49300,560
2016-04-05,570,570,540,540,64900,540
2016-04-06,530,540,520,530,30200,530
2016-04-07,530,540,530,530,20500,530
2016-04-08,520,550,520,540,51500,540
2016-04-11,540,550,530,550,34100,550
2016-04-12,550,560,540,550,35700,550
2016-04-13,550,560,550,550,37900,550
2016-04-14,550,560,540,550,35300,550
2016-04-15,550,560,540,560,26200,560
2016-04-18,540,550,530,540,37300,540
2016-04-19,540,560,540,560,62100,560
2016-04-20,560,590,560,580,80700,580
2016-04-21,590,590,570,580,43900,580
2016-04-22,580,590,560,570,63800,570
2016-04-25,570,580,560,570,62500,570
2016-04-26,570,580,560,560,50100,560
2016-04-27,560,570,550,560,26500,560
2016-04-28,560,580,550,550,66300,550
2016-05-02,540,570,530,570,68700,570
2016-05-06,570,580,560,570,23900,570
2016-05-09,580,600,580,590,108700,590
2016-05-10,600,600,570,570,75400,570
2016-05-11,530,550,530,530,155700,530
2016-05-12,530,540,520,520,82300,520
2016-05-13,530,530,500,520,97100,520
2016-05-16,510,510,490,490,129500,490
2016-05-17,500,510,490,510,38000,510
2016-05-18,500,510,490,490,46400,490
2016-05-19,500,500,490,500,37800,500
2016-05-20,500,510,490,490,20000,490
2016-05-23,490,500,480,490,67300,490
2016-05-24,490,500,480,480,23900,480
2016-05-25,480,490,450,450,205600,450
2016-05-26,440,450,420,440,282700,440
2016-05-27,440,440,410,430,169600,430
2016-05-30,420,430,410,430,86200,430
2016-05-31,420,430,420,420,90400,420
2016-06-01,420,420,400,400,155300,400
2016-06-02,440,460,420,450,659000,450
2016-06-03,450,450,430,430,101500,430
2016-06-06,420,430,410,420,77000,420
2016-06-07,410,420,410,420,53500,420
2016-06-08,420,420,410,410,40700,410
2016-06-09,410,410,400,410,87200,410
2016-06-10,410,420,400,410,44100,410
2016-06-13,410,410,390,390,107100,390
2016-06-14,390,390,360,380,106700,380
2016-06-16,380,380,350,360,107900,360
2016-06-17,350,360,330,340,207600,340
2016-06-20,340,360,340,350,89700,350
2016-06-21,350,360,350,350,62500,350
2016-06-22,360,370,360,360,64600,360
2016-06-23,360,370,360,360,32900,360
2016-06-24,370,370,310,320,226100,320
2016-06-27,320,340,320,330,68900,330
2016-06-28,330,360,330,350,61400,350
2016-06-29,360,360,350,350,22600,350
2016-06-30,360,360,350,350,30700,350
2016-07-01,350,360,340,350,28800,350
2016-07-04,360,370,360,360,28200,360
2016-07-05,360,360,350,350,36700,350
2016-07-06,350,350,340,340,45800,340
2016-07-07,340,350,330,330,36700,330
2016-07-08,340,350,330,340,45300,340
2016-07-11,350,450,350,390,646100,390
2016-07-12,400,410,370,370,150800,370
2016-07-13,380,390,370,390,47200,390
2016-07-14,390,410,380,400,108200,400
2016-07-15,400,400,380,380,89700,380
2016-07-19,390,390,380,380,28400,380
2016-07-20,380,380,360,360,29600,360
2016-07-21,370,390,370,390,66000,390
2016-07-22,380,390,370,390,29800,390
2016-07-25,390,400,380,400,33600,400
2016-07-26,400,400,380,390,15900,390
2016-07-27,380,400,380,380,30100,380
2016-07-28,390,390,380,380,9300,380
2016-07-29,380,390,370,390,55600,390
2016-08-01,380,390,380,380,22200,380
2016-08-02,390,400,380,380,24000,380
2016-08-03,390,390,380,380,18900,380
2016-08-04,390,390,380,390,25300,390
2016-08-05,390,390,370,390,59700,390
2016-08-08,380,390,370,380,15100,380
2016-08-09,380,390,380,390,13600,390
2016-08-10,390,440,390,400,469500,400
2016-08-12,400,400,390,400,48400,400
2016-08-15,400,400,380,400,59400,400
2016-08-16,390,400,390,390,17700,390
2016-08-17,390,390,380,380,10800,380
2016-08-18,380,390,380,380,7200,380
2016-08-19,390,390,380,380,16800,380
2016-08-22,380,390,380,380,12100,380
2016-08-23,390,400,380,400,76200,400
2016-08-24,400,410,390,400,47200,400
2016-08-25,400,410,400,400,35900,400
2016-08-26,400,400,390,390,51800,390
2016-08-29,390,400,380,380,20000,380
2016-08-30,390,400,380,400,38400,400
2016-08-31,390,400,390,390,15900,390
2016-09-01,390,400,390,390,14300,390
2016-09-02,390,400,390,390,21300,390
2016-09-05,390,400,390,390,12700,390
2016-09-06,390,400,390,390,40600,390
2016-09-07,390,400,380,400,15900,400
2016-09-08,390,400,390,390,21500,390
2016-09-09,390,400,380,390,28500,390
2016-09-12,390,390,380,380,7700,380
2016-09-13,390,390,380,380,8200,380
2016-09-14,390,390,380,380,48200,380
2016-09-15,380,380,360,370,45000,370
2016-09-16,370,380,370,370,13800,370
2016-09-20,380,390,370,380,35700,380
2016-09-21,380,380,370,380,20200,380
2016-09-23,380,390,380,380,26600,380
2016-09-26,380,380,350,360,147300,360
2016-09-27,360,370,350,360,50100,360
2016-09-28,361,361,335,350,35600,350
2016-09-29,349,349,343,346,77300,346
2016-09-30,351,353,345,345,26000,345
2016-10-03,346,365,345,360,29400,360
2016-10-04,360,371,360,364,55200,364
2016-10-05,358,366,358,361,19700,361
2016-10-06,362,365,360,361,11800,361
2016-10-07,360,360,352,353,37800,353
2016-10-11,348,360,348,355,18600,355
2016-10-12,351,355,349,353,16800,353
2016-10-13,358,358,351,356,40200,356
2016-10-14,355,358,353,358,21400,358
2016-10-17,358,360,354,360,20600,360
2016-10-18,355,361,348,358,25000,358
2016-10-19,358,360,356,357,25300,357
2016-10-20,357,363,355,361,18900,361
2016-10-21,355,362,355,360,33300,360
2016-10-24,360,370,355,364,42500,364
2016-10-25,369,383,367,381,86100,381
2016-10-26,385,398,385,390,71000,390
2016-10-27,388,388,373,381,35500,381
2016-10-28,382,387,378,386,15400,386
2016-10-31,380,392,378,380,38000,380
2016-11-01,382,390,380,388,35100,388
2016-11-02,385,388,374,387,42700,387
2016-11-04,379,389,377,387,22100,387
2016-11-07,387,387,379,383,22200,383
2016-11-08,388,391,378,391,49500,391
2016-11-09,373,373,320,340,253100,340
2016-11-10,356,356,335,342,89700,342
2016-11-11,343,347,336,337,40200,337
2016-11-14,342,343,339,343,22800,343
2016-11-15,345,345,337,339,30700,339
2016-11-16,340,342,338,338,11600,338
2016-11-17,340,340,336,336,22700,336
2016-11-18,340,342,333,339,33100,339
2016-11-21,334,341,334,340,35400,340
2016-11-22,340,341,338,340,10100,340
2016-11-24,338,342,337,341,36200,341
2016-11-25,341,341,336,339,37900,339
2016-11-28,339,339,333,335,34000,335
2016-11-29,335,336,333,336,16800,336
2016-11-30,336,341,334,339,162900,339
2016-12-01,339,344,339,342,42300,342
2016-12-02,342,344,340,343,23900,343
2016-12-05,343,350,343,348,45300,348
2016-12-06,347,381,347,367,101700,367
2016-12-07,362,369,351,360,62000,360
2016-12-08,355,360,351,354,34500,354
2016-12-09,348,355,348,350,56400,350
2016-12-12,350,352,341,345,41200,345
2016-12-13,345,350,343,348,34000,348
2016-12-14,348,348,343,345,19500,345
2016-12-15,343,346,341,345,27100,345
2016-12-16,345,345,341,341,39100,341
2016-12-19,341,341,333,336,54600,336
2016-12-20,333,335,330,332,89900,332
2016-12-21,332,332,320,323,121600,323
2016-12-22,321,321,317,319,65100,319
2016-12-26,316,319,310,311,83000,311
2016-12-27,308,308,301,303,146900,303
2016-12-28,307,325,306,318,78900,318
2016-12-29,320,320,311,315,23500,315
2016-12-30,313,318,312,317,25900,317
2017-01-04,320,328,318,322,38300,322
2017-01-05,320,323,318,320,47300,320
2017-01-06,323,327,321,324,29600,324
2017-01-10,324,324,320,321,42900,321
2017-01-11,323,323,318,319,51100,319
2017-01-12,320,320,315,316,48500,316
2017-01-13,316,318,313,317,38500,317
2017-01-16,317,318,314,315,21000,315
2017-01-17,315,318,313,315,14800,315
2017-01-18,313,315,312,314,15400,314
2017-01-19,314,315,310,313,36400,313
2017-01-20,312,313,311,312,19000,312
2017-01-23,312,314,310,313,43700,313
2017-01-24,312,312,310,311,18300,311
2017-01-25,313,314,311,312,31100,312
2017-01-26,313,313,311,312,25400,312
2017-01-27,312,313,310,311,33300,311
2017-01-30,312,312,310,311,24100,311
2017-01-31,311,311,310,310,18400,310
2017-02-01,311,312,310,312,31500,312
2017-02-02,312,313,310,311,25300,311
2017-02-03,311,312,310,311,33200,311
2017-02-06,312,312,310,311,18600,311
2017-02-07,311,321,311,319,53300,319
2017-02-08,315,315,311,311,53400,311
2017-02-09,311,313,311,313,17000,313
2017-02-10,313,313,310,312,26300,312
2017-02-13,312,312,310,311,18000,311
2017-02-14,311,311,309,311,19400,311
2017-02-15,311,321,309,313,84300,313
2017-02-16,319,319,314,315,34100,315
2017-02-17,316,317,313,315,25600,315
2017-02-20,320,320,316,318,27000,318
2017-02-21,318,318,315,317,22400,317
2017-02-22,317,318,314,316,27300,316
2017-02-23,317,317,314,316,19400,316
2017-02-24,317,317,315,316,15900,316
2017-02-27,316,316,311,311,45400,311
2017-02-28,312,314,310,311,40500,311
2017-03-01,311,313,310,312,11700,312
2017-03-02,312,314,312,313,9900,313
2017-03-03,312,314,312,313,11800,313
2017-03-06,313,314,312,312,20900,312
2017-03-07,313,315,312,314,42300,314
2017-03-08,314,314,313,314,21200,314
2017-03-09,314,315,313,315,27600,315
2017-03-10,315,319,314,317,62500,317
2017-03-13,319,322,317,322,41100,322
2017-03-14,325,329,321,327,68400,327
2017-03-15,331,331,321,321,64000,321
2017-03-16,321,325,319,322,24300,322
2017-03-17,322,326,322,323,15800,323
2017-03-21,325,325,321,323,20700,323
2017-03-22,319,320,313,313,62000,313
2017-03-23,313,314,309,310,57100,310
2017-03-24,310,312,310,312,19400,312
2017-03-27,311,311,304,307,66300,307
2017-03-28,307,309,306,308,33900,308
2017-03-29,303,306,301,304,46500,304
2017-03-30,304,305,303,303,18900,303
2017-03-31,305,305,302,303,23100,303
2017-04-03,304,305,286,292,103100,292
2017-04-04,289,292,275,279,114400,279
2017-04-05,280,283,279,283,15500,283
2017-04-06,283,285,279,279,20800,279
2017-04-07,280,285,279,281,30300,281
2017-04-10,293,293,281,284,18600,284
2017-04-11,285,285,280,281,16600,281
2017-04-12,281,281,270,271,57100,271
2017-04-13,266,268,260,263,56300,263
2017-04-14,259,262,258,261,30200,261
2017-04-17,257,260,257,258,24800,258
2017-04-18,262,269,260,268,17800,268
2017-04-19,268,271,265,270,15000,270
2017-04-20,270,272,261,265,29300,265
2017-04-21,267,268,261,261,14400,261
2017-04-24,269,271,262,263,19700,263
2017-04-25,264,268,263,263,12900,263
2017-04-26,263,268,261,266,30400,266
2017-04-27,265,269,265,268,15600,268
2017-04-28,269,274,269,273,29600,273
2017-05-01,272,274,271,272,11100,272
2017-05-02,272,272,269,269,19500,269
2017-05-08,289,289,278,280,60200,280
2017-05-09,281,285,281,284,21500,284
2017-05-10,282,284,281,282,14100,282
2017-05-11,284,285,282,284,10000,284
2017-05-12,283,283,281,283,15100,283
2017-05-15,267,274,267,269,51100,269
2017-05-16,271,272,269,271,11400,271
2017-05-17,269,270,268,270,17900,270
2017-05-18,267,267,265,265,14300,265
2017-05-19,265,266,263,264,54400,264
2017-05-22,264,265,262,262,12600,262
2017-05-23,265,265,261,263,16800,263
2017-05-24,263,268,263,268,19800,268
2017-05-25,268,268,261,266,21900,266
2017-05-26,265,265,261,262,12300,262
2017-05-29,262,263,261,261,19800,261
2017-05-30,262,263,260,263,7400,263
2017-05-31,262,262,260,260,6800,260
2017-06-01,261,265,260,263,15600,263
2017-06-02,262,263,261,263,14400,263
2017-06-05,262,264,261,262,6500,262
2017-06-06,263,263,260,261,13900,261
2017-06-07,260,262,258,258,18400,258
2017-06-08,260,262,260,260,16100,260
2017-06-09,261,261,259,261,12900,261
2017-06-12,262,262,260,261,10800,261
2017-06-13,260,261,258,259,16200,259
2017-06-14,259,260,258,258,23600,258
2017-06-15,260,260,258,258,20100,258
2017-06-16,258,258,255,256,32400,256
2017-06-19,258,258,255,256,36000,256
2017-06-20,256,258,255,258,25600,258
2017-06-21,258,258,256,256,17600,256
2017-06-22,257,263,257,263,26100,263
2017-06-23,264,278,264,266,83600,266
2017-06-26,268,268,262,264,14500,264
2017-06-27,268,268,260,264,85800,264
2017-06-28,263,264,260,262,10600,262
2017-06-29,263,263,260,261,10700,261
2017-06-30,262,264,259,264,35900,264
2017-07-03,269,269,266,267,22600,267
2017-07-04,271,275,269,270,32800,270
2017-07-05,267,271,266,270,19100,270
2017-07-06,270,277,270,273,31200,273
2017-07-07,273,275,271,272,14100,272
2017-07-10,273,276,269,276,31300,276
2017-07-11,274,275,273,275,6500,275
2017-07-12,276,276,274,274,9600,274
2017-07-13,275,275,272,274,13500,274
2017-07-14,272,274,271,272,27800,272
2017-07-18,274,274,271,271,7700,271
2017-07-19,272,273,270,271,14500,271
2017-07-20,271,272,270,271,11600,271
2017-07-21,270,272,270,271,3400,271
2017-07-24,274,274,270,271,13000,271
2017-07-25,270,271,268,269,12500,269
2017-07-26,270,272,269,269,16600,269
2017-07-27,271,272,270,270,5900,270
2017-07-28,269,273,269,273,11100,273
2017-07-31,273,274,271,274,5300,274
2017-08-01,273,273,265,266,35600,266
2017-08-02,266,269,266,267,7800,267
2017-08-03,267,270,267,267,11200,267
2017-08-04,267,269,266,266,4300,266
2017-08-07,268,270,266,268,12600,268
2017-08-08,264,266,255,266,20400,266
2017-08-09,258,265,253,263,53900,263
2017-08-10,263,270,259,260,7800,260
2017-08-14,256,259,250,255,35000,255
2017-08-15,256,259,256,257,9600,257
2017-08-16,256,259,255,258,10400,258
2017-08-17,258,259,255,257,18900,257
2017-08-18,258,258,251,253,17800,253
2017-08-21,253,254,250,252,17000,252
2017-08-22,252,255,252,254,11300,254
2017-08-23,253,254,252,254,3800,254
2017-08-24,253,255,251,251,13500,251
2017-08-25,252,252,251,252,7700,252
2017-08-28,250,252,250,251,15200,251
2017-08-29,252,252,250,252,4000,252
2017-08-30,252,254,250,252,14200,252
2017-08-31,252,253,251,252,8800,252
2017-09-01,252,252,251,252,9700,252
2017-09-04,252,253,250,251,16000,251
2017-09-05,253,253,246,248,21600,248
2017-09-06,246,247,245,246,26000,246
2017-09-07,244,245,243,243,19700,243
2017-09-08,243,245,243,244,13700,244
2017-09-11,244,244,241,242,23000,242
2017-09-12,242,245,241,243,17800,243
2017-09-13,243,243,241,243,11900,243
2017-09-14,241,244,240,243,36900,243
2017-09-15,241,243,241,241,29900,241
2017-09-19,242,242,239,240,51400,240
2017-09-20,239,240,239,239,14000,239
2017-09-21,239,240,239,239,13500,239
2017-09-22,239,241,238,240,13300,240
2017-09-25,240,240,238,238,27200,238
2017-09-26,240,240,236,237,29600,237
2017-09-27,237,238,236,237,8400,237
2017-09-28,240,240,237,237,17700,237
2017-09-29,237,238,235,237,27700,237
2017-10-02,236,238,235,238,13400,238
2017-10-03,240,240,237,238,24100,238
2017-10-04,236,238,235,237,29600,237
2017-10-05,236,238,236,237,15800,237
2017-10-06,238,238,235,237,45000,237
2017-10-10,238,238,235,235,28900,235
2017-10-11,235,238,235,238,32500,238
2017-10-12,239,240,237,238,37500,238
2017-10-13,240,240,236,237,20400,237
2017-10-16,237,238,237,238,12800,238
2017-10-17,240,242,240,241,37900,241
2017-10-18,241,242,240,241,22300,241
2017-10-19,243,255,243,255,66900,255
2017-10-20,252,252,246,249,43500,249
2017-10-23,247,256,246,252,56400,252
2017-10-24,254,258,252,258,27800,258
2017-10-25,259,268,259,259,77200,259
2017-10-26,259,261,255,256,25400,256
2017-10-27,259,260,255,258,19300,258
2017-10-30,258,262,257,261,18600,261
2017-10-31,261,263,260,263,14000,263
2017-11-01,263,263,260,261,12200,261
2017-11-02,261,262,258,261,25900,261
2017-11-06,261,261,256,256,27800,256
2017-11-07,257,260,252,256,27800,256
2017-11-08,256,257,254,256,12100,256
2017-11-09,256,256,251,253,15400,253
2017-11-10,251,253,250,252,9900,252
2017-11-13,245,246,236,239,76200,239
2017-11-14,237,240,237,240,14000,240
2017-11-15,240,240,235,236,27500,236
2017-11-16,235,240,235,237,16800,237
2017-11-17,236,237,235,235,21900,235
2017-11-20,234,251,234,238,33500,238
2017-11-21,244,244,237,239,9300,239
2017-11-22,236,239,236,237,26100,237
2017-11-24,236,238,235,236,37800,236
2017-11-27,238,240,237,240,19000,240
2017-11-28,240,240,236,237,14700,237
2017-11-29,239,242,237,239,25900,239
2017-11-30,240,240,236,237,13300,237
2017-12-01,238,238,236,236,5200,236
2017-12-04,236,239,236,236,16000,236
2017-12-05,237,238,235,237,25200,237
2017-12-06,236,237,229,235,55500,235
2017-12-07,235,235,227,233,32100,233
2017-12-08,232,233,231,232,31900,232
2017-12-11,232,233,230,232,19000,232
2017-12-12,232,233,230,232,21000,232
2017-12-13,231,232,230,232,27500,232
2017-12-14,232,232,231,231,19400,231
2017-12-15,232,232,230,231,32800,231
2017-12-18,231,231,219,223,129000,223
2017-12-19,222,223,218,218,71800,218
2017-12-20,218,219,217,218,64500,218
2017-12-21,217,218,216,217,82000,217
2017-12-22,216,217,214,216,51200,216
2017-12-25,215,216,205,207,199600,207
2017-12-26,208,208,202,204,156500,204
2017-12-27,209,212,206,210,54800,210
2017-12-28,213,290,212,243,687100,243
2017-12-29,239,244,227,234,355800,234
2018-01-04,234,234,223,226,136600,226
2018-01-05,229,235,227,232,114100,232
2018-01-09,237,237,233,234,32800,234
2018-01-10,237,237,232,233,31900,233
2018-01-11,234,236,233,234,20500,234
2018-01-12,236,237,234,235,68600,235
2018-01-15,236,247,234,243,84400,243
2018-01-16,243,244,240,240,40500,240
2018-01-17,240,242,236,236,30800,236
2018-01-18,237,238,234,234,20200,234
2018-01-19,235,242,235,239,20500,239
2018-01-22,242,259,242,247,92300,247
2018-01-23,252,255,250,251,37400,251
2018-01-24,252,257,251,255,50100,255
2018-01-25,255,272,255,261,127600,261
2018-01-26,275,275,254,264,128600,264
2018-01-29,260,266,256,258,58600,258
2018-01-30,260,261,249,249,63900,249
2018-01-31,245,250,244,248,19500,248
2018-02-01,256,310,252,256,927000,256
2018-02-02,255,258,250,252,76400,252
2018-02-05,249,252,245,245,80400,245
2018-02-06,238,239,228,230,134200,230
2018-02-07,245,245,236,236,55300,236
2018-02-08,241,242,236,241,15100,241
2018-02-09,230,236,230,236,23400,236
2018-02-13,221,225,220,221,135900,221
2018-02-14,220,223,215,222,44400,222
2018-02-15,224,224,221,221,27100,221
2018-02-16,218,222,216,218,47300,218
2018-02-19,223,224,215,221,59200,221
2018-02-20,221,222,218,221,18800,221
2018-02-21,221,224,220,220,24000,220
2018-02-22,222,222,220,221,19800,221
2018-02-23,222,228,215,218,86300,218
2018-02-26,219,225,219,222,41600,222
2018-02-27,224,225,222,222,39700,222
2018-02-28,223,224,222,223,21900,223
2018-03-01,223,224,222,224,24000,224
2018-03-02,223,223,221,222,28800,222
2018-03-05,222,225,220,221,28100,221
2018-03-06,223,225,221,221,25300,221
2018-03-07,221,222,217,218,31400,218
2018-03-08,220,220,215,218,36000,218
2018-03-09,216,218,211,214,63300,214
2018-03-12,215,217,214,216,22100,216
2018-03-13,217,217,211,214,38500,214
2018-03-14,214,219,214,218,37000,218
2018-03-15,219,219,214,216,38100,216
2018-03-16,218,219,214,217,75000,217
2018-03-19,217,219,215,216,153700,216
2018-03-20,219,219,212,215,82600,215
2018-03-22,215,219,213,217,82200,217
2018-03-23,215,217,214,216,62900,216
2018-03-26,217,226,215,224,75900,224
2018-03-27,229,233,222,233,123900,233
2018-03-28,217,217,212,214,100200,214
2018-03-29,217,223,217,223,73500,223
2018-03-30,221,222,219,219,23400,219
2018-04-02,220,221,218,219,23000,219
2018-04-03,218,220,215,217,20700,217
2018-04-04,220,220,216,217,42500,217
2018-04-05,219,221,218,220,14600,220
2018-04-06,221,225,218,221,54500,221
2018-04-09,221,225,220,223,27300,223
2018-04-10,225,230,224,230,68100,230
2018-04-11,232,233,226,229,40500,229
2018-04-12,229,233,229,232,28500,232
2018-04-13,232,236,228,228,42700,228
2018-04-16,229,231,225,230,28300,230
2018-04-17,230,232,227,227,48000,227
2018-04-18,227,231,220,230,38200,230
2018-04-19,230,233,230,231,28200,231
2018-04-20,233,234,231,232,22900,232
2018-04-23,233,237,233,234,27900,234
2018-04-24,234,234,230,232,16100,232
2018-04-25,232,234,232,234,6700,234
2018-04-26,235,235,229,233,16700,233
2018-04-27,233,233,232,232,5500,232
2018-05-01,231,234,231,233,18000,233
2018-05-02,232,233,232,232,11400,232
2018-05-07,232,236,232,234,19700,234
2018-05-08,234,236,232,233,19500,233
2018-05-09,235,238,235,237,48500,237
2018-05-10,237,244,236,244,58800,244
2018-05-11,245,245,238,238,33600,238
2018-05-14,240,242,236,237,31400,237
2018-05-15,237,238,236,236,5800,236
2018-05-16,236,240,235,238,28400,238
2018-05-17,238,238,235,235,20100,235
2018-05-18,236,237,235,236,14800,236
2018-05-21,240,247,238,247,87200,247
2018-05-22,249,249,246,246,23900,246
2018-05-23,247,250,242,250,38400,250
2018-05-24,251,253,245,245,41100,245
2018-05-25,244,245,240,240,28200,240
2018-05-28,248,276,248,250,298800,250
2018-05-29,250,250,245,247,26000,247
2018-05-30,245,248,245,248,30300,248
2018-05-31,248,252,246,252,24600,252
2018-06-01,250,264,247,257,157800,257
2018-06-04,258,262,257,259,35800,259
2018-06-05,259,259,255,255,24500,255
2018-06-06,255,255,249,249,40800,249
2018-06-07,253,258,250,257,47600,257
2018-06-08,257,258,254,255,28900,255
2018-06-11,256,259,256,258,16200,258
2018-06-12,259,261,256,256,16900,256
2018-06-13,260,260,257,258,7800,258
2018-06-14,259,259,255,256,21100,256
2018-06-15,257,260,256,257,16900,257
2018-06-18,260,265,260,260,61300,260
2018-06-19,260,263,260,261,14300,261
2018-06-20,264,266,262,266,45500,266
2018-06-21,266,272,264,272,70200,272
2018-06-22,272,279,268,279,59800,279
2018-06-25,280,307,276,281,395100,281
2018-06-26,277,305,277,294,322100,294
2018-06-27,301,320,290,303,816800,303
2018-06-28,300,304,291,297,160000,297
2018-06-29,292,294,276,284,121900,284
2018-07-02,278,278,267,269,95600,269
2018-07-03,264,273,261,268,60700,268
2018-07-04,268,268,261,261,36400,261
2018-07-05,261,262,260,260,34000,260
2018-07-06,260,263,260,260,34100,260
2018-07-09,261,270,261,267,30400,267
2018-07-10,268,284,267,275,48400,275
2018-07-11,273,273,265,265,44900,265
2018-07-12,265,267,256,260,51800,260
2018-07-13,260,260,255,257,37800,257
2018-07-17,260,260,257,257,12600,257
2018-07-18,257,263,256,261,21200,261
2018-07-19,262,262,260,262,7600,262
2018-07-20,262,275,262,264,42700,264
2018-07-23,268,279,266,276,33300,276
2018-07-24,276,279,271,275,26600,275
2018-07-25,275,277,274,275,9000,275
2018-07-26,277,277,266,269,27300,269
2018-07-27,269,270,261,270,33700,270
2018-07-30,268,268,261,261,40800,261
2018-07-31,260,270,260,264,23300,264
2018-08-01,261,263,261,263,11400,263
2018-08-02,265,265,260,262,7600,262
2018-08-03,264,264,260,260,8400,260
2018-08-06,260,261,259,259,6700,259
2018-08-07,259,262,259,262,8400,262
2018-08-08,264,264,260,260,6900,260
2018-08-09,259,259,245,252,40100,252
2018-08-10,255,257,250,256,17200,256
2018-08-13,250,252,247,250,36500,250
2018-08-14,249,258,249,254,19100,254
2018-08-15,253,256,252,252,11600,252
2018-08-16,252,254,250,250,6300,250
2018-08-17,250,252,250,250,4000,250
2018-08-20,251,252,249,250,12500,250
2018-08-21,248,250,248,248,10700,248
2018-08-22,248,251,247,251,9100,251
2018-08-23,250,252,247,252,14400,252
2018-08-24,253,254,247,247,22300,247
2018-08-27,250,252,246,247,16300,247
2018-08-28,250,250,247,248,9900,248
2018-08-29,249,250,247,248,12700,248
2018-08-30,250,252,249,250,16700,250
2018-08-31,252,252,249,249,29700,249
2018-09-03,250,251,248,249,13600,249
2018-09-04,248,250,246,246,28000,246
2018-09-05,247,248,246,246,9500,246
2018-09-06,246,246,241,241,20500,241
2018-09-07,241,241,234,236,44800,236
2018-09-10,234,235,230,232,31700,232
2018-09-11,232,239,232,237,3400,237
2018-09-12,240,240,232,233,12500,233
2018-09-13,231,234,230,233,14000,233
2018-09-14,233,233,229,230,16400,230
2018-09-18,230,233,229,229,22000,229
2018-09-19,230,230,228,229,16000,229
2018-09-20,229,230,228,229,11000,229
2018-09-21,229,231,228,231,8700,231
2018-09-25,230,233,230,233,11800,233
2018-09-26,234,239,232,236,28000,236
2018-09-27,232,235,231,231,19500,231
2018-09-28,236,237,232,232,24800,232
2018-10-01,234,247,234,247,28100,247
2018-10-02,247,255,242,254,50400,254
2018-10-03,254,254,242,245,18600,245
2018-10-04,249,249,245,249,28200,249
2018-10-05,249,249,245,249,13600,249
2018-10-09,249,250,246,246,7700,246
2018-10-10,246,247,238,241,26700,241
2018-10-11,239,239,230,232,40400,232
2018-10-12,235,245,233,234,24000,234
2018-10-15,236,239,235,237,7100,237
2018-10-16,230,235,228,228,53900,228
2018-10-17,227,233,227,233,20300,233
2018-10-18,233,237,229,237,34900,237
2018-10-19,231,236,231,233,10500,233
2018-10-22,235,235,232,233,4500,233
2018-10-23,232,233,230,230,14800,230
2018-10-24,233,233,230,230,7700,230
2018-10-25,229,230,221,225,38000,225
2018-10-26,249,287,225,226,125600,226
2018-10-29,223,229,222,222,28000,222
2018-10-30,220,222,220,221,29800,221
2018-10-31,224,228,224,225,7800,225
2018-11-01,228,232,228,229,10800,229
2018-11-02,229,235,228,235,21100,235
2018-11-05,230,237,230,234,20700,234
2018-11-06,235,244,234,243,25600,243
2018-11-07,244,245,239,239,4800,239
2018-11-08,244,248,241,244,42100,244
2018-11-09,242,246,237,242,20200,242
2018-11-12,243,247,238,238,7000,238
2018-11-13,237,252,234,247,35300,247
2018-11-14,232,241,232,241,36200,241
2018-11-15,241,243,239,240,4800,240
2018-11-16,240,242,236,237,5000,237
2018-11-19,234,237,234,236,9900,236
2018-11-20,235,237,235,235,6500,235
2018-11-21,235,237,234,234,8500,234
2018-11-22,237,237,235,236,4500,236
2018-11-26,241,244,238,239,17800,239
2018-11-27,236,239,236,238,22200,238
2018-11-28,238,243,238,242,13900,242
2018-11-29,243,243,238,239,9100,239
2018-11-30,238,243,238,243,5700,243
2018-12-03,243,250,241,250,28600,250
2018-12-04,252,259,246,246,47200,246
2018-12-05,245,252,245,249,12700,249
2018-12-06,248,250,244,250,29200,250
2018-12-07,250,253,246,253,47900,253
2018-12-10,250,251,239,239,46600,239
2018-12-11,242,246,236,236,20000,236
2018-12-12,236,245,236,245,17800,245
2018-12-13,246,248,236,237,11300,237
2018-12-14,237,241,236,237,13900,237
2018-12-17,236,238,236,236,15600,236
2018-12-18,234,236,232,232,12900,232
2018-12-19,232,232,224,230,54100,230
2018-12-20,222,227,218,218,47400,218
2018-12-21,210,211,200,205,74900,205
2018-12-25,172,189,172,183,122500,183
2018-12-26,184,200,184,188,47900,188
2018-12-27,203,207,200,202,28900,202
2018-12-28,210,210,200,202,22400,202
2019-01-04,186,206,186,205,27200,205
2019-01-07,210,220,208,208,12800,208
2019-01-08,209,215,209,213,12700,213
2019-01-09,215,218,212,215,10900,215
2019-01-10,215,216,213,215,3600,215
2019-01-11,195,205,191,202,71200,202
2019-01-15,203,205,200,200,12100,200
2019-01-16,200,202,198,202,14300,202
2019-01-17,202,202,200,201,8600,201
2019-01-18,202,202,199,200,11600,200
2019-01-21,206,206,201,203,5800,203
2019-01-22,205,210,204,210,14500,210
2019-01-23,200,205,200,204,21500,204
2019-01-24,202,205,202,204,1900,204
2019-01-25,205,207,203,203,6800,203
2019-01-28,205,208,205,206,5700,206
2019-01-29,208,208,206,206,6100,206
2019-01-30,209,209,206,207,3200,207
2019-01-31,206,209,206,207,4700,207
2019-02-01,208,208,207,207,1900,207
2019-02-04,210,213,208,209,5600,209
2019-02-05,211,213,210,213,7100,213
2019-02-06,213,213,208,208,6900,208
2019-02-07,210,210,208,210,4900,210
2019-02-08,208,211,208,211,5700,211
2019-02-12,213,215,210,215,11400,215
2019-02-13,184,194,181,187,238100,187
2019-02-14,181,182,177,178,103500,178
2019-02-15,170,179,170,173,57300,173
2019-02-18,172,174,164,168,71900,168
2019-02-19,168,173,168,171,29800,171
2019-02-20,175,205,175,189,396400,189
2019-02-21,180,183,178,180,58500,180
2019-02-22,178,179,175,176,29100,176
2019-02-25,175,180,175,177,22700,177
2019-02-26,180,180,176,179,14700,179
2019-02-27,180,180,173,180,41000,180
2019-02-28,177,177,168,168,126200,168
2019-03-01,171,171,167,167,44300,167
2019-03-04,170,170,167,168,19700,168
2019-03-05,168,168,166,168,14700,168
2019-03-06,166,168,166,168,8700,168
2019-03-07,167,170,167,167,35200,167
2019-03-08,165,169,161,164,43900,164
2019-03-11,161,164,160,160,31500,160
2019-03-12,159,159,146,146,160700,146
2019-03-13,143,145,139,140,108600,140
2019-03-14,139,139,129,132,184400,132
2019-03-15,127,128,108,108,550600,108
2019-03-18,103,147,102,138,2139800,138
2019-03-19,133,137,120,126,739800,126
2019-03-20,124,125,115,121,278300,121
2019-03-22,121,121,116,117,102900,117
2019-03-25,117,119,114,118,73400,118
2019-03-26,120,121,116,117,68700,117
2019-03-27,113,118,113,115,71800,115
2019-03-28,115,115,111,113,49500,113
2019-03-29,116,163,116,140,4857300,140
2019-04-01,132,134,126,129,550900,129
2019-04-02,128,129,122,122,198400,122
2019-04-03,122,125,122,125,90300,125
2019-04-04,125,125,122,123,74500,123
2019-04-05,124,125,123,125,26100,125
2019-04-08,126,132,125,129,93100,129
2019-04-09,128,129,126,129,70100,129
2019-04-10,128,129,126,126,39100,126
2019-04-11,126,127,123,125,54500,125
2019-04-12,125,145,125,126,521800,126
2019-04-15,126,127,123,127,71300,127
2019-04-16,124,127,124,126,25500,126
2019-04-17,127,128,125,126,18800,126
2019-04-18,127,127,122,122,35600,122
2019-04-19,121,124,121,121,31300,121
2019-04-22,121,132,120,124,114700,124
2019-04-23,124,124,121,123,36100,123
2019-04-24,123,124,122,122,12100,122
2019-04-25,122,123,120,121,28600,121
2019-04-26,121,122,119,121,20100,121
2019-05-07,119,122,118,119,22100,119
2019-05-08,119,121,117,117,32100,117
2019-05-09,119,119,112,115,62100,115
2019-05-10,113,115,113,114,23800,114
2019-05-13,115,116,112,113,28400,113
2019-05-14,112,113,109,113,40100,113
2019-05-15,112,113,110,113,26300,113
2019-05-16,112,113,110,111,11000,111
2019-05-17,112,115,110,110,25900,110
2019-05-20,110,112,110,111,15200,111
2019-05-21,112,161,112,161,3316900,161
2019-05-22,201,208,178,183,3616100,183
2019-05-23,163,168,145,158,1649900,158
2019-05-24,154,158,137,140,1261200,140
2019-05-27,143,144,132,139,355200,139
2019-05-28,139,139,130,137,298600,137
2019-05-29,136,170,135,150,2686900,150
2019-05-30,145,149,133,134,604000,134
2019-05-31,132,136,131,133,187300,133
2019-06-03,138,156,132,132,1206700,132
2019-06-04,134,136,130,134,137900,134
2019-06-05,137,140,134,135,144200,135
2019-06-06,135,140,135,135,92100,135
2019-06-07,145,164,142,147,1549500,147
2019-06-10,157,158,147,153,487100,153
2019-06-11,150,153,148,150,114500,150
2019-06-12,151,151,141,144,161800,144
2019-06-13,148,148,138,142,142900,142
2019-06-14,141,143,136,142,78000,142
2019-06-17,142,150,140,141,113400,141
2019-06-18,143,143,136,137,117700,137
2019-06-19,135,139,134,137,64900,137
2019-06-20,137,141,137,138,72000,138
2019-06-21,136,139,136,139,44000,139
2019-06-24,138,141,135,135,72900,135
2019-06-25,138,138,134,137,63100,137
2019-06-26,135,137,133,133,48000,133
2019-06-27,134,136,132,136,32700,136
2019-06-28,133,135,133,134,34400,134
2019-07-01,135,139,133,133,87600,133
2019-07-02,133,138,133,135,57000,135
2019-07-03,135,141,135,140,93400,140
2019-07-04,140,146,139,145,206800,145
2019-07-05,150,182,149,162,2832300,162
2019-07-08,155,162,152,156,336500,156
2019-07-09,151,161,147,156,228200,156
2019-07-10,152,155,148,150,183000,150
2019-07-11,148,150,147,150,75300,150
2019-07-12,147,155,147,154,128300,154
2019-07-16,149,151,144,146,116500,146
2019-07-17,146,146,140,142,76600,142
2019-07-18,142,163,142,150,474100,150
2019-07-19,145,156,145,147,199200,147
2019-07-22,145,154,145,151,92500,151
2019-07-23,152,154,149,152,52000,152
2019-07-24,152,152,145,148,117000,148
2019-07-25,149,150,147,149,23900,149
2019-07-26,148,150,147,150,17000,150
2019-07-29,149,149,145,147,39400,147
2019-07-30,148,150,146,150,35800,150
2019-07-31,149,152,148,150,47800,150
2019-08-01,152,152,148,148,66300,148
2019-08-02,147,147,141,143,71300,143
2019-08-05,145,145,137,140,49700,140
2019-08-06,136,142,136,140,35400,140
2019-08-07,145,145,141,142,37000,142
2019-08-08,142,145,139,145,30400,145
2019-08-09,144,147,143,147,52300,147
2019-08-13,148,149,142,143,35600,143
2019-08-14,143,143,135,138,52700,138
2019-08-15,134,137,126,133,110400,133
2019-08-16,133,136,133,136,25800,136
2019-08-19,137,140,135,138,23800,138
2019-08-20,137,140,137,140,27200,140
2019-08-21,136,139,136,139,22000,139
2019-08-22,138,139,136,136,12200,136
2019-08-23,134,138,134,138,28700,138
2019-08-26,135,137,134,134,30000,134
2019-08-27,135,138,135,137,23100,137
2019-08-28,137,140,136,139,17900,139
2019-08-29,140,140,136,136,20800,136
2019-08-30,135,138,135,136,22300,136
2019-09-02,136,138,129,132,81600,132
2019-09-03,134,135,133,135,10600,135
2019-09-04,135,136,133,135,22300,135
2019-09-05,135,137,135,135,15700,135
2019-09-06,136,137,134,135,8100,135
2019-09-09,138,139,135,137,19400,137
2019-09-10,139,139,136,136,11500,136
2019-09-11,135,139,134,138,30400,138
2019-09-12,138,140,137,138,19900,138
2019-09-13,138,145,138,145,83500,145
2019-09-17,143,145,141,141,49300,141
2019-09-18,141,143,139,141,14300,141
2019-09-19,139,147,139,144,55600,144
2019-09-20,146,148,143,146,47500,146
2019-09-24,146,152,144,149,86000,149
2019-09-25,149,149,144,144,50400,144
2019-09-26,143,146,143,144,14400,144
2019-09-27,143,147,143,144,12700,144
2019-09-30,143,143,136,141,44300,141
2019-10-01,142,143,139,141,19900,141
2019-10-02,139,141,139,139,10300,139
2019-10-03,137,138,135,135,46400,135
2019-10-04,136,138,136,138,25700,138
2019-10-07,138,138,134,137,20100,137
2019-10-08,137,138,137,138,10400,138
2019-10-09,137,138,136,138,9000,138
2019-10-10,139,148,137,140,118400,140
2019-10-11,142,144,136,138,44900,138
2019-10-15,144,144,138,138,29800,138
2019-10-16,139,141,139,140,6400,140
2019-10-17,141,141,138,140,14600,140
2019-10-18,140,143,140,141,13800,141
2019-10-21,141,143,140,141,31500,141
2019-10-23,141,143,141,142,18500,142
2019-10-24,141,143,140,141,30800,141
2019-10-25,141,142,138,139,22000,139
2019-10-28,139,142,137,142,34600,142
2019-10-29,142,143,140,142,12700,142
2019-10-30,142,142,139,139,15600,139
2019-10-31,139,142,136,141,32100,141
2019-11-01,139,141,139,140,1700,140
2019-11-05,141,141,139,139,10100,139
2019-11-06,138,140,137,139,14700,139
2019-11-07,139,140,137,139,14400,139
2019-11-08,138,140,138,138,16000,138
2019-11-11,139,140,138,140,20500,140
2019-11-12,137,144,137,144,61200,144
2019-11-13,139,144,138,144,89000,144
2019-11-14,143,143,139,139,70300,139
2019-11-15,144,157,139,145,367500,145
2019-11-18,147,148,144,145,52100,145
2019-11-19,145,148,145,146,41900,146
2019-11-20,146,148,146,148,42600,148
2019-11-21,147,149,146,148,21000,148
2019-11-22,148,148,146,148,16200,148
2019-11-25,147,150,146,148,38400,148
2019-11-26,147,149,143,147,47600,147
2019-11-27,147,149,147,149,31900,149
2019-11-28,149,151,149,150,53400,150
2019-11-29,150,150,145,146,32600,146
2019-12-02,143,146,143,144,17100,144
2019-12-03,143,145,143,144,12500,144
2019-12-04,145,145,143,145,17400,145
2019-12-05,147,147,143,146,45400,146
2019-12-06,150,157,147,149,387800,149
2019-12-09,158,175,156,159,1591000,159
2019-12-10,157,158,153,154,140400,154
2019-12-11,155,155,150,151,117900,151
2019-12-12,156,166,152,153,580200,153
2019-12-13,152,154,150,150,137700,150
2019-12-16,150,151,147,147,93800,147
2019-12-17,147,149,145,146,54500,146
2019-12-18,147,149,146,148,35100,148
2019-12-19,148,152,145,149,100400,149
2019-12-20,147,150,146,147,65300,147
2019-12-23,150,150,147,149,67600,149
2019-12-24,150,150,148,148,27000,148
2019-12-25,148,148,144,144,96300,144
2019-12-26,149,149,146,149,87000,149
2019-12-27,149,150,147,148,41800,148
2019-12-30,149,154,149,154,67500,154
2020-01-06,159,185,157,161,1552500,161
2020-01-07,165,165,161,161,158100,161
2020-01-08,162,164,156,162,161000,162
2020-01-09,164,165,161,162,94200,162
2020-01-10,163,165,162,164,69700,164
2020-01-14,168,175,166,168,220500,168
2020-01-15,169,173,168,173,113500,173
2020-01-16,175,179,172,174,222200,174
2020-01-17,176,177,172,173,41800,173
2020-01-20,170,171,166,168,107200,168
2020-01-21,170,171,167,167,35500,167
2020-01-22,167,168,166,167,28600,167
2020-01-23,167,167,162,164,51600,164
2020-01-24,163,163,158,163,66200,163
2020-01-27,154,163,149,155,172500,155
2020-01-28,153,155,148,155,59000,155
2020-01-29,156,156,151,151,48300,151
2020-01-30,150,151,150,150,27900,150
2020-01-31,151,152,148,152,35800,152
2020-02-03,144,149,143,146,82800,146
2020-02-04,147,152,146,148,36500,148
2020-02-05,151,186,151,165,2415700,165
2020-02-06,160,163,155,156,255400,156
2020-02-07,157,160,157,160,87400,160
2020-02-10,158,160,157,159,39400,159
2020-02-12,163,172,158,167,433400,167
2020-02-13,200,217,186,191,2867900,191
2020-02-14,178,181,171,171,513500,171
2020-02-17,175,204,172,176,1395300,176
2020-02-18,170,171,165,165,380500,165
2020-02-19,168,170,162,164,124800,164
2020-02-20,164,165,161,162,51000,162
2020-02-21,163,163,161,161,30600,161
2020-02-25,151,157,149,152,141300,152
2020-02-26,151,180,151,161,636400,161
2020-02-27,157,162,143,143,267400,143
2020-02-28,132,138,119,123,423900,123
2020-03-02,120,150,120,135,337900,135
2020-03-03,140,143,130,130,209700,130
2020-03-04,127,135,123,134,114100,134
2020-03-05,139,141,132,132,110500,132
2020-03-06,130,133,126,127,106600,127
2020-03-09,124,125,110,110,167400,110
2020-03-10,110,116,97,114,232000,114
2020-03-11,116,117,109,109,91500,109
2020-03-12,103,106,99,101,152900,101
2020-03-13,91,95,82,91,248300,91
2020-03-16,96,98,90,90,161500,90
2020-03-17,83,94,83,92,77100,92
2020-03-18,94,98,90,90,61100,90
2020-03-19,92,93,86,89,75700,89
2020-03-23,87,90,86,90,34500,90
2020-03-24,90,95,90,95,66800,95
2020-03-25,104,104,100,103,104900,103
2020-03-26,99,101,94,96,108900,96
2020-03-27,98,99,96,97,29500,97
2020-03-30,93,95,91,92,73000,92
2020-03-31,94,96,90,93,58800,93
2020-04-01,94,94,88,88,34000,88
2020-04-02,89,90,87,88,37200,88
2020-04-03,89,89,87,87,28200,87
2020-04-06,84,87,82,86,49900,86
2020-04-07,87,114,87,98,1159200,98
2020-04-08,98,121,97,110,1153000,110
2020-04-09,118,118,102,105,369900,105
2020-04-10,108,110,102,105,89000,105
2020-04-13,105,106,102,102,76300,102
2020-04-14,102,108,102,104,119700,104
2020-04-15,105,106,104,105,66500,105
2020-04-16,105,106,103,104,40200,104
2020-04-17,105,107,104,105,53400,105
2020-04-20,105,106,104,106,52400,106
2020-04-21,106,106,101,102,92100,102
2020-04-22,102,102,96,97,117400,97
2020-04-23,99,101,95,99,30400,99
2020-04-24,98,99,97,98,29900,98
2020-04-27,98,102,98,101,39400,101
2020-04-28,102,104,100,104,59000,104
2020-04-30,105,106,102,103,57100,103
2020-05-01,104,104,100,101,43900,101
2020-05-07,99,103,98,102,49500,102
2020-05-08,103,104,100,103,50100,103
2020-05-11,99,105,99,102,85800,102
2020-05-12,102,105,102,104,68800,104
2020-05-13,102,105,100,105,116900,105
2020-05-14,107,111,102,102,281900,102
2020-05-15,105,108,103,108,77400,108
2020-05-18,109,115,107,111,190700,111
2020-05-19,114,114,109,111,79000,111
2020-05-20,111,113,109,113,81700,113
2020-05-21,113,113,105,109,274700,109
2020-05-22,107,110,107,108,109400,108
2020-05-25,110,112,107,111,108900,111
2020-05-26,113,131,111,122,1251400,122
2020-05-27,120,127,115,121,349300,121
2020-05-28,122,122,117,118,162500,118
2020-05-29,117,117,112,114,113900,114
2020-06-01,116,119,115,117,71200,117
2020-06-02,117,118,116,118,63200,118
2020-06-03,119,121,117,121,180300,121
2020-06-04,121,130,120,125,354700,125
2020-06-05,124,129,121,122,211600,122
2020-06-08,125,129,123,128,147200,128
2020-06-09,128,134,122,126,289900,126
2020-06-10,127,128,124,126,98100,126
2020-06-11,124,126,120,120,151700,120
2020-06-12,110,118,108,114,150300,114
2020-06-15,117,139,117,124,1327400,124
2020-06-16,123,124,118,123,202300,123
2020-06-17,125,125,120,120,75400,120
2020-06-18,121,121,117,121,58000,121
2020-06-19,121,123,120,123,44500,123
2020-06-22,121,123,121,121,36000,121
2020-06-23,122,126,121,124,128000,124
2020-06-24,125,125,123,124,51600,124
2020-06-25,125,125,120,120,81800,120
2020-06-26,121,122,115,117,135300,117
2020-06-29,114,117,114,116,48900,116
2020-06-30,116,117,116,116,27700,116
2020-07-01,117,118,113,113,33600,113
2020-07-02,113,114,108,109,81400,109
2020-07-03,109,111,107,110,62100,110
2020-07-06,110,113,110,113,33400,113
2020-07-07,114,116,113,115,31600,115
2020-07-08,115,120,114,120,126400,120
2020-07-09,121,122,116,116,51700,116
2020-07-10,116,117,111,112,186700,112
2020-07-13,113,115,110,112,79800,112
2020-07-14,112,114,112,114,33100,114
2020-07-15,114,117,114,117,53100,117
2020-07-16,114,117,112,116,47600,116
2020-07-17,115,117,113,113,39400,113
2020-07-20,114,116,112,114,20000,114
2020-07-21,115,117,114,114,31400,114
2020-07-22,114,117,114,115,19400,115
2020-07-27,115,115,113,113,38900,113
2020-07-28,113,113,109,109,65100,109
2020-07-29,110,111,109,110,21700,110
2020-07-30,109,112,109,110,9300,110
2020-07-31,110,111,107,108,38600,108
2020-08-03,107,110,107,110,30100,110
2020-08-04,110,112,107,111,25900,111
2020-08-05,111,111,109,111,20400,111
2020-08-06,111,111,107,108,24300,108
2020-08-07,108,110,108,109,23600,109
2020-08-11,107,111,106,108,60100,108
2020-08-12,111,111,108,108,16100,108
2020-08-13,108,111,108,110,28500,110
2020-08-14,109,111,108,111,19600,111
2020-08-17,111,111,109,111,5700,111
2020-08-18,111,111,109,110,18000,110
2020-08-19,111,111,109,109,17300,109
2020-08-20,109,110,109,109,11000,109
2020-08-21,110,111,109,111,8500,111
2020-08-24,110,112,110,112,28000,112
2020-08-25,113,113,111,112,22200,112
2020-08-26,112,113,111,111,22000,111
2020-08-27,111,112,110,110,15700,110
2020-08-28,111,112,108,109,21500,109
2020-08-31,110,111,109,111,7600,111
2020-09-01,111,111,108,110,8200,110
2020-09-02,108,112,108,110,32800,110
2020-09-03,111,113,110,112,55200,112
2020-09-04,111,111,109,110,19500,110
2020-09-07,109,125,109,112,512500,112
2020-09-08,114,114,108,109,124400,109
2020-09-09,144,157,131,136,6871500,136
2020-09-10,156,172,136,139,4241000,139
2020-09-11,134,137,119,123,2911500,123
2020-09-14,124,124,120,121,669800,121
2020-09-15,126,127,118,119,926000,119
2020-09-16,119,121,119,119,238400,119
2020-09-17,120,120,118,120,290400,120
2020-09-18,120,120,118,118,295000,118
2020-09-23,117,118,114,115,238700,115
2020-09-24,116,116,112,113,285200,113
2020-09-25,114,115,113,113,117000,113
2020-09-28,114,116,112,115,363400,115
2020-09-29,110,112,109,109,482000,109
2020-09-30,110,113,108,109,390000,109
2020-10-02,110,110,107,107,151800,107
2020-10-05,108,112,108,109,201700,109
2020-10-06,110,111,109,111,148700,111
2020-10-07,110,110,109,110,32500,110
2020-10-08,110,112,109,109,148100,109
2020-10-09,110,110,108,108,88100,108
2020-10-12,108,110,108,109,44300,109
2020-10-13,109,112,109,111,192200,111
2020-10-14,116,122,111,114,1592100,114
2020-10-15,115,115,109,109,347600,109
2020-10-16,109,110,104,106,504600,106
2020-10-19,105,108,104,106,131300,106
2020-10-20,106,107,105,105,132100,105
2020-10-21,105,106,105,106,38100,106
2020-10-22,105,106,104,105,172900,105
2020-10-23,105,105,98,99,555600,99
2020-10-26,100,101,98,100,170100,100
2020-10-27,99,100,98,98,61100,98
2020-10-28,99,99,94,95,268300,95
2020-10-29,93,96,92,93,110200,93
2020-10-30,95,96,91,91,139000,91
2020-11-02,91,94,90,94,127700,94
2020-11-04,95,98,94,98,63800,98
2020-11-05,98,98,96,97,38600,97
2020-11-06,98,98,96,96,66600,96
2020-11-09,97,97,93,94,134700,94
2020-11-10,96,98,94,95,188500,95
2020-11-11,96,99,96,99,121900,99
2020-11-12,99,100,97,99,66900,99
2020-11-13,99,99,96,98,49000,98
2020-11-16,94,128,94,122,4868600,122
2020-11-17,117,124,112,124,1738500,124
2020-11-18,120,131,119,123,1282500,123
2020-11-19,118,121,116,120,593200,120
2020-11-20,119,120,115,115,405700,115
2020-11-24,115,119,114,114,292700,114
2020-11-25,115,118,114,115,315000,115
2020-11-26,114,115,112,113,120700,113
2020-11-27,113,118,112,116,228700,116
2020-11-30,119,120,115,116,124400,116
2020-12-01,117,118,115,117,112300,117
2020-12-02,117,118,116,116,67700,116
2020-12-03,117,118,116,116,59500,116
2020-12-04,116,120,115,117,198700,117
2020-12-07,117,117,114,115,60900,115
2020-12-08,115,116,113,114,102400,114
2020-12-09,113,115,109,109,402100,109
2020-12-10,109,114,109,114,143700,114
2020-12-11,114,115,112,114,27500,114
2020-12-14,114,117,112,117,80300,117
2020-12-15,116,120,114,115,156100,115
2020-12-16,116,120,116,116,221800,116
2020-12-17,120,125,117,119,492000,119
2020-12-18,119,121,118,120,97000,120
2020-12-21,120,121,118,121,64000,121
2020-12-22,121,121,117,120,112800,120
2020-12-23,120,121,119,119,43100,119
2020-12-24,120,122,120,122,90600,122
2020-12-25,122,124,120,124,68100,124
2020-12-28,124,126,122,124,201400,124
2020-12-29,126,126,123,125,118600,125
2020-12-30,125,126,122,124,111200,124
2021-01-04,124,124,119,119,96900,119
2021-01-05,119,121,119,120,61200,120
2021-01-06,119,119,116,118,87600,118
2021-01-07,119,121,118,121,65700,121
2021-01-08,120,122,118,120,38700,120
2021-01-12,120,120,119,119,14400,119
2021-01-13,118,122,118,120,54500,120
2021-01-14,121,121,118,121,55000,121
2021-01-15,121,121,118,119,37500,119
2021-01-18,121,122,119,120,64500,120
2021-01-19,121,121,120,120,19700,120
2021-01-20,120,120,117,119,98000,119
2021-01-21,120,121,119,120,50000,120
2021-01-22,120,121,119,120,59100,120
2021-01-25,120,120,119,119,18700,119
2021-01-26,119,119,118,118,14100,118
2021-01-27,119,120,117,117,134900,117
2021-01-28,114,119,114,116,163000,116
2021-01-29,115,119,114,115,120000,115
2021-02-01,116,117,114,116,37400,116
2021-02-02,116,117,112,114,154200,114
2021-02-03,114,114,112,113,72600,113
2021-02-04,113,115,112,112,48900,112
2021-02-05,114,123,114,118,211400,118
2021-02-08,119,121,116,116,115900,116
2021-02-09,118,118,116,116,30300,116
2021-02-10,118,119,117,118,52200,118
2021-02-12,116,118,115,117,61800,117
2021-02-15,116,117,115,116,53200,116
2021-02-16,117,120,116,118,149600,118
2021-02-17,119,123,118,122,109300,122
2021-02-18,124,129,122,123,282500,123
2021-02-19,124,127,123,125,55100,125
2021-02-22,126,128,126,127,114200,127
2021-02-24,128,128,122,122,94000,122
2021-02-25,124,125,123,123,44200,123
2021-02-26,123,123,120,122,83200,122
2021-03-01,127,127,122,126,78000,126
2021-03-02,126,127,123,125,46000,125
2021-03-03,125,126,122,126,28400,126
2021-03-04,123,125,121,123,56800,123
2021-03-05,122,123,118,119,89500,119
2021-03-08,120,121,118,118,57100,118
2021-03-09,118,120,118,118,30600,118
2021-03-10,117,119,117,119,54700,119
2021-03-11,117,122,117,119,63100,119
2021-03-12,119,122,119,120,13300,120
2021-03-15,121,122,120,122,28400,122
2021-03-16,122,123,120,122,24500,122
2021-03-17,122,125,122,125,64600,125
2021-03-18,124,124,118,122,172400,122
2021-03-19,123,123,121,121,14800,121
2021-03-22,123,124,121,123,50600,123
2021-03-23,123,124,119,120,62800,120
2021-03-24,119,120,118,119,71600,119
2021-03-25,119,121,118,120,31000,120
2021-03-26,122,122,120,121,34100,121
2021-03-29,121,121,118,119,37600,119
2021-03-30,120,120,118,118,31100,118
2021-03-31,118,121,118,119,65200,119
2021-04-01,119,120,119,120,10400,120
2021-04-02,120,121,117,118,53200,118
2021-04-05,118,121,118,121,23500,121
2021-04-06,119,120,119,119,8500,119
2021-04-07,120,120,118,120,9100,120
2021-04-08,120,120,118,118,6600,118
2021-04-09,118,119,117,117,31400,117
2021-04-12,119,119,117,118,15300,118
2021-04-13,118,119,117,118,8700,118
2021-04-14,117,120,117,119,10900,119
2021-04-15,119,119,117,119,29900,119
2021-04-16,119,119,118,119,68000,119
2021-04-19,119,120,118,118,19000,118
2021-04-20,118,119,118,118,1300,118
2021-04-21,118,119,118,118,12000,118
2021-04-22,118,119,118,118,10300,118
2021-04-23,118,119,117,118,29100,118
2021-04-26,119,121,118,120,49300,120
2021-04-27,120,120,119,120,9300,120
2021-04-28,120,120,118,120,8200,120
2021-04-30,119,120,118,119,6800,119
2021-05-06,119,121,118,121,32500,121
2021-05-07,120,122,120,122,40400,122
2021-05-10,123,127,122,124,225100,124
2021-05-11,125,125,120,120,33800,120
2021-05-12,120,120,115,115,57400,115
2021-05-13,115,117,114,116,40400,116
2021-05-14,115,118,115,117,22800,117
2021-05-17,115,116,113,114,75500,114
2021-05-18,114,116,114,115,5400,115
2021-05-19,114,116,114,116,20800,116
2021-05-20,114,117,114,116,8700,116
2021-05-21,114,116,114,114,7400,114
2021-05-24,115,117,114,116,20000,116
2021-05-25,116,121,116,119,69900,119
2021-05-26,118,121,117,119,39600,119
2021-05-27,139,149,121,121,5957400,121
2021-05-28,121,121,115,117,961800,117
2021-05-31,117,118,115,117,179600,117
2021-06-01,116,117,113,115,213200,115
2021-06-02,114,116,113,116,111500,116
2021-06-03,116,117,113,114,122700,114
2021-06-04,115,115,114,114,67900,114
2021-06-07,115,115,113,113,106300,113
2021-06-08,115,115,113,114,40400,114
2021-06-09,116,118,115,115,104600,115
2021-06-10,115,118,115,116,50400,116
2021-06-11,117,118,116,116,23000,116
2021-06-14,119,119,117,118,67100,118
2021-06-15,119,120,116,120,134300,120
2021-06-16,117,121,117,119,52700,119
2021-06-17,118,119,117,118,93000,118
2021-06-18,118,118,116,116,56900,116
2021-06-21,115,116,114,114,153000,114
2021-06-22,115,117,114,116,48600,116
2021-06-23,116,116,114,114,45000,114
2021-06-24,114,117,114,115,24300,115
2021-06-25,115,116,114,115,30200,115
2021-06-28,116,116,115,115,40600,115
2021-06-29,116,116,113,115,86000,115
2021-06-30,113,113,102,109,511500,109
2021-07-01,107,107,105,105,114300,105
2021-07-02,104,108,104,108,190300,108
2021-07-05,105,106,104,105,70000,105
2021-07-06,105,108,105,106,62100,106
2021-07-07,105,107,102,102,107600,102
2021-07-08,102,104,98,99,226800,99
2021-07-09,99,100,95,98,215800,98
2021-07-12,95,98,95,97,108800,97
2021-07-13,96,97,95,95,99100,95
2021-07-14,95,97,93,97,132300,97
2021-07-15,97,100,97,97,46300,97
2021-07-16,100,100,97,98,22700,98
2021-07-19,99,100,97,97,47900,97
2021-07-20,96,98,96,96,35800,96
2021-07-21,98,98,96,97,20100,97
2021-07-26,97,98,95,95,33300,95
2021-07-27,95,96,93,93,87500,93
2021-07-28,93,94,90,90,138900,90
2021-07-29,91,93,90,91,88900,91
2021-07-30,91,91,87,88,169400,88
2021-08-02,87,89,84,84,129500,84
2021-08-03,84,86,83,86,110300,86
2021-08-04,90,104,81,81,2998500,81
2021-08-05,85,87,80,80,380500,80
2021-08-06,81,81,76,77,196100,77
2021-08-10,77,79,77,79,51000,79
2021-08-11,79,82,78,81,79900,81
2021-08-12,81,85,81,85,68100,85
2021-08-13,85,85,82,84,56100,84
2021-08-16,85,85,82,82,59900,82
2021-08-17,85,94,83,84,673500,84
2021-08-18,83,86,80,84,173300,84
2021-08-19,86,86,82,83,33100,83
2021-08-20,83,86,81,84,42200,84
2021-08-23,85,85,83,85,39900,85
2021-08-24,84,85,84,84,12900,84
2021-08-25,83,85,83,84,30300,84
2021-08-26,84,85,84,84,17100,84
2021-08-27,85,85,82,83,21300,83
2021-08-30,85,86,84,86,39000,86
2021-08-31,87,88,85,88,30500,88
2021-09-01,86,89,86,89,56600,89
2021-09-02,89,91,87,90,68800,90
2021-09-03,91,95,90,91,105400,91
2021-09-06,93,93,89,90,61700,90
2021-09-07,90,91,89,90,25900,90
2021-09-08,91,93,89,93,50100,93
2021-09-09,93,94,91,92,43700,92
2021-09-10,92,94,91,94,72000,94
2021-09-13,94,95,93,93,44400,93
2021-09-14,94,95,92,94,60700,94
2021-09-15,94,94,92,92,40500,92
2021-09-16,94,94,88,92,52800,92
2021-09-17,89,94,89,91,56500,91
2021-09-21,91,92,87,91,76500,91
2021-09-22,90,91,89,89,46400,89
2021-09-24,90,93,89,91,69400,91
2021-09-27,92,95,91,93,81200,93
2021-09-28,95,96,92,96,170500,96
2021-09-29,87,91,87,89,253500,89
2021-09-30,89,91,89,91,154000,91
2021-10-01,88,89,87,88,87000,88
2021-10-04,89,89,86,87,71700,87
2021-10-05,86,86,84,85,38500,85
2021-10-06,85,87,83,84,47500,84
2021-10-07,84,86,84,86,12700,86
2021-10-08,86,87,85,87,23000,87
2021-10-11,86,88,86,88,29900,88
2021-10-12,88,88,85,85,43300,85
2021-10-13,85,86,85,85,3200,85
2021-10-14,85,87,85,86,46100,86
2021-10-15,87,87,85,86,12800,86
2021-10-18,90,90,83,85,140700,85
2021-10-19,85,85,82,83,87200,83
2021-10-20,83,85,82,85,19700,85
2021-10-21,84,85,83,85,15000,85
2021-10-22,84,85,83,83,28000,83
2021-10-25,83,84,82,83,37900,83
2021-10-26,83,84,83,84,13100,84
2021-10-27,85,85,83,84,13900,84
2021-10-28,83,84,82,84,25000,84
2021-10-29,84,84,82,82,16500,82
2021-11-01,83,84,83,83,12600,83
2021-11-02,83,83,82,82,35100,82
2021-11-04,83,83,82,83,19900,83
2021-11-05,83,83,81,81,42100,81
2021-11-08,82,83,81,82,27300,82
2021-11-09,81,82,80,82,37300,82
2021-11-10,82,82,80,81,15800,81
2021-11-11,81,81,80,81,25300,81
2021-11-12,81,82,80,80,10300,80
2021-11-15,80,82,80,80,26500,80
2021-11-16,81,81,80,80,13900,80
2021-11-17,80,81,80,80,24200,80
2021-11-18,80,82,80,81,23800,81
2021-11-19,81,81,80,80,33700,80
2021-11-22,80,82,80,80,29200,80
2021-11-24,80,81,80,80,29400,80
2021-11-25,80,81,80,80,27600,80
2021-11-26,80,81,78,79,131900,79
2021-11-29,78,80,78,78,54900,78
2021-11-30,79,80,78,78,21800,78
2021-12-01,79,79,78,78,19600,78
2021-12-02,78,80,78,80,34700,80
2021-12-03,79,80,79,80,17700,80
2021-12-06,80,80,77,77,56600,77
2021-12-07,77,79,76,79,81200,79
2021-12-08,80,80,79,80,14400,80
2021-12-09,80,80,78,80,31300,80
2021-12-10,78,80,78,80,30900,80
2021-12-13,80,80,78,79,27400,79
2021-12-14,79,79,76,78,45000,78
2021-12-15,77,78,76,78,28800,78
2021-12-16,78,78,76,76,42800,76
2021-12-17,76,78,76,76,35700,76
2021-12-20,77,77,61,68,203600,68
2021-12-21,69,70,66,67,100900,67
2021-12-22,68,68,64,65,97300,65
2021-12-23,64,66,63,65,79600,65
2021-12-24,65,65,63,63,78700,63
2021-12-27,65,65,61,61,163000,61
2021-12-28,62,63,58,58,203400,58
2021-12-29,59,86,59,70,2591900,70
2021-12-30,80,86,71,73,1806400,73
2022-01-04,76,84,74,76,559300,76
2022-01-05,77,78,73,74,188400,74
2022-01-06,73,73,68,71,195300,71
2022-01-07,71,71,68,68,57300,68
2022-01-11,69,70,66,67,64600,67
2022-01-12,71,88,71,76,2036900,76
2022-01-13,76,77,71,73,272900,73
2022-01-14,73,74,71,74,77000,74
2022-01-17,76,76,69,72,144300,72
2022-01-18,73,73,71,71,56700,71
2022-01-19,71,71,69,69,69500,69
2022-01-20,72,72,69,71,47300,71
2022-01-21,69,70,65,68,141200,68
2022-01-24,70,70,67,68,90700,68
2022-01-25,70,70,67,68,24800,68
2022-01-26,68,69,68,69,31400,69
2022-01-27,68,69,66,68,54800,68
2022-01-28,67,68,65,67,52500,67
2022-01-31,66,69,66,69,27100,69
2022-02-01,68,70,68,69,25200,69
2022-02-02,69,69,67,69,26100,69
2022-02-03,71,77,68,69,263500,69
2022-02-04,70,70,69,70,14700,70
2022-02-07,70,71,69,69,20900,69
2022-02-08,69,72,69,72,26100,72
2022-02-09,71,72,70,70,20600,70
2022-02-10,71,71,69,71,26000,71
2022-02-14,68,70,68,69,29500,69
2022-02-15,69,71,68,68,35400,68
2022-02-16,69,70,68,69,8200,69
2022-02-17,72,72,69,69,19800,69
2022-02-18,69,71,69,70,23900,70
2022-02-21,70,70,69,69,8600,69
2022-02-22,69,70,69,70,9600,70
2022-02-24,69,70,67,67,43100,67
2022-02-25,68,74,68,71,96900,71
2022-02-28,71,73,71,72,21400,72
2022-03-01,73,73,70,72,54600,72
2022-03-02,71,71,69,71,31900,71
2022-03-03,71,74,71,73,63200,73
2022-03-04,72,73,69,70,64500,70
2022-03-07,68,69,66,69,93800,69
2022-03-08,67,69,67,69,18300,69
2022-03-09,68,69,67,68,43900,68
2022-03-10,67,69,67,69,21000,69
2022-03-11,70,70,68,68,18700,68
2022-03-14,70,70,68,70,20400,70
2022-03-15,70,82,69,72,596300,72
2022-03-16,78,81,72,73,460500,73
2022-03-17,74,76,71,74,187700,74
2022-03-18,74,75,72,73,48600,73
2022-03-22,73,74,72,73,61800,73
2022-03-23,74,75,73,75,32300,75
2022-03-24,73,75,72,72,69500,72
2022-03-25,73,74,71,72,29700,72
2022-03-28,72,74,71,72,41200,72
2022-03-29,73,74,72,73,19100,73
2022-03-30,73,74,72,73,16000,73
2022-03-31,73,74,72,73,32600,73
2022-04-01,73,73,72,73,18400,73
2022-04-04,73,74,72,73,43900,73
2022-04-05,72,76,69,72,164400,72
2022-04-06,75,75,72,73,17700,73
2022-04-07,73,74,72,72,25100,72
2022-04-08,72,73,72,72,29300,72
2022-04-11,72,72,71,71,24200,71
2022-04-12,72,73,72,72,59600,72
2022-04-13,73,73,72,72,8400,72
2022-04-14,73,73,72,72,10900,72
2022-04-15,73,73,72,73,14900,73
2022-04-18,73,74,73,73,16300,73
2022-04-19,75,75,72,72,33200,72
2022-04-20,73,73,72,72,27400,72
2022-04-21,73,74,72,74,21200,74
2022-04-22,74,74,73,73,11400,73
2022-04-25,73,73,71,71,22200,71
2022-04-26,72,73,71,72,23400,72
2022-04-27,72,74,72,74,24400,74
2022-04-28,73,74,73,73,6900,73
2022-05-02,73,73,72,72,4600,72
2022-05-06,75,82,73,75,279800,75
2022-05-09,78,78,74,75,61700,75
2022-05-10,75,76,74,76,25500,76
2022-05-11,77,77,75,76,20100,76
2022-05-12,76,77,75,76,15700,76
2022-05-13,76,76,75,75,7000,75
2022-05-16,75,77,75,75,13200,75
2022-05-17,75,80,75,77,65500,77
2022-05-18,78,79,77,77,38600,77
2022-05-19,79,86,77,79,449600,79
2022-05-20,80,81,78,78,114200,78
2022-05-23,83,84,80,82,97000,82
2022-05-24,84,84,82,84,53800,84
2022-05-25,84,85,81,83,82400,83
2022-05-26,84,84,82,83,27000,83
2022-05-27,83,85,82,83,57000,83
2022-05-30,85,87,83,84,168900,84
2022-05-31,85,93,83,91,392900,91
2022-06-01,92,93,89,92,137700,92
2022-06-02,92,92,90,90,68600,90
2022-06-03,92,92,90,92,51500,92
2022-06-06,92,94,91,94,64500,94
2022-06-07,94,96,93,94,88300,94
2022-06-08,95,102,95,100,312700,100
2022-06-09,103,103,99,101,163700,101
2022-06-10,100,100,96,98,118900,98
2022-06-13,100,110,98,106,438200,106
2022-06-14,107,107,98,103,278300,103
2022-06-15,103,105,98,98,78900,98
2022-06-16,100,105,98,99,88500,99
2022-06-17,98,103,98,99,72300,99
2022-06-20,101,101,97,100,49800,100
2022-06-21,100,100,98,100,45700,100
2022-06-22,102,102,98,100,84200,100
2022-06-23,99,102,98,101,52500,101
2022-06-24,101,103,100,103,56400,103
2022-06-27,103,105,102,104,55500,104
2022-06-28,104,105,102,103,34300,103
2022-06-29,104,104,99,101,64500,101
2022-06-30,102,104,102,103,79000,103
2022-07-01,104,104,100,100,57800,100
2022-07-04,100,104,96,103,101500,103
2022-07-05,102,103,100,101,27300,101
2022-07-06,101,103,100,103,21500,103
2022-07-07,102,103,97,103,70500,103
2022-07-08,102,103,99,99,37200,99
2022-07-11,99,102,99,100,29700,100
2022-07-12,100,101,100,100,18200,100
2022-07-13,101,102,99,100,11500,100
2022-07-14,99,100,98,98,22100,98
2022-07-15,98,100,98,99,20500,99
2022-07-19,97,97,93,93,114600,93
2022-07-20,91,95,90,93,276400,93
2022-07-21,95,95,93,95,25900,95
2022-07-22,93,96,93,94,25100,94
2022-07-25,95,96,94,95,16200,95
2022-07-26,95,97,95,95,16600,95
2022-07-27,125,125,120,125,1199400,125
2022-07-28,116,119,104,105,3185400,105
2022-07-29,105,105,101,101,545600,101
2022-08-01,102,105,101,103,178800,103
2022-08-02,102,103,100,100,168700,100
2022-08-03,100,102,99,101,105300,101
2022-08-04,101,102,100,101,66900,101
2022-08-05,101,103,101,102,24800,102
2022-08-08,101,101,99,99,82200,99
2022-08-09,99,100,98,100,86400,100
2022-08-10,100,101,98,99,65700,99
2022-08-12,101,101,99,101,70900,101
2022-08-15,100,102,100,100,33200,100
2022-08-16,101,103,100,103,46900,103
2022-08-17,103,105,102,103,148000,103
2022-08-18,103,103,102,103,46400,103
2022-08-19,104,104,103,103,31700,103
2022-08-22,103,104,102,102,22200,102
2022-08-23,102,103,101,102,39500,102
2022-08-24,103,103,101,102,68900,102
2022-08-25,103,103,102,103,13900,103
2022-08-26,103,104,102,102,20800,102
2022-08-29,101,103,100,101,83900,101
2022-08-30,102,103,101,103,37800,103
2022-08-31,103,107,103,107,138400,107
2022-09-01,105,107,104,105,105300,105
2022-09-02,105,105,102,104,98100,104
2022-09-05,102,102,101,101,59600,101
2022-09-06,101,102,101,102,36600,102
2022-09-07,101,103,101,103,19100,103
2022-09-08,103,104,103,103,31800,103
2022-09-09,103,103,102,103,24700,103
2022-09-12,99,103,99,100,535500,100
2022-09-13,101,103,101,102,77100,102
2022-09-14,101,104,100,103,92200,103
2022-09-15,103,106,103,106,165500,106
2022-09-16,106,110,105,106,239400,106
2022-09-20,106,109,105,109,141400,109
2022-09-21,108,109,107,108,46500,108
2022-09-22,108,109,106,109,71500,109
2022-09-26,109,114,109,112,237900,112
2022-09-27,113,114,111,113,147400,113
2022-09-28,114,115,105,115,289400,115
2022-09-29,107,109,105,106,249600,106
2022-09-30,106,106,102,103,131400,103
2022-10-03,103,103,99,101,221300,101
2022-10-04,101,104,101,103,126200,103
2022-10-05,104,104,102,103,33900,103
2022-10-06,103,103,101,103,60800,103
2022-10-07,102,103,101,101,51900,101
2022-10-11,103,105,101,103,128700,103
2022-10-12,104,114,103,107,209100,107
2022-10-13,110,110,104,105,110700,105
2022-10-14,106,108,104,106,58600,106
2022-10-17,105,107,103,105,95600,105
2022-10-18,107,107,105,106,71200,106
2022-10-19,107,107,104,104,39500,104
2022-10-20,104,106,104,106,33200,106
2022-10-21,105,106,103,104,35800,104
2022-10-24,105,105,101,101,59800,101
2022-10-25,101,102,101,101,29600,101
2022-10-26,102,102,101,102,14900,102
2022-10-27,101,102,98,100,163200,100
2022-10-28,99,102,99,101,45400,101
2022-10-31,102,102,100,100,39300,100
2022-11-01,101,102,100,101,24900,101
2022-11-02,101,102,100,101,18900,101
2022-11-04,102,111,101,103,255600,103
2022-11-07,104,107,103,104,63800,104
2022-11-08,104,106,103,106,34300,106
2022-11-09,106,109,106,109,93700,109
2022-11-10,109,109,105,109,102400,109
2022-11-11,113,113,106,106,219300,106
2022-11-14,106,106,100,104,113000,104
2022-11-15,101,104,101,104,59200,104
2022-11-16,103,104,102,104,30400,104
2022-11-17,104,105,103,105,18000,105
2022-11-18,104,105,103,103,22300,103
2022-11-21,104,104,103,103,12400,103
2022-11-22,104,105,103,103,46800,103
2022-11-24,103,103,101,103,130500,103
2022-11-25,103,104,102,102,20000,102
2022-11-28,103,104,102,102,35300,102
2022-11-29,102,104,102,103,28500,103
2022-11-30,103,104,102,103,12900,103
2022-12-01,103,104,100,101,242600,101
2022-12-02,101,101,99,100,80900,100
2022-12-05,101,101,99,99,73200,99
2022-12-06,100,100,99,100,12300,100
2022-12-07,100,101,99,100,31700,100
2022-12-08,100,101,100,100,48100,100
2022-12-09,100,101,99,99,265500,99
2022-12-12,100,101,99,100,223800,100
2022-12-13,100,101,100,100,116700,100
2022-12-14,100,102,100,101,34900,101
2022-12-15,100,102,100,101,61600,101
2022-12-16,101,102,99,100,118600,100
2022-12-19,100,102,99,100,97900,100
2022-12-20,100,100,96,99,139000,99
2022-12-21,99,99,96,97,72900,97
2022-12-22,98,98,93,94,209100,94
2022-12-23,94,96,93,94,51900,94
2022-12-26,94,96,94,95,246100,95
2022-12-27,95,98,95,95,114300,95
2022-12-28,95,100,95,98,132700,98
2022-12-29,98,98,95,97,106200,97
2022-12-30,97,98,95,96,98800,96
2023-01-04,96,97,94,95,88000,95
2023-01-05,96,97,94,94,94800,94
2023-01-06,95,96,93,94,54600,94
2023-01-10,95,96,94,96,29300,96
2023-01-11,96,97,95,95,154800,95
2023-01-12,95,95,93,93,116200,93
2023-01-13,94,95,93,93,176200,93
2023-01-16,93,93,91,93,98400,93
2023-01-17,92,94,92,92,42600,92
2023-01-18,93,93,92,92,61700,92
2023-01-19,95,103,91,93,542100,93
2023-01-20,93,93,91,92,80700,92
2023-01-23,92,93,92,92,51900,92
2023-01-24,93,93,91,92,45500,92
2023-01-25,92,93,91,91,76100,91
2023-01-26,91,92,90,92,176000,92
2023-01-27,90,91,90,91,190800,91
2023-01-30,92,92,90,90,260000,90
2023-01-31,90,92,90,91,186100,91
2023-02-01,90,90,89,90,198800,90
2023-02-02,90,91,89,89,83000,89
2023-02-03,90,91,89,90,85300,90
2023-02-06,91,91,89,90,146800,90
2023-02-07,91,93,90,90,195400,90
2023-02-08,91,98,91,97,363300,97
2023-02-09,97,103,97,99,543500,99
2023-02-10,102,102,97,97,268200,97
2023-02-13,93,95,90,94,236200,94
2023-02-14,94,94,91,91,117400,91
2023-02-15,91,93,91,91,85000,91
2023-02-16,91,94,91,93,55800,93
2023-02-17,93,94,91,92,51700,92
2023-02-20,91,94,91,93,103200,93
2023-02-21,92,94,92,94,82200,94
2023-02-22,92,96,92,92,89300,92
2023-02-24,94,94,92,92,74300,92
2023-02-27,92,94,91,92,99900,92
2023-02-28,93,94,91,94,62200,94
2023-03-01,93,94,93,93,12700,93
2023-03-02,93,94,93,93,23400,93
2023-03-03,93,93,92,93,45800,93
2023-03-06,92,93,91,92,150300,92
2023-03-07,91,93,91,92,81900,92
2023-03-08,92,93,92,92,36500,92
2023-03-09,93,94,92,93,48100,93
2023-03-10,93,94,92,93,19100,93
2023-03-13,92,93,91,91,116500,91
2023-03-14,91,91,89,89,139300,89
2023-03-15,90,91,89,91,75900,91
2023-03-16,90,91,89,90,73600,90
2023-03-17,90,90,89,90,84600,90
2023-03-20,90,90,89,90,83500,90
2023-03-22,89,90,89,90,25600,90
2023-03-23,90,90,89,90,103300,90
2023-03-24,90,91,89,90,59300,90
2023-03-27,90,94,89,90,286000,90
2023-03-28,92,93,89,90,373500,90
2023-03-29,90,91,89,90,95100,90
2023-03-30,90,93,89,90,237800,90
2023-03-31,91,92,90,91,122700,91
2023-04-03,92,92,90,92,31400,92
2023-04-04,92,92,91,92,19800,92
2023-04-05,92,92,90,91,39800,91
2023-04-06,92,92,90,90,27200,90
2023-04-07,90,91,90,90,19200,90
2023-04-10,91,93,91,93,58200,93
2023-04-11,93,94,92,93,80700,93
2023-04-12,92,93,92,93,17500,93
2023-04-13,94,94,92,93,122100,93
2023-04-14,93,94,93,94,34400,94
2023-04-17,94,95,92,95,99000,95
2023-04-18,95,96,93,96,113200,96
2023-04-19,96,102,96,100,553200,100
2023-04-20,99,101,99,99,265000,99
2023-04-21,99,99,95,98,458200,98
2023-04-24,98,101,98,101,190400,101
2023-04-25,101,101,99,100,230000,100
2023-04-26,101,101,98,101,118400,101
2023-04-27,101,101,99,100,75600,100
2023-04-28,100,100,99,100,29700,100
2023-05-01,100,103,100,102,242400,102
2023-05-02,102,106,101,105,312000,105
2023-05-08,105,112,104,112,665900,112
2023-05-09,111,112,107,110,406200,110
2023-05-10,110,112,107,107,228200,107
2023-05-11,109,109,104,109,182000,109
2023-05-12,109,109,102,103,441200,103
2023-05-15,105,106,103,106,225000,106
2023-05-16,104,104,94,100,514700,100
2023-05-17,100,100,97,100,163200,100
2023-05-18,99,100,96,97,252800,97
2023-05-19,98,98,96,97,112400,97
2023-05-22,99,99,96,99,153200,99
2023-05-23,100,100,98,99,165300,99
2023-05-24,100,100,99,100,31900,100
2023-05-25,100,101,99,100,81400,100
2023-05-26,100,101,99,100,94900,100
2023-05-29,100,100,99,99,32100,99
2023-05-30,99,99,97,97,128400,97
2023-05-31,97,98,96,97,67900,97
2023-06-01,96,97,95,97,86800,97
2023-06-02,97,98,96,97,94100,97
2023-06-05,98,98,96,97,103300,97
2023-06-06,97,97,96,96,60200,96
2023-06-07,96,97,96,97,45200,97
2023-06-08,97,98,96,98,106700,98
2023-06-09,98,98,96,97,78300,97
2023-06-12,97,99,96,98,104200,98
2023-06-13,98,99,97,98,45900,98
2023-06-14,98,98,97,97,38000,97
2023-06-15,97,98,97,97,45400,97
2023-06-16,98,103,98,103,306300,103
2023-06-19,104,105,102,102,196600,102
2023-06-20,102,103,102,103,46900,103
2023-06-21,102,103,101,101,107300,101
2023-06-22,101,102,100,102,75400,102
2023-06-23,101,102,100,101,83600,101
2023-06-26,101,101,99,100,54700,100
2023-06-27,101,101,98,99,148400,99
2023-06-28,99,100,98,100,50600,100
2023-06-29,99,101,99,99,57700,99
2023-06-30,99,102,99,101,107000,101
2023-07-03,101,102,100,102,114300,102
2023-07-04,103,103,101,101,72700,101
2023-07-05,101,102,100,100,87400,100
2023-07-06,102,103,101,102,162700,102
2023-07-07,101,102,101,101,52600,101
2023-07-10,104,105,102,105,162100,105
2023-07-11,105,106,103,104,115800,104
2023-07-12,104,105,103,103,62800,103
2023-07-13,103,106,103,105,81000,105
2023-07-14,106,107,104,104,107500,104
2023-07-18,105,107,105,107,147300,107
2023-07-19,108,108,105,106,86200,106
2023-07-20,107,110,106,109,134600,109
2023-07-21,110,112,106,110,324100,110
2023-07-24,110,110,109,110,127900,110
2023-07-25,110,111,109,111,52500,111
2023-07-26,112,120,111,120,561300,120
2023-07-27,118,122,116,122,324800,122
2023-07-28,117,122,117,117,314200,117
2023-07-31,124,129,121,127,621300,127
2023-08-01,128,145,128,141,2361500,141
2023-08-02,142,147,134,141,1043600,141
2023-08-03,140,147,137,146,545800,146
2023-08-04,148,158,147,156,1067000,156
2023-08-07,161,172,157,170,1132800,170
2023-08-08,178,196,173,191,2473900,191
2023-08-09,196,197,171,186,1848300,186
2023-08-10,182,184,176,178,652500,178
2023-08-14,210,219,183,202,6217600,202
2023-08-15,197,201,179,179,2003400,179
2023-08-16,181,181,163,172,2360900,172
2023-08-17,168,178,166,173,941200,173
2023-08-18,174,181,170,175,961100,175
2023-08-21,174,176,168,172,654200,172
2023-08-22,170,174,166,169,449300,169
2023-08-23,167,170,166,166,415300,166
2023-08-24,165,171,163,169,503200,169
2023-08-25,170,178,168,171,842000,171
2023-08-28,172,172,165,168,569300,168
2023-08-29,168,169,166,166,253800,166
2023-08-30,170,171,156,159,1177900,159
2023-08-31,169,169,161,164,872800,164
2023-09-01,164,166,162,164,268000,164
2023-09-04,165,176,164,175,1101000,175
2023-09-05,182,193,178,189,1802000,189
2023-09-06,189,190,182,182,564900,182
2023-09-07,186,202,182,196,2296800,196
2023-09-08,195,205,193,196,1273000,196
2023-09-11,198,198,186,195,725600,195
2023-09-12,191,193,186,191,548000,191
2023-09-13,195,196,187,189,593800,189
2023-09-14,187,190,187,188,231400,188
2023-09-15,190,190,177,184,929700,184
2023-09-19,181,184,174,178,744100,178
2023-09-20,179,182,171,171,817300,171
2023-09-21,168,171,165,165,608300,165
2023-09-22,164,170,163,168,468100,168
2023-09-25,170,174,169,172,296300,172
2023-09-26,171,172,169,169,249400,169
2023-09-27,169,171,167,170,303900,170
2023-09-28,167,172,165,165,528400,165
2023-09-29,165,168,164,164,288800,164
2023-10-02,165,175,165,168,663900,168
2023-10-03,167,170,161,161,381700,161
2023-10-04,156,160,154,156,537600,156
2023-10-05,158,159,154,156,361700,156
2023-10-06,160,165,158,159,340800,159
2023-10-10,162,168,161,168,326900,168
2023-10-11,167,168,164,165,196400,165
2023-10-12,164,166,163,166,141400,166
2023-10-13,163,164,155,157,399700,157
2023-10-16,153,154,149,150,505600,150
2023-10-17,151,157,151,152,263300,152
2023-10-18,157,159,148,149,566700,149
2023-10-19,147,150,146,150,205900,150
2023-10-20,149,150,144,148,194900,148
2023-10-23,145,150,144,148,158200,148
2023-10-24,145,150,144,148,240800,148
2023-10-25,149,154,148,148,323100,148
2023-10-26,140,142,134,137,1068000,137
2023-10-27,136,144,136,140,312700,140
2023-10-30,138,141,137,137,181600,137
2023-10-31,137,142,135,138,479100,138
2023-11-01,141,145,141,142,371700,142
2023-11-02,143,147,143,145,280300,145
2023-11-06,148,152,145,149,495100,149
2023-11-07,153,155,149,149,287300,149
2023-11-08,151,152,147,149,320300,149
2023-11-09,149,150,145,148,214400,148
2023-11-10,150,151,144,151,292000,151
2023-11-13,152,152,148,150,386000,150
2023-11-14,150,151,146,150,1039600,150
2023-11-15,162,183,146,175,5396000,175
2023-11-16,173,177,168,171,2090200,171
2023-11-17,173,182,164,166,2277200,166
2023-11-20,170,170,156,158,1380400,158
2023-11-21,159,165,159,162,849600,162
2023-11-22,160,164,159,163,538600,163
2023-11-24,164,174,164,172,1193800,172
2023-11-27,174,196,173,191,2677600,191
2023-11-28,190,195,182,187,1105300,187
2023-11-29,191,197,186,187,1014400,187
2023-11-30,187,187,177,179,734000,179
2023-12-01,181,182,175,175,419200,175
2023-12-04,173,176,169,174,438900,174
2023-12-05,171,176,169,170,429100,170
2023-12-06,170,171,165,166,404200,166
2023-12-07,165,173,165,169,343800,169
2023-12-08,166,170,165,169,307700,169
2023-12-11,172,180,172,178,486200,178
2023-12-12,183,184,177,177,564100,177
2023-12-13,178,179,172,172,542100,172
2023-12-14,173,173,165,167,653600,167
2023-12-15,168,172,166,169,276600,169
2023-12-18,166,167,163,164,443600,164
2023-12-19,165,167,162,166,224900,166
2023-12-20,165,170,165,166,448100,166
2023-12-21,166,166,159,161,572300,161
2023-12-22,162,164,161,161,217500,161
2023-12-25,166,170,164,164,523500,164
2023-12-26,165,167,163,165,224800,165
2023-12-27,165,166,163,163,339200,163
2023-12-28,164,166,162,165,227300,165
2023-12-29,164,168,163,165,381900,165
2024-01-04,163,168,157,164,609900,164
2024-01-05,165,166,163,163,207600,163
2024-01-09,163,165,162,163,226000,163
2024-01-10,163,165,163,165,163300,165
2024-01-11,165,166,163,165,388800,165
2024-01-12,164,177,163,176,878600,176
2024-01-15,178,188,178,186,1051500,186
2024-01-16,189,193,179,183,1118600,183
2024-01-17,185,190,182,186,639800,186
2024-01-18,188,197,184,192,920300,192
2024-01-19,190,194,186,187,624800,187
2024-01-22,189,196,188,190,482800,190
2024-01-23,189,197,189,193,523200,193
2024-01-24,193,207,192,206,923600,206
2024-01-25,215,242,211,241,3762100,241
2024-01-26,248,265,240,250,5064600,250
2024-01-29,257,271,257,263,2612500,263
2024-01-30,260,263,241,254,2322800,254
2024-01-31,258,260,249,257,944300,257
2024-02-01,254,254,246,246,682700,246
2024-02-02,244,245,230,236,1385800,236
2024-02-05,238,254,237,254,914000,254
2024-02-06,255,259,250,255,855900,255
2024-02-07,250,254,243,254,589400,254
2024-02-08,259,259,249,257,529600,257
2024-02-09,257,266,247,248,1216800,248
2024-02-13,253,265,249,256,1198100,256
2024-02-14,231,242,224,228,1641200,228
2024-02-15,227,227,204,209,1735900,209
2024-02-16,208,217,207,215,739800,215
2024-02-19,220,227,219,223,614500,223
2024-02-20,224,227,215,215,511900,215
2024-02-21,213,213,206,209,424400,209
2024-02-22,214,218,209,216,398200,216
2024-02-26,216,219,210,213,441300,213
2024-02-27,212,212,205,209,564600,209
2024-02-28,209,209,203,203,354900,203
2024-02-29,205,208,202,207,351000,207
2024-03-01,206,206,201,201,542600,201
2024-03-04,202,210,201,207,384100,207
2024-03-05,205,205,199,202,489700,202
2024-03-06,200,223,199,219,908300,219
2024-03-07,211,216,204,205,891300,205
2024-03-08,210,218,207,214,684600,214
2024-03-11,211,217,211,214,349300,214
2024-03-12,216,216,206,216,490800,216
2024-03-13,220,225,214,217,504700,217
2024-03-14,218,232,218,230,754300,230
2024-03-15,228,236,225,235,484000,235
2024-03-18,238,239,216,228,1030400,228
2024-03-19,227,234,224,229,422100,229
2024-03-21,228,240,228,237,463500,237
2024-03-22,238,242,234,236,519300,236
2024-03-25,237,239,229,235,460100,235
2024-03-26,243,257,241,246,1357900,246
2024-03-27,244,250,242,245,794900,245
2024-03-28,243,248,241,245,547800,245
2024-03-29,244,250,235,246,677800,246
2024-04-01,247,251,237,239,804900,239
2024-04-02,241,241,228,229,706900,229
2024-04-03,225,227,218,225,620700,225
2024-04-04,226,229,223,224,198600,224
2024-04-05,220,225,218,225,355100,225
2024-04-08,225,229,222,222,134100,222
2024-04-09,222,225,219,220,201700,220
2024-04-10,222,231,222,227,313100,227
2024-04-11,227,227,222,226,170400,226
2024-04-12,226,228,224,225,98600,225
2024-04-15,224,228,222,222,142700,222
2024-04-16,225,228,220,225,358100,225
2024-04-17,225,226,219,220,318400,220
2024-04-18,221,242,220,240,895800,240
2024-04-19,240,243,230,234,694800,234
2024-04-22,242,250,238,245,494400,245
2024-04-23,247,253,244,246,312700,246
2024-04-24,250,251,246,248,204000,248
2024-04-25,249,249,240,240,395300,240
2024-04-26,239,240,230,239,526400,239
2024-04-30,238,243,234,240,227200,240
2024-05-01,240,242,237,241,157700,241
2024-05-02,242,274,242,269,1935800,269
2024-05-07,285,285,271,275,946900,275
2024-05-08,276,279,264,269,692200,269
2024-05-09,270,270,259,260,517900,260
2024-05-10,258,263,255,262,463100,262
2024-05-13,255,260,251,254,627700,254
2024-05-14,254,258,251,258,350200,258
2024-05-15,263,272,252,264,1324600,264
2024-05-16,265,278,255,259,817700,259
2024-05-17,256,258,248,249,630300,249
2024-05-20,249,249,240,242,500400,242
2024-05-21,240,242,224,225,1259600,225
2024-05-22,222,225,210,219,1062300,219
2024-05-23,221,221,212,212,715000,212
2024-05-24,209,222,208,217,643200,217
2024-05-27,223,228,220,224,395400,224
2024-05-28,224,225,218,218,437400,218
2024-05-29,218,219,212,212,310600,212
2024-05-30,210,214,208,211,311900,211
2024-05-31,209,216,208,214,190400,214
2024-06-03,221,221,212,217,256200,217
2024-06-04,214,218,212,214,327200,214
2024-06-05,212,215,209,215,346900,215
2024-06-06,213,217,211,215,192100,215
2024-06-07,218,226,215,225,460900,225
2024-06-10,228,232,225,227,462300,227
2024-06-11,228,228,221,224,287400,224
2024-06-12,222,225,216,218,293700,218
2024-06-13,219,219,214,214,271300,214
2024-06-14,213,218,212,214,274400,214
2024-06-17,210,213,204,211,690100,211
2024-06-18,212,215,208,208,186800,208
2024-06-19,208,211,205,206,291800,206
2024-06-20,210,215,207,214,222500,214
2024-06-21,215,219,215,216,207300,216
2024-06-24,216,225,216,222,223000,222
2024-06-25,222,222,216,216,230900,216
2024-06-26,222,235,222,231,804600,231
2024-06-27,234,237,229,233,307600,233
2024-06-28,235,239,230,231,277100,231
2024-07-01,234,234,223,224,424400,224
2024-07-02,223,227,223,227,169900,227
2024-07-03,227,227,224,226,169300,226
2024-07-04,226,229,224,229,144600,229
2024-07-05,228,230,223,225,175600,225
2024-07-08,226,229,225,229,183600,229
2024-07-09,226,229,222,223,256500,223
2024-07-10,224,238,224,234,639100,234
2024-07-11,233,235,230,231,229300,231
2024-07-12,230,235,228,228,347300,228
2024-07-16,231,231,227,230,247000,230
2024-07-17,231,233,229,232,203100,232
2024-07-18,230,232,227,227,156300,227
2024-07-19,227,228,220,221,377000,221
2024-07-22,217,218,212,215,431200,215
2024-07-23,218,221,209,213,353300,213
2024-07-24,212,215,209,210,207600,210
2024-07-25,208,210,203,209,456800,209
2024-07-26,208,215,206,213,462500,213
2024-07-29,215,219,213,219,227600,219
2024-07-30,215,220,214,214,184000,214
2024-07-31,211,220,211,215,221000,215
2024-08-01,213,215,202,205,615500,205
2024-08-02,192,196,185,187,1044900,187
2024-08-05,172,177,145,150,1783800,150
2024-08-06,156,175,156,167,1046600,167
2024-08-07,163,187,163,182,734100,182
2024-08-08,180,186,177,179,462100,179
2024-08-09,185,191,183,187,309000,187
2024-08-13,197,202,189,198,487000,198
2024-08-14,193,194,183,186,777700,186
2024-08-15,185,186,176,177,710500,177
2024-08-16,181,188,180,184,490900,184
2024-08-19,188,188,178,179,369700,179
2024-08-20,183,194,183,191,368700,191
2024-08-21,186,190,186,188,119800,188
2024-08-22,189,190,186,188,184700,188
2024-08-23,191,191,186,189,103700,189
2024-08-26,190,203,190,202,458400,202
2024-08-27,205,205,199,201,301800,201
2024-08-28,206,206,196,197,238000,197
2024-08-29,202,209,197,199,374500,199
2024-08-30,201,202,197,198,244800,198
2024-09-02,203,203,197,198,152600,198
2024-09-03,199,201,197,197,254700,197
2024-09-04,190,194,190,190,457000,190
2024-09-05,186,194,185,189,263900,189
2024-09-06,189,191,183,184,285500,184
2024-09-09,175,181,172,180,489700,180
2024-09-10,182,185,181,181,157100,181
2024-09-11,181,181,173,174,409300,174
2024-09-12,179,180,177,179,156900,179
2024-09-13,179,181,177,177,111400,177
2024-09-17,179,181,176,178,172500,178
2024-09-18,183,185,179,182,184500,182
2024-09-19,181,186,181,182,235500,182
2024-09-20,183,187,182,184,280000,184
2024-09-24,187,187,180,180,321200,180
2024-09-25,180,180,177,178,258700,178
2024-09-26,179,181,178,181,285400,181
2024-09-27,178,183,177,180,424300,180
2024-09-30,175,178,171,173,418400,173
2024-10-01,173,177,172,176,110600,176
2024-10-02,176,176,169,169,255600,169
2024-10-03,173,174,170,171,188300,171
2024-10-04,171,174,170,170,149700,170
2024-10-07,173,173,170,170,217500,170
2024-10-08,170,171,165,166,299700,166
2024-10-09,166,168,166,166,105700,166
2024-10-10,168,171,166,166,136300,166
2024-10-11,165,168,165,167,58500,167
2024-10-15,169,171,167,171,163700,171
2024-10-16,174,175,169,170,159800,170
2024-10-17,171,175,170,173,141700,173
2024-10-18,175,175,168,169,311700,169
2024-10-21,170,170,168,168,91700,168
2024-10-22,170,170,164,166,225500,166
2024-10-23,165,168,163,165,295800,165
2024-10-24,163,164,161,162,130300,162
2024-10-25,165,165,160,160,284900,160
2024-10-28,157,170,157,167,313400,167
2024-10-29,168,170,168,168,140500,168
2024-10-30,169,170,167,168,85500,168
2024-10-31,170,170,167,170,85900,170
2024-11-01,167,169,166,166,145800,166
2024-11-05,166,167,163,165,152600,165
2024-11-06,166,169,164,166,188400,166
2024-11-07,167,169,161,161,364900,161
2024-11-08,162,164,161,163,257400,163
2024-11-11,164,166,162,165,246900,165
2024-11-12,166,169,163,165,344100,165
2024-11-13,165,166,163,166,413600,166
2024-11-14,167,167,161,161,638100,161
2024-11-15,160,167,160,162,354000,162
2024-11-18,161,161,156,158,484500,158
2024-11-19,157,161,156,157,350000,157
2024-11-20,157,159,153,153,509600,153
2024-11-21,152,158,152,157,317900,157
2024-11-22,157,158,154,155,230600,155
2024-11-25,155,158,154,157,341600,157
2024-11-26,157,165,157,165,476900,165
2024-11-27,165,165,158,161,369300,161
2024-11-28,159,161,158,160,315200,160
2024-11-29,160,164,159,161,271200,161
2024-12-02,161,161,157,160,212400,160
2024-12-03,161,162,156,156,281300,156
2024-12-04,156,157,154,155,292300,155
2024-12-05,155,157,152,154,358500,154
2024-12-06,153,154,152,153,169300,153
2024-12-09,151,151,149,149,404500,149
2024-12-10,149,151,149,150,202300,150
2024-12-11,150,151,144,147,815000,147
2024-12-12,147,150,145,147,389700,147
2024-12-13,147,149,145,148,388100,148
2024-12-16,148,150,147,147,221900,147
2024-12-17,146,147,143,143,450400,143
2024-12-18,142,145,142,145,274700,145
2024-12-19,143,144,141,142,402100,142
2024-12-20,142,143,139,140,608400,140
2024-12-23,140,144,139,143,689300,143
2024-12-24,145,157,145,157,665700,157
2024-12-25,159,159,153,155,331100,155
2024-12-26,155,163,155,163,429200,163
2024-12-27,167,173,164,172,686000,172
2024-12-30,218,218,181,184,6042800,184
2025-01-06,187,194,181,184,885000,184
2025-01-07,187,187,182,184,390800,184
2025-01-08,183,191,183,190,789300,190
2025-01-09,191,193,187,191,400800,191
2025-01-10,188,192,184,190,425700,190
2025-01-14,192,194,186,189,609800,189
2025-01-15,190,195,189,190,433600,190
2025-01-16,193,194,185,187,544700,187
2025-01-17,184,186,182,184,366200,184
2025-01-20,185,193,183,190,535700,190
2025-01-21,191,194,186,187,429900,187
2025-01-22,188,195,186,193,562600,193
2025-01-23,194,199,191,192,485800,192
2025-01-24,193,199,192,198,377100,198
2025-01-27,201,205,197,200,909000,200
2025-01-28,202,203,197,201,444900,201
2025-01-29,201,207,198,201,609300,201
2025-01-30,201,201,198,201,385700,201
2025-01-31,198,200,195,198,282400,198
2025-02-03,196,203,194,200,613900,200
2025-02-04,201,210,200,205,791200,205
2025-02-05,208,210,204,205,460200,205
2025-02-06,207,208,203,205,425800,205
2025-02-07,206,207,202,206,274400,206
2025-02-10,207,217,207,216,633600,216
2025-02-12,220,222,213,215,986200,215
2025-02-13,216,217,212,212,873700,212
2025-02-14,206,224,204,219,1101300,219
2025-02-17,223,229,221,225,652200,225
2025-02-18,226,228,223,223,303700,223
2025-02-19,223,231,218,228,591800,228
2025-02-20,228,231,223,226,553600,226
2025-02-21,230,235,227,229,418200,229
2025-02-25,226,228,223,223,472700,223
2025-02-26,223,226,219,219,376200,219
2025-02-27,219,227,219,219,322900,219
2025-02-28,217,218,207,216,520200,216
2025-03-03,216,219,213,216,336300,216
2025-03-04,212,216,212,213,324300,213
2025-03-05,212,215,202,204,599200,204
2025-03-06,205,208,204,206,176400,206
2025-03-07,205,205,198,198,497000,198
2025-03-10,196,197,189,189,660500,189
2025-03-11,181,185,181,185,603700,185
2025-03-12,185,194,185,191,289500,191
2025-03-13,191,194,186,186,191800,186
2025-03-14,185,189,185,187,126400,187
2025-03-17,192,197,190,195,326100,195
2025-03-18,199,208,196,204,766800,204
2025-03-19,207,207,200,203,416900,203
2025-03-21,203,203,200,200,215800,200
2025-03-24,201,207,201,202,263300,202
2025-03-25,206,206,200,201,188000,201
2025-03-26,202,203,199,200,184100,200
2025-03-27,201,201,192,193,521500,193
2025-03-28,190,195,187,189,420900,189
2025-03-31,188,193,182,190,407600,190
2025-04-01,191,192,188,188,161700,188
2025-04-02,191,191,186,186,120900,186
2025-04-03,181,185,177,182,525100,182
2025-04-04,174,177,166,173,932700,173
2025-04-07,149,166,148,155,1072500,155
2025-04-08,165,174,165,170,512000,170
2025-04-09,166,167,160,163,472100,163
2025-04-10,183,183,174,174,457200,174
2025-04-11,170,185,170,183,359800,183
2025-04-14,186,189,182,184,482500,184
2025-04-15,185,197,180,184,1445400,184
2025-04-16,184,185,176,176,424900,176
2025-04-17,176,182,172,177,478300,177
2025-04-18,178,184,177,182,185100,182
2025-04-21,182,184,179,179,152100,179
2025-04-22,179,189,175,177,584300,177
2025-04-23,182,183,171,176,716200,176
2025-04-24,179,180,177,180,115700,180
2025-04-25,181,187,179,183,224000,183
2025-04-28,185,199,184,198,1663900,198
2025-04-30,198,198,193,196,447400,196
2025-05-01,197,201,194,194,280800,194
2025-05-02,194,199,194,197,205100,197
2025-05-07,202,216,196,205,2253600,205
2025-05-08,206,206,201,203,335000,203
2025-05-09,205,209,203,207,341100,207
2025-05-12,214,214,206,210,472900,210
2025-05-13,214,216,210,211,381600,211
2025-05-14,209,211,207,209,436500,209
2025-05-15,208,219,205,214,1041700,214
2025-05-16,214,229,212,224,1049800,224
2025-05-19,224,224,217,218,436700,218
2025-05-20,218,225,217,224,425400,224
2025-05-21,227,228,218,220,437400,220
2025-05-22,217,221,216,218,252400,218
2025-05-23,219,221,212,213,653500,213
2025-05-26,212,227,211,222,733700,222
2025-05-27,222,234,221,229,619100,229
2025-05-28,232,235,231,232,243700,232
2025-05-29,252,254,240,240,1074300,240
2025-05-30,241,246,238,242,633600,242
2025-06-02,245,252,240,240,605900,240
2025-06-03,240,243,234,234,824500,234
2025-06-04,235,242,234,235,576700,235
2025-06-05,237,241,235,236,489700,236
2025-06-06,235,236,227,228,950700,228
2025-06-09,227,229,220,223,1305100,223
2025-06-10,225,233,225,230,653000,230
2025-06-11,232,238,232,237,430600,237
2025-06-12,237,238,233,234,417700,234
2025-06-13,234,238,223,223,643800,223
2025-06-16,223,223,210,214,1078400,214
2025-06-17,215,219,212,217,429200,217
2025-06-18,218,218,212,212,243400,212
2025-06-19,212,214,207,207,370700,207
2025-06-20,210,213,207,208,275200,208
2025-06-23,206,207,201,202,470500,202
2025-06-24,203,208,202,207,292100,207
2025-06-25,210,210,201,204,324900,204
2025-06-26,208,217,205,209,555500,209
2025-06-27,212,213,207,210,306800,210
2025-06-30,210,214,210,211,257100,211
2025-07-01,210,212,207,208,255200,208
2025-07-02,207,209,206,207,353800,207
2025-07-03,208,209,206,207,171200,207
2025-07-04,207,208,204,205,396000,205
2025-07-07,212,214,209,214,406500,214
2025-07-08,214,219,211,219,452700,219
2025-07-09,220,221,215,217,265900,217
2025-07-10,217,218,210,212,358900,212
2025-07-11,212,216,212,212,220100,212
2025-07-14,212,215,210,212,247000,212
2025-07-15,211,211,207,208,264200,208
2025-07-16,208,211,208,209,211800,209
2025-07-17,208,215,208,214,260700,214
2025-07-18,213,214,211,211,144000,211
2025-07-22,210,213,207,208,301700,208
2025-07-23,210,218,210,216,515100,216
2025-07-24,216,220,213,218,450100,218
2025-07-25,219,221,214,221,420700,221
2025-07-28,223,223,219,220,131200,220
2025-07-29,220,221,217,220,339400,220
2025-07-30,220,223,218,221,345800,221
2025-07-31,223,228,221,226,258200,226
2025-08-01,226,231,226,228,437600,228
2025-08-04,224,230,224,230,187600,230
2025-08-05,233,233,227,228,251800,228
2025-08-06,230,231,227,228,181700,228
2025-08-07,229,232,227,230,204400,230
2025-08-08,231,235,230,232,302900,232
2025-08-12,236,240,235,239,497200,239
2025-08-13,243,244,235,238,836900,238
2025-08-14,235,240,231,234,807000,234
2025-08-15,232,233,225,228,769700,228
2025-08-18,228,233,226,230,436700,230
2025-08-19,232,233,228,232,344800,232
2025-08-20,231,231,223,223,521400,223
2025-08-21,223,226,218,220,615500,220
2025-08-22,217,218,209,211,829100,211
2025-08-25,215,215,211,214,360200,214
2025-08-26,215,216,212,213,278100,213
2025-08-27,216,216,208,209,436900,209
2025-08-28,209,209,206,208,500100,208
2025-08-29,208,209,205,206,299700,206
2025-09-01,205,206,203,204,391600,204
2025-09-02,205,207,201,203,435300,203
2025-09-03,205,208,202,203,425100,203
2025-09-04,208,228,204,218,2610300,218
2025-09-05,221,221,210,210,1421400,210
2025-09-08,210,211,206,210,651600,210
2025-09-09,209,213,208,213,445900,213
2025-09-10,212,212,209,212,536100,212
2025-09-11,210,212,206,206,363300,206
2025-09-12,208,211,207,208,418200,208
2025-09-16,207,212,207,212,305000,212
2025-09-17,211,213,208,212,210700,212
2025-09-18,210,211,207,209,274200,209
2025-09-19,209,220,209,211,1009100,211
2025-09-22,212,213,211,212,149300,212
2025-09-24,212,212,208,208,289200,208
2025-09-25,210,210,206,206,262100,206
2025-09-26,206,209,205,205,397700,205
2025-09-29,207,210,205,208,410300,208
2025-09-30,210,211,206,208,276200,208
2025-10-01,207,210,203,204,718700,204
2025-10-02,205,209,205,207,326000,207
2025-10-03,207,211,207,210,317400,210
2025-10-06,212,213,208,213,414900,213
2025-10-07,212,214,209,213,298900,213
2025-10-08,213,213,209,209,282400,209
2025-10-09,209,210,205,205,356300,205
2025-10-10,204,205,202,203,442500,203
2025-10-14,199,201,195,196,693700,196
2025-10-15,197,200,197,198,327800,198
2025-10-16,201,201,198,199,161800,199
2025-10-17,199,200,197,200,267600,200
2025-10-20,201,204,200,203,236800,203
2025-10-21,204,204,200,201,234800,201
2025-10-22,203,207,203,207,185800,207
2025-10-23,206,206,203,205,244800,205
2025-10-24,207,207,202,202,114000,202
2025-10-27,202,204,201,204,127200,204
2025-10-28,205,205,200,200,206400,200
2025-10-29,200,201,195,196,410100,196
2025-10-30,196,197,195,195,329500,195
2025-10-31,198,200,197,200,181000,200
2025-11-04,200,200,197,200,131400,200
2025-11-05,200,200,194,198,265800,198
2025-11-06,200,201,198,198,111200,198
2025-11-07,197,198,195,197,228000,197
2025-11-10,199,199,196,198,544100,198
2025-11-11,198,202,197,201,233600,201
2025-11-12,201,204,201,204,162100,204
2025-11-13,205,206,201,205,471300,205
