Date,Open,High,Low,Close,Volume,Adj Close
2011-12-22,385.11,420.46,319.17,329.04,5516475,329.04
2011-12-26,348.16,351.98,307.39,307.39,819372,307.39
2011-12-27,302.92,344.02,294.33,340.83,682182,340.83
2011-12-28,331.29,338.92,306.76,310.57,447358,310.57
2011-12-29,313.76,322.37,290.51,297.83,462741,297.83
2011-12-30,299.11,307.71,293.06,305.8,175804,305.8
2012-01-04,312.17,318.53,305.8,313.13,209709,313.13
2012-01-05,317.91,318.22,291.47,293.06,232627,293.06
2012-01-06,288.27,291.47,277.13,281.91,141585,281.91
2012-01-10,293.06,301.02,289.86,293.68,132166,293.68
2012-01-11,296.23,299.11,293.06,294.33,76601,294.33
2012-01-12,293.06,295.28,286.68,293.06,86333,293.06
2012-01-13,293.06,293.37,277.13,293.37,76601,293.37
2012-01-16,293.06,306.43,293.06,294.98,56195,294.98
2012-01-17,299.75,305.8,292.1,305.8,87275,305.8
2012-01-18,310.88,311.22,293.06,293.06,90099,293.06
2012-01-19,294.02,296.23,292.42,296.23,40498,296.23
2012-01-20,298.47,303.88,294.64,303.88,77543,303.88
2012-01-23,303.88,303.88,297.83,299.75,27000,299.75
2012-01-24,299.75,305.16,299.41,305.16,44265,305.16
2012-01-25,302.92,303.88,301.02,301.02,28882,301.02
2012-01-26,301.02,302.62,280.95,289.23,92297,289.23
2012-01-27,284.46,286.68,264.39,269.16,201232,269.16
2012-01-30,271.4,275.53,265.97,275.53,54625,275.53
2012-01-31,279.36,288.27,277.13,283.51,52113,283.51
2012-02-01,284.46,286.68,274.27,281.91,37673,281.91
2012-02-02,285.09,289.55,277.44,289.23,58706,289.23
2012-02-03,292.42,303.88,289.55,292.73,47405,292.73
2012-02-06,296.23,304.21,293.68,304.21,35161,304.21
2012-02-07,304.21,304.21,291.47,292.1,41125,292.1
2012-02-08,294.02,294.98,286.68,289.23,47718,289.23
2012-02-09,287.31,292.42,287.31,291.15,12557,291.15
2012-02-10,295.92,296.23,287.96,291.47,19778,291.47
2012-02-13,286.68,296.23,286.68,290.19,33904,290.19
2012-02-14,299.41,299.41,292.42,294.33,14128,294.33
2012-02-15,299.11,303.88,294.64,299.41,36732,299.41
2012-02-16,302.29,302.62,290.19,295.28,24800,295.28
2012-02-17,296.88,296.88,288.6,292.73,26057,292.73
2012-02-20,291.77,294.64,288.27,289.23,30138,289.23
2012-02-21,332.24,337.02,332.24,337.02,203744,337.02
2012-02-22,350.39,365.69,304.84,324.91,480635,324.91
2012-02-23,329.68,344.66,318.86,341.46,107680,341.46
2012-02-24,343.71,343.71,325.22,325.55,55880,325.55
2012-02-27,329.04,334.15,318.53,325.22,59648,325.22
2012-02-28,322.04,328.09,318.22,320.76,52113,320.76
2012-02-29,320.76,323.32,319.49,323.32,22604,323.32
2012-03-01,321.72,337.65,321.72,336.69,66240,336.69
2012-03-02,339.88,374.6,335.11,359.62,300436,359.62
2012-03-05,371.73,420.46,364.73,394.98,533063,394.98
2012-03-06,391.8,395.31,362.18,390.53,195268,390.53
2012-03-07,382.89,396.27,366.31,387.02,91670,387.02
2012-03-08,380.65,407.73,379.06,382.25,183024,382.25
2012-03-09,382.25,385.43,363.14,368.23,123063,368.23
2012-03-12,382.25,397.85,380.65,396.9,114901,396.9
2012-03-13,404.54,426.84,400.09,416.65,197780,416.65
2012-03-14,420.46,423.66,402.31,419.83,137189,419.83
2012-03-15,372.69,387.34,364.09,368.86,363538,368.86
2012-03-16,365.04,365.04,350.39,355.81,162304,355.81
2012-03-19,358.36,373.97,356.77,356.77,112075,356.77
2012-03-21,357.71,368.55,357.71,368.55,48973,368.55
2012-03-22,369.5,376.82,364.73,376.82,53997,376.82
2012-03-23,377.46,398.17,377.46,398.17,139701,398.17
2012-03-26,414.41,415.69,398.17,410.26,63100,410.26
2012-03-27,407.73,409.01,388.61,398.49,69065,398.49
2012-03-28,398.49,402.31,391.8,399.75,12244,399.75
2012-03-29,402.31,406.14,382.25,383.19,43636,383.19
2012-03-30,383.51,393.72,383.51,393.4,20406,393.4
2012-04-02,393.4,404.22,393.4,402.31,25430,402.31
2012-04-03,404.54,409.31,402.31,409.31,66554,409.31
2012-04-04,409.96,409.96,390.53,393.4,18522,393.4
2012-04-05,393.4,398.17,387.02,398.17,58079,398.17
2012-04-06,399.75,402.95,392.11,394.98,13814,394.98
2012-04-09,394.98,404.54,393.4,398.17,27941,398.17
2012-04-10,404.54,414.1,395.31,413.14,30766,413.14
2012-04-11,399.75,423.66,399.75,420.15,43323,420.15
2012-04-12,422.38,515.71,420.46,480.98,378920,480.98
2012-04-13,468.25,509.66,452.31,509.66,151317,509.66
2012-04-16,509.66,509.66,475.26,506.47,81938,506.47
2012-04-17,525.26,561.91,519.21,560.62,125261,560.62
2012-04-18,573.05,668.93,555.85,630.71,274067,630.71
2012-04-19,637.08,638.99,578.15,588.01,264335,588.01
2012-04-20,572.09,572.73,536.75,544.05,168584,544.05
2012-04-23,524.95,557.12,511.26,511.89,255857,511.89
2012-04-24,522.4,539.28,500.1,507.75,106110,507.75
2012-04-25,518.59,563.5,516.99,547.26,99203,547.26
2012-04-26,523.99,539.92,515.08,532.91,67495,532.91
2012-04-27,545.66,579.74,535.14,579.74,72833,579.74
2012-05-01,571.77,627.52,557.44,617.31,118982,617.31
2012-05-02,617.64,617.64,562.21,576.56,127457,576.56
2012-05-07,576.56,576.56,526.22,541.83,40498,541.83
2012-05-08,535.14,563.81,519.21,525.59,37673,525.59
2012-05-09,500.1,509.02,481.32,496.28,93553,496.28
2012-05-10,484.49,504.56,480.98,497.23,80996,497.23
2012-05-11,503.61,547.88,498.18,498.18,33278,498.18
2012-05-14,482.9,487.67,441.17,465.07,59334,465.07
2012-05-15,445.96,465.07,414.73,460.29,74402,460.29
2012-05-16,477.81,477.81,444.37,444.37,22604,444.37
2012-05-17,442.75,474.62,442.75,468.89,10986,468.89
2012-05-18,450.09,463.47,445.96,452.31,16952,452.31
2012-05-21,444.37,450.73,444.37,444.67,9418,444.67
2012-05-22,446.27,475.9,446.27,455.51,26371,455.51
2012-05-23,461.87,465.07,430.02,436.41,34532,436.41
2012-05-24,429.72,430.02,407.73,414.41,48347,414.41
2012-05-25,414.41,420.15,409.64,409.64,22289,409.64
2012-05-28,426.21,426.21,409.64,414.1,11616,414.1
2012-05-29,413.78,425.25,408.68,425.25,13186,425.25
2012-05-30,423.01,449.13,407.73,449.13,26684,449.13
2012-05-31,445.96,445.96,433.22,436.7,11929,436.7
2012-06-01,437.03,443.71,412.82,417.29,18836,417.29
2012-06-04,398.17,407.09,393.72,398.8,22604,398.8
2012-06-05,398.8,404.54,398.8,404.54,24800,404.54
2012-06-06,414.1,430.02,407.73,430.02,19150,430.02
2012-06-07,439.58,442.75,426.84,430.02,14756,430.02
2012-06-08,452.31,461.24,439.58,449.13,34220,449.13
2012-06-11,456.46,458.7,446.27,449.13,15698,449.13
2012-06-12,444.04,453.6,431.62,444.37,15068,444.37
2012-06-13,465.07,465.07,445.96,445.96,35474,445.96
2012-06-14,447.23,449.13,433.22,439.58,13186,439.58
2012-06-15,431.62,435.76,420.46,426.21,36103,426.21
2012-06-18,435.76,445.96,433.22,442.45,15068,442.45
2012-06-19,440.86,442.13,432.26,442.13,11302,442.13
2012-06-20,443.41,445.32,436.41,445.32,6592,445.32
2012-06-21,445.96,468.25,445.96,458.7,17580,458.7
2012-06-22,446.27,455.82,440.86,452.31,35789,452.31
2012-06-25,461.87,473.02,458.7,473.02,26684,473.02
2012-06-26,469.51,469.51,436.7,453.91,35789,453.91
2012-06-27,446.58,446.58,435.45,436.41,24488,436.41
2012-06-28,442.45,450.73,438.95,440.54,13498,440.54
2012-06-29,445.96,446.92,437.99,437.99,5966,437.99
2012-07-02,443.41,447.54,437.99,440.54,12872,440.54
2012-07-03,440.54,440.54,424.93,426.84,18522,426.84
2012-07-04,422.06,423.34,417.61,423.34,13186,423.34
2012-07-05,418.25,424.93,418.25,424.93,4082,424.93
2012-07-06,423.66,428.11,420.15,426.84,8162,426.84
2012-07-09,427.17,427.17,417.29,417.29,12244,417.29
2012-07-10,417.29,426.21,414.1,417.29,6906,417.29
2012-07-11,414.41,414.41,401.35,412.51,17268,412.51
2012-07-12,412.18,412.18,401.35,401.67,12872,401.67
2012-07-13,401.35,401.35,388.61,394.98,19778,394.98
2012-07-17,394.36,394.98,391.48,391.8,4708,391.8
2012-07-18,394.36,410.91,394.36,410.91,11302,410.91
2012-07-19,410.6,410.6,390.21,393.4,5966,393.4
2012-07-20,395.31,404.86,391.8,398.17,4708,398.17
2012-07-23,388.61,390.21,366.95,367.91,18209,367.91
2012-07-24,358.36,369.5,340.2,369.5,41440,369.5
2012-07-25,373.01,373.01,356.77,356.77,16639,356.77
2012-07-26,356.77,365.36,356.77,365.36,35161,365.36
2012-07-27,366.31,387.02,366.31,375.86,8162,375.86
2012-07-30,380.33,391.48,375.86,382.25,8162,382.25
2012-08-01,375.86,375.86,372.69,373.01,3454,373.01
2012-08-02,367.59,372.69,365.69,371.09,9418,371.09
2012-08-03,371.09,371.09,345.94,355.17,14756,355.17
2012-08-06,357.08,366.31,347.53,348.79,16952,348.79
2012-08-07,344.33,347.2,329.04,339.57,40498,339.57
2012-08-08,344.02,350.71,340.83,342.42,12244,342.42
2012-08-09,345.94,351.98,342.42,347.2,6906,347.2
2012-08-10,346.57,356.12,345.62,351.03,9418,351.03
2012-08-13,350.39,363.14,350.39,355.17,8790,355.17
2012-08-14,356.77,371.09,355.17,371.09,14756,371.09
2012-08-15,372.37,375.86,365.04,365.04,13186,365.04
2012-08-16,367.91,386.39,367.91,386.39,12557,386.39
2012-08-17,391.16,391.8,379.06,382.56,31080,382.56
2012-08-20,384.15,390.21,379.06,387.66,12244,387.66
2012-08-21,387.66,387.98,369.5,381.93,11616,381.93
2012-08-22,375.86,383.85,372.69,383.85,11929,383.85
2012-08-23,382.25,385.43,376.52,385.43,2512,385.43
2012-08-24,385.43,385.43,376.82,379.69,3140,379.69
2012-08-27,379.69,385.43,375.86,375.86,17580,375.86
2012-08-28,376.2,379.38,375.56,379.38,4396,379.38
2012-08-29,375.24,379.38,370.46,379.38,7220,379.38
2012-08-30,380.65,380.65,380.65,380.65,1570,380.65
2012-08-31,377.78,379.06,371.09,371.09,10360,371.09
2012-09-03,380.65,380.65,377.46,380.33,4082,380.33
2012-09-04,381.6,381.6,366.65,367.27,25742,367.27
2012-09-05,360.91,366.31,358.04,363.14,18836,363.14
2012-09-06,358.36,363.14,358.04,359.95,10360,359.95
2012-09-07,360.26,365.69,360.26,361.53,9418,361.53
2012-09-10,365.99,372.37,361.53,372.37,18836,372.37
2012-09-11,388.61,401.35,378.42,392.44,59334,392.44
2012-09-12,396.9,397.85,386.39,397.21,47718,397.21
2012-09-13,362.82,365.36,356.77,358.99,188361,358.99
2012-09-14,350.39,350.39,337.65,344.02,142213,344.02
2012-09-18,341.16,341.16,336.37,340.2,15382,340.2
2012-09-19,338.61,346.24,337.02,345.94,7848,345.94
2012-09-20,346.24,349.44,344.02,346.24,11929,346.24
2012-09-21,349.75,349.75,346.24,349.44,9104,349.44
2012-09-24,346.57,346.88,342.42,343.38,10986,343.38
2012-09-25,343.07,343.38,342.11,342.11,11302,342.11
2012-09-26,337.65,337.65,329.68,337.02,25430,337.02
2012-09-27,334.47,334.47,326.82,329.04,28568,329.04
2012-09-28,329.04,329.68,324.26,325.87,16324,325.87
2012-10-01,326.5,343.38,326.5,340.51,28882,340.51
2012-10-02,340.2,340.2,330.63,330.96,6906,330.96
2012-10-03,330.96,334.47,329.68,330.63,9104,330.63
2012-10-04,328.09,331.59,324.91,331.59,12244,331.59
2012-10-05,334.15,336.06,329.68,334.47,8478,334.47
2012-10-09,336.69,347.84,335.42,339.24,17268,339.24
2012-10-10,340.83,340.83,334.47,336.06,17894,336.06
2012-10-11,332.87,336.06,331.29,336.06,9732,336.06
2012-10-12,334.47,334.47,329.68,329.68,5650,329.68
2012-10-15,334.47,334.47,329.37,329.37,7220,329.37
2012-10-16,328.73,331.29,328.42,331.29,8790,331.29
2012-10-17,330.33,336.06,329.68,336.06,12244,336.06
2012-10-18,333.83,336.69,332.87,334.47,7848,334.47
2012-10-19,330.96,339.88,330.96,339.88,11929,339.88
2012-10-22,339.24,340.83,337.65,340.83,10674,340.83
2012-10-23,341.16,353.58,341.16,352.93,31708,352.93
2012-10-24,354.85,369.19,354.22,369.19,45835,369.19
2012-10-25,372.69,378.74,361.53,361.53,33904,361.53
2012-10-26,357.08,358.66,345.94,358.66,21976,358.66
2012-10-29,350.39,368.23,350.39,350.39,13186,350.39
2012-10-30,353.58,353.58,349.11,351.98,2512,351.98
2012-10-31,359.32,359.32,352.3,352.3,6592,352.3
2012-11-01,352.3,360.91,351.98,352.3,10674,352.3
2012-11-02,360.26,360.91,354.85,360.91,8790,360.91
2012-11-05,360.91,366.31,357.08,357.08,21034,357.08
2012-11-06,357.4,361.53,356.77,357.08,8478,357.08
2012-11-07,357.08,357.08,344.02,344.66,28254,344.66
2012-11-08,344.66,345.62,340.83,340.83,10360,340.83
2012-11-09,340.83,344.66,336.06,340.51,21034,340.51
2012-11-12,337.02,337.65,331.29,334.77,27941,334.77
2012-11-13,334.47,334.47,329.37,330.33,29824,330.33
2012-11-14,330.63,334.47,326.5,327.46,43952,327.46
2012-11-15,327.46,329.68,324.91,329.68,10360,329.68
2012-11-16,330.96,334.47,326.82,328.73,18522,328.73
2012-11-20,335.11,342.42,333.19,335.42,13814,335.42
2012-11-21,338.92,341.46,335.42,336.06,27000,336.06
2012-11-22,338.92,348.49,337.02,348.49,14440,348.49
2012-11-26,350.71,358.04,350.71,357.71,27626,357.71
2012-11-27,363.14,364.73,356.77,363.77,35161,363.77
2012-11-28,364.73,366.31,361.53,364.73,15068,364.73
2012-11-29,364.73,368.86,360.58,368.23,8162,368.23
2012-11-30,368.23,368.23,357.71,358.66,6592,358.66
2012-12-03,353.58,359.62,353.58,358.36,9418,358.36
2012-12-04,357.4,362.18,357.4,358.66,19150,358.66
2012-12-05,362.49,367.91,360.26,367.59,16324,367.59
2012-12-06,367.59,369.5,361.53,369.5,12557,369.5
2012-12-07,372.69,378.74,368.86,378.74,25742,378.74
2012-12-10,382.25,394.02,380.97,391.48,29824,391.48
2012-12-11,391.48,392.44,382.56,392.44,23546,392.44
2012-12-12,391.8,393.4,385.43,393.4,38300,393.4
2012-12-13,356.77,365.36,350.07,356.77,184594,356.77
2012-12-14,365.99,366.31,358.99,364.4,51485,364.4
2012-12-17,366.31,368.86,360.58,360.91,36103,360.91
2012-12-18,360.58,360.58,347.2,350.07,64670,350.07
2012-12-19,348.49,350.07,340.83,342.42,43952,342.42
2012-12-20,342.75,346.24,338.61,338.61,37358,338.61
2012-12-21,338.61,338.61,334.47,338.61,74717,338.61
2012-12-25,344.98,347.2,339.88,345.62,32336,345.62
2012-12-26,353.58,359.95,350.71,357.71,37358,357.71
2012-12-27,369.5,370.14,360.58,363.14,41753,363.14
2012-12-28,366.65,369.82,363.45,366.31,27626,366.31
2013-01-04,373.01,377.15,368.86,372.05,28254,372.05
2013-01-07,378.74,380.33,374.28,378.74,39556,378.74
2013-01-08,381.93,384.15,378.74,378.74,20092,378.74
2013-01-09,378.74,381.6,373.01,375.24,20718,375.24
2013-01-10,372.69,372.69,366.31,366.31,33591,366.31
2013-01-11,369.82,374.28,366.31,366.65,26057,366.65
2013-01-15,368.23,375.86,368.23,375.86,20718,375.86
2013-01-16,379.06,387.02,376.52,387.02,35161,387.02
2013-01-17,391.8,393.72,387.34,393.4,27312,393.4
2013-01-18,395.31,395.31,388.61,391.8,15382,391.8
2013-01-21,394.98,423.34,394.98,422.7,61845,422.7
2013-01-22,426.84,429.07,420.46,426.84,28882,426.84
2013-01-23,423.66,427.8,414.1,418.87,33591,418.87
2013-01-24,417.91,418.87,404.86,405.18,30452,405.18
2013-01-25,407.73,410.91,403.26,404.54,34846,404.54
2013-01-28,414.1,414.1,406.14,410.91,63415,410.91
2013-01-29,391.8,393.4,388.93,390.53,82879,390.53
2013-01-30,388.93,399.75,385.43,398.17,43010,398.17
2013-01-31,402.95,450.09,402.63,422.06,117725,422.06
2013-02-01,437.66,445.96,420.46,444.67,68124,444.67
2013-02-04,453.91,456.78,439.58,440.21,40184,440.21
2013-02-05,442.75,449.13,439.26,439.26,25114,439.26
2013-02-06,439.26,445.96,439.26,440.86,21034,440.86
2013-02-07,449.13,452.31,439.26,439.58,25430,439.58
2013-02-08,449.13,449.13,430.02,431.62,19150,431.62
2013-02-12,425.88,430.02,414.1,417.29,33904,417.29
2013-02-13,404.54,406.14,382.25,384.81,79112,384.81
2013-02-14,386.39,403.59,386.39,403.59,16010,403.59
2013-02-15,402.63,403.59,375.86,385.43,42068,385.43
2013-02-18,382.25,385.43,366.31,376.2,43010,376.2
2013-02-19,376.2,388.3,376.2,382.25,15068,382.25
2013-02-20,388.3,388.61,380.01,385.43,11616,385.43
2013-02-21,381.6,388.3,381.6,385.43,6592,385.43
2013-02-22,388.61,393.4,380.65,391.16,29196,391.16
2013-02-25,398.17,401.35,390.53,400.71,47718,400.71
2013-02-26,405.81,405.81,398.17,404.86,18522,404.86
2013-02-27,405.81,405.81,392.44,392.44,9418,392.44
2013-02-28,392.44,398.17,390.21,398.17,2825,398.17
2013-03-01,400.09,400.41,389.57,389.57,4396,389.57
2013-03-04,390.21,400.09,390.21,396.27,16639,396.27
2013-03-05,399.45,399.75,392.11,394.98,7536,394.98
2013-03-06,395.31,402.31,395.31,396.58,21348,396.58
2013-03-07,398.17,403.59,396.58,399.45,14128,399.45
2013-03-08,399.45,399.45,392.11,395.94,7536,395.94
2013-03-11,395.94,398.17,391.8,393.4,24488,393.4
2013-03-12,396.58,399.75,396.58,399.13,18836,399.13
2013-03-13,397.53,402.95,394.98,402.95,13498,402.95
2013-03-14,403.9,411.87,401.67,411.87,29196,411.87
2013-03-15,421.42,426.21,394.02,394.98,105797,394.98
2013-03-18,394.98,395.31,386.7,386.7,36732,386.7
2013-03-19,387.02,387.02,382.56,383.85,21976,383.85
2013-03-21,384.81,396.27,383.85,396.27,12244,396.27
2013-03-22,395.62,395.94,388.61,390.21,10046,390.21
2013-03-25,393.4,393.4,387.98,389.57,27626,389.57
2013-03-26,391.8,401.05,388.3,401.05,39241,401.05
2013-03-27,396.27,402.95,396.27,398.17,19464,398.17
2013-03-28,398.17,402.95,391.8,391.8,8478,391.8
2013-03-29,392.76,394.02,392.76,394.02,3454,394.02
2013-04-01,394.02,394.98,381.29,382.25,26684,382.25
2013-04-02,372.05,380.01,367.59,379.06,25742,379.06
2013-04-03,391.16,398.17,376.82,376.82,12244,376.82
2013-04-04,379.06,380.01,379.06,379.38,1884,379.38
2013-04-05,382.56,382.56,380.01,382.25,15382,382.25
2013-04-08,394.66,394.66,382.25,391.16,17894,391.16
2013-04-09,397.53,398.17,393.4,396.27,12244,396.27
2013-04-10,392.76,396.27,390.21,390.21,9104,390.21
2013-04-11,392.44,412.18,392.44,412.18,52742,412.18
2013-04-12,414.1,429.72,413.78,424.93,55253,424.93
2013-04-15,430.02,433.22,422.06,433.22,27941,433.22
2013-04-16,424.29,424.29,418.87,420.79,25430,420.79
2013-04-17,429.07,445.0,425.25,445.0,26057,445.0
2013-04-18,445.0,445.96,434.81,445.96,10360,445.96
2013-04-19,436.41,444.37,434.81,434.81,24488,434.81
2013-04-22,440.21,445.62,437.03,437.03,22604,437.03
2013-04-23,444.67,455.51,439.9,446.58,16952,446.58
2013-04-24,451.05,454.23,445.96,450.73,20718,450.73
2013-04-25,454.86,458.7,450.73,458.7,12244,458.7
2013-04-26,467.61,477.16,452.31,452.31,38928,452.31
2013-04-30,450.73,468.25,446.27,466.66,17894,466.66
2013-05-01,467.29,467.29,453.91,455.51,8162,455.51
2013-05-02,457.1,458.7,449.13,454.23,11929,454.23
2013-05-07,463.16,467.93,455.51,466.66,19150,466.66
2013-05-08,480.98,510.94,480.98,495.32,39241,495.32
2013-05-09,519.21,551.07,513.16,516.03,56195,516.03
2013-05-10,532.28,543.42,531.96,535.14,28882,535.14
2013-05-13,525.91,534.83,525.59,525.91,14128,525.91
2013-05-14,522.72,522.72,512.85,514.44,14128,514.44
2013-05-15,514.44,514.76,480.98,484.19,22289,484.19
2013-05-16,471.43,476.85,430.02,445.96,65927,445.96
2013-05-17,445.96,466.66,443.41,464.12,12244,464.12
2013-05-20,493.4,493.73,484.49,488.31,13498,488.31
2013-05-21,488.96,516.03,488.96,489.27,12872,489.27
2013-05-22,502.01,503.29,493.73,496.92,5650,496.92
2013-05-23,496.92,498.51,450.73,458.7,32021,458.7
2013-05-24,446.27,458.7,426.84,433.22,60275,433.22
2013-05-27,433.22,437.36,426.84,437.36,20718,437.36
2013-05-28,433.22,442.45,428.42,437.03,7536,437.03
2013-05-29,445.96,446.27,445.62,445.62,4082,445.62
2013-05-30,438.31,444.37,428.76,428.76,8790,428.76
2013-05-31,430.02,448.5,430.02,448.5,9104,448.5
2013-06-03,434.49,439.58,433.22,433.22,9732,433.22
2013-06-04,429.38,430.66,423.97,425.88,18522,425.88
2013-06-05,442.75,442.75,430.66,430.66,6592,430.66
2013-06-06,429.72,429.72,394.98,394.98,35789,394.98
2013-06-07,366.31,394.66,363.77,391.16,75659,391.16
2013-06-10,414.1,414.73,404.54,414.1,18522,414.1
2013-06-11,426.84,426.84,414.41,418.87,18209,418.87
2013-06-12,404.54,424.29,401.35,424.29,8478,424.29
2013-06-13,376.52,376.82,360.58,373.97,140329,373.97
2013-06-14,390.21,390.21,370.78,373.97,44579,373.97
2013-06-17,373.97,374.28,362.82,362.82,30452,362.82
2013-06-18,369.19,372.69,359.95,361.53,27626,361.53
2013-06-19,363.45,368.86,363.45,366.31,13498,366.31
2013-06-20,367.91,371.73,365.36,371.09,13186,371.09
2013-06-21,363.45,372.37,360.26,372.37,22604,372.37
2013-06-24,380.65,380.65,375.56,375.56,11616,375.56
2013-06-25,377.46,377.46,365.04,369.5,17268,369.5
2013-06-26,364.4,367.59,349.75,350.71,50230,350.71
2013-06-27,347.53,353.89,334.47,350.39,30452,350.39
2013-06-28,350.39,365.36,350.07,359.95,20092,359.95
2013-07-01,359.95,361.53,334.77,358.36,39870,358.36
2013-07-02,367.27,374.28,360.58,373.32,17268,373.32
2013-07-03,372.69,372.69,369.5,372.69,20406,372.69
2013-07-04,373.32,388.61,373.32,388.61,15382,388.61
2013-07-05,382.25,382.56,365.69,368.23,188989,368.23
2013-07-08,369.5,371.73,364.73,365.99,68752,365.99
2013-07-09,361.53,363.14,358.36,358.66,37044,358.66
2013-07-10,350.71,354.85,348.79,349.44,91670,349.44
2013-07-11,351.66,357.08,351.66,355.17,27626,355.17
2013-07-12,359.32,362.82,357.08,357.08,14756,357.08
2013-07-16,358.66,359.95,349.11,350.39,57137,350.39
2013-07-17,350.39,350.39,347.2,350.07,22289,350.07
2013-07-18,350.39,353.58,348.16,350.39,59334,350.39
2013-07-19,349.75,350.39,346.57,348.16,33591,348.16
2013-07-22,350.39,350.39,348.79,348.79,7220,348.79
2013-07-23,350.39,354.22,349.75,350.39,24172,350.39
2013-07-24,350.39,350.39,340.83,349.75,29509,349.75
2013-07-25,350.07,350.39,346.88,346.88,10674,346.88
2013-07-26,346.88,349.75,344.98,348.79,13186,348.79
2013-07-29,350.39,350.39,343.07,344.02,22604,344.02
2013-07-30,344.02,350.07,342.42,343.71,19778,343.71
2013-07-31,348.79,348.79,345.29,346.24,5024,346.24
2013-08-01,345.62,346.57,343.71,345.29,8478,345.29
2013-08-02,348.79,348.79,347.53,348.79,4708,348.79
2013-08-05,353.26,353.26,347.84,350.07,27626,350.07
2013-08-06,347.84,353.58,346.24,350.39,13498,350.39
2013-08-07,348.79,350.39,348.79,349.44,8478,349.44
2013-08-08,350.39,350.39,348.79,348.79,7848,348.79
2013-08-09,350.07,350.07,344.02,344.33,17894,344.33
2013-08-12,343.38,346.57,342.42,345.62,12244,345.62
2013-08-13,342.42,344.98,340.83,344.66,15698,344.66
2013-08-14,344.66,348.49,344.02,345.62,5024,345.62
2013-08-15,347.2,348.79,345.62,347.2,9418,347.2
2013-08-16,345.62,348.49,345.62,348.16,5650,348.16
2013-08-19,350.07,350.39,348.49,348.49,13814,348.49
2013-08-20,349.75,350.07,348.49,348.49,4396,348.49
2013-08-21,348.49,348.49,346.24,347.2,8162,347.2
2013-08-22,347.2,347.2,345.94,346.57,2196,346.57
2013-08-23,349.44,350.39,344.66,350.07,20406,350.07
2013-08-26,350.39,350.39,347.84,350.39,12557,350.39
2013-08-27,350.39,359.95,350.39,358.36,32021,358.36
2013-08-28,357.71,357.71,353.58,354.85,9418,354.85
2013-08-29,355.17,357.4,352.93,352.93,11302,352.93
2013-08-30,351.98,352.93,347.2,348.49,18522,348.49
2013-09-02,350.39,350.39,344.02,345.94,17580,345.94
2013-09-03,345.29,349.75,344.66,349.75,9732,349.75
2013-09-04,349.11,354.85,346.57,350.39,5024,350.39
2013-09-05,350.39,363.14,348.79,358.99,11616,358.99
2013-09-06,368.55,368.55,360.58,360.91,18522,360.91
2013-09-09,364.09,367.91,363.14,364.73,20092,364.73
2013-09-10,366.31,384.15,364.4,380.97,63100,380.97
2013-09-11,386.06,386.06,375.86,382.25,39870,382.25
2013-09-12,391.8,396.58,379.06,396.58,50543,396.58
2013-09-13,398.17,398.17,385.43,388.93,16324,388.93
2013-09-17,385.43,391.8,383.19,388.93,32021,388.93
2013-09-18,387.02,387.66,382.56,385.43,12244,385.43
2013-09-19,380.65,382.25,373.01,378.42,24172,378.42
2013-09-20,382.25,385.43,381.93,382.56,22289,382.56
2013-09-24,383.19,385.43,382.56,383.85,8790,383.85
2013-09-25,383.85,385.75,375.86,379.38,21976,379.38
2013-09-26,382.25,384.15,381.6,382.25,14756,382.25
2013-09-27,383.85,394.98,383.85,394.66,17580,394.66
2013-09-30,393.06,394.98,391.16,391.48,19150,391.48
2013-10-01,394.98,394.98,387.34,387.34,14128,387.34
2013-10-02,389.57,397.53,387.34,389.57,17268,389.57
2013-10-03,397.53,397.53,387.98,388.61,11302,388.61
2013-10-04,387.34,395.94,386.7,386.7,8790,386.7
2013-10-07,386.7,387.98,386.06,386.06,11929,386.06
2013-10-08,385.43,385.43,375.86,379.06,21976,379.06
2013-10-09,379.06,385.11,376.52,384.81,5336,384.81
2013-10-10,387.98,387.98,383.85,383.85,9418,383.85
2013-10-11,384.15,386.39,382.56,384.81,12557,384.81
2013-10-15,389.57,390.21,387.02,387.98,15382,387.98
2013-10-16,387.98,389.57,384.81,388.93,12872,388.93
2013-10-17,388.93,389.57,386.39,387.98,10360,387.98
2013-10-18,386.39,387.02,384.15,384.81,18209,384.81
2013-10-21,387.02,390.21,385.43,389.57,10360,389.57
2013-10-22,397.85,414.1,391.8,414.1,40811,414.1
2013-10-23,409.31,420.46,405.5,407.09,57137,407.09
2013-10-24,407.73,408.68,401.35,407.73,25430,407.73
2013-10-25,410.91,436.41,410.91,436.41,104227,436.41
2013-10-28,437.99,437.99,423.97,430.66,19778,430.66
2013-10-29,436.41,436.41,425.88,432.26,10046,432.26
2013-10-30,436.07,436.07,418.55,422.06,18209,422.06
2013-10-31,423.97,428.42,419.5,428.42,16324,428.42
2013-11-01,430.98,431.93,414.41,429.38,22604,429.38
2013-11-05,430.02,433.22,426.84,429.72,13814,429.72
2013-11-06,424.61,429.72,424.61,425.55,5024,425.55
2013-11-07,424.29,424.61,419.5,419.83,8162,419.83
2013-11-08,419.83,424.61,416.33,422.06,10046,422.06
2013-11-11,422.38,427.8,421.75,424.29,10046,424.29
2013-11-12,422.38,432.26,422.06,425.25,8478,425.25
2013-11-13,432.57,432.57,426.21,427.17,11616,427.17
2013-11-14,427.17,436.41,427.17,433.85,14756,433.85
2013-11-15,442.75,448.5,437.99,448.17,38614,448.17
2013-11-18,449.46,466.33,449.46,457.74,58392,457.74
2013-11-19,457.74,457.74,446.58,447.54,20092,447.54
2013-11-20,447.54,451.36,433.22,436.41,32650,436.41
2013-11-21,435.76,441.82,433.53,433.53,10360,433.53
2013-11-22,443.41,445.62,439.58,439.58,12872,439.58
2013-11-25,445.96,445.96,442.75,445.96,13186,445.96
2013-11-26,445.96,449.77,441.49,446.27,6278,446.27
2013-11-27,446.27,455.51,445.96,453.27,8478,453.27
2013-11-28,453.27,453.27,448.5,452.01,16324,452.01
2013-11-29,452.97,457.1,452.31,455.51,25430,455.51
2013-12-02,455.51,459.01,454.56,456.78,23859,456.78
2013-12-03,457.1,473.35,457.1,463.47,35474,463.47
2013-12-04,461.87,472.07,461.87,467.29,65612,467.29
2013-12-05,470.17,479.4,468.89,470.47,53368,470.47
2013-12-06,470.47,471.11,460.61,461.24,20092,461.24
2013-12-09,468.25,468.25,460.91,460.91,27312,460.91
2013-12-10,466.97,466.97,462.52,462.52,14756,462.52
2013-12-11,462.83,468.89,460.91,461.24,32962,461.24
2013-12-12,461.87,461.87,445.62,446.58,90728,446.58
2013-12-13,451.69,451.69,446.58,449.13,13814,449.13
2013-12-16,449.13,450.41,430.02,434.15,50857,434.15
2013-12-17,432.26,433.85,427.47,430.66,34220,430.66
2013-12-18,431.62,432.57,427.8,428.42,20718,428.42
2013-12-19,428.76,429.38,412.82,416.95,83193,416.95
2013-12-20,411.87,416.95,401.35,410.6,103912,410.6
2013-12-24,424.61,428.76,418.87,422.06,36416,422.06
2013-12-25,428.76,428.76,410.26,427.17,74089,427.17
2013-12-26,430.02,436.41,422.06,436.41,40498,436.41
2013-12-27,442.75,444.04,439.58,442.75,32962,442.75
2013-12-30,455.82,465.07,449.13,465.07,43952,465.07
2014-01-06,469.85,475.57,468.25,472.71,46463,472.71
2014-01-07,472.71,474.31,471.43,473.66,24488,473.66
2014-01-08,475.57,477.81,471.43,475.26,32021,475.26
2014-01-09,475.57,476.53,474.62,474.94,15698,474.94
2014-01-10,476.2,476.85,465.07,467.93,32336,467.93
2014-01-14,466.97,467.93,461.87,464.74,42382,464.74
2014-01-15,468.25,469.51,466.66,468.89,12872,468.89
2014-01-16,467.29,468.25,461.57,461.57,43952,461.57
2014-01-17,461.57,461.57,455.82,458.7,26057,458.7
2014-01-20,461.57,463.47,459.96,459.96,27941,459.96
2014-01-21,461.87,463.78,461.87,463.47,21034,463.47
2014-01-22,462.83,464.43,462.83,463.16,20406,463.16
2014-01-23,461.87,461.87,458.7,460.61,41440,460.61
2014-01-24,458.7,464.12,457.74,458.37,51172,458.37
2014-01-27,455.19,455.19,449.13,451.69,60904,451.69
2014-01-28,455.51,461.87,454.56,461.87,49916,461.87
2014-01-29,430.34,437.36,428.42,430.34,129027,430.34
2014-01-30,429.72,430.34,423.01,423.01,43952,423.01
2014-01-31,420.79,427.8,417.91,420.46,29824,420.46
2014-02-03,415.69,417.61,401.35,402.01,56195,402.01
2014-02-04,382.89,397.53,376.52,382.56,48347,382.56
2014-02-05,387.34,399.45,387.02,392.11,27941,392.11
2014-02-06,400.41,409.31,393.72,409.01,19464,409.01
2014-02-07,415.37,418.25,408.36,417.29,16324,417.29
2014-02-10,417.29,417.29,409.31,410.26,16639,410.26
2014-02-12,407.73,409.31,405.18,406.14,18836,406.14
2014-02-13,406.46,406.77,400.09,400.09,4082,400.09
2014-02-14,401.35,401.35,382.25,391.16,14440,391.16
2014-02-17,391.48,396.58,382.25,392.76,17894,392.76
2014-02-18,386.7,396.58,386.7,394.98,13814,394.98
2014-02-19,395.31,407.09,395.31,398.49,16010,398.49
2014-02-20,398.17,399.75,398.17,399.45,5966,399.45
2014-02-21,401.67,404.86,401.67,404.54,1884,404.54
2014-02-24,405.81,422.38,405.81,411.22,37673,411.22
2014-02-25,415.06,417.91,415.06,416.01,5024,416.01
2014-02-26,416.01,418.55,414.41,414.73,6906,414.73
2014-02-27,414.73,414.73,408.05,412.51,6906,412.51
2014-02-28,412.51,417.91,412.51,414.1,10360,414.1
2014-03-03,414.1,415.69,408.68,408.68,8478,408.68
2014-03-04,407.73,407.73,401.67,405.18,7536,405.18
2014-03-05,398.49,411.87,398.49,404.86,7848,404.86
2014-03-06,404.54,404.54,398.8,404.54,5336,404.54
2014-03-07,404.54,406.46,402.31,406.46,10046,406.46
2014-03-10,406.14,417.29,406.14,410.91,19778,410.91
2014-03-11,420.46,438.62,420.46,436.41,42694,436.41
2014-03-12,407.73,417.29,405.81,410.91,56822,410.91
2014-03-13,402.31,410.6,400.09,402.01,29509,402.01
2014-03-14,393.06,408.36,391.16,391.16,10360,391.16
2014-03-17,387.34,387.34,384.15,384.15,17580,384.15
2014-03-18,387.02,392.11,383.85,385.75,11616,385.75
2014-03-19,387.02,393.06,384.47,391.8,16952,391.8
2014-03-20,392.11,394.02,388.61,391.8,10986,391.8
2014-03-24,393.06,409.01,392.44,406.46,13814,406.46
2014-03-25,410.91,414.1,410.26,412.82,27626,412.82
2014-03-26,413.78,430.02,413.47,428.42,26371,428.42
2014-03-27,423.97,427.8,414.1,414.41,8162,414.41
2014-03-28,416.33,417.29,414.73,417.29,9418,417.29
2014-03-31,418.55,423.66,417.29,423.66,9418,423.66
2014-04-01,417.29,423.66,405.81,405.81,19464,405.81
2014-04-02,405.81,412.51,394.36,394.98,61217,394.98
2014-04-03,404.54,404.54,398.49,400.41,25430,400.41
2014-04-04,398.49,401.05,398.49,399.75,7220,399.75
2014-04-07,396.58,396.58,392.11,393.72,8478,393.72
2014-04-08,390.21,390.21,389.57,389.57,1254,389.57
2014-04-09,390.21,391.48,389.57,389.89,13186,389.89
2014-04-10,391.48,402.95,391.48,402.95,10986,402.95
2014-04-11,390.53,400.41,390.21,390.53,8478,390.53
2014-04-14,390.53,398.17,390.53,393.06,12872,393.06
2014-04-15,396.27,399.45,396.27,396.58,1884,396.58
2014-04-16,396.58,400.41,396.58,400.41,2512,400.41
2014-04-17,400.71,400.71,400.41,400.41,2512,400.41
2014-04-18,398.17,398.49,396.27,396.27,3766,396.27
2014-04-21,396.9,400.41,392.44,392.44,6592,392.44
2014-04-22,400.41,400.41,394.98,399.45,5336,399.45
2014-04-23,397.21,401.35,397.21,401.35,7220,401.35
2014-04-24,401.35,406.46,401.35,403.59,5336,403.59
2014-04-25,407.41,409.96,404.54,405.5,14128,405.5
2014-04-28,407.73,415.69,407.73,413.14,15382,413.14
2014-04-30,422.7,422.7,414.1,421.11,15068,421.11
2014-05-01,422.06,426.21,420.46,426.21,12872,426.21
2014-05-02,426.21,426.21,421.42,424.61,4396,424.61
2014-05-07,425.55,431.62,423.66,428.11,15068,428.11
2014-05-08,428.11,428.42,419.21,424.61,5024,424.61
2014-05-09,424.93,424.93,422.06,424.93,6592,424.93
2014-05-12,425.25,429.72,425.25,426.84,7536,426.84
2014-05-13,426.84,428.11,424.61,426.84,5024,426.84
2014-05-14,426.84,426.84,423.66,426.51,1570,426.51
2014-05-15,422.38,422.38,417.91,420.46,2196,420.46
2014-05-16,414.1,423.34,414.1,417.61,10674,417.61
2014-05-19,418.87,418.87,404.54,406.14,7848,406.14
2014-05-20,406.14,410.6,405.18,409.64,5336,409.64
2014-05-21,410.91,413.14,410.91,413.14,3140,413.14
2014-05-22,413.47,417.29,413.47,414.1,3766,414.1
2014-05-23,418.25,418.87,418.25,418.25,2512,418.25
2014-05-26,423.01,423.34,423.01,423.34,1254,423.34
2014-05-27,423.34,426.21,418.87,418.87,15382,418.87
2014-05-28,426.21,426.21,420.46,423.01,5966,423.01
2014-05-29,423.01,425.55,420.46,420.46,8162,420.46
2014-05-30,420.46,420.46,419.83,420.46,3140,420.46
2014-06-02,420.15,430.98,420.15,430.02,10046,430.02
2014-06-03,423.66,429.72,421.11,421.11,4708,421.11
2014-06-04,421.11,425.55,420.46,425.25,14440,425.25
2014-06-05,422.38,424.61,422.38,424.61,5336,424.61
2014-06-06,424.61,430.66,424.29,427.47,14756,427.47
2014-06-09,452.31,459.96,447.87,457.74,65927,457.74
2014-06-10,461.87,461.87,447.54,450.41,35474,450.41
2014-06-11,463.47,493.73,459.33,469.85,151945,469.85
2014-06-12,492.14,492.14,466.66,476.2,63415,476.2
2014-06-13,477.81,484.19,476.85,480.68,32962,480.68
2014-06-16,494.05,504.88,492.14,493.4,112389,493.4
2014-06-17,488.96,492.14,479.4,484.19,26371,484.19
2014-06-18,484.19,484.81,471.76,482.57,31393,482.57
2014-06-19,484.19,485.77,482.57,485.45,11302,485.45
2014-06-20,487.67,504.88,486.09,496.28,31080,496.28
2014-06-23,504.56,538.33,502.65,526.54,73147,526.54
2014-06-24,526.54,541.51,517.3,541.51,48032,541.51
2014-06-25,539.6,540.24,527.8,529.1,19778,529.1
2014-06-26,528.76,528.76,513.8,518.59,16010,518.59
2014-06-27,521.13,522.4,516.03,521.76,23230,521.76
2014-06-30,522.4,527.18,521.76,526.85,39241,526.85
2014-07-01,527.18,554.25,527.18,551.07,41440,551.07
2014-07-02,573.05,585.79,557.44,572.4,83193,572.4
2014-07-03,573.36,576.23,560.62,568.27,17268,568.27
2014-07-04,567.63,567.63,559.03,564.46,16010,564.46
2014-07-07,567.31,573.36,567.31,572.4,16639,572.4
2014-07-08,572.4,579.11,567.63,578.15,16010,578.15
2014-07-09,578.15,578.15,546.61,549.47,31080,549.47
2014-07-10,546.61,549.47,533.23,533.23,25430,533.23
2014-07-11,525.59,554.25,522.72,535.14,40498,535.14
2014-07-14,573.36,573.36,548.21,565.41,61217,565.41
2014-07-15,570.19,570.19,552.35,552.35,12244,552.35
2014-07-16,548.21,557.44,548.21,552.99,5650,552.99
2014-07-17,557.44,557.44,536.75,540.87,12557,540.87
2014-07-18,538.96,546.3,538.33,542.47,24172,542.47
2014-07-22,544.05,561.25,544.05,561.25,15068,561.25
2014-07-23,569.23,569.23,563.81,566.35,9418,566.35
2014-07-24,568.9,579.41,566.35,578.45,18209,578.45
2014-07-25,580.36,616.38,580.36,615.72,57763,615.72
2014-07-28,616.38,629.75,614.77,625.92,36732,625.92
2014-07-29,624.33,624.33,611.59,616.38,7536,616.38
2014-07-30,615.42,621.15,615.42,616.68,11616,616.68
2014-07-31,615.1,621.46,615.1,616.68,18836,616.68
2014-08-01,602.67,608.41,560.62,606.5,15382,606.5
2014-08-04,606.81,610.0,606.5,610.0,7220,610.0
2014-08-05,617.97,621.46,617.31,621.15,17894,621.15
2014-08-06,621.15,632.3,619.56,624.97,30138,624.97
2014-08-07,624.97,630.71,584.51,624.33,27626,624.33
2014-08-08,624.01,624.01,611.27,614.46,4396,614.46
2014-08-11,614.77,614.77,592.8,600.44,35474,600.44
2014-08-12,594.7,602.03,592.48,597.26,12244,597.26
2014-08-13,602.03,602.03,589.93,589.93,8790,589.93
2014-08-14,590.25,590.25,567.31,589.93,19150,589.93
2014-08-15,589.93,589.93,570.19,571.15,27000,571.15
2014-08-18,574.01,586.75,570.5,570.5,37986,570.5
2014-08-19,570.81,574.01,570.81,573.36,2825,573.36
2014-08-20,578.78,581.01,575.91,581.01,8162,581.01
2014-08-21,582.92,585.47,582.92,582.92,5336,582.92
2014-08-22,582.92,592.48,581.66,592.48,10986,592.48
2014-08-25,601.71,601.71,593.11,598.86,8478,598.86
2014-08-26,598.86,605.21,598.22,605.21,15698,605.21
2014-08-27,601.07,607.76,598.86,600.44,5336,600.44
2014-08-28,610.0,610.96,605.21,605.85,3140,605.85
2014-08-29,610.32,622.74,605.21,605.21,12244,605.21
2014-09-01,605.85,609.68,599.48,599.82,13498,599.82
2014-09-02,604.59,605.21,602.03,605.21,5650,605.21
2014-09-03,614.77,614.77,605.21,605.21,5650,605.21
2014-09-04,605.54,605.54,593.43,593.43,14128,593.43
2014-09-05,593.43,598.22,570.81,579.74,47405,579.74
2014-09-08,604.26,604.26,581.66,584.51,8790,584.51
2014-09-09,592.48,605.21,586.43,605.21,26684,605.21
2014-09-10,605.21,605.21,598.86,602.03,2512,602.03
2014-09-11,604.91,604.91,589.3,591.21,11302,591.21
2014-09-12,602.36,606.81,595.98,597.56,17894,597.56
2014-09-16,618.27,630.71,616.38,619.56,42694,619.56
2014-09-17,621.15,688.04,616.38,688.04,60904,688.04
2014-09-18,700.46,748.25,695.05,715.76,65612,715.76
2014-09-19,727.85,739.64,676.89,700.78,43952,700.78
2014-09-22,716.7,716.7,700.78,700.78,9732,700.78
2014-09-24,700.78,700.78,688.04,688.04,6906,688.04
2014-09-25,688.69,703.33,688.69,697.6,10360,697.6
2014-09-26,703.97,726.26,700.78,716.7,13814,716.7
2014-09-29,719.9,719.9,711.93,711.93,10674,711.93
2014-09-30,712.26,756.2,712.26,756.2,26684,756.2
2014-10-01,761.3,785.82,715.76,715.76,47718,715.76
2014-10-02,697.6,697.6,640.57,662.54,63415,662.54
2014-10-03,658.41,694.41,658.41,682.3,28568,682.3
2014-10-06,700.78,700.78,694.1,700.16,9418,700.16
2014-10-07,700.78,713.19,691.54,697.6,10986,697.6
2014-10-08,682.62,683.58,649.5,668.93,43952,668.93
2014-10-09,684.85,700.46,659.37,668.93,16010,668.93
2014-10-10,659.37,659.69,637.08,640.25,32962,640.25
2014-10-14,619.56,647.26,619.56,635.17,22289,635.17
2014-10-15,647.26,653.0,638.66,653.0,13498,653.0
2014-10-16,627.52,638.66,627.52,636.43,15068,636.43
2014-10-17,640.25,653.0,639.31,642.17,14440,642.17
2014-10-20,668.61,668.93,653.0,663.5,8478,663.5
2014-10-21,667.97,675.3,657.14,673.7,14756,673.7
2014-10-22,677.2,696.94,677.2,696.94,11302,696.94
2014-10-23,700.46,700.46,688.04,694.41,6906,694.41
2014-10-24,695.36,698.86,693.45,694.41,12244,694.41
2014-10-27,710.34,710.34,685.81,700.78,10360,700.78
2014-10-28,701.41,701.41,691.86,700.16,5336,700.16
2014-10-29,694.41,699.2,691.86,699.2,10674,699.2
2014-10-30,707.15,723.09,691.54,707.15,27626,707.15
2014-10-31,697.9,732.01,691.54,729.46,22604,729.46
2014-11-04,714.81,715.1,700.78,709.38,37673,709.38
2014-11-05,706.84,706.84,675.3,680.7,36416,680.7
2014-11-06,675.3,675.3,656.19,662.24,42068,662.24
2014-11-07,675.3,675.3,656.51,656.82,21661,656.82
2014-11-10,643.45,645.04,638.35,642.17,37986,642.17
2014-11-11,639.62,639.62,632.92,636.43,68752,636.43
2014-11-12,638.35,651.41,637.39,651.41,21034,651.41
2014-11-13,649.82,649.82,643.45,648.86,10360,648.86
2014-11-14,656.51,675.3,656.51,675.3,30452,675.3
2014-11-17,732.64,732.64,707.15,716.7,105169,716.7
2014-11-18,716.7,716.7,703.97,716.7,28568,716.7
2014-11-19,723.09,738.37,717.66,726.91,42694,726.91
2014-11-20,742.83,786.16,733.6,774.36,62474,774.36
2014-11-21,776.91,796.34,775.0,792.84,73461,792.84
2014-11-25,798.89,853.68,798.89,837.75,98576,837.75
2014-11-26,821.82,850.18,785.82,834.56,127145,834.56
2014-11-27,847.3,858.45,831.39,850.5,29509,850.5
2014-11-28,844.12,874.07,841.89,871.51,35789,871.51
2014-12-01,901.44,918.98,891.58,914.52,55253,914.52
2014-12-02,908.47,927.58,848.88,872.47,84448,872.47
2014-12-03,872.79,891.9,872.79,885.85,23230,885.85
2014-12-04,891.9,919.94,891.9,910.06,32650,910.06
2014-12-05,906.87,909.1,860.04,879.16,35161,879.16
2014-12-08,868.34,872.79,849.22,849.22,53368,849.22
2014-12-09,833.29,860.04,828.51,840.94,26371,840.94
2014-12-10,828.84,828.84,786.78,813.23,102971,813.23
2014-12-11,789.98,812.27,789.98,802.71,41125,802.71
2014-12-12,824.69,855.27,818.64,833.29,27312,833.29
2014-12-15,847.3,856.23,837.75,839.34,16639,839.34
2014-12-16,837.75,839.34,805.27,825.01,27626,825.01
2014-12-17,796.03,823.73,796.03,821.18,17580,821.18
2014-12-18,822.14,844.12,814.82,844.12,17894,844.12
2014-12-19,856.87,871.84,847.3,863.24,30452,863.24
2014-12-22,875.98,875.98,844.44,853.68,25742,853.68
2014-12-24,869.6,869.6,860.37,866.09,25742,866.09
2014-12-25,857.83,864.5,857.83,864.5,23230,864.5
2014-12-26,875.98,903.36,875.98,897.64,33904,897.64
2014-12-29,919.94,927.58,911.33,927.26,55253,927.26
2014-12-30,927.58,927.58,914.52,925.99,31080,925.99
2015-01-05,927.58,977.9,925.67,969.95,73461,969.95
2015-01-06,965.17,965.17,952.42,955.61,53684,955.61
2015-01-07,941.27,960.39,940.96,958.79,35161,958.79
2015-01-08,961.98,965.17,957.21,958.79,15382,958.79
2015-01-09,955.61,958.79,917.39,918.02,58706,918.02
2015-01-13,914.2,945.42,911.01,924.72,43952,924.72
2015-01-14,933.32,933.32,917.7,918.35,21976,918.35
2015-01-15,918.35,929.49,907.83,923.76,27000,923.76
2015-01-16,923.44,932.36,918.35,932.36,21661,932.36
2015-01-19,944.46,950.19,943.19,947.64,36103,947.64
2015-01-20,951.14,954.97,947.64,953.7,19150,953.7
2015-01-21,953.7,953.7,946.05,952.1,16324,952.1
2015-01-22,951.79,954.66,947.64,949.56,17894,949.56
2015-01-23,953.7,961.98,953.38,954.97,32962,954.97
2015-01-26,952.42,966.76,952.42,966.76,30452,966.76
2015-01-27,971.54,1035.24,971.54,1024.1,103912,1024.1
2015-01-28,955.61,1020.6,942.23,955.61,109250,955.61
2015-01-29,960.39,1012.94,960.39,999.57,37254,999.57
2015-01-30,998.61,1053.09,998.61,1046.39,48242,1046.39
2015-02-02,1049.26,1079.84,980.45,990.96,62474,990.96
2015-02-03,974.72,1003.39,893.5,934.59,76914,934.59
2015-02-04,930.77,932.67,880.11,883.95,47299,883.95
2015-02-05,880.11,921.2,880.11,901.15,33591,901.15
2015-02-06,917.39,941.27,841.89,871.51,52113,871.51
2015-02-09,872.47,878.2,841.89,878.2,52426,878.2
2015-02-10,874.38,874.38,859.1,871.51,24696,871.51
2015-02-12,888.71,916.43,884.91,913.56,30033,913.56
2015-02-13,900.19,906.87,884.91,886.8,16952,886.8
2015-02-16,901.15,902.11,880.11,885.85,32126,885.85
2015-02-17,885.85,903.06,885.85,901.15,13394,901.15
2015-02-18,901.15,905.91,888.71,902.11,13603,902.11
2015-02-19,901.15,902.11,889.67,894.45,10360,894.45
2015-02-20,907.83,907.83,864.83,883.95,20196,883.95
2015-02-23,879.16,887.75,875.34,880.11,14544,880.11
2015-02-24,873.43,892.54,872.47,892.54,18418,892.54
2015-02-25,896.36,919.3,895.4,902.11,25952,902.11
2015-02-26,910.7,912.61,904.01,911.65,19464,911.65
2015-02-27,907.83,949.88,907.83,949.88,30242,949.88
2015-03-02,947.01,969.95,936.5,949.88,41020,949.88
2015-03-03,973.76,973.76,943.19,963.25,22184,963.25
2015-03-04,951.79,960.39,921.2,931.72,23022,931.72
2015-03-05,931.72,951.79,928.85,941.27,25534,941.27
2015-03-06,943.19,946.05,932.67,938.4,16114,938.4
2015-03-09,939.36,959.43,938.4,959.43,28672,959.43
2015-03-10,982.37,1008.17,816.09,840.94,291227,840.94
2015-03-11,831.39,831.39,795.07,811.31,101296,811.31
2015-03-12,807.49,818.96,797.94,811.31,55880,811.31
2015-03-13,803.67,822.78,802.71,818.96,60171,818.96
2015-03-16,826.6,847.63,823.73,839.98,50334,839.98
2015-03-17,845.71,848.59,823.73,828.51,33486,828.51
2015-03-18,860.04,861.96,840.94,850.5,64148,850.5
2015-03-19,858.14,858.14,837.11,841.89,42382,841.89
2015-03-20,827.55,827.55,814.19,824.69,39241,824.69
2015-03-23,819.91,819.91,812.27,816.09,32126,816.09
2015-03-24,807.49,808.45,783.61,797.94,64043,797.94
2015-03-25,820.87,821.82,812.27,817.05,67601,817.05
2015-03-26,812.27,813.23,773.09,808.45,61427,808.45
2015-03-27,799.85,813.23,799.85,799.85,20092,799.85
2015-03-30,788.37,795.07,783.61,794.11,24383,794.11
2015-03-31,796.03,820.87,796.03,820.87,34637,820.87
2015-04-01,814.19,825.65,796.03,823.73,45415,823.73
2015-04-02,823.73,823.73,804.62,804.62,31184,804.62
2015-04-03,802.71,809.4,792.2,795.07,33696,795.07
2015-04-06,778.82,787.41,770.21,773.09,202070,773.09
2015-04-07,781.69,781.69,773.09,774.05,71159,774.05
2015-04-08,778.82,778.82,774.05,775.95,41753,775.95
2015-04-09,775.95,783.61,774.05,780.73,62054,780.73
2015-04-10,778.82,780.73,777.87,779.78,41858,779.78
2015-04-13,780.73,783.61,775.0,776.91,45311,776.91
2015-04-14,775.95,781.69,773.09,779.78,54416,779.78
2015-04-15,783.61,783.61,778.82,783.61,41648,783.61
2015-04-16,782.65,782.65,775.0,775.0,48347,775.0
2015-04-17,775.95,778.82,771.17,772.13,62578,772.13
2015-04-20,770.21,774.05,764.49,767.36,39032,767.36
2015-04-21,770.21,771.17,764.49,764.49,22394,764.49
2015-04-22,769.26,774.05,768.32,773.09,25114,773.09
2015-04-23,774.05,777.87,773.09,774.05,23230,774.05
2015-04-24,777.87,777.87,770.21,777.87,20406,777.87
2015-04-27,776.91,777.87,772.13,775.0,20614,775.0
2015-04-28,782.65,782.65,773.09,775.0,21767,775.0
2015-04-30,775.95,781.69,769.26,778.82,40184,778.82
2015-05-01,775.95,775.95,766.41,768.32,51800,768.32
2015-05-07,767.36,771.17,760.66,768.32,35266,768.32
2015-05-08,772.13,780.73,765.45,780.73,35579,780.73
2015-05-11,783.61,783.61,771.17,775.0,21348,775.0
2015-05-12,776.91,776.91,765.45,767.36,25847,767.36
2015-05-13,765.45,772.13,762.58,765.45,24488,765.45
2015-05-14,765.45,771.17,764.49,765.45,28672,765.45
2015-05-15,769.26,769.26,762.58,766.41,30452,766.41
2015-05-18,766.41,769.26,765.45,768.32,14022,768.32
2015-05-19,770.21,777.87,768.32,774.05,29720,774.05
2015-05-20,775.0,775.95,770.21,771.17,10882,771.17
2015-05-21,773.09,775.0,762.58,762.58,38510,762.58
2015-05-22,768.32,775.0,763.53,765.45,31288,765.45
2015-05-25,768.32,774.05,766.41,774.05,27626,774.05
2015-05-26,769.26,773.09,769.26,769.26,17268,769.26
2015-05-27,764.49,769.26,763.53,768.32,35579,768.32
2015-05-28,771.17,774.05,767.36,773.09,149643,773.09
2015-05-29,769.26,783.61,764.49,764.49,104018,764.49
2015-06-01,767.36,776.91,767.36,770.21,28568,770.21
2015-06-02,770.21,773.09,766.41,767.36,24488,767.36
2015-06-03,772.13,772.13,763.53,765.45,27000,765.45
2015-06-04,768.32,771.17,763.53,769.26,23230,769.26
2015-06-05,767.36,772.13,762.58,769.26,39556,769.26
2015-06-08,768.32,772.13,764.49,764.49,27312,764.49
2015-06-09,762.58,771.17,762.58,762.58,31499,762.58
2015-06-10,643.13,693.77,632.62,679.44,556399,679.44
2015-06-11,679.44,679.44,657.46,660.33,147445,660.33
2015-06-12,660.33,661.29,649.82,650.77,84554,650.77
2015-06-15,651.73,651.73,644.08,646.95,40394,646.95
2015-06-16,646.95,647.91,638.35,639.31,66869,639.31
2015-06-17,639.31,645.04,635.47,635.47,51276,635.47
2015-06-18,636.43,639.31,624.01,625.92,47822,625.92
2015-06-19,623.05,628.79,622.11,623.05,32336,623.05
2015-06-22,621.15,644.08,621.15,643.13,42694,643.13
2015-06-23,636.43,641.21,636.43,638.35,23546,638.35
2015-06-24,636.43,639.31,630.71,635.47,26057,635.47
2015-06-25,640.25,643.13,635.47,635.47,16010,635.47
2015-06-26,635.47,636.43,629.75,629.75,16220,629.75
2015-06-29,624.97,627.84,605.85,608.72,66869,608.72
2015-06-30,608.72,616.38,606.81,615.42,18940,615.42
2015-07-01,616.38,624.97,611.59,622.11,17372,622.11
2015-07-02,625.92,633.58,625.92,629.75,15278,629.75
2015-07-03,630.71,630.71,622.11,624.01,13394,624.01
2015-07-06,630.71,632.62,621.15,623.05,16848,623.05
2015-07-07,621.15,630.71,621.15,624.97,13394,624.97
2015-07-08,622.11,624.97,610.64,613.51,33904,613.51
2015-07-09,603.95,605.85,578.15,602.03,39870,602.03
2015-07-10,595.35,600.11,587.7,592.48,19672,592.48
2015-07-13,588.66,600.11,588.66,593.43,13186,593.43
2015-07-14,601.07,621.15,601.07,617.31,15382,617.31
2015-07-15,621.15,626.88,614.46,624.97,12766,624.97
2015-07-16,622.11,624.97,621.15,624.01,4500,624.01
2015-07-17,625.92,625.92,606.81,612.55,13814,612.55
2015-07-21,602.99,623.05,602.99,614.46,15382,614.46
2015-07-22,605.85,611.59,605.85,608.72,12766,608.72
2015-07-23,602.99,610.64,602.99,603.95,11824,603.95
2015-07-24,602.99,606.81,592.48,597.26,21556,597.26
2015-07-27,592.48,601.07,588.66,591.52,17894,591.52
2015-07-28,595.35,610.64,590.56,599.17,18731,599.17
2015-07-29,611.59,615.42,603.95,614.46,12872,614.46
2015-07-30,620.19,636.43,620.19,629.75,23022,629.75
2015-07-31,635.47,644.08,630.71,638.35,27000,638.35
2015-08-03,646.95,648.86,640.25,647.91,26266,647.91
2015-08-04,649.82,652.67,643.13,650.77,22813,650.77
2015-08-05,653.63,656.51,649.82,654.59,15906,654.59
2015-08-06,657.46,657.46,649.82,653.63,13394,653.63
2015-08-07,653.63,655.55,646.95,653.63,13186,653.63
2015-08-10,654.59,656.51,643.13,656.51,8478,656.51
2015-08-11,655.55,655.55,647.91,649.82,4812,649.82
2015-08-12,653.63,653.63,636.43,638.35,7640,638.35
2015-08-13,635.47,635.47,621.15,632.62,10256,632.62
2015-08-14,632.62,650.77,622.11,643.13,8894,643.13
2015-08-17,652.67,653.63,648.86,651.73,13918,651.73
2015-08-18,650.77,657.46,650.77,656.51,23546,656.51
2015-08-19,659.37,662.24,654.59,657.46,23859,657.46
2015-08-20,661.29,664.15,654.59,659.37,21872,659.37
2015-08-21,657.46,657.46,640.25,645.04,18836,645.04
2015-08-24,622.11,633.58,593.43,593.43,35789,593.43
2015-08-25,551.39,617.31,516.03,587.7,59438,587.7
2015-08-26,618.27,638.35,604.91,632.62,20406,632.62
2015-08-27,633.58,639.31,612.55,618.27,14964,618.27
2015-08-28,610.64,639.31,610.64,633.58,15698,633.58
2015-08-31,639.31,640.25,617.31,640.25,19046,640.25
2015-09-01,629.75,640.25,614.46,640.25,10674,640.25
2015-09-02,621.15,640.25,621.15,640.25,9104,640.25
2015-09-03,630.71,639.31,616.38,635.47,11094,635.47
2015-09-04,638.35,639.31,620.19,630.71,17476,630.71
2015-09-07,617.31,624.01,602.03,621.15,14756,621.15
2015-09-08,583.87,600.11,554.25,562.86,33696,562.86
2015-09-09,602.03,616.38,597.26,616.38,25430,616.38
2015-09-10,578.15,611.59,571.45,604.91,36312,604.91
2015-09-11,583.87,605.85,583.87,584.83,30033,584.83
2015-09-14,602.03,609.68,584.83,584.83,10986,584.83
2015-09-15,584.83,606.81,584.83,602.99,8790,602.99
2015-09-16,605.85,605.85,590.56,600.11,5336,600.11
2015-09-17,592.48,610.64,589.6,609.68,8582,609.68
2015-09-18,613.51,613.51,604.91,608.72,2512,608.72
2015-09-24,598.22,607.76,593.43,600.11,6488,600.11
2015-09-25,603.95,603.95,595.35,603.95,9836,603.95
2015-09-28,592.48,606.81,590.56,602.99,9208,602.99
2015-09-29,602.99,607.76,602.03,602.99,21452,602.99
2015-09-30,611.59,635.47,609.68,635.47,23126,635.47
2015-10-01,629.75,629.75,611.59,611.59,8686,611.59
2015-10-02,611.59,624.01,611.59,618.27,2720,618.27
2015-10-05,624.01,626.88,611.59,624.97,14232,624.97
2015-10-06,630.71,642.17,630.71,642.17,14652,642.17
2015-10-07,653.63,654.59,640.25,654.59,15382,654.59
2015-10-08,654.59,658.41,650.77,656.51,8478,656.51
2015-10-09,659.37,663.2,656.51,661.29,14652,661.29
2015-10-13,667.97,667.97,662.24,666.06,24696,666.06
2015-10-14,663.2,666.06,645.04,645.04,12452,645.04
2015-10-15,645.04,664.15,626.88,663.2,12452,663.2
2015-10-16,664.15,666.06,657.46,663.2,6174,663.2
2015-10-19,667.02,670.83,662.24,666.06,14128,666.06
2015-10-20,667.97,671.79,667.02,669.88,4186,669.88
2015-10-21,671.79,676.57,669.88,676.57,17372,676.57
2015-10-22,678.49,678.49,675.61,678.49,8266,678.49
2015-10-23,679.44,688.04,679.44,688.04,21767,688.04
2015-10-26,688.04,698.56,688.04,697.6,19778,697.6
2015-10-27,704.29,711.93,686.13,698.56,18522,698.56
2015-10-28,697.6,705.24,697.6,702.37,8266,702.37
2015-10-29,697.6,704.29,669.88,674.66,16114,674.66
2015-10-30,676.57,692.81,676.57,686.13,10360,686.13
2015-11-02,695.69,695.69,678.49,681.35,12557,681.35
2015-11-04,688.04,692.81,684.22,690.9,7116,690.9
2015-11-05,694.73,702.37,690.9,696.65,9104,696.65
2015-11-06,702.37,702.37,671.79,688.04,15802,688.04
2015-11-09,688.99,697.6,684.22,694.73,11302,694.73
2015-11-10,694.73,697.6,692.81,696.65,8894,696.65
2015-11-11,697.6,703.33,692.81,697.6,10986,697.6
2015-11-12,692.81,697.6,668.93,687.08,23546,687.08
2015-11-13,688.04,688.04,670.83,682.3,6698,682.3
2015-11-16,677.53,677.53,659.37,674.66,20092,674.66
2015-11-17,680.4,680.4,673.7,674.66,6278,674.66
2015-11-18,673.7,687.08,668.93,687.08,12976,687.08
2015-11-19,685.17,692.81,684.22,685.17,7116,685.17
2015-11-20,684.22,692.81,680.4,690.9,8162,690.9
2015-11-24,693.77,700.46,692.81,700.46,17268,700.46
2015-11-25,705.24,706.2,677.53,684.22,29824,684.22
2015-11-26,686.13,691.86,682.3,682.3,13394,682.3
2015-11-27,682.3,682.3,670.83,671.79,21872,671.79
2015-11-30,674.66,678.49,670.83,672.75,16010,672.75
2015-12-01,672.75,678.49,671.79,673.7,11616,673.7
2015-12-02,678.49,678.49,671.79,674.66,14964,674.66
2015-12-03,672.75,675.61,669.88,673.7,23022,673.7
2015-12-04,673.7,679.44,669.88,675.61,17998,675.61
2015-12-07,682.3,682.3,675.61,680.4,16114,680.4
2015-12-08,680.4,683.26,678.49,683.26,7324,683.26
2015-12-09,683.26,684.22,673.7,681.35,6906,681.35
2015-12-10,668.93,668.93,639.31,643.13,49184,643.13
2015-12-11,645.04,658.41,634.51,636.43,27522,636.43
2015-12-14,627.84,627.84,616.38,618.27,21767,618.27
2015-12-15,617.31,635.47,610.64,610.64,15382,610.64
2015-12-16,615.42,624.01,615.42,616.38,17372,616.38
2015-12-17,625.92,638.35,618.27,622.11,23650,622.11
2015-12-18,616.38,624.97,614.46,615.42,23546,615.42
2015-12-21,613.51,615.42,593.43,599.17,30242,599.17
2015-12-22,601.07,602.99,594.39,594.39,17894,594.39
2015-12-24,594.39,599.17,574.32,584.83,41858,584.83
2015-12-25,578.15,584.83,571.45,577.19,38614,577.19
2015-12-28,577.19,609.68,577.19,605.85,14964,605.85
2015-12-29,605.85,627.84,605.85,625.92,17790,625.92
2015-12-30,640.25,640.25,629.75,631.66,12035,631.66
2016-01-04,643.13,643.13,632.62,636.43,23442,636.43
2016-01-05,636.43,636.43,631.66,633.58,18418,633.58
2016-01-06,634.51,634.51,624.01,630.71,22604,630.71
2016-01-07,628.79,630.71,623.05,623.05,20826,623.05
2016-01-08,621.15,623.05,616.38,619.23,21348,619.23
2016-01-12,616.38,619.23,602.03,602.99,26684,602.99
2016-01-13,603.95,617.31,603.95,612.55,10151,612.55
2016-01-14,611.59,611.59,592.48,600.11,17790,600.11
2016-01-15,609.68,609.68,592.48,592.48,18418,592.48
2016-01-18,581.96,584.83,575.28,579.11,30242,579.11
2016-01-19,586.75,588.66,581.01,582.92,16220,582.92
2016-01-20,589.6,589.6,578.15,579.11,28672,579.11
2016-01-21,569.55,575.28,555.2,555.2,38614,555.2
2016-01-22,558.08,578.15,558.08,578.15,28882,578.15
2016-01-25,587.7,597.26,578.15,588.66,37462,588.66
2016-01-26,590.56,601.07,585.79,601.07,50230,601.07
2016-01-27,568.59,576.23,559.99,573.36,90204,573.36
2016-01-28,564.76,587.7,556.16,580.07,36732,580.07
2016-01-29,575.28,582.92,571.45,576.23,15698,576.23
2016-02-01,575.28,581.96,574.32,581.96,11929,581.96
2016-02-02,581.96,581.96,568.59,571.45,6698,571.45
2016-02-03,563.81,563.81,554.25,559.03,17161,559.03
2016-02-04,554.25,556.16,551.39,555.2,37358,555.2
2016-02-05,549.47,549.47,535.14,539.92,17790,539.92
2016-02-08,535.14,538.01,516.03,535.14,45206,535.14
2016-02-09,518.89,521.76,496.92,503.61,15068,503.61
2016-02-10,499.78,506.47,475.9,475.9,32858,475.9
2016-02-12,436.7,454.86,430.02,439.58,31184,439.58
2016-02-15,450.09,468.25,445.32,445.32,22918,445.32
2016-02-16,449.13,461.57,421.42,429.07,48242,429.07
2016-02-17,429.07,450.09,423.34,440.54,24277,440.54
2016-02-18,440.54,463.47,434.81,458.7,28150,458.7
2016-02-19,463.47,475.9,445.32,472.07,28358,472.07
2016-02-22,481.63,482.57,470.17,473.98,12872,473.98
2016-02-23,471.11,484.49,450.09,455.82,20930,455.82
2016-02-24,455.82,456.78,434.81,437.66,21452,437.66
2016-02-25,439.58,448.17,435.76,443.41,6070,443.41
2016-02-26,443.41,452.97,443.41,452.97,10986,452.97
2016-02-29,453.91,462.52,446.27,446.27,19360,446.27
2016-03-01,445.32,445.32,434.81,434.81,19988,434.81
2016-03-02,436.7,442.45,433.85,433.85,17790,433.85
2016-03-03,434.81,447.23,434.81,441.49,10464,441.49
2016-03-04,441.49,442.45,435.76,436.7,19255,436.7
2016-03-07,436.7,438.62,425.25,431.93,38928,431.93
2016-03-08,426.21,430.98,420.46,427.17,38614,427.17
2016-03-09,438.62,442.45,430.98,438.62,22394,438.62
2016-03-10,443.41,452.97,437.66,445.32,19360,445.32
2016-03-11,475.9,521.76,453.91,521.76,287146,521.76
2016-03-14,531.32,543.75,488.31,502.65,208035,502.65
2016-03-15,516.99,516.99,495.01,503.61,26476,503.61
2016-03-16,495.96,499.78,488.31,492.14,19883,492.14
2016-03-17,525.59,525.59,502.65,506.47,66973,506.47
2016-03-18,508.39,511.26,501.69,508.39,17268,508.39
2016-03-22,506.47,516.03,496.92,513.16,21348,513.16
2016-03-23,508.39,514.12,508.39,513.16,8894,513.16
2016-03-24,512.21,512.21,502.65,510.3,10986,510.3
2016-03-25,505.52,508.39,496.92,507.43,14022,507.43
2016-03-28,503.61,503.61,487.36,492.14,17268,492.14
2016-03-29,483.53,489.27,483.53,487.36,10778,487.36
2016-03-30,487.36,496.92,483.53,492.14,13498,492.14
2016-03-31,492.14,499.78,489.27,493.1,7848,493.1
2016-04-01,490.23,492.14,477.81,477.81,17476,477.81
2016-04-04,477.81,485.45,473.02,483.53,17790,483.53
2016-04-05,490.23,490.23,451.05,453.91,17685,453.91
2016-04-06,452.01,467.29,450.09,450.09,9524,450.09
2016-04-07,446.27,452.97,440.54,444.37,13918,444.37
2016-04-08,440.54,452.97,435.76,445.32,12662,445.32
2016-04-11,460.61,463.47,451.05,462.52,13394,462.52
2016-04-12,461.57,479.72,455.82,455.82,13081,455.82
2016-04-13,454.86,477.81,454.86,467.29,4500,467.29
2016-04-14,475.9,479.72,472.07,477.81,6592,477.81
2016-04-15,472.07,477.81,464.43,470.17,11302,470.17
2016-04-18,464.43,470.17,464.43,465.37,7848,465.37
2016-04-19,476.85,481.63,468.25,474.94,6382,474.94
2016-04-20,477.81,501.69,477.81,492.14,20614,492.14
2016-04-21,495.96,516.03,492.14,494.05,16534,494.05
2016-04-22,503.61,503.61,492.14,499.78,5756,499.78
2016-04-25,506.47,506.47,488.31,489.27,5546,489.27
2016-04-26,482.57,492.14,477.81,481.63,7012,481.63
2016-04-27,481.63,497.88,477.81,496.92,12872,496.92
2016-04-28,506.47,513.16,488.31,500.73,33800,500.73
2016-05-02,489.27,491.18,478.76,491.18,9208,491.18
2016-05-06,504.56,504.56,481.63,492.14,5546,492.14
2016-05-09,492.14,496.92,488.31,491.18,4290,491.18
2016-05-10,493.1,493.1,487.36,492.14,4604,492.14
2016-05-11,494.05,494.05,477.81,483.53,13918,483.53
2016-05-12,482.57,484.49,478.76,479.72,5128,479.72
2016-05-13,479.72,479.72,456.78,456.78,14232,456.78
2016-05-16,458.7,463.47,452.97,454.86,11720,454.86
2016-05-17,456.78,463.47,454.86,460.61,5546,460.61
2016-05-18,460.61,464.43,458.7,461.57,3662,461.57
2016-05-19,461.57,471.11,460.61,464.43,3454,464.43
2016-05-20,470.17,481.63,470.17,478.76,6698,478.76
2016-05-23,485.45,485.45,475.9,476.85,4186,476.85
2016-05-24,478.76,481.63,474.94,481.63,3244,481.63
2016-05-25,483.53,483.53,473.02,475.9,5546,475.9
2016-05-26,483.53,483.53,476.85,477.81,4500,477.81
2016-05-27,475.9,476.85,473.98,475.9,2196,475.9
2016-05-30,483.53,492.14,476.85,492.14,12244,492.14
2016-05-31,492.14,492.14,484.49,488.31,9000,488.31
2016-06-01,488.31,489.27,468.25,481.63,11824,481.63
2016-06-02,484.49,484.49,470.17,470.17,7953,470.17
2016-06-03,472.07,480.68,472.07,476.85,2512,476.85
2016-06-06,472.07,485.45,472.07,480.68,6906,480.68
2016-06-07,489.27,495.01,486.41,490.23,8478,490.23
2016-06-08,495.96,496.92,490.23,495.01,5860,495.01
2016-06-09,509.34,517.93,501.69,511.26,22813,511.26
2016-06-10,511.26,511.26,472.07,489.27,68752,489.27
2016-06-13,487.36,489.27,475.9,479.72,19883,479.72
2016-06-14,475.9,488.31,475.9,478.76,10360,478.76
2016-06-16,480.68,480.68,463.47,466.33,7220,466.33
2016-06-17,466.33,470.17,462.52,470.17,4812,470.17
2016-06-20,468.25,477.81,468.25,473.98,4290,473.98
2016-06-21,478.76,480.68,470.17,479.72,2720,479.72
2016-06-22,475.9,476.85,473.02,476.85,2092,476.85
2016-06-23,471.11,478.76,471.11,478.76,2616,478.76
2016-06-24,478.76,478.76,439.58,452.97,20930,452.97
2016-06-27,452.97,473.02,449.13,466.33,12035,466.33
2016-06-28,452.97,477.81,448.17,476.85,7953,476.85
2016-06-29,478.76,478.76,471.11,476.85,4604,476.85
2016-06-30,469.21,487.36,469.21,477.81,7953,477.81
2016-07-01,485.45,487.36,474.94,484.49,5546,484.49
2016-07-04,484.49,484.49,478.76,480.68,3766,480.68
2016-07-05,481.63,482.57,478.76,478.76,1778,478.76
2016-07-06,476.85,482.57,470.17,482.57,8478,482.57
2016-07-07,484.49,484.49,473.98,480.68,5966,480.68
2016-07-08,482.57,482.57,473.02,479.72,5232,479.72
2016-07-11,478.76,482.57,473.98,482.57,6382,482.57
2016-07-12,443.41,448.17,415.69,425.25,382268,425.25
2016-07-13,435.76,436.7,424.29,426.21,103285,426.21
2016-07-14,424.29,424.29,420.46,421.42,44684,421.42
2016-07-15,421.42,422.38,416.65,418.55,36312,418.55
2016-07-19,418.55,418.55,412.82,414.73,35789,414.73
2016-07-20,414.73,419.5,413.78,415.69,16430,415.69
2016-07-21,415.69,416.65,412.82,415.69,25534,415.69
2016-07-22,415.69,415.69,410.91,413.78,17372,413.78
2016-07-25,417.61,418.55,412.82,414.73,12140,414.73
2016-07-26,416.65,416.65,411.87,415.69,11406,415.69
2016-07-27,410.91,413.78,410.91,411.87,13918,411.87
2016-07-28,410.91,412.82,406.14,408.05,12452,408.05
2016-07-29,406.14,408.05,402.31,406.14,13603,406.14
2016-08-01,404.22,409.96,403.26,407.09,6906,407.09
2016-08-02,407.09,409.96,406.14,409.01,6174,409.01
2016-08-03,409.96,409.96,401.35,403.26,18314,403.26
2016-08-04,402.31,403.26,385.11,402.31,25010,402.31
2016-08-05,397.53,404.22,397.53,402.31,9628,402.31
2016-08-08,401.35,407.09,399.45,407.09,6698,407.09
2016-08-09,405.18,408.05,403.26,408.05,19255,408.05
2016-08-10,408.05,409.01,401.35,404.22,5650,404.22
2016-08-12,404.22,404.22,402.31,402.31,4920,402.31
2016-08-15,401.35,405.18,401.35,404.22,3978,404.22
2016-08-16,404.22,404.22,401.35,401.35,5232,401.35
2016-08-17,401.35,402.31,394.66,397.53,9732,397.53
2016-08-18,393.72,394.66,390.85,391.8,4500,391.8
2016-08-19,391.8,395.62,391.8,393.72,3978,393.72
2016-08-22,391.8,393.72,390.85,393.72,7116,393.72
2016-08-23,391.8,394.66,390.85,390.85,4500,390.85
2016-08-24,390.85,392.76,389.89,392.76,4708,392.76
2016-08-25,394.66,394.66,391.8,393.72,3034,393.72
2016-08-26,391.8,391.8,385.11,385.11,10778,385.11
2016-08-29,392.76,392.76,387.98,390.85,4290,390.85
2016-08-30,388.93,389.89,384.15,385.11,7744,385.11
2016-08-31,385.11,388.93,385.11,386.06,4290,386.06
2016-09-01,387.98,389.89,386.06,387.02,5336,387.02
2016-09-02,386.06,388.93,386.06,388.93,5966,388.93
2016-09-05,388.93,393.72,388.93,391.8,10046,391.8
2016-09-06,396.58,397.53,394.66,394.66,7116,394.66
2016-09-07,401.35,401.35,397.53,401.35,8894,401.35
2016-09-08,401.35,405.18,399.45,402.31,11510,402.31
2016-09-09,405.18,407.09,403.26,405.18,10046,405.18
2016-09-12,397.53,409.96,397.53,409.01,22918,409.01
2016-09-13,409.01,411.87,408.05,410.91,11929,410.91
2016-09-14,408.05,410.91,408.05,408.05,10046,408.05
2016-09-15,406.14,409.01,400.41,409.01,10674,409.01
2016-09-16,409.96,409.96,401.35,408.05,10360,408.05
2016-09-20,409.01,413.78,408.05,408.05,7012,408.05
2016-09-21,406.14,410.91,406.14,410.91,4082,410.91
2016-09-23,408.05,410.91,407.09,410.91,9524,410.91
2016-09-26,409.96,409.96,408.05,409.96,7744,409.96
2016-09-27,408.05,410.91,407.09,409.96,8058,409.96
2016-09-28,411.87,411.87,407.09,410.91,7116,410.91
2016-09-29,410.91,412.82,409.01,411.87,8582,411.87
2016-09-30,407.09,412.82,407.09,410.91,6382,410.91
2016-10-03,411.87,415.69,410.91,413.78,13603,413.78
2016-10-04,415.69,417.61,415.69,416.65,7848,416.65
2016-10-05,425.25,425.25,420.46,424.29,18522,424.29
2016-10-06,426.21,426.21,416.65,425.25,17056,425.25
2016-10-07,426.21,427.17,422.38,426.21,8058,426.21
2016-10-11,430.02,430.02,424.29,430.02,10256,430.02
2016-10-12,429.07,429.07,426.21,426.21,5546,426.21
2016-10-13,430.02,430.02,424.29,426.21,7012,426.21
2016-10-14,428.11,428.11,423.34,425.25,4290,425.25
2016-10-17,429.07,429.07,423.34,426.21,9732,426.21
2016-10-18,425.25,429.07,425.25,427.17,6278,427.17
2016-10-19,428.11,429.07,425.25,427.17,5860,427.17
2016-10-20,430.02,431.93,425.25,429.07,12662,429.07
2016-10-21,432.89,432.89,429.07,430.98,5756,430.98
2016-10-24,433.85,434.81,431.93,432.89,7012,432.89
2016-10-25,434.81,437.66,433.85,434.81,10674,434.81
2016-10-26,437.66,438.62,436.7,436.7,7744,436.7
2016-10-27,440.54,441.49,432.89,436.7,21872,436.7
2016-10-28,441.49,449.13,437.66,448.17,36208,448.17
2016-10-31,451.05,470.17,451.05,462.52,30662,462.52
2016-11-01,467.29,473.98,464.43,469.21,25220,469.21
2016-11-02,473.02,473.02,446.27,450.09,20510,450.09
2016-11-04,457.74,457.74,436.7,443.41,14652,443.41
2016-11-07,442.45,456.78,442.45,452.97,5442,452.97
2016-11-08,456.78,461.57,451.05,452.01,8582,452.01
2016-11-09,452.01,453.91,430.02,435.76,21976,435.76
2016-11-10,452.01,453.91,445.32,449.13,14544,449.13
2016-11-11,453.91,455.82,449.13,452.97,9524,452.97
2016-11-14,457.74,461.57,452.97,455.82,8582,455.82
2016-11-15,460.61,460.61,454.86,456.78,5232,456.78
2016-11-16,460.61,461.57,457.74,461.57,9000,461.57
2016-11-17,462.52,462.52,460.61,461.57,7012,461.57
2016-11-18,467.29,467.29,462.52,465.37,14756,465.37
2016-11-21,464.43,469.21,462.52,463.47,20718,463.47
2016-11-22,466.33,485.45,459.65,460.61,41648,460.61
2016-11-24,469.21,477.81,469.21,472.07,14756,472.07
2016-11-25,475.9,480.68,475.9,478.76,16639,478.76
2016-11-28,477.81,481.63,477.81,479.72,15488,479.72
2016-11-29,478.76,485.45,478.76,484.49,14022,484.49
2016-11-30,481.63,484.49,481.63,482.57,9836,482.57
2016-12-01,484.49,491.18,483.53,488.31,11094,488.31
2016-12-02,487.36,494.05,487.36,490.23,13710,490.23
2016-12-05,492.14,496.92,491.18,496.92,10986,496.92
2016-12-06,499.78,500.73,496.92,496.92,12035,496.92
2016-12-07,497.88,500.73,495.96,500.73,8894,500.73
2016-12-08,500.73,502.65,499.78,502.65,15068,502.65
2016-12-09,501.69,502.65,496.92,500.73,16010,500.73
2016-12-12,496.92,496.92,468.25,486.41,46463,486.41
2016-12-13,479.72,485.45,477.81,483.53,12348,483.53
2016-12-14,483.53,483.53,478.76,479.72,14440,479.72
2016-12-15,479.72,482.57,478.76,480.68,13918,480.68
2016-12-16,477.81,477.81,468.25,471.11,35474,471.11
2016-12-19,471.11,472.07,465.37,467.29,22289,467.29
2016-12-20,469.21,469.21,465.37,468.25,12244,468.25
2016-12-21,466.33,467.29,464.43,466.33,13918,466.33
2016-12-22,464.43,466.33,463.47,466.33,15488,466.33
2016-12-26,463.47,466.33,463.47,463.47,29300,463.47
2016-12-27,461.57,463.47,458.7,463.47,44265,463.47
2016-12-28,463.47,482.57,462.52,482.57,37986,482.57
2016-12-29,492.14,493.1,466.33,476.85,34952,476.85
2016-12-30,476.85,477.81,471.11,473.98,28150,473.98
2017-01-04,473.02,481.63,473.02,477.81,29509,477.81
2017-01-05,481.63,486.41,481.63,484.49,16430,484.49
2017-01-06,484.49,491.18,482.57,487.36,18836,487.36
2017-01-10,506.47,506.47,497.88,497.88,34532,497.88
2017-01-11,504.56,505.52,501.69,503.61,18731,503.61
2017-01-12,501.69,501.69,497.88,498.83,22289,498.83
2017-01-13,501.69,501.69,497.88,500.73,14440,500.73
2017-01-16,500.73,501.69,497.88,499.78,17894,499.78
2017-01-17,499.78,499.78,488.31,497.88,31288,497.88
2017-01-18,490.23,495.01,490.23,493.1,14232,493.1
2017-01-19,493.1,495.96,492.14,492.14,14440,492.14
2017-01-20,495.01,496.92,493.1,495.01,10986,495.01
2017-01-23,497.88,499.78,495.96,498.83,17161,498.83
2017-01-24,497.88,500.73,496.92,500.73,25220,500.73
2017-01-25,501.69,504.56,497.88,500.73,35789,500.73
2017-01-26,502.65,503.61,488.31,490.23,124528,490.23
2017-01-27,467.29,474.94,465.37,467.29,120133,467.29
2017-01-30,467.29,467.29,461.57,463.47,24592,463.47
2017-01-31,463.47,464.43,459.65,460.61,14544,460.61
2017-02-01,458.7,463.47,455.82,460.61,14544,460.61
2017-02-02,460.61,463.47,458.7,458.7,8686,458.7
2017-02-03,461.57,462.52,457.74,457.74,5756,457.74
2017-02-06,457.74,457.74,450.09,451.05,8478,451.05
2017-02-07,448.17,449.13,447.23,449.13,6278,449.13
2017-02-08,449.13,451.05,447.23,449.13,5128,449.13
2017-02-09,447.23,447.23,444.37,447.23,4500,447.23
2017-02-10,444.37,446.27,444.37,444.37,7953,444.37
2017-02-13,436.7,441.49,436.7,438.62,13498,438.62
2017-02-14,437.66,442.45,435.76,438.62,8582,438.62
2017-02-15,441.49,441.49,430.98,434.81,15802,434.81
2017-02-16,431.93,435.76,430.98,431.93,9000,431.93
2017-02-17,431.93,445.32,431.93,441.49,10360,441.49
2017-02-20,441.49,447.23,441.49,441.49,11824,441.49
2017-02-21,442.45,446.27,442.45,444.37,3872,444.37
2017-02-22,445.32,446.27,443.41,443.41,10778,443.41
2017-02-23,443.41,448.17,442.45,442.45,5442,442.45
2017-02-24,444.37,448.17,444.37,445.32,5232,445.32
2017-02-27,444.37,446.27,439.58,440.54,6174,440.54
2017-02-28,440.54,446.27,440.54,440.54,4920,440.54
2017-03-01,440.54,446.27,440.54,445.32,4604,445.32
2017-03-02,446.27,447.23,443.41,444.37,3034,444.37
2017-03-03,444.37,444.37,441.49,441.49,2720,441.49
2017-03-06,440.54,441.49,439.58,439.58,5650,439.58
2017-03-07,439.58,442.45,439.58,439.58,5232,439.58
2017-03-08,441.49,442.45,439.58,441.49,4290,441.49
2017-03-09,441.49,453.91,440.54,450.09,15906,450.09
2017-03-10,455.82,455.82,439.58,445.32,22708,445.32
2017-03-13,448.17,450.09,447.23,449.13,3140,449.13
2017-03-14,451.05,451.05,448.17,449.13,3662,449.13
2017-03-15,449.13,457.74,446.27,455.82,11824,455.82
2017-03-16,452.01,454.86,445.32,447.23,5756,447.23
2017-03-17,452.01,452.01,447.23,447.23,2408,447.23
2017-03-21,446.27,448.17,445.32,446.27,4812,446.27
2017-03-22,445.32,449.13,439.58,442.45,16010,442.45
2017-03-23,439.58,439.58,430.02,432.89,25325,432.89
2017-03-24,430.98,432.89,425.25,430.02,11510,430.02
2017-03-27,427.17,427.17,420.46,424.29,18209,424.29
2017-03-28,422.38,424.29,419.5,423.34,18103,423.34
2017-03-29,423.34,423.34,418.55,422.38,7640,422.38
2017-03-30,425.25,425.25,420.46,421.42,5336,421.42
2017-03-31,422.38,425.25,419.5,420.46,7848,420.46
2017-04-03,420.46,421.42,418.55,418.55,8582,418.55
2017-04-04,420.46,420.46,417.61,420.46,5650,420.46
2017-04-05,420.46,421.42,417.61,417.61,5442,417.61
2017-04-06,404.22,410.91,402.31,402.31,25847,402.31
2017-04-07,402.31,409.96,396.58,405.18,12976,405.18
2017-04-10,406.14,406.14,397.53,398.49,6174,398.49
2017-04-11,401.35,402.31,399.45,400.41,6488,400.41
2017-04-12,406.14,406.14,397.53,401.35,6906,401.35
2017-04-13,396.58,399.45,392.76,392.76,18209,392.76
2017-04-14,399.45,399.45,392.76,394.66,7429,394.66
2017-04-17,398.49,398.49,394.66,395.62,4708,395.62
2017-04-18,396.58,404.22,396.58,404.22,4920,404.22
2017-04-19,405.18,406.14,400.41,400.41,4708,400.41
2017-04-20,400.41,405.18,400.41,404.22,2408,404.22
2017-04-21,404.22,404.22,401.35,404.22,6278,404.22
2017-04-24,406.14,407.09,401.35,403.26,5966,403.26
2017-04-25,403.26,404.22,401.35,402.31,5756,402.31
2017-04-26,403.26,404.22,402.31,404.22,5232,404.22
2017-04-27,405.18,405.18,401.35,403.26,8162,403.26
2017-04-28,406.14,407.09,404.22,404.22,3034,404.22
2017-05-01,404.22,405.18,401.35,405.18,7012,405.18
2017-05-02,402.31,406.14,395.62,403.26,13918,403.26
2017-05-08,409.01,410.91,403.26,407.09,13918,407.09
2017-05-09,409.96,418.55,409.01,418.55,9418,418.55
2017-05-10,424.29,424.29,418.55,419.5,5128,419.5
2017-05-11,420.46,424.29,420.46,422.38,3766,422.38
2017-05-12,422.38,422.38,415.69,419.5,6070,419.5
2017-05-15,420.46,420.46,415.69,419.5,7429,419.5
2017-05-16,422.38,422.38,418.55,418.55,3662,418.55
2017-05-17,422.38,423.34,418.55,422.38,4708,422.38
2017-05-18,417.61,419.5,416.65,419.5,3140,419.5
2017-05-19,417.61,420.46,417.61,420.46,4708,420.46
2017-05-22,420.46,422.38,419.5,420.46,5860,420.46
2017-05-23,417.61,422.38,417.61,420.46,3244,420.46
2017-05-24,420.46,421.42,417.61,421.42,4920,421.42
2017-05-25,422.38,423.34,419.5,421.42,4812,421.42
2017-05-26,422.38,422.38,420.46,421.42,2092,421.42
2017-05-29,421.42,422.38,420.46,422.38,4920,422.38
2017-05-30,421.42,423.34,420.46,423.34,3244,423.34
2017-05-31,420.46,422.38,419.5,420.46,3766,420.46
2017-06-01,419.5,421.42,419.5,421.42,2408,421.42
2017-06-02,423.34,423.34,420.46,423.34,6698,423.34
2017-06-05,421.42,424.29,421.42,424.29,6802,424.29
2017-06-06,421.42,424.29,421.42,423.34,10046,423.34
2017-06-07,421.42,424.29,421.42,424.29,6488,424.29
2017-06-08,425.25,430.02,424.29,426.21,16430,426.21
2017-06-09,430.02,430.98,422.38,430.02,20406,430.02
2017-06-12,431.93,435.76,431.93,434.81,10674,434.81
2017-06-13,441.49,443.41,436.7,437.66,14336,437.66
2017-06-14,430.98,437.66,426.21,430.98,13918,430.98
2017-06-15,430.98,439.58,429.07,429.07,12244,429.07
2017-06-16,430.98,435.76,429.07,431.93,5024,431.93
2017-06-19,439.58,441.49,431.93,435.76,5442,435.76
2017-06-20,443.41,443.41,435.76,435.76,5336,435.76
2017-06-21,435.76,435.76,433.85,433.85,2408,433.85
2017-06-22,433.85,434.81,432.89,433.85,3140,433.85
2017-06-23,434.81,434.81,431.93,433.85,2616,433.85
2017-06-26,439.58,439.58,433.85,435.76,3454,435.76
2017-06-27,438.62,438.62,434.81,436.7,4500,436.7
2017-06-28,434.81,437.66,432.89,434.81,3140,434.81
2017-06-29,433.85,436.7,433.85,435.76,2512,435.76
2017-06-30,437.66,437.66,433.85,435.76,3766,435.76
2017-07-03,436.7,436.7,433.85,434.81,3454,434.81
2017-07-04,437.66,438.62,435.76,435.76,3034,435.76
2017-07-05,434.81,437.66,433.85,435.76,3662,435.76
2017-07-06,435.76,435.76,432.89,434.81,1778,434.81
2017-07-07,431.93,433.85,430.98,430.98,5650,430.98
2017-07-10,433.85,433.85,430.02,430.98,4812,430.98
2017-07-11,430.98,431.93,430.02,430.02,3350,430.02
2017-07-12,429.07,430.98,429.07,430.02,3766,430.02
2017-07-13,430.02,431.93,430.02,430.98,2303,430.98
2017-07-14,430.98,434.81,430.98,433.85,4920,433.85
2017-07-18,434.81,434.81,430.02,431.93,4604,431.93
2017-07-19,433.85,433.85,430.02,431.93,4500,431.93
2017-07-20,431.93,433.85,430.02,431.93,2512,431.93
2017-07-21,431.93,433.85,430.98,431.93,3140,431.93
2017-07-24,431.93,432.89,430.02,431.93,5650,431.93
2017-07-25,433.85,434.81,431.93,434.81,3872,434.81
2017-07-26,434.81,436.7,433.85,436.7,18836,436.7
2017-07-27,437.66,437.66,433.85,434.81,5756,434.81
2017-07-28,434.81,437.66,431.93,437.66,9628,437.66
2017-07-31,437.66,437.66,432.89,436.7,6698,436.7
2017-08-01,436.7,436.7,433.85,436.7,5442,436.7
2017-08-02,437.66,437.66,434.81,437.66,3350,437.66
2017-08-03,434.81,437.66,433.85,436.7,4708,436.7
2017-08-04,433.85,436.7,433.85,436.7,4604,436.7
2017-08-07,437.66,437.66,433.85,436.7,16114,436.7
2017-08-08,436.7,436.7,433.85,436.7,5128,436.7
2017-08-09,436.7,436.7,434.81,435.76,5442,435.76
2017-08-10,435.76,435.76,426.21,430.02,17372,430.02
2017-08-14,426.21,429.07,410.91,427.17,16639,427.17
2017-08-15,427.17,428.11,423.34,426.21,4186,426.21
2017-08-16,424.29,430.02,424.29,427.17,3350,427.17
2017-08-17,430.02,430.98,429.07,430.98,2930,430.98
2017-08-18,430.98,430.98,429.07,430.02,2825,430.02
2017-08-21,430.02,430.98,428.11,428.11,1466,428.11
2017-08-22,429.07,431.93,426.21,429.07,2616,429.07
2017-08-23,429.07,430.02,426.21,428.11,2408,428.11
2017-08-24,426.21,430.02,426.21,427.17,2512,427.17
2017-08-25,430.02,430.02,428.11,429.07,1570,429.07
2017-08-28,427.17,433.85,427.17,430.98,6488,430.98
2017-08-29,430.98,434.81,429.07,434.81,4708,434.81
2017-08-30,436.7,439.58,432.89,439.58,4812,439.58
2017-08-31,439.58,441.49,437.66,441.49,8162,441.49
2017-09-01,441.49,441.49,439.58,439.58,3558,439.58
2017-09-04,439.58,439.58,435.76,439.58,5650,439.58
2017-09-05,441.49,441.49,433.85,433.85,5024,433.85
2017-09-06,427.17,433.85,427.17,430.98,5232,430.98
2017-09-07,430.98,435.76,430.02,435.76,4500,435.76
2017-09-08,430.02,439.58,430.02,439.58,7220,439.58
2017-09-11,441.49,442.45,437.66,442.45,6906,442.45
2017-09-12,441.49,444.37,439.58,444.37,4290,444.37
2017-09-13,445.32,446.27,430.98,440.54,16114,440.54
2017-09-14,428.11,430.02,425.25,430.02,23335,430.02
2017-09-15,426.21,430.02,425.25,430.02,8370,430.02
2017-09-19,433.85,433.85,427.17,430.02,17685,430.02
2017-09-20,429.07,434.81,429.07,433.85,10464,433.85
2017-09-21,434.81,434.81,431.93,431.93,5336,431.93
2017-09-22,434.81,434.81,427.17,430.02,13814,430.02
2017-09-25,431.93,431.93,427.17,431.93,9732,431.93
2017-09-26,434.81,435.76,430.02,435.76,15906,435.76
2017-09-27,437.66,439.58,433.85,438.62,5128,438.62
2017-09-28,440.54,440.54,433.85,439.58,8370,439.58
2017-09-29,439.58,440.54,438.62,440.54,5546,440.54
2017-10-02,443.41,444.37,442.45,444.37,6488,444.37
2017-10-03,444.37,444.37,442.45,442.45,5756,442.45
2017-10-04,446.27,446.27,442.45,444.37,7953,444.37
2017-10-05,445.32,446.27,437.66,438.62,8894,438.62
2017-10-06,437.66,440.54,437.66,439.58,3558,439.58
2017-10-10,443.41,443.41,439.58,443.41,4082,443.41
2017-10-11,445.32,445.32,441.49,441.49,6382,441.49
2017-10-12,442.45,445.32,442.45,445.32,4186,445.32
2017-10-13,445.32,446.27,443.41,443.41,5546,443.41
2017-10-16,444.37,448.17,444.37,448.17,14232,448.17
2017-10-17,449.13,450.09,448.17,450.09,11406,450.09
2017-10-18,452.01,452.97,448.17,451.05,10882,451.05
2017-10-19,453.91,453.91,449.13,449.13,7953,449.13
2017-10-20,445.32,452.01,445.32,452.01,8790,452.01
2017-10-23,454.86,454.86,451.05,453.91,8478,453.91
2017-10-24,456.78,456.78,453.91,456.78,12244,456.78
2017-10-25,460.61,460.61,453.91,457.74,14860,457.74
2017-10-26,457.74,458.7,452.01,452.01,9000,452.01
2017-10-27,457.74,457.74,451.05,452.97,5650,452.97
2017-10-30,452.97,458.7,452.97,458.7,14128,458.7
2017-10-31,458.7,461.57,455.82,461.57,11616,461.57
2017-11-01,463.47,463.47,458.7,460.61,15488,460.61
2017-11-02,460.61,460.61,457.74,460.61,3978,460.61
2017-11-06,458.7,495.01,457.74,487.36,67287,487.36
2017-11-07,495.01,501.69,488.31,499.78,77123,499.78
2017-11-08,496.92,498.83,493.1,498.83,22708,498.83
2017-11-09,501.69,506.47,495.96,505.52,69274,505.52
2017-11-10,504.56,506.47,497.88,505.52,29509,505.52
2017-11-13,507.43,507.43,479.72,483.53,44998,483.53
2017-11-14,490.23,495.96,482.57,489.27,29092,489.27
2017-11-15,489.27,489.27,468.25,468.25,26266,468.25
2017-11-16,475.9,479.72,468.25,469.21,10046,469.21
2017-11-17,477.81,477.81,469.21,471.11,13186,471.11
2017-11-20,483.53,483.53,473.98,476.85,13918,476.85
2017-11-21,476.85,477.81,473.02,477.81,9524,477.81
2017-11-22,479.72,479.72,473.02,474.94,11616,474.94
2017-11-24,477.81,477.81,473.98,477.81,18836,477.81
2017-11-27,482.57,483.53,478.76,481.63,13710,481.63
2017-11-28,481.63,487.36,480.68,484.49,10882,484.49
2017-11-29,489.27,490.23,485.45,487.36,12662,487.36
2017-11-30,495.01,495.01,482.57,485.45,14022,485.45
2017-12-01,485.45,487.36,484.49,486.41,6070,486.41
2017-12-04,486.41,492.14,483.53,492.14,12140,492.14
2017-12-05,493.1,493.1,485.45,487.36,12557,487.36
2017-12-06,487.36,491.18,483.53,483.53,12766,483.53
2017-12-07,488.31,490.23,482.57,482.57,15382,482.57
2017-12-08,480.68,485.45,479.72,485.45,14756,485.45
2017-12-11,487.36,490.23,485.45,486.41,11929,486.41
2017-12-12,484.49,491.18,480.68,491.18,20930,491.18
2017-12-13,492.14,492.14,471.11,479.72,63520,479.72
2017-12-14,477.81,477.81,473.02,475.9,26684,475.9
2017-12-15,471.11,473.98,468.25,471.11,33696,471.11
2017-12-18,471.11,473.98,468.25,469.21,23335,469.21
2017-12-19,469.21,473.02,469.21,471.11,12244,471.11
2017-12-20,473.02,474.94,472.07,474.94,15382,474.94
2017-12-21,471.11,473.02,468.25,468.25,32021,468.25
2017-12-22,471.11,471.11,468.25,469.21,10151,469.21
2017-12-25,470.17,473.02,468.25,473.02,26057,473.02
2017-12-26,475.9,479.72,470.17,479.72,36625,479.72
2017-12-27,481.63,488.31,478.76,487.36,33278,487.36
2017-12-28,494.05,494.05,488.31,490.23,24172,490.23
2017-12-29,488.31,489.27,485.45,486.41,19255,486.41
2018-01-04,487.36,490.23,486.41,488.31,28254,488.31
2018-01-05,491.18,495.01,489.27,495.01,23650,495.01
2018-01-09,495.96,495.96,492.14,493.1,37567,493.1
2018-01-10,493.1,495.01,490.23,491.18,33800,491.18
2018-01-11,490.23,493.1,489.27,491.18,33591,491.18
2018-01-12,489.27,494.05,488.31,490.23,34220,490.23
2018-01-15,494.05,495.96,492.14,493.1,27104,493.1
2018-01-16,493.1,494.05,491.18,493.1,16114,493.1
2018-01-17,493.1,495.01,491.18,492.14,47510,492.14
2018-01-18,493.1,495.01,491.18,491.18,27730,491.18
2018-01-19,493.1,494.05,491.18,492.14,21452,492.14
2018-01-22,492.14,495.01,492.14,492.14,32126,492.14
2018-01-23,495.01,495.01,492.14,493.1,18940,493.1
2018-01-24,494.05,494.05,492.14,494.05,20406,494.05
2018-01-25,494.05,495.01,492.14,493.1,35474,493.1
2018-01-26,492.14,497.88,492.14,495.01,106634,495.01
2018-01-29,468.25,476.85,467.29,468.25,146085,468.25
2018-01-30,466.33,466.33,458.7,459.65,35161,459.65
2018-01-31,456.78,456.78,450.09,452.01,23650,452.01
2018-02-01,451.05,451.05,449.13,450.09,13814,450.09
2018-02-02,450.09,452.97,448.17,450.09,13498,450.09
2018-02-05,444.37,448.17,439.58,443.41,15906,443.41
2018-02-06,430.02,431.93,404.22,418.55,45206,418.55
2018-02-07,430.02,434.81,419.5,419.5,19360,419.5
2018-02-08,421.42,428.11,421.42,425.25,5546,425.25
2018-02-09,422.38,422.38,412.82,419.5,21661,419.5
2018-02-13,418.55,420.46,412.82,412.82,12140,412.82
2018-02-14,413.78,417.61,410.91,410.91,8478,410.91
2018-02-15,411.87,411.87,404.22,406.14,16639,406.14
2018-02-16,408.05,411.87,408.05,409.96,5756,409.96
2018-02-19,411.87,421.42,410.91,419.5,7220,419.5
2018-02-20,421.42,424.29,419.5,424.29,3034,424.29
2018-02-21,428.11,429.07,422.38,423.34,5546,423.34
2018-02-22,422.38,424.29,417.61,423.34,4604,423.34
2018-02-23,423.34,429.07,422.38,427.17,6278,427.17
2018-02-26,427.17,428.11,425.25,427.17,4812,427.17
2018-02-27,427.17,429.07,425.25,427.17,5442,427.17
2018-02-28,427.17,428.11,425.25,426.21,2616,426.21
2018-03-01,425.25,427.17,422.38,422.38,4186,422.38
2018-03-02,425.25,430.02,422.38,424.29,8582,424.29
2018-03-05,429.07,429.07,423.34,424.29,2825,424.29
2018-03-06,420.46,424.29,420.46,423.34,3766,423.34
2018-03-07,423.34,426.21,419.5,419.5,5128,419.5
2018-03-08,422.38,422.38,417.61,417.61,3244,417.61
2018-03-09,416.65,417.61,413.78,413.78,6698,413.78
2018-03-12,414.73,422.38,413.78,422.38,5128,422.38
2018-03-13,430.02,449.13,420.46,448.17,20092,448.17
2018-03-14,440.54,440.54,420.46,431.93,23335,431.93
2018-03-15,428.11,431.93,425.25,429.07,8894,429.07
2018-03-16,429.07,429.07,425.25,425.25,3978,425.25
2018-03-19,425.25,426.21,419.5,421.42,10570,421.42
2018-03-20,416.65,416.65,412.82,413.78,4500,413.78
2018-03-22,414.73,417.61,413.78,415.69,3454,415.69
2018-03-23,410.91,413.78,407.09,407.09,8686,407.09
2018-03-26,401.35,405.18,401.35,405.18,8266,405.18
2018-03-27,404.22,414.73,404.22,411.87,9732,411.87
2018-03-28,407.09,413.78,407.09,408.05,3140,408.05
2018-03-29,408.05,409.96,400.41,407.09,13814,407.09
2018-03-30,409.01,409.01,404.22,408.05,6174,408.05
2018-04-02,408.05,413.78,406.14,407.09,16010,407.09
2018-04-03,405.18,410.91,405.18,406.14,12872,406.14
2018-04-04,407.09,409.96,403.26,404.22,20718,404.22
2018-04-05,406.14,410.91,402.31,404.22,18836,404.22
2018-04-06,403.26,410.91,403.26,404.22,12557,404.22
2018-04-09,407.09,407.09,403.26,403.26,8058,403.26
2018-04-10,403.26,406.14,401.35,405.18,13918,405.18
2018-04-11,403.26,406.14,400.41,401.35,15488,401.35
2018-04-12,401.35,406.14,400.41,402.31,10778,402.31
2018-04-13,401.35,401.35,398.49,400.41,11302,400.41
2018-04-16,399.45,400.41,397.53,398.49,15592,398.49
2018-04-17,408.05,408.05,400.41,401.35,5128,401.35
2018-04-18,401.35,404.22,400.41,403.26,5024,403.26
2018-04-19,402.31,409.01,401.35,409.01,5650,409.01
2018-04-20,409.96,416.65,400.41,404.22,16430,404.22
2018-04-23,403.26,406.14,402.31,404.22,8162,404.22
2018-04-24,406.14,407.09,402.31,407.09,6698,407.09
2018-04-25,407.09,409.01,404.22,407.09,3662,407.09
2018-04-26,407.09,408.05,405.18,406.14,8058,406.14
2018-04-27,407.09,413.78,407.09,410.91,15278,410.91
2018-05-01,413.78,413.78,408.05,409.01,5232,409.01
2018-05-02,406.14,408.05,403.26,405.18,12452,405.18
2018-05-07,406.14,410.91,405.18,408.05,10151,408.05
2018-05-08,409.01,412.82,409.01,410.91,8686,410.91
2018-05-09,409.01,412.82,409.01,410.91,5024,410.91
2018-05-10,409.01,410.91,407.09,408.05,3766,408.05
2018-05-11,407.09,409.96,407.09,409.96,1466,409.96
2018-05-14,410.91,412.82,409.96,410.91,3454,410.91
2018-05-15,411.87,411.87,409.96,411.87,3978,411.87
2018-05-16,414.73,414.73,409.96,410.91,4604,410.91
2018-05-17,411.87,413.78,411.87,413.78,5232,413.78
2018-05-18,413.78,415.69,411.87,413.78,6174,413.78
2018-05-21,414.73,415.69,412.82,414.73,8582,414.73
2018-05-22,410.91,412.82,408.05,410.91,18626,410.91
2018-05-23,415.69,415.69,407.09,410.91,10882,410.91
2018-05-24,413.78,413.78,407.09,409.01,6488,409.01
2018-05-25,406.14,412.82,406.14,411.87,2303,411.87
2018-05-28,409.01,412.82,409.01,410.91,2408,410.91
2018-05-29,409.01,409.96,408.05,409.01,2616,409.01
2018-05-30,408.05,409.96,408.05,409.96,3350,409.96
2018-05-31,407.09,408.05,406.14,406.14,5128,406.14
2018-06-01,406.14,409.01,406.14,408.05,4082,408.05
2018-06-04,408.05,409.96,408.05,408.05,2616,408.05
2018-06-05,406.14,406.14,401.35,405.18,12452,405.18
2018-06-06,404.22,407.09,404.22,406.14,10464,406.14
2018-06-07,406.14,409.01,406.14,409.01,5966,409.01
2018-06-08,406.14,409.96,405.18,406.14,13814,406.14
2018-06-11,410.91,411.87,406.14,407.09,10464,407.09
2018-06-12,408.05,420.46,406.14,409.96,38405,409.96
2018-06-13,486.41,486.41,479.72,486.41,224150,486.41
2018-06-14,513.16,522.72,461.57,473.02,615313,473.02
2018-06-15,476.85,480.68,453.91,455.82,87797,455.82
2018-06-18,463.47,501.69,462.52,495.01,174444,495.01
2018-06-19,490.23,490.23,458.7,474.94,96902,474.94
2018-06-20,467.29,471.11,459.65,460.61,40289,460.61
2018-06-21,460.61,471.11,458.7,465.37,19360,465.37
2018-06-22,461.57,467.29,461.57,465.37,7324,465.37
2018-06-25,466.33,466.33,440.54,442.45,35161,442.45
2018-06-26,432.89,453.91,432.89,453.91,21661,453.91
2018-06-27,451.05,451.05,433.85,447.23,20826,447.23
2018-06-28,453.91,467.29,443.41,466.33,24905,466.33
2018-06-29,465.37,465.37,452.01,454.86,16848,454.86
2018-07-02,456.78,456.78,423.34,424.29,47718,424.29
2018-07-03,427.17,500.73,427.17,469.21,391268,469.21
2018-07-04,463.47,481.63,457.74,472.07,104750,472.07
2018-07-05,466.33,472.07,458.7,459.65,21452,459.65
2018-07-06,453.91,462.52,448.17,452.01,24488,452.01
2018-07-09,451.05,476.85,450.09,462.52,28150,462.52
2018-07-10,468.25,473.98,462.52,462.52,13710,462.52
2018-07-11,462.52,479.72,459.65,475.9,27730,475.9
2018-07-12,463.47,471.11,455.82,467.29,41544,467.29
2018-07-13,472.07,472.07,456.78,457.74,13603,457.74
2018-07-17,451.05,471.11,440.54,458.7,20718,458.7
2018-07-18,458.7,464.43,452.01,453.91,16324,453.91
2018-07-19,453.91,473.98,452.01,459.65,24172,459.65
2018-07-20,460.61,467.29,456.78,456.78,9524,456.78
2018-07-23,456.78,456.78,446.27,452.97,10464,452.97
2018-07-24,455.82,456.78,449.13,450.09,6698,450.09
2018-07-25,449.13,458.7,449.13,452.01,7536,452.01
2018-07-26,461.57,462.52,453.91,453.91,5966,453.91
2018-07-27,450.09,460.61,445.32,449.13,9314,449.13
2018-07-30,446.27,449.13,440.54,440.54,12452,440.54
2018-07-31,442.45,447.23,439.58,441.49,7116,441.49
2018-08-01,444.37,447.23,442.45,444.37,9732,444.37
2018-08-02,445.32,445.32,433.85,435.76,13186,435.76
2018-08-03,436.7,437.66,433.85,433.85,5966,433.85
2018-08-06,426.21,432.89,426.21,430.02,14652,430.02
2018-08-07,441.49,441.49,435.76,437.66,3140,437.66
2018-08-08,437.66,440.54,431.93,433.85,6592,433.85
2018-08-09,435.76,442.45,430.02,433.85,7744,433.85
2018-08-10,433.85,436.7,431.93,431.93,2616,431.93
2018-08-13,425.25,430.02,411.87,412.82,21661,412.82
2018-08-14,416.65,424.29,406.14,408.05,31184,408.05
2018-08-15,414.73,414.73,406.14,408.05,12976,408.05
2018-08-16,409.01,410.91,395.62,407.09,20718,407.09
2018-08-17,411.87,415.69,403.26,405.18,13918,405.18
2018-08-20,401.35,404.22,401.35,401.35,9836,401.35
2018-08-21,403.26,408.05,402.31,404.22,7324,404.22
2018-08-22,415.69,415.69,411.87,414.73,8582,414.73
2018-08-23,416.65,421.42,412.82,419.5,4920,419.5
2018-08-24,423.34,435.76,421.42,435.76,19255,435.76
2018-08-27,433.85,435.76,430.98,433.85,13710,433.85
2018-08-28,434.81,443.41,434.81,438.62,12557,438.62
2018-08-29,443.41,443.41,434.81,436.7,4186,436.7
2018-08-30,439.58,441.49,436.7,440.54,4186,440.54
2018-08-31,443.41,444.37,440.54,443.41,7848,443.41
2018-09-03,441.49,446.27,440.54,441.49,4500,441.49
2018-09-04,441.49,446.27,439.58,446.27,6070,446.27
2018-09-05,447.23,447.23,439.58,444.37,4708,444.37
2018-09-06,446.27,446.27,437.66,438.62,8058,438.62
2018-09-07,437.66,437.66,435.76,435.76,4186,435.76
2018-09-10,436.7,446.27,429.07,441.49,12872,441.49
2018-09-11,445.32,446.27,441.49,444.37,4396,444.37
2018-09-12,445.32,463.47,442.45,447.23,43114,447.23
2018-09-13,523.67,523.67,515.08,523.67,347318,523.67
2018-09-14,504.56,510.3,480.68,481.63,395454,481.63
2018-09-18,473.02,493.1,455.82,482.57,172560,482.57
2018-09-19,487.36,487.36,466.33,479.72,53160,479.72
2018-09-20,484.49,484.49,469.21,470.17,36836,470.17
2018-09-21,476.85,476.85,465.37,473.98,33800,473.98
2018-09-25,473.02,485.45,471.11,485.45,42799,485.45
2018-09-26,482.57,486.41,473.02,486.41,16010,486.41
2018-09-27,486.41,486.41,466.33,468.25,31184,468.25
2018-09-28,471.11,476.85,468.25,469.21,12348,469.21
2018-10-01,471.11,476.85,471.11,476.85,13186,476.85
2018-10-02,474.94,477.81,469.21,471.11,27312,471.11
2018-10-03,469.21,470.17,456.78,458.7,21872,458.7
2018-10-04,458.7,458.7,450.09,457.74,15906,457.74
2018-10-05,457.74,458.7,452.97,455.82,15906,455.82
2018-10-09,455.82,457.74,447.23,449.13,12662,449.13
2018-10-10,453.91,463.47,452.01,452.97,11616,452.97
2018-10-11,439.58,445.32,431.93,443.41,24696,443.41
2018-10-12,442.45,450.09,442.45,447.23,8894,447.23
2018-10-15,449.13,456.78,449.13,452.97,8266,452.97
2018-10-16,454.86,461.57,454.86,454.86,12976,454.86
2018-10-17,463.47,464.43,451.05,451.05,10986,451.05
2018-10-18,457.74,457.74,448.17,452.97,5756,452.97
2018-10-19,452.97,457.74,446.27,451.05,6278,451.05
2018-10-22,450.09,451.05,439.58,451.05,6174,451.05
2018-10-23,443.41,446.27,439.58,439.58,13081,439.58
2018-10-24,447.23,447.23,438.62,440.54,5860,440.54
2018-10-25,447.23,448.17,421.42,422.38,35161,422.38
2018-10-26,443.41,446.27,424.29,424.29,25638,424.29
2018-10-29,425.25,435.76,421.42,423.34,15174,423.34
2018-10-30,421.42,443.41,421.42,443.41,14652,443.41
2018-10-31,439.58,441.49,433.85,435.76,12035,435.76
2018-11-01,443.41,444.37,436.7,437.66,7324,437.66
2018-11-02,446.27,446.27,434.81,444.37,6382,444.37
2018-11-05,442.45,448.17,437.66,446.27,5966,446.27
2018-11-06,445.32,450.09,440.54,444.37,7640,444.37
2018-11-07,452.01,455.82,444.37,444.37,9418,444.37
2018-11-08,445.32,452.97,445.32,452.01,6382,452.01
2018-11-09,453.91,453.91,446.27,448.17,7220,448.17
2018-11-12,442.45,457.74,442.45,451.05,17790,451.05
2018-11-13,449.13,449.13,438.62,441.49,19046,441.49
2018-11-14,448.17,448.17,434.81,437.66,9628,437.66
2018-11-15,431.93,440.54,431.93,435.76,8582,435.76
2018-11-16,437.66,439.58,430.02,430.02,15068,430.02
2018-11-19,430.98,442.45,427.17,434.81,17268,434.81
2018-11-20,434.81,442.45,434.81,442.45,5442,442.45
2018-11-21,430.98,441.49,430.98,433.85,12140,433.85
2018-11-22,437.66,443.41,436.7,436.7,4082,436.7
2018-11-26,439.58,444.37,439.58,443.41,5232,443.41
2018-11-27,450.09,453.91,446.27,453.91,11406,453.91
2018-11-28,455.82,460.61,453.91,460.61,12244,460.61
2018-11-29,460.61,475.9,460.61,466.33,26476,466.33
2018-11-30,466.33,477.81,466.33,473.02,19046,473.02
2018-12-03,475.9,475.9,462.52,466.33,19988,466.33
2018-12-04,471.11,484.49,464.43,464.43,33800,464.43
2018-12-05,464.43,474.94,464.43,471.11,10046,471.11
2018-12-06,471.11,472.07,460.61,461.57,15488,461.57
2018-12-07,463.47,473.02,463.47,473.02,9524,473.02
2018-12-10,471.11,478.76,463.47,468.25,28358,468.25
2018-12-11,470.17,472.07,462.52,469.21,34532,469.21
2018-12-12,471.11,482.57,465.37,482.57,63311,482.57
2018-12-13,506.47,522.72,481.63,483.53,381956,483.53
2018-12-14,473.98,474.94,451.05,454.86,103076,454.86
2018-12-17,454.86,455.82,420.46,422.38,145456,422.38
2018-12-18,430.02,433.85,422.38,425.25,53474,425.25
2018-12-19,434.81,439.58,426.21,429.07,29615,429.07
2018-12-20,430.02,432.89,396.58,398.49,76286,398.49
2018-12-21,399.45,407.09,385.11,400.41,71682,400.41
2018-12-25,382.25,383.19,360.26,371.73,126098,371.73
2018-12-26,394.66,409.01,369.82,381.29,66869,381.29
2018-12-27,406.14,406.14,398.49,400.41,26162,400.41
2018-12-28,398.49,414.73,398.49,411.87,47822,411.87
2019-01-04,401.35,407.09,397.53,401.35,47718,401.35
2019-01-07,412.82,424.29,412.82,418.55,39347,418.55
2019-01-08,423.34,428.11,419.5,422.38,30662,422.38
2019-01-09,420.46,428.11,420.46,423.34,50648,423.34
2019-01-10,425.25,426.21,416.65,416.65,21976,416.65
2019-01-11,420.46,420.46,415.69,419.5,31916,419.5
2019-01-15,417.61,429.07,417.61,428.11,34846,428.11
2019-01-16,428.11,430.98,425.25,428.11,21452,428.11
2019-01-17,428.11,435.76,426.21,427.17,44369,427.17
2019-01-18,433.85,436.7,430.98,431.93,16220,431.93
2019-01-21,436.7,436.7,430.02,431.93,34952,431.93
2019-01-22,433.85,435.76,431.93,433.85,18418,433.85
2019-01-23,431.93,432.89,430.02,430.02,41335,430.02
2019-01-24,430.02,432.89,428.11,432.89,25534,432.89
2019-01-25,432.89,433.85,430.02,431.93,30452,431.93
2019-01-28,431.93,440.54,430.98,431.93,142736,431.93
2019-01-29,424.21,428.08,411.65,418.41,116114,418.41
2019-01-30,415.51,417.44,403.91,403.91,28252,403.91
2019-01-31,406.81,410.68,405.84,410.68,15524,410.68
2019-02-01,410.68,411.65,404.88,408.74,9625,408.74
2019-02-04,410.68,413.57,402.94,402.94,25251,402.94
2019-02-05,405.84,409.71,401.99,403.91,14385,403.91
2019-02-06,403.91,407.78,403.91,404.88,10556,404.88
2019-02-07,403.91,403.91,380.72,391.35,67267,391.35
2019-02-08,390.38,397.15,387.49,387.49,17283,387.49
2019-02-12,388.46,398.11,388.46,393.28,11072,393.28
2019-02-13,398.11,399.08,394.25,394.25,7555,394.25
2019-02-14,395.22,396.19,391.35,396.19,12625,396.19
2019-02-15,399.08,399.08,396.19,399.08,9004,399.08
2019-02-18,410.68,411.65,401.02,407.78,30322,407.78
2019-02-19,407.78,416.48,407.78,414.54,20800,414.54
2019-02-20,413.57,421.3,413.57,416.48,26182,416.48
2019-02-21,417.44,423.24,417.44,420.34,19145,420.34
2019-02-22,417.44,419.37,413.57,416.48,13557,416.48
2019-02-25,414.54,421.3,413.57,420.34,19249,420.34
2019-02-26,421.3,422.27,414.54,419.37,12522,419.37
2019-02-27,417.44,422.27,413.57,421.3,24941,421.3
2019-02-28,423.24,426.14,420.34,425.17,20800,425.17
2019-03-01,425.17,430.0,425.17,429.04,22044,429.04
2019-03-04,431.93,431.93,427.11,430.0,18215,430.0
2019-03-05,430.0,430.0,425.17,428.08,12316,428.08
2019-03-06,424.21,432.9,424.21,428.08,33116,428.08
2019-03-07,425.17,430.97,425.17,429.04,11384,429.04
2019-03-08,421.3,425.17,401.02,411.65,32392,411.65
2019-03-11,411.65,416.48,411.65,413.57,19353,413.57
2019-03-12,419.37,422.27,416.48,420.34,25768,420.34
2019-03-13,420.34,435.8,420.34,435.8,47398,435.8
2019-03-14,439.67,452.22,417.44,446.42,112180,446.42
2019-03-15,415.51,433.87,400.05,409.71,156888,409.71
2019-03-18,424.21,425.17,403.91,413.57,53503,413.57
2019-03-19,410.68,412.62,407.78,410.68,19973,410.68
2019-03-20,407.78,411.65,406.81,411.65,15109,411.65
2019-03-22,410.68,410.68,406.81,410.68,16351,410.68
2019-03-25,398.11,401.02,390.38,390.38,37256,390.38
2019-03-26,392.31,396.19,385.56,396.19,61057,396.19
2019-03-27,397.15,403.91,390.38,399.08,31460,399.08
2019-03-28,396.19,401.02,393.28,398.11,20180,398.11
2019-03-29,401.02,401.02,390.38,390.38,11798,390.38
2019-04-01,397.15,397.15,386.52,389.42,29805,389.42
2019-04-02,391.35,393.28,388.46,390.38,10452,390.38
2019-04-03,391.35,400.05,389.42,400.05,17283,400.05
2019-04-04,400.05,400.05,395.22,396.19,6831,396.19
2019-04-05,396.19,399.08,395.22,397.15,3829,397.15
2019-04-08,398.11,398.11,396.19,397.15,5899,397.15
2019-04-09,399.08,399.08,396.19,398.11,4140,398.11
2019-04-10,398.11,398.11,393.28,394.25,7140,394.25
2019-04-11,394.25,394.25,391.35,393.28,5692,393.28
2019-04-12,393.28,393.28,390.38,391.35,5278,391.35
2019-04-15,390.38,394.25,388.46,393.28,19145,393.28
2019-04-16,395.22,395.22,389.42,391.35,9934,391.35
2019-04-17,391.35,392.31,388.46,389.42,7969,389.42
2019-04-18,389.42,391.35,388.46,388.46,6313,388.46
2019-04-19,388.46,388.46,386.52,388.46,13557,388.46
2019-04-22,388.46,388.46,386.52,388.46,5278,388.46
2019-04-23,388.46,389.42,387.49,388.46,6208,388.46
2019-04-24,387.49,389.42,387.49,388.46,9004,388.46
2019-04-25,386.52,388.46,385.56,387.49,22870,387.49
2019-04-26,385.56,387.49,384.59,386.52,8278,386.52
2019-05-07,388.46,388.46,384.59,384.59,11177,384.59
2019-05-08,385.56,390.38,384.59,389.42,19456,389.42
2019-05-09,389.42,389.42,385.56,385.56,9417,385.56
2019-05-10,386.52,387.49,381.69,381.69,17489,381.69
2019-05-13,381.69,383.62,375.88,375.88,20491,375.88
2019-05-14,367.19,380.72,364.29,373.97,31046,373.97
2019-05-15,378.79,379.76,373.0,376.85,7761,376.85
2019-05-16,377.82,381.69,376.85,376.85,9314,376.85
2019-05-17,381.69,386.52,377.82,385.56,12936,385.56
2019-05-20,384.59,384.59,375.88,375.88,7452,375.88
2019-05-21,380.72,380.72,373.97,374.92,3002,374.92
2019-05-22,375.88,378.79,374.92,377.82,6726,377.82
2019-05-23,378.79,379.76,374.92,374.92,3726,374.92
2019-05-24,373.0,376.85,372.03,375.88,9314,375.88
2019-05-27,377.82,387.49,377.82,387.49,14281,387.49
2019-05-28,389.42,391.35,388.46,388.46,9417,388.46
2019-05-29,388.46,394.25,387.49,394.25,9728,394.25
2019-05-30,393.28,393.28,386.52,391.35,12936,391.35
2019-05-31,393.28,393.28,389.42,391.35,7037,391.35
2019-06-03,386.52,391.35,386.52,387.49,8899,387.49
2019-06-04,388.46,391.35,383.62,391.35,22870,391.35
2019-06-05,392.31,395.22,391.35,392.31,10556,392.31
2019-06-06,391.35,393.28,388.46,390.38,6105,390.38
2019-06-07,393.28,394.25,390.38,393.28,3829,393.28
2019-06-10,395.22,400.05,393.28,398.11,24217,398.11
2019-06-11,400.05,400.05,397.15,400.05,6002,400.05
2019-06-12,400.05,400.05,394.25,397.15,12522,397.15
2019-06-13,399.08,415.51,398.11,404.88,54020,404.88
2019-06-14,444.5,472.53,422.27,429.04,522922,429.04
2019-06-17,435.8,446.42,429.04,430.0,89414,430.0
2019-06-18,424.21,424.21,411.65,416.48,78755,416.48
2019-06-19,415.51,426.14,413.57,415.51,52675,415.51
2019-06-20,416.48,422.27,413.57,420.34,12833,420.34
2019-06-21,423.24,423.24,413.57,418.41,13557,418.41
2019-06-24,417.44,421.3,415.51,417.44,7349,417.44
2019-06-25,417.44,418.41,409.71,409.71,10142,409.71
2019-06-26,409.71,410.68,399.08,401.99,24217,401.99
2019-06-27,402.94,413.57,402.94,403.91,12625,403.91
2019-06-28,403.91,407.78,396.19,402.94,16971,402.94
2019-07-01,410.68,411.65,406.81,409.71,7865,409.71
2019-07-02,412.62,412.62,409.71,410.68,6313,410.68
2019-07-03,412.62,412.62,409.71,410.68,3208,410.68
2019-07-04,412.62,412.62,405.84,409.71,10038,409.71
2019-07-05,409.71,412.62,405.84,412.62,20491,412.62
2019-07-08,412.62,433.87,411.65,425.17,42947,425.17
2019-07-09,425.17,425.17,415.51,417.44,14902,417.44
2019-07-10,417.44,422.27,416.48,417.44,12211,417.44
2019-07-11,417.44,423.24,417.44,422.27,6831,422.27
2019-07-12,423.24,423.24,417.44,417.44,11487,417.44
2019-07-16,422.27,422.27,418.41,418.41,5588,418.41
2019-07-17,421.3,421.3,410.68,410.68,11798,410.68
2019-07-18,411.65,412.62,405.84,405.84,10763,405.84
2019-07-19,405.84,410.68,405.84,408.74,8590,408.74
2019-07-22,415.51,415.51,408.74,409.71,3002,409.71
2019-07-23,411.65,411.65,406.81,406.81,4967,406.81
2019-07-24,411.65,411.65,404.88,405.84,11177,405.84
2019-07-25,411.65,411.65,405.84,405.84,7037,405.84
2019-07-26,409.71,409.71,404.88,406.81,6726,406.81
2019-07-29,408.74,409.71,406.81,407.78,4140,407.78
2019-07-30,408.74,410.68,402.94,409.71,21629,409.71
2019-07-31,409.71,415.51,407.78,408.74,6831,408.74
2019-08-01,408.74,412.62,407.78,412.62,5382,412.62
2019-08-02,409.71,411.65,403.91,405.84,14385,405.84
2019-08-05,403.91,405.84,392.31,398.11,31771,398.11
2019-08-06,391.35,398.11,389.42,396.19,11072,396.19
2019-08-07,397.15,402.94,397.15,400.05,9728,400.05
2019-08-08,401.02,401.99,396.19,400.05,8278,400.05
2019-08-09,402.94,402.94,400.05,400.05,3414,400.05
2019-08-13,398.11,401.02,395.22,399.08,9831,399.08
2019-08-14,401.99,408.74,401.02,408.74,5796,408.74
2019-08-15,403.91,407.78,401.02,402.94,8487,402.94
2019-08-16,403.91,418.41,403.91,414.54,25561,414.54
2019-08-19,419.37,423.24,414.54,421.3,19353,421.3
2019-08-20,424.21,427.11,420.34,424.21,9522,424.21
2019-08-21,424.21,424.21,419.37,421.3,3829,421.3
2019-08-22,423.24,424.21,421.3,421.3,5175,421.3
2019-08-23,422.27,422.27,413.57,418.41,8278,418.41
2019-08-26,410.68,415.51,407.78,412.62,14592,412.62
2019-08-27,416.48,419.37,412.62,412.62,2276,412.62
2019-08-28,411.65,415.51,407.78,409.71,24113,409.71
2019-08-29,410.68,416.48,410.68,412.62,1862,412.62
2019-08-30,412.62,418.41,410.68,415.51,10245,415.51
2019-09-02,416.48,420.34,413.57,415.51,4967,415.51
2019-09-03,414.54,424.21,413.57,422.27,12522,422.27
2019-09-04,422.27,428.08,420.34,423.24,8072,423.24
2019-09-05,423.24,427.11,421.3,426.14,10349,426.14
2019-09-06,429.04,430.0,425.17,426.14,14074,426.14
2019-09-09,428.08,433.87,428.08,431.93,14281,431.93
2019-09-10,433.87,433.87,430.0,431.93,9522,431.93
2019-09-11,432.9,440.64,429.04,439.67,28355,439.67
2019-09-12,438.7,441.6,419.37,425.17,67060,425.17
2019-09-13,496.68,502.47,467.69,502.47,870434,502.47
2019-09-17,502.47,515.04,486.05,505.37,367484,505.37
2019-09-18,510.21,513.1,479.28,484.12,140743,484.12
2019-09-19,492.81,501.51,475.41,488.95,59816,488.95
2019-09-20,502.47,507.3,476.38,476.38,84860,476.38
2019-09-24,483.15,483.15,468.65,473.49,57229,473.49
2019-09-25,477.35,490.87,473.49,487.98,46467,487.98
2019-09-26,488.95,504.41,482.19,503.44,70785,503.44
2019-09-27,501.51,502.47,492.81,498.61,29081,498.61
2019-09-30,507.3,550.79,502.47,550.79,233158,550.79
2019-10-01,551.75,555.63,526.64,550.79,128842,550.79
2019-10-02,550.79,591.37,531.46,587.51,134017,587.51
2019-10-03,581.72,628.1,566.26,605.86,219601,605.86
2019-10-04,609.74,618.43,560.45,596.21,103281,596.21
2019-10-07,594.27,594.27,561.41,573.01,82066,573.01
2019-10-08,573.01,606.83,561.41,600.07,71096,600.07
2019-10-09,592.34,627.13,592.34,600.07,99555,600.07
2019-10-10,618.43,696.71,617.46,666.75,620615,666.75
2019-10-11,663.85,757.58,637.76,659.97,490635,659.97
2019-10-15,659.97,721.82,659.97,713.14,215462,713.14
2019-10-16,713.14,713.14,688.0,695.74,90448,695.74
2019-10-17,690.9,719.9,688.0,707.33,78858,707.33
2019-10-18,714.09,792.36,707.33,781.74,276416,781.74
2019-10-21,783.67,787.53,696.71,764.34,310773,764.34
2019-10-23,759.51,759.51,716.99,724.73,72338,724.73
2019-10-24,725.69,731.48,705.4,722.79,60127,722.79
2019-10-25,722.79,745.01,684.14,742.12,102246,742.12
2019-10-28,737.28,741.16,722.79,724.73,33323,724.73
2019-10-29,720.86,734.39,711.2,724.73,34668,724.73
2019-10-30,711.2,723.76,704.43,723.76,72441,723.76
2019-10-31,735.36,762.41,719.9,758.54,113837,758.54
2019-11-01,743.08,743.08,725.69,733.42,39947,733.42
2019-11-05,733.42,791.39,733.42,767.25,105351,767.25
2019-11-06,767.25,797.2,761.44,774.01,80410,774.01
2019-11-07,773.04,777.87,734.39,777.87,79271,777.87
2019-11-08,776.9,840.68,775.93,804.93,129462,804.93
2019-11-11,800.09,837.78,791.39,832.95,87965,832.95
2019-11-12,821.36,828.12,802.03,802.99,81859,802.99
2019-11-13,808.79,832.95,795.27,830.04,61057,830.04
2019-11-14,829.09,854.21,801.06,801.06,131533,801.06
2019-11-15,793.33,831.98,789.47,806.86,70578,806.86
2019-11-18,806.86,806.86,783.67,788.5,49364,788.5
2019-11-19,786.56,829.09,760.47,826.19,123357,826.19
2019-11-20,825.22,826.19,801.06,814.58,35392,814.58
2019-11-21,814.58,814.58,777.87,797.2,60747,797.2
2019-11-22,797.2,829.09,797.2,816.52,52779,816.52
2019-11-25,821.36,881.27,815.55,851.32,219290,851.32
2019-11-26,846.47,861.94,807.82,807.82,122012,807.82
2019-11-27,816.52,818.46,779.81,810.73,97589,810.73
2019-11-28,808.79,834.89,778.84,820.39,110524,820.39
2019-11-29,823.29,823.29,797.2,802.03,26908,802.03
2019-12-02,798.17,821.36,795.27,813.62,82169,813.62
2019-12-03,804.93,857.1,803.96,833.92,112491,833.92
2019-12-04,830.04,838.75,804.93,817.49,49674,817.49
2019-12-05,821.36,825.22,802.03,813.62,58056,813.62
2019-12-06,812.67,863.87,808.79,857.1,128842,857.1
2019-12-09,855.17,895.76,835.85,890.93,103384,890.93
2019-12-10,895.76,975.97,889.0,972.09,322881,972.09
2019-12-11,971.13,992.39,924.75,961.46,208114,961.46
2019-12-12,975.97,975.97,858.07,897.69,371313,897.69
2019-12-13,869.66,875.47,782.71,787.53,752872,787.53
2019-12-16,782.71,799.12,752.75,755.65,295768,755.65
2019-12-17,761.44,771.1,719.9,725.69,258616,725.69
2019-12-18,725.69,736.33,690.9,724.73,259236,724.73
2019-12-19,722.79,759.51,696.71,753.71,287385,753.71
2019-12-20,745.01,768.21,729.55,752.75,190417,752.75
2019-12-23,740.19,750.82,712.17,715.05,198904,715.05
2019-12-24,726.66,787.53,722.79,774.01,456898,774.01
2019-12-25,788.5,810.73,774.97,780.77,252717,780.77
2019-12-26,774.97,795.27,753.71,765.31,193315,765.31
2019-12-27,771.1,771.1,735.36,746.95,172410,746.95
2019-12-30,750.82,763.38,736.33,754.68,75235,754.68
2020-01-06,742.12,745.98,717.96,725.69,178620,725.69
2020-01-07,730.52,759.51,730.52,744.05,90656,744.05
2020-01-08,723.76,736.33,710.23,716.02,169616,716.02
2020-01-09,710.23,737.28,710.23,725.69,164960,725.69
2020-01-10,724.73,745.01,720.86,732.45,77823,732.45
2020-01-14,744.05,745.01,719.9,721.82,95208,721.82
2020-01-15,716.99,716.99,687.04,695.74,209666,695.74
2020-01-16,697.68,698.63,682.21,689.94,125737,689.94
2020-01-17,693.8,695.74,683.17,695.74,58781,695.74
2020-01-20,698.63,708.3,691.87,704.43,57539,704.43
2020-01-21,703.47,713.14,697.68,711.2,56504,711.2
2020-01-22,712.17,720.86,712.17,718.93,49260,718.93
2020-01-23,715.05,716.99,700.56,702.5,88274,702.5
2020-01-24,703.47,706.36,691.87,694.77,52572,694.77
2020-01-27,688.0,690.9,672.54,675.44,127497,675.44
2020-01-28,667.71,670.62,650.32,668.68,147056,668.68
2020-01-29,666.75,667.71,648.39,657.09,163925,657.09
2020-01-30,647.3,650.24,614.06,621.88,235630,621.88
2020-01-31,621.88,651.22,621.88,642.42,86009,642.42
2020-02-03,618.95,645.35,617.0,633.61,61362,633.61
2020-02-04,633.61,649.26,631.66,641.44,36510,641.44
2020-02-05,649.26,665.89,638.5,660.01,129167,660.01
2020-02-06,663.93,669.79,657.09,663.93,75987,663.93
2020-02-07,664.91,664.91,653.17,656.11,43567,656.11
2020-02-10,654.15,654.15,646.32,648.28,26488,648.28
2020-02-12,650.24,661.97,650.24,658.06,45203,658.06
2020-02-13,658.06,677.62,648.28,674.68,87646,674.68
2020-02-14,664.91,666.86,650.24,651.22,38658,651.22
2020-02-17,648.28,648.28,613.08,616.02,169257,616.02
2020-02-18,610.14,628.73,606.24,619.93,57373,619.93
2020-02-19,626.77,666.86,626.77,659.04,201676,659.04
2020-02-20,756.82,756.82,740.2,756.82,432603,756.82
2020-02-21,712.82,719.66,682.5,698.15,543362,698.15
2020-02-25,644.38,665.89,632.64,637.53,176211,637.53
2020-02-26,626.77,631.66,606.24,621.88,137041,621.88
2020-02-27,621.88,654.15,618.95,631.66,139599,631.66
2020-02-28,592.55,597.43,543.66,547.57,191143,547.57
2020-03-02,551.48,602.33,551.48,586.68,221415,586.68
2020-03-03,612.1,612.1,569.08,577.88,78032,577.88
2020-03-04,567.13,617.97,567.13,617.0,86827,617.0
2020-03-05,625.79,633.61,608.2,617.0,69339,617.0
2020-03-06,603.3,606.24,581.8,599.39,92350,599.39
2020-03-09,581.8,581.8,543.66,555.39,122111,555.39
2020-03-10,533.88,574.94,504.54,568.1,113315,568.1
2020-03-11,569.08,577.88,551.48,556.37,162302,556.37
2020-03-12,536.81,553.44,511.39,527.03,72714,527.03
2020-03-13,464.45,496.73,460.55,482.06,99100,482.06
2020-03-16,508.46,524.11,488.9,492.81,81305,492.81
2020-03-17,460.55,460.55,428.27,434.14,211801,434.14
2020-03-18,436.1,453.7,406.76,407.74,156473,407.74
2020-03-19,400.9,406.76,336.36,342.23,220494,342.23
2020-03-23,349.08,360.81,325.61,352.99,203108,352.99
2020-03-24,361.79,378.41,348.1,377.43,168439,377.43
2020-03-25,392.09,421.43,386.23,406.76,150132,406.76
2020-03-26,394.05,396.01,373.52,375.48,94600,375.48
2020-03-27,390.15,406.76,384.28,398.94,73737,398.94
2020-03-30,386.23,398.94,382.32,387.21,77009,387.21
2020-03-31,395.03,420.45,389.17,392.09,83759,392.09
2020-04-01,386.23,397.97,372.54,378.41,93475,378.41
2020-04-02,378.41,378.41,358.85,360.81,75270,360.81
2020-04-03,368.63,368.63,337.34,347.12,54919,347.12
2020-04-06,347.12,391.13,337.34,378.41,76293,378.41
2020-04-07,394.05,408.72,373.52,402.86,59930,402.86
2020-04-08,398.94,414.59,380.36,409.7,50726,409.7
2020-04-09,416.54,423.39,396.01,398.94,56555,398.94
2020-04-10,414.59,414.59,392.09,405.78,50624,405.78
2020-04-13,404.81,404.81,385.25,396.01,69850,396.01
2020-04-14,399.92,429.25,396.01,422.41,53488,422.41
2020-04-15,420.45,432.19,410.68,410.68,24238,410.68
2020-04-16,413.61,428.27,411.66,422.41,27408,422.41
2020-04-17,425.35,444.9,423.39,426.33,62998,426.33
2020-04-20,430.23,463.48,430.23,463.48,68112,463.48
2020-04-21,471.3,471.3,432.19,434.14,52157,434.14
2020-04-22,432.19,436.1,420.45,425.35,44692,425.35
2020-04-23,439.04,460.55,431.21,454.68,27102,454.68
2020-04-24,459.57,460.55,440.02,449.79,35692,449.79
2020-04-27,467.39,507.48,463.48,501.61,85191,501.61
2020-04-28,499.66,499.66,480.1,494.77,43874,494.77
2020-04-30,499.66,505.52,489.88,497.7,39067,497.7
2020-05-01,495.75,495.75,481.08,489.88,24852,489.88
2020-05-07,487.93,500.63,481.08,484.01,32727,484.01
2020-05-08,491.83,491.83,471.3,490.85,36408,490.85
2020-05-11,488.9,545.62,487.93,545.62,96850,545.62
2020-05-12,548.55,548.55,519.21,521.17,42545,521.17
2020-05-13,511.39,528.01,499.66,521.17,29352,521.17
2020-05-14,521.17,521.17,495.75,498.68,78237,498.68
2020-05-15,501.61,508.46,488.9,508.46,18511,508.46
2020-05-18,528.01,528.01,499.66,516.28,22909,516.28
2020-05-19,526.05,526.05,510.42,517.26,21477,517.26
2020-05-20,513.34,549.52,509.44,542.68,49499,542.68
2020-05-21,534.86,547.57,532.9,537.79,24136,537.79
2020-05-22,541.7,543.66,522.15,533.88,21068,533.88
2020-05-25,534.86,552.46,533.88,551.48,29658,551.48
2020-05-26,557.35,580.82,553.44,567.13,56657,567.13
2020-05-27,563.21,576.9,555.39,576.9,24852,576.9
2020-05-28,576.9,580.82,558.33,579.84,29761,579.84
2020-05-29,580.82,580.82,557.35,566.15,52157,566.15
2020-06-01,558.33,567.13,541.7,549.52,69237,549.52
2020-06-02,549.52,556.37,530.95,550.5,71793,550.5
2020-06-03,551.48,565.17,539.74,554.41,39170,554.41
2020-06-04,554.41,554.41,542.68,552.46,24647,552.46
2020-06-05,552.46,560.29,547.57,558.33,20249,558.33
2020-06-08,563.21,568.1,538.77,540.72,63100,540.72
2020-06-09,538.77,542.68,515.3,527.03,67294,527.03
2020-06-10,528.01,542.68,523.13,542.68,27102,542.68
2020-06-11,542.68,542.68,515.3,518.24,53692,518.24
2020-06-12,455.65,485.97,448.81,475.22,214767,475.22
2020-06-15,483.04,488.9,470.32,470.32,40704,470.32
2020-06-16,476.19,486.95,476.19,478.14,24238,478.14
2020-06-17,484.01,486.95,480.1,481.08,16466,481.08
2020-06-18,484.01,533.88,484.01,531.93,90713,531.93
2020-06-19,530.95,545.62,521.17,540.72,102372,540.72
2020-06-22,530.95,534.86,511.39,513.34,28329,513.34
2020-06-23,516.28,534.86,516.28,534.86,57578,534.86
2020-06-24,537.79,537.79,525.08,534.86,17080,534.86
2020-06-25,528.99,529.97,513.34,525.08,25875,525.08
2020-06-26,523.13,525.08,515.3,523.13,20045,523.13
2020-06-29,513.34,528.99,487.93,528.99,60340,528.99
2020-06-30,532.9,540.72,514.32,530.95,55635,530.95
2020-07-01,530.95,530.95,499.66,525.08,43772,525.08
2020-07-02,524.11,542.68,504.54,538.77,63203,538.77
2020-07-03,538.77,542.68,521.17,539.74,39987,539.74
2020-07-06,538.77,563.21,535.84,553.44,57169,553.44
2020-07-07,554.41,580.82,543.66,580.82,57373,580.82
2020-07-08,576.9,654.15,575.92,643.4,220290,643.4
2020-07-09,641.44,675.66,637.53,661.97,136122,661.97
2020-07-10,665.89,665.89,607.22,628.73,81714,628.73
2020-07-13,631.66,654.15,631.66,654.15,41112,654.15
2020-07-14,648.28,648.28,617.0,618.95,45408,618.95
2020-07-15,618.95,654.15,618.95,654.15,45612,654.15
2020-07-16,649.26,652.2,624.81,627.75,25056,627.75
2020-07-17,628.73,628.73,610.14,610.14,14829,610.14
2020-07-20,607.22,634.59,607.22,624.81,18101,624.81
2020-07-21,634.59,646.32,616.02,646.32,22602,646.32
2020-07-22,640.46,646.32,628.73,644.38,13807,644.38
2020-07-27,634.59,658.06,626.77,655.13,40499,655.13
2020-07-28,649.26,660.01,646.32,660.01,22090,660.01
2020-07-29,654.15,669.79,630.69,661.97,39170,661.97
2020-07-30,661.97,668.82,643.4,661.97,40295,661.97
2020-07-31,655.13,662.95,628.73,660.01,42851,660.01
2020-08-03,673.7,750.96,672.73,725.53,141337,725.53
2020-08-04,725.53,725.53,682.5,713.8,54510,713.8
2020-08-05,711.84,711.84,682.5,695.21,31090,695.21
2020-08-06,695.21,707.93,678.6,694.24,18307,694.24
2020-08-07,702.06,711.84,689.35,708.9,25159,708.9
2020-08-11,708.9,711.84,693.27,710.86,23113,710.86
2020-08-12,705.97,711.84,697.17,706.95,11966,706.95
2020-08-13,706.95,706.95,694.24,696.19,11659,696.19
2020-08-14,691.31,711.84,688.37,706.95,16568,706.95
2020-08-17,703.04,703.04,695.21,696.19,7364,696.19
2020-08-18,696.19,704.02,691.31,695.21,10739,695.21
2020-08-19,698.15,708.9,698.15,704.02,9818,704.02
2020-08-20,696.19,705.0,684.46,695.21,17386,695.21
2020-08-21,695.21,706.95,695.21,696.19,8079,696.19
2020-08-24,696.19,733.35,690.33,733.35,33647,733.35
2020-08-25,733.35,753.88,724.55,749.0,41420,749.0
2020-08-26,737.26,781.26,734.33,769.53,75782,769.53
2020-08-27,778.33,787.13,755.84,783.22,64942,783.22
2020-08-28,782.24,782.24,737.26,761.71,97156,761.71
2020-08-31,774.42,801.8,763.67,800.82,71385,800.82
2020-09-01,791.04,804.73,773.44,801.8,46328,801.8
2020-09-02,801.8,801.8,758.77,763.67,22704,763.67
2020-09-03,768.55,779.31,760.73,768.55,17795,768.55
2020-09-04,758.77,771.49,751.93,764.65,18205,764.65
2020-09-07,755.84,780.28,755.84,766.59,25056,766.59
2020-09-08,768.55,782.24,758.77,776.38,27919,776.38
2020-09-09,763.67,767.57,742.15,764.65,48067,764.65
2020-09-10,767.57,772.46,755.84,762.69,17590,762.69
2020-09-11,756.82,756.82,706.95,730.41,112599,730.41
2020-09-14,831.13,855.58,749.0,762.69,313765,762.69
2020-09-15,749.98,775.4,714.78,747.04,178973,747.04
2020-09-16,735.31,757.8,715.76,715.76,91327,715.76
2020-09-17,713.8,713.8,683.48,704.02,135406,704.02
2020-09-18,699.13,699.13,683.48,699.13,44078,699.13
2020-09-23,699.13,703.04,677.62,692.29,85293,692.29
2020-09-24,682.5,682.5,645.35,662.95,118634,662.95
2020-09-25,662.95,692.29,662.95,692.29,91736,692.29
2020-09-28,693.27,720.64,686.42,711.84,81101,711.84
2020-09-29,726.51,809.62,722.6,779.31,247084,779.31
2020-09-30,782.24,783.22,746.06,762.69,106770,762.69
2020-10-02,762.69,787.13,733.35,749.98,91123,749.98
2020-10-05,754.86,773.44,749.98,761.71,64327,761.71
2020-10-06,761.71,768.55,724.55,736.29,44795,736.29
2020-10-07,730.41,740.2,724.55,739.22,20351,739.22
2020-10-08,734.33,740.2,710.86,729.45,29146,729.45
2020-10-09,733.35,733.35,713.8,715.76,32215,715.76
2020-10-12,715.76,741.18,705.97,741.18,21886,741.18
2020-10-13,734.33,745.08,705.97,705.97,38862,705.97
2020-10-14,720.64,739.22,713.8,739.22,37942,739.22
2020-10-15,743.13,743.13,714.78,731.39,31397,731.39
2020-10-16,722.6,722.6,691.31,714.78,32113,714.78
2020-10-19,713.8,715.76,701.09,712.82,24749,712.82
2020-10-20,708.9,733.35,708.9,733.35,18101,733.35
2020-10-21,733.35,747.04,715.76,730.41,38760,730.41
2020-10-22,727.49,746.06,725.53,734.33,54101,734.33
2020-10-23,745.08,745.08,697.17,738.24,56248,738.24
2020-10-26,748.02,748.02,717.7,721.62,24852,721.62
2020-10-27,709.88,732.37,703.04,730.41,14011,730.41
2020-10-28,733.35,733.35,714.78,733.35,20351,733.35
2020-10-29,718.68,747.04,716.73,732.37,97770,732.37
2020-10-30,728.47,765.62,728.47,762.69,87748,762.69
2020-11-02,761.71,791.04,749.0,767.57,58294,767.57
2020-11-04,767.57,787.13,754.86,767.57,28022,767.57
2020-11-05,762.69,770.51,748.02,764.65,21374,764.65
2020-11-06,766.59,776.38,754.86,769.53,24442,769.53
2020-11-09,769.53,770.51,749.0,759.75,33647,759.75
2020-11-10,765.62,782.24,749.98,780.28,65658,780.28
2020-11-11,777.36,779.31,761.71,769.53,26488,769.53
2020-11-12,780.28,789.09,754.86,765.62,57987,765.62
2020-11-13,767.57,771.49,753.88,771.49,37124,771.49
2020-11-16,776.38,786.16,755.84,770.51,42749,770.51
2020-11-17,767.57,777.36,765.62,769.53,21579,769.53
2020-11-18,769.53,792.02,765.62,779.31,36204,779.31
2020-11-19,782.24,793.97,764.65,777.36,31908,777.36
2020-11-20,785.18,788.11,771.49,788.11,26488,788.11
2020-11-24,788.11,792.02,781.26,790.06,21579,790.06
2020-11-25,791.04,794.95,773.44,784.2,53999,784.2
2020-11-26,781.26,793.0,778.33,793.0,26386,793.0
2020-11-27,782.24,798.87,779.31,798.87,38249,798.87
2020-11-30,796.91,796.91,778.33,793.97,46430,793.97
2020-12-01,790.06,791.04,780.28,786.16,44590,786.16
2020-12-02,785.18,794.95,779.31,785.18,49397,785.18
2020-12-03,785.18,812.56,777.36,806.69,58498,806.69
2020-12-04,806.69,812.56,789.09,804.73,75066,804.73
2020-12-07,807.66,807.66,782.24,793.97,57885,793.97
2020-12-08,788.11,821.36,783.22,821.36,56248,821.36
2020-12-09,814.51,828.2,805.71,810.6,31602,810.6
2020-12-10,806.69,819.4,805.71,811.58,48476,811.58
2020-12-11,812.56,812.56,789.09,797.89,68623,797.89
2020-12-14,728.47,738.24,705.97,713.8,402740,713.8
2020-12-15,710.86,714.78,678.6,685.44,162508,685.44
2020-12-16,700.11,700.11,659.04,660.01,128144,660.01
2020-12-17,669.79,669.79,647.3,652.2,109020,652.2
2020-12-18,649.26,654.15,625.79,635.57,155246,635.57
2020-12-21,645.35,671.75,640.46,669.79,183677,669.79
2020-12-22,660.01,660.01,623.84,626.77,180302,626.77
2020-12-23,628.73,633.61,600.37,609.17,143076,609.17
2020-12-24,613.08,613.08,603.3,610.14,83453,610.14
2020-12-25,622.86,622.86,603.3,609.17,150542,609.17
2020-12-28,614.06,617.97,605.26,608.2,85600,608.2
2020-12-29,611.12,633.61,611.12,625.79,58192,625.79
2020-12-30,625.79,640.46,620.91,627.75,104316,627.75
2021-01-04,630.69,633.61,617.97,633.61,56146,633.61
2021-01-05,632.64,640.46,627.75,634.59,54613,634.59
2021-01-06,639.48,652.2,636.55,644.38,114951,644.38
2021-01-07,644.38,651.22,641.44,645.35,128962,645.35
2021-01-08,648.28,671.75,645.35,665.89,101964,665.89
2021-01-12,667.84,672.73,660.99,670.77,67908,670.77
2021-01-13,672.73,680.56,671.75,680.56,57067,680.56
2021-01-14,687.4,693.27,660.01,660.99,180711,660.99
2021-01-15,713.8,720.64,694.24,715.76,317856,715.76
2021-01-18,713.8,721.62,705.0,709.88,83861,709.88
2021-01-19,713.8,727.49,708.9,722.6,106156,722.6
2021-01-20,714.78,723.57,714.78,719.66,43874,719.66
2021-01-21,720.64,732.37,717.7,718.68,60953,718.68
2021-01-22,718.68,722.6,704.02,717.7,62180,717.7
2021-01-25,722.6,725.53,718.68,723.57,91123,723.57
2021-01-26,724.55,724.55,714.78,721.62,56453,721.62
2021-01-27,723.57,730.41,717.7,723.57,148190,723.57
2021-01-28,691.94,696.88,674.15,694.91,332022,694.91
2021-01-29,690.95,690.95,660.31,663.28,106425,663.28
2021-02-01,661.3,666.24,650.43,658.33,53213,658.33
2021-02-02,658.33,667.23,656.36,666.24,32170,666.24
2021-02-03,670.2,677.12,668.22,674.15,36015,674.15
2021-02-04,671.18,674.15,666.24,671.18,17906,671.18
2021-02-05,672.17,676.13,662.29,663.28,35812,663.28
2021-02-08,666.24,667.23,660.31,662.29,30248,662.29
2021-02-09,662.29,679.09,660.31,676.13,43905,676.13
2021-02-10,680.08,689.97,677.12,679.09,35408,679.09
2021-02-12,679.09,679.09,665.25,667.23,21143,667.23
2021-02-15,677.12,677.12,663.28,674.15,23470,674.15
2021-02-16,675.14,681.07,668.22,671.18,22863,671.18
2021-02-17,667.23,678.1,665.25,674.15,26809,674.15
2021-02-18,674.15,687.0,671.18,677.12,57158,677.12
2021-02-19,681.07,681.07,661.3,661.3,31563,661.3
2021-02-22,660.31,666.24,659.32,659.32,21953,659.32
2021-02-24,660.31,667.23,656.36,656.36,24178,656.36
2021-02-25,657.35,666.24,657.35,660.31,14770,660.31
2021-02-26,652.4,663.28,650.43,650.43,32474,650.43
2021-03-01,660.31,674.15,651.41,672.17,23066,672.17
2021-03-02,671.18,689.97,666.24,686.01,54629,686.01
2021-03-03,685.02,685.02,659.32,664.26,34699,664.26
2021-03-04,664.26,664.26,648.45,660.31,29034,660.31
2021-03-05,651.41,665.25,647.46,656.36,37734,656.36
2021-03-08,659.32,680.08,658.33,662.29,51392,662.29
2021-03-09,662.29,667.23,658.33,662.29,32373,662.29
2021-03-10,665.25,667.23,655.37,665.25,25898,665.25
2021-03-11,662.29,670.2,659.32,667.23,20638,667.23
2021-03-12,665.25,681.07,665.25,678.1,32069,678.1
2021-03-15,681.07,706.77,677.12,705.78,109055,705.78
2021-03-16,678.1,704.79,678.1,691.94,110168,691.94
2021-03-17,696.88,706.77,679.09,699.85,108549,699.85
2021-03-18,695.9,705.78,689.97,705.78,34699,705.78
2021-03-19,700.84,716.65,699.85,707.76,38443,707.76
2021-03-22,708.75,710.72,693.92,710.72,29439,710.72
2021-03-23,710.72,729.51,702.82,702.82,53516,702.82
2021-03-24,702.82,708.75,678.1,698.86,37532,698.86
2021-03-25,700.84,711.71,687.0,707.76,16287,707.76
2021-03-26,707.76,708.75,696.88,703.8,18108,703.8
2021-03-29,713.69,729.51,698.86,719.62,46232,719.62
2021-03-30,704.79,714.68,701.83,701.83,12544,701.83
2021-03-31,699.85,707.76,695.9,703.8,14264,703.8
2021-04-01,703.8,703.8,687.0,687.99,18513,687.99
2021-04-02,686.01,708.75,684.03,700.84,28731,700.84
2021-04-05,699.85,708.75,692.93,692.93,27213,692.93
2021-04-06,707.76,707.76,693.92,701.83,11533,701.83
2021-04-07,695.9,719.62,695.9,718.63,31968,718.63
2021-04-08,718.63,718.63,695.9,698.86,23167,698.86
2021-04-09,695.9,710.72,695.9,710.72,11735,710.72
2021-04-12,711.71,711.71,701.83,707.76,8093,707.76
2021-04-13,707.76,726.54,702.82,704.79,50683,704.79
2021-04-14,714.68,714.68,701.83,702.82,10319,702.82
2021-04-15,700.84,705.78,698.86,704.79,11432,704.79
2021-04-16,704.79,704.79,694.91,694.91,15276,694.91
2021-04-19,693.92,698.86,677.12,680.08,45524,680.08
2021-04-20,686.01,689.97,679.09,680.08,20435,680.08
2021-04-21,676.13,680.08,663.28,666.24,25898,666.24
2021-04-22,669.21,677.12,666.24,672.17,14467,672.17
2021-04-23,673.16,679.09,669.21,669.21,7790,669.21
2021-04-26,673.16,673.16,662.29,665.25,11432,665.25
2021-04-27,672.17,677.12,663.28,675.14,10622,675.14
2021-04-28,676.13,676.13,653.39,653.39,24279,653.39
2021-04-30,658.33,676.13,653.39,675.14,21649,675.14
2021-05-06,671.18,673.16,668.22,668.22,5766,668.22
2021-05-07,666.24,693.92,666.24,689.97,31664,689.97
2021-05-10,687.99,697.87,680.08,680.08,18007,680.08
2021-05-11,680.08,705.78,675.14,705.78,36116,705.78
2021-05-12,698.86,698.86,671.18,675.14,26910,675.14
2021-05-13,674.15,691.94,667.23,669.21,23875,669.21
2021-05-14,679.09,690.95,670.2,687.99,12848,687.99
2021-05-17,683.05,683.05,673.16,679.09,9611,679.09
2021-05-18,682.06,691.94,680.08,691.94,6576,691.94
2021-05-19,691.94,694.91,685.02,685.02,5362,685.02
2021-05-20,685.02,687.0,681.07,682.06,4148,682.06
2021-05-21,680.08,684.03,677.12,682.06,4249,682.06
2021-05-24,683.05,687.0,680.08,683.05,6778,683.05
2021-05-25,684.03,686.01,682.06,684.03,7486,684.03
2021-05-26,684.03,685.02,680.08,680.08,5564,680.08
2021-05-27,680.08,680.08,675.14,675.14,3440,675.14
2021-05-28,674.15,693.92,669.21,691.94,29237,691.94
2021-05-31,694.91,694.91,681.07,681.07,8498,681.07
2021-06-01,684.03,684.03,681.07,683.05,2731,683.05
2021-06-02,683.05,687.99,681.07,683.05,2630,683.05
2021-06-03,683.05,685.02,680.08,681.07,1720,681.07
2021-06-04,681.07,683.05,677.12,680.08,4856,680.08
2021-06-07,684.03,684.03,659.32,660.31,54426,660.31
2021-06-08,670.2,670.2,662.29,665.25,6677,665.25
2021-06-09,664.26,676.13,664.26,676.13,5665,676.13
2021-06-10,676.13,676.13,668.22,670.2,3743,670.2
2021-06-11,668.22,676.13,659.32,663.28,30349,663.28
2021-06-14,669.21,669.21,661.3,664.26,15782,664.26
2021-06-15,720.61,720.61,687.99,709.74,162875,709.74
2021-06-16,719.62,719.62,691.94,698.86,35104,698.86
2021-06-17,693.92,694.91,678.1,679.09,50076,679.09
2021-06-18,679.09,681.07,678.1,680.08,15782,680.08
2021-06-21,678.1,678.1,664.26,667.23,19626,667.23
2021-06-22,677.12,677.12,669.21,673.16,10521,673.16
2021-06-23,677.12,681.07,673.16,680.08,11432,680.08
2021-06-24,682.06,682.06,662.29,670.2,22762,670.2
2021-06-25,672.17,672.17,667.23,670.2,5766,670.2
2021-06-28,670.2,673.16,670.2,670.2,3338,670.2
2021-06-29,669.21,675.14,667.23,674.15,6475,674.15
2021-06-30,672.17,677.12,671.18,676.13,5362,676.13
2021-07-01,679.09,689.97,674.15,684.03,24684,684.03
2021-07-02,684.03,688.98,683.05,683.05,5564,683.05
2021-07-05,683.05,683.05,675.14,675.14,3035,675.14
2021-07-06,678.1,678.1,673.16,673.16,4047,673.16
2021-07-07,667.23,675.14,667.23,672.17,10825,672.17
2021-07-08,669.21,674.15,668.22,668.22,7082,668.22
2021-07-09,664.26,683.05,663.28,682.06,14062,682.06
2021-07-12,682.06,691.94,674.15,690.95,14770,690.95
2021-07-13,690.95,690.95,680.08,681.07,5969,681.07
2021-07-14,675.14,682.06,675.14,678.1,2529,678.1
2021-07-15,676.13,678.1,675.14,675.14,3338,675.14
2021-07-16,674.15,676.13,674.15,674.15,2934,674.15
2021-07-19,672.17,673.16,669.21,669.21,6171,669.21
2021-07-20,664.26,676.13,664.26,670.2,6373,670.2
2021-07-21,671.18,672.17,652.4,657.35,36318,657.35
2021-07-26,667.23,669.21,659.32,665.25,6171,665.25
2021-07-27,665.25,669.21,664.26,667.23,5058,667.23
2021-07-28,667.23,667.23,654.38,654.38,8700,654.38
2021-07-29,656.36,664.26,656.36,664.26,82651,664.26
2021-07-30,662.29,662.29,652.4,652.4,6373,652.4
2021-08-02,661.3,662.29,656.36,659.32,4755,659.32
2021-08-03,657.35,661.3,657.35,658.33,1619,658.33
2021-08-04,660.31,660.31,654.38,654.38,3642,654.38
2021-08-05,653.39,655.37,652.4,653.39,4856,653.39
2021-08-06,655.37,659.32,649.44,655.37,74457,655.37
2021-08-10,660.31,663.28,656.36,658.33,4047,658.33
2021-08-11,659.32,662.29,659.32,662.29,7082,662.29
2021-08-12,664.26,664.26,658.33,660.31,7486,660.31
2021-08-13,660.31,660.31,657.35,657.35,7082,657.35
2021-08-16,659.32,659.32,641.53,643.51,34699,643.51
2021-08-17,643.51,643.51,635.6,635.6,7891,635.6
2021-08-18,636.59,650.43,632.63,650.43,14163,650.43
2021-08-19,649.44,649.44,645.48,645.48,4451,645.48
2021-08-20,649.44,649.44,639.55,639.55,5463,639.55
2021-08-23,644.49,644.49,639.55,641.53,2630,641.53
2021-08-24,650.43,663.28,650.43,658.33,17603,658.33
2021-08-25,658.33,658.33,646.47,648.45,8801,648.45
2021-08-26,648.45,652.4,647.46,651.41,3440,651.41
2021-08-27,651.41,657.35,646.47,648.45,3136,648.45
2021-08-30,652.4,662.29,652.4,662.29,12848,662.29
2021-08-31,662.29,673.16,662.29,673.16,9408,673.16
2021-09-01,673.16,704.79,668.22,704.79,49773,704.79
2021-09-02,698.86,698.86,681.07,693.92,29540,693.92
2021-09-03,686.01,699.85,686.01,694.91,25696,694.91
2021-09-06,694.91,699.85,683.05,691.94,46131,691.94
2021-09-07,691.94,691.94,657.35,678.1,27820,678.1
2021-09-08,681.07,684.03,679.09,682.06,6677,682.06
2021-09-09,675.14,688.98,675.14,682.06,4856,682.06
2021-09-10,686.01,700.84,686.01,700.84,20435,700.84
2021-09-13,702.82,703.8,696.88,703.8,22863,703.8
2021-09-14,704.79,704.79,692.93,697.87,36318,697.87
2021-09-15,673.16,683.05,660.31,672.17,116744,672.17
2021-09-16,678.1,678.1,660.31,669.21,25493,669.21
2021-09-17,669.21,677.12,667.23,677.12,29237,677.12
2021-09-21,667.23,674.15,659.32,667.23,27618,667.23
2021-09-22,670.2,670.2,657.35,661.3,21346,661.3
2021-09-24,664.26,672.17,663.28,671.18,14568,671.18
2021-09-27,671.18,678.1,663.28,665.25,24785,665.25
2021-09-28,666.24,667.23,657.35,667.23,21852,667.23
2021-09-29,661.3,670.2,661.3,664.26,11533,664.26
2021-09-30,664.26,670.2,664.26,670.2,6576,670.2
2021-10-01,662.29,668.22,658.33,658.33,23167,658.33
2021-10-04,665.25,665.25,656.36,662.29,14163,662.29
2021-10-05,660.31,661.3,655.37,656.36,12039,656.36
2021-10-06,661.3,661.3,654.38,654.38,11128,654.38
2021-10-07,659.32,659.32,654.38,658.33,5261,658.33
2021-10-08,662.29,664.26,656.36,659.32,18918,659.32
2021-10-11,659.32,664.26,659.32,661.3,20840,661.3
2021-10-12,659.32,663.28,656.36,656.36,21346,656.36
2021-10-13,658.33,659.32,656.36,658.33,7992,658.33
2021-10-14,658.33,658.33,652.4,654.38,12646,654.38
2021-10-15,654.38,673.16,654.38,664.26,55944,664.26
2021-10-18,667.23,667.23,661.3,665.25,8902,665.25
2021-10-19,665.25,667.23,658.33,664.26,6980,664.26
2021-10-20,665.25,666.24,661.3,661.3,4249,661.3
2021-10-21,664.26,664.26,658.33,659.32,4755,659.32
2021-10-22,658.33,663.28,656.36,659.32,11634,659.32
2021-10-25,659.32,667.23,658.33,658.33,12949,658.33
2021-10-26,660.31,669.21,660.31,664.26,9914,664.26
2021-10-27,667.23,667.23,659.32,663.28,11128,663.28
2021-10-28,661.3,671.18,658.33,660.31,23571,660.31
2021-10-29,660.31,668.22,658.33,662.29,20840,662.29
2021-11-01,669.21,670.2,662.29,665.25,19221,665.25
2021-11-02,669.21,670.2,664.26,664.26,9611,664.26
2021-11-04,666.24,667.23,664.26,667.23,7183,667.23
2021-11-05,668.22,671.18,665.25,665.25,35104,665.25
2021-11-08,670.2,673.16,664.26,670.2,18918,670.2
2021-11-09,668.22,674.15,667.23,667.23,10319,667.23
2021-11-10,670.2,670.2,668.22,669.21,4148,669.21
2021-11-11,669.21,672.17,667.23,667.23,3035,667.23
2021-11-12,665.25,672.17,663.28,663.28,96916,663.28
2021-11-15,662.29,671.18,662.29,669.21,26809,669.21
2021-11-16,668.22,671.18,664.26,669.21,9914,669.21
2021-11-17,667.23,673.16,667.23,670.2,7385,670.2
2021-11-18,672.17,680.08,669.21,673.16,13758,673.16
2021-11-19,670.2,696.88,668.22,688.98,91352,688.98
2021-11-22,689.97,695.9,682.06,686.01,26303,686.01
2021-11-24,685.02,685.02,674.15,676.13,5159,676.13
2021-11-25,678.1,683.05,673.16,675.14,10319,675.14
2021-11-26,672.17,672.17,663.28,664.26,48357,664.26
2021-11-29,672.17,672.17,653.39,653.39,29844,653.39
2021-11-30,655.37,661.3,645.48,645.48,29135,645.48
2021-12-01,644.49,652.4,637.58,641.53,20334,641.53
2021-12-02,635.6,639.55,630.66,630.66,75975,630.66
2021-12-03,631.64,647.46,628.68,638.56,99951,638.56
2021-12-06,647.46,652.4,643.51,651.41,9307,651.41
2021-12-07,659.32,673.16,659.32,673.16,12544,673.16
2021-12-08,676.13,677.12,666.24,668.22,14365,668.22
2021-12-09,665.25,671.18,664.26,664.26,4755,664.26
2021-12-10,663.28,667.23,657.35,657.35,14972,657.35
2021-12-13,667.23,667.23,653.39,656.36,13758,656.36
2021-12-14,657.35,660.31,644.49,645.48,27112,645.48
2021-12-15,645.48,706.77,635.6,690.95,217301,690.95
2021-12-16,690.95,700.84,679.09,683.05,30754,683.05
2021-12-17,678.1,681.07,667.23,681.07,29945,681.07
2021-12-20,677.12,681.07,664.26,667.23,88519,667.23
2021-12-21,672.17,684.03,654.38,671.18,49368,671.18
2021-12-22,667.23,678.1,667.23,675.14,36925,675.14
2021-12-23,685.02,685.02,677.12,679.09,18513,679.09
2021-12-24,681.07,695.9,673.16,687.99,42287,687.99
2021-12-27,685.02,697.87,685.02,689.97,28124,689.97
2021-12-28,695.9,706.77,693.92,697.87,37734,697.87
2021-12-29,699.85,711.71,697.87,709.74,44715,709.74
2021-12-30,709.74,719.62,705.78,719.62,25089,719.62
2022-01-04,719.62,725.55,712.7,721.6,53820,721.6
2022-01-05,721.6,727.53,712.7,720.61,47547,720.61
2022-01-06,715.67,715.67,699.85,700.84,47143,700.84
2022-01-07,704.79,705.78,693.92,705.78,22357,705.78
2022-01-11,705.78,711.71,702.82,711.71,17906,711.71
2022-01-12,710.72,718.63,709.74,709.74,31867,709.74
2022-01-13,711.71,725.55,709.74,720.61,35104,720.61
2022-01-14,716.65,716.65,708.75,714.68,19727,714.68
2022-01-17,720.61,720.61,710.72,718.63,28427,718.63
2022-01-18,719.62,720.61,708.75,709.74,26202,709.74
2022-01-19,706.77,706.77,684.03,686.01,55742,686.01
2022-01-20,695.9,713.69,690.95,706.77,24684,706.77
2022-01-21,705.78,706.77,696.88,705.78,14669,705.78
2022-01-24,705.78,705.78,698.86,702.82,31867,702.82
2022-01-25,705.78,705.78,685.02,691.94,72737,691.94
2022-01-26,691.94,691.94,685.02,691.94,34396,691.94
2022-01-27,699.85,699.85,685.02,687.0,95297,687.0
2022-01-28,670.0,672.0,648.0,648.0,141200,648.0
2022-01-31,649.0,657.0,649.0,657.0,22100,657.0
2022-02-01,657.0,664.0,641.0,643.0,25400,643.0
2022-02-02,652.0,662.0,648.0,662.0,21700,662.0
2022-02-03,660.0,660.0,650.0,656.0,14900,656.0
2022-02-04,656.0,661.0,648.0,655.0,78500,655.0
2022-02-07,658.0,667.0,655.0,655.0,37300,655.0
2022-02-08,656.0,661.0,652.0,655.0,15700,655.0
2022-02-09,658.0,668.0,656.0,663.0,29300,663.0
2022-02-10,660.0,673.0,658.0,673.0,27700,673.0
2022-02-14,667.0,669.0,657.0,657.0,11600,657.0
2022-02-15,665.0,665.0,649.0,650.0,11900,650.0
2022-02-16,660.0,660.0,647.0,651.0,8800,651.0
2022-02-17,650.0,650.0,641.0,643.0,18100,643.0
2022-02-18,642.0,648.0,639.0,646.0,8700,646.0
2022-02-21,640.0,647.0,638.0,647.0,37200,647.0
2022-02-22,643.0,644.0,640.0,640.0,6800,640.0
2022-02-24,645.0,645.0,630.0,633.0,13200,633.0
2022-02-25,630.0,645.0,629.0,641.0,11000,641.0
2022-02-28,645.0,659.0,637.0,656.0,15900,656.0
2022-03-01,658.0,661.0,655.0,661.0,11900,661.0
2022-03-02,645.0,655.0,645.0,646.0,15600,646.0
2022-03-03,648.0,659.0,646.0,648.0,22300,648.0
2022-03-04,648.0,652.0,633.0,635.0,32600,635.0
2022-03-07,631.0,641.0,621.0,634.0,29300,634.0
2022-03-08,626.0,640.0,619.0,622.0,14100,622.0
2022-03-09,620.0,628.0,600.0,608.0,31000,608.0
2022-03-10,615.0,648.0,615.0,648.0,19400,648.0
2022-03-11,633.0,643.0,624.0,625.0,14500,625.0
2022-03-14,621.0,636.0,618.0,622.0,15900,622.0
2022-03-15,622.0,633.0,619.0,632.0,8800,632.0
2022-03-16,635.0,635.0,625.0,629.0,10700,629.0
2022-03-17,632.0,656.0,632.0,652.0,41400,652.0
2022-03-18,633.0,639.0,624.0,626.0,37200,626.0
2022-03-22,637.0,637.0,621.0,622.0,22500,622.0
2022-03-23,622.0,626.0,620.0,620.0,71300,620.0
2022-03-24,623.0,625.0,616.0,623.0,37300,623.0
2022-03-25,618.0,621.0,606.0,606.0,123000,606.0
2022-03-28,606.0,619.0,603.0,611.0,168500,611.0
2022-03-29,616.0,623.0,615.0,623.0,73400,623.0
2022-03-30,622.0,628.0,620.0,626.0,25400,626.0
2022-03-31,618.0,629.0,618.0,620.0,8500,620.0
2022-04-01,620.0,621.0,614.0,618.0,9300,618.0
2022-04-04,628.0,628.0,618.0,621.0,6600,621.0
2022-04-05,624.0,624.0,613.0,616.0,15100,616.0
2022-04-06,616.0,622.0,612.0,622.0,13200,622.0
2022-04-07,616.0,616.0,606.0,606.0,21400,606.0
2022-04-08,614.0,614.0,603.0,608.0,11100,608.0
2022-04-11,608.0,612.0,606.0,608.0,7800,608.0
2022-04-12,605.0,612.0,604.0,605.0,7100,605.0
2022-04-13,607.0,611.0,605.0,611.0,8200,611.0
2022-04-14,611.0,614.0,609.0,613.0,3800,613.0
2022-04-15,611.0,617.0,606.0,607.0,10300,607.0
2022-04-18,610.0,610.0,601.0,606.0,14800,606.0
2022-04-19,610.0,617.0,609.0,613.0,8400,613.0
2022-04-20,618.0,622.0,613.0,615.0,9400,615.0
2022-04-21,615.0,621.0,613.0,613.0,11100,613.0
2022-04-22,613.0,614.0,606.0,609.0,9300,609.0
2022-04-25,609.0,611.0,607.0,608.0,6200,608.0
2022-04-26,611.0,615.0,607.0,614.0,7600,614.0
2022-04-27,606.0,625.0,605.0,625.0,13500,625.0
2022-04-28,625.0,625.0,610.0,616.0,6700,616.0
2022-05-02,610.0,621.0,610.0,617.0,6000,617.0
2022-05-06,617.0,620.0,614.0,616.0,8600,616.0
2022-05-09,616.0,617.0,611.0,611.0,6600,611.0
2022-05-10,610.0,615.0,606.0,608.0,10000,608.0
2022-05-11,606.0,624.0,606.0,621.0,16300,621.0
2022-05-12,611.0,616.0,608.0,608.0,8100,608.0
2022-05-13,606.0,618.0,606.0,615.0,8300,615.0
2022-05-16,615.0,622.0,610.0,622.0,12200,622.0
2022-05-17,619.0,621.0,613.0,613.0,5100,613.0
2022-05-18,615.0,617.0,613.0,614.0,2900,614.0
2022-05-19,617.0,617.0,612.0,614.0,11200,614.0
2022-05-20,614.0,618.0,614.0,617.0,2500,617.0
2022-05-23,619.0,619.0,614.0,616.0,3600,616.0
2022-05-24,615.0,618.0,611.0,618.0,4400,618.0
2022-05-25,619.0,619.0,614.0,619.0,4300,619.0
2022-05-26,619.0,621.0,618.0,618.0,5800,618.0
2022-05-27,620.0,621.0,617.0,619.0,2200,619.0
2022-05-30,625.0,630.0,623.0,630.0,21800,630.0
2022-05-31,630.0,633.0,628.0,632.0,5400,632.0
2022-06-01,630.0,633.0,630.0,633.0,3300,633.0
2022-06-02,633.0,634.0,632.0,632.0,2400,632.0
2022-06-03,634.0,634.0,630.0,633.0,2100,633.0
2022-06-06,630.0,634.0,624.0,633.0,6300,633.0
2022-06-07,633.0,635.0,632.0,633.0,1900,633.0
2022-06-08,634.0,634.0,630.0,630.0,4200,630.0
2022-06-09,630.0,635.0,630.0,634.0,3600,634.0
2022-06-10,631.0,646.0,631.0,639.0,24600,639.0
2022-06-13,624.0,630.0,620.0,621.0,13400,621.0
2022-06-14,616.0,621.0,616.0,618.0,12400,618.0
2022-06-15,619.0,619.0,612.0,612.0,7400,612.0
2022-06-16,612.0,620.0,612.0,620.0,3800,620.0
2022-06-17,612.0,620.0,610.0,610.0,12400,610.0
2022-06-20,611.0,619.0,611.0,611.0,4600,611.0
2022-06-21,621.0,621.0,616.0,617.0,5100,617.0
2022-06-22,623.0,624.0,616.0,618.0,7300,618.0
2022-06-23,624.0,624.0,618.0,619.0,2500,619.0
2022-06-24,623.0,624.0,619.0,620.0,4200,620.0
2022-06-27,625.0,629.0,621.0,621.0,6600,621.0
2022-06-28,614.0,617.0,608.0,612.0,27000,612.0
2022-06-29,613.0,624.0,613.0,624.0,87800,624.0
2022-06-30,624.0,624.0,619.0,621.0,4800,621.0
2022-07-01,621.0,622.0,609.0,610.0,7700,610.0
2022-07-04,616.0,617.0,611.0,611.0,3900,611.0
2022-07-05,611.0,613.0,611.0,612.0,3500,612.0
2022-07-06,612.0,613.0,608.0,608.0,7300,608.0
2022-07-07,608.0,614.0,606.0,608.0,12900,608.0
2022-07-08,606.0,611.0,604.0,604.0,15300,604.0
2022-07-11,610.0,612.0,607.0,607.0,8900,607.0
2022-07-12,607.0,611.0,605.0,605.0,5800,605.0
2022-07-13,609.0,609.0,605.0,606.0,2500,606.0
2022-07-14,606.0,610.0,606.0,606.0,4600,606.0
2022-07-15,608.0,608.0,604.0,604.0,9200,604.0
2022-07-19,604.0,607.0,604.0,604.0,4300,604.0
2022-07-20,605.0,607.0,599.0,601.0,30300,601.0
2022-07-21,604.0,604.0,601.0,602.0,70600,602.0
2022-07-22,604.0,606.0,602.0,602.0,60900,602.0
2022-07-25,601.0,603.0,601.0,603.0,5600,603.0
2022-07-26,603.0,605.0,602.0,604.0,66800,604.0
2022-07-27,609.0,609.0,603.0,603.0,84200,603.0
2022-07-28,600.0,609.0,600.0,604.0,92700,604.0
2022-07-29,602.0,607.0,602.0,604.0,4800,604.0
2022-08-01,606.0,610.0,604.0,607.0,5700,607.0
2022-08-02,607.0,607.0,603.0,603.0,4900,603.0
2022-08-03,603.0,605.0,602.0,604.0,3000,604.0
2022-08-04,609.0,609.0,603.0,603.0,79200,603.0
2022-08-05,602.0,603.0,600.0,603.0,92100,603.0
2022-08-08,601.0,604.0,601.0,601.0,6000,601.0
2022-08-09,601.0,603.0,600.0,603.0,3500,603.0
2022-08-10,601.0,603.0,600.0,603.0,5300,603.0
2022-08-12,601.0,605.0,601.0,605.0,6100,605.0
2022-08-15,601.0,606.0,601.0,602.0,7600,602.0
2022-08-16,601.0,604.0,601.0,604.0,4400,604.0
2022-08-17,604.0,606.0,604.0,606.0,5700,606.0
2022-08-18,603.0,606.0,603.0,603.0,2900,603.0
2022-08-19,602.0,605.0,602.0,605.0,3100,605.0
2022-08-22,605.0,606.0,603.0,606.0,4100,606.0
2022-08-23,606.0,606.0,603.0,604.0,6400,604.0
2022-08-24,604.0,609.0,604.0,608.0,8800,608.0
2022-08-25,606.0,608.0,606.0,606.0,3300,606.0
2022-08-26,605.0,608.0,605.0,606.0,3700,606.0
2022-08-29,603.0,608.0,603.0,604.0,8700,604.0
2022-08-30,606.0,607.0,605.0,607.0,2200,607.0
2022-08-31,603.0,605.0,602.0,603.0,3200,603.0
2022-09-01,603.0,604.0,602.0,602.0,3300,602.0
2022-09-02,602.0,605.0,602.0,602.0,3900,602.0
2022-09-05,602.0,603.0,602.0,603.0,3800,603.0
2022-09-06,602.0,604.0,601.0,601.0,4300,601.0
2022-09-07,601.0,603.0,601.0,601.0,4700,601.0
2022-09-08,602.0,602.0,600.0,601.0,5700,601.0
2022-09-09,601.0,602.0,600.0,600.0,6200,600.0
2022-09-12,602.0,603.0,601.0,603.0,2300,603.0
2022-09-13,603.0,604.0,601.0,604.0,5400,604.0
2022-09-14,605.0,607.0,602.0,605.0,18900,605.0
2022-09-15,601.0,604.0,595.0,600.0,44500,600.0
2022-09-16,600.0,602.0,590.0,592.0,32500,592.0
2022-09-20,599.0,600.0,588.0,589.0,51300,589.0
2022-09-21,594.0,594.0,576.0,576.0,54300,576.0
2022-09-22,575.0,577.0,566.0,567.0,158100,567.0
2022-09-26,565.0,565.0,553.0,553.0,34700,553.0
2022-09-27,553.0,558.0,545.0,545.0,30800,545.0
2022-09-28,545.0,549.0,541.0,549.0,19400,549.0
2022-09-29,553.0,567.0,552.0,567.0,13100,567.0
2022-09-30,562.0,583.0,562.0,575.0,21000,575.0
2022-10-03,565.0,568.0,560.0,565.0,9400,565.0
2022-10-04,567.0,577.0,567.0,577.0,12100,577.0
2022-10-05,578.0,582.0,578.0,581.0,14100,581.0
2022-10-06,582.0,582.0,578.0,579.0,6800,579.0
2022-10-07,575.0,576.0,565.0,565.0,39400,565.0
2022-10-11,567.0,570.0,565.0,570.0,66700,570.0
2022-10-12,568.0,572.0,565.0,572.0,6800,572.0
2022-10-13,572.0,572.0,565.0,567.0,6200,567.0
2022-10-14,579.0,579.0,569.0,569.0,29200,569.0
2022-10-17,566.0,572.0,566.0,570.0,9600,570.0
2022-10-18,577.0,577.0,572.0,572.0,5000,572.0
2022-10-19,572.0,573.0,570.0,572.0,7800,572.0
2022-10-20,571.0,575.0,570.0,575.0,4500,575.0
2022-10-21,575.0,577.0,573.0,577.0,60900,577.0
2022-10-24,585.0,585.0,578.0,581.0,25600,581.0
2022-10-25,584.0,589.0,583.0,589.0,10500,589.0
2022-10-26,590.0,591.0,587.0,591.0,6800,591.0
2022-10-27,592.0,593.0,590.0,590.0,7300,590.0
2022-10-28,587.0,592.0,575.0,575.0,133800,575.0
2022-10-31,592.0,592.0,576.0,576.0,10600,576.0
2022-11-01,580.0,581.0,580.0,581.0,5500,581.0
2022-11-02,583.0,584.0,579.0,580.0,10000,580.0
2022-11-04,590.0,590.0,579.0,579.0,15900,579.0
2022-11-07,585.0,585.0,582.0,582.0,3100,582.0
2022-11-08,586.0,590.0,585.0,585.0,6100,585.0
2022-11-09,587.0,590.0,585.0,587.0,3800,587.0
2022-11-10,587.0,589.0,586.0,587.0,4300,587.0
2022-11-11,592.0,592.0,588.0,589.0,10700,589.0
2022-11-14,593.0,593.0,590.0,590.0,4200,590.0
2022-11-15,592.0,594.0,590.0,593.0,8000,593.0
2022-11-16,595.0,597.0,592.0,597.0,7900,597.0
2022-11-17,597.0,599.0,595.0,597.0,4900,597.0
2022-11-18,600.0,605.0,598.0,605.0,14400,605.0
2022-11-21,606.0,606.0,601.0,601.0,6100,601.0
2022-11-22,601.0,606.0,601.0,604.0,7900,604.0
2022-11-24,606.0,610.0,606.0,609.0,11800,609.0
2022-11-25,612.0,612.0,608.0,610.0,5900,610.0
2022-11-28,611.0,614.0,611.0,613.0,11000,613.0
2022-11-29,615.0,620.0,613.0,616.0,24000,616.0
2022-11-30,619.0,621.0,618.0,618.0,10600,618.0
2022-12-01,620.0,624.0,619.0,622.0,10800,622.0
2022-12-02,621.0,621.0,615.0,615.0,10000,615.0
2022-12-05,616.0,622.0,612.0,612.0,7600,612.0
2022-12-06,617.0,617.0,612.0,613.0,6800,613.0
2022-12-07,611.0,614.0,611.0,612.0,4400,612.0
2022-12-08,612.0,614.0,612.0,612.0,4500,612.0
2022-12-09,616.0,616.0,612.0,615.0,6000,615.0
2022-12-12,618.0,619.0,615.0,615.0,6100,615.0
2022-12-13,620.0,620.0,616.0,616.0,3700,616.0
2022-12-14,616.0,617.0,615.0,615.0,5900,615.0
2022-12-15,614.0,616.0,614.0,614.0,6200,614.0
2022-12-16,616.0,616.0,614.0,616.0,9500,616.0
2022-12-19,616.0,619.0,615.0,619.0,7400,619.0
2022-12-20,619.0,620.0,612.0,613.0,10800,613.0
2022-12-21,612.0,615.0,611.0,611.0,10600,611.0
2022-12-22,612.0,615.0,611.0,613.0,4200,613.0
2022-12-23,615.0,615.0,611.0,611.0,5500,611.0
2022-12-26,616.0,617.0,612.0,617.0,12900,617.0
2022-12-27,617.0,622.0,617.0,618.0,14900,618.0
2022-12-28,618.0,625.0,618.0,625.0,15700,625.0
2022-12-29,625.0,630.0,625.0,630.0,18900,630.0
2022-12-30,631.0,631.0,627.0,627.0,12200,627.0
2023-01-04,633.0,644.0,630.0,635.0,32700,635.0
2023-01-05,644.0,644.0,634.0,634.0,16300,634.0
2023-01-06,637.0,640.0,636.0,637.0,13800,637.0
2023-01-10,642.0,645.0,639.0,644.0,16300,644.0
2023-01-11,648.0,649.0,645.0,648.0,13500,648.0
2023-01-12,650.0,650.0,648.0,648.0,16300,648.0
2023-01-13,648.0,650.0,647.0,648.0,16400,648.0
2023-01-16,650.0,654.0,650.0,652.0,16500,652.0
2023-01-17,653.0,656.0,653.0,656.0,11600,656.0
2023-01-18,656.0,661.0,652.0,657.0,30100,657.0
2023-01-19,670.0,680.0,669.0,680.0,49000,680.0
2023-01-20,674.0,678.0,671.0,675.0,16200,675.0
2023-01-23,678.0,679.0,672.0,675.0,16800,675.0
2023-01-24,673.0,675.0,673.0,673.0,16700,673.0
2023-01-25,673.0,675.0,671.0,671.0,16000,671.0
2023-01-26,670.0,671.0,668.0,671.0,21100,671.0
2023-01-27,671.0,671.0,656.0,667.0,158100,667.0
2023-01-30,633.0,638.0,622.0,623.0,155000,623.0
2023-01-31,621.0,621.0,612.0,612.0,31500,612.0
2023-02-01,613.0,629.0,612.0,629.0,37200,629.0
2023-02-02,630.0,630.0,619.0,619.0,11600,619.0
2023-02-03,619.0,620.0,613.0,615.0,7200,615.0
2023-02-06,615.0,626.0,615.0,622.0,11000,622.0
2023-02-07,620.0,623.0,615.0,620.0,2600,620.0
2023-02-08,619.0,620.0,618.0,620.0,11500,620.0
2023-02-09,617.0,619.0,617.0,618.0,2900,618.0
2023-02-10,618.0,620.0,616.0,616.0,3900,616.0
2023-02-13,613.0,617.0,613.0,616.0,37500,616.0
2023-02-14,618.0,618.0,614.0,615.0,4000,615.0
2023-02-15,613.0,614.0,608.0,608.0,11900,608.0
2023-02-16,608.0,616.0,607.0,615.0,10600,615.0
2023-02-17,609.0,613.0,609.0,612.0,4100,612.0
2023-02-20,613.0,615.0,610.0,615.0,4600,615.0
2023-02-21,610.0,615.0,610.0,613.0,5200,613.0
2023-02-22,610.0,614.0,610.0,611.0,4100,611.0
2023-02-24,611.0,613.0,610.0,610.0,6500,610.0
2023-02-27,609.0,614.0,609.0,611.0,5500,611.0
2023-02-28,609.0,611.0,609.0,609.0,2900,609.0
2023-03-01,609.0,609.0,608.0,609.0,4400,609.0
2023-03-02,610.0,610.0,607.0,607.0,4500,607.0
2023-03-03,607.0,611.0,605.0,611.0,10800,611.0
2023-03-06,615.0,615.0,606.0,610.0,5100,610.0
2023-03-07,610.0,612.0,609.0,611.0,3700,611.0
2023-03-08,609.0,613.0,609.0,611.0,4300,611.0
2023-03-09,611.0,614.0,609.0,612.0,4400,612.0
2023-03-10,608.0,611.0,608.0,609.0,6100,609.0
2023-03-13,609.0,609.0,606.0,609.0,3600,609.0
2023-03-14,606.0,606.0,600.0,600.0,12100,600.0
2023-03-15,609.0,609.0,600.0,600.0,5100,600.0
2023-03-16,600.0,600.0,598.0,598.0,6000,598.0
2023-03-17,599.0,599.0,591.0,593.0,19700,593.0
2023-03-20,593.0,595.0,590.0,593.0,11400,593.0
2023-03-22,592.0,596.0,580.0,596.0,22400,596.0
2023-03-23,591.0,597.0,591.0,595.0,4900,595.0
2023-03-24,592.0,603.0,592.0,599.0,9700,599.0
2023-03-27,604.0,604.0,600.0,600.0,5700,600.0
2023-03-28,598.0,600.0,597.0,600.0,2400,600.0
2023-03-29,599.0,607.0,598.0,607.0,21600,607.0
2023-03-30,611.0,612.0,605.0,611.0,9600,611.0
2023-03-31,605.0,610.0,605.0,610.0,3600,610.0
2023-04-03,615.0,616.0,611.0,616.0,8500,616.0
2023-04-04,615.0,616.0,610.0,610.0,9900,610.0
2023-04-05,612.0,614.0,610.0,611.0,3900,611.0
2023-04-06,611.0,614.0,610.0,610.0,5700,610.0
2023-04-07,610.0,610.0,601.0,601.0,8200,601.0
2023-04-10,602.0,608.0,602.0,604.0,2700,604.0
2023-04-11,609.0,609.0,604.0,608.0,2600,608.0
2023-04-12,609.0,610.0,605.0,605.0,6100,605.0
2023-04-13,606.0,609.0,603.0,603.0,3800,603.0
2023-04-14,605.0,609.0,603.0,605.0,6200,605.0
2023-04-17,607.0,611.0,605.0,609.0,5700,609.0
2023-04-18,612.0,613.0,609.0,610.0,3800,610.0
2023-04-19,608.0,629.0,608.0,616.0,23400,616.0
2023-04-20,622.0,623.0,615.0,620.0,7500,620.0
2023-04-21,625.0,626.0,616.0,624.0,3900,624.0
2023-04-24,624.0,624.0,617.0,622.0,4000,622.0
2023-04-25,625.0,625.0,621.0,623.0,5100,623.0
2023-04-26,622.0,622.0,619.0,619.0,4600,619.0
2023-04-27,619.0,620.0,608.0,608.0,25900,608.0
2023-04-28,608.0,619.0,608.0,614.0,3800,614.0
2023-05-01,627.0,627.0,618.0,619.0,6400,619.0
2023-05-02,618.0,618.0,615.0,618.0,3000,618.0
2023-05-08,618.0,620.0,618.0,620.0,2400,620.0
2023-05-09,620.0,621.0,617.0,621.0,4200,621.0
2023-05-10,617.0,620.0,617.0,618.0,2800,618.0
2023-05-11,621.0,622.0,618.0,622.0,1700,622.0
2023-05-12,622.0,622.0,618.0,618.0,3000,618.0
2023-05-15,620.0,621.0,616.0,621.0,2400,621.0
2023-05-16,621.0,622.0,618.0,622.0,2100,622.0
2023-05-17,620.0,622.0,617.0,620.0,3700,620.0
2023-05-18,621.0,623.0,621.0,623.0,2500,623.0
2023-05-19,623.0,623.0,619.0,619.0,3200,619.0
2023-05-22,624.0,624.0,619.0,619.0,4000,619.0
2023-05-23,619.0,623.0,619.0,619.0,3500,619.0
2023-05-24,617.0,619.0,617.0,619.0,2400,619.0
2023-05-25,622.0,622.0,618.0,618.0,4400,618.0
2023-05-26,617.0,620.0,615.0,615.0,4200,615.0
2023-05-29,619.0,622.0,616.0,616.0,3900,616.0
2023-05-30,615.0,618.0,612.0,612.0,6800,612.0
2023-05-31,617.0,617.0,606.0,606.0,8000,606.0
2023-06-01,606.0,610.0,606.0,610.0,3600,610.0
2023-06-02,607.0,610.0,607.0,608.0,3400,608.0
2023-06-05,622.0,622.0,613.0,615.0,7800,615.0
2023-06-06,615.0,618.0,611.0,611.0,2000,611.0
2023-06-07,611.0,615.0,611.0,615.0,4600,615.0
2023-06-08,615.0,616.0,610.0,610.0,3000,610.0
2023-06-09,613.0,613.0,611.0,612.0,4200,612.0
2023-06-12,617.0,617.0,606.0,616.0,12800,616.0
2023-06-13,620.0,620.0,613.0,620.0,6600,620.0
2023-06-14,620.0,620.0,616.0,620.0,5900,620.0
2023-06-15,612.0,614.0,608.0,608.0,13000,608.0
2023-06-16,608.0,614.0,608.0,610.0,7000,610.0
2023-06-19,615.0,615.0,611.0,614.0,2500,614.0
2023-06-20,614.0,616.0,611.0,613.0,3300,613.0
2023-06-21,615.0,616.0,612.0,613.0,2800,613.0
2023-06-22,616.0,617.0,613.0,614.0,2800,614.0
2023-06-23,615.0,615.0,610.0,611.0,24300,611.0
2023-06-26,611.0,616.0,611.0,612.0,3700,612.0
2023-06-27,611.0,617.0,611.0,614.0,1900,614.0
2023-06-28,614.0,616.0,612.0,614.0,2100,614.0
2023-06-29,614.0,616.0,613.0,616.0,2900,616.0
2023-06-30,618.0,619.0,614.0,617.0,4700,617.0
2023-07-03,617.0,618.0,615.0,618.0,3100,618.0
2023-07-04,616.0,619.0,614.0,617.0,5000,617.0
2023-07-05,618.0,618.0,615.0,615.0,2500,615.0
2023-07-06,615.0,616.0,613.0,613.0,2400,613.0
2023-07-07,616.0,617.0,613.0,615.0,3200,615.0
2023-07-10,615.0,618.0,615.0,615.0,4700,615.0
2023-07-11,615.0,615.0,612.0,613.0,4900,613.0
2023-07-12,613.0,614.0,613.0,613.0,2300,613.0
2023-07-13,613.0,615.0,612.0,612.0,3200,612.0
2023-07-14,610.0,611.0,608.0,608.0,12000,608.0
2023-07-18,611.0,612.0,608.0,611.0,3500,611.0
2023-07-19,614.0,614.0,610.0,610.0,2500,610.0
2023-07-20,613.0,615.0,612.0,614.0,2100,614.0
2023-07-21,614.0,618.0,614.0,616.0,3400,616.0
2023-07-24,619.0,619.0,610.0,616.0,6000,616.0
2023-07-25,616.0,617.0,615.0,615.0,3800,615.0
2023-07-26,615.0,616.0,614.0,614.0,2000,614.0
2023-07-27,614.0,617.0,614.0,617.0,2500,617.0
2023-07-28,616.0,616.0,609.0,609.0,25100,609.0
2023-07-31,614.0,615.0,610.0,610.0,4000,610.0
2023-08-01,613.0,614.0,612.0,614.0,3100,614.0
2023-08-02,615.0,615.0,612.0,613.0,3300,613.0
2023-08-03,611.0,613.0,611.0,612.0,3700,612.0
2023-08-04,615.0,615.0,612.0,612.0,4100,612.0
2023-08-07,611.0,613.0,611.0,612.0,4900,612.0
2023-08-08,612.0,613.0,611.0,611.0,6000,611.0
2023-08-09,611.0,612.0,611.0,612.0,2800,612.0
2023-08-10,612.0,614.0,612.0,614.0,1800,614.0
2023-08-14,614.0,614.0,613.0,614.0,3500,614.0
2023-08-15,614.0,615.0,613.0,613.0,2100,613.0
2023-08-16,615.0,615.0,612.0,612.0,4900,612.0
2023-08-17,612.0,614.0,609.0,612.0,9400,612.0
2023-08-18,610.0,612.0,610.0,612.0,2400,612.0
2023-08-21,614.0,614.0,611.0,614.0,1900,614.0
2023-08-22,615.0,615.0,612.0,613.0,2900,613.0
2023-08-23,614.0,615.0,612.0,612.0,1800,612.0
2023-08-24,614.0,615.0,613.0,614.0,2300,614.0
2023-08-25,613.0,615.0,613.0,613.0,3000,613.0
2023-08-28,614.0,617.0,612.0,615.0,4700,615.0
2023-08-29,613.0,621.0,613.0,620.0,8700,620.0
2023-08-30,620.0,623.0,618.0,619.0,6200,619.0
2023-08-31,620.0,620.0,619.0,620.0,2200,620.0
2023-09-01,625.0,625.0,621.0,622.0,9100,622.0
2023-09-04,622.0,622.0,619.0,622.0,4200,622.0
2023-09-05,622.0,624.0,622.0,624.0,6100,624.0
2023-09-06,625.0,625.0,623.0,624.0,4900,624.0
2023-09-07,622.0,624.0,622.0,624.0,6900,624.0
2023-09-08,623.0,625.0,623.0,624.0,5100,624.0
2023-09-11,626.0,627.0,625.0,627.0,2900,627.0
2023-09-12,628.0,629.0,628.0,628.0,4100,628.0
2023-09-13,630.0,633.0,629.0,633.0,5700,633.0
2023-09-14,633.0,643.0,631.0,643.0,17800,643.0
2023-09-15,620.0,631.0,618.0,628.0,25400,628.0
2023-09-19,632.0,645.0,599.0,610.0,99800,610.0
2023-09-20,615.0,620.0,610.0,617.0,17100,617.0
2023-09-21,621.0,621.0,570.0,572.0,132100,572.0
2023-09-22,582.0,596.0,575.0,591.0,35200,591.0
2023-09-25,596.0,607.0,596.0,603.0,15900,603.0
2023-09-26,609.0,609.0,595.0,598.0,19600,598.0
2023-09-27,603.0,608.0,599.0,605.0,8800,605.0
2023-09-28,609.0,609.0,602.0,605.0,7100,605.0
2023-09-29,607.0,609.0,606.0,607.0,14500,607.0
2023-10-02,609.0,611.0,608.0,608.0,11400,608.0
2023-10-03,608.0,611.0,607.0,608.0,10800,608.0
2023-10-04,605.0,607.0,601.0,601.0,15100,601.0
2023-10-05,603.0,608.0,603.0,606.0,5200,606.0
2023-10-06,612.0,613.0,608.0,608.0,11900,608.0
2023-10-10,617.0,622.0,615.0,621.0,15700,621.0
2023-10-11,608.0,616.0,607.0,611.0,17000,611.0
2023-10-12,614.0,617.0,611.0,615.0,3300,615.0
2023-10-13,612.0,615.0,606.0,606.0,9400,606.0
2023-10-16,613.0,613.0,607.0,611.0,7300,611.0
2023-10-17,614.0,614.0,610.0,610.0,4700,610.0
2023-10-18,612.0,614.0,609.0,614.0,6300,614.0
2023-10-19,614.0,616.0,611.0,611.0,5800,611.0
2023-10-20,620.0,620.0,611.0,612.0,5000,612.0
2023-10-23,623.0,623.0,615.0,620.0,12900,620.0
2023-10-24,617.0,617.0,611.0,614.0,7100,614.0
2023-10-25,623.0,623.0,618.0,619.0,4900,619.0
2023-10-26,622.0,622.0,613.0,617.0,4100,617.0
2023-10-27,619.0,624.0,619.0,623.0,6200,623.0
2023-10-30,623.0,629.0,616.0,616.0,32300,616.0
2023-10-31,626.0,626.0,618.0,622.0,7800,622.0
2023-11-01,626.0,626.0,622.0,623.0,4500,623.0
2023-11-02,627.0,629.0,624.0,628.0,5300,628.0
2023-11-06,627.0,629.0,626.0,627.0,5000,627.0
2023-11-07,628.0,635.0,628.0,635.0,7300,635.0
2023-11-08,635.0,635.0,630.0,630.0,3600,630.0
2023-11-09,635.0,635.0,630.0,632.0,3700,632.0
2023-11-10,633.0,637.0,633.0,637.0,3800,637.0
2023-11-13,638.0,641.0,636.0,638.0,6800,638.0
2023-11-14,641.0,641.0,636.0,636.0,7900,636.0
2023-11-15,632.0,637.0,632.0,633.0,7000,633.0
2023-11-16,633.0,635.0,629.0,629.0,5500,629.0
2023-11-17,630.0,633.0,629.0,629.0,4500,629.0
2023-11-20,629.0,636.0,628.0,628.0,7300,628.0
2023-11-21,633.0,633.0,629.0,630.0,2300,630.0
2023-11-22,632.0,632.0,628.0,632.0,2700,632.0
2023-11-24,632.0,634.0,627.0,630.0,9800,630.0
2023-11-27,632.0,634.0,630.0,630.0,3600,630.0
2023-11-28,627.0,633.0,627.0,633.0,8300,633.0
2023-11-29,633.0,635.0,633.0,635.0,6600,635.0
2023-11-30,635.0,639.0,633.0,634.0,4700,634.0
2023-12-01,639.0,639.0,635.0,636.0,4700,636.0
2023-12-04,640.0,640.0,636.0,640.0,7800,640.0
2023-12-05,640.0,641.0,638.0,639.0,5100,639.0
2023-12-06,639.0,641.0,638.0,641.0,6500,641.0
2023-12-07,643.0,643.0,641.0,643.0,4200,643.0
2023-12-08,641.0,644.0,641.0,644.0,8200,644.0
2023-12-11,645.0,646.0,643.0,643.0,11000,643.0
2023-12-12,647.0,647.0,643.0,644.0,5300,644.0
2023-12-13,648.0,649.0,646.0,648.0,5500,648.0
2023-12-14,647.0,649.0,646.0,646.0,7000,646.0
2023-12-15,645.0,645.0,635.0,635.0,20700,635.0
2023-12-18,635.0,649.0,631.0,649.0,19600,649.0
2023-12-19,648.0,661.0,644.0,658.0,18900,658.0
2023-12-20,655.0,661.0,655.0,657.0,6800,657.0
2023-12-21,657.0,669.0,657.0,669.0,14900,669.0
2023-12-22,670.0,670.0,665.0,665.0,12800,665.0
2023-12-25,668.0,668.0,661.0,667.0,34100,667.0
2023-12-26,668.0,668.0,646.0,656.0,24500,656.0
2023-12-27,659.0,668.0,653.0,668.0,12700,668.0
2023-12-28,668.0,680.0,667.0,676.0,28200,676.0
2023-12-29,675.0,679.0,671.0,676.0,10800,676.0
2024-01-04,679.0,680.0,670.0,680.0,40500,680.0
2024-01-05,680.0,683.0,680.0,680.0,19000,680.0
2024-01-09,690.0,693.0,683.0,691.0,26500,691.0
2024-01-10,693.0,700.0,692.0,700.0,33100,700.0
2024-01-11,702.0,704.0,684.0,685.0,123600,685.0
2024-01-12,695.0,695.0,683.0,683.0,36900,683.0
2024-01-15,685.0,695.0,685.0,691.0,26200,691.0
2024-01-16,696.0,699.0,693.0,699.0,17200,699.0
2024-01-17,700.0,703.0,699.0,700.0,21500,700.0
2024-01-18,704.0,704.0,702.0,702.0,17400,702.0
2024-01-19,704.0,704.0,695.0,700.0,42200,700.0
2024-01-22,705.0,710.0,703.0,708.0,34300,708.0
2024-01-23,710.0,713.0,710.0,711.0,23000,711.0
2024-01-24,713.0,714.0,710.0,714.0,23000,714.0
2024-01-25,712.0,715.0,710.0,714.0,29700,714.0
2024-01-26,714.0,716.0,711.0,715.0,36100,715.0
2024-01-29,729.0,730.0,721.0,727.0,94000,727.0
2024-01-30,657.0,683.0,654.0,662.0,205200,662.0
2024-01-31,663.0,663.0,640.0,649.0,68100,649.0
2024-02-01,649.0,659.0,639.0,640.0,74600,640.0
2024-02-02,644.0,653.0,641.0,645.0,20800,645.0
2024-02-05,646.0,648.0,635.0,641.0,33200,641.0
2024-02-06,639.0,639.0,624.0,624.0,38000,624.0
2024-02-07,629.0,629.0,617.0,619.0,25300,619.0
2024-02-08,618.0,623.0,616.0,619.0,15200,619.0
2024-02-09,616.0,627.0,616.0,621.0,9200,621.0
2024-02-13,621.0,640.0,621.0,631.0,31800,631.0
2024-02-14,630.0,632.0,622.0,624.0,10000,624.0
2024-02-15,624.0,632.0,616.0,616.0,11300,616.0
2024-02-16,616.0,622.0,616.0,622.0,8700,622.0
2024-02-19,619.0,629.0,619.0,628.0,9100,628.0
2024-02-20,626.0,629.0,625.0,626.0,5100,626.0
2024-02-21,628.0,628.0,624.0,624.0,5700,624.0
2024-02-22,628.0,628.0,623.0,623.0,6800,623.0
2024-02-26,623.0,629.0,621.0,621.0,12600,621.0
2024-02-27,623.0,624.0,617.0,617.0,13900,617.0
2024-02-28,620.0,627.0,620.0,625.0,10100,625.0
2024-02-29,622.0,625.0,620.0,621.0,3400,621.0
2024-03-01,621.0,623.0,616.0,617.0,13500,617.0
2024-03-04,617.0,618.0,612.0,614.0,17100,614.0
2024-03-05,614.0,615.0,612.0,615.0,3600,615.0
2024-03-06,612.0,621.0,612.0,615.0,11700,615.0
2024-03-07,622.0,622.0,616.0,616.0,5200,616.0
2024-03-08,624.0,625.0,615.0,615.0,13900,615.0
2024-03-11,615.0,619.0,615.0,617.0,10000,617.0
2024-03-12,618.0,620.0,616.0,619.0,2600,619.0
2024-03-13,617.0,622.0,617.0,621.0,5400,621.0
2024-03-14,621.0,623.0,617.0,623.0,5900,623.0
2024-03-15,617.0,623.0,617.0,618.0,5600,618.0
2024-03-18,618.0,619.0,617.0,618.0,5500,618.0
2024-03-19,618.0,623.0,618.0,622.0,5800,622.0
2024-03-21,620.0,626.0,619.0,622.0,11600,622.0
2024-03-22,626.0,626.0,620.0,621.0,7100,621.0
2024-03-25,621.0,626.0,621.0,626.0,8900,626.0
2024-03-26,626.0,626.0,623.0,625.0,5500,625.0
2024-03-27,625.0,629.0,625.0,625.0,8900,625.0
2024-03-28,625.0,629.0,625.0,625.0,8900,625.0
2024-03-29,627.0,630.0,627.0,630.0,3300,630.0
2024-04-01,630.0,634.0,630.0,634.0,6100,634.0
2024-04-02,640.0,640.0,626.0,627.0,9200,627.0
2024-04-03,627.0,628.0,626.0,626.0,2800,626.0
2024-04-04,628.0,628.0,626.0,627.0,3600,627.0
2024-04-05,626.0,627.0,622.0,623.0,5100,623.0
2024-04-08,623.0,623.0,620.0,620.0,7700,620.0
2024-04-09,621.0,623.0,620.0,620.0,4100,620.0
2024-04-10,624.0,624.0,621.0,621.0,4800,621.0
2024-04-11,623.0,624.0,621.0,623.0,3400,623.0
2024-04-12,625.0,625.0,622.0,622.0,5500,622.0
2024-04-15,622.0,623.0,621.0,621.0,7600,621.0
2024-04-16,621.0,621.0,619.0,619.0,10200,619.0
2024-04-17,620.0,621.0,618.0,620.0,3100,620.0
2024-04-18,621.0,624.0,621.0,622.0,4200,622.0
2024-04-19,626.0,628.0,623.0,623.0,43000,623.0
2024-04-22,620.0,623.0,620.0,621.0,7400,621.0
2024-04-23,620.0,624.0,620.0,622.0,2700,622.0
2024-04-24,622.0,622.0,620.0,620.0,6000,620.0
2024-04-25,621.0,623.0,620.0,620.0,4000,620.0
2024-04-26,620.0,622.0,615.0,615.0,25300,615.0
2024-04-30,620.0,620.0,615.0,618.0,5900,618.0
2024-05-01,617.0,618.0,617.0,618.0,5500,618.0
2024-05-02,617.0,619.0,617.0,617.0,4500,617.0
2024-05-07,619.0,621.0,618.0,618.0,7300,618.0
2024-05-08,618.0,620.0,617.0,618.0,4600,618.0
2024-05-09,620.0,620.0,617.0,617.0,3700,617.0
2024-05-10,617.0,620.0,616.0,618.0,4900,618.0
2024-05-13,617.0,619.0,616.0,619.0,3600,619.0
2024-05-14,618.0,619.0,616.0,619.0,4100,619.0
2024-05-15,619.0,620.0,616.0,616.0,2600,616.0
2024-05-16,619.0,619.0,616.0,618.0,2200,618.0
2024-05-17,619.0,620.0,615.0,618.0,4000,618.0
2024-05-20,617.0,619.0,616.0,619.0,3100,619.0
2024-05-21,619.0,619.0,617.0,618.0,2100,618.0
2024-05-22,619.0,620.0,615.0,616.0,7200,616.0
2024-05-23,619.0,620.0,617.0,620.0,1300,620.0
2024-05-24,620.0,620.0,616.0,619.0,2800,619.0
2024-05-27,620.0,620.0,618.0,620.0,3000,620.0
2024-05-28,620.0,621.0,618.0,621.0,3900,621.0
2024-05-29,622.0,622.0,618.0,618.0,2700,618.0
2024-05-30,618.0,624.0,618.0,624.0,3200,624.0
2024-05-31,624.0,624.0,619.0,623.0,2300,623.0
2024-06-03,621.0,629.0,621.0,629.0,5900,629.0
2024-06-04,629.0,629.0,625.0,629.0,2400,629.0
2024-06-05,629.0,629.0,625.0,625.0,2000,625.0
2024-06-06,625.0,627.0,624.0,627.0,3800,627.0
2024-06-07,626.0,627.0,620.0,626.0,9500,626.0
2024-06-10,626.0,629.0,626.0,629.0,2500,629.0
2024-06-11,631.0,631.0,628.0,629.0,2100,629.0
2024-06-12,631.0,631.0,627.0,627.0,2900,627.0
2024-06-13,626.0,630.0,625.0,630.0,3000,630.0
2024-06-14,625.0,635.0,624.0,635.0,8100,635.0
2024-06-17,630.0,634.0,620.0,621.0,23000,621.0
2024-06-18,621.0,626.0,620.0,622.0,3900,622.0
2024-06-19,620.0,623.0,620.0,622.0,5800,622.0
2024-06-20,626.0,626.0,620.0,620.0,4400,620.0
2024-06-21,620.0,623.0,620.0,620.0,3800,620.0
2024-06-24,620.0,628.0,620.0,625.0,3400,625.0
2024-06-25,625.0,628.0,624.0,624.0,3000,624.0
2024-06-26,625.0,628.0,623.0,628.0,2100,628.0
2024-06-27,628.0,629.0,625.0,625.0,3900,625.0
2024-06-28,629.0,630.0,627.0,627.0,1600,627.0
2024-07-01,631.0,631.0,628.0,630.0,3000,630.0
2024-07-02,633.0,633.0,629.0,629.0,4900,629.0
2024-07-03,632.0,633.0,629.0,630.0,4300,630.0
2024-07-04,633.0,633.0,629.0,633.0,2800,633.0
2024-07-05,634.0,635.0,630.0,632.0,3200,632.0
2024-07-08,632.0,636.0,632.0,633.0,3100,633.0
2024-07-09,632.0,633.0,630.0,630.0,3500,630.0
2024-07-10,634.0,635.0,630.0,630.0,5000,630.0
2024-07-11,633.0,636.0,630.0,630.0,4000,630.0
2024-07-12,631.0,636.0,630.0,632.0,4600,632.0
2024-07-16,637.0,637.0,632.0,632.0,2500,632.0
2024-07-17,632.0,634.0,631.0,631.0,3100,631.0
2024-07-18,632.0,633.0,630.0,630.0,4200,630.0
2024-07-19,630.0,630.0,626.0,626.0,6000,626.0
2024-07-22,631.0,631.0,612.0,615.0,41700,615.0
2024-07-23,616.0,629.0,616.0,627.0,5100,627.0
2024-07-24,635.0,635.0,599.0,609.0,74200,609.0
2024-07-25,610.0,618.0,601.0,610.0,24400,610.0
2024-07-26,615.0,616.0,614.0,614.0,2700,614.0
2024-07-29,618.0,624.0,615.0,624.0,5800,624.0
2024-07-30,618.0,621.0,600.0,600.0,42200,600.0
2024-07-31,605.0,615.0,605.0,615.0,11700,615.0
2024-08-01,615.0,615.0,596.0,603.0,31900,603.0
2024-08-02,601.0,601.0,588.0,596.0,38300,596.0
2024-08-05,590.0,590.0,550.0,550.0,65300,550.0
2024-08-06,565.0,594.0,565.0,587.0,15700,587.0
2024-08-07,588.0,596.0,585.0,594.0,9000,594.0
2024-08-08,597.0,600.0,590.0,590.0,9700,590.0
2024-08-09,592.0,598.0,590.0,590.0,5400,590.0
2024-08-13,600.0,605.0,599.0,600.0,7700,600.0
2024-08-14,601.0,607.0,601.0,602.0,3800,602.0
2024-08-15,608.0,608.0,602.0,607.0,3800,607.0
2024-08-16,611.0,611.0,603.0,603.0,8200,603.0
2024-08-19,608.0,609.0,604.0,608.0,5000,608.0
2024-08-20,614.0,614.0,608.0,613.0,3000,613.0
2024-08-21,610.0,613.0,609.0,609.0,2300,609.0
2024-08-22,610.0,611.0,610.0,610.0,2400,610.0
2024-08-23,613.0,620.0,612.0,617.0,12800,617.0
2024-08-26,618.0,619.0,615.0,619.0,4000,619.0
2024-08-27,617.0,621.0,617.0,621.0,7600,621.0
2024-08-28,620.0,621.0,618.0,619.0,3800,619.0
2024-08-29,618.0,620.0,617.0,618.0,3900,618.0
2024-08-30,620.0,625.0,618.0,620.0,10300,620.0
2024-09-02,625.0,625.0,620.0,624.0,3400,624.0
2024-09-03,625.0,625.0,620.0,623.0,3000,623.0
2024-09-04,620.0,622.0,619.0,621.0,5900,621.0
2024-09-05,619.0,623.0,619.0,623.0,3400,623.0
2024-09-06,623.0,624.0,620.0,620.0,2600,620.0
2024-09-09,618.0,619.0,614.0,617.0,7800,617.0
2024-09-10,619.0,620.0,615.0,620.0,4200,620.0
2024-09-11,618.0,618.0,611.0,613.0,3900,613.0
2024-09-12,618.0,621.0,615.0,618.0,3400,618.0
2024-09-13,618.0,619.0,615.0,615.0,4000,615.0
2024-09-17,615.0,627.0,615.0,616.0,15100,616.0
2024-09-18,620.0,641.0,620.0,629.0,19700,629.0
2024-09-19,631.0,636.0,631.0,632.0,6000,632.0
2024-09-20,638.0,643.0,635.0,641.0,11800,641.0
2024-09-24,643.0,650.0,641.0,647.0,21300,647.0
2024-09-25,647.0,649.0,644.0,649.0,7900,649.0
2024-09-26,650.0,668.0,647.0,664.0,31800,664.0
2024-09-27,668.0,672.0,655.0,661.0,11400,661.0
2024-09-30,654.0,661.0,642.0,651.0,20000,651.0
2024-10-01,670.0,672.0,658.0,668.0,8400,668.0
2024-10-02,670.0,670.0,665.0,666.0,7500,666.0
2024-10-03,666.0,669.0,661.0,661.0,4600,661.0
2024-10-04,660.0,664.0,660.0,661.0,2300,661.0
2024-10-07,667.0,670.0,662.0,663.0,7500,663.0
2024-10-08,665.0,666.0,663.0,663.0,2300,663.0
2024-10-09,663.0,666.0,660.0,661.0,4100,661.0
2024-10-10,661.0,661.0,652.0,655.0,7400,655.0
2024-10-11,655.0,658.0,654.0,654.0,2700,654.0
2024-10-15,659.0,664.0,656.0,658.0,5700,658.0
2024-10-16,660.0,661.0,657.0,657.0,2800,657.0
2024-10-17,664.0,665.0,659.0,660.0,2200,660.0
2024-10-18,665.0,666.0,657.0,658.0,4500,658.0
2024-10-21,659.0,663.0,658.0,658.0,4200,658.0
2024-10-22,665.0,677.0,658.0,660.0,18900,660.0
2024-10-23,662.0,665.0,662.0,663.0,4200,663.0
2024-10-24,665.0,671.0,665.0,667.0,7400,667.0
2024-10-25,668.0,670.0,657.0,657.0,6500,657.0
2024-10-28,661.0,664.0,652.0,652.0,7400,652.0
2024-10-29,652.0,656.0,651.0,652.0,7700,652.0
2024-10-30,652.0,658.0,641.0,641.0,46500,641.0
2024-10-31,650.0,650.0,638.0,643.0,7600,643.0
2024-11-01,650.0,656.0,646.0,656.0,4600,656.0
2024-11-05,660.0,668.0,660.0,668.0,6000,668.0
2024-11-06,669.0,669.0,660.0,663.0,5500,663.0
2024-11-07,672.0,672.0,667.0,668.0,3900,668.0
2024-11-08,669.0,682.0,669.0,682.0,13700,682.0
2024-11-11,682.0,687.0,681.0,687.0,12700,687.0
2024-11-12,688.0,690.0,681.0,684.0,10100,684.0
2024-11-13,692.0,692.0,684.0,691.0,9300,691.0
2024-11-14,691.0,692.0,687.0,690.0,5300,690.0
2024-11-15,690.0,690.0,676.0,676.0,8600,676.0
2024-11-18,677.0,683.0,675.0,677.0,4000,677.0
2024-11-19,677.0,680.0,675.0,679.0,3500,679.0
2024-11-20,680.0,687.0,680.0,683.0,4600,683.0
2024-11-21,686.0,686.0,680.0,682.0,2000,682.0
2024-11-22,681.0,685.0,681.0,685.0,1500,685.0
2024-11-25,689.0,689.0,686.0,687.0,4800,687.0
2024-11-26,687.0,687.0,683.0,685.0,2300,685.0
2024-11-27,682.0,686.0,660.0,661.0,20900,661.0
2024-11-28,665.0,677.0,665.0,668.0,6900,668.0
2024-11-29,667.0,681.0,667.0,680.0,7300,680.0
2024-12-02,684.0,684.0,677.0,682.0,5500,682.0
2024-12-03,684.0,684.0,676.0,677.0,8200,677.0
2024-12-04,678.0,683.0,670.0,675.0,16100,675.0
2024-12-05,676.0,681.0,671.0,681.0,6100,681.0
2024-12-06,685.0,686.0,683.0,684.0,23300,684.0
2024-12-09,685.0,689.0,685.0,689.0,9200,689.0
2024-12-10,689.0,691.0,688.0,691.0,4400,691.0
2024-12-11,692.0,692.0,689.0,691.0,4800,691.0
2024-12-12,691.0,691.0,689.0,691.0,4600,691.0
2024-12-13,689.0,693.0,689.0,693.0,4500,693.0
2024-12-16,700.0,700.0,690.0,700.0,24300,700.0
2024-12-17,700.0,700.0,697.0,700.0,13700,700.0
2024-12-18,700.0,702.0,699.0,700.0,21800,700.0
2024-12-19,702.0,702.0,699.0,700.0,5800,700.0
2024-12-20,700.0,702.0,698.0,698.0,6800,698.0
2024-12-23,701.0,703.0,699.0,703.0,8200,703.0
2024-12-24,705.0,709.0,703.0,709.0,17800,709.0
2024-12-25,709.0,709.0,701.0,702.0,15700,702.0
2024-12-26,705.0,710.0,704.0,710.0,17300,710.0
2024-12-27,714.0,741.0,710.0,727.0,73100,727.0
2024-12-30,727.0,728.0,720.0,728.0,17000,728.0
2025-01-06,729.0,731.0,721.0,731.0,47200,731.0
2025-01-07,730.0,731.0,725.0,728.0,17500,728.0
2025-01-08,729.0,729.0,727.0,727.0,10200,727.0
2025-01-09,726.0,726.0,715.0,715.0,28500,715.0
2025-01-10,716.0,718.0,712.0,712.0,13300,712.0
2025-01-14,712.0,717.0,711.0,713.0,17700,713.0
2025-01-15,712.0,714.0,703.0,703.0,22000,703.0
2025-01-16,703.0,705.0,690.0,690.0,33400,690.0
2025-01-17,690.0,690.0,680.0,680.0,31100,680.0
2025-01-20,682.0,684.0,681.0,681.0,21300,681.0
2025-01-21,683.0,684.0,680.0,681.0,26400,681.0
2025-01-22,682.0,684.0,681.0,681.0,26300,681.0
2025-01-23,683.0,687.0,683.0,687.0,19800,687.0
2025-01-24,688.0,689.0,685.0,688.0,21400,688.0
2025-01-27,688.0,691.0,687.0,691.0,36900,691.0
2025-01-28,692.0,698.0,691.0,696.0,37400,696.0
2025-01-29,698.0,705.0,698.0,705.0,68500,705.0
2025-01-30,649.0,651.0,628.0,628.0,181100,628.0
2025-01-31,628.0,632.0,623.0,630.0,49300,630.0
2025-02-03,632.0,644.0,631.0,636.0,23200,636.0
2025-02-04,634.0,635.0,626.0,626.0,17200,626.0
2025-02-05,626.0,626.0,615.0,615.0,34900,615.0
2025-02-06,616.0,627.0,616.0,627.0,11300,627.0
2025-02-07,627.0,637.0,623.0,634.0,20000,634.0
2025-02-10,630.0,640.0,630.0,637.0,21200,637.0
2025-02-12,640.0,640.0,631.0,631.0,5200,631.0
2025-02-13,636.0,636.0,630.0,630.0,3300,630.0
2025-02-14,635.0,635.0,631.0,633.0,9900,633.0
2025-02-17,636.0,636.0,628.0,629.0,6500,629.0
2025-02-18,628.0,631.0,626.0,626.0,3200,626.0
2025-02-19,626.0,628.0,625.0,627.0,4400,627.0
2025-02-20,625.0,631.0,624.0,624.0,8100,624.0
2025-02-21,623.0,634.0,623.0,623.0,9300,623.0
2025-02-25,623.0,626.0,620.0,620.0,7900,620.0
2025-02-26,620.0,630.0,620.0,620.0,12800,620.0
2025-02-27,625.0,625.0,623.0,623.0,1700,623.0
2025-02-28,624.0,624.0,620.0,620.0,2000,620.0
2025-03-03,621.0,624.0,620.0,620.0,5500,620.0
2025-03-04,619.0,621.0,619.0,620.0,2500,620.0
2025-03-05,620.0,622.0,619.0,620.0,2800,620.0
2025-03-06,624.0,625.0,620.0,621.0,7700,621.0
2025-03-07,621.0,623.0,620.0,623.0,4600,623.0
2025-03-10,623.0,625.0,620.0,623.0,2600,623.0
2025-03-11,622.0,622.0,618.0,620.0,4600,620.0
2025-03-12,620.0,621.0,618.0,621.0,3700,621.0
2025-03-13,621.0,623.0,619.0,620.0,3800,620.0
2025-03-14,620.0,622.0,619.0,619.0,2300,619.0
2025-03-17,628.0,637.0,625.0,637.0,20800,637.0
2025-03-18,648.0,648.0,626.0,633.0,45900,633.0
2025-03-19,626.0,634.0,625.0,628.0,10600,628.0
2025-03-21,630.0,630.0,625.0,628.0,5900,628.0
2025-03-24,628.0,630.0,622.0,625.0,7700,625.0
2025-03-25,624.0,632.0,624.0,626.0,10200,626.0
2025-03-26,627.0,632.0,627.0,632.0,7900,632.0
2025-03-27,632.0,633.0,630.0,630.0,3200,630.0
2025-03-28,630.0,635.0,629.0,634.0,2200,634.0
2025-03-31,634.0,634.0,628.0,628.0,4600,628.0
2025-04-01,628.0,633.0,627.0,627.0,2500,627.0
2025-04-02,627.0,628.0,624.0,625.0,3700,625.0
2025-04-03,623.0,625.0,620.0,620.0,9400,620.0
2025-04-04,619.0,620.0,608.0,611.0,19700,611.0
2025-04-07,595.0,599.0,568.0,568.0,60300,568.0
2025-04-08,602.0,603.0,590.0,599.0,10100,599.0
2025-04-09,591.0,600.0,589.0,598.0,6200,598.0
2025-04-10,601.0,611.0,601.0,604.0,13500,604.0
2025-04-11,608.0,610.0,600.0,608.0,4200,608.0
2025-04-14,610.0,613.0,610.0,613.0,4600,613.0
2025-04-15,616.0,616.0,613.0,614.0,3000,614.0
2025-04-16,615.0,617.0,614.0,614.0,2100,614.0
2025-04-17,615.0,650.0,612.0,640.0,56300,640.0
2025-04-18,639.0,640.0,618.0,634.0,12000,634.0
2025-04-21,639.0,639.0,635.0,636.0,3700,636.0
2025-04-22,637.0,658.0,621.0,628.0,28800,628.0
2025-04-23,628.0,641.0,628.0,632.0,12300,632.0
2025-04-24,635.0,654.0,632.0,651.0,38400,651.0
2025-04-25,641.0,645.0,640.0,643.0,3200,643.0
2025-04-28,639.0,643.0,638.0,638.0,2900,638.0
2025-04-30,638.0,645.0,638.0,645.0,4100,645.0
2025-05-01,640.0,660.0,626.0,639.0,81900,639.0
2025-05-02,638.0,638.0,632.0,635.0,2300,635.0
2025-05-07,632.0,638.0,632.0,633.0,2500,633.0
2025-05-08,633.0,640.0,633.0,640.0,3900,640.0
2025-05-09,640.0,646.0,638.0,645.0,5400,645.0
2025-05-12,644.0,647.0,640.0,640.0,3800,640.0
2025-05-13,641.0,645.0,641.0,642.0,2500,642.0
2025-05-14,640.0,644.0,635.0,641.0,3700,641.0
2025-05-15,643.0,644.0,639.0,641.0,2900,641.0
2025-05-16,640.0,643.0,638.0,643.0,2900,643.0
2025-05-19,643.0,644.0,640.0,643.0,3800,643.0
2025-05-20,643.0,643.0,639.0,640.0,2000,640.0
2025-05-21,639.0,650.0,639.0,640.0,8800,640.0
2025-05-22,640.0,642.0,640.0,640.0,1200,640.0
2025-05-23,643.0,643.0,640.0,640.0,2200,640.0
2025-05-26,640.0,643.0,638.0,642.0,1500,642.0
2025-05-27,644.0,644.0,637.0,639.0,2100,639.0
2025-05-28,639.0,644.0,637.0,640.0,2100,640.0
2025-05-29,640.0,641.0,640.0,641.0,1100,641.0
2025-05-30,640.0,642.0,635.0,636.0,4000,636.0
2025-06-02,638.0,639.0,635.0,635.0,2000,635.0
2025-06-03,637.0,644.0,636.0,644.0,2800,644.0
2025-06-04,645.0,649.0,641.0,649.0,2000,649.0
2025-06-05,649.0,649.0,640.0,642.0,2000,642.0
2025-06-06,642.0,644.0,642.0,642.0,1500,642.0
2025-06-09,644.0,646.0,643.0,646.0,2100,646.0
2025-06-10,645.0,648.0,643.0,645.0,2300,645.0
2025-06-11,645.0,646.0,642.0,644.0,2200,644.0
2025-06-12,647.0,647.0,642.0,647.0,3000,647.0
2025-06-13,643.0,651.0,639.0,645.0,16700,645.0
2025-06-16,636.0,640.0,636.0,636.0,9000,636.0
2025-06-17,645.0,645.0,636.0,636.0,1800,636.0
2025-06-18,640.0,643.0,638.0,639.0,2900,639.0
2025-06-19,639.0,644.0,639.0,643.0,1600,643.0
2025-06-20,640.0,640.0,638.0,639.0,900,639.0
2025-06-23,638.0,639.0,628.0,633.0,12400,633.0
2025-06-24,632.0,635.0,632.0,634.0,1300,634.0
2025-06-25,634.0,634.0,620.0,627.0,10000,627.0
2025-06-26,629.0,635.0,629.0,635.0,2700,635.0
2025-06-27,636.0,640.0,625.0,625.0,6900,625.0
2025-06-30,642.0,642.0,628.0,631.0,2400,631.0
2025-07-01,638.0,639.0,632.0,633.0,1700,633.0
2025-07-02,633.0,639.0,631.0,639.0,1900,639.0
2025-07-03,639.0,639.0,634.0,634.0,1400,634.0
2025-07-04,638.0,640.0,634.0,638.0,1000,638.0
2025-07-07,640.0,640.0,635.0,636.0,1700,636.0
2025-07-08,640.0,640.0,635.0,637.0,1900,637.0
2025-07-09,640.0,640.0,633.0,633.0,3600,633.0
2025-07-10,638.0,638.0,632.0,632.0,4500,632.0
2025-07-11,632.0,638.0,632.0,633.0,2700,633.0
2025-07-14,633.0,637.0,633.0,633.0,4900,633.0
2025-07-15,632.0,634.0,631.0,631.0,2800,631.0
2025-07-16,636.0,636.0,631.0,631.0,2300,631.0
2025-07-17,633.0,635.0,630.0,630.0,2500,630.0
2025-07-18,630.0,632.0,630.0,630.0,4200,630.0
2025-07-22,634.0,634.0,629.0,629.0,5000,629.0
2025-07-23,629.0,631.0,629.0,630.0,4700,630.0
2025-07-24,632.0,633.0,630.0,630.0,4200,630.0
2025-07-25,631.0,632.0,631.0,631.0,3700,631.0
2025-07-28,637.0,637.0,632.0,632.0,2700,632.0
2025-07-29,633.0,637.0,633.0,633.0,4500,633.0
2025-07-30,633.0,636.0,632.0,633.0,4600,633.0
2025-07-31,635.0,640.0,634.0,637.0,4100,637.0
2025-08-01,638.0,640.0,636.0,639.0,6100,639.0
2025-08-04,640.0,640.0,639.0,639.0,4700,639.0
2025-08-05,639.0,650.0,639.0,641.0,7000,641.0
2025-08-06,645.0,650.0,644.0,650.0,11400,650.0
2025-08-07,650.0,654.0,646.0,652.0,7400,652.0
2025-08-08,652.0,655.0,652.0,653.0,5200,653.0
2025-08-12,654.0,656.0,622.0,641.0,64200,641.0
2025-08-13,640.0,646.0,635.0,641.0,6300,641.0
2025-08-14,641.0,646.0,634.0,635.0,8700,635.0
2025-08-15,641.0,648.0,636.0,639.0,2800,639.0
2025-08-18,647.0,650.0,641.0,645.0,7000,645.0
2025-08-19,650.0,651.0,645.0,645.0,3700,645.0
2025-08-20,645.0,650.0,642.0,642.0,5800,642.0
2025-08-21,645.0,650.0,640.0,643.0,7200,643.0
2025-08-22,646.0,647.0,630.0,638.0,20600,638.0
2025-08-25,639.0,645.0,639.0,643.0,6900,643.0
2025-08-26,647.0,650.0,644.0,645.0,3600,645.0
2025-08-27,653.0,653.0,646.0,651.0,5400,651.0
2025-08-28,651.0,653.0,650.0,653.0,5700,653.0
2025-08-29,650.0,654.0,644.0,653.0,9500,653.0
2025-09-01,653.0,653.0,640.0,644.0,26600,644.0
2025-09-02,645.0,649.0,641.0,643.0,10300,643.0
2025-09-03,645.0,647.0,639.0,645.0,14200,645.0
2025-09-04,649.0,654.0,647.0,654.0,7200,654.0
2025-09-05,654.0,655.0,651.0,653.0,5000,653.0
2025-09-08,653.0,658.0,651.0,658.0,4700,658.0
2025-09-09,659.0,659.0,655.0,656.0,6200,656.0
2025-09-10,656.0,660.0,656.0,660.0,3100,660.0
2025-09-11,658.0,659.0,656.0,657.0,3800,657.0
2025-09-12,660.0,661.0,657.0,657.0,6500,657.0
2025-09-16,659.0,673.0,659.0,673.0,19500,673.0
2025-09-17,678.0,680.0,671.0,675.0,9500,675.0
2025-09-18,675.0,677.0,673.0,673.0,5500,673.0
2025-09-19,674.0,676.0,668.0,672.0,12800,672.0
2025-09-22,675.0,680.0,674.0,675.0,7600,675.0
2025-09-24,678.0,690.0,676.0,686.0,17600,686.0
2025-09-25,690.0,694.0,688.0,693.0,19000,693.0
2025-09-26,693.0,700.0,693.0,696.0,17700,696.0
2025-09-29,700.0,701.0,696.0,696.0,12000,696.0
2025-09-30,697.0,699.0,696.0,698.0,3200,698.0
2025-10-01,700.0,700.0,693.0,693.0,6300,693.0
2025-10-02,698.0,698.0,685.0,685.0,4300,685.0
2025-10-03,687.0,690.0,686.0,686.0,2900,686.0
2025-10-06,693.0,694.0,687.0,687.0,4200,687.0
2025-10-07,689.0,693.0,688.0,688.0,3500,688.0
2025-10-08,688.0,691.0,688.0,689.0,2500,689.0
2025-10-09,693.0,693.0,686.0,691.0,11200,691.0
2025-10-10,692.0,692.0,687.0,688.0,2600,688.0
2025-10-14,684.0,689.0,681.0,687.0,5600,687.0
2025-10-15,686.0,690.0,684.0,687.0,4500,687.0
2025-10-16,693.0,693.0,689.0,690.0,2600,690.0
2025-10-17,690.0,695.0,688.0,692.0,3600,692.0
2025-10-20,695.0,695.0,687.0,690.0,6400,690.0
2025-10-21,697.0,697.0,692.0,692.0,3700,692.0
2025-10-22,694.0,695.0,690.0,691.0,3200,691.0
2025-10-23,690.0,693.0,690.0,692.0,2900,692.0
2025-10-24,695.0,696.0,694.0,694.0,2900,694.0
2025-10-27,697.0,697.0,694.0,694.0,3300,694.0
2025-10-28,698.0,699.0,691.0,693.0,7200,693.0
2025-10-29,700.0,700.0,691.0,692.0,7400,692.0
2025-10-30,694.0,694.0,691.0,693.0,3100,693.0
2025-10-31,693.0,693.0,691.0,692.0,1700,692.0
2025-11-04,698.0,698.0,693.0,694.0,4800,694.0
2025-11-05,695.0,695.0,692.0,694.0,2500,694.0
2025-11-06,697.0,699.0,694.0,694.0,3100,694.0
2025-11-07,697.0,697.0,693.0,694.0,1600,694.0
2025-11-10,695.0,696.0,694.0,694.0,2800,694.0
2025-11-11,694.0,700.0,693.0,695.0,5600,695.0
2025-11-12,699.0,699.0,694.0,697.0,1600,697.0
2025-11-13,699.0,699.0,696.0,697.0,1200,697.0
