Date,Open,High,Low,Close,Volume,Adj Close
2012-10-23,129.805,134.188,124.838,127.178,6144094.0,127.178
2012-10-24,129.215,142.374,129.215,139.162,5241057.0,139.162
2012-10-25,139.162,139.458,131.265,132.433,1653179.0,132.433
2012-10-26,133.307,135.357,131.56,131.855,532929.0,131.855
2012-10-29,133.025,134.188,131.855,133.892,345824.0,133.892
2012-10-30,134.483,135.061,131.855,132.433,263384.0,132.433
2012-10-31,132.433,133.025,129.805,131.855,510010.0,131.855
2012-11-01,132.131,132.721,130.671,131.265,169320.0,131.265
2012-11-02,131.855,133.594,130.671,133.307,245941.0,133.307
2012-11-05,134.188,136.519,133.025,134.483,406366.0,134.483
2012-11-06,135.948,136.229,134.483,135.948,384819.0,135.948
2012-11-07,135.948,135.948,133.025,133.307,373530.0,133.307
2012-11-08,132.721,133.025,131.265,131.56,224052.0,131.56
2012-11-09,131.56,132.721,130.391,131.855,315722.0,131.855
2012-11-12,132.433,133.307,131.265,132.721,101592.0,132.721
2012-11-13,132.131,132.433,129.508,130.671,292458.0,130.671
2012-11-14,130.391,130.975,127.767,130.095,243202.0,130.095
2012-11-15,133.025,135.061,131.855,133.025,587656.0,133.025
2012-11-16,133.594,134.483,130.671,132.721,530875.0,132.721
2012-11-20,135.061,135.357,133.892,134.765,252099.0,134.765
2012-11-21,135.061,135.061,133.892,134.483,259627.0,134.483
2012-11-22,135.061,140.325,135.061,137.106,1425707.0,137.106
2012-11-26,138.865,141.494,133.892,136.823,1389453.0,136.823
2012-11-27,135.639,137.4,133.892,135.948,489832.0,135.948
2012-11-28,135.948,137.985,135.357,137.985,334876.0,137.985
2012-11-29,137.985,144.411,137.985,144.411,1067911.0,144.411
2012-11-30,144.707,146.751,143.255,145.016,1304958.0,145.016
2012-12-03,147.052,151.138,145.298,150.553,869861.0,150.553
2012-12-04,151.138,151.435,147.052,149.102,623922.0,149.102
2012-12-05,147.343,148.804,144.411,146.751,649916.0,146.751
2012-12-06,147.629,148.804,146.17,146.751,386525.0,146.751
2012-12-07,147.933,152.899,146.751,152.313,639994.0,152.313
2012-12-10,152.032,160.793,150.851,156.992,1269046.0,156.992
2012-12-11,156.113,156.401,152.313,155.24,747401.0,155.24
2012-12-12,156.113,158.156,154.071,155.823,368397.0,155.823
2012-12-13,156.401,157.866,155.527,156.401,496329.0,156.401
2012-12-14,156.992,156.992,152.899,154.943,454595.0,154.943
2012-12-17,157.866,158.741,155.823,157.866,539770.0,157.866
2012-12-18,158.156,165.179,158.156,162.834,799739.0,162.834
2012-12-19,164.004,165.765,162.544,165.179,539425.0,165.179
2012-12-20,165.765,171.014,163.708,168.676,752874.0,168.676
2012-12-21,171.014,173.367,166.638,172.478,745007.0,172.478
2012-12-25,175.404,184.766,175.404,183.885,1453760.0,183.885
2012-12-26,186.818,186.818,177.749,182.716,641021.0,182.716
2012-12-27,183.599,185.64,179.208,179.798,458705.0,179.798
2012-12-28,181.257,181.257,174.53,180.384,692326.0,180.384
2013-01-04,181.554,188.268,180.962,185.64,742272.0,185.64
2013-01-07,188.562,189.142,183.01,186.212,427235.0,186.212
2013-01-08,186.212,186.512,177.157,179.798,630413.0,179.798
2013-01-09,176.868,181.554,175.995,180.088,340012.0,180.088
2013-01-10,182.132,182.422,180.088,180.384,274675.0,180.384
2013-01-11,181.257,182.716,180.088,180.658,235335.0,180.658
2013-01-15,183.302,184.465,181.257,182.132,318801.0,182.132
2013-01-16,182.422,183.302,180.384,180.962,225072.0,180.962
2013-01-17,180.962,183.01,180.088,180.658,233286.0,180.658
2013-01-18,183.599,192.657,181.257,192.657,698145.0,192.657
2013-01-21,195.589,201.718,193.233,199.957,911932.0,199.957
2013-01-22,202.592,205.522,198.21,202.303,698145.0,202.303
2013-01-23,200.253,200.253,195.283,195.589,320855.0,195.589
2013-01-24,194.116,195.589,190.319,192.657,311272.0,192.657
2013-01-25,194.701,202.887,193.833,195.87,244913.0,195.87
2013-01-28,198.21,199.379,195.87,197.336,221313.0,197.336
2013-01-29,197.63,198.801,195.283,197.919,195658.0,197.919
2013-01-30,197.919,202.592,197.336,201.133,226443.0,201.133
2013-01-31,201.429,204.062,199.379,203.763,273303.0,203.763
2013-02-01,204.64,206.397,199.379,199.675,390288.0,199.675
2013-02-04,201.429,204.64,200.554,204.64,226443.0,204.64
2013-02-05,203.176,203.471,200.844,201.133,192580.0,201.133
2013-02-06,202.007,207.27,202.007,205.818,418685.0,205.818
2013-02-07,205.818,207.27,202.007,204.353,259627.0,204.353
2013-02-08,203.763,203.763,200.253,200.253,307854.0,200.253
2013-02-12,201.718,204.353,201.429,204.353,233286.0,204.353
2013-02-13,199.675,201.133,198.801,199.089,353347.0,199.089
2013-02-14,197.041,198.801,195.589,197.336,296224.0,197.336
2013-02-15,195.589,195.87,187.972,190.022,402947.0,190.022
2013-02-18,192.945,194.116,189.439,192.369,267148.0,192.369
2013-02-19,192.369,196.455,191.494,196.455,114589.0,196.455
2013-02-20,197.919,201.429,197.919,199.379,166242.0,199.379
2013-02-21,199.379,200.844,196.159,200.253,157349.0,200.253
2013-02-22,200.253,200.253,196.751,198.801,114589.0,198.801
2013-02-25,199.957,202.007,199.675,201.718,165899.0,201.718
2013-02-26,199.957,203.471,197.919,203.471,182317.0,203.471
2013-02-27,203.763,213.702,203.471,211.08,542503.0,211.08
2013-02-28,214.878,216.632,211.08,212.237,314697.0,212.237
2013-03-01,213.702,214.878,208.44,212.237,260307.0,212.237
2013-03-04,212.533,218.38,212.533,217.217,257912.0,217.217
2013-03-05,217.499,221.601,216.035,216.632,282201.0,216.632
2013-03-06,218.676,218.676,211.371,213.406,251416.0,213.406
2013-03-07,217.802,218.972,215.753,216.922,194286.0,216.922
2013-03-08,218.098,218.972,216.035,217.217,133402.0,217.217
2013-03-11,218.098,220.424,216.922,217.802,155638.0,217.802
2013-03-12,219.262,219.557,216.331,216.922,137510.0,216.922
2013-03-13,216.035,218.676,215.456,218.676,78673.3,218.676
2013-03-14,219.557,220.424,216.922,217.802,159741.0,217.802
2013-03-15,217.802,221.601,217.499,220.424,172057.0,220.424
2013-03-18,220.733,232.414,220.424,232.414,553113.0,232.414
2013-03-19,233.881,236.212,231.837,233.578,287333.0,233.578
2013-03-21,238.262,242.348,237.67,240.019,406366.0,240.019
2013-03-22,241.186,244.999,240.904,240.904,328037.0,240.904
2013-03-25,240.589,242.646,238.842,239.144,336934.0,239.144
2013-03-26,238.262,238.842,224.517,231.252,407396.0,231.252
2013-03-27,231.245,236.947,231.245,236.347,203382.0,236.347
2013-03-28,235.438,236.347,228.547,230.342,216381.0,230.342
2013-03-29,230.342,232.142,225.844,226.142,177372.0,226.142
2013-04-01,224.948,227.948,203.35,204.552,602807.0,204.552
2013-04-02,200.951,209.045,185.345,203.054,686494.0,203.054
2013-04-03,209.045,216.247,206.951,216.247,216048.0,216.247
2013-04-04,210.255,218.046,209.948,218.046,162370.0,218.046
2013-04-05,223.452,226.459,218.357,218.645,239723.0,218.645
2013-04-08,224.045,224.948,218.942,224.652,137699.0,224.652
2013-04-09,224.948,225.844,222.549,224.652,231053.0,224.652
2013-04-10,224.948,227.649,224.652,226.459,65014.7,226.459
2013-04-11,225.844,227.948,220.143,224.045,254391.0,224.045
2013-04-12,224.948,225.844,223.755,224.948,102692.0,224.948
2013-04-15,225.844,233.652,225.556,233.652,351083.0,233.652
2013-04-16,229.456,232.432,228.245,230.942,163368.0,230.942
2013-04-17,234.85,237.249,234.236,237.249,207717.0,237.249
2013-04-18,239.346,242.946,235.741,240.251,457106.0,240.251
2013-04-19,241.147,243.552,240.545,241.147,231721.0,241.147
2013-04-22,242.34,243.552,239.346,241.443,236057.0,241.443
2013-04-23,241.147,241.147,236.947,237.249,187043.0,237.249
2013-04-24,237.548,239.049,235.438,238.147,127362.0,238.147
2013-04-25,237.548,238.746,236.637,237.851,161371.0,237.851
2013-04-26,239.049,239.945,237.851,237.851,166706.0,237.851
2013-04-30,238.444,241.443,237.851,240.843,143035.0,240.843
2013-05-01,240.545,242.34,237.851,238.444,166370.0,238.444
2013-05-02,238.746,239.638,236.947,237.851,106692.0,237.851
2013-05-07,239.346,240.843,239.049,239.945,139365.0,239.945
2013-05-08,239.638,240.545,239.049,239.945,186373.0,239.945
2013-05-09,239.346,240.251,239.049,239.945,168036.0,239.945
2013-05-10,241.443,242.05,239.945,240.251,132697.0,240.251
2013-05-13,240.843,242.946,240.251,241.147,235391.0,241.147
2013-05-14,241.147,241.443,237.249,238.147,279063.0,238.147
2013-05-15,237.548,239.049,231.245,233.652,322077.0,233.652
2013-05-16,232.142,233.652,216.852,227.046,382423.0,227.046
2013-05-17,224.948,234.236,224.948,233.933,147369.0,233.933
2013-05-20,238.147,239.049,234.236,239.049,148701.0,239.049
2013-05-21,239.049,240.545,237.851,239.638,224054.0,239.638
2013-05-22,240.843,242.636,239.638,242.05,353749.0,242.05
2013-05-23,241.741,245.036,236.039,236.039,648487.0,236.039
2013-05-24,236.039,240.843,235.741,236.347,223054.0,236.347
2013-05-27,235.741,235.741,232.432,233.043,100356.0,233.043
2013-05-28,230.942,233.933,229.748,233.043,92688.0,233.043
2013-05-29,234.85,236.347,233.348,236.347,70681.9,236.347
2013-05-30,233.933,234.85,230.037,231.245,84354.0,231.245
2013-05-31,231.245,235.14,230.342,232.432,49677.9,232.432
2013-06-03,229.148,231.245,225.252,227.649,134699.0,227.649
2013-06-04,226.142,229.148,225.844,227.649,89020.6,227.649
2013-06-05,229.456,230.653,226.459,227.948,90356.2,227.948
2013-06-06,224.948,224.948,209.948,215.941,238392.0,215.941
2013-06-07,204.255,209.948,194.951,207.247,515788.0,207.247
2013-06-10,214.445,218.942,212.956,218.942,92688.0,218.942
2013-06-11,218.942,221.045,215.941,219.245,89020.6,219.245
2013-06-12,214.756,217.742,210.255,217.742,48010.2,217.742
2013-06-13,214.756,216.852,209.356,211.751,86020.2,211.751
2013-06-14,216.852,216.852,211.751,214.756,42679.4,214.756
2013-06-17,211.751,218.645,211.751,217.149,216381.0,217.149
2013-06-18,217.446,224.045,217.149,222.852,244393.0,222.852
2013-06-19,223.452,224.652,219.838,221.638,64344.8,221.638
2013-06-20,222.852,223.452,221.348,222.549,31671.3,222.549
2013-06-21,215.052,222.252,214.152,217.446,156368.0,217.446
2013-06-24,222.252,222.252,218.942,221.638,132030.0,221.638
2013-06-25,218.942,221.348,214.152,219.549,110359.0,219.549
2013-06-26,219.838,220.143,215.357,218.046,55013.0,218.046
2013-06-27,218.046,218.942,214.445,218.645,48346.7,218.645
2013-06-28,221.638,221.94,216.555,221.638,97689.6,221.638
2013-07-01,221.638,222.852,219.245,221.638,84021.9,221.638
2013-07-02,221.94,228.845,221.638,227.948,202048.0,227.948
2013-07-03,227.948,230.342,227.046,229.148,143035.0,229.148
2013-07-04,228.845,229.456,227.948,229.456,43342.2,229.456
2013-07-05,230.342,233.043,229.456,232.142,97356.1,232.142
2013-07-08,234.542,237.851,233.348,236.347,180374.0,236.347
2013-07-09,235.438,236.947,235.14,235.741,60681.7,235.741
2013-07-10,235.741,236.947,234.542,235.14,77016.2,235.14
2013-07-11,235.438,236.347,234.542,236.347,20671.9,236.347
2013-07-12,236.347,236.637,234.85,235.741,22335.2,235.741
2013-07-16,237.249,239.346,236.947,239.049,155037.0,239.049
2013-07-17,239.049,239.049,238.147,238.746,39009.1,238.746
2013-07-18,239.049,239.049,237.548,238.746,74682.9,238.746
2013-07-19,239.049,239.346,235.741,236.947,141698.0,236.947
2013-07-22,237.851,239.049,235.438,237.851,65014.7,237.851
2013-07-23,238.147,238.746,233.933,238.444,88353.5,238.444
2013-07-24,238.444,238.746,236.347,238.147,95019.9,238.147
2013-07-25,238.147,238.444,236.947,237.851,159702.0,237.851
2013-07-26,237.548,237.851,236.347,237.548,59014.0,237.548
2013-07-29,236.637,236.947,233.933,234.542,79348.1,234.542
2013-07-30,234.542,236.039,233.933,236.039,51010.6,236.039
2013-07-31,234.85,236.347,234.85,236.039,43677.2,236.039
2013-08-01,236.347,239.049,236.039,239.049,105358.0,239.049
2013-08-02,239.049,239.049,237.548,238.746,95686.9,238.746
2013-08-05,238.444,238.746,237.851,238.746,52343.3,238.746
2013-08-06,238.746,243.243,238.746,242.946,636146.0,242.946
2013-08-07,242.946,242.946,242.05,242.34,99690.8,242.34
2013-08-08,241.741,245.348,241.443,243.243,453772.0,243.243
2013-08-09,245.348,248.03,244.442,245.644,359416.0,245.644
2013-08-12,245.036,247.153,243.552,243.836,173709.0,243.836
2013-08-13,245.644,245.644,244.148,245.644,68015.1,245.644
2013-08-14,245.93,247.153,239.945,243.836,379422.0,243.836
2013-08-15,243.243,244.442,239.945,242.05,332078.0,242.05
2013-08-16,241.147,245.036,240.251,244.442,87689.3,244.442
2013-08-19,244.148,247.442,243.836,244.733,154705.0,244.733
2013-08-20,245.036,255.24,245.036,252.546,1259298.0,252.546
2013-08-21,252.546,254.035,247.738,250.444,817192.0,250.444
2013-08-22,250.147,257.636,248.939,254.643,702166.0,254.643
2013-08-23,256.441,256.738,250.739,252.842,537795.0,252.842
2013-08-26,254.353,254.353,250.739,251.04,213048.0,251.04
2013-08-27,250.739,251.04,247.442,249.242,199377.0,249.242
2013-08-28,246.244,250.147,244.733,247.738,256725.0,247.738
2013-08-29,248.03,251.937,248.03,250.739,179710.0,250.739
2013-08-30,249.538,251.642,248.939,250.147,157705.0,250.147
2013-09-02,249.242,250.147,246.244,248.635,159702.0,248.635
2013-09-03,249.242,254.035,249.242,253.146,476446.0,253.146
2013-09-04,252.842,253.74,251.937,252.546,202715.0,252.546
2013-09-05,253.146,259.434,252.546,258.544,591808.0,258.544
2013-09-06,259.131,259.131,255.24,257.636,469779.0,257.636
2013-09-09,260.93,263.944,257.938,263.944,533127.0,263.944
2013-09-10,263.944,264.242,261.233,261.545,409427.0,261.545
2013-09-11,262.435,263.033,258.544,258.834,223718.0,258.834
2013-09-12,257.636,257.938,249.843,254.93,276730.0,254.93
2013-09-13,253.74,256.738,253.74,255.545,89686.2,255.545
2013-09-17,255.834,256.441,254.93,255.545,210716.0,255.545
2013-09-18,256.441,258.242,255.545,257.338,196378.0,257.338
2013-09-19,258.544,266.336,257.636,264.242,503118.0,264.242
2013-09-20,262.731,266.938,262.435,265.739,523791.0,265.739
2013-09-24,263.033,269.937,262.731,267.234,535795.0,267.234
2013-09-25,267.234,268.433,257.938,261.842,698497.0,261.842
2013-09-26,274.258,274.58,268.988,273.029,488082.0,273.029
2013-09-27,272.715,273.029,268.045,271.159,226332.0,271.159
2013-09-30,271.774,275.194,268.666,272.715,256600.0,272.715
2013-10-01,273.338,274.887,271.467,273.338,153573.0,273.338
2013-10-02,273.338,273.643,270.216,273.338,263677.0,273.338
2013-10-03,270.532,273.338,270.532,271.467,406626.0,271.467
2013-10-04,271.159,271.774,265.567,270.532,569540.0,270.532
2013-10-07,270.216,272.08,266.802,269.91,323885.0,269.91
2013-10-08,267.431,273.029,267.431,272.397,238567.0,272.397
2013-10-09,270.532,273.029,269.603,273.029,281066.0,273.029
2013-10-10,274.258,278.615,273.95,277.057,392459.0,277.057
2013-10-11,276.744,278.615,275.516,277.686,470698.0,277.686
2013-10-15,277.371,277.371,272.715,275.516,429807.0,275.516
2013-10-16,274.58,276.436,270.532,272.715,837724.0,272.715
2013-10-17,277.057,280.786,267.116,268.352,1911766.0,268.352
2013-10-18,268.666,269.91,266.189,267.116,601736.0,267.116
2013-10-21,267.116,269.91,265.875,269.91,354795.0,269.91
2013-10-22,269.302,269.91,268.352,268.666,219574.0,268.666
2013-10-23,269.91,270.532,264.639,264.94,358655.0,264.94
2013-10-24,263.405,263.405,257.176,262.462,618800.0,262.462
2013-10-25,262.767,262.767,253.143,257.176,515127.0,257.176
2013-10-28,258.42,260.3,257.176,258.111,165483.0,258.111
2013-10-29,258.111,258.42,255.949,257.176,105923.0,257.176
2013-10-30,256.555,256.855,253.143,255.307,206048.0,255.307
2013-10-31,254.686,255.307,250.663,251.27,292661.0,251.27
2013-11-01,250.341,251.591,241.03,245.379,405341.0,245.379
2013-11-05,245.379,245.379,241.966,242.888,235669.0,242.888
2013-11-06,242.259,248.486,241.651,245.694,244041.0,245.694
2013-11-07,245.694,246.93,244.435,245.379,84353.9,245.379
2013-11-08,245.379,245.379,241.03,241.338,209271.0,241.338
2013-11-11,246.0,253.143,245.379,250.037,745003.0,250.037
2013-11-12,250.341,250.962,246.93,249.107,342881.0,249.107
2013-11-13,250.037,253.441,247.557,252.512,806498.0,252.512
2013-11-14,252.512,255.949,252.22,253.441,254023.0,253.441
2013-11-15,253.756,255.307,251.27,252.835,384094.0,252.835
2013-11-18,254.385,255.949,252.835,255.949,162906.0,255.949
2013-11-19,255.949,255.949,255.006,255.949,103347.0,255.949
2013-11-20,255.949,256.248,249.728,250.663,420796.0,250.663
2013-11-21,251.27,254.077,251.27,254.077,120409.0,254.077
2013-11-22,255.612,260.3,255.307,259.05,356084.0,259.05
2013-11-25,260.597,262.462,260.3,262.462,232128.0,262.462
2013-11-26,262.462,266.189,261.841,262.462,409207.0,262.462
2013-11-27,261.841,263.704,259.977,260.3,404694.0,260.3
2013-11-28,259.977,262.462,258.734,259.05,1282665.0,259.05
2013-11-29,261.533,271.159,259.977,269.603,1322270.0,269.603
2013-12-02,270.851,271.159,267.746,269.91,286217.0,269.91
2013-12-03,271.159,273.029,269.91,272.08,362200.0,272.08
2013-12-04,271.467,272.08,269.603,270.532,425301.0,270.532
2013-12-05,270.216,270.216,266.497,267.116,274628.0,267.116
2013-12-06,267.116,271.159,265.26,271.159,328071.0,271.159
2013-12-09,271.159,272.715,270.532,272.08,141660.0,272.08
2013-12-10,270.216,276.744,270.216,276.123,415002.0,276.123
2013-12-11,276.436,276.436,273.029,275.516,180935.0,275.516
2013-12-12,273.95,275.814,273.029,274.58,287182.0,274.58
2013-12-13,276.436,276.744,273.338,274.887,424338.0,274.887
2013-12-16,274.58,274.58,263.405,267.746,303605.0,267.746
2013-12-17,268.352,270.532,267.746,268.988,173214.0,268.988
2013-12-18,268.988,271.159,267.116,269.302,401797.0,269.302
2013-12-19,270.216,271.774,269.302,270.851,354151.0,270.851
2013-12-20,271.159,273.338,268.988,273.338,358335.0,273.338
2013-12-24,273.338,274.258,270.532,271.774,565351.0,271.774
2013-12-25,271.774,272.715,269.603,272.715,325821.0,272.715
2013-12-26,273.029,280.471,273.029,279.229,450413.0,279.229
2013-12-27,279.851,292.276,277.686,291.031,599801.0,291.031
2013-12-30,309.672,309.672,300.667,307.18,528972.0,307.18
2014-01-06,303.465,310.606,301.288,306.258,431742.0,306.258
2014-01-07,305.015,306.258,299.111,301.904,247261.0,301.904
2014-01-08,305.33,309.051,304.074,308.743,223433.0,308.743
2014-01-09,308.429,308.429,304.395,306.565,115904.0,306.565
2014-01-10,306.565,309.979,305.938,308.115,165483.0,308.115
2014-01-14,302.839,305.015,298.176,301.595,301028.0,301.595
2014-01-15,305.015,307.502,297.246,299.423,398255.0,299.423
2014-01-16,300.031,301.288,297.865,299.111,197680.0,299.111
2014-01-17,299.423,300.667,298.176,298.805,153251.0,298.805
2014-01-20,301.904,303.152,300.352,301.904,211199.0,301.904
2014-01-21,302.217,304.395,302.217,302.839,103671.0,302.839
2014-01-22,303.465,304.395,301.595,303.152,146490.0,303.152
2014-01-23,305.015,305.938,303.152,303.465,225369.0,303.465
2014-01-24,299.717,301.595,296.625,300.352,207338.0,300.352
2014-01-27,292.591,297.246,289.484,289.791,257239.0,289.791
2014-01-28,290.106,294.76,289.791,290.106,135866.0,290.106
2014-01-29,295.376,301.595,294.455,300.352,235025.0,300.352
2014-01-30,295.082,297.246,291.348,293.525,132967.0,293.525
2014-01-31,297.865,300.352,290.106,293.817,234383.0,293.817
2014-02-03,293.211,293.525,285.755,289.484,266257.0,289.484
2014-02-04,276.436,279.229,264.94,270.532,504175.0,270.532
2014-02-05,273.338,277.057,267.431,271.774,275268.0,271.774
2014-02-06,270.532,278.293,270.532,275.194,145522.0,275.194
2014-02-07,279.851,282.335,276.744,277.986,123631.0,277.986
2014-02-10,279.544,282.648,279.544,281.72,162262.0,281.72
2014-02-12,286.997,288.548,284.827,287.628,206373.0,287.628
2014-02-13,291.031,294.76,284.199,284.506,189310.0,284.506
2014-02-14,286.997,289.791,282.648,283.9,161625.0,283.9
2014-02-17,284.199,286.997,279.229,285.127,63423.3,285.127
2014-02-18,285.127,286.684,282.648,286.377,88216.0,286.377
2014-02-19,287.305,287.305,283.571,283.571,54731.5,283.571
2014-02-20,283.571,286.684,281.084,282.648,93685.7,282.648
2014-02-21,286.377,287.628,283.571,286.997,124922.0,286.997
2014-02-24,288.247,290.106,281.398,285.127,84676.0,285.127
2014-02-25,288.247,288.548,285.755,288.247,63423.3,288.247
2014-02-26,288.548,289.484,284.199,285.127,89183.6,285.127
2014-02-27,285.127,285.127,282.335,283.263,92082.3,283.263
2014-02-28,283.263,287.628,282.036,283.9,71472.4,283.9
2014-03-03,283.9,286.377,280.471,285.127,126203.0,285.127
2014-03-04,284.827,288.247,283.571,288.247,109145.0,288.247
2014-03-05,290.419,292.891,289.791,292.276,188023.0,292.276
2014-03-06,292.276,294.147,291.974,292.891,76944.8,292.891
2014-03-07,292.591,297.865,292.591,297.553,150352.0,297.553
2014-03-10,297.553,297.553,294.455,296.932,92725.0,296.932
2014-03-11,295.376,298.483,295.376,298.176,131677.0,298.176
2014-03-12,297.865,299.111,295.688,297.865,116225.0,297.865
2014-03-13,297.865,299.717,297.553,299.717,80490.4,299.717
2014-03-14,295.082,296.932,294.147,295.688,171277.0,295.688
2014-03-17,294.76,295.996,288.862,291.031,113007.0,291.031
2014-03-18,291.974,295.688,291.653,294.76,55052.2,294.76
2014-03-19,293.817,295.688,292.891,293.817,88216.0,293.817
2014-03-20,295.996,295.996,291.974,292.891,159687.0,292.891
2014-03-24,292.276,292.891,290.727,292.276,124922.0,292.276
2014-03-25,290.727,292.891,290.727,292.276,130070.0,292.276
2014-03-26,291.974,293.525,291.653,293.525,91113.3,293.525
2014-03-27,298.333,300.575,296.084,300.259,150258.0,300.259
2014-03-28,300.259,300.259,297.374,300.259,55490.2,300.259
2014-03-31,300.899,302.493,298.333,302.493,88841.8,302.493
2014-04-01,303.791,303.791,298.974,302.493,106614.0,302.493
2014-04-02,304.426,304.426,301.217,302.183,84481.4,302.183
2014-04-03,302.493,303.149,300.259,301.548,95392.0,301.548
2014-04-04,302.183,303.452,301.217,301.857,63592.9,301.857
2014-04-07,301.217,304.108,297.699,303.452,106614.0,303.452
2014-04-08,300.899,303.452,299.292,300.575,134358.0,300.575
2014-04-09,298.333,298.658,293.517,293.835,187973.0,293.835
2014-04-10,293.835,298.333,291.916,294.166,92898.6,294.166
2014-04-11,288.707,293.207,286.142,289.668,133109.0,289.668
2014-04-14,288.707,293.517,288.068,292.234,120956.0,292.234
2014-04-15,290.626,300.899,290.626,300.899,166465.0,300.899
2014-04-16,299.292,304.426,298.333,304.426,144332.0,304.426
2014-04-17,303.452,304.426,299.615,302.493,130930.0,302.493
2014-04-18,302.183,306.351,302.183,304.756,80741.9,304.756
2014-04-21,303.149,309.868,303.149,306.668,122197.0,306.668
2014-04-22,304.756,310.857,304.756,309.543,211977.0,309.543
2014-04-23,309.868,317.583,309.543,317.25,402447.0,317.25
2014-04-24,318.866,323.993,314.699,320.457,404940.0,320.457
2014-04-25,323.027,338.426,319.183,331.375,640610.0,331.375
2014-04-28,324.957,330.092,320.141,321.741,777152.0,321.741
2014-04-30,328.807,335.86,323.993,324.957,696101.0,324.957
2014-05-01,323.351,332.981,322.702,327.199,337921.0,327.199
2014-05-02,325.6,328.173,323.027,323.668,227251.0,323.668
2014-05-07,322.075,330.415,321.741,329.441,281182.0,329.441
2014-05-08,329.775,344.834,328.173,341.324,265910.0,341.324
2014-05-09,340.041,349.017,340.041,345.807,266844.0,345.807
2014-05-12,342.917,346.768,334.9,338.426,256558.0,338.426
2014-05-13,338.75,340.041,336.176,338.426,103807.0,338.426
2014-05-14,338.426,344.834,335.217,338.75,131863.0,338.75
2014-05-15,339.716,345.491,328.807,341.0,143084.0,341.0
2014-05-16,336.825,341.0,334.258,337.467,111602.0,337.467
2014-05-19,338.426,338.426,324.317,324.957,108485.0,324.957
2014-05-20,333.291,333.291,324.626,326.883,83232.6,326.883
2014-05-21,324.317,342.593,323.993,340.667,199822.0,340.667
2014-05-22,341.0,342.593,333.291,338.103,103807.0,338.103
2014-05-23,340.041,343.565,339.716,341.324,79803.6,341.324
2014-05-26,343.25,344.526,339.067,342.593,54240.1,342.593
2014-05-27,342.593,346.125,342.276,342.593,73257.5,342.593
2014-05-28,342.593,347.733,342.593,343.875,129059.0,343.875
2014-05-29,341.324,349.017,341.324,344.526,130304.0,344.526
2014-05-30,345.173,346.125,341.64,344.208,42397.9,344.208
2014-06-02,347.086,347.086,341.964,343.875,76683.8,343.875
2014-06-03,346.449,346.449,341.64,343.25,71698.2,343.25
2014-06-04,342.917,342.917,336.176,339.067,136541.0,339.067
2014-06-05,341.324,341.324,337.791,341.324,52371.7,341.324
2014-06-06,342.593,344.834,340.041,343.25,93209.1,343.25
2014-06-09,344.208,347.086,336.176,339.067,115343.0,339.067
2014-06-10,339.067,339.067,331.375,333.291,115029.0,333.291
2014-06-11,330.732,343.565,330.732,343.25,103184.0,343.25
2014-06-12,339.716,343.25,337.791,341.324,55799.3,341.324
2014-06-13,344.526,344.526,333.934,341.64,118459.0,341.64
2014-06-16,339.067,339.067,332.017,335.549,136541.0,335.549
2014-06-17,336.501,342.593,336.501,340.667,87906.3,340.667
2014-06-18,339.716,339.716,335.217,337.467,187040.0,337.467
2014-06-19,339.716,339.716,336.825,338.426,100067.0,338.426
2014-06-20,340.041,340.041,336.501,338.426,63281.0,338.426
2014-06-23,339.067,339.399,336.176,336.825,108485.0,336.825
2014-06-24,338.426,340.351,334.583,340.041,86661.6,340.041
2014-06-25,335.217,340.041,334.9,334.9,87286.7,334.9
2014-06-26,338.75,342.917,335.86,341.964,91964.4,341.964
2014-06-27,343.25,352.543,341.0,345.807,278378.0,345.807
2014-06-30,352.867,368.266,352.543,365.374,369095.0,365.374
2014-07-01,372.758,378.533,365.699,366.967,245959.0,366.967
2014-07-02,368.9,372.116,364.093,364.409,121885.0,364.409
2014-07-03,366.967,368.591,363.126,366.967,122197.0,366.967
2014-07-04,367.294,373.708,367.294,373.082,118150.0,373.082
2014-07-07,373.082,376.917,370.501,374.048,79490.4,374.048
2014-07-08,373.708,390.391,370.832,389.116,347270.0,389.116
2014-07-09,380.45,389.116,375.317,385.266,241595.0,385.266
2014-07-10,385.908,388.15,375.965,379.166,120330.0,379.166
2014-07-11,375.317,380.45,371.151,376.299,166153.0,376.299
2014-07-14,376.299,386.542,375.965,383.666,115963.0,383.666
2014-07-15,387.192,388.15,383.666,384.299,70140.3,384.299
2014-07-16,384.625,390.391,382.375,383.025,115963.0,383.025
2014-07-17,384.625,397.456,384.625,396.483,248454.0,396.483
2014-07-18,391.365,394.25,387.192,393.601,127497.0,393.601
2014-07-22,394.558,404.183,394.558,402.917,227251.0,402.917
2014-07-23,407.71,408.365,401.625,403.225,110976.0,403.225
2014-07-24,403.225,409.961,395.526,403.874,187040.0,403.874
2014-07-25,407.4,415.425,404.517,414.465,185481.0,414.465
2014-07-28,417.017,425.049,415.091,417.982,239100.0,417.982
2014-07-29,421.841,421.841,416.701,419.914,74815.4,419.914
2014-07-30,417.344,422.467,416.701,417.982,143084.0,417.982
2014-07-31,418.633,421.184,416.066,417.017,169271.0,417.017
2014-08-01,412.859,417.017,410.599,413.816,162104.0,413.816
2014-08-04,410.599,431.459,408.674,422.157,255932.0,422.157
2014-08-05,421.841,421.841,411.249,412.215,95392.0,412.215
2014-08-06,407.4,419.258,402.591,412.859,253752.0,412.859
2014-08-07,400.99,428.248,397.774,416.382,405256.0,416.382
2014-08-08,411.892,416.066,401.3,409.008,125941.0,409.008
2014-08-11,410.599,417.344,410.284,412.215,81987.9,412.215
2014-08-12,415.425,416.382,409.636,411.249,106614.0,411.249
2014-08-13,413.175,414.465,411.574,413.175,35538.6,413.175
2014-08-14,413.175,418.95,409.636,418.633,54240.1,418.633
2014-08-15,414.141,422.467,414.141,421.509,81364.2,421.509
2014-08-18,421.841,431.459,421.184,423.75,92272.2,423.75
2014-08-19,422.8,432.734,422.8,432.101,80115.5,432.101
2014-08-20,433.057,459.684,432.418,454.543,360363.0,454.543
2014-08-21,455.208,466.108,450.053,465.133,316409.0,465.133
2014-08-22,466.741,480.534,466.741,474.118,344154.0,474.118
2014-08-25,472.524,506.517,472.524,486.633,399956.0,486.633
2014-08-26,486.005,496.899,471.551,493.055,272144.0,493.055
2014-08-27,491.447,495.607,483.425,493.055,107860.0,493.055
2014-08-28,489.849,490.484,482.465,484.39,104742.0,484.39
2014-08-29,483.086,485.024,459.043,463.859,253442.0,463.859
2014-09-01,464.825,479.582,461.933,468.666,139659.0,468.666
2014-09-02,476.369,479.257,467.059,477.968,122822.0,477.968
2014-09-03,481.515,482.781,476.691,478.299,68579.7,478.299
2014-09-04,477.324,477.324,471.551,472.841,65152.1,472.841
2014-09-05,476.05,476.05,466.741,471.551,77622.0,471.551
2014-09-08,469.949,476.691,463.535,466.425,96322.2,466.425
2014-09-09,466.425,471.551,464.176,464.499,52059.8,464.499
2014-09-10,467.377,474.118,462.572,471.226,97573.6,471.226
2014-09-11,480.534,480.534,469.949,477.015,87286.7,477.015
2014-09-12,474.118,480.534,474.118,479.582,134670.0,479.582
2014-09-16,480.218,487.592,476.369,477.324,145270.0,477.324
2014-09-17,482.465,482.465,473.158,474.435,73257.5,474.435
2014-09-18,477.968,477.968,465.451,472.524,93518.2,472.524
2014-09-19,474.118,476.369,468.666,472.841,113158.0,472.841
2014-09-22,476.05,485.675,470.282,476.05,106614.0,476.05
2014-09-24,476.05,476.369,430.175,464.176,233800.0,464.176
2014-09-25,460.008,472.2,460.008,469.626,95392.0,469.626
2014-09-26,467.988,481.815,467.988,475.228,68014.7,475.228
2014-09-29,469.312,475.56,468.639,473.243,90789.7,473.243
2014-09-30,474.244,477.528,470.948,475.56,62247.3,475.56
2014-10-01,472.267,475.228,462.045,463.044,94432.1,463.044
2014-10-02,450.859,458.767,447.575,447.575,132087.0,447.575
2014-10-03,444.6,461.727,444.6,458.116,74693.3,458.116
2014-10-06,458.433,470.29,458.433,464.346,62247.3,464.346
2014-10-07,464.346,468.639,454.489,454.489,84412.2,454.489
2014-10-08,444.941,452.178,438.019,446.908,104453.0,446.908
2014-10-09,442.957,444.264,429.789,430.764,179454.0,430.764
2014-10-10,419.908,425.511,412.328,416.938,110827.0,416.938
2014-10-14,398.494,415.296,398.494,408.05,125709.0,408.05
2014-10-15,411.675,422.209,410.676,421.216,81378.6,421.216
2014-10-16,415.296,424.519,410.033,412.987,97774.7,412.987
2014-10-17,413.32,416.606,404.757,405.739,98683.4,405.739
2014-10-20,421.216,426.82,417.597,426.154,69228.4,426.154
2014-10-21,424.519,425.177,415.296,418.574,67713.6,418.574
2014-10-22,421.875,431.107,421.543,430.431,61942.2,430.431
2014-10-23,430.431,434.391,422.542,423.525,78945.9,423.525
2014-10-24,428.13,429.455,414.954,415.296,60728.5,415.296
2014-10-27,419.566,419.566,408.707,413.32,55563.4,413.32
2014-10-28,411.992,413.32,405.406,407.051,27633.7,407.051
2014-10-29,411.003,414.296,405.074,411.003,79859.8,411.003
2014-10-30,415.296,432.082,415.296,432.082,147267.0,432.082
2014-10-31,429.123,438.019,417.597,432.408,172465.0,432.408
2014-11-04,442.297,450.859,418.574,418.9,312754.0,418.9
2014-11-05,419.248,432.408,412.987,432.082,116599.0,432.082
2014-11-06,434.391,443.94,423.86,432.74,172164.0,432.74
2014-11-07,427.805,434.717,419.566,424.185,164269.0,424.185
2014-11-10,420.885,425.511,413.971,419.566,97774.7,419.566
2014-11-11,420.225,428.13,416.28,420.225,74693.3,420.225
2014-11-12,421.543,426.154,414.954,417.264,102937.0,417.264
2014-11-13,414.954,418.574,412.328,417.93,73480.9,417.93
2014-11-14,423.525,430.431,421.543,424.185,114473.0,424.185
2014-11-17,422.867,426.494,413.652,414.954,127833.0,414.954
2014-11-18,412.987,424.519,412.652,421.875,81378.6,421.875
2014-11-19,423.201,423.201,417.93,418.574,46153.5,418.574
2014-11-20,422.209,422.209,416.606,416.606,44636.1,416.606
2014-11-21,419.566,419.566,414.296,414.954,58906.0,414.954
2014-11-25,418.256,418.574,415.296,418.256,32184.8,418.256
2014-11-26,418.256,418.574,414.296,414.636,69529.5,414.636
2014-11-27,414.954,418.256,414.954,415.621,50708.6,415.621
2014-11-28,417.93,418.9,416.606,418.256,50101.0,418.256
2014-12-01,418.256,429.455,417.264,428.796,108095.0,428.796
2014-12-02,428.796,428.796,421.875,425.177,94128.4,425.177
2014-12-03,428.13,434.065,426.494,429.123,85326.1,429.123
2014-12-04,431.431,439.012,428.13,439.012,183704.0,439.012
2014-12-05,444.6,459.099,444.264,452.178,156682.0,452.178
2014-12-08,456.455,456.455,447.893,450.859,104148.0,450.859
2014-12-09,446.242,449.22,444.6,444.6,53744.8,444.6
2014-12-10,436.377,440.32,434.391,434.391,74995.7,434.391
2014-12-11,426.494,428.796,422.209,427.805,44636.1,427.805
2014-12-12,426.494,438.019,426.494,431.107,92309.8,431.107
2014-12-15,429.789,432.74,424.845,430.113,42204.7,430.113
2014-12-16,425.177,427.805,411.675,417.264,139677.0,417.264
2014-12-17,413.32,416.938,411.675,413.652,137552.0,413.652
2014-12-18,420.885,423.201,417.597,419.566,34006.0,419.566
2014-12-19,425.511,428.13,422.542,424.845,75607.2,424.845
2014-12-22,430.113,433.407,428.463,433.082,39169.8,433.082
2014-12-24,438.019,445.266,436.377,442.63,82593.6,442.63
2014-12-25,443.29,443.94,438.019,440.646,57083.4,440.646
2014-12-26,439.995,443.616,439.012,442.63,20646.0,442.63
2014-12-29,442.957,452.504,442.297,444.941,68319.7,444.941
2014-12-30,447.575,447.575,439.012,439.33,44333.7,439.33
2015-01-05,434.391,446.242,434.391,440.987,30366.2,440.987
2015-01-06,437.691,440.646,430.764,433.082,58297.1,433.082
2015-01-07,428.13,435.043,428.13,429.455,36134.9,429.455
2015-01-08,431.431,436.028,431.431,433.082,26417.4,433.082
2015-01-09,434.065,438.019,429.789,432.74,58906.0,432.74
2015-01-13,428.463,433.407,424.185,429.789,50402.2,429.789
2015-01-14,427.152,432.408,419.566,420.885,70446.0,420.885
2015-01-15,420.885,427.477,420.885,425.82,33098.7,425.82
2015-01-16,418.256,427.152,415.953,418.9,63461.0,418.9
2015-01-19,425.82,425.82,419.566,421.543,45546.0,421.543
2015-01-20,424.185,429.123,421.543,427.152,56478.6,427.152
2015-01-21,427.152,430.113,422.542,422.542,36438.7,422.542
2015-01-22,422.542,425.511,413.652,416.28,87451.0,416.28
2015-01-23,416.28,423.201,415.953,420.225,63461.0,420.225
2015-01-26,420.225,425.82,415.953,425.177,47976.1,425.177
2015-01-27,426.494,432.74,426.494,430.113,47368.6,430.113
2015-01-28,430.113,432.74,426.82,432.082,29756.1,432.082
2015-01-29,431.107,432.74,427.805,429.789,24291.1,429.789
2015-01-30,432.408,434.065,428.463,430.113,27937.5,430.113
2015-02-02,426.82,429.789,416.606,423.525,27633.7,423.525
2015-02-03,423.525,427.477,416.606,420.549,60123.6,420.549
2015-02-04,428.463,438.337,426.82,429.789,51920.9,429.789
2015-02-05,426.494,434.717,426.494,428.463,22773.7,428.463
2015-02-06,429.123,430.431,422.209,428.463,23683.6,428.463
2015-02-09,434.065,434.065,429.789,432.408,18826.2,432.408
2015-02-10,432.408,434.065,428.13,432.082,21250.9,432.082
2015-02-12,444.6,452.838,438.019,443.29,208299.0,443.29
2015-02-13,444.6,449.544,439.995,440.987,97165.9,440.987
2015-02-16,441.304,444.941,440.32,440.646,134821.0,440.646
2015-02-17,444.6,454.155,442.957,453.162,85021.0,453.162
2015-02-18,456.131,462.727,456.131,458.767,98382.2,458.767
2015-02-19,460.75,461.068,458.433,460.75,59815.9,460.75
2015-02-20,464.703,464.703,458.767,463.044,74693.3,463.044
2015-02-23,464.028,469.312,460.75,461.727,79252.3,461.727
2015-02-24,461.068,464.346,457.121,462.727,51920.9,462.727
2015-02-25,461.727,473.916,461.727,469.956,105972.0,469.956
2015-02-26,472.607,475.56,472.267,474.9,68014.7,474.9
2015-02-27,474.9,483.139,474.9,475.228,112953.0,475.228
2015-03-02,477.528,481.815,477.528,477.855,35832.5,477.855
2015-03-03,481.156,485.115,471.933,476.879,58906.0,476.879
2015-03-04,475.887,480.83,469.312,473.243,52832.2,473.243
2015-03-05,473.243,477.528,471.933,472.607,26717.2,472.607
2015-03-06,474.244,477.211,470.948,471.933,38868.7,471.933
2015-03-09,467.656,475.887,467.656,469.312,37347.3,469.312
2015-03-10,469.312,472.607,461.068,466.004,43723.5,466.004
2015-03-11,457.449,472.267,457.449,469.312,48279.8,469.312
2015-03-12,476.545,480.165,469.312,475.228,48884.7,475.228
2015-03-13,477.855,479.179,474.575,475.228,80464.7,475.228
2015-03-16,475.887,480.83,474.9,477.855,34616.1,477.855
2015-03-17,482.815,482.815,479.179,480.498,30366.2,480.498
2015-03-18,480.83,482.472,476.218,477.211,46761.1,477.211
2015-03-19,473.243,480.165,473.243,474.244,50708.6,474.244
2015-03-20,479.179,479.179,470.948,474.575,45546.0,474.575
2015-03-23,473.916,477.211,472.607,474.9,41903.6,474.9
2015-03-24,473.916,477.528,467.336,474.575,69837.2,474.575
2015-03-25,475.887,476.545,474.244,475.228,27327.3,475.228
2015-03-26,469.638,473.243,469.312,470.948,53744.8,470.948
2015-03-27,478.093,484.916,475.044,475.71,65440.6,475.71
2015-03-30,478.797,482.19,467.202,470.274,103294.0,470.274
2015-03-31,479.463,480.145,471.637,472.999,80109.7,472.999
2015-04-01,470.946,473.337,465.156,466.856,49594.8,466.856
2015-04-02,470.274,478.797,468.221,477.427,91558.5,477.427
2015-04-03,480.474,480.474,473.673,478.093,29346.9,478.093
2015-04-06,480.474,480.474,474.699,477.08,39911.2,477.08
2015-04-07,480.474,482.19,476.056,476.752,56049.3,476.752
2015-04-08,477.427,479.808,477.427,477.763,41375.2,477.763
2015-04-09,477.08,480.474,472.999,474.355,85391.2,474.355
2015-04-10,474.025,479.808,472.999,477.763,55463.5,477.763
2015-04-13,477.763,488.324,476.407,481.852,66904.6,481.852
2015-04-14,480.145,490.377,480.145,489.68,53115.0,489.68
2015-04-15,487.306,489.68,482.527,482.527,75416.6,482.527
2015-04-16,480.841,486.969,480.841,484.58,60157.9,484.58
2015-04-17,483.569,484.242,479.808,480.841,53115.0,480.841
2015-04-20,477.08,479.463,468.565,468.901,111802.0,468.901
2015-04-21,469.247,472.311,467.883,471.973,60450.1,471.973
2015-04-22,470.274,472.311,461.742,466.856,127653.0,466.856
2015-04-23,471.973,471.973,465.156,466.167,90088.1,466.167
2015-04-24,465.156,468.221,463.793,464.122,106228.0,464.122
2015-04-27,474.355,476.407,468.901,474.355,125596.0,474.355
2015-04-28,511.155,522.398,500.93,517.972,694010.0,517.972
2015-04-30,518.316,526.487,513.184,521.042,342164.0,521.042
2015-05-01,522.752,523.08,510.475,513.184,178418.0,513.184
2015-05-07,509.463,520.016,508.422,513.897,132346.0,513.897
2015-05-08,517.635,545.237,517.297,541.83,323671.0,541.83
2015-05-11,551.036,557.154,545.237,550.353,227127.0,550.353
2015-05-12,552.39,556.488,538.428,548.989,153766.0,548.989
2015-05-13,550.002,570.105,549.327,568.075,264986.0,568.075
2015-05-14,572.15,578.975,562.958,564.323,201011.0,564.323
2015-05-15,559.896,562.623,553.079,557.154,98598.8,557.154
2015-05-18,554.435,561.927,546.601,558.87,100652.0,558.87
2015-05-19,554.772,559.535,553.079,556.488,111802.0,556.488
2015-05-20,559.535,561.597,545.582,555.117,167557.0,555.117
2015-05-21,559.896,583.408,558.18,578.636,286992.0,578.636
2015-05-22,572.486,586.808,570.105,585.798,167557.0,585.798
2015-05-25,599.768,605.894,593.971,600.785,231533.0,600.785
2015-05-26,601.452,601.452,591.597,594.635,159047.0,594.635
2015-05-27,591.597,603.505,591.597,598.053,112979.0,598.053
2015-05-28,605.894,608.276,594.635,597.026,117968.0,597.026
2015-05-29,593.624,596.015,583.408,589.535,93314.7,589.535
2015-06-01,588.845,597.026,584.082,593.624,127944.0,593.624
2015-06-02,589.199,595.67,586.808,592.254,130584.0,592.254
2015-06-03,587.154,597.026,587.154,592.254,47243.8,592.254
2015-06-04,596.351,608.276,593.971,604.861,125596.0,604.861
2015-06-05,604.532,604.532,593.971,601.452,92437.9,601.452
2015-06-08,601.452,609.648,599.424,607.604,87742.2,607.604
2015-06-09,609.648,609.648,583.746,584.765,153176.0,584.765
2015-06-10,583.057,595.341,582.383,583.746,96545.1,583.746
2015-06-11,593.971,598.733,588.18,594.307,90384.2,594.307
2015-06-12,602.485,605.205,587.483,590.898,127063.0,590.898
2015-06-15,589.535,599.768,586.127,593.624,79232.8,593.624
2015-06-16,589.535,590.218,586.127,586.808,62799.9,586.808
2015-06-17,590.218,592.952,582.045,584.082,85980.8,584.082
2015-06-18,581.028,617.129,581.028,605.894,239748.0,605.894
2015-06-19,610.667,623.618,607.265,608.276,321622.0,608.276
2015-06-22,608.622,611.348,586.808,590.218,203652.0,590.218
2015-06-23,591.926,596.688,586.127,595.67,113862.0,595.67
2015-06-24,595.67,610.667,595.67,605.558,124715.0,605.558
2015-06-25,606.577,608.276,604.532,605.894,49594.8,605.894
2015-06-26,605.894,605.894,586.464,601.452,77470.2,601.452
2015-06-29,582.045,593.624,573.169,586.464,153176.0,586.464
2015-06-30,585.438,592.952,584.42,591.597,59274.6,591.597
2015-07-01,594.307,598.053,587.837,597.723,82750.4,597.723
2015-07-02,602.485,603.849,592.615,596.015,56632.6,596.015
2015-07-03,594.635,595.67,587.837,589.535,65144.5,589.535
2015-07-06,582.045,587.483,580.665,584.082,88916.4,584.082
2015-07-07,585.11,591.926,582.711,583.057,80992.9,583.057
2015-07-08,582.711,583.057,552.39,559.896,155237.0,559.896
2015-07-09,532.632,552.054,504.346,551.036,208350.0,551.036
2015-07-10,552.39,564.676,549.327,550.353,93904.4,550.353
2015-07-13,558.87,562.958,555.117,562.279,48419.3,562.279
2015-07-14,574.885,581.701,571.813,576.256,66321.3,576.256
2015-07-15,576.937,576.937,572.486,574.885,46365.7,574.885
2015-07-16,574.547,577.948,568.075,574.547,47243.8,574.547
2015-07-17,577.948,577.948,572.486,575.229,20537.6,575.229
2015-07-21,579.318,582.711,577.282,582.045,59569.5,582.045
2015-07-22,582.711,582.711,577.948,578.975,36093.7,578.975
2015-07-23,583.057,583.057,574.196,577.612,56632.6,577.612
2015-07-24,580.665,580.665,574.885,577.612,37564.0,577.612
2015-07-27,578.975,582.383,573.865,580.665,63090.9,580.665
2015-07-28,569.776,578.636,563.31,574.885,58979.8,574.885
2015-07-29,578.636,582.045,572.848,576.584,56632.6,576.584
2015-07-30,576.937,577.612,573.515,573.865,60157.9,573.865
2015-07-31,573.865,579.657,573.169,579.657,39911.2,579.657
2015-08-03,579.657,584.765,579.318,584.42,37564.0,584.42
2015-08-04,584.765,589.535,579.993,583.408,58105.5,583.408
2015-08-05,579.657,591.243,575.903,587.154,68960.8,587.154
2015-08-06,587.837,608.622,587.837,599.424,139095.0,599.424
2015-08-07,611.693,611.693,596.015,604.861,167557.0,604.861
2015-08-10,606.232,628.725,606.232,628.061,195142.0,628.061
2015-08-11,628.061,628.382,618.501,619.873,79232.8,619.873
2015-08-12,615.781,619.52,596.688,609.984,112685.0,609.984
2015-08-13,606.577,616.465,600.785,603.849,63385.7,603.849
2015-08-14,603.849,613.047,599.424,608.622,71898.9,608.622
2015-08-17,609.305,618.501,608.276,617.483,55755.8,617.483
2015-08-18,626.008,626.008,620.193,624.973,64851.0,624.973
2015-08-19,624.643,624.643,608.622,613.047,67493.0,613.047
2015-08-20,613.047,613.047,582.711,587.837,140561.0,587.837
2015-08-21,579.318,579.657,562.279,562.623,124424.0,562.623
2015-08-24,535.358,549.327,501.619,501.619,318980.0,501.619
2015-08-25,463.45,525.47,460.042,485.951,267037.0,485.951
2015-08-26,490.715,531.949,489.022,529.215,150537.0,529.215
2015-08-27,552.054,556.488,537.401,548.308,105348.0,548.308
2015-08-28,565.005,565.334,549.662,555.117,90088.1,555.117
2015-08-31,555.117,557.844,548.989,554.09,89501.0,554.09
2015-09-01,552.054,552.727,532.294,533.642,69545.4,533.642
2015-09-02,506.392,539.102,506.392,523.425,110045.0,523.425
2015-09-03,528.204,535.358,526.487,526.834,44312.1,526.834
2015-09-04,531.612,531.612,506.737,511.515,63385.7,511.515
2015-09-07,507.748,522.752,501.619,516.609,71602.8,516.609
2015-09-08,512.526,518.316,510.812,511.155,51647.2,511.155
2015-09-09,528.869,539.784,527.17,539.784,48710.3,539.784
2015-09-10,526.834,534.338,518.661,531.949,66904.6,531.949
2015-09-11,524.788,533.311,521.379,530.593,106521.0,530.593
2015-09-14,544.219,544.219,529.912,529.912,85100.2,529.912
2015-09-15,529.912,539.102,529.912,531.612,58397.8,531.612
2015-09-16,538.428,541.83,536.375,539.439,71308.0,539.439
2015-09-17,539.439,546.945,536.375,546.945,73364.2,546.945
2015-09-18,546.945,546.945,538.428,538.428,56632.6,538.428
2015-09-24,527.516,533.311,520.698,523.778,107696.0,523.778
2015-09-25,527.86,536.031,523.08,533.993,100947.0,533.993
2015-09-28,547.726,552.663,536.452,544.545,37498.5,544.545
2015-09-29,539.616,539.616,520.969,521.326,84374.1,521.326
2015-09-30,531.533,540.32,531.533,538.92,31250.0,538.92
2015-10-01,544.902,544.902,536.808,542.788,24429.4,542.788
2015-10-02,541.729,549.481,538.564,543.144,26138.2,543.144
2015-10-05,548.421,556.176,541.729,543.144,63352.6,543.144
2015-10-06,554.758,556.516,545.257,545.613,44034.9,545.613
2015-10-07,546.302,551.592,545.613,551.231,29829.0,551.231
2015-10-08,551.231,556.87,546.657,549.839,29829.0,549.839
2015-10-09,552.663,555.115,549.481,551.592,87213.6,551.592
2015-10-13,551.231,556.176,548.421,554.055,71023.3,554.055
2015-10-14,554.758,555.115,544.902,551.231,67326.3,551.231
2015-10-15,550.89,554.758,548.082,550.186,46306.0,550.186
2015-10-16,553.343,556.516,548.769,554.411,61647.4,554.411
2015-10-19,554.411,555.115,551.592,553.004,64769.8,553.004
2015-10-20,558.975,558.975,548.421,549.839,29258.2,549.839
2015-10-21,549.839,560.392,547.726,556.516,102272.0,556.516
2015-10-22,557.93,558.635,556.176,556.87,39773.3,556.87
2015-10-23,561.436,567.083,559.688,562.157,65051.5,562.157
2015-10-26,564.972,568.849,560.74,564.972,69604.8,564.972
2015-10-27,566.737,566.737,562.157,563.904,56534.4,563.904
2015-10-28,566.737,573.778,562.853,570.248,40344.1,570.248
2015-10-29,574.831,577.291,567.083,568.129,42043.1,568.129
2015-10-30,570.248,572.352,565.32,567.432,48863.7,567.432
2015-11-02,563.208,568.494,555.81,564.277,60225.2,564.277
2015-11-04,570.248,574.831,566.38,569.196,69318.1,569.196
2015-11-05,569.196,571.657,565.32,568.849,66760.4,568.849
2015-11-06,567.083,577.628,561.791,576.942,72726.0,576.942
2015-11-09,552.663,561.436,545.257,553.004,262781.0,553.004
2015-11-10,548.082,549.134,542.084,543.491,89201.7,543.491
2015-11-11,541.729,542.084,526.255,526.951,221588.0,526.951
2015-11-12,528.003,531.88,522.015,524.483,121304.0,524.483
2015-11-13,523.437,523.437,515.328,517.806,112215.0,517.806
2015-11-16,513.929,513.929,506.175,508.296,128406.0,508.296
2015-11-17,516.753,518.51,512.86,514.627,69032.7,514.627
2015-11-18,517.086,519.926,514.276,517.806,121304.0,517.806
2015-11-19,520.969,520.969,516.397,518.153,101134.0,518.153
2015-11-20,519.926,523.082,513.929,523.082,100281.0,523.082
2015-11-24,523.437,527.298,521.673,527.298,69318.1,527.298
2015-11-25,526.255,527.298,522.727,524.483,66760.4,524.483
2015-11-26,524.483,530.835,522.015,528.003,71874.6,528.003
2015-11-27,528.374,532.939,524.483,524.483,65622.4,524.483
2015-11-30,524.483,524.483,511.104,522.378,104260.0,522.378
2015-12-01,522.727,526.255,520.969,525.899,64490.6,525.899
2015-12-02,528.003,533.636,524.483,524.483,97726.2,524.483
2015-12-03,522.727,524.847,520.259,520.969,67326.3,520.969
2015-12-04,520.969,521.326,517.806,518.51,89201.7,518.51
2015-12-07,520.969,525.177,519.553,522.015,70737.9,522.015
2015-12-08,520.969,523.082,510.749,513.215,86079.3,513.215
2015-12-09,514.276,517.086,510.401,514.276,60796.1,514.276
2015-12-10,509.705,510.06,495.623,495.97,148011.0,495.97
2015-12-11,494.919,503.367,494.919,499.507,92896.2,499.507
2015-12-14,492.807,500.899,489.286,493.161,116190.0,493.161
2015-12-15,493.851,494.578,491.746,493.161,94318.4,493.161
2015-12-16,496.31,497.38,493.51,497.38,125850.0,497.38
2015-12-17,503.367,509.349,498.778,499.507,101986.0,499.507
2015-12-18,502.308,502.308,495.623,496.691,112784.0,496.691
2015-12-21,496.691,499.15,489.286,496.31,118178.0,496.31
2015-12-22,496.31,499.15,491.049,492.807,71874.6,492.807
2015-12-24,496.31,496.31,488.938,489.991,108235.0,489.991
2015-12-25,492.807,494.919,486.818,489.286,91192.3,489.286
2015-12-28,489.991,501.967,489.991,501.618,79830.8,501.618
2015-12-29,501.618,517.441,500.551,513.929,73294.4,513.929
2015-12-30,517.441,526.602,517.441,525.536,128406.0,525.536
2016-01-04,525.536,525.536,503.367,504.42,107100.0,504.42
2016-01-05,505.14,507.244,499.846,499.846,56534.4,499.846
2016-01-06,502.663,503.367,495.97,501.618,127555.0,501.618
2016-01-07,499.846,502.663,492.109,492.465,77274.3,492.465
2016-01-08,489.286,489.991,479.419,480.141,100281.0,480.141
2016-01-12,478.724,484.007,470.283,470.631,118467.0,470.631
2016-01-13,474.847,480.141,471.342,472.04,87213.6,472.04
2016-01-14,469.927,470.283,453.74,457.601,85793.9,457.601
2016-01-15,467.475,467.822,449.5,449.855,90337.2,449.855
2016-01-18,437.547,459.017,437.547,455.489,136076.0,455.489
2016-01-19,455.852,463.581,454.8,457.957,49429.6,457.957
2016-01-20,457.601,457.601,431.209,431.907,149713.0,431.907
2016-01-21,426.273,438.598,412.192,412.192,125567.0,412.192
2016-01-22,429.453,448.812,428.733,447.734,176700.0,447.734
2016-01-25,458.314,458.314,450.561,453.036,57668.7,453.036
2016-01-26,450.213,453.036,440.711,441.059,43464.1,441.059
2016-01-27,449.5,454.445,449.5,454.088,26421.2,454.088
2016-01-28,452.681,454.445,449.153,452.681,31815.9,452.681
2016-01-29,455.852,464.294,452.333,463.241,74148.2,463.241
2016-02-01,470.631,485.417,470.631,482.244,76137.5,482.244
2016-02-02,475.203,481.532,471.683,476.263,47442.7,476.263
2016-02-03,467.822,467.822,458.314,463.581,52554.5,463.581
2016-02-04,463.947,466.414,458.314,461.825,42612.7,461.825
2016-02-05,459.017,462.174,449.855,451.272,55112.2,451.272
2016-02-08,470.283,493.51,466.746,491.389,190337.0,491.389
2016-02-09,478.027,478.027,457.254,460.417,94601.4,460.417
2016-02-10,461.825,467.475,442.126,449.5,110508.0,449.5
2016-02-12,424.872,439.66,421.005,422.405,125567.0,422.405
2016-02-15,454.088,455.852,438.598,453.74,85793.9,453.74
2016-02-16,454.088,468.51,443.884,454.445,81818.9,454.445
2016-02-17,448.812,456.201,440.711,447.734,75282.5,447.734
2016-02-18,453.74,463.947,446.345,459.017,53125.4,459.017
2016-02-19,457.957,457.957,446.345,452.333,45170.4,452.333
2016-02-22,450.561,455.489,450.561,454.088,24143.9,454.088
2016-02-23,452.681,457.601,436.486,442.815,82101.8,442.815
2016-02-24,433.314,447.048,433.314,438.257,41194.2,438.257
2016-02-25,438.598,450.561,438.598,448.812,45170.4,448.812
2016-02-26,449.153,453.383,443.18,445.639,54260.9,445.639
2016-02-29,449.5,449.5,435.774,437.895,63919.7,437.895
2016-03-01,438.257,447.734,435.426,445.639,47156.1,445.639
2016-03-02,450.561,462.531,450.213,459.017,113066.0,459.017
2016-03-03,461.13,478.724,461.13,477.316,105964.0,477.316
2016-03-04,477.316,487.53,475.916,484.007,51984.9,484.007
2016-03-07,488.59,497.039,488.59,491.746,44317.9,491.746
2016-03-08,487.181,501.256,486.818,495.267,65051.5,495.267
2016-03-09,495.267,499.846,491.389,497.734,56534.4,497.734
2016-03-10,506.54,510.401,497.734,510.401,59654.4,510.401
2016-03-11,509.349,517.441,499.507,517.441,92327.8,517.441
2016-03-14,523.437,526.602,517.441,522.015,64769.8,522.015
2016-03-15,518.857,521.673,511.469,515.328,62497.5,515.328
2016-03-16,509.705,521.326,506.887,506.887,75850.8,506.887
2016-03-17,503.367,509.349,500.202,504.775,96019.8,504.775
2016-03-18,505.48,509.349,494.215,497.039,72162.5,497.039
2016-03-22,496.691,507.941,496.691,507.941,108235.0,507.941
2016-03-23,510.401,511.104,500.899,506.175,113633.0,506.175
2016-03-24,502.663,511.817,499.846,508.644,107100.0,508.644
2016-03-25,506.887,523.082,506.887,522.378,124998.0,522.378
2016-03-28,523.082,531.175,518.153,531.175,131249.0,531.175
2016-03-29,536.273,551.867,536.273,546.766,90064.4,546.766
2016-03-30,549.33,551.867,535.89,540.974,65825.0,540.974
2016-03-31,540.974,544.237,537.717,538.076,48197.1,538.076
2016-04-01,539.163,539.163,511.207,511.564,107965.0,511.564
2016-04-04,514.102,526.097,512.666,524.637,49578.4,524.637
2016-04-05,518.836,518.836,502.858,504.311,67483.0,504.311
2016-04-06,495.964,507.583,492.324,499.226,39938.5,499.226
2016-04-07,493.057,506.839,493.057,497.048,29469.6,497.048
2016-04-08,489.777,504.67,486.882,502.858,65825.0,502.858
2016-04-11,503.952,506.839,490.88,505.045,51230.4,505.045
2016-04-12,504.67,519.194,504.67,512.666,35256.9,512.666
2016-04-13,519.928,523.193,514.845,521.023,34153.6,521.023
2016-04-14,527.55,527.55,521.023,524.637,49300.5,524.637
2016-04-15,521.023,528.27,519.553,526.097,33876.8,526.097
2016-04-18,510.13,518.101,509.753,510.838,59215.9,510.838
2016-04-19,518.836,526.448,518.836,526.448,26442.3,526.448
2016-04-20,533.001,535.171,526.809,528.27,46548.8,528.27
2016-04-21,533.001,534.088,527.174,527.909,73816.5,527.909
2016-04-22,526.809,533.001,516.29,533.001,80976.7,533.001
2016-04-25,538.076,547.15,534.813,538.076,76846.2,538.076
2016-04-26,537.351,543.879,532.635,538.804,55634.0,538.804
2016-04-27,538.804,538.804,527.174,533.345,49027.3,533.345
2016-04-28,535.89,543.161,526.097,529.354,102457.0,529.354
2016-05-02,515.563,515.563,502.499,512.666,73538.6,512.666
2016-05-06,511.207,511.207,503.217,509.753,38560.8,509.753
2016-05-09,511.915,513.744,506.132,513.017,38560.8,513.017
2016-05-10,508.3,522.825,508.3,520.279,37734.2,520.279
2016-05-11,523.193,533.001,519.194,528.627,47374.2,528.627
2016-05-12,507.207,518.468,506.489,514.102,82903.0,514.102
2016-05-13,510.838,511.915,497.774,505.764,81525.4,505.764
2016-05-16,507.583,511.915,502.499,506.489,37182.0,506.489
2016-05-17,509.753,511.207,499.226,504.67,28919.7,504.67
2016-05-18,503.952,510.13,499.587,509.377,45718.6,509.377
2016-05-19,509.377,511.564,502.124,504.67,18450.8,504.67
2016-05-20,506.489,507.583,503.217,507.207,21482.8,507.207
2016-05-23,506.132,506.132,498.859,501.415,27818.8,501.415
2016-05-24,501.047,506.132,501.047,505.396,32777.1,505.396
2016-05-25,507.583,508.3,504.67,506.839,17629.0,506.839
2016-05-26,508.3,508.3,504.67,506.489,27818.8,506.489
2016-05-27,508.3,508.3,499.226,500.319,18178.9,500.319
2016-05-30,500.319,507.583,499.953,503.217,12945.0,503.217
2016-05-31,503.585,505.396,499.226,501.766,46272.0,501.766
2016-06-01,503.585,503.585,496.314,496.314,38834.0,496.314
2016-06-02,494.493,494.869,482.891,482.891,54811.0,482.891
2016-06-03,483.242,492.324,481.08,482.891,22307.0,482.891
2016-06-06,480.696,480.696,474.893,475.996,27267.7,475.996
2016-06-07,476.705,480.344,474.526,475.269,24234.5,475.269
2016-06-08,475.269,478.533,471.988,473.817,33052.6,473.817
2016-06-09,471.988,472.356,464.001,466.555,72987.6,466.555
2016-06-10,460.745,463.632,454.926,456.379,112376.0,456.379
2016-06-13,454.926,454.926,443.314,444.768,64725.3,444.768
2016-06-14,444.768,453.107,434.241,435.327,122013.0,435.327
2016-06-16,442.957,443.681,428.431,429.149,73264.3,429.149
2016-06-17,434.6,438.598,430.226,431.318,88689.1,431.318
2016-06-20,437.864,446.938,436.053,443.681,53707.7,443.681
2016-06-21,443.681,450.945,438.232,449.851,49027.3,449.851
2016-06-22,447.665,447.665,437.864,439.317,59492.6,439.317
2016-06-23,437.497,447.304,436.419,446.938,46272.0,446.938
2016-06-24,456.379,456.379,377.953,401.937,163054.0,401.937
2016-06-27,401.937,426.252,401.937,418.264,70509.0,418.264
2016-06-28,407.363,422.605,404.825,414.625,59492.6,414.625
2016-06-29,423.706,436.053,420.075,433.515,90892.2,433.515
2016-06-30,439.317,441.137,426.252,427.33,51230.4,427.33
2016-07-01,435.684,437.145,428.073,429.149,21482.8,429.149
2016-07-04,431.318,438.966,431.318,434.241,25615.8,434.241
2016-07-05,436.419,436.419,430.226,433.515,26442.3,433.515
2016-07-06,427.33,431.318,414.993,425.902,35530.0,425.902
2016-07-07,420.075,427.689,417.888,419.34,15150.4,419.34
2016-07-08,424.44,425.527,407.72,407.72,33052.6,407.72
2016-07-11,412.086,431.695,412.086,428.782,25615.8,428.782
2016-07-12,438.232,442.214,433.515,440.409,100807.0,440.409
2016-07-13,446.221,455.294,443.314,449.476,55357.3,449.476
2016-07-14,453.483,456.029,446.57,448.399,41590.4,448.399
2016-07-15,452.388,457.464,450.211,450.577,33602.5,450.577
2016-07-19,453.483,461.105,450.577,457.84,31399.5,457.84
2016-07-20,458.924,458.924,452.037,458.199,22861.7,458.199
2016-07-21,462.197,462.923,457.115,460.378,24788.0,460.378
2016-07-22,453.849,456.029,439.317,455.294,25341.4,455.294
2016-07-25,455.294,459.284,453.107,454.2,45996.5,454.2
2016-07-26,459.284,459.652,448.749,454.926,101631.0,454.926
2016-07-27,461.105,466.913,454.567,466.913,35256.9,466.913
2016-07-28,467.639,467.639,460.745,463.275,15973.4,463.275
2016-07-29,463.275,466.913,457.84,464.368,28919.7,464.368
2016-08-01,460.009,464.368,458.199,458.199,17076.8,458.199
2016-08-02,458.199,458.199,446.57,446.938,27818.8,446.938
2016-08-03,443.314,443.314,434.96,434.96,39114.3,434.96
2016-08-04,442.589,443.314,431.695,437.497,26163.2,437.497
2016-08-05,421.895,426.602,421.169,422.605,46272.0,422.605
2016-08-08,422.972,426.602,422.972,425.902,25341.4,425.902
2016-08-09,424.792,440.043,424.792,432.781,20383.1,432.781
2016-08-10,432.781,433.515,430.602,433.515,12392.8,433.515
2016-08-12,426.252,433.515,426.252,429.506,25888.9,429.506
2016-08-15,432.054,432.054,428.431,428.431,13769.2,428.431
2016-08-16,428.431,429.149,422.972,424.075,31399.5,424.075
2016-08-17,421.895,434.96,421.526,433.515,39660.5,433.515
2016-08-18,423.356,426.602,417.888,417.888,66101.7,417.888
2016-08-19,424.792,425.902,419.716,423.356,20383.1,423.356
2016-08-22,423.356,430.226,423.356,428.431,67483.0,428.431
2016-08-23,428.431,428.431,415.709,415.709,55357.3,415.709
2016-08-24,418.632,420.434,412.446,412.446,39660.5,412.446
2016-08-25,412.804,414.993,410.992,411.369,22033.9,411.369
2016-08-26,410.635,415.709,408.464,408.823,90339.9,408.823
2016-08-29,420.81,420.81,412.446,413.539,45996.5,413.539
2016-08-30,413.907,415.343,412.446,413.907,15973.4,413.907
2016-08-31,414.257,417.888,414.257,417.888,27818.8,417.888
2016-09-01,417.888,421.895,417.888,421.169,31123.9,421.169
2016-09-02,418.99,420.81,417.888,420.434,28919.7,420.434
2016-09-05,422.972,426.252,421.169,424.44,36081.1,424.44
2016-09-06,424.44,432.781,424.44,432.054,34980.1,432.054
2016-09-07,429.149,433.515,426.602,432.413,26442.3,432.413
2016-09-08,434.241,435.327,433.874,434.96,19829.6,434.96
2016-09-09,435.684,448.031,435.684,442.589,66101.7,442.589
2016-09-12,439.317,440.779,436.053,440.409,71887.8,440.409
2016-09-13,441.854,444.768,441.137,442.214,28366.3,442.214
2016-09-14,439.317,440.779,438.232,438.598,12945.0,438.598
2016-09-15,435.684,437.864,434.241,436.053,34426.7,436.053
2016-09-16,435.327,439.317,435.327,439.317,21756.0,439.317
2016-09-20,439.675,442.957,439.675,441.495,34980.1,441.495
2016-09-21,438.598,449.476,437.864,448.031,45996.5,448.031
2016-09-23,452.388,455.294,444.032,453.849,74366.4,453.849
2016-09-26,454.567,455.294,449.851,454.567,64449.8,454.567
2016-09-27,453.107,457.115,448.749,454.926,101358.0,454.926
2016-09-28,470.086,476.906,469.329,473.866,93454.9,473.866
2016-09-29,476.906,481.068,473.501,479.927,111142.0,479.927
2016-09-30,474.25,475.007,469.329,471.975,33528.4,471.975
2016-10-03,470.843,475.389,470.47,471.975,33528.4,471.975
2016-10-04,471.219,477.271,469.703,477.271,32736.2,477.271
2016-10-05,475.389,481.068,475.389,479.168,41976.0,479.168
2016-10-06,479.168,485.615,479.168,484.091,57023.6,484.091
2016-10-07,484.848,490.544,481.068,483.707,47254.5,483.707
2016-10-11,488.272,495.072,452.66,482.576,151269.0,482.576
2016-10-12,476.906,482.209,475.389,477.665,29565.9,477.665
2016-10-13,476.906,482.967,476.139,478.038,24552.7,478.038
2016-10-14,479.554,482.576,477.271,480.694,39335.1,480.694
2016-10-17,480.694,484.473,479.927,480.31,50685.4,480.31
2016-10-18,480.31,486.755,480.31,485.231,27456.6,485.231
2016-10-19,485.231,488.645,484.848,487.13,24025.6,487.13
2016-10-20,489.411,491.675,487.514,489.029,19006.7,489.029
2016-10-21,490.544,490.544,487.514,489.769,19537.2,489.769
2016-10-24,489.769,495.072,489.411,493.566,37491.0,493.566
2016-10-25,495.847,500.0,492.425,498.861,55966.1,498.861
2016-10-26,498.121,501.909,496.222,499.627,79726.6,499.627
2016-10-27,503.799,505.689,495.072,498.121,49104.3,498.121
2016-10-28,498.495,505.307,498.495,505.307,85798.4,505.307
2016-10-31,506.447,507.212,501.909,503.423,40655.5,503.423
2016-11-01,503.799,504.557,497.728,503.049,72069.0,503.049
2016-11-02,500.0,502.65,489.411,494.332,57554.1,494.332
2016-11-04,489.029,489.411,479.554,481.068,69168.5,481.068
2016-11-07,482.967,492.425,482.967,491.675,29040.0,491.675
2016-11-08,492.425,495.456,489.769,494.332,27719.5,494.332
2016-11-09,511.368,524.257,492.808,496.971,171331.0,496.971
2016-11-10,516.297,528.785,515.539,528.419,114047.0,528.419
2016-11-11,529.943,540.168,528.419,532.956,87383.0,532.956
2016-11-14,539.793,554.546,539.793,548.11,87911.2,548.11
2016-11-15,549.243,558.717,547.736,556.818,55966.1,556.818
2016-11-16,556.818,561.741,553.79,560.617,70486.7,560.617
2016-11-17,557.211,557.211,548.876,554.93,27456.6,554.93
2016-11-18,557.969,561.741,556.818,561.374,33528.4,561.374
2016-11-21,560.617,570.082,557.585,570.082,60718.7,570.082
2016-11-22,571.234,571.234,556.079,564.397,46727.4,564.397
2016-11-24,563.639,565.529,560.617,564.397,118006.0,564.397
2016-11-25,560.999,563.272,550.766,553.414,79991.8,553.414
2016-11-28,554.93,559.493,546.978,558.717,80257.1,558.717
2016-11-29,558.717,576.528,553.79,575.387,111935.0,575.387
2016-11-30,575.387,582.956,570.841,581.439,66000.6,581.439
2016-12-01,588.641,591.682,582.581,585.228,65471.2,585.228
2016-12-02,583.722,583.722,574.246,578.034,86063.7,578.034
2016-12-05,571.234,575.762,565.145,569.708,64682.4,569.708
2016-12-06,568.943,575.013,566.303,569.708,62305.5,569.708
2016-12-07,568.943,571.234,567.427,570.841,43297.6,570.841
2016-12-08,572.731,580.682,571.599,574.629,42241.3,574.629
2016-12-09,571.234,576.528,571.234,575.762,46463.3,575.762
2016-12-12,577.276,581.439,576.144,580.316,37491.0,580.316
2016-12-13,579.175,585.986,579.175,585.986,49630.2,585.986
2016-12-14,583.722,604.161,579.175,601.514,114310.0,601.514
2016-12-15,601.514,602.281,593.571,601.514,66528.7,601.514
2016-12-16,602.281,603.039,594.721,595.087,57811.3,595.087
2016-12-19,585.612,590.923,582.214,582.956,71544.2,582.956
2016-12-20,582.956,585.228,580.316,585.228,34318.4,585.228
2016-12-21,586.751,596.602,586.751,592.057,51478.8,592.057
2016-12-22,589.408,600.007,589.408,598.867,54119.8,598.867
2016-12-26,605.32,611.364,598.867,600.39,76558.6,600.39
2016-12-27,603.787,610.99,603.787,607.967,90549.8,607.967
2016-12-28,606.068,618.575,606.068,617.052,78142.0,617.052
2016-12-29,610.99,617.442,597.359,600.007,72069.0,600.007
2016-12-30,601.148,613.645,601.148,605.686,57023.6,605.686
2017-01-04,607.219,615.91,607.219,613.645,69694.4,613.645
2017-01-05,613.645,618.183,612.139,614.393,41183.7,614.393
2017-01-06,608.341,609.865,603.039,608.717,93981.9,608.717
2017-01-10,610.99,614.393,604.545,610.24,69432.6,610.24
2017-01-11,615.545,615.545,608.717,612.139,62305.5,612.139
2017-01-12,606.068,611.756,598.501,611.756,60451.1,611.756
2017-01-13,606.452,610.614,606.068,609.091,79197.2,609.091
2017-01-16,607.967,614.019,601.888,607.967,46727.4,607.967
2017-01-17,608.341,609.865,598.501,601.888,60718.7,601.888
2017-01-18,599.625,603.787,597.734,600.39,48308.5,600.39
2017-01-19,603.787,609.091,602.281,606.818,38281.0,606.818
2017-01-20,609.482,609.482,603.039,605.686,37491.0,605.686
2017-01-23,601.888,607.967,597.734,604.161,51214.7,604.161
2017-01-24,602.281,607.967,600.756,603.787,35638.9,603.787
2017-01-25,606.068,609.091,603.039,604.938,30357.0,604.938
2017-01-26,606.452,614.786,606.452,613.645,55435.6,613.645
2017-01-27,614.393,635.609,612.889,633.711,100846.0,633.711
2017-01-30,634.095,639.407,631.072,636.359,72863.6,636.359
2017-01-31,629.932,634.477,626.892,631.454,41976.0,631.454
2017-02-01,626.161,633.711,618.949,632.195,46196.9,632.195
2017-02-02,634.477,643.57,632.588,642.429,83159.8,642.429
2017-02-03,643.57,660.979,640.547,645.851,121439.0,645.851
2017-02-06,646.226,646.599,640.156,642.055,30357.0,642.055
2017-02-07,632.588,643.953,625.769,628.407,67846.9,628.407
2017-02-08,650.006,650.006,640.156,646.599,48047.9,646.599
2017-02-09,646.599,646.599,635.226,636.759,61509.8,636.759
2017-02-10,639.781,642.055,629.932,634.477,54382.7,634.477
2017-02-13,634.477,642.055,634.477,642.055,34846.6,642.055
2017-02-14,643.953,652.662,643.953,648.873,57023.6,648.873
2017-02-15,653.421,663.635,653.028,656.459,99263.8,656.459
2017-02-16,662.886,677.665,660.979,675.766,104542.0,675.766
2017-02-17,678.423,679.555,668.182,675.018,71013.8,675.018
2017-02-20,675.018,690.92,675.018,688.255,66260.1,688.255
2017-02-21,694.334,696.225,684.101,689.03,58872.3,689.03
2017-02-22,689.03,690.546,670.454,678.423,61509.8,678.423
2017-02-23,675.393,678.039,669.704,674.252,84743.2,674.252
2017-02-24,670.454,684.101,670.454,681.063,53059.9,681.063
2017-02-27,681.063,687.89,677.665,682.594,82631.6,682.594
2017-02-28,682.594,703.044,682.594,695.466,102434.0,695.466
2017-03-01,697.739,705.683,696.599,703.785,72863.6,703.785
2017-03-02,715.157,718.196,714.4,715.924,77086.8,715.924
2017-03-03,712.127,726.532,712.127,721.977,86590.7,721.977
2017-03-06,721.977,723.119,710.238,711.761,55700.9,711.761
2017-03-07,706.449,706.449,687.89,687.89,116687.0,687.89
2017-03-08,687.89,693.952,681.829,685.617,50423.6,685.617
2017-03-09,685.617,685.617,673.868,676.141,67582.8,676.141
2017-03-10,685.617,685.617,678.039,683.335,64682.4,683.335
2017-03-13,683.717,689.388,681.829,682.961,50159.5,682.961
2017-03-14,682.961,699.63,679.939,682.961,81045.9,682.961
2017-03-15,682.961,682.961,652.279,657.207,190340.0,657.207
2017-03-16,651.522,666.3,647.723,664.036,121439.0,664.036
2017-03-17,664.036,670.454,662.886,668.182,49104.3,668.182
2017-03-21,668.182,689.388,668.182,686.373,105597.0,686.373
2017-03-22,671.979,678.039,669.704,669.704,64940.7,669.704
2017-03-23,670.454,675.766,663.635,664.776,53325.2,664.776
2017-03-24,662.886,681.446,660.614,675.393,63093.2,675.393
2017-03-27,675.393,676.525,669.704,670.08,48047.9,670.08
2017-03-28,678.039,686.748,678.039,685.617,62039.1,685.617
2017-03-29,705.943,709.852,699.688,709.456,58327.1,709.456
2017-03-30,710.626,713.761,698.125,702.806,42979.5,702.806
2017-03-31,711.398,712.979,686.782,686.782,63186.3,686.782
2017-04-03,686.0,689.515,678.191,681.318,49117.2,681.318
2017-04-04,687.169,700.847,685.624,691.086,108726.0,691.086
2017-04-05,686.0,702.043,686.0,694.61,43745.1,694.61
2017-04-06,696.569,696.569,669.203,675.442,54490.5,675.442
2017-04-07,673.103,682.891,672.322,673.876,39909.5,673.876
2017-04-10,671.531,680.15,667.244,678.191,36331.1,678.191
2017-04-11,680.921,680.921,668.404,673.876,31977.0,673.876
2017-04-12,664.899,665.286,655.903,664.513,42979.5,664.513
2017-04-13,655.903,658.258,643.015,658.258,44259.1,658.258
2017-04-14,659.425,662.553,648.093,650.826,47840.9,650.826
2017-04-17,650.826,664.117,648.874,660.207,36582.5,660.207
2017-04-18,660.593,666.472,658.258,663.326,36070.7,663.326
2017-04-19,668.404,675.845,663.326,671.154,60629.3,671.154
2017-04-20,668.027,692.256,668.027,686.782,57304.5,686.782
2017-04-21,687.169,698.907,671.531,696.569,81607.3,696.569
2017-04-24,711.398,711.398,677.418,703.597,71890.0,703.597
2017-04-25,710.626,710.626,703.202,709.07,48863.5,709.07
2017-04-26,806.805,814.605,782.548,809.527,717601.0,809.527
2017-04-27,809.132,826.729,796.613,826.729,415210.0,826.729
2017-04-28,823.205,824.383,807.183,811.091,137123.0,811.091
2017-05-01,816.942,816.942,801.708,804.45,97980.8,804.45
2017-05-02,809.132,812.269,802.895,809.132,88770.9,809.132
2017-05-08,811.091,841.567,811.091,837.289,176008.0,837.289
2017-05-09,836.498,836.498,831.017,832.588,52700.1,832.588
2017-05-10,831.41,836.498,819.305,821.652,74443.6,821.652
2017-05-11,821.652,824.77,814.218,822.036,92099.0,822.036
2017-05-12,821.265,826.729,814.605,826.729,57561.6,826.729
2017-05-15,824.77,828.293,815.379,822.423,46305.4,822.423
2017-05-16,820.465,824.383,801.322,808.359,109238.0,808.359
2017-05-17,799.355,809.132,792.731,806.392,61398.2,806.392
2017-05-18,788.813,807.964,788.813,807.183,66261.9,807.183
2017-05-19,813.033,825.552,812.269,823.592,73169.6,823.592
2017-05-22,823.592,840.416,823.592,840.416,62681.2,840.416
2017-05-23,840.416,854.104,840.416,852.126,67028.5,852.126
2017-05-24,859.173,871.683,854.471,855.649,82890.2,855.649
2017-05-25,852.513,852.513,837.684,837.684,53467.9,837.684
2017-05-26,837.684,840.416,824.383,829.453,52445.3,829.453
2017-05-29,821.652,845.485,817.347,843.535,61398.2,843.535
2017-05-30,857.986,858.382,837.684,850.949,30190.0,850.949
2017-05-31,844.712,847.058,833.361,841.188,45792.4,841.188
2017-06-01,846.267,851.361,838.834,845.09,42979.5,845.09
2017-06-02,852.126,859.945,845.881,857.986,70097.4,857.986
2017-06-05,852.126,882.232,849.386,880.275,92099.0,880.275
2017-06-06,888.489,888.884,853.709,860.332,68051.1,860.332
2017-06-07,859.173,868.537,852.513,863.08,65234.8,863.08
2017-06-08,875.196,875.196,865.419,869.328,44259.1,869.328
2017-06-09,865.804,895.911,864.249,894.734,101565.0,894.734
2017-06-12,891.228,908.8,875.196,902.552,80841.7,902.552
2017-06-13,893.96,922.488,893.96,906.867,57050.8,906.867
2017-06-14,916.614,930.307,905.293,905.293,80586.9,905.293
2017-06-15,905.293,905.293,888.083,888.083,83655.8,888.083
2017-06-16,902.948,903.721,865.041,865.041,110518.0,865.041
2017-06-19,873.632,913.876,873.632,902.552,73421.0,902.552
2017-06-20,910.767,930.307,910.767,914.281,86727.9,914.281
2017-06-21,922.488,937.336,921.7,926.017,80841.7,926.017
2017-06-22,928.354,955.716,928.354,951.813,113842.0,951.813
2017-06-23,957.669,965.1,951.813,961.572,115892.0,961.572
2017-06-26,969.408,1012.4,968.615,1004.19,173451.0,1004.19
2017-06-27,1008.48,1016.31,990.494,1009.28,97468.9,1009.28
2017-06-28,1004.19,1016.31,983.468,987.001,178312.0,987.001
2017-06-29,1004.57,1023.33,1000.66,1018.26,108986.0,1018.26
2017-06-30,1006.54,1025.29,1004.57,1025.29,81098.7,1025.29
2017-07-03,1039.76,1069.47,1039.76,1049.15,112309.0,1049.15
2017-07-04,1052.27,1062.06,1008.11,1016.7,141985.0,1016.7
2017-07-05,1036.26,1061.25,1022.57,1058.14,112054.0,1058.14
2017-07-06,1058.52,1061.25,1040.54,1043.28,76238.4,1043.28
2017-07-07,1035.84,1046.81,1029.2,1038.19,50910.9,1038.19
2017-07-10,1040.16,1045.63,1020.98,1021.78,65234.8,1021.78
2017-07-11,1002.22,1029.61,1002.22,1025.68,74443.6,1025.68
2017-07-12,1022.57,1035.45,1017.48,1024.9,71632.9,1024.9
2017-07-13,1028.03,1030.37,1024.12,1027.64,38631.0,1027.64
2017-07-14,1024.53,1031.54,1022.17,1022.57,19187.5,1022.57
2017-07-18,1029.2,1031.94,1013.19,1030.76,38631.0,1030.76
2017-07-19,1024.9,1026.86,1012.01,1013.57,34794.4,1013.57
2017-07-20,1012.01,1033.89,1012.01,1032.34,37861.0,1032.34
2017-07-21,1022.94,1031.54,1022.57,1028.03,30953.3,1028.03
2017-07-24,1017.48,1031.15,1010.84,1029.61,39654.7,1029.61
2017-07-25,1034.68,1040.16,1013.95,1016.7,45538.7,1016.7
2017-07-26,1018.26,1020.98,985.042,1008.87,90818.3,1008.87
2017-07-27,1013.57,1013.57,989.333,994.017,58580.8,994.017
2017-07-28,994.017,997.55,951.41,967.048,89030.1,967.048
2017-07-31,964.312,990.494,961.572,983.081,82630.9,983.081
2017-08-01,985.042,987.778,965.485,979.571,57304.5,979.571
2017-08-02,991.282,1016.31,984.658,1011.22,58075.7,1011.22
2017-08-03,1014.35,1025.68,1002.22,1022.17,55002.3,1022.17
2017-08-04,1022.17,1044.84,1014.75,1044.84,71120.0,1044.84
2017-08-07,1044.84,1044.84,1004.97,1016.31,94658.2,1016.31
2017-08-08,1016.31,1023.33,985.82,989.746,72655.5,989.746
2017-08-09,987.384,991.282,963.139,989.333,116914.0,989.333
2017-08-10,1001.84,1008.48,986.597,1000.66,43745.1,1000.66
2017-08-14,981.515,985.042,970.172,983.081,53214.2,983.081
2017-08-15,983.468,1012.4,983.468,992.463,41444.0,992.463
2017-08-16,997.55,1008.11,994.421,998.731,27372.6,998.731
2017-08-17,994.421,999.489,977.608,978.788,45792.4,978.788
2017-08-18,969.408,990.11,963.532,985.82,64984.5,985.82
2017-08-21,982.317,996.37,978.401,991.282,57050.8,991.282
2017-08-22,991.282,997.934,979.967,983.854,27372.6,983.854
2017-08-23,985.042,988.536,967.048,985.042,59863.8,985.042
2017-08-24,987.001,1003.01,984.275,994.421,35305.1,994.421
2017-08-25,986.203,991.282,979.967,981.911,43490.2,981.911
2017-08-28,977.608,978.015,963.532,967.048,53977.5,967.048
2017-08-29,967.048,973.314,960.015,968.615,44767.6,968.615
2017-08-30,976.051,976.051,960.015,963.139,31977.0,963.139
2017-08-31,971.748,985.042,962.754,982.694,53977.5,982.694
2017-09-01,988.93,998.731,981.515,989.333,53467.9,989.333
2017-09-04,982.694,991.282,970.569,981.911,52956.1,981.911
2017-09-05,981.911,988.536,959.638,963.927,40677.3,963.927
2017-09-06,952.592,972.928,951.41,969.012,50144.3,969.012
2017-09-07,969.408,975.258,958.447,972.521,38374.0,972.521
2017-09-08,976.051,991.282,975.258,987.384,50910.9,987.384
2017-09-11,992.089,1008.48,987.778,1008.11,49630.2,1008.11
2017-09-12,1020.21,1022.17,999.105,1007.3,41699.9,1007.3
2017-09-13,1018.26,1018.26,999.893,1000.28,24813.4,1000.28
2017-09-14,1002.22,1003.41,978.788,982.694,36331.1,982.694
2017-09-15,987.384,995.582,986.203,991.282,39140.7,991.282
2017-09-19,1003.01,1026.46,1000.66,1025.29,67538.1,1025.29
2017-09-20,1028.42,1035.84,1013.19,1035.08,58075.7,1035.08
2017-09-21,1029.61,1033.5,1018.26,1031.94,62166.0,1031.94
2017-09-22,1031.94,1031.94,1012.4,1031.15,55515.3,1031.15
2017-09-25,1031.15,1034.68,1024.12,1033.5,46561.3,1033.5
2017-09-26,1026.46,1039.76,1026.06,1039.76,71120.0,1039.76
2017-09-27,1052.56,1067.77,1049.77,1067.77,51222.9,1067.77
2017-09-28,1074.58,1077.78,1053.35,1056.98,45722.7,1056.98
2017-09-29,1057.37,1061.75,1043.76,1046.57,67965.8,1046.57
2017-10-02,1044.57,1050.56,1034.14,1044.57,53971.4,1044.57
2017-10-03,1045.75,1047.36,1030.14,1038.57,49475.4,1038.57
2017-10-04,1045.75,1048.57,1030.96,1033.36,28984.2,1033.36
2017-10-05,1033.36,1033.36,1017.73,1020.95,43976.3,1020.95
2017-10-06,1024.15,1031.35,1019.34,1030.14,43475.3,1030.14
2017-10-10,1030.14,1052.56,1028.95,1052.16,52719.4,1052.16
2017-10-11,1055.76,1055.76,1040.15,1048.57,44477.3,1048.57
2017-10-12,1052.56,1069.37,1049.77,1066.58,51721.7,1066.58
2017-10-13,1067.77,1104.59,1066.58,1099.39,131428.0,1099.39
2017-10-16,1113.39,1165.03,1107.8,1163.82,159413.0,1163.82
2017-10-17,1168.63,1178.23,1132.6,1136.61,101694.0,1136.61
2017-10-18,1137.02,1141.41,1118.6,1134.6,70459.9,1134.6
2017-10-19,1134.6,1134.6,1109.81,1121.39,72211.8,1121.39
2017-10-20,1112.2,1129.4,1102.98,1104.59,54969.0,1104.59
2017-10-23,1115.4,1146.61,1112.2,1141.81,77205.5,1141.81
2017-10-24,1140.61,1175.83,1130.21,1174.63,88452.6,1174.63
2017-10-25,1185.84,1188.24,1141.41,1144.21,94199.4,1144.21
2017-10-26,1155.02,1160.63,1132.19,1144.21,63216.6,1144.21
2017-10-27,1148.61,1186.64,1143.01,1181.84,73461.6,1181.84
2017-10-30,1180.63,1181.84,1159.43,1172.62,84453.2,1172.62
2017-10-31,1171.03,1181.05,1163.03,1172.22,37479.6,1172.22
2017-11-01,1182.23,1185.84,1175.03,1185.44,57215.4,1185.44
2017-11-02,1188.66,1204.65,1149.02,1149.02,144673.0,1149.02
2017-11-06,1147.83,1161.02,1127.81,1130.21,79455.2,1130.21
2017-11-07,1140.61,1182.64,1131.01,1170.62,93700.6,1170.62
2017-11-08,1050.56,1081.79,1002.54,1053.76,522720.0,1053.76
2017-11-09,1057.37,1104.19,1053.76,1070.97,274103.0,1070.97
2017-11-10,1050.96,1066.58,1040.56,1042.96,153667.0,1042.96
2017-11-13,1054.58,1064.56,1032.95,1035.36,120183.0,1035.36
2017-11-14,1024.55,1030.96,1012.54,1023.75,97196.8,1023.75
2017-11-15,1013.36,1020.54,964.125,964.125,200140.0,964.125
2017-11-16,964.527,982.926,964.527,973.721,78208.6,973.721
2017-11-17,988.536,996.93,980.528,984.521,102443.0,984.521
2017-11-20,984.521,988.142,979.329,985.347,59465.0,985.347
2017-11-21,996.537,996.537,980.528,986.125,84706.5,986.125
2017-11-22,986.125,988.536,982.54,984.934,48723.3,984.934
2017-11-24,985.347,986.942,978.913,979.329,58217.4,979.329
2017-11-27,978.526,994.136,972.928,989.727,78208.6,989.727
2017-11-28,986.942,992.541,979.329,982.926,49475.4,982.926
2017-11-29,984.521,1006.54,978.526,998.535,123436.0,998.535
2017-11-30,998.535,998.535,980.528,987.719,53220.4,987.719
2017-12-01,995.336,1008.94,992.925,1006.14,74710.3,1006.14
2017-12-04,1001.35,1012.13,998.131,1002.54,89701.3,1002.54
2017-12-05,1002.54,1006.94,991.341,992.128,48473.4,992.128
2017-12-06,989.727,998.535,979.726,984.521,97695.6,984.521
2017-12-07,984.521,1002.94,984.521,991.341,56967.6,991.341
2017-12-08,985.731,993.319,975.723,986.125,131179.0,986.125
2017-12-11,1002.15,1007.76,995.336,1007.76,59216.1,1007.76
2017-12-12,1011.35,1011.35,992.925,1000.54,49222.2,1000.54
2017-12-13,1012.13,1074.18,1010.55,1039.36,211636.0,1039.36
2017-12-14,1040.56,1053.35,1030.14,1041.76,84706.5,1041.76
2017-12-15,1041.76,1099.39,1040.56,1080.58,189397.0,1080.58
2017-12-18,1080.58,1090.2,1069.37,1073.76,80958.2,1073.76
2017-12-19,1075.78,1075.78,1034.14,1055.37,108941.0,1055.37
2017-12-20,1054.96,1068.57,1054.96,1060.55,50470.9,1060.55
2017-12-21,1060.55,1079.39,1060.55,1068.17,65216.2,1068.17
2017-12-22,1072.98,1085.39,1071.38,1072.98,41475.6,1072.98
2017-12-25,1080.18,1095.39,1077.38,1084.99,86202.9,1084.99
2017-12-26,1091.39,1113.39,1080.97,1098.97,131679.0,1098.97
2017-12-27,1112.6,1125.39,1106.59,1120.6,68211.4,1120.6
2017-12-28,1130.61,1130.61,1102.19,1105.38,47225.8,1105.38
2017-12-29,1120.6,1120.6,1090.98,1097.39,37479.6,1097.39
2018-01-04,1091.39,1119.0,1088.17,1113.8,63965.4,1113.8
2018-01-05,1113.8,1124.2,1100.98,1122.19,59216.1,1122.19
2018-01-09,1134.6,1135.43,1121.0,1131.42,46223.8,1131.42
2018-01-10,1131.42,1131.42,1123.01,1125.39,40478.0,1125.39
2018-01-11,1123.41,1129.01,1111.8,1123.41,35979.8,1123.41
2018-01-12,1115.79,1131.42,1102.59,1127.0,81955.8,1127.0
2018-01-15,1127.0,1128.62,1104.19,1123.01,66713.8,1123.01
2018-01-16,1122.19,1152.61,1110.19,1144.21,95949.1,1144.21
2018-01-17,1144.21,1148.22,1137.02,1139.81,53220.4,1139.81
2018-01-18,1147.83,1153.43,1125.39,1128.62,59216.1,1128.62
2018-01-19,1134.6,1137.81,1121.39,1121.39,21235.5,1121.39
2018-01-22,1121.39,1125.82,1103.39,1125.82,44226.3,1125.82
2018-01-23,1135.43,1140.22,1128.62,1129.81,26734.6,1129.81
2018-01-24,1128.2,1135.43,1120.21,1128.2,31231.7,1128.2
2018-01-25,1127.42,1127.42,1112.2,1112.2,34730.0,1112.2
2018-01-26,1112.6,1114.59,1102.98,1105.0,42977.6,1105.0
2018-01-29,1097.39,1112.2,1086.99,1102.98,50721.9,1102.98
2018-01-30,1100.6,1108.59,1083.77,1090.98,64717.4,1090.98
2018-01-31,1080.58,1095.39,1070.97,1076.98,74710.3,1076.98
2018-02-01,1077.38,1105.38,1077.38,1104.59,44226.3,1104.59
2018-02-02,1110.19,1126.6,1093.78,1118.6,50721.9,1118.6
2018-02-05,1100.6,1105.0,1053.35,1057.37,159912.0,1057.37
2018-02-06,967.716,1008.94,956.909,1002.15,141175.0,1002.15
2018-02-07,1042.15,1050.56,989.333,994.136,80704.9,994.136
2018-02-08,974.533,991.341,968.528,976.921,78957.4,976.921
2018-02-09,942.909,955.313,936.515,943.697,78708.5,943.697
2018-02-13,953.717,955.707,912.497,912.903,92948.6,912.903
2018-02-14,909.277,918.498,879.28,884.875,87952.7,884.875
2018-02-15,895.686,907.28,886.071,895.686,39479.2,895.686
2018-02-16,901.686,920.503,889.678,908.882,29234.2,908.882
2018-02-19,913.29,942.111,913.29,936.91,29735.2,936.91
2018-02-20,928.104,953.717,925.288,950.105,42476.6,950.105
2018-02-21,945.704,952.123,932.106,941.707,36730.8,941.707
2018-02-22,947.712,947.712,922.49,925.692,33731.3,925.692
2018-02-23,925.692,938.911,925.692,938.488,18240.4,938.488
2018-02-26,936.515,948.116,936.515,946.117,28984.2,946.117
2018-02-27,954.112,954.506,947.3,950.913,34982.2,950.913
2018-02-28,947.3,968.528,947.3,951.306,40980.1,951.306
2018-03-01,947.3,947.3,917.292,924.092,47724.6,924.092
2018-03-02,904.089,916.491,892.485,908.081,39227.1,908.081
2018-03-05,902.092,905.689,887.682,892.881,51973.9,892.881
2018-03-06,909.277,936.91,909.277,912.903,73461.6,912.903
2018-03-07,912.903,923.291,890.47,892.881,54969.0,892.881
2018-03-08,898.089,898.089,873.668,878.867,60717.0,878.867
2018-03-09,870.07,886.071,856.856,865.663,105444.0,865.663
2018-03-12,870.07,875.673,856.46,872.462,133676.0,872.462
2018-03-13,852.458,861.65,845.649,861.65,116439.0,861.65
2018-03-14,857.271,857.271,848.842,854.059,64964.1,854.059
2018-03-15,850.848,871.68,848.446,870.07,45476.1,870.07
2018-03-16,866.463,866.463,848.446,850.452,61464.7,850.452
2018-03-19,850.452,850.452,820.446,827.65,73461.6,827.65
2018-03-20,816.019,830.448,808.833,829.243,62713.4,829.243
2018-03-22,829.243,838.857,824.448,830.052,40727.9,830.052
2018-03-23,808.428,810.03,790.826,794.837,114439.0,794.837
2018-03-26,784.422,794.433,768.421,784.422,128178.0,784.422
2018-03-27,785.618,814.041,785.618,810.425,120685.0,810.425
2018-03-28,812.489,824.874,812.489,822.816,87771.1,822.816
2018-03-29,831.047,831.047,803.007,816.206,78559.4,816.206
2018-03-30,829.833,847.963,820.331,834.365,69346.6,834.365
2018-04-02,841.372,850.04,839.306,839.306,37824.4,839.306
2018-04-03,833.958,850.438,827.349,847.963,32731.8,847.963
2018-04-04,851.68,861.58,841.372,857.048,43886.0,857.048
2018-04-05,864.472,864.472,852.088,857.854,54070.1,857.854
2018-04-06,861.58,870.645,857.446,857.854,65708.3,857.854
2018-04-09,866.113,876.829,857.446,874.353,73466.8,874.353
2018-04-10,876.42,899.103,867.354,886.747,93348.7,886.747
2018-04-11,892.92,901.189,872.305,877.245,59885.0,877.245
2018-04-12,881.787,881.787,861.978,865.695,50913.7,865.695
2018-04-13,872.713,879.721,865.695,876.42,47037.1,876.42
2018-04-16,886.747,892.512,862.813,868.996,46550.9,868.996
2018-04-17,861.978,872.713,858.697,860.746,51157.3,860.746
2018-04-18,859.105,859.105,841.372,847.157,66676.4,847.157
2018-04-19,847.963,861.182,846.731,856.63,52372.2,856.63
2018-04-20,856.63,869.83,853.738,858.281,39765.8,858.281
2018-04-23,858.281,868.588,849.623,852.506,32004.2,852.506
2018-04-24,857.446,863.221,849.623,863.221,45098.8,863.221
2018-04-25,865.298,865.695,852.922,861.978,42915.8,861.978
2018-04-26,865.298,892.512,865.298,892.512,139656.0,892.512
2018-04-27,890.862,894.56,870.645,887.561,85105.1,887.561
2018-05-01,884.67,886.33,867.763,877.653,30065.9,877.653
2018-05-02,877.653,879.303,864.88,878.488,49461.6,878.488
2018-05-07,885.505,901.189,878.488,899.51,53340.3,899.51
2018-05-08,900.771,900.771,883.447,894.163,74194.5,894.163
2018-05-09,892.095,894.978,874.761,882.612,36612.6,882.612
2018-05-10,908.187,956.443,908.187,939.944,141599.0,939.944
2018-05-11,940.361,962.209,940.361,961.384,94559.4,961.384
2018-05-14,970.878,970.878,957.677,964.684,47524.3,964.684
2018-05-15,966.334,966.334,936.227,939.526,40977.5,939.526
2018-05-16,935.412,967.58,933.751,961.384,35400.9,961.384
2018-05-17,969.215,969.215,943.243,951.892,31762.7,951.892
2018-05-18,964.684,964.684,949.009,952.726,10909.5,952.726
2018-05-21,953.541,963.868,952.308,959.743,21094.6,959.743
2018-05-22,953.134,959.326,940.361,942.001,26671.2,942.001
2018-05-23,948.194,950.659,929.219,937.041,25942.5,937.041
2018-05-24,937.041,937.041,909.021,910.661,26671.2,910.661
2018-05-25,915.611,920.145,891.677,892.92,40006.3,892.92
2018-05-28,892.92,914.786,877.245,882.612,31037.1,882.612
2018-05-29,871.888,876.022,859.92,871.888,28125.4,871.888
2018-05-30,855.805,862.405,845.905,859.92,24971.2,859.92
2018-05-31,861.978,862.813,850.847,857.048,22065.9,857.048
2018-06-01,856.63,888.795,856.213,885.078,41704.1,885.078
2018-06-04,896.211,907.352,894.56,904.886,27154.2,904.886
2018-06-05,921.386,921.386,891.279,901.995,40733.9,901.995
2018-06-06,906.129,909.826,899.51,901.577,19883.9,901.577
2018-06-07,911.069,916.418,908.603,914.37,23760.6,914.37
2018-06-08,901.995,911.488,901.995,907.352,31037.1,907.352
2018-06-11,912.729,923.444,912.729,919.319,23516.9,919.319
2018-06-12,937.886,937.886,927.985,934.169,30549.9,934.169
2018-06-13,939.944,944.476,926.326,933.344,16728.7,933.344
2018-06-14,935.809,935.809,918.902,922.619,25216.9,922.619
2018-06-15,937.47,937.47,903.247,906.537,30065.9,906.537
2018-06-18,910.661,910.661,891.677,901.995,20125.4,901.995
2018-06-19,905.703,907.761,884.67,890.038,25458.4,890.038
2018-06-20,901.995,901.995,878.07,899.103,32004.2,899.103
2018-06-21,901.189,908.603,875.595,876.829,21579.7,876.829
2018-06-22,876.829,902.412,869.422,902.412,64252.0,902.412
2018-06-25,898.695,898.695,882.195,885.922,22549.9,885.922
2018-06-26,891.677,904.886,867.763,904.47,40977.5,904.47
2018-06-27,909.826,909.826,885.922,890.038,18185.0,890.038
2018-06-28,890.038,893.755,875.178,881.787,18424.4,881.787
2018-06-29,875.178,890.862,868.996,876.829,34186.1,876.829
2018-07-02,871.063,871.063,830.648,833.114,72255.1,833.114
2018-07-03,833.114,840.131,809.208,814.566,52128.6,814.566
2018-07-04,808.791,824.049,808.791,814.149,34432.8,814.149
2018-07-05,813.731,818.264,805.074,805.89,54554.1,805.89
2018-07-06,805.89,824.466,805.89,822.816,49461.6,822.816
2018-07-09,822.816,848.371,822.816,840.131,22065.9,840.131
2018-07-10,850.04,852.088,818.264,818.264,36369.0,818.264
2018-07-11,825.272,826.106,806.714,818.264,37095.6,818.264
2018-07-12,825.689,830.648,821.157,823.205,12121.2,823.205
2018-07-13,823.205,847.963,821.583,836.831,17699.9,836.831
2018-07-17,833.114,849.205,833.114,838.064,16242.5,838.064
2018-07-18,839.723,857.048,839.723,855.398,19637.2,855.398
2018-07-19,855.398,869.83,850.04,860.329,35400.9,860.329
2018-07-20,860.329,860.329,834.365,834.365,17456.3,834.365
2018-07-23,837.655,838.49,827.349,827.349,13578.6,827.349
2018-07-24,838.49,844.265,835.598,840.937,16003.1,840.937
2018-07-25,842.198,854.564,842.198,852.506,13337.1,852.506
2018-07-26,862.813,865.695,854.971,854.971,23031.8,854.971
2018-07-27,862.405,873.12,862.405,868.996,23516.9,868.996
2018-07-30,877.245,877.653,861.182,862.405,20849.9,862.405
2018-07-31,854.971,857.854,846.731,851.68,17456.3,851.68
2018-08-01,848.798,859.105,843.014,848.371,31277.6,848.371
2018-08-02,842.198,849.205,826.106,826.94,24489.3,826.94
2018-08-03,825.272,833.114,825.272,827.756,21334.0,827.756
2018-08-06,886.747,903.247,866.113,867.354,67890.3,867.354
2018-08-07,867.354,901.995,867.354,885.922,23277.6,885.922
2018-08-08,883.864,900.771,881.787,889.639,23031.8,889.639
2018-08-09,877.245,891.677,877.245,880.137,21579.7,880.137
2018-08-10,875.595,880.546,843.421,846.731,33945.6,846.731
2018-08-13,845.905,848.371,833.114,834.365,20849.9,834.365
2018-08-14,831.473,853.331,831.473,850.438,14061.6,850.438
2018-08-15,850.438,857.854,833.114,838.49,17943.5,838.49
2018-08-16,826.106,832.299,819.923,826.106,22549.9,826.106
2018-08-17,829.833,832.299,825.272,828.591,7517.0,828.591
2018-08-20,825.272,828.989,818.691,821.157,14547.8,821.157
2018-08-21,816.624,817.051,800.124,810.024,28368.0,810.024
2018-08-22,810.024,827.756,810.024,821.157,16969.1,821.157
2018-08-23,826.106,826.106,811.266,811.266,13818.0,811.266
2018-08-24,809.208,818.691,807.559,811.683,16486.1,811.683
2018-08-27,813.334,831.473,813.334,821.157,25942.5,821.157
2018-08-28,830.648,846.313,829.833,837.655,23031.8,837.655
2018-08-29,841.781,853.331,841.781,847.963,16728.7,847.963
2018-08-30,848.798,906.129,836.006,875.178,105228.0,875.178
2018-08-31,866.113,875.178,856.213,856.213,26671.2,856.213
2018-09-03,866.54,868.588,856.213,856.63,21579.7,856.63
2018-09-04,857.854,859.92,835.598,845.081,19396.7,845.081
2018-09-05,845.498,857.048,836.831,843.839,32976.5,843.839
2018-09-06,835.598,850.438,825.272,843.839,29822.2,843.839
2018-09-07,840.529,847.566,833.958,845.498,27880.8,845.498
2018-09-10,845.498,850.847,838.49,845.905,24247.8,845.905
2018-09-11,845.905,850.04,833.958,845.905,40246.7,845.905
2018-09-12,850.438,850.438,830.241,836.432,28125.4,836.432
2018-09-13,836.831,862.813,836.831,846.731,31762.7,846.731
2018-09-14,847.157,857.048,845.498,846.313,63526.4,846.313
2018-09-18,848.371,880.546,848.371,867.354,40006.3,867.354
2018-09-19,875.595,883.864,869.422,881.787,38309.5,881.787
2018-09-20,892.512,894.163,882.195,886.33,35158.4,886.33
2018-09-21,892.92,926.745,887.96,914.786,100380.0,914.786
2018-09-25,909.42,929.219,906.129,925.094,56978.6,925.094
2018-09-26,923.008,928.868,904.593,909.201,35849.1,909.201
2018-09-27,909.201,909.201,870.702,872.798,46846.2,872.798
2018-09-28,890.359,895.385,880.744,889.933,30590.0,889.933
2018-10-01,884.936,887.866,876.136,880.318,33223.2,880.318
2018-10-02,890.359,898.326,876.136,878.649,33697.8,878.649
2018-10-03,884.5,884.5,861.495,861.495,54969.6,861.495
2018-10-04,876.136,878.231,858.157,864.425,31786.9,864.425
2018-10-05,851.87,872.371,850.191,863.164,92973.3,863.164
2018-10-09,861.495,861.495,832.63,835.968,53058.7,835.968
2018-10-10,844.332,849.775,835.968,839.325,41826.5,839.325
2018-10-11,821.327,821.327,805.434,807.113,74807.2,807.113
2018-10-12,806.259,815.467,797.896,809.616,47561.2,809.616
2018-10-15,807.938,823.84,799.147,799.147,48993.3,799.147
2018-10-16,799.575,815.059,799.575,809.208,27964.1,809.208
2018-10-17,815.884,835.133,815.884,831.369,26766.1,831.369
2018-10-18,835.968,837.637,814.206,816.728,36807.7,816.728
2018-10-19,807.938,824.665,805.008,823.006,27005.5,823.006
2018-10-22,823.006,823.006,804.6,804.6,89388.8,804.6
2018-10-23,805.008,805.008,773.222,774.474,69073.5,774.474
2018-10-24,774.056,782.838,764.014,768.613,45888.7,768.613
2018-10-25,736.809,749.773,729.688,739.74,81501.6,739.74
2018-10-26,745.6,752.284,718.413,725.943,83650.9,725.943
2018-10-29,725.515,743.495,707.11,707.954,58794.6,707.954
2018-10-30,707.954,741.408,707.11,725.515,63573.9,725.515
2018-10-31,735.966,753.963,728.029,741.408,59510.6,741.408
2018-11-01,741.408,766.945,736.402,764.849,65009.2,764.849
2018-11-02,763.607,767.77,745.173,763.607,63573.9,763.607
2018-11-05,763.607,771.545,753.555,762.327,45888.7,762.327
2018-11-06,769.021,771.117,761.919,762.327,46846.2,762.327
2018-11-07,829.292,854.8,816.311,823.432,138144.0,823.432
2018-11-08,835.968,865.269,831.786,864.008,70746.0,864.008
2018-11-09,866.521,882.423,856.886,876.98,48518.8,876.98
2018-11-12,873.206,881.569,862.339,869.442,27964.1,869.442
2018-11-13,848.522,848.95,829.7,844.768,58794.6,844.768
2018-11-14,851.444,856.886,839.742,847.261,70027.9,847.261
2018-11-15,845.185,849.357,843.08,849.357,32744.5,849.357
2018-11-16,853.957,853.957,836.812,851.036,25334.0,851.036
2018-11-19,856.886,867.354,844.768,867.354,30114.4,867.354
2018-11-20,858.574,858.574,830.952,835.56,46846.2,835.56
2018-11-21,828.022,828.865,798.313,820.911,153438.0,820.911
2018-11-22,835.968,838.49,809.208,834.29,32744.5,834.29
2018-11-26,832.213,833.038,826.362,830.524,13862.3,830.524
2018-11-27,830.524,836.812,817.572,827.595,42541.5,827.595
2018-11-28,820.911,838.917,820.911,838.49,23662.5,838.49
2018-11-29,847.261,859.817,843.906,850.191,32265.7,850.191
2018-11-30,850.191,850.191,834.29,846.427,18162.9,846.427
2018-12-03,846.427,861.495,846.427,858.157,20554.6,858.157
2018-12-04,853.113,853.113,830.108,833.038,22226.1,833.038
2018-12-05,813.798,829.7,811.712,819.241,32026.3,819.241
2018-12-06,817.98,821.753,799.575,812.129,40153.9,812.129
2018-12-07,826.362,826.77,807.113,813.798,36090.6,813.798
2018-12-10,799.981,799.981,775.299,779.063,45888.7,779.063
2018-12-11,779.063,780.742,756.068,759.397,23184.8,759.397
2018-12-12,759.814,784.924,758.989,779.917,26530.9,779.917
2018-12-13,779.917,790.783,776.144,784.507,35610.8,784.507
2018-12-14,784.507,784.507,762.735,764.014,42541.5,764.014
2018-12-17,763.607,763.607,748.938,756.884,30114.4,756.884
2018-12-18,751.034,752.703,738.061,738.905,33697.8,738.905
2018-12-19,738.488,748.53,732.21,741.408,38480.3,741.408
2018-12-20,740.992,740.992,701.259,720.5,103968.0,720.5
2018-12-21,733.879,749.345,698.738,739.322,153679.0,739.322
2018-12-25,690.781,743.495,690.364,723.838,127388.0,723.838
2018-12-26,735.558,757.737,728.446,739.74,112093.0,739.74
2018-12-27,772.796,793.713,760.677,790.783,78869.4,790.783
2018-12-28,775.299,783.264,772.369,776.144,31547.5,776.144
2019-01-04,774.056,774.056,740.992,767.77,52818.3,767.77
2019-01-07,798.313,798.313,744.766,751.46,212237.0,751.46
2019-01-08,755.642,767.77,746.425,757.32,58077.4,757.32
2019-01-09,756.884,766.102,748.104,760.241,50905.3,760.241
2019-01-10,757.32,757.32,736.402,744.766,43022.3,744.766
2019-01-11,746.841,765.257,740.992,745.173,40392.2,745.173
2019-01-15,745.173,783.264,742.242,778.219,66680.7,778.219
2019-01-16,776.144,778.646,755.224,758.989,49473.2,758.989
2019-01-17,769.448,770.292,748.53,753.963,45650.3,753.963
2019-01-18,753.963,760.677,751.034,752.703,59990.4,752.703
2019-01-21,756.068,769.021,753.963,760.241,40870.0,760.241
2019-01-22,760.241,760.241,744.766,752.284,41826.5,752.284
2019-01-23,748.53,753.555,743.495,750.199,28917.4,750.199
2019-01-24,750.199,765.683,745.6,763.181,30114.4,763.181
2019-01-25,779.063,781.577,758.155,761.084,41826.5,761.084
2019-01-28,761.084,771.117,756.477,756.884,43977.8,756.884
2019-01-29,753.129,762.327,747.686,759.814,49712.6,759.814
2019-01-30,764.432,768.187,746.425,746.425,61901.3,746.425
2019-01-31,751.878,754.808,746.425,746.425,54252.5,746.425
2019-02-01,746.841,751.46,741.408,744.766,43738.4,744.766
2019-02-04,750.606,758.989,749.773,758.155,45171.6,758.155
2019-02-05,758.155,764.014,756.068,757.737,44215.1,757.737
2019-02-06,759.397,760.241,751.46,752.284,23899.8,752.284
2019-02-07,752.284,759.397,744.766,753.129,55686.7,753.129
2019-02-08,794.966,830.952,784.08,815.884,203154.0,815.884
2019-02-12,815.467,840.984,812.546,833.465,127627.0,833.465
2019-02-13,840.984,846.011,826.362,838.054,92973.3,838.054
2019-02-14,835.133,853.957,829.7,846.845,58317.9,846.845
2019-02-15,846.011,846.011,832.63,836.395,43738.4,836.395
2019-02-18,853.113,885.353,853.113,882.005,109703.0,882.005
2019-02-19,884.936,884.936,863.59,871.537,63336.6,871.537
2019-02-20,878.231,879.9,866.948,874.041,42066.9,874.041
2019-02-21,875.727,890.359,873.622,881.152,52818.3,881.152
2019-02-22,878.231,907.95,869.442,902.488,60469.2,902.488
2019-02-25,901.256,908.357,892.038,901.256,35135.2,901.256
2019-02-26,900.392,900.828,882.423,893.717,30353.7,893.717
2019-02-27,895.385,895.385,878.649,884.936,28917.4,884.936
2019-02-28,881.152,888.274,874.477,883.665,43977.8,883.665
2019-03-01,877.396,879.9,874.041,875.301,28203.5,875.301
2019-03-04,877.815,887.012,872.371,884.5,36326.9,884.5
2019-03-05,876.136,892.455,873.206,890.786,36807.7,890.786
2019-03-06,884.5,884.5,865.269,868.199,65966.7,868.199
2019-03-07,862.339,862.339,836.812,843.497,108266.0,843.497
2019-03-08,828.022,838.917,820.502,828.439,100142.0,828.439
2019-03-11,828.022,828.022,805.434,817.98,81976.2,817.98
2019-03-12,829.292,831.369,805.434,811.712,75764.8,811.712
2019-03-13,811.712,813.798,793.307,799.147,89388.8,799.147
2019-03-14,805.434,812.129,794.966,806.686,54016.3,806.686
2019-03-15,811.712,818.387,805.434,805.843,46366.4,805.843
2019-03-18,818.387,824.247,808.772,819.658,42541.5,819.658
2019-03-19,823.006,823.006,809.616,812.964,60469.2,812.964
2019-03-20,818.387,828.439,817.136,825.091,41346.6,825.091
2019-03-22,825.091,825.091,799.575,799.575,99904.0,799.575
2019-03-25,788.688,788.688,765.683,766.528,144836.0,766.528
2019-03-26,778.219,792.88,773.63,778.646,150569.0,778.646
2019-03-27,784.194,792.292,771.838,777.793,133271.0,777.793
2019-03-28,781.624,801.67,775.668,794.852,92211.9,794.852
2019-03-29,794.852,802.931,779.935,797.413,59832.3,797.413
2019-04-01,812.328,840.889,812.328,833.635,122246.0,833.635
2019-04-02,831.502,837.039,813.598,825.955,39890.3,825.955
2019-04-03,825.955,857.91,822.56,857.91,77665.1,857.91
2019-04-04,857.91,862.614,849.396,854.089,41531.2,854.089
2019-04-05,857.493,867.725,849.822,866.028,53732.6,866.028
2019-04-08,868.152,876.25,853.672,860.48,40826.7,860.48
2019-04-09,861.325,862.614,849.822,858.784,40122.3,858.784
2019-04-10,858.784,865.165,854.507,863.467,37073.5,863.467
2019-04-11,862.187,862.187,837.902,843.421,38950.6,843.421
2019-04-12,843.421,858.784,839.173,849.822,44817.2,849.822
2019-04-15,859.626,866.881,856.639,864.311,59363.0,864.311
2019-04-16,918.446,935.487,890.302,915.043,139373.0,915.043
2019-04-17,915.877,949.132,914.179,940.598,149230.0,940.598
2019-04-18,948.279,948.705,923.122,924.828,97373.0,924.828
2019-04-19,929.939,941.887,929.939,936.757,43407.3,936.757
2019-04-22,945.301,960.644,944.856,954.67,99953.5,954.67
2019-04-23,957.231,965.309,942.313,945.728,67809.0,945.728
2019-04-24,953.4,961.071,946.989,946.989,67340.8,946.989
2019-04-25,949.976,954.244,945.301,950.413,68747.6,950.413
2019-04-26,951.693,964.892,947.842,958.918,111218.0,958.918
2019-05-07,963.195,967.88,952.964,958.918,103941.0,958.918
2019-05-08,958.083,958.501,934.633,938.9,130925.0,938.9
2019-05-09,935.914,936.35,917.166,921.851,104178.0,921.851
2019-05-10,926.952,943.158,920.145,924.828,125296.0,924.828
2019-05-13,932.5,933.78,901.387,901.815,115205.0,901.815
2019-05-14,917.594,934.633,901.815,917.166,147352.0,917.166
2019-05-15,936.35,940.181,907.362,934.206,136559.0,934.206
2019-05-16,934.206,938.9,915.043,920.145,78603.7,920.145
2019-05-17,923.122,935.487,911.619,932.926,84470.3,932.926
2019-05-20,933.354,934.633,915.877,931.646,68983.8,931.646
2019-05-21,932.074,935.914,921.433,926.109,57956.2,926.109
2019-05-22,924.828,938.474,905.665,929.096,76726.5,929.096
2019-05-23,929.096,929.096,908.633,917.594,80950.1,917.594
2019-05-24,905.665,936.757,895.86,934.206,101128.0,934.206
2019-05-27,939.755,946.572,925.682,931.229,81653.5,931.229
2019-05-28,938.9,944.022,925.682,936.757,61711.5,936.757
2019-05-29,933.78,946.572,925.682,941.451,42236.7,941.451
2019-05-30,935.487,955.941,934.206,948.279,49272.8,948.279
2019-05-31,944.856,944.856,931.646,938.047,43407.3,938.047
2019-06-03,923.975,953.4,918.865,944.438,81888.7,944.438
2019-06-04,944.438,945.301,932.926,942.313,40122.3,942.313
2019-06-05,953.4,970.868,944.438,969.156,131866.0,969.156
2019-06-06,972.986,980.239,955.524,955.524,55374.6,955.524
2019-06-07,957.231,992.157,946.572,986.194,95026.5,986.194
2019-06-10,995.159,1012.63,985.367,1007.93,82824.1,1007.93
2019-06-11,1007.93,1009.65,990.908,992.157,62645.9,992.157
2019-06-12,992.6,1009.65,990.465,1006.24,34493.0,1006.24
2019-06-13,1005.38,1009.65,993.033,998.977,63586.5,998.977
2019-06-14,1001.55,1007.09,996.448,1005.8,49272.8,1005.8
2019-06-17,1007.53,1022.86,1006.24,1016.47,85877.1,1016.47
2019-06-18,1020.3,1024.14,993.89,995.996,68983.8,995.996
2019-06-19,1001.55,1024.14,987.07,1019.45,88693.8,1019.45
2019-06-20,1019.87,1029.67,1008.77,1018.6,70861.0,1018.6
2019-06-21,1017.74,1017.74,992.157,1004.54,72737.1,1004.54
2019-06-24,995.996,1021.15,987.07,1016.04,34254.6,1016.04
2019-06-25,1015.61,1021.57,998.564,1010.93,63118.3,1010.93
2019-06-26,1001.98,1015.18,989.185,993.033,60067.4,993.033
2019-06-27,993.033,1008.77,989.609,1001.98,39182.6,1001.98
2019-06-28,1019.45,1021.57,1003.26,1006.24,49272.8,1006.24
2019-07-01,1017.74,1034.8,1011.35,1030.96,58424.4,1030.96
2019-07-02,1030.96,1054.82,1024.14,1045.88,76256.2,1045.88
2019-07-03,1044.18,1060.38,1030.96,1054.39,59363.0,1054.39
2019-07-04,1054.39,1062.07,1045.88,1054.39,40593.7,1054.39
2019-07-05,1053.97,1056.52,1046.29,1050.56,28861.5,1050.56
2019-07-08,1048.42,1051.83,1036.08,1036.51,60536.7,1036.51
2019-07-09,1034.8,1039.05,1010.49,1011.77,89397.2,1011.77
2019-07-10,1007.09,1027.55,999.863,1010.07,99017.1,1010.07
2019-07-11,1009.65,1038.62,1003.7,1032.23,60067.4,1032.23
2019-07-12,1033.09,1051.41,1021.15,1038.2,42236.7,1038.2
2019-07-16,1040.34,1053.97,1039.92,1047.14,55374.6,1047.14
2019-07-17,1047.14,1048.0,1022.43,1026.27,87283.9,1026.27
2019-07-18,1027.55,1034.37,1017.74,1022.43,78134.4,1022.43
2019-07-19,1014.32,1014.32,990.465,998.564,136323.0,998.564
2019-07-22,997.285,1015.61,997.285,1008.77,58424.4,1008.77
2019-07-23,1004.11,1025.84,998.564,1015.61,34727.1,1015.61
2019-07-24,1015.61,1035.64,1015.18,1030.12,46458.1,1030.12
2019-07-25,1027.55,1042.46,1027.12,1037.77,31206.9,1037.77
2019-07-26,1033.09,1043.32,1026.27,1037.77,44345.8,1037.77
2019-07-29,1041.2,1050.56,1028.41,1044.6,32378.5,1044.6
2019-07-30,1044.18,1056.94,1042.9,1051.83,57251.7,1051.83
2019-07-31,1047.14,1054.82,1042.46,1042.9,34022.6,1042.9
2019-08-01,1022.86,1042.46,1021.15,1035.64,40122.3,1035.64
2019-08-02,1019.87,1028.41,993.033,1001.55,149932.0,1001.55
2019-08-05,1011.77,1013.91,942.313,972.126,105821.0,972.126
2019-08-06,938.9,971.284,933.354,958.918,95262.8,958.918
2019-08-07,959.791,964.475,946.989,949.559,70625.8,949.559
2019-08-08,949.559,962.341,936.35,942.313,78369.6,942.313
2019-08-09,954.67,972.126,948.705,965.309,43173.1,965.309
2019-08-13,950.829,963.622,941.451,942.741,63352.4,942.741
2019-08-14,956.804,962.341,942.741,958.083,55609.7,958.083
2019-08-15,937.194,944.022,926.536,933.78,59128.9,933.78
2019-08-16,934.633,953.4,918.865,945.728,53263.3,945.728
2019-08-19,950.413,950.413,932.5,937.194,51620.3,937.194
2019-08-20,945.728,946.572,924.828,944.438,34254.6,944.438
2019-08-21,937.611,942.313,911.619,914.179,76256.2,914.179
2019-08-22,915.877,930.375,915.877,924.411,57486.9,924.411
2019-08-23,929.096,936.757,926.952,931.229,27452.6,931.229
2019-08-26,912.9,914.606,897.547,900.961,78838.8,900.961
2019-08-27,911.202,914.179,897.547,897.547,40356.4,897.547
2019-08-28,900.961,900.961,883.485,886.462,29564.9,886.462
2019-08-29,880.953,880.953,855.369,863.041,130224.0,863.041
2019-08-30,871.129,911.202,869.432,910.766,99487.4,910.766
2019-09-02,910.349,914.606,896.704,909.922,25808.5,909.922
2019-09-03,903.104,913.753,897.975,911.202,27686.7,911.202
2019-09-04,908.214,914.179,902.678,904.375,27452.6,904.375
2019-09-05,906.518,929.939,906.518,916.314,47161.5,916.314
2019-09-06,920.145,920.581,914.606,918.865,66166.0,918.865
2019-09-09,920.581,929.096,918.865,924.828,58424.4,924.828
2019-09-10,931.646,941.025,929.523,936.757,42468.7,936.757
2019-09-11,941.887,958.501,938.474,955.096,73910.8,955.096
2019-09-12,955.524,961.497,950.413,950.413,61711.5,950.413
2019-09-13,955.941,967.88,948.279,964.048,75084.6,964.048
2019-09-17,968.731,977.685,958.918,969.156,48100.1,969.156
2019-09-18,969.156,976.4,963.622,967.88,39654.0,967.88
2019-09-19,967.88,981.95,965.737,978.101,61711.5,978.101
2019-09-20,979.822,979.822,964.048,969.156,52556.7,969.156
2019-09-24,959.355,973.421,956.386,962.767,48337.4,962.767
2019-09-25,961.071,961.071,934.206,942.313,63118.3,942.313
2019-09-26,949.976,959.791,927.408,932.074,125060.0,932.074
2019-09-27,932.074,936.417,917.764,932.51,64816.2,932.51
2019-09-30,922.106,932.945,919.509,922.552,55821.7,922.552
2019-10-01,922.98,936.852,922.98,927.749,36445.0,927.749
2019-10-02,919.935,927.749,919.509,927.749,41058.7,927.749
2019-10-03,916.038,916.465,902.165,916.465,50285.2,916.465
2019-10-04,910.842,915.611,903.038,909.543,59279.7,909.543
2019-10-07,912.151,912.151,891.764,899.557,63432.6,899.557
2019-10-08,908.67,917.337,897.386,901.739,67123.6,901.739
2019-10-09,900.857,922.106,893.072,921.234,85115.7,921.234
2019-10-10,918.636,920.808,905.2,913.877,29524.9,913.877
2019-10-11,918.636,922.106,905.2,912.151,90652.2,912.151
2019-10-15,919.082,929.039,912.994,919.082,80733.9,919.082
2019-10-16,927.749,942.912,919.509,942.912,94112.2,942.912
2019-10-17,942.912,942.912,922.552,929.475,49824.3,929.475
2019-10-18,936.417,941.187,927.749,932.945,72199.2,932.945
2019-10-21,931.638,947.246,928.175,942.049,43595.0,942.049
2019-10-23,947.246,955.921,939.451,955.921,60895.3,955.921
2019-10-24,960.255,960.255,939.024,944.647,76121.2,944.647
2019-10-25,944.647,958.103,932.51,954.633,89267.5,954.633
2019-10-28,955.921,958.956,945.084,952.451,43827.0,952.451
2019-10-29,952.451,959.819,939.451,942.485,50054.2,942.485
2019-10-30,947.246,948.128,933.809,941.187,120868.0,941.187
2019-10-31,942.049,945.946,933.381,936.417,45672.5,936.417
2019-11-01,932.074,933.381,921.234,931.209,61589.2,931.209
2019-11-05,937.288,959.819,937.288,959.392,80733.9,959.392
2019-11-06,959.819,984.106,951.588,981.505,120408.0,981.505
2019-11-07,995.376,1019.22,986.696,1010.54,245200.0,1010.54
2019-11-08,1012.27,1032.22,1001.0,1011.42,134017.0,1011.42
2019-11-11,1018.78,1024.41,1007.09,1022.24,85115.7,1022.24
2019-11-12,1023.12,1027.45,1009.67,1026.14,89037.6,1026.14
2019-11-13,1027.89,1027.89,1001.44,1001.87,72199.2,1001.87
2019-11-14,1001.87,1014.88,989.313,996.242,91574.9,996.242
2019-11-15,1001.87,1013.58,994.077,1007.52,71276.5,1007.52
2019-11-18,1011.42,1027.45,1003.19,1014.88,64356.4,1014.88
2019-11-19,1017.06,1026.58,1017.06,1023.98,28603.2,1023.98
2019-11-20,1013.58,1021.41,996.242,1003.62,103570.0,1003.62
2019-11-21,998.407,1005.78,989.313,1005.78,70583.6,1005.78
2019-11-22,1006.64,1023.12,1001.87,1001.87,74967.5,1001.87
2019-11-25,1005.78,1027.45,1005.78,1018.78,122485.0,1018.78
2019-11-26,1027.03,1037.86,1012.71,1016.62,77503.7,1016.62
2019-11-27,1036.13,1036.13,1013.58,1023.98,42673.3,1023.98
2019-11-28,1023.98,1026.14,1015.32,1017.49,51209.0,1017.49
2019-11-29,1016.62,1023.98,1004.9,1022.67,64816.2,1022.67
2019-12-02,1023.98,1034.83,1015.75,1019.65,44057.9,1019.65
2019-12-03,1019.65,1029.19,1005.78,1027.45,65970.9,1027.45
2019-12-04,1024.86,1024.86,1011.42,1024.41,29754.8,1024.41
2019-12-05,1027.45,1034.4,1025.29,1030.06,49824.3,1030.06
2019-12-06,1040.46,1046.52,1033.96,1039.15,80963.8,1039.15
2019-12-09,1043.91,1044.37,1032.65,1034.4,36445.0,1034.4
2019-12-10,1039.58,1040.46,1026.14,1040.46,41751.6,1040.46
2019-12-11,1036.13,1040.46,1028.32,1033.53,38520.4,1033.53
2019-12-12,1032.22,1037.86,1019.65,1020.1,32755.0,1020.1
2019-12-13,1041.77,1049.15,1030.92,1031.79,73582.8,1031.79
2019-12-16,1033.96,1033.96,1024.41,1027.03,31831.2,1027.03
2019-12-17,1029.62,1045.66,1029.62,1045.66,56744.5,1045.66
2019-12-18,1049.15,1068.2,1045.66,1060.84,68969.1,1060.84
2019-12-19,1072.97,1079.49,1061.26,1073.4,68509.3,1073.4
2019-12-20,1078.62,1078.62,1057.38,1057.38,64125.4,1057.38
2019-12-23,1068.2,1068.2,1046.1,1055.19,43135.2,1055.19
2019-12-24,1055.19,1065.17,1042.19,1065.17,49593.4,1065.17
2019-12-25,1078.17,1092.06,1067.78,1069.93,106107.0,1069.93
2019-12-26,1075.15,1118.49,1075.15,1118.07,123637.0,1118.07
2019-12-27,1125.0,1152.74,1124.57,1151.01,92496.6,1151.01
2019-12-30,1151.01,1160.13,1134.96,1147.11,61589.2,1147.11
2020-01-06,1119.36,1131.07,1111.13,1123.69,104030.0,1123.69
2020-01-07,1121.53,1135.85,1121.53,1127.59,56974.4,1127.59
2020-01-08,1122.83,1122.83,1091.18,1106.36,84886.8,1106.36
2020-01-09,1114.17,1118.07,1103.76,1105.49,61819.1,1105.49
2020-01-10,1109.82,1109.82,1088.58,1089.01,28372.2,1089.01
2020-01-14,1088.58,1099.85,1088.58,1096.83,46825.1,1096.83
2020-01-15,1098.56,1105.49,1090.75,1104.19,45442.6,1104.19
2020-01-16,1105.92,1106.36,1093.79,1096.83,38060.6,1096.83
2020-01-17,1213.87,1219.51,1175.73,1197.4,796493.0,1197.4
2020-01-20,1196.53,1206.93,1185.26,1196.96,282335.0,1196.96
2020-01-21,1196.53,1203.89,1188.73,1202.59,168386.0,1202.59
2020-01-22,1200.87,1210.83,1194.37,1196.53,146241.0,1196.53
2020-01-23,1200.0,1252.46,1200.0,1243.36,237818.0,1243.36
2020-01-24,1248.99,1254.2,1231.21,1240.75,165156.0,1240.75
2020-01-27,1219.09,1222.55,1181.37,1186.99,285105.0,1186.99
2020-01-28,1173.99,1207.37,1155.78,1197.4,173230.0,1197.4
2020-01-29,1208.68,1208.68,1149.71,1179.62,167464.0,1179.62
2020-01-30,1154.04,1183.51,1143.65,1154.04,83731.0,1154.04
2020-01-31,1160.97,1192.18,1156.64,1187.86,91805.9,1187.86
2020-02-03,1109.82,1153.17,1108.1,1130.63,111296.0,1130.63
2020-02-04,1131.5,1143.65,1113.29,1130.63,52015.8,1130.63
2020-02-05,1161.85,1180.05,1141.04,1148.84,81655.6,1148.84
2020-02-06,1168.78,1173.99,1161.85,1161.85,66201.9,1161.85
2020-02-07,1161.85,1173.99,1146.25,1152.31,73927.7,1152.31
2020-02-10,1105.49,1125.43,1068.2,1089.89,223630.0,1089.89
2020-02-12,1092.48,1098.56,1065.6,1075.15,110258.0,1075.15
2020-02-13,1078.62,1078.62,1048.26,1076.01,71736.3,1076.01
2020-02-14,1070.82,1070.82,1049.15,1064.74,64356.4,1064.74
2020-02-17,1046.52,1046.52,1026.58,1033.53,79349.3,1033.53
2020-02-18,1033.53,1054.32,1031.79,1044.81,79349.3,1044.81
2020-02-19,1041.33,1078.62,1041.33,1070.82,75659.3,1070.82
2020-02-20,1082.96,1082.96,1042.19,1044.81,48670.6,1044.81
2020-02-21,1043.91,1052.61,1023.98,1030.92,75543.3,1030.92
2020-02-25,954.633,996.242,937.288,978.033,115448.0,978.033
2020-02-26,961.564,974.572,946.818,969.369,116832.0,969.369
2020-02-27,969.369,970.23,922.552,937.288,121791.0,937.288
2020-02-28,900.857,919.082,879.19,890.454,152239.0,890.454
2020-03-02,885.259,932.074,877.463,911.268,132403.0,911.268
2020-03-03,916.465,980.634,878.326,878.326,168270.0,878.326
2020-03-04,856.639,869.641,853.169,856.639,150394.0,856.639
2020-03-05,873.12,873.993,846.247,847.973,114640.0,847.973
2020-03-06,834.963,837.561,795.08,796.824,155238.0,796.824
2020-03-09,766.48,772.54,709.244,714.441,280951.0,714.441
2020-03-10,714.441,727.451,666.753,722.254,191108.0,722.254
2020-03-11,727.451,749.146,718.784,721.392,188686.0,721.392
2020-03-12,702.303,713.587,682.38,710.117,280721.0,710.117
2020-03-13,666.753,680.636,632.075,658.095,229397.0,658.095
2020-03-16,693.635,694.508,653.761,656.361,146241.0,656.361
2020-03-17,633.811,678.9,615.623,669.37,210484.0,669.37
2020-03-18,681.488,692.782,625.134,626.016,154085.0,626.016
2020-03-19,648.555,648.555,605.202,621.663,169424.0,621.663
2020-03-23,631.221,660.694,608.672,656.361,185802.0,656.361
2020-03-24,668.498,715.323,668.498,715.323,159275.0,715.323
2020-03-25,767.343,767.343,728.323,749.999,169770.0,749.999
2020-03-26,737.0,760.392,715.323,753.47,124214.0,753.47
2020-03-27,770.815,780.354,747.391,780.354,118562.0,780.354
2020-03-30,767.504,770.159,734.752,767.504,220616.0,767.504
2020-03-31,768.396,769.277,723.24,731.215,94662.7,731.215
2020-04-01,730.324,736.525,692.27,697.571,127761.0,697.571
2020-04-02,677.202,687.832,663.936,667.482,104265.0,667.482
2020-04-03,671.902,687.832,641.804,651.542,92969.1,651.542
2020-04-06,646.233,678.103,638.267,671.02,86529.8,671.02
2020-04-07,703.763,734.752,696.688,726.787,110477.0,726.787
2020-04-08,725.914,733.87,703.763,728.55,93533.3,728.55
2020-04-09,739.18,739.18,717.929,730.324,52188.7,730.324
2020-04-10,738.298,741.845,712.62,737.416,38519.3,737.416
2020-04-13,734.752,735.634,709.082,709.974,37503.8,709.974
2020-04-14,711.737,747.155,709.082,733.87,66760.8,733.87
2020-04-15,742.727,755.11,727.677,746.263,64388.0,746.263
2020-04-16,740.062,762.185,736.525,759.549,54787.2,759.549
2020-04-17,765.731,770.159,740.944,748.027,117594.0,748.027
2020-04-20,752.465,756.874,739.18,751.564,38633.2,751.564
2020-04-21,748.027,748.027,716.157,728.55,33549.1,728.55
2020-04-22,725.914,730.324,709.082,716.157,40779.3,716.157
2020-04-23,716.157,745.372,716.157,745.372,30839.9,745.372
2020-04-24,739.18,739.18,709.082,713.512,84045.3,713.512
2020-04-27,716.157,721.476,709.082,721.476,88675.9,721.476
2020-04-28,730.324,744.49,717.929,744.49,64276.2,744.49
2020-04-30,752.465,783.444,752.465,769.277,87883.9,769.277
2020-05-01,765.731,765.731,743.609,750.692,71392.5,750.692
2020-05-07,737.416,752.465,732.097,739.18,80542.0,739.18
2020-05-08,751.564,760.421,740.944,760.421,60435.5,760.421
2020-05-11,770.159,817.088,770.159,812.66,125502.0,812.66
2020-05-12,823.28,838.33,812.66,825.054,86303.1,825.054
2020-05-13,803.794,814.423,787.872,797.601,59531.7,797.601
2020-05-14,796.73,796.73,781.671,782.553,58741.8,782.553
2020-05-15,782.553,791.41,757.775,776.361,44394.3,776.361
2020-05-18,779.016,787.872,768.396,776.361,31516.9,776.361
2020-05-19,789.647,793.183,779.016,789.647,44845.7,789.647
2020-05-20,789.647,791.41,772.815,783.444,74102.7,783.444
2020-05-21,786.099,795.838,780.79,788.755,51850.2,788.755
2020-05-22,788.755,791.41,784.335,787.872,38859.9,787.872
2020-05-25,789.647,802.913,789.647,800.275,33098.8,800.275
2020-05-26,806.459,851.604,802.913,851.604,110929.0,851.604
2020-05-27,858.697,858.697,840.975,849.832,71731.0,849.832
2020-05-28,856.915,866.654,849.832,865.772,87883.9,865.772
2020-05-29,863.126,863.126,849.832,849.832,39649.8,849.832
2020-06-01,851.604,852.496,839.211,848.95,40440.7,848.95
2020-06-02,851.604,863.126,848.95,863.126,71618.2,863.126
2020-06-03,872.845,888.785,870.2,887.913,72069.5,887.913
2020-06-04,892.332,892.332,874.618,887.012,81332.9,887.012
2020-06-05,890.558,902.952,882.594,901.189,47217.4,901.189
2020-06-08,920.656,987.06,918.01,986.164,161536.0,986.164
2020-06-09,986.164,988.821,948.108,958.738,126743.0,958.738
2020-06-10,956.064,963.157,942.799,958.738,72973.3,958.738
2020-06-11,957.837,957.837,893.214,894.096,80880.5,894.096
2020-06-12,849.832,883.475,843.639,877.283,125162.0,877.283
2020-06-15,881.702,891.441,865.772,871.091,73878.1,871.091
2020-06-16,891.441,906.498,885.249,902.952,161988.0,902.952
2020-06-17,904.726,922.429,894.096,919.774,87997.8,919.774
2020-06-18,919.774,919.774,901.189,915.337,53318.1,915.337
2020-06-19,922.429,926.858,894.096,910.026,80429.1,910.026
2020-06-22,913.573,925.085,905.616,910.928,94662.7,910.928
2020-06-23,927.739,942.799,923.321,933.05,104941.0,933.05
2020-06-24,941.907,941.907,899.405,901.189,72633.7,901.189
2020-06-25,898.524,925.085,891.441,894.096,40103.3,894.096
2020-06-26,923.321,928.621,903.834,924.194,90256.7,924.194
2020-06-29,911.8,912.691,877.283,877.283,39311.3,877.283
2020-06-30,887.913,905.616,887.913,889.686,32984.9,889.686
2020-07-01,889.686,889.686,865.772,868.436,43377.7,868.436
2020-07-02,867.545,873.746,849.832,849.832,43152.1,849.832
2020-07-03,849.832,862.225,840.093,855.151,25417.3,855.151
2020-07-06,856.915,873.746,856.915,872.845,24853.1,872.845
2020-07-07,876.392,885.249,868.436,883.475,37164.2,883.475
2020-07-08,883.475,890.558,863.126,863.126,26546.7,863.126
2020-07-09,871.091,871.091,851.604,857.806,33775.8,857.806
2020-07-10,854.269,862.225,843.639,844.521,40667.5,844.521
2020-07-13,855.151,879.938,855.151,879.938,35018.1,879.938
2020-07-14,885.249,887.012,865.772,870.2,25981.5,870.2
2020-07-15,887.913,903.834,885.249,903.834,35356.6,903.834
2020-07-16,903.834,905.616,884.377,885.249,24963.8,885.249
2020-07-17,885.249,893.214,867.545,879.057,27337.7,879.057
2020-07-20,885.249,887.913,859.579,871.091,40103.3,871.091
2020-07-21,879.938,879.938,856.033,878.156,27788.0,878.156
2020-07-22,878.156,880.83,859.579,859.579,29031.3,859.579
2020-07-27,855.151,866.654,850.733,866.654,61790.6,866.654
2020-07-28,867.545,867.545,848.068,851.604,32645.3,851.604
2020-07-29,844.521,845.412,833.91,837.438,23045.6,837.438
2020-07-30,840.975,858.697,832.136,857.806,71279.7,857.806
2020-07-31,842.757,842.757,786.972,791.41,71618.2,791.41
2020-08-03,798.493,820.616,797.601,807.34,42587.9,807.34
2020-08-04,820.616,823.28,800.275,810.005,47217.4,810.005
2020-08-05,802.913,818.853,800.275,817.088,38068.0,817.088
2020-08-06,817.088,818.853,810.005,817.088,23495.9,817.088
2020-08-07,808.232,817.088,796.73,807.34,35583.4,807.34
2020-08-11,814.423,869.318,814.423,866.654,71843.8,866.654
2020-08-12,866.654,878.156,856.915,875.52,46653.2,875.52
2020-08-13,883.475,890.558,862.225,890.558,85626.1,890.558
2020-08-14,890.558,890.558,872.845,872.845,39875.5,872.845
2020-08-17,868.436,875.52,858.697,864.89,37503.8,864.89
2020-08-18,867.545,871.973,839.211,855.151,61677.8,855.151
2020-08-19,855.151,864.008,838.33,864.008,24173.9,864.008
2020-08-20,854.269,866.654,847.186,850.733,25867.6,850.733
2020-08-21,856.033,863.126,847.186,849.832,16944.8,849.832
2020-08-24,861.342,867.545,850.733,865.772,22027.9,865.772
2020-08-25,879.938,887.913,878.156,887.012,26546.7,887.012
2020-08-26,894.096,894.096,879.057,888.785,36034.7,888.785
2020-08-27,892.332,902.07,882.594,902.07,30614.2,902.07
2020-08-28,902.952,907.38,868.436,881.702,60322.6,881.702
2020-08-31,892.332,916.237,890.558,903.834,46540.4,903.834
2020-09-01,899.405,905.616,880.83,887.913,30614.2,887.913
2020-09-02,888.785,888.785,867.545,871.973,41908.7,871.973
2020-09-03,879.938,896.76,879.938,887.913,34906.3,887.913
2020-09-04,884.377,884.377,871.091,877.283,31516.9,877.283
2020-09-07,884.377,909.154,883.475,905.616,53318.1,905.616
2020-09-08,910.026,937.478,905.616,926.858,80993.3,926.858
2020-09-09,907.38,908.254,887.913,893.214,66535.1,893.214
2020-09-10,888.785,899.405,888.785,896.76,37616.6,896.76
2020-09-11,893.214,917.119,886.14,915.337,55012.8,915.337
2020-09-14,918.882,926.858,912.691,923.321,22479.2,923.321
2020-09-15,917.119,917.119,894.096,902.07,24061.1,902.07
2020-09-16,909.154,909.154,884.377,891.441,72747.6,891.441
2020-09-17,888.785,895.869,881.702,890.558,30614.2,890.558
2020-09-18,890.558,896.76,883.475,894.988,52527.2,894.988
2020-09-23,893.214,898.524,886.14,896.76,54787.2,896.76
2020-09-24,899.405,899.405,877.283,890.558,78394.9,890.558
2020-09-25,902.952,914.465,898.524,910.026,73426.8,910.026
2020-09-28,914.465,919.774,890.558,918.01,82237.7,918.01
2020-09-29,918.902,930.622,903.578,920.704,64317.4,920.704
2020-09-30,920.704,925.207,896.353,896.353,46575.2,896.353
2020-10-02,891.858,899.064,872.01,872.01,102465.0,872.01
2020-10-05,899.064,917.1,890.938,912.597,48683.3,912.597
2020-10-06,918.01,921.604,904.47,912.597,46796.7,912.597
2020-10-07,912.597,919.812,909.883,917.1,26502.4,917.1
2020-10-08,917.1,919.812,902.678,919.812,40475.5,919.812
2020-10-09,918.902,936.037,905.371,934.236,66425.4,934.236
2020-10-12,934.236,934.236,922.515,927.928,25063.0,927.928
2020-10-13,930.622,932.433,909.883,921.604,30495.1,921.604
2020-10-14,921.604,925.207,913.488,919.812,20182.4,919.812
2020-10-15,913.488,918.01,903.578,907.181,20403.8,907.181
2020-10-16,917.1,917.1,902.678,905.371,18408.6,905.371
2020-10-19,905.371,928.82,905.371,928.82,26392.8,928.82
2020-10-20,927.019,928.82,907.181,907.181,12308.9,907.181
2020-10-21,914.398,931.523,914.398,928.82,22400.2,928.82
2020-10-22,930.622,930.622,909.883,912.597,22954.9,912.597
2020-10-23,912.597,915.289,900.867,901.776,29608.2,901.776
2020-10-26,900.867,913.488,900.867,905.371,27168.9,905.371
2020-10-27,902.678,906.271,890.047,904.47,34488.7,904.47
2020-10-28,902.678,902.678,884.632,890.047,24729.7,890.047
2020-10-29,886.444,895.461,876.525,892.749,54670.1,892.749
2020-10-30,897.263,897.263,852.174,862.994,87383.0,862.994
2020-11-02,870.209,881.939,864.795,873.812,34819.9,873.812
2020-11-04,890.938,914.398,884.632,913.488,57221.1,913.488
2020-11-05,913.488,958.586,892.749,958.586,113555.0,958.586
2020-11-06,958.586,965.794,907.181,945.956,70417.0,945.956
2020-11-09,891.858,906.271,857.588,878.326,198387.0,878.326
2020-11-10,892.749,895.461,870.209,884.632,120430.0,884.632
2020-11-11,890.938,903.578,885.543,902.678,77514.3,902.678
2020-11-12,906.271,907.181,890.938,901.776,81506.9,901.776
2020-11-13,892.749,896.353,882.831,891.858,60215.1,891.858
2020-11-16,891.858,894.552,874.714,883.741,80064.3,883.741
2020-11-17,891.858,891.858,882.831,884.632,41474.2,884.632
2020-11-18,879.227,881.939,863.894,873.812,57886.6,873.812
2020-11-19,872.01,872.01,862.092,869.309,39257.5,869.309
2020-11-20,869.309,874.714,860.281,874.714,51010.7,874.714
2020-11-24,891.858,905.371,888.245,895.461,55003.4,895.461
2020-11-25,901.776,911.695,901.776,908.083,52785.6,908.083
2020-11-26,910.785,925.207,904.47,913.488,76738.1,913.488
2020-11-27,920.704,946.857,913.488,946.857,155028.0,946.857
2020-11-30,946.857,946.857,915.289,918.902,79954.6,918.902
2020-12-01,918.01,933.334,916.2,930.622,51565.4,930.622
2020-12-02,944.154,950.47,909.883,910.785,76738.1,910.785
2020-12-03,911.695,922.515,910.785,922.515,33600.8,922.515
2020-12-04,913.488,919.812,897.263,899.064,31825.9,899.064
2020-12-07,901.776,906.271,881.019,881.019,45465.8,881.019
2020-12-08,882.831,899.965,877.426,897.263,48571.5,897.263
2020-12-09,897.263,897.263,884.632,888.245,28943.8,888.245
2020-12-10,888.245,892.749,883.741,884.632,35263.8,884.632
2020-12-11,884.632,899.965,878.326,897.263,52452.3,897.263
2020-12-14,899.064,915.289,895.461,908.083,38369.6,908.083
2020-12-15,905.371,915.289,898.163,898.163,25838.1,898.163
2020-12-16,905.371,905.371,888.245,889.136,27945.1,889.136
2020-12-17,896.353,896.353,875.614,883.741,65537.5,883.741
2020-12-18,895.461,895.461,874.714,880.127,79621.3,880.127
2020-12-21,879.227,882.831,869.309,873.812,55003.4,873.812
2020-12-22,870.209,875.614,861.201,869.309,78401.2,869.309
2020-12-23,873.812,874.714,866.606,874.714,31160.5,874.714
2020-12-24,876.525,884.632,872.912,876.525,34598.4,876.525
2020-12-25,875.614,881.019,869.309,876.525,25615.5,876.525
2020-12-28,876.525,886.444,869.309,880.127,54227.2,880.127
2020-12-29,875.614,889.136,875.614,889.136,42805.1,889.136
2020-12-30,890.047,897.263,876.525,887.344,55557.0,887.344
2021-01-04,887.344,887.344,866.606,876.525,37038.7,876.525
2021-01-05,876.525,880.127,871.101,877.426,21290.7,877.426
2021-01-06,883.741,886.444,877.426,880.127,22178.7,880.127
2021-01-07,893.66,901.776,890.047,899.064,48460.8,899.064
2021-01-08,899.064,913.488,898.163,913.488,59548.6,913.488
2021-01-12,910.785,910.785,901.776,907.181,25394.1,907.181
2021-01-13,908.083,911.695,882.831,891.858,95921.9,891.858
2021-01-14,891.858,908.984,890.938,906.271,50122.8,906.271
2021-01-15,900.867,902.678,881.019,884.632,78845.2,884.632
2021-01-18,881.019,881.939,873.812,880.127,43470.5,880.127
2021-01-19,881.939,883.741,875.614,876.525,39810.1,876.525
2021-01-20,877.426,895.461,872.912,895.461,46575.2,895.461
2021-01-21,896.353,900.867,888.245,900.867,32824.6,900.867
2021-01-22,893.66,901.776,891.858,895.461,38924.3,895.461
2021-01-25,892.749,901.776,890.047,901.776,22400.2,901.776
2021-01-26,900.867,900.867,886.444,892.749,36594.7,892.749
2021-01-27,892.749,896.353,890.047,894.552,23841.8,894.552
2021-01-28,892.749,896.353,886.444,890.938,49125.2,890.938
2021-01-29,899.064,899.064,872.912,875.614,58217.7,875.614
2021-02-01,876.525,883.741,872.01,876.525,32491.4,876.525
2021-02-02,881.939,895.461,877.426,894.552,26614.2,894.552
2021-02-03,897.263,903.578,887.344,901.776,70083.8,901.776
2021-02-04,902.678,933.334,899.965,927.019,70638.5,927.019
2021-02-05,933.334,951.361,933.334,951.361,71858.6,951.361
2021-02-08,964.892,1009.08,957.677,1009.08,129189.0,1009.08
2021-02-09,1009.08,1028.02,970.307,985.633,90711.2,985.633
2021-02-10,982.936,982.936,963.09,968.509,49458.4,968.509
2021-02-12,980.229,1002.78,973.914,996.458,42915.8,996.458
2021-02-15,996.458,1003.68,978.42,990.13,33490.1,990.13
2021-02-16,990.13,991.045,973.914,979.329,66868.4,979.329
2021-02-17,984.737,1004.58,978.42,998.259,53340.3,998.259
2021-02-18,990.13,996.458,970.307,979.329,54448.7,979.329
2021-02-19,965.794,980.229,958.586,973.914,54780.8,973.914
2021-02-22,972.106,981.127,967.6,972.106,24951.2,972.106
2021-02-24,972.106,991.941,958.586,964.892,59438.9,964.892
2021-02-25,969.408,970.307,947.757,968.509,52564.1,968.509
2021-02-26,961.279,971.197,950.47,957.677,66980.2,957.677
2021-03-01,957.677,996.458,957.677,996.458,68643.2,996.458
2021-03-02,996.458,996.458,970.307,982.017,66092.2,982.017
2021-03-03,1000.97,1027.11,981.127,1012.69,93371.9,1012.69
2021-03-04,1012.69,1012.69,979.329,992.856,32380.6,992.856
2021-03-05,990.13,1015.4,974.813,1013.59,39587.6,1013.59
2021-03-08,1028.02,1038.84,1014.5,1021.7,53561.8,1021.7
2021-03-09,1029.82,1029.82,998.259,1009.08,57886.6,1009.08
2021-03-10,1008.19,1016.29,993.752,1010.89,29276.0,1010.89
2021-03-11,1013.59,1018.1,1006.37,1017.19,34598.4,1017.19
2021-03-12,1017.19,1042.45,1003.68,1042.45,55890.3,1042.45
2021-03-15,1053.27,1062.28,1045.15,1058.67,56001.0,1058.67
2021-03-16,1057.77,1063.19,1039.74,1055.07,58662.7,1055.07
2021-03-17,1054.18,1078.52,1046.05,1077.62,43248.0,1077.62
2021-03-18,1081.22,1081.22,1067.69,1079.42,36373.3,1079.42
2021-03-19,1079.42,1102.86,1061.39,1100.17,76847.8,1100.17
2021-03-22,1092.93,1096.54,1076.7,1083.02,39920.8,1083.02
2021-03-23,1085.74,1105.57,1080.33,1084.83,60103.3,1084.83
2021-03-24,1072.2,1079.42,1026.21,1045.15,67976.7,1045.15
2021-03-25,1062.28,1073.11,1047.85,1063.19,48683.3,1063.19
2021-03-26,1064.09,1076.7,1056.87,1067.69,28610.5,1067.69
2021-03-29,1082.12,1082.12,1052.36,1074.01,65648.2,1074.01
2021-03-30,1071.71,1078.13,1056.15,1070.81,34716.5,1070.81
2021-03-31,1083.62,1083.62,1053.39,1056.15,36681.2,1056.15
2021-04-01,1051.56,1061.64,1025.92,1032.33,42904.2,1032.33
2021-04-02,1039.66,1043.32,1022.25,1028.67,33842.3,1028.67
2021-04-05,1032.33,1038.75,1023.18,1031.42,72925.8,1031.42
2021-04-06,1035.08,1052.48,1017.67,1025.0,94104.8,1025.0
2021-04-07,1019.51,1035.99,1015.85,1031.42,58078.5,1031.42
2021-04-08,1025.92,1025.92,1003.93,1013.1,43667.7,1013.1
2021-04-09,1013.1,1018.59,999.351,1013.1,48909.0,1013.1
2021-04-12,1017.67,1027.75,1005.77,1014.92,34934.8,1014.92
2021-04-13,1018.59,1056.15,1018.59,1053.39,46178.7,1053.39
2021-04-14,1064.39,1066.22,1025.92,1026.83,31659.3,1026.83
2021-04-15,1027.75,1035.08,1023.18,1029.58,18341.1,1029.58
2021-04-16,1025.92,1039.66,1023.18,1031.42,28275.2,1031.42
2021-04-19,1028.67,1033.23,1024.08,1025.92,26747.1,1025.92
2021-04-20,1023.18,1033.23,1010.34,1014.92,46398.0,1014.92
2021-04-21,999.351,999.351,977.376,979.203,45087.2,979.203
2021-04-22,996.596,1000.28,982.868,993.86,19322.9,993.86
2021-04-23,984.708,1000.28,981.031,992.03,33515.4,992.03
2021-04-26,989.284,996.596,982.868,989.284,41047.1,989.284
2021-04-27,989.284,989.284,977.376,977.376,26856.8,977.376
2021-04-28,977.376,981.95,966.381,975.539,54039.5,975.539
2021-04-30,981.95,992.945,978.295,978.295,43339.8,978.295
2021-05-06,981.031,1022.25,981.031,1003.02,47379.8,1003.02
2021-05-07,1006.68,1028.67,1000.28,1004.85,32642.2,1004.85
2021-05-10,1012.17,1026.83,1012.17,1025.92,35916.6,1025.92
2021-05-11,1038.75,1039.66,1015.85,1015.85,59824.9,1015.85
2021-05-12,1099.21,1137.67,1088.2,1132.17,424892.0,1132.17
2021-05-13,1131.25,1154.16,1112.02,1119.35,204366.0,1119.35
2021-05-14,1125.76,1129.43,1108.35,1112.94,65283.3,1112.94
2021-05-17,1122.1,1125.76,1106.52,1119.35,40611.6,1119.35
2021-05-18,1122.1,1141.33,1112.94,1137.67,41593.4,1137.67
2021-05-19,1128.52,1143.16,1123.93,1127.59,42467.6,1127.59
2021-05-20,1128.52,1177.06,1128.52,1164.24,78712.3,1164.24
2021-05-21,1165.16,1177.98,1150.49,1157.83,40175.0,1157.83
2021-05-24,1177.06,1177.06,1159.66,1170.65,34498.2,1170.65
2021-05-25,1176.13,1176.13,1155.99,1164.24,20524.1,1164.24
2021-05-26,1150.49,1156.91,1129.43,1129.43,48362.7,1129.43
2021-05-27,1120.26,1126.67,1109.27,1113.85,45851.8,1113.85
2021-05-28,1168.81,1173.39,1135.85,1154.16,90939.0,1154.16
2021-05-31,1167.89,1193.55,1156.91,1162.4,100764.0,1162.4
2021-06-01,1157.83,1173.39,1142.26,1161.48,37336.1,1161.48
2021-06-02,1161.48,1188.96,1154.16,1188.96,48253.0,1188.96
2021-06-03,1186.22,1206.36,1178.9,1201.8,55131.0,1201.8
2021-06-04,1208.2,1221.95,1198.13,1206.36,59061.4,1206.36
2021-06-07,1200.88,1207.29,1194.45,1195.38,31659.3,1195.38
2021-06-08,1195.38,1195.38,1154.16,1175.22,82751.3,1175.22
2021-06-09,1177.06,1204.53,1161.48,1186.22,69432.0,1186.22
2021-06-10,1190.8,1206.36,1176.13,1194.45,36900.5,1194.45
2021-06-11,1200.88,1225.6,1189.88,1218.27,62555.2,1218.27
2021-06-14,1227.44,1247.59,1218.27,1234.76,57095.6,1234.76
2021-06-15,1235.69,1245.77,1229.27,1244.84,43013.9,1244.84
2021-06-16,1243.01,1263.16,1238.44,1252.17,61352.9,1252.17
2021-06-17,1250.34,1257.67,1228.36,1257.67,54257.8,1257.67
2021-06-18,1251.26,1280.57,1240.27,1242.09,47161.5,1242.09
2021-06-21,1210.95,1211.86,1179.8,1188.05,77947.7,1188.05
2021-06-22,1199.96,1225.6,1199.96,1220.11,45305.5,1220.11
2021-06-23,1210.03,1243.01,1201.8,1231.09,36462.9,1231.09
2021-06-24,1217.37,1223.77,1190.8,1192.63,31877.6,1192.63
2021-06-25,1193.55,1209.13,1188.05,1204.53,40721.3,1204.53
2021-06-28,1206.36,1231.09,1199.04,1223.77,49562.8,1223.77
2021-06-29,1209.13,1209.13,1164.24,1171.56,72925.8,1171.56
2021-06-30,1189.88,1211.86,1184.39,1192.63,71615.0,1192.63
2021-07-01,1181.63,1184.39,1155.07,1155.07,36134.9,1155.07
2021-07-02,1155.99,1188.05,1155.99,1188.05,33952.0,1188.05
2021-07-05,1176.13,1190.8,1167.89,1176.13,33077.7,1176.13
2021-07-06,1171.56,1173.39,1158.74,1158.74,18341.1,1158.74
2021-07-07,1154.16,1154.16,1137.67,1142.26,46616.3,1142.26
2021-07-08,1136.76,1147.75,1122.1,1122.1,45633.5,1122.1
2021-07-09,1106.52,1122.1,1093.71,1117.53,60699.1,1117.53
2021-07-12,1157.83,1159.66,1139.5,1157.83,49235.9,1157.83
2021-07-13,1151.41,1171.56,1137.67,1171.56,64301.5,1171.56
2021-07-14,1165.16,1165.16,1145.92,1145.92,25108.3,1145.92
2021-07-15,1146.83,1146.83,1126.67,1126.67,33624.0,1126.67
2021-07-16,1124.84,1152.32,1122.1,1138.59,38646.9,1138.59
2021-07-19,1120.26,1124.84,1112.94,1115.69,31659.3,1115.69
2021-07-20,1099.21,1109.27,1086.38,1086.38,47379.8,1086.38
2021-07-21,1090.03,1101.03,1077.21,1083.62,78602.6,1083.62
2021-07-26,1111.11,1119.35,1095.53,1116.6,34170.3,1116.6
2021-07-27,1126.67,1132.17,1104.69,1112.94,31441.0,1112.94
2021-07-28,1112.94,1123.02,1108.35,1115.69,22270.4,1115.69
2021-07-29,1121.19,1131.25,1111.11,1131.25,14082.7,1131.25
2021-07-30,1125.76,1128.52,1101.95,1101.95,28821.5,1101.95
2021-08-02,1112.02,1147.75,1112.02,1146.83,49017.6,1146.83
2021-08-03,1138.59,1149.58,1130.35,1132.17,25108.3,1132.17
2021-08-04,1149.58,1149.58,1123.93,1125.76,37444.7,1125.76
2021-08-05,1113.85,1121.19,1099.21,1099.21,23034.0,1099.21
2021-08-06,1104.69,1156.91,1102.86,1127.59,39410.4,1127.59
2021-08-10,1112.94,1112.94,1083.62,1088.2,55785.9,1088.2
2021-08-11,1099.21,1099.21,1081.79,1090.03,40065.3,1090.03
2021-08-12,1095.53,1099.21,1078.13,1078.13,26747.1,1078.13
2021-08-13,1090.03,1090.03,1063.48,1076.3,39192.1,1076.3
2021-08-16,1069.87,1069.87,1042.41,1052.48,78820.9,1052.48
2021-08-17,1048.81,1067.14,1039.66,1046.98,46288.4,1046.98
2021-08-18,1050.65,1078.13,1042.41,1065.31,41593.4,1065.31
2021-08-19,1061.64,1061.64,1041.48,1042.41,37444.7,1042.41
2021-08-20,1034.16,1036.92,1012.17,1021.35,65829.6,1021.35
2021-08-23,1024.08,1040.57,1024.08,1036.92,45960.4,1036.92
2021-08-24,1035.08,1046.07,1033.23,1037.83,31659.3,1037.83
2021-08-25,1037.83,1052.48,1037.83,1041.48,29039.8,1041.48
2021-08-26,1044.25,1047.9,1033.23,1043.32,28821.5,1043.32
2021-08-27,1038.75,1042.41,1028.67,1033.23,22161.8,1033.23
2021-08-30,1036.92,1044.25,1035.99,1037.83,49562.8,1037.83
2021-08-31,1037.83,1049.75,1033.23,1046.98,56768.7,1046.98
2021-09-01,1048.81,1065.31,1048.81,1064.39,42249.3,1064.39
2021-09-02,1060.72,1068.97,1057.99,1060.72,22816.7,1060.72
2021-09-03,1061.64,1078.13,1049.75,1076.3,40939.6,1076.3
2021-09-06,1097.36,1111.11,1089.12,1111.11,55239.6,1111.11
2021-09-07,1111.11,1125.76,1104.69,1122.1,59278.6,1122.1
2021-09-08,1129.43,1130.35,1114.77,1122.1,51309.2,1122.1
2021-09-09,1117.53,1127.59,1114.77,1120.26,34279.9,1120.26
2021-09-10,1117.53,1128.52,1116.6,1128.52,60262.5,1128.52
2021-09-13,1126.67,1140.42,1117.53,1140.42,36244.6,1140.42
2021-09-14,1140.42,1158.74,1134.0,1158.74,51528.5,1158.74
2021-09-15,1144.99,1146.83,1130.35,1141.33,37117.8,1141.33
2021-09-16,1144.09,1145.92,1114.77,1114.77,40611.6,1114.77
2021-09-17,1122.1,1138.59,1113.85,1138.59,65066.1,1138.59
2021-09-21,1102.86,1127.59,1100.12,1120.26,50218.8,1120.26
2021-09-22,1117.53,1117.53,1092.79,1092.79,42467.6,1092.79
2021-09-24,1120.26,1138.59,1112.02,1132.17,69432.0,1132.17
2021-09-27,1134.0,1137.67,1117.53,1118.43,33624.0,1118.43
2021-09-28,1121.19,1122.1,1100.12,1122.1,43995.7,1122.1
2021-09-29,1094.19,1110.93,1093.26,1109.07,90173.4,1109.07
2021-09-30,1117.45,1117.45,1091.4,1091.4,37187.4,1091.4
2021-10-01,1080.23,1081.15,1058.82,1067.2,55136.2,1067.2
2021-10-04,1079.29,1079.29,1046.74,1055.11,31490.6,1055.11
2021-10-05,1033.71,1046.74,1024.4,1035.57,74266.2,1035.57
2021-10-06,1040.22,1068.14,1033.71,1037.44,34070.1,1037.44
2021-10-07,1037.44,1042.07,1024.4,1027.19,36326.9,1027.19
2021-10-08,1044.88,1064.41,1042.07,1056.04,41164.2,1056.04
2021-10-11,1056.97,1060.69,1050.45,1055.11,25149.4,1055.11
2021-10-12,1053.24,1056.04,1043.93,1048.6,19346.1,1048.6
2021-10-13,1044.88,1044.88,1033.71,1033.71,23430.5,1033.71
2021-10-14,1034.63,1034.63,1023.47,1029.99,23537.0,1029.99
2021-10-15,1038.36,1050.45,1034.63,1050.45,44495.6,1050.45
2021-10-18,1051.38,1052.31,1042.07,1050.45,46537.2,1050.45
2021-10-19,1054.19,1063.49,1043.01,1063.49,18379.1,1063.49
2021-10-20,1068.14,1068.14,1047.66,1053.24,18915.8,1053.24
2021-10-21,1053.24,1053.24,1033.71,1033.71,14939.0,1033.71
2021-10-22,1033.71,1034.63,1026.27,1033.71,38906.3,1033.71
2021-10-25,1029.05,1040.22,1027.19,1027.19,23430.5,1027.19
2021-10-26,1028.13,1035.57,1027.19,1031.85,33639.8,1031.85
2021-10-27,1028.13,1031.85,1025.33,1025.33,19668.8,1025.33
2021-10-28,1024.4,1035.57,1015.1,1035.57,41808.5,1035.57
2021-10-29,1032.77,1035.57,1009.52,1015.1,55028.7,1015.1
2021-11-01,1022.55,1029.05,1012.3,1023.47,71365.1,1023.47
2021-11-02,1016.02,1053.24,1016.02,1043.01,44495.6,1043.01
2021-11-04,1060.69,1129.54,1049.52,1129.54,128220.0,1129.54
2021-11-05,1097.9,1097.9,1052.31,1052.31,62552.0,1052.31
2021-11-08,1046.74,1046.74,997.423,997.423,103178.0,997.423
2021-11-09,1005.79,1006.73,955.552,956.481,121341.0,956.481
2021-11-10,956.481,959.269,939.735,944.381,59864.9,944.381
2021-11-11,944.381,944.381,931.362,931.362,39551.7,931.362
2021-11-12,935.079,945.32,930.432,932.291,120589.0,932.291
2021-11-15,947.179,964.855,935.079,959.269,77168.4,959.269
2021-11-16,962.067,969.515,951.825,953.694,56103.3,953.694
2021-11-17,953.694,953.694,926.705,926.705,87163.6,926.705
2021-11-18,929.503,936.008,926.705,934.149,36542.0,934.149
2021-11-19,931.362,936.008,921.121,928.564,62444.4,928.564
2021-11-22,929.503,934.149,921.121,931.362,30631.1,931.362
2021-11-24,933.22,941.593,927.635,928.564,27192.1,928.564
2021-11-25,935.079,939.735,929.503,935.079,25902.4,935.079
2021-11-26,935.079,935.079,922.059,922.988,46429.7,922.988
2021-11-29,919.263,927.635,904.375,904.375,67818.5,904.375
2021-11-30,932.291,932.291,896.931,901.587,80930.1,901.587
2021-12-01,901.587,905.304,885.77,898.799,86304.2,898.799
2021-12-02,888.557,907.172,888.557,894.143,53308.7,894.143
2021-12-03,901.587,916.475,896.001,916.475,42668.0,916.475
2021-12-06,916.475,928.564,912.748,919.263,44603.2,919.263
2021-12-07,929.503,953.694,929.503,953.694,44065.3,953.694
2021-12-08,958.34,958.34,944.381,958.34,49439.4,958.34
2021-12-09,952.764,952.764,936.008,936.947,29126.2,936.947
2021-12-10,935.079,942.523,931.362,933.22,27084.6,933.22
2021-12-13,944.381,944.381,928.564,931.362,21495.3,931.362
2021-12-14,934.149,937.876,927.635,930.432,22462.4,930.432
2021-12-15,944.381,953.694,931.362,943.452,108766.0,943.452
2021-12-16,945.32,949.037,935.079,937.876,55350.3,937.876
2021-12-17,938.806,941.593,929.503,933.22,57285.5,933.22
2021-12-20,928.564,928.564,903.445,903.445,74266.2,903.445
2021-12-21,920.192,925.776,909.96,920.192,30200.8,920.192
2021-12-22,922.059,926.705,918.333,921.121,25149.4,921.121
2021-12-23,927.635,929.503,922.059,925.776,18808.3,925.776
2021-12-24,933.22,939.735,929.503,936.947,26761.9,936.947
2021-12-27,936.947,938.806,928.564,938.806,30523.5,938.806
2021-12-28,942.523,949.037,937.876,948.108,49331.9,948.108
2021-12-29,950.896,968.577,949.037,968.577,38369.6,968.577
2021-12-30,967.638,971.371,958.34,967.638,55242.7,967.638
2022-01-04,976.951,980.674,961.137,970.443,39981.0,970.443
2022-01-05,970.443,970.443,950.896,952.764,43528.5,952.764
2022-01-06,945.32,949.037,939.735,939.735,40733.9,939.735
2022-01-07,944.381,955.552,933.22,936.008,37402.5,936.008
2022-01-11,936.008,940.664,924.847,930.432,45247.5,930.432
2022-01-12,933.22,947.179,931.362,943.452,40841.5,943.452
2022-01-13,944.381,949.967,940.664,940.664,33854.9,940.664
2022-01-14,934.149,941.593,930.432,936.008,40411.2,936.008
2022-01-17,939.735,942.523,928.564,931.362,29664.1,931.362
2022-01-18,935.079,938.806,930.432,931.362,72117.0,931.362
2022-01-19,928.564,936.947,917.404,921.121,83186.8,921.121
2022-01-20,916.475,929.503,916.475,918.333,76416.5,918.333
2022-01-21,911.819,918.333,907.172,918.333,42238.8,918.333
2022-01-24,916.475,929.503,909.96,928.564,37616.6,928.564
2022-01-25,924.847,924.847,910.889,920.192,41164.2,920.192
2022-01-26,920.192,925.776,914.616,917.404,25149.4,917.404
2022-01-27,917.404,917.404,896.931,900.658,149500.0,900.658
2022-01-28,911.819,913.687,901.587,911.819,56318.4,911.819
2022-01-31,909.96,922.059,902.516,921.121,44710.7,921.121
2022-02-01,923.918,936.947,923.918,926.705,30093.3,926.705
2022-02-02,928.564,938.806,922.059,936.947,48149.7,936.947
2022-02-03,933.22,940.664,932.291,932.291,31920.8,932.291
2022-02-04,925.776,946.25,925.776,943.452,33318.2,943.452
2022-02-07,971.371,971.371,948.108,962.067,81467.9,962.067
2022-02-08,935.079,962.996,932.291,934.149,74373.8,934.149
2022-02-09,946.25,966.713,936.947,963.925,76739.2,963.925
2022-02-10,965.784,965.784,950.896,956.481,30200.8,956.481
2022-02-14,940.664,954.623,940.664,951.825,36542.0,951.825
2022-02-15,951.825,958.34,943.452,945.32,36757.1,945.32
2022-02-16,947.179,960.208,946.25,959.269,35897.6,959.269
2022-02-17,957.411,959.269,948.108,953.694,16336.4,953.694
2022-02-18,939.735,951.825,936.008,949.037,23537.0,949.037
2022-02-21,941.593,946.25,936.008,945.32,23752.1,945.32
2022-02-22,932.291,945.32,932.291,935.079,47611.9,935.079
2022-02-24,935.079,935.079,919.263,932.291,64486.1,932.291
2022-02-25,931.362,931.362,916.475,926.705,61154.7,926.705
2022-02-28,935.079,935.079,922.988,931.362,63626.6,931.362
2022-03-01,929.503,936.947,928.564,933.22,42990.7,933.22
2022-03-02,924.847,934.149,922.988,922.988,46429.7,922.988
2022-03-03,933.22,938.806,927.635,937.876,44172.9,937.876
2022-03-04,927.635,936.008,918.333,921.121,53523.8,921.121
2022-03-07,914.616,916.475,897.86,899.728,68032.6,899.728
2022-03-08,893.214,893.214,869.023,870.883,86842.0,870.883
2022-03-09,872.741,899.728,872.741,882.982,58467.6,882.982
2022-03-10,906.243,918.333,897.86,918.333,48795.1,918.333
2022-03-11,903.445,914.616,901.587,903.445,38046.9,903.445
2022-03-14,903.445,906.243,898.799,899.728,38046.9,899.728
2022-03-15,899.728,909.031,894.143,909.031,35790.1,909.031
2022-03-16,905.304,916.475,901.587,912.748,50298.9,912.748
2022-03-17,921.121,928.564,914.616,925.776,44710.7,925.776
2022-03-18,926.705,934.149,921.121,934.149,32887.9,934.149
2022-03-22,939.735,943.452,929.503,937.876,48364.8,937.876
2022-03-23,943.452,949.037,934.149,949.037,39444.2,949.037
2022-03-24,938.806,945.32,929.503,945.32,38584.7,945.32
2022-03-25,948.108,948.108,928.564,929.503,39551.7,929.503
2022-03-28,930.432,940.664,926.705,936.008,33533.3,936.008
2022-03-29,933.22,940.664,929.503,940.664,57822.2,940.664
2022-03-30,945.406,952.991,940.664,950.146,39335.6,950.146
2022-03-31,950.146,950.146,933.078,935.923,55365.1,935.923
2022-04-01,930.233,931.182,919.803,929.286,43448.4,929.286
2022-04-04,931.182,938.768,927.389,934.975,23200.6,934.975
2022-04-05,940.664,942.56,934.027,935.923,35328.2,935.923
2022-04-06,931.182,932.131,926.44,926.44,26469.8,926.44
2022-04-07,920.751,921.7,904.631,914.113,48932.2,914.113
2022-04-08,921.7,921.7,907.475,913.165,46084.8,913.165
2022-04-11,913.165,916.01,902.734,905.579,27629.8,905.579
2022-04-12,905.579,910.32,897.046,899.89,39019.2,899.89
2022-04-13,907.475,921.7,907.475,916.01,29844.4,916.01
2022-04-14,923.595,927.389,920.751,927.389,22989.7,927.389
2022-04-15,924.544,927.389,917.906,921.7,17084.0,921.7
2022-04-18,911.268,915.061,905.579,910.32,21618.7,910.32
2022-04-19,915.061,922.648,915.061,920.751,19087.7,920.751
2022-04-20,920.751,932.131,919.803,932.131,22778.7,932.131
2022-04-21,936.871,937.819,920.751,932.131,24782.4,932.131
2022-04-22,923.595,928.337,918.855,918.855,22567.8,918.855
2022-04-25,917.906,917.906,906.528,906.528,28473.4,906.528
2022-04-26,916.958,916.958,910.32,912.217,17927.7,912.217
2022-04-27,905.579,908.424,900.837,900.837,77405.7,900.837
2022-04-28,910.32,934.027,910.32,934.027,47561.2,934.027
2022-05-02,930.233,937.819,930.233,934.027,27735.2,934.027
2022-05-06,934.027,938.768,929.286,938.768,15924.0,938.768
2022-05-09,936.871,936.871,921.7,921.7,24677.0,921.7
2022-05-10,915.061,920.751,909.373,914.113,22884.2,914.113
2022-05-11,915.061,916.958,908.424,911.268,31215.3,911.268
2022-05-12,910.32,910.32,895.148,896.097,66227.2,896.097
2022-05-13,900.837,916.958,897.046,916.958,29000.7,916.958
2022-05-16,919.803,919.803,896.097,897.046,48826.7,897.046
2022-05-17,900.837,902.734,889.459,892.304,45768.5,892.304
2022-05-18,893.252,901.786,891.355,901.786,29633.5,901.786
2022-05-19,891.355,904.631,889.459,901.786,28157.1,901.786
2022-05-20,897.993,903.682,893.252,903.682,33219.0,903.682
2022-05-23,904.631,912.217,903.682,912.217,23200.6,912.217
2022-05-24,907.475,917.906,900.837,900.837,47877.6,900.837
2022-05-25,900.837,900.837,892.304,892.304,23200.6,892.304
2022-05-26,897.993,904.631,897.993,900.837,20564.1,900.837
2022-05-27,902.734,903.682,896.097,903.682,31109.9,903.682
2022-05-30,905.579,916.01,897.993,904.631,65910.8,904.631
2022-05-31,909.373,916.01,905.579,910.32,33851.8,910.32
2022-06-01,907.475,919.803,906.528,919.803,25415.2,919.803
2022-06-02,918.855,918.855,910.32,915.061,16873.1,915.061
2022-06-03,920.751,926.44,918.855,921.7,26997.0,921.7
2022-06-06,914.113,923.595,912.217,923.595,26258.8,923.595
2022-06-07,925.492,934.027,919.803,932.131,45979.4,932.131
2022-06-08,941.613,951.095,937.819,950.146,50197.7,950.146
2022-06-09,950.146,954.888,942.56,948.251,36488.2,948.251
2022-06-10,940.664,942.56,926.44,926.44,44186.6,926.44
2022-06-13,924.544,927.389,916.01,916.958,26997.0,916.958
2022-06-14,916.958,926.44,913.165,922.648,43764.8,922.648
2022-06-15,920.751,924.544,908.424,908.424,39124.6,908.424
2022-06-16,919.803,927.389,916.958,921.7,42604.7,921.7
2022-06-17,915.061,916.958,906.528,907.475,35644.5,907.475
2022-06-20,915.061,915.061,898.941,901.786,43553.9,901.786
2022-06-21,915.061,917.906,905.579,914.113,33008.1,914.113
2022-06-22,921.7,921.7,906.528,906.528,25309.7,906.528
2022-06-23,910.32,919.803,910.32,914.113,25731.6,914.113
2022-06-24,915.061,917.906,908.424,909.373,23938.8,909.373
2022-06-27,921.7,921.7,911.268,916.01,30266.2,916.01
2022-06-28,920.751,932.131,919.803,931.182,32691.7,931.182
2022-06-29,928.337,928.337,921.7,922.648,47350.3,922.648
2022-06-30,928.337,932.131,924.544,925.492,57579.7,925.492
2022-07-01,925.492,927.389,910.32,917.906,37331.9,917.906
2022-07-04,933.078,943.509,930.233,942.56,81834.9,942.56
2022-07-05,945.406,946.354,938.768,938.768,32375.4,938.768
2022-07-06,936.871,936.871,930.233,933.078,27840.7,933.078
2022-07-07,935.923,947.303,934.975,942.56,28473.4,942.56
2022-07-08,938.768,948.251,930.233,932.131,62430.7,932.131
2022-07-11,947.303,952.043,946.354,949.198,46717.6,949.198
2022-07-12,950.146,950.146,935.923,936.871,29211.6,936.871
2022-07-13,942.56,944.458,935.923,944.458,20353.2,944.458
2022-07-14,941.613,944.458,939.716,940.664,13814.9,940.664
2022-07-15,945.406,945.406,935.923,938.768,29000.7,938.768
2022-07-19,946.354,947.303,941.613,947.303,19825.9,947.303
2022-07-20,950.146,960.578,949.198,960.578,37964.6,960.578
2022-07-21,960.578,967.213,955.836,958.681,42604.7,958.681
2022-07-22,958.681,969.108,955.836,967.213,23727.9,967.213
2022-07-25,969.108,969.108,958.681,962.473,26680.7,962.473
2022-07-26,965.318,968.161,961.526,967.213,29633.5,967.213
2022-07-27,968.161,968.161,956.785,961.526,28368.0,961.526
2022-07-28,967.213,967.213,952.043,967.213,69285.5,967.213
2022-07-29,972.908,973.856,951.095,956.785,64012.6,956.785
2022-08-01,964.371,975.751,959.63,975.751,33851.8,975.751
2022-08-02,973.856,973.856,958.681,962.473,29528.0,962.473
2022-08-03,962.473,964.371,952.991,956.785,21196.9,956.785
2022-08-04,961.526,964.371,954.888,964.371,17189.5,964.371
2022-08-05,961.526,980.49,961.526,978.594,40601.0,978.594
2022-08-08,977.647,977.647,956.785,961.526,36488.2,961.526
2022-08-09,962.473,966.267,955.836,957.733,16978.6,957.733
2022-08-10,957.733,963.422,948.251,953.94,54099.6,953.94
2022-08-12,964.371,970.056,959.63,964.371,40601.0,964.371
2022-08-15,966.267,967.213,957.733,960.578,19825.9,960.578
2022-08-16,960.578,961.526,954.888,961.526,20142.3,961.526
2022-08-17,967.213,967.213,961.526,967.213,30793.5,967.213
2022-08-18,965.318,965.318,953.94,961.526,16029.5,961.526
2022-08-19,965.318,965.318,958.681,958.681,15818.6,958.681
2022-08-22,955.836,968.161,955.836,967.213,16556.8,967.213
2022-08-23,961.526,964.371,957.733,957.733,15502.2,957.733
2022-08-24,957.733,965.318,957.733,963.422,13287.6,963.422
2022-08-25,967.213,970.056,964.371,967.213,16978.6,967.213
2022-08-26,967.213,971.013,966.267,966.267,10334.8,966.267
2022-08-29,960.578,966.267,958.681,960.578,31637.2,960.578
2022-08-30,967.213,971.961,962.473,970.056,32586.3,970.056
2022-08-31,966.267,968.161,963.422,968.161,24149.7,968.161
2022-09-01,966.267,966.267,954.888,954.888,48299.4,954.888
2022-09-02,958.681,960.578,951.095,955.836,39862.8,955.836
2022-09-05,957.733,957.733,949.198,952.991,29844.4,952.991
2022-09-06,952.991,966.267,952.991,960.578,28684.4,960.578
2022-09-07,960.578,960.578,952.043,952.043,24044.2,952.043
2022-09-08,967.213,983.333,962.473,978.594,113683.0,978.594
2022-09-09,986.174,1007.05,986.174,1002.3,127603.0,1002.3
2022-09-12,1066.78,1067.73,1012.73,1017.48,215343.0,1017.48
2022-09-13,1026.0,1026.0,998.505,998.505,91853.3,998.505
2022-09-14,989.028,1061.09,977.647,1049.72,201529.0,1049.72
2022-09-15,1066.78,1081.0,1014.63,1019.37,283363.0,1019.37
2022-09-16,1041.18,1042.12,1009.88,1013.68,60427.0,1013.68
2022-09-20,1024.11,1035.49,1019.37,1019.37,58950.6,1019.37
2022-09-21,1021.27,1021.27,1006.09,1009.88,39019.2,1009.88
2022-09-22,1005.15,1016.52,996.606,1008.94,47983.1,1008.94
2022-09-26,996.606,1002.3,977.647,978.594,74663.8,978.594
2022-09-27,978.594,986.174,971.961,971.961,39335.6,971.961
2022-09-28,970.056,982.385,957.733,978.594,68441.8,978.594
2022-09-29,994.067,1017.27,991.163,1011.48,76112.4,1011.48
2022-09-30,999.873,1014.37,989.235,999.873,52844.3,999.873
2022-10-03,996.97,999.873,981.495,995.031,34126.5,995.031
2022-10-04,1010.5,1041.45,1010.5,1035.65,69080.3,1035.65
2022-10-05,1044.35,1044.35,1024.04,1024.04,55739.9,1024.04
2022-10-06,1033.72,1054.02,1026.95,1037.58,60807.2,1037.58
2022-10-07,1027.91,1045.32,1026.95,1039.51,45191.7,1039.51
2022-10-11,1038.55,1038.55,1013.4,1024.04,62978.9,1024.04
2022-10-12,1018.24,1023.08,1012.44,1016.31,24922.6,1016.31
2022-10-13,1020.18,1031.78,1001.8,1004.71,65977.9,1004.71
2022-10-14,1028.88,1032.74,1009.54,1018.24,67218.8,1018.24
2022-10-17,1001.8,1015.34,1001.8,1005.67,26577.3,1005.67
2022-10-18,1020.18,1022.1,1013.4,1014.37,35574.2,1014.37
2022-10-19,1013.4,1018.24,1002.77,1018.24,40951.8,1018.24
2022-10-20,1007.61,1017.27,1007.61,1014.37,23681.7,1014.37
2022-10-21,1011.48,1017.27,1002.77,1003.74,18200.8,1003.74
2022-10-24,1003.74,1004.71,984.393,985.367,44157.6,985.367
2022-10-25,987.296,995.031,981.495,987.296,38883.5,987.296
2022-10-26,995.996,1004.71,989.235,1001.8,58015.0,1001.8
2022-10-27,1001.8,1005.67,997.934,1001.8,19338.3,1001.8
2022-10-28,997.934,1013.4,997.934,999.873,132783.0,999.873
2022-10-31,1014.37,1014.37,998.899,1003.74,26990.9,1003.74
2022-11-01,1003.74,1022.1,1003.74,1017.27,31230.9,1017.27
2022-11-02,1007.61,1021.14,996.97,1002.77,122648.0,1002.77
2022-11-04,995.996,1008.57,991.163,1005.67,61737.9,1005.67
2022-11-07,1004.71,1008.57,999.873,1007.61,28128.5,1007.61
2022-11-08,1010.5,1027.91,1008.57,1027.91,45398.5,1027.91
2022-11-09,1054.02,1096.56,1043.38,1088.83,193383.0,1088.83
2022-11-10,1078.19,1115.91,1072.39,1106.24,126991.0,1106.24
2022-11-11,1118.8,1118.8,1088.83,1097.54,58635.5,1097.54
2022-11-14,1092.7,1092.7,1064.66,1065.62,54085.3,1065.62
2022-11-15,1062.72,1074.32,1057.89,1058.85,60807.2,1058.85
2022-11-16,1053.06,1074.32,1050.15,1071.43,24819.2,1071.43
2022-11-17,1059.83,1072.39,1059.83,1072.39,17476.9,1072.39
2022-11-18,1078.19,1078.19,1069.49,1070.45,19958.8,1070.45
2022-11-21,1071.43,1077.23,1067.56,1077.23,22544.1,1077.23
2022-11-22,1068.53,1091.73,1068.53,1088.83,40331.3,1088.83
2022-11-24,1097.54,1099.47,1086.9,1089.8,56670.6,1089.8
2022-11-25,1092.7,1119.78,1091.73,1105.27,75078.3,1105.27
2022-11-28,1113.97,1113.97,1094.63,1112.04,41365.4,1112.04
2022-11-29,1111.07,1111.07,1097.54,1106.24,35470.8,1106.24
2022-11-30,1099.47,1107.2,1097.54,1101.41,39504.0,1101.41
2022-12-01,1121.71,1121.71,1093.67,1097.54,73527.0,1097.54
2022-12-02,1096.56,1096.56,1065.62,1077.23,89866.4,1077.23
2022-12-05,1074.32,1077.23,1059.83,1066.59,72906.6,1066.59
2022-12-06,1064.66,1092.7,1058.85,1086.9,64633.5,1086.9
2022-12-07,1082.06,1096.56,1077.23,1080.13,28231.9,1080.13
2022-12-08,1083.03,1083.03,1062.72,1071.43,69700.7,1071.43
2022-12-09,1071.43,1087.86,1071.43,1085.93,31024.0,1085.93
2022-12-12,1085.93,1085.93,1070.45,1070.45,17166.6,1070.45
2022-12-13,1074.32,1083.03,1066.59,1067.56,37642.5,1067.56
2022-12-14,1071.43,1080.13,1071.43,1080.13,29989.9,1080.13
2022-12-15,1078.19,1090.77,1078.19,1085.93,29783.1,1085.93
2022-12-16,1078.19,1083.03,1068.53,1071.43,25956.8,1071.43
2022-12-19,1070.45,1073.36,1065.62,1067.56,14994.9,1067.56
2022-12-20,1067.56,1074.32,1042.42,1045.32,41985.9,1045.32
2022-12-21,1046.28,1050.15,1029.85,1031.78,85833.3,1031.78
2022-12-22,1035.65,1041.45,1027.91,1041.45,58428.7,1041.45
2022-12-23,1029.85,1043.38,1018.24,1039.51,41882.5,1039.51
2022-12-26,1039.51,1053.06,1039.51,1044.35,33712.8,1044.35
2022-12-27,1053.06,1073.36,1053.06,1068.53,33402.6,1068.53
2022-12-28,1067.56,1072.39,1063.69,1067.56,19855.4,1067.56
2022-12-29,1056.92,1072.39,1055.96,1071.43,26887.5,1071.43
2022-12-30,1083.03,1095.6,1079.16,1087.86,65874.4,1087.86
2023-01-04,1087.86,1087.86,1067.56,1068.53,34023.0,1068.53
2023-01-05,1063.69,1064.66,1051.12,1056.92,29472.8,1056.92
2023-01-06,1052.08,1060.79,1051.12,1053.06,23578.3,1053.06
2023-01-10,1053.06,1058.85,1045.32,1048.21,22337.3,1048.21
2023-01-11,1049.19,1066.59,1049.19,1056.92,22027.1,1056.92
2023-01-12,1050.15,1062.72,1049.19,1061.75,18511.0,1061.75
2023-01-13,1054.98,1062.72,1051.12,1053.06,23785.1,1053.06
2023-01-16,1051.12,1061.75,1047.25,1056.92,43433.7,1056.92
2023-01-17,1054.98,1073.36,1054.98,1066.59,22130.5,1066.59
2023-01-18,1069.49,1085.93,1058.85,1081.09,44157.6,1081.09
2023-01-19,1079.16,1083.03,1073.36,1073.36,19028.1,1073.36
2023-01-20,1073.36,1074.32,1067.56,1070.45,11789.1,1070.45
2023-01-23,1078.19,1097.54,1078.19,1095.6,60496.9,1095.6
2023-01-24,1102.37,1113.97,1093.67,1111.07,31230.9,1111.07
2023-01-25,1110.11,1114.94,1104.3,1109.14,26163.6,1109.14
2023-01-26,1107.2,1109.14,1100.43,1100.43,22027.1,1100.43
2023-01-27,1106.24,1106.24,1063.69,1086.9,72492.9,1086.9
2023-01-30,1087.86,1101.41,1087.86,1101.41,21406.6,1101.41
2023-01-31,1105.27,1105.27,1093.67,1095.6,30920.6,1095.6
2023-02-01,1106.24,1113.97,1101.41,1113.97,30196.7,1113.97
2023-02-02,1113.97,1116.88,1094.63,1099.47,22544.1,1099.47
2023-02-03,1099.47,1099.47,1087.86,1089.8,22751.0,1089.8
2023-02-06,1101.41,1101.41,1091.73,1100.43,30610.4,1100.43
2023-02-07,1105.27,1114.94,1103.33,1107.2,20786.1,1107.2
2023-02-08,1112.04,1131.38,1109.14,1125.58,68666.6,1125.58
2023-02-09,1126.54,1135.25,1110.11,1117.84,59152.6,1117.84
2023-02-10,1112.04,1113.97,1096.56,1098.5,32988.9,1098.5
2023-02-13,1099.47,1105.27,1072.39,1073.36,49948.7,1073.36
2023-02-14,1083.03,1083.03,1060.79,1082.06,59876.4,1082.06
2023-02-15,1087.86,1089.8,1070.45,1080.13,44984.9,1080.13
2023-02-16,1087.86,1089.8,1081.09,1085.93,20889.5,1085.93
2023-02-17,1082.06,1089.8,1071.43,1083.03,38780.1,1083.03
2023-02-20,1091.73,1106.24,1091.73,1101.41,27611.4,1101.41
2023-02-21,1103.33,1108.17,1100.43,1100.43,22854.4,1100.43
2023-02-22,1097.54,1107.2,1090.77,1103.33,30093.3,1103.33
2023-02-24,1093.67,1110.11,1093.67,1110.11,31334.3,1110.11
2023-02-27,1102.37,1124.61,1102.37,1124.61,31851.4,1124.61
2023-02-28,1126.54,1126.54,1111.07,1113.01,32988.9,1113.01
2023-03-01,1114.94,1125.58,1113.97,1124.61,21406.6,1124.61
2023-03-02,1126.54,1131.38,1122.67,1129.44,37642.5,1129.44
2023-03-03,1132.35,1137.18,1128.48,1134.28,34746.9,1134.28
2023-03-06,1143.95,1147.82,1140.08,1142.98,31437.7,1142.98
2023-03-07,1148.78,1162.32,1142.02,1160.38,52534.1,1160.38
2023-03-08,1160.38,1165.23,1156.52,1161.36,44467.8,1161.36
2023-03-09,1164.25,1164.25,1158.46,1163.29,46949.7,1163.29
2023-03-10,1153.62,1160.38,1139.12,1140.08,65667.6,1140.08
2023-03-13,1113.97,1116.88,1102.37,1116.88,61427.7,1116.88
2023-03-14,1103.33,1103.33,1079.16,1086.9,60393.5,1086.9
2023-03-15,1095.6,1108.17,1095.6,1103.33,46536.1,1103.33
2023-03-16,1079.16,1088.83,1069.49,1076.26,60910.6,1076.26
2023-03-17,1087.86,1091.73,1080.13,1087.86,34126.5,1087.86
2023-03-20,1078.19,1083.03,1064.66,1064.66,35677.7,1064.66
2023-03-22,1087.86,1090.77,1081.09,1085.93,39710.8,1085.93
2023-03-23,1083.03,1106.24,1074.32,1105.27,64426.6,1105.27
2023-03-24,1105.27,1113.97,1088.83,1112.04,29886.5,1112.04
2023-03-27,1129.44,1146.85,1119.78,1146.85,46432.7,1146.85
2023-03-28,1156.52,1156.52,1145.89,1150.72,30920.6,1150.72
2023-03-29,1160.38,1168.13,1150.72,1166.19,65357.4,1166.19
2023-03-30,1180.95,1189.81,1168.16,1189.81,71129.0,1189.81
2023-03-31,1190.79,1193.75,1180.95,1192.76,59138.7,1192.76
2023-04-03,1203.59,1220.32,1197.68,1220.32,50908.0,1220.32
2023-04-04,1216.38,1220.32,1207.52,1216.38,45827.4,1216.38
2023-04-05,1206.54,1207.52,1180.95,1181.94,43896.7,1181.94
2023-04-06,1167.17,1178.98,1166.19,1175.05,52737.0,1175.05
2023-04-07,1175.05,1185.87,1168.16,1180.95,46132.2,1180.95
2023-04-10,1194.73,1198.67,1181.94,1185.87,100291.0,1185.87
2023-04-11,1195.71,1220.32,1194.73,1218.35,51924.1,1218.35
2023-04-12,1212.44,1239.02,1210.48,1239.02,50298.3,1239.02
2023-04-13,1240.0,1240.0,1228.19,1235.08,59341.9,1235.08
2023-04-14,1240.0,1251.81,1235.08,1247.87,46132.2,1247.87
2023-04-17,1255.75,1264.6,1248.86,1262.63,36580.6,1262.63
2023-04-18,1269.52,1279.37,1236.06,1243.94,131283.0,1243.94
2023-04-19,1243.94,1248.86,1226.22,1240.0,37393.5,1240.0
2023-04-20,1236.06,1252.79,1236.06,1245.9,34040.3,1245.9
2023-04-21,1240.98,1258.7,1239.02,1253.78,33633.8,1253.78
2023-04-24,1265.59,1273.46,1261.65,1261.65,31093.5,1261.65
2023-04-25,1260.67,1265.59,1243.94,1249.84,78648.3,1249.84
2023-04-26,1237.05,1251.81,1231.14,1246.89,72348.3,1246.89
2023-04-27,1255.75,1255.75,1241.97,1243.94,239501.0,1243.94
2023-04-28,1261.65,1267.56,1256.73,1267.56,80680.6,1267.56
2023-05-01,1273.46,1293.14,1272.48,1289.21,63711.2,1289.21
2023-05-02,1289.21,1289.21,1264.6,1269.52,35361.2,1269.52
2023-05-08,1269.52,1296.1,1263.62,1294.13,41559.6,1294.13
2023-05-09,1299.05,1311.84,1295.11,1308.89,45116.1,1308.89
2023-05-10,1313.81,1313.81,1275.43,1288.22,102120.0,1288.22
2023-05-11,1270.51,1270.51,1224.25,1238.03,96938.7,1238.03
2023-05-12,1238.03,1242.95,1229.17,1239.02,44100.0,1239.02
2023-05-15,1231.14,1243.94,1231.14,1243.94,44811.2,1243.94
2023-05-16,1244.92,1244.92,1225.24,1233.11,37596.7,1233.11
2023-05-17,1233.11,1240.0,1222.29,1237.05,42677.4,1237.05
2023-05-18,1240.0,1250.83,1235.08,1245.9,52635.4,1245.9
2023-05-19,1248.86,1263.62,1246.89,1259.68,31296.7,1259.68
2023-05-22,1259.68,1261.65,1251.81,1256.73,23574.1,1256.73
2023-05-23,1259.68,1278.38,1256.73,1258.7,52330.6,1258.7
2023-05-24,1250.83,1269.52,1250.83,1265.59,26419.3,1265.59
2023-05-25,1259.68,1283.3,1250.83,1281.33,42067.7,1281.33
2023-05-26,1284.29,1296.1,1280.35,1282.32,44912.9,1282.32
2023-05-29,1299.05,1318.73,1298.06,1307.9,53753.2,1307.9
2023-05-30,1309.87,1323.65,1300.03,1320.7,42880.6,1320.7
2023-05-31,1305.94,1311.84,1249.84,1249.84,80172.5,1249.84
2023-06-01,1249.84,1274.44,1249.84,1255.75,37088.7,1255.75
2023-06-02,1257.71,1286.25,1257.71,1284.29,36580.6,1284.29
2023-06-05,1310.86,1311.84,1295.11,1299.05,33430.6,1299.05
2023-06-06,1295.11,1311.84,1290.19,1306.92,28654.8,1306.92
2023-06-07,1317.75,1318.73,1296.1,1300.03,53550.0,1300.03
2023-06-08,1308.89,1325.62,1302.98,1304.95,40950.0,1304.95
2023-06-09,1314.79,1342.35,1310.86,1337.43,69604.8,1337.43
2023-06-12,1346.29,1346.29,1332.51,1339.4,34141.9,1339.4
2023-06-13,1339.4,1347.27,1333.49,1344.32,35462.9,1344.32
2023-06-14,1349.24,1390.57,1349.24,1387.62,100088.0,1387.62
2023-06-15,1377.78,1387.62,1365.97,1371.87,34345.1,1371.87
2023-06-16,1361.05,1380.73,1349.24,1375.81,68588.7,1375.81
2023-06-19,1385.65,1397.46,1379.75,1388.6,37190.3,1388.6
2023-06-20,1391.56,1421.08,1388.6,1417.14,52737.0,1417.14
2023-06-21,1417.14,1433.87,1403.37,1415.17,41762.9,1415.17
2023-06-22,1428.95,1429.94,1408.29,1411.24,34548.3,1411.24
2023-06-23,1415.17,1419.11,1382.7,1390.57,41458.0,1390.57
2023-06-26,1382.7,1405.33,1360.06,1388.6,27029.0,1388.6
2023-06-27,1387.62,1389.59,1367.94,1382.7,25098.3,1382.7
2023-06-28,1383.68,1407.3,1383.68,1406.32,45217.7,1406.32
2023-06-29,1411.24,1417.14,1400.41,1407.3,40543.5,1407.3
2023-06-30,1403.37,1403.37,1376.79,1381.71,66861.2,1381.71
2023-07-03,1387.62,1403.37,1387.62,1398.44,27029.0,1398.44
2023-07-04,1383.68,1386.63,1364.0,1372.86,49485.4,1372.86
2023-07-05,1363.02,1364.0,1350.22,1353.17,36783.8,1353.17
2023-07-06,1349.24,1350.22,1333.49,1334.48,42474.1,1334.48
2023-07-07,1327.59,1335.46,1307.9,1320.7,67267.7,1320.7
2023-07-10,1320.7,1341.37,1320.7,1331.52,47961.2,1331.52
2023-07-11,1337.43,1338.41,1325.62,1325.62,32820.9,1325.62
2023-07-12,1333.49,1333.49,1304.95,1306.92,38409.6,1306.92
2023-07-13,1303.97,1309.87,1281.33,1303.97,41661.2,1303.97
2023-07-14,1310.86,1311.84,1288.22,1292.16,24895.1,1292.16
2023-07-18,1291.17,1304.95,1291.17,1303.97,23675.8,1303.97
2023-07-19,1315.78,1321.68,1307.9,1321.68,34446.7,1321.68
2023-07-20,1321.68,1324.63,1313.81,1315.78,23167.7,1315.78
2023-07-21,1316.76,1318.73,1309.87,1315.78,22456.4,1315.78
2023-07-24,1318.73,1327.59,1317.75,1327.59,18900.0,1327.59
2023-07-25,1331.52,1333.49,1325.62,1328.57,31093.5,1328.57
2023-07-26,1334.48,1334.48,1318.73,1318.73,24793.5,1318.73
2023-07-27,1316.76,1320.7,1311.84,1320.7,30483.8,1320.7
2023-07-28,1307.9,1315.78,1297.08,1315.78,69503.2,1315.78
2023-07-31,1339.4,1341.37,1330.54,1341.37,56801.6,1341.37
2023-08-01,1344.32,1357.11,1339.4,1357.11,45014.5,1357.11
2023-08-02,1346.29,1357.11,1335.46,1335.46,41661.2,1335.46
2023-08-03,1331.52,1331.52,1308.89,1311.84,74888.7,1311.84
2023-08-04,1302.98,1318.73,1302.98,1318.73,38308.0,1318.73
2023-08-07,1321.68,1321.68,1302.98,1321.68,59748.3,1321.68
2023-08-08,1330.54,1332.51,1294.13,1301.02,66048.3,1301.02
2023-08-09,1296.1,1296.1,1288.22,1294.13,40441.9,1294.13
2023-08-10,1294.13,1312.83,1285.27,1312.83,59443.5,1312.83
2023-08-14,1312.83,1312.83,1284.29,1286.25,34446.7,1286.25
2023-08-15,1287.24,1307.9,1286.25,1301.02,39425.8,1301.02
2023-08-16,1285.27,1291.17,1278.38,1283.3,47961.2,1283.3
2023-08-17,1281.33,1281.33,1262.63,1277.4,26927.4,1277.4
2023-08-18,1278.38,1278.38,1265.59,1274.44,42880.6,1274.44
2023-08-21,1276.41,1287.24,1274.44,1281.33,17375.8,1281.33
2023-08-22,1282.32,1297.08,1281.33,1295.11,22659.6,1295.11
2023-08-23,1295.11,1307.9,1289.21,1307.9,17680.6,1307.9
2023-08-24,1304.95,1311.84,1302.0,1305.94,20220.9,1305.94
2023-08-25,1299.05,1302.0,1293.14,1298.06,33329.0,1298.06
2023-08-28,1301.02,1317.75,1301.02,1316.76,27537.0,1316.76
2023-08-29,1310.86,1313.81,1302.98,1313.81,21846.7,1313.81
2023-08-30,1313.81,1314.79,1308.89,1312.83,27537.0,1312.83
2023-08-31,1318.73,1325.62,1315.78,1322.67,39425.8,1322.67
2023-09-01,1322.67,1338.41,1311.84,1338.41,50704.8,1338.41
2023-09-04,1338.41,1363.02,1338.41,1363.02,36275.8,1363.02
2023-09-05,1363.02,1368.92,1351.21,1368.92,34548.3,1368.92
2023-09-06,1365.97,1365.97,1355.14,1361.05,32312.9,1361.05
2023-09-07,1360.06,1373.84,1352.19,1361.05,29366.1,1361.05
2023-09-08,1352.19,1362.03,1347.27,1347.27,39730.6,1347.27
2023-09-11,1356.13,1361.05,1349.24,1357.11,24895.1,1357.11
2023-09-12,1366.95,1371.87,1360.06,1364.98,16664.5,1364.98
2023-09-13,1364.98,1364.98,1352.19,1360.06,21541.9,1360.06
2023-09-14,1358.1,1372.86,1358.1,1369.9,25403.2,1369.9
2023-09-15,1377.78,1390.57,1373.84,1385.65,40238.7,1385.65
2023-09-19,1370.89,1396.48,1370.89,1396.48,39629.0,1396.48
2023-09-20,1396.48,1398.44,1371.87,1372.86,47148.3,1372.86
2023-09-21,1374.83,1384.67,1358.1,1360.06,31500.0,1360.06
2023-09-22,1353.17,1357.11,1338.41,1349.24,42169.3,1349.24
2023-09-25,1349.24,1355.14,1326.6,1342.35,29772.5,1342.35
2023-09-26,1345.3,1345.3,1328.57,1329.56,39120.9,1329.56
2023-09-27,1345.3,1364.98,1329.56,1364.0,76514.5,1364.0
2023-09-28,1379.0,1382.0,1361.0,1369.0,59300.0,1369.0
2023-09-29,1365.0,1368.0,1341.0,1349.0,40100.0,1349.0
2023-10-02,1351.0,1367.0,1339.0,1340.0,48800.0,1340.0
2023-10-03,1339.0,1339.0,1308.0,1308.0,37200.0,1308.0
2023-10-04,1282.0,1285.0,1250.0,1250.0,66700.0,1250.0
2023-10-05,1260.0,1277.0,1256.0,1273.0,46300.0,1273.0
2023-10-06,1281.0,1300.0,1280.0,1293.0,23000.0,1293.0
2023-10-10,1300.0,1319.0,1300.0,1319.0,21500.0,1319.0
2023-10-11,1313.0,1315.0,1298.0,1298.0,21700.0,1298.0
2023-10-12,1308.0,1312.0,1299.0,1311.0,15400.0,1311.0
2023-10-13,1301.0,1308.0,1286.0,1289.0,26900.0,1289.0
2023-10-16,1285.0,1295.0,1281.0,1292.0,30300.0,1292.0
2023-10-17,1302.0,1309.0,1283.0,1289.0,25400.0,1289.0
2023-10-18,1294.0,1299.0,1286.0,1296.0,19500.0,1296.0
2023-10-19,1289.0,1298.0,1286.0,1286.0,17700.0,1286.0
2023-10-20,1293.0,1303.0,1281.0,1295.0,29300.0,1295.0
2023-10-23,1290.0,1293.0,1271.0,1271.0,26500.0,1271.0
2023-10-24,1270.0,1274.0,1240.0,1266.0,45400.0,1266.0
2023-10-25,1285.0,1304.0,1275.0,1293.0,41800.0,1293.0
2023-10-26,1293.0,1298.0,1280.0,1283.0,32100.0,1283.0
2023-10-27,1296.0,1314.0,1296.0,1314.0,33400.0,1314.0
2023-10-30,1314.0,1316.0,1295.0,1304.0,48200.0,1304.0
2023-10-31,1310.0,1325.0,1301.0,1325.0,43300.0,1325.0
2023-11-01,1335.0,1344.0,1330.0,1337.0,47100.0,1337.0
2023-11-02,1341.0,1349.0,1336.0,1342.0,52600.0,1342.0
2023-11-06,1354.0,1369.0,1344.0,1361.0,51900.0,1361.0
2023-11-07,1362.0,1373.0,1348.0,1357.0,50100.0,1357.0
2023-11-08,1252.0,1256.0,1221.0,1242.0,143600.0,1242.0
2023-11-09,1231.0,1254.0,1231.0,1250.0,59000.0,1250.0
2023-11-10,1241.0,1273.0,1241.0,1273.0,84000.0,1273.0
2023-11-13,1290.0,1290.0,1258.0,1270.0,31100.0,1270.0
2023-11-14,1276.0,1279.0,1259.0,1275.0,29500.0,1275.0
2023-11-15,1282.0,1295.0,1279.0,1287.0,22900.0,1287.0
2023-11-16,1282.0,1286.0,1268.0,1272.0,20900.0,1272.0
2023-11-17,1278.0,1290.0,1270.0,1290.0,23200.0,1290.0
2023-11-20,1292.0,1299.0,1272.0,1272.0,26800.0,1272.0
2023-11-21,1273.0,1280.0,1268.0,1275.0,25600.0,1275.0
2023-11-22,1277.0,1292.0,1277.0,1282.0,18400.0,1282.0
2023-11-24,1296.0,1303.0,1293.0,1294.0,22300.0,1294.0
2023-11-27,1300.0,1303.0,1284.0,1284.0,19200.0,1284.0
2023-11-28,1299.0,1299.0,1284.0,1296.0,26800.0,1296.0
2023-11-29,1296.0,1311.0,1288.0,1308.0,30600.0,1308.0
2023-11-30,1310.0,1313.0,1290.0,1313.0,46600.0,1313.0
2023-12-01,1321.0,1332.0,1319.0,1325.0,49800.0,1325.0
2023-12-04,1324.0,1325.0,1309.0,1320.0,29500.0,1320.0
2023-12-05,1311.0,1330.0,1309.0,1310.0,44800.0,1310.0
2023-12-06,1310.0,1324.0,1298.0,1321.0,46100.0,1321.0
2023-12-07,1305.0,1307.0,1286.0,1286.0,37400.0,1286.0
2023-12-08,1286.0,1288.0,1257.0,1261.0,51900.0,1261.0
2023-12-11,1261.0,1278.0,1261.0,1274.0,26800.0,1274.0
2023-12-12,1274.0,1280.0,1261.0,1263.0,33700.0,1263.0
2023-12-13,1260.0,1261.0,1237.0,1241.0,50400.0,1241.0
2023-12-14,1241.0,1242.0,1204.0,1214.0,64400.0,1214.0
2023-12-15,1241.0,1243.0,1225.0,1231.0,53300.0,1231.0
2023-12-18,1219.0,1219.0,1192.0,1205.0,48300.0,1205.0
2023-12-19,1199.0,1209.0,1187.0,1209.0,47000.0,1209.0
2023-12-20,1208.0,1211.0,1198.0,1200.0,49000.0,1200.0
2023-12-21,1186.0,1187.0,1178.0,1178.0,56700.0,1178.0
2023-12-22,1178.0,1195.0,1174.0,1192.0,60700.0,1192.0
2023-12-25,1201.0,1203.0,1170.0,1170.0,115800.0,1170.0
2023-12-26,1168.0,1180.0,1166.0,1170.0,124900.0,1170.0
2023-12-27,1171.0,1175.0,1170.0,1174.0,56100.0,1174.0
2023-12-28,1167.0,1183.0,1162.0,1183.0,52000.0,1183.0
2023-12-29,1184.0,1197.0,1180.0,1196.0,72900.0,1196.0
2024-01-04,1196.0,1225.0,1187.0,1221.0,61500.0,1221.0
2024-01-05,1225.0,1236.0,1225.0,1230.0,48800.0,1230.0
2024-01-09,1236.0,1245.0,1231.0,1242.0,55900.0,1242.0
2024-01-10,1246.0,1252.0,1238.0,1238.0,51300.0,1238.0
2024-01-11,1242.0,1251.0,1235.0,1236.0,56000.0,1236.0
2024-01-12,1236.0,1240.0,1217.0,1224.0,53400.0,1224.0
2024-01-15,1225.0,1232.0,1222.0,1231.0,36700.0,1231.0
2024-01-16,1239.0,1239.0,1213.0,1213.0,43900.0,1213.0
2024-01-17,1216.0,1228.0,1214.0,1215.0,50500.0,1215.0
2024-01-18,1213.0,1223.0,1213.0,1218.0,31500.0,1218.0
2024-01-19,1221.0,1229.0,1217.0,1224.0,40500.0,1224.0
2024-01-22,1235.0,1242.0,1232.0,1239.0,34200.0,1239.0
2024-01-23,1239.0,1249.0,1238.0,1239.0,40500.0,1239.0
2024-01-24,1239.0,1240.0,1228.0,1230.0,35100.0,1230.0
2024-01-25,1230.0,1249.0,1230.0,1246.0,44600.0,1246.0
2024-01-26,1243.0,1260.0,1237.0,1250.0,59200.0,1250.0
2024-01-29,1269.0,1288.0,1269.0,1288.0,46600.0,1288.0
2024-01-30,1288.0,1309.0,1287.0,1293.0,60800.0,1293.0
2024-01-31,1296.0,1319.0,1294.0,1319.0,55400.0,1319.0
2024-02-01,1312.0,1314.0,1297.0,1306.0,31700.0,1306.0
2024-02-02,1310.0,1310.0,1287.0,1305.0,41200.0,1305.0
2024-02-05,1299.0,1309.0,1295.0,1306.0,35900.0,1306.0
2024-02-06,1299.0,1306.0,1288.0,1288.0,39700.0,1288.0
2024-02-07,1283.0,1291.0,1283.0,1286.0,23800.0,1286.0
2024-02-08,1286.0,1299.0,1274.0,1295.0,48300.0,1295.0
2024-02-09,1360.0,1364.0,1297.0,1297.0,90700.0,1297.0
2024-02-13,1297.0,1315.0,1294.0,1304.0,69300.0,1304.0
2024-02-14,1299.0,1299.0,1262.0,1272.0,93100.0,1272.0
2024-02-15,1279.0,1286.0,1262.0,1262.0,29600.0,1262.0
2024-02-16,1280.0,1299.0,1275.0,1294.0,48400.0,1294.0
2024-02-19,1299.0,1335.0,1299.0,1335.0,46700.0,1335.0
2024-02-20,1340.0,1343.0,1325.0,1335.0,42100.0,1335.0
2024-02-21,1325.0,1340.0,1322.0,1334.0,35800.0,1334.0
2024-02-22,1330.0,1340.0,1326.0,1340.0,36900.0,1340.0
2024-02-26,1350.0,1351.0,1327.0,1335.0,38400.0,1335.0
2024-02-27,1332.0,1365.0,1331.0,1354.0,52500.0,1354.0
2024-02-28,1357.0,1365.0,1348.0,1351.0,35300.0,1351.0
2024-02-29,1361.0,1361.0,1336.0,1347.0,32200.0,1347.0
2024-03-01,1350.0,1355.0,1336.0,1345.0,33400.0,1345.0
2024-03-04,1354.0,1363.0,1336.0,1353.0,59700.0,1353.0
2024-03-05,1242.0,1268.0,1230.0,1231.0,1246200.0,1231.0
2024-03-06,1223.0,1254.0,1218.0,1243.0,662000.0,1243.0
2024-03-07,1241.0,1252.0,1226.0,1234.0,501300.0,1234.0
2024-03-08,1229.0,1250.0,1229.0,1247.0,355800.0,1247.0
2024-03-11,1236.0,1240.0,1211.0,1216.0,309200.0,1216.0
2024-03-12,1203.0,1222.0,1181.0,1184.0,1400300.0,1184.0
2024-03-13,1176.0,1185.0,1168.0,1170.0,1407500.0,1170.0
2024-03-14,1171.0,1194.0,1170.0,1187.0,599700.0,1187.0
2024-03-15,1189.0,1219.0,1185.0,1217.0,489600.0,1217.0
2024-03-18,1226.0,1239.0,1211.0,1233.0,412500.0,1233.0
2024-03-19,1251.0,1269.0,1236.0,1269.0,2163900.0,1269.0
2024-03-21,1310.0,1343.0,1307.0,1343.0,638400.0,1343.0
2024-03-22,1350.0,1359.0,1322.0,1346.0,269300.0,1346.0
2024-03-25,1338.0,1352.0,1327.0,1338.0,183300.0,1338.0
2024-03-26,1333.0,1349.0,1328.0,1348.0,143900.0,1348.0
2024-03-27,1360.0,1415.0,1348.0,1400.0,414800.0,1400.0
2024-03-28,1377.0,1433.0,1372.0,1430.0,227700.0,1430.0
2024-03-29,1430.0,1472.0,1426.0,1448.0,276100.0,1448.0
2024-04-01,1432.0,1434.0,1408.0,1415.0,146200.0,1415.0
2024-04-02,1427.0,1428.0,1406.0,1410.0,166600.0,1410.0
2024-04-03,1410.0,1460.0,1407.0,1443.0,155300.0,1443.0
2024-04-04,1450.0,1458.0,1436.0,1449.0,148400.0,1449.0
2024-04-05,1460.0,1479.0,1430.0,1467.0,158200.0,1467.0
2024-04-08,1462.0,1479.0,1459.0,1475.0,190900.0,1475.0
2024-04-09,1475.0,1520.0,1467.0,1512.0,254900.0,1512.0
2024-04-10,1502.0,1506.0,1469.0,1473.0,129200.0,1473.0
2024-04-11,1455.0,1483.0,1447.0,1468.0,95700.0,1468.0
2024-04-12,1477.0,1479.0,1457.0,1471.0,67300.0,1471.0
2024-04-15,1454.0,1492.0,1453.0,1490.0,85600.0,1490.0
2024-04-16,1470.0,1488.0,1456.0,1470.0,115100.0,1470.0
2024-04-17,1470.0,1476.0,1428.0,1432.0,130700.0,1432.0
2024-04-18,1421.0,1448.0,1418.0,1441.0,57600.0,1441.0
2024-04-19,1424.0,1442.0,1410.0,1423.0,126400.0,1423.0
2024-04-22,1433.0,1440.0,1424.0,1437.0,52500.0,1437.0
2024-04-23,1444.0,1449.0,1427.0,1439.0,81800.0,1439.0
2024-04-24,1448.0,1452.0,1430.0,1437.0,57800.0,1437.0
2024-04-25,1434.0,1443.0,1430.0,1436.0,67000.0,1436.0
2024-04-26,1424.0,1462.0,1421.0,1456.0,319600.0,1456.0
2024-04-30,1486.0,1498.0,1476.0,1498.0,102300.0,1498.0
2024-05-01,1498.0,1498.0,1469.0,1470.0,99600.0,1470.0
2024-05-02,1475.0,1482.0,1468.0,1474.0,44800.0,1474.0
2024-05-07,1537.0,1582.0,1523.0,1560.0,261100.0,1560.0
2024-05-08,1543.0,1570.0,1541.0,1544.0,145100.0,1544.0
2024-05-09,1557.0,1601.0,1542.0,1571.0,176600.0,1571.0
2024-05-10,1731.0,1733.0,1635.0,1671.0,211000.0,1671.0
2024-05-13,1666.0,1684.0,1600.0,1611.0,108600.0,1611.0
2024-05-14,1610.0,1622.0,1569.0,1580.0,83600.0,1580.0
2024-05-15,1580.0,1598.0,1570.0,1589.0,56000.0,1589.0
2024-05-16,1589.0,1591.0,1541.0,1583.0,79200.0,1583.0
2024-05-17,1579.0,1598.0,1560.0,1581.0,36700.0,1581.0
2024-05-20,1592.0,1602.0,1572.0,1573.0,46300.0,1573.0
2024-05-21,1582.0,1584.0,1558.0,1570.0,90600.0,1570.0
2024-05-22,1570.0,1581.0,1554.0,1558.0,77600.0,1558.0
2024-05-23,1576.0,1598.0,1536.0,1598.0,85200.0,1598.0
2024-05-24,1563.0,1603.0,1549.0,1600.0,89000.0,1600.0
2024-05-27,1602.0,1624.0,1602.0,1619.0,77000.0,1619.0
2024-05-28,1615.0,1619.0,1598.0,1598.0,47500.0,1598.0
2024-05-29,1609.0,1610.0,1572.0,1579.0,50900.0,1579.0
2024-05-30,1570.0,1576.0,1548.0,1565.0,64000.0,1565.0
2024-05-31,1577.0,1577.0,1523.0,1561.0,139700.0,1561.0
2024-06-03,1561.0,1561.0,1524.0,1540.0,59200.0,1540.0
2024-06-04,1527.0,1539.0,1510.0,1510.0,65000.0,1510.0
2024-06-05,1503.0,1520.0,1487.0,1510.0,69900.0,1510.0
2024-06-06,1504.0,1528.0,1501.0,1518.0,57900.0,1518.0
2024-06-07,1518.0,1523.0,1501.0,1516.0,36700.0,1516.0
2024-06-10,1512.0,1539.0,1506.0,1532.0,54000.0,1532.0
2024-06-11,1530.0,1553.0,1530.0,1539.0,37000.0,1539.0
2024-06-12,1537.0,1608.0,1535.0,1598.0,129700.0,1598.0
2024-06-13,1578.0,1587.0,1508.0,1516.0,117800.0,1516.0
2024-06-14,1512.0,1554.0,1506.0,1544.0,57000.0,1544.0
2024-06-17,1540.0,1540.0,1504.0,1524.0,90600.0,1524.0
2024-06-18,1531.0,1557.0,1531.0,1549.0,50100.0,1549.0
2024-06-19,1558.0,1572.0,1545.0,1559.0,42500.0,1559.0
2024-06-20,1548.0,1567.0,1548.0,1558.0,37000.0,1558.0
2024-06-21,1569.0,1580.0,1555.0,1555.0,50600.0,1555.0
2024-06-24,1572.0,1584.0,1556.0,1578.0,54800.0,1578.0
2024-06-25,1600.0,1641.0,1600.0,1630.0,90500.0,1630.0
2024-06-26,1633.0,1635.0,1619.0,1624.0,30400.0,1624.0
2024-06-27,1622.0,1645.0,1622.0,1642.0,84300.0,1642.0
2024-06-28,1642.0,1644.0,1595.0,1613.0,109600.0,1613.0
2024-07-01,1614.0,1636.0,1608.0,1626.0,50400.0,1626.0
2024-07-02,1618.0,1618.0,1602.0,1602.0,36800.0,1602.0
2024-07-03,1602.0,1602.0,1579.0,1586.0,36900.0,1586.0
2024-07-04,1600.0,1619.0,1597.0,1603.0,60500.0,1603.0
2024-07-05,1610.0,1619.0,1582.0,1586.0,58200.0,1586.0
2024-07-08,1595.0,1602.0,1563.0,1569.0,35500.0,1569.0
2024-07-09,1581.0,1597.0,1571.0,1584.0,43700.0,1584.0
2024-07-10,1574.0,1586.0,1553.0,1566.0,55500.0,1566.0
2024-07-11,1588.0,1588.0,1561.0,1571.0,40400.0,1571.0
2024-07-12,1563.0,1590.0,1563.0,1575.0,30800.0,1575.0
2024-07-16,1583.0,1618.0,1582.0,1608.0,59600.0,1608.0
2024-07-17,1616.0,1637.0,1613.0,1615.0,40200.0,1615.0
2024-07-18,1604.0,1618.0,1592.0,1592.0,39600.0,1592.0
2024-07-19,1600.0,1605.0,1586.0,1593.0,56800.0,1593.0
2024-07-22,1600.0,1600.0,1551.0,1551.0,42400.0,1551.0
2024-07-23,1556.0,1568.0,1527.0,1527.0,19400.0,1527.0
2024-07-24,1522.0,1531.0,1499.0,1503.0,33200.0,1503.0
2024-07-25,1496.0,1496.0,1465.0,1478.0,67600.0,1478.0
2024-07-26,1480.0,1490.0,1472.0,1482.0,37900.0,1482.0
2024-07-29,1486.0,1508.0,1486.0,1493.0,39500.0,1493.0
2024-07-30,1496.0,1500.0,1475.0,1475.0,53900.0,1475.0
2024-07-31,1479.0,1515.0,1467.0,1515.0,50100.0,1515.0
2024-08-01,1500.0,1507.0,1463.0,1469.0,69000.0,1469.0
2024-08-02,1439.0,1447.0,1344.0,1348.0,115200.0,1348.0
2024-08-05,1288.0,1292.0,1159.0,1181.0,120200.0,1181.0
2024-08-06,1211.0,1313.0,1200.0,1267.0,103800.0,1267.0
2024-08-07,1354.0,1385.0,1272.0,1328.0,115400.0,1328.0
2024-08-08,1315.0,1348.0,1288.0,1295.0,62300.0,1295.0
2024-08-09,1330.0,1353.0,1293.0,1322.0,82100.0,1322.0
2024-08-13,1325.0,1346.0,1324.0,1334.0,33800.0,1334.0
2024-08-14,1343.0,1382.0,1341.0,1381.0,39500.0,1381.0
2024-08-15,1390.0,1415.0,1386.0,1408.0,30200.0,1408.0
2024-08-16,1438.0,1450.0,1422.0,1450.0,54200.0,1450.0
2024-08-19,1441.0,1453.0,1413.0,1418.0,68200.0,1418.0
2024-08-20,1430.0,1448.0,1428.0,1443.0,36600.0,1443.0
2024-08-21,1424.0,1443.0,1412.0,1429.0,33300.0,1429.0
2024-08-22,1429.0,1432.0,1407.0,1418.0,38100.0,1418.0
2024-08-23,1408.0,1424.0,1408.0,1414.0,25500.0,1414.0
2024-08-26,1414.0,1422.0,1406.0,1422.0,29400.0,1422.0
2024-08-27,1423.0,1443.0,1421.0,1431.0,26100.0,1431.0
2024-08-28,1431.0,1451.0,1429.0,1445.0,25100.0,1445.0
2024-08-29,1443.0,1464.0,1440.0,1457.0,27900.0,1457.0
2024-08-30,1490.0,1524.0,1485.0,1517.0,63300.0,1517.0
2024-09-02,1531.0,1531.0,1477.0,1482.0,33600.0,1482.0
2024-09-03,1490.0,1516.0,1490.0,1516.0,20600.0,1516.0
2024-09-04,1476.0,1491.0,1463.0,1473.0,51000.0,1473.0
2024-09-05,1470.0,1510.0,1457.0,1476.0,35200.0,1476.0
2024-09-06,1476.0,1488.0,1457.0,1471.0,38400.0,1471.0
2024-09-09,1413.0,1448.0,1413.0,1445.0,32800.0,1445.0
2024-09-10,1450.0,1471.0,1450.0,1454.0,27400.0,1454.0
2024-09-11,1447.0,1451.0,1411.0,1416.0,51500.0,1416.0
2024-09-12,1450.0,1461.0,1428.0,1438.0,30500.0,1438.0
2024-09-13,1438.0,1448.0,1420.0,1438.0,40100.0,1438.0
2024-09-17,1440.0,1464.0,1439.0,1455.0,41300.0,1455.0
2024-09-18,1464.0,1474.0,1455.0,1473.0,32000.0,1473.0
2024-09-19,1480.0,1497.0,1477.0,1494.0,27200.0,1494.0
2024-09-20,1500.0,1519.0,1488.0,1505.0,38700.0,1505.0
2024-09-24,1522.0,1522.0,1503.0,1506.0,21200.0,1506.0
2024-09-25,1512.0,1546.0,1503.0,1534.0,36000.0,1534.0
2024-09-26,1550.0,1564.0,1522.0,1553.0,66600.0,1553.0
2024-09-27,1570.0,1570.0,1533.0,1542.0,114700.0,1542.0
2024-09-30,1502.0,1526.0,1496.0,1509.0,58300.0,1509.0
2024-10-01,1509.0,1528.0,1496.0,1519.0,44400.0,1519.0
2024-10-02,1509.0,1518.0,1494.0,1507.0,42400.0,1507.0
2024-10-03,1560.0,1566.0,1539.0,1542.0,43600.0,1542.0
2024-10-04,1548.0,1570.0,1543.0,1554.0,36200.0,1554.0
2024-10-07,1583.0,1583.0,1548.0,1556.0,24000.0,1556.0
2024-10-08,1531.0,1538.0,1506.0,1506.0,24200.0,1506.0
2024-10-09,1518.0,1518.0,1502.0,1510.0,16600.0,1510.0
2024-10-10,1521.0,1521.0,1486.0,1497.0,11200.0,1497.0
2024-10-11,1502.0,1513.0,1496.0,1498.0,16400.0,1498.0
2024-10-15,1498.0,1527.0,1491.0,1517.0,20500.0,1517.0
2024-10-16,1504.0,1529.0,1501.0,1504.0,14900.0,1504.0
2024-10-17,1500.0,1507.0,1485.0,1485.0,12200.0,1485.0
2024-10-18,1490.0,1494.0,1481.0,1481.0,4800.0,1481.0
2024-10-21,1482.0,1497.0,1479.0,1479.0,15600.0,1479.0
2024-10-22,1485.0,1489.0,1461.0,1473.0,24200.0,1473.0
2024-10-23,1480.0,1480.0,1446.0,1447.0,14000.0,1447.0
2024-10-24,1440.0,1440.0,1420.0,1434.0,19600.0,1434.0
2024-10-25,1438.0,1448.0,1414.0,1415.0,16700.0,1415.0
2024-10-28,1428.0,1449.0,1427.0,1443.0,18200.0,1443.0
2024-10-29,1436.0,1444.0,1423.0,1434.0,21300.0,1434.0
2024-10-30,1437.0,1478.0,1437.0,1457.0,64400.0,1457.0
2024-10-31,1486.0,1491.0,1466.0,1476.0,39500.0,1476.0
2024-11-01,1468.0,1473.0,1452.0,1456.0,22500.0,1456.0
2024-11-05,1469.0,1490.0,1446.0,1470.0,22500.0,1470.0
2024-11-06,1485.0,1500.0,1466.0,1492.0,18900.0,1492.0
2024-11-07,1499.0,1524.0,1491.0,1517.0,81100.0,1517.0
2024-11-08,1477.0,1485.0,1427.0,1464.0,95300.0,1464.0
2024-11-11,1469.0,1480.0,1442.0,1458.0,45100.0,1458.0
2024-11-12,1458.0,1497.0,1457.0,1476.0,46300.0,1476.0
2024-11-13,1478.0,1509.0,1468.0,1475.0,42300.0,1475.0
2024-11-14,1489.0,1526.0,1489.0,1509.0,38600.0,1509.0
2024-11-15,1514.0,1535.0,1499.0,1529.0,45200.0,1529.0
2024-11-18,1525.0,1543.0,1522.0,1526.0,16300.0,1526.0
2024-11-19,1533.0,1558.0,1526.0,1547.0,32400.0,1547.0
2024-11-20,1547.0,1558.0,1520.0,1527.0,22400.0,1527.0
2024-11-21,1530.0,1538.0,1510.0,1538.0,26700.0,1538.0
2024-11-22,1542.0,1550.0,1513.0,1516.0,33900.0,1516.0
2024-11-25,1520.0,1520.0,1484.0,1501.0,48300.0,1501.0
2024-11-26,1492.0,1515.0,1486.0,1496.0,24800.0,1496.0
2024-11-27,1483.0,1493.0,1455.0,1460.0,38300.0,1460.0
2024-11-28,1473.0,1505.0,1467.0,1501.0,49500.0,1501.0
2024-11-29,1489.0,1517.0,1484.0,1494.0,56100.0,1494.0
2024-12-02,1490.0,1534.0,1490.0,1530.0,38400.0,1530.0
2024-12-03,1528.0,1544.0,1526.0,1534.0,26100.0,1534.0
2024-12-04,1523.0,1539.0,1500.0,1500.0,39100.0,1500.0
2024-12-05,1510.0,1533.0,1504.0,1529.0,34600.0,1529.0
2024-12-06,1527.0,1528.0,1506.0,1518.0,50900.0,1518.0
2024-12-09,1523.0,1558.0,1523.0,1551.0,38500.0,1551.0
2024-12-10,1564.0,1588.0,1564.0,1571.0,37500.0,1571.0
2024-12-11,1562.0,1562.0,1542.0,1551.0,20700.0,1551.0
2024-12-12,1562.0,1576.0,1561.0,1564.0,36500.0,1564.0
2024-12-13,1532.0,1545.0,1524.0,1538.0,46200.0,1538.0
2024-12-16,1532.0,1581.0,1532.0,1574.0,40200.0,1574.0
2024-12-17,1575.0,1594.0,1565.0,1569.0,39000.0,1569.0
2024-12-18,1569.0,1575.0,1516.0,1521.0,46900.0,1521.0
2024-12-19,1514.0,1529.0,1503.0,1519.0,42500.0,1519.0
2024-12-20,1511.0,1546.0,1511.0,1538.0,33100.0,1538.0
2024-12-23,1538.0,1546.0,1528.0,1542.0,12700.0,1542.0
2024-12-24,1555.0,1572.0,1531.0,1572.0,38700.0,1572.0
2024-12-25,1575.0,1595.0,1566.0,1595.0,34900.0,1595.0
2024-12-26,1599.0,1617.0,1567.0,1611.0,89500.0,1611.0
2024-12-27,1605.0,1625.0,1599.0,1612.0,58600.0,1612.0
2024-12-30,1621.0,1634.0,1602.0,1611.0,59200.0,1611.0
2025-01-06,1620.0,1620.0,1541.0,1541.0,69300.0,1541.0
2025-01-07,1542.0,1569.0,1521.0,1556.0,58300.0,1556.0
2025-01-08,1557.0,1557.0,1523.0,1526.0,58100.0,1526.0
2025-01-09,1520.0,1520.0,1495.0,1500.0,54300.0,1500.0
2025-01-10,1498.0,1498.0,1484.0,1489.0,37200.0,1489.0
2025-01-14,1500.0,1500.0,1466.0,1466.0,36900.0,1466.0
2025-01-15,1465.0,1481.0,1460.0,1478.0,54300.0,1478.0
2025-01-16,1480.0,1492.0,1466.0,1466.0,47100.0,1466.0
2025-01-17,1451.0,1464.0,1435.0,1459.0,39700.0,1459.0
2025-01-20,1469.0,1488.0,1460.0,1484.0,29500.0,1484.0
2025-01-21,1500.0,1505.0,1467.0,1482.0,48500.0,1482.0
2025-01-22,1482.0,1515.0,1465.0,1501.0,55300.0,1501.0
2025-01-23,1501.0,1501.0,1472.0,1495.0,43100.0,1495.0
2025-01-24,1504.0,1504.0,1477.0,1477.0,36200.0,1477.0
2025-01-27,1497.0,1508.0,1487.0,1502.0,37000.0,1502.0
2025-01-28,1504.0,1525.0,1498.0,1513.0,35300.0,1513.0
2025-01-29,1529.0,1529.0,1515.0,1524.0,28300.0,1524.0
2025-01-30,1523.0,1523.0,1492.0,1511.0,53200.0,1511.0
2025-01-31,1511.0,1511.0,1485.0,1503.0,39100.0,1503.0
2025-02-03,1496.0,1508.0,1476.0,1478.0,43600.0,1478.0
2025-02-04,1500.0,1508.0,1495.0,1504.0,31700.0,1504.0
2025-02-05,1504.0,1515.0,1501.0,1508.0,33100.0,1508.0
2025-02-06,1522.0,1524.0,1508.0,1515.0,43200.0,1515.0
2025-02-07,1508.0,1524.0,1501.0,1519.0,35800.0,1519.0
2025-02-10,1528.0,1543.0,1505.0,1517.0,38400.0,1517.0
2025-02-12,1536.0,1564.0,1523.0,1551.0,57400.0,1551.0
2025-02-13,1562.0,1588.0,1562.0,1587.0,39200.0,1587.0
2025-02-14,1570.0,1574.0,1540.0,1544.0,76600.0,1544.0
2025-02-17,1545.0,1559.0,1481.0,1490.0,48700.0,1490.0
2025-02-18,1490.0,1490.0,1456.0,1457.0,40400.0,1457.0
2025-02-19,1457.0,1471.0,1448.0,1450.0,30400.0,1450.0
2025-02-20,1445.0,1452.0,1427.0,1428.0,36800.0,1428.0
2025-02-21,1429.0,1434.0,1406.0,1422.0,50400.0,1422.0
2025-02-25,1440.0,1450.0,1422.0,1450.0,51500.0,1450.0
2025-02-26,1453.0,1456.0,1416.0,1429.0,35600.0,1429.0
2025-02-27,1450.0,1472.0,1436.0,1472.0,37800.0,1472.0
2025-02-28,1463.0,1463.0,1436.0,1445.0,37400.0,1445.0
2025-03-03,1470.0,1473.0,1450.0,1465.0,27200.0,1465.0
2025-03-04,1465.0,1468.0,1449.0,1450.0,23900.0,1450.0
2025-03-05,1450.0,1463.0,1447.0,1450.0,37200.0,1450.0
2025-03-06,1459.0,1491.0,1459.0,1490.0,67400.0,1490.0
2025-03-07,1473.0,1516.0,1457.0,1508.0,48300.0,1508.0
2025-03-10,1518.0,1543.0,1501.0,1501.0,37000.0,1501.0
2025-03-11,1477.0,1483.0,1458.0,1461.0,42300.0,1461.0
2025-03-12,1461.0,1497.0,1455.0,1483.0,43300.0,1483.0
2025-03-13,1483.0,1494.0,1472.0,1483.0,28700.0,1483.0
2025-03-14,1473.0,1482.0,1458.0,1469.0,41100.0,1469.0
2025-03-17,1475.0,1513.0,1475.0,1507.0,41600.0,1507.0
2025-03-18,1516.0,1530.0,1512.0,1523.0,40000.0,1523.0
2025-03-19,1508.0,1544.0,1500.0,1537.0,47700.0,1537.0
2025-03-21,1537.0,1537.0,1511.0,1519.0,29300.0,1519.0
2025-03-24,1527.0,1527.0,1500.0,1512.0,24400.0,1512.0
2025-03-25,1524.0,1535.0,1513.0,1535.0,33800.0,1535.0
2025-03-26,1527.0,1560.0,1518.0,1557.0,78900.0,1557.0
2025-03-27,1553.0,1570.0,1545.0,1566.0,52700.0,1566.0
2025-03-28,1538.0,1556.0,1511.0,1515.0,41100.0,1515.0
2025-03-31,1493.0,1500.0,1466.0,1470.0,49500.0,1470.0
2025-04-01,1498.0,1498.0,1463.0,1479.0,31200.0,1479.0
2025-04-02,1500.0,1501.0,1455.0,1455.0,46000.0,1455.0
2025-04-03,1429.0,1438.0,1406.0,1430.0,57300.0,1430.0
2025-04-04,1380.0,1399.0,1308.0,1343.0,95200.0,1343.0
2025-04-07,1223.0,1297.0,1210.0,1257.0,126800.0,1257.0
2025-04-08,1316.0,1346.0,1314.0,1314.0,74500.0,1314.0
2025-04-09,1303.0,1314.0,1274.0,1302.0,100600.0,1302.0
2025-04-10,1422.0,1432.0,1362.0,1386.0,67600.0,1386.0
2025-04-11,1326.0,1353.0,1299.0,1347.0,53800.0,1347.0
2025-04-14,1358.0,1363.0,1349.0,1351.0,53500.0,1351.0
2025-04-15,1356.0,1374.0,1351.0,1351.0,36400.0,1351.0
2025-04-16,1360.0,1362.0,1320.0,1323.0,31400.0,1323.0
2025-04-17,1323.0,1333.0,1310.0,1319.0,37400.0,1319.0
2025-04-18,1324.0,1349.0,1324.0,1345.0,39100.0,1345.0
2025-04-21,1341.0,1341.0,1318.0,1330.0,31100.0,1330.0
2025-04-22,1335.0,1360.0,1335.0,1352.0,39900.0,1352.0
2025-04-23,1375.0,1382.0,1362.0,1369.0,40900.0,1369.0
2025-04-24,1376.0,1380.0,1350.0,1358.0,54300.0,1358.0
2025-04-25,1360.0,1378.0,1360.0,1377.0,27400.0,1377.0
2025-04-28,1396.0,1419.0,1378.0,1378.0,457300.0,1378.0
2025-04-30,1400.0,1401.0,1370.0,1401.0,76900.0,1401.0
2025-05-01,1400.0,1410.0,1390.0,1400.0,32100.0,1400.0
2025-05-02,1400.0,1403.0,1368.0,1373.0,31200.0,1373.0
2025-05-07,1373.0,1415.0,1366.0,1400.0,93800.0,1400.0
2025-05-08,1401.0,1404.0,1372.0,1382.0,19200.0,1382.0
2025-05-09,1396.0,1428.0,1350.0,1392.0,85200.0,1392.0
2025-05-12,1400.0,1439.0,1400.0,1415.0,51900.0,1415.0
2025-05-13,1438.0,1445.0,1395.0,1395.0,87500.0,1395.0
2025-05-14,1397.0,1418.0,1378.0,1410.0,37600.0,1410.0
2025-05-15,1391.0,1406.0,1380.0,1395.0,31400.0,1395.0
2025-05-16,1381.0,1414.0,1378.0,1402.0,30700.0,1402.0
2025-05-19,1407.0,1447.0,1407.0,1436.0,58300.0,1436.0
2025-05-20,1448.0,1455.0,1410.0,1412.0,37800.0,1412.0
2025-05-21,1420.0,1440.0,1420.0,1432.0,57200.0,1432.0
2025-05-22,1412.0,1424.0,1408.0,1408.0,27900.0,1408.0
2025-05-23,1412.0,1425.0,1412.0,1420.0,18800.0,1420.0
2025-05-26,1424.0,1433.0,1416.0,1424.0,91200.0,1424.0
2025-05-27,1424.0,1433.0,1416.0,1425.0,22200.0,1425.0
2025-05-28,1443.0,1443.0,1420.0,1420.0,22500.0,1420.0
2025-05-29,1426.0,1448.0,1425.0,1445.0,41600.0,1445.0
2025-05-30,1424.0,1449.0,1421.0,1447.0,29400.0,1447.0
2025-06-02,1448.0,1475.0,1440.0,1459.0,48100.0,1459.0
2025-06-03,1456.0,1457.0,1425.0,1425.0,30500.0,1425.0
2025-06-04,1425.0,1445.0,1422.0,1435.0,24000.0,1435.0
2025-06-05,1435.0,1450.0,1435.0,1445.0,17800.0,1445.0
2025-06-06,1445.0,1456.0,1442.0,1456.0,19000.0,1456.0
2025-06-09,1452.0,1458.0,1440.0,1443.0,17500.0,1443.0
2025-06-10,1435.0,1450.0,1426.0,1430.0,31400.0,1430.0
2025-06-11,1431.0,1458.0,1431.0,1452.0,35600.0,1452.0
2025-06-12,1462.0,1473.0,1435.0,1446.0,36300.0,1446.0
2025-06-13,1446.0,1446.0,1417.0,1422.0,33600.0,1422.0
2025-06-16,1425.0,1434.0,1420.0,1430.0,18100.0,1430.0
2025-06-17,1430.0,1440.0,1426.0,1428.0,17800.0,1428.0
2025-06-18,1427.0,1429.0,1421.0,1428.0,17200.0,1428.0
2025-06-19,1425.0,1427.0,1407.0,1422.0,33900.0,1422.0
2025-06-20,1417.0,1430.0,1412.0,1429.0,43200.0,1429.0
2025-06-23,1434.0,1440.0,1422.0,1435.0,16500.0,1435.0
2025-06-24,1446.0,1455.0,1442.0,1443.0,14100.0,1443.0
2025-06-25,1440.0,1440.0,1422.0,1426.0,19900.0,1426.0
2025-06-26,1426.0,1440.0,1426.0,1439.0,21800.0,1439.0
2025-06-27,1445.0,1469.0,1438.0,1469.0,57100.0,1469.0
2025-06-30,1472.0,1474.0,1450.0,1452.0,61200.0,1452.0
2025-07-01,1451.0,1464.0,1428.0,1442.0,43400.0,1442.0
2025-07-02,1443.0,1465.0,1420.0,1453.0,34500.0,1453.0
2025-07-03,1445.0,1463.0,1445.0,1460.0,17600.0,1460.0
2025-07-04,1460.0,1463.0,1452.0,1454.0,11300.0,1454.0
2025-07-07,1455.0,1461.0,1436.0,1454.0,40700.0,1454.0
2025-07-08,1454.0,1462.0,1445.0,1456.0,44400.0,1456.0
2025-07-09,1460.0,1493.0,1437.0,1477.0,66400.0,1477.0
2025-07-10,1476.0,1476.0,1447.0,1462.0,49200.0,1462.0
2025-07-11,1465.0,1477.0,1465.0,1469.0,28900.0,1469.0
2025-07-14,1469.0,1483.0,1465.0,1476.0,31200.0,1476.0
2025-07-15,1474.0,1478.0,1458.0,1462.0,24600.0,1462.0
2025-07-16,1466.0,1466.0,1447.0,1455.0,19900.0,1455.0
2025-07-17,1451.0,1456.0,1443.0,1451.0,14600.0,1451.0
2025-07-18,1452.0,1453.0,1442.0,1443.0,23900.0,1443.0
2025-07-22,1444.0,1454.0,1442.0,1444.0,14400.0,1444.0
2025-07-23,1455.0,1479.0,1439.0,1460.0,155900.0,1460.0
2025-07-24,1462.0,1514.0,1462.0,1508.0,59900.0,1508.0
2025-07-25,1505.0,1518.0,1484.0,1505.0,18500.0,1505.0
2025-07-28,1512.0,1512.0,1484.0,1488.0,18500.0,1488.0
2025-07-29,1484.0,1504.0,1474.0,1501.0,39100.0,1501.0
2025-07-30,1497.0,1502.0,1481.0,1481.0,24000.0,1481.0
2025-07-31,1479.0,1510.0,1476.0,1509.0,49700.0,1509.0
2025-08-01,1515.0,1529.0,1511.0,1518.0,22900.0,1518.0
2025-08-04,1488.0,1504.0,1476.0,1490.0,25700.0,1490.0
2025-08-05,1509.0,1519.0,1499.0,1508.0,25700.0,1508.0
2025-08-06,1514.0,1533.0,1514.0,1523.0,22000.0,1523.0
2025-08-07,1528.0,1552.0,1518.0,1523.0,42000.0,1523.0
2025-08-08,1516.0,1519.0,1496.0,1497.0,52500.0,1497.0
2025-08-12,1510.0,1510.0,1471.0,1494.0,46000.0,1494.0
2025-08-13,1500.0,1514.0,1491.0,1499.0,36300.0,1499.0
2025-08-14,1498.0,1515.0,1490.0,1502.0,90400.0,1502.0
2025-08-15,1508.0,1524.0,1490.0,1524.0,61000.0,1524.0
2025-08-18,1530.0,1553.0,1525.0,1552.0,62900.0,1552.0
2025-08-19,1556.0,1568.0,1550.0,1563.0,61100.0,1563.0
2025-08-20,1564.0,1585.0,1560.0,1577.0,24100.0,1577.0
2025-08-21,1585.0,1598.0,1564.0,1573.0,32700.0,1573.0
2025-08-22,1570.0,1576.0,1560.0,1568.0,16600.0,1568.0
2025-08-25,1560.0,1570.0,1549.0,1552.0,22500.0,1552.0
2025-08-26,1548.0,1571.0,1542.0,1560.0,32800.0,1560.0
2025-08-27,1560.0,1568.0,1551.0,1567.0,26100.0,1567.0
2025-08-28,1575.0,1594.0,1575.0,1594.0,46600.0,1594.0
2025-08-29,1600.0,1617.0,1595.0,1612.0,60400.0,1612.0
2025-09-01,1612.0,1630.0,1608.0,1628.0,67400.0,1628.0
2025-09-02,1630.0,1642.0,1625.0,1636.0,54400.0,1636.0
2025-09-03,1644.0,1659.0,1622.0,1630.0,71000.0,1630.0
2025-09-04,1638.0,1651.0,1630.0,1646.0,56500.0,1646.0
2025-09-05,1655.0,1663.0,1638.0,1638.0,53900.0,1638.0
2025-09-08,1650.0,1655.0,1633.0,1640.0,38000.0,1640.0
2025-09-09,1656.0,1674.0,1653.0,1672.0,56700.0,1672.0
2025-09-10,1672.0,1673.0,1633.0,1639.0,36700.0,1639.0
2025-09-11,1641.0,1655.0,1636.0,1646.0,29000.0,1646.0
2025-09-12,1650.0,1651.0,1639.0,1650.0,38500.0,1650.0
2025-09-16,1651.0,1660.0,1640.0,1651.0,43300.0,1651.0
2025-09-17,1650.0,1650.0,1613.0,1614.0,36200.0,1614.0
2025-09-18,1615.0,1621.0,1600.0,1618.0,42200.0,1618.0
2025-09-19,1622.0,1650.0,1622.0,1650.0,76600.0,1650.0
2025-09-22,1644.0,1650.0,1640.0,1642.0,28900.0,1642.0
2025-09-24,1650.0,1663.0,1648.0,1663.0,50500.0,1663.0
2025-09-25,1662.0,1662.0,1645.0,1659.0,32700.0,1659.0
2025-09-26,1653.0,1670.0,1652.0,1668.0,67900.0,1668.0
2025-09-29,1647.0,1665.0,1634.0,1649.0,46300.0,1649.0
2025-09-30,1652.0,1652.0,1604.0,1604.0,57800.0,1604.0
2025-10-01,1600.0,1600.0,1555.0,1561.0,63100.0,1561.0
2025-10-02,1560.0,1581.0,1547.0,1559.0,44600.0,1559.0
2025-10-03,1566.0,1579.0,1558.0,1579.0,30600.0,1579.0
2025-10-06,1600.0,1604.0,1576.0,1591.0,55700.0,1591.0
2025-10-07,1590.0,1597.0,1584.0,1589.0,33700.0,1589.0
2025-10-08,1600.0,1607.0,1580.0,1584.0,31900.0,1584.0
2025-10-09,1583.0,1583.0,1569.0,1581.0,37000.0,1581.0
2025-10-10,1560.0,1562.0,1525.0,1525.0,48900.0,1525.0
2025-10-14,1531.0,1555.0,1519.0,1543.0,64700.0,1543.0
2025-10-15,1562.0,1576.0,1557.0,1572.0,29100.0,1572.0
2025-10-16,1572.0,1579.0,1562.0,1562.0,16600.0,1562.0
2025-10-17,1562.0,1563.0,1546.0,1549.0,14900.0,1549.0
2025-10-20,1559.0,1573.0,1553.0,1571.0,26400.0,1571.0
2025-10-21,1580.0,1589.0,1566.0,1573.0,43700.0,1573.0
2025-10-22,1584.0,1594.0,1571.0,1594.0,23300.0,1594.0
2025-10-23,1576.0,1599.0,1576.0,1585.0,25000.0,1585.0
2025-10-24,1585.0,1602.0,1580.0,1602.0,34000.0,1602.0
2025-10-27,1608.0,1629.0,1608.0,1629.0,43700.0,1629.0
2025-10-28,1633.0,1633.0,1587.0,1587.0,39600.0,1587.0
2025-10-29,1589.0,1590.0,1571.0,1581.0,47500.0,1581.0
2025-10-30,1593.0,1594.0,1569.0,1569.0,73400.0,1569.0
2025-10-31,1581.0,1589.0,1574.0,1589.0,52600.0,1589.0
2025-11-04,1589.0,1623.0,1580.0,1613.0,69500.0,1613.0
2025-11-05,1610.0,1613.0,1571.0,1595.0,45400.0,1595.0
2025-11-06,1602.0,1623.0,1595.0,1614.0,67600.0,1614.0
2025-11-07,1599.0,1612.0,1581.0,1600.0,28700.0,1600.0
2025-11-10,1610.0,1629.0,1546.0,1546.0,119300.0,1546.0
2025-11-11,1560.0,1578.0,1495.0,1509.0,128200.0,1509.0
2025-11-12,1513.0,1541.0,1512.0,1524.0,46500.0,1524.0
2025-11-13,1530.0,1542.0,1520.0,1525.0,42500.0,1525.0
